// Generated from the Minecraft 1.17.1 GUI textures -- do not edit by hand.
// Source: textures/gui/. Regenerate: python3 tools/textures/gen_gui_textures.py
static uint16_t chest_player_data[] = {
    0x0841, 0xffff, 0xffff, 0xc638, 0xc638, 0xc638, 0xc638, 0xc638, 0xc638, 0xc638, 0xc638, 0xc638,
    0xc638, 0xc638, 0xc638, 0xc638, 0xc638, 0xc638, 0xc638, 0xc638, 0xc638, 0xc638, 0xc638, 0xc638,
    0xc638, 0xc638, 0xc638, 0xc638, 0xc638, 0xc638, 0xc638, 0xc638, 0xc638, 0xc638, 0xc638, 0xc638,
    0xc638, 0xc638, 0xc638, 0xc638, 0xc638, 0xc638, 0xc638, 0xc638, 0xc638, 0xc638, 0xc638, 0xc638,
    0xc638, 0xc638, 0xc638, 0xc638, 0xc638, 0xc638, 0xc638, 0xc638, 0xc638, 0xc638, 0xc638, 0xc638,
    0xc638, 0xc638, 0xc638, 0xc638, 0xc638, 0xc638, 0xc638, 0xc638, 0xc638, 0xc638, 0xc638, 0xc638,
    0xc638, 0xc638, 0xc638, 0xc638, 0xc638, 0xc638, 0xc638, 0xc638, 0xc638, 0xc638, 0xc638, 0xc638,
    0xc638, 0xc638, 0xc638, 0xc638, 0xc638, 0xc638, 0xc638, 0xc638, 0xc638, 0xc638, 0xc638, 0xc638,
    0xc638, 0xc638, 0xc638, 0xc638, 0xc638, 0xc638, 0xc638, 0xc638, 0xc638, 0xc638, 0xc638, 0xc638,
    0xc638, 0xc638, 0xc638, 0xc638, 0xc638, 0xc638, 0xc638, 0xc638, 0xc638, 0xc638, 0xc638, 0xc638,
    0xc638, 0xc638, 0xc638, 0xc638, 0xc638, 0xc638, 0xc638, 0xc638, 0xc638, 0xc638, 0xc638, 0xc638,
    0xc638, 0xc638, 0xc638, 0xc638, 0xc638, 0xc638, 0xc638, 0xc638, 0xc638, 0xc638, 0xc638, 0xc638,
    0xc638, 0xc638, 0xc638, 0xc638, 0xc638, 0xc638, 0xc638, 0xc638, 0xc638, 0xc638, 0xc638, 0xc638,
    0xc638, 0xc638, 0xc638, 0xc638, 0xc638, 0xc638, 0xc638, 0xc638, 0xc638, 0xc638, 0xc638, 0xc638,
    0xc638, 0xc638, 0xc638, 0xc638, 0xc638, 0x52aa, 0x52aa, 0x0841, 0x0841, 0xffff, 0xffff, 0xc638,
    0xc638, 0xc638, 0xc638, 0xc638, 0xc638, 0xc638, 0xc638, 0xc638, 0xc638, 0xc638, 0xc638, 0xc638,
    0xc638, 0xc638, 0xc638, 0xc638, 0xc638, 0xc638, 0xc638, 0xc638, 0xc638, 0xc638, 0xc638, 0xc638,
    0xc638, 0xc638, 0xc638, 0xc638, 0xc638, 0xc638, 0xc638, 0xc638, 0xc638, 0xc638, 0xc638, 0xc638,
    0xc638, 0xc638, 0xc638, 0xc638, 0xc638, 0xc638, 0xc638, 0xc638, 0xc638, 0xc638, 0xc638, 0xc638,
    0xc638, 0xc638, 0xc638, 0xc638, 0xc638, 0xc638, 0xc638, 0xc638, 0xc638, 0xc638, 0xc638, 0xc638,
    0xc638, 0xc638, 0xc638, 0xc638, 0xc638, 0xc638, 0xc638, 0xc638, 0xc638, 0xc638, 0xc638, 0xc638,
    0xc638, 0xc638, 0xc638, 0xc638, 0xc638, 0xc638, 0xc638, 0xc638, 0xc638, 0xc638, 0xc638, 0xc638,
    0xc638, 0xc638, 0xc638, 0xc638, 0xc638, 0xc638, 0xc638, 0xc638, 0xc638, 0xc638, 0xc638, 0xc638,
    0xc638, 0xc638, 0xc638, 0xc638, 0xc638, 0xc638, 0xc638, 0xc638, 0xc638, 0xc638, 0xc638, 0xc638,
    0xc638, 0xc638, 0xc638, 0xc638, 0xc638, 0xc638, 0xc638, 0xc638, 0xc638, 0xc638, 0xc638, 0xc638,
    0xc638, 0xc638, 0xc638, 0xc638, 0xc638, 0xc638, 0xc638, 0xc638, 0xc638, 0xc638, 0xc638, 0xc638,
    0xc638, 0xc638, 0xc638, 0xc638, 0xc638, 0xc638, 0xc638, 0xc638, 0xc638, 0xc638, 0xc638, 0xc638,
    0xc638, 0xc638, 0xc638, 0xc638, 0xc638, 0xc638, 0xc638, 0xc638, 0xc638, 0xc638, 0xc638, 0xc638,
    0xc638, 0xc638, 0xc638, 0xc638, 0xc638, 0xc638, 0xc638, 0xc638, 0xc638, 0xc638, 0xc638, 0xc638,
    0xc638, 0x52aa, 0x52aa, 0x0841, 0x0841, 0xffff, 0xffff, 0xc638, 0xc638, 0xc638, 0xc638, 0xc638,
    0xc638, 0xc638, 0xc638, 0xc638, 0xc638, 0xc638, 0xc638, 0xc638, 0xc638, 0xc638, 0xc638, 0xc638,
    0xc638, 0xc638, 0xc638, 0xc638, 0xc638, 0xc638, 0xc638, 0xc638, 0xc638, 0xc638, 0xc638, 0xc638,
    0xc638, 0xc638, 0xc638, 0xc638, 0xc638, 0xc638, 0xc638, 0xc638, 0xc638, 0xc638, 0xc638, 0xc638,
    0xc638, 0xc638, 0xc638, 0xc638, 0xc638, 0xc638, 0xc638, 0xc638, 0xc638, 0xc638, 0xc638, 0xc638,
    0xc638, 0xc638, 0xc638, 0xc638, 0xc638, 0xc638, 0xc638, 0xc638, 0xc638, 0xc638, 0xc638, 0xc638,
    0xc638, 0xc638, 0xc638, 0xc638, 0xc638, 0xc638, 0xc638, 0xc638, 0xc638, 0xc638, 0xc638, 0xc638,
    0xc638, 0xc638, 0xc638, 0xc638, 0xc638, 0xc638, 0xc638, 0xc638, 0xc638, 0xc638, 0xc638, 0xc638,
    0xc638, 0xc638, 0xc638, 0xc638, 0xc638, 0xc638, 0xc638, 0xc638, 0xc638, 0xc638, 0xc638, 0xc638,
    0xc638, 0xc638, 0xc638, 0xc638, 0xc638, 0xc638, 0xc638, 0xc638, 0xc638, 0xc638, 0xc638, 0xc638,
    0xc638, 0xc638, 0xc638, 0xc638, 0xc638, 0xc638, 0xc638, 0xc638, 0xc638, 0xc638, 0xc638, 0xc638,
    0xc638, 0xc638, 0xc638, 0xc638, 0xc638, 0xc638, 0xc638, 0xc638, 0xc638, 0xc638, 0xc638, 0xc638,
    0xc638, 0xc638, 0xc638, 0xc638, 0xc638, 0xc638, 0xc638, 0xc638, 0xc638, 0xc638, 0xc638, 0xc638,
    0xc638, 0xc638, 0xc638, 0xc638, 0xc638, 0xc638, 0xc638, 0xc638, 0xc638, 0xc638, 0xc638, 0xc638,
    0xc638, 0xc638, 0xc638, 0xc638, 0xc638, 0xc638, 0xc638, 0xc638, 0xc638, 0x52aa, 0x52aa, 0x0841,
    0x0841, 0xffff, 0xffff, 0xc638, 0xc638, 0xc638, 0xc638, 0xc638, 0xc638, 0xc638, 0xc638, 0xc638,
    0xc638, 0xc638, 0xc638, 0xc638, 0xc638, 0xc638, 0xc638, 0xc638, 0xc638, 0xc638, 0xc638, 0xc638,
    0xc638, 0xc638, 0xc638, 0xc638, 0xc638, 0xc638, 0xc638, 0xc638, 0xc638, 0xc638, 0xc638, 0xc638,
    0xc638, 0xc638, 0xc638, 0xc638, 0xc638, 0xc638, 0xc638, 0xc638, 0xc638, 0xc638, 0xc638, 0xc638,
    0xc638, 0xc638, 0xc638, 0xc638, 0xc638, 0xc638, 0xc638, 0xc638, 0xc638, 0xc638, 0xc638, 0xc638,
    0xc638, 0xc638, 0xc638, 0xc638, 0xc638, 0xc638, 0xc638, 0xc638, 0xc638, 0xc638, 0xc638, 0xc638,
    0xc638, 0xc638, 0xc638, 0xc638, 0xc638, 0xc638, 0xc638, 0xc638, 0xc638, 0xc638, 0xc638, 0xc638,
    0xc638, 0xc638, 0xc638, 0xc638, 0xc638, 0xc638, 0xc638, 0xc638, 0xc638, 0xc638, 0xc638, 0xc638,
    0xc638, 0xc638, 0xc638, 0xc638, 0xc638, 0xc638, 0xc638, 0xc638, 0xc638, 0xc638, 0xc638, 0xc638,
    0xc638, 0xc638, 0xc638, 0xc638, 0xc638, 0xc638, 0xc638, 0xc638, 0xc638, 0xc638, 0xc638, 0xc638,
    0xc638, 0xc638, 0xc638, 0xc638, 0xc638, 0xc638, 0xc638, 0xc638, 0xc638, 0xc638, 0xc638, 0xc638,
    0xc638, 0xc638, 0xc638, 0xc638, 0xc638, 0xc638, 0xc638, 0xc638, 0xc638, 0xc638, 0xc638, 0xc638,
    0xc638, 0xc638, 0xc638, 0xc638, 0xc638, 0xc638, 0xc638, 0xc638, 0xc638, 0xc638, 0xc638, 0xc638,
    0xc638, 0xc638, 0xc638, 0xc638, 0xc638, 0xc638, 0xc638, 0xc638, 0xc638, 0xc638, 0xc638, 0xc638,
    0xc638, 0xc638, 0xc638, 0xc638, 0xc638, 0x52aa, 0x52aa, 0x0841, 0x0841, 0xffff, 0xffff, 0xc638,
    0xc638, 0xc638, 0xc638, 0xc638, 0xc638, 0xc638, 0xc638, 0xc638, 0xc638, 0xc638, 0xc638, 0xc638,
    0xc638, 0xc638, 0xc638, 0xc638, 0xc638, 0xc638, 0xc638, 0xc638, 0xc638, 0xc638, 0xc638, 0xc638,
    0xc638, 0xc638, 0xc638, 0xc638, 0xc638, 0xc638, 0xc638, 0xc638, 0xc638, 0xc638, 0xc638, 0xc638,
    0xc638, 0xc638, 0xc638, 0xc638, 0xc638, 0xc638, 0xc638, 0xc638, 0xc638, 0xc638, 0xc638, 0xc638,
    0xc638, 0xc638, 0xc638, 0xc638, 0xc638, 0xc638, 0xc638, 0xc638, 0xc638, 0xc638, 0xc638, 0xc638,
    0xc638, 0xc638, 0xc638, 0xc638, 0xc638, 0xc638, 0xc638, 0xc638, 0xc638, 0xc638, 0xc638, 0xc638,
    0xc638, 0xc638, 0xc638, 0xc638, 0xc638, 0xc638, 0xc638, 0xc638, 0xc638, 0xc638, 0xc638, 0xc638,
    0xc638, 0xc638, 0xc638, 0xc638, 0xc638, 0xc638, 0xc638, 0xc638, 0xc638, 0xc638, 0xc638, 0xc638,
    0xc638, 0xc638, 0xc638, 0xc638, 0xc638, 0xc638, 0xc638, 0xc638, 0xc638, 0xc638, 0xc638, 0xc638,
    0xc638, 0xc638, 0xc638, 0xc638, 0xc638, 0xc638, 0xc638, 0xc638, 0xc638, 0xc638, 0xc638, 0xc638,
    0xc638, 0xc638, 0xc638, 0xc638, 0xc638, 0xc638, 0xc638, 0xc638, 0xc638, 0xc638, 0xc638, 0xc638,
    0xc638, 0xc638, 0xc638, 0xc638, 0xc638, 0xc638, 0xc638, 0xc638, 0xc638, 0xc638, 0xc638, 0xc638,
    0xc638, 0xc638, 0xc638, 0xc638, 0xc638, 0xc638, 0xc638, 0xc638, 0xc638, 0xc638, 0xc638, 0xc638,
    0xc638, 0xc638, 0xc638, 0xc638, 0xc638, 0xc638, 0xc638, 0xc638, 0xc638, 0xc638, 0xc638, 0xc638,
    0xc638, 0x52aa, 0x52aa, 0x0841, 0x0841, 0xffff, 0xffff, 0xc638, 0xc638, 0xc638, 0xc638, 0xc638,
    0xc638, 0xc638, 0xc638, 0xc638, 0xc638, 0xc638, 0xc638, 0xc638, 0xc638, 0xc638, 0xc638, 0xc638,
    0xc638, 0xc638, 0xc638, 0xc638, 0xc638, 0xc638, 0xc638, 0xc638, 0xc638, 0xc638, 0xc638, 0xc638,
    0xc638, 0xc638, 0xc638, 0xc638, 0xc638, 0xc638, 0xc638, 0xc638, 0xc638, 0xc638, 0xc638, 0xc638,
    0xc638, 0xc638, 0xc638, 0xc638, 0xc638, 0xc638, 0xc638, 0xc638, 0xc638, 0xc638, 0xc638, 0xc638,
    0xc638, 0xc638, 0xc638, 0xc638, 0xc638, 0xc638, 0xc638, 0xc638, 0xc638, 0xc638, 0xc638, 0xc638,
    0xc638, 0xc638, 0xc638, 0xc638, 0xc638, 0xc638, 0xc638, 0xc638, 0xc638, 0xc638, 0xc638, 0xc638,
    0xc638, 0xc638, 0xc638, 0xc638, 0xc638, 0xc638, 0xc638, 0xc638, 0xc638, 0xc638, 0xc638, 0xc638,
    0xc638, 0xc638, 0xc638, 0xc638, 0xc638, 0xc638, 0xc638, 0xc638, 0xc638, 0xc638, 0xc638, 0xc638,
    0xc638, 0xc638, 0xc638, 0xc638, 0xc638, 0xc638, 0xc638, 0xc638, 0xc638, 0xc638, 0xc638, 0xc638,
    0xc638, 0xc638, 0xc638, 0xc638, 0xc638, 0xc638, 0xc638, 0xc638, 0xc638, 0xc638, 0xc638, 0xc638,
    0xc638, 0xc638, 0xc638, 0xc638, 0xc638, 0xc638, 0xc638, 0xc638, 0xc638, 0xc638, 0xc638, 0xc638,
    0xc638, 0xc638, 0xc638, 0xc638, 0xc638, 0xc638, 0xc638, 0xc638, 0xc638, 0xc638, 0xc638, 0xc638,
    0xc638, 0xc638, 0xc638, 0xc638, 0xc638, 0xc638, 0xc638, 0xc638, 0xc638, 0xc638, 0xc638, 0xc638,
    0xc638, 0xc638, 0xc638, 0xc638, 0xc638, 0xc638, 0xc638, 0xc638, 0xc638, 0x52aa, 0x52aa, 0x0841,
    0x0841, 0xffff, 0xffff, 0xc638, 0xc638, 0xc638, 0xc638, 0xc638, 0xc638, 0xc638, 0xc638, 0xc638,
    0xc638, 0xc638, 0xc638, 0xc638, 0xc638, 0xc638, 0xc638, 0xc638, 0xc638, 0xc638, 0xc638, 0xc638,
    0xc638, 0xc638, 0xc638, 0xc638, 0xc638, 0xc638, 0xc638, 0xc638, 0xc638, 0xc638, 0xc638, 0xc638,
    0xc638, 0xc638, 0xc638, 0xc638, 0xc638, 0xc638, 0xc638, 0xc638, 0xc638, 0xc638, 0xc638, 0xc638,
    0xc638, 0xc638, 0xc638, 0xc638, 0xc638, 0xc638, 0xc638, 0xc638, 0xc638, 0xc638, 0xc638, 0xc638,
    0xc638, 0xc638, 0xc638, 0xc638, 0xc638, 0xc638, 0xc638, 0xc638, 0xc638, 0xc638, 0xc638, 0xc638,
    0xc638, 0xc638, 0xc638, 0xc638, 0xc638, 0xc638, 0xc638, 0xc638, 0xc638, 0xc638, 0xc638, 0xc638,
    0xc638, 0xc638, 0xc638, 0xc638, 0xc638, 0xc638, 0xc638, 0xc638, 0xc638, 0xc638, 0xc638, 0xc638,
    0xc638, 0xc638, 0xc638, 0xc638, 0xc638, 0xc638, 0xc638, 0xc638, 0xc638, 0xc638, 0xc638, 0xc638,
    0xc638, 0xc638, 0xc638, 0xc638, 0xc638, 0xc638, 0xc638, 0xc638, 0xc638, 0xc638, 0xc638, 0xc638,
    0xc638, 0xc638, 0xc638, 0xc638, 0xc638, 0xc638, 0xc638, 0xc638, 0xc638, 0xc638, 0xc638, 0xc638,
    0xc638, 0xc638, 0xc638, 0xc638, 0xc638, 0xc638, 0xc638, 0xc638, 0xc638, 0xc638, 0xc638, 0xc638,
    0xc638, 0xc638, 0xc638, 0xc638, 0xc638, 0xc638, 0xc638, 0xc638, 0xc638, 0xc638, 0xc638, 0xc638,
    0xc638, 0xc638, 0xc638, 0xc638, 0xc638, 0xc638, 0xc638, 0xc638, 0xc638, 0xc638, 0xc638, 0xc638,
    0xc638, 0xc638, 0xc638, 0xc638, 0xc638, 0x52aa, 0x52aa, 0x0841, 0x0841, 0xffff, 0xffff, 0xc638,
    0xc638, 0xc638, 0xc638, 0xc638, 0xc638, 0xc638, 0xc638, 0xc638, 0xc638, 0xc638, 0xc638, 0xc638,
    0xc638, 0xc638, 0xc638, 0xc638, 0xc638, 0xc638, 0xc638, 0xc638, 0xc638, 0xc638, 0xc638, 0xc638,
    0xc638, 0xc638, 0xc638, 0xc638, 0xc638, 0xc638, 0xc638, 0xc638, 0xc638, 0xc638, 0xc638, 0xc638,
    0xc638, 0xc638, 0xc638, 0xc638, 0xc638, 0xc638, 0xc638, 0xc638, 0xc638, 0xc638, 0xc638, 0xc638,
    0xc638, 0xc638, 0xc638, 0xc638, 0xc638, 0xc638, 0xc638, 0xc638, 0xc638, 0xc638, 0xc638, 0xc638,
    0xc638, 0xc638, 0xc638, 0xc638, 0xc638, 0xc638, 0xc638, 0xc638, 0xc638, 0xc638, 0xc638, 0xc638,
    0xc638, 0xc638, 0xc638, 0xc638, 0xc638, 0xc638, 0xc638, 0xc638, 0xc638, 0xc638, 0xc638, 0xc638,
    0xc638, 0xc638, 0xc638, 0xc638, 0xc638, 0xc638, 0xc638, 0xc638, 0xc638, 0xc638, 0xc638, 0xc638,
    0xc638, 0xc638, 0xc638, 0xc638, 0xc638, 0xc638, 0xc638, 0xc638, 0xc638, 0xc638, 0xc638, 0xc638,
    0xc638, 0xc638, 0xc638, 0xc638, 0xc638, 0xc638, 0xc638, 0xc638, 0xc638, 0xc638, 0xc638, 0xc638,
    0xc638, 0xc638, 0xc638, 0xc638, 0xc638, 0xc638, 0xc638, 0xc638, 0xc638, 0xc638, 0xc638, 0xc638,
    0xc638, 0xc638, 0xc638, 0xc638, 0xc638, 0xc638, 0xc638, 0xc638, 0xc638, 0xc638, 0xc638, 0xc638,
    0xc638, 0xc638, 0xc638, 0xc638, 0xc638, 0xc638, 0xc638, 0xc638, 0xc638, 0xc638, 0xc638, 0xc638,
    0xc638, 0xc638, 0xc638, 0xc638, 0xc638, 0xc638, 0xc638, 0xc638, 0xc638, 0xc638, 0xc638, 0xc638,
    0xc638, 0x52aa, 0x52aa, 0x0841, 0x0841, 0xffff, 0xffff, 0xc638, 0xc638, 0xc638, 0xc638, 0xc638,
    0xc638, 0xc638, 0xc638, 0xc638, 0xc638, 0xc638, 0xc638, 0xc638, 0xc638, 0xc638, 0xc638, 0xc638,
    0xc638, 0xc638, 0xc638, 0xc638, 0xc638, 0xc638, 0xc638, 0xc638, 0xc638, 0xc638, 0xc638, 0xc638,
    0xc638, 0xc638, 0xc638, 0xc638, 0xc638, 0xc638, 0xc638, 0xc638, 0xc638, 0xc638, 0xc638, 0xc638,
    0xc638, 0xc638, 0xc638, 0xc638, 0xc638, 0xc638, 0xc638, 0xc638, 0xc638, 0xc638, 0xc638, 0xc638,
    0xc638, 0xc638, 0xc638, 0xc638, 0xc638, 0xc638, 0xc638, 0xc638, 0xc638, 0xc638, 0xc638, 0xc638,
    0xc638, 0xc638, 0xc638, 0xc638, 0xc638, 0xc638, 0xc638, 0xc638, 0xc638, 0xc638, 0xc638, 0xc638,
    0xc638, 0xc638, 0xc638, 0xc638, 0xc638, 0xc638, 0xc638, 0xc638, 0xc638, 0xc638, 0xc638, 0xc638,
    0xc638, 0xc638, 0xc638, 0xc638, 0xc638, 0xc638, 0xc638, 0xc638, 0xc638, 0xc638, 0xc638, 0xc638,
    0xc638, 0xc638, 0xc638, 0xc638, 0xc638, 0xc638, 0xc638, 0xc638, 0xc638, 0xc638, 0xc638, 0xc638,
    0xc638, 0xc638, 0xc638, 0xc638, 0xc638, 0xc638, 0xc638, 0xc638, 0xc638, 0xc638, 0xc638, 0xc638,
    0xc638, 0xc638, 0xc638, 0xc638, 0xc638, 0xc638, 0xc638, 0xc638, 0xc638, 0xc638, 0xc638, 0xc638,
    0xc638, 0xc638, 0xc638, 0xc638, 0xc638, 0xc638, 0xc638, 0xc638, 0xc638, 0xc638, 0xc638, 0xc638,
    0xc638, 0xc638, 0xc638, 0xc638, 0xc638, 0xc638, 0xc638, 0xc638, 0xc638, 0xc638, 0xc638, 0xc638,
    0xc638, 0xc638, 0xc638, 0xc638, 0xc638, 0xc638, 0xc638, 0xc638, 0xc638, 0x52aa, 0x52aa, 0x0841,
    0x0841, 0xffff, 0xffff, 0xc638, 0xc638, 0xc638, 0xc638, 0xc638, 0xc638, 0xc638, 0xc638, 0xc638,
    0xc638, 0xc638, 0xc638, 0xc638, 0xc638, 0xc638, 0xc638, 0xc638, 0xc638, 0xc638, 0xc638, 0xc638,
    0xc638, 0xc638, 0xc638, 0xc638, 0xc638, 0xc638, 0xc638, 0xc638, 0xc638, 0xc638, 0xc638, 0xc638,
    0xc638, 0xc638, 0xc638, 0xc638, 0xc638, 0xc638, 0xc638, 0xc638, 0xc638, 0xc638, 0xc638, 0xc638,
    0xc638, 0xc638, 0xc638, 0xc638, 0xc638, 0xc638, 0xc638, 0xc638, 0xc638, 0xc638, 0xc638, 0xc638,
    0xc638, 0xc638, 0xc638, 0xc638, 0xc638, 0xc638, 0xc638, 0xc638, 0xc638, 0xc638, 0xc638, 0xc638,
    0xc638, 0xc638, 0xc638, 0xc638, 0xc638, 0xc638, 0xc638, 0xc638, 0xc638, 0xc638, 0xc638, 0xc638,
    0xc638, 0xc638, 0xc638, 0xc638, 0xc638, 0xc638, 0xc638, 0xc638, 0xc638, 0xc638, 0xc638, 0xc638,
    0xc638, 0xc638, 0xc638, 0xc638, 0xc638, 0xc638, 0xc638, 0xc638, 0xc638, 0xc638, 0xc638, 0xc638,
    0xc638, 0xc638, 0xc638, 0xc638, 0xc638, 0xc638, 0xc638, 0xc638, 0xc638, 0xc638, 0xc638, 0xc638,
    0xc638, 0xc638, 0xc638, 0xc638, 0xc638, 0xc638, 0xc638, 0xc638, 0xc638, 0xc638, 0xc638, 0xc638,
    0xc638, 0xc638, 0xc638, 0xc638, 0xc638, 0xc638, 0xc638, 0xc638, 0xc638, 0xc638, 0xc638, 0xc638,
    0xc638, 0xc638, 0xc638, 0xc638, 0xc638, 0xc638, 0xc638, 0xc638, 0xc638, 0xc638, 0xc638, 0xc638,
    0xc638, 0xc638, 0xc638, 0xc638, 0xc638, 0xc638, 0xc638, 0xc638, 0xc638, 0xc638, 0xc638, 0xc638,
    0xc638, 0xc638, 0xc638, 0xc638, 0xc638, 0x52aa, 0x52aa, 0x0841, 0x0841, 0xffff, 0xffff, 0xc638,
    0xc638, 0xc638, 0xc638, 0xc638, 0xc638, 0xc638, 0xc638, 0xc638, 0xc638, 0xc638, 0xc638, 0xc638,
    0xc638, 0xc638, 0xc638, 0xc638, 0xc638, 0xc638, 0xc638, 0xc638, 0xc638, 0xc638, 0xc638, 0xc638,
    0xc638, 0xc638, 0xc638, 0xc638, 0xc638, 0xc638, 0xc638, 0xc638, 0xc638, 0xc638, 0xc638, 0xc638,
    0xc638, 0xc638, 0xc638, 0xc638, 0xc638, 0xc638, 0xc638, 0xc638, 0xc638, 0xc638, 0xc638, 0xc638,
    0xc638, 0xc638, 0xc638, 0xc638, 0xc638, 0xc638, 0xc638, 0xc638, 0xc638, 0xc638, 0xc638, 0xc638,
    0xc638, 0xc638, 0xc638, 0xc638, 0xc638, 0xc638, 0xc638, 0xc638, 0xc638, 0xc638, 0xc638, 0xc638,
    0xc638, 0xc638, 0xc638, 0xc638, 0xc638, 0xc638, 0xc638, 0xc638, 0xc638, 0xc638, 0xc638, 0xc638,
    0xc638, 0xc638, 0xc638, 0xc638, 0xc638, 0xc638, 0xc638, 0xc638, 0xc638, 0xc638, 0xc638, 0xc638,
    0xc638, 0xc638, 0xc638, 0xc638, 0xc638, 0xc638, 0xc638, 0xc638, 0xc638, 0xc638, 0xc638, 0xc638,
    0xc638, 0xc638, 0xc638, 0xc638, 0xc638, 0xc638, 0xc638, 0xc638, 0xc638, 0xc638, 0xc638, 0xc638,
    0xc638, 0xc638, 0xc638, 0xc638, 0xc638, 0xc638, 0xc638, 0xc638, 0xc638, 0xc638, 0xc638, 0xc638,
    0xc638, 0xc638, 0xc638, 0xc638, 0xc638, 0xc638, 0xc638, 0xc638, 0xc638, 0xc638, 0xc638, 0xc638,
    0xc638, 0xc638, 0xc638, 0xc638, 0xc638, 0xc638, 0xc638, 0xc638, 0xc638, 0xc638, 0xc638, 0xc638,
    0xc638, 0xc638, 0xc638, 0xc638, 0xc638, 0xc638, 0xc638, 0xc638, 0xc638, 0xc638, 0xc638, 0xc638,
    0xc638, 0x52aa, 0x52aa, 0x0841, 0x0841, 0xffff, 0xffff, 0xc638, 0xc638, 0xc638, 0xc638, 0xc638,
    0xc638, 0xc638, 0xc638, 0xc638, 0xc638, 0xc638, 0xc638, 0xc638, 0xc638, 0xc638, 0xc638, 0xc638,
    0xc638, 0xc638, 0xc638, 0xc638, 0xc638, 0xc638, 0xc638, 0xc638, 0xc638, 0xc638, 0xc638, 0xc638,
    0xc638, 0xc638, 0xc638, 0xc638, 0xc638, 0xc638, 0xc638, 0xc638, 0xc638, 0xc638, 0xc638, 0xc638,
    0xc638, 0xc638, 0xc638, 0xc638, 0xc638, 0xc638, 0xc638, 0xc638, 0xc638, 0xc638, 0xc638, 0xc638,
    0xc638, 0xc638, 0xc638, 0xc638, 0xc638, 0xc638, 0xc638, 0xc638, 0xc638, 0xc638, 0xc638, 0xc638,
    0xc638, 0xc638, 0xc638, 0xc638, 0xc638, 0xc638, 0xc638, 0xc638, 0xc638, 0xc638, 0xc638, 0xc638,
    0xc638, 0xc638, 0xc638, 0xc638, 0xc638, 0xc638, 0xc638, 0xc638, 0xc638, 0xc638, 0xc638, 0xc638,
    0xc638, 0xc638, 0xc638, 0xc638, 0xc638, 0xc638, 0xc638, 0xc638, 0xc638, 0xc638, 0xc638, 0xc638,
    0xc638, 0xc638, 0xc638, 0xc638, 0xc638, 0xc638, 0xc638, 0xc638, 0xc638, 0xc638, 0xc638, 0xc638,
    0xc638, 0xc638, 0xc638, 0xc638, 0xc638, 0xc638, 0xc638, 0xc638, 0xc638, 0xc638, 0xc638, 0xc638,
    0xc638, 0xc638, 0xc638, 0xc638, 0xc638, 0xc638, 0xc638, 0xc638, 0xc638, 0xc638, 0xc638, 0xc638,
    0xc638, 0xc638, 0xc638, 0xc638, 0xc638, 0xc638, 0xc638, 0xc638, 0xc638, 0xc638, 0xc638, 0xc638,
    0xc638, 0xc638, 0xc638, 0xc638, 0xc638, 0xc638, 0xc638, 0xc638, 0xc638, 0xc638, 0xc638, 0xc638,
    0xc638, 0xc638, 0xc638, 0xc638, 0xc638, 0xc638, 0xc638, 0xc638, 0xc638, 0x52aa, 0x52aa, 0x0841,
    0x0841, 0xffff, 0xffff, 0xc638, 0xc638, 0xc638, 0xc638, 0xc638, 0xc638, 0xc638, 0xc638, 0xc638,
    0xc638, 0xc638, 0xc638, 0xc638, 0xc638, 0xc638, 0xc638, 0xc638, 0xc638, 0xc638, 0xc638, 0xc638,
    0xc638, 0xc638, 0xc638, 0xc638, 0xc638, 0xc638, 0xc638, 0xc638, 0xc638, 0xc638, 0xc638, 0xc638,
    0xc638, 0xc638, 0xc638, 0xc638, 0xc638, 0xc638, 0xc638, 0xc638, 0xc638, 0xc638, 0xc638, 0xc638,
    0xc638, 0xc638, 0xc638, 0xc638, 0xc638, 0xc638, 0xc638, 0xc638, 0xc638, 0xc638, 0xc638, 0xc638,
    0xc638, 0xc638, 0xc638, 0xc638, 0xc638, 0xc638, 0xc638, 0xc638, 0xc638, 0xc638, 0xc638, 0xc638,
    0xc638, 0xc638, 0xc638, 0xc638, 0xc638, 0xc638, 0xc638, 0xc638, 0xc638, 0xc638, 0xc638, 0xc638,
    0xc638, 0xc638, 0xc638, 0xc638, 0xc638, 0xc638, 0xc638, 0xc638, 0xc638, 0xc638, 0xc638, 0xc638,
    0xc638, 0xc638, 0xc638, 0xc638, 0xc638, 0xc638, 0xc638, 0xc638, 0xc638, 0xc638, 0xc638, 0xc638,
    0xc638, 0xc638, 0xc638, 0xc638, 0xc638, 0xc638, 0xc638, 0xc638, 0xc638, 0xc638, 0xc638, 0xc638,
    0xc638, 0xc638, 0xc638, 0xc638, 0xc638, 0xc638, 0xc638, 0xc638, 0xc638, 0xc638, 0xc638, 0xc638,
    0xc638, 0xc638, 0xc638, 0xc638, 0xc638, 0xc638, 0xc638, 0xc638, 0xc638, 0xc638, 0xc638, 0xc638,
    0xc638, 0xc638, 0xc638, 0xc638, 0xc638, 0xc638, 0xc638, 0xc638, 0xc638, 0xc638, 0xc638, 0xc638,
    0xc638, 0xc638, 0xc638, 0xc638, 0xc638, 0xc638, 0xc638, 0xc638, 0xc638, 0xc638, 0xc638, 0xc638,
    0xc638, 0xc638, 0xc638, 0xc638, 0xc638, 0x52aa, 0x52aa, 0x0841, 0x0841, 0xffff, 0xffff, 0xc638,
    0xc638, 0xc638, 0xc638, 0x31a6, 0x31a6, 0x31a6, 0x31a6, 0x31a6, 0x31a6, 0x31a6, 0x31a6, 0x31a6,
    0x31a6, 0x31a6, 0x31a6, 0x31a6, 0x31a6, 0x31a6, 0x31a6, 0x31a6, 0x8c51, 0x31a6, 0x31a6, 0x31a6,
    0x31a6, 0x31a6, 0x31a6, 0x31a6, 0x31a6, 0x31a6, 0x31a6, 0x31a6, 0x31a6, 0x31a6, 0x31a6, 0x31a6,
    0x31a6, 0x31a6, 0x8c51, 0x31a6, 0x31a6, 0x31a6, 0x31a6, 0x31a6, 0x31a6, 0x31a6, 0x31a6, 0x31a6,
    0x31a6, 0x31a6, 0x31a6, 0x31a6, 0x31a6, 0x31a6, 0x31a6, 0x31a6, 0x8c51, 0x31a6, 0x31a6, 0x31a6,
    0x31a6, 0x31a6, 0x31a6, 0x31a6, 0x31a6, 0x31a6, 0x31a6, 0x31a6, 0x31a6, 0x31a6, 0x31a6, 0x31a6,
    0x31a6, 0x31a6, 0x8c51, 0x31a6, 0x31a6, 0x31a6, 0x31a6, 0x31a6, 0x31a6, 0x31a6, 0x31a6, 0x31a6,
    0x31a6, 0x31a6, 0x31a6, 0x31a6, 0x31a6, 0x31a6, 0x31a6, 0x31a6, 0x8c51, 0x31a6, 0x31a6, 0x31a6,
    0x31a6, 0x31a6, 0x31a6, 0x31a6, 0x31a6, 0x31a6, 0x31a6, 0x31a6, 0x31a6, 0x31a6, 0x31a6, 0x31a6,
    0x31a6, 0x31a6, 0x8c51, 0x31a6, 0x31a6, 0x31a6, 0x31a6, 0x31a6, 0x31a6, 0x31a6, 0x31a6, 0x31a6,
    0x31a6, 0x31a6, 0x31a6, 0x31a6, 0x31a6, 0x31a6, 0x31a6, 0x31a6, 0x8c51, 0x31a6, 0x31a6, 0x31a6,
    0x31a6, 0x31a6, 0x31a6, 0x31a6, 0x31a6, 0x31a6, 0x31a6, 0x31a6, 0x31a6, 0x31a6, 0x31a6, 0x31a6,
    0x31a6, 0x31a6, 0x8c51, 0x31a6, 0x31a6, 0x31a6, 0x31a6, 0x31a6, 0x31a6, 0x31a6, 0x31a6, 0x31a6,
    0x31a6, 0x31a6, 0x31a6, 0x31a6, 0x31a6, 0x31a6, 0x31a6, 0x31a6, 0x8c51, 0xc638, 0xc638, 0xc638,
    0xc638, 0x52aa, 0x52aa, 0x0841, 0x0841, 0xffff, 0xffff, 0xc638, 0xc638, 0xc638, 0xc638, 0x31a6,
    0x8c51, 0x8c51, 0x8c51, 0x8c51, 0x8c51, 0x8c51, 0x8c51, 0x8c51, 0x8c51, 0x8c51, 0x8c51, 0x8c51,
    0x8c51, 0x8c51, 0x8c51, 0x8c51, 0xffff, 0x31a6, 0x8c51, 0x8c51, 0x8c51, 0x8c51, 0x8c51, 0x8c51,
    0x8c51, 0x8c51, 0x8c51, 0x8c51, 0x8c51, 0x8c51, 0x8c51, 0x8c51, 0x8c51, 0x8c51, 0xffff, 0x31a6,
    0x8c51, 0x8c51, 0x8c51, 0x8c51, 0x8c51, 0x8c51, 0x8c51, 0x8c51, 0x8c51, 0x8c51, 0x8c51, 0x8c51,
    0x8c51, 0x8c51, 0x8c51, 0x8c51, 0xffff, 0x31a6, 0x8c51, 0x8c51, 0x8c51, 0x8c51, 0x8c51, 0x8c51,
    0x8c51, 0x8c51, 0x8c51, 0x8c51, 0x8c51, 0x8c51, 0x8c51, 0x8c51, 0x8c51, 0x8c51, 0xffff, 0x31a6,
    0x8c51, 0x8c51, 0x8c51, 0x8c51, 0x8c51, 0x8c51, 0x8c51, 0x8c51, 0x8c51, 0x8c51, 0x8c51, 0x8c51,
    0x8c51, 0x8c51, 0x8c51, 0x8c51, 0xffff, 0x31a6, 0x8c51, 0x8c51, 0x8c51, 0x8c51, 0x8c51, 0x8c51,
    0x8c51, 0x8c51, 0x8c51, 0x8c51, 0x8c51, 0x8c51, 0x8c51, 0x8c51, 0x8c51, 0x8c51, 0xffff, 0x31a6,
    0x8c51, 0x8c51, 0x8c51, 0x8c51, 0x8c51, 0x8c51, 0x8c51, 0x8c51, 0x8c51, 0x8c51, 0x8c51, 0x8c51,
    0x8c51, 0x8c51, 0x8c51, 0x8c51, 0xffff, 0x31a6, 0x8c51, 0x8c51, 0x8c51, 0x8c51, 0x8c51, 0x8c51,
    0x8c51, 0x8c51, 0x8c51, 0x8c51, 0x8c51, 0x8c51, 0x8c51, 0x8c51, 0x8c51, 0x8c51, 0xffff, 0x31a6,
    0x8c51, 0x8c51, 0x8c51, 0x8c51, 0x8c51, 0x8c51, 0x8c51, 0x8c51, 0x8c51, 0x8c51, 0x8c51, 0x8c51,
    0x8c51, 0x8c51, 0x8c51, 0x8c51, 0xffff, 0xc638, 0xc638, 0xc638, 0xc638, 0x52aa, 0x52aa, 0x0841,
    0x0841, 0xffff, 0xffff, 0xc638, 0xc638, 0xc638, 0xc638, 0x31a6, 0x8c51, 0x8c51, 0x8c51, 0x8c51,
    0x8c51, 0x8c51, 0x8c51, 0x8c51, 0x8c51, 0x8c51, 0x8c51, 0x8c51, 0x8c51, 0x8c51, 0x8c51, 0x8c51,
    0xffff, 0x31a6, 0x8c51, 0x8c51, 0x8c51, 0x8c51, 0x8c51, 0x8c51, 0x8c51, 0x8c51, 0x8c51, 0x8c51,
    0x8c51, 0x8c51, 0x8c51, 0x8c51, 0x8c51, 0x8c51, 0xffff, 0x31a6, 0x8c51, 0x8c51, 0x8c51, 0x8c51,
    0x8c51, 0x8c51, 0x8c51, 0x8c51, 0x8c51, 0x8c51, 0x8c51, 0x8c51, 0x8c51, 0x8c51, 0x8c51, 0x8c51,
    0xffff, 0x31a6, 0x8c51, 0x8c51, 0x8c51, 0x8c51, 0x8c51, 0x8c51, 0x8c51, 0x8c51, 0x8c51, 0x8c51,
    0x8c51, 0x8c51, 0x8c51, 0x8c51, 0x8c51, 0x8c51, 0xffff, 0x31a6, 0x8c51, 0x8c51, 0x8c51, 0x8c51,
    0x8c51, 0x8c51, 0x8c51, 0x8c51, 0x8c51, 0x8c51, 0x8c51, 0x8c51, 0x8c51, 0x8c51, 0x8c51, 0x8c51,
    0xffff, 0x31a6, 0x8c51, 0x8c51, 0x8c51, 0x8c51, 0x8c51, 0x8c51, 0x8c51, 0x8c51, 0x8c51, 0x8c51,
    0x8c51, 0x8c51, 0x8c51, 0x8c51, 0x8c51, 0x8c51, 0xffff, 0x31a6, 0x8c51, 0x8c51, 0x8c51, 0x8c51,
    0x8c51, 0x8c51, 0x8c51, 0x8c51, 0x8c51, 0x8c51, 0x8c51, 0x8c51, 0x8c51, 0x8c51, 0x8c51, 0x8c51,
    0xffff, 0x31a6, 0x8c51, 0x8c51, 0x8c51, 0x8c51, 0x8c51, 0x8c51, 0x8c51, 0x8c51, 0x8c51, 0x8c51,
    0x8c51, 0x8c51, 0x8c51, 0x8c51, 0x8c51, 0x8c51, 0xffff, 0x31a6, 0x8c51, 0x8c51, 0x8c51, 0x8c51,
    0x8c51, 0x8c51, 0x8c51, 0x8c51, 0x8c51, 0x8c51, 0x8c51, 0x8c51, 0x8c51, 0x8c51, 0x8c51, 0x8c51,
    0xffff, 0xc638, 0xc638, 0xc638, 0xc638, 0x52aa, 0x52aa, 0x0841, 0x0841, 0xffff, 0xffff, 0xc638,
    0xc638, 0xc638, 0xc638, 0x31a6, 0x8c51, 0x8c51, 0x8c51, 0x8c51, 0x8c51, 0x8c51, 0x8c51, 0x8c51,
    0x8c51, 0x8c51, 0x8c51, 0x8c51, 0x8c51, 0x8c51, 0x8c51, 0x8c51, 0xffff, 0x31a6, 0x8c51, 0x8c51,
    0x8c51, 0x8c51, 0x8c51, 0x8c51, 0x8c51, 0x8c51, 0x8c51, 0x8c51, 0x8c51, 0x8c51, 0x8c51, 0x8c51,
    0x8c51, 0x8c51, 0xffff, 0x31a6, 0x8c51, 0x8c51, 0x8c51, 0x8c51, 0x8c51, 0x8c51, 0x8c51, 0x8c51,
    0x8c51, 0x8c51, 0x8c51, 0x8c51, 0x8c51, 0x8c51, 0x8c51, 0x8c51, 0xffff, 0x31a6, 0x8c51, 0x8c51,
    0x8c51, 0x8c51, 0x8c51, 0x8c51, 0x8c51, 0x8c51, 0x8c51, 0x8c51, 0x8c51, 0x8c51, 0x8c51, 0x8c51,
    0x8c51, 0x8c51, 0xffff, 0x31a6, 0x8c51, 0x8c51, 0x8c51, 0x8c51, 0x8c51, 0x8c51, 0x8c51, 0x8c51,
    0x8c51, 0x8c51, 0x8c51, 0x8c51, 0x8c51, 0x8c51, 0x8c51, 0x8c51, 0xffff, 0x31a6, 0x8c51, 0x8c51,
    0x8c51, 0x8c51, 0x8c51, 0x8c51, 0x8c51, 0x8c51, 0x8c51, 0x8c51, 0x8c51, 0x8c51, 0x8c51, 0x8c51,
    0x8c51, 0x8c51, 0xffff, 0x31a6, 0x8c51, 0x8c51, 0x8c51, 0x8c51, 0x8c51, 0x8c51, 0x8c51, 0x8c51,
    0x8c51, 0x8c51, 0x8c51, 0x8c51, 0x8c51, 0x8c51, 0x8c51, 0x8c51, 0xffff, 0x31a6, 0x8c51, 0x8c51,
    0x8c51, 0x8c51, 0x8c51, 0x8c51, 0x8c51, 0x8c51, 0x8c51, 0x8c51, 0x8c51, 0x8c51, 0x8c51, 0x8c51,
    0x8c51, 0x8c51, 0xffff, 0x31a6, 0x8c51, 0x8c51, 0x8c51, 0x8c51, 0x8c51, 0x8c51, 0x8c51, 0x8c51,
    0x8c51, 0x8c51, 0x8c51, 0x8c51, 0x8c51, 0x8c51, 0x8c51, 0x8c51, 0xffff, 0xc638, 0xc638, 0xc638,
    0xc638, 0x52aa, 0x52aa, 0x0841, 0x0841, 0xffff, 0xffff, 0xc638, 0xc638, 0xc638, 0xc638, 0x31a6,
    0x8c51, 0x8c51, 0x8c51, 0x8c51, 0x8c51, 0x8c51, 0x8c51, 0x8c51, 0x8c51, 0x8c51, 0x8c51, 0x8c51,
    0x8c51, 0x8c51, 0x8c51, 0x8c51, 0xffff, 0x31a6, 0x8c51, 0x8c51, 0x8c51, 0x8c51, 0x8c51, 0x8c51,
    0x8c51, 0x8c51, 0x8c51, 0x8c51, 0x8c51, 0x8c51, 0x8c51, 0x8c51, 0x8c51, 0x8c51, 0xffff, 0x31a6,
    0x8c51, 0x8c51, 0x8c51, 0x8c51, 0x8c51, 0x8c51, 0x8c51, 0x8c51, 0x8c51, 0x8c51, 0x8c51, 0x8c51,
    0x8c51, 0x8c51, 0x8c51, 0x8c51, 0xffff, 0x31a6, 0x8c51, 0x8c51, 0x8c51, 0x8c51, 0x8c51, 0x8c51,
    0x8c51, 0x8c51, 0x8c51, 0x8c51, 0x8c51, 0x8c51, 0x8c51, 0x8c51, 0x8c51, 0x8c51, 0xffff, 0x31a6,
    0x8c51, 0x8c51, 0x8c51, 0x8c51, 0x8c51, 0x8c51, 0x8c51, 0x8c51, 0x8c51, 0x8c51, 0x8c51, 0x8c51,
    0x8c51, 0x8c51, 0x8c51, 0x8c51, 0xffff, 0x31a6, 0x8c51, 0x8c51, 0x8c51, 0x8c51, 0x8c51, 0x8c51,
    0x8c51, 0x8c51, 0x8c51, 0x8c51, 0x8c51, 0x8c51, 0x8c51, 0x8c51, 0x8c51, 0x8c51, 0xffff, 0x31a6,
    0x8c51, 0x8c51, 0x8c51, 0x8c51, 0x8c51, 0x8c51, 0x8c51, 0x8c51, 0x8c51, 0x8c51, 0x8c51, 0x8c51,
    0x8c51, 0x8c51, 0x8c51, 0x8c51, 0xffff, 0x31a6, 0x8c51, 0x8c51, 0x8c51, 0x8c51, 0x8c51, 0x8c51,
    0x8c51, 0x8c51, 0x8c51, 0x8c51, 0x8c51, 0x8c51, 0x8c51, 0x8c51, 0x8c51, 0x8c51, 0xffff, 0x31a6,
    0x8c51, 0x8c51, 0x8c51, 0x8c51, 0x8c51, 0x8c51, 0x8c51, 0x8c51, 0x8c51, 0x8c51, 0x8c51, 0x8c51,
    0x8c51, 0x8c51, 0x8c51, 0x8c51, 0xffff, 0xc638, 0xc638, 0xc638, 0xc638, 0x52aa, 0x52aa, 0x0841,
    0x0841, 0xffff, 0xffff, 0xc638, 0xc638, 0xc638, 0xc638, 0x31a6, 0x8c51, 0x8c51, 0x8c51, 0x8c51,
    0x8c51, 0x8c51, 0x8c51, 0x8c51, 0x8c51, 0x8c51, 0x8c51, 0x8c51, 0x8c51, 0x8c51, 0x8c51, 0x8c51,
    0xffff, 0x31a6, 0x8c51, 0x8c51, 0x8c51, 0x8c51, 0x8c51, 0x8c51, 0x8c51, 0x8c51, 0x8c51, 0x8c51,
    0x8c51, 0x8c51, 0x8c51, 0x8c51, 0x8c51, 0x8c51, 0xffff, 0x31a6, 0x8c51, 0x8c51, 0x8c51, 0x8c51,
    0x8c51, 0x8c51, 0x8c51, 0x8c51, 0x8c51, 0x8c51, 0x8c51, 0x8c51, 0x8c51, 0x8c51, 0x8c51, 0x8c51,
    0xffff, 0x31a6, 0x8c51, 0x8c51, 0x8c51, 0x8c51, 0x8c51, 0x8c51, 0x8c51, 0x8c51, 0x8c51, 0x8c51,
    0x8c51, 0x8c51, 0x8c51, 0x8c51, 0x8c51, 0x8c51, 0xffff, 0x31a6, 0x8c51, 0x8c51, 0x8c51, 0x8c51,
    0x8c51, 0x8c51, 0x8c51, 0x8c51, 0x8c51, 0x8c51, 0x8c51, 0x8c51, 0x8c51, 0x8c51, 0x8c51, 0x8c51,
    0xffff, 0x31a6, 0x8c51, 0x8c51, 0x8c51, 0x8c51, 0x8c51, 0x8c51, 0x8c51, 0x8c51, 0x8c51, 0x8c51,
    0x8c51, 0x8c51, 0x8c51, 0x8c51, 0x8c51, 0x8c51, 0xffff, 0x31a6, 0x8c51, 0x8c51, 0x8c51, 0x8c51,
    0x8c51, 0x8c51, 0x8c51, 0x8c51, 0x8c51, 0x8c51, 0x8c51, 0x8c51, 0x8c51, 0x8c51, 0x8c51, 0x8c51,
    0xffff, 0x31a6, 0x8c51, 0x8c51, 0x8c51, 0x8c51, 0x8c51, 0x8c51, 0x8c51, 0x8c51, 0x8c51, 0x8c51,
    0x8c51, 0x8c51, 0x8c51, 0x8c51, 0x8c51, 0x8c51, 0xffff, 0x31a6, 0x8c51, 0x8c51, 0x8c51, 0x8c51,
    0x8c51, 0x8c51, 0x8c51, 0x8c51, 0x8c51, 0x8c51, 0x8c51, 0x8c51, 0x8c51, 0x8c51, 0x8c51, 0x8c51,
    0xffff, 0xc638, 0xc638, 0xc638, 0xc638, 0x52aa, 0x52aa, 0x0841, 0x0841, 0xffff, 0xffff, 0xc638,
    0xc638, 0xc638, 0xc638, 0x31a6, 0x8c51, 0x8c51, 0x8c51, 0x8c51, 0x8c51, 0x8c51, 0x8c51, 0x8c51,
    0x8c51, 0x8c51, 0x8c51, 0x8c51, 0x8c51, 0x8c51, 0x8c51, 0x8c51, 0xffff, 0x31a6, 0x8c51, 0x8c51,
    0x8c51, 0x8c51, 0x8c51, 0x8c51, 0x8c51, 0x8c51, 0x8c51, 0x8c51, 0x8c51, 0x8c51, 0x8c51, 0x8c51,
    0x8c51, 0x8c51, 0xffff, 0x31a6, 0x8c51, 0x8c51, 0x8c51, 0x8c51, 0x8c51, 0x8c51, 0x8c51, 0x8c51,
    0x8c51, 0x8c51, 0x8c51, 0x8c51, 0x8c51, 0x8c51, 0x8c51, 0x8c51, 0xffff, 0x31a6, 0x8c51, 0x8c51,
    0x8c51, 0x8c51, 0x8c51, 0x8c51, 0x8c51, 0x8c51, 0x8c51, 0x8c51, 0x8c51, 0x8c51, 0x8c51, 0x8c51,
    0x8c51, 0x8c51, 0xffff, 0x31a6, 0x8c51, 0x8c51, 0x8c51, 0x8c51, 0x8c51, 0x8c51, 0x8c51, 0x8c51,
    0x8c51, 0x8c51, 0x8c51, 0x8c51, 0x8c51, 0x8c51, 0x8c51, 0x8c51, 0xffff, 0x31a6, 0x8c51, 0x8c51,
    0x8c51, 0x8c51, 0x8c51, 0x8c51, 0x8c51, 0x8c51, 0x8c51, 0x8c51, 0x8c51, 0x8c51, 0x8c51, 0x8c51,
    0x8c51, 0x8c51, 0xffff, 0x31a6, 0x8c51, 0x8c51, 0x8c51, 0x8c51, 0x8c51, 0x8c51, 0x8c51, 0x8c51,
    0x8c51, 0x8c51, 0x8c51, 0x8c51, 0x8c51, 0x8c51, 0x8c51, 0x8c51, 0xffff, 0x31a6, 0x8c51, 0x8c51,
    0x8c51, 0x8c51, 0x8c51, 0x8c51, 0x8c51, 0x8c51, 0x8c51, 0x8c51, 0x8c51, 0x8c51, 0x8c51, 0x8c51,
    0x8c51, 0x8c51, 0xffff, 0x31a6, 0x8c51, 0x8c51, 0x8c51, 0x8c51, 0x8c51, 0x8c51, 0x8c51, 0x8c51,
    0x8c51, 0x8c51, 0x8c51, 0x8c51, 0x8c51, 0x8c51, 0x8c51, 0x8c51, 0xffff, 0xc638, 0xc638, 0xc638,
    0xc638, 0x52aa, 0x52aa, 0x0841, 0x0841, 0xffff, 0xffff, 0xc638, 0xc638, 0xc638, 0xc638, 0x31a6,
    0x8c51, 0x8c51, 0x8c51, 0x8c51, 0x8c51, 0x8c51, 0x8c51, 0x8c51, 0x8c51, 0x8c51, 0x8c51, 0x8c51,
    0x8c51, 0x8c51, 0x8c51, 0x8c51, 0xffff, 0x31a6, 0x8c51, 0x8c51, 0x8c51, 0x8c51, 0x8c51, 0x8c51,
    0x8c51, 0x8c51, 0x8c51, 0x8c51, 0x8c51, 0x8c51, 0x8c51, 0x8c51, 0x8c51, 0x8c51, 0xffff, 0x31a6,
    0x8c51, 0x8c51, 0x8c51, 0x8c51, 0x8c51, 0x8c51, 0x8c51, 0x8c51, 0x8c51, 0x8c51, 0x8c51, 0x8c51,
    0x8c51, 0x8c51, 0x8c51, 0x8c51, 0xffff, 0x31a6, 0x8c51, 0x8c51, 0x8c51, 0x8c51, 0x8c51, 0x8c51,
    0x8c51, 0x8c51, 0x8c51, 0x8c51, 0x8c51, 0x8c51, 0x8c51, 0x8c51, 0x8c51, 0x8c51, 0xffff, 0x31a6,
    0x8c51, 0x8c51, 0x8c51, 0x8c51, 0x8c51, 0x8c51, 0x8c51, 0x8c51, 0x8c51, 0x8c51, 0x8c51, 0x8c51,
    0x8c51, 0x8c51, 0x8c51, 0x8c51, 0xffff, 0x31a6, 0x8c51, 0x8c51, 0x8c51, 0x8c51, 0x8c51, 0x8c51,
    0x8c51, 0x8c51, 0x8c51, 0x8c51, 0x8c51, 0x8c51, 0x8c51, 0x8c51, 0x8c51, 0x8c51, 0xffff, 0x31a6,
    0x8c51, 0x8c51, 0x8c51, 0x8c51, 0x8c51, 0x8c51, 0x8c51, 0x8c51, 0x8c51, 0x8c51, 0x8c51, 0x8c51,
    0x8c51, 0x8c51, 0x8c51, 0x8c51, 0xffff, 0x31a6, 0x8c51, 0x8c51, 0x8c51, 0x8c51, 0x8c51, 0x8c51,
    0x8c51, 0x8c51, 0x8c51, 0x8c51, 0x8c51, 0x8c51, 0x8c51, 0x8c51, 0x8c51, 0x8c51, 0xffff, 0x31a6,
    0x8c51, 0x8c51, 0x8c51, 0x8c51, 0x8c51, 0x8c51, 0x8c51, 0x8c51, 0x8c51, 0x8c51, 0x8c51, 0x8c51,
    0x8c51, 0x8c51, 0x8c51, 0x8c51, 0xffff, 0xc638, 0xc638, 0xc638, 0xc638, 0x52aa, 0x52aa, 0x0841,
    0x0841, 0xffff, 0xffff, 0xc638, 0xc638, 0xc638, 0xc638, 0x31a6, 0x8c51, 0x8c51, 0x8c51, 0x8c51,
    0x8c51, 0x8c51, 0x8c51, 0x8c51, 0x8c51, 0x8c51, 0x8c51, 0x8c51, 0x8c51, 0x8c51, 0x8c51, 0x8c51,
    0xffff, 0x31a6, 0x8c51, 0x8c51, 0x8c51, 0x8c51, 0x8c51, 0x8c51, 0x8c51, 0x8c51, 0x8c51, 0x8c51,
    0x8c51, 0x8c51, 0x8c51, 0x8c51, 0x8c51, 0x8c51, 0xffff, 0x31a6, 0x8c51, 0x8c51, 0x8c51, 0x8c51,
    0x8c51, 0x8c51, 0x8c51, 0x8c51, 0x8c51, 0x8c51, 0x8c51, 0x8c51, 0x8c51, 0x8c51, 0x8c51, 0x8c51,
    0xffff, 0x31a6, 0x8c51, 0x8c51, 0x8c51, 0x8c51, 0x8c51, 0x8c51, 0x8c51, 0x8c51, 0x8c51, 0x8c51,
    0x8c51, 0x8c51, 0x8c51, 0x8c51, 0x8c51, 0x8c51, 0xffff, 0x31a6, 0x8c51, 0x8c51, 0x8c51, 0x8c51,
    0x8c51, 0x8c51, 0x8c51, 0x8c51, 0x8c51, 0x8c51, 0x8c51, 0x8c51, 0x8c51, 0x8c51, 0x8c51, 0x8c51,
    0xffff, 0x31a6, 0x8c51, 0x8c51, 0x8c51, 0x8c51, 0x8c51, 0x8c51, 0x8c51, 0x8c51, 0x8c51, 0x8c51,
    0x8c51, 0x8c51, 0x8c51, 0x8c51, 0x8c51, 0x8c51, 0xffff, 0x31a6, 0x8c51, 0x8c51, 0x8c51, 0x8c51,
    0x8c51, 0x8c51, 0x8c51, 0x8c51, 0x8c51, 0x8c51, 0x8c51, 0x8c51, 0x8c51, 0x8c51, 0x8c51, 0x8c51,
    0xffff, 0x31a6, 0x8c51, 0x8c51, 0x8c51, 0x8c51, 0x8c51, 0x8c51, 0x8c51, 0x8c51, 0x8c51, 0x8c51,
    0x8c51, 0x8c51, 0x8c51, 0x8c51, 0x8c51, 0x8c51, 0xffff, 0x31a6, 0x8c51, 0x8c51, 0x8c51, 0x8c51,
    0x8c51, 0x8c51, 0x8c51, 0x8c51, 0x8c51, 0x8c51, 0x8c51, 0x8c51, 0x8c51, 0x8c51, 0x8c51, 0x8c51,
    0xffff, 0xc638, 0xc638, 0xc638, 0xc638, 0x52aa, 0x52aa, 0x0841, 0x0841, 0xffff, 0xffff, 0xc638,
    0xc638, 0xc638, 0xc638, 0x31a6, 0x8c51, 0x8c51, 0x8c51, 0x8c51, 0x8c51, 0x8c51, 0x8c51, 0x8c51,
    0x8c51, 0x8c51, 0x8c51, 0x8c51, 0x8c51, 0x8c51, 0x8c51, 0x8c51, 0xffff, 0x31a6, 0x8c51, 0x8c51,
    0x8c51, 0x8c51, 0x8c51, 0x8c51, 0x8c51, 0x8c51, 0x8c51, 0x8c51, 0x8c51, 0x8c51, 0x8c51, 0x8c51,
    0x8c51, 0x8c51, 0xffff, 0x31a6, 0x8c51, 0x8c51, 0x8c51, 0x8c51, 0x8c51, 0x8c51, 0x8c51, 0x8c51,
    0x8c51, 0x8c51, 0x8c51, 0x8c51, 0x8c51, 0x8c51, 0x8c51, 0x8c51, 0xffff, 0x31a6, 0x8c51, 0x8c51,
    0x8c51, 0x8c51, 0x8c51, 0x8c51, 0x8c51, 0x8c51, 0x8c51, 0x8c51, 0x8c51, 0x8c51, 0x8c51, 0x8c51,
    0x8c51, 0x8c51, 0xffff, 0x31a6, 0x8c51, 0x8c51, 0x8c51, 0x8c51, 0x8c51, 0x8c51, 0x8c51, 0x8c51,
    0x8c51, 0x8c51, 0x8c51, 0x8c51, 0x8c51, 0x8c51, 0x8c51, 0x8c51, 0xffff, 0x31a6, 0x8c51, 0x8c51,
    0x8c51, 0x8c51, 0x8c51, 0x8c51, 0x8c51, 0x8c51, 0x8c51, 0x8c51, 0x8c51, 0x8c51, 0x8c51, 0x8c51,
    0x8c51, 0x8c51, 0xffff, 0x31a6, 0x8c51, 0x8c51, 0x8c51, 0x8c51, 0x8c51, 0x8c51, 0x8c51, 0x8c51,
    0x8c51, 0x8c51, 0x8c51, 0x8c51, 0x8c51, 0x8c51, 0x8c51, 0x8c51, 0xffff, 0x31a6, 0x8c51, 0x8c51,
    0x8c51, 0x8c51, 0x8c51, 0x8c51, 0x8c51, 0x8c51, 0x8c51, 0x8c51, 0x8c51, 0x8c51, 0x8c51, 0x8c51,
    0x8c51, 0x8c51, 0xffff, 0x31a6, 0x8c51, 0x8c51, 0x8c51, 0x8c51, 0x8c51, 0x8c51, 0x8c51, 0x8c51,
    0x8c51, 0x8c51, 0x8c51, 0x8c51, 0x8c51, 0x8c51, 0x8c51, 0x8c51, 0xffff, 0xc638, 0xc638, 0xc638,
    0xc638, 0x52aa, 0x52aa, 0x0841, 0x0841, 0xffff, 0xffff, 0xc638, 0xc638, 0xc638, 0xc638, 0x31a6,
    0x8c51, 0x8c51, 0x8c51, 0x8c51, 0x8c51, 0x8c51, 0x8c51, 0x8c51, 0x8c51, 0x8c51, 0x8c51, 0x8c51,
    0x8c51, 0x8c51, 0x8c51, 0x8c51, 0xffff, 0x31a6, 0x8c51, 0x8c51, 0x8c51, 0x8c51, 0x8c51, 0x8c51,
    0x8c51, 0x8c51, 0x8c51, 0x8c51, 0x8c51, 0x8c51, 0x8c51, 0x8c51, 0x8c51, 0x8c51, 0xffff, 0x31a6,
    0x8c51, 0x8c51, 0x8c51, 0x8c51, 0x8c51, 0x8c51, 0x8c51, 0x8c51, 0x8c51, 0x8c51, 0x8c51, 0x8c51,
    0x8c51, 0x8c51, 0x8c51, 0x8c51, 0xffff, 0x31a6, 0x8c51, 0x8c51, 0x8c51, 0x8c51, 0x8c51, 0x8c51,
    0x8c51, 0x8c51, 0x8c51, 0x8c51, 0x8c51, 0x8c51, 0x8c51, 0x8c51, 0x8c51, 0x8c51, 0xffff, 0x31a6,
    0x8c51, 0x8c51, 0x8c51, 0x8c51, 0x8c51, 0x8c51, 0x8c51, 0x8c51, 0x8c51, 0x8c51, 0x8c51, 0x8c51,
    0x8c51, 0x8c51, 0x8c51, 0x8c51, 0xffff, 0x31a6, 0x8c51, 0x8c51, 0x8c51, 0x8c51, 0x8c51, 0x8c51,
    0x8c51, 0x8c51, 0x8c51, 0x8c51, 0x8c51, 0x8c51, 0x8c51, 0x8c51, 0x8c51, 0x8c51, 0xffff, 0x31a6,
    0x8c51, 0x8c51, 0x8c51, 0x8c51, 0x8c51, 0x8c51, 0x8c51, 0x8c51, 0x8c51, 0x8c51, 0x8c51, 0x8c51,
    0x8c51, 0x8c51, 0x8c51, 0x8c51, 0xffff, 0x31a6, 0x8c51, 0x8c51, 0x8c51, 0x8c51, 0x8c51, 0x8c51,
    0x8c51, 0x8c51, 0x8c51, 0x8c51, 0x8c51, 0x8c51, 0x8c51, 0x8c51, 0x8c51, 0x8c51, 0xffff, 0x31a6,
    0x8c51, 0x8c51, 0x8c51, 0x8c51, 0x8c51, 0x8c51, 0x8c51, 0x8c51, 0x8c51, 0x8c51, 0x8c51, 0x8c51,
    0x8c51, 0x8c51, 0x8c51, 0x8c51, 0xffff, 0xc638, 0xc638, 0xc638, 0xc638, 0x52aa, 0x52aa, 0x0841,
    0x0841, 0xffff, 0xffff, 0xc638, 0xc638, 0xc638, 0xc638, 0x31a6, 0x8c51, 0x8c51, 0x8c51, 0x8c51,
    0x8c51, 0x8c51, 0x8c51, 0x8c51, 0x8c51, 0x8c51, 0x8c51, 0x8c51, 0x8c51, 0x8c51, 0x8c51, 0x8c51,
    0xffff, 0x31a6, 0x8c51, 0x8c51, 0x8c51, 0x8c51, 0x8c51, 0x8c51, 0x8c51, 0x8c51, 0x8c51, 0x8c51,
    0x8c51, 0x8c51, 0x8c51, 0x8c51, 0x8c51, 0x8c51, 0xffff, 0x31a6, 0x8c51, 0x8c51, 0x8c51, 0x8c51,
    0x8c51, 0x8c51, 0x8c51, 0x8c51, 0x8c51, 0x8c51, 0x8c51, 0x8c51, 0x8c51, 0x8c51, 0x8c51, 0x8c51,
    0xffff, 0x31a6, 0x8c51, 0x8c51, 0x8c51, 0x8c51, 0x8c51, 0x8c51, 0x8c51, 0x8c51, 0x8c51, 0x8c51,
    0x8c51, 0x8c51, 0x8c51, 0x8c51, 0x8c51, 0x8c51, 0xffff, 0x31a6, 0x8c51, 0x8c51, 0x8c51, 0x8c51,
    0x8c51, 0x8c51, 0x8c51, 0x8c51, 0x8c51, 0x8c51, 0x8c51, 0x8c51, 0x8c51, 0x8c51, 0x8c51, 0x8c51,
    0xffff, 0x31a6, 0x8c51, 0x8c51, 0x8c51, 0x8c51, 0x8c51, 0x8c51, 0x8c51, 0x8c51, 0x8c51, 0x8c51,
    0x8c51, 0x8c51, 0x8c51, 0x8c51, 0x8c51, 0x8c51, 0xffff, 0x31a6, 0x8c51, 0x8c51, 0x8c51, 0x8c51,
    0x8c51, 0x8c51, 0x8c51, 0x8c51, 0x8c51, 0x8c51, 0x8c51, 0x8c51, 0x8c51, 0x8c51, 0x8c51, 0x8c51,
    0xffff, 0x31a6, 0x8c51, 0x8c51, 0x8c51, 0x8c51, 0x8c51, 0x8c51, 0x8c51, 0x8c51, 0x8c51, 0x8c51,
    0x8c51, 0x8c51, 0x8c51, 0x8c51, 0x8c51, 0x8c51, 0xffff, 0x31a6, 0x8c51, 0x8c51, 0x8c51, 0x8c51,
    0x8c51, 0x8c51, 0x8c51, 0x8c51, 0x8c51, 0x8c51, 0x8c51, 0x8c51, 0x8c51, 0x8c51, 0x8c51, 0x8c51,
    0xffff, 0xc638, 0xc638, 0xc638, 0xc638, 0x52aa, 0x52aa, 0x0841, 0x0841, 0xffff, 0xffff, 0xc638,
    0xc638, 0xc638, 0xc638, 0x31a6, 0x8c51, 0x8c51, 0x8c51, 0x8c51, 0x8c51, 0x8c51, 0x8c51, 0x8c51,
    0x8c51, 0x8c51, 0x8c51, 0x8c51, 0x8c51, 0x8c51, 0x8c51, 0x8c51, 0xffff, 0x31a6, 0x8c51, 0x8c51,
    0x8c51, 0x8c51, 0x8c51, 0x8c51, 0x8c51, 0x8c51, 0x8c51, 0x8c51, 0x8c51, 0x8c51, 0x8c51, 0x8c51,
    0x8c51, 0x8c51, 0xffff, 0x31a6, 0x8c51, 0x8c51, 0x8c51, 0x8c51, 0x8c51, 0x8c51, 0x8c51, 0x8c51,
    0x8c51, 0x8c51, 0x8c51, 0x8c51, 0x8c51, 0x8c51, 0x8c51, 0x8c51, 0xffff, 0x31a6, 0x8c51, 0x8c51,
    0x8c51, 0x8c51, 0x8c51, 0x8c51, 0x8c51, 0x8c51, 0x8c51, 0x8c51, 0x8c51, 0x8c51, 0x8c51, 0x8c51,
    0x8c51, 0x8c51, 0xffff, 0x31a6, 0x8c51, 0x8c51, 0x8c51, 0x8c51, 0x8c51, 0x8c51, 0x8c51, 0x8c51,
    0x8c51, 0x8c51, 0x8c51, 0x8c51, 0x8c51, 0x8c51, 0x8c51, 0x8c51, 0xffff, 0x31a6, 0x8c51, 0x8c51,
    0x8c51, 0x8c51, 0x8c51, 0x8c51, 0x8c51, 0x8c51, 0x8c51, 0x8c51, 0x8c51, 0x8c51, 0x8c51, 0x8c51,
    0x8c51, 0x8c51, 0xffff, 0x31a6, 0x8c51, 0x8c51, 0x8c51, 0x8c51, 0x8c51, 0x8c51, 0x8c51, 0x8c51,
    0x8c51, 0x8c51, 0x8c51, 0x8c51, 0x8c51, 0x8c51, 0x8c51, 0x8c51, 0xffff, 0x31a6, 0x8c51, 0x8c51,
    0x8c51, 0x8c51, 0x8c51, 0x8c51, 0x8c51, 0x8c51, 0x8c51, 0x8c51, 0x8c51, 0x8c51, 0x8c51, 0x8c51,
    0x8c51, 0x8c51, 0xffff, 0x31a6, 0x8c51, 0x8c51, 0x8c51, 0x8c51, 0x8c51, 0x8c51, 0x8c51, 0x8c51,
    0x8c51, 0x8c51, 0x8c51, 0x8c51, 0x8c51, 0x8c51, 0x8c51, 0x8c51, 0xffff, 0xc638, 0xc638, 0xc638,
    0xc638, 0x52aa, 0x52aa, 0x0841, 0x0841, 0xffff, 0xffff, 0xc638, 0xc638, 0xc638, 0xc638, 0x31a6,
    0x8c51, 0x8c51, 0x8c51, 0x8c51, 0x8c51, 0x8c51, 0x8c51, 0x8c51, 0x8c51, 0x8c51, 0x8c51, 0x8c51,
    0x8c51, 0x8c51, 0x8c51, 0x8c51, 0xffff, 0x31a6, 0x8c51, 0x8c51, 0x8c51, 0x8c51, 0x8c51, 0x8c51,
    0x8c51, 0x8c51, 0x8c51, 0x8c51, 0x8c51, 0x8c51, 0x8c51, 0x8c51, 0x8c51, 0x8c51, 0xffff, 0x31a6,
    0x8c51, 0x8c51, 0x8c51, 0x8c51, 0x8c51, 0x8c51, 0x8c51, 0x8c51, 0x8c51, 0x8c51, 0x8c51, 0x8c51,
    0x8c51, 0x8c51, 0x8c51, 0x8c51, 0xffff, 0x31a6, 0x8c51, 0x8c51, 0x8c51, 0x8c51, 0x8c51, 0x8c51,
    0x8c51, 0x8c51, 0x8c51, 0x8c51, 0x8c51, 0x8c51, 0x8c51, 0x8c51, 0x8c51, 0x8c51, 0xffff, 0x31a6,
    0x8c51, 0x8c51, 0x8c51, 0x8c51, 0x8c51, 0x8c51, 0x8c51, 0x8c51, 0x8c51, 0x8c51, 0x8c51, 0x8c51,
    0x8c51, 0x8c51, 0x8c51, 0x8c51, 0xffff, 0x31a6, 0x8c51, 0x8c51, 0x8c51, 0x8c51, 0x8c51, 0x8c51,
    0x8c51, 0x8c51, 0x8c51, 0x8c51, 0x8c51, 0x8c51, 0x8c51, 0x8c51, 0x8c51, 0x8c51, 0xffff, 0x31a6,
    0x8c51, 0x8c51, 0x8c51, 0x8c51, 0x8c51, 0x8c51, 0x8c51, 0x8c51, 0x8c51, 0x8c51, 0x8c51, 0x8c51,
    0x8c51, 0x8c51, 0x8c51, 0x8c51, 0xffff, 0x31a6, 0x8c51, 0x8c51, 0x8c51, 0x8c51, 0x8c51, 0x8c51,
    0x8c51, 0x8c51, 0x8c51, 0x8c51, 0x8c51, 0x8c51, 0x8c51, 0x8c51, 0x8c51, 0x8c51, 0xffff, 0x31a6,
    0x8c51, 0x8c51, 0x8c51, 0x8c51, 0x8c51, 0x8c51, 0x8c51, 0x8c51, 0x8c51, 0x8c51, 0x8c51, 0x8c51,
    0x8c51, 0x8c51, 0x8c51, 0x8c51, 0xffff, 0xc638, 0xc638, 0xc638, 0xc638, 0x52aa, 0x52aa, 0x0841,
    0x0841, 0xffff, 0xffff, 0xc638, 0xc638, 0xc638, 0xc638, 0x31a6, 0x8c51, 0x8c51, 0x8c51, 0x8c51,
    0x8c51, 0x8c51, 0x8c51, 0x8c51, 0x8c51, 0x8c51, 0x8c51, 0x8c51, 0x8c51, 0x8c51, 0x8c51, 0x8c51,
    0xffff, 0x31a6, 0x8c51, 0x8c51, 0x8c51, 0x8c51, 0x8c51, 0x8c51, 0x8c51, 0x8c51, 0x8c51, 0x8c51,
    0x8c51, 0x8c51, 0x8c51, 0x8c51, 0x8c51, 0x8c51, 0xffff, 0x31a6, 0x8c51, 0x8c51, 0x8c51, 0x8c51,
    0x8c51, 0x8c51, 0x8c51, 0x8c51, 0x8c51, 0x8c51, 0x8c51, 0x8c51, 0x8c51, 0x8c51, 0x8c51, 0x8c51,
    0xffff, 0x31a6, 0x8c51, 0x8c51, 0x8c51, 0x8c51, 0x8c51, 0x8c51, 0x8c51, 0x8c51, 0x8c51, 0x8c51,
    0x8c51, 0x8c51, 0x8c51, 0x8c51, 0x8c51, 0x8c51, 0xffff, 0x31a6, 0x8c51, 0x8c51, 0x8c51, 0x8c51,
    0x8c51, 0x8c51, 0x8c51, 0x8c51, 0x8c51, 0x8c51, 0x8c51, 0x8c51, 0x8c51, 0x8c51, 0x8c51, 0x8c51,
    0xffff, 0x31a6, 0x8c51, 0x8c51, 0x8c51, 0x8c51, 0x8c51, 0x8c51, 0x8c51, 0x8c51, 0x8c51, 0x8c51,
    0x8c51, 0x8c51, 0x8c51, 0x8c51, 0x8c51, 0x8c51, 0xffff, 0x31a6, 0x8c51, 0x8c51, 0x8c51, 0x8c51,
    0x8c51, 0x8c51, 0x8c51, 0x8c51, 0x8c51, 0x8c51, 0x8c51, 0x8c51, 0x8c51, 0x8c51, 0x8c51, 0x8c51,
    0xffff, 0x31a6, 0x8c51, 0x8c51, 0x8c51, 0x8c51, 0x8c51, 0x8c51, 0x8c51, 0x8c51, 0x8c51, 0x8c51,
    0x8c51, 0x8c51, 0x8c51, 0x8c51, 0x8c51, 0x8c51, 0xffff, 0x31a6, 0x8c51, 0x8c51, 0x8c51, 0x8c51,
    0x8c51, 0x8c51, 0x8c51, 0x8c51, 0x8c51, 0x8c51, 0x8c51, 0x8c51, 0x8c51, 0x8c51, 0x8c51, 0x8c51,
    0xffff, 0xc638, 0xc638, 0xc638, 0xc638, 0x52aa, 0x52aa, 0x0841, 0x0841, 0xffff, 0xffff, 0xc638,
    0xc638, 0xc638, 0xc638, 0x31a6, 0x8c51, 0x8c51, 0x8c51, 0x8c51, 0x8c51, 0x8c51, 0x8c51, 0x8c51,
    0x8c51, 0x8c51, 0x8c51, 0x8c51, 0x8c51, 0x8c51, 0x8c51, 0x8c51, 0xffff, 0x31a6, 0x8c51, 0x8c51,
    0x8c51, 0x8c51, 0x8c51, 0x8c51, 0x8c51, 0x8c51, 0x8c51, 0x8c51, 0x8c51, 0x8c51, 0x8c51, 0x8c51,
    0x8c51, 0x8c51, 0xffff, 0x31a6, 0x8c51, 0x8c51, 0x8c51, 0x8c51, 0x8c51, 0x8c51, 0x8c51, 0x8c51,
    0x8c51, 0x8c51, 0x8c51, 0x8c51, 0x8c51, 0x8c51, 0x8c51, 0x8c51, 0xffff, 0x31a6, 0x8c51, 0x8c51,
    0x8c51, 0x8c51, 0x8c51, 0x8c51, 0x8c51, 0x8c51, 0x8c51, 0x8c51, 0x8c51, 0x8c51, 0x8c51, 0x8c51,
    0x8c51, 0x8c51, 0xffff, 0x31a6, 0x8c51, 0x8c51, 0x8c51, 0x8c51, 0x8c51, 0x8c51, 0x8c51, 0x8c51,
    0x8c51, 0x8c51, 0x8c51, 0x8c51, 0x8c51, 0x8c51, 0x8c51, 0x8c51, 0xffff, 0x31a6, 0x8c51, 0x8c51,
    0x8c51, 0x8c51, 0x8c51, 0x8c51, 0x8c51, 0x8c51, 0x8c51, 0x8c51, 0x8c51, 0x8c51, 0x8c51, 0x8c51,
    0x8c51, 0x8c51, 0xffff, 0x31a6, 0x8c51, 0x8c51, 0x8c51, 0x8c51, 0x8c51, 0x8c51, 0x8c51, 0x8c51,
    0x8c51, 0x8c51, 0x8c51, 0x8c51, 0x8c51, 0x8c51, 0x8c51, 0x8c51, 0xffff, 0x31a6, 0x8c51, 0x8c51,
    0x8c51, 0x8c51, 0x8c51, 0x8c51, 0x8c51, 0x8c51, 0x8c51, 0x8c51, 0x8c51, 0x8c51, 0x8c51, 0x8c51,
    0x8c51, 0x8c51, 0xffff, 0x31a6, 0x8c51, 0x8c51, 0x8c51, 0x8c51, 0x8c51, 0x8c51, 0x8c51, 0x8c51,
    0x8c51, 0x8c51, 0x8c51, 0x8c51, 0x8c51, 0x8c51, 0x8c51, 0x8c51, 0xffff, 0xc638, 0xc638, 0xc638,
    0xc638, 0x52aa, 0x52aa, 0x0841, 0x0841, 0xffff, 0xffff, 0xc638, 0xc638, 0xc638, 0xc638, 0x31a6,
    0x8c51, 0x8c51, 0x8c51, 0x8c51, 0x8c51, 0x8c51, 0x8c51, 0x8c51, 0x8c51, 0x8c51, 0x8c51, 0x8c51,
    0x8c51, 0x8c51, 0x8c51, 0x8c51, 0xffff, 0x31a6, 0x8c51, 0x8c51, 0x8c51, 0x8c51, 0x8c51, 0x8c51,
    0x8c51, 0x8c51, 0x8c51, 0x8c51, 0x8c51, 0x8c51, 0x8c51, 0x8c51, 0x8c51, 0x8c51, 0xffff, 0x31a6,
    0x8c51, 0x8c51, 0x8c51, 0x8c51, 0x8c51, 0x8c51, 0x8c51, 0x8c51, 0x8c51, 0x8c51, 0x8c51, 0x8c51,
    0x8c51, 0x8c51, 0x8c51, 0x8c51, 0xffff, 0x31a6, 0x8c51, 0x8c51, 0x8c51, 0x8c51, 0x8c51, 0x8c51,
    0x8c51, 0x8c51, 0x8c51, 0x8c51, 0x8c51, 0x8c51, 0x8c51, 0x8c51, 0x8c51, 0x8c51, 0xffff, 0x31a6,
    0x8c51, 0x8c51, 0x8c51, 0x8c51, 0x8c51, 0x8c51, 0x8c51, 0x8c51, 0x8c51, 0x8c51, 0x8c51, 0x8c51,
    0x8c51, 0x8c51, 0x8c51, 0x8c51, 0xffff, 0x31a6, 0x8c51, 0x8c51, 0x8c51, 0x8c51, 0x8c51, 0x8c51,
    0x8c51, 0x8c51, 0x8c51, 0x8c51, 0x8c51, 0x8c51, 0x8c51, 0x8c51, 0x8c51, 0x8c51, 0xffff, 0x31a6,
    0x8c51, 0x8c51, 0x8c51, 0x8c51, 0x8c51, 0x8c51, 0x8c51, 0x8c51, 0x8c51, 0x8c51, 0x8c51, 0x8c51,
    0x8c51, 0x8c51, 0x8c51, 0x8c51, 0xffff, 0x31a6, 0x8c51, 0x8c51, 0x8c51, 0x8c51, 0x8c51, 0x8c51,
    0x8c51, 0x8c51, 0x8c51, 0x8c51, 0x8c51, 0x8c51, 0x8c51, 0x8c51, 0x8c51, 0x8c51, 0xffff, 0x31a6,
    0x8c51, 0x8c51, 0x8c51, 0x8c51, 0x8c51, 0x8c51, 0x8c51, 0x8c51, 0x8c51, 0x8c51, 0x8c51, 0x8c51,
    0x8c51, 0x8c51, 0x8c51, 0x8c51, 0xffff, 0xc638, 0xc638, 0xc638, 0xc638, 0x52aa, 0x52aa, 0x0841,
    0x0841, 0xffff, 0xffff, 0xc638, 0xc638, 0xc638, 0xc638, 0x8c51, 0xffff, 0xffff, 0xffff, 0xffff,
    0xffff, 0xffff, 0xffff, 0xffff, 0xffff, 0xffff, 0xffff, 0xffff, 0xffff, 0xffff, 0xffff, 0xffff,
    0xffff, 0x8c51, 0xffff, 0xffff, 0xffff, 0xffff, 0xffff, 0xffff, 0xffff, 0xffff, 0xffff, 0xffff,
    0xffff, 0xffff, 0xffff, 0xffff, 0xffff, 0xffff, 0xffff, 0x8c51, 0xffff, 0xffff, 0xffff, 0xffff,
    0xffff, 0xffff, 0xffff, 0xffff, 0xffff, 0xffff, 0xffff, 0xffff, 0xffff, 0xffff, 0xffff, 0xffff,
    0xffff, 0x8c51, 0xffff, 0xffff, 0xffff, 0xffff, 0xffff, 0xffff, 0xffff, 0xffff, 0xffff, 0xffff,
    0xffff, 0xffff, 0xffff, 0xffff, 0xffff, 0xffff, 0xffff, 0x8c51, 0xffff, 0xffff, 0xffff, 0xffff,
    0xffff, 0xffff, 0xffff, 0xffff, 0xffff, 0xffff, 0xffff, 0xffff, 0xffff, 0xffff, 0xffff, 0xffff,
    0xffff, 0x8c51, 0xffff, 0xffff, 0xffff, 0xffff, 0xffff, 0xffff, 0xffff, 0xffff, 0xffff, 0xffff,
    0xffff, 0xffff, 0xffff, 0xffff, 0xffff, 0xffff, 0xffff, 0x8c51, 0xffff, 0xffff, 0xffff, 0xffff,
    0xffff, 0xffff, 0xffff, 0xffff, 0xffff, 0xffff, 0xffff, 0xffff, 0xffff, 0xffff, 0xffff, 0xffff,
    0xffff, 0x8c51, 0xffff, 0xffff, 0xffff, 0xffff, 0xffff, 0xffff, 0xffff, 0xffff, 0xffff, 0xffff,
    0xffff, 0xffff, 0xffff, 0xffff, 0xffff, 0xffff, 0xffff, 0x8c51, 0xffff, 0xffff, 0xffff, 0xffff,
    0xffff, 0xffff, 0xffff, 0xffff, 0xffff, 0xffff, 0xffff, 0xffff, 0xffff, 0xffff, 0xffff, 0xffff,
    0xffff, 0xc638, 0xc638, 0xc638, 0xc638, 0x52aa, 0x52aa, 0x0841, 0x0841, 0xffff, 0xffff, 0xc638,
    0xc638, 0xc638, 0xc638, 0x31a6, 0x31a6, 0x31a6, 0x31a6, 0x31a6, 0x31a6, 0x31a6, 0x31a6, 0x31a6,
    0x31a6, 0x31a6, 0x31a6, 0x31a6, 0x31a6, 0x31a6, 0x31a6, 0x31a6, 0x8c51, 0x31a6, 0x31a6, 0x31a6,
    0x31a6, 0x31a6, 0x31a6, 0x31a6, 0x31a6, 0x31a6, 0x31a6, 0x31a6, 0x31a6, 0x31a6, 0x31a6, 0x31a6,
    0x31a6, 0x31a6, 0x8c51, 0x31a6, 0x31a6, 0x31a6, 0x31a6, 0x31a6, 0x31a6, 0x31a6, 0x31a6, 0x31a6,
    0x31a6, 0x31a6, 0x31a6, 0x31a6, 0x31a6, 0x31a6, 0x31a6, 0x31a6, 0x8c51, 0x31a6, 0x31a6, 0x31a6,
    0x31a6, 0x31a6, 0x31a6, 0x31a6, 0x31a6, 0x31a6, 0x31a6, 0x31a6, 0x31a6, 0x31a6, 0x31a6, 0x31a6,
    0x31a6, 0x31a6, 0x8c51, 0x31a6, 0x31a6, 0x31a6, 0x31a6, 0x31a6, 0x31a6, 0x31a6, 0x31a6, 0x31a6,
    0x31a6, 0x31a6, 0x31a6, 0x31a6, 0x31a6, 0x31a6, 0x31a6, 0x31a6, 0x8c51, 0x31a6, 0x31a6, 0x31a6,
    0x31a6, 0x31a6, 0x31a6, 0x31a6, 0x31a6, 0x31a6, 0x31a6, 0x31a6, 0x31a6, 0x31a6, 0x31a6, 0x31a6,
    0x31a6, 0x31a6, 0x8c51, 0x31a6, 0x31a6, 0x31a6, 0x31a6, 0x31a6, 0x31a6, 0x31a6, 0x31a6, 0x31a6,
    0x31a6, 0x31a6, 0x31a6, 0x31a6, 0x31a6, 0x31a6, 0x31a6, 0x31a6, 0x8c51, 0x31a6, 0x31a6, 0x31a6,
    0x31a6, 0x31a6, 0x31a6, 0x31a6, 0x31a6, 0x31a6, 0x31a6, 0x31a6, 0x31a6, 0x31a6, 0x31a6, 0x31a6,
    0x31a6, 0x31a6, 0x8c51, 0x31a6, 0x31a6, 0x31a6, 0x31a6, 0x31a6, 0x31a6, 0x31a6, 0x31a6, 0x31a6,
    0x31a6, 0x31a6, 0x31a6, 0x31a6, 0x31a6, 0x31a6, 0x31a6, 0x31a6, 0x8c51, 0xc638, 0xc638, 0xc638,
    0xc638, 0x52aa, 0x52aa, 0x0841, 0x0841, 0xffff, 0xffff, 0xc638, 0xc638, 0xc638, 0xc638, 0x31a6,
    0x8c51, 0x8c51, 0x8c51, 0x8c51, 0x8c51, 0x8c51, 0x8c51, 0x8c51, 0x8c51, 0x8c51, 0x8c51, 0x8c51,
    0x8c51, 0x8c51, 0x8c51, 0x8c51, 0xffff, 0x31a6, 0x8c51, 0x8c51, 0x8c51, 0x8c51, 0x8c51, 0x8c51,
    0x8c51, 0x8c51, 0x8c51, 0x8c51, 0x8c51, 0x8c51, 0x8c51, 0x8c51, 0x8c51, 0x8c51, 0xffff, 0x31a6,
    0x8c51, 0x8c51, 0x8c51, 0x8c51, 0x8c51, 0x8c51, 0x8c51, 0x8c51, 0x8c51, 0x8c51, 0x8c51, 0x8c51,
    0x8c51, 0x8c51, 0x8c51, 0x8c51, 0xffff, 0x31a6, 0x8c51, 0x8c51, 0x8c51, 0x8c51, 0x8c51, 0x8c51,
    0x8c51, 0x8c51, 0x8c51, 0x8c51, 0x8c51, 0x8c51, 0x8c51, 0x8c51, 0x8c51, 0x8c51, 0xffff, 0x31a6,
    0x8c51, 0x8c51, 0x8c51, 0x8c51, 0x8c51, 0x8c51, 0x8c51, 0x8c51, 0x8c51, 0x8c51, 0x8c51, 0x8c51,
    0x8c51, 0x8c51, 0x8c51, 0x8c51, 0xffff, 0x31a6, 0x8c51, 0x8c51, 0x8c51, 0x8c51, 0x8c51, 0x8c51,
    0x8c51, 0x8c51, 0x8c51, 0x8c51, 0x8c51, 0x8c51, 0x8c51, 0x8c51, 0x8c51, 0x8c51, 0xffff, 0x31a6,
    0x8c51, 0x8c51, 0x8c51, 0x8c51, 0x8c51, 0x8c51, 0x8c51, 0x8c51, 0x8c51, 0x8c51, 0x8c51, 0x8c51,
    0x8c51, 0x8c51, 0x8c51, 0x8c51, 0xffff, 0x31a6, 0x8c51, 0x8c51, 0x8c51, 0x8c51, 0x8c51, 0x8c51,
    0x8c51, 0x8c51, 0x8c51, 0x8c51, 0x8c51, 0x8c51, 0x8c51, 0x8c51, 0x8c51, 0x8c51, 0xffff, 0x31a6,
    0x8c51, 0x8c51, 0x8c51, 0x8c51, 0x8c51, 0x8c51, 0x8c51, 0x8c51, 0x8c51, 0x8c51, 0x8c51, 0x8c51,
    0x8c51, 0x8c51, 0x8c51, 0x8c51, 0xffff, 0xc638, 0xc638, 0xc638, 0xc638, 0x52aa, 0x52aa, 0x0841,
    0x0841, 0xffff, 0xffff, 0xc638, 0xc638, 0xc638, 0xc638, 0x31a6, 0x8c51, 0x8c51, 0x8c51, 0x8c51,
    0x8c51, 0x8c51, 0x8c51, 0x8c51, 0x8c51, 0x8c51, 0x8c51, 0x8c51, 0x8c51, 0x8c51, 0x8c51, 0x8c51,
    0xffff, 0x31a6, 0x8c51, 0x8c51, 0x8c51, 0x8c51, 0x8c51, 0x8c51, 0x8c51, 0x8c51, 0x8c51, 0x8c51,
    0x8c51, 0x8c51, 0x8c51, 0x8c51, 0x8c51, 0x8c51, 0xffff, 0x31a6, 0x8c51, 0x8c51, 0x8c51, 0x8c51,
    0x8c51, 0x8c51, 0x8c51, 0x8c51, 0x8c51, 0x8c51, 0x8c51, 0x8c51, 0x8c51, 0x8c51, 0x8c51, 0x8c51,
    0xffff, 0x31a6, 0x8c51, 0x8c51, 0x8c51, 0x8c51, 0x8c51, 0x8c51, 0x8c51, 0x8c51, 0x8c51, 0x8c51,
    0x8c51, 0x8c51, 0x8c51, 0x8c51, 0x8c51, 0x8c51, 0xffff, 0x31a6, 0x8c51, 0x8c51, 0x8c51, 0x8c51,
    0x8c51, 0x8c51, 0x8c51, 0x8c51, 0x8c51, 0x8c51, 0x8c51, 0x8c51, 0x8c51, 0x8c51, 0x8c51, 0x8c51,
    0xffff, 0x31a6, 0x8c51, 0x8c51, 0x8c51, 0x8c51, 0x8c51, 0x8c51, 0x8c51, 0x8c51, 0x8c51, 0x8c51,
    0x8c51, 0x8c51, 0x8c51, 0x8c51, 0x8c51, 0x8c51, 0xffff, 0x31a6, 0x8c51, 0x8c51, 0x8c51, 0x8c51,
    0x8c51, 0x8c51, 0x8c51, 0x8c51, 0x8c51, 0x8c51, 0x8c51, 0x8c51, 0x8c51, 0x8c51, 0x8c51, 0x8c51,
    0xffff, 0x31a6, 0x8c51, 0x8c51, 0x8c51, 0x8c51, 0x8c51, 0x8c51, 0x8c51, 0x8c51, 0x8c51, 0x8c51,
    0x8c51, 0x8c51, 0x8c51, 0x8c51, 0x8c51, 0x8c51, 0xffff, 0x31a6, 0x8c51, 0x8c51, 0x8c51, 0x8c51,
    0x8c51, 0x8c51, 0x8c51, 0x8c51, 0x8c51, 0x8c51, 0x8c51, 0x8c51, 0x8c51, 0x8c51, 0x8c51, 0x8c51,
    0xffff, 0xc638, 0xc638, 0xc638, 0xc638, 0x52aa, 0x52aa, 0x0841, 0x0841, 0xffff, 0xffff, 0xc638,
    0xc638, 0xc638, 0xc638, 0x31a6, 0x8c51, 0x8c51, 0x8c51, 0x8c51, 0x8c51, 0x8c51, 0x8c51, 0x8c51,
    0x8c51, 0x8c51, 0x8c51, 0x8c51, 0x8c51, 0x8c51, 0x8c51, 0x8c51, 0xffff, 0x31a6, 0x8c51, 0x8c51,
    0x8c51, 0x8c51, 0x8c51, 0x8c51, 0x8c51, 0x8c51, 0x8c51, 0x8c51, 0x8c51, 0x8c51, 0x8c51, 0x8c51,
    0x8c51, 0x8c51, 0xffff, 0x31a6, 0x8c51, 0x8c51, 0x8c51, 0x8c51, 0x8c51, 0x8c51, 0x8c51, 0x8c51,
    0x8c51, 0x8c51, 0x8c51, 0x8c51, 0x8c51, 0x8c51, 0x8c51, 0x8c51, 0xffff, 0x31a6, 0x8c51, 0x8c51,
    0x8c51, 0x8c51, 0x8c51, 0x8c51, 0x8c51, 0x8c51, 0x8c51, 0x8c51, 0x8c51, 0x8c51, 0x8c51, 0x8c51,
    0x8c51, 0x8c51, 0xffff, 0x31a6, 0x8c51, 0x8c51, 0x8c51, 0x8c51, 0x8c51, 0x8c51, 0x8c51, 0x8c51,
    0x8c51, 0x8c51, 0x8c51, 0x8c51, 0x8c51, 0x8c51, 0x8c51, 0x8c51, 0xffff, 0x31a6, 0x8c51, 0x8c51,
    0x8c51, 0x8c51, 0x8c51, 0x8c51, 0x8c51, 0x8c51, 0x8c51, 0x8c51, 0x8c51, 0x8c51, 0x8c51, 0x8c51,
    0x8c51, 0x8c51, 0xffff, 0x31a6, 0x8c51, 0x8c51, 0x8c51, 0x8c51, 0x8c51, 0x8c51, 0x8c51, 0x8c51,
    0x8c51, 0x8c51, 0x8c51, 0x8c51, 0x8c51, 0x8c51, 0x8c51, 0x8c51, 0xffff, 0x31a6, 0x8c51, 0x8c51,
    0x8c51, 0x8c51, 0x8c51, 0x8c51, 0x8c51, 0x8c51, 0x8c51, 0x8c51, 0x8c51, 0x8c51, 0x8c51, 0x8c51,
    0x8c51, 0x8c51, 0xffff, 0x31a6, 0x8c51, 0x8c51, 0x8c51, 0x8c51, 0x8c51, 0x8c51, 0x8c51, 0x8c51,
    0x8c51, 0x8c51, 0x8c51, 0x8c51, 0x8c51, 0x8c51, 0x8c51, 0x8c51, 0xffff, 0xc638, 0xc638, 0xc638,
    0xc638, 0x52aa, 0x52aa, 0x0841, 0x0841, 0xffff, 0xffff, 0xc638, 0xc638, 0xc638, 0xc638, 0x31a6,
    0x8c51, 0x8c51, 0x8c51, 0x8c51, 0x8c51, 0x8c51, 0x8c51, 0x8c51, 0x8c51, 0x8c51, 0x8c51, 0x8c51,
    0x8c51, 0x8c51, 0x8c51, 0x8c51, 0xffff, 0x31a6, 0x8c51, 0x8c51, 0x8c51, 0x8c51, 0x8c51, 0x8c51,
    0x8c51, 0x8c51, 0x8c51, 0x8c51, 0x8c51, 0x8c51, 0x8c51, 0x8c51, 0x8c51, 0x8c51, 0xffff, 0x31a6,
    0x8c51, 0x8c51, 0x8c51, 0x8c51, 0x8c51, 0x8c51, 0x8c51, 0x8c51, 0x8c51, 0x8c51, 0x8c51, 0x8c51,
    0x8c51, 0x8c51, 0x8c51, 0x8c51, 0xffff, 0x31a6, 0x8c51, 0x8c51, 0x8c51, 0x8c51, 0x8c51, 0x8c51,
    0x8c51, 0x8c51, 0x8c51, 0x8c51, 0x8c51, 0x8c51, 0x8c51, 0x8c51, 0x8c51, 0x8c51, 0xffff, 0x31a6,
    0x8c51, 0x8c51, 0x8c51, 0x8c51, 0x8c51, 0x8c51, 0x8c51, 0x8c51, 0x8c51, 0x8c51, 0x8c51, 0x8c51,
    0x8c51, 0x8c51, 0x8c51, 0x8c51, 0xffff, 0x31a6, 0x8c51, 0x8c51, 0x8c51, 0x8c51, 0x8c51, 0x8c51,
    0x8c51, 0x8c51, 0x8c51, 0x8c51, 0x8c51, 0x8c51, 0x8c51, 0x8c51, 0x8c51, 0x8c51, 0xffff, 0x31a6,
    0x8c51, 0x8c51, 0x8c51, 0x8c51, 0x8c51, 0x8c51, 0x8c51, 0x8c51, 0x8c51, 0x8c51, 0x8c51, 0x8c51,
    0x8c51, 0x8c51, 0x8c51, 0x8c51, 0xffff, 0x31a6, 0x8c51, 0x8c51, 0x8c51, 0x8c51, 0x8c51, 0x8c51,
    0x8c51, 0x8c51, 0x8c51, 0x8c51, 0x8c51, 0x8c51, 0x8c51, 0x8c51, 0x8c51, 0x8c51, 0xffff, 0x31a6,
    0x8c51, 0x8c51, 0x8c51, 0x8c51, 0x8c51, 0x8c51, 0x8c51, 0x8c51, 0x8c51, 0x8c51, 0x8c51, 0x8c51,
    0x8c51, 0x8c51, 0x8c51, 0x8c51, 0xffff, 0xc638, 0xc638, 0xc638, 0xc638, 0x52aa, 0x52aa, 0x0841,
    0x0841, 0xffff, 0xffff, 0xc638, 0xc638, 0xc638, 0xc638, 0x31a6, 0x8c51, 0x8c51, 0x8c51, 0x8c51,
    0x8c51, 0x8c51, 0x8c51, 0x8c51, 0x8c51, 0x8c51, 0x8c51, 0x8c51, 0x8c51, 0x8c51, 0x8c51, 0x8c51,
    0xffff, 0x31a6, 0x8c51, 0x8c51, 0x8c51, 0x8c51, 0x8c51, 0x8c51, 0x8c51, 0x8c51, 0x8c51, 0x8c51,
    0x8c51, 0x8c51, 0x8c51, 0x8c51, 0x8c51, 0x8c51, 0xffff, 0x31a6, 0x8c51, 0x8c51, 0x8c51, 0x8c51,
    0x8c51, 0x8c51, 0x8c51, 0x8c51, 0x8c51, 0x8c51, 0x8c51, 0x8c51, 0x8c51, 0x8c51, 0x8c51, 0x8c51,
    0xffff, 0x31a6, 0x8c51, 0x8c51, 0x8c51, 0x8c51, 0x8c51, 0x8c51, 0x8c51, 0x8c51, 0x8c51, 0x8c51,
    0x8c51, 0x8c51, 0x8c51, 0x8c51, 0x8c51, 0x8c51, 0xffff, 0x31a6, 0x8c51, 0x8c51, 0x8c51, 0x8c51,
    0x8c51, 0x8c51, 0x8c51, 0x8c51, 0x8c51, 0x8c51, 0x8c51, 0x8c51, 0x8c51, 0x8c51, 0x8c51, 0x8c51,
    0xffff, 0x31a6, 0x8c51, 0x8c51, 0x8c51, 0x8c51, 0x8c51, 0x8c51, 0x8c51, 0x8c51, 0x8c51, 0x8c51,
    0x8c51, 0x8c51, 0x8c51, 0x8c51, 0x8c51, 0x8c51, 0xffff, 0x31a6, 0x8c51, 0x8c51, 0x8c51, 0x8c51,
    0x8c51, 0x8c51, 0x8c51, 0x8c51, 0x8c51, 0x8c51, 0x8c51, 0x8c51, 0x8c51, 0x8c51, 0x8c51, 0x8c51,
    0xffff, 0x31a6, 0x8c51, 0x8c51, 0x8c51, 0x8c51, 0x8c51, 0x8c51, 0x8c51, 0x8c51, 0x8c51, 0x8c51,
    0x8c51, 0x8c51, 0x8c51, 0x8c51, 0x8c51, 0x8c51, 0xffff, 0x31a6, 0x8c51, 0x8c51, 0x8c51, 0x8c51,
    0x8c51, 0x8c51, 0x8c51, 0x8c51, 0x8c51, 0x8c51, 0x8c51, 0x8c51, 0x8c51, 0x8c51, 0x8c51, 0x8c51,
    0xffff, 0xc638, 0xc638, 0xc638, 0xc638, 0x52aa, 0x52aa, 0x0841, 0x0841, 0xffff, 0xffff, 0xc638,
    0xc638, 0xc638, 0xc638, 0x31a6, 0x8c51, 0x8c51, 0x8c51, 0x8c51, 0x8c51, 0x8c51, 0x8c51, 0x8c51,
    0x8c51, 0x8c51, 0x8c51, 0x8c51, 0x8c51, 0x8c51, 0x8c51, 0x8c51, 0xffff, 0x31a6, 0x8c51, 0x8c51,
    0x8c51, 0x8c51, 0x8c51, 0x8c51, 0x8c51, 0x8c51, 0x8c51, 0x8c51, 0x8c51, 0x8c51, 0x8c51, 0x8c51,
    0x8c51, 0x8c51, 0xffff, 0x31a6, 0x8c51, 0x8c51, 0x8c51, 0x8c51, 0x8c51, 0x8c51, 0x8c51, 0x8c51,
    0x8c51, 0x8c51, 0x8c51, 0x8c51, 0x8c51, 0x8c51, 0x8c51, 0x8c51, 0xffff, 0x31a6, 0x8c51, 0x8c51,
    0x8c51, 0x8c51, 0x8c51, 0x8c51, 0x8c51, 0x8c51, 0x8c51, 0x8c51, 0x8c51, 0x8c51, 0x8c51, 0x8c51,
    0x8c51, 0x8c51, 0xffff, 0x31a6, 0x8c51, 0x8c51, 0x8c51, 0x8c51, 0x8c51, 0x8c51, 0x8c51, 0x8c51,
    0x8c51, 0x8c51, 0x8c51, 0x8c51, 0x8c51, 0x8c51, 0x8c51, 0x8c51, 0xffff, 0x31a6, 0x8c51, 0x8c51,
    0x8c51, 0x8c51, 0x8c51, 0x8c51, 0x8c51, 0x8c51, 0x8c51, 0x8c51, 0x8c51, 0x8c51, 0x8c51, 0x8c51,
    0x8c51, 0x8c51, 0xffff, 0x31a6, 0x8c51, 0x8c51, 0x8c51, 0x8c51, 0x8c51, 0x8c51, 0x8c51, 0x8c51,
    0x8c51, 0x8c51, 0x8c51, 0x8c51, 0x8c51, 0x8c51, 0x8c51, 0x8c51, 0xffff, 0x31a6, 0x8c51, 0x8c51,
    0x8c51, 0x8c51, 0x8c51, 0x8c51, 0x8c51, 0x8c51, 0x8c51, 0x8c51, 0x8c51, 0x8c51, 0x8c51, 0x8c51,
    0x8c51, 0x8c51, 0xffff, 0x31a6, 0x8c51, 0x8c51, 0x8c51, 0x8c51, 0x8c51, 0x8c51, 0x8c51, 0x8c51,
    0x8c51, 0x8c51, 0x8c51, 0x8c51, 0x8c51, 0x8c51, 0x8c51, 0x8c51, 0xffff, 0xc638, 0xc638, 0xc638,
    0xc638, 0x52aa, 0x52aa, 0x0841, 0x0841, 0xffff, 0xffff, 0xc638, 0xc638, 0xc638, 0xc638, 0x31a6,
    0x8c51, 0x8c51, 0x8c51, 0x8c51, 0x8c51, 0x8c51, 0x8c51, 0x8c51, 0x8c51, 0x8c51, 0x8c51, 0x8c51,
    0x8c51, 0x8c51, 0x8c51, 0x8c51, 0xffff, 0x31a6, 0x8c51, 0x8c51, 0x8c51, 0x8c51, 0x8c51, 0x8c51,
    0x8c51, 0x8c51, 0x8c51, 0x8c51, 0x8c51, 0x8c51, 0x8c51, 0x8c51, 0x8c51, 0x8c51, 0xffff, 0x31a6,
    0x8c51, 0x8c51, 0x8c51, 0x8c51, 0x8c51, 0x8c51, 0x8c51, 0x8c51, 0x8c51, 0x8c51, 0x8c51, 0x8c51,
    0x8c51, 0x8c51, 0x8c51, 0x8c51, 0xffff, 0x31a6, 0x8c51, 0x8c51, 0x8c51, 0x8c51, 0x8c51, 0x8c51,
    0x8c51, 0x8c51, 0x8c51, 0x8c51, 0x8c51, 0x8c51, 0x8c51, 0x8c51, 0x8c51, 0x8c51, 0xffff, 0x31a6,
    0x8c51, 0x8c51, 0x8c51, 0x8c51, 0x8c51, 0x8c51, 0x8c51, 0x8c51, 0x8c51, 0x8c51, 0x8c51, 0x8c51,
    0x8c51, 0x8c51, 0x8c51, 0x8c51, 0xffff, 0x31a6, 0x8c51, 0x8c51, 0x8c51, 0x8c51, 0x8c51, 0x8c51,
    0x8c51, 0x8c51, 0x8c51, 0x8c51, 0x8c51, 0x8c51, 0x8c51, 0x8c51, 0x8c51, 0x8c51, 0xffff, 0x31a6,
    0x8c51, 0x8c51, 0x8c51, 0x8c51, 0x8c51, 0x8c51, 0x8c51, 0x8c51, 0x8c51, 0x8c51, 0x8c51, 0x8c51,
    0x8c51, 0x8c51, 0x8c51, 0x8c51, 0xffff, 0x31a6, 0x8c51, 0x8c51, 0x8c51, 0x8c51, 0x8c51, 0x8c51,
    0x8c51, 0x8c51, 0x8c51, 0x8c51, 0x8c51, 0x8c51, 0x8c51, 0x8c51, 0x8c51, 0x8c51, 0xffff, 0x31a6,
    0x8c51, 0x8c51, 0x8c51, 0x8c51, 0x8c51, 0x8c51, 0x8c51, 0x8c51, 0x8c51, 0x8c51, 0x8c51, 0x8c51,
    0x8c51, 0x8c51, 0x8c51, 0x8c51, 0xffff, 0xc638, 0xc638, 0xc638, 0xc638, 0x52aa, 0x52aa, 0x0841,
    0x0841, 0xffff, 0xffff, 0xc638, 0xc638, 0xc638, 0xc638, 0x31a6, 0x8c51, 0x8c51, 0x8c51, 0x8c51,
    0x8c51, 0x8c51, 0x8c51, 0x8c51, 0x8c51, 0x8c51, 0x8c51, 0x8c51, 0x8c51, 0x8c51, 0x8c51, 0x8c51,
    0xffff, 0x31a6, 0x8c51, 0x8c51, 0x8c51, 0x8c51, 0x8c51, 0x8c51, 0x8c51, 0x8c51, 0x8c51, 0x8c51,
    0x8c51, 0x8c51, 0x8c51, 0x8c51, 0x8c51, 0x8c51, 0xffff, 0x31a6, 0x8c51, 0x8c51, 0x8c51, 0x8c51,
    0x8c51, 0x8c51, 0x8c51, 0x8c51, 0x8c51, 0x8c51, 0x8c51, 0x8c51, 0x8c51, 0x8c51, 0x8c51, 0x8c51,
    0xffff, 0x31a6, 0x8c51, 0x8c51, 0x8c51, 0x8c51, 0x8c51, 0x8c51, 0x8c51, 0x8c51, 0x8c51, 0x8c51,
    0x8c51, 0x8c51, 0x8c51, 0x8c51, 0x8c51, 0x8c51, 0xffff, 0x31a6, 0x8c51, 0x8c51, 0x8c51, 0x8c51,
    0x8c51, 0x8c51, 0x8c51, 0x8c51, 0x8c51, 0x8c51, 0x8c51, 0x8c51, 0x8c51, 0x8c51, 0x8c51, 0x8c51,
    0xffff, 0x31a6, 0x8c51, 0x8c51, 0x8c51, 0x8c51, 0x8c51, 0x8c51, 0x8c51, 0x8c51, 0x8c51, 0x8c51,
    0x8c51, 0x8c51, 0x8c51, 0x8c51, 0x8c51, 0x8c51, 0xffff, 0x31a6, 0x8c51, 0x8c51, 0x8c51, 0x8c51,
    0x8c51, 0x8c51, 0x8c51, 0x8c51, 0x8c51, 0x8c51, 0x8c51, 0x8c51, 0x8c51, 0x8c51, 0x8c51, 0x8c51,
    0xffff, 0x31a6, 0x8c51, 0x8c51, 0x8c51, 0x8c51, 0x8c51, 0x8c51, 0x8c51, 0x8c51, 0x8c51, 0x8c51,
    0x8c51, 0x8c51, 0x8c51, 0x8c51, 0x8c51, 0x8c51, 0xffff, 0x31a6, 0x8c51, 0x8c51, 0x8c51, 0x8c51,
    0x8c51, 0x8c51, 0x8c51, 0x8c51, 0x8c51, 0x8c51, 0x8c51, 0x8c51, 0x8c51, 0x8c51, 0x8c51, 0x8c51,
    0xffff, 0xc638, 0xc638, 0xc638, 0xc638, 0x52aa, 0x52aa, 0x0841, 0x0841, 0xffff, 0xffff, 0xc638,
    0xc638, 0xc638, 0xc638, 0x31a6, 0x8c51, 0x8c51, 0x8c51, 0x8c51, 0x8c51, 0x8c51, 0x8c51, 0x8c51,
    0x8c51, 0x8c51, 0x8c51, 0x8c51, 0x8c51, 0x8c51, 0x8c51, 0x8c51, 0xffff, 0x31a6, 0x8c51, 0x8c51,
    0x8c51, 0x8c51, 0x8c51, 0x8c51, 0x8c51, 0x8c51, 0x8c51, 0x8c51, 0x8c51, 0x8c51, 0x8c51, 0x8c51,
    0x8c51, 0x8c51, 0xffff, 0x31a6, 0x8c51, 0x8c51, 0x8c51, 0x8c51, 0x8c51, 0x8c51, 0x8c51, 0x8c51,
    0x8c51, 0x8c51, 0x8c51, 0x8c51, 0x8c51, 0x8c51, 0x8c51, 0x8c51, 0xffff, 0x31a6, 0x8c51, 0x8c51,
    0x8c51, 0x8c51, 0x8c51, 0x8c51, 0x8c51, 0x8c51, 0x8c51, 0x8c51, 0x8c51, 0x8c51, 0x8c51, 0x8c51,
    0x8c51, 0x8c51, 0xffff, 0x31a6, 0x8c51, 0x8c51, 0x8c51, 0x8c51, 0x8c51, 0x8c51, 0x8c51, 0x8c51,
    0x8c51, 0x8c51, 0x8c51, 0x8c51, 0x8c51, 0x8c51, 0x8c51, 0x8c51, 0xffff, 0x31a6, 0x8c51, 0x8c51,
    0x8c51, 0x8c51, 0x8c51, 0x8c51, 0x8c51, 0x8c51, 0x8c51, 0x8c51, 0x8c51, 0x8c51, 0x8c51, 0x8c51,
    0x8c51, 0x8c51, 0xffff, 0x31a6, 0x8c51, 0x8c51, 0x8c51, 0x8c51, 0x8c51, 0x8c51, 0x8c51, 0x8c51,
    0x8c51, 0x8c51, 0x8c51, 0x8c51, 0x8c51, 0x8c51, 0x8c51, 0x8c51, 0xffff, 0x31a6, 0x8c51, 0x8c51,
    0x8c51, 0x8c51, 0x8c51, 0x8c51, 0x8c51, 0x8c51, 0x8c51, 0x8c51, 0x8c51, 0x8c51, 0x8c51, 0x8c51,
    0x8c51, 0x8c51, 0xffff, 0x31a6, 0x8c51, 0x8c51, 0x8c51, 0x8c51, 0x8c51, 0x8c51, 0x8c51, 0x8c51,
    0x8c51, 0x8c51, 0x8c51, 0x8c51, 0x8c51, 0x8c51, 0x8c51, 0x8c51, 0xffff, 0xc638, 0xc638, 0xc638,
    0xc638, 0x52aa, 0x52aa, 0x0841, 0x0841, 0xffff, 0xffff, 0xc638, 0xc638, 0xc638, 0xc638, 0x31a6,
    0x8c51, 0x8c51, 0x8c51, 0x8c51, 0x8c51, 0x8c51, 0x8c51, 0x8c51, 0x8c51, 0x8c51, 0x8c51, 0x8c51,
    0x8c51, 0x8c51, 0x8c51, 0x8c51, 0xffff, 0x31a6, 0x8c51, 0x8c51, 0x8c51, 0x8c51, 0x8c51, 0x8c51,
    0x8c51, 0x8c51, 0x8c51, 0x8c51, 0x8c51, 0x8c51, 0x8c51, 0x8c51, 0x8c51, 0x8c51, 0xffff, 0x31a6,
    0x8c51, 0x8c51, 0x8c51, 0x8c51, 0x8c51, 0x8c51, 0x8c51, 0x8c51, 0x8c51, 0x8c51, 0x8c51, 0x8c51,
    0x8c51, 0x8c51, 0x8c51, 0x8c51, 0xffff, 0x31a6, 0x8c51, 0x8c51, 0x8c51, 0x8c51, 0x8c51, 0x8c51,
    0x8c51, 0x8c51, 0x8c51, 0x8c51, 0x8c51, 0x8c51, 0x8c51, 0x8c51, 0x8c51, 0x8c51, 0xffff, 0x31a6,
    0x8c51, 0x8c51, 0x8c51, 0x8c51, 0x8c51, 0x8c51, 0x8c51, 0x8c51, 0x8c51, 0x8c51, 0x8c51, 0x8c51,
    0x8c51, 0x8c51, 0x8c51, 0x8c51, 0xffff, 0x31a6, 0x8c51, 0x8c51, 0x8c51, 0x8c51, 0x8c51, 0x8c51,
    0x8c51, 0x8c51, 0x8c51, 0x8c51, 0x8c51, 0x8c51, 0x8c51, 0x8c51, 0x8c51, 0x8c51, 0xffff, 0x31a6,
    0x8c51, 0x8c51, 0x8c51, 0x8c51, 0x8c51, 0x8c51, 0x8c51, 0x8c51, 0x8c51, 0x8c51, 0x8c51, 0x8c51,
    0x8c51, 0x8c51, 0x8c51, 0x8c51, 0xffff, 0x31a6, 0x8c51, 0x8c51, 0x8c51, 0x8c51, 0x8c51, 0x8c51,
    0x8c51, 0x8c51, 0x8c51, 0x8c51, 0x8c51, 0x8c51, 0x8c51, 0x8c51, 0x8c51, 0x8c51, 0xffff, 0x31a6,
    0x8c51, 0x8c51, 0x8c51, 0x8c51, 0x8c51, 0x8c51, 0x8c51, 0x8c51, 0x8c51, 0x8c51, 0x8c51, 0x8c51,
    0x8c51, 0x8c51, 0x8c51, 0x8c51, 0xffff, 0xc638, 0xc638, 0xc638, 0xc638, 0x52aa, 0x52aa, 0x0841,
    0x0841, 0xffff, 0xffff, 0xc638, 0xc638, 0xc638, 0xc638, 0x31a6, 0x8c51, 0x8c51, 0x8c51, 0x8c51,
    0x8c51, 0x8c51, 0x8c51, 0x8c51, 0x8c51, 0x8c51, 0x8c51, 0x8c51, 0x8c51, 0x8c51, 0x8c51, 0x8c51,
    0xffff, 0x31a6, 0x8c51, 0x8c51, 0x8c51, 0x8c51, 0x8c51, 0x8c51, 0x8c51, 0x8c51, 0x8c51, 0x8c51,
    0x8c51, 0x8c51, 0x8c51, 0x8c51, 0x8c51, 0x8c51, 0xffff, 0x31a6, 0x8c51, 0x8c51, 0x8c51, 0x8c51,
    0x8c51, 0x8c51, 0x8c51, 0x8c51, 0x8c51, 0x8c51, 0x8c51, 0x8c51, 0x8c51, 0x8c51, 0x8c51, 0x8c51,
    0xffff, 0x31a6, 0x8c51, 0x8c51, 0x8c51, 0x8c51, 0x8c51, 0x8c51, 0x8c51, 0x8c51, 0x8c51, 0x8c51,
    0x8c51, 0x8c51, 0x8c51, 0x8c51, 0x8c51, 0x8c51, 0xffff, 0x31a6, 0x8c51, 0x8c51, 0x8c51, 0x8c51,
    0x8c51, 0x8c51, 0x8c51, 0x8c51, 0x8c51, 0x8c51, 0x8c51, 0x8c51, 0x8c51, 0x8c51, 0x8c51, 0x8c51,
    0xffff, 0x31a6, 0x8c51, 0x8c51, 0x8c51, 0x8c51, 0x8c51, 0x8c51, 0x8c51, 0x8c51, 0x8c51, 0x8c51,
    0x8c51, 0x8c51, 0x8c51, 0x8c51, 0x8c51, 0x8c51, 0xffff, 0x31a6, 0x8c51, 0x8c51, 0x8c51, 0x8c51,
    0x8c51, 0x8c51, 0x8c51, 0x8c51, 0x8c51, 0x8c51, 0x8c51, 0x8c51, 0x8c51, 0x8c51, 0x8c51, 0x8c51,
    0xffff, 0x31a6, 0x8c51, 0x8c51, 0x8c51, 0x8c51, 0x8c51, 0x8c51, 0x8c51, 0x8c51, 0x8c51, 0x8c51,
    0x8c51, 0x8c51, 0x8c51, 0x8c51, 0x8c51, 0x8c51, 0xffff, 0x31a6, 0x8c51, 0x8c51, 0x8c51, 0x8c51,
    0x8c51, 0x8c51, 0x8c51, 0x8c51, 0x8c51, 0x8c51, 0x8c51, 0x8c51, 0x8c51, 0x8c51, 0x8c51, 0x8c51,
    0xffff, 0xc638, 0xc638, 0xc638, 0xc638, 0x52aa, 0x52aa, 0x0841, 0x0841, 0xffff, 0xffff, 0xc638,
    0xc638, 0xc638, 0xc638, 0x31a6, 0x8c51, 0x8c51, 0x8c51, 0x8c51, 0x8c51, 0x8c51, 0x8c51, 0x8c51,
    0x8c51, 0x8c51, 0x8c51, 0x8c51, 0x8c51, 0x8c51, 0x8c51, 0x8c51, 0xffff, 0x31a6, 0x8c51, 0x8c51,
    0x8c51, 0x8c51, 0x8c51, 0x8c51, 0x8c51, 0x8c51, 0x8c51, 0x8c51, 0x8c51, 0x8c51, 0x8c51, 0x8c51,
    0x8c51, 0x8c51, 0xffff, 0x31a6, 0x8c51, 0x8c51, 0x8c51, 0x8c51, 0x8c51, 0x8c51, 0x8c51, 0x8c51,
    0x8c51, 0x8c51, 0x8c51, 0x8c51, 0x8c51, 0x8c51, 0x8c51, 0x8c51, 0xffff, 0x31a6, 0x8c51, 0x8c51,
    0x8c51, 0x8c51, 0x8c51, 0x8c51, 0x8c51, 0x8c51, 0x8c51, 0x8c51, 0x8c51, 0x8c51, 0x8c51, 0x8c51,
    0x8c51, 0x8c51, 0xffff, 0x31a6, 0x8c51, 0x8c51, 0x8c51, 0x8c51, 0x8c51, 0x8c51, 0x8c51, 0x8c51,
    0x8c51, 0x8c51, 0x8c51, 0x8c51, 0x8c51, 0x8c51, 0x8c51, 0x8c51, 0xffff, 0x31a6, 0x8c51, 0x8c51,
    0x8c51, 0x8c51, 0x8c51, 0x8c51, 0x8c51, 0x8c51, 0x8c51, 0x8c51, 0x8c51, 0x8c51, 0x8c51, 0x8c51,
    0x8c51, 0x8c51, 0xffff, 0x31a6, 0x8c51, 0x8c51, 0x8c51, 0x8c51, 0x8c51, 0x8c51, 0x8c51, 0x8c51,
    0x8c51, 0x8c51, 0x8c51, 0x8c51, 0x8c51, 0x8c51, 0x8c51, 0x8c51, 0xffff, 0x31a6, 0x8c51, 0x8c51,
    0x8c51, 0x8c51, 0x8c51, 0x8c51, 0x8c51, 0x8c51, 0x8c51, 0x8c51, 0x8c51, 0x8c51, 0x8c51, 0x8c51,
    0x8c51, 0x8c51, 0xffff, 0x31a6, 0x8c51, 0x8c51, 0x8c51, 0x8c51, 0x8c51, 0x8c51, 0x8c51, 0x8c51,
    0x8c51, 0x8c51, 0x8c51, 0x8c51, 0x8c51, 0x8c51, 0x8c51, 0x8c51, 0xffff, 0xc638, 0xc638, 0xc638,
    0xc638, 0x52aa, 0x52aa, 0x0841, 0x0841, 0xffff, 0xffff, 0xc638, 0xc638, 0xc638, 0xc638, 0x31a6,
    0x8c51, 0x8c51, 0x8c51, 0x8c51, 0x8c51, 0x8c51, 0x8c51, 0x8c51, 0x8c51, 0x8c51, 0x8c51, 0x8c51,
    0x8c51, 0x8c51, 0x8c51, 0x8c51, 0xffff, 0x31a6, 0x8c51, 0x8c51, 0x8c51, 0x8c51, 0x8c51, 0x8c51,
    0x8c51, 0x8c51, 0x8c51, 0x8c51, 0x8c51, 0x8c51, 0x8c51, 0x8c51, 0x8c51, 0x8c51, 0xffff, 0x31a6,
    0x8c51, 0x8c51, 0x8c51, 0x8c51, 0x8c51, 0x8c51, 0x8c51, 0x8c51, 0x8c51, 0x8c51, 0x8c51, 0x8c51,
    0x8c51, 0x8c51, 0x8c51, 0x8c51, 0xffff, 0x31a6, 0x8c51, 0x8c51, 0x8c51, 0x8c51, 0x8c51, 0x8c51,
    0x8c51, 0x8c51, 0x8c51, 0x8c51, 0x8c51, 0x8c51, 0x8c51, 0x8c51, 0x8c51, 0x8c51, 0xffff, 0x31a6,
    0x8c51, 0x8c51, 0x8c51, 0x8c51, 0x8c51, 0x8c51, 0x8c51, 0x8c51, 0x8c51, 0x8c51, 0x8c51, 0x8c51,
    0x8c51, 0x8c51, 0x8c51, 0x8c51, 0xffff, 0x31a6, 0x8c51, 0x8c51, 0x8c51, 0x8c51, 0x8c51, 0x8c51,
    0x8c51, 0x8c51, 0x8c51, 0x8c51, 0x8c51, 0x8c51, 0x8c51, 0x8c51, 0x8c51, 0x8c51, 0xffff, 0x31a6,
    0x8c51, 0x8c51, 0x8c51, 0x8c51, 0x8c51, 0x8c51, 0x8c51, 0x8c51, 0x8c51, 0x8c51, 0x8c51, 0x8c51,
    0x8c51, 0x8c51, 0x8c51, 0x8c51, 0xffff, 0x31a6, 0x8c51, 0x8c51, 0x8c51, 0x8c51, 0x8c51, 0x8c51,
    0x8c51, 0x8c51, 0x8c51, 0x8c51, 0x8c51, 0x8c51, 0x8c51, 0x8c51, 0x8c51, 0x8c51, 0xffff, 0x31a6,
    0x8c51, 0x8c51, 0x8c51, 0x8c51, 0x8c51, 0x8c51, 0x8c51, 0x8c51, 0x8c51, 0x8c51, 0x8c51, 0x8c51,
    0x8c51, 0x8c51, 0x8c51, 0x8c51, 0xffff, 0xc638, 0xc638, 0xc638, 0xc638, 0x52aa, 0x52aa, 0x0841,
    0x0841, 0xffff, 0xffff, 0xc638, 0xc638, 0xc638, 0xc638, 0x31a6, 0x8c51, 0x8c51, 0x8c51, 0x8c51,
    0x8c51, 0x8c51, 0x8c51, 0x8c51, 0x8c51, 0x8c51, 0x8c51, 0x8c51, 0x8c51, 0x8c51, 0x8c51, 0x8c51,
    0xffff, 0x31a6, 0x8c51, 0x8c51, 0x8c51, 0x8c51, 0x8c51, 0x8c51, 0x8c51, 0x8c51, 0x8c51, 0x8c51,
    0x8c51, 0x8c51, 0x8c51, 0x8c51, 0x8c51, 0x8c51, 0xffff, 0x31a6, 0x8c51, 0x8c51, 0x8c51, 0x8c51,
    0x8c51, 0x8c51, 0x8c51, 0x8c51, 0x8c51, 0x8c51, 0x8c51, 0x8c51, 0x8c51, 0x8c51, 0x8c51, 0x8c51,
    0xffff, 0x31a6, 0x8c51, 0x8c51, 0x8c51, 0x8c51, 0x8c51, 0x8c51, 0x8c51, 0x8c51, 0x8c51, 0x8c51,
    0x8c51, 0x8c51, 0x8c51, 0x8c51, 0x8c51, 0x8c51, 0xffff, 0x31a6, 0x8c51, 0x8c51, 0x8c51, 0x8c51,
    0x8c51, 0x8c51, 0x8c51, 0x8c51, 0x8c51, 0x8c51, 0x8c51, 0x8c51, 0x8c51, 0x8c51, 0x8c51, 0x8c51,
    0xffff, 0x31a6, 0x8c51, 0x8c51, 0x8c51, 0x8c51, 0x8c51, 0x8c51, 0x8c51, 0x8c51, 0x8c51, 0x8c51,
    0x8c51, 0x8c51, 0x8c51, 0x8c51, 0x8c51, 0x8c51, 0xffff, 0x31a6, 0x8c51, 0x8c51, 0x8c51, 0x8c51,
    0x8c51, 0x8c51, 0x8c51, 0x8c51, 0x8c51, 0x8c51, 0x8c51, 0x8c51, 0x8c51, 0x8c51, 0x8c51, 0x8c51,
    0xffff, 0x31a6, 0x8c51, 0x8c51, 0x8c51, 0x8c51, 0x8c51, 0x8c51, 0x8c51, 0x8c51, 0x8c51, 0x8c51,
    0x8c51, 0x8c51, 0x8c51, 0x8c51, 0x8c51, 0x8c51, 0xffff, 0x31a6, 0x8c51, 0x8c51, 0x8c51, 0x8c51,
    0x8c51, 0x8c51, 0x8c51, 0x8c51, 0x8c51, 0x8c51, 0x8c51, 0x8c51, 0x8c51, 0x8c51, 0x8c51, 0x8c51,
    0xffff, 0xc638, 0xc638, 0xc638, 0xc638, 0x52aa, 0x52aa, 0x0841, 0x0841, 0xffff, 0xffff, 0xc638,
    0xc638, 0xc638, 0xc638, 0x31a6, 0x8c51, 0x8c51, 0x8c51, 0x8c51, 0x8c51, 0x8c51, 0x8c51, 0x8c51,
    0x8c51, 0x8c51, 0x8c51, 0x8c51, 0x8c51, 0x8c51, 0x8c51, 0x8c51, 0xffff, 0x31a6, 0x8c51, 0x8c51,
    0x8c51, 0x8c51, 0x8c51, 0x8c51, 0x8c51, 0x8c51, 0x8c51, 0x8c51, 0x8c51, 0x8c51, 0x8c51, 0x8c51,
    0x8c51, 0x8c51, 0xffff, 0x31a6, 0x8c51, 0x8c51, 0x8c51, 0x8c51, 0x8c51, 0x8c51, 0x8c51, 0x8c51,
    0x8c51, 0x8c51, 0x8c51, 0x8c51, 0x8c51, 0x8c51, 0x8c51, 0x8c51, 0xffff, 0x31a6, 0x8c51, 0x8c51,
    0x8c51, 0x8c51, 0x8c51, 0x8c51, 0x8c51, 0x8c51, 0x8c51, 0x8c51, 0x8c51, 0x8c51, 0x8c51, 0x8c51,
    0x8c51, 0x8c51, 0xffff, 0x31a6, 0x8c51, 0x8c51, 0x8c51, 0x8c51, 0x8c51, 0x8c51, 0x8c51, 0x8c51,
    0x8c51, 0x8c51, 0x8c51, 0x8c51, 0x8c51, 0x8c51, 0x8c51, 0x8c51, 0xffff, 0x31a6, 0x8c51, 0x8c51,
    0x8c51, 0x8c51, 0x8c51, 0x8c51, 0x8c51, 0x8c51, 0x8c51, 0x8c51, 0x8c51, 0x8c51, 0x8c51, 0x8c51,
    0x8c51, 0x8c51, 0xffff, 0x31a6, 0x8c51, 0x8c51, 0x8c51, 0x8c51, 0x8c51, 0x8c51, 0x8c51, 0x8c51,
    0x8c51, 0x8c51, 0x8c51, 0x8c51, 0x8c51, 0x8c51, 0x8c51, 0x8c51, 0xffff, 0x31a6, 0x8c51, 0x8c51,
    0x8c51, 0x8c51, 0x8c51, 0x8c51, 0x8c51, 0x8c51, 0x8c51, 0x8c51, 0x8c51, 0x8c51, 0x8c51, 0x8c51,
    0x8c51, 0x8c51, 0xffff, 0x31a6, 0x8c51, 0x8c51, 0x8c51, 0x8c51, 0x8c51, 0x8c51, 0x8c51, 0x8c51,
    0x8c51, 0x8c51, 0x8c51, 0x8c51, 0x8c51, 0x8c51, 0x8c51, 0x8c51, 0xffff, 0xc638, 0xc638, 0xc638,
    0xc638, 0x52aa, 0x52aa, 0x0841, 0x0841, 0xffff, 0xffff, 0xc638, 0xc638, 0xc638, 0xc638, 0x31a6,
    0x8c51, 0x8c51, 0x8c51, 0x8c51, 0x8c51, 0x8c51, 0x8c51, 0x8c51, 0x8c51, 0x8c51, 0x8c51, 0x8c51,
    0x8c51, 0x8c51, 0x8c51, 0x8c51, 0xffff, 0x31a6, 0x8c51, 0x8c51, 0x8c51, 0x8c51, 0x8c51, 0x8c51,
    0x8c51, 0x8c51, 0x8c51, 0x8c51, 0x8c51, 0x8c51, 0x8c51, 0x8c51, 0x8c51, 0x8c51, 0xffff, 0x31a6,
    0x8c51, 0x8c51, 0x8c51, 0x8c51, 0x8c51, 0x8c51, 0x8c51, 0x8c51, 0x8c51, 0x8c51, 0x8c51, 0x8c51,
    0x8c51, 0x8c51, 0x8c51, 0x8c51, 0xffff, 0x31a6, 0x8c51, 0x8c51, 0x8c51, 0x8c51, 0x8c51, 0x8c51,
    0x8c51, 0x8c51, 0x8c51, 0x8c51, 0x8c51, 0x8c51, 0x8c51, 0x8c51, 0x8c51, 0x8c51, 0xffff, 0x31a6,
    0x8c51, 0x8c51, 0x8c51, 0x8c51, 0x8c51, 0x8c51, 0x8c51, 0x8c51, 0x8c51, 0x8c51, 0x8c51, 0x8c51,
    0x8c51, 0x8c51, 0x8c51, 0x8c51, 0xffff, 0x31a6, 0x8c51, 0x8c51, 0x8c51, 0x8c51, 0x8c51, 0x8c51,
    0x8c51, 0x8c51, 0x8c51, 0x8c51, 0x8c51, 0x8c51, 0x8c51, 0x8c51, 0x8c51, 0x8c51, 0xffff, 0x31a6,
    0x8c51, 0x8c51, 0x8c51, 0x8c51, 0x8c51, 0x8c51, 0x8c51, 0x8c51, 0x8c51, 0x8c51, 0x8c51, 0x8c51,
    0x8c51, 0x8c51, 0x8c51, 0x8c51, 0xffff, 0x31a6, 0x8c51, 0x8c51, 0x8c51, 0x8c51, 0x8c51, 0x8c51,
    0x8c51, 0x8c51, 0x8c51, 0x8c51, 0x8c51, 0x8c51, 0x8c51, 0x8c51, 0x8c51, 0x8c51, 0xffff, 0x31a6,
    0x8c51, 0x8c51, 0x8c51, 0x8c51, 0x8c51, 0x8c51, 0x8c51, 0x8c51, 0x8c51, 0x8c51, 0x8c51, 0x8c51,
    0x8c51, 0x8c51, 0x8c51, 0x8c51, 0xffff, 0xc638, 0xc638, 0xc638, 0xc638, 0x52aa, 0x52aa, 0x0841,
    0x0841, 0xffff, 0xffff, 0xc638, 0xc638, 0xc638, 0xc638, 0x8c51, 0xffff, 0xffff, 0xffff, 0xffff,
    0xffff, 0xffff, 0xffff, 0xffff, 0xffff, 0xffff, 0xffff, 0xffff, 0xffff, 0xffff, 0xffff, 0xffff,
    0xffff, 0x8c51, 0xffff, 0xffff, 0xffff, 0xffff, 0xffff, 0xffff, 0xffff, 0xffff, 0xffff, 0xffff,
    0xffff, 0xffff, 0xffff, 0xffff, 0xffff, 0xffff, 0xffff, 0x8c51, 0xffff, 0xffff, 0xffff, 0xffff,
    0xffff, 0xffff, 0xffff, 0xffff, 0xffff, 0xffff, 0xffff, 0xffff, 0xffff, 0xffff, 0xffff, 0xffff,
    0xffff, 0x8c51, 0xffff, 0xffff, 0xffff, 0xffff, 0xffff, 0xffff, 0xffff, 0xffff, 0xffff, 0xffff,
    0xffff, 0xffff, 0xffff, 0xffff, 0xffff, 0xffff, 0xffff, 0x8c51, 0xffff, 0xffff, 0xffff, 0xffff,
    0xffff, 0xffff, 0xffff, 0xffff, 0xffff, 0xffff, 0xffff, 0xffff, 0xffff, 0xffff, 0xffff, 0xffff,
    0xffff, 0x8c51, 0xffff, 0xffff, 0xffff, 0xffff, 0xffff, 0xffff, 0xffff, 0xffff, 0xffff, 0xffff,
    0xffff, 0xffff, 0xffff, 0xffff, 0xffff, 0xffff, 0xffff, 0x8c51, 0xffff, 0xffff, 0xffff, 0xffff,
    0xffff, 0xffff, 0xffff, 0xffff, 0xffff, 0xffff, 0xffff, 0xffff, 0xffff, 0xffff, 0xffff, 0xffff,
    0xffff, 0x8c51, 0xffff, 0xffff, 0xffff, 0xffff, 0xffff, 0xffff, 0xffff, 0xffff, 0xffff, 0xffff,
    0xffff, 0xffff, 0xffff, 0xffff, 0xffff, 0xffff, 0xffff, 0x8c51, 0xffff, 0xffff, 0xffff, 0xffff,
    0xffff, 0xffff, 0xffff, 0xffff, 0xffff, 0xffff, 0xffff, 0xffff, 0xffff, 0xffff, 0xffff, 0xffff,
    0xffff, 0xc638, 0xc638, 0xc638, 0xc638, 0x52aa, 0x52aa, 0x0841, 0x0841, 0xffff, 0xffff, 0xc638,
    0xc638, 0xc638, 0xc638, 0x31a6, 0x31a6, 0x31a6, 0x31a6, 0x31a6, 0x31a6, 0x31a6, 0x31a6, 0x31a6,
    0x31a6, 0x31a6, 0x31a6, 0x31a6, 0x31a6, 0x31a6, 0x31a6, 0x31a6, 0x8c51, 0x31a6, 0x31a6, 0x31a6,
    0x31a6, 0x31a6, 0x31a6, 0x31a6, 0x31a6, 0x31a6, 0x31a6, 0x31a6, 0x31a6, 0x31a6, 0x31a6, 0x31a6,
    0x31a6, 0x31a6, 0x8c51, 0x31a6, 0x31a6, 0x31a6, 0x31a6, 0x31a6, 0x31a6, 0x31a6, 0x31a6, 0x31a6,
    0x31a6, 0x31a6, 0x31a6, 0x31a6, 0x31a6, 0x31a6, 0x31a6, 0x31a6, 0x8c51, 0x31a6, 0x31a6, 0x31a6,
    0x31a6, 0x31a6, 0x31a6, 0x31a6, 0x31a6, 0x31a6, 0x31a6, 0x31a6, 0x31a6, 0x31a6, 0x31a6, 0x31a6,
    0x31a6, 0x31a6, 0x8c51, 0x31a6, 0x31a6, 0x31a6, 0x31a6, 0x31a6, 0x31a6, 0x31a6, 0x31a6, 0x31a6,
    0x31a6, 0x31a6, 0x31a6, 0x31a6, 0x31a6, 0x31a6, 0x31a6, 0x31a6, 0x8c51, 0x31a6, 0x31a6, 0x31a6,
    0x31a6, 0x31a6, 0x31a6, 0x31a6, 0x31a6, 0x31a6, 0x31a6, 0x31a6, 0x31a6, 0x31a6, 0x31a6, 0x31a6,
    0x31a6, 0x31a6, 0x8c51, 0x31a6, 0x31a6, 0x31a6, 0x31a6, 0x31a6, 0x31a6, 0x31a6, 0x31a6, 0x31a6,
    0x31a6, 0x31a6, 0x31a6, 0x31a6, 0x31a6, 0x31a6, 0x31a6, 0x31a6, 0x8c51, 0x31a6, 0x31a6, 0x31a6,
    0x31a6, 0x31a6, 0x31a6, 0x31a6, 0x31a6, 0x31a6, 0x31a6, 0x31a6, 0x31a6, 0x31a6, 0x31a6, 0x31a6,
    0x31a6, 0x31a6, 0x8c51, 0x31a6, 0x31a6, 0x31a6, 0x31a6, 0x31a6, 0x31a6, 0x31a6, 0x31a6, 0x31a6,
    0x31a6, 0x31a6, 0x31a6, 0x31a6, 0x31a6, 0x31a6, 0x31a6, 0x31a6, 0x8c51, 0xc638, 0xc638, 0xc638,
    0xc638, 0x52aa, 0x52aa, 0x0841, 0x0841, 0xffff, 0xffff, 0xc638, 0xc638, 0xc638, 0xc638, 0x31a6,
    0x8c51, 0x8c51, 0x8c51, 0x8c51, 0x8c51, 0x8c51, 0x8c51, 0x8c51, 0x8c51, 0x8c51, 0x8c51, 0x8c51,
    0x8c51, 0x8c51, 0x8c51, 0x8c51, 0xffff, 0x31a6, 0x8c51, 0x8c51, 0x8c51, 0x8c51, 0x8c51, 0x8c51,
    0x8c51, 0x8c51, 0x8c51, 0x8c51, 0x8c51, 0x8c51, 0x8c51, 0x8c51, 0x8c51, 0x8c51, 0xffff, 0x31a6,
    0x8c51, 0x8c51, 0x8c51, 0x8c51, 0x8c51, 0x8c51, 0x8c51, 0x8c51, 0x8c51, 0x8c51, 0x8c51, 0x8c51,
    0x8c51, 0x8c51, 0x8c51, 0x8c51, 0xffff, 0x31a6, 0x8c51, 0x8c51, 0x8c51, 0x8c51, 0x8c51, 0x8c51,
    0x8c51, 0x8c51, 0x8c51, 0x8c51, 0x8c51, 0x8c51, 0x8c51, 0x8c51, 0x8c51, 0x8c51, 0xffff, 0x31a6,
    0x8c51, 0x8c51, 0x8c51, 0x8c51, 0x8c51, 0x8c51, 0x8c51, 0x8c51, 0x8c51, 0x8c51, 0x8c51, 0x8c51,
    0x8c51, 0x8c51, 0x8c51, 0x8c51, 0xffff, 0x31a6, 0x8c51, 0x8c51, 0x8c51, 0x8c51, 0x8c51, 0x8c51,
    0x8c51, 0x8c51, 0x8c51, 0x8c51, 0x8c51, 0x8c51, 0x8c51, 0x8c51, 0x8c51, 0x8c51, 0xffff, 0x31a6,
    0x8c51, 0x8c51, 0x8c51, 0x8c51, 0x8c51, 0x8c51, 0x8c51, 0x8c51, 0x8c51, 0x8c51, 0x8c51, 0x8c51,
    0x8c51, 0x8c51, 0x8c51, 0x8c51, 0xffff, 0x31a6, 0x8c51, 0x8c51, 0x8c51, 0x8c51, 0x8c51, 0x8c51,
    0x8c51, 0x8c51, 0x8c51, 0x8c51, 0x8c51, 0x8c51, 0x8c51, 0x8c51, 0x8c51, 0x8c51, 0xffff, 0x31a6,
    0x8c51, 0x8c51, 0x8c51, 0x8c51, 0x8c51, 0x8c51, 0x8c51, 0x8c51, 0x8c51, 0x8c51, 0x8c51, 0x8c51,
    0x8c51, 0x8c51, 0x8c51, 0x8c51, 0xffff, 0xc638, 0xc638, 0xc638, 0xc638, 0x52aa, 0x52aa, 0x0841,
    0x0841, 0xffff, 0xffff, 0xc638, 0xc638, 0xc638, 0xc638, 0x31a6, 0x8c51, 0x8c51, 0x8c51, 0x8c51,
    0x8c51, 0x8c51, 0x8c51, 0x8c51, 0x8c51, 0x8c51, 0x8c51, 0x8c51, 0x8c51, 0x8c51, 0x8c51, 0x8c51,
    0xffff, 0x31a6, 0x8c51, 0x8c51, 0x8c51, 0x8c51, 0x8c51, 0x8c51, 0x8c51, 0x8c51, 0x8c51, 0x8c51,
    0x8c51, 0x8c51, 0x8c51, 0x8c51, 0x8c51, 0x8c51, 0xffff, 0x31a6, 0x8c51, 0x8c51, 0x8c51, 0x8c51,
    0x8c51, 0x8c51, 0x8c51, 0x8c51, 0x8c51, 0x8c51, 0x8c51, 0x8c51, 0x8c51, 0x8c51, 0x8c51, 0x8c51,
    0xffff, 0x31a6, 0x8c51, 0x8c51, 0x8c51, 0x8c51, 0x8c51, 0x8c51, 0x8c51, 0x8c51, 0x8c51, 0x8c51,
    0x8c51, 0x8c51, 0x8c51, 0x8c51, 0x8c51, 0x8c51, 0xffff, 0x31a6, 0x8c51, 0x8c51, 0x8c51, 0x8c51,
    0x8c51, 0x8c51, 0x8c51, 0x8c51, 0x8c51, 0x8c51, 0x8c51, 0x8c51, 0x8c51, 0x8c51, 0x8c51, 0x8c51,
    0xffff, 0x31a6, 0x8c51, 0x8c51, 0x8c51, 0x8c51, 0x8c51, 0x8c51, 0x8c51, 0x8c51, 0x8c51, 0x8c51,
    0x8c51, 0x8c51, 0x8c51, 0x8c51, 0x8c51, 0x8c51, 0xffff, 0x31a6, 0x8c51, 0x8c51, 0x8c51, 0x8c51,
    0x8c51, 0x8c51, 0x8c51, 0x8c51, 0x8c51, 0x8c51, 0x8c51, 0x8c51, 0x8c51, 0x8c51, 0x8c51, 0x8c51,
    0xffff, 0x31a6, 0x8c51, 0x8c51, 0x8c51, 0x8c51, 0x8c51, 0x8c51, 0x8c51, 0x8c51, 0x8c51, 0x8c51,
    0x8c51, 0x8c51, 0x8c51, 0x8c51, 0x8c51, 0x8c51, 0xffff, 0x31a6, 0x8c51, 0x8c51, 0x8c51, 0x8c51,
    0x8c51, 0x8c51, 0x8c51, 0x8c51, 0x8c51, 0x8c51, 0x8c51, 0x8c51, 0x8c51, 0x8c51, 0x8c51, 0x8c51,
    0xffff, 0xc638, 0xc638, 0xc638, 0xc638, 0x52aa, 0x52aa, 0x0841, 0x0841, 0xffff, 0xffff, 0xc638,
    0xc638, 0xc638, 0xc638, 0x31a6, 0x8c51, 0x8c51, 0x8c51, 0x8c51, 0x8c51, 0x8c51, 0x8c51, 0x8c51,
    0x8c51, 0x8c51, 0x8c51, 0x8c51, 0x8c51, 0x8c51, 0x8c51, 0x8c51, 0xffff, 0x31a6, 0x8c51, 0x8c51,
    0x8c51, 0x8c51, 0x8c51, 0x8c51, 0x8c51, 0x8c51, 0x8c51, 0x8c51, 0x8c51, 0x8c51, 0x8c51, 0x8c51,
    0x8c51, 0x8c51, 0xffff, 0x31a6, 0x8c51, 0x8c51, 0x8c51, 0x8c51, 0x8c51, 0x8c51, 0x8c51, 0x8c51,
    0x8c51, 0x8c51, 0x8c51, 0x8c51, 0x8c51, 0x8c51, 0x8c51, 0x8c51, 0xffff, 0x31a6, 0x8c51, 0x8c51,
    0x8c51, 0x8c51, 0x8c51, 0x8c51, 0x8c51, 0x8c51, 0x8c51, 0x8c51, 0x8c51, 0x8c51, 0x8c51, 0x8c51,
    0x8c51, 0x8c51, 0xffff, 0x31a6, 0x8c51, 0x8c51, 0x8c51, 0x8c51, 0x8c51, 0x8c51, 0x8c51, 0x8c51,
    0x8c51, 0x8c51, 0x8c51, 0x8c51, 0x8c51, 0x8c51, 0x8c51, 0x8c51, 0xffff, 0x31a6, 0x8c51, 0x8c51,
    0x8c51, 0x8c51, 0x8c51, 0x8c51, 0x8c51, 0x8c51, 0x8c51, 0x8c51, 0x8c51, 0x8c51, 0x8c51, 0x8c51,
    0x8c51, 0x8c51, 0xffff, 0x31a6, 0x8c51, 0x8c51, 0x8c51, 0x8c51, 0x8c51, 0x8c51, 0x8c51, 0x8c51,
    0x8c51, 0x8c51, 0x8c51, 0x8c51, 0x8c51, 0x8c51, 0x8c51, 0x8c51, 0xffff, 0x31a6, 0x8c51, 0x8c51,
    0x8c51, 0x8c51, 0x8c51, 0x8c51, 0x8c51, 0x8c51, 0x8c51, 0x8c51, 0x8c51, 0x8c51, 0x8c51, 0x8c51,
    0x8c51, 0x8c51, 0xffff, 0x31a6, 0x8c51, 0x8c51, 0x8c51, 0x8c51, 0x8c51, 0x8c51, 0x8c51, 0x8c51,
    0x8c51, 0x8c51, 0x8c51, 0x8c51, 0x8c51, 0x8c51, 0x8c51, 0x8c51, 0xffff, 0xc638, 0xc638, 0xc638,
    0xc638, 0x52aa, 0x52aa, 0x0841, 0x0841, 0xffff, 0xffff, 0xc638, 0xc638, 0xc638, 0xc638, 0x31a6,
    0x8c51, 0x8c51, 0x8c51, 0x8c51, 0x8c51, 0x8c51, 0x8c51, 0x8c51, 0x8c51, 0x8c51, 0x8c51, 0x8c51,
    0x8c51, 0x8c51, 0x8c51, 0x8c51, 0xffff, 0x31a6, 0x8c51, 0x8c51, 0x8c51, 0x8c51, 0x8c51, 0x8c51,
    0x8c51, 0x8c51, 0x8c51, 0x8c51, 0x8c51, 0x8c51, 0x8c51, 0x8c51, 0x8c51, 0x8c51, 0xffff, 0x31a6,
    0x8c51, 0x8c51, 0x8c51, 0x8c51, 0x8c51, 0x8c51, 0x8c51, 0x8c51, 0x8c51, 0x8c51, 0x8c51, 0x8c51,
    0x8c51, 0x8c51, 0x8c51, 0x8c51, 0xffff, 0x31a6, 0x8c51, 0x8c51, 0x8c51, 0x8c51, 0x8c51, 0x8c51,
    0x8c51, 0x8c51, 0x8c51, 0x8c51, 0x8c51, 0x8c51, 0x8c51, 0x8c51, 0x8c51, 0x8c51, 0xffff, 0x31a6,
    0x8c51, 0x8c51, 0x8c51, 0x8c51, 0x8c51, 0x8c51, 0x8c51, 0x8c51, 0x8c51, 0x8c51, 0x8c51, 0x8c51,
    0x8c51, 0x8c51, 0x8c51, 0x8c51, 0xffff, 0x31a6, 0x8c51, 0x8c51, 0x8c51, 0x8c51, 0x8c51, 0x8c51,
    0x8c51, 0x8c51, 0x8c51, 0x8c51, 0x8c51, 0x8c51, 0x8c51, 0x8c51, 0x8c51, 0x8c51, 0xffff, 0x31a6,
    0x8c51, 0x8c51, 0x8c51, 0x8c51, 0x8c51, 0x8c51, 0x8c51, 0x8c51, 0x8c51, 0x8c51, 0x8c51, 0x8c51,
    0x8c51, 0x8c51, 0x8c51, 0x8c51, 0xffff, 0x31a6, 0x8c51, 0x8c51, 0x8c51, 0x8c51, 0x8c51, 0x8c51,
    0x8c51, 0x8c51, 0x8c51, 0x8c51, 0x8c51, 0x8c51, 0x8c51, 0x8c51, 0x8c51, 0x8c51, 0xffff, 0x31a6,
    0x8c51, 0x8c51, 0x8c51, 0x8c51, 0x8c51, 0x8c51, 0x8c51, 0x8c51, 0x8c51, 0x8c51, 0x8c51, 0x8c51,
    0x8c51, 0x8c51, 0x8c51, 0x8c51, 0xffff, 0xc638, 0xc638, 0xc638, 0xc638, 0x52aa, 0x52aa, 0x0841,
    0x0841, 0xffff, 0xffff, 0xc638, 0xc638, 0xc638, 0xc638, 0x31a6, 0x8c51, 0x8c51, 0x8c51, 0x8c51,
    0x8c51, 0x8c51, 0x8c51, 0x8c51, 0x8c51, 0x8c51, 0x8c51, 0x8c51, 0x8c51, 0x8c51, 0x8c51, 0x8c51,
    0xffff, 0x31a6, 0x8c51, 0x8c51, 0x8c51, 0x8c51, 0x8c51, 0x8c51, 0x8c51, 0x8c51, 0x8c51, 0x8c51,
    0x8c51, 0x8c51, 0x8c51, 0x8c51, 0x8c51, 0x8c51, 0xffff, 0x31a6, 0x8c51, 0x8c51, 0x8c51, 0x8c51,
    0x8c51, 0x8c51, 0x8c51, 0x8c51, 0x8c51, 0x8c51, 0x8c51, 0x8c51, 0x8c51, 0x8c51, 0x8c51, 0x8c51,
    0xffff, 0x31a6, 0x8c51, 0x8c51, 0x8c51, 0x8c51, 0x8c51, 0x8c51, 0x8c51, 0x8c51, 0x8c51, 0x8c51,
    0x8c51, 0x8c51, 0x8c51, 0x8c51, 0x8c51, 0x8c51, 0xffff, 0x31a6, 0x8c51, 0x8c51, 0x8c51, 0x8c51,
    0x8c51, 0x8c51, 0x8c51, 0x8c51, 0x8c51, 0x8c51, 0x8c51, 0x8c51, 0x8c51, 0x8c51, 0x8c51, 0x8c51,
    0xffff, 0x31a6, 0x8c51, 0x8c51, 0x8c51, 0x8c51, 0x8c51, 0x8c51, 0x8c51, 0x8c51, 0x8c51, 0x8c51,
    0x8c51, 0x8c51, 0x8c51, 0x8c51, 0x8c51, 0x8c51, 0xffff, 0x31a6, 0x8c51, 0x8c51, 0x8c51, 0x8c51,
    0x8c51, 0x8c51, 0x8c51, 0x8c51, 0x8c51, 0x8c51, 0x8c51, 0x8c51, 0x8c51, 0x8c51, 0x8c51, 0x8c51,
    0xffff, 0x31a6, 0x8c51, 0x8c51, 0x8c51, 0x8c51, 0x8c51, 0x8c51, 0x8c51, 0x8c51, 0x8c51, 0x8c51,
    0x8c51, 0x8c51, 0x8c51, 0x8c51, 0x8c51, 0x8c51, 0xffff, 0x31a6, 0x8c51, 0x8c51, 0x8c51, 0x8c51,
    0x8c51, 0x8c51, 0x8c51, 0x8c51, 0x8c51, 0x8c51, 0x8c51, 0x8c51, 0x8c51, 0x8c51, 0x8c51, 0x8c51,
    0xffff, 0xc638, 0xc638, 0xc638, 0xc638, 0x52aa, 0x52aa, 0x0841, 0x0841, 0xffff, 0xffff, 0xc638,
    0xc638, 0xc638, 0xc638, 0x31a6, 0x8c51, 0x8c51, 0x8c51, 0x8c51, 0x8c51, 0x8c51, 0x8c51, 0x8c51,
    0x8c51, 0x8c51, 0x8c51, 0x8c51, 0x8c51, 0x8c51, 0x8c51, 0x8c51, 0xffff, 0x31a6, 0x8c51, 0x8c51,
    0x8c51, 0x8c51, 0x8c51, 0x8c51, 0x8c51, 0x8c51, 0x8c51, 0x8c51, 0x8c51, 0x8c51, 0x8c51, 0x8c51,
    0x8c51, 0x8c51, 0xffff, 0x31a6, 0x8c51, 0x8c51, 0x8c51, 0x8c51, 0x8c51, 0x8c51, 0x8c51, 0x8c51,
    0x8c51, 0x8c51, 0x8c51, 0x8c51, 0x8c51, 0x8c51, 0x8c51, 0x8c51, 0xffff, 0x31a6, 0x8c51, 0x8c51,
    0x8c51, 0x8c51, 0x8c51, 0x8c51, 0x8c51, 0x8c51, 0x8c51, 0x8c51, 0x8c51, 0x8c51, 0x8c51, 0x8c51,
    0x8c51, 0x8c51, 0xffff, 0x31a6, 0x8c51, 0x8c51, 0x8c51, 0x8c51, 0x8c51, 0x8c51, 0x8c51, 0x8c51,
    0x8c51, 0x8c51, 0x8c51, 0x8c51, 0x8c51, 0x8c51, 0x8c51, 0x8c51, 0xffff, 0x31a6, 0x8c51, 0x8c51,
    0x8c51, 0x8c51, 0x8c51, 0x8c51, 0x8c51, 0x8c51, 0x8c51, 0x8c51, 0x8c51, 0x8c51, 0x8c51, 0x8c51,
    0x8c51, 0x8c51, 0xffff, 0x31a6, 0x8c51, 0x8c51, 0x8c51, 0x8c51, 0x8c51, 0x8c51, 0x8c51, 0x8c51,
    0x8c51, 0x8c51, 0x8c51, 0x8c51, 0x8c51, 0x8c51, 0x8c51, 0x8c51, 0xffff, 0x31a6, 0x8c51, 0x8c51,
    0x8c51, 0x8c51, 0x8c51, 0x8c51, 0x8c51, 0x8c51, 0x8c51, 0x8c51, 0x8c51, 0x8c51, 0x8c51, 0x8c51,
    0x8c51, 0x8c51, 0xffff, 0x31a6, 0x8c51, 0x8c51, 0x8c51, 0x8c51, 0x8c51, 0x8c51, 0x8c51, 0x8c51,
    0x8c51, 0x8c51, 0x8c51, 0x8c51, 0x8c51, 0x8c51, 0x8c51, 0x8c51, 0xffff, 0xc638, 0xc638, 0xc638,
    0xc638, 0x52aa, 0x52aa, 0x0841, 0x0841, 0xffff, 0xffff, 0xc638, 0xc638, 0xc638, 0xc638, 0x31a6,
    0x8c51, 0x8c51, 0x8c51, 0x8c51, 0x8c51, 0x8c51, 0x8c51, 0x8c51, 0x8c51, 0x8c51, 0x8c51, 0x8c51,
    0x8c51, 0x8c51, 0x8c51, 0x8c51, 0xffff, 0x31a6, 0x8c51, 0x8c51, 0x8c51, 0x8c51, 0x8c51, 0x8c51,
    0x8c51, 0x8c51, 0x8c51, 0x8c51, 0x8c51, 0x8c51, 0x8c51, 0x8c51, 0x8c51, 0x8c51, 0xffff, 0x31a6,
    0x8c51, 0x8c51, 0x8c51, 0x8c51, 0x8c51, 0x8c51, 0x8c51, 0x8c51, 0x8c51, 0x8c51, 0x8c51, 0x8c51,
    0x8c51, 0x8c51, 0x8c51, 0x8c51, 0xffff, 0x31a6, 0x8c51, 0x8c51, 0x8c51, 0x8c51, 0x8c51, 0x8c51,
    0x8c51, 0x8c51, 0x8c51, 0x8c51, 0x8c51, 0x8c51, 0x8c51, 0x8c51, 0x8c51, 0x8c51, 0xffff, 0x31a6,
    0x8c51, 0x8c51, 0x8c51, 0x8c51, 0x8c51, 0x8c51, 0x8c51, 0x8c51, 0x8c51, 0x8c51, 0x8c51, 0x8c51,
    0x8c51, 0x8c51, 0x8c51, 0x8c51, 0xffff, 0x31a6, 0x8c51, 0x8c51, 0x8c51, 0x8c51, 0x8c51, 0x8c51,
    0x8c51, 0x8c51, 0x8c51, 0x8c51, 0x8c51, 0x8c51, 0x8c51, 0x8c51, 0x8c51, 0x8c51, 0xffff, 0x31a6,
    0x8c51, 0x8c51, 0x8c51, 0x8c51, 0x8c51, 0x8c51, 0x8c51, 0x8c51, 0x8c51, 0x8c51, 0x8c51, 0x8c51,
    0x8c51, 0x8c51, 0x8c51, 0x8c51, 0xffff, 0x31a6, 0x8c51, 0x8c51, 0x8c51, 0x8c51, 0x8c51, 0x8c51,
    0x8c51, 0x8c51, 0x8c51, 0x8c51, 0x8c51, 0x8c51, 0x8c51, 0x8c51, 0x8c51, 0x8c51, 0xffff, 0x31a6,
    0x8c51, 0x8c51, 0x8c51, 0x8c51, 0x8c51, 0x8c51, 0x8c51, 0x8c51, 0x8c51, 0x8c51, 0x8c51, 0x8c51,
    0x8c51, 0x8c51, 0x8c51, 0x8c51, 0xffff, 0xc638, 0xc638, 0xc638, 0xc638, 0x52aa, 0x52aa, 0x0841,
    0x0841, 0xffff, 0xffff, 0xc638, 0xc638, 0xc638, 0xc638, 0x31a6, 0x8c51, 0x8c51, 0x8c51, 0x8c51,
    0x8c51, 0x8c51, 0x8c51, 0x8c51, 0x8c51, 0x8c51, 0x8c51, 0x8c51, 0x8c51, 0x8c51, 0x8c51, 0x8c51,
    0xffff, 0x31a6, 0x8c51, 0x8c51, 0x8c51, 0x8c51, 0x8c51, 0x8c51, 0x8c51, 0x8c51, 0x8c51, 0x8c51,
    0x8c51, 0x8c51, 0x8c51, 0x8c51, 0x8c51, 0x8c51, 0xffff, 0x31a6, 0x8c51, 0x8c51, 0x8c51, 0x8c51,
    0x8c51, 0x8c51, 0x8c51, 0x8c51, 0x8c51, 0x8c51, 0x8c51, 0x8c51, 0x8c51, 0x8c51, 0x8c51, 0x8c51,
    0xffff, 0x31a6, 0x8c51, 0x8c51, 0x8c51, 0x8c51, 0x8c51, 0x8c51, 0x8c51, 0x8c51, 0x8c51, 0x8c51,
    0x8c51, 0x8c51, 0x8c51, 0x8c51, 0x8c51, 0x8c51, 0xffff, 0x31a6, 0x8c51, 0x8c51, 0x8c51, 0x8c51,
    0x8c51, 0x8c51, 0x8c51, 0x8c51, 0x8c51, 0x8c51, 0x8c51, 0x8c51, 0x8c51, 0x8c51, 0x8c51, 0x8c51,
    0xffff, 0x31a6, 0x8c51, 0x8c51, 0x8c51, 0x8c51, 0x8c51, 0x8c51, 0x8c51, 0x8c51, 0x8c51, 0x8c51,
    0x8c51, 0x8c51, 0x8c51, 0x8c51, 0x8c51, 0x8c51, 0xffff, 0x31a6, 0x8c51, 0x8c51, 0x8c51, 0x8c51,
    0x8c51, 0x8c51, 0x8c51, 0x8c51, 0x8c51, 0x8c51, 0x8c51, 0x8c51, 0x8c51, 0x8c51, 0x8c51, 0x8c51,
    0xffff, 0x31a6, 0x8c51, 0x8c51, 0x8c51, 0x8c51, 0x8c51, 0x8c51, 0x8c51, 0x8c51, 0x8c51, 0x8c51,
    0x8c51, 0x8c51, 0x8c51, 0x8c51, 0x8c51, 0x8c51, 0xffff, 0x31a6, 0x8c51, 0x8c51, 0x8c51, 0x8c51,
    0x8c51, 0x8c51, 0x8c51, 0x8c51, 0x8c51, 0x8c51, 0x8c51, 0x8c51, 0x8c51, 0x8c51, 0x8c51, 0x8c51,
    0xffff, 0xc638, 0xc638, 0xc638, 0xc638, 0x52aa, 0x52aa, 0x0841, 0x0841, 0xffff, 0xffff, 0xc638,
    0xc638, 0xc638, 0xc638, 0x31a6, 0x8c51, 0x8c51, 0x8c51, 0x8c51, 0x8c51, 0x8c51, 0x8c51, 0x8c51,
    0x8c51, 0x8c51, 0x8c51, 0x8c51, 0x8c51, 0x8c51, 0x8c51, 0x8c51, 0xffff, 0x31a6, 0x8c51, 0x8c51,
    0x8c51, 0x8c51, 0x8c51, 0x8c51, 0x8c51, 0x8c51, 0x8c51, 0x8c51, 0x8c51, 0x8c51, 0x8c51, 0x8c51,
    0x8c51, 0x8c51, 0xffff, 0x31a6, 0x8c51, 0x8c51, 0x8c51, 0x8c51, 0x8c51, 0x8c51, 0x8c51, 0x8c51,
    0x8c51, 0x8c51, 0x8c51, 0x8c51, 0x8c51, 0x8c51, 0x8c51, 0x8c51, 0xffff, 0x31a6, 0x8c51, 0x8c51,
    0x8c51, 0x8c51, 0x8c51, 0x8c51, 0x8c51, 0x8c51, 0x8c51, 0x8c51, 0x8c51, 0x8c51, 0x8c51, 0x8c51,
    0x8c51, 0x8c51, 0xffff, 0x31a6, 0x8c51, 0x8c51, 0x8c51, 0x8c51, 0x8c51, 0x8c51, 0x8c51, 0x8c51,
    0x8c51, 0x8c51, 0x8c51, 0x8c51, 0x8c51, 0x8c51, 0x8c51, 0x8c51, 0xffff, 0x31a6, 0x8c51, 0x8c51,
    0x8c51, 0x8c51, 0x8c51, 0x8c51, 0x8c51, 0x8c51, 0x8c51, 0x8c51, 0x8c51, 0x8c51, 0x8c51, 0x8c51,
    0x8c51, 0x8c51, 0xffff, 0x31a6, 0x8c51, 0x8c51, 0x8c51, 0x8c51, 0x8c51, 0x8c51, 0x8c51, 0x8c51,
    0x8c51, 0x8c51, 0x8c51, 0x8c51, 0x8c51, 0x8c51, 0x8c51, 0x8c51, 0xffff, 0x31a6, 0x8c51, 0x8c51,
    0x8c51, 0x8c51, 0x8c51, 0x8c51, 0x8c51, 0x8c51, 0x8c51, 0x8c51, 0x8c51, 0x8c51, 0x8c51, 0x8c51,
    0x8c51, 0x8c51, 0xffff, 0x31a6, 0x8c51, 0x8c51, 0x8c51, 0x8c51, 0x8c51, 0x8c51, 0x8c51, 0x8c51,
    0x8c51, 0x8c51, 0x8c51, 0x8c51, 0x8c51, 0x8c51, 0x8c51, 0x8c51, 0xffff, 0xc638, 0xc638, 0xc638,
    0xc638, 0x52aa, 0x52aa, 0x0841, 0x0841, 0xffff, 0xffff, 0xc638, 0xc638, 0xc638, 0xc638, 0x31a6,
    0x8c51, 0x8c51, 0x8c51, 0x8c51, 0x8c51, 0x8c51, 0x8c51, 0x8c51, 0x8c51, 0x8c51, 0x8c51, 0x8c51,
    0x8c51, 0x8c51, 0x8c51, 0x8c51, 0xffff, 0x31a6, 0x8c51, 0x8c51, 0x8c51, 0x8c51, 0x8c51, 0x8c51,
    0x8c51, 0x8c51, 0x8c51, 0x8c51, 0x8c51, 0x8c51, 0x8c51, 0x8c51, 0x8c51, 0x8c51, 0xffff, 0x31a6,
    0x8c51, 0x8c51, 0x8c51, 0x8c51, 0x8c51, 0x8c51, 0x8c51, 0x8c51, 0x8c51, 0x8c51, 0x8c51, 0x8c51,
    0x8c51, 0x8c51, 0x8c51, 0x8c51, 0xffff, 0x31a6, 0x8c51, 0x8c51, 0x8c51, 0x8c51, 0x8c51, 0x8c51,
    0x8c51, 0x8c51, 0x8c51, 0x8c51, 0x8c51, 0x8c51, 0x8c51, 0x8c51, 0x8c51, 0x8c51, 0xffff, 0x31a6,
    0x8c51, 0x8c51, 0x8c51, 0x8c51, 0x8c51, 0x8c51, 0x8c51, 0x8c51, 0x8c51, 0x8c51, 0x8c51, 0x8c51,
    0x8c51, 0x8c51, 0x8c51, 0x8c51, 0xffff, 0x31a6, 0x8c51, 0x8c51, 0x8c51, 0x8c51, 0x8c51, 0x8c51,
    0x8c51, 0x8c51, 0x8c51, 0x8c51, 0x8c51, 0x8c51, 0x8c51, 0x8c51, 0x8c51, 0x8c51, 0xffff, 0x31a6,
    0x8c51, 0x8c51, 0x8c51, 0x8c51, 0x8c51, 0x8c51, 0x8c51, 0x8c51, 0x8c51, 0x8c51, 0x8c51, 0x8c51,
    0x8c51, 0x8c51, 0x8c51, 0x8c51, 0xffff, 0x31a6, 0x8c51, 0x8c51, 0x8c51, 0x8c51, 0x8c51, 0x8c51,
    0x8c51, 0x8c51, 0x8c51, 0x8c51, 0x8c51, 0x8c51, 0x8c51, 0x8c51, 0x8c51, 0x8c51, 0xffff, 0x31a6,
    0x8c51, 0x8c51, 0x8c51, 0x8c51, 0x8c51, 0x8c51, 0x8c51, 0x8c51, 0x8c51, 0x8c51, 0x8c51, 0x8c51,
    0x8c51, 0x8c51, 0x8c51, 0x8c51, 0xffff, 0xc638, 0xc638, 0xc638, 0xc638, 0x52aa, 0x52aa, 0x0841,
    0x0841, 0xffff, 0xffff, 0xc638, 0xc638, 0xc638, 0xc638, 0x31a6, 0x8c51, 0x8c51, 0x8c51, 0x8c51,
    0x8c51, 0x8c51, 0x8c51, 0x8c51, 0x8c51, 0x8c51, 0x8c51, 0x8c51, 0x8c51, 0x8c51, 0x8c51, 0x8c51,
    0xffff, 0x31a6, 0x8c51, 0x8c51, 0x8c51, 0x8c51, 0x8c51, 0x8c51, 0x8c51, 0x8c51, 0x8c51, 0x8c51,
    0x8c51, 0x8c51, 0x8c51, 0x8c51, 0x8c51, 0x8c51, 0xffff, 0x31a6, 0x8c51, 0x8c51, 0x8c51, 0x8c51,
    0x8c51, 0x8c51, 0x8c51, 0x8c51, 0x8c51, 0x8c51, 0x8c51, 0x8c51, 0x8c51, 0x8c51, 0x8c51, 0x8c51,
    0xffff, 0x31a6, 0x8c51, 0x8c51, 0x8c51, 0x8c51, 0x8c51, 0x8c51, 0x8c51, 0x8c51, 0x8c51, 0x8c51,
    0x8c51, 0x8c51, 0x8c51, 0x8c51, 0x8c51, 0x8c51, 0xffff, 0x31a6, 0x8c51, 0x8c51, 0x8c51, 0x8c51,
    0x8c51, 0x8c51, 0x8c51, 0x8c51, 0x8c51, 0x8c51, 0x8c51, 0x8c51, 0x8c51, 0x8c51, 0x8c51, 0x8c51,
    0xffff, 0x31a6, 0x8c51, 0x8c51, 0x8c51, 0x8c51, 0x8c51, 0x8c51, 0x8c51, 0x8c51, 0x8c51, 0x8c51,
    0x8c51, 0x8c51, 0x8c51, 0x8c51, 0x8c51, 0x8c51, 0xffff, 0x31a6, 0x8c51, 0x8c51, 0x8c51, 0x8c51,
    0x8c51, 0x8c51, 0x8c51, 0x8c51, 0x8c51, 0x8c51, 0x8c51, 0x8c51, 0x8c51, 0x8c51, 0x8c51, 0x8c51,
    0xffff, 0x31a6, 0x8c51, 0x8c51, 0x8c51, 0x8c51, 0x8c51, 0x8c51, 0x8c51, 0x8c51, 0x8c51, 0x8c51,
    0x8c51, 0x8c51, 0x8c51, 0x8c51, 0x8c51, 0x8c51, 0xffff, 0x31a6, 0x8c51, 0x8c51, 0x8c51, 0x8c51,
    0x8c51, 0x8c51, 0x8c51, 0x8c51, 0x8c51, 0x8c51, 0x8c51, 0x8c51, 0x8c51, 0x8c51, 0x8c51, 0x8c51,
    0xffff, 0xc638, 0xc638, 0xc638, 0xc638, 0x52aa, 0x52aa, 0x0841, 0x0841, 0xffff, 0xffff, 0xc638,
    0xc638, 0xc638, 0xc638, 0x31a6, 0x8c51, 0x8c51, 0x8c51, 0x8c51, 0x8c51, 0x8c51, 0x8c51, 0x8c51,
    0x8c51, 0x8c51, 0x8c51, 0x8c51, 0x8c51, 0x8c51, 0x8c51, 0x8c51, 0xffff, 0x31a6, 0x8c51, 0x8c51,
    0x8c51, 0x8c51, 0x8c51, 0x8c51, 0x8c51, 0x8c51, 0x8c51, 0x8c51, 0x8c51, 0x8c51, 0x8c51, 0x8c51,
    0x8c51, 0x8c51, 0xffff, 0x31a6, 0x8c51, 0x8c51, 0x8c51, 0x8c51, 0x8c51, 0x8c51, 0x8c51, 0x8c51,
    0x8c51, 0x8c51, 0x8c51, 0x8c51, 0x8c51, 0x8c51, 0x8c51, 0x8c51, 0xffff, 0x31a6, 0x8c51, 0x8c51,
    0x8c51, 0x8c51, 0x8c51, 0x8c51, 0x8c51, 0x8c51, 0x8c51, 0x8c51, 0x8c51, 0x8c51, 0x8c51, 0x8c51,
    0x8c51, 0x8c51, 0xffff, 0x31a6, 0x8c51, 0x8c51, 0x8c51, 0x8c51, 0x8c51, 0x8c51, 0x8c51, 0x8c51,
    0x8c51, 0x8c51, 0x8c51, 0x8c51, 0x8c51, 0x8c51, 0x8c51, 0x8c51, 0xffff, 0x31a6, 0x8c51, 0x8c51,
    0x8c51, 0x8c51, 0x8c51, 0x8c51, 0x8c51, 0x8c51, 0x8c51, 0x8c51, 0x8c51, 0x8c51, 0x8c51, 0x8c51,
    0x8c51, 0x8c51, 0xffff, 0x31a6, 0x8c51, 0x8c51, 0x8c51, 0x8c51, 0x8c51, 0x8c51, 0x8c51, 0x8c51,
    0x8c51, 0x8c51, 0x8c51, 0x8c51, 0x8c51, 0x8c51, 0x8c51, 0x8c51, 0xffff, 0x31a6, 0x8c51, 0x8c51,
    0x8c51, 0x8c51, 0x8c51, 0x8c51, 0x8c51, 0x8c51, 0x8c51, 0x8c51, 0x8c51, 0x8c51, 0x8c51, 0x8c51,
    0x8c51, 0x8c51, 0xffff, 0x31a6, 0x8c51, 0x8c51, 0x8c51, 0x8c51, 0x8c51, 0x8c51, 0x8c51, 0x8c51,
    0x8c51, 0x8c51, 0x8c51, 0x8c51, 0x8c51, 0x8c51, 0x8c51, 0x8c51, 0xffff, 0xc638, 0xc638, 0xc638,
    0xc638, 0x52aa, 0x52aa, 0x0841, 0x0841, 0xffff, 0xffff, 0xc638, 0xc638, 0xc638, 0xc638, 0x31a6,
    0x8c51, 0x8c51, 0x8c51, 0x8c51, 0x8c51, 0x8c51, 0x8c51, 0x8c51, 0x8c51, 0x8c51, 0x8c51, 0x8c51,
    0x8c51, 0x8c51, 0x8c51, 0x8c51, 0xffff, 0x31a6, 0x8c51, 0x8c51, 0x8c51, 0x8c51, 0x8c51, 0x8c51,
    0x8c51, 0x8c51, 0x8c51, 0x8c51, 0x8c51, 0x8c51, 0x8c51, 0x8c51, 0x8c51, 0x8c51, 0xffff, 0x31a6,
    0x8c51, 0x8c51, 0x8c51, 0x8c51, 0x8c51, 0x8c51, 0x8c51, 0x8c51, 0x8c51, 0x8c51, 0x8c51, 0x8c51,
    0x8c51, 0x8c51, 0x8c51, 0x8c51, 0xffff, 0x31a6, 0x8c51, 0x8c51, 0x8c51, 0x8c51, 0x8c51, 0x8c51,
    0x8c51, 0x8c51, 0x8c51, 0x8c51, 0x8c51, 0x8c51, 0x8c51, 0x8c51, 0x8c51, 0x8c51, 0xffff, 0x31a6,
    0x8c51, 0x8c51, 0x8c51, 0x8c51, 0x8c51, 0x8c51, 0x8c51, 0x8c51, 0x8c51, 0x8c51, 0x8c51, 0x8c51,
    0x8c51, 0x8c51, 0x8c51, 0x8c51, 0xffff, 0x31a6, 0x8c51, 0x8c51, 0x8c51, 0x8c51, 0x8c51, 0x8c51,
    0x8c51, 0x8c51, 0x8c51, 0x8c51, 0x8c51, 0x8c51, 0x8c51, 0x8c51, 0x8c51, 0x8c51, 0xffff, 0x31a6,
    0x8c51, 0x8c51, 0x8c51, 0x8c51, 0x8c51, 0x8c51, 0x8c51, 0x8c51, 0x8c51, 0x8c51, 0x8c51, 0x8c51,
    0x8c51, 0x8c51, 0x8c51, 0x8c51, 0xffff, 0x31a6, 0x8c51, 0x8c51, 0x8c51, 0x8c51, 0x8c51, 0x8c51,
    0x8c51, 0x8c51, 0x8c51, 0x8c51, 0x8c51, 0x8c51, 0x8c51, 0x8c51, 0x8c51, 0x8c51, 0xffff, 0x31a6,
    0x8c51, 0x8c51, 0x8c51, 0x8c51, 0x8c51, 0x8c51, 0x8c51, 0x8c51, 0x8c51, 0x8c51, 0x8c51, 0x8c51,
    0x8c51, 0x8c51, 0x8c51, 0x8c51, 0xffff, 0xc638, 0xc638, 0xc638, 0xc638, 0x52aa, 0x52aa, 0x0841,
    0x0841, 0xffff, 0xffff, 0xc638, 0xc638, 0xc638, 0xc638, 0x31a6, 0x8c51, 0x8c51, 0x8c51, 0x8c51,
    0x8c51, 0x8c51, 0x8c51, 0x8c51, 0x8c51, 0x8c51, 0x8c51, 0x8c51, 0x8c51, 0x8c51, 0x8c51, 0x8c51,
    0xffff, 0x31a6, 0x8c51, 0x8c51, 0x8c51, 0x8c51, 0x8c51, 0x8c51, 0x8c51, 0x8c51, 0x8c51, 0x8c51,
    0x8c51, 0x8c51, 0x8c51, 0x8c51, 0x8c51, 0x8c51, 0xffff, 0x31a6, 0x8c51, 0x8c51, 0x8c51, 0x8c51,
    0x8c51, 0x8c51, 0x8c51, 0x8c51, 0x8c51, 0x8c51, 0x8c51, 0x8c51, 0x8c51, 0x8c51, 0x8c51, 0x8c51,
    0xffff, 0x31a6, 0x8c51, 0x8c51, 0x8c51, 0x8c51, 0x8c51, 0x8c51, 0x8c51, 0x8c51, 0x8c51, 0x8c51,
    0x8c51, 0x8c51, 0x8c51, 0x8c51, 0x8c51, 0x8c51, 0xffff, 0x31a6, 0x8c51, 0x8c51, 0x8c51, 0x8c51,
    0x8c51, 0x8c51, 0x8c51, 0x8c51, 0x8c51, 0x8c51, 0x8c51, 0x8c51, 0x8c51, 0x8c51, 0x8c51, 0x8c51,
    0xffff, 0x31a6, 0x8c51, 0x8c51, 0x8c51, 0x8c51, 0x8c51, 0x8c51, 0x8c51, 0x8c51, 0x8c51, 0x8c51,
    0x8c51, 0x8c51, 0x8c51, 0x8c51, 0x8c51, 0x8c51, 0xffff, 0x31a6, 0x8c51, 0x8c51, 0x8c51, 0x8c51,
    0x8c51, 0x8c51, 0x8c51, 0x8c51, 0x8c51, 0x8c51, 0x8c51, 0x8c51, 0x8c51, 0x8c51, 0x8c51, 0x8c51,
    0xffff, 0x31a6, 0x8c51, 0x8c51, 0x8c51, 0x8c51, 0x8c51, 0x8c51, 0x8c51, 0x8c51, 0x8c51, 0x8c51,
    0x8c51, 0x8c51, 0x8c51, 0x8c51, 0x8c51, 0x8c51, 0xffff, 0x31a6, 0x8c51, 0x8c51, 0x8c51, 0x8c51,
    0x8c51, 0x8c51, 0x8c51, 0x8c51, 0x8c51, 0x8c51, 0x8c51, 0x8c51, 0x8c51, 0x8c51, 0x8c51, 0x8c51,
    0xffff, 0xc638, 0xc638, 0xc638, 0xc638, 0x52aa, 0x52aa, 0x0841, 0x0841, 0xffff, 0xffff, 0xc638,
    0xc638, 0xc638, 0xc638, 0x31a6, 0x8c51, 0x8c51, 0x8c51, 0x8c51, 0x8c51, 0x8c51, 0x8c51, 0x8c51,
    0x8c51, 0x8c51, 0x8c51, 0x8c51, 0x8c51, 0x8c51, 0x8c51, 0x8c51, 0xffff, 0x31a6, 0x8c51, 0x8c51,
    0x8c51, 0x8c51, 0x8c51, 0x8c51, 0x8c51, 0x8c51, 0x8c51, 0x8c51, 0x8c51, 0x8c51, 0x8c51, 0x8c51,
    0x8c51, 0x8c51, 0xffff, 0x31a6, 0x8c51, 0x8c51, 0x8c51, 0x8c51, 0x8c51, 0x8c51, 0x8c51, 0x8c51,
    0x8c51, 0x8c51, 0x8c51, 0x8c51, 0x8c51, 0x8c51, 0x8c51, 0x8c51, 0xffff, 0x31a6, 0x8c51, 0x8c51,
    0x8c51, 0x8c51, 0x8c51, 0x8c51, 0x8c51, 0x8c51, 0x8c51, 0x8c51, 0x8c51, 0x8c51, 0x8c51, 0x8c51,
    0x8c51, 0x8c51, 0xffff, 0x31a6, 0x8c51, 0x8c51, 0x8c51, 0x8c51, 0x8c51, 0x8c51, 0x8c51, 0x8c51,
    0x8c51, 0x8c51, 0x8c51, 0x8c51, 0x8c51, 0x8c51, 0x8c51, 0x8c51, 0xffff, 0x31a6, 0x8c51, 0x8c51,
    0x8c51, 0x8c51, 0x8c51, 0x8c51, 0x8c51, 0x8c51, 0x8c51, 0x8c51, 0x8c51, 0x8c51, 0x8c51, 0x8c51,
    0x8c51, 0x8c51, 0xffff, 0x31a6, 0x8c51, 0x8c51, 0x8c51, 0x8c51, 0x8c51, 0x8c51, 0x8c51, 0x8c51,
    0x8c51, 0x8c51, 0x8c51, 0x8c51, 0x8c51, 0x8c51, 0x8c51, 0x8c51, 0xffff, 0x31a6, 0x8c51, 0x8c51,
    0x8c51, 0x8c51, 0x8c51, 0x8c51, 0x8c51, 0x8c51, 0x8c51, 0x8c51, 0x8c51, 0x8c51, 0x8c51, 0x8c51,
    0x8c51, 0x8c51, 0xffff, 0x31a6, 0x8c51, 0x8c51, 0x8c51, 0x8c51, 0x8c51, 0x8c51, 0x8c51, 0x8c51,
    0x8c51, 0x8c51, 0x8c51, 0x8c51, 0x8c51, 0x8c51, 0x8c51, 0x8c51, 0xffff, 0xc638, 0xc638, 0xc638,
    0xc638, 0x52aa, 0x52aa, 0x0841, 0x0841, 0xffff, 0xffff, 0xc638, 0xc638, 0xc638, 0xc638, 0x31a6,
    0x8c51, 0x8c51, 0x8c51, 0x8c51, 0x8c51, 0x8c51, 0x8c51, 0x8c51, 0x8c51, 0x8c51, 0x8c51, 0x8c51,
    0x8c51, 0x8c51, 0x8c51, 0x8c51, 0xffff, 0x31a6, 0x8c51, 0x8c51, 0x8c51, 0x8c51, 0x8c51, 0x8c51,
    0x8c51, 0x8c51, 0x8c51, 0x8c51, 0x8c51, 0x8c51, 0x8c51, 0x8c51, 0x8c51, 0x8c51, 0xffff, 0x31a6,
    0x8c51, 0x8c51, 0x8c51, 0x8c51, 0x8c51, 0x8c51, 0x8c51, 0x8c51, 0x8c51, 0x8c51, 0x8c51, 0x8c51,
    0x8c51, 0x8c51, 0x8c51, 0x8c51, 0xffff, 0x31a6, 0x8c51, 0x8c51, 0x8c51, 0x8c51, 0x8c51, 0x8c51,
    0x8c51, 0x8c51, 0x8c51, 0x8c51, 0x8c51, 0x8c51, 0x8c51, 0x8c51, 0x8c51, 0x8c51, 0xffff, 0x31a6,
    0x8c51, 0x8c51, 0x8c51, 0x8c51, 0x8c51, 0x8c51, 0x8c51, 0x8c51, 0x8c51, 0x8c51, 0x8c51, 0x8c51,
    0x8c51, 0x8c51, 0x8c51, 0x8c51, 0xffff, 0x31a6, 0x8c51, 0x8c51, 0x8c51, 0x8c51, 0x8c51, 0x8c51,
    0x8c51, 0x8c51, 0x8c51, 0x8c51, 0x8c51, 0x8c51, 0x8c51, 0x8c51, 0x8c51, 0x8c51, 0xffff, 0x31a6,
    0x8c51, 0x8c51, 0x8c51, 0x8c51, 0x8c51, 0x8c51, 0x8c51, 0x8c51, 0x8c51, 0x8c51, 0x8c51, 0x8c51,
    0x8c51, 0x8c51, 0x8c51, 0x8c51, 0xffff, 0x31a6, 0x8c51, 0x8c51, 0x8c51, 0x8c51, 0x8c51, 0x8c51,
    0x8c51, 0x8c51, 0x8c51, 0x8c51, 0x8c51, 0x8c51, 0x8c51, 0x8c51, 0x8c51, 0x8c51, 0xffff, 0x31a6,
    0x8c51, 0x8c51, 0x8c51, 0x8c51, 0x8c51, 0x8c51, 0x8c51, 0x8c51, 0x8c51, 0x8c51, 0x8c51, 0x8c51,
    0x8c51, 0x8c51, 0x8c51, 0x8c51, 0xffff, 0xc638, 0xc638, 0xc638, 0xc638, 0x52aa, 0x52aa, 0x0841,
    0x0841, 0xffff, 0xffff, 0xc638, 0xc638, 0xc638, 0xc638, 0x8c51, 0xffff, 0xffff, 0xffff, 0xffff,
    0xffff, 0xffff, 0xffff, 0xffff, 0xffff, 0xffff, 0xffff, 0xffff, 0xffff, 0xffff, 0xffff, 0xffff,
    0xffff, 0x8c51, 0xffff, 0xffff, 0xffff, 0xffff, 0xffff, 0xffff, 0xffff, 0xffff, 0xffff, 0xffff,
    0xffff, 0xffff, 0xffff, 0xffff, 0xffff, 0xffff, 0xffff, 0x8c51, 0xffff, 0xffff, 0xffff, 0xffff,
    0xffff, 0xffff, 0xffff, 0xffff, 0xffff, 0xffff, 0xffff, 0xffff, 0xffff, 0xffff, 0xffff, 0xffff,
    0xffff, 0x8c51, 0xffff, 0xffff, 0xffff, 0xffff, 0xffff, 0xffff, 0xffff, 0xffff, 0xffff, 0xffff,
    0xffff, 0xffff, 0xffff, 0xffff, 0xffff, 0xffff, 0xffff, 0x8c51, 0xffff, 0xffff, 0xffff, 0xffff,
    0xffff, 0xffff, 0xffff, 0xffff, 0xffff, 0xffff, 0xffff, 0xffff, 0xffff, 0xffff, 0xffff, 0xffff,
    0xffff, 0x8c51, 0xffff, 0xffff, 0xffff, 0xffff, 0xffff, 0xffff, 0xffff, 0xffff, 0xffff, 0xffff,
    0xffff, 0xffff, 0xffff, 0xffff, 0xffff, 0xffff, 0xffff, 0x8c51, 0xffff, 0xffff, 0xffff, 0xffff,
    0xffff, 0xffff, 0xffff, 0xffff, 0xffff, 0xffff, 0xffff, 0xffff, 0xffff, 0xffff, 0xffff, 0xffff,
    0xffff, 0x8c51, 0xffff, 0xffff, 0xffff, 0xffff, 0xffff, 0xffff, 0xffff, 0xffff, 0xffff, 0xffff,
    0xffff, 0xffff, 0xffff, 0xffff, 0xffff, 0xffff, 0xffff, 0x8c51, 0xffff, 0xffff, 0xffff, 0xffff,
    0xffff, 0xffff, 0xffff, 0xffff, 0xffff, 0xffff, 0xffff, 0xffff, 0xffff, 0xffff, 0xffff, 0xffff,
    0xffff, 0xc638, 0xc638, 0xc638, 0xc638, 0x52aa, 0x52aa, 0x0841, 0x0841, 0xffff, 0xffff, 0xc638,
    0xc638, 0xc638, 0xc638, 0xc638, 0xc638, 0xc638, 0xc638, 0xc638, 0xc638, 0xc638, 0xc638, 0xc638,
    0xc638, 0xc638, 0xc638, 0xc638, 0xc638, 0xc638, 0xc638, 0xc638, 0xc638, 0xc638, 0xc638, 0xc638,
    0xc638, 0xc638, 0xc638, 0xc638, 0xc638, 0xc638, 0xc638, 0xc638, 0xc638, 0xc638, 0xc638, 0xc638,
    0xc638, 0xc638, 0xc638, 0xc638, 0xc638, 0xc638, 0xc638, 0xc638, 0xc638, 0xc638, 0xc638, 0xc638,
    0xc638, 0xc638, 0xc638, 0xc638, 0xc638, 0xc638, 0xc638, 0xc638, 0xc638, 0xc638, 0xc638, 0xc638,
    0xc638, 0xc638, 0xc638, 0xc638, 0xc638, 0xc638, 0xc638, 0xc638, 0xc638, 0xc638, 0xc638, 0xc638,
    0xc638, 0xc638, 0xc638, 0xc638, 0xc638, 0xc638, 0xc638, 0xc638, 0xc638, 0xc638, 0xc638, 0xc638,
    0xc638, 0xc638, 0xc638, 0xc638, 0xc638, 0xc638, 0xc638, 0xc638, 0xc638, 0xc638, 0xc638, 0xc638,
    0xc638, 0xc638, 0xc638, 0xc638, 0xc638, 0xc638, 0xc638, 0xc638, 0xc638, 0xc638, 0xc638, 0xc638,
    0xc638, 0xc638, 0xc638, 0xc638, 0xc638, 0xc638, 0xc638, 0xc638, 0xc638, 0xc638, 0xc638, 0xc638,
    0xc638, 0xc638, 0xc638, 0xc638, 0xc638, 0xc638, 0xc638, 0xc638, 0xc638, 0xc638, 0xc638, 0xc638,
    0xc638, 0xc638, 0xc638, 0xc638, 0xc638, 0xc638, 0xc638, 0xc638, 0xc638, 0xc638, 0xc638, 0xc638,
    0xc638, 0xc638, 0xc638, 0xc638, 0xc638, 0xc638, 0xc638, 0xc638, 0xc638, 0xc638, 0xc638, 0xc638,
    0xc638, 0xc638, 0xc638, 0xc638, 0xc638, 0xc638, 0xc638, 0xc638, 0xc638, 0xc638, 0xc638, 0xc638,
    0xc638, 0x52aa, 0x52aa, 0x0841, 0x0841, 0xffff, 0xffff, 0xc638, 0xc638, 0xc638, 0xc638, 0xc638,
    0xc638, 0xc638, 0xc638, 0xc638, 0xc638, 0xc638, 0xc638, 0xc638, 0xc638, 0xc638, 0xc638, 0xc638,
    0xc638, 0xc638, 0xc638, 0xc638, 0xc638, 0xc638, 0xc638, 0xc638, 0xc638, 0xc638, 0xc638, 0xc638,
    0xc638, 0xc638, 0xc638, 0xc638, 0xc638, 0xc638, 0xc638, 0xc638, 0xc638, 0xc638, 0xc638, 0xc638,
    0xc638, 0xc638, 0xc638, 0xc638, 0xc638, 0xc638, 0xc638, 0xc638, 0xc638, 0xc638, 0xc638, 0xc638,
    0xc638, 0xc638, 0xc638, 0xc638, 0xc638, 0xc638, 0xc638, 0xc638, 0xc638, 0xc638, 0xc638, 0xc638,
    0xc638, 0xc638, 0xc638, 0xc638, 0xc638, 0xc638, 0xc638, 0xc638, 0xc638, 0xc638, 0xc638, 0xc638,
    0xc638, 0xc638, 0xc638, 0xc638, 0xc638, 0xc638, 0xc638, 0xc638, 0xc638, 0xc638, 0xc638, 0xc638,
    0xc638, 0xc638, 0xc638, 0xc638, 0xc638, 0xc638, 0xc638, 0xc638, 0xc638, 0xc638, 0xc638, 0xc638,
    0xc638, 0xc638, 0xc638, 0xc638, 0xc638, 0xc638, 0xc638, 0xc638, 0xc638, 0xc638, 0xc638, 0xc638,
    0xc638, 0xc638, 0xc638, 0xc638, 0xc638, 0xc638, 0xc638, 0xc638, 0xc638, 0xc638, 0xc638, 0xc638,
    0xc638, 0xc638, 0xc638, 0xc638, 0xc638, 0xc638, 0xc638, 0xc638, 0xc638, 0xc638, 0xc638, 0xc638,
    0xc638, 0xc638, 0xc638, 0xc638, 0xc638, 0xc638, 0xc638, 0xc638, 0xc638, 0xc638, 0xc638, 0xc638,
    0xc638, 0xc638, 0xc638, 0xc638, 0xc638, 0xc638, 0xc638, 0xc638, 0xc638, 0xc638, 0xc638, 0xc638,
    0xc638, 0xc638, 0xc638, 0xc638, 0xc638, 0xc638, 0xc638, 0xc638, 0xc638, 0x52aa, 0x52aa, 0x0841,
    0x0841, 0xffff, 0xffff, 0xc638, 0xc638, 0xc638, 0xc638, 0xc638, 0xc638, 0xc638, 0xc638, 0xc638,
    0xc638, 0xc638, 0xc638, 0xc638, 0xc638, 0xc638, 0xc638, 0xc638, 0xc638, 0xc638, 0xc638, 0xc638,
    0xc638, 0xc638, 0xc638, 0xc638, 0xc638, 0xc638, 0xc638, 0xc638, 0xc638, 0xc638, 0xc638, 0xc638,
    0xc638, 0xc638, 0xc638, 0xc638, 0xc638, 0xc638, 0xc638, 0xc638, 0xc638, 0xc638, 0xc638, 0xc638,
    0xc638, 0xc638, 0xc638, 0xc638, 0xc638, 0xc638, 0xc638, 0xc638, 0xc638, 0xc638, 0xc638, 0xc638,
    0xc638, 0xc638, 0xc638, 0xc638, 0xc638, 0xc638, 0xc638, 0xc638, 0xc638, 0xc638, 0xc638, 0xc638,
    0xc638, 0xc638, 0xc638, 0xc638, 0xc638, 0xc638, 0xc638, 0xc638, 0xc638, 0xc638, 0xc638, 0xc638,
    0xc638, 0xc638, 0xc638, 0xc638, 0xc638, 0xc638, 0xc638, 0xc638, 0xc638, 0xc638, 0xc638, 0xc638,
    0xc638, 0xc638, 0xc638, 0xc638, 0xc638, 0xc638, 0xc638, 0xc638, 0xc638, 0xc638, 0xc638, 0xc638,
    0xc638, 0xc638, 0xc638, 0xc638, 0xc638, 0xc638, 0xc638, 0xc638, 0xc638, 0xc638, 0xc638, 0xc638,
    0xc638, 0xc638, 0xc638, 0xc638, 0xc638, 0xc638, 0xc638, 0xc638, 0xc638, 0xc638, 0xc638, 0xc638,
    0xc638, 0xc638, 0xc638, 0xc638, 0xc638, 0xc638, 0xc638, 0xc638, 0xc638, 0xc638, 0xc638, 0xc638,
    0xc638, 0xc638, 0xc638, 0xc638, 0xc638, 0xc638, 0xc638, 0xc638, 0xc638, 0xc638, 0xc638, 0xc638,
    0xc638, 0xc638, 0xc638, 0xc638, 0xc638, 0xc638, 0xc638, 0xc638, 0xc638, 0xc638, 0xc638, 0xc638,
    0xc638, 0xc638, 0xc638, 0xc638, 0xc638, 0x52aa, 0x52aa, 0x0841, 0x0841, 0xffff, 0xffff, 0xc638,
    0xc638, 0xc638, 0xc638, 0xc638, 0xc638, 0xc638, 0xc638, 0xc638, 0xc638, 0xc638, 0xc638, 0xc638,
    0xc638, 0xc638, 0xc638, 0xc638, 0xc638, 0xc638, 0xc638, 0xc638, 0xc638, 0xc638, 0xc638, 0xc638,
    0xc638, 0xc638, 0xc638, 0xc638, 0xc638, 0xc638, 0xc638, 0xc638, 0xc638, 0xc638, 0xc638, 0xc638,
    0xc638, 0xc638, 0xc638, 0xc638, 0xc638, 0xc638, 0xc638, 0xc638, 0xc638, 0xc638, 0xc638, 0xc638,
    0xc638, 0xc638, 0xc638, 0xc638, 0xc638, 0xc638, 0xc638, 0xc638, 0xc638, 0xc638, 0xc638, 0xc638,
    0xc638, 0xc638, 0xc638, 0xc638, 0xc638, 0xc638, 0xc638, 0xc638, 0xc638, 0xc638, 0xc638, 0xc638,
    0xc638, 0xc638, 0xc638, 0xc638, 0xc638, 0xc638, 0xc638, 0xc638, 0xc638, 0xc638, 0xc638, 0xc638,
    0xc638, 0xc638, 0xc638, 0xc638, 0xc638, 0xc638, 0xc638, 0xc638, 0xc638, 0xc638, 0xc638, 0xc638,
    0xc638, 0xc638, 0xc638, 0xc638, 0xc638, 0xc638, 0xc638, 0xc638, 0xc638, 0xc638, 0xc638, 0xc638,
    0xc638, 0xc638, 0xc638, 0xc638, 0xc638, 0xc638, 0xc638, 0xc638, 0xc638, 0xc638, 0xc638, 0xc638,
    0xc638, 0xc638, 0xc638, 0xc638, 0xc638, 0xc638, 0xc638, 0xc638, 0xc638, 0xc638, 0xc638, 0xc638,
    0xc638, 0xc638, 0xc638, 0xc638, 0xc638, 0xc638, 0xc638, 0xc638, 0xc638, 0xc638, 0xc638, 0xc638,
    0xc638, 0xc638, 0xc638, 0xc638, 0xc638, 0xc638, 0xc638, 0xc638, 0xc638, 0xc638, 0xc638, 0xc638,
    0xc638, 0xc638, 0xc638, 0xc638, 0xc638, 0xc638, 0xc638, 0xc638, 0xc638, 0xc638, 0xc638, 0xc638,
    0xc638, 0x52aa, 0x52aa, 0x0841, 0x0841, 0xffff, 0xffff, 0xc638, 0xc638, 0xc638, 0xc638, 0x31a6,
    0x31a6, 0x31a6, 0x31a6, 0x31a6, 0x31a6, 0x31a6, 0x31a6, 0x31a6, 0x31a6, 0x31a6, 0x31a6, 0x31a6,
    0x31a6, 0x31a6, 0x31a6, 0x31a6, 0x8c51, 0x31a6, 0x31a6, 0x31a6, 0x31a6, 0x31a6, 0x31a6, 0x31a6,
    0x31a6, 0x31a6, 0x31a6, 0x31a6, 0x31a6, 0x31a6, 0x31a6, 0x31a6, 0x31a6, 0x31a6, 0x8c51, 0x31a6,
    0x31a6, 0x31a6, 0x31a6, 0x31a6, 0x31a6, 0x31a6, 0x31a6, 0x31a6, 0x31a6, 0x31a6, 0x31a6, 0x31a6,
    0x31a6, 0x31a6, 0x31a6, 0x31a6, 0x8c51, 0x31a6, 0x31a6, 0x31a6, 0x31a6, 0x31a6, 0x31a6, 0x31a6,
    0x31a6, 0x31a6, 0x31a6, 0x31a6, 0x31a6, 0x31a6, 0x31a6, 0x31a6, 0x31a6, 0x31a6, 0x8c51, 0x31a6,
    0x31a6, 0x31a6, 0x31a6, 0x31a6, 0x31a6, 0x31a6, 0x31a6, 0x31a6, 0x31a6, 0x31a6, 0x31a6, 0x31a6,
    0x31a6, 0x31a6, 0x31a6, 0x31a6, 0x8c51, 0x31a6, 0x31a6, 0x31a6, 0x31a6, 0x31a6, 0x31a6, 0x31a6,
    0x31a6, 0x31a6, 0x31a6, 0x31a6, 0x31a6, 0x31a6, 0x31a6, 0x31a6, 0x31a6, 0x31a6, 0x8c51, 0x31a6,
    0x31a6, 0x31a6, 0x31a6, 0x31a6, 0x31a6, 0x31a6, 0x31a6, 0x31a6, 0x31a6, 0x31a6, 0x31a6, 0x31a6,
    0x31a6, 0x31a6, 0x31a6, 0x31a6, 0x8c51, 0x31a6, 0x31a6, 0x31a6, 0x31a6, 0x31a6, 0x31a6, 0x31a6,
    0x31a6, 0x31a6, 0x31a6, 0x31a6, 0x31a6, 0x31a6, 0x31a6, 0x31a6, 0x31a6, 0x31a6, 0x8c51, 0x31a6,
    0x31a6, 0x31a6, 0x31a6, 0x31a6, 0x31a6, 0x31a6, 0x31a6, 0x31a6, 0x31a6, 0x31a6, 0x31a6, 0x31a6,
    0x31a6, 0x31a6, 0x31a6, 0x31a6, 0x8c51, 0xc638, 0xc638, 0xc638, 0xc638, 0x52aa, 0x52aa, 0x0841,
    0x0841, 0xffff, 0xffff, 0xc638, 0xc638, 0xc638, 0xc638, 0x31a6, 0x8c51, 0x8c51, 0x8c51, 0x8c51,
    0x8c51, 0x8c51, 0x8c51, 0x8c51, 0x8c51, 0x8c51, 0x8c51, 0x8c51, 0x8c51, 0x8c51, 0x8c51, 0x8c51,
    0xffff, 0x31a6, 0x8c51, 0x8c51, 0x8c51, 0x8c51, 0x8c51, 0x8c51, 0x8c51, 0x8c51, 0x8c51, 0x8c51,
    0x8c51, 0x8c51, 0x8c51, 0x8c51, 0x8c51, 0x8c51, 0xffff, 0x31a6, 0x8c51, 0x8c51, 0x8c51, 0x8c51,
    0x8c51, 0x8c51, 0x8c51, 0x8c51, 0x8c51, 0x8c51, 0x8c51, 0x8c51, 0x8c51, 0x8c51, 0x8c51, 0x8c51,
    0xffff, 0x31a6, 0x8c51, 0x8c51, 0x8c51, 0x8c51, 0x8c51, 0x8c51, 0x8c51, 0x8c51, 0x8c51, 0x8c51,
    0x8c51, 0x8c51, 0x8c51, 0x8c51, 0x8c51, 0x8c51, 0xffff, 0x31a6, 0x8c51, 0x8c51, 0x8c51, 0x8c51,
    0x8c51, 0x8c51, 0x8c51, 0x8c51, 0x8c51, 0x8c51, 0x8c51, 0x8c51, 0x8c51, 0x8c51, 0x8c51, 0x8c51,
    0xffff, 0x31a6, 0x8c51, 0x8c51, 0x8c51, 0x8c51, 0x8c51, 0x8c51, 0x8c51, 0x8c51, 0x8c51, 0x8c51,
    0x8c51, 0x8c51, 0x8c51, 0x8c51, 0x8c51, 0x8c51, 0xffff, 0x31a6, 0x8c51, 0x8c51, 0x8c51, 0x8c51,
    0x8c51, 0x8c51, 0x8c51, 0x8c51, 0x8c51, 0x8c51, 0x8c51, 0x8c51, 0x8c51, 0x8c51, 0x8c51, 0x8c51,
    0xffff, 0x31a6, 0x8c51, 0x8c51, 0x8c51, 0x8c51, 0x8c51, 0x8c51, 0x8c51, 0x8c51, 0x8c51, 0x8c51,
    0x8c51, 0x8c51, 0x8c51, 0x8c51, 0x8c51, 0x8c51, 0xffff, 0x31a6, 0x8c51, 0x8c51, 0x8c51, 0x8c51,
    0x8c51, 0x8c51, 0x8c51, 0x8c51, 0x8c51, 0x8c51, 0x8c51, 0x8c51, 0x8c51, 0x8c51, 0x8c51, 0x8c51,
    0xffff, 0xc638, 0xc638, 0xc638, 0xc638, 0x52aa, 0x52aa, 0x0841, 0x0841, 0xffff, 0xffff, 0xc638,
    0xc638, 0xc638, 0xc638, 0x31a6, 0x8c51, 0x8c51, 0x8c51, 0x8c51, 0x8c51, 0x8c51, 0x8c51, 0x8c51,
    0x8c51, 0x8c51, 0x8c51, 0x8c51, 0x8c51, 0x8c51, 0x8c51, 0x8c51, 0xffff, 0x31a6, 0x8c51, 0x8c51,
    0x8c51, 0x8c51, 0x8c51, 0x8c51, 0x8c51, 0x8c51, 0x8c51, 0x8c51, 0x8c51, 0x8c51, 0x8c51, 0x8c51,
    0x8c51, 0x8c51, 0xffff, 0x31a6, 0x8c51, 0x8c51, 0x8c51, 0x8c51, 0x8c51, 0x8c51, 0x8c51, 0x8c51,
    0x8c51, 0x8c51, 0x8c51, 0x8c51, 0x8c51, 0x8c51, 0x8c51, 0x8c51, 0xffff, 0x31a6, 0x8c51, 0x8c51,
    0x8c51, 0x8c51, 0x8c51, 0x8c51, 0x8c51, 0x8c51, 0x8c51, 0x8c51, 0x8c51, 0x8c51, 0x8c51, 0x8c51,
    0x8c51, 0x8c51, 0xffff, 0x31a6, 0x8c51, 0x8c51, 0x8c51, 0x8c51, 0x8c51, 0x8c51, 0x8c51, 0x8c51,
    0x8c51, 0x8c51, 0x8c51, 0x8c51, 0x8c51, 0x8c51, 0x8c51, 0x8c51, 0xffff, 0x31a6, 0x8c51, 0x8c51,
    0x8c51, 0x8c51, 0x8c51, 0x8c51, 0x8c51, 0x8c51, 0x8c51, 0x8c51, 0x8c51, 0x8c51, 0x8c51, 0x8c51,
    0x8c51, 0x8c51, 0xffff, 0x31a6, 0x8c51, 0x8c51, 0x8c51, 0x8c51, 0x8c51, 0x8c51, 0x8c51, 0x8c51,
    0x8c51, 0x8c51, 0x8c51, 0x8c51, 0x8c51, 0x8c51, 0x8c51, 0x8c51, 0xffff, 0x31a6, 0x8c51, 0x8c51,
    0x8c51, 0x8c51, 0x8c51, 0x8c51, 0x8c51, 0x8c51, 0x8c51, 0x8c51, 0x8c51, 0x8c51, 0x8c51, 0x8c51,
    0x8c51, 0x8c51, 0xffff, 0x31a6, 0x8c51, 0x8c51, 0x8c51, 0x8c51, 0x8c51, 0x8c51, 0x8c51, 0x8c51,
    0x8c51, 0x8c51, 0x8c51, 0x8c51, 0x8c51, 0x8c51, 0x8c51, 0x8c51, 0xffff, 0xc638, 0xc638, 0xc638,
    0xc638, 0x52aa, 0x52aa, 0x0841, 0x0841, 0xffff, 0xffff, 0xc638, 0xc638, 0xc638, 0xc638, 0x31a6,
    0x8c51, 0x8c51, 0x8c51, 0x8c51, 0x8c51, 0x8c51, 0x8c51, 0x8c51, 0x8c51, 0x8c51, 0x8c51, 0x8c51,
    0x8c51, 0x8c51, 0x8c51, 0x8c51, 0xffff, 0x31a6, 0x8c51, 0x8c51, 0x8c51, 0x8c51, 0x8c51, 0x8c51,
    0x8c51, 0x8c51, 0x8c51, 0x8c51, 0x8c51, 0x8c51, 0x8c51, 0x8c51, 0x8c51, 0x8c51, 0xffff, 0x31a6,
    0x8c51, 0x8c51, 0x8c51, 0x8c51, 0x8c51, 0x8c51, 0x8c51, 0x8c51, 0x8c51, 0x8c51, 0x8c51, 0x8c51,
    0x8c51, 0x8c51, 0x8c51, 0x8c51, 0xffff, 0x31a6, 0x8c51, 0x8c51, 0x8c51, 0x8c51, 0x8c51, 0x8c51,
    0x8c51, 0x8c51, 0x8c51, 0x8c51, 0x8c51, 0x8c51, 0x8c51, 0x8c51, 0x8c51, 0x8c51, 0xffff, 0x31a6,
    0x8c51, 0x8c51, 0x8c51, 0x8c51, 0x8c51, 0x8c51, 0x8c51, 0x8c51, 0x8c51, 0x8c51, 0x8c51, 0x8c51,
    0x8c51, 0x8c51, 0x8c51, 0x8c51, 0xffff, 0x31a6, 0x8c51, 0x8c51, 0x8c51, 0x8c51, 0x8c51, 0x8c51,
    0x8c51, 0x8c51, 0x8c51, 0x8c51, 0x8c51, 0x8c51, 0x8c51, 0x8c51, 0x8c51, 0x8c51, 0xffff, 0x31a6,
    0x8c51, 0x8c51, 0x8c51, 0x8c51, 0x8c51, 0x8c51, 0x8c51, 0x8c51, 0x8c51, 0x8c51, 0x8c51, 0x8c51,
    0x8c51, 0x8c51, 0x8c51, 0x8c51, 0xffff, 0x31a6, 0x8c51, 0x8c51, 0x8c51, 0x8c51, 0x8c51, 0x8c51,
    0x8c51, 0x8c51, 0x8c51, 0x8c51, 0x8c51, 0x8c51, 0x8c51, 0x8c51, 0x8c51, 0x8c51, 0xffff, 0x31a6,
    0x8c51, 0x8c51, 0x8c51, 0x8c51, 0x8c51, 0x8c51, 0x8c51, 0x8c51, 0x8c51, 0x8c51, 0x8c51, 0x8c51,
    0x8c51, 0x8c51, 0x8c51, 0x8c51, 0xffff, 0xc638, 0xc638, 0xc638, 0xc638, 0x52aa, 0x52aa, 0x0841,
    0x0841, 0xffff, 0xffff, 0xc638, 0xc638, 0xc638, 0xc638, 0x31a6, 0x8c51, 0x8c51, 0x8c51, 0x8c51,
    0x8c51, 0x8c51, 0x8c51, 0x8c51, 0x8c51, 0x8c51, 0x8c51, 0x8c51, 0x8c51, 0x8c51, 0x8c51, 0x8c51,
    0xffff, 0x31a6, 0x8c51, 0x8c51, 0x8c51, 0x8c51, 0x8c51, 0x8c51, 0x8c51, 0x8c51, 0x8c51, 0x8c51,
    0x8c51, 0x8c51, 0x8c51, 0x8c51, 0x8c51, 0x8c51, 0xffff, 0x31a6, 0x8c51, 0x8c51, 0x8c51, 0x8c51,
    0x8c51, 0x8c51, 0x8c51, 0x8c51, 0x8c51, 0x8c51, 0x8c51, 0x8c51, 0x8c51, 0x8c51, 0x8c51, 0x8c51,
    0xffff, 0x31a6, 0x8c51, 0x8c51, 0x8c51, 0x8c51, 0x8c51, 0x8c51, 0x8c51, 0x8c51, 0x8c51, 0x8c51,
    0x8c51, 0x8c51, 0x8c51, 0x8c51, 0x8c51, 0x8c51, 0xffff, 0x31a6, 0x8c51, 0x8c51, 0x8c51, 0x8c51,
    0x8c51, 0x8c51, 0x8c51, 0x8c51, 0x8c51, 0x8c51, 0x8c51, 0x8c51, 0x8c51, 0x8c51, 0x8c51, 0x8c51,
    0xffff, 0x31a6, 0x8c51, 0x8c51, 0x8c51, 0x8c51, 0x8c51, 0x8c51, 0x8c51, 0x8c51, 0x8c51, 0x8c51,
    0x8c51, 0x8c51, 0x8c51, 0x8c51, 0x8c51, 0x8c51, 0xffff, 0x31a6, 0x8c51, 0x8c51, 0x8c51, 0x8c51,
    0x8c51, 0x8c51, 0x8c51, 0x8c51, 0x8c51, 0x8c51, 0x8c51, 0x8c51, 0x8c51, 0x8c51, 0x8c51, 0x8c51,
    0xffff, 0x31a6, 0x8c51, 0x8c51, 0x8c51, 0x8c51, 0x8c51, 0x8c51, 0x8c51, 0x8c51, 0x8c51, 0x8c51,
    0x8c51, 0x8c51, 0x8c51, 0x8c51, 0x8c51, 0x8c51, 0xffff, 0x31a6, 0x8c51, 0x8c51, 0x8c51, 0x8c51,
    0x8c51, 0x8c51, 0x8c51, 0x8c51, 0x8c51, 0x8c51, 0x8c51, 0x8c51, 0x8c51, 0x8c51, 0x8c51, 0x8c51,
    0xffff, 0xc638, 0xc638, 0xc638, 0xc638, 0x52aa, 0x52aa, 0x0841, 0x0841, 0xffff, 0xffff, 0xc638,
    0xc638, 0xc638, 0xc638, 0x31a6, 0x8c51, 0x8c51, 0x8c51, 0x8c51, 0x8c51, 0x8c51, 0x8c51, 0x8c51,
    0x8c51, 0x8c51, 0x8c51, 0x8c51, 0x8c51, 0x8c51, 0x8c51, 0x8c51, 0xffff, 0x31a6, 0x8c51, 0x8c51,
    0x8c51, 0x8c51, 0x8c51, 0x8c51, 0x8c51, 0x8c51, 0x8c51, 0x8c51, 0x8c51, 0x8c51, 0x8c51, 0x8c51,
    0x8c51, 0x8c51, 0xffff, 0x31a6, 0x8c51, 0x8c51, 0x8c51, 0x8c51, 0x8c51, 0x8c51, 0x8c51, 0x8c51,
    0x8c51, 0x8c51, 0x8c51, 0x8c51, 0x8c51, 0x8c51, 0x8c51, 0x8c51, 0xffff, 0x31a6, 0x8c51, 0x8c51,
    0x8c51, 0x8c51, 0x8c51, 0x8c51, 0x8c51, 0x8c51, 0x8c51, 0x8c51, 0x8c51, 0x8c51, 0x8c51, 0x8c51,
    0x8c51, 0x8c51, 0xffff, 0x31a6, 0x8c51, 0x8c51, 0x8c51, 0x8c51, 0x8c51, 0x8c51, 0x8c51, 0x8c51,
    0x8c51, 0x8c51, 0x8c51, 0x8c51, 0x8c51, 0x8c51, 0x8c51, 0x8c51, 0xffff, 0x31a6, 0x8c51, 0x8c51,
    0x8c51, 0x8c51, 0x8c51, 0x8c51, 0x8c51, 0x8c51, 0x8c51, 0x8c51, 0x8c51, 0x8c51, 0x8c51, 0x8c51,
    0x8c51, 0x8c51, 0xffff, 0x31a6, 0x8c51, 0x8c51, 0x8c51, 0x8c51, 0x8c51, 0x8c51, 0x8c51, 0x8c51,
    0x8c51, 0x8c51, 0x8c51, 0x8c51, 0x8c51, 0x8c51, 0x8c51, 0x8c51, 0xffff, 0x31a6, 0x8c51, 0x8c51,
    0x8c51, 0x8c51, 0x8c51, 0x8c51, 0x8c51, 0x8c51, 0x8c51, 0x8c51, 0x8c51, 0x8c51, 0x8c51, 0x8c51,
    0x8c51, 0x8c51, 0xffff, 0x31a6, 0x8c51, 0x8c51, 0x8c51, 0x8c51, 0x8c51, 0x8c51, 0x8c51, 0x8c51,
    0x8c51, 0x8c51, 0x8c51, 0x8c51, 0x8c51, 0x8c51, 0x8c51, 0x8c51, 0xffff, 0xc638, 0xc638, 0xc638,
    0xc638, 0x52aa, 0x52aa, 0x0841, 0x0841, 0xffff, 0xffff, 0xc638, 0xc638, 0xc638, 0xc638, 0x31a6,
    0x8c51, 0x8c51, 0x8c51, 0x8c51, 0x8c51, 0x8c51, 0x8c51, 0x8c51, 0x8c51, 0x8c51, 0x8c51, 0x8c51,
    0x8c51, 0x8c51, 0x8c51, 0x8c51, 0xffff, 0x31a6, 0x8c51, 0x8c51, 0x8c51, 0x8c51, 0x8c51, 0x8c51,
    0x8c51, 0x8c51, 0x8c51, 0x8c51, 0x8c51, 0x8c51, 0x8c51, 0x8c51, 0x8c51, 0x8c51, 0xffff, 0x31a6,
    0x8c51, 0x8c51, 0x8c51, 0x8c51, 0x8c51, 0x8c51, 0x8c51, 0x8c51, 0x8c51, 0x8c51, 0x8c51, 0x8c51,
    0x8c51, 0x8c51, 0x8c51, 0x8c51, 0xffff, 0x31a6, 0x8c51, 0x8c51, 0x8c51, 0x8c51, 0x8c51, 0x8c51,
    0x8c51, 0x8c51, 0x8c51, 0x8c51, 0x8c51, 0x8c51, 0x8c51, 0x8c51, 0x8c51, 0x8c51, 0xffff, 0x31a6,
    0x8c51, 0x8c51, 0x8c51, 0x8c51, 0x8c51, 0x8c51, 0x8c51, 0x8c51, 0x8c51, 0x8c51, 0x8c51, 0x8c51,
    0x8c51, 0x8c51, 0x8c51, 0x8c51, 0xffff, 0x31a6, 0x8c51, 0x8c51, 0x8c51, 0x8c51, 0x8c51, 0x8c51,
    0x8c51, 0x8c51, 0x8c51, 0x8c51, 0x8c51, 0x8c51, 0x8c51, 0x8c51, 0x8c51, 0x8c51, 0xffff, 0x31a6,
    0x8c51, 0x8c51, 0x8c51, 0x8c51, 0x8c51, 0x8c51, 0x8c51, 0x8c51, 0x8c51, 0x8c51, 0x8c51, 0x8c51,
    0x8c51, 0x8c51, 0x8c51, 0x8c51, 0xffff, 0x31a6, 0x8c51, 0x8c51, 0x8c51, 0x8c51, 0x8c51, 0x8c51,
    0x8c51, 0x8c51, 0x8c51, 0x8c51, 0x8c51, 0x8c51, 0x8c51, 0x8c51, 0x8c51, 0x8c51, 0xffff, 0x31a6,
    0x8c51, 0x8c51, 0x8c51, 0x8c51, 0x8c51, 0x8c51, 0x8c51, 0x8c51, 0x8c51, 0x8c51, 0x8c51, 0x8c51,
    0x8c51, 0x8c51, 0x8c51, 0x8c51, 0xffff, 0xc638, 0xc638, 0xc638, 0xc638, 0x52aa, 0x52aa, 0x0841,
    0x0841, 0xffff, 0xffff, 0xc638, 0xc638, 0xc638, 0xc638, 0x31a6, 0x8c51, 0x8c51, 0x8c51, 0x8c51,
    0x8c51, 0x8c51, 0x8c51, 0x8c51, 0x8c51, 0x8c51, 0x8c51, 0x8c51, 0x8c51, 0x8c51, 0x8c51, 0x8c51,
    0xffff, 0x31a6, 0x8c51, 0x8c51, 0x8c51, 0x8c51, 0x8c51, 0x8c51, 0x8c51, 0x8c51, 0x8c51, 0x8c51,
    0x8c51, 0x8c51, 0x8c51, 0x8c51, 0x8c51, 0x8c51, 0xffff, 0x31a6, 0x8c51, 0x8c51, 0x8c51, 0x8c51,
    0x8c51, 0x8c51, 0x8c51, 0x8c51, 0x8c51, 0x8c51, 0x8c51, 0x8c51, 0x8c51, 0x8c51, 0x8c51, 0x8c51,
    0xffff, 0x31a6, 0x8c51, 0x8c51, 0x8c51, 0x8c51, 0x8c51, 0x8c51, 0x8c51, 0x8c51, 0x8c51, 0x8c51,
    0x8c51, 0x8c51, 0x8c51, 0x8c51, 0x8c51, 0x8c51, 0xffff, 0x31a6, 0x8c51, 0x8c51, 0x8c51, 0x8c51,
    0x8c51, 0x8c51, 0x8c51, 0x8c51, 0x8c51, 0x8c51, 0x8c51, 0x8c51, 0x8c51, 0x8c51, 0x8c51, 0x8c51,
    0xffff, 0x31a6, 0x8c51, 0x8c51, 0x8c51, 0x8c51, 0x8c51, 0x8c51, 0x8c51, 0x8c51, 0x8c51, 0x8c51,
    0x8c51, 0x8c51, 0x8c51, 0x8c51, 0x8c51, 0x8c51, 0xffff, 0x31a6, 0x8c51, 0x8c51, 0x8c51, 0x8c51,
    0x8c51, 0x8c51, 0x8c51, 0x8c51, 0x8c51, 0x8c51, 0x8c51, 0x8c51, 0x8c51, 0x8c51, 0x8c51, 0x8c51,
    0xffff, 0x31a6, 0x8c51, 0x8c51, 0x8c51, 0x8c51, 0x8c51, 0x8c51, 0x8c51, 0x8c51, 0x8c51, 0x8c51,
    0x8c51, 0x8c51, 0x8c51, 0x8c51, 0x8c51, 0x8c51, 0xffff, 0x31a6, 0x8c51, 0x8c51, 0x8c51, 0x8c51,
    0x8c51, 0x8c51, 0x8c51, 0x8c51, 0x8c51, 0x8c51, 0x8c51, 0x8c51, 0x8c51, 0x8c51, 0x8c51, 0x8c51,
    0xffff, 0xc638, 0xc638, 0xc638, 0xc638, 0x52aa, 0x52aa, 0x0841, 0x0841, 0xffff, 0xffff, 0xc638,
    0xc638, 0xc638, 0xc638, 0x31a6, 0x8c51, 0x8c51, 0x8c51, 0x8c51, 0x8c51, 0x8c51, 0x8c51, 0x8c51,
    0x8c51, 0x8c51, 0x8c51, 0x8c51, 0x8c51, 0x8c51, 0x8c51, 0x8c51, 0xffff, 0x31a6, 0x8c51, 0x8c51,
    0x8c51, 0x8c51, 0x8c51, 0x8c51, 0x8c51, 0x8c51, 0x8c51, 0x8c51, 0x8c51, 0x8c51, 0x8c51, 0x8c51,
    0x8c51, 0x8c51, 0xffff, 0x31a6, 0x8c51, 0x8c51, 0x8c51, 0x8c51, 0x8c51, 0x8c51, 0x8c51, 0x8c51,
    0x8c51, 0x8c51, 0x8c51, 0x8c51, 0x8c51, 0x8c51, 0x8c51, 0x8c51, 0xffff, 0x31a6, 0x8c51, 0x8c51,
    0x8c51, 0x8c51, 0x8c51, 0x8c51, 0x8c51, 0x8c51, 0x8c51, 0x8c51, 0x8c51, 0x8c51, 0x8c51, 0x8c51,
    0x8c51, 0x8c51, 0xffff, 0x31a6, 0x8c51, 0x8c51, 0x8c51, 0x8c51, 0x8c51, 0x8c51, 0x8c51, 0x8c51,
    0x8c51, 0x8c51, 0x8c51, 0x8c51, 0x8c51, 0x8c51, 0x8c51, 0x8c51, 0xffff, 0x31a6, 0x8c51, 0x8c51,
    0x8c51, 0x8c51, 0x8c51, 0x8c51, 0x8c51, 0x8c51, 0x8c51, 0x8c51, 0x8c51, 0x8c51, 0x8c51, 0x8c51,
    0x8c51, 0x8c51, 0xffff, 0x31a6, 0x8c51, 0x8c51, 0x8c51, 0x8c51, 0x8c51, 0x8c51, 0x8c51, 0x8c51,
    0x8c51, 0x8c51, 0x8c51, 0x8c51, 0x8c51, 0x8c51, 0x8c51, 0x8c51, 0xffff, 0x31a6, 0x8c51, 0x8c51,
    0x8c51, 0x8c51, 0x8c51, 0x8c51, 0x8c51, 0x8c51, 0x8c51, 0x8c51, 0x8c51, 0x8c51, 0x8c51, 0x8c51,
    0x8c51, 0x8c51, 0xffff, 0x31a6, 0x8c51, 0x8c51, 0x8c51, 0x8c51, 0x8c51, 0x8c51, 0x8c51, 0x8c51,
    0x8c51, 0x8c51, 0x8c51, 0x8c51, 0x8c51, 0x8c51, 0x8c51, 0x8c51, 0xffff, 0xc638, 0xc638, 0xc638,
    0xc638, 0x52aa, 0x52aa, 0x0841, 0x0841, 0xffff, 0xffff, 0xc638, 0xc638, 0xc638, 0xc638, 0x31a6,
    0x8c51, 0x8c51, 0x8c51, 0x8c51, 0x8c51, 0x8c51, 0x8c51, 0x8c51, 0x8c51, 0x8c51, 0x8c51, 0x8c51,
    0x8c51, 0x8c51, 0x8c51, 0x8c51, 0xffff, 0x31a6, 0x8c51, 0x8c51, 0x8c51, 0x8c51, 0x8c51, 0x8c51,
    0x8c51, 0x8c51, 0x8c51, 0x8c51, 0x8c51, 0x8c51, 0x8c51, 0x8c51, 0x8c51, 0x8c51, 0xffff, 0x31a6,
    0x8c51, 0x8c51, 0x8c51, 0x8c51, 0x8c51, 0x8c51, 0x8c51, 0x8c51, 0x8c51, 0x8c51, 0x8c51, 0x8c51,
    0x8c51, 0x8c51, 0x8c51, 0x8c51, 0xffff, 0x31a6, 0x8c51, 0x8c51, 0x8c51, 0x8c51, 0x8c51, 0x8c51,
    0x8c51, 0x8c51, 0x8c51, 0x8c51, 0x8c51, 0x8c51, 0x8c51, 0x8c51, 0x8c51, 0x8c51, 0xffff, 0x31a6,
    0x8c51, 0x8c51, 0x8c51, 0x8c51, 0x8c51, 0x8c51, 0x8c51, 0x8c51, 0x8c51, 0x8c51, 0x8c51, 0x8c51,
    0x8c51, 0x8c51, 0x8c51, 0x8c51, 0xffff, 0x31a6, 0x8c51, 0x8c51, 0x8c51, 0x8c51, 0x8c51, 0x8c51,
    0x8c51, 0x8c51, 0x8c51, 0x8c51, 0x8c51, 0x8c51, 0x8c51, 0x8c51, 0x8c51, 0x8c51, 0xffff, 0x31a6,
    0x8c51, 0x8c51, 0x8c51, 0x8c51, 0x8c51, 0x8c51, 0x8c51, 0x8c51, 0x8c51, 0x8c51, 0x8c51, 0x8c51,
    0x8c51, 0x8c51, 0x8c51, 0x8c51, 0xffff, 0x31a6, 0x8c51, 0x8c51, 0x8c51, 0x8c51, 0x8c51, 0x8c51,
    0x8c51, 0x8c51, 0x8c51, 0x8c51, 0x8c51, 0x8c51, 0x8c51, 0x8c51, 0x8c51, 0x8c51, 0xffff, 0x31a6,
    0x8c51, 0x8c51, 0x8c51, 0x8c51, 0x8c51, 0x8c51, 0x8c51, 0x8c51, 0x8c51, 0x8c51, 0x8c51, 0x8c51,
    0x8c51, 0x8c51, 0x8c51, 0x8c51, 0xffff, 0xc638, 0xc638, 0xc638, 0xc638, 0x52aa, 0x52aa, 0x0841,
    0x0841, 0xffff, 0xffff, 0xc638, 0xc638, 0xc638, 0xc638, 0x31a6, 0x8c51, 0x8c51, 0x8c51, 0x8c51,
    0x8c51, 0x8c51, 0x8c51, 0x8c51, 0x8c51, 0x8c51, 0x8c51, 0x8c51, 0x8c51, 0x8c51, 0x8c51, 0x8c51,
    0xffff, 0x31a6, 0x8c51, 0x8c51, 0x8c51, 0x8c51, 0x8c51, 0x8c51, 0x8c51, 0x8c51, 0x8c51, 0x8c51,
    0x8c51, 0x8c51, 0x8c51, 0x8c51, 0x8c51, 0x8c51, 0xffff, 0x31a6, 0x8c51, 0x8c51, 0x8c51, 0x8c51,
    0x8c51, 0x8c51, 0x8c51, 0x8c51, 0x8c51, 0x8c51, 0x8c51, 0x8c51, 0x8c51, 0x8c51, 0x8c51, 0x8c51,
    0xffff, 0x31a6, 0x8c51, 0x8c51, 0x8c51, 0x8c51, 0x8c51, 0x8c51, 0x8c51, 0x8c51, 0x8c51, 0x8c51,
    0x8c51, 0x8c51, 0x8c51, 0x8c51, 0x8c51, 0x8c51, 0xffff, 0x31a6, 0x8c51, 0x8c51, 0x8c51, 0x8c51,
    0x8c51, 0x8c51, 0x8c51, 0x8c51, 0x8c51, 0x8c51, 0x8c51, 0x8c51, 0x8c51, 0x8c51, 0x8c51, 0x8c51,
    0xffff, 0x31a6, 0x8c51, 0x8c51, 0x8c51, 0x8c51, 0x8c51, 0x8c51, 0x8c51, 0x8c51, 0x8c51, 0x8c51,
    0x8c51, 0x8c51, 0x8c51, 0x8c51, 0x8c51, 0x8c51, 0xffff, 0x31a6, 0x8c51, 0x8c51, 0x8c51, 0x8c51,
    0x8c51, 0x8c51, 0x8c51, 0x8c51, 0x8c51, 0x8c51, 0x8c51, 0x8c51, 0x8c51, 0x8c51, 0x8c51, 0x8c51,
    0xffff, 0x31a6, 0x8c51, 0x8c51, 0x8c51, 0x8c51, 0x8c51, 0x8c51, 0x8c51, 0x8c51, 0x8c51, 0x8c51,
    0x8c51, 0x8c51, 0x8c51, 0x8c51, 0x8c51, 0x8c51, 0xffff, 0x31a6, 0x8c51, 0x8c51, 0x8c51, 0x8c51,
    0x8c51, 0x8c51, 0x8c51, 0x8c51, 0x8c51, 0x8c51, 0x8c51, 0x8c51, 0x8c51, 0x8c51, 0x8c51, 0x8c51,
    0xffff, 0xc638, 0xc638, 0xc638, 0xc638, 0x52aa, 0x52aa, 0x0841, 0x0841, 0xffff, 0xffff, 0xc638,
    0xc638, 0xc638, 0xc638, 0x31a6, 0x8c51, 0x8c51, 0x8c51, 0x8c51, 0x8c51, 0x8c51, 0x8c51, 0x8c51,
    0x8c51, 0x8c51, 0x8c51, 0x8c51, 0x8c51, 0x8c51, 0x8c51, 0x8c51, 0xffff, 0x31a6, 0x8c51, 0x8c51,
    0x8c51, 0x8c51, 0x8c51, 0x8c51, 0x8c51, 0x8c51, 0x8c51, 0x8c51, 0x8c51, 0x8c51, 0x8c51, 0x8c51,
    0x8c51, 0x8c51, 0xffff, 0x31a6, 0x8c51, 0x8c51, 0x8c51, 0x8c51, 0x8c51, 0x8c51, 0x8c51, 0x8c51,
    0x8c51, 0x8c51, 0x8c51, 0x8c51, 0x8c51, 0x8c51, 0x8c51, 0x8c51, 0xffff, 0x31a6, 0x8c51, 0x8c51,
    0x8c51, 0x8c51, 0x8c51, 0x8c51, 0x8c51, 0x8c51, 0x8c51, 0x8c51, 0x8c51, 0x8c51, 0x8c51, 0x8c51,
    0x8c51, 0x8c51, 0xffff, 0x31a6, 0x8c51, 0x8c51, 0x8c51, 0x8c51, 0x8c51, 0x8c51, 0x8c51, 0x8c51,
    0x8c51, 0x8c51, 0x8c51, 0x8c51, 0x8c51, 0x8c51, 0x8c51, 0x8c51, 0xffff, 0x31a6, 0x8c51, 0x8c51,
    0x8c51, 0x8c51, 0x8c51, 0x8c51, 0x8c51, 0x8c51, 0x8c51, 0x8c51, 0x8c51, 0x8c51, 0x8c51, 0x8c51,
    0x8c51, 0x8c51, 0xffff, 0x31a6, 0x8c51, 0x8c51, 0x8c51, 0x8c51, 0x8c51, 0x8c51, 0x8c51, 0x8c51,
    0x8c51, 0x8c51, 0x8c51, 0x8c51, 0x8c51, 0x8c51, 0x8c51, 0x8c51, 0xffff, 0x31a6, 0x8c51, 0x8c51,
    0x8c51, 0x8c51, 0x8c51, 0x8c51, 0x8c51, 0x8c51, 0x8c51, 0x8c51, 0x8c51, 0x8c51, 0x8c51, 0x8c51,
    0x8c51, 0x8c51, 0xffff, 0x31a6, 0x8c51, 0x8c51, 0x8c51, 0x8c51, 0x8c51, 0x8c51, 0x8c51, 0x8c51,
    0x8c51, 0x8c51, 0x8c51, 0x8c51, 0x8c51, 0x8c51, 0x8c51, 0x8c51, 0xffff, 0xc638, 0xc638, 0xc638,
    0xc638, 0x52aa, 0x52aa, 0x0841, 0x0841, 0xffff, 0xffff, 0xc638, 0xc638, 0xc638, 0xc638, 0x31a6,
    0x8c51, 0x8c51, 0x8c51, 0x8c51, 0x8c51, 0x8c51, 0x8c51, 0x8c51, 0x8c51, 0x8c51, 0x8c51, 0x8c51,
    0x8c51, 0x8c51, 0x8c51, 0x8c51, 0xffff, 0x31a6, 0x8c51, 0x8c51, 0x8c51, 0x8c51, 0x8c51, 0x8c51,
    0x8c51, 0x8c51, 0x8c51, 0x8c51, 0x8c51, 0x8c51, 0x8c51, 0x8c51, 0x8c51, 0x8c51, 0xffff, 0x31a6,
    0x8c51, 0x8c51, 0x8c51, 0x8c51, 0x8c51, 0x8c51, 0x8c51, 0x8c51, 0x8c51, 0x8c51, 0x8c51, 0x8c51,
    0x8c51, 0x8c51, 0x8c51, 0x8c51, 0xffff, 0x31a6, 0x8c51, 0x8c51, 0x8c51, 0x8c51, 0x8c51, 0x8c51,
    0x8c51, 0x8c51, 0x8c51, 0x8c51, 0x8c51, 0x8c51, 0x8c51, 0x8c51, 0x8c51, 0x8c51, 0xffff, 0x31a6,
    0x8c51, 0x8c51, 0x8c51, 0x8c51, 0x8c51, 0x8c51, 0x8c51, 0x8c51, 0x8c51, 0x8c51, 0x8c51, 0x8c51,
    0x8c51, 0x8c51, 0x8c51, 0x8c51, 0xffff, 0x31a6, 0x8c51, 0x8c51, 0x8c51, 0x8c51, 0x8c51, 0x8c51,
    0x8c51, 0x8c51, 0x8c51, 0x8c51, 0x8c51, 0x8c51, 0x8c51, 0x8c51, 0x8c51, 0x8c51, 0xffff, 0x31a6,
    0x8c51, 0x8c51, 0x8c51, 0x8c51, 0x8c51, 0x8c51, 0x8c51, 0x8c51, 0x8c51, 0x8c51, 0x8c51, 0x8c51,
    0x8c51, 0x8c51, 0x8c51, 0x8c51, 0xffff, 0x31a6, 0x8c51, 0x8c51, 0x8c51, 0x8c51, 0x8c51, 0x8c51,
    0x8c51, 0x8c51, 0x8c51, 0x8c51, 0x8c51, 0x8c51, 0x8c51, 0x8c51, 0x8c51, 0x8c51, 0xffff, 0x31a6,
    0x8c51, 0x8c51, 0x8c51, 0x8c51, 0x8c51, 0x8c51, 0x8c51, 0x8c51, 0x8c51, 0x8c51, 0x8c51, 0x8c51,
    0x8c51, 0x8c51, 0x8c51, 0x8c51, 0xffff, 0xc638, 0xc638, 0xc638, 0xc638, 0x52aa, 0x52aa, 0x0841,
    0x0841, 0xffff, 0xffff, 0xc638, 0xc638, 0xc638, 0xc638, 0x31a6, 0x8c51, 0x8c51, 0x8c51, 0x8c51,
    0x8c51, 0x8c51, 0x8c51, 0x8c51, 0x8c51, 0x8c51, 0x8c51, 0x8c51, 0x8c51, 0x8c51, 0x8c51, 0x8c51,
    0xffff, 0x31a6, 0x8c51, 0x8c51, 0x8c51, 0x8c51, 0x8c51, 0x8c51, 0x8c51, 0x8c51, 0x8c51, 0x8c51,
    0x8c51, 0x8c51, 0x8c51, 0x8c51, 0x8c51, 0x8c51, 0xffff, 0x31a6, 0x8c51, 0x8c51, 0x8c51, 0x8c51,
    0x8c51, 0x8c51, 0x8c51, 0x8c51, 0x8c51, 0x8c51, 0x8c51, 0x8c51, 0x8c51, 0x8c51, 0x8c51, 0x8c51,
    0xffff, 0x31a6, 0x8c51, 0x8c51, 0x8c51, 0x8c51, 0x8c51, 0x8c51, 0x8c51, 0x8c51, 0x8c51, 0x8c51,
    0x8c51, 0x8c51, 0x8c51, 0x8c51, 0x8c51, 0x8c51, 0xffff, 0x31a6, 0x8c51, 0x8c51, 0x8c51, 0x8c51,
    0x8c51, 0x8c51, 0x8c51, 0x8c51, 0x8c51, 0x8c51, 0x8c51, 0x8c51, 0x8c51, 0x8c51, 0x8c51, 0x8c51,
    0xffff, 0x31a6, 0x8c51, 0x8c51, 0x8c51, 0x8c51, 0x8c51, 0x8c51, 0x8c51, 0x8c51, 0x8c51, 0x8c51,
    0x8c51, 0x8c51, 0x8c51, 0x8c51, 0x8c51, 0x8c51, 0xffff, 0x31a6, 0x8c51, 0x8c51, 0x8c51, 0x8c51,
    0x8c51, 0x8c51, 0x8c51, 0x8c51, 0x8c51, 0x8c51, 0x8c51, 0x8c51, 0x8c51, 0x8c51, 0x8c51, 0x8c51,
    0xffff, 0x31a6, 0x8c51, 0x8c51, 0x8c51, 0x8c51, 0x8c51, 0x8c51, 0x8c51, 0x8c51, 0x8c51, 0x8c51,
    0x8c51, 0x8c51, 0x8c51, 0x8c51, 0x8c51, 0x8c51, 0xffff, 0x31a6, 0x8c51, 0x8c51, 0x8c51, 0x8c51,
    0x8c51, 0x8c51, 0x8c51, 0x8c51, 0x8c51, 0x8c51, 0x8c51, 0x8c51, 0x8c51, 0x8c51, 0x8c51, 0x8c51,
    0xffff, 0xc638, 0xc638, 0xc638, 0xc638, 0x52aa, 0x52aa, 0x0841, 0x0841, 0xffff, 0xffff, 0xc638,
    0xc638, 0xc638, 0xc638, 0x31a6, 0x8c51, 0x8c51, 0x8c51, 0x8c51, 0x8c51, 0x8c51, 0x8c51, 0x8c51,
    0x8c51, 0x8c51, 0x8c51, 0x8c51, 0x8c51, 0x8c51, 0x8c51, 0x8c51, 0xffff, 0x31a6, 0x8c51, 0x8c51,
    0x8c51, 0x8c51, 0x8c51, 0x8c51, 0x8c51, 0x8c51, 0x8c51, 0x8c51, 0x8c51, 0x8c51, 0x8c51, 0x8c51,
    0x8c51, 0x8c51, 0xffff, 0x31a6, 0x8c51, 0x8c51, 0x8c51, 0x8c51, 0x8c51, 0x8c51, 0x8c51, 0x8c51,
    0x8c51, 0x8c51, 0x8c51, 0x8c51, 0x8c51, 0x8c51, 0x8c51, 0x8c51, 0xffff, 0x31a6, 0x8c51, 0x8c51,
    0x8c51, 0x8c51, 0x8c51, 0x8c51, 0x8c51, 0x8c51, 0x8c51, 0x8c51, 0x8c51, 0x8c51, 0x8c51, 0x8c51,
    0x8c51, 0x8c51, 0xffff, 0x31a6, 0x8c51, 0x8c51, 0x8c51, 0x8c51, 0x8c51, 0x8c51, 0x8c51, 0x8c51,
    0x8c51, 0x8c51, 0x8c51, 0x8c51, 0x8c51, 0x8c51, 0x8c51, 0x8c51, 0xffff, 0x31a6, 0x8c51, 0x8c51,
    0x8c51, 0x8c51, 0x8c51, 0x8c51, 0x8c51, 0x8c51, 0x8c51, 0x8c51, 0x8c51, 0x8c51, 0x8c51, 0x8c51,
    0x8c51, 0x8c51, 0xffff, 0x31a6, 0x8c51, 0x8c51, 0x8c51, 0x8c51, 0x8c51, 0x8c51, 0x8c51, 0x8c51,
    0x8c51, 0x8c51, 0x8c51, 0x8c51, 0x8c51, 0x8c51, 0x8c51, 0x8c51, 0xffff, 0x31a6, 0x8c51, 0x8c51,
    0x8c51, 0x8c51, 0x8c51, 0x8c51, 0x8c51, 0x8c51, 0x8c51, 0x8c51, 0x8c51, 0x8c51, 0x8c51, 0x8c51,
    0x8c51, 0x8c51, 0xffff, 0x31a6, 0x8c51, 0x8c51, 0x8c51, 0x8c51, 0x8c51, 0x8c51, 0x8c51, 0x8c51,
    0x8c51, 0x8c51, 0x8c51, 0x8c51, 0x8c51, 0x8c51, 0x8c51, 0x8c51, 0xffff, 0xc638, 0xc638, 0xc638,
    0xc638, 0x52aa, 0x52aa, 0x0841, 0x0841, 0xffff, 0xffff, 0xc638, 0xc638, 0xc638, 0xc638, 0x31a6,
    0x8c51, 0x8c51, 0x8c51, 0x8c51, 0x8c51, 0x8c51, 0x8c51, 0x8c51, 0x8c51, 0x8c51, 0x8c51, 0x8c51,
    0x8c51, 0x8c51, 0x8c51, 0x8c51, 0xffff, 0x31a6, 0x8c51, 0x8c51, 0x8c51, 0x8c51, 0x8c51, 0x8c51,
    0x8c51, 0x8c51, 0x8c51, 0x8c51, 0x8c51, 0x8c51, 0x8c51, 0x8c51, 0x8c51, 0x8c51, 0xffff, 0x31a6,
    0x8c51, 0x8c51, 0x8c51, 0x8c51, 0x8c51, 0x8c51, 0x8c51, 0x8c51, 0x8c51, 0x8c51, 0x8c51, 0x8c51,
    0x8c51, 0x8c51, 0x8c51, 0x8c51, 0xffff, 0x31a6, 0x8c51, 0x8c51, 0x8c51, 0x8c51, 0x8c51, 0x8c51,
    0x8c51, 0x8c51, 0x8c51, 0x8c51, 0x8c51, 0x8c51, 0x8c51, 0x8c51, 0x8c51, 0x8c51, 0xffff, 0x31a6,
    0x8c51, 0x8c51, 0x8c51, 0x8c51, 0x8c51, 0x8c51, 0x8c51, 0x8c51, 0x8c51, 0x8c51, 0x8c51, 0x8c51,
    0x8c51, 0x8c51, 0x8c51, 0x8c51, 0xffff, 0x31a6, 0x8c51, 0x8c51, 0x8c51, 0x8c51, 0x8c51, 0x8c51,
    0x8c51, 0x8c51, 0x8c51, 0x8c51, 0x8c51, 0x8c51, 0x8c51, 0x8c51, 0x8c51, 0x8c51, 0xffff, 0x31a6,
    0x8c51, 0x8c51, 0x8c51, 0x8c51, 0x8c51, 0x8c51, 0x8c51, 0x8c51, 0x8c51, 0x8c51, 0x8c51, 0x8c51,
    0x8c51, 0x8c51, 0x8c51, 0x8c51, 0xffff, 0x31a6, 0x8c51, 0x8c51, 0x8c51, 0x8c51, 0x8c51, 0x8c51,
    0x8c51, 0x8c51, 0x8c51, 0x8c51, 0x8c51, 0x8c51, 0x8c51, 0x8c51, 0x8c51, 0x8c51, 0xffff, 0x31a6,
    0x8c51, 0x8c51, 0x8c51, 0x8c51, 0x8c51, 0x8c51, 0x8c51, 0x8c51, 0x8c51, 0x8c51, 0x8c51, 0x8c51,
    0x8c51, 0x8c51, 0x8c51, 0x8c51, 0xffff, 0xc638, 0xc638, 0xc638, 0xc638, 0x52aa, 0x52aa, 0x0841,
    0x0841, 0xffff, 0xffff, 0xc638, 0xc638, 0xc638, 0xc638, 0x31a6, 0x8c51, 0x8c51, 0x8c51, 0x8c51,
    0x8c51, 0x8c51, 0x8c51, 0x8c51, 0x8c51, 0x8c51, 0x8c51, 0x8c51, 0x8c51, 0x8c51, 0x8c51, 0x8c51,
    0xffff, 0x31a6, 0x8c51, 0x8c51, 0x8c51, 0x8c51, 0x8c51, 0x8c51, 0x8c51, 0x8c51, 0x8c51, 0x8c51,
    0x8c51, 0x8c51, 0x8c51, 0x8c51, 0x8c51, 0x8c51, 0xffff, 0x31a6, 0x8c51, 0x8c51, 0x8c51, 0x8c51,
    0x8c51, 0x8c51, 0x8c51, 0x8c51, 0x8c51, 0x8c51, 0x8c51, 0x8c51, 0x8c51, 0x8c51, 0x8c51, 0x8c51,
    0xffff, 0x31a6, 0x8c51, 0x8c51, 0x8c51, 0x8c51, 0x8c51, 0x8c51, 0x8c51, 0x8c51, 0x8c51, 0x8c51,
    0x8c51, 0x8c51, 0x8c51, 0x8c51, 0x8c51, 0x8c51, 0xffff, 0x31a6, 0x8c51, 0x8c51, 0x8c51, 0x8c51,
    0x8c51, 0x8c51, 0x8c51, 0x8c51, 0x8c51, 0x8c51, 0x8c51, 0x8c51, 0x8c51, 0x8c51, 0x8c51, 0x8c51,
    0xffff, 0x31a6, 0x8c51, 0x8c51, 0x8c51, 0x8c51, 0x8c51, 0x8c51, 0x8c51, 0x8c51, 0x8c51, 0x8c51,
    0x8c51, 0x8c51, 0x8c51, 0x8c51, 0x8c51, 0x8c51, 0xffff, 0x31a6, 0x8c51, 0x8c51, 0x8c51, 0x8c51,
    0x8c51, 0x8c51, 0x8c51, 0x8c51, 0x8c51, 0x8c51, 0x8c51, 0x8c51, 0x8c51, 0x8c51, 0x8c51, 0x8c51,
    0xffff, 0x31a6, 0x8c51, 0x8c51, 0x8c51, 0x8c51, 0x8c51, 0x8c51, 0x8c51, 0x8c51, 0x8c51, 0x8c51,
    0x8c51, 0x8c51, 0x8c51, 0x8c51, 0x8c51, 0x8c51, 0xffff, 0x31a6, 0x8c51, 0x8c51, 0x8c51, 0x8c51,
    0x8c51, 0x8c51, 0x8c51, 0x8c51, 0x8c51, 0x8c51, 0x8c51, 0x8c51, 0x8c51, 0x8c51, 0x8c51, 0x8c51,
    0xffff, 0xc638, 0xc638, 0xc638, 0xc638, 0x52aa, 0x52aa, 0x0841, 0x0841, 0xffff, 0xffff, 0xc638,
    0xc638, 0xc638, 0xc638, 0x8c51, 0xffff, 0xffff, 0xffff, 0xffff, 0xffff, 0xffff, 0xffff, 0xffff,
    0xffff, 0xffff, 0xffff, 0xffff, 0xffff, 0xffff, 0xffff, 0xffff, 0xffff, 0x8c51, 0xffff, 0xffff,
    0xffff, 0xffff, 0xffff, 0xffff, 0xffff, 0xffff, 0xffff, 0xffff, 0xffff, 0xffff, 0xffff, 0xffff,
    0xffff, 0xffff, 0xffff, 0x8c51, 0xffff, 0xffff, 0xffff, 0xffff, 0xffff, 0xffff, 0xffff, 0xffff,
    0xffff, 0xffff, 0xffff, 0xffff, 0xffff, 0xffff, 0xffff, 0xffff, 0xffff, 0x8c51, 0xffff, 0xffff,
    0xffff, 0xffff, 0xffff, 0xffff, 0xffff, 0xffff, 0xffff, 0xffff, 0xffff, 0xffff, 0xffff, 0xffff,
    0xffff, 0xffff, 0xffff, 0x8c51, 0xffff, 0xffff, 0xffff, 0xffff, 0xffff, 0xffff, 0xffff, 0xffff,
    0xffff, 0xffff, 0xffff, 0xffff, 0xffff, 0xffff, 0xffff, 0xffff, 0xffff, 0x8c51, 0xffff, 0xffff,
    0xffff, 0xffff, 0xffff, 0xffff, 0xffff, 0xffff, 0xffff, 0xffff, 0xffff, 0xffff, 0xffff, 0xffff,
    0xffff, 0xffff, 0xffff, 0x8c51, 0xffff, 0xffff, 0xffff, 0xffff, 0xffff, 0xffff, 0xffff, 0xffff,
    0xffff, 0xffff, 0xffff, 0xffff, 0xffff, 0xffff, 0xffff, 0xffff, 0xffff, 0x8c51, 0xffff, 0xffff,
    0xffff, 0xffff, 0xffff, 0xffff, 0xffff, 0xffff, 0xffff, 0xffff, 0xffff, 0xffff, 0xffff, 0xffff,
    0xffff, 0xffff, 0xffff, 0x8c51, 0xffff, 0xffff, 0xffff, 0xffff, 0xffff, 0xffff, 0xffff, 0xffff,
    0xffff, 0xffff, 0xffff, 0xffff, 0xffff, 0xffff, 0xffff, 0xffff, 0xffff, 0xc638, 0xc638, 0xc638,
    0xc638, 0x52aa, 0x52aa, 0x0841, 0x0841, 0xffff, 0xffff, 0xc638, 0xc638, 0xc638, 0xc638, 0xc638,
    0xc638, 0xc638, 0xc638, 0xc638, 0xc638, 0xc638, 0xc638, 0xc638, 0xc638, 0xc638, 0xc638, 0xc638,
    0xc638, 0xc638, 0xc638, 0xc638, 0xc638, 0xc638, 0xc638, 0xc638, 0xc638, 0xc638, 0xc638, 0xc638,
    0xc638, 0xc638, 0xc638, 0xc638, 0xc638, 0xc638, 0xc638, 0xc638, 0xc638, 0xc638, 0xc638, 0xc638,
    0xc638, 0xc638, 0xc638, 0xc638, 0xc638, 0xc638, 0xc638, 0xc638, 0xc638, 0xc638, 0xc638, 0xc638,
    0xc638, 0xc638, 0xc638, 0xc638, 0xc638, 0xc638, 0xc638, 0xc638, 0xc638, 0xc638, 0xc638, 0xc638,
    0xc638, 0xc638, 0xc638, 0xc638, 0xc638, 0xc638, 0xc638, 0xc638, 0xc638, 0xc638, 0xc638, 0xc638,
    0xc638, 0xc638, 0xc638, 0xc638, 0xc638, 0xc638, 0xc638, 0xc638, 0xc638, 0xc638, 0xc638, 0xc638,
    0xc638, 0xc638, 0xc638, 0xc638, 0xc638, 0xc638, 0xc638, 0xc638, 0xc638, 0xc638, 0xc638, 0xc638,
    0xc638, 0xc638, 0xc638, 0xc638, 0xc638, 0xc638, 0xc638, 0xc638, 0xc638, 0xc638, 0xc638, 0xc638,
    0xc638, 0xc638, 0xc638, 0xc638, 0xc638, 0xc638, 0xc638, 0xc638, 0xc638, 0xc638, 0xc638, 0xc638,
    0xc638, 0xc638, 0xc638, 0xc638, 0xc638, 0xc638, 0xc638, 0xc638, 0xc638, 0xc638, 0xc638, 0xc638,
    0xc638, 0xc638, 0xc638, 0xc638, 0xc638, 0xc638, 0xc638, 0xc638, 0xc638, 0xc638, 0xc638, 0xc638,
    0xc638, 0xc638, 0xc638, 0xc638, 0xc638, 0xc638, 0xc638, 0xc638, 0xc638, 0xc638, 0xc638, 0xc638,
    0xc638, 0xc638, 0xc638, 0xc638, 0xc638, 0xc638, 0xc638, 0xc638, 0xc638, 0x52aa, 0x52aa, 0x0841,
    0x0841, 0xffff, 0xffff, 0xc638, 0xc638, 0xc638, 0xc638, 0xc638, 0xc638, 0xc638, 0xc638, 0xc638,
    0xc638, 0xc638, 0xc638, 0xc638, 0xc638, 0xc638, 0xc638, 0xc638, 0xc638, 0xc638, 0xc638, 0xc638,
    0xc638, 0xc638, 0xc638, 0xc638, 0xc638, 0xc638, 0xc638, 0xc638, 0xc638, 0xc638, 0xc638, 0xc638,
    0xc638, 0xc638, 0xc638, 0xc638, 0xc638, 0xc638, 0xc638, 0xc638, 0xc638, 0xc638, 0xc638, 0xc638,
    0xc638, 0xc638, 0xc638, 0xc638, 0xc638, 0xc638, 0xc638, 0xc638, 0xc638, 0xc638, 0xc638, 0xc638,
    0xc638, 0xc638, 0xc638, 0xc638, 0xc638, 0xc638, 0xc638, 0xc638, 0xc638, 0xc638, 0xc638, 0xc638,
    0xc638, 0xc638, 0xc638, 0xc638, 0xc638, 0xc638, 0xc638, 0xc638, 0xc638, 0xc638, 0xc638, 0xc638,
    0xc638, 0xc638, 0xc638, 0xc638, 0xc638, 0xc638, 0xc638, 0xc638, 0xc638, 0xc638, 0xc638, 0xc638,
    0xc638, 0xc638, 0xc638, 0xc638, 0xc638, 0xc638, 0xc638, 0xc638, 0xc638, 0xc638, 0xc638, 0xc638,
    0xc638, 0xc638, 0xc638, 0xc638, 0xc638, 0xc638, 0xc638, 0xc638, 0xc638, 0xc638, 0xc638, 0xc638,
    0xc638, 0xc638, 0xc638, 0xc638, 0xc638, 0xc638, 0xc638, 0xc638, 0xc638, 0xc638, 0xc638, 0xc638,
    0xc638, 0xc638, 0xc638, 0xc638, 0xc638, 0xc638, 0xc638, 0xc638, 0xc638, 0xc638, 0xc638, 0xc638,
    0xc638, 0xc638, 0xc638, 0xc638, 0xc638, 0xc638, 0xc638, 0xc638, 0xc638, 0xc638, 0xc638, 0xc638,
    0xc638, 0xc638, 0xc638, 0xc638, 0xc638, 0xc638, 0xc638, 0xc638, 0xc638, 0xc638, 0xc638, 0xc638,
    0xc638, 0xc638, 0xc638, 0xc638, 0xc638, 0x52aa, 0x52aa, 0x0841, 0x0841, 0xffff, 0xffff, 0xc638,
    0xc638, 0xc638, 0xc638, 0xc638, 0xc638, 0xc638, 0xc638, 0xc638, 0xc638, 0xc638, 0xc638, 0xc638,
    0xc638, 0xc638, 0xc638, 0xc638, 0xc638, 0xc638, 0xc638, 0xc638, 0xc638, 0xc638, 0xc638, 0xc638,
    0xc638, 0xc638, 0xc638, 0xc638, 0xc638, 0xc638, 0xc638, 0xc638, 0xc638, 0xc638, 0xc638, 0xc638,
    0xc638, 0xc638, 0xc638, 0xc638, 0xc638, 0xc638, 0xc638, 0xc638, 0xc638, 0xc638, 0xc638, 0xc638,
    0xc638, 0xc638, 0xc638, 0xc638, 0xc638, 0xc638, 0xc638, 0xc638, 0xc638, 0xc638, 0xc638, 0xc638,
    0xc638, 0xc638, 0xc638, 0xc638, 0xc638, 0xc638, 0xc638, 0xc638, 0xc638, 0xc638, 0xc638, 0xc638,
    0xc638, 0xc638, 0xc638, 0xc638, 0xc638, 0xc638, 0xc638, 0xc638, 0xc638, 0xc638, 0xc638, 0xc638,
    0xc638, 0xc638, 0xc638, 0xc638, 0xc638, 0xc638, 0xc638, 0xc638, 0xc638, 0xc638, 0xc638, 0xc638,
    0xc638, 0xc638, 0xc638, 0xc638, 0xc638, 0xc638, 0xc638, 0xc638, 0xc638, 0xc638, 0xc638, 0xc638,
    0xc638, 0xc638, 0xc638, 0xc638, 0xc638, 0xc638, 0xc638, 0xc638, 0xc638, 0xc638, 0xc638, 0xc638,
    0xc638, 0xc638, 0xc638, 0xc638, 0xc638, 0xc638, 0xc638, 0xc638, 0xc638, 0xc638, 0xc638, 0xc638,
    0xc638, 0xc638, 0xc638, 0xc638, 0xc638, 0xc638, 0xc638, 0xc638, 0xc638, 0xc638, 0xc638, 0xc638,
    0xc638, 0xc638, 0xc638, 0xc638, 0xc638, 0xc638, 0xc638, 0xc638, 0xc638, 0xc638, 0xc638, 0xc638,
    0xc638, 0xc638, 0xc638, 0xc638, 0xc638, 0xc638, 0xc638, 0xc638, 0xc638, 0xc638, 0xc638, 0xc638,
    0xc638, 0x52aa, 0x52aa, 0x0841, 0x0841, 0xffff, 0xffff, 0xc638, 0xc638, 0xc638, 0xc638, 0xc638,
    0xc638, 0xc638, 0xc638, 0xc638, 0xc638, 0xc638, 0xc638, 0xc638, 0xc638, 0xc638, 0xc638, 0xc638,
    0xc638, 0xc638, 0xc638, 0xc638, 0xc638, 0xc638, 0xc638, 0xc638, 0xc638, 0xc638, 0xc638, 0xc638,
    0xc638, 0xc638, 0xc638, 0xc638, 0xc638, 0xc638, 0xc638, 0xc638, 0xc638, 0xc638, 0xc638, 0xc638,
    0xc638, 0xc638, 0xc638, 0xc638, 0xc638, 0xc638, 0xc638, 0xc638, 0xc638, 0xc638, 0xc638, 0xc638,
    0xc638, 0xc638, 0xc638, 0xc638, 0xc638, 0xc638, 0xc638, 0xc638, 0xc638, 0xc638, 0xc638, 0xc638,
    0xc638, 0xc638, 0xc638, 0xc638, 0xc638, 0xc638, 0xc638, 0xc638, 0xc638, 0xc638, 0xc638, 0xc638,
    0xc638, 0xc638, 0xc638, 0xc638, 0xc638, 0xc638, 0xc638, 0xc638, 0xc638, 0xc638, 0xc638, 0xc638,
    0xc638, 0xc638, 0xc638, 0xc638, 0xc638, 0xc638, 0xc638, 0xc638, 0xc638, 0xc638, 0xc638, 0xc638,
    0xc638, 0xc638, 0xc638, 0xc638, 0xc638, 0xc638, 0xc638, 0xc638, 0xc638, 0xc638, 0xc638, 0xc638,
    0xc638, 0xc638, 0xc638, 0xc638, 0xc638, 0xc638, 0xc638, 0xc638, 0xc638, 0xc638, 0xc638, 0xc638,
    0xc638, 0xc638, 0xc638, 0xc638, 0xc638, 0xc638, 0xc638, 0xc638, 0xc638, 0xc638, 0xc638, 0xc638,
    0xc638, 0xc638, 0xc638, 0xc638, 0xc638, 0xc638, 0xc638, 0xc638, 0xc638, 0xc638, 0xc638, 0xc638,
    0xc638, 0xc638, 0xc638, 0xc638, 0xc638, 0xc638, 0xc638, 0xc638, 0xc638, 0xc638, 0xc638, 0xc638,
    0xc638, 0xc638, 0xc638, 0xc638, 0xc638, 0xc638, 0xc638, 0xc638, 0x52aa, 0x52aa, 0x52aa, 0x0841,
    0x0000, 0x0841, 0xc638, 0x52aa, 0x52aa, 0x52aa, 0x52aa, 0x52aa, 0x52aa, 0x52aa, 0x52aa, 0x52aa,
    0x52aa, 0x52aa, 0x52aa, 0x52aa, 0x52aa, 0x52aa, 0x52aa, 0x52aa, 0x52aa, 0x52aa, 0x52aa, 0x52aa,
    0x52aa, 0x52aa, 0x52aa, 0x52aa, 0x52aa, 0x52aa, 0x52aa, 0x52aa, 0x52aa, 0x52aa, 0x52aa, 0x52aa,
    0x52aa, 0x52aa, 0x52aa, 0x52aa, 0x52aa, 0x52aa, 0x52aa, 0x52aa, 0x52aa, 0x52aa, 0x52aa, 0x52aa,
    0x52aa, 0x52aa, 0x52aa, 0x52aa, 0x52aa, 0x52aa, 0x52aa, 0x52aa, 0x52aa, 0x52aa, 0x52aa, 0x52aa,
    0x52aa, 0x52aa, 0x52aa, 0x52aa, 0x52aa, 0x52aa, 0x52aa, 0x52aa, 0x52aa, 0x52aa, 0x52aa, 0x52aa,
    0x52aa, 0x52aa, 0x52aa, 0x52aa, 0x52aa, 0x52aa, 0x52aa, 0x52aa, 0x52aa, 0x52aa, 0x52aa, 0x52aa,
    0x52aa, 0x52aa, 0x52aa, 0x52aa, 0x52aa, 0x52aa, 0x52aa, 0x52aa, 0x52aa, 0x52aa, 0x52aa, 0x52aa,
    0x52aa, 0x52aa, 0x52aa, 0x52aa, 0x52aa, 0x52aa, 0x52aa, 0x52aa, 0x52aa, 0x52aa, 0x52aa, 0x52aa,
    0x52aa, 0x52aa, 0x52aa, 0x52aa, 0x52aa, 0x52aa, 0x52aa, 0x52aa, 0x52aa, 0x52aa, 0x52aa, 0x52aa,
    0x52aa, 0x52aa, 0x52aa, 0x52aa, 0x52aa, 0x52aa, 0x52aa, 0x52aa, 0x52aa, 0x52aa, 0x52aa, 0x52aa,
    0x52aa, 0x52aa, 0x52aa, 0x52aa, 0x52aa, 0x52aa, 0x52aa, 0x52aa, 0x52aa, 0x52aa, 0x52aa, 0x52aa,
    0x52aa, 0x52aa, 0x52aa, 0x52aa, 0x52aa, 0x52aa, 0x52aa, 0x52aa, 0x52aa, 0x52aa, 0x52aa, 0x52aa,
    0x52aa, 0x52aa, 0x52aa, 0x52aa, 0x52aa, 0x52aa, 0x52aa, 0x52aa, 0x52aa, 0x52aa, 0x52aa, 0x52aa,
    0x52aa, 0x52aa, 0x52aa, 0x52aa, 0x52aa, 0x52aa, 0x52aa, 0x0841, 0x0000, 0x0000, 0x0841, 0x52aa,
    0x52aa, 0x52aa, 0x52aa, 0x52aa, 0x52aa, 0x52aa, 0x52aa, 0x52aa, 0x52aa, 0x52aa, 0x52aa, 0x52aa,
    0x52aa, 0x52aa, 0x52aa, 0x52aa, 0x52aa, 0x52aa, 0x52aa, 0x52aa, 0x52aa, 0x52aa, 0x52aa, 0x52aa,
    0x52aa, 0x52aa, 0x52aa, 0x52aa, 0x52aa, 0x52aa, 0x52aa, 0x52aa, 0x52aa, 0x52aa, 0x52aa, 0x52aa,
    0x52aa, 0x52aa, 0x52aa, 0x52aa, 0x52aa, 0x52aa, 0x52aa, 0x52aa, 0x52aa, 0x52aa, 0x52aa, 0x52aa,
    0x52aa, 0x52aa, 0x52aa, 0x52aa, 0x52aa, 0x52aa, 0x52aa, 0x52aa, 0x52aa, 0x52aa, 0x52aa, 0x52aa,
    0x52aa, 0x52aa, 0x52aa, 0x52aa, 0x52aa, 0x52aa, 0x52aa, 0x52aa, 0x52aa, 0x52aa, 0x52aa, 0x52aa,
    0x52aa, 0x52aa, 0x52aa, 0x52aa, 0x52aa, 0x52aa, 0x52aa, 0x52aa, 0x52aa, 0x52aa, 0x52aa, 0x52aa,
    0x52aa, 0x52aa, 0x52aa, 0x52aa, 0x52aa, 0x52aa, 0x52aa, 0x52aa, 0x52aa, 0x52aa, 0x52aa, 0x52aa,
    0x52aa, 0x52aa, 0x52aa, 0x52aa, 0x52aa, 0x52aa, 0x52aa, 0x52aa, 0x52aa, 0x52aa, 0x52aa, 0x52aa,
    0x52aa, 0x52aa, 0x52aa, 0x52aa, 0x52aa, 0x52aa, 0x52aa, 0x52aa, 0x52aa, 0x52aa, 0x52aa, 0x52aa,
    0x52aa, 0x52aa, 0x52aa, 0x52aa, 0x52aa, 0x52aa, 0x52aa, 0x52aa, 0x52aa, 0x52aa, 0x52aa, 0x52aa,
    0x52aa, 0x52aa, 0x52aa, 0x52aa, 0x52aa, 0x52aa, 0x52aa, 0x52aa, 0x52aa, 0x52aa, 0x52aa, 0x52aa,
    0x52aa, 0x52aa, 0x52aa, 0x52aa, 0x52aa, 0x52aa, 0x52aa, 0x52aa, 0x52aa, 0x52aa, 0x52aa, 0x52aa,
    0x52aa, 0x52aa, 0x52aa, 0x52aa, 0x52aa, 0x52aa, 0x52aa, 0x52aa, 0x52aa, 0x52aa, 0x52aa, 0x52aa,
    0x52aa, 0x52aa, 0x0841, 0x0000, 0x0000, 0x0000, 0x0000, 0x0841, 0x0841, 0x0841, 0x0841, 0x0841,
    0x0841, 0x0841, 0x0841, 0x0841, 0x0841, 0x0841, 0x0841, 0x0841, 0x0841, 0x0841, 0x0841, 0x0841,
    0x0841, 0x0841, 0x0841, 0x0841, 0x0841, 0x0841, 0x0841, 0x0841, 0x0841, 0x0841, 0x0841, 0x0841,
    0x0841, 0x0841, 0x0841, 0x0841, 0x0841, 0x0841, 0x0841, 0x0841, 0x0841, 0x0841, 0x0841, 0x0841,
    0x0841, 0x0841, 0x0841, 0x0841, 0x0841, 0x0841, 0x0841, 0x0841, 0x0841, 0x0841, 0x0841, 0x0841,
    0x0841, 0x0841, 0x0841, 0x0841, 0x0841, 0x0841, 0x0841, 0x0841, 0x0841, 0x0841, 0x0841, 0x0841,
    0x0841, 0x0841, 0x0841, 0x0841, 0x0841, 0x0841, 0x0841, 0x0841, 0x0841, 0x0841, 0x0841, 0x0841,
    0x0841, 0x0841, 0x0841, 0x0841, 0x0841, 0x0841, 0x0841, 0x0841, 0x0841, 0x0841, 0x0841, 0x0841,
    0x0841, 0x0841, 0x0841, 0x0841, 0x0841, 0x0841, 0x0841, 0x0841, 0x0841, 0x0841, 0x0841, 0x0841,
    0x0841, 0x0841, 0x0841, 0x0841, 0x0841, 0x0841, 0x0841, 0x0841, 0x0841, 0x0841, 0x0841, 0x0841,
    0x0841, 0x0841, 0x0841, 0x0841, 0x0841, 0x0841, 0x0841, 0x0841, 0x0841, 0x0841, 0x0841, 0x0841,
    0x0841, 0x0841, 0x0841, 0x0841, 0x0841, 0x0841, 0x0841, 0x0841, 0x0841, 0x0841, 0x0841, 0x0841,
    0x0841, 0x0841, 0x0841, 0x0841, 0x0841, 0x0841, 0x0841, 0x0841, 0x0841, 0x0841, 0x0841, 0x0841,
    0x0841, 0x0841, 0x0841, 0x0841, 0x0841, 0x0841, 0x0841, 0x0841, 0x0841, 0x0841, 0x0841, 0x0841,
    0x0841, 0x0841, 0x0841, 0x0841, 0x0841, 0x0841, 0x0841, 0x0841, 0x0841, 0x0841, 0x0000, 0x0000
};

static TEXTURE chest_player{
    176, 96,
    true, 0,
    chest_player_data
};
