// Generated from the Minecraft 1.17.1 GUI textures -- do not edit by hand.
// Source: textures/gui/. Regenerate: python3 tools/textures/gen_gui_textures.py
static uint16_t creative_tabs_data[] = {
    0x0000, 0x0000, 0x0000, 0x0000, 0x0000, 0x0000, 0x0000, 0x0000, 0x0000, 0x0000, 0x0000, 0x0000,
    0x0000, 0x0000, 0x0000, 0x0000, 0x0000, 0x0000, 0x0000, 0x0000, 0x0000, 0x0000, 0x0000, 0x0000,
    0x0000, 0x0000, 0x0000, 0x0000, 0x0000, 0x0000, 0x0000, 0x0000, 0x0000, 0x0000, 0x0000, 0x0000,
    0x0000, 0x0000, 0x0000, 0x0000, 0x0000, 0x0000, 0x0000, 0x0000, 0x0000, 0x0000, 0x0000, 0x0000,
    0x0000, 0x0000, 0x0000, 0x0000, 0x0000, 0x0000, 0x0000, 0x0000, 0x0000, 0x0000, 0x0000, 0x0000,
    0x0000, 0x0000, 0x0000, 0x0000, 0x0000, 0x0000, 0x0000, 0x0000, 0x0000, 0x0000, 0x0000, 0x0000,
    0x0000, 0x0000, 0x0000, 0x0000, 0x0000, 0x0000, 0x0000, 0x0000, 0x0000, 0x0000, 0x0000, 0x0000,
    0x0000, 0x0000, 0x0000, 0x0000, 0x0000, 0x0000, 0x0000, 0x0000, 0x0000, 0x0000, 0x0000, 0x0000,
    0x0000, 0x0000, 0x0000, 0x0000, 0x0000, 0x0000, 0x0000, 0x0000, 0x0000, 0x0000, 0x0000, 0x0000,
    0x0000, 0x0000, 0x0000, 0x0000, 0x0000, 0x0000, 0x0000, 0x0000, 0x0000, 0x0000, 0x0000, 0x0000,
    0x0000, 0x0000, 0x0000, 0x0000, 0x0000, 0x0000, 0x0000, 0x0000, 0x0000, 0x0000, 0x0000, 0x0000,
    0x0000, 0x0000, 0x0000, 0x0000, 0x0000, 0x0000, 0x0000, 0x0000, 0x0000, 0x0000, 0x0000, 0x0000,
    0x0000, 0x0000, 0x0000, 0x0000, 0x0000, 0x0000, 0x0000, 0x0000, 0x0000, 0x0000, 0x0000, 0x0000,
    0x0000, 0x0000, 0x0000, 0x0000, 0x0000, 0x0000, 0x0000, 0x0000, 0x0000, 0x0000, 0x0000, 0x0000,
    0x07e0, 0x07e0, 0x07e0, 0x07e0, 0x07e0, 0x07e0, 0x07e0, 0x07e0, 0x07e0, 0x07e0, 0x07e0, 0x07e0,
    0x07e0, 0x07e0, 0x07e0, 0x07e0, 0x07e0, 0x07e0, 0x07e0, 0x07e0, 0x07e0, 0x07e0, 0x07e0, 0x07e0,
    0x07e0, 0x07e0, 0x07e0, 0x07e0, 0x0000, 0x0000, 0x0000, 0x0000, 0x0000, 0x0000, 0x0000, 0x0000,
    0x0000, 0x0000, 0x0000, 0x0000, 0x0000, 0x0000, 0x0000, 0x0000, 0x0000, 0x0000, 0x0000, 0x0000,
    0x0000, 0x0000, 0x0000, 0x0000, 0x0000, 0x0000, 0x0000, 0x0000, 0x0000, 0x0000, 0x0000, 0x0000,
    0x0000, 0x0000, 0x0000, 0x0000, 0x0000, 0x0000, 0x0000, 0x0000, 0x0000, 0x0000, 0x0000, 0x0000,
    0x0000, 0x0000, 0x0000, 0x0000, 0x0000, 0x0000, 0x0000, 0x0000, 0x0000, 0x0000, 0x0000, 0x0000,
    0x0000, 0x0000, 0x0000, 0x0000, 0x0000, 0x0000, 0x0000, 0x0000, 0x0000, 0x0000, 0x0000, 0x0000,
    0x0000, 0x0000, 0x0000, 0x0000, 0x0000, 0x0000, 0x0000, 0x0000, 0x0000, 0x0000, 0x0000, 0x0000,
    0x0000, 0x0000, 0x0000, 0x0000, 0x0000, 0x0000, 0x0000, 0x0000, 0x0000, 0x0000, 0x0000, 0x0000,
    0x0000, 0x0000, 0x0000, 0x0000, 0x0000, 0x0000, 0x0000, 0x0000, 0x0000, 0x0000, 0x0000, 0x0000,
    0x0000, 0x0000, 0x0000, 0x0000, 0x0000, 0x0000, 0x0000, 0x0000, 0x0000, 0x0000, 0x0000, 0x0000,
    0x0000, 0x0000, 0x0000, 0x0000, 0x0000, 0x0000, 0x0000, 0x0000, 0x0000, 0x0000, 0x0000, 0x0000,
    0x0000, 0x0000, 0x0000, 0x0000, 0x0000, 0x0000, 0x0000, 0x0000, 0x0000, 0x0000, 0x0000, 0x0000,
    0x0000, 0x0000, 0x0000, 0x0000, 0x0000, 0x0000, 0x0000, 0x0000, 0x0000, 0x0000, 0x0000, 0x0000,
    0x0000, 0x0000, 0x0000, 0x0000, 0x0000, 0x0000, 0x0000, 0x0000, 0x0000, 0x0000, 0x0000, 0x0000,
    0x0000, 0x0000, 0x0000, 0x0000, 0x07e0, 0xf800, 0xf800, 0xf800, 0xf800, 0xf800, 0xf800, 0xf800,
    0xf800, 0xf800, 0xf800, 0xf800, 0xf800, 0xf800, 0xf800, 0xf800, 0xf800, 0xf800, 0xf800, 0xf800,
    0xf800, 0xf800, 0xf800, 0xf800, 0xf800, 0xf800, 0xf800, 0x07e0, 0x0000, 0x0000, 0x0841, 0x0841,
    0x0841, 0x0841, 0x0841, 0x0841, 0x0841, 0x0841, 0x0841, 0x0841, 0x0841, 0x0841, 0x0841, 0x0841,
    0x0841, 0x0841, 0x0841, 0x0841, 0x0841, 0x0841, 0x0841, 0x0841, 0x0841, 0x0000, 0x0000, 0x0000,
    0x0000, 0x0000, 0x0841, 0x0841, 0x0841, 0x0841, 0x0841, 0x0841, 0x0841, 0x0841, 0x0841, 0x0841,
    0x0841, 0x0841, 0x0841, 0x0841, 0x0841, 0x0841, 0x0841, 0x0841, 0x0841, 0x0841, 0x0841, 0x0841,
    0x0841, 0x0000, 0x0000, 0x0000, 0x0000, 0x0000, 0x0841, 0x0841, 0x0841, 0x0841, 0x0841, 0x0841,
    0x0841, 0x0841, 0x0841, 0x0841, 0x0841, 0x0841, 0x0841, 0x0841, 0x0841, 0x0841, 0x0841, 0x0841,
    0x0841, 0x0841, 0x0841, 0x0841, 0x0841, 0x0000, 0x0000, 0x0000, 0x0000, 0x0000, 0x0841, 0x0841,
    0x0841, 0x0841, 0x0841, 0x0841, 0x0841, 0x0841, 0x0841, 0x0841, 0x0841, 0x0841, 0x0841, 0x0841,
    0x0841, 0x0841, 0x0841, 0x0841, 0x0841, 0x0841, 0x0841, 0x0841, 0x0841, 0x0000, 0x0000, 0x0000,
    0x0000, 0x0000, 0x0841, 0x0841, 0x0841, 0x0841, 0x0841, 0x0841, 0x0841, 0x0841, 0x0841, 0x0841,
    0x0841, 0x0841, 0x0841, 0x0841, 0x0841, 0x0841, 0x0841, 0x0841, 0x0841, 0x0841, 0x0841, 0x0841,
    0x0841, 0x0000, 0x0000, 0x0000, 0x0000, 0x0000, 0x0841, 0x0841, 0x0841, 0x0841, 0x0841, 0x0841,
    0x0841, 0x0841, 0x0841, 0x0841, 0x0841, 0x0841, 0x0841, 0x0841, 0x0841, 0x0841, 0x0841, 0x0841,
    0x0841, 0x0841, 0x0841, 0x0841, 0x0841, 0x0000, 0x0000, 0x0000, 0x07e0, 0xf800, 0xf800, 0xf800,
    0xf800, 0xf800, 0xf800, 0xf800, 0xf800, 0xf800, 0xf800, 0xf800, 0xf800, 0xf800, 0xf800, 0xf800,
    0xf800, 0xf800, 0xf800, 0xf800, 0xf800, 0xf800, 0xf800, 0xf800, 0xf800, 0xf800, 0xf800, 0x07e0,
    0x0000, 0x0841, 0xffff, 0xffff, 0xffff, 0xffff, 0xffff, 0xffff, 0xffff, 0xffff, 0xffff, 0xffff,
    0xffff, 0xffff, 0xffff, 0xffff, 0xffff, 0xffff, 0xffff, 0xffff, 0xffff, 0xffff, 0xffff, 0xffff,
    0xffff, 0x0841, 0x0000, 0x0000, 0x0000, 0x0841, 0xffff, 0xffff, 0xffff, 0xffff, 0xffff, 0xffff,
    0xffff, 0xffff, 0xffff, 0xffff, 0xffff, 0xffff, 0xffff, 0xffff, 0xffff, 0xffff, 0xffff, 0xffff,
    0xffff, 0xffff, 0xffff, 0xffff, 0xffff, 0x0841, 0x0000, 0x0000, 0x0000, 0x0841, 0xffff, 0xffff,
    0xffff, 0xffff, 0xffff, 0xffff, 0xffff, 0xffff, 0xffff, 0xffff, 0xffff, 0xffff, 0xffff, 0xffff,
    0xffff, 0xffff, 0xffff, 0xffff, 0xffff, 0xffff, 0xffff, 0xffff, 0xffff, 0x0841, 0x0000, 0x0000,
    0x0000, 0x0841, 0xffff, 0xffff, 0xffff, 0xffff, 0xffff, 0xffff, 0xffff, 0xffff, 0xffff, 0xffff,
    0xffff, 0xffff, 0xffff, 0xffff, 0xffff, 0xffff, 0xffff, 0xffff, 0xffff, 0xffff, 0xffff, 0xffff,
    0xffff, 0x0841, 0x0000, 0x0000, 0x0000, 0x0841, 0xffff, 0xffff, 0xffff, 0xffff, 0xffff, 0xffff,
    0xffff, 0xffff, 0xffff, 0xffff, 0xffff, 0xffff, 0xffff, 0xffff, 0xffff, 0xffff, 0xffff, 0xffff,
    0xffff, 0xffff, 0xffff, 0xffff, 0xffff, 0x0841, 0x0000, 0x0000, 0x0000, 0x0841, 0xffff, 0xffff,
    0xffff, 0xffff, 0xffff, 0xffff, 0xffff, 0xffff, 0xffff, 0xffff, 0xffff, 0xffff, 0xffff, 0xffff,
    0xffff, 0xffff, 0xffff, 0xffff, 0xffff, 0xffff, 0xffff, 0xffff, 0xffff, 0x0841, 0x0000, 0x0000,
    0x07e0, 0xf800, 0xf800, 0xf800, 0xf800, 0xf800, 0xf800, 0xf800, 0xf800, 0xf800, 0xf800, 0xf800,
    0xf800, 0xf800, 0xf800, 0xf800, 0xf800, 0xf800, 0xf800, 0xf800, 0xf800, 0xf800, 0xf800, 0xf800,
    0xf800, 0xf800, 0xf800, 0x07e0, 0x0841, 0xffff, 0xffff, 0xffff, 0xffff, 0xffff, 0xffff, 0xffff,
    0xffff, 0xffff, 0xffff, 0xffff, 0xffff, 0xffff, 0xffff, 0xffff, 0xffff, 0xffff, 0xffff, 0xffff,
    0xffff, 0xffff, 0xffff, 0xffff, 0xffff, 0x8c51, 0x0841, 0x0000, 0x0841, 0xffff, 0xffff, 0xffff,
    0xffff, 0xffff, 0xffff, 0xffff, 0xffff, 0xffff, 0xffff, 0xffff, 0xffff, 0xffff, 0xffff, 0xffff,
    0xffff, 0xffff, 0xffff, 0xffff, 0xffff, 0xffff, 0xffff, 0xffff, 0xffff, 0x8c51, 0x0841, 0x0000,
    0x0841, 0xffff, 0xffff, 0xffff, 0xffff, 0xffff, 0xffff, 0xffff, 0xffff, 0xffff, 0xffff, 0xffff,
    0xffff, 0xffff, 0xffff, 0xffff, 0xffff, 0xffff, 0xffff, 0xffff, 0xffff, 0xffff, 0xffff, 0xffff,
    0xffff, 0x8c51, 0x0841, 0x0000, 0x0841, 0xffff, 0xffff, 0xffff, 0xffff, 0xffff, 0xffff, 0xffff,
    0xffff, 0xffff, 0xffff, 0xffff, 0xffff, 0xffff, 0xffff, 0xffff, 0xffff, 0xffff, 0xffff, 0xffff,
    0xffff, 0xffff, 0xffff, 0xffff, 0xffff, 0x8c51, 0x0841, 0x0000, 0x0841, 0xffff, 0xffff, 0xffff,
    0xffff, 0xffff, 0xffff, 0xffff, 0xffff, 0xffff, 0xffff, 0xffff, 0xffff, 0xffff, 0xffff, 0xffff,
    0xffff, 0xffff, 0xffff, 0xffff, 0xffff, 0xffff, 0xffff, 0xffff, 0xffff, 0x8c51, 0x0841, 0x0000,
    0x0841, 0xffff, 0xffff, 0xffff, 0xffff, 0xffff, 0xffff, 0xffff, 0xffff, 0xffff, 0xffff, 0xffff,
    0xffff, 0xffff, 0xffff, 0xffff, 0xffff, 0xffff, 0xffff, 0xffff, 0xffff, 0xffff, 0xffff, 0xffff,
    0xffff, 0x8c51, 0x0841, 0x0000, 0x07e0, 0xf800, 0xf800, 0xf800, 0xf800, 0xf800, 0xf800, 0xf800,
    0xf800, 0xf800, 0xf800, 0xf800, 0xf800, 0xf800, 0xf800, 0xf800, 0xf800, 0xf800, 0xf800, 0xf800,
    0xf800, 0xf800, 0xf800, 0xf800, 0xf800, 0xf800, 0xf800, 0x07e0, 0x0841, 0xffff, 0xffff, 0xffff,
    0x8c51, 0x8c51, 0x8c51, 0x8c51, 0x8c51, 0x8c51, 0x8c51, 0x8c51, 0x8c51, 0x8c51, 0x8c51, 0x8c51,
    0x8c51, 0x8c51, 0x8c51, 0x8c51, 0x8c51, 0x8c51, 0x8c51, 0x8c51, 0x8c51, 0x52aa, 0x52aa, 0x0841,
    0x0841, 0xffff, 0xffff, 0xffff, 0x8c51, 0x8c51, 0x8c51, 0x8c51, 0x8c51, 0x8c51, 0x8c51, 0x8c51,
    0x8c51, 0x8c51, 0x8c51, 0x8c51, 0x8c51, 0x8c51, 0x8c51, 0x8c51, 0x8c51, 0x8c51, 0x8c51, 0x8c51,
    0x8c51, 0x52aa, 0x52aa, 0x0841, 0x0841, 0xffff, 0xffff, 0xffff, 0x8c51, 0x8c51, 0x8c51, 0x8c51,
    0x8c51, 0x8c51, 0x8c51, 0x8c51, 0x8c51, 0x8c51, 0x8c51, 0x8c51, 0x8c51, 0x8c51, 0x8c51, 0x8c51,
    0x8c51, 0x8c51, 0x8c51, 0x8c51, 0x8c51, 0x52aa, 0x52aa, 0x0841, 0x0841, 0xffff, 0xffff, 0xffff,
    0x8c51, 0x8c51, 0x8c51, 0x8c51, 0x8c51, 0x8c51, 0x8c51, 0x8c51, 0x8c51, 0x8c51, 0x8c51, 0x8c51,
    0x8c51, 0x8c51, 0x8c51, 0x8c51, 0x8c51, 0x8c51, 0x8c51, 0x8c51, 0x8c51, 0x52aa, 0x52aa, 0x0841,
    0x0841, 0xffff, 0xffff, 0xffff, 0x8c51, 0x8c51, 0x8c51, 0x8c51, 0x8c51, 0x8c51, 0x8c51, 0x8c51,
    0x8c51, 0x8c51, 0x8c51, 0x8c51, 0x8c51, 0x8c51, 0x8c51, 0x8c51, 0x8c51, 0x8c51, 0x8c51, 0x8c51,
    0x8c51, 0x52aa, 0x52aa, 0x0841, 0x0841, 0xffff, 0xffff, 0xffff, 0x8c51, 0x8c51, 0x8c51, 0x8c51,
    0x8c51, 0x8c51, 0x8c51, 0x8c51, 0x8c51, 0x8c51, 0x8c51, 0x8c51, 0x8c51, 0x8c51, 0x8c51, 0x8c51,
    0x8c51, 0x8c51, 0x8c51, 0x8c51, 0x8c51, 0x52aa, 0x52aa, 0x0841, 0x07e0, 0xf800, 0xf800, 0xf800,
    0xf800, 0xf800, 0x0841, 0x0841, 0x0841, 0xf800, 0x0841, 0x0841, 0x0841, 0xf800, 0x0841, 0x0841,
    0xf800, 0xf800, 0x0841, 0x0841, 0x0841, 0xf800, 0xf800, 0xf800, 0xf800, 0xf800, 0xf800, 0x07e0,
    0x0841, 0xffff, 0xffff, 0x8c51, 0x8c51, 0x8c51, 0x8c51, 0x8c51, 0x8c51, 0x8c51, 0x8c51, 0x8c51,
    0x8c51, 0x8c51, 0x8c51, 0x8c51, 0x8c51, 0x8c51, 0x8c51, 0x8c51, 0x8c51, 0x8c51, 0x8c51, 0x8c51,
    0x8c51, 0x52aa, 0x52aa, 0x0841, 0x0841, 0xffff, 0xffff, 0x8c51, 0x8c51, 0x8c51, 0x8c51, 0x8c51,
    0x8c51, 0x8c51, 0x8c51, 0x8c51, 0x8c51, 0x8c51, 0x8c51, 0x8c51, 0x8c51, 0x8c51, 0x8c51, 0x8c51,
    0x8c51, 0x8c51, 0x8c51, 0x8c51, 0x8c51, 0x52aa, 0x52aa, 0x0841, 0x0841, 0xffff, 0xffff, 0x8c51,
    0x8c51, 0x8c51, 0x8c51, 0x8c51, 0x8c51, 0x8c51, 0x8c51, 0x8c51, 0x8c51, 0x8c51, 0x8c51, 0x8c51,
    0x8c51, 0x8c51, 0x8c51, 0x8c51, 0x8c51, 0x8c51, 0x8c51, 0x8c51, 0x8c51, 0x52aa, 0x52aa, 0x0841,
    0x0841, 0xffff, 0xffff, 0x8c51, 0x8c51, 0x8c51, 0x8c51, 0x8c51, 0x8c51, 0x8c51, 0x8c51, 0x8c51,
    0x8c51, 0x8c51, 0x8c51, 0x8c51, 0x8c51, 0x8c51, 0x8c51, 0x8c51, 0x8c51, 0x8c51, 0x8c51, 0x8c51,
    0x8c51, 0x52aa, 0x52aa, 0x0841, 0x0841, 0xffff, 0xffff, 0x8c51, 0x8c51, 0x8c51, 0x8c51, 0x8c51,
    0x8c51, 0x8c51, 0x8c51, 0x8c51, 0x8c51, 0x8c51, 0x8c51, 0x8c51, 0x8c51, 0x8c51, 0x8c51, 0x8c51,
    0x8c51, 0x8c51, 0x8c51, 0x8c51, 0x8c51, 0x52aa, 0x52aa, 0x0841, 0x0841, 0xffff, 0xffff, 0x8c51,
    0x8c51, 0x8c51, 0x8c51, 0x8c51, 0x8c51, 0x8c51, 0x8c51, 0x8c51, 0x8c51, 0x8c51, 0x8c51, 0x8c51,
    0x8c51, 0x8c51, 0x8c51, 0x8c51, 0x8c51, 0x8c51, 0x8c51, 0x8c51, 0x8c51, 0x52aa, 0x52aa, 0x0841,
    0x07e0, 0xf800, 0xf800, 0xf800, 0xf800, 0xf800, 0xf800, 0x0841, 0xf800, 0xf800, 0xf800, 0x0841,
    0xf800, 0xf800, 0xf800, 0x0841, 0xf800, 0xf800, 0xf800, 0x0841, 0xf800, 0xf800, 0xf800, 0xf800,
    0xf800, 0xf800, 0xf800, 0x07e0, 0x0841, 0xffff, 0xffff, 0x8c51, 0x8c51, 0x8c51, 0x8c51, 0x8c51,
    0x8c51, 0x8c51, 0x8c51, 0x8c51, 0x8c51, 0x8c51, 0x8c51, 0x8c51, 0x8c51, 0x8c51, 0x8c51, 0x8c51,
    0x8c51, 0x8c51, 0x8c51, 0x8c51, 0x8c51, 0x52aa, 0x52aa, 0x0841, 0x0841, 0xffff, 0xffff, 0x8c51,
    0x8c51, 0x8c51, 0x8c51, 0x8c51, 0x8c51, 0x8c51, 0x8c51, 0x8c51, 0x8c51, 0x8c51, 0x8c51, 0x8c51,
    0x8c51, 0x8c51, 0x8c51, 0x8c51, 0x8c51, 0x8c51, 0x8c51, 0x8c51, 0x8c51, 0x52aa, 0x52aa, 0x0841,
    0x0841, 0xffff, 0xffff, 0x8c51, 0x8c51, 0x8c51, 0x8c51, 0x8c51, 0x8c51, 0x8c51, 0x8c51, 0x8c51,
    0x8c51, 0x8c51, 0x8c51, 0x8c51, 0x8c51, 0x8c51, 0x8c51, 0x8c51, 0x8c51, 0x8c51, 0x8c51, 0x8c51,
    0x8c51, 0x52aa, 0x52aa, 0x0841, 0x0841, 0xffff, 0xffff, 0x8c51, 0x8c51, 0x8c51, 0x8c51, 0x8c51,
    0x8c51, 0x8c51, 0x8c51, 0x8c51, 0x8c51, 0x8c51, 0x8c51, 0x8c51, 0x8c51, 0x8c51, 0x8c51, 0x8c51,
    0x8c51, 0x8c51, 0x8c51, 0x8c51, 0x8c51, 0x52aa, 0x52aa, 0x0841, 0x0841, 0xffff, 0xffff, 0x8c51,
    0x8c51, 0x8c51, 0x8c51, 0x8c51, 0x8c51, 0x8c51, 0x8c51, 0x8c51, 0x8c51, 0x8c51, 0x8c51, 0x8c51,
    0x8c51, 0x8c51, 0x8c51, 0x8c51, 0x8c51, 0x8c51, 0x8c51, 0x8c51, 0x8c51, 0x52aa, 0x52aa, 0x0841,
    0x0841, 0xffff, 0xffff, 0x8c51, 0x8c51, 0x8c51, 0x8c51, 0x8c51, 0x8c51, 0x8c51, 0x8c51, 0x8c51,
    0x8c51, 0x8c51, 0x8c51, 0x8c51, 0x8c51, 0x8c51, 0x8c51, 0x8c51, 0x8c51, 0x8c51, 0x8c51, 0x8c51,
    0x8c51, 0x52aa, 0x52aa, 0x0841, 0x07e0, 0xf800, 0xf800, 0xf800, 0xf800, 0xf800, 0xf800, 0x0841,
    0xf800, 0xf800, 0xf800, 0x0841, 0xf800, 0xf800, 0xf800, 0x0841, 0x0841, 0xf800, 0xf800, 0x0841,
    0xf800, 0xf800, 0xf800, 0xf800, 0xf800, 0xf800, 0xf800, 0x07e0, 0x0841, 0xffff, 0xffff, 0x8c51,
    0x8c51, 0x8c51, 0x8c51, 0x8c51, 0x8c51, 0x8c51, 0x8c51, 0x8c51, 0x8c51, 0x8c51, 0x8c51, 0x8c51,
    0x8c51, 0x8c51, 0x8c51, 0x8c51, 0x8c51, 0x8c51, 0x8c51, 0x8c51, 0x8c51, 0x52aa, 0x52aa, 0x0841,
    0x0841, 0xffff, 0xffff, 0x8c51, 0x8c51, 0x8c51, 0x8c51, 0x8c51, 0x8c51, 0x8c51, 0x8c51, 0x8c51,
    0x8c51, 0x8c51, 0x8c51, 0x8c51, 0x8c51, 0x8c51, 0x8c51, 0x8c51, 0x8c51, 0x8c51, 0x8c51, 0x8c51,
    0x8c51, 0x52aa, 0x52aa, 0x0841, 0x0841, 0xffff, 0xffff, 0x8c51, 0x8c51, 0x8c51, 0x8c51, 0x8c51,
    0x8c51, 0x8c51, 0x8c51, 0x8c51, 0x8c51, 0x8c51, 0x8c51, 0x8c51, 0x8c51, 0x8c51, 0x8c51, 0x8c51,
    0x8c51, 0x8c51, 0x8c51, 0x8c51, 0x8c51, 0x52aa, 0x52aa, 0x0841, 0x0841, 0xffff, 0xffff, 0x8c51,
    0x8c51, 0x8c51, 0x8c51, 0x8c51, 0x8c51, 0x8c51, 0x8c51, 0x8c51, 0x8c51, 0x8c51, 0x8c51, 0x8c51,
    0x8c51, 0x8c51, 0x8c51, 0x8c51, 0x8c51, 0x8c51, 0x8c51, 0x8c51, 0x8c51, 0x52aa, 0x52aa, 0x0841,
    0x0841, 0xffff, 0xffff, 0x8c51, 0x8c51, 0x8c51, 0x8c51, 0x8c51, 0x8c51, 0x8c51, 0x8c51, 0x8c51,
    0x8c51, 0x8c51, 0x8c51, 0x8c51, 0x8c51, 0x8c51, 0x8c51, 0x8c51, 0x8c51, 0x8c51, 0x8c51, 0x8c51,
    0x8c51, 0x52aa, 0x52aa, 0x0841, 0x0841, 0xffff, 0xffff, 0x8c51, 0x8c51, 0x8c51, 0x8c51, 0x8c51,
    0x8c51, 0x8c51, 0x8c51, 0x8c51, 0x8c51, 0x8c51, 0x8c51, 0x8c51, 0x8c51, 0x8c51, 0x8c51, 0x8c51,
    0x8c51, 0x8c51, 0x8c51, 0x8c51, 0x8c51, 0x52aa, 0x52aa, 0x0841, 0x07e0, 0xf800, 0xf800, 0xf800,
    0xf800, 0xf800, 0xf800, 0x0841, 0xf800, 0xf800, 0xf800, 0x0841, 0xf800, 0xf800, 0xf800, 0x0841,
    0xf800, 0x0841, 0xf800, 0x0841, 0xf800, 0xf800, 0xf800, 0xf800, 0xf800, 0xf800, 0xf800, 0x07e0,
    0x0841, 0xffff, 0xffff, 0x8c51, 0x8c51, 0x8c51, 0x8c51, 0x8c51, 0x8c51, 0x8c51, 0x8c51, 0x8c51,
    0x8c51, 0x8c51, 0x8c51, 0x8c51, 0x8c51, 0x8c51, 0x8c51, 0x8c51, 0x8c51, 0x8c51, 0x8c51, 0x8c51,
    0x8c51, 0x52aa, 0x52aa, 0x0841, 0x0841, 0xffff, 0xffff, 0x8c51, 0x8c51, 0x8c51, 0x8c51, 0x8c51,
    0x8c51, 0x8c51, 0x8c51, 0x8c51, 0x8c51, 0x8c51, 0x8c51, 0x8c51, 0x8c51, 0x8c51, 0x8c51, 0x8c51,
    0x8c51, 0x8c51, 0x8c51, 0x8c51, 0x8c51, 0x52aa, 0x52aa, 0x0841, 0x0841, 0xffff, 0xffff, 0x8c51,
    0x8c51, 0x8c51, 0x8c51, 0x8c51, 0x8c51, 0x8c51, 0x8c51, 0x8c51, 0x8c51, 0x8c51, 0x8c51, 0x8c51,
    0x8c51, 0x8c51, 0x8c51, 0x8c51, 0x8c51, 0x8c51, 0x8c51, 0x8c51, 0x8c51, 0x52aa, 0x52aa, 0x0841,
    0x0841, 0xffff, 0xffff, 0x8c51, 0x8c51, 0x8c51, 0x8c51, 0x8c51, 0x8c51, 0x8c51, 0x8c51, 0x8c51,
    0x8c51, 0x8c51, 0x8c51, 0x8c51, 0x8c51, 0x8c51, 0x8c51, 0x8c51, 0x8c51, 0x8c51, 0x8c51, 0x8c51,
    0x8c51, 0x52aa, 0x52aa, 0x0841, 0x0841, 0xffff, 0xffff, 0x8c51, 0x8c51, 0x8c51, 0x8c51, 0x8c51,
    0x8c51, 0x8c51, 0x8c51, 0x8c51, 0x8c51, 0x8c51, 0x8c51, 0x8c51, 0x8c51, 0x8c51, 0x8c51, 0x8c51,
    0x8c51, 0x8c51, 0x8c51, 0x8c51, 0x8c51, 0x52aa, 0x52aa, 0x0841, 0x0841, 0xffff, 0xffff, 0x8c51,
    0x8c51, 0x8c51, 0x8c51, 0x8c51, 0x8c51, 0x8c51, 0x8c51, 0x8c51, 0x8c51, 0x8c51, 0x8c51, 0x8c51,
    0x8c51, 0x8c51, 0x8c51, 0x8c51, 0x8c51, 0x8c51, 0x8c51, 0x8c51, 0x8c51, 0x52aa, 0x52aa, 0x0841,
    0x07e0, 0xf800, 0xf800, 0xf800, 0xf800, 0xf800, 0xf800, 0x0841, 0xf800, 0xf800, 0xf800, 0x0841,
    0xf800, 0xf800, 0xf800, 0x0841, 0xf800, 0x0841, 0xf800, 0x0841, 0xf800, 0xf800, 0xf800, 0xf800,
    0xf800, 0xf800, 0xf800, 0x07e0, 0x0841, 0xffff, 0xffff, 0x8c51, 0x8c51, 0x8c51, 0x8c51, 0x8c51,
    0x8c51, 0x8c51, 0x8c51, 0x8c51, 0x8c51, 0x8c51, 0x8c51, 0x8c51, 0x8c51, 0x8c51, 0x8c51, 0x8c51,
    0x8c51, 0x8c51, 0x8c51, 0x8c51, 0x8c51, 0x52aa, 0x52aa, 0x0841, 0x0841, 0xffff, 0xffff, 0x8c51,
    0x8c51, 0x8c51, 0x8c51, 0x8c51, 0x8c51, 0x8c51, 0x8c51, 0x8c51, 0x8c51, 0x8c51, 0x8c51, 0x8c51,
    0x8c51, 0x8c51, 0x8c51, 0x8c51, 0x8c51, 0x8c51, 0x8c51, 0x8c51, 0x8c51, 0x52aa, 0x52aa, 0x0841,
    0x0841, 0xffff, 0xffff, 0x8c51, 0x8c51, 0x8c51, 0x8c51, 0x8c51, 0x8c51, 0x8c51, 0x8c51, 0x8c51,
    0x8c51, 0x8c51, 0x8c51, 0x8c51, 0x8c51, 0x8c51, 0x8c51, 0x8c51, 0x8c51, 0x8c51, 0x8c51, 0x8c51,
    0x8c51, 0x52aa, 0x52aa, 0x0841, 0x0841, 0xffff, 0xffff, 0x8c51, 0x8c51, 0x8c51, 0x8c51, 0x8c51,
    0x8c51, 0x8c51, 0x8c51, 0x8c51, 0x8c51, 0x8c51, 0x8c51, 0x8c51, 0x8c51, 0x8c51, 0x8c51, 0x8c51,
    0x8c51, 0x8c51, 0x8c51, 0x8c51, 0x8c51, 0x52aa, 0x52aa, 0x0841, 0x0841, 0xffff, 0xffff, 0x8c51,
    0x8c51, 0x8c51, 0x8c51, 0x8c51, 0x8c51, 0x8c51, 0x8c51, 0x8c51, 0x8c51, 0x8c51, 0x8c51, 0x8c51,
    0x8c51, 0x8c51, 0x8c51, 0x8c51, 0x8c51, 0x8c51, 0x8c51, 0x8c51, 0x8c51, 0x52aa, 0x52aa, 0x0841,
    0x0841, 0xffff, 0xffff, 0x8c51, 0x8c51, 0x8c51, 0x8c51, 0x8c51, 0x8c51, 0x8c51, 0x8c51, 0x8c51,
    0x8c51, 0x8c51, 0x8c51, 0x8c51, 0x8c51, 0x8c51, 0x8c51, 0x8c51, 0x8c51, 0x8c51, 0x8c51, 0x8c51,
    0x8c51, 0x52aa, 0x52aa, 0x0841, 0x07e0, 0xf800, 0xf800, 0xf800, 0xf800, 0xf800, 0xf800, 0x0841,
    0xf800, 0xf800, 0xf800, 0x0841, 0xf800, 0xf800, 0xf800, 0x0841, 0xf800, 0xf800, 0x0841, 0x0841,
    0xf800, 0xf800, 0xf800, 0xf800, 0xf800, 0xf800, 0xf800, 0x07e0, 0x0841, 0xffff, 0xffff, 0x8c51,
    0x8c51, 0x8c51, 0x8c51, 0x8c51, 0x8c51, 0x8c51, 0x8c51, 0x8c51, 0x8c51, 0x8c51, 0x8c51, 0x8c51,
    0x8c51, 0x8c51, 0x8c51, 0x8c51, 0x8c51, 0x8c51, 0x8c51, 0x8c51, 0x8c51, 0x52aa, 0x52aa, 0x0841,
    0x0841, 0xffff, 0xffff, 0x8c51, 0x8c51, 0x8c51, 0x8c51, 0x8c51, 0x8c51, 0x8c51, 0x8c51, 0x8c51,
    0x8c51, 0x8c51, 0x8c51, 0x8c51, 0x8c51, 0x8c51, 0x8c51, 0x8c51, 0x8c51, 0x8c51, 0x8c51, 0x8c51,
    0x8c51, 0x52aa, 0x52aa, 0x0841, 0x0841, 0xffff, 0xffff, 0x8c51, 0x8c51, 0x8c51, 0x8c51, 0x8c51,
    0x8c51, 0x8c51, 0x8c51, 0x8c51, 0x8c51, 0x8c51, 0x8c51, 0x8c51, 0x8c51, 0x8c51, 0x8c51, 0x8c51,
    0x8c51, 0x8c51, 0x8c51, 0x8c51, 0x8c51, 0x52aa, 0x52aa, 0x0841, 0x0841, 0xffff, 0xffff, 0x8c51,
    0x8c51, 0x8c51, 0x8c51, 0x8c51, 0x8c51, 0x8c51, 0x8c51, 0x8c51, 0x8c51, 0x8c51, 0x8c51, 0x8c51,
    0x8c51, 0x8c51, 0x8c51, 0x8c51, 0x8c51, 0x8c51, 0x8c51, 0x8c51, 0x8c51, 0x52aa, 0x52aa, 0x0841,
    0x0841, 0xffff, 0xffff, 0x8c51, 0x8c51, 0x8c51, 0x8c51, 0x8c51, 0x8c51, 0x8c51, 0x8c51, 0x8c51,
    0x8c51, 0x8c51, 0x8c51, 0x8c51, 0x8c51, 0x8c51, 0x8c51, 0x8c51, 0x8c51, 0x8c51, 0x8c51, 0x8c51,
    0x8c51, 0x52aa, 0x52aa, 0x0841, 0x0841, 0xffff, 0xffff, 0x8c51, 0x8c51, 0x8c51, 0x8c51, 0x8c51,
    0x8c51, 0x8c51, 0x8c51, 0x8c51, 0x8c51, 0x8c51, 0x8c51, 0x8c51, 0x8c51, 0x8c51, 0x8c51, 0x8c51,
    0x8c51, 0x8c51, 0x8c51, 0x8c51, 0x8c51, 0x52aa, 0x52aa, 0x0841, 0x07e0, 0xf800, 0xf800, 0xf800,
    0xf800, 0xf800, 0xf800, 0x0841, 0xf800, 0xf800, 0xf800, 0x0841, 0xf800, 0xf800, 0xf800, 0x0841,
    0xf800, 0xf800, 0xf800, 0x0841, 0xf800, 0xf800, 0xf800, 0xf800, 0xf800, 0xf800, 0xf800, 0x07e0,
    0x0841, 0xffff, 0xffff, 0x8c51, 0x8c51, 0x8c51, 0x8c51, 0x8c51, 0x8c51, 0x8c51, 0x8c51, 0x8c51,
    0x8c51, 0x8c51, 0x8c51, 0x8c51, 0x8c51, 0x8c51, 0x8c51, 0x8c51, 0x8c51, 0x8c51, 0x8c51, 0x8c51,
    0x8c51, 0x52aa, 0x52aa, 0x0841, 0x0841, 0xffff, 0xffff, 0x8c51, 0x8c51, 0x8c51, 0x8c51, 0x8c51,
    0x8c51, 0x8c51, 0x8c51, 0x8c51, 0x8c51, 0x8c51, 0x8c51, 0x8c51, 0x8c51, 0x8c51, 0x8c51, 0x8c51,
    0x8c51, 0x8c51, 0x8c51, 0x8c51, 0x8c51, 0x52aa, 0x52aa, 0x0841, 0x0841, 0xffff, 0xffff, 0x8c51,
    0x8c51, 0x8c51, 0x8c51, 0x8c51, 0x8c51, 0x8c51, 0x8c51, 0x8c51, 0x8c51, 0x8c51, 0x8c51, 0x8c51,
    0x8c51, 0x8c51, 0x8c51, 0x8c51, 0x8c51, 0x8c51, 0x8c51, 0x8c51, 0x8c51, 0x52aa, 0x52aa, 0x0841,
    0x0841, 0xffff, 0xffff, 0x8c51, 0x8c51, 0x8c51, 0x8c51, 0x8c51, 0x8c51, 0x8c51, 0x8c51, 0x8c51,
    0x8c51, 0x8c51, 0x8c51, 0x8c51, 0x8c51, 0x8c51, 0x8c51, 0x8c51, 0x8c51, 0x8c51, 0x8c51, 0x8c51,
    0x8c51, 0x52aa, 0x52aa, 0x0841, 0x0841, 0xffff, 0xffff, 0x8c51, 0x8c51, 0x8c51, 0x8c51, 0x8c51,
    0x8c51, 0x8c51, 0x8c51, 0x8c51, 0x8c51, 0x8c51, 0x8c51, 0x8c51, 0x8c51, 0x8c51, 0x8c51, 0x8c51,
    0x8c51, 0x8c51, 0x8c51, 0x8c51, 0x8c51, 0x52aa, 0x52aa, 0x0841, 0x0841, 0xffff, 0xffff, 0x8c51,
    0x8c51, 0x8c51, 0x8c51, 0x8c51, 0x8c51, 0x8c51, 0x8c51, 0x8c51, 0x8c51, 0x8c51, 0x8c51, 0x8c51,
    0x8c51, 0x8c51, 0x8c51, 0x8c51, 0x8c51, 0x8c51, 0x8c51, 0x8c51, 0x8c51, 0x52aa, 0x52aa, 0x0841,
    0x07e0, 0xf800, 0xf800, 0xf800, 0xf800, 0xf800, 0xf800, 0xf800, 0x0841, 0x0841, 0x0841, 0xf800,
    0xf800, 0xf800, 0x0841, 0x0841, 0x0841, 0xf800, 0xf800, 0x0841, 0xf800, 0xf800, 0xf800, 0xf800,
    0xf800, 0xf800, 0xf800, 0x07e0, 0x0841, 0xffff, 0xffff, 0x8c51, 0x8c51, 0x8c51, 0x8c51, 0x8c51,
    0x8c51, 0x8c51, 0x8c51, 0x8c51, 0x8c51, 0x8c51, 0x8c51, 0x8c51, 0x8c51, 0x8c51, 0x8c51, 0x8c51,
    0x8c51, 0x8c51, 0x8c51, 0x8c51, 0x8c51, 0x52aa, 0x52aa, 0x0841, 0x0841, 0xffff, 0xffff, 0x8c51,
    0x8c51, 0x8c51, 0x8c51, 0x8c51, 0x8c51, 0x8c51, 0x8c51, 0x8c51, 0x8c51, 0x8c51, 0x8c51, 0x8c51,
    0x8c51, 0x8c51, 0x8c51, 0x8c51, 0x8c51, 0x8c51, 0x8c51, 0x8c51, 0x8c51, 0x52aa, 0x52aa, 0x0841,
    0x0841, 0xffff, 0xffff, 0x8c51, 0x8c51, 0x8c51, 0x8c51, 0x8c51, 0x8c51, 0x8c51, 0x8c51, 0x8c51,
    0x8c51, 0x8c51, 0x8c51, 0x8c51, 0x8c51, 0x8c51, 0x8c51, 0x8c51, 0x8c51, 0x8c51, 0x8c51, 0x8c51,
    0x8c51, 0x52aa, 0x52aa, 0x0841, 0x0841, 0xffff, 0xffff, 0x8c51, 0x8c51, 0x8c51, 0x8c51, 0x8c51,
    0x8c51, 0x8c51, 0x8c51, 0x8c51, 0x8c51, 0x8c51, 0x8c51, 0x8c51, 0x8c51, 0x8c51, 0x8c51, 0x8c51,
    0x8c51, 0x8c51, 0x8c51, 0x8c51, 0x8c51, 0x52aa, 0x52aa, 0x0841, 0x0841, 0xffff, 0xffff, 0x8c51,
    0x8c51, 0x8c51, 0x8c51, 0x8c51, 0x8c51, 0x8c51, 0x8c51, 0x8c51, 0x8c51, 0x8c51, 0x8c51, 0x8c51,
    0x8c51, 0x8c51, 0x8c51, 0x8c51, 0x8c51, 0x8c51, 0x8c51, 0x8c51, 0x8c51, 0x52aa, 0x52aa, 0x0841,
    0x0841, 0xffff, 0xffff, 0x8c51, 0x8c51, 0x8c51, 0x8c51, 0x8c51, 0x8c51, 0x8c51, 0x8c51, 0x8c51,
    0x8c51, 0x8c51, 0x8c51, 0x8c51, 0x8c51, 0x8c51, 0x8c51, 0x8c51, 0x8c51, 0x8c51, 0x8c51, 0x8c51,
    0x8c51, 0x52aa, 0x52aa, 0x0841, 0x07e0, 0xf800, 0xf800, 0xf800, 0xf800, 0xf800, 0xf800, 0xf800,
    0xf800, 0xf800, 0xf800, 0xf800, 0xf800, 0xf800, 0xf800, 0xf800, 0xf800, 0xf800, 0xf800, 0xf800,
    0xf800, 0xf800, 0xf800, 0xf800, 0xf800, 0xf800, 0xf800, 0x07e0, 0x0841, 0xffff, 0xffff, 0x8c51,
    0x8c51, 0x8c51, 0x8c51, 0x8c51, 0x8c51, 0x8c51, 0x8c51, 0x8c51, 0x8c51, 0x8c51, 0x8c51, 0x8c51,
    0x8c51, 0x8c51, 0x8c51, 0x8c51, 0x8c51, 0x8c51, 0x8c51, 0x8c51, 0x8c51, 0x52aa, 0x52aa, 0x0841,
    0x0841, 0xffff, 0xffff, 0x8c51, 0x8c51, 0x8c51, 0x8c51, 0x8c51, 0x8c51, 0x8c51, 0x8c51, 0x8c51,
    0x8c51, 0x8c51, 0x8c51, 0x8c51, 0x8c51, 0x8c51, 0x8c51, 0x8c51, 0x8c51, 0x8c51, 0x8c51, 0x8c51,
    0x8c51, 0x52aa, 0x52aa, 0x0841, 0x0841, 0xffff, 0xffff, 0x8c51, 0x8c51, 0x8c51, 0x8c51, 0x8c51,
    0x8c51, 0x8c51, 0x8c51, 0x8c51, 0x8c51, 0x8c51, 0x8c51, 0x8c51, 0x8c51, 0x8c51, 0x8c51, 0x8c51,
    0x8c51, 0x8c51, 0x8c51, 0x8c51, 0x8c51, 0x52aa, 0x52aa, 0x0841, 0x0841, 0xffff, 0xffff, 0x8c51,
    0x8c51, 0x8c51, 0x8c51, 0x8c51, 0x8c51, 0x8c51, 0x8c51, 0x8c51, 0x8c51, 0x8c51, 0x8c51, 0x8c51,
    0x8c51, 0x8c51, 0x8c51, 0x8c51, 0x8c51, 0x8c51, 0x8c51, 0x8c51, 0x8c51, 0x52aa, 0x52aa, 0x0841,
    0x0841, 0xffff, 0xffff, 0x8c51, 0x8c51, 0x8c51, 0x8c51, 0x8c51, 0x8c51, 0x8c51, 0x8c51, 0x8c51,
    0x8c51, 0x8c51, 0x8c51, 0x8c51, 0x8c51, 0x8c51, 0x8c51, 0x8c51, 0x8c51, 0x8c51, 0x8c51, 0x8c51,
    0x8c51, 0x52aa, 0x52aa, 0x0841, 0x0841, 0xffff, 0xffff, 0x8c51, 0x8c51, 0x8c51, 0x8c51, 0x8c51,
    0x8c51, 0x8c51, 0x8c51, 0x8c51, 0x8c51, 0x8c51, 0x8c51, 0x8c51, 0x8c51, 0x8c51, 0x8c51, 0x8c51,
    0x8c51, 0x8c51, 0x8c51, 0x8c51, 0x8c51, 0x52aa, 0x52aa, 0x0841, 0x07e0, 0xf800, 0xf800, 0xf800,
    0xf800, 0xf800, 0xf800, 0xf800, 0xf800, 0xf800, 0xf800, 0xf800, 0xf800, 0xf800, 0xf800, 0xf800,
    0xf800, 0xf800, 0xf800, 0xf800, 0xf800, 0xf800, 0xf800, 0xf800, 0xf800, 0xf800, 0xf800, 0x07e0,
    0x0841, 0xffff, 0xffff, 0x8c51, 0x8c51, 0x8c51, 0x8c51, 0x8c51, 0x8c51, 0x8c51, 0x8c51, 0x8c51,
    0x8c51, 0x8c51, 0x8c51, 0x8c51, 0x8c51, 0x8c51, 0x8c51, 0x8c51, 0x8c51, 0x8c51, 0x8c51, 0x8c51,
    0x8c51, 0x52aa, 0x52aa, 0x0841, 0x0841, 0xffff, 0xffff, 0x8c51, 0x8c51, 0x8c51, 0x8c51, 0x8c51,
    0x8c51, 0x8c51, 0x8c51, 0x8c51, 0x8c51, 0x8c51, 0x8c51, 0x8c51, 0x8c51, 0x8c51, 0x8c51, 0x8c51,
    0x8c51, 0x8c51, 0x8c51, 0x8c51, 0x8c51, 0x52aa, 0x52aa, 0x0841, 0x0841, 0xffff, 0xffff, 0x8c51,
    0x8c51, 0x8c51, 0x8c51, 0x8c51, 0x8c51, 0x8c51, 0x8c51, 0x8c51, 0x8c51, 0x8c51, 0x8c51, 0x8c51,
    0x8c51, 0x8c51, 0x8c51, 0x8c51, 0x8c51, 0x8c51, 0x8c51, 0x8c51, 0x8c51, 0x52aa, 0x52aa, 0x0841,
    0x0841, 0xffff, 0xffff, 0x8c51, 0x8c51, 0x8c51, 0x8c51, 0x8c51, 0x8c51, 0x8c51, 0x8c51, 0x8c51,
    0x8c51, 0x8c51, 0x8c51, 0x8c51, 0x8c51, 0x8c51, 0x8c51, 0x8c51, 0x8c51, 0x8c51, 0x8c51, 0x8c51,
    0x8c51, 0x52aa, 0x52aa, 0x0841, 0x0841, 0xffff, 0xffff, 0x8c51, 0x8c51, 0x8c51, 0x8c51, 0x8c51,
    0x8c51, 0x8c51, 0x8c51, 0x8c51, 0x8c51, 0x8c51, 0x8c51, 0x8c51, 0x8c51, 0x8c51, 0x8c51, 0x8c51,
    0x8c51, 0x8c51, 0x8c51, 0x8c51, 0x8c51, 0x52aa, 0x52aa, 0x0841, 0x0841, 0xffff, 0xffff, 0x8c51,
    0x8c51, 0x8c51, 0x8c51, 0x8c51, 0x8c51, 0x8c51, 0x8c51, 0x8c51, 0x8c51, 0x8c51, 0x8c51, 0x8c51,
    0x8c51, 0x8c51, 0x8c51, 0x8c51, 0x8c51, 0x8c51, 0x8c51, 0x8c51, 0x8c51, 0x52aa, 0x52aa, 0x0841,
    0x07e0, 0xf800, 0xf800, 0xf800, 0xf800, 0xf800, 0xf800, 0xf800, 0xf800, 0xf800, 0xf800, 0xf800,
    0xf800, 0xf800, 0xf800, 0xf800, 0xf800, 0xf800, 0xf800, 0xf800, 0xf800, 0xf800, 0xf800, 0xf800,
    0xf800, 0xf800, 0xf800, 0x07e0, 0x0841, 0xffff, 0xffff, 0x8c51, 0x8c51, 0x8c51, 0x8c51, 0x8c51,
    0x8c51, 0x8c51, 0x8c51, 0x8c51, 0x8c51, 0x8c51, 0x8c51, 0x8c51, 0x8c51, 0x8c51, 0x8c51, 0x8c51,
    0x8c51, 0x8c51, 0x8c51, 0x8c51, 0x8c51, 0x52aa, 0x52aa, 0x0841, 0x0841, 0xffff, 0xffff, 0x8c51,
    0x8c51, 0x8c51, 0x8c51, 0x8c51, 0x8c51, 0x8c51, 0x8c51, 0x8c51, 0x8c51, 0x8c51, 0x8c51, 0x8c51,
    0x8c51, 0x8c51, 0x8c51, 0x8c51, 0x8c51, 0x8c51, 0x8c51, 0x8c51, 0x8c51, 0x52aa, 0x52aa, 0x0841,
    0x0841, 0xffff, 0xffff, 0x8c51, 0x8c51, 0x8c51, 0x8c51, 0x8c51, 0x8c51, 0x8c51, 0x8c51, 0x8c51,
    0x8c51, 0x8c51, 0x8c51, 0x8c51, 0x8c51, 0x8c51, 0x8c51, 0x8c51, 0x8c51, 0x8c51, 0x8c51, 0x8c51,
    0x8c51, 0x52aa, 0x52aa, 0x0841, 0x0841, 0xffff, 0xffff, 0x8c51, 0x8c51, 0x8c51, 0x8c51, 0x8c51,
    0x8c51, 0x8c51, 0x8c51, 0x8c51, 0x8c51, 0x8c51, 0x8c51, 0x8c51, 0x8c51, 0x8c51, 0x8c51, 0x8c51,
    0x8c51, 0x8c51, 0x8c51, 0x8c51, 0x8c51, 0x52aa, 0x52aa, 0x0841, 0x0841, 0xffff, 0xffff, 0x8c51,
    0x8c51, 0x8c51, 0x8c51, 0x8c51, 0x8c51, 0x8c51, 0x8c51, 0x8c51, 0x8c51, 0x8c51, 0x8c51, 0x8c51,
    0x8c51, 0x8c51, 0x8c51, 0x8c51, 0x8c51, 0x8c51, 0x8c51, 0x8c51, 0x8c51, 0x52aa, 0x52aa, 0x0841,
    0x0841, 0xffff, 0xffff, 0x8c51, 0x8c51, 0x8c51, 0x8c51, 0x8c51, 0x8c51, 0x8c51, 0x8c51, 0x8c51,
    0x8c51, 0x8c51, 0x8c51, 0x8c51, 0x8c51, 0x8c51, 0x8c51, 0x8c51, 0x8c51, 0x8c51, 0x8c51, 0x8c51,
    0x8c51, 0x52aa, 0x52aa, 0x0841, 0x07e0, 0xf800, 0xf800, 0xf800, 0xf800, 0xf800, 0xf800, 0xf800,
    0xf800, 0xf800, 0xf800, 0xf800, 0xf800, 0xf800, 0xf800, 0xf800, 0xf800, 0xf800, 0xf800, 0xf800,
    0xf800, 0xf800, 0xf800, 0xf800, 0xf800, 0xf800, 0xf800, 0x07e0, 0x0841, 0xffff, 0xffff, 0x8c51,
    0x8c51, 0x8c51, 0x8c51, 0x8c51, 0x8c51, 0x8c51, 0x8c51, 0x8c51, 0x8c51, 0x8c51, 0x8c51, 0x8c51,
    0x8c51, 0x8c51, 0x8c51, 0x8c51, 0x8c51, 0x8c51, 0x8c51, 0x8c51, 0x8c51, 0x52aa, 0x52aa, 0x0841,
    0x0841, 0xffff, 0xffff, 0x8c51, 0x8c51, 0x8c51, 0x8c51, 0x8c51, 0x8c51, 0x8c51, 0x8c51, 0x8c51,
    0x8c51, 0x8c51, 0x8c51, 0x8c51, 0x8c51, 0x8c51, 0x8c51, 0x8c51, 0x8c51, 0x8c51, 0x8c51, 0x8c51,
    0x8c51, 0x52aa, 0x52aa, 0x0841, 0x0841, 0xffff, 0xffff, 0x8c51, 0x8c51, 0x8c51, 0x8c51, 0x8c51,
    0x8c51, 0x8c51, 0x8c51, 0x8c51, 0x8c51, 0x8c51, 0x8c51, 0x8c51, 0x8c51, 0x8c51, 0x8c51, 0x8c51,
    0x8c51, 0x8c51, 0x8c51, 0x8c51, 0x8c51, 0x52aa, 0x52aa, 0x0841, 0x0841, 0xffff, 0xffff, 0x8c51,
    0x8c51, 0x8c51, 0x8c51, 0x8c51, 0x8c51, 0x8c51, 0x8c51, 0x8c51, 0x8c51, 0x8c51, 0x8c51, 0x8c51,
    0x8c51, 0x8c51, 0x8c51, 0x8c51, 0x8c51, 0x8c51, 0x8c51, 0x8c51, 0x8c51, 0x52aa, 0x52aa, 0x0841,
    0x0841, 0xffff, 0xffff, 0x8c51, 0x8c51, 0x8c51, 0x8c51, 0x8c51, 0x8c51, 0x8c51, 0x8c51, 0x8c51,
    0x8c51, 0x8c51, 0x8c51, 0x8c51, 0x8c51, 0x8c51, 0x8c51, 0x8c51, 0x8c51, 0x8c51, 0x8c51, 0x8c51,
    0x8c51, 0x52aa, 0x52aa, 0x0841, 0x0841, 0xffff, 0xffff, 0x8c51, 0x8c51, 0x8c51, 0x8c51, 0x8c51,
    0x8c51, 0x8c51, 0x8c51, 0x8c51, 0x8c51, 0x8c51, 0x8c51, 0x8c51, 0x8c51, 0x8c51, 0x8c51, 0x8c51,
    0x8c51, 0x8c51, 0x8c51, 0x8c51, 0x8c51, 0x52aa, 0x52aa, 0x0841, 0x07e0, 0xf800, 0xf800, 0xf800,
    0xf800, 0xf800, 0xf800, 0xf800, 0xf800, 0xf800, 0xf800, 0xf800, 0xf800, 0xf800, 0xf800, 0xf800,
    0xf800, 0xf800, 0xf800, 0xf800, 0xf800, 0xf800, 0xf800, 0xf800, 0xf800, 0xf800, 0xf800, 0x07e0,
    0x0841, 0xffff, 0xffff, 0x8c51, 0x8c51, 0x8c51, 0x8c51, 0x8c51, 0x8c51, 0x8c51, 0x8c51, 0x8c51,
    0x8c51, 0x8c51, 0x8c51, 0x8c51, 0x8c51, 0x8c51, 0x8c51, 0x8c51, 0x8c51, 0x8c51, 0x8c51, 0x8c51,
    0x8c51, 0x52aa, 0x52aa, 0x0841, 0x0841, 0xffff, 0xffff, 0x8c51, 0x8c51, 0x8c51, 0x8c51, 0x8c51,
    0x8c51, 0x8c51, 0x8c51, 0x8c51, 0x8c51, 0x8c51, 0x8c51, 0x8c51, 0x8c51, 0x8c51, 0x8c51, 0x8c51,
    0x8c51, 0x8c51, 0x8c51, 0x8c51, 0x8c51, 0x52aa, 0x52aa, 0x0841, 0x0841, 0xffff, 0xffff, 0x8c51,
    0x8c51, 0x8c51, 0x8c51, 0x8c51, 0x8c51, 0x8c51, 0x8c51, 0x8c51, 0x8c51, 0x8c51, 0x8c51, 0x8c51,
    0x8c51, 0x8c51, 0x8c51, 0x8c51, 0x8c51, 0x8c51, 0x8c51, 0x8c51, 0x8c51, 0x52aa, 0x52aa, 0x0841,
    0x0841, 0xffff, 0xffff, 0x8c51, 0x8c51, 0x8c51, 0x8c51, 0x8c51, 0x8c51, 0x8c51, 0x8c51, 0x8c51,
    0x8c51, 0x8c51, 0x8c51, 0x8c51, 0x8c51, 0x8c51, 0x8c51, 0x8c51, 0x8c51, 0x8c51, 0x8c51, 0x8c51,
    0x8c51, 0x52aa, 0x52aa, 0x0841, 0x0841, 0xffff, 0xffff, 0x8c51, 0x8c51, 0x8c51, 0x8c51, 0x8c51,
    0x8c51, 0x8c51, 0x8c51, 0x8c51, 0x8c51, 0x8c51, 0x8c51, 0x8c51, 0x8c51, 0x8c51, 0x8c51, 0x8c51,
    0x8c51, 0x8c51, 0x8c51, 0x8c51, 0x8c51, 0x52aa, 0x52aa, 0x0841, 0x0841, 0xffff, 0xffff, 0x8c51,
    0x8c51, 0x8c51, 0x8c51, 0x8c51, 0x8c51, 0x8c51, 0x8c51, 0x8c51, 0x8c51, 0x8c51, 0x8c51, 0x8c51,
    0x8c51, 0x8c51, 0x8c51, 0x8c51, 0x8c51, 0x8c51, 0x8c51, 0x8c51, 0x8c51, 0x52aa, 0x52aa, 0x0841,
    0x07e0, 0xf800, 0xf800, 0xf800, 0xf800, 0xf800, 0xf800, 0x0841, 0x0841, 0x0841, 0xf800, 0x0841,
    0x0841, 0x0841, 0x0841, 0x0841, 0x0841, 0xf800, 0x0841, 0x0841, 0x0841, 0xf800, 0xf800, 0xf800,
    0xf800, 0xf800, 0xf800, 0x07e0, 0x0841, 0xffff, 0xffff, 0x8c51, 0x8c51, 0x8c51, 0x8c51, 0x8c51,
    0x8c51, 0x8c51, 0x8c51, 0x8c51, 0x8c51, 0x8c51, 0x8c51, 0x8c51, 0x8c51, 0x8c51, 0x8c51, 0x8c51,
    0x8c51, 0x8c51, 0x8c51, 0x8c51, 0x8c51, 0x52aa, 0x52aa, 0x0841, 0x0841, 0xffff, 0xffff, 0x8c51,
    0x8c51, 0x8c51, 0x8c51, 0x8c51, 0x8c51, 0x8c51, 0x8c51, 0x8c51, 0x8c51, 0x8c51, 0x8c51, 0x8c51,
    0x8c51, 0x8c51, 0x8c51, 0x8c51, 0x8c51, 0x8c51, 0x8c51, 0x8c51, 0x8c51, 0x52aa, 0x52aa, 0x0841,
    0x0841, 0xffff, 0xffff, 0x8c51, 0x8c51, 0x8c51, 0x8c51, 0x8c51, 0x8c51, 0x8c51, 0x8c51, 0x8c51,
    0x8c51, 0x8c51, 0x8c51, 0x8c51, 0x8c51, 0x8c51, 0x8c51, 0x8c51, 0x8c51, 0x8c51, 0x8c51, 0x8c51,
    0x8c51, 0x52aa, 0x52aa, 0x0841, 0x0841, 0xffff, 0xffff, 0x8c51, 0x8c51, 0x8c51, 0x8c51, 0x8c51,
    0x8c51, 0x8c51, 0x8c51, 0x8c51, 0x8c51, 0x8c51, 0x8c51, 0x8c51, 0x8c51, 0x8c51, 0x8c51, 0x8c51,
    0x8c51, 0x8c51, 0x8c51, 0x8c51, 0x8c51, 0x52aa, 0x52aa, 0x0841, 0x0841, 0xffff, 0xffff, 0x8c51,
    0x8c51, 0x8c51, 0x8c51, 0x8c51, 0x8c51, 0x8c51, 0x8c51, 0x8c51, 0x8c51, 0x8c51, 0x8c51, 0x8c51,
    0x8c51, 0x8c51, 0x8c51, 0x8c51, 0x8c51, 0x8c51, 0x8c51, 0x8c51, 0x8c51, 0x52aa, 0x52aa, 0x0841,
    0x0841, 0xffff, 0xffff, 0x8c51, 0x8c51, 0x8c51, 0x8c51, 0x8c51, 0x8c51, 0x8c51, 0x8c51, 0x8c51,
    0x8c51, 0x8c51, 0x8c51, 0x8c51, 0x8c51, 0x8c51, 0x8c51, 0x8c51, 0x8c51, 0x8c51, 0x8c51, 0x8c51,
    0x8c51, 0x52aa, 0x52aa, 0x0841, 0x07e0, 0xf800, 0xf800, 0xf800, 0xf800, 0xf800, 0x0841, 0xf800,
    0xf800, 0x0841, 0xf800, 0xf800, 0x0841, 0xf800, 0xf800, 0xf800, 0x0841, 0xf800, 0xf800, 0x0841,
    0xf800, 0xf800, 0xf800, 0xf800, 0xf800, 0xf800, 0xf800, 0x07e0, 0x0841, 0xffff, 0xffff, 0x8c51,
    0x8c51, 0x8c51, 0x8c51, 0x8c51, 0x8c51, 0x8c51, 0x8c51, 0x8c51, 0x8c51, 0x8c51, 0x8c51, 0x8c51,
    0x8c51, 0x8c51, 0x8c51, 0x8c51, 0x8c51, 0x8c51, 0x8c51, 0x8c51, 0x8c51, 0x52aa, 0x52aa, 0x0841,
    0x0841, 0xffff, 0xffff, 0x8c51, 0x8c51, 0x8c51, 0x8c51, 0x8c51, 0x8c51, 0x8c51, 0x8c51, 0x8c51,
    0x8c51, 0x8c51, 0x8c51, 0x8c51, 0x8c51, 0x8c51, 0x8c51, 0x8c51, 0x8c51, 0x8c51, 0x8c51, 0x8c51,
    0x8c51, 0x52aa, 0x52aa, 0x0841, 0x0841, 0xffff, 0xffff, 0x8c51, 0x8c51, 0x8c51, 0x8c51, 0x8c51,
    0x8c51, 0x8c51, 0x8c51, 0x8c51, 0x8c51, 0x8c51, 0x8c51, 0x8c51, 0x8c51, 0x8c51, 0x8c51, 0x8c51,
    0x8c51, 0x8c51, 0x8c51, 0x8c51, 0x8c51, 0x52aa, 0x52aa, 0x0841, 0x0841, 0xffff, 0xffff, 0x8c51,
    0x8c51, 0x8c51, 0x8c51, 0x8c51, 0x8c51, 0x8c51, 0x8c51, 0x8c51, 0x8c51, 0x8c51, 0x8c51, 0x8c51,
    0x8c51, 0x8c51, 0x8c51, 0x8c51, 0x8c51, 0x8c51, 0x8c51, 0x8c51, 0x8c51, 0x52aa, 0x52aa, 0x0841,
    0x0841, 0xffff, 0xffff, 0x8c51, 0x8c51, 0x8c51, 0x8c51, 0x8c51, 0x8c51, 0x8c51, 0x8c51, 0x8c51,
    0x8c51, 0x8c51, 0x8c51, 0x8c51, 0x8c51, 0x8c51, 0x8c51, 0x8c51, 0x8c51, 0x8c51, 0x8c51, 0x8c51,
    0x8c51, 0x52aa, 0x52aa, 0x0841, 0x0841, 0xffff, 0xffff, 0x8c51, 0x8c51, 0x8c51, 0x8c51, 0x8c51,
    0x8c51, 0x8c51, 0x8c51, 0x8c51, 0x8c51, 0x8c51, 0x8c51, 0x8c51, 0x8c51, 0x8c51, 0x8c51, 0x8c51,
    0x8c51, 0x8c51, 0x8c51, 0x8c51, 0x8c51, 0x52aa, 0x52aa, 0x0841, 0x07e0, 0xf800, 0xf800, 0xf800,
    0xf800, 0xf800, 0x0841, 0xf800, 0xf800, 0xf800, 0xf800, 0xf800, 0x0841, 0xf800, 0x0841, 0xf800,
    0xf800, 0xf800, 0xf800, 0x0841, 0xf800, 0xf800, 0xf800, 0xf800, 0xf800, 0xf800, 0xf800, 0x07e0,
    0x0841, 0xffff, 0xffff, 0x8c51, 0x8c51, 0x8c51, 0x8c51, 0x8c51, 0x8c51, 0x8c51, 0x8c51, 0x8c51,
    0x8c51, 0x8c51, 0x8c51, 0x8c51, 0x8c51, 0x8c51, 0x8c51, 0x8c51, 0x8c51, 0x8c51, 0x8c51, 0x8c51,
    0x8c51, 0x52aa, 0x52aa, 0x0841, 0x0841, 0xffff, 0xffff, 0x8c51, 0x8c51, 0x8c51, 0x8c51, 0x8c51,
    0x8c51, 0x8c51, 0x8c51, 0x8c51, 0x8c51, 0x8c51, 0x8c51, 0x8c51, 0x8c51, 0x8c51, 0x8c51, 0x8c51,
    0x8c51, 0x8c51, 0x8c51, 0x8c51, 0x8c51, 0x52aa, 0x52aa, 0x0841, 0x0841, 0xffff, 0xffff, 0x8c51,
    0x8c51, 0x8c51, 0x8c51, 0x8c51, 0x8c51, 0x8c51, 0x8c51, 0x8c51, 0x8c51, 0x8c51, 0x8c51, 0x8c51,
    0x8c51, 0x8c51, 0x8c51, 0x8c51, 0x8c51, 0x8c51, 0x8c51, 0x8c51, 0x8c51, 0x52aa, 0x52aa, 0x0841,
    0x0841, 0xffff, 0xffff, 0x8c51, 0x8c51, 0x8c51, 0x8c51, 0x8c51, 0x8c51, 0x8c51, 0x8c51, 0x8c51,
    0x8c51, 0x8c51, 0x8c51, 0x8c51, 0x8c51, 0x8c51, 0x8c51, 0x8c51, 0x8c51, 0x8c51, 0x8c51, 0x8c51,
    0x8c51, 0x52aa, 0x52aa, 0x0841, 0x0841, 0xffff, 0xffff, 0x8c51, 0x8c51, 0x8c51, 0x8c51, 0x8c51,
    0x8c51, 0x8c51, 0x8c51, 0x8c51, 0x8c51, 0x8c51, 0x8c51, 0x8c51, 0x8c51, 0x8c51, 0x8c51, 0x8c51,
    0x8c51, 0x8c51, 0x8c51, 0x8c51, 0x8c51, 0x52aa, 0x52aa, 0x0841, 0x0841, 0xffff, 0xffff, 0x8c51,
    0x8c51, 0x8c51, 0x8c51, 0x8c51, 0x8c51, 0x8c51, 0x8c51, 0x8c51, 0x8c51, 0x8c51, 0x8c51, 0x8c51,
    0x8c51, 0x8c51, 0x8c51, 0x8c51, 0x8c51, 0x8c51, 0x8c51, 0x8c51, 0x8c51, 0x52aa, 0x52aa, 0x0841,
    0x07e0, 0xf800, 0xf800, 0xf800, 0xf800, 0xf800, 0xf800, 0x0841, 0xf800, 0xf800, 0xf800, 0xf800,
    0x0841, 0x0841, 0x0841, 0xf800, 0xf800, 0xf800, 0xf800, 0x0841, 0xf800, 0xf800, 0xf800, 0xf800,
    0xf800, 0xf800, 0xf800, 0x07e0, 0x0841, 0xffff, 0xffff, 0x8c51, 0x8c51, 0x8c51, 0x8c51, 0x8c51,
    0x8c51, 0x8c51, 0x8c51, 0x8c51, 0x8c51, 0x8c51, 0x8c51, 0x8c51, 0x8c51, 0x8c51, 0x8c51, 0x8c51,
    0x8c51, 0x8c51, 0x8c51, 0x8c51, 0x8c51, 0x52aa, 0x52aa, 0x0841, 0x0841, 0xffff, 0xffff, 0x8c51,
    0x8c51, 0x8c51, 0x8c51, 0x8c51, 0x8c51, 0x8c51, 0x8c51, 0x8c51, 0x8c51, 0x8c51, 0x8c51, 0x8c51,
    0x8c51, 0x8c51, 0x8c51, 0x8c51, 0x8c51, 0x8c51, 0x8c51, 0x8c51, 0x8c51, 0x52aa, 0x52aa, 0x0841,
    0x0841, 0xffff, 0xffff, 0x8c51, 0x8c51, 0x8c51, 0x8c51, 0x8c51, 0x8c51, 0x8c51, 0x8c51, 0x8c51,
    0x8c51, 0x8c51, 0x8c51, 0x8c51, 0x8c51, 0x8c51, 0x8c51, 0x8c51, 0x8c51, 0x8c51, 0x8c51, 0x8c51,
    0x8c51, 0x52aa, 0x52aa, 0x0841, 0x0841, 0xffff, 0xffff, 0x8c51, 0x8c51, 0x8c51, 0x8c51, 0x8c51,
    0x8c51, 0x8c51, 0x8c51, 0x8c51, 0x8c51, 0x8c51, 0x8c51, 0x8c51, 0x8c51, 0x8c51, 0x8c51, 0x8c51,
    0x8c51, 0x8c51, 0x8c51, 0x8c51, 0x8c51, 0x52aa, 0x52aa, 0x0841, 0x0841, 0xffff, 0xffff, 0x8c51,
    0x8c51, 0x8c51, 0x8c51, 0x8c51, 0x8c51, 0x8c51, 0x8c51, 0x8c51, 0x8c51, 0x8c51, 0x8c51, 0x8c51,
    0x8c51, 0x8c51, 0x8c51, 0x8c51, 0x8c51, 0x8c51, 0x8c51, 0x8c51, 0x8c51, 0x52aa, 0x52aa, 0x0841,
    0x0841, 0xffff, 0xffff, 0x8c51, 0x8c51, 0x8c51, 0x8c51, 0x8c51, 0x8c51, 0x8c51, 0x8c51, 0x8c51,
    0x8c51, 0x8c51, 0x8c51, 0x8c51, 0x8c51, 0x8c51, 0x8c51, 0x8c51, 0x8c51, 0x8c51, 0x8c51, 0x8c51,
    0x8c51, 0x52aa, 0x52aa, 0x0841, 0x07e0, 0xf800, 0xf800, 0xf800, 0xf800, 0xf800, 0xf800, 0xf800,
    0x0841, 0xf800, 0xf800, 0xf800, 0x0841, 0xf800, 0x0841, 0xf800, 0xf800, 0xf800, 0xf800, 0x0841,
    0xf800, 0xf800, 0xf800, 0xf800, 0xf800, 0xf800, 0xf800, 0x07e0, 0x0841, 0xffff, 0xffff, 0x8c51,
    0x8c51, 0x8c51, 0x8c51, 0x8c51, 0x8c51, 0x8c51, 0x8c51, 0x8c51, 0x8c51, 0x8c51, 0x8c51, 0x8c51,
    0x8c51, 0x8c51, 0x8c51, 0x8c51, 0x8c51, 0x8c51, 0x8c51, 0x8c51, 0x8c51, 0x52aa, 0x52aa, 0x0841,
    0x0841, 0xffff, 0xffff, 0x8c51, 0x8c51, 0x8c51, 0x8c51, 0x8c51, 0x8c51, 0x8c51, 0x8c51, 0x8c51,
    0x8c51, 0x8c51, 0x8c51, 0x8c51, 0x8c51, 0x8c51, 0x8c51, 0x8c51, 0x8c51, 0x8c51, 0x8c51, 0x8c51,
    0x8c51, 0x52aa, 0x52aa, 0x0841, 0x0841, 0xffff, 0xffff, 0x8c51, 0x8c51, 0x8c51, 0x8c51, 0x8c51,
    0x8c51, 0x8c51, 0x8c51, 0x8c51, 0x8c51, 0x8c51, 0x8c51, 0x8c51, 0x8c51, 0x8c51, 0x8c51, 0x8c51,
    0x8c51, 0x8c51, 0x8c51, 0x8c51, 0x8c51, 0x52aa, 0x52aa, 0x0841, 0x0841, 0xffff, 0xffff, 0x8c51,
    0x8c51, 0x8c51, 0x8c51, 0x8c51, 0x8c51, 0x8c51, 0x8c51, 0x8c51, 0x8c51, 0x8c51, 0x8c51, 0x8c51,
    0x8c51, 0x8c51, 0x8c51, 0x8c51, 0x8c51, 0x8c51, 0x8c51, 0x8c51, 0x8c51, 0x52aa, 0x52aa, 0x0841,
    0x0841, 0xffff, 0xffff, 0x8c51, 0x8c51, 0x8c51, 0x8c51, 0x8c51, 0x8c51, 0x8c51, 0x8c51, 0x8c51,
    0x8c51, 0x8c51, 0x8c51, 0x8c51, 0x8c51, 0x8c51, 0x8c51, 0x8c51, 0x8c51, 0x8c51, 0x8c51, 0x8c51,
    0x8c51, 0x52aa, 0x52aa, 0x0841, 0x0841, 0xffff, 0xffff, 0x8c51, 0x8c51, 0x8c51, 0x8c51, 0x8c51,
    0x8c51, 0x8c51, 0x8c51, 0x8c51, 0x8c51, 0x8c51, 0x8c51, 0x8c51, 0x8c51, 0x8c51, 0x8c51, 0x8c51,
    0x8c51, 0x8c51, 0x8c51, 0x8c51, 0x8c51, 0x52aa, 0x52aa, 0x0841, 0x07e0, 0xf800, 0xf800, 0xf800,
    0xf800, 0xf800, 0xf800, 0xf800, 0xf800, 0x0841, 0xf800, 0xf800, 0x0841, 0xf800, 0xf800, 0xf800,
    0xf800, 0xf800, 0xf800, 0x0841, 0xf800, 0xf800, 0xf800, 0xf800, 0xf800, 0xf800, 0xf800, 0x07e0,
    0x0841, 0xffff, 0xffff, 0x8c51, 0x8c51, 0x8c51, 0x8c51, 0x8c51, 0x8c51, 0x8c51, 0x8c51, 0x8c51,
    0x8c51, 0x8c51, 0x8c51, 0x8c51, 0x8c51, 0x8c51, 0x8c51, 0x8c51, 0x8c51, 0x8c51, 0x8c51, 0x8c51,
    0x8c51, 0x52aa, 0x52aa, 0x0841, 0x0841, 0xffff, 0xffff, 0x8c51, 0x8c51, 0x8c51, 0x8c51, 0x8c51,
    0x8c51, 0x8c51, 0x8c51, 0x8c51, 0x8c51, 0x8c51, 0x8c51, 0x8c51, 0x8c51, 0x8c51, 0x8c51, 0x8c51,
    0x8c51, 0x8c51, 0x8c51, 0x8c51, 0x8c51, 0x52aa, 0x52aa, 0x0841, 0x0841, 0xffff, 0xffff, 0x8c51,
    0x8c51, 0x8c51, 0x8c51, 0x8c51, 0x8c51, 0x8c51, 0x8c51, 0x8c51, 0x8c51, 0x8c51, 0x8c51, 0x8c51,
    0x8c51, 0x8c51, 0x8c51, 0x8c51, 0x8c51, 0x8c51, 0x8c51, 0x8c51, 0x8c51, 0x52aa, 0x52aa, 0x0841,
    0x0841, 0xffff, 0xffff, 0x8c51, 0x8c51, 0x8c51, 0x8c51, 0x8c51, 0x8c51, 0x8c51, 0x8c51, 0x8c51,
    0x8c51, 0x8c51, 0x8c51, 0x8c51, 0x8c51, 0x8c51, 0x8c51, 0x8c51, 0x8c51, 0x8c51, 0x8c51, 0x8c51,
    0x8c51, 0x52aa, 0x52aa, 0x0841, 0x0841, 0xffff, 0xffff, 0x8c51, 0x8c51, 0x8c51, 0x8c51, 0x8c51,
    0x8c51, 0x8c51, 0x8c51, 0x8c51, 0x8c51, 0x8c51, 0x8c51, 0x8c51, 0x8c51, 0x8c51, 0x8c51, 0x8c51,
    0x8c51, 0x8c51, 0x8c51, 0x8c51, 0x8c51, 0x52aa, 0x52aa, 0x0841, 0x0841, 0xffff, 0xffff, 0x8c51,
    0x8c51, 0x8c51, 0x8c51, 0x8c51, 0x8c51, 0x8c51, 0x8c51, 0x8c51, 0x8c51, 0x8c51, 0x8c51, 0x8c51,
    0x8c51, 0x8c51, 0x8c51, 0x8c51, 0x8c51, 0x8c51, 0x8c51, 0x8c51, 0x8c51, 0x52aa, 0x52aa, 0x0841,
    0x07e0, 0xf800, 0xf800, 0xf800, 0xf800, 0xf800, 0x0841, 0xf800, 0xf800, 0x0841, 0xf800, 0xf800,
    0x0841, 0xf800, 0xf800, 0xf800, 0x0841, 0xf800, 0xf800, 0x0841, 0xf800, 0xf800, 0xf800, 0x0841,
    0xf800, 0xf800, 0xf800, 0x07e0, 0x0841, 0xffff, 0xffff, 0x8c51, 0x8c51, 0x8c51, 0x8c51, 0x8c51,
    0x8c51, 0x8c51, 0x8c51, 0x8c51, 0x8c51, 0x8c51, 0x8c51, 0x8c51, 0x8c51, 0x8c51, 0x8c51, 0x8c51,
    0x8c51, 0x8c51, 0x8c51, 0x8c51, 0x8c51, 0x52aa, 0x52aa, 0x0841, 0x0841, 0xffff, 0xffff, 0x8c51,
    0x8c51, 0x8c51, 0x8c51, 0x8c51, 0x8c51, 0x8c51, 0x8c51, 0x8c51, 0x8c51, 0x8c51, 0x8c51, 0x8c51,
    0x8c51, 0x8c51, 0x8c51, 0x8c51, 0x8c51, 0x8c51, 0x8c51, 0x8c51, 0x8c51, 0x52aa, 0x52aa, 0x0841,
    0x0841, 0xffff, 0xffff, 0x8c51, 0x8c51, 0x8c51, 0x8c51, 0x8c51, 0x8c51, 0x8c51, 0x8c51, 0x8c51,
    0x8c51, 0x8c51, 0x8c51, 0x8c51, 0x8c51, 0x8c51, 0x8c51, 0x8c51, 0x8c51, 0x8c51, 0x8c51, 0x8c51,
    0x8c51, 0x52aa, 0x52aa, 0x0841, 0x0841, 0xffff, 0xffff, 0x8c51, 0x8c51, 0x8c51, 0x8c51, 0x8c51,
    0x8c51, 0x8c51, 0x8c51, 0x8c51, 0x8c51, 0x8c51, 0x8c51, 0x8c51, 0x8c51, 0x8c51, 0x8c51, 0x8c51,
    0x8c51, 0x8c51, 0x8c51, 0x8c51, 0x8c51, 0x52aa, 0x52aa, 0x0841, 0x0841, 0xffff, 0xffff, 0x8c51,
    0x8c51, 0x8c51, 0x8c51, 0x8c51, 0x8c51, 0x8c51, 0x8c51, 0x8c51, 0x8c51, 0x8c51, 0x8c51, 0x8c51,
    0x8c51, 0x8c51, 0x8c51, 0x8c51, 0x8c51, 0x8c51, 0x8c51, 0x8c51, 0x8c51, 0x52aa, 0x52aa, 0x0841,
    0x0841, 0xffff, 0xffff, 0x8c51, 0x8c51, 0x8c51, 0x8c51, 0x8c51, 0x8c51, 0x8c51, 0x8c51, 0x8c51,
    0x8c51, 0x8c51, 0x8c51, 0x8c51, 0x8c51, 0x8c51, 0x8c51, 0x8c51, 0x8c51, 0x8c51, 0x8c51, 0x8c51,
    0x8c51, 0x52aa, 0x52aa, 0x0841, 0x07e0, 0xf800, 0xf800, 0xf800, 0xf800, 0xf800, 0x0841, 0x0841,
    0x0841, 0xf800, 0xf800, 0x0841, 0x0841, 0x0841, 0x0841, 0x0841, 0x0841, 0xf800, 0x0841, 0x0841,
    0x0841, 0x0841, 0x0841, 0x0841, 0xf800, 0xf800, 0xf800, 0x07e0, 0x0841, 0xffff, 0xffff, 0x8c51,
    0x8c51, 0x8c51, 0x8c51, 0x8c51, 0x8c51, 0x8c51, 0x8c51, 0x8c51, 0x8c51, 0x8c51, 0x8c51, 0x8c51,
    0x8c51, 0x8c51, 0x8c51, 0x8c51, 0x8c51, 0x8c51, 0x8c51, 0x8c51, 0x8c51, 0x52aa, 0x52aa, 0x0841,
    0x0841, 0xffff, 0xffff, 0x8c51, 0x8c51, 0x8c51, 0x8c51, 0x8c51, 0x8c51, 0x8c51, 0x8c51, 0x8c51,
    0x8c51, 0x8c51, 0x8c51, 0x8c51, 0x8c51, 0x8c51, 0x8c51, 0x8c51, 0x8c51, 0x8c51, 0x8c51, 0x8c51,
    0x8c51, 0x52aa, 0x52aa, 0x0841, 0x0841, 0xffff, 0xffff, 0x8c51, 0x8c51, 0x8c51, 0x8c51, 0x8c51,
    0x8c51, 0x8c51, 0x8c51, 0x8c51, 0x8c51, 0x8c51, 0x8c51, 0x8c51, 0x8c51, 0x8c51, 0x8c51, 0x8c51,
    0x8c51, 0x8c51, 0x8c51, 0x8c51, 0x8c51, 0x52aa, 0x52aa, 0x0841, 0x0841, 0xffff, 0xffff, 0x8c51,
    0x8c51, 0x8c51, 0x8c51, 0x8c51, 0x8c51, 0x8c51, 0x8c51, 0x8c51, 0x8c51, 0x8c51, 0x8c51, 0x8c51,
    0x8c51, 0x8c51, 0x8c51, 0x8c51, 0x8c51, 0x8c51, 0x8c51, 0x8c51, 0x8c51, 0x52aa, 0x52aa, 0x0841,
    0x0841, 0xffff, 0xffff, 0x8c51, 0x8c51, 0x8c51, 0x8c51, 0x8c51, 0x8c51, 0x8c51, 0x8c51, 0x8c51,
    0x8c51, 0x8c51, 0x8c51, 0x8c51, 0x8c51, 0x8c51, 0x8c51, 0x8c51, 0x8c51, 0x8c51, 0x8c51, 0x8c51,
    0x8c51, 0x52aa, 0x52aa, 0x0841, 0x0841, 0xffff, 0xffff, 0x8c51, 0x8c51, 0x8c51, 0x8c51, 0x8c51,
    0x8c51, 0x8c51, 0x8c51, 0x8c51, 0x8c51, 0x8c51, 0x8c51, 0x8c51, 0x8c51, 0x8c51, 0x8c51, 0x8c51,
    0x8c51, 0x8c51, 0x8c51, 0x8c51, 0x8c51, 0x52aa, 0x52aa, 0x0841, 0x07e0, 0xf800, 0xf800, 0xf800,
    0xf800, 0xf800, 0xf800, 0xf800, 0xf800, 0xf800, 0xf800, 0xf800, 0xf800, 0xf800, 0xf800, 0xf800,
    0xf800, 0xf800, 0xf800, 0xf800, 0xf800, 0xf800, 0xf800, 0xf800, 0xf800, 0xf800, 0xf800, 0x07e0,
    0x0841, 0xffff, 0xffff, 0x8c51, 0x8c51, 0x8c51, 0x8c51, 0x8c51, 0x8c51, 0x8c51, 0x8c51, 0x8c51,
    0x8c51, 0x8c51, 0x8c51, 0x8c51, 0x8c51, 0x8c51, 0x8c51, 0x8c51, 0x8c51, 0x8c51, 0x8c51, 0x8c51,
    0x8c51, 0x52aa, 0x52aa, 0x0841, 0x0841, 0xffff, 0xffff, 0x8c51, 0x8c51, 0x8c51, 0x8c51, 0x8c51,
    0x8c51, 0x8c51, 0x8c51, 0x8c51, 0x8c51, 0x8c51, 0x8c51, 0x8c51, 0x8c51, 0x8c51, 0x8c51, 0x8c51,
    0x8c51, 0x8c51, 0x8c51, 0x8c51, 0x8c51, 0x52aa, 0x52aa, 0x0841, 0x0841, 0xffff, 0xffff, 0x8c51,
    0x8c51, 0x8c51, 0x8c51, 0x8c51, 0x8c51, 0x8c51, 0x8c51, 0x8c51, 0x8c51, 0x8c51, 0x8c51, 0x8c51,
    0x8c51, 0x8c51, 0x8c51, 0x8c51, 0x8c51, 0x8c51, 0x8c51, 0x8c51, 0x8c51, 0x52aa, 0x52aa, 0x0841,
    0x0841, 0xffff, 0xffff, 0x8c51, 0x8c51, 0x8c51, 0x8c51, 0x8c51, 0x8c51, 0x8c51, 0x8c51, 0x8c51,
    0x8c51, 0x8c51, 0x8c51, 0x8c51, 0x8c51, 0x8c51, 0x8c51, 0x8c51, 0x8c51, 0x8c51, 0x8c51, 0x8c51,
    0x8c51, 0x52aa, 0x52aa, 0x0841, 0x0841, 0xffff, 0xffff, 0x8c51, 0x8c51, 0x8c51, 0x8c51, 0x8c51,
    0x8c51, 0x8c51, 0x8c51, 0x8c51, 0x8c51, 0x8c51, 0x8c51, 0x8c51, 0x8c51, 0x8c51, 0x8c51, 0x8c51,
    0x8c51, 0x8c51, 0x8c51, 0x8c51, 0x8c51, 0x52aa, 0x52aa, 0x0841, 0x0841, 0xffff, 0xffff, 0x8c51,
    0x8c51, 0x8c51, 0x8c51, 0x8c51, 0x8c51, 0x8c51, 0x8c51, 0x8c51, 0x8c51, 0x8c51, 0x8c51, 0x8c51,
    0x8c51, 0x8c51, 0x8c51, 0x8c51, 0x8c51, 0x8c51, 0x8c51, 0x8c51, 0x8c51, 0x52aa, 0x52aa, 0x0841,
    0x07e0, 0xf800, 0xf800, 0xf800, 0xf800, 0xf800, 0xf800, 0xf800, 0xf800, 0xf800, 0xf800, 0xf800,
    0xf800, 0xf800, 0xf800, 0xf800, 0xf800, 0xf800, 0xf800, 0xf800, 0xf800, 0xf800, 0xf800, 0xf800,
    0xf800, 0xf800, 0xf800, 0x07e0, 0x0841, 0xffff, 0xffff, 0x8c51, 0x8c51, 0x8c51, 0x8c51, 0x8c51,
    0x8c51, 0x8c51, 0x8c51, 0x8c51, 0x8c51, 0x8c51, 0x8c51, 0x8c51, 0x8c51, 0x8c51, 0x8c51, 0x8c51,
    0x8c51, 0x8c51, 0x8c51, 0x8c51, 0x8c51, 0x52aa, 0x52aa, 0x0841, 0x0841, 0xffff, 0xffff, 0x8c51,
    0x8c51, 0x8c51, 0x8c51, 0x8c51, 0x8c51, 0x8c51, 0x8c51, 0x8c51, 0x8c51, 0x8c51, 0x8c51, 0x8c51,
    0x8c51, 0x8c51, 0x8c51, 0x8c51, 0x8c51, 0x8c51, 0x8c51, 0x8c51, 0x8c51, 0x52aa, 0x52aa, 0x0841,
    0x0841, 0xffff, 0xffff, 0x8c51, 0x8c51, 0x8c51, 0x8c51, 0x8c51, 0x8c51, 0x8c51, 0x8c51, 0x8c51,
    0x8c51, 0x8c51, 0x8c51, 0x8c51, 0x8c51, 0x8c51, 0x8c51, 0x8c51, 0x8c51, 0x8c51, 0x8c51, 0x8c51,
    0x8c51, 0x52aa, 0x52aa, 0x0841, 0x0841, 0xffff, 0xffff, 0x8c51, 0x8c51, 0x8c51, 0x8c51, 0x8c51,
    0x8c51, 0x8c51, 0x8c51, 0x8c51, 0x8c51, 0x8c51, 0x8c51, 0x8c51, 0x8c51, 0x8c51, 0x8c51, 0x8c51,
    0x8c51, 0x8c51, 0x8c51, 0x8c51, 0x8c51, 0x52aa, 0x52aa, 0x0841, 0x0841, 0xffff, 0xffff, 0x8c51,
    0x8c51, 0x8c51, 0x8c51, 0x8c51, 0x8c51, 0x8c51, 0x8c51, 0x8c51, 0x8c51, 0x8c51, 0x8c51, 0x8c51,
    0x8c51, 0x8c51, 0x8c51, 0x8c51, 0x8c51, 0x8c51, 0x8c51, 0x8c51, 0x8c51, 0x52aa, 0x52aa, 0x0841,
    0x0841, 0xffff, 0xffff, 0x8c51, 0x8c51, 0x8c51, 0x8c51, 0x8c51, 0x8c51, 0x8c51, 0x8c51, 0x8c51,
    0x8c51, 0x8c51, 0x8c51, 0x8c51, 0x8c51, 0x8c51, 0x8c51, 0x8c51, 0x8c51, 0x8c51, 0x8c51, 0x8c51,
    0x8c51, 0x52aa, 0x52aa, 0x0841, 0x07e0, 0xf800, 0xf800, 0xf800, 0xf800, 0xf800, 0xf800, 0xf800,
    0xf800, 0xf800, 0xf800, 0xf800, 0xf800, 0xf800, 0xf800, 0xf800, 0xf800, 0xf800, 0xf800, 0xf800,
    0xf800, 0xf800, 0xf800, 0xf800, 0xf800, 0xf800, 0xf800, 0x07e0, 0x0841, 0xffff, 0xffff, 0x8c51,
    0x8c51, 0x8c51, 0x8c51, 0x8c51, 0x8c51, 0x8c51, 0x8c51, 0x8c51, 0x8c51, 0x8c51, 0x8c51, 0x8c51,
    0x8c51, 0x8c51, 0x8c51, 0x8c51, 0x8c51, 0x8c51, 0x8c51, 0x8c51, 0x8c51, 0x52aa, 0x52aa, 0x0841,
    0x0841, 0xffff, 0xffff, 0x8c51, 0x8c51, 0x8c51, 0x8c51, 0x8c51, 0x8c51, 0x8c51, 0x8c51, 0x8c51,
    0x8c51, 0x8c51, 0x8c51, 0x8c51, 0x8c51, 0x8c51, 0x8c51, 0x8c51, 0x8c51, 0x8c51, 0x8c51, 0x8c51,
    0x8c51, 0x52aa, 0x52aa, 0x0841, 0x0841, 0xffff, 0xffff, 0x8c51, 0x8c51, 0x8c51, 0x8c51, 0x8c51,
    0x8c51, 0x8c51, 0x8c51, 0x8c51, 0x8c51, 0x8c51, 0x8c51, 0x8c51, 0x8c51, 0x8c51, 0x8c51, 0x8c51,
    0x8c51, 0x8c51, 0x8c51, 0x8c51, 0x8c51, 0x52aa, 0x52aa, 0x0841, 0x0841, 0xffff, 0xffff, 0x8c51,
    0x8c51, 0x8c51, 0x8c51, 0x8c51, 0x8c51, 0x8c51, 0x8c51, 0x8c51, 0x8c51, 0x8c51, 0x8c51, 0x8c51,
    0x8c51, 0x8c51, 0x8c51, 0x8c51, 0x8c51, 0x8c51, 0x8c51, 0x8c51, 0x8c51, 0x52aa, 0x52aa, 0x0841,
    0x0841, 0xffff, 0xffff, 0x8c51, 0x8c51, 0x8c51, 0x8c51, 0x8c51, 0x8c51, 0x8c51, 0x8c51, 0x8c51,
    0x8c51, 0x8c51, 0x8c51, 0x8c51, 0x8c51, 0x8c51, 0x8c51, 0x8c51, 0x8c51, 0x8c51, 0x8c51, 0x8c51,
    0x8c51, 0x52aa, 0x52aa, 0x0841, 0x0841, 0xffff, 0xffff, 0x8c51, 0x8c51, 0x8c51, 0x8c51, 0x8c51,
    0x8c51, 0x8c51, 0x8c51, 0x8c51, 0x8c51, 0x8c51, 0x8c51, 0x8c51, 0x8c51, 0x8c51, 0x8c51, 0x8c51,
    0x8c51, 0x8c51, 0x8c51, 0x8c51, 0x8c51, 0x52aa, 0x52aa, 0x0841, 0x07e0, 0xf800, 0xf800, 0xf800,
    0xf800, 0xf800, 0xf800, 0xf800, 0xf800, 0xf800, 0xf800, 0xf800, 0xf800, 0xf800, 0xf800, 0xf800,
    0xf800, 0xf800, 0xf800, 0xf800, 0xf800, 0xf800, 0xf800, 0xf800, 0xf800, 0xf800, 0xf800, 0x07e0,
    0x0841, 0xffff, 0xffff, 0x8c51, 0x8c51, 0x8c51, 0x8c51, 0x8c51, 0x8c51, 0x8c51, 0x8c51, 0x8c51,
    0x8c51, 0x8c51, 0x8c51, 0x8c51, 0x8c51, 0x8c51, 0x8c51, 0x8c51, 0x8c51, 0x8c51, 0x8c51, 0x8c51,
    0x8c51, 0x52aa, 0x52aa, 0x0841, 0x0841, 0xffff, 0xffff, 0x8c51, 0x8c51, 0x8c51, 0x8c51, 0x8c51,
    0x8c51, 0x8c51, 0x8c51, 0x8c51, 0x8c51, 0x8c51, 0x8c51, 0x8c51, 0x8c51, 0x8c51, 0x8c51, 0x8c51,
    0x8c51, 0x8c51, 0x8c51, 0x8c51, 0x8c51, 0x52aa, 0x52aa, 0x0841, 0x0841, 0xffff, 0xffff, 0x8c51,
    0x8c51, 0x8c51, 0x8c51, 0x8c51, 0x8c51, 0x8c51, 0x8c51, 0x8c51, 0x8c51, 0x8c51, 0x8c51, 0x8c51,
    0x8c51, 0x8c51, 0x8c51, 0x8c51, 0x8c51, 0x8c51, 0x8c51, 0x8c51, 0x8c51, 0x52aa, 0x52aa, 0x0841,
    0x0841, 0xffff, 0xffff, 0x8c51, 0x8c51, 0x8c51, 0x8c51, 0x8c51, 0x8c51, 0x8c51, 0x8c51, 0x8c51,
    0x8c51, 0x8c51, 0x8c51, 0x8c51, 0x8c51, 0x8c51, 0x8c51, 0x8c51, 0x8c51, 0x8c51, 0x8c51, 0x8c51,
    0x8c51, 0x52aa, 0x52aa, 0x0841, 0x0841, 0xffff, 0xffff, 0x8c51, 0x8c51, 0x8c51, 0x8c51, 0x8c51,
    0x8c51, 0x8c51, 0x8c51, 0x8c51, 0x8c51, 0x8c51, 0x8c51, 0x8c51, 0x8c51, 0x8c51, 0x8c51, 0x8c51,
    0x8c51, 0x8c51, 0x8c51, 0x8c51, 0x8c51, 0x52aa, 0x52aa, 0x0841, 0x0841, 0xffff, 0xffff, 0x8c51,
    0x8c51, 0x8c51, 0x8c51, 0x8c51, 0x8c51, 0x8c51, 0x8c51, 0x8c51, 0x8c51, 0x8c51, 0x8c51, 0x8c51,
    0x8c51, 0x8c51, 0x8c51, 0x8c51, 0x8c51, 0x8c51, 0x8c51, 0x8c51, 0x8c51, 0x52aa, 0x52aa, 0x0841,
    0x07e0, 0xf800, 0xf800, 0xf800, 0xf800, 0xf800, 0xf800, 0xf800, 0xf800, 0xf800, 0xf800, 0xf800,
    0xf800, 0xf800, 0xf800, 0xf800, 0xf800, 0xf800, 0xf800, 0xf800, 0xf800, 0xf800, 0xf800, 0xf800,
    0xf800, 0xf800, 0xf800, 0x07e0, 0x0841, 0xffff, 0xffff, 0x8c51, 0x8c51, 0x8c51, 0x8c51, 0x8c51,
    0x8c51, 0x8c51, 0x8c51, 0x8c51, 0x8c51, 0x8c51, 0x8c51, 0x8c51, 0x8c51, 0x8c51, 0x8c51, 0x8c51,
    0x8c51, 0x8c51, 0x8c51, 0x8c51, 0x8c51, 0x52aa, 0x52aa, 0x0841, 0x0841, 0xffff, 0xffff, 0x8c51,
    0x8c51, 0x8c51, 0x8c51, 0x8c51, 0x8c51, 0x8c51, 0x8c51, 0x8c51, 0x8c51, 0x8c51, 0x8c51, 0x8c51,
    0x8c51, 0x8c51, 0x8c51, 0x8c51, 0x8c51, 0x8c51, 0x8c51, 0x8c51, 0x8c51, 0x52aa, 0x52aa, 0x0841,
    0x0841, 0xffff, 0xffff, 0x8c51, 0x8c51, 0x8c51, 0x8c51, 0x8c51, 0x8c51, 0x8c51, 0x8c51, 0x8c51,
    0x8c51, 0x8c51, 0x8c51, 0x8c51, 0x8c51, 0x8c51, 0x8c51, 0x8c51, 0x8c51, 0x8c51, 0x8c51, 0x8c51,
    0x8c51, 0x52aa, 0x52aa, 0x0841, 0x0841, 0xffff, 0xffff, 0x8c51, 0x8c51, 0x8c51, 0x8c51, 0x8c51,
    0x8c51, 0x8c51, 0x8c51, 0x8c51, 0x8c51, 0x8c51, 0x8c51, 0x8c51, 0x8c51, 0x8c51, 0x8c51, 0x8c51,
    0x8c51, 0x8c51, 0x8c51, 0x8c51, 0x8c51, 0x52aa, 0x52aa, 0x0841, 0x0841, 0xffff, 0xffff, 0x8c51,
    0x8c51, 0x8c51, 0x8c51, 0x8c51, 0x8c51, 0x8c51, 0x8c51, 0x8c51, 0x8c51, 0x8c51, 0x8c51, 0x8c51,
    0x8c51, 0x8c51, 0x8c51, 0x8c51, 0x8c51, 0x8c51, 0x8c51, 0x8c51, 0x8c51, 0x52aa, 0x52aa, 0x0841,
    0x0841, 0xffff, 0xffff, 0x8c51, 0x8c51, 0x8c51, 0x8c51, 0x8c51, 0x8c51, 0x8c51, 0x8c51, 0x8c51,
    0x8c51, 0x8c51, 0x8c51, 0x8c51, 0x8c51, 0x8c51, 0x8c51, 0x8c51, 0x8c51, 0x8c51, 0x8c51, 0x8c51,
    0x8c51, 0x52aa, 0x52aa, 0x0841, 0x07e0, 0x07e0, 0x07e0, 0x07e0, 0x07e0, 0x07e0, 0x07e0, 0x07e0,
    0x07e0, 0x07e0, 0x07e0, 0x07e0, 0x07e0, 0x07e0, 0x07e0, 0x07e0, 0x07e0, 0x07e0, 0x07e0, 0x07e0,
    0x07e0, 0x07e0, 0x07e0, 0x07e0, 0x07e0, 0x07e0, 0x07e0, 0x07e0, 0x0000, 0x0000, 0x0841, 0x0841,
    0x0841, 0x0841, 0x0841, 0x0841, 0x0841, 0x0841, 0x0841, 0x0841, 0x0841, 0x0841, 0x0841, 0x0841,
    0x0841, 0x0841, 0x0841, 0x0841, 0x0841, 0x0841, 0x0841, 0x0841, 0x0841, 0x0000, 0x0000, 0x0000,
    0x0000, 0x0000, 0x0841, 0x0841, 0x0841, 0x0841, 0x0841, 0x0841, 0x0841, 0x0841, 0x0841, 0x0841,
    0x0841, 0x0841, 0x0841, 0x0841, 0x0841, 0x0841, 0x0841, 0x0841, 0x0841, 0x0841, 0x0841, 0x0841,
    0x0841, 0x0000, 0x0000, 0x0000, 0x0000, 0x0000, 0x0841, 0x0841, 0x0841, 0x0841, 0x0841, 0x0841,
    0x0841, 0x0841, 0x0841, 0x0841, 0x0841, 0x0841, 0x0841, 0x0841, 0x0841, 0x0841, 0x0841, 0x0841,
    0x0841, 0x0841, 0x0841, 0x0841, 0x0841, 0x0000, 0x0000, 0x0000, 0x0000, 0x0000, 0x0841, 0x0841,
    0x0841, 0x0841, 0x0841, 0x0841, 0x0841, 0x0841, 0x0841, 0x0841, 0x0841, 0x0841, 0x0841, 0x0841,
    0x0841, 0x0841, 0x0841, 0x0841, 0x0841, 0x0841, 0x0841, 0x0841, 0x0841, 0x0000, 0x0000, 0x0000,
    0x0000, 0x0000, 0x0841, 0x0841, 0x0841, 0x0841, 0x0841, 0x0841, 0x0841, 0x0841, 0x0841, 0x0841,
    0x0841, 0x0841, 0x0841, 0x0841, 0x0841, 0x0841, 0x0841, 0x0841, 0x0841, 0x0841, 0x0841, 0x0841,
    0x0841, 0x0000, 0x0000, 0x0000, 0x0000, 0x0000, 0x0841, 0x0841, 0x0841, 0x0841, 0x0841, 0x0841,
    0x0841, 0x0841, 0x0841, 0x0841, 0x0841, 0x0841, 0x0841, 0x0841, 0x0841, 0x0841, 0x0841, 0x0841,
    0x0841, 0x0841, 0x0841, 0x0841, 0x0841, 0x0000, 0x0000, 0x0000, 0xfd00, 0xfd00, 0xfd00, 0xfd00,
    0xfd00, 0xfd00, 0xfd00, 0xfd00, 0xfd00, 0xfd00, 0xfd00, 0xfd00, 0xfd00, 0xfd00, 0xfd00, 0xfd00,
    0xfd00, 0xfd00, 0xfd00, 0xfd00, 0xfd00, 0xfd00, 0xfd00, 0xfd00, 0xfd00, 0xfd00, 0xfd00, 0xfd00,
    0x0000, 0x0841, 0xffff, 0xffff, 0xffff, 0xffff, 0xffff, 0xffff, 0xffff, 0xffff, 0xffff, 0xffff,
    0xffff, 0xffff, 0xffff, 0xffff, 0xffff, 0xffff, 0xffff, 0xffff, 0xffff, 0xffff, 0xffff, 0xffff,
    0xffff, 0x0841, 0x0000, 0x0000, 0x0000, 0x0841, 0xffff, 0xffff, 0xffff, 0xffff, 0xffff, 0xffff,
    0xffff, 0xffff, 0xffff, 0xffff, 0xffff, 0xffff, 0xffff, 0xffff, 0xffff, 0xffff, 0xffff, 0xffff,
    0xffff, 0xffff, 0xffff, 0xffff, 0xffff, 0x0841, 0x0000, 0x0000, 0x0000, 0x0841, 0xffff, 0xffff,
    0xffff, 0xffff, 0xffff, 0xffff, 0xffff, 0xffff, 0xffff, 0xffff, 0xffff, 0xffff, 0xffff, 0xffff,
    0xffff, 0xffff, 0xffff, 0xffff, 0xffff, 0xffff, 0xffff, 0xffff, 0xffff, 0x0841, 0x0000, 0x0000,
    0x0000, 0x0841, 0xffff, 0xffff, 0xffff, 0xffff, 0xffff, 0xffff, 0xffff, 0xffff, 0xffff, 0xffff,
    0xffff, 0xffff, 0xffff, 0xffff, 0xffff, 0xffff, 0xffff, 0xffff, 0xffff, 0xffff, 0xffff, 0xffff,
    0xffff, 0x0841, 0x0000, 0x0000, 0x0000, 0x0841, 0xffff, 0xffff, 0xffff, 0xffff, 0xffff, 0xffff,
    0xffff, 0xffff, 0xffff, 0xffff, 0xffff, 0xffff, 0xffff, 0xffff, 0xffff, 0xffff, 0xffff, 0xffff,
    0xffff, 0xffff, 0xffff, 0xffff, 0xffff, 0x0841, 0x0000, 0x0000, 0x0000, 0x0841, 0xffff, 0xffff,
    0xffff, 0xffff, 0xffff, 0xffff, 0xffff, 0xffff, 0xffff, 0xffff, 0xffff, 0xffff, 0xffff, 0xffff,
    0xffff, 0xffff, 0xffff, 0xffff, 0xffff, 0xffff, 0xffff, 0xffff, 0xffff, 0x0841, 0x0000, 0x0000,
    0xfd00, 0x03ff, 0x03ff, 0x03ff, 0x03ff, 0x03ff, 0x03ff, 0x03ff, 0x03ff, 0x03ff, 0x03ff, 0x03ff,
    0x03ff, 0x03ff, 0x03ff, 0x03ff, 0x03ff, 0x03ff, 0x03ff, 0x03ff, 0x03ff, 0x03ff, 0x03ff, 0x03ff,
    0x03ff, 0x03ff, 0x03ff, 0xfd00, 0x0841, 0xffff, 0xffff, 0xffff, 0xffff, 0xffff, 0xffff, 0xffff,
    0xffff, 0xffff, 0xffff, 0xffff, 0xffff, 0xffff, 0xffff, 0xffff, 0xffff, 0xffff, 0xffff, 0xffff,
    0xffff, 0xffff, 0xffff, 0xffff, 0xffff, 0xc638, 0x0841, 0x0000, 0x0841, 0xffff, 0xffff, 0xffff,
    0xffff, 0xffff, 0xffff, 0xffff, 0xffff, 0xffff, 0xffff, 0xffff, 0xffff, 0xffff, 0xffff, 0xffff,
    0xffff, 0xffff, 0xffff, 0xffff, 0xffff, 0xffff, 0xffff, 0xffff, 0xffff, 0xc638, 0x0841, 0x0000,
    0x0841, 0xffff, 0xffff, 0xffff, 0xffff, 0xffff, 0xffff, 0xffff, 0xffff, 0xffff, 0xffff, 0xffff,
    0xffff, 0xffff, 0xffff, 0xffff, 0xffff, 0xffff, 0xffff, 0xffff, 0xffff, 0xffff, 0xffff, 0xffff,
    0xffff, 0xc638, 0x0841, 0x0000, 0x0841, 0xffff, 0xffff, 0xffff, 0xffff, 0xffff, 0xffff, 0xffff,
    0xffff, 0xffff, 0xffff, 0xffff, 0xffff, 0xffff, 0xffff, 0xffff, 0xffff, 0xffff, 0xffff, 0xffff,
    0xffff, 0xffff, 0xffff, 0xffff, 0xffff, 0xc638, 0x0841, 0x0000, 0x0841, 0xffff, 0xffff, 0xffff,
    0xffff, 0xffff, 0xffff, 0xffff, 0xffff, 0xffff, 0xffff, 0xffff, 0xffff, 0xffff, 0xffff, 0xffff,
    0xffff, 0xffff, 0xffff, 0xffff, 0xffff, 0xffff, 0xffff, 0xffff, 0xffff, 0xc638, 0x0841, 0x0000,
    0x0841, 0xffff, 0xffff, 0xffff, 0xffff, 0xffff, 0xffff, 0xffff, 0xffff, 0xffff, 0xffff, 0xffff,
    0xffff, 0xffff, 0xffff, 0xffff, 0xffff, 0xffff, 0xffff, 0xffff, 0xffff, 0xffff, 0xffff, 0xffff,
    0xffff, 0xc638, 0x0841, 0x0000, 0xfd00, 0x03ff, 0x03ff, 0x03ff, 0x03ff, 0x03ff, 0x03ff, 0x03ff,
    0x03ff, 0x03ff, 0x03ff, 0x03ff, 0x03ff, 0x03ff, 0x03ff, 0x03ff, 0x03ff, 0x03ff, 0x03ff, 0x03ff,
    0x03ff, 0x03ff, 0x03ff, 0x03ff, 0x03ff, 0x03ff, 0x03ff, 0xfd00, 0x0841, 0xffff, 0xffff, 0xffff,
    0xc638, 0xc638, 0xc638, 0xc638, 0xc638, 0xc638, 0xc638, 0xc638, 0xc638, 0xc638, 0xc638, 0xc638,
    0xc638, 0xc638, 0xc638, 0xc638, 0xc638, 0xc638, 0xc638, 0xc638, 0xc638, 0x52aa, 0x52aa, 0x0841,
    0x0841, 0xffff, 0xffff, 0xffff, 0xc638, 0xc638, 0xc638, 0xc638, 0xc638, 0xc638, 0xc638, 0xc638,
    0xc638, 0xc638, 0xc638, 0xc638, 0xc638, 0xc638, 0xc638, 0xc638, 0xc638, 0xc638, 0xc638, 0xc638,
    0xc638, 0x52aa, 0x52aa, 0x0841, 0x0841, 0xffff, 0xffff, 0xffff, 0xc638, 0xc638, 0xc638, 0xc638,
    0xc638, 0xc638, 0xc638, 0xc638, 0xc638, 0xc638, 0xc638, 0xc638, 0xc638, 0xc638, 0xc638, 0xc638,
    0xc638, 0xc638, 0xc638, 0xc638, 0xc638, 0x52aa, 0x52aa, 0x0841, 0x0841, 0xffff, 0xffff, 0xffff,
    0xc638, 0xc638, 0xc638, 0xc638, 0xc638, 0xc638, 0xc638, 0xc638, 0xc638, 0xc638, 0xc638, 0xc638,
    0xc638, 0xc638, 0xc638, 0xc638, 0xc638, 0xc638, 0xc638, 0xc638, 0xc638, 0x52aa, 0x52aa, 0x0841,
    0x0841, 0xffff, 0xffff, 0xffff, 0xc638, 0xc638, 0xc638, 0xc638, 0xc638, 0xc638, 0xc638, 0xc638,
    0xc638, 0xc638, 0xc638, 0xc638, 0xc638, 0xc638, 0xc638, 0xc638, 0xc638, 0xc638, 0xc638, 0xc638,
    0xc638, 0x52aa, 0x52aa, 0x0841, 0x0841, 0xffff, 0xffff, 0xffff, 0xc638, 0xc638, 0xc638, 0xc638,
    0xc638, 0xc638, 0xc638, 0xc638, 0xc638, 0xc638, 0xc638, 0xc638, 0xc638, 0xc638, 0xc638, 0xc638,
    0xc638, 0xc638, 0xc638, 0xc638, 0xc638, 0x52aa, 0x52aa, 0x0841, 0xfd00, 0x03ff, 0x03ff, 0x03ff,
    0x03ff, 0x03ff, 0x03ff, 0x03ff, 0x03ff, 0x03ff, 0x03ff, 0x03ff, 0x03ff, 0x03ff, 0x03ff, 0x03ff,
    0x03ff, 0x03ff, 0x03ff, 0x03ff, 0x03ff, 0x03ff, 0x03ff, 0x03ff, 0x03ff, 0x03ff, 0x03ff, 0xfd00,
    0x0841, 0xffff, 0xffff, 0xc638, 0xc638, 0xc638, 0xc638, 0xc638, 0xc638, 0xc638, 0xc638, 0xc638,
    0xc638, 0xc638, 0xc638, 0xc638, 0xc638, 0xc638, 0xc638, 0xc638, 0xc638, 0xc638, 0xc638, 0xc638,
    0xc638, 0x52aa, 0x52aa, 0x0841, 0x0841, 0xffff, 0xffff, 0xc638, 0xc638, 0xc638, 0xc638, 0xc638,
    0xc638, 0xc638, 0xc638, 0xc638, 0xc638, 0xc638, 0xc638, 0xc638, 0xc638, 0xc638, 0xc638, 0xc638,
    0xc638, 0xc638, 0xc638, 0xc638, 0xc638, 0x52aa, 0x52aa, 0x0841, 0x0841, 0xffff, 0xffff, 0xc638,
    0xc638, 0xc638, 0xc638, 0xc638, 0xc638, 0xc638, 0xc638, 0xc638, 0xc638, 0xc638, 0xc638, 0xc638,
    0xc638, 0xc638, 0xc638, 0xc638, 0xc638, 0xc638, 0xc638, 0xc638, 0xc638, 0x52aa, 0x52aa, 0x0841,
    0x0841, 0xffff, 0xffff, 0xc638, 0xc638, 0xc638, 0xc638, 0xc638, 0xc638, 0xc638, 0xc638, 0xc638,
    0xc638, 0xc638, 0xc638, 0xc638, 0xc638, 0xc638, 0xc638, 0xc638, 0xc638, 0xc638, 0xc638, 0xc638,
    0xc638, 0x52aa, 0x52aa, 0x0841, 0x0841, 0xffff, 0xffff, 0xc638, 0xc638, 0xc638, 0xc638, 0xc638,
    0xc638, 0xc638, 0xc638, 0xc638, 0xc638, 0xc638, 0xc638, 0xc638, 0xc638, 0xc638, 0xc638, 0xc638,
    0xc638, 0xc638, 0xc638, 0xc638, 0xc638, 0x52aa, 0x52aa, 0x0841, 0x0841, 0xffff, 0xffff, 0xc638,
    0xc638, 0xc638, 0xc638, 0xc638, 0xc638, 0xc638, 0xc638, 0xc638, 0xc638, 0xc638, 0xc638, 0xc638,
    0xc638, 0xc638, 0xc638, 0xc638, 0xc638, 0xc638, 0xc638, 0xc638, 0xc638, 0x52aa, 0x52aa, 0x0841,
    0xfd00, 0x03ff, 0x03ff, 0x03ff, 0x03ff, 0x03ff, 0x03ff, 0x03ff, 0x03ff, 0x03ff, 0x03ff, 0x03ff,
    0x03ff, 0x03ff, 0x03ff, 0x03ff, 0x03ff, 0x03ff, 0x03ff, 0x03ff, 0x03ff, 0x03ff, 0x03ff, 0x03ff,
    0x03ff, 0x03ff, 0x03ff, 0xfd00, 0x0841, 0xffff, 0xffff, 0xc638, 0xc638, 0xc638, 0xc638, 0xc638,
    0xc638, 0xc638, 0xc638, 0xc638, 0xc638, 0xc638, 0xc638, 0xc638, 0xc638, 0xc638, 0xc638, 0xc638,
    0xc638, 0xc638, 0xc638, 0xc638, 0xc638, 0x52aa, 0x52aa, 0x0841, 0x0841, 0xffff, 0xffff, 0xc638,
    0xc638, 0xc638, 0xc638, 0xc638, 0xc638, 0xc638, 0xc638, 0xc638, 0xc638, 0xc638, 0xc638, 0xc638,
    0xc638, 0xc638, 0xc638, 0xc638, 0xc638, 0xc638, 0xc638, 0xc638, 0xc638, 0x52aa, 0x52aa, 0x0841,
    0x0841, 0xffff, 0xffff, 0xc638, 0xc638, 0xc638, 0xc638, 0xc638, 0xc638, 0xc638, 0xc638, 0xc638,
    0xc638, 0xc638, 0xc638, 0xc638, 0xc638, 0xc638, 0xc638, 0xc638, 0xc638, 0xc638, 0xc638, 0xc638,
    0xc638, 0x52aa, 0x52aa, 0x0841, 0x0841, 0xffff, 0xffff, 0xc638, 0xc638, 0xc638, 0xc638, 0xc638,
    0xc638, 0xc638, 0xc638, 0xc638, 0xc638, 0xc638, 0xc638, 0xc638, 0xc638, 0xc638, 0xc638, 0xc638,
    0xc638, 0xc638, 0xc638, 0xc638, 0xc638, 0x52aa, 0x52aa, 0x0841, 0x0841, 0xffff, 0xffff, 0xc638,
    0xc638, 0xc638, 0xc638, 0xc638, 0xc638, 0xc638, 0xc638, 0xc638, 0xc638, 0xc638, 0xc638, 0xc638,
    0xc638, 0xc638, 0xc638, 0xc638, 0xc638, 0xc638, 0xc638, 0xc638, 0xc638, 0x52aa, 0x52aa, 0x0841,
    0x0841, 0xffff, 0xffff, 0xc638, 0xc638, 0xc638, 0xc638, 0xc638, 0xc638, 0xc638, 0xc638, 0xc638,
    0xc638, 0xc638, 0xc638, 0xc638, 0xc638, 0xc638, 0xc638, 0xc638, 0xc638, 0xc638, 0xc638, 0xc638,
    0xc638, 0x52aa, 0x52aa, 0x0841, 0xfd00, 0x03ff, 0x03ff, 0x03ff, 0x03ff, 0x03ff, 0x03ff, 0x03ff,
    0x03ff, 0x03ff, 0x03ff, 0x03ff, 0x03ff, 0x03ff, 0x03ff, 0x03ff, 0x03ff, 0x03ff, 0x03ff, 0x03ff,
    0x03ff, 0x03ff, 0x03ff, 0x03ff, 0x03ff, 0x03ff, 0x03ff, 0xfd00, 0x0841, 0xffff, 0xffff, 0xc638,
    0xc638, 0xc638, 0xc638, 0xc638, 0xc638, 0xc638, 0xc638, 0xc638, 0xc638, 0xc638, 0xc638, 0xc638,
    0xc638, 0xc638, 0xc638, 0xc638, 0xc638, 0xc638, 0xc638, 0xc638, 0xc638, 0x52aa, 0x52aa, 0x0841,
    0x0841, 0xffff, 0xffff, 0xc638, 0xc638, 0xc638, 0xc638, 0xc638, 0xc638, 0xc638, 0xc638, 0xc638,
    0xc638, 0xc638, 0xc638, 0xc638, 0xc638, 0xc638, 0xc638, 0xc638, 0xc638, 0xc638, 0xc638, 0xc638,
    0xc638, 0x52aa, 0x52aa, 0x0841, 0x0841, 0xffff, 0xffff, 0xc638, 0xc638, 0xc638, 0xc638, 0xc638,
    0xc638, 0xc638, 0xc638, 0xc638, 0xc638, 0xc638, 0xc638, 0xc638, 0xc638, 0xc638, 0xc638, 0xc638,
    0xc638, 0xc638, 0xc638, 0xc638, 0xc638, 0x52aa, 0x52aa, 0x0841, 0x0841, 0xffff, 0xffff, 0xc638,
    0xc638, 0xc638, 0xc638, 0xc638, 0xc638, 0xc638, 0xc638, 0xc638, 0xc638, 0xc638, 0xc638, 0xc638,
    0xc638, 0xc638, 0xc638, 0xc638, 0xc638, 0xc638, 0xc638, 0xc638, 0xc638, 0x52aa, 0x52aa, 0x0841,
    0x0841, 0xffff, 0xffff, 0xc638, 0xc638, 0xc638, 0xc638, 0xc638, 0xc638, 0xc638, 0xc638, 0xc638,
    0xc638, 0xc638, 0xc638, 0xc638, 0xc638, 0xc638, 0xc638, 0xc638, 0xc638, 0xc638, 0xc638, 0xc638,
    0xc638, 0x52aa, 0x52aa, 0x0841, 0x0841, 0xffff, 0xffff, 0xc638, 0xc638, 0xc638, 0xc638, 0xc638,
    0xc638, 0xc638, 0xc638, 0xc638, 0xc638, 0xc638, 0xc638, 0xc638, 0xc638, 0xc638, 0xc638, 0xc638,
    0xc638, 0xc638, 0xc638, 0xc638, 0xc638, 0x52aa, 0x52aa, 0x0841, 0xfd00, 0x03ff, 0x03ff, 0x03ff,
    0x03ff, 0x03ff, 0x03ff, 0x03ff, 0x03ff, 0x03ff, 0x03ff, 0x03ff, 0x03ff, 0x03ff, 0x03ff, 0x03ff,
    0x03ff, 0x03ff, 0x03ff, 0x03ff, 0x03ff, 0x03ff, 0x03ff, 0x03ff, 0x03ff, 0x03ff, 0x03ff, 0xfd00,
    0x0841, 0xffff, 0xffff, 0xc638, 0xc638, 0xc638, 0xc638, 0xc638, 0xc638, 0xc638, 0xc638, 0xc638,
    0xc638, 0xc638, 0xc638, 0xc638, 0xc638, 0xc638, 0xc638, 0xc638, 0xc638, 0xc638, 0xc638, 0xc638,
    0xc638, 0x52aa, 0x52aa, 0x0841, 0x0841, 0xffff, 0xffff, 0xc638, 0xc638, 0xc638, 0xc638, 0xc638,
    0xc638, 0xc638, 0xc638, 0xc638, 0xc638, 0xc638, 0xc638, 0xc638, 0xc638, 0xc638, 0xc638, 0xc638,
    0xc638, 0xc638, 0xc638, 0xc638, 0xc638, 0x52aa, 0x52aa, 0x0841, 0x0841, 0xffff, 0xffff, 0xc638,
    0xc638, 0xc638, 0xc638, 0xc638, 0xc638, 0xc638, 0xc638, 0xc638, 0xc638, 0xc638, 0xc638, 0xc638,
    0xc638, 0xc638, 0xc638, 0xc638, 0xc638, 0xc638, 0xc638, 0xc638, 0xc638, 0x52aa, 0x52aa, 0x0841,
    0x0841, 0xffff, 0xffff, 0xc638, 0xc638, 0xc638, 0xc638, 0xc638, 0xc638, 0xc638, 0xc638, 0xc638,
    0xc638, 0xc638, 0xc638, 0xc638, 0xc638, 0xc638, 0xc638, 0xc638, 0xc638, 0xc638, 0xc638, 0xc638,
    0xc638, 0x52aa, 0x52aa, 0x0841, 0x0841, 0xffff, 0xffff, 0xc638, 0xc638, 0xc638, 0xc638, 0xc638,
    0xc638, 0xc638, 0xc638, 0xc638, 0xc638, 0xc638, 0xc638, 0xc638, 0xc638, 0xc638, 0xc638, 0xc638,
    0xc638, 0xc638, 0xc638, 0xc638, 0xc638, 0x52aa, 0x52aa, 0x0841, 0x0841, 0xffff, 0xffff, 0xc638,
    0xc638, 0xc638, 0xc638, 0xc638, 0xc638, 0xc638, 0xc638, 0xc638, 0xc638, 0xc638, 0xc638, 0xc638,
    0xc638, 0xc638, 0xc638, 0xc638, 0xc638, 0xc638, 0xc638, 0xc638, 0xc638, 0x52aa, 0x52aa, 0x0841,
    0xfd00, 0x03ff, 0x03ff, 0x03ff, 0x03ff, 0x03ff, 0x03ff, 0x03ff, 0x03ff, 0x03ff, 0x03ff, 0x03ff,
    0x03ff, 0x03ff, 0x03ff, 0x03ff, 0x03ff, 0x03ff, 0x03ff, 0x03ff, 0x03ff, 0x03ff, 0x03ff, 0x03ff,
    0x03ff, 0x03ff, 0x03ff, 0xfd00, 0x0841, 0xffff, 0xffff, 0xc638, 0xc638, 0xc638, 0xc638, 0xc638,
    0xc638, 0xc638, 0xc638, 0xc638, 0xc638, 0xc638, 0xc638, 0xc638, 0xc638, 0xc638, 0xc638, 0xc638,
    0xc638, 0xc638, 0xc638, 0xc638, 0xc638, 0x52aa, 0x52aa, 0x0841, 0x0841, 0xffff, 0xffff, 0xc638,
    0xc638, 0xc638, 0xc638, 0xc638, 0xc638, 0xc638, 0xc638, 0xc638, 0xc638, 0xc638, 0xc638, 0xc638,
    0xc638, 0xc638, 0xc638, 0xc638, 0xc638, 0xc638, 0xc638, 0xc638, 0xc638, 0x52aa, 0x52aa, 0x0841,
    0x0841, 0xffff, 0xffff, 0xc638, 0xc638, 0xc638, 0xc638, 0xc638, 0xc638, 0xc638, 0xc638, 0xc638,
    0xc638, 0xc638, 0xc638, 0xc638, 0xc638, 0xc638, 0xc638, 0xc638, 0xc638, 0xc638, 0xc638, 0xc638,
    0xc638, 0x52aa, 0x52aa, 0x0841, 0x0841, 0xffff, 0xffff, 0xc638, 0xc638, 0xc638, 0xc638, 0xc638,
    0xc638, 0xc638, 0xc638, 0xc638, 0xc638, 0xc638, 0xc638, 0xc638, 0xc638, 0xc638, 0xc638, 0xc638,
    0xc638, 0xc638, 0xc638, 0xc638, 0xc638, 0x52aa, 0x52aa, 0x0841, 0x0841, 0xffff, 0xffff, 0xc638,
    0xc638, 0xc638, 0xc638, 0xc638, 0xc638, 0xc638, 0xc638, 0xc638, 0xc638, 0xc638, 0xc638, 0xc638,
    0xc638, 0xc638, 0xc638, 0xc638, 0xc638, 0xc638, 0xc638, 0xc638, 0xc638, 0x52aa, 0x52aa, 0x0841,
    0x0841, 0xffff, 0xffff, 0xc638, 0xc638, 0xc638, 0xc638, 0xc638, 0xc638, 0xc638, 0xc638, 0xc638,
    0xc638, 0xc638, 0xc638, 0xc638, 0xc638, 0xc638, 0xc638, 0xc638, 0xc638, 0xc638, 0xc638, 0xc638,
    0xc638, 0x52aa, 0x52aa, 0x0841, 0xfd00, 0x03ff, 0x03ff, 0x03ff, 0x03ff, 0x03ff, 0x03ff, 0x03ff,
    0x03ff, 0x03ff, 0x03ff, 0x03ff, 0x03ff, 0x03ff, 0x03ff, 0x03ff, 0x03ff, 0x03ff, 0x03ff, 0x03ff,
    0x03ff, 0x03ff, 0x03ff, 0x03ff, 0x03ff, 0x03ff, 0x03ff, 0xfd00, 0x0841, 0xffff, 0xffff, 0xc638,
    0xc638, 0xc638, 0xc638, 0xc638, 0xc638, 0xc638, 0xc638, 0xc638, 0xc638, 0xc638, 0xc638, 0xc638,
    0xc638, 0xc638, 0xc638, 0xc638, 0xc638, 0xc638, 0xc638, 0xc638, 0xc638, 0x52aa, 0x52aa, 0x0841,
    0x0841, 0xffff, 0xffff, 0xc638, 0xc638, 0xc638, 0xc638, 0xc638, 0xc638, 0xc638, 0xc638, 0xc638,
    0xc638, 0xc638, 0xc638, 0xc638, 0xc638, 0xc638, 0xc638, 0xc638, 0xc638, 0xc638, 0xc638, 0xc638,
    0xc638, 0x52aa, 0x52aa, 0x0841, 0x0841, 0xffff, 0xffff, 0xc638, 0xc638, 0xc638, 0xc638, 0xc638,
    0xc638, 0xc638, 0xc638, 0xc638, 0xc638, 0xc638, 0xc638, 0xc638, 0xc638, 0xc638, 0xc638, 0xc638,
    0xc638, 0xc638, 0xc638, 0xc638, 0xc638, 0x52aa, 0x52aa, 0x0841, 0x0841, 0xffff, 0xffff, 0xc638,
    0xc638, 0xc638, 0xc638, 0xc638, 0xc638, 0xc638, 0xc638, 0xc638, 0xc638, 0xc638, 0xc638, 0xc638,
    0xc638, 0xc638, 0xc638, 0xc638, 0xc638, 0xc638, 0xc638, 0xc638, 0xc638, 0x52aa, 0x52aa, 0x0841,
    0x0841, 0xffff, 0xffff, 0xc638, 0xc638, 0xc638, 0xc638, 0xc638, 0xc638, 0xc638, 0xc638, 0xc638,
    0xc638, 0xc638, 0xc638, 0xc638, 0xc638, 0xc638, 0xc638, 0xc638, 0xc638, 0xc638, 0xc638, 0xc638,
    0xc638, 0x52aa, 0x52aa, 0x0841, 0x0841, 0xffff, 0xffff, 0xc638, 0xc638, 0xc638, 0xc638, 0xc638,
    0xc638, 0xc638, 0xc638, 0xc638, 0xc638, 0xc638, 0xc638, 0xc638, 0xc638, 0xc638, 0xc638, 0xc638,
    0xc638, 0xc638, 0xc638, 0xc638, 0xc638, 0x52aa, 0x52aa, 0x0841, 0xfd00, 0x03ff, 0x03ff, 0x03ff,
    0x03ff, 0x03ff, 0x03ff, 0x03ff, 0x03ff, 0x03ff, 0x03ff, 0x03ff, 0x03ff, 0x03ff, 0x03ff, 0x03ff,
    0x03ff, 0x03ff, 0x03ff, 0x03ff, 0x03ff, 0x03ff, 0x03ff, 0x03ff, 0x03ff, 0x03ff, 0x03ff, 0xfd00,
    0x0841, 0xffff, 0xffff, 0xc638, 0xc638, 0xc638, 0xc638, 0xc638, 0xc638, 0xc638, 0xc638, 0xc638,
    0xc638, 0xc638, 0xc638, 0xc638, 0xc638, 0xc638, 0xc638, 0xc638, 0xc638, 0xc638, 0xc638, 0xc638,
    0xc638, 0x52aa, 0x52aa, 0x0841, 0x0841, 0xffff, 0xffff, 0xc638, 0xc638, 0xc638, 0xc638, 0xc638,
    0xc638, 0xc638, 0xc638, 0xc638, 0xc638, 0xc638, 0xc638, 0xc638, 0xc638, 0xc638, 0xc638, 0xc638,
    0xc638, 0xc638, 0xc638, 0xc638, 0xc638, 0x52aa, 0x52aa, 0x0841, 0x0841, 0xffff, 0xffff, 0xc638,
    0xc638, 0xc638, 0xc638, 0xc638, 0xc638, 0xc638, 0xc638, 0xc638, 0xc638, 0xc638, 0xc638, 0xc638,
    0xc638, 0xc638, 0xc638, 0xc638, 0xc638, 0xc638, 0xc638, 0xc638, 0xc638, 0x52aa, 0x52aa, 0x0841,
    0x0841, 0xffff, 0xffff, 0xc638, 0xc638, 0xc638, 0xc638, 0xc638, 0xc638, 0xc638, 0xc638, 0xc638,
    0xc638, 0xc638, 0xc638, 0xc638, 0xc638, 0xc638, 0xc638, 0xc638, 0xc638, 0xc638, 0xc638, 0xc638,
    0xc638, 0x52aa, 0x52aa, 0x0841, 0x0841, 0xffff, 0xffff, 0xc638, 0xc638, 0xc638, 0xc638, 0xc638,
    0xc638, 0xc638, 0xc638, 0xc638, 0xc638, 0xc638, 0xc638, 0xc638, 0xc638, 0xc638, 0xc638, 0xc638,
    0xc638, 0xc638, 0xc638, 0xc638, 0xc638, 0x52aa, 0x52aa, 0x0841, 0x0841, 0xffff, 0xffff, 0xc638,
    0xc638, 0xc638, 0xc638, 0xc638, 0xc638, 0xc638, 0xc638, 0xc638, 0xc638, 0xc638, 0xc638, 0xc638,
    0xc638, 0xc638, 0xc638, 0xc638, 0xc638, 0xc638, 0xc638, 0xc638, 0xc638, 0x52aa, 0x52aa, 0x0841,
    0xfd00, 0x03ff, 0x03ff, 0x03ff, 0x03ff, 0x03ff, 0x03ff, 0x03ff, 0x03ff, 0x03ff, 0x03ff, 0x03ff,
    0x03ff, 0x03ff, 0x03ff, 0x03ff, 0x03ff, 0x03ff, 0x03ff, 0x03ff, 0x03ff, 0x03ff, 0x03ff, 0x03ff,
    0x03ff, 0x03ff, 0x03ff, 0xfd00, 0x0841, 0xffff, 0xffff, 0xc638, 0xc638, 0xc638, 0xc638, 0xc638,
    0xc638, 0xc638, 0xc638, 0xc638, 0xc638, 0xc638, 0xc638, 0xc638, 0xc638, 0xc638, 0xc638, 0xc638,
    0xc638, 0xc638, 0xc638, 0xc638, 0xc638, 0x52aa, 0x52aa, 0x0841, 0x0841, 0xffff, 0xffff, 0xc638,
    0xc638, 0xc638, 0xc638, 0xc638, 0xc638, 0xc638, 0xc638, 0xc638, 0xc638, 0xc638, 0xc638, 0xc638,
    0xc638, 0xc638, 0xc638, 0xc638, 0xc638, 0xc638, 0xc638, 0xc638, 0xc638, 0x52aa, 0x52aa, 0x0841,
    0x0841, 0xffff, 0xffff, 0xc638, 0xc638, 0xc638, 0xc638, 0xc638, 0xc638, 0xc638, 0xc638, 0xc638,
    0xc638, 0xc638, 0xc638, 0xc638, 0xc638, 0xc638, 0xc638, 0xc638, 0xc638, 0xc638, 0xc638, 0xc638,
    0xc638, 0x52aa, 0x52aa, 0x0841, 0x0841, 0xffff, 0xffff, 0xc638, 0xc638, 0xc638, 0xc638, 0xc638,
    0xc638, 0xc638, 0xc638, 0xc638, 0xc638, 0xc638, 0xc638, 0xc638, 0xc638, 0xc638, 0xc638, 0xc638,
    0xc638, 0xc638, 0xc638, 0xc638, 0xc638, 0x52aa, 0x52aa, 0x0841, 0x0841, 0xffff, 0xffff, 0xc638,
    0xc638, 0xc638, 0xc638, 0xc638, 0xc638, 0xc638, 0xc638, 0xc638, 0xc638, 0xc638, 0xc638, 0xc638,
    0xc638, 0xc638, 0xc638, 0xc638, 0xc638, 0xc638, 0xc638, 0xc638, 0xc638, 0x52aa, 0x52aa, 0x0841,
    0x0841, 0xffff, 0xffff, 0xc638, 0xc638, 0xc638, 0xc638, 0xc638, 0xc638, 0xc638, 0xc638, 0xc638,
    0xc638, 0xc638, 0xc638, 0xc638, 0xc638, 0xc638, 0xc638, 0xc638, 0xc638, 0xc638, 0xc638, 0xc638,
    0xc638, 0x52aa, 0x52aa, 0x0841, 0xfd00, 0x03ff, 0x03ff, 0x03ff, 0x03ff, 0x03ff, 0x0841, 0x0841,
    0x0841, 0x03ff, 0x0841, 0x0841, 0x0841, 0x0841, 0x0841, 0x0841, 0x03ff, 0x0841, 0x0841, 0x0841,
    0x03ff, 0x03ff, 0x03ff, 0x03ff, 0x03ff, 0x03ff, 0x03ff, 0xfd00, 0x0841, 0xffff, 0xffff, 0xc638,
    0xc638, 0xc638, 0xc638, 0xc638, 0xc638, 0xc638, 0xc638, 0xc638, 0xc638, 0xc638, 0xc638, 0xc638,
    0xc638, 0xc638, 0xc638, 0xc638, 0xc638, 0xc638, 0xc638, 0xc638, 0xc638, 0x52aa, 0x52aa, 0x0841,
    0x0841, 0xffff, 0xffff, 0xc638, 0xc638, 0xc638, 0xc638, 0xc638, 0xc638, 0xc638, 0xc638, 0xc638,
    0xc638, 0xc638, 0xc638, 0xc638, 0xc638, 0xc638, 0xc638, 0xc638, 0xc638, 0xc638, 0xc638, 0xc638,
    0xc638, 0x52aa, 0x52aa, 0x0841, 0x0841, 0xffff, 0xffff, 0xc638, 0xc638, 0xc638, 0xc638, 0xc638,
    0xc638, 0xc638, 0xc638, 0xc638, 0xc638, 0xc638, 0xc638, 0xc638, 0xc638, 0xc638, 0xc638, 0xc638,
    0xc638, 0xc638, 0xc638, 0xc638, 0xc638, 0x52aa, 0x52aa, 0x0841, 0x0841, 0xffff, 0xffff, 0xc638,
    0xc638, 0xc638, 0xc638, 0xc638, 0xc638, 0xc638, 0xc638, 0xc638, 0xc638, 0xc638, 0xc638, 0xc638,
    0xc638, 0xc638, 0xc638, 0xc638, 0xc638, 0xc638, 0xc638, 0xc638, 0xc638, 0x52aa, 0x52aa, 0x0841,
    0x0841, 0xffff, 0xffff, 0xc638, 0xc638, 0xc638, 0xc638, 0xc638, 0xc638, 0xc638, 0xc638, 0xc638,
    0xc638, 0xc638, 0xc638, 0xc638, 0xc638, 0xc638, 0xc638, 0xc638, 0xc638, 0xc638, 0xc638, 0xc638,
    0xc638, 0x52aa, 0x52aa, 0x0841, 0x0841, 0xffff, 0xffff, 0xc638, 0xc638, 0xc638, 0xc638, 0xc638,
    0xc638, 0xc638, 0xc638, 0xc638, 0xc638, 0xc638, 0xc638, 0xc638, 0xc638, 0xc638, 0xc638, 0xc638,
    0xc638, 0xc638, 0xc638, 0xc638, 0xc638, 0x52aa, 0x52aa, 0x0841, 0xfd00, 0x03ff, 0x03ff, 0x03ff,
    0x03ff, 0x0841, 0x03ff, 0x03ff, 0x0841, 0x03ff, 0x03ff, 0x0841, 0x03ff, 0x03ff, 0x03ff, 0x0841,
    0x03ff, 0x03ff, 0x0841, 0x03ff, 0x03ff, 0x03ff, 0x03ff, 0x03ff, 0x03ff, 0x03ff, 0x03ff, 0xfd00,
    0x0841, 0xffff, 0xffff, 0xc638, 0xc638, 0xc638, 0xc638, 0xc638, 0xc638, 0xc638, 0xc638, 0xc638,
    0xc638, 0xc638, 0xc638, 0xc638, 0xc638, 0xc638, 0xc638, 0xc638, 0xc638, 0xc638, 0xc638, 0xc638,
    0xc638, 0x52aa, 0x52aa, 0x0841, 0x0841, 0xffff, 0xffff, 0xc638, 0xc638, 0xc638, 0xc638, 0xc638,
    0xc638, 0xc638, 0xc638, 0xc638, 0xc638, 0xc638, 0xc638, 0xc638, 0xc638, 0xc638, 0xc638, 0xc638,
    0xc638, 0xc638, 0xc638, 0xc638, 0xc638, 0x52aa, 0x52aa, 0x0841, 0x0841, 0xffff, 0xffff, 0xc638,
    0xc638, 0xc638, 0xc638, 0xc638, 0xc638, 0xc638, 0xc638, 0xc638, 0xc638, 0xc638, 0xc638, 0xc638,
    0xc638, 0xc638, 0xc638, 0xc638, 0xc638, 0xc638, 0xc638, 0xc638, 0xc638, 0x52aa, 0x52aa, 0x0841,
    0x0841, 0xffff, 0xffff, 0xc638, 0xc638, 0xc638, 0xc638, 0xc638, 0xc638, 0xc638, 0xc638, 0xc638,
    0xc638, 0xc638, 0xc638, 0xc638, 0xc638, 0xc638, 0xc638, 0xc638, 0xc638, 0xc638, 0xc638, 0xc638,
    0xc638, 0x52aa, 0x52aa, 0x0841, 0x0841, 0xffff, 0xffff, 0xc638, 0xc638, 0xc638, 0xc638, 0xc638,
    0xc638, 0xc638, 0xc638, 0xc638, 0xc638, 0xc638, 0xc638, 0xc638, 0xc638, 0xc638, 0xc638, 0xc638,
    0xc638, 0xc638, 0xc638, 0xc638, 0xc638, 0x52aa, 0x52aa, 0x0841, 0x0841, 0xffff, 0xffff, 0xc638,
    0xc638, 0xc638, 0xc638, 0xc638, 0xc638, 0xc638, 0xc638, 0xc638, 0xc638, 0xc638, 0xc638, 0xc638,
    0xc638, 0xc638, 0xc638, 0xc638, 0xc638, 0xc638, 0xc638, 0xc638, 0xc638, 0x52aa, 0x52aa, 0x0841,
    0xfd00, 0x03ff, 0x03ff, 0x03ff, 0x03ff, 0x0841, 0x03ff, 0x03ff, 0x03ff, 0x03ff, 0x03ff, 0x0841,
    0x03ff, 0x0841, 0x03ff, 0x03ff, 0x03ff, 0x03ff, 0x0841, 0x03ff, 0x03ff, 0x03ff, 0x03ff, 0x03ff,
    0x03ff, 0x03ff, 0x03ff, 0xfd00, 0x0841, 0xffff, 0xffff, 0xc638, 0xc638, 0xc638, 0xc638, 0xc638,
    0xc638, 0xc638, 0xc638, 0xc638, 0xc638, 0xc638, 0xc638, 0xc638, 0xc638, 0xc638, 0xc638, 0xc638,
    0xc638, 0xc638, 0xc638, 0xc638, 0xc638, 0x52aa, 0x52aa, 0x0841, 0x0841, 0xffff, 0xffff, 0xc638,
    0xc638, 0xc638, 0xc638, 0xc638, 0xc638, 0xc638, 0xc638, 0xc638, 0xc638, 0xc638, 0xc638, 0xc638,
    0xc638, 0xc638, 0xc638, 0xc638, 0xc638, 0xc638, 0xc638, 0xc638, 0xc638, 0x52aa, 0x52aa, 0x0841,
    0x0841, 0xffff, 0xffff, 0xc638, 0xc638, 0xc638, 0xc638, 0xc638, 0xc638, 0xc638, 0xc638, 0xc638,
    0xc638, 0xc638, 0xc638, 0xc638, 0xc638, 0xc638, 0xc638, 0xc638, 0xc638, 0xc638, 0xc638, 0xc638,
    0xc638, 0x52aa, 0x52aa, 0x0841, 0x0841, 0xffff, 0xffff, 0xc638, 0xc638, 0xc638, 0xc638, 0xc638,
    0xc638, 0xc638, 0xc638, 0xc638, 0xc638, 0xc638, 0xc638, 0xc638, 0xc638, 0xc638, 0xc638, 0xc638,
    0xc638, 0xc638, 0xc638, 0xc638, 0xc638, 0x52aa, 0x52aa, 0x0841, 0x0841, 0xffff, 0xffff, 0xc638,
    0xc638, 0xc638, 0xc638, 0xc638, 0xc638, 0xc638, 0xc638, 0xc638, 0xc638, 0xc638, 0xc638, 0xc638,
    0xc638, 0xc638, 0xc638, 0xc638, 0xc638, 0xc638, 0xc638, 0xc638, 0xc638, 0x52aa, 0x52aa, 0x0841,
    0x0841, 0xffff, 0xffff, 0xc638, 0xc638, 0xc638, 0xc638, 0xc638, 0xc638, 0xc638, 0xc638, 0xc638,
    0xc638, 0xc638, 0xc638, 0xc638, 0xc638, 0xc638, 0xc638, 0xc638, 0xc638, 0xc638, 0xc638, 0xc638,
    0xc638, 0x52aa, 0x52aa, 0x0841, 0xfd00, 0x03ff, 0x03ff, 0x03ff, 0x03ff, 0x03ff, 0x0841, 0x03ff,
    0x03ff, 0x03ff, 0x03ff, 0x0841, 0x0841, 0x0841, 0x03ff, 0x03ff, 0x03ff, 0x03ff, 0x0841, 0x03ff,
    0x03ff, 0x03ff, 0x03ff, 0x03ff, 0x03ff, 0x03ff, 0x03ff, 0xfd00, 0x0841, 0xffff, 0xffff, 0xc638,
    0xc638, 0xc638, 0xc638, 0xc638, 0xc638, 0xc638, 0xc638, 0xc638, 0xc638, 0xc638, 0xc638, 0xc638,
    0xc638, 0xc638, 0xc638, 0xc638, 0xc638, 0xc638, 0xc638, 0xc638, 0xc638, 0x52aa, 0x52aa, 0x0841,
    0x0841, 0xffff, 0xffff, 0xc638, 0xc638, 0xc638, 0xc638, 0xc638, 0xc638, 0xc638, 0xc638, 0xc638,
    0xc638, 0xc638, 0xc638, 0xc638, 0xc638, 0xc638, 0xc638, 0xc638, 0xc638, 0xc638, 0xc638, 0xc638,
    0xc638, 0x52aa, 0x52aa, 0x0841, 0x0841, 0xffff, 0xffff, 0xc638, 0xc638, 0xc638, 0xc638, 0xc638,
    0xc638, 0xc638, 0xc638, 0xc638, 0xc638, 0xc638, 0xc638, 0xc638, 0xc638, 0xc638, 0xc638, 0xc638,
    0xc638, 0xc638, 0xc638, 0xc638, 0xc638, 0x52aa, 0x52aa, 0x0841, 0x0841, 0xffff, 0xffff, 0xc638,
    0xc638, 0xc638, 0xc638, 0xc638, 0xc638, 0xc638, 0xc638, 0xc638, 0xc638, 0xc638, 0xc638, 0xc638,
    0xc638, 0xc638, 0xc638, 0xc638, 0xc638, 0xc638, 0xc638, 0xc638, 0xc638, 0x52aa, 0x52aa, 0x0841,
    0x0841, 0xffff, 0xffff, 0xc638, 0xc638, 0xc638, 0xc638, 0xc638, 0xc638, 0xc638, 0xc638, 0xc638,
    0xc638, 0xc638, 0xc638, 0xc638, 0xc638, 0xc638, 0xc638, 0xc638, 0xc638, 0xc638, 0xc638, 0xc638,
    0xc638, 0x52aa, 0x52aa, 0x0841, 0x0841, 0xffff, 0xffff, 0xc638, 0xc638, 0xc638, 0xc638, 0xc638,
    0xc638, 0xc638, 0xc638, 0xc638, 0xc638, 0xc638, 0xc638, 0xc638, 0xc638, 0xc638, 0xc638, 0xc638,
    0xc638, 0xc638, 0xc638, 0xc638, 0xc638, 0x52aa, 0x52aa, 0x0841, 0xfd00, 0x03ff, 0x03ff, 0x03ff,
    0x03ff, 0x03ff, 0x03ff, 0x0841, 0x03ff, 0x03ff, 0x03ff, 0x0841, 0x03ff, 0x0841, 0x03ff, 0x03ff,
    0x03ff, 0x03ff, 0x0841, 0x03ff, 0x03ff, 0x03ff, 0x03ff, 0x03ff, 0x03ff, 0x03ff, 0x03ff, 0xfd00,
    0x0841, 0xffff, 0xffff, 0xc638, 0xc638, 0xc638, 0xc638, 0xc638, 0xc638, 0xc638, 0xc638, 0xc638,
    0xc638, 0xc638, 0xc638, 0xc638, 0xc638, 0xc638, 0xc638, 0xc638, 0xc638, 0xc638, 0xc638, 0xc638,
    0xc638, 0x52aa, 0x52aa, 0x0841, 0x0841, 0xffff, 0xffff, 0xc638, 0xc638, 0xc638, 0xc638, 0xc638,
    0xc638, 0xc638, 0xc638, 0xc638, 0xc638, 0xc638, 0xc638, 0xc638, 0xc638, 0xc638, 0xc638, 0xc638,
    0xc638, 0xc638, 0xc638, 0xc638, 0xc638, 0x52aa, 0x52aa, 0x0841, 0x0841, 0xffff, 0xffff, 0xc638,
    0xc638, 0xc638, 0xc638, 0xc638, 0xc638, 0xc638, 0xc638, 0xc638, 0xc638, 0xc638, 0xc638, 0xc638,
    0xc638, 0xc638, 0xc638, 0xc638, 0xc638, 0xc638, 0xc638, 0xc638, 0xc638, 0x52aa, 0x52aa, 0x0841,
    0x0841, 0xffff, 0xffff, 0xc638, 0xc638, 0xc638, 0xc638, 0xc638, 0xc638, 0xc638, 0xc638, 0xc638,
    0xc638, 0xc638, 0xc638, 0xc638, 0xc638, 0xc638, 0xc638, 0xc638, 0xc638, 0xc638, 0xc638, 0xc638,
    0xc638, 0x52aa, 0x52aa, 0x0841, 0x0841, 0xffff, 0xffff, 0xc638, 0xc638, 0xc638, 0xc638, 0xc638,
    0xc638, 0xc638, 0xc638, 0xc638, 0xc638, 0xc638, 0xc638, 0xc638, 0xc638, 0xc638, 0xc638, 0xc638,
    0xc638, 0xc638, 0xc638, 0xc638, 0xc638, 0x52aa, 0x52aa, 0x0841, 0x0841, 0xffff, 0xffff, 0xc638,
    0xc638, 0xc638, 0xc638, 0xc638, 0xc638, 0xc638, 0xc638, 0xc638, 0xc638, 0xc638, 0xc638, 0xc638,
    0xc638, 0xc638, 0xc638, 0xc638, 0xc638, 0xc638, 0xc638, 0xc638, 0xc638, 0x52aa, 0x52aa, 0x0841,
    0xfd00, 0x03ff, 0x03ff, 0x03ff, 0x03ff, 0x03ff, 0x03ff, 0x03ff, 0x0841, 0x03ff, 0x03ff, 0x0841,
    0x03ff, 0x03ff, 0x03ff, 0x03ff, 0x03ff, 0x03ff, 0x0841, 0x03ff, 0x03ff, 0x03ff, 0x03ff, 0x03ff,
    0x03ff, 0x03ff, 0x03ff, 0xfd00, 0x0841, 0xffff, 0xffff, 0xc638, 0xc638, 0xc638, 0xc638, 0xc638,
    0xc638, 0xc638, 0xc638, 0xc638, 0xc638, 0xc638, 0xc638, 0xc638, 0xc638, 0xc638, 0xc638, 0xc638,
    0xc638, 0xc638, 0xc638, 0xc638, 0xc638, 0x52aa, 0x52aa, 0x0841, 0x0841, 0xffff, 0xffff, 0xc638,
    0xc638, 0xc638, 0xc638, 0xc638, 0xc638, 0xc638, 0xc638, 0xc638, 0xc638, 0xc638, 0xc638, 0xc638,
    0xc638, 0xc638, 0xc638, 0xc638, 0xc638, 0xc638, 0xc638, 0xc638, 0xc638, 0x52aa, 0x52aa, 0x0841,
    0x0841, 0xffff, 0xffff, 0xc638, 0xc638, 0xc638, 0xc638, 0xc638, 0xc638, 0xc638, 0xc638, 0xc638,
    0xc638, 0xc638, 0xc638, 0xc638, 0xc638, 0xc638, 0xc638, 0xc638, 0xc638, 0xc638, 0xc638, 0xc638,
    0xc638, 0x52aa, 0x52aa, 0x0841, 0x0841, 0xffff, 0xffff, 0xc638, 0xc638, 0xc638, 0xc638, 0xc638,
    0xc638, 0xc638, 0xc638, 0xc638, 0xc638, 0xc638, 0xc638, 0xc638, 0xc638, 0xc638, 0xc638, 0xc638,
    0xc638, 0xc638, 0xc638, 0xc638, 0xc638, 0x52aa, 0x52aa, 0x0841, 0x0841, 0xffff, 0xffff, 0xc638,
    0xc638, 0xc638, 0xc638, 0xc638, 0xc638, 0xc638, 0xc638, 0xc638, 0xc638, 0xc638, 0xc638, 0xc638,
    0xc638, 0xc638, 0xc638, 0xc638, 0xc638, 0xc638, 0xc638, 0xc638, 0xc638, 0x52aa, 0x52aa, 0x0841,
    0x0841, 0xffff, 0xffff, 0xc638, 0xc638, 0xc638, 0xc638, 0xc638, 0xc638, 0xc638, 0xc638, 0xc638,
    0xc638, 0xc638, 0xc638, 0xc638, 0xc638, 0xc638, 0xc638, 0xc638, 0xc638, 0xc638, 0xc638, 0xc638,
    0xc638, 0x52aa, 0x52aa, 0x0841, 0xfd00, 0x03ff, 0x03ff, 0x03ff, 0x03ff, 0x0841, 0x03ff, 0x03ff,
    0x0841, 0x03ff, 0x03ff, 0x0841, 0x03ff, 0x03ff, 0x03ff, 0x0841, 0x03ff, 0x03ff, 0x0841, 0x03ff,
    0x03ff, 0x03ff, 0x0841, 0x03ff, 0x03ff, 0x03ff, 0x03ff, 0xfd00, 0x0841, 0xffff, 0xffff, 0xc638,
    0xc638, 0xc638, 0xc638, 0xc638, 0xc638, 0xc638, 0xc638, 0xc638, 0xc638, 0xc638, 0xc638, 0xc638,
    0xc638, 0xc638, 0xc638, 0xc638, 0xc638, 0xc638, 0xc638, 0xc638, 0xc638, 0x52aa, 0x52aa, 0x0841,
    0x0841, 0xffff, 0xffff, 0xc638, 0xc638, 0xc638, 0xc638, 0xc638, 0xc638, 0xc638, 0xc638, 0xc638,
    0xc638, 0xc638, 0xc638, 0xc638, 0xc638, 0xc638, 0xc638, 0xc638, 0xc638, 0xc638, 0xc638, 0xc638,
    0xc638, 0x52aa, 0x52aa, 0x0841, 0x0841, 0xffff, 0xffff, 0xc638, 0xc638, 0xc638, 0xc638, 0xc638,
    0xc638, 0xc638, 0xc638, 0xc638, 0xc638, 0xc638, 0xc638, 0xc638, 0xc638, 0xc638, 0xc638, 0xc638,
    0xc638, 0xc638, 0xc638, 0xc638, 0xc638, 0x52aa, 0x52aa, 0x0841, 0x0841, 0xffff, 0xffff, 0xc638,
    0xc638, 0xc638, 0xc638, 0xc638, 0xc638, 0xc638, 0xc638, 0xc638, 0xc638, 0xc638, 0xc638, 0xc638,
    0xc638, 0xc638, 0xc638, 0xc638, 0xc638, 0xc638, 0xc638, 0xc638, 0xc638, 0x52aa, 0x52aa, 0x0841,
    0x0841, 0xffff, 0xffff, 0xc638, 0xc638, 0xc638, 0xc638, 0xc638, 0xc638, 0xc638, 0xc638, 0xc638,
    0xc638, 0xc638, 0xc638, 0xc638, 0xc638, 0xc638, 0xc638, 0xc638, 0xc638, 0xc638, 0xc638, 0xc638,
    0xc638, 0x52aa, 0x52aa, 0x0841, 0x0841, 0xffff, 0xffff, 0xc638, 0xc638, 0xc638, 0xc638, 0xc638,
    0xc638, 0xc638, 0xc638, 0xc638, 0xc638, 0xc638, 0xc638, 0xc638, 0xc638, 0xc638, 0xc638, 0xc638,
    0xc638, 0xc638, 0xc638, 0xc638, 0xc638, 0x52aa, 0x52aa, 0x0841, 0xfd00, 0x03ff, 0x03ff, 0x03ff,
    0x03ff, 0x0841, 0x0841, 0x0841, 0x03ff, 0x03ff, 0x0841, 0x0841, 0x0841, 0x0841, 0x0841, 0x0841,
    0x03ff, 0x0841, 0x0841, 0x0841, 0x0841, 0x0841, 0x0841, 0x03ff, 0x03ff, 0x03ff, 0x03ff, 0xfd00,
    0x0841, 0xffff, 0xffff, 0xc638, 0xc638, 0xc638, 0xc638, 0xc638, 0xc638, 0xc638, 0xc638, 0xc638,
    0xc638, 0xc638, 0xc638, 0xc638, 0xc638, 0xc638, 0xc638, 0xc638, 0xc638, 0xc638, 0xc638, 0xc638,
    0xc638, 0x52aa, 0x52aa, 0x0841, 0x0841, 0xffff, 0xffff, 0xc638, 0xc638, 0xc638, 0xc638, 0xc638,
    0xc638, 0xc638, 0xc638, 0xc638, 0xc638, 0xc638, 0xc638, 0xc638, 0xc638, 0xc638, 0xc638, 0xc638,
    0xc638, 0xc638, 0xc638, 0xc638, 0xc638, 0x52aa, 0x52aa, 0x0841, 0x0841, 0xffff, 0xffff, 0xc638,
    0xc638, 0xc638, 0xc638, 0xc638, 0xc638, 0xc638, 0xc638, 0xc638, 0xc638, 0xc638, 0xc638, 0xc638,
    0xc638, 0xc638, 0xc638, 0xc638, 0xc638, 0xc638, 0xc638, 0xc638, 0xc638, 0x52aa, 0x52aa, 0x0841,
    0x0841, 0xffff, 0xffff, 0xc638, 0xc638, 0xc638, 0xc638, 0xc638, 0xc638, 0xc638, 0xc638, 0xc638,
    0xc638, 0xc638, 0xc638, 0xc638, 0xc638, 0xc638, 0xc638, 0xc638, 0xc638, 0xc638, 0xc638, 0xc638,
    0xc638, 0x52aa, 0x52aa, 0x0841, 0x0841, 0xffff, 0xffff, 0xc638, 0xc638, 0xc638, 0xc638, 0xc638,
    0xc638, 0xc638, 0xc638, 0xc638, 0xc638, 0xc638, 0xc638, 0xc638, 0xc638, 0xc638, 0xc638, 0xc638,
    0xc638, 0xc638, 0xc638, 0xc638, 0xc638, 0x52aa, 0x52aa, 0x0841, 0x0841, 0xffff, 0xffff, 0xc638,
    0xc638, 0xc638, 0xc638, 0xc638, 0xc638, 0xc638, 0xc638, 0xc638, 0xc638, 0xc638, 0xc638, 0xc638,
    0xc638, 0xc638, 0xc638, 0xc638, 0xc638, 0xc638, 0xc638, 0xc638, 0xc638, 0x52aa, 0x52aa, 0x0841,
    0xfd00, 0x03ff, 0x03ff, 0x03ff, 0x03ff, 0x03ff, 0x03ff, 0x03ff, 0x03ff, 0x03ff, 0x03ff, 0x03ff,
    0x03ff, 0x03ff, 0x03ff, 0x03ff, 0x03ff, 0x03ff, 0x03ff, 0x03ff, 0x03ff, 0x03ff, 0x03ff, 0x03ff,
    0x03ff, 0x03ff, 0x03ff, 0xfd00, 0x0841, 0xffff, 0xffff, 0xc638, 0xc638, 0xc638, 0xc638, 0xc638,
    0xc638, 0xc638, 0xc638, 0xc638, 0xc638, 0xc638, 0xc638, 0xc638, 0xc638, 0xc638, 0xc638, 0xc638,
    0xc638, 0xc638, 0xc638, 0xc638, 0xc638, 0x52aa, 0x52aa, 0x0841, 0x0841, 0xffff, 0xffff, 0xc638,
    0xc638, 0xc638, 0xc638, 0xc638, 0xc638, 0xc638, 0xc638, 0xc638, 0xc638, 0xc638, 0xc638, 0xc638,
    0xc638, 0xc638, 0xc638, 0xc638, 0xc638, 0xc638, 0xc638, 0xc638, 0xc638, 0x52aa, 0x52aa, 0x0841,
    0x0841, 0xffff, 0xffff, 0xc638, 0xc638, 0xc638, 0xc638, 0xc638, 0xc638, 0xc638, 0xc638, 0xc638,
    0xc638, 0xc638, 0xc638, 0xc638, 0xc638, 0xc638, 0xc638, 0xc638, 0xc638, 0xc638, 0xc638, 0xc638,
    0xc638, 0x52aa, 0x52aa, 0x0841, 0x0841, 0xffff, 0xffff, 0xc638, 0xc638, 0xc638, 0xc638, 0xc638,
    0xc638, 0xc638, 0xc638, 0xc638, 0xc638, 0xc638, 0xc638, 0xc638, 0xc638, 0xc638, 0xc638, 0xc638,
    0xc638, 0xc638, 0xc638, 0xc638, 0xc638, 0x52aa, 0x52aa, 0x0841, 0x0841, 0xffff, 0xffff, 0xc638,
    0xc638, 0xc638, 0xc638, 0xc638, 0xc638, 0xc638, 0xc638, 0xc638, 0xc638, 0xc638, 0xc638, 0xc638,
    0xc638, 0xc638, 0xc638, 0xc638, 0xc638, 0xc638, 0xc638, 0xc638, 0xc638, 0x52aa, 0x52aa, 0x0841,
    0x0841, 0xffff, 0xffff, 0xc638, 0xc638, 0xc638, 0xc638, 0xc638, 0xc638, 0xc638, 0xc638, 0xc638,
    0xc638, 0xc638, 0xc638, 0xc638, 0xc638, 0xc638, 0xc638, 0xc638, 0xc638, 0xc638, 0xc638, 0xc638,
    0xc638, 0x52aa, 0x52aa, 0x0841, 0xfd00, 0x03ff, 0x03ff, 0x03ff, 0x03ff, 0x03ff, 0x03ff, 0x03ff,
    0x03ff, 0x03ff, 0x03ff, 0x03ff, 0x03ff, 0x03ff, 0x03ff, 0x03ff, 0x03ff, 0x03ff, 0x03ff, 0x03ff,
    0x03ff, 0x03ff, 0x03ff, 0x03ff, 0x03ff, 0x03ff, 0x03ff, 0xfd00, 0x0841, 0xffff, 0xffff, 0xc638,
    0xc638, 0xc638, 0xc638, 0xc638, 0xc638, 0xc638, 0xc638, 0xc638, 0xc638, 0xc638, 0xc638, 0xc638,
    0xc638, 0xc638, 0xc638, 0xc638, 0xc638, 0xc638, 0xc638, 0xc638, 0xc638, 0x52aa, 0x52aa, 0x0841,
    0x0841, 0xffff, 0xffff, 0xc638, 0xc638, 0xc638, 0xc638, 0xc638, 0xc638, 0xc638, 0xc638, 0xc638,
    0xc638, 0xc638, 0xc638, 0xc638, 0xc638, 0xc638, 0xc638, 0xc638, 0xc638, 0xc638, 0xc638, 0xc638,
    0xc638, 0x52aa, 0x52aa, 0x0841, 0x0841, 0xffff, 0xffff, 0xc638, 0xc638, 0xc638, 0xc638, 0xc638,
    0xc638, 0xc638, 0xc638, 0xc638, 0xc638, 0xc638, 0xc638, 0xc638, 0xc638, 0xc638, 0xc638, 0xc638,
    0xc638, 0xc638, 0xc638, 0xc638, 0xc638, 0x52aa, 0x52aa, 0x0841, 0x0841, 0xffff, 0xffff, 0xc638,
    0xc638, 0xc638, 0xc638, 0xc638, 0xc638, 0xc638, 0xc638, 0xc638, 0xc638, 0xc638, 0xc638, 0xc638,
    0xc638, 0xc638, 0xc638, 0xc638, 0xc638, 0xc638, 0xc638, 0xc638, 0xc638, 0x52aa, 0x52aa, 0x0841,
    0x0841, 0xffff, 0xffff, 0xc638, 0xc638, 0xc638, 0xc638, 0xc638, 0xc638, 0xc638, 0xc638, 0xc638,
    0xc638, 0xc638, 0xc638, 0xc638, 0xc638, 0xc638, 0xc638, 0xc638, 0xc638, 0xc638, 0xc638, 0xc638,
    0xc638, 0x52aa, 0x52aa, 0x0841, 0x0841, 0xffff, 0xffff, 0xc638, 0xc638, 0xc638, 0xc638, 0xc638,
    0xc638, 0xc638, 0xc638, 0xc638, 0xc638, 0xc638, 0xc638, 0xc638, 0xc638, 0xc638, 0xc638, 0xc638,
    0xc638, 0xc638, 0xc638, 0xc638, 0xc638, 0x52aa, 0x52aa, 0x0841, 0xfd00, 0x03ff, 0x03ff, 0x03ff,
    0x03ff, 0x03ff, 0x03ff, 0x03ff, 0x03ff, 0x03ff, 0x03ff, 0x03ff, 0x03ff, 0x03ff, 0x03ff, 0x03ff,
    0x03ff, 0x03ff, 0x03ff, 0x03ff, 0x03ff, 0x03ff, 0x03ff, 0x03ff, 0x03ff, 0x03ff, 0x03ff, 0xfd00,
    0x0841, 0xffff, 0xffff, 0xc638, 0xc638, 0xc638, 0xc638, 0xc638, 0xc638, 0xc638, 0xc638, 0xc638,
    0xc638, 0xc638, 0xc638, 0xc638, 0xc638, 0xc638, 0xc638, 0xc638, 0xc638, 0xc638, 0xc638, 0xc638,
    0xc638, 0x52aa, 0x52aa, 0x0841, 0x0841, 0xffff, 0xffff, 0xc638, 0xc638, 0xc638, 0xc638, 0xc638,
    0xc638, 0xc638, 0xc638, 0xc638, 0xc638, 0xc638, 0xc638, 0xc638, 0xc638, 0xc638, 0xc638, 0xc638,
    0xc638, 0xc638, 0xc638, 0xc638, 0xc638, 0x52aa, 0x52aa, 0x0841, 0x0841, 0xffff, 0xffff, 0xc638,
    0xc638, 0xc638, 0xc638, 0xc638, 0xc638, 0xc638, 0xc638, 0xc638, 0xc638, 0xc638, 0xc638, 0xc638,
    0xc638, 0xc638, 0xc638, 0xc638, 0xc638, 0xc638, 0xc638, 0xc638, 0xc638, 0x52aa, 0x52aa, 0x0841,
    0x0841, 0xffff, 0xffff, 0xc638, 0xc638, 0xc638, 0xc638, 0xc638, 0xc638, 0xc638, 0xc638, 0xc638,
    0xc638, 0xc638, 0xc638, 0xc638, 0xc638, 0xc638, 0xc638, 0xc638, 0xc638, 0xc638, 0xc638, 0xc638,
    0xc638, 0x52aa, 0x52aa, 0x0841, 0x0841, 0xffff, 0xffff, 0xc638, 0xc638, 0xc638, 0xc638, 0xc638,
    0xc638, 0xc638, 0xc638, 0xc638, 0xc638, 0xc638, 0xc638, 0xc638, 0xc638, 0xc638, 0xc638, 0xc638,
    0xc638, 0xc638, 0xc638, 0xc638, 0xc638, 0x52aa, 0x52aa, 0x0841, 0x0841, 0xffff, 0xffff, 0xc638,
    0xc638, 0xc638, 0xc638, 0xc638, 0xc638, 0xc638, 0xc638, 0xc638, 0xc638, 0xc638, 0xc638, 0xc638,
    0xc638, 0xc638, 0xc638, 0xc638, 0xc638, 0xc638, 0xc638, 0xc638, 0xc638, 0x52aa, 0x52aa, 0x0841,
    0xfd00, 0x03ff, 0x03ff, 0x03ff, 0x03ff, 0x03ff, 0x03ff, 0x03ff, 0x03ff, 0x03ff, 0x03ff, 0x03ff,
    0x03ff, 0x03ff, 0x03ff, 0x03ff, 0x03ff, 0x03ff, 0x03ff, 0x03ff, 0x03ff, 0x03ff, 0x03ff, 0x03ff,
    0x03ff, 0x03ff, 0x03ff, 0xfd00, 0x0841, 0xffff, 0xffff, 0xc638, 0xc638, 0xc638, 0xc638, 0xc638,
    0xc638, 0xc638, 0xc638, 0xc638, 0xc638, 0xc638, 0xc638, 0xc638, 0xc638, 0xc638, 0xc638, 0xc638,
    0xc638, 0xc638, 0xc638, 0xc638, 0xc638, 0x52aa, 0x52aa, 0x0841, 0x0841, 0xffff, 0xffff, 0xc638,
    0xc638, 0xc638, 0xc638, 0xc638, 0xc638, 0xc638, 0xc638, 0xc638, 0xc638, 0xc638, 0xc638, 0xc638,
    0xc638, 0xc638, 0xc638, 0xc638, 0xc638, 0xc638, 0xc638, 0xc638, 0xc638, 0x52aa, 0x52aa, 0x0841,
    0x0841, 0xffff, 0xffff, 0xc638, 0xc638, 0xc638, 0xc638, 0xc638, 0xc638, 0xc638, 0xc638, 0xc638,
    0xc638, 0xc638, 0xc638, 0xc638, 0xc638, 0xc638, 0xc638, 0xc638, 0xc638, 0xc638, 0xc638, 0xc638,
    0xc638, 0x52aa, 0x52aa, 0x0841, 0x0841, 0xffff, 0xffff, 0xc638, 0xc638, 0xc638, 0xc638, 0xc638,
    0xc638, 0xc638, 0xc638, 0xc638, 0xc638, 0xc638, 0xc638, 0xc638, 0xc638, 0xc638, 0xc638, 0xc638,
    0xc638, 0xc638, 0xc638, 0xc638, 0xc638, 0x52aa, 0x52aa, 0x0841, 0x0841, 0xffff, 0xffff, 0xc638,
    0xc638, 0xc638, 0xc638, 0xc638, 0xc638, 0xc638, 0xc638, 0xc638, 0xc638, 0xc638, 0xc638, 0xc638,
    0xc638, 0xc638, 0xc638, 0xc638, 0xc638, 0xc638, 0xc638, 0xc638, 0xc638, 0x52aa, 0x52aa, 0x0841,
    0x0841, 0xffff, 0xffff, 0xc638, 0xc638, 0xc638, 0xc638, 0xc638, 0xc638, 0xc638, 0xc638, 0xc638,
    0xc638, 0xc638, 0xc638, 0xc638, 0xc638, 0xc638, 0xc638, 0xc638, 0xc638, 0xc638, 0xc638, 0xc638,
    0xc638, 0x52aa, 0x52aa, 0x0841, 0xfd00, 0x03ff, 0x03ff, 0x03ff, 0x03ff, 0x03ff, 0x03ff, 0x03ff,
    0x03ff, 0x03ff, 0x03ff, 0x03ff, 0x03ff, 0x03ff, 0x03ff, 0x03ff, 0x03ff, 0x03ff, 0x03ff, 0x03ff,
    0x03ff, 0x03ff, 0x03ff, 0x03ff, 0x03ff, 0x03ff, 0x03ff, 0xfd00, 0x0841, 0xffff, 0xffff, 0xc638,
    0xc638, 0xc638, 0xc638, 0xc638, 0xc638, 0xc638, 0xc638, 0xc638, 0xc638, 0xc638, 0xc638, 0xc638,
    0xc638, 0xc638, 0xc638, 0xc638, 0xc638, 0xc638, 0xc638, 0xc638, 0xc638, 0x52aa, 0x52aa, 0x0841,
    0x0841, 0xffff, 0xffff, 0xc638, 0xc638, 0xc638, 0xc638, 0xc638, 0xc638, 0xc638, 0xc638, 0xc638,
    0xc638, 0xc638, 0xc638, 0xc638, 0xc638, 0xc638, 0xc638, 0xc638, 0xc638, 0xc638, 0xc638, 0xc638,
    0xc638, 0x52aa, 0x52aa, 0x0841, 0x0841, 0xffff, 0xffff, 0xc638, 0xc638, 0xc638, 0xc638, 0xc638,
    0xc638, 0xc638, 0xc638, 0xc638, 0xc638, 0xc638, 0xc638, 0xc638, 0xc638, 0xc638, 0xc638, 0xc638,
    0xc638, 0xc638, 0xc638, 0xc638, 0xc638, 0x52aa, 0x52aa, 0x0841, 0x0841, 0xffff, 0xffff, 0xc638,
    0xc638, 0xc638, 0xc638, 0xc638, 0xc638, 0xc638, 0xc638, 0xc638, 0xc638, 0xc638, 0xc638, 0xc638,
    0xc638, 0xc638, 0xc638, 0xc638, 0xc638, 0xc638, 0xc638, 0xc638, 0xc638, 0x52aa, 0x52aa, 0x0841,
    0x0841, 0xffff, 0xffff, 0xc638, 0xc638, 0xc638, 0xc638, 0xc638, 0xc638, 0xc638, 0xc638, 0xc638,
    0xc638, 0xc638, 0xc638, 0xc638, 0xc638, 0xc638, 0xc638, 0xc638, 0xc638, 0xc638, 0xc638, 0xc638,
    0xc638, 0x52aa, 0x52aa, 0x0841, 0x0841, 0xffff, 0xffff, 0xc638, 0xc638, 0xc638, 0xc638, 0xc638,
    0xc638, 0xc638, 0xc638, 0xc638, 0xc638, 0xc638, 0xc638, 0xc638, 0xc638, 0xc638, 0xc638, 0xc638,
    0xc638, 0xc638, 0xc638, 0xc638, 0xc638, 0x52aa, 0x52aa, 0x0841, 0xfd00, 0x03ff, 0x03ff, 0x03ff,
    0x03ff, 0x03ff, 0x03ff, 0x03ff, 0x03ff, 0x03ff, 0x03ff, 0x03ff, 0x03ff, 0x03ff, 0x03ff, 0x03ff,
    0x03ff, 0x03ff, 0x03ff, 0x03ff, 0x03ff, 0x03ff, 0x03ff, 0x03ff, 0x03ff, 0x03ff, 0x03ff, 0xfd00,
    0x0841, 0xffff, 0xffff, 0xc638, 0xc638, 0xc638, 0xc638, 0xc638, 0xc638, 0xc638, 0xc638, 0xc638,
    0xc638, 0xc638, 0xc638, 0xc638, 0xc638, 0xc638, 0xc638, 0xc638, 0xc638, 0xc638, 0xc638, 0xc638,
    0xc638, 0x52aa, 0x52aa, 0x0841, 0x0841, 0xffff, 0xffff, 0xc638, 0xc638, 0xc638, 0xc638, 0xc638,
    0xc638, 0xc638, 0xc638, 0xc638, 0xc638, 0xc638, 0xc638, 0xc638, 0xc638, 0xc638, 0xc638, 0xc638,
    0xc638, 0xc638, 0xc638, 0xc638, 0xc638, 0x52aa, 0x52aa, 0x0841, 0x0841, 0xffff, 0xffff, 0xc638,
    0xc638, 0xc638, 0xc638, 0xc638, 0xc638, 0xc638, 0xc638, 0xc638, 0xc638, 0xc638, 0xc638, 0xc638,
    0xc638, 0xc638, 0xc638, 0xc638, 0xc638, 0xc638, 0xc638, 0xc638, 0xc638, 0x52aa, 0x52aa, 0x0841,
    0x0841, 0xffff, 0xffff, 0xc638, 0xc638, 0xc638, 0xc638, 0xc638, 0xc638, 0xc638, 0xc638, 0xc638,
    0xc638, 0xc638, 0xc638, 0xc638, 0xc638, 0xc638, 0xc638, 0xc638, 0xc638, 0xc638, 0xc638, 0xc638,
    0xc638, 0x52aa, 0x52aa, 0x0841, 0x0841, 0xffff, 0xffff, 0xc638, 0xc638, 0xc638, 0xc638, 0xc638,
    0xc638, 0xc638, 0xc638, 0xc638, 0xc638, 0xc638, 0xc638, 0xc638, 0xc638, 0xc638, 0xc638, 0xc638,
    0xc638, 0xc638, 0xc638, 0xc638, 0xc638, 0x52aa, 0x52aa, 0x0841, 0x0841, 0xffff, 0xffff, 0xc638,
    0xc638, 0xc638, 0xc638, 0xc638, 0xc638, 0xc638, 0xc638, 0xc638, 0xc638, 0xc638, 0xc638, 0xc638,
    0xc638, 0xc638, 0xc638, 0xc638, 0xc638, 0xc638, 0xc638, 0xc638, 0xc638, 0x52aa, 0x52aa, 0x0841,
    0xfd00, 0x03ff, 0x03ff, 0x03ff, 0x03ff, 0x03ff, 0x03ff, 0x03ff, 0x03ff, 0x03ff, 0x03ff, 0x03ff,
    0x03ff, 0x03ff, 0x03ff, 0x03ff, 0x03ff, 0x03ff, 0x03ff, 0x03ff, 0x03ff, 0x03ff, 0x03ff, 0x03ff,
    0x03ff, 0x03ff, 0x03ff, 0xfd00, 0x0841, 0xffff, 0xffff, 0xc638, 0xc638, 0xc638, 0xc638, 0xc638,
    0xc638, 0xc638, 0xc638, 0xc638, 0xc638, 0xc638, 0xc638, 0xc638, 0xc638, 0xc638, 0xc638, 0xc638,
    0xc638, 0xc638, 0xc638, 0xc638, 0xc638, 0x52aa, 0x52aa, 0x0841, 0x0841, 0xffff, 0xffff, 0xc638,
    0xc638, 0xc638, 0xc638, 0xc638, 0xc638, 0xc638, 0xc638, 0xc638, 0xc638, 0xc638, 0xc638, 0xc638,
    0xc638, 0xc638, 0xc638, 0xc638, 0xc638, 0xc638, 0xc638, 0xc638, 0xc638, 0x52aa, 0x52aa, 0x0841,
    0x0841, 0xffff, 0xffff, 0xc638, 0xc638, 0xc638, 0xc638, 0xc638, 0xc638, 0xc638, 0xc638, 0xc638,
    0xc638, 0xc638, 0xc638, 0xc638, 0xc638, 0xc638, 0xc638, 0xc638, 0xc638, 0xc638, 0xc638, 0xc638,
    0xc638, 0x52aa, 0x52aa, 0x0841, 0x0841, 0xffff, 0xffff, 0xc638, 0xc638, 0xc638, 0xc638, 0xc638,
    0xc638, 0xc638, 0xc638, 0xc638, 0xc638, 0xc638, 0xc638, 0xc638, 0xc638, 0xc638, 0xc638, 0xc638,
    0xc638, 0xc638, 0xc638, 0xc638, 0xc638, 0x52aa, 0x52aa, 0x0841, 0x0841, 0xffff, 0xffff, 0xc638,
    0xc638, 0xc638, 0xc638, 0xc638, 0xc638, 0xc638, 0xc638, 0xc638, 0xc638, 0xc638, 0xc638, 0xc638,
    0xc638, 0xc638, 0xc638, 0xc638, 0xc638, 0xc638, 0xc638, 0xc638, 0xc638, 0x52aa, 0x52aa, 0x0841,
    0x0841, 0xffff, 0xffff, 0xc638, 0xc638, 0xc638, 0xc638, 0xc638, 0xc638, 0xc638, 0xc638, 0xc638,
    0xc638, 0xc638, 0xc638, 0xc638, 0xc638, 0xc638, 0xc638, 0xc638, 0xc638, 0xc638, 0xc638, 0xc638,
    0xc638, 0x52aa, 0x52aa, 0x0841, 0xfd00, 0x03ff, 0x03ff, 0x03ff, 0x03ff, 0x03ff, 0x03ff, 0x03ff,
    0x03ff, 0x03ff, 0x03ff, 0x03ff, 0x03ff, 0x03ff, 0x03ff, 0x03ff, 0x03ff, 0x03ff, 0x03ff, 0x03ff,
    0x03ff, 0x03ff, 0x03ff, 0x03ff, 0x03ff, 0x03ff, 0x03ff, 0xfd00, 0x0841, 0xffff, 0xffff, 0xc638,
    0xc638, 0xc638, 0xc638, 0xc638, 0xc638, 0xc638, 0xc638, 0xc638, 0xc638, 0xc638, 0xc638, 0xc638,
    0xc638, 0xc638, 0xc638, 0xc638, 0xc638, 0xc638, 0xc638, 0xc638, 0xc638, 0x52aa, 0x52aa, 0x0841,
    0x0841, 0xffff, 0xffff, 0xc638, 0xc638, 0xc638, 0xc638, 0xc638, 0xc638, 0xc638, 0xc638, 0xc638,
    0xc638, 0xc638, 0xc638, 0xc638, 0xc638, 0xc638, 0xc638, 0xc638, 0xc638, 0xc638, 0xc638, 0xc638,
    0xc638, 0x52aa, 0x52aa, 0x0841, 0x0841, 0xffff, 0xffff, 0xc638, 0xc638, 0xc638, 0xc638, 0xc638,
    0xc638, 0xc638, 0xc638, 0xc638, 0xc638, 0xc638, 0xc638, 0xc638, 0xc638, 0xc638, 0xc638, 0xc638,
    0xc638, 0xc638, 0xc638, 0xc638, 0xc638, 0x52aa, 0x52aa, 0x0841, 0x0841, 0xffff, 0xffff, 0xc638,
    0xc638, 0xc638, 0xc638, 0xc638, 0xc638, 0xc638, 0xc638, 0xc638, 0xc638, 0xc638, 0xc638, 0xc638,
    0xc638, 0xc638, 0xc638, 0xc638, 0xc638, 0xc638, 0xc638, 0xc638, 0xc638, 0x52aa, 0x52aa, 0x0841,
    0x0841, 0xffff, 0xffff, 0xc638, 0xc638, 0xc638, 0xc638, 0xc638, 0xc638, 0xc638, 0xc638, 0xc638,
    0xc638, 0xc638, 0xc638, 0xc638, 0xc638, 0xc638, 0xc638, 0xc638, 0xc638, 0xc638, 0xc638, 0xc638,
    0xc638, 0x52aa, 0x52aa, 0x0841, 0x0841, 0xffff, 0xffff, 0xc638, 0xc638, 0xc638, 0xc638, 0xc638,
    0xc638, 0xc638, 0xc638, 0xc638, 0xc638, 0xc638, 0xc638, 0xc638, 0xc638, 0xc638, 0xc638, 0xc638,
    0xc638, 0xc638, 0xc638, 0xc638, 0xc638, 0x52aa, 0x52aa, 0x0841, 0xfd00, 0x03ff, 0x03ff, 0x03ff,
    0x03ff, 0x03ff, 0x03ff, 0x03ff, 0x03ff, 0x03ff, 0x03ff, 0x03ff, 0x03ff, 0x03ff, 0x03ff, 0x03ff,
    0x03ff, 0x03ff, 0x03ff, 0x03ff, 0x03ff, 0x03ff, 0x03ff, 0x03ff, 0x03ff, 0x03ff, 0x03ff, 0xfd00,
    0x0841, 0xffff, 0xffff, 0xc638, 0xc638, 0xc638, 0xc638, 0xc638, 0xc638, 0xc638, 0xc638, 0xc638,
    0xc638, 0xc638, 0xc638, 0xc638, 0xc638, 0xc638, 0xc638, 0xc638, 0xc638, 0xc638, 0xc638, 0xc638,
    0xc638, 0x52aa, 0x52aa, 0x0841, 0x0841, 0xffff, 0xffff, 0xc638, 0xc638, 0xc638, 0xc638, 0xc638,
    0xc638, 0xc638, 0xc638, 0xc638, 0xc638, 0xc638, 0xc638, 0xc638, 0xc638, 0xc638, 0xc638, 0xc638,
    0xc638, 0xc638, 0xc638, 0xc638, 0xc638, 0x52aa, 0x52aa, 0x0841, 0x0841, 0xffff, 0xffff, 0xc638,
    0xc638, 0xc638, 0xc638, 0xc638, 0xc638, 0xc638, 0xc638, 0xc638, 0xc638, 0xc638, 0xc638, 0xc638,
    0xc638, 0xc638, 0xc638, 0xc638, 0xc638, 0xc638, 0xc638, 0xc638, 0xc638, 0x52aa, 0x52aa, 0x0841,
    0x0841, 0xffff, 0xffff, 0xc638, 0xc638, 0xc638, 0xc638, 0xc638, 0xc638, 0xc638, 0xc638, 0xc638,
    0xc638, 0xc638, 0xc638, 0xc638, 0xc638, 0xc638, 0xc638, 0xc638, 0xc638, 0xc638, 0xc638, 0xc638,
    0xc638, 0x52aa, 0x52aa, 0x0841, 0x0841, 0xffff, 0xffff, 0xc638, 0xc638, 0xc638, 0xc638, 0xc638,
    0xc638, 0xc638, 0xc638, 0xc638, 0xc638, 0xc638, 0xc638, 0xc638, 0xc638, 0xc638, 0xc638, 0xc638,
    0xc638, 0xc638, 0xc638, 0xc638, 0xc638, 0x52aa, 0x52aa, 0x0841, 0x0841, 0xffff, 0xffff, 0xc638,
    0xc638, 0xc638, 0xc638, 0xc638, 0xc638, 0xc638, 0xc638, 0xc638, 0xc638, 0xc638, 0xc638, 0xc638,
    0xc638, 0xc638, 0xc638, 0xc638, 0xc638, 0xc638, 0xc638, 0xc638, 0xc638, 0x52aa, 0x52aa, 0x0841,
    0xfd00, 0x03ff, 0x03ff, 0x03ff, 0x03ff, 0x03ff, 0x03ff, 0x03ff, 0x03ff, 0x03ff, 0x03ff, 0x03ff,
    0x03ff, 0x03ff, 0x03ff, 0x03ff, 0x03ff, 0x03ff, 0x03ff, 0x03ff, 0x03ff, 0x03ff, 0x03ff, 0x03ff,
    0x03ff, 0x03ff, 0x03ff, 0xfd00, 0x0841, 0xffff, 0xffff, 0xc638, 0xc638, 0xc638, 0xc638, 0xc638,
    0xc638, 0xc638, 0xc638, 0xc638, 0xc638, 0xc638, 0xc638, 0xc638, 0xc638, 0xc638, 0xc638, 0xc638,
    0xc638, 0xc638, 0xc638, 0xc638, 0xc638, 0x52aa, 0x52aa, 0xffff, 0xffff, 0xffff, 0xffff, 0xc638,
    0xc638, 0xc638, 0xc638, 0xc638, 0xc638, 0xc638, 0xc638, 0xc638, 0xc638, 0xc638, 0xc638, 0xc638,
    0xc638, 0xc638, 0xc638, 0xc638, 0xc638, 0xc638, 0xc638, 0xc638, 0xc638, 0x52aa, 0x52aa, 0xffff,
    0xffff, 0xffff, 0xffff, 0xc638, 0xc638, 0xc638, 0xc638, 0xc638, 0xc638, 0xc638, 0xc638, 0xc638,
    0xc638, 0xc638, 0xc638, 0xc638, 0xc638, 0xc638, 0xc638, 0xc638, 0xc638, 0xc638, 0xc638, 0xc638,
    0xc638, 0x52aa, 0x52aa, 0xffff, 0xffff, 0xffff, 0xffff, 0xc638, 0xc638, 0xc638, 0xc638, 0xc638,
    0xc638, 0xc638, 0xc638, 0xc638, 0xc638, 0xc638, 0xc638, 0xc638, 0xc638, 0xc638, 0xc638, 0xc638,
    0xc638, 0xc638, 0xc638, 0xc638, 0xc638, 0x52aa, 0x52aa, 0xffff, 0xffff, 0xffff, 0xffff, 0xc638,
    0xc638, 0xc638, 0xc638, 0xc638, 0xc638, 0xc638, 0xc638, 0xc638, 0xc638, 0xc638, 0xc638, 0xc638,
    0xc638, 0xc638, 0xc638, 0xc638, 0xc638, 0xc638, 0xc638, 0xc638, 0xc638, 0x52aa, 0x52aa, 0xffff,
    0xffff, 0xffff, 0xffff, 0xc638, 0xc638, 0xc638, 0xc638, 0xc638, 0xc638, 0xc638, 0xc638, 0xc638,
    0xc638, 0xc638, 0xc638, 0xc638, 0xc638, 0xc638, 0xc638, 0xc638, 0xc638, 0xc638, 0xc638, 0xc638,
    0xc638, 0x52aa, 0x52aa, 0x0841, 0xfd00, 0x03ff, 0x03ff, 0x03ff, 0x03ff, 0x03ff, 0x03ff, 0x03ff,
    0x03ff, 0x03ff, 0x03ff, 0x03ff, 0x03ff, 0x03ff, 0x03ff, 0x03ff, 0x03ff, 0x03ff, 0x03ff, 0x03ff,
    0x03ff, 0x03ff, 0x03ff, 0x03ff, 0x03ff, 0x03ff, 0x03ff, 0xfd00, 0x0841, 0xffff, 0xffff, 0xc638,
    0xc638, 0xc638, 0xc638, 0xc638, 0xc638, 0xc638, 0xc638, 0xc638, 0xc638, 0xc638, 0xc638, 0xc638,
    0xc638, 0xc638, 0xc638, 0xc638, 0xc638, 0xc638, 0xc638, 0xc638, 0xc638, 0x52aa, 0xffff, 0xffff,
    0xffff, 0xffff, 0xffff, 0xc638, 0xc638, 0xc638, 0xc638, 0xc638, 0xc638, 0xc638, 0xc638, 0xc638,
    0xc638, 0xc638, 0xc638, 0xc638, 0xc638, 0xc638, 0xc638, 0xc638, 0xc638, 0xc638, 0xc638, 0xc638,
    0xc638, 0x52aa, 0xffff, 0xffff, 0xffff, 0xffff, 0xffff, 0xc638, 0xc638, 0xc638, 0xc638, 0xc638,
    0xc638, 0xc638, 0xc638, 0xc638, 0xc638, 0xc638, 0xc638, 0xc638, 0xc638, 0xc638, 0xc638, 0xc638,
    0xc638, 0xc638, 0xc638, 0xc638, 0xc638, 0x52aa, 0xffff, 0xffff, 0xffff, 0xffff, 0xffff, 0xc638,
    0xc638, 0xc638, 0xc638, 0xc638, 0xc638, 0xc638, 0xc638, 0xc638, 0xc638, 0xc638, 0xc638, 0xc638,
    0xc638, 0xc638, 0xc638, 0xc638, 0xc638, 0xc638, 0xc638, 0xc638, 0xc638, 0x52aa, 0xffff, 0xffff,
    0xffff, 0xffff, 0xffff, 0xc638, 0xc638, 0xc638, 0xc638, 0xc638, 0xc638, 0xc638, 0xc638, 0xc638,
    0xc638, 0xc638, 0xc638, 0xc638, 0xc638, 0xc638, 0xc638, 0xc638, 0xc638, 0xc638, 0xc638, 0xc638,
    0xc638, 0x52aa, 0xffff, 0xffff, 0xffff, 0xffff, 0xffff, 0xc638, 0xc638, 0xc638, 0xc638, 0xc638,
    0xc638, 0xc638, 0xc638, 0xc638, 0xc638, 0xc638, 0xc638, 0xc638, 0xc638, 0xc638, 0xc638, 0xc638,
    0xc638, 0xc638, 0xc638, 0xc638, 0xc638, 0x52aa, 0x52aa, 0x0841, 0xfd00, 0x03ff, 0x03ff, 0x03ff,
    0x03ff, 0x03ff, 0x03ff, 0x03ff, 0x03ff, 0x03ff, 0x03ff, 0x03ff, 0x03ff, 0x03ff, 0x03ff, 0x03ff,
    0x03ff, 0x03ff, 0x03ff, 0x03ff, 0x03ff, 0x03ff, 0x03ff, 0x03ff, 0x03ff, 0x03ff, 0x03ff, 0xfd00,
    0x0841, 0xffff, 0xffff, 0xc638, 0xc638, 0xc638, 0xc638, 0xc638, 0xc638, 0xc638, 0xc638, 0xc638,
    0xc638, 0xc638, 0xc638, 0xc638, 0xc638, 0xc638, 0xc638, 0xc638, 0xc638, 0xc638, 0xc638, 0xc638,
    0xc638, 0xc638, 0xc638, 0xc638, 0xc638, 0xc638, 0xc638, 0xc638, 0xc638, 0xc638, 0xc638, 0xc638,
    0xc638, 0xc638, 0xc638, 0xc638, 0xc638, 0xc638, 0xc638, 0xc638, 0xc638, 0xc638, 0xc638, 0xc638,
    0xc638, 0xc638, 0xc638, 0xc638, 0xc638, 0xc638, 0xc638, 0xc638, 0xc638, 0xc638, 0xc638, 0xc638,
    0xc638, 0xc638, 0xc638, 0xc638, 0xc638, 0xc638, 0xc638, 0xc638, 0xc638, 0xc638, 0xc638, 0xc638,
    0xc638, 0xc638, 0xc638, 0xc638, 0xc638, 0xc638, 0xc638, 0xc638, 0xc638, 0xc638, 0xc638, 0xc638,
    0xc638, 0xc638, 0xc638, 0xc638, 0xc638, 0xc638, 0xc638, 0xc638, 0xc638, 0xc638, 0xc638, 0xc638,
    0xc638, 0xc638, 0xc638, 0xc638, 0xc638, 0xc638, 0xc638, 0xc638, 0xc638, 0xc638, 0xc638, 0xc638,
    0xc638, 0xc638, 0xc638, 0xc638, 0xc638, 0xc638, 0xc638, 0xc638, 0xc638, 0xc638, 0xc638, 0xc638,
    0xc638, 0xc638, 0xc638, 0xc638, 0xc638, 0xc638, 0xc638, 0xc638, 0xc638, 0xc638, 0xc638, 0xc638,
    0xc638, 0xc638, 0xc638, 0xc638, 0xc638, 0xc638, 0xc638, 0xc638, 0xc638, 0xc638, 0xc638, 0xc638,
    0xc638, 0xc638, 0xc638, 0xc638, 0xc638, 0xc638, 0xc638, 0xc638, 0xc638, 0xc638, 0xc638, 0xc638,
    0xc638, 0xc638, 0xc638, 0xc638, 0xc638, 0xc638, 0xc638, 0xc638, 0xc638, 0x52aa, 0x52aa, 0x0841,
    0xfd00, 0xfd00, 0xfd00, 0xfd00, 0xfd00, 0xfd00, 0xfd00, 0xfd00, 0xfd00, 0xfd00, 0xfd00, 0xfd00,
    0xfd00, 0xfd00, 0xfd00, 0xfd00, 0xfd00, 0xfd00, 0xfd00, 0xfd00, 0xfd00, 0xfd00, 0xfd00, 0xfd00,
    0xfd00, 0xfd00, 0xfd00, 0xfd00
};

static TEXTURE creative_tabs{
    196, 64,
    true, 0,
    creative_tabs_data
};
