// Generated from the Minecraft 1.17.1 item textures -- do not edit by hand.
// Regenerate: python3 tools/textures/gen_item_textures.py
COLOR texdata_items[] = {
    0x0000, 0x0000, 0x0000, 0x0000, 0x0000, 0x0000, 0x0000, 0x0000, 0x0000, 0x0000, 0x0000, 0x0000, 0x0000, 0x0000, 0x0000, 0x0000,
    0x0000, 0x0000, 0x0000, 0x0000, 0x0000, 0x0000, 0x0000, 0x0000, 0x0000, 0x0000, 0x0000, 0x0000, 0x0000, 0x0000, 0x0000, 0x0000,
    0x0000, 0x0000, 0x0000, 0x0000, 0x0000, 0x0000, 0x0000, 0x0000, 0x0000, 0x0000, 0x0000, 0x0000, 0x0000, 0x0000, 0x0000, 0x0000,
    0x0000, 0x0000, 0x0000, 0x0000, 0x0000, 0x0000, 0x0000, 0x0000, 0x0000, 0x0000, 0x0000, 0x0000, 0x0000, 0x0000, 0x0000, 0x0000,
    0x0000, 0x0000, 0x0000, 0x0000, 0x0000, 0x0000, 0x0000, 0x0000, 0x0000, 0x0000, 0x0000, 0x0000, 0x0000, 0x0000, 0x0000, 0x0000,
    0x0000, 0x0000, 0x0000, 0x0000, 0x0000, 0x0000, 0x0000, 0x0000, 0x0000, 0x0000, 0x0000, 0x0000, 0x0000, 0x0000, 0x0000, 0x0000,
    0x0000, 0x0000, 0x0000, 0x0000, 0x0000, 0x0000, 0x0000, 0x0000, 0x0000, 0x0000, 0x0000, 0x0000, 0x0000, 0x0000, 0x0000, 0x0000,
    0x0000, 0x0000, 0x0000, 0x0000, 0x0000, 0x0000, 0x0000, 0x0000, 0x0000, 0x0000, 0x0000, 0x0000, 0x0000, 0x0000, 0x0000, 0x0000,
    0x0000, 0x0000, 0x0000, 0x0000, 0x0000, 0x0000, 0x0000, 0x0000, 0x0000, 0x0000, 0x0000, 0x0000, 0x0000, 0x0000, 0x0000, 0x0000,
    0x0000, 0x0000, 0x0000, 0x0000, 0x0000, 0x0000, 0x0000, 0x0000, 0x0000, 0x0000, 0x0000, 0x0000, 0x0000, 0x0000, 0x0000, 0x0000,
    0x0000, 0x0000, 0x0000, 0x0000, 0x0000, 0x0000, 0x0000, 0x0000, 0x0000, 0x0000, 0x0000, 0x0000, 0x0000, 0x0000, 0x0000, 0x0000,
    0x0000, 0x0000, 0x0000, 0x0000, 0x0000, 0x0000, 0x0000, 0x0000, 0x0000, 0x0000, 0x0000, 0x0000, 0x0000, 0x0000, 0x0000, 0x0000,
    0x0000, 0x0000, 0x0000, 0x0000, 0x0000, 0x0000, 0x0000, 0x0000, 0x0000, 0x0000, 0x0000, 0x0000, 0x0000, 0x0000, 0x0000, 0x0000,
    0x0000, 0x0000, 0x0000, 0x0000, 0x0000, 0x0000, 0x0000, 0x0000, 0x0000, 0x0000, 0x0000, 0x0000, 0x0000, 0x0000, 0x0000, 0x0000,
    0x0000, 0x0000, 0x0000, 0x0000, 0x0000, 0x0000, 0x0000, 0x0000, 0x0000, 0x0000, 0x0000, 0x0000, 0x0000, 0x0000, 0x0000, 0x0000,
    0x0000, 0x0000, 0x0000, 0x0000, 0x0000, 0x0000, 0x0000, 0x0000, 0x0000, 0x0000, 0x0000, 0x0000, 0x0000, 0x0000, 0x0000, 0x0000,
    0x0000, 0x0000, 0x0000, 0x0000, 0x0000, 0x0000, 0x0000, 0x0000, 0x0000, 0x0000, 0x0000, 0x0000, 0x0000, 0x0000, 0x0000, 0x0000,
    0x0000, 0x0000, 0x0000, 0x0000, 0x0000, 0x0000, 0x0000, 0x0000, 0x0000, 0x0000, 0x0000, 0x0000, 0x0000, 0x0000, 0x0000, 0x0000,
    0x0000, 0x0000, 0x0000, 0x0000, 0x0000, 0x0000, 0x0000, 0x0000, 0x0000, 0x0000, 0x0000, 0x0000, 0x0000, 0x0000, 0x0000, 0x0000,
    0x0000, 0x0000, 0x0000, 0x0000, 0x0000, 0x0000, 0x0000, 0x0000, 0x0000, 0x0000, 0x0000, 0x0000, 0x0000, 0x0000, 0x0000, 0x0000,
    0x0000, 0x0000, 0x0000, 0x0000, 0x0000, 0x0000, 0x0000, 0x0000, 0x0000, 0x0000, 0x0000, 0x0000, 0x0000, 0x0000, 0x0000, 0x0000,
    0x0000, 0x0000, 0x0000, 0x0000, 0x4228, 0x4228, 0x0000, 0x0000, 0x0000, 0x0000, 0x0000, 0x0000, 0x0000, 0x0000, 0x0000, 0x0000,
    0x0000, 0x0000, 0x0000, 0x0000, 0x0000, 0x0000, 0x0000, 0x0000, 0x0000, 0x0000, 0x0000, 0x0000, 0x0000, 0x0000, 0x0000, 0x0000,
    0x0000, 0x0000, 0x0000, 0x0000, 0x0000, 0x0000, 0x0000, 0x18c2, 0x18c2, 0x18c2, 0x0000, 0x0000, 0x0000, 0x0000, 0x0000, 0x0000,
    0x0000, 0x0000, 0x0000, 0x0000, 0x0000, 0x0000, 0x0000, 0x0000, 0x0000, 0x0000, 0xdedb, 0x0000, 0x0000, 0x0000, 0x0000, 0x0000,
    0x0000, 0x0000, 0x0000, 0x0000, 0x0000, 0x0000, 0x0000, 0x0000, 0x0000, 0x0000, 0x0000, 0x0000, 0x0000, 0x0000, 0x0000, 0x0000,
    0x0000, 0x0000, 0x0000, 0x0000, 0x0000, 0x0000, 0x0000, 0x0000, 0x0000, 0x7140, 0x0000, 0x0000, 0x0000, 0x0000, 0x0000, 0x0000,
    0x0000, 0x0000, 0x0000, 0x0000, 0x0000, 0x0000, 0x0000, 0x0000, 0x0000, 0x7140, 0x0000, 0x0000, 0x0000, 0x0000, 0x0000, 0x0000,
    0x0000, 0x0000, 0x0000, 0x0000, 0x0000, 0x0000, 0x0000, 0x0000, 0x0000, 0x0000, 0x0000, 0x0000, 0x0000, 0x0000, 0x0000, 0x0000,
    0x0000, 0x0000, 0x0000, 0x0000, 0x0000, 0x0000, 0x0000, 0x0000, 0x0000, 0x0000, 0x0000, 0x0000, 0x0000, 0x0000, 0x0000, 0x0000,
    0x0000, 0x0000, 0x0000, 0x0000, 0x0000, 0x0000, 0x0000, 0x0000, 0x0000, 0x0000, 0x0000, 0x0000, 0x0000, 0x0000, 0x0000, 0x0000,
    0x0000, 0x0000, 0x0000, 0x0000, 0x0000, 0x0000, 0x0000, 0x0000, 0x0000, 0x0000, 0x0000, 0x0000, 0x0000, 0x0000, 0x0000, 0x0000,
    0x0000, 0x0000, 0x0000, 0x0000, 0x0000, 0x0000, 0x0000, 0x0000, 0x0000, 0x0000, 0x0000, 0x0000, 0x0000, 0x0000, 0x0000, 0x0000,
    0x0000, 0x0000, 0x0000, 0x0000, 0x0000, 0x0000, 0x0000, 0x0000, 0x0000, 0x0000, 0x0000, 0x0000, 0x0000, 0x0000, 0x0000, 0x0000,
    0x0000, 0x0000, 0x0000, 0x0000, 0x0000, 0x0000, 0x0000, 0x0000, 0x0000, 0x0000, 0x0000, 0x0000, 0x0000, 0x0000, 0x0000, 0x0000,
    0x0000, 0x0000, 0x0000, 0x0000, 0x0000, 0x0000, 0x0000, 0x0000, 0x0000, 0x0000, 0x0000, 0x0000, 0x0000, 0x0000, 0x0000, 0x0000,
    0x0000, 0x0000, 0x0000, 0x0000, 0x0000, 0x0000, 0x0000, 0x0000, 0x0000, 0x0000, 0x0000, 0x0000, 0x0000, 0x0000, 0x0000, 0x0000,
    0x0000, 0x0000, 0x0000, 0x4228, 0xbdd7, 0xbdd7, 0x4228, 0x0000, 0x0000, 0x0000, 0x0000, 0x0000, 0x0000, 0x0000, 0x0000, 0x0000,
    0x0000, 0x0000, 0x0000, 0x0000, 0x0000, 0x18e3, 0x18e3, 0x18e3, 0x18e3, 0x0000, 0x0000, 0x0000, 0x0000, 0x0000, 0x0000, 0x0000,
    0x0000, 0x0000, 0x0000, 0x0000, 0x0000, 0x18c2, 0x2923, 0x41c5, 0x3144, 0x2923, 0x1081, 0x0000, 0x0000, 0x0000, 0x0000, 0x0000,
    0x0000, 0x0000, 0x0000, 0x0000, 0x0000, 0x0000, 0x0000, 0x0000, 0x0000, 0xf7be, 0x2a28, 0xf7be, 0x0000, 0x0000, 0x0000, 0x0000,
    0x0000, 0x0000, 0x0000, 0x0000, 0x0000, 0x0000, 0x0000, 0x0000, 0x0000, 0x0000, 0x0000, 0x0000, 0x0000, 0x0000, 0x0000, 0x0000,
    0x0000, 0x0000, 0x0000, 0x0000, 0x0000, 0x0000, 0x0000, 0x0000, 0x79a1, 0x5121, 0x0000, 0x0000, 0x0000, 0x0000, 0x0000, 0x0000,
    0x0000, 0x0000, 0x0000, 0x0000, 0x0000, 0x0000, 0x0000, 0x0000, 0xb322, 0x5121, 0x0000, 0x0000, 0x0000, 0x0000, 0x0000, 0x0000,
    0x0000, 0x0000, 0x0000, 0x0000, 0x0000, 0x0000, 0x0000, 0x0000, 0x0000, 0x0000, 0x0000, 0x0000, 0x0000, 0x0000, 0x0000, 0x0000,
    0x0000, 0x0000, 0x0000, 0x0000, 0x0000, 0x0000, 0x0000, 0x0000, 0x0000, 0x0000, 0x0000, 0x0000, 0x0000, 0x0000, 0x0000, 0x0000,
    0x0000, 0x0000, 0x0000, 0x0000, 0x0000, 0x0000, 0xae59, 0xae59, 0xae59, 0xae59, 0x0000, 0x0000, 0x0000, 0x0000, 0x0000, 0x0000,
    0x0000, 0x0000, 0x0000, 0x0000, 0x4a49, 0x4a49, 0x4a49, 0x31a6, 0x31a6, 0x4a49, 0x4a49, 0x4a49, 0x0000, 0x0000, 0x0000, 0x0000,
    0x0000, 0x0000, 0x0000, 0x0000, 0x0000, 0x528a, 0x528a, 0x0000, 0x0000, 0x528a, 0x528a, 0x0000, 0x0000, 0x0000, 0x0000, 0x0000,
    0x0000, 0x0000, 0x0000, 0x0000, 0x0000, 0x2965, 0x2965, 0x2965, 0x2965, 0x2965, 0x2965, 0x0000, 0x0000, 0x0000, 0x0000, 0x0000,
    0x0000, 0x0000, 0x0000, 0x0000, 0x0000, 0x2965, 0x2965, 0x2965, 0x2965, 0x2965, 0x2965, 0x0000, 0x0000, 0x0000, 0x0000, 0x0000,
    0x0000, 0x0000, 0x0000, 0x0000, 0x0000, 0x09e6, 0x09e6, 0x09e6, 0x09e6, 0x09e6, 0x09e6, 0x0000, 0x0000, 0x0000, 0x0000, 0x0000,
    0x0000, 0x0000, 0x0000, 0x0000, 0x0000, 0x82e2, 0x82e2, 0x82e2, 0x82e2, 0x82e2, 0x82e2, 0x0000, 0x0000, 0x0000, 0x0000, 0x0000,
    0x0000, 0x0000, 0x4228, 0xbdd7, 0x9cf3, 0x3186, 0x738e, 0x3186, 0x0000, 0x0000, 0x0000, 0x0000, 0x0000, 0x0000, 0x0000, 0x0000,
    0x0000, 0x0000, 0x0000, 0x0000, 0x18e3, 0x2965, 0x3186, 0x3186, 0x2965, 0x18e3, 0x0000, 0x0000, 0x0000, 0x0000, 0x0000, 0x0000,
    0x0000, 0x0000, 0x0000, 0x0000, 0x1081, 0x3144, 0x7b6b, 0x4a26, 0x62a8, 0x4a26, 0x2923, 0x1081, 0x0000, 0x0000, 0x0000, 0x0000,
    0x0000, 0x0000, 0x0000, 0x0000, 0x0000, 0x0000, 0x0000, 0x0000, 0x0000, 0xdedb, 0x0000, 0x2a28, 0x0000, 0x0000, 0x0000, 0x0000,
    0x0000, 0x0000, 0x0000, 0x0000, 0x0000, 0x0000, 0x0000, 0x0000, 0x0000, 0x0000, 0x0000, 0x0000, 0x0000, 0x0000, 0x0000, 0x0000,
    0x0000, 0x0000, 0x0000, 0x0000, 0x0000, 0x0000, 0x0000, 0x0000, 0x7140, 0x0000, 0x0000, 0x0000, 0x0000, 0x0000, 0x0000, 0x0000,
    0x0000, 0x0000, 0x0000, 0x0000, 0x0000, 0x0000, 0x0000, 0x0000, 0x7140, 0x0000, 0x0000, 0x0000, 0x0000, 0x0000, 0x0000, 0x0000,
    0x0000, 0x0000, 0x0000, 0x0000, 0x0000, 0x0000, 0x734a, 0x734a, 0x734a, 0x734a, 0x0000, 0x0000, 0x0000, 0x0000, 0x0000, 0x0000,
    0x0000, 0x0000, 0x0000, 0x0000, 0x0000, 0x0000, 0x0000, 0xbdd9, 0xbdd9, 0x0000, 0x0000, 0x0000, 0x0000, 0x0000, 0x0000, 0x0000,
    0x0000, 0x0000, 0x0000, 0x0000, 0xae59, 0xae59, 0xd79e, 0xefdf, 0xefdf, 0xd79e, 0xae59, 0x7d34, 0x0000, 0x0000, 0x0000, 0x0000,
    0x0000, 0x0000, 0x4a49, 0x4a49, 0x738e, 0x7bf3, 0x4a49, 0x4a49, 0x4a49, 0x4a49, 0x7bf3, 0x738e, 0x4a49, 0x4a49, 0x0000, 0x0000,
    0x0000, 0x0000, 0x0000, 0x0000, 0x528a, 0x94b2, 0x0000, 0x0000, 0x0000, 0x0000, 0x738e, 0x31a6, 0x0000, 0x0000, 0x0000, 0x0000,
    0x0000, 0x0000, 0x0000, 0x0000, 0x2965, 0x94b2, 0xdedb, 0x94b2, 0xdedb, 0x94b2, 0x6b4d, 0x18c3, 0x0000, 0x0000, 0x0000, 0x0000,
    0x0000, 0x0000, 0x0000, 0x0000, 0x2965, 0x94b2, 0xc638, 0xc638, 0xc638, 0xc638, 0x6b4d, 0x18c3, 0x0000, 0x0000, 0x0000, 0x0000,
    0x0000, 0x0000, 0x0000, 0x0000, 0x09e6, 0x2636, 0x4f7b, 0x4f7b, 0x4f7b, 0x4f7b, 0x1d54, 0x0924, 0x0000, 0x0000, 0x0000, 0x0000,
    0x0000, 0x0000, 0x0000, 0x0000, 0x82e2, 0xed82, 0xef6a, 0xef6a, 0xef6a, 0xef6a, 0xdca2, 0x3961, 0x0000, 0x0000, 0x0000, 0x0000,
    0x0000, 0x0000, 0x4228, 0xbdd7, 0x3186, 0x0000, 0x3186, 0x3186, 0x0000, 0x0000, 0x0000, 0x0000, 0x0000, 0x0000, 0x0000, 0x0000,
    0x0000, 0x0000, 0x0000, 0x18e3, 0x2124, 0x31a6, 0x39e8, 0x3186, 0x2124, 0x2124, 0x18e3, 0x0000, 0x0000, 0x0000, 0x0000, 0x0000,
    0x0000, 0x0000, 0x0000, 0x1081, 0x3144, 0x41c5, 0x4a26, 0x62a8, 0x4a26, 0x41c5, 0x41c5, 0x2923, 0x1081, 0x0000, 0x0000, 0x0000,
    0x0000, 0x0000, 0x0000, 0x0000, 0x0000, 0x0000, 0x0000, 0x0000, 0x0000, 0x2a28, 0xf7be, 0xdedb, 0x0000, 0x0000, 0x0000, 0x0000,
    0x0000, 0x0000, 0x0000, 0x0000, 0x0000, 0x0702, 0x0000, 0x0000, 0x0000, 0x0000, 0x0000, 0x0702, 0x0000, 0x0000, 0x0000, 0x0000,
    0x0000, 0x0000, 0x0000, 0x0000, 0x0000, 0x9882, 0x9882, 0x7140, 0x5121, 0x7140, 0x7140, 0x0000, 0x0000, 0x0000, 0x0000, 0x0000,
    0x0000, 0x0000, 0x0000, 0x0000, 0x0000, 0xb322, 0xb322, 0x7140, 0x5121, 0x7140, 0x7140, 0x0000, 0x0000, 0x0000, 0x0000, 0x0000,
    0x0000, 0x0000, 0x0000, 0x0000, 0x0000, 0x734a, 0xb52f, 0xde73, 0xde73, 0xb52f, 0x734a, 0x0000, 0x0000, 0x0000, 0x0000, 0x0000,
    0x0000, 0x0000, 0x0000, 0x0000, 0x0000, 0x0000, 0xbdd9, 0xef5d, 0xffff, 0xbdd9, 0x0000, 0x0000, 0x0000, 0x0000, 0x0000, 0x0000,
    0x0000, 0x0000, 0x0000, 0xae59, 0xd79e, 0xefdf, 0xffff, 0xd79e, 0xffff, 0xefdf, 0xd79e, 0xae59, 0x7d34, 0x0000, 0x0000, 0x0000,
    0x0000, 0x4a49, 0x738e, 0x7bf3, 0x8c76, 0x8c76, 0x31a6, 0x0000, 0x0000, 0x4a49, 0x8c76, 0x8c76, 0x7bf3, 0x738e, 0x4a49, 0x0000,
    0x0000, 0x0000, 0x0000, 0x528a, 0x94b2, 0xce79, 0x0000, 0x0000, 0x0000, 0x0000, 0x94b2, 0x738e, 0x31a6, 0x0000, 0x0000, 0x0000,
    0x0000, 0x0000, 0x0000, 0x2965, 0x94b2, 0xdedb, 0xffff, 0xdedb, 0x94b2, 0xdedb, 0x94b2, 0x6b4d, 0x18c3, 0x0000, 0x0000, 0x0000,
    0x0000, 0x0000, 0x0000, 0x2965, 0x94b2, 0xdedb, 0xffff, 0xdedb, 0xc638, 0xc638, 0x94b2, 0x6b4d, 0x18c3, 0x0000, 0x0000, 0x0000,
    0x0000, 0x0000, 0x0000, 0x09e6, 0x2636, 0xa7dd, 0xffff, 0xa7dd, 0x4f7b, 0x4f7b, 0x2636, 0x1d54, 0x0924, 0x0000, 0x0000, 0x0000,
    0x0000, 0x0000, 0x0000, 0x82e2, 0xed82, 0xffee, 0xffff, 0xffee, 0xef6a, 0xef6a, 0xed82, 0xdca2, 0x3961, 0x0000, 0x0000, 0x0000,
    0x0000, 0x0000, 0x4228, 0x9cf3, 0x4228, 0x0000, 0x0000, 0x0000, 0x0000, 0x0000, 0x0000, 0x0000, 0x0000, 0x0000, 0x0000, 0x0000,
    0x0000, 0x0000, 0x0000, 0x18e3, 0x31a6, 0x2124, 0x3186, 0x2965, 0x3186, 0x2965, 0x2124, 0x18e3, 0x0000, 0x0000, 0x0000, 0x0000,
    0x0000, 0x0000, 0x0000, 0x1081, 0x41c5, 0x18c2, 0x3144, 0x62a8, 0x7b6b, 0x41c5, 0x62a8, 0x41c5, 0x20e3, 0x1081, 0x0000, 0x0000,
    0x0000, 0x0000, 0x0000, 0x0000, 0xf7be, 0x0000, 0x0000, 0x0000, 0x0000, 0x0000, 0x2a28, 0x2a28, 0xf7be, 0x0000, 0x0000, 0x0000,
    0x0000, 0x0000, 0x0000, 0x0000, 0x0000, 0x6d87, 0x0000, 0x0000, 0x0000, 0x0000, 0x0000, 0x0000, 0x0702, 0x0000, 0x0000, 0x0000,
    0x0000, 0x0000, 0x0000, 0x9882, 0xb083, 0xfcb3, 0xb083, 0x5121, 0x9882, 0xd8a4, 0xb083, 0x7140, 0x7140, 0x0000, 0x0000, 0x0000,
    0x0000, 0x0000, 0x0000, 0xb322, 0xdd02, 0xfffc, 0xdd02, 0x5121, 0xb322, 0xee48, 0xdd02, 0x7140, 0x7140, 0x0000, 0x0000, 0x0000,
    0x0000, 0x0000, 0x0000, 0x0000, 0x734a, 0xb52f, 0xf738, 0xde73, 0xde73, 0xde73, 0x8c0b, 0x734a, 0x0000, 0x0000, 0x0000, 0x0000,
    0x0000, 0x0000, 0x0000, 0x0000, 0x0000, 0xbdd9, 0xffff, 0xffff, 0xffff, 0xd6bb, 0x52ad, 0x0000, 0x0000, 0x0000, 0x0000, 0x0000,
    0x0000, 0x0000, 0x0000, 0xae59, 0xefdf, 0xffff, 0xefdf, 0xffff, 0xffff, 0xefdf, 0xffff, 0xd79e, 0x7d34, 0x0000, 0x0000, 0x0000,
    0x0000, 0x4a49, 0x7bf3, 0x8c71, 0x8c71, 0x8c76, 0x31a6, 0x0000, 0x0000, 0x4a49, 0x8c76, 0x8c71, 0x8c71, 0x7bf3, 0x31a6, 0x0000,
    0x0000, 0x0000, 0x0000, 0x528a, 0xb596, 0xce79, 0x0000, 0x0000, 0x0000, 0x0000, 0x94b2, 0x94b2, 0x31a6, 0x0000, 0x0000, 0x0000,
    0x0000, 0x0000, 0x0000, 0x2965, 0xdedb, 0xdedb, 0xdedb, 0x94b2, 0xdedb, 0x94b2, 0xdedb, 0x94b2, 0x18c3, 0x0000, 0x0000, 0x0000,
    0x0000, 0x0000, 0x0000, 0x2965, 0xc638, 0xdedb, 0xdedb, 0xc638, 0xc638, 0x94b2, 0x94b2, 0x94b2, 0x18c3, 0x0000, 0x0000, 0x0000,
    0x0000, 0x0000, 0x0000, 0x09e6, 0x4f7b, 0xa7dd, 0xa7dd, 0x4f7b, 0x4f7b, 0x2636, 0x2636, 0x2636, 0x0924, 0x0000, 0x0000, 0x0000,
    0x0000, 0x0000, 0x0000, 0x82e2, 0xef6a, 0xffee, 0xffee, 0xef6a, 0xef6a, 0xed82, 0xed82, 0xed82, 0x3961, 0x0000, 0x0000, 0x0000,
    0x0000, 0x0000, 0x4228, 0x9cf3, 0x4228, 0x0000, 0x0000, 0x0000, 0x0000, 0x0000, 0x0000, 0x0000, 0x0000, 0x0000, 0x0000, 0x0000,
    0x0000, 0x0000, 0x0000, 0x18e3, 0x20e4, 0x20e4, 0x2124, 0x31a6, 0x39e8, 0x31a6, 0x3186, 0x2124, 0x18e3, 0x0000, 0x0000, 0x0000,
    0x0000, 0x0000, 0x0000, 0x1081, 0x2923, 0x18c2, 0x18c2, 0x3144, 0x41c5, 0x62a8, 0x41c5, 0x3144, 0x41c5, 0x20e3, 0x1081, 0x0000,
    0x0000, 0x0000, 0x0000, 0xdedb, 0x2a28, 0x0000, 0x0000, 0x0000, 0x0000, 0x0000, 0x0000, 0x0000, 0x2a28, 0xdedb, 0x0000, 0x0000,
    0x0000, 0x0000, 0x0000, 0x0000, 0x0000, 0x2a01, 0x0000, 0x0000, 0x0000, 0x0000, 0x0000, 0x0000, 0x6d87, 0x6d87, 0x0000, 0x0000,
    0x0000, 0x0000, 0x9882, 0xb083, 0xf8e5, 0xfaed, 0xfcb3, 0xfcb3, 0xfcb3, 0xfaed, 0xf8e5, 0xb083, 0x7140, 0x7140, 0x0000, 0x0000,
    0x0000, 0x0000, 0xb322, 0xdd02, 0xef6a, 0xf7d2, 0xfffc, 0xfffc, 0xfffc, 0xf7d2, 0xef6a, 0xdd02, 0x7140, 0x7140, 0x0000, 0x0000,
    0x0000, 0x0000, 0x0000, 0x0000, 0x734a, 0xf738, 0xf738, 0xde73, 0xde73, 0xde73, 0xb52f, 0x5267, 0x0000, 0x0000, 0x0000, 0x0000,
    0x0000, 0x0000, 0x0000, 0x0000, 0xbdd9, 0xffff, 0xffff, 0xffff, 0xef5d, 0xffff, 0xd6bb, 0x52ad, 0x0000, 0x0000, 0x0000, 0x0000,
    0x0000, 0x0000, 0xae59, 0xefdf, 0xd79e, 0xffff, 0xffff, 0xffff, 0xefdf, 0xffff, 0xd79e, 0xefdf, 0xae59, 0x7d34, 0x0000, 0x0000,
    0x0000, 0x4a49, 0x8c71, 0x8c71, 0x7bf3, 0x7bf3, 0x31a6, 0x0000, 0x0000, 0x4a49, 0x7bf3, 0x7bf3, 0x8c71, 0x8c71, 0x31a6, 0x0000,
    0x0000, 0x0000, 0x0000, 0x528a, 0xb596, 0xb596, 0x528a, 0x0000, 0x0000, 0x31a6, 0x738e, 0x94b2, 0x31a6, 0x0000, 0x0000, 0x0000,
    0x0000, 0x0000, 0x0000, 0x2965, 0x94b2, 0xdedb, 0x2965, 0x2965, 0x2965, 0x18c3, 0x6b4d, 0xdedb, 0x18c3, 0x0000, 0x0000, 0x0000,
    0x0000, 0x0000, 0x0000, 0x2965, 0xc638, 0xc638, 0x2965, 0x2965, 0x2965, 0x18c3, 0x6b4d, 0x94b2, 0x18c3, 0x0000, 0x0000, 0x0000,
    0x0000, 0x0000, 0x0000, 0x09e6, 0x4f7b, 0x4f7b, 0x09e6, 0x09e6, 0x09e6, 0x0924, 0x1d54, 0x2636, 0x0924, 0x0000, 0x0000, 0x0000,
    0x0000, 0x0000, 0x0000, 0x82e2, 0xef6a, 0xef6a, 0x82e2, 0x82e2, 0x82e2, 0x3961, 0xdca2, 0xed82, 0x3961, 0x0000, 0x0000, 0x0000,
    0x0000, 0x0000, 0x4228, 0x738e, 0x4228, 0x0000, 0x4228, 0x3186, 0x0000, 0x0000, 0x0000, 0x10a2, 0x0000, 0x0000, 0x0000, 0x0000,
    0x0000, 0x0000, 0x18e3, 0x2124, 0x2965, 0x2124, 0x20e4, 0x2124, 0x31a6, 0x31a6, 0x2965, 0x2124, 0x3186, 0x1082, 0x0000, 0x0000,
    0x0000, 0x0000, 0x1081, 0x2923, 0x18c2, 0x20e3, 0x18c2, 0x18c2, 0x2923, 0x2923, 0x3144, 0x20e3, 0x18c2, 0x18c2, 0x1081, 0x0000,
    0x0000, 0x0000, 0xf7be, 0x2a28, 0x0000, 0x0000, 0xdedb, 0xf7be, 0xdedb, 0xf7be, 0x0000, 0x0000, 0x0000, 0x2a28, 0xf7be, 0x0000,
    0x0000, 0x0000, 0x0000, 0x0000, 0x0702, 0x0000, 0x0000, 0x0000, 0x6d87, 0x4384, 0x0000, 0x0000, 0x2a01, 0x2a01, 0x0000, 0x0000,
    0x0000, 0x0000, 0x9882, 0xb083, 0xf8e5, 0xf8e5, 0xf8e5, 0xf8e5, 0xf8e5, 0xf8e5, 0xd8a4, 0xf8e5, 0xb083, 0x7140, 0x0000, 0x0000,
    0x0000, 0x0000, 0xb322, 0xdd02, 0xef6a, 0xef6a, 0xef6a, 0xef6a, 0xef6a, 0xef6a, 0xee48, 0xef6a, 0xdd02, 0x7140, 0x0000, 0x0000,
    0x0000, 0x0000, 0x0000, 0x734a, 0xb52f, 0xf738, 0xde73, 0xde73, 0xde73, 0xde73, 0xb52f, 0x8c0b, 0x5267, 0x0000, 0x0000, 0x0000,
    0x0000, 0x0000, 0x0000, 0xbdd9, 0xffff, 0xffff, 0xffff, 0xffff, 0xffff, 0xd6bb, 0xbdd9, 0xd6bb, 0x52ad, 0x0000, 0x0000, 0x0000,
    0x0000, 0x0000, 0xae59, 0xd79e, 0xffff, 0xffff, 0xffff, 0xffff, 0xffff, 0xffff, 0xefdf, 0xd79e, 0xc6db, 0x7d34, 0x0000, 0x0000,
    0x0000, 0x4a49, 0x738e, 0x7bf3, 0x7bf3, 0x7371, 0x31a6, 0x0000, 0x0000, 0x4a49, 0x7371, 0x7bf3, 0x7bf3, 0x738e, 0x31a6, 0x0000,
    0x0000, 0x0000, 0x0000, 0x528a, 0xb596, 0x528a, 0x0000, 0x0000, 0x0000, 0x0000, 0x31a6, 0x94b2, 0x31a6, 0x0000, 0x0000, 0x0000,
    0x0000, 0x0000, 0x0000, 0x2965, 0xdedb, 0x2965, 0x18c3, 0x18c3, 0x18c3, 0x18c3, 0x18c3, 0x94b2, 0x18c3, 0x0000, 0x0000, 0x0000,
    0x0000, 0x0000, 0x0000, 0x2965, 0xc638, 0x2965, 0x18c3, 0x18c3, 0x18c3, 0x18c3, 0x18c3, 0x94b2, 0x18c3, 0x0000, 0x0000, 0x0000,
    0x0000, 0x0000, 0x0000, 0x09e6, 0x4f7b, 0x09e6, 0x0924, 0x0924, 0x0924, 0x0924, 0x0924, 0x2636, 0x0924, 0x0000, 0x0000, 0x0000,
    0x0000, 0x0000, 0x0000, 0x82e2, 0xef6a, 0x82e2, 0x3961, 0x3961, 0x3961, 0x3961, 0x3961, 0xed82, 0x3961, 0x0000, 0x0000, 0x0000,
    0x0000, 0x0000, 0x3186, 0x738e, 0x9cf3, 0x4228, 0x9cf3, 0x3186, 0x0000, 0x0000, 0x10a2, 0x52aa, 0x10a2, 0x0000, 0x0000, 0x0000,
    0x0000, 0x0000, 0x18e3, 0x2965, 0x39e8, 0x3186, 0x2124, 0x2965, 0x2965, 0x2965, 0x2124, 0x20e4, 0x2124, 0x1082, 0x0000, 0x0000,
    0x0000, 0x0000, 0x1081, 0x2923, 0x20e3, 0x41c5, 0x18c2, 0x18c2, 0x18c2, 0x18c2, 0x18c2, 0x18c2, 0x20e3, 0x2923, 0x1081, 0x0000,
    0x0000, 0x0000, 0xdedb, 0x0000, 0x0000, 0xf7be, 0x2a28, 0x2a28, 0x2a28, 0x2a28, 0xdedb, 0xf7be, 0x0000, 0x0000, 0xdedb, 0x0000,
    0x0000, 0x0000, 0x0000, 0x0000, 0x0702, 0x0000, 0xad87, 0x0000, 0x2a01, 0x2a01, 0x0000, 0x0000, 0x0000, 0x0000, 0x0000, 0x0000,
    0x0000, 0x0000, 0x9882, 0xb083, 0xd8a4, 0xf8e5, 0xd8a4, 0xf8e5, 0xd8a4, 0xd8a4, 0xd8a4, 0xf8e5, 0xd8a4, 0x5041, 0x0000, 0x0000,
    0x0000, 0x0000, 0xb322, 0xdd02, 0xee48, 0xef6a, 0xee48, 0xef6a, 0xee48, 0xee48, 0xee48, 0xef6a, 0xee48, 0x5081, 0x0000, 0x0000,
    0x0000, 0x0000, 0x0000, 0x734a, 0xde73, 0xde73, 0xde73, 0xde73, 0xde73, 0xde73, 0xb52f, 0xb52f, 0x5267, 0x0000, 0x0000, 0x0000,
    0x0000, 0x0000, 0xbdd9, 0xef5d, 0xffff, 0xffff, 0xef5d, 0xd6bb, 0xffff, 0xef5d, 0xd6bb, 0xffff, 0xbdd9, 0x52ad, 0x0000, 0x0000,
    0x0000, 0x0000, 0xae59, 0xd79e, 0xefdf, 0xffff, 0xefdf, 0xffff, 0xefdf, 0xd79e, 0xefdf, 0xc6db, 0xd79e, 0x7d34, 0x0000, 0x0000,
    0x0000, 0x4a49, 0x7bf3, 0x738e, 0x738e, 0x7371, 0x31a6, 0x0000, 0x0000, 0x4a49, 0x7371, 0x738e, 0x738e, 0x7bf3, 0x31a6, 0x0000,
    0x0000, 0x0000, 0x0000, 0x528a, 0xb596, 0x528a, 0x0000, 0x0000, 0x0000, 0x0000, 0x31a6, 0x738e, 0x31a6, 0x0000, 0x0000, 0x0000,
    0x0000, 0x0000, 0x0000, 0x2965, 0x94b2, 0x2965, 0x18c3, 0x18c3, 0x18c3, 0x18c3, 0x18c3, 0x6b4d, 0x18c3, 0x0000, 0x0000, 0x0000,
    0x0000, 0x0000, 0x0000, 0x2965, 0xc638, 0x2965, 0x18c3, 0x18c3, 0x18c3, 0x18c3, 0x18c3, 0x6b4d, 0x18c3, 0x0000, 0x0000, 0x0000,
    0x0000, 0x0000, 0x0000, 0x09e6, 0x4f7b, 0x09e6, 0x0924, 0x0924, 0x0924, 0x0924, 0x0924, 0x1d54, 0x0924, 0x0000, 0x0000, 0x0000,
    0x0000, 0x0000, 0x0000, 0x82e2, 0xef6a, 0x82e2, 0x3961, 0x3961, 0x3961, 0x3961, 0x3961, 0xdca2, 0x3961, 0x0000, 0x0000, 0x0000,
    0x0000, 0x0000, 0x0000, 0x3186, 0x738e, 0x9cf3, 0x3186, 0x0000, 0x0000, 0x10a2, 0x2945, 0x3186, 0x0020, 0x0000, 0x0000, 0x0000,
    0x0000, 0x0000, 0x18e3, 0x2124, 0x2965, 0x2965, 0x2965, 0x2124, 0x2124, 0x2124, 0x2965, 0x20e4, 0x20e4, 0x20e4, 0x1082, 0x0000,
    0x0000, 0x0000, 0x1081, 0x20e3, 0x2923, 0x2923, 0x2923, 0x20e3, 0x18c2, 0x18c2, 0x20e3, 0x2923, 0x41c5, 0x2923, 0x1081, 0x0000,
    0x0000, 0x0000, 0x2a28, 0xf7be, 0x0000, 0x2a28, 0xdedb, 0x0000, 0x0000, 0x0000, 0x2a28, 0x2a28, 0xdedb, 0x0000, 0xf7be, 0x0000,
    0x0000, 0x0000, 0x0000, 0x6d87, 0x4384, 0x0000, 0x2a01, 0x0000, 0x0000, 0x0000, 0x0000, 0x0000, 0x0000, 0x0000, 0x0000, 0x0000,
    0x0000, 0x0000, 0x7140, 0xb083, 0xb083, 0xd8a4, 0xd8a4, 0xb083, 0xb083, 0xd8a4, 0xb083, 0xf8e5, 0xd8a4, 0x5041, 0x0000, 0x0000,
    0x0000, 0x0000, 0x7140, 0xdd02, 0xdd02, 0xee48, 0xee48, 0xdd02, 0xdd02, 0xee48, 0xdd02, 0xef6a, 0xee48, 0x5081, 0x0000, 0x0000,
    0x0000, 0x0000, 0x0000, 0x734a, 0xde73, 0xde73, 0xde73, 0xde73, 0xde73, 0xde73, 0xb52f, 0xb52f, 0x5267, 0x0000, 0x0000, 0x0000,
    0x0000, 0x0000, 0xbdd9, 0xffff, 0xef5d, 0xffff, 0xffff, 0xffff, 0xef5d, 0xd6bb, 0xd6bb, 0xbdd9, 0xd6bb, 0x52ad, 0x0000, 0x0000,
    0x0000, 0x0000, 0xae59, 0xc6db, 0xc6db, 0xefdf, 0xffff, 0xefdf, 0xffff, 0xefdf, 0xc6db, 0xd79e, 0xae59, 0x7d34, 0x0000, 0x0000,
    0x0000, 0x4a49, 0x6b4d, 0x738e, 0x7371, 0x7371, 0x31a6, 0x0000, 0x0000, 0x4a49, 0x7371, 0x7371, 0x738e, 0x4a49, 0x31a6, 0x0000,
    0x0000, 0x0000, 0x0000, 0x528a, 0x94b2, 0x31a6, 0x0000, 0x0000, 0x0000, 0x0000, 0x31a6, 0x738e, 0x31a6, 0x0000, 0x0000, 0x0000,
    0x0000, 0x0000, 0x0000, 0x2965, 0xdedb, 0x18c3, 0x18c3, 0x18c3, 0x18c3, 0x18c3, 0x18c3, 0x6b4d, 0x18c3, 0x0000, 0x0000, 0x0000,
    0x0000, 0x0000, 0x0000, 0x2965, 0x94b2, 0x18c3, 0x18c3, 0x18c3, 0x18c3, 0x18c3, 0x18c3, 0x6b4d, 0x18c3, 0x0000, 0x0000, 0x0000,
    0x0000, 0x0000, 0x0000, 0x09e6, 0x2636, 0x0924, 0x0924, 0x0924, 0x0924, 0x0924, 0x0924, 0x1d54, 0x0924, 0x0000, 0x0000, 0x0000,
    0x0000, 0x0000, 0x0000, 0x82e2, 0xed82, 0x3961, 0x3961, 0x3961, 0x3961, 0x3961, 0x3961, 0xdca2, 0x3961, 0x0000, 0x0000, 0x0000,
    0x0000, 0x0000, 0x0000, 0x0000, 0x3186, 0x3186, 0x0000, 0x0000, 0x10a2, 0x3186, 0x52aa, 0x7bef, 0x2945, 0x0020, 0x0000, 0x0000,
    0x0000, 0x0000, 0x18e3, 0x2124, 0x2124, 0x2124, 0x20e4, 0x2124, 0x2965, 0x20e4, 0x2124, 0x18a4, 0x2124, 0x18a4, 0x1082, 0x0000,
    0x0000, 0x0000, 0x1081, 0x18c2, 0x20e3, 0x2923, 0x4a26, 0x2923, 0x20e3, 0x18c2, 0x18c2, 0x20e3, 0x2923, 0x20e3, 0x1081, 0x0000,
    0x0000, 0x0000, 0x0000, 0x2a28, 0xdedb, 0xf7be, 0x2a28, 0x2a28, 0x0000, 0x0000, 0x0000, 0xf7be, 0x2a28, 0x0000, 0xdedb, 0x0000,
    0x0000, 0x0000, 0x0000, 0x2a01, 0x2a01, 0x0000, 0x0000, 0x0000, 0x0702, 0x0000, 0x0000, 0xad87, 0x6b84, 0x0000, 0x0000, 0x0000,
    0x0000, 0x0000, 0x7140, 0xb083, 0xb083, 0xb083, 0xb083, 0xb083, 0xd8a4, 0xb083, 0xb083, 0xf8e5, 0xb083, 0x5041, 0x0000, 0x0000,
    0x0000, 0x0000, 0x7140, 0xdd02, 0xdd02, 0xdd02, 0xdd02, 0xdd02, 0xee48, 0xdd02, 0xdd02, 0xef6a, 0xdd02, 0x5081, 0x0000, 0x0000,
    0x0000, 0x0000, 0x0000, 0x734a, 0xde73, 0xde73, 0xde73, 0xde73, 0xde73, 0xb52f, 0xb52f, 0xb52f, 0x5267, 0x0000, 0x0000, 0x0000,
    0x0000, 0x0000, 0x52ad, 0xd6bb, 0xffff, 0xffff, 0xffff, 0xef5d, 0xd6bb, 0xffff, 0xd6bb, 0xd6bb, 0xbdd9, 0x52ad, 0x0000, 0x0000,
    0x0000, 0x0000, 0x0000, 0xae59, 0xd79e, 0xc6db, 0xc6db, 0xefdf, 0xd79e, 0xc6db, 0xc6db, 0xc6db, 0x7d34, 0x0000, 0x0000, 0x0000,
    0x0000, 0x0000, 0x4a49, 0x6b4d, 0x7371, 0x738e, 0x31a6, 0x0000, 0x0000, 0x31a6, 0x738e, 0x7371, 0x6b4d, 0x31a6, 0x0000, 0x0000,
    0x0000, 0x0000, 0x0000, 0x0000, 0x528a, 0x31a6, 0x0000, 0x0000, 0x0000, 0x0000, 0x31a6, 0x31a6, 0x0000, 0x0000, 0x0000, 0x0000,
    0x0000, 0x0000, 0x0000, 0x0000, 0x2965, 0x18c3, 0x0000, 0x0000, 0x0000, 0x0000, 0x18c3, 0x18c3, 0x0000, 0x0000, 0x0000, 0x0000,
    0x0000, 0x0000, 0x0000, 0x0000, 0x2965, 0x18c3, 0x0000, 0x0000, 0x0000, 0x0000, 0x18c3, 0x18c3, 0x0000, 0x0000, 0x0000, 0x0000,
    0x0000, 0x0000, 0x0000, 0x0000, 0x09e6, 0x0924, 0x0000, 0x0000, 0x0000, 0x0000, 0x0924, 0x0924, 0x0000, 0x0000, 0x0000, 0x0000,
    0x0000, 0x0000, 0x0000, 0x0000, 0x82e2, 0x3961, 0x0000, 0x0000, 0x0000, 0x0000, 0x3961, 0x3961, 0x0000, 0x0000, 0x0000, 0x0000,
    0x0000, 0x0000, 0x0000, 0x0000, 0x0000, 0x0000, 0x0000, 0x10a2, 0x2945, 0x3186, 0xad55, 0x2945, 0x10a2, 0x0020, 0x0000, 0x0000,
    0x0000, 0x0000, 0x18e3, 0x18a4, 0x20e4, 0x2124, 0x20e4, 0x20e4, 0x20e4, 0x20e4, 0x20e4, 0x18a4, 0x20e4, 0x18a4, 0x1082, 0x0000,
    0x0000, 0x0000, 0x1081, 0x18c2, 0x2923, 0x20e3, 0x2923, 0x2923, 0x20e3, 0x2923, 0x18c2, 0x18c2, 0x20e3, 0x18c2, 0x1081, 0x0000,
    0x0000, 0x0000, 0x0000, 0x0000, 0x2a28, 0x2a28, 0xdedb, 0xf7be, 0xdedb, 0xf7be, 0xdedb, 0x2a28, 0x0000, 0xf7be, 0x2a28, 0x0000,
    0x0000, 0x0000, 0x0000, 0x0000, 0x0000, 0x0000, 0x0000, 0x6d87, 0x4384, 0x0000, 0x0000, 0x2a01, 0x2a01, 0x0000, 0x0000, 0x0000,
    0x0000, 0x0000, 0x0000, 0x7140, 0xb083, 0xb083, 0xd8a4, 0xb083, 0xb083, 0xb083, 0xd8a4, 0xb083, 0x5041, 0x0000, 0x0000, 0x0000,
    0x0000, 0x0000, 0x0000, 0x7140, 0xdd02, 0xdd02, 0xee48, 0xdd02, 0xdd02, 0xdd02, 0xee48, 0xdd02, 0x5081, 0x0000, 0x0000, 0x0000,
    0x0000, 0x0000, 0x0000, 0x734a, 0xb52f, 0xde73, 0xde73, 0xde73, 0xb52f, 0xb52f, 0xb52f, 0x8c0b, 0x5267, 0x0000, 0x0000, 0x0000,
    0x0000, 0x0000, 0x0000, 0x52ad, 0xd6bb, 0xffff, 0xef5d, 0xd6bb, 0xbdd9, 0xd6bb, 0xd6bb, 0xbdd9, 0x52ad, 0x0000, 0x0000, 0x0000,
    0x0000, 0x0000, 0x0000, 0x7d34, 0xae59, 0xc6db, 0xc6db, 0xc6db, 0xc6db, 0xc6db, 0xd79e, 0xae59, 0x7d34, 0x0000, 0x0000, 0x0000,
    0x0000, 0x0000, 0x31a6, 0x6b4d, 0x7371, 0x6b4d, 0x31a6, 0x0000, 0x0000, 0x31a6, 0x6b4d, 0x7371, 0x6b4d, 0x31a6, 0x0000, 0x0000,
    0x0000, 0x0000, 0x0000, 0x0000, 0x0000, 0x0000, 0x0000, 0x0000, 0x0000, 0x0000, 0x0000, 0x0000, 0x0000, 0x0000, 0x0000, 0x0000,
    0x0000, 0x0000, 0x0000, 0x0000, 0x0000, 0x0000, 0x0000, 0x0000, 0x0000, 0x0000, 0x0000, 0x0000, 0x0000, 0x0000, 0x0000, 0x0000,
    0x0000, 0x0000, 0x0000, 0x0000, 0x0000, 0x0000, 0x0000, 0x0000, 0x0000, 0x0000, 0x0000, 0x0000, 0x0000, 0x0000, 0x0000, 0x0000,
    0x0000, 0x0000, 0x0000, 0x0000, 0x0000, 0x0000, 0x0000, 0x0000, 0x0000, 0x0000, 0x0000, 0x0000, 0x0000, 0x0000, 0x0000, 0x0000,
    0x0000, 0x0000, 0x0000, 0x0000, 0x0000, 0x0000, 0x0000, 0x0000, 0x0000, 0x0000, 0x0000, 0x0000, 0x0000, 0x0000, 0x0000, 0x0000,
    0x0000, 0x0000, 0x0000, 0x0000, 0x0000, 0x0000, 0x0000, 0x10a2, 0x52aa, 0x7bef, 0x2945, 0x10a2, 0x10a2, 0x2945, 0x0020, 0x0000,
    0x0000, 0x0000, 0x0000, 0x1082, 0x18a4, 0x18a4, 0x20e4, 0x2124, 0x18a4, 0x20e4, 0x20e4, 0x18a4, 0x18a4, 0x1082, 0x0000, 0x0000,
    0x0000, 0x0000, 0x0000, 0x1081, 0x18c2, 0x2923, 0x20e3, 0x20e3, 0x2923, 0x18c2, 0x18c2, 0x18c2, 0x18c2, 0x1081, 0x0000, 0x0000,
    0x0000, 0x0000, 0x0000, 0x0000, 0x0000, 0x0000, 0x2a28, 0x2a28, 0x2a28, 0x2a28, 0x2a28, 0x0000, 0xdedb, 0x2a28, 0x0000, 0x0000,
    0x0000, 0x0000, 0x0000, 0x0000, 0x0000, 0x0000, 0x0000, 0x2a01, 0x2a01, 0x0000, 0x0000, 0x0000, 0x0000, 0x0000, 0x0000, 0x0000,
    0x0000, 0x0000, 0x0000, 0x7140, 0x9882, 0xb083, 0xb083, 0xb083, 0xd8a4, 0xd8a4, 0xb083, 0x9882, 0x5041, 0x0000, 0x0000, 0x0000,
    0x0000, 0x0000, 0x0000, 0x7140, 0xb322, 0xdd02, 0xdd02, 0xdd02, 0xee48, 0xee48, 0xdd02, 0xb322, 0x5081, 0x0000, 0x0000, 0x0000,
    0x0000, 0x0000, 0x0000, 0x0000, 0x5267, 0x8c0b, 0xb52f, 0xb52f, 0xb52f, 0xb52f, 0x8c0b, 0x5267, 0x0000, 0x0000, 0x0000, 0x0000,
    0x0000, 0x0000, 0x0000, 0x0000, 0x52ad, 0x52ad, 0xbdd9, 0xd6bb, 0xd6bb, 0xbdd9, 0x52ad, 0x52ad, 0x0000, 0x0000, 0x0000, 0x0000,
    0x0000, 0x0000, 0x0000, 0x0000, 0x7d34, 0x7d34, 0xae59, 0xd79e, 0xc6db, 0xae59, 0x7d34, 0x7d34, 0x0000, 0x0000, 0x0000, 0x0000,
    0x0000, 0x0000, 0x0000, 0x31a6, 0x6b4d, 0x31a6, 0x0000, 0x0000, 0x0000, 0x0000, 0x31a6, 0x6b4d, 0x31a6, 0x0000, 0x0000, 0x0000,
    0x0000, 0x0000, 0x0000, 0x0000, 0x0000, 0x0000, 0x0000, 0x0000, 0x0000, 0x0000, 0x0000, 0x0000, 0x0000, 0x0000, 0x0000, 0x0000,
    0x0000, 0x0000, 0x0000, 0x0000, 0x0000, 0x0000, 0x0000, 0x0000, 0x0000, 0x0000, 0x0000, 0x0000, 0x0000, 0x0000, 0x0000, 0x0000,
    0x0000, 0x0000, 0x0000, 0x0000, 0x0000, 0x0000, 0x0000, 0x0000, 0x0000, 0x0000, 0x0000, 0x0000, 0x0000, 0x0000, 0x0000, 0x0000,
    0x0000, 0x0000, 0x0000, 0x0000, 0x0000, 0x0000, 0x0000, 0x0000, 0x0000, 0x0000, 0x0000, 0x0000, 0x0000, 0x0000, 0x0000, 0x0000,
    0x0000, 0x0000, 0x0000, 0x0000, 0x0000, 0x0000, 0x0000, 0x0000, 0x0000, 0x0000, 0x0000, 0x0000, 0x0000, 0x0000, 0x0000, 0x0000,
    0x0000, 0x0000, 0x0000, 0x0000, 0x0000, 0x0000, 0x0000, 0x10a2, 0x52aa, 0x3186, 0x10a2, 0x2945, 0x3186, 0x52aa, 0x0020, 0x0000,
    0x0000, 0x0000, 0x0000, 0x0000, 0x1082, 0x18a4, 0x18a4, 0x18a4, 0x18a4, 0x1082, 0x1082, 0x1082, 0x1082, 0x0000, 0x0000, 0x0000,
    0x0000, 0x0000, 0x0000, 0x0000, 0x1081, 0x18c2, 0x18c2, 0x18c2, 0x18c2, 0x1081, 0x1081, 0x1081, 0x1081, 0x0000, 0x0000, 0x0000,
    0x0000, 0x0000, 0x0000, 0x0000, 0x0000, 0x0000, 0x0000, 0x0000, 0x2a28, 0xf7be, 0xdedb, 0xf7be, 0x2a28, 0x0000, 0x0000, 0x0000,
    0x0000, 0x0000, 0x0000, 0x0000, 0x0000, 0x0000, 0x0000, 0x0000, 0x0000, 0x0000, 0x0000, 0x0000, 0x0000, 0x0000, 0x0000, 0x0000,
    0x0000, 0x0000, 0x0000, 0x0000, 0x5041, 0x9882, 0xb083, 0x9882, 0x9882, 0xb083, 0x9882, 0x5041, 0x0000, 0x0000, 0x0000, 0x0000,
    0x0000, 0x0000, 0x0000, 0x0000, 0x5081, 0xb322, 0xdd02, 0xb322, 0xb322, 0xdd02, 0xb322, 0x5081, 0x0000, 0x0000, 0x0000, 0x0000,
    0x0000, 0x0000, 0x0000, 0x0000, 0x0000, 0x5267, 0x5267, 0x5267, 0x5267, 0x5267, 0x5267, 0x0000, 0x0000, 0x0000, 0x0000, 0x0000,
    0x0000, 0x0000, 0x0000, 0x0000, 0x0000, 0x0000, 0x52ad, 0x52ad, 0x52ad, 0x52ad, 0x0000, 0x0000, 0x0000, 0x0000, 0x0000, 0x0000,
    0x0000, 0x0000, 0x0000, 0x0000, 0x0000, 0x0000, 0x7d34, 0x7d34, 0x7d34, 0x7d34, 0x0000, 0x0000, 0x0000, 0x0000, 0x0000, 0x0000,
    0x0000, 0x0000, 0x0000, 0x31a6, 0x31a6, 0x0000, 0x0000, 0x0000, 0x0000, 0x0000, 0x0000, 0x31a6, 0x31a6, 0x0000, 0x0000, 0x0000,
    0x0000, 0x0000, 0x0000, 0x0000, 0x0000, 0x0000, 0x0000, 0x0000, 0x0000, 0x0000, 0x0000, 0x0000, 0x0000, 0x0000, 0x0000, 0x0000,
    0x0000, 0x0000, 0x0000, 0x0000, 0x0000, 0x0000, 0x0000, 0x0000, 0x0000, 0x0000, 0x0000, 0x0000, 0x0000, 0x0000, 0x0000, 0x0000,
    0x0000, 0x0000, 0x0000, 0x0000, 0x0000, 0x0000, 0x0000, 0x0000, 0x0000, 0x0000, 0x0000, 0x0000, 0x0000, 0x0000, 0x0000, 0x0000,
    0x0000, 0x0000, 0x0000, 0x0000, 0x0000, 0x0000, 0x0000, 0x0000, 0x0000, 0x0000, 0x0000, 0x0000, 0x0000, 0x0000, 0x0000, 0x0000,
    0x0000, 0x0000, 0x0000, 0x0000, 0x0000, 0x0000, 0x0000, 0x0000, 0x0000, 0x0000, 0x0000, 0x0000, 0x0000, 0x0000, 0x0000, 0x0000,
    0x0000, 0x0000, 0x0000, 0x0000, 0x0000, 0x0000, 0x0000, 0x0000, 0x0020, 0x2945, 0x10a2, 0x0020, 0x0020, 0x0020, 0x0000, 0x0000,
    0x0000, 0x0000, 0x0000, 0x0000, 0x0000, 0x1082, 0x1082, 0x1082, 0x1082, 0x0000, 0x0000, 0x0000, 0x0000, 0x0000, 0x0000, 0x0000,
    0x0000, 0x0000, 0x0000, 0x0000, 0x0000, 0x1081, 0x1081, 0x1081, 0x1081, 0x0000, 0x0000, 0x0000, 0x0000, 0x0000, 0x0000, 0x0000,
    0x0000, 0x0000, 0x0000, 0x0000, 0x0000, 0x0000, 0x0000, 0x0000, 0x0000, 0x2a28, 0x2a28, 0x2a28, 0x0000, 0x0000, 0x0000, 0x0000,
    0x0000, 0x0000, 0x0000, 0x0000, 0x0000, 0x0000, 0x0000, 0x0000, 0x0000, 0x0000, 0x0000, 0x0000, 0x0000, 0x0000, 0x0000, 0x0000,
    0x0000, 0x0000, 0x0000, 0x0000, 0x0000, 0x5041, 0x7140, 0x7140, 0x7140, 0x5041, 0x5041, 0x0000, 0x0000, 0x0000, 0x0000, 0x0000,
    0x0000, 0x0000, 0x0000, 0x0000, 0x0000, 0x5081, 0x7140, 0x7140, 0x7140, 0x5081, 0x5081, 0x0000, 0x0000, 0x0000, 0x0000, 0x0000,
    0x0000, 0x0000, 0x0000, 0x0000, 0x0000, 0x0000, 0x0000, 0x0000, 0x0000, 0x0000, 0x0000, 0x0000, 0x0000, 0x0000, 0x0000, 0x0000,
    0x0000, 0x0000, 0x0000, 0x0000, 0x0000, 0x0000, 0x0000, 0x0000, 0x0000, 0x0000, 0x0000, 0x0000, 0x0000, 0x0000, 0x0000, 0x0000,
    0x0000, 0x0000, 0x0000, 0x0000, 0x0000, 0x0000, 0x0000, 0x0000, 0x0000, 0x0000, 0x0000, 0x0000, 0x0000, 0x0000, 0x0000, 0x0000,
    0x0000, 0x0000, 0x0000, 0x0000, 0x0000, 0x0000, 0x0000, 0x0000, 0x0000, 0x0000, 0x0000, 0x0000, 0x0000, 0x0000, 0x0000, 0x0000,
    0x0000, 0x0000, 0x0000, 0x0000, 0x0000, 0x0000, 0x0000, 0x0000, 0x0000, 0x0000, 0x0000, 0x0000, 0x0000, 0x0000, 0x0000, 0x0000,
    0x0000, 0x0000, 0x0000, 0x0000, 0x0000, 0x0000, 0x0000, 0x0000, 0x0000, 0x0000, 0x0000, 0x0000, 0x0000, 0x0000, 0x0000, 0x0000,
    0x0000, 0x0000, 0x0000, 0x0000, 0x0000, 0x0000, 0x0000, 0x0000, 0x0000, 0x0000, 0x0000, 0x0000, 0x0000, 0x0000, 0x0000, 0x0000,
    0x0000, 0x0000, 0x0000, 0x0000, 0x0000, 0x0000, 0x0000, 0x0000, 0x0000, 0x0000, 0x0000, 0x0000, 0x0000, 0x0000, 0x0000, 0x0000,
    0x0000, 0x0000, 0x0000, 0x0000, 0x0000, 0x0000, 0x0000, 0x0000, 0x0000, 0x0000, 0x0000, 0x0000, 0x0000, 0x0000, 0x0000, 0x0000,
    0x0000, 0x0000, 0x0000, 0x0000, 0x0000, 0x0000, 0x0000, 0x0000, 0x0000, 0x0020, 0x0020, 0x0000, 0x0000, 0x0000, 0x0000, 0x0000,
    0x0000, 0x0000, 0x0000, 0x0000, 0x0000, 0x0000, 0x0000, 0x0000, 0x0000, 0x0000, 0x0000, 0x0000, 0x0000, 0x0000, 0x0000, 0x0000,
    0x0000, 0x0000, 0x0000, 0x0000, 0x0000, 0x0000, 0x0000, 0x0000, 0x0000, 0x0000, 0x0000, 0x0000, 0x0000, 0x0000, 0x0000, 0x0000,
    0x0000, 0x0000, 0x0000, 0x0000, 0x0000, 0x0000, 0x0000, 0x0000, 0x0000, 0x0000, 0x0000, 0x0000, 0x0000, 0x0000, 0x0000, 0x0000,
    0x0000, 0x0000, 0x0000, 0x0000, 0x0000, 0x0000, 0x0000, 0x0000, 0x0000, 0x0000, 0x0000, 0x0000, 0x0000, 0x0000, 0x0000, 0x0000,
    0x0000, 0x0000, 0x0000, 0x0000, 0x0000, 0x0000, 0x0000, 0x0000, 0x0000, 0x0000, 0x0000, 0x0000, 0x0000, 0x0000, 0x0000, 0x0000,
    0x0000, 0x0000, 0x0000, 0x0000, 0x0000, 0x0000, 0x0000, 0x0000, 0x0000, 0x0000, 0x0000, 0x0000, 0x0000, 0x0000, 0x0000, 0x0000,
    0x0000, 0x0000, 0x0000, 0x0000, 0x0000, 0x0000, 0x0000, 0x0000, 0x0000, 0x0000, 0x0000, 0x0000, 0x0000, 0x0000, 0x0000, 0x0000,
    0x0000, 0x0000, 0x0000, 0x0000, 0x0000, 0x0000, 0x0000, 0x0000, 0x0000, 0x0000, 0x0000, 0x0000, 0x0000, 0x0000, 0x0000, 0x0000,
    0x0000, 0x0000, 0x0000, 0x0000, 0x0000, 0x0000, 0x0000, 0x0000, 0x0000, 0x0000, 0x0000, 0x0000, 0x0000, 0x0000, 0x0000, 0x0000,
    0x0000, 0x0000, 0x0000, 0x0000, 0x0000, 0x0000, 0x0000, 0x0000, 0x0000, 0x0000, 0x0000, 0x0000, 0x0000, 0x0000, 0x0000, 0x0000,
    0x0000, 0x0000, 0x0000, 0x0000, 0x0000, 0x0000, 0x0000, 0x0000, 0x0000, 0x0000, 0x0000, 0x0000, 0x0000, 0x0000, 0x0000, 0x0000,
    0x0000, 0x0000, 0x0000, 0x0000, 0x0000, 0x0000, 0x0000, 0x0000, 0x0000, 0x0000, 0x0000, 0x0000, 0x0000, 0x0000, 0x0000, 0x0000,
    0x0000, 0x0000, 0x0000, 0x0000, 0x0000, 0x0000, 0x0000, 0x0000, 0x0000, 0x0000, 0x0000, 0x0000, 0x0000, 0x0000, 0x0000, 0x0000,
    0x0000, 0x0000, 0x0000, 0x0000, 0x0000, 0x0000, 0x0000, 0x0000, 0x0000, 0x0000, 0x0000, 0x0000, 0x0000, 0x0000, 0x0000, 0x0000,
    0x0000, 0x0000, 0x0000, 0x0000, 0x0000, 0x0000, 0x0000, 0x0000, 0x0000, 0x0000, 0x0000, 0x0000, 0x0000, 0x0000, 0x0000, 0x0000,
    0x0000, 0x0000, 0x0000, 0x0000, 0x0000, 0x0000, 0x0000, 0x0000, 0x0000, 0x0000, 0x0000, 0x0000, 0x0000, 0x0000, 0x0000, 0x0000,
    0x0000, 0x0000, 0x0000, 0x0000, 0x0000, 0x0000, 0x0000, 0x0000, 0x0000, 0x0000, 0x0000, 0x0000, 0x0000, 0x0000, 0x0000, 0x0000,
    0x0000, 0x0000, 0x0000, 0x0000, 0x0000, 0x0000, 0x0000, 0x0000, 0x0000, 0x0000, 0x0000, 0x0000, 0x0000, 0x0000, 0x0000, 0x0000,
    0x0000, 0x0000, 0x0000, 0x0000, 0x0000, 0x0000, 0x0000, 0x0000, 0x0000, 0x0000, 0x0000, 0x0000, 0x0000, 0x0000, 0x0000, 0x0000,
    0x0000, 0x0000, 0x0000, 0x0000, 0x0000, 0x0000, 0x0000, 0x0000, 0x0000, 0x0000, 0x0000, 0x0000, 0x0000, 0x0000, 0x0000, 0x0000,
    0x0000, 0x0000, 0x0000, 0x0000, 0x0000, 0x0000, 0x0000, 0x0000, 0x0000, 0x0000, 0x0000, 0x0000, 0x0000, 0x0000, 0x0000, 0x0000,
    0x0000, 0x0000, 0x0000, 0x0000, 0x0000, 0x0000, 0x0000, 0x0000, 0x0000, 0x0000, 0x0000, 0x0000, 0x0000, 0x0000, 0x0000, 0x0000,
    0x0000, 0x0000, 0x0000, 0x0000, 0x0000, 0x0000, 0x0000, 0x0000, 0x0000, 0x0000, 0x0000, 0x0000, 0x0000, 0x0000, 0x0000, 0x0000,
    0x0000, 0x0000, 0x0000, 0x0000, 0x0000, 0x0000, 0x0000, 0x0000, 0x0000, 0x0000, 0x0000, 0x0000, 0x0000, 0x0000, 0x0000, 0x0000,
    0x0000, 0x0000, 0x0000, 0x0000, 0x0000, 0x0000, 0x0000, 0x0000, 0x0000, 0x0000, 0x0000, 0x0000, 0x0000, 0x0000, 0x0000, 0x0000,
    0x0000, 0x0000, 0x0000, 0x0000, 0x0000, 0x0000, 0x0000, 0x0000, 0x0000, 0x0000, 0x0000, 0x0000, 0x0000, 0x0000, 0x0000, 0x0000,
    0x0000, 0x0000, 0x0000, 0x0000, 0x0000, 0x0000, 0x0000, 0x0000, 0x0000, 0x0000, 0x0000, 0x0000, 0x0000, 0x0000, 0x0000, 0x0000,
    0x0000, 0x0000, 0x0000, 0x0000, 0x0000, 0x0000, 0x0000, 0x0000, 0x0000, 0x0000, 0x0000, 0x0000, 0x0000, 0x0000, 0x0000, 0x0000,
    0x0000, 0x0000, 0x0000, 0x0000, 0x0000, 0x0000, 0x0000, 0x0000, 0x0000, 0x0000, 0x0000, 0x0000, 0x0000, 0x0000, 0x0000, 0x0000,
    0x0000, 0x0000, 0x0000, 0x0000, 0x0000, 0x0000, 0x0000, 0x0000, 0x0000, 0x0000, 0x0000, 0x0000, 0x0000, 0x0000, 0x0000, 0x0000,
    0x0000, 0x0000, 0x0000, 0x0000, 0x0000, 0x0000, 0x0000, 0x0000, 0x0000, 0x0000, 0x0000, 0x0000, 0x0000, 0x0000, 0x0000, 0x0000,
    0x0000, 0x0000, 0x0000, 0x0000, 0x0000, 0x0000, 0x0000, 0x0000, 0x0000, 0x0000, 0x0000, 0xc50e, 0xb44a, 0x0000, 0x0000, 0x0000,
    0x0000, 0x0000, 0x0000, 0x0000, 0x0000, 0x0000, 0x0000, 0x0000, 0x0000, 0x0000, 0x0000, 0x5a07, 0x5a07, 0x0000, 0x0000, 0x0000,
    0x0000, 0x0000, 0x0000, 0x0000, 0x0000, 0x0000, 0x0000, 0x0000, 0x0000, 0x0000, 0x0000, 0xba85, 0xba85, 0x0000, 0x0000, 0x0000,
    0x0000, 0x0000, 0x0000, 0x0000, 0x0000, 0x0000, 0x0000, 0x0000, 0xfd21, 0x0000, 0x0000, 0x0000, 0x0000, 0x0000, 0x0000, 0x0000,
    0x0000, 0x0000, 0x0000, 0x0000, 0x0000, 0x0000, 0x0000, 0x0000, 0x0000, 0x0000, 0x0000, 0x0000, 0x0000, 0x0000, 0x0000, 0x0000,
    0x0000, 0x0000, 0x0000, 0x0000, 0x0000, 0x0000, 0x0000, 0x0000, 0x0000, 0x0000, 0x0000, 0x0000, 0x0000, 0x0000, 0x0000, 0x0000,
    0x0000, 0x0000, 0x0000, 0x0000, 0x0000, 0x0000, 0x0000, 0x0000, 0x0000, 0x0000, 0x0000, 0x0000, 0x0000, 0x0000, 0x0000, 0x0000,
    0x0000, 0x0000, 0x0000, 0x0000, 0x0000, 0x0000, 0x0000, 0x0000, 0x0000, 0x0000, 0x0000, 0x0000, 0x5402, 0x5402, 0x53a2, 0x0000,
    0x0000, 0x0000, 0x0000, 0x0000, 0x0000, 0x0000, 0x0000, 0x0000, 0x0000, 0x0000, 0x0000, 0x0000, 0x0000, 0x5323, 0x5323, 0x0000,
    0x0000, 0x0000, 0x0000, 0x0000, 0x0000, 0x0000, 0x0000, 0x62ea, 0x0861, 0x0000, 0x0000, 0x0000, 0x0000, 0x0000, 0x0000, 0x0000,
    0x0000, 0x0000, 0x0000, 0x0000, 0x0000, 0x0000, 0x0000, 0x0000, 0x0000, 0x0000, 0x0000, 0x0000, 0x0000, 0x0000, 0x0000, 0x0000,
    0x0000, 0x528a, 0x528a, 0x528a, 0x528a, 0x528a, 0x0000, 0x0000, 0x0000, 0x0000, 0x528a, 0x528a, 0x528a, 0x528a, 0x528a, 0x0000,
    0x0000, 0x2965, 0x2965, 0x2965, 0x2965, 0x2965, 0x0000, 0x0000, 0x0000, 0x0000, 0x2965, 0x2965, 0x2965, 0x2965, 0x2965, 0x0000,
    0x0000, 0x2965, 0x2965, 0x2965, 0x2965, 0x2965, 0x0000, 0x0000, 0x0000, 0x0000, 0x2965, 0x2965, 0x2965, 0x2965, 0x2965, 0x0000,
    0x0000, 0x09e6, 0x09e6, 0x09e6, 0x09e6, 0x09e6, 0x0000, 0x0000, 0x0000, 0x0000, 0x09e6, 0x09e6, 0x09e6, 0x09e6, 0x09e6, 0x0000,
    0x0000, 0x82e2, 0x82e2, 0x82e2, 0x82e2, 0x82e2, 0x0000, 0x0000, 0x0000, 0x0000, 0x82e2, 0x82e2, 0x82e2, 0x82e2, 0x82e2, 0x0000,
    0x0000, 0x0000, 0x0000, 0x0000, 0x0000, 0x0000, 0x0000, 0x0000, 0x0000, 0x0000, 0x0000, 0xd635, 0xd635, 0x9b69, 0x0000, 0x0000,
    0x0000, 0x0000, 0x0000, 0x0000, 0x0000, 0x0000, 0x0000, 0x0000, 0x0000, 0x0000, 0x0000, 0x5a07, 0xbc91, 0x5a07, 0x0000, 0x0000,
    0x0000, 0x0000, 0x0000, 0x0000, 0x0000, 0x0000, 0x0000, 0x0000, 0x0000, 0x0000, 0x0000, 0xba85, 0xf449, 0xba85, 0x0000, 0x0000,
    0x0000, 0x0000, 0x0000, 0x0000, 0x0000, 0x0000, 0xfd21, 0x92c2, 0xdca3, 0x92c2, 0xfd21, 0x0000, 0x0000, 0x7d57, 0x0000, 0x0000,
    0x0000, 0x0000, 0x0000, 0x0000, 0x0000, 0x0000, 0x0000, 0x0000, 0x0000, 0x0000, 0x0000, 0x0000, 0x0000, 0x0000, 0x0000, 0x0000,
    0x0000, 0x0000, 0x0000, 0x0000, 0x0000, 0x0000, 0x0000, 0x0000, 0x0000, 0x0000, 0x0000, 0x0000, 0x0000, 0x0000, 0x0000, 0x0000,
    0x0000, 0x0000, 0x0000, 0x0000, 0x0000, 0x0000, 0x0000, 0x0000, 0x0000, 0x6a75, 0x6a75, 0x6a75, 0x6a75, 0x6a75, 0x0000, 0x0000,
    0x0000, 0x0000, 0x0000, 0x0000, 0x0000, 0x0000, 0x0000, 0x0000, 0x0000, 0x0000, 0x0000, 0x5402, 0x5c44, 0x53a2, 0x4302, 0x0000,
    0x0000, 0x0000, 0x0000, 0x0000, 0x0000, 0x0000, 0x0000, 0x0000, 0x0000, 0x0000, 0x0000, 0x5c06, 0x5c06, 0x5c06, 0x5323, 0x0000,
    0x0000, 0x0000, 0x0000, 0x0000, 0x0000, 0x0000, 0x62ea, 0x41e6, 0x62ea, 0x0861, 0x0861, 0x0000, 0x0000, 0x3984, 0x0000, 0x0000,
    0x0000, 0x0000, 0xbb06, 0xbb06, 0xbb06, 0xbb06, 0xbb06, 0xbb06, 0xbb06, 0xbb06, 0xbb06, 0xbb06, 0xbb06, 0xbb06, 0x9aa5, 0x0000,
    0x0000, 0x528a, 0xce79, 0xce79, 0xb596, 0x528a, 0x0000, 0x0000, 0x0000, 0x0000, 0x528a, 0xce79, 0xce79, 0xb596, 0x528a, 0x0000,
    0x0000, 0x2965, 0xffff, 0xdedb, 0x94b2, 0x2965, 0x0000, 0x0000, 0x0000, 0x0000, 0x2965, 0xffff, 0xdedb, 0x94b2, 0x2965, 0x0000,
    0x0000, 0x2965, 0xffff, 0xdedb, 0xc638, 0x2965, 0x0000, 0x0000, 0x0000, 0x0000, 0x2965, 0xffff, 0xdedb, 0xc638, 0x2965, 0x0000,
    0x0000, 0x09e6, 0xffff, 0xa7dd, 0x4f7b, 0x09e6, 0x0000, 0x0000, 0x0000, 0x0000, 0x09e6, 0xffff, 0xa7dd, 0x4f7b, 0x09e6, 0x0000,
    0x0000, 0x82e2, 0xffff, 0xffee, 0xef6a, 0x82e2, 0x0000, 0x0000, 0x0000, 0x0000, 0x82e2, 0xffff, 0xffee, 0xef6a, 0x82e2, 0x0000,
    0x0000, 0x0000, 0x0000, 0x0000, 0x0000, 0x0000, 0x0000, 0x0000, 0x0000, 0x0000, 0xd635, 0xd635, 0xc50e, 0xb44a, 0x9b69, 0x0000,
    0x0000, 0x0000, 0x0000, 0x0000, 0x0000, 0x0000, 0x0000, 0x0000, 0x0000, 0x0000, 0x5a07, 0xbc91, 0xbc91, 0x9b8d, 0x3945, 0x0000,
    0x0000, 0x0000, 0x0000, 0x0000, 0x0000, 0x0000, 0x0000, 0x0000, 0x0000, 0x0000, 0xba85, 0xf449, 0xf449, 0xdac1, 0xa204, 0x0000,
    0x0000, 0x0000, 0x0000, 0x0000, 0x0000, 0x92c2, 0xdca3, 0xfe41, 0xfe41, 0xfd21, 0x92c2, 0x92c2, 0xbc23, 0x7d57, 0x7d57, 0x0000,
    0x0000, 0x0000, 0x0000, 0x0000, 0x0000, 0x0000, 0x0000, 0x0000, 0x0000, 0x0000, 0x0000, 0x0000, 0x0000, 0x0000, 0x0000, 0x0000,
    0x0000, 0x0000, 0x0000, 0x0000, 0x0000, 0x0000, 0x7533, 0x7533, 0x7533, 0x0000, 0x0000, 0x0000, 0x0000, 0x0000, 0x0000, 0x0000,
    0x0000, 0x0000, 0x0000, 0x0000, 0x0000, 0x0000, 0x0000, 0x0000, 0x6a75, 0xfe5c, 0xfe5c, 0xfe5c, 0xfe5c, 0x51d1, 0x0000, 0x0000,
    0x0000, 0x0000, 0x0000, 0x0000, 0x0000, 0x0000, 0x0000, 0x0000, 0x0000, 0x0000, 0x5402, 0x5c44, 0x53a2, 0x4302, 0x0000, 0x0000,
    0x0000, 0x0000, 0x0000, 0x0000, 0x0000, 0x0000, 0x0000, 0x0000, 0x5c06, 0x5c06, 0x5c06, 0x5d46, 0x5d46, 0x5c06, 0x5323, 0x0000,
    0x0000, 0x0000, 0x0000, 0x0000, 0x0000, 0x62ea, 0x3984, 0x3984, 0x0861, 0x3984, 0x41e6, 0x2103, 0x2103, 0x2103, 0x0861, 0x0000,
    0x0000, 0x0000, 0xbb06, 0x3961, 0xbb06, 0xbb06, 0xbb06, 0xbb06, 0xbb06, 0x20c1, 0x3961, 0xbb06, 0x3961, 0xbb06, 0x9aa5, 0x0000,
    0x0000, 0x528a, 0xce79, 0xb596, 0xb596, 0x94b2, 0x528a, 0x0000, 0x0000, 0x528a, 0x94b2, 0xce79, 0xb596, 0xb596, 0x528a, 0x0000,
    0x0000, 0x2965, 0xdedb, 0x94b2, 0xc638, 0x94b2, 0x2965, 0x0000, 0x0000, 0x2965, 0x94b2, 0xdedb, 0x94b2, 0xc638, 0x2965, 0x0000,
    0x0000, 0x2965, 0xdedb, 0xc638, 0xc638, 0x94b2, 0x2965, 0x0000, 0x0000, 0x2965, 0x94b2, 0xdedb, 0xc638, 0xc638, 0x2965, 0x0000,
    0x0000, 0x09e6, 0xa7dd, 0x4f7b, 0x4f7b, 0x2636, 0x09e6, 0x0000, 0x0000, 0x09e6, 0x2636, 0xa7dd, 0x4f7b, 0x4f7b, 0x09e6, 0x0000,
    0x0000, 0x82e2, 0xffee, 0xef6a, 0xef6a, 0xed82, 0x82e2, 0x0000, 0x0000, 0x82e2, 0xed82, 0xffee, 0xef6a, 0xef6a, 0x82e2, 0x0000,
    0x0000, 0x0000, 0x0000, 0x0000, 0x0000, 0xb44a, 0xb44a, 0x0000, 0x9b69, 0x9b69, 0xc50e, 0xb44a, 0xb44a, 0x9b69, 0x9b69, 0x0000,
    0x0000, 0x0000, 0x0000, 0x0000, 0x0000, 0x5a07, 0x5a07, 0x0000, 0x61a3, 0x61a3, 0xa9a6, 0x9145, 0x9b8d, 0x3945, 0x3945, 0x0000,
    0x0000, 0x0000, 0x0000, 0x0000, 0x0000, 0xba85, 0xba85, 0x0000, 0xba85, 0xba85, 0xed91, 0xf364, 0xdac1, 0xa204, 0xa204, 0x0000,
    0x0000, 0x0000, 0x0000, 0xfd21, 0x92c2, 0xfd21, 0xfe41, 0xfe41, 0xfd21, 0xdca3, 0xdca3, 0xdca3, 0x7d57, 0x7d57, 0x44d7, 0x0000,
    0x0000, 0x0000, 0x0000, 0x54a5, 0x0000, 0x0000, 0x0000, 0x0000, 0x0000, 0x0000, 0x0000, 0x0000, 0x0000, 0x0000, 0x0000, 0x0000,
    0x0000, 0x0000, 0x0000, 0x0000, 0x0000, 0x7533, 0xb6d9, 0xdf5b, 0xb6d9, 0x7533, 0x7533, 0x7533, 0x0000, 0x0000, 0x0000, 0x0000,
    0x0000, 0x0000, 0x0000, 0x0000, 0x0000, 0x0000, 0x0000, 0x6a75, 0xb47e, 0xfe5c, 0xfe5c, 0xfffa, 0xcd1e, 0x51d1, 0x0000, 0x0000,
    0x0000, 0x0000, 0x0000, 0x0000, 0x0000, 0x0000, 0x0000, 0x0000, 0x0000, 0x8d6c, 0x5c44, 0x53a2, 0x4302, 0x0000, 0x0000, 0x0000,
    0x0000, 0x0000, 0x0000, 0x0000, 0x0000, 0x5c06, 0x5c06, 0x5c06, 0x5d46, 0x5d46, 0x5d46, 0x5d46, 0x5c06, 0x5d46, 0x5323, 0x0000,
    0x0000, 0x0000, 0x0000, 0x0000, 0x3984, 0x41e6, 0x62ea, 0x2103, 0x2103, 0x41e6, 0x2103, 0x2103, 0x2103, 0x3984, 0x0861, 0x0861,
    0x0000, 0x0000, 0xbb06, 0x20c1, 0x20c1, 0xbb06, 0x20c1, 0x3961, 0xbb06, 0x20c1, 0x20c1, 0x3961, 0x20c1, 0xbb06, 0x9aa5, 0x0000,
    0x0000, 0x528a, 0xb596, 0xb596, 0xb596, 0xce79, 0x94b2, 0x528a, 0x528a, 0x94b2, 0xb596, 0xb596, 0xb596, 0xb596, 0x528a, 0x0000,
    0x0000, 0x2965, 0x94b2, 0xc638, 0x94b2, 0xdedb, 0x94b2, 0x2965, 0x2965, 0x94b2, 0xc638, 0x94b2, 0xc638, 0x94b2, 0x2965, 0x0000,
    0x0000, 0x2965, 0xc638, 0xc638, 0xc638, 0xdedb, 0x94b2, 0x2965, 0x2965, 0x94b2, 0xc638, 0xc638, 0xc638, 0xc638, 0x2965, 0x0000,
    0x0000, 0x09e6, 0x4f7b, 0x4f7b, 0x4f7b, 0xa7dd, 0x2636, 0x09e6, 0x09e6, 0x2636, 0x4f7b, 0x4f7b, 0x4f7b, 0x4f7b, 0x09e6, 0x0000,
    0x0000, 0x82e2, 0xef6a, 0xef6a, 0xef6a, 0xffee, 0xed82, 0x82e2, 0x82e2, 0xed82, 0xef6a, 0xef6a, 0xef6a, 0xef6a, 0x82e2, 0x0000,
    0x0000, 0x0000, 0x0000, 0x0000, 0xb44a, 0xd635, 0xd635, 0x9b69, 0xc50e, 0xb44a, 0xc50e, 0x9b69, 0x9b69, 0x6a25, 0x6a25, 0x0000,
    0x0000, 0x0000, 0x0000, 0x0000, 0x5a07, 0xbc91, 0x9b8d, 0x61a3, 0x9145, 0xa9a6, 0xba28, 0x71a6, 0x3945, 0x0000, 0x0000, 0x0000,
    0x0000, 0x0000, 0x0000, 0x0000, 0xba85, 0xedf4, 0xdac1, 0xba85, 0xf364, 0xfed8, 0xedf4, 0xed91, 0xa204, 0x0000, 0x0000, 0x0000,
    0x0000, 0x0000, 0x0000, 0x92c2, 0xdca3, 0xdca3, 0xfd21, 0xfd21, 0xdca3, 0xffdf, 0x1964, 0xdca3, 0x44d7, 0x7d57, 0x0000, 0x0000,
    0x0000, 0x0000, 0x54a5, 0x3c80, 0x0000, 0x0000, 0x54a5, 0x0000, 0x0000, 0x0000, 0x0000, 0x0000, 0x0000, 0x0000, 0x0000, 0x0000,
    0x0000, 0x0000, 0x0000, 0x0000, 0x4b2b, 0xb6d9, 0xdf5b, 0xdf5b, 0xdf5b, 0xdf5b, 0xdf5b, 0xb6d9, 0x4b2b, 0x0000, 0x0000, 0x0000,
    0x0000, 0x0000, 0x0000, 0x0000, 0x0000, 0x0000, 0x6a75, 0xfe5c, 0xb47e, 0xb47e, 0xfffa, 0xcd1e, 0x8b59, 0x51d1, 0x0000, 0x0000,
    0x0000, 0x0000, 0x0000, 0x0000, 0x0000, 0x0000, 0x0000, 0x0000, 0x5402, 0x5c44, 0x962c, 0x4302, 0x0000, 0x0000, 0x0000, 0x0000,
    0x0000, 0x0000, 0x0000, 0x0000, 0x5b84, 0x5d46, 0x5d46, 0x5d46, 0x5d46, 0x5c06, 0x5c06, 0x5c06, 0x5d46, 0x5d46, 0x4282, 0x0000,
    0x0000, 0x0000, 0x0000, 0x3984, 0x41e6, 0x62ea, 0x2103, 0x2103, 0x3984, 0x2103, 0x41e6, 0x41e6, 0x62ea, 0x41e6, 0x3984, 0x41e6,
    0x0000, 0x0000, 0xbb06, 0xbb06, 0xbb06, 0xbb06, 0xbb06, 0xbb06, 0xbb06, 0xbb06, 0xbb06, 0xbb06, 0xbb06, 0xbb06, 0x9aa5, 0x0000,
    0x0000, 0x528a, 0x738e, 0x94b2, 0xb596, 0xce79, 0xce79, 0x94b2, 0xce79, 0xb596, 0xb596, 0xb596, 0x94b2, 0x738e, 0x528a, 0x0000,
    0x0000, 0x2965, 0x6b4d, 0x94b2, 0xc638, 0xffff, 0xdedb, 0xdedb, 0xdedb, 0xc638, 0x94b2, 0xc638, 0x94b2, 0x6b4d, 0x2965, 0x0000,
    0x0000, 0x2965, 0x6b4d, 0x94b2, 0xc638, 0xffff, 0xdedb, 0xdedb, 0xdedb, 0xc638, 0xc638, 0xc638, 0x94b2, 0x6b4d, 0x2965, 0x0000,
    0x0000, 0x09e6, 0x1d54, 0x2636, 0x4f7b, 0xffff, 0xa7dd, 0xa7dd, 0xa7dd, 0x4f7b, 0x4f7b, 0x4f7b, 0x2636, 0x1d54, 0x09e6, 0x0000,
    0x0000, 0x82e2, 0xdca2, 0xed82, 0xef6a, 0xffff, 0xffee, 0xffee, 0xffee, 0xef6a, 0xef6a, 0xef6a, 0xed82, 0xdca2, 0x82e2, 0x0000,
    0x0000, 0x0000, 0x0000, 0x0000, 0xb44a, 0xd635, 0xc50e, 0xc50e, 0xb44a, 0xc50e, 0xb44a, 0x6a25, 0x0000, 0x0000, 0x0000, 0x0000,
    0x0000, 0x0000, 0x0000, 0x0000, 0x5a07, 0x9b8d, 0xa9a6, 0xa9a6, 0xa9a6, 0xba28, 0xa9a6, 0x1944, 0x0000, 0x0000, 0x0000, 0x0000,
    0x0000, 0x0000, 0x0000, 0x0000, 0xba85, 0xfed8, 0xf364, 0xf364, 0xf364, 0xf364, 0xed91, 0x6961, 0x0000, 0x0000, 0x0000, 0x0000,
    0x0000, 0x0000, 0xdca3, 0x92c2, 0x1964, 0xffdf, 0xdca3, 0xbc23, 0xbc23, 0xbc23, 0xbc23, 0xfd21, 0xbc23, 0x3455, 0xb3c4, 0xbc23,
    0x0000, 0x0000, 0x54a5, 0x2c00, 0x0000, 0x0000, 0x3c80, 0x0000, 0x0000, 0x0000, 0x0000, 0x0000, 0x0000, 0x0000, 0x0000, 0x0000,
    0x0000, 0x0000, 0x0000, 0x0000, 0x0000, 0x4b2b, 0xb6d9, 0xdf5b, 0xb6d9, 0xb6d9, 0x9636, 0x9636, 0x4b2b, 0x0000, 0x0000, 0x0000,
    0x0000, 0x0000, 0x0000, 0x0000, 0x0000, 0x6a75, 0xcd1e, 0xfe5c, 0xb47e, 0xcd1e, 0x6a75, 0x8b59, 0x8b59, 0x51d1, 0x0000, 0x0000,
    0x0000, 0x0000, 0x0000, 0x0000, 0x0000, 0x0000, 0x0000, 0x5402, 0x53a2, 0x53a2, 0x3ac3, 0x53a2, 0x7d06, 0x6c84, 0x0000, 0x0000,
    0x0000, 0x0000, 0x0000, 0x5b84, 0x5d46, 0x5d46, 0x5d46, 0x5c06, 0x5c06, 0x5d46, 0x5d46, 0x5d46, 0x5d46, 0x4282, 0x0000, 0x0000,
    0x0000, 0x0000, 0x2103, 0x3984, 0x62ea, 0x2103, 0x41e6, 0x41e6, 0x2103, 0x3984, 0x41e6, 0x62ea, 0x62ea, 0x62ea, 0x3984, 0x3984,
    0x0000, 0x0000, 0xbb06, 0xbb06, 0x3961, 0xbb06, 0x3961, 0x3961, 0xbb06, 0xbb06, 0x3961, 0xbb06, 0x3961, 0xbb06, 0x9aa5, 0x0000,
    0x0000, 0x31a6, 0x31a6, 0x738e, 0xce79, 0xce79, 0xce79, 0x94b2, 0xb596, 0xb596, 0xb596, 0xb596, 0x738e, 0x31a6, 0x31a6, 0x0000,
    0x0000, 0x18c3, 0x18c3, 0x6b4d, 0xdedb, 0xdedb, 0xdedb, 0xc638, 0xdedb, 0x94b2, 0xc638, 0x94b2, 0x6b4d, 0x18c3, 0x18c3, 0x0000,
    0x0000, 0x18c3, 0x18c3, 0x6b4d, 0xdedb, 0xdedb, 0xdedb, 0xc638, 0xc638, 0xc638, 0xc638, 0xc638, 0x6b4d, 0x18c3, 0x18c3, 0x0000,
    0x0000, 0x0924, 0x0924, 0x1d54, 0xa7dd, 0xa7dd, 0xa7dd, 0x4f7b, 0x4f7b, 0x4f7b, 0x4f7b, 0x4f7b, 0x1d54, 0x0924, 0x0924, 0x0000,
    0x0000, 0x3961, 0x3961, 0xdca2, 0xffee, 0xffee, 0xffee, 0xef6a, 0xef6a, 0xef6a, 0xef6a, 0xef6a, 0xdca2, 0x3961, 0x3961, 0x0000,
    0x0000, 0x0000, 0x0000, 0x0000, 0x9b69, 0xb44a, 0xc50e, 0xb44a, 0xc50e, 0xb44a, 0x9b69, 0x6a25, 0x0000, 0x0000, 0x0000, 0x0000,
    0x0000, 0x0000, 0x0000, 0x0000, 0x61a3, 0xa9a6, 0xa9a6, 0xa9a6, 0xba28, 0xa9a6, 0x9145, 0x1944, 0x0000, 0x0000, 0x0000, 0x0000,
    0x0000, 0x0000, 0x0000, 0x0000, 0xba85, 0xedf4, 0xfed8, 0xfed8, 0xedf4, 0xf364, 0xba85, 0x6961, 0x0000, 0x0000, 0x0000, 0x0000,
    0x7d57, 0x7d57, 0x92c2, 0xdca3, 0xbc23, 0xdca3, 0xbc23, 0xee73, 0xee73, 0xdca3, 0xbc23, 0xb3c4, 0xb3c4, 0xd529, 0x92c2, 0x0000,
    0x0000, 0x0000, 0x3c80, 0x2c00, 0x3c80, 0x0000, 0x0000, 0x2c00, 0x0000, 0x0000, 0x0000, 0x0000, 0x0000, 0x54a5, 0x0000, 0x0000,
    0x0000, 0x0000, 0x0000, 0x0000, 0x0000, 0x7533, 0x7533, 0x7533, 0x7533, 0x4b2b, 0x4b2b, 0x4b2b, 0x0000, 0x0000, 0x0000, 0x0000,
    0x0000, 0x0000, 0x0000, 0x0000, 0x6a75, 0xb47e, 0xcd1e, 0xfe5c, 0xcd1e, 0x8b59, 0x6a75, 0x8b59, 0x51d1, 0x0000, 0x0000, 0x0000,
    0x0000, 0x0000, 0x0000, 0x0000, 0x0000, 0x0000, 0x53a2, 0x5c44, 0x53a2, 0x4302, 0x0000, 0x0000, 0x5c44, 0x95c9, 0x0000, 0x0000,
    0x0000, 0x0000, 0x5323, 0x5c06, 0x5d46, 0x5d46, 0x5c06, 0x5d46, 0x5d46, 0x5d46, 0x5d46, 0x4282, 0x4282, 0x0000, 0x0000, 0x0000,
    0x0000, 0x2103, 0x3984, 0x62ea, 0x2103, 0x41e6, 0x62ea, 0x62ea, 0x3984, 0x3984, 0x2103, 0x62ea, 0x62ea, 0x3984, 0x2103, 0x0861,
    0x0000, 0x0000, 0xbb06, 0x20c1, 0x20c1, 0xbb06, 0x20c1, 0x20c1, 0x3961, 0x20c1, 0x20c1, 0xbb06, 0x20c1, 0xbb06, 0x9aa5, 0x0000,
    0x0000, 0x0000, 0x0000, 0x31a6, 0xce79, 0xce79, 0xb596, 0x738e, 0x94b2, 0xb596, 0xb596, 0xb596, 0x31a6, 0x0000, 0x0000, 0x0000,
    0x0000, 0x0000, 0x0000, 0x18c3, 0xc638, 0xdedb, 0xc638, 0xdedb, 0x94b2, 0xc638, 0x94b2, 0xc638, 0x18c3, 0x0000, 0x0000, 0x0000,
    0x0000, 0x0000, 0x0000, 0x18c3, 0xdedb, 0xdedb, 0xc638, 0xc638, 0xc638, 0xc638, 0xc638, 0xc638, 0x18c3, 0x0000, 0x0000, 0x0000,
    0x0000, 0x0000, 0x0000, 0x0924, 0xa7dd, 0xa7dd, 0x4f7b, 0x4f7b, 0x4f7b, 0x4f7b, 0x4f7b, 0x4f7b, 0x0924, 0x0000, 0x0000, 0x0000,
    0x0000, 0x0000, 0x0000, 0x3961, 0xffee, 0xffee, 0xef6a, 0xef6a, 0xef6a, 0xef6a, 0xef6a, 0xef6a, 0x3961, 0x0000, 0x0000, 0x0000,
    0x0000, 0x0000, 0x0000, 0x9b69, 0xc50e, 0xc50e, 0xb44a, 0xd635, 0xd635, 0xc50e, 0x9b69, 0x6a25, 0x0000, 0x0000, 0x0000, 0x0000,
    0x0000, 0x0000, 0x0000, 0x3a68, 0x5bac, 0x5bac, 0x9145, 0xba28, 0xa9a6, 0x9145, 0x71a6, 0x1944, 0x0000, 0x0000, 0x0000, 0x0000,
    0x0000, 0x0000, 0x0000, 0xba85, 0xf364, 0xf364, 0xf364, 0xf449, 0xf449, 0xf449, 0xba85, 0x6961, 0x0000, 0x0000, 0x0000, 0x0000,
    0x44d7, 0x7d57, 0x7d57, 0xb3c4, 0xbc23, 0xbc23, 0xee73, 0x1964, 0x1964, 0xd529, 0xb3c4, 0xd529, 0xff37, 0xff37, 0x8281, 0x0000,
    0x0000, 0x0000, 0x0000, 0x2c00, 0x2c00, 0x0000, 0x0000, 0x54a5, 0x0000, 0x0000, 0x0000, 0x0000, 0x0000, 0x54a5, 0x0000, 0x0000,
    0x0000, 0x0000, 0x0000, 0x0000, 0x7533, 0xb6d9, 0xdf5b, 0xb6d9, 0x4b2b, 0x7533, 0x7533, 0x7533, 0x7533, 0x0000, 0x0000, 0x0000,
    0x0000, 0x0000, 0x0000, 0x6a75, 0xb47e, 0xb47e, 0xcd1e, 0xfffa, 0x6a75, 0x8b59, 0x6a75, 0x51d1, 0x0000, 0x0000, 0x0000, 0x0000,
    0x0000, 0x0000, 0x0000, 0x0000, 0x0000, 0x53a2, 0x5c44, 0x53a2, 0x4302, 0x0000, 0x0000, 0x0000, 0x0000, 0x6c84, 0x0000, 0x0000,
    0x0000, 0x0000, 0x5323, 0x5c06, 0x5c06, 0x5b84, 0x5d46, 0x5d46, 0x5d46, 0x5c06, 0x4282, 0x0000, 0x0000, 0x0000, 0x0000, 0x0000,
    0x2103, 0x3984, 0x0861, 0x41e6, 0x3984, 0x62ea, 0x62ea, 0x3984, 0x3984, 0x2103, 0x41e6, 0x62ea, 0x3984, 0x2103, 0x0861, 0x0000,
    0x0000, 0x0000, 0xbb06, 0xbb06, 0xbb06, 0xbb06, 0xbb06, 0xbb06, 0xbb06, 0xbb06, 0xbb06, 0xbb06, 0xbb06, 0xbb06, 0x9aa5, 0x0000,
    0x0000, 0x0000, 0x0000, 0x31a6, 0xb596, 0xce79, 0xb596, 0x94b2, 0xb596, 0xb596, 0xb596, 0x94b2, 0x31a6, 0x0000, 0x0000, 0x0000,
    0x0000, 0x0000, 0x0000, 0x18c3, 0xdedb, 0x94b2, 0xdedb, 0x94b2, 0xc638, 0x94b2, 0xc638, 0x94b2, 0x18c3, 0x0000, 0x0000, 0x0000,
    0x0000, 0x0000, 0x0000, 0x18c3, 0xc638, 0xdedb, 0xc638, 0xc638, 0xc638, 0xc638, 0xc638, 0x94b2, 0x18c3, 0x0000, 0x0000, 0x0000,
    0x0000, 0x0000, 0x0000, 0x0924, 0x4f7b, 0xa7dd, 0x4f7b, 0x4f7b, 0x4f7b, 0x4f7b, 0x4f7b, 0x2636, 0x0924, 0x0000, 0x0000, 0x0000,
    0x0000, 0x0000, 0x0000, 0x3961, 0xef6a, 0xffee, 0xef6a, 0xef6a, 0xef6a, 0xef6a, 0xef6a, 0xed82, 0x3961, 0x0000, 0x0000, 0x0000,
    0x0000, 0x0000, 0x0000, 0x9b69, 0x9b69, 0xc50e, 0xd635, 0xd635, 0xc50e, 0x9b69, 0x6a25, 0x0000, 0x0000, 0x0000, 0x0000, 0x0000,
    0x0000, 0x0000, 0x0000, 0x3a68, 0x3a68, 0x5bac, 0x64ae, 0x9145, 0xa9a6, 0x71a6, 0x1944, 0x0000, 0x0000, 0x0000, 0x0000, 0x0000,
    0x0000, 0x0000, 0x0000, 0xba85, 0xba85, 0xf364, 0xf449, 0xf449, 0xf449, 0xba85, 0x6961, 0x0000, 0x0000, 0x0000, 0x0000, 0x0000,
    0x0000, 0x44d7, 0x3455, 0xb3c4, 0xdca3, 0xb3c4, 0xdca3, 0xd529, 0xd529, 0xee73, 0xee73, 0xff37, 0xee73, 0xd529, 0x8281, 0x0000,
    0x0000, 0x0000, 0x0000, 0x54a5, 0x3c80, 0x2c00, 0x0000, 0x3c80, 0x0000, 0x0000, 0x0000, 0x0000, 0x0000, 0x3c80, 0x0000, 0x0000,
    0x0000, 0x0000, 0x0000, 0x7533, 0xb6d9, 0xdf5b, 0xdf5b, 0xdf5b, 0x4b2b, 0x7533, 0x9636, 0xb6d9, 0xdf5b, 0x7533, 0x0000, 0x0000,
    0x0000, 0x0000, 0x6a75, 0x8b59, 0x8b59, 0x8b59, 0xfe5c, 0xb47e, 0x6a75, 0x8b59, 0x51d1, 0x0000, 0x0000, 0x0000, 0x0000, 0x0000,
    0x0000, 0x0000, 0x0000, 0x0000, 0x8d6c, 0x5c44, 0x53a2, 0x4302, 0x0000, 0x0000, 0x0000, 0x0000, 0x0000, 0x0000, 0x0000, 0x0000,
    0x0000, 0x5323, 0x5b84, 0x5c06, 0x5b84, 0x5c06, 0x5c06, 0x5d46, 0x5c06, 0x4282, 0x0000, 0x0000, 0x0000, 0x0000, 0x0000, 0x0000,
    0x3984, 0x0861, 0x41e6, 0x3984, 0x62ea, 0x3984, 0x2103, 0x2103, 0x2103, 0x41e6, 0x62ea, 0x3984, 0x2103, 0x0861, 0x0000, 0x0000,
    0x0000, 0x0000, 0x9aa5, 0x9aa5, 0x9aa5, 0x9aa5, 0x9aa5, 0x9aa5, 0x9aa5, 0x9aa5, 0x9aa5, 0x9aa5, 0x9aa5, 0x9aa5, 0x9aa5, 0x0000,
    0x0000, 0x0000, 0x0000, 0x31a6, 0xb596, 0xb596, 0xb596, 0x738e, 0x94b2, 0xb596, 0xb596, 0x94b2, 0x31a6, 0x0000, 0x0000, 0x0000,
    0x0000, 0x0000, 0x0000, 0x18c3, 0x6b4d, 0xc638, 0x94b2, 0xc638, 0x94b2, 0xc638, 0x6b4d, 0xc638, 0x18c3, 0x0000, 0x0000, 0x0000,
    0x0000, 0x0000, 0x0000, 0x18c3, 0xc638, 0xc638, 0xc638, 0xc638, 0xc638, 0xc638, 0xc638, 0x94b2, 0x18c3, 0x0000, 0x0000, 0x0000,
    0x0000, 0x0000, 0x0000, 0x0924, 0x4f7b, 0x4f7b, 0x4f7b, 0x4f7b, 0x4f7b, 0x4f7b, 0x4f7b, 0x2636, 0x0924, 0x0000, 0x0000, 0x0000,
    0x0000, 0x0000, 0x0000, 0x3961, 0xef6a, 0xef6a, 0xef6a, 0xef6a, 0xef6a, 0xef6a, 0xef6a, 0xed82, 0x3961, 0x0000, 0x0000, 0x0000,
    0x0000, 0x0000, 0x9b69, 0xc50e, 0xc50e, 0x9b69, 0xc50e, 0xb44a, 0x9b69, 0x9b69, 0x6a25, 0x0000, 0x0000, 0x0000, 0x0000, 0x0000,
    0x0000, 0x0000, 0x3a68, 0x5bac, 0x5bac, 0x3a68, 0x5bac, 0x5bac, 0x71a6, 0x71a6, 0x1944, 0x0000, 0x0000, 0x0000, 0x0000, 0x0000,
    0x0000, 0x0000, 0xba85, 0xfed8, 0xfed8, 0xedf4, 0xf364, 0xf364, 0xed91, 0xed91, 0x6961, 0x0000, 0x0000, 0x0000, 0x0000, 0x0000,
    0x0000, 0x0000, 0x0000, 0x8281, 0xee73, 0xff37, 0xff37, 0xee73, 0xff37, 0xee73, 0xff37, 0xd529, 0xff37, 0x8281, 0xd529, 0x0000,
    0x0000, 0x3c80, 0x3c80, 0x54a5, 0x3c80, 0x0000, 0x0000, 0x2c00, 0x0000, 0x0000, 0x3c80, 0x0000, 0x0000, 0x2c00, 0x0000, 0x0000,
    0x0000, 0x0000, 0x7533, 0xb6d9, 0xdf5b, 0xdf5b, 0xdf5b, 0x9636, 0x4b2b, 0x9636, 0xb6d9, 0xdf5b, 0xdf5b, 0xdf5b, 0x4b2b, 0x0000,
    0x0000, 0x0000, 0x51d1, 0x6a75, 0x8b59, 0xb47e, 0x8b59, 0xb47e, 0x6a75, 0x51d1, 0x0000, 0x0000, 0x0000, 0x0000, 0x0000, 0x0000,
    0x0000, 0x0000, 0x0000, 0x53a2, 0x5c44, 0x962c, 0x4302, 0x0000, 0x0000, 0x0000, 0x0000, 0x0000, 0x0000, 0x0000, 0x0000, 0x0000,
    0x0000, 0x5323, 0x5b84, 0x5323, 0x5c06, 0x5c06, 0x5c06, 0x5b84, 0x4282, 0x0000, 0x0000, 0x0000, 0x0000, 0x0000, 0x0000, 0x0000,
    0x0861, 0x41e6, 0x2103, 0x0861, 0x3984, 0x2103, 0x2103, 0x2103, 0x41e6, 0x3984, 0x2103, 0x2103, 0x0861, 0x0000, 0x0000, 0x0000,
    0x0000, 0x0000, 0x8a25, 0x8a25, 0x8a25, 0x8a25, 0x8a25, 0x8a25, 0x8a25, 0x8a25, 0x8a25, 0x8a25, 0x8a25, 0x8a25, 0x8a25, 0x0000,
    0x0000, 0x0000, 0x0000, 0x31a6, 0x94b2, 0xb596, 0xb596, 0x94b2, 0xb596, 0xb596, 0x94b2, 0x94b2, 0x31a6, 0x0000, 0x0000, 0x0000,
    0x0000, 0x0000, 0x0000, 0x18c3, 0x94b2, 0x6b4d, 0xc638, 0x6b4d, 0xc638, 0x6b4d, 0xc638, 0x6b4d, 0x18c3, 0x0000, 0x0000, 0x0000,
    0x0000, 0x0000, 0x0000, 0x18c3, 0x94b2, 0xc638, 0xc638, 0xc638, 0xc638, 0xc638, 0x94b2, 0x94b2, 0x18c3, 0x0000, 0x0000, 0x0000,
    0x0000, 0x0000, 0x0000, 0x0924, 0x2636, 0x4f7b, 0x4f7b, 0x4f7b, 0x4f7b, 0x4f7b, 0x2636, 0x2636, 0x0924, 0x0000, 0x0000, 0x0000,
    0x0000, 0x0000, 0x0000, 0x3961, 0xed82, 0xef6a, 0xef6a, 0xef6a, 0xef6a, 0xef6a, 0xed82, 0xed82, 0x3961, 0x0000, 0x0000, 0x0000,
    0x0000, 0x0000, 0x9b69, 0x0841, 0xc50e, 0xb44a, 0xc50e, 0x9b69, 0x9b69, 0x6a25, 0x0000, 0x0000, 0x0000, 0x0000, 0x0000, 0x0000,
    0x0000, 0x0000, 0x3a68, 0x10a2, 0x4b0a, 0x4b0a, 0x5bac, 0x3a68, 0x71a6, 0x1944, 0x0000, 0x0000, 0x0000, 0x0000, 0x0000, 0x0000,
    0x0000, 0x0000, 0xba85, 0x0841, 0xf364, 0xedf4, 0xf364, 0xba85, 0xba85, 0x6961, 0x0000, 0x0000, 0x0000, 0x0000, 0x0000, 0x0000,
    0x0000, 0x0000, 0xb3c4, 0x8281, 0xd529, 0xff37, 0xff37, 0xff37, 0xee73, 0xff37, 0xee73, 0xff37, 0xd529, 0x8281, 0x0000, 0x0000,
    0x0000, 0x2c00, 0x54a5, 0x22c0, 0x3c80, 0x54a5, 0x22c0, 0x0000, 0x0000, 0x0000, 0x3c80, 0x0000, 0x0000, 0x2b80, 0x2b80, 0x0000,
    0x0000, 0x0000, 0x7533, 0x9636, 0xb6d9, 0xdf5b, 0x9636, 0x4b2b, 0x9636, 0xb6d9, 0xb6d9, 0xb6d9, 0x9636, 0x4b2b, 0x0000, 0x0000,
    0x0000, 0x0000, 0x51d1, 0x51d1, 0x51d1, 0x6a75, 0x8b59, 0xb47e, 0x51d1, 0x0000, 0x0000, 0x0000, 0x0000, 0x0000, 0x0000, 0x0000,
    0x0000, 0x0000, 0x53a2, 0x53a2, 0x53a2, 0x4302, 0x0000, 0x0000, 0x0000, 0x0000, 0x0000, 0x0000, 0x0000, 0x0000, 0x0000, 0x0000,
    0x0000, 0x5323, 0x5b84, 0x5323, 0x5b84, 0x5c06, 0x5c06, 0x4282, 0x0000, 0x0000, 0x0000, 0x0000, 0x0000, 0x0000, 0x0000, 0x0000,
    0x0861, 0x0000, 0x0861, 0x2103, 0x3984, 0x2103, 0x2103, 0x0861, 0x3984, 0x2103, 0x2103, 0x0861, 0x0000, 0x0000, 0x0000, 0x0000,
    0x0000, 0x0000, 0x0000, 0x0000, 0x0000, 0x0000, 0x0000, 0x9aa5, 0x9aa5, 0x8a25, 0x0000, 0x0000, 0x0000, 0x0000, 0x0000, 0x0000,
    0x0000, 0x0000, 0x0000, 0x31a6, 0x738e, 0x94b2, 0x94b2, 0x738e, 0x94b2, 0x94b2, 0x94b2, 0x738e, 0x31a6, 0x0000, 0x0000, 0x0000,
    0x0000, 0x0000, 0x0000, 0x18c3, 0x6b4d, 0x94b2, 0x6b4d, 0x94b2, 0x6b4d, 0x94b2, 0x6b4d, 0x94b2, 0x18c3, 0x0000, 0x0000, 0x0000,
    0x0000, 0x0000, 0x0000, 0x18c3, 0x6b4d, 0x94b2, 0x94b2, 0x94b2, 0x94b2, 0x94b2, 0x94b2, 0x6b4d, 0x18c3, 0x0000, 0x0000, 0x0000,
    0x0000, 0x0000, 0x0000, 0x0924, 0x1d54, 0x2636, 0x2636, 0x2636, 0x2636, 0x2636, 0x2636, 0x1d54, 0x0924, 0x0000, 0x0000, 0x0000,
    0x0000, 0x0000, 0x0000, 0x3961, 0xdca2, 0xed82, 0xed82, 0xed82, 0xed82, 0xed82, 0xed82, 0xdca2, 0x3961, 0x0000, 0x0000, 0x0000,
    0x0000, 0x0000, 0x9b69, 0xc50e, 0xc50e, 0xc50e, 0x9b69, 0x9b69, 0x6a25, 0x0000, 0x0000, 0x0000, 0x0000, 0x0000, 0x0000, 0x0000,
    0x0000, 0x0000, 0x3a68, 0x4b0a, 0x0000, 0x5a07, 0x3a68, 0x3a68, 0x1944, 0x0000, 0x0000, 0x0000, 0x0000, 0x0000, 0x0000, 0x0000,
    0x0000, 0x0000, 0xba85, 0xf364, 0xf364, 0xed91, 0xed91, 0xba85, 0x6961, 0x0000, 0x0000, 0x0000, 0x0000, 0x0000, 0x0000, 0x0000,
    0x0000, 0x0000, 0x0000, 0x0000, 0x8281, 0xee73, 0xff37, 0xd529, 0xff37, 0xee73, 0xff37, 0xd529, 0x8281, 0xd529, 0x0000, 0x0000,
    0x2c00, 0x54a5, 0x22c0, 0x54a5, 0x3c80, 0x22c0, 0x2c00, 0x0000, 0x0000, 0x0000, 0x2c00, 0x0000, 0x0000, 0x2b80, 0x54a5, 0x0000,
    0x0000, 0x0000, 0x4b2b, 0x9636, 0x9636, 0x9636, 0x4b2b, 0x4b2b, 0x4b2b, 0x4b2b, 0x4b2b, 0x4b2b, 0x4b2b, 0x0000, 0x0000, 0x0000,
    0x0000, 0x0000, 0x51d1, 0x51d1, 0x6a75, 0x51d1, 0x8b59, 0x51d1, 0x0000, 0x0000, 0x0000, 0x0000, 0x0000, 0x0000, 0x0000, 0x0000,
    0x0000, 0x53a2, 0x5c44, 0x53a2, 0x3ac3, 0x0000, 0x0000, 0x0000, 0x0000, 0x0000, 0x0000, 0x0000, 0x0000, 0x0000, 0x0000, 0x0000,
    0x0000, 0x5323, 0x5323, 0x5b84, 0x5b84, 0x5b84, 0x5b84, 0x4282, 0x0000, 0x0000, 0x0000, 0x0000, 0x0000, 0x0000, 0x0000, 0x0000,
    0x0000, 0x0861, 0x41e6, 0x41e6, 0x0861, 0x0861, 0x2103, 0x3984, 0x2103, 0x2103, 0x0861, 0x0000, 0x0000, 0x0000, 0x0000, 0x0000,
    0x0000, 0x0000, 0x0000, 0x0000, 0x0000, 0x0000, 0x0000, 0xbb06, 0x9aa5, 0x8a25, 0x0000, 0x0000, 0x0000, 0x0000, 0x0000, 0x0000,
    0x0000, 0x0000, 0x0000, 0x0000, 0x31a6, 0x738e, 0x94b2, 0x738e, 0x94b2, 0x94b2, 0x738e, 0x31a6, 0x0000, 0x0000, 0x0000, 0x0000,
    0x0000, 0x0000, 0x0000, 0x0000, 0x18c3, 0x6b4d, 0x94b2, 0x6b4d, 0x94b2, 0x6b4d, 0x94b2, 0x18c3, 0x0000, 0x0000, 0x0000, 0x0000,
    0x0000, 0x0000, 0x0000, 0x0000, 0x18c3, 0x6b4d, 0x94b2, 0x94b2, 0x94b2, 0x94b2, 0x6b4d, 0x18c3, 0x0000, 0x0000, 0x0000, 0x0000,
    0x0000, 0x0000, 0x0000, 0x0000, 0x0924, 0x1d54, 0x2636, 0x2636, 0x2636, 0x2636, 0x1d54, 0x0924, 0x0000, 0x0000, 0x0000, 0x0000,
    0x0000, 0x0000, 0x0000, 0x0000, 0x3961, 0xdca2, 0xed82, 0xed82, 0xed82, 0xed82, 0xdca2, 0x3961, 0x0000, 0x0000, 0x0000, 0x0000,
    0x0000, 0x0000, 0x6a25, 0xb44a, 0xb44a, 0x9b69, 0x6a25, 0x6a25, 0x0000, 0x0000, 0x0000, 0x0000, 0x0000, 0x0000, 0x0000, 0x0000,
    0x0000, 0x0000, 0x3a68, 0x0000, 0x0000, 0x9b8d, 0x5a07, 0x1944, 0x0000, 0x0000, 0x0000, 0x0000, 0x0000, 0x0000, 0x0000, 0x0000,
    0x0000, 0x0000, 0x6961, 0xdac1, 0xdac1, 0xba85, 0x6961, 0x6961, 0x0000, 0x0000, 0x0000, 0x0000, 0x0000, 0x0000, 0x0000, 0x0000,
    0x0000, 0x0000, 0x0000, 0x0000, 0xddf0, 0x8281, 0xd529, 0xee73, 0xee73, 0xd529, 0x8281, 0x8281, 0x0000, 0x0000, 0x0000, 0x0000,
    0x2b80, 0x2b80, 0x22c0, 0x3c80, 0x2c00, 0x3c80, 0x22c0, 0x2c00, 0x0000, 0x2c00, 0x0000, 0x0000, 0x22c0, 0x2b80, 0x3c80, 0x0000,
    0x0000, 0x0000, 0x4b2b, 0x4b2b, 0x4b2b, 0x4b2b, 0x0000, 0x0000, 0x0000, 0x0000, 0x0000, 0x0000, 0x0000, 0x0000, 0x0000, 0x0000,
    0x0000, 0x0000, 0x0000, 0x51d1, 0x51d1, 0x8b59, 0x6a75, 0x0000, 0x0000, 0x0000, 0x0000, 0x0000, 0x0000, 0x0000, 0x0000, 0x0000,
    0x0000, 0x3ac3, 0x53a2, 0x3ac3, 0x0000, 0x0000, 0x0000, 0x0000, 0x0000, 0x0000, 0x0000, 0x0000, 0x0000, 0x0000, 0x0000, 0x0000,
    0x0000, 0x4282, 0x5323, 0x5b84, 0x5b84, 0x5323, 0x4282, 0x0000, 0x0000, 0x0000, 0x0000, 0x0000, 0x0000, 0x0000, 0x0000, 0x0000,
    0x0000, 0x0000, 0x0861, 0x0861, 0x0861, 0x2103, 0x0861, 0x2103, 0x2103, 0x0861, 0x0000, 0x0000, 0x0000, 0x0000, 0x0000, 0x0000,
    0x0000, 0x0000, 0x0000, 0x0000, 0x0000, 0x0000, 0x0000, 0xbb06, 0x9aa5, 0x8a25, 0x0000, 0x0000, 0x0000, 0x0000, 0x0000, 0x0000,
    0x0000, 0x0000, 0x0000, 0x0000, 0x0000, 0x31a6, 0x31a6, 0x31a6, 0x31a6, 0x31a6, 0x31a6, 0x0000, 0x0000, 0x0000, 0x0000, 0x0000,
    0x0000, 0x0000, 0x0000, 0x0000, 0x0000, 0x18c3, 0x18c3, 0x18c3, 0x18c3, 0x18c3, 0x18c3, 0x0000, 0x0000, 0x0000, 0x0000, 0x0000,
    0x0000, 0x0000, 0x0000, 0x0000, 0x0000, 0x18c3, 0x18c3, 0x18c3, 0x18c3, 0x18c3, 0x18c3, 0x0000, 0x0000, 0x0000, 0x0000, 0x0000,
    0x0000, 0x0000, 0x0000, 0x0000, 0x0000, 0x0924, 0x0924, 0x0924, 0x0924, 0x0924, 0x0924, 0x0000, 0x0000, 0x0000, 0x0000, 0x0000,
    0x0000, 0x0000, 0x0000, 0x0000, 0x0000, 0x3961, 0x3961, 0x3961, 0x3961, 0x3961, 0x3961, 0x0000, 0x0000, 0x0000, 0x0000, 0x0000,
    0x0000, 0x0000, 0x0000, 0x6a25, 0x6a25, 0x6a25, 0x0000, 0x0000, 0x0000, 0x0000, 0x0000, 0x0000, 0x0000, 0x0000, 0x0000, 0x0000,
    0x0000, 0x0000, 0x0000, 0x0000, 0x9b8d, 0x9b8d, 0x0000, 0x0000, 0x0000, 0x0000, 0x0000, 0x0000, 0x0000, 0x0000, 0x0000, 0x0000,
    0x0000, 0x0000, 0x0000, 0x6961, 0x6961, 0x6961, 0x0000, 0x0000, 0x0000, 0x0000, 0x0000, 0x0000, 0x0000, 0x0000, 0x0000, 0x0000,
    0x0000, 0x0000, 0x0000, 0x0000, 0x0000, 0x0000, 0x8281, 0x8281, 0x8281, 0x8281, 0xd529, 0x0000, 0x0000, 0x0000, 0x0000, 0x0000,
    0x0000, 0x2b80, 0x2c00, 0x22c0, 0x2c00, 0x3c80, 0x0000, 0x22c0, 0x0000, 0x2c00, 0x0000, 0x22c0, 0x22c0, 0x3c80, 0x2c00, 0x0000,
    0x0000, 0x0000, 0x0000, 0x0000, 0x0000, 0x0000, 0x0000, 0x0000, 0x0000, 0x0000, 0x0000, 0x0000, 0x0000, 0x0000, 0x0000, 0x0000,
    0x0000, 0x0000, 0x0000, 0x0000, 0x6a75, 0x6a75, 0x0000, 0x0000, 0x0000, 0x0000, 0x0000, 0x0000, 0x0000, 0x0000, 0x0000, 0x0000,
    0x0000, 0x3ac3, 0x3ac3, 0x0000, 0x0000, 0x0000, 0x0000, 0x0000, 0x0000, 0x0000, 0x0000, 0x0000, 0x0000, 0x0000, 0x0000, 0x0000,
    0x0000, 0x0000, 0x4282, 0x4282, 0x4282, 0x4282, 0x0000, 0x0000, 0x0000, 0x0000, 0x0000, 0x0000, 0x0000, 0x0000, 0x0000, 0x0000,
    0x0000, 0x0000, 0x0000, 0x0000, 0x0861, 0x0861, 0x0861, 0x0861, 0x0861, 0x0000, 0x0000, 0x0000, 0x0000, 0x0000, 0x0000, 0x0000,
    0x0000, 0x0000, 0x0000, 0x0000, 0x0000, 0x0000, 0x0000, 0xbb06, 0x9aa5, 0x8a25, 0x0000, 0x0000, 0x0000, 0x0000, 0x0000, 0x0000,
    0x0000, 0x0000, 0x0000, 0x0000, 0x0000, 0x0000, 0x0000, 0x0000, 0x0000, 0x0000, 0x0000, 0x0000, 0x0000, 0x0000, 0x0000, 0x0000,
    0x0000, 0x0000, 0x0000, 0x0000, 0x0000, 0x0000, 0x0000, 0x0000, 0x0000, 0x0000, 0x0000, 0x0000, 0x0000, 0x0000, 0x0000, 0x0000,
    0x0000, 0x0000, 0x0000, 0x0000, 0x0000, 0x0000, 0x0000, 0x0000, 0x0000, 0x0000, 0x0000, 0x0000, 0x0000, 0x0000, 0x0000, 0x0000,
    0x0000, 0x0000, 0x0000, 0x0000, 0x0000, 0x0000, 0x0000, 0x0000, 0x0000, 0x0000, 0x0000, 0x0000, 0x0000, 0x0000, 0x0000, 0x0000,
    0x0000, 0x0000, 0x0000, 0x0000, 0x0000, 0x0000, 0x0000, 0x0000, 0x0000, 0x0000, 0x0000, 0x0000, 0x0000, 0x0000, 0x0000, 0x0000,
    0x0000, 0x0000, 0x0000, 0x0000, 0x0000, 0x0000, 0x0000, 0x0000, 0x0000, 0x0000, 0x0000, 0x0000, 0x0000, 0x0000, 0x0000, 0x0000,
    0x0000, 0x0000, 0x0000, 0x0000, 0x0000, 0x0000, 0x0000, 0x0000, 0x0000, 0x0000, 0x0000, 0x0000, 0x0000, 0x0000, 0x0000, 0x0000,
    0x0000, 0x0000, 0x0000, 0x0000, 0x0000, 0x0000, 0x0000, 0x0000, 0x0000, 0x0000, 0x0000, 0x0000, 0x0000, 0x0000, 0x0000, 0x0000,
    0x0000, 0x0000, 0x0000, 0x0000, 0x0000, 0x0000, 0x0000, 0x0000, 0x0000, 0x0000, 0x0000, 0x0000, 0x0000, 0x0000, 0x0000, 0x0000,
    0x0000, 0x2b80, 0x2c00, 0x22c0, 0x22c0, 0x2c00, 0x3c80, 0x22c0, 0x0000, 0x22c0, 0x0000, 0x22c0, 0x2b80, 0x2b80, 0x2c00, 0x0000,
    0x0000, 0x0000, 0x0000, 0x0000, 0x0000, 0x0000, 0x0000, 0x0000, 0x0000, 0x0000, 0x0000, 0x0000, 0x0000, 0x0000, 0x0000, 0x0000,
    0x0000, 0x0000, 0x0000, 0x0000, 0x0000, 0x0000, 0x0000, 0x0000, 0x0000, 0x0000, 0x0000, 0x0000, 0x0000, 0x0000, 0x0000, 0x0000,
    0x0000, 0x0000, 0x0000, 0x0000, 0x0000, 0x0000, 0x0000, 0x0000, 0x0000, 0x0000, 0x0000, 0x0000, 0x0000, 0x0000, 0x0000, 0x0000,
    0x0000, 0x0000, 0x0000, 0x0000, 0x0000, 0x0000, 0x0000, 0x0000, 0x0000, 0x0000, 0x0000, 0x0000, 0x0000, 0x0000, 0x0000, 0x0000,
    0x0000, 0x0000, 0x0000, 0x0000, 0x0000, 0x0000, 0x0861, 0x0861, 0x0000, 0x0000, 0x0000, 0x0000, 0x0000, 0x0000, 0x0000, 0x0000,
    0x0000, 0x0000, 0x0000, 0x0000, 0x0000, 0x0000, 0x0000, 0x8a25, 0x8a25, 0x8a25, 0x0000, 0x0000, 0x0000, 0x0000, 0x0000, 0x0000,
    0x0000, 0x0000, 0x0000, 0x0000, 0x0000, 0x0000, 0x0000, 0x0000, 0x0000, 0x0000, 0x0000, 0x0000, 0x0000, 0x0000, 0x0000, 0x0000,
    0x0000, 0x0000, 0x0000, 0x0000, 0x0000, 0x0000, 0x0000, 0x0000, 0x0000, 0x0000, 0x0000, 0x0000, 0x0000, 0x0000, 0x0000, 0x0000,
    0x0000, 0x0000, 0x0000, 0x0000, 0x0000, 0x0000, 0x0000, 0x0000, 0x0000, 0x0000, 0x0000, 0x0000, 0x0000, 0x0000, 0x0000, 0x0000,
    0x0000, 0x0000, 0x0000, 0x0000, 0x0000, 0x0000, 0x0000, 0x0000, 0x0000, 0x0000, 0x0000, 0x0000, 0x0000, 0x0000, 0x0000, 0x0000,
    0x0000, 0x0000, 0x0000, 0x0000, 0x0000, 0x0000, 0x0000, 0x0000, 0x0000, 0x0000, 0x0000, 0x0000, 0x0000, 0x0000, 0x0000, 0x0000,
    0x0000, 0x0000, 0x0000, 0x0000, 0x0000, 0x0000, 0x0000, 0x0000, 0x0000, 0x0000, 0x0000, 0x0000, 0x0000, 0x0000, 0x0000, 0x0000,
    0x0000, 0x0000, 0x0000, 0x0000, 0x0000, 0x0000, 0x0000, 0x0000, 0x0000, 0x0000, 0x0000, 0x0000, 0x0000, 0x0000, 0x0000, 0x0000,
    0x0000, 0x0000, 0x0000, 0x0000, 0x0000, 0x0000, 0x0000, 0x0000, 0x0000, 0x0000, 0x0000, 0x0000, 0x0000, 0x0000, 0x0000, 0x0000,
    0x0000, 0x0000, 0x0000, 0x0000, 0x0000, 0x0000, 0x0000, 0x0000, 0x0000, 0x0000, 0x0000, 0x0000, 0x0000, 0x0000, 0x0000, 0x0000,
    0x0000, 0x0000, 0x0000, 0x0000, 0x0000, 0x0000, 0x0000, 0x0000, 0x0000, 0x0000, 0x0000, 0x0000, 0x0000, 0x0000, 0x0000, 0x0000,
    0x0000, 0x0000, 0x0000, 0x0000, 0x0000, 0x0000, 0x0000, 0x0000, 0x0000, 0x0000, 0x0000, 0x0000, 0x0000, 0x0000, 0x0000, 0x0000,
    0x0000, 0x0000, 0x0000, 0x0000, 0x0000, 0x0000, 0x0000, 0x0000, 0x0000, 0x0000, 0x0000, 0x0000, 0x0000, 0x0000, 0x0000, 0x0000,
    0x0000, 0x0000, 0x0000, 0x0000, 0x0000, 0x0000, 0x0000, 0x0000, 0x0000, 0x0000, 0x0000, 0x0000, 0x0000, 0x0000, 0x0000, 0x0000,
    0x0000, 0x0000, 0x0000, 0x0000, 0x0000, 0x0000, 0x0000, 0x0000, 0x0000, 0x0000, 0x0000, 0x0000, 0x0000, 0x0000, 0x0000, 0x0000,
    0x0000, 0x0000, 0x0000, 0x0000, 0x0000, 0x0000, 0x0000, 0x0000, 0x0000, 0x0000, 0x0000, 0x0000, 0x0000, 0x0000, 0x0000, 0x0000,
    0x0000, 0x0000, 0x0000, 0x0000, 0x0000, 0x0000, 0x0000, 0x0000, 0x0000, 0x0000, 0x0000, 0x0000, 0x0000, 0x0000, 0x0000, 0x0000,
    0x0000, 0x0000, 0x0000, 0x0000, 0x0000, 0x0000, 0x0000, 0x0000, 0x0000, 0x0000, 0x0000, 0x0000, 0x0000, 0x0000, 0x0000, 0x0000,
    0x0000, 0x0000, 0x0000, 0x0000, 0x0000, 0x0000, 0x0000, 0x0000, 0x0000, 0x0000, 0x0000, 0x0000, 0x0000, 0x0000, 0x0000, 0x0000,
    0x0000, 0x0000, 0x0000, 0x0000, 0x0000, 0x0000, 0x0000, 0x0000, 0x0000, 0x0000, 0x0000, 0x0000, 0x0000, 0x0000, 0x0000, 0x0000,
    0x0000, 0x0000, 0x0000, 0x0000, 0x0000, 0x0000, 0x0000, 0x0000, 0x0000, 0x0000, 0x0000, 0x0000, 0x0000, 0x0000, 0x0000, 0x0000,
    0x0000, 0x0000, 0x0000, 0x0000, 0x0000, 0x0000, 0x0000, 0x0000, 0x0000, 0x0000, 0x0000, 0x0000, 0x0000, 0x0000, 0x0000, 0x0000,
    0x0000, 0x0000, 0x0000, 0x0000, 0x0000, 0x0000, 0x0000, 0x0000, 0x0000, 0x0000, 0x0000, 0x0000, 0x0000, 0x0000, 0x0000, 0x0000,
    0x0000, 0x0000, 0xb6db, 0xffff, 0xffff, 0xffff, 0xffff, 0xffff, 0xffff, 0xffff, 0xffff, 0xffff, 0xffff, 0xffff, 0xffff, 0x0000,
    0x0000, 0x0000, 0x0000, 0x0000, 0x0000, 0x0000, 0x0000, 0x0000, 0x0000, 0x0000, 0x0000, 0x0000, 0x0000, 0x0000, 0x0000, 0x0000,
    0x0000, 0x0000, 0x0000, 0x0000, 0x0000, 0x0000, 0x0000, 0x0000, 0x0000, 0x0000, 0x0000, 0x0000, 0x0000, 0x0000, 0x0000, 0x0000,
    0x0000, 0x0000, 0x0000, 0x0000, 0x0000, 0x0000, 0x0000, 0x0000, 0x0000, 0x6242, 0x6242, 0x6242, 0x6242, 0x0000, 0x0000, 0x0000,
    0x0000, 0x0000, 0x0000, 0x0000, 0x0000, 0x0000, 0x0000, 0x0000, 0x0000, 0x0000, 0x0000, 0x0000, 0x0000, 0x0000, 0x0000, 0x0000,
    0x0000, 0x0000, 0x0000, 0x0000, 0x0000, 0x0000, 0x0000, 0x0000, 0x0000, 0x0000, 0x0000, 0x0000, 0x0000, 0x0000, 0x0000, 0x0000,
    0x0000, 0x0000, 0x0000, 0x0000, 0x0000, 0x0000, 0x0000, 0x0000, 0x0000, 0x0000, 0x0000, 0x0000, 0x0000, 0x0000, 0x0000, 0x0000,
    0x0000, 0x0000, 0x0000, 0x0000, 0x0000, 0x0000, 0x0000, 0x0000, 0x0000, 0x0000, 0x0000, 0x0000, 0x0000, 0x0000, 0x0000, 0x0000,
    0x0000, 0x0000, 0x0000, 0x0000, 0x0000, 0x0000, 0x0000, 0x0000, 0x0000, 0x0000, 0x0000, 0x0000, 0x0000, 0x0000, 0x0000, 0x0000,
    0x0000, 0x0000, 0x0000, 0x0000, 0x0000, 0x0000, 0x0000, 0x0000, 0x0000, 0x0000, 0x0000, 0x0000, 0x0000, 0x0000, 0x0000, 0x0000,
    0x0000, 0x0000, 0x0000, 0x0000, 0x528a, 0x528a, 0x528a, 0x528a, 0x528a, 0x528a, 0x528a, 0x31a6, 0x0000, 0x0000, 0x0000, 0x0000,
    0x0000, 0x0000, 0x0000, 0x0000, 0x2965, 0x2965, 0x2965, 0x2965, 0x2965, 0x2965, 0x2965, 0x18c3, 0x0000, 0x0000, 0x0000, 0x0000,
    0x0000, 0x0000, 0x0000, 0x0000, 0x2965, 0x2965, 0x2965, 0x2965, 0x2965, 0x2965, 0x2965, 0x18c3, 0x0000, 0x0000, 0x0000, 0x0000,
    0x0000, 0x0000, 0x0000, 0x0000, 0x09e6, 0x09e6, 0x09e6, 0x09e6, 0x09e6, 0x09e6, 0x09e6, 0x0924, 0x0000, 0x0000, 0x0000, 0x0000,
    0x0000, 0x0000, 0x0000, 0x0000, 0x82e2, 0x82e2, 0x82e2, 0x82e2, 0x82e2, 0x82e2, 0x82e2, 0x3961, 0x0000, 0x0000, 0x0000, 0x0000,
    0x0000, 0x0000, 0x0000, 0x0000, 0x0000, 0x0000, 0x0000, 0x0000, 0x0000, 0x0000, 0x0000, 0x0000, 0x94b2, 0xffff, 0x4228, 0x0000,
    0x0000, 0x0000, 0xffff, 0x0000, 0x0000, 0x0000, 0x0000, 0x0000, 0x9277, 0x0000, 0x0000, 0x0000, 0x0000, 0x0000, 0x9df8, 0x0000,
    0x0000, 0x0000, 0x0000, 0x0000, 0x0000, 0x0000, 0x0000, 0x0000, 0x0000, 0x0000, 0xb322, 0xb322, 0x0000, 0x0000, 0x0000, 0x0000,
    0x0000, 0x0000, 0x0000, 0x0000, 0x0000, 0x0000, 0x0000, 0x0000, 0x0000, 0x0000, 0x0000, 0x0000, 0x0000, 0x0000, 0x0000, 0x0000,
    0x0000, 0x0000, 0x0000, 0x0000, 0x0000, 0x0000, 0x0000, 0x6242, 0x6242, 0x8b23, 0xa3c4, 0xa3c4, 0x8b23, 0x6242, 0x0000, 0x0000,
    0x0000, 0x0000, 0xc50c, 0xc50c, 0xbccc, 0xbccc, 0xb46a, 0xb46a, 0xb46a, 0xbccc, 0xbccc, 0xc50c, 0xbccc, 0xb46a, 0x9ba8, 0x0000,
    0x0000, 0x0000, 0x0000, 0x6aa6, 0x9c29, 0x9c29, 0x9c29, 0x9c29, 0x9c29, 0x9c29, 0x9c29, 0x9c29, 0x9c29, 0x0000, 0x0000, 0x0000,
    0x0000, 0x0000, 0x0000, 0x94b2, 0xce79, 0xce79, 0xce79, 0xce79, 0xce79, 0xce79, 0xce79, 0xce79, 0xce79, 0x0000, 0x0000, 0x0000,
    0x0000, 0x0000, 0x0000, 0x0000, 0x0000, 0x0000, 0x0000, 0x0000, 0x0000, 0x0000, 0x0000, 0x0000, 0x0000, 0x0000, 0x0000, 0x0000,
    0x0000, 0x0000, 0x0000, 0x0000, 0x0000, 0x0000, 0x0000, 0x2124, 0x2124, 0x0000, 0x0000, 0x0000, 0x0000, 0x0000, 0x0000, 0x0000,
    0x0000, 0x0000, 0x0000, 0x0000, 0x0000, 0x0000, 0x0000, 0xbcd7, 0x0000, 0x0000, 0x0000, 0x0000, 0x0000, 0x0000, 0x0000, 0x0000,
    0x0000, 0x0000, 0x0000, 0x528a, 0xce79, 0xce79, 0xce79, 0xce79, 0xce79, 0xb596, 0xb596, 0x738e, 0x31a6, 0x0000, 0x0000, 0x0000,
    0x0000, 0x0000, 0x0000, 0x2965, 0xdedb, 0xffff, 0xffff, 0xdedb, 0xdedb, 0xc638, 0x94b2, 0x6b4d, 0x18c3, 0x0000, 0x0000, 0x0000,
    0x0000, 0x0000, 0x0000, 0x2965, 0xdedb, 0xffff, 0xffff, 0xdedb, 0xdedb, 0xc638, 0xc638, 0x6b4d, 0x18c3, 0x0000, 0x0000, 0x0000,
    0x0000, 0x0000, 0x0000, 0x09e6, 0xa7dd, 0xffff, 0xffff, 0xa7dd, 0xa7dd, 0x4f7b, 0x4f7b, 0x1d54, 0x0924, 0x0000, 0x0000, 0x0000,
    0x0000, 0x0000, 0x0000, 0x82e2, 0xffee, 0xffff, 0xffff, 0xffee, 0xffee, 0xef6a, 0xef6a, 0xdca2, 0x3961, 0x0000, 0x0000, 0x0000,
    0x0000, 0x0000, 0x0000, 0x0000, 0x0000, 0x0000, 0x0000, 0x0000, 0x0000, 0x0000, 0x94b2, 0xdedb, 0xdedb, 0x94b2, 0x4228, 0x0000,
    0x0000, 0x0000, 0xffff, 0x0000, 0x0000, 0x0000, 0x0000, 0x9277, 0xde3c, 0x9277, 0x0000, 0x0000, 0x0000, 0x0000, 0x9df8, 0x0000,
    0x0000, 0x0000, 0x0000, 0x0000, 0x0000, 0x0000, 0x0000, 0xb322, 0xb322, 0xb322, 0xfea9, 0xfea9, 0xb322, 0x0000, 0x0000, 0x0000,
    0x0000, 0x0000, 0x0000, 0x0000, 0x0000, 0x0000, 0x0000, 0x528a, 0x528a, 0x0000, 0x0000, 0x0000, 0x0000, 0x0000, 0x0000, 0x0000,
    0x0000, 0x0000, 0x0000, 0x0000, 0x0000, 0x0000, 0x6242, 0x8b23, 0xbc44, 0xbc44, 0xbc44, 0xbc44, 0xa3c4, 0x8b23, 0x3961, 0x0000,
    0x0000, 0x0000, 0xbccc, 0x6aa6, 0xb46a, 0xb46a, 0xb46a, 0xb46a, 0xb46a, 0x7b07, 0x6aa6, 0xb46a, 0x6aa6, 0xb46a, 0x9ba8, 0x0000,
    0x0000, 0x0000, 0x0000, 0x6aa6, 0x9c29, 0x0000, 0x0000, 0x0000, 0x9c29, 0x0000, 0x0000, 0x0000, 0x9c29, 0x0000, 0x0000, 0x0000,
    0x0000, 0x0000, 0x0000, 0x94b2, 0xce79, 0x0000, 0x0000, 0x0000, 0xce79, 0x0000, 0x0000, 0x0000, 0xce79, 0x0000, 0x0000, 0x0000,
    0x0000, 0x0000, 0x0000, 0x0000, 0x0000, 0x9ba8, 0x7b07, 0x6aa6, 0x6aa6, 0x6aa6, 0x7b07, 0xbccc, 0x0000, 0x0000, 0x0000, 0x0000,
    0x0000, 0xbccc, 0xac29, 0xbccc, 0xbccc, 0xbccc, 0xbccc, 0xac29, 0xbccc, 0xbccc, 0xac29, 0xbccc, 0xac29, 0xac29, 0x7284, 0x0000,
    0x0000, 0x0000, 0x0000, 0xbcd7, 0x0000, 0x0000, 0xe6bc, 0xbcd7, 0x0000, 0x0000, 0x0000, 0x0000, 0x0000, 0x0000, 0x0000, 0x0000,
    0x0000, 0x0000, 0x0000, 0x528a, 0xce79, 0xce79, 0xb596, 0xb596, 0xb596, 0xb596, 0xb596, 0x94b2, 0x31a6, 0x0000, 0x0000, 0x0000,
    0x0000, 0x0000, 0x0000, 0x2965, 0xdedb, 0xdedb, 0xc638, 0x94b2, 0xc638, 0x94b2, 0xc638, 0x94b2, 0x18c3, 0x0000, 0x0000, 0x0000,
    0x0000, 0x0000, 0x0000, 0x2965, 0xdedb, 0xdedb, 0xc638, 0xc638, 0xc638, 0xc638, 0xc638, 0x94b2, 0x18c3, 0x0000, 0x0000, 0x0000,
    0x0000, 0x0000, 0x0000, 0x09e6, 0xa7dd, 0xa7dd, 0x4f7b, 0x4f7b, 0x4f7b, 0x4f7b, 0x4f7b, 0x2636, 0x0924, 0x0000, 0x0000, 0x0000,
    0x0000, 0x0000, 0x0000, 0x82e2, 0xffee, 0xffee, 0xef6a, 0xef6a, 0xef6a, 0xef6a, 0xef6a, 0xed82, 0x3961, 0x0000, 0x0000, 0x0000,
    0x0000, 0x0000, 0x0000, 0x0000, 0x0000, 0x0000, 0x0000, 0x0000, 0x0000, 0x0000, 0x4228, 0x8b24, 0xdedb, 0x4228, 0x0000, 0x0000,
    0x0000, 0x0000, 0xffff, 0x0000, 0x592f, 0x592f, 0x9277, 0xbcba, 0xde3c, 0xbcba, 0x9277, 0x592f, 0x592f, 0x0000, 0x9df8, 0x0000,
    0x0000, 0x0000, 0x0000, 0x0000, 0xb322, 0xb322, 0xb322, 0xffab, 0xffab, 0xffab, 0xffab, 0xffab, 0xffab, 0xb322, 0x0000, 0x0000,
    0x0000, 0x0000, 0x0000, 0x0000, 0x0000, 0x0000, 0x528a, 0x52aa, 0x738e, 0x528a, 0x0000, 0x0000, 0x0000, 0x0000, 0x0000, 0x0000,
    0x0000, 0x0000, 0x0000, 0x0000, 0x0000, 0x6242, 0xbc44, 0xa3c4, 0x8b23, 0x8b23, 0xbc44, 0xbc44, 0xbc44, 0x8b23, 0x3961, 0x0000,
    0x0000, 0x0000, 0xb46a, 0x7b07, 0x7b07, 0xb46a, 0x7b07, 0x6aa6, 0xb46a, 0x7b07, 0x7b07, 0x6aa6, 0x7b07, 0xb46a, 0x7b07, 0x0000,
    0x0000, 0x0000, 0x0000, 0x20c1, 0x9c29, 0x0000, 0x0000, 0x0000, 0x9c29, 0x0000, 0x0000, 0x0000, 0x9c29, 0x0000, 0x0000, 0x0000,
    0x0000, 0x0000, 0x0000, 0x4a69, 0xce79, 0x0000, 0x0000, 0x0000, 0xce79, 0x0000, 0x0000, 0x0000, 0xce79, 0x0000, 0x0000, 0x0000,
    0x0000, 0x0000, 0x0000, 0x0000, 0x0000, 0xc69a, 0xdefb, 0xdefb, 0xdefb, 0xdefb, 0xdefb, 0xc69a, 0x0000, 0x0000, 0x0000, 0x0000,
    0x0000, 0xac29, 0x59e2, 0x59e2, 0x59e2, 0x59e2, 0x59e2, 0x59e2, 0x59e2, 0x59e2, 0x59e2, 0x59e2, 0x59e2, 0x82e4, 0x59e2, 0x0000,
    0x0000, 0x0000, 0x0000, 0xbcd7, 0xe6bc, 0xf7be, 0xf7be, 0xbcd7, 0x624c, 0x624c, 0x624c, 0x0000, 0x0000, 0x0000, 0x0000, 0x0000,
    0x0000, 0x0000, 0x0000, 0x528a, 0xce79, 0xb596, 0xb596, 0x94b2, 0x94b2, 0xb596, 0xb596, 0x94b2, 0x31a6, 0x0000, 0x0000, 0x0000,
    0x0000, 0x0000, 0x0000, 0x2965, 0xdedb, 0xc638, 0x94b2, 0xc638, 0x94b2, 0xc638, 0x94b2, 0xc638, 0x18c3, 0x0000, 0x0000, 0x0000,
    0x0000, 0x0000, 0x0000, 0x2965, 0xdedb, 0xc638, 0x94b2, 0x94b2, 0x94b2, 0xc638, 0xc638, 0x94b2, 0x18c3, 0x0000, 0x0000, 0x0000,
    0x0000, 0x0000, 0x0000, 0x09e6, 0xa7dd, 0x4f7b, 0x4f7b, 0x2636, 0x2636, 0x4f7b, 0x4f7b, 0x2636, 0x0924, 0x0000, 0x0000, 0x0000,
    0x0000, 0x0000, 0x0000, 0x82e2, 0xffee, 0xef6a, 0xef6a, 0xed82, 0xed82, 0xef6a, 0xef6a, 0xed82, 0x3961, 0x0000, 0x0000, 0x0000,
    0x0000, 0x0000, 0x0000, 0x0000, 0x0000, 0x0000, 0x0000, 0x0000, 0x0000, 0x0000, 0x8b24, 0x28e1, 0x94b2, 0x4228, 0x0000, 0x0000,
    0x0000, 0x0000, 0xffff, 0x0000, 0x592f, 0x9277, 0xbcba, 0xbcba, 0xcd9b, 0xbcba, 0xbcba, 0x9277, 0x592f, 0x0000, 0xb6db, 0x0000,
    0x0000, 0xb322, 0xb322, 0xb322, 0xfea9, 0xffab, 0xffab, 0xffab, 0xffab, 0xffab, 0xffab, 0xffab, 0xffab, 0xfea9, 0x7140, 0x0000,
    0x0000, 0x0000, 0x0000, 0x0000, 0x0000, 0x528a, 0x738e, 0x8c51, 0x738e, 0x4a49, 0x2965, 0x0000, 0x0000, 0x0000, 0x0000, 0x0000,
    0x0000, 0x0000, 0x0000, 0x0000, 0x6242, 0xbc44, 0xbc44, 0xbc44, 0xbc44, 0xa3c4, 0x8b23, 0xbc44, 0xa3c4, 0x8b23, 0x3961, 0x0000,
    0x0000, 0x0000, 0xc50c, 0xb46a, 0xb46a, 0xb46a, 0xb46a, 0xb46a, 0xb46a, 0xb46a, 0xb46a, 0xb46a, 0xb46a, 0xb46a, 0x9c29, 0x0000,
    0x0000, 0x0000, 0x0000, 0x6aa6, 0x9c29, 0x9c29, 0x9c29, 0x9c29, 0x9c29, 0x9c29, 0x9c29, 0x9c29, 0x9c29, 0x0000, 0x0000, 0x0000,
    0x0000, 0x0000, 0x0000, 0x94b2, 0xce79, 0xce79, 0xce79, 0xce79, 0xce79, 0xce79, 0xce79, 0xce79, 0xce79, 0x0000, 0x0000, 0x0000,
    0x0000, 0x0000, 0x9c29, 0xad96, 0xc69a, 0xdefb, 0xef7d, 0xdefb, 0xc69a, 0xdefb, 0xef7d, 0xdefb, 0xc69a, 0xad96, 0x0000, 0x0000,
    0x0000, 0xbccc, 0x59e2, 0x51c5, 0x51c5, 0x51c5, 0x59e5, 0x59e5, 0x51c5, 0x59e5, 0x59e5, 0x51c5, 0x51c5, 0x9366, 0x4981, 0x0000,
    0x0000, 0x0000, 0x0000, 0x0000, 0xbcd7, 0xf7be, 0xf7be, 0xbcd7, 0x8b31, 0x8b31, 0x7acf, 0x624c, 0x596b, 0x0000, 0x0000, 0x0000,
    0x0000, 0x0000, 0x0000, 0x528a, 0xce79, 0xb596, 0x94b2, 0x31a6, 0x31a6, 0x738e, 0xb596, 0x94b2, 0x31a6, 0x0000, 0x0000, 0x0000,
    0x0000, 0x0000, 0x0000, 0x2965, 0xdedb, 0x94b2, 0x6b4d, 0x18c3, 0x18c3, 0x6b4d, 0xc638, 0x94b2, 0x18c3, 0x0000, 0x0000, 0x0000,
    0x0000, 0x0000, 0x0000, 0x2965, 0xdedb, 0xc638, 0x94b2, 0x18c3, 0x18c3, 0x6b4d, 0xc638, 0x94b2, 0x18c3, 0x0000, 0x0000, 0x0000,
    0x0000, 0x0000, 0x0000, 0x09e6, 0xa7dd, 0x4f7b, 0x2636, 0x0924, 0x0924, 0x1d54, 0x4f7b, 0x2636, 0x0924, 0x0000, 0x0000, 0x0000,
    0x0000, 0x0000, 0x0000, 0x82e2, 0xffee, 0xef6a, 0xed82, 0x3961, 0x3961, 0xdca2, 0xef6a, 0xed82, 0x3961, 0x0000, 0x0000, 0x0000,
    0x0000, 0x0000, 0x0000, 0x0000, 0x0000, 0x0000, 0x0000, 0x0000, 0x0000, 0x8b24, 0x28e1, 0x0000, 0x4228, 0x0000, 0x0000, 0x0000,
    0x0000, 0x0000, 0xffff, 0x0000, 0x9277, 0xbcba, 0xbcba, 0xcd9b, 0xe024, 0xcd9b, 0xbcba, 0xbcba, 0x9277, 0x0000, 0xb6db, 0x0000,
    0xb322, 0xfffc, 0xffab, 0xffab, 0xffab, 0xffab, 0xffab, 0xffab, 0xffab, 0xffab, 0xffab, 0xffab, 0xfffc, 0xfffc, 0xffab, 0x7140,
    0x0000, 0x0000, 0x0000, 0x0000, 0x528a, 0x738e, 0x8c51, 0x738e, 0x52aa, 0x8c51, 0x4a49, 0x2965, 0x0000, 0x0000, 0x0000, 0x0000,
    0x0000, 0x0000, 0x0000, 0x6242, 0xbc44, 0xbc44, 0xbc44, 0xbc44, 0xbc44, 0xbc44, 0xa3c4, 0xbc44, 0x8b23, 0x6242, 0x3961, 0x0000,
    0x0000, 0x0000, 0xbccc, 0xb46a, 0x6aa6, 0xb46a, 0x6aa6, 0x6aa6, 0xb46a, 0xb46a, 0x6aa6, 0xb46a, 0x6aa6, 0xb46a, 0x9ba8, 0x0000,
    0x0000, 0x0000, 0x0000, 0x6aa6, 0x9c29, 0x0000, 0x0000, 0x0000, 0x9c29, 0x0000, 0x0000, 0x0000, 0x9c29, 0x0000, 0x0000, 0x0000,
    0x0000, 0x0000, 0x0000, 0x94b2, 0xce79, 0x0000, 0x0000, 0x0000, 0xce79, 0x0000, 0x0000, 0x0000, 0xce79, 0x0000, 0x0000, 0x0000,
    0x0000, 0x0000, 0x6aa6, 0xad96, 0xef7d, 0xef7d, 0xdefb, 0xffff, 0xffff, 0xffff, 0xdefb, 0xef7d, 0xef7d, 0xad96, 0x0000, 0x0000,
    0x0000, 0xbccc, 0x59e2, 0x51c5, 0x59e5, 0x6206, 0x6226, 0x6226, 0x6226, 0x9c4f, 0xffff, 0x59e5, 0x51c5, 0x9366, 0x59e2, 0x0000,
    0x0000, 0x0000, 0x0000, 0x0000, 0xbcd7, 0xe6bc, 0xe6bc, 0xbcd7, 0x624c, 0xa414, 0xa414, 0x8b31, 0x624c, 0x38a7, 0x0000, 0x0000,
    0x0000, 0x0000, 0x0000, 0x528a, 0x0000, 0x0000, 0x31a6, 0x0000, 0x0000, 0x31a6, 0x0000, 0x0000, 0x31a6, 0x0000, 0x0000, 0x0000,
    0x0000, 0x0000, 0x0000, 0x2965, 0x94b2, 0xc638, 0x18c3, 0x0000, 0x0000, 0x18c3, 0x94b2, 0xc638, 0x18c3, 0x0000, 0x0000, 0x0000,
    0x0000, 0x0000, 0x0000, 0x2965, 0xc638, 0xc638, 0x18c3, 0x0000, 0x0000, 0x18c3, 0xc638, 0x94b2, 0x18c3, 0x0000, 0x0000, 0x0000,
    0x0000, 0x0000, 0x0000, 0x09e6, 0x4f7b, 0x4f7b, 0x0924, 0x0000, 0x0000, 0x0924, 0x4f7b, 0x2636, 0x0924, 0x0000, 0x0000, 0x0000,
    0x0000, 0x0000, 0x0000, 0x82e2, 0xef6a, 0xef6a, 0x3961, 0x0000, 0x0000, 0x3961, 0xef6a, 0xed82, 0x3961, 0x0000, 0x0000, 0x0000,
    0x0000, 0x0000, 0x0000, 0x0000, 0x0000, 0x0000, 0x0000, 0x0000, 0x8b24, 0x28e1, 0x0000, 0x0000, 0x0000, 0x0000, 0x0000, 0x0000,
    0x0000, 0x0000, 0xffff, 0x9277, 0xbcba, 0xbcba, 0xcd9b, 0xe024, 0xb024, 0xcd9b, 0xcd9b, 0xbcba, 0xbcba, 0x592f, 0x9df8, 0x0000,
    0xb322, 0xfea9, 0xfffc, 0xffab, 0xffab, 0xffab, 0xffab, 0xffab, 0xffab, 0xfffc, 0xfffc, 0xfffc, 0xffab, 0xdca2, 0xfea9, 0x7140,
    0x0000, 0x0000, 0x0000, 0x528a, 0x738e, 0x738e, 0x738e, 0x8c51, 0x738e, 0x4a49, 0x528a, 0x4a49, 0x2965, 0x0000, 0x0000, 0x0000,
    0x0000, 0x0000, 0x6242, 0x8b23, 0xa3c4, 0x8b23, 0x8b23, 0xbc44, 0xbc44, 0xbc44, 0xbc44, 0x8b23, 0x8b23, 0x49c2, 0x3961, 0x0000,
    0x0000, 0x0000, 0xb46a, 0x7b07, 0x7b07, 0xb46a, 0x7b07, 0x7b07, 0x6aa6, 0x7b07, 0x7b07, 0xb46a, 0x7b07, 0xb46a, 0x7b07, 0x0000,
    0x0000, 0x0000, 0x0000, 0x6aa6, 0x9c29, 0x0000, 0x0000, 0x0000, 0x9c29, 0x0000, 0x0000, 0x0000, 0x9c29, 0x0000, 0x0000, 0x0000,
    0x0000, 0x0000, 0x0000, 0x94b2, 0xce79, 0x0000, 0x0000, 0x0000, 0xce79, 0x0000, 0x0000, 0x0000, 0xce79, 0x0000, 0x0000, 0x0000,
    0x0000, 0x0000, 0x6aa6, 0xad96, 0xc69a, 0xc69a, 0xc69a, 0xef7d, 0xef7d, 0xef7d, 0xc69a, 0xdefb, 0xc69a, 0xad96, 0x0000, 0x0000,
    0x0000, 0xac29, 0x59e2, 0x59e5, 0x6206, 0x6226, 0x6226, 0x6226, 0x9c4f, 0xffff, 0x9c4f, 0x6206, 0x59e5, 0x82e4, 0x4981, 0x0000,
    0x0000, 0x0000, 0x0000, 0x0000, 0x0000, 0xbcd7, 0xbcd7, 0x624c, 0x596b, 0x7acf, 0xa414, 0x8b31, 0x7acf, 0x596b, 0x0000, 0x0000,
    0x0000, 0x0000, 0x0000, 0x0000, 0x0000, 0x0000, 0x0000, 0x0000, 0x0000, 0x0000, 0x0000, 0x0000, 0x0000, 0x0000, 0x0000, 0x0000,
    0x0000, 0x0000, 0x0000, 0x2965, 0xc638, 0x94b2, 0x18c3, 0x0000, 0x0000, 0x2965, 0xc638, 0x94b2, 0x18c3, 0x0000, 0x0000, 0x0000,
    0x0000, 0x0000, 0x0000, 0x2965, 0xc638, 0x94b2, 0x18c3, 0x0000, 0x0000, 0x2965, 0xc638, 0x94b2, 0x18c3, 0x0000, 0x0000, 0x0000,
    0x0000, 0x0000, 0x0000, 0x09e6, 0x4f7b, 0x2636, 0x0924, 0x0000, 0x0000, 0x09e6, 0x4f7b, 0x2636, 0x0924, 0x0000, 0x0000, 0x0000,
    0x0000, 0x0000, 0x0000, 0x82e2, 0xef6a, 0xed82, 0x3961, 0x0000, 0x0000, 0x82e2, 0xef6a, 0xed82, 0x3961, 0x0000, 0x0000, 0x0000,
    0x0000, 0x0000, 0x0000, 0x0000, 0x0000, 0x0000, 0x0000, 0x8b24, 0x28e1, 0x0000, 0x0000, 0x0000, 0x0000, 0x0000, 0x0000, 0x0000,
    0x0000, 0x0000, 0xb6db, 0xbcba, 0xde3c, 0xde3c, 0xe024, 0xe024, 0xbcba, 0xc824, 0xe024, 0xcd9b, 0xcd9b, 0x9277, 0x592f, 0x0000,
    0xb322, 0xfea9, 0xffab, 0xfffc, 0xffab, 0xffab, 0xfffc, 0xfffc, 0xfffc, 0xffab, 0xed82, 0xdca2, 0xdca2, 0xdca2, 0xfea9, 0x7140,
    0x0000, 0x0000, 0x528a, 0x52aa, 0x8c51, 0x738e, 0x52aa, 0x4a49, 0x8c51, 0x52aa, 0x4a49, 0x738e, 0x39e7, 0x2965, 0x0000, 0x0000,
    0x0000, 0x0000, 0x6242, 0xbc44, 0xbc44, 0xbc44, 0xa3c4, 0x8b23, 0xbc44, 0xbc44, 0x8b23, 0x8b23, 0x6242, 0x3961, 0x0000, 0x0000,
    0x0000, 0x0000, 0xc50c, 0xb46a, 0xb46a, 0xb46a, 0xb46a, 0xb46a, 0xb46a, 0xb46a, 0xb46a, 0xb46a, 0xb46a, 0xb46a, 0x9c29, 0x0000,
    0x0000, 0x0000, 0x0000, 0x6aa6, 0x9c29, 0x9c29, 0x9c29, 0x9c29, 0x9c29, 0x9c29, 0x20c1, 0x20c1, 0x9c29, 0x0000, 0x0000, 0x0000,
    0x0000, 0x0000, 0x0000, 0x94b2, 0xce79, 0xce79, 0xce79, 0xce79, 0xce79, 0xce79, 0xce79, 0xce79, 0xce79, 0x0000, 0x0000, 0x0000,
    0x0000, 0x0000, 0x6aa6, 0x6882, 0x9104, 0x9104, 0x9104, 0x9104, 0x80c3, 0x80c3, 0x9104, 0x9104, 0x80c3, 0x6882, 0x0000, 0x0000,
    0x0000, 0xbccc, 0x59e2, 0x59e5, 0x6226, 0x6226, 0x28e1, 0x9c4f, 0xffff, 0x9c4f, 0x6206, 0x6226, 0x59e5, 0x9366, 0x4981, 0x0000,
    0x0000, 0x0000, 0x0000, 0x0000, 0x624c, 0x624c, 0x624c, 0x7acf, 0x8b31, 0xa414, 0x7acf, 0x8b31, 0x8b31, 0x624c, 0x38a7, 0x0000,
    0x0000, 0x0000, 0x0000, 0x0000, 0x0000, 0x0000, 0x0000, 0x0000, 0x0000, 0x0000, 0x0000, 0x0000, 0x0000, 0x0000, 0x0000, 0x0000,
    0x0000, 0x0000, 0x0000, 0x2965, 0x94b2, 0xc638, 0x18c3, 0x0000, 0x0000, 0x2965, 0x94b2, 0xc638, 0x18c3, 0x0000, 0x0000, 0x0000,
    0x0000, 0x0000, 0x0000, 0x2965, 0xc638, 0x94b2, 0x18c3, 0x0000, 0x0000, 0x2965, 0xc638, 0x94b2, 0x18c3, 0x0000, 0x0000, 0x0000,
    0x0000, 0x0000, 0x0000, 0x09e6, 0x4f7b, 0x2636, 0x0924, 0x0000, 0x0000, 0x09e6, 0x4f7b, 0x2636, 0x0924, 0x0000, 0x0000, 0x0000,
    0x0000, 0x0000, 0x0000, 0x82e2, 0xef6a, 0xed82, 0x3961, 0x0000, 0x0000, 0x82e2, 0xef6a, 0xed82, 0x3961, 0x0000, 0x0000, 0x0000,
    0x0000, 0x0000, 0x0000, 0x0000, 0x0000, 0x0000, 0x8b24, 0x28e1, 0x0000, 0x0000, 0x0000, 0x0000, 0x0000, 0x0000, 0x0000, 0x0000,
    0x0000, 0x0000, 0x9df8, 0x9277, 0xbcba, 0xbcba, 0xcd9b, 0xbcba, 0xbcba, 0xbcba, 0xcd9b, 0xbcba, 0x9277, 0x592f, 0x9df8, 0x0000,
    0xb322, 0xfea9, 0xffab, 0xfea9, 0xffff, 0xfffc, 0xffab, 0xed82, 0xdca2, 0xdca2, 0xdca2, 0xdca2, 0xed82, 0xfea9, 0xfea9, 0x7140,
    0x0000, 0x0000, 0x528a, 0x738e, 0x52aa, 0x738e, 0x8c51, 0x738e, 0x52aa, 0x4a49, 0x4a49, 0x528a, 0x4a49, 0x2965, 0x0000, 0x0000,
    0x0000, 0x6242, 0x8b23, 0xbc44, 0xbc44, 0xbc44, 0xbc44, 0xa3c4, 0xbc44, 0x8b23, 0x8b23, 0x6242, 0x3961, 0x0000, 0x0000, 0x0000,
    0x0000, 0x0000, 0x9ba8, 0x9ba8, 0x9ba8, 0x9ba8, 0x9ba8, 0x9ba8, 0x9ba8, 0x9ba8, 0x9ba8, 0x9ba8, 0x9ba8, 0x9ba8, 0x9ba8, 0x0000,
    0x0000, 0x0000, 0x0000, 0x6aa6, 0x9c29, 0xb4aa, 0xb4aa, 0xb4aa, 0x9c29, 0xb4aa, 0xb4aa, 0xb4aa, 0x9c29, 0x0000, 0x0000, 0x0000,
    0x0000, 0x0000, 0x0000, 0x94b2, 0xce79, 0xc618, 0xc618, 0xc618, 0xce79, 0xc618, 0xc618, 0xc618, 0xce79, 0x0000, 0x0000, 0x0000,
    0x0000, 0x0000, 0x6aa6, 0x6882, 0xa124, 0xb9c6, 0xb9c6, 0xb9c6, 0xb185, 0x9104, 0x9104, 0x9104, 0x9104, 0x6882, 0x0000, 0x0000,
    0x0000, 0xac29, 0x59e2, 0x51c5, 0x6226, 0x6226, 0x28e1, 0xffff, 0x942f, 0x59e5, 0x6226, 0x6226, 0x51c5, 0x9366, 0x59e2, 0x0000,
    0x0000, 0x0000, 0x0000, 0x624c, 0x8b31, 0xa414, 0x7acf, 0xa414, 0xa414, 0x8b31, 0x8b31, 0x8b31, 0x7acf, 0x624c, 0x38a7, 0x0000,
    0x0000, 0x0000, 0x0000, 0x528a, 0x0000, 0x0000, 0x31a6, 0x0000, 0x0000, 0x31a6, 0x0000, 0x0000, 0x31a6, 0x0000, 0x0000, 0x0000,
    0x0000, 0x0000, 0x0000, 0x2965, 0xc638, 0x94b2, 0x18c3, 0x0000, 0x0000, 0x18c3, 0xc638, 0x94b2, 0x18c3, 0x0000, 0x0000, 0x0000,
    0x0000, 0x0000, 0x0000, 0x2965, 0x94b2, 0x94b2, 0x18c3, 0x0000, 0x0000, 0x18c3, 0x94b2, 0x94b2, 0x18c3, 0x0000, 0x0000, 0x0000,
    0x0000, 0x0000, 0x0000, 0x09e6, 0x2636, 0x2636, 0x0924, 0x0000, 0x0000, 0x0924, 0x2636, 0x2636, 0x0924, 0x0000, 0x0000, 0x0000,
    0x0000, 0x0000, 0x0000, 0x82e2, 0xed82, 0xed82, 0x3961, 0x0000, 0x0000, 0x3961, 0xed82, 0xed82, 0x3961, 0x0000, 0x0000, 0x0000,
    0x0000, 0x0000, 0x0000, 0x0000, 0x0000, 0x8b24, 0x28e1, 0x0000, 0x0000, 0x0000, 0x0000, 0x0000, 0x0000, 0x0000, 0x0000, 0x0000,
    0x0000, 0x0000, 0xffff, 0x0000, 0x9277, 0xbcba, 0xbcba, 0xcd9b, 0xe024, 0xc824, 0xbcba, 0x9277, 0x9277, 0x0000, 0xb6db, 0x0000,
    0xb322, 0xed82, 0xffab, 0xfea9, 0xffab, 0xed82, 0xdca2, 0xdca2, 0xdca2, 0xdca2, 0xed82, 0xfea9, 0xfea9, 0x7140, 0x7140, 0x0000,
    0x0000, 0x0000, 0x2965, 0x4a49, 0x738e, 0x8c51, 0x738e, 0x52aa, 0x4a49, 0x738e, 0x4a49, 0x4a49, 0x39e7, 0x2965, 0x0000, 0x0000,
    0x0000, 0x6242, 0xa3c4, 0xbc44, 0xbc44, 0xbc44, 0xbc44, 0xbc44, 0x8b23, 0x8b23, 0x6242, 0x3961, 0x0000, 0x0000, 0x0000, 0x0000,
    0x0000, 0x0000, 0x41c5, 0x41c5, 0x41c5, 0x41c5, 0x41c5, 0x41c5, 0x41c5, 0x41c5, 0x41c5, 0x41c5, 0x41c5, 0x41c5, 0x41c5, 0x0000,
    0x0000, 0x0000, 0x0000, 0x6aa6, 0x9c29, 0xb4aa, 0xb4aa, 0xb4aa, 0x9c29, 0xb4aa, 0xb4aa, 0xb4aa, 0x9c29, 0x0000, 0x0000, 0x0000,
    0x0000, 0x0000, 0x0000, 0x94b2, 0xce79, 0xc618, 0xc618, 0xc618, 0xce79, 0xc618, 0xc618, 0xc618, 0xce79, 0x0000, 0x0000, 0x0000,
    0x0000, 0x0000, 0xbcab, 0xac6a, 0xbcab, 0xc4ec, 0xc4ec, 0xc4ec, 0xbcab, 0xc4ec, 0xc4ec, 0xc4ec, 0xc4ec, 0xbcab, 0x0000, 0x0000,
    0x0000, 0xac29, 0x59e2, 0x59e5, 0x6206, 0x51c5, 0x28e1, 0x28e1, 0x28e1, 0x6206, 0x6226, 0x6206, 0x59e5, 0x82e4, 0x4981, 0x0000,
    0x0000, 0x0000, 0x0000, 0x624c, 0x7acf, 0x8b31, 0x7acf, 0x7acf, 0x8b31, 0x8b31, 0x8b31, 0x624c, 0x624c, 0x624c, 0x38a7, 0x0000,
    0x0000, 0x0000, 0x0000, 0x528a, 0x94b2, 0x738e, 0x31a6, 0x0000, 0x0000, 0x31a6, 0x94b2, 0x738e, 0x31a6, 0x0000, 0x0000, 0x0000,
    0x0000, 0x0000, 0x0000, 0x2965, 0x94b2, 0x6b4d, 0x18c3, 0x0000, 0x0000, 0x18c3, 0x94b2, 0x6b4d, 0x18c3, 0x0000, 0x0000, 0x0000,
    0x0000, 0x0000, 0x0000, 0x2965, 0x94b2, 0x6b4d, 0x18c3, 0x0000, 0x0000, 0x18c3, 0x94b2, 0x6b4d, 0x18c3, 0x0000, 0x0000, 0x0000,
    0x0000, 0x0000, 0x0000, 0x09e6, 0x2636, 0x1d54, 0x0924, 0x0000, 0x0000, 0x0924, 0x2636, 0x1d54, 0x0924, 0x0000, 0x0000, 0x0000,
    0x0000, 0x0000, 0x0000, 0x82e2, 0xed82, 0xdca2, 0x3961, 0x0000, 0x0000, 0x3961, 0xed82, 0xdca2, 0x3961, 0x0000, 0x0000, 0x0000,
    0x0000, 0x0000, 0x0000, 0xe71c, 0xc638, 0x28e1, 0x0000, 0x0000, 0x0000, 0x0000, 0x0000, 0x0000, 0x0000, 0x0000, 0x0000, 0x0000,
    0x0000, 0x0000, 0xffff, 0x0000, 0x592f, 0x9277, 0x9277, 0xbcba, 0xcd9b, 0xbcba, 0x9277, 0x9277, 0x592f, 0x0000, 0xb6db, 0x0000,
    0x0000, 0xb322, 0xed82, 0xfea9, 0xffab, 0xed82, 0xdca2, 0xdca2, 0xed82, 0xed82, 0x7140, 0x7140, 0x7140, 0x0000, 0x0000, 0x0000,
    0x0000, 0x0000, 0x0000, 0x2965, 0x4a49, 0x738e, 0x52aa, 0x4a49, 0x528a, 0x4a49, 0x4a49, 0x39e7, 0x2965, 0x0000, 0x0000, 0x0000,
    0x0000, 0x6242, 0xa3c4, 0xa3c4, 0xbc44, 0xbc44, 0xbc44, 0x8b23, 0x8b23, 0x6242, 0x3961, 0x0000, 0x0000, 0x0000, 0x0000, 0x0000,
    0x0000, 0x0000, 0x0000, 0x0000, 0x0000, 0x0000, 0x0000, 0x9ba8, 0x7b07, 0x41c5, 0x0000, 0x0000, 0x0000, 0x0000, 0x0000, 0x0000,
    0x0000, 0x0000, 0x0000, 0x6aa6, 0x9c29, 0x9c29, 0x9c29, 0x9c29, 0x9c29, 0x9c29, 0x9c29, 0x9c29, 0x9c29, 0x0000, 0x0000, 0x0000,
    0x0000, 0x0000, 0x0000, 0x94b2, 0xce79, 0xce79, 0xce79, 0xce79, 0xce79, 0xce79, 0xce79, 0xce79, 0xce79, 0x0000, 0x0000, 0x0000,
    0x0000, 0x0000, 0xbcab, 0xc4ec, 0x9c29, 0xc4ec, 0xc4ec, 0xc4ec, 0xc4ec, 0xc4ec, 0xc4ec, 0xac6a, 0xac6a, 0x9c29, 0x0000, 0x0000,
    0x0000, 0xa3e8, 0x59e2, 0x51c5, 0x59e5, 0x28e1, 0x51c5, 0x6206, 0x6206, 0x6226, 0x6206, 0x59e5, 0x51c5, 0x82e4, 0x4981, 0x0000,
    0x0000, 0x0000, 0x0000, 0x0000, 0x624c, 0x624c, 0x7acf, 0x624c, 0x7acf, 0x8b31, 0x8b31, 0x7acf, 0x624c, 0x596b, 0x38a7, 0x0000,
    0x0000, 0x0000, 0x0000, 0x31a6, 0x738e, 0x738e, 0x31a6, 0x0000, 0x0000, 0x31a6, 0x738e, 0x738e, 0x31a6, 0x0000, 0x0000, 0x0000,
    0x0000, 0x0000, 0x0000, 0x18c3, 0x6b4d, 0x6b4d, 0x18c3, 0x0000, 0x0000, 0x18c3, 0x6b4d, 0x6b4d, 0x18c3, 0x0000, 0x0000, 0x0000,
    0x0000, 0x0000, 0x0000, 0x18c3, 0x6b4d, 0x6b4d, 0x18c3, 0x0000, 0x0000, 0x18c3, 0x6b4d, 0x6b4d, 0x18c3, 0x0000, 0x0000, 0x0000,
    0x0000, 0x0000, 0x0000, 0x0924, 0x1d54, 0x1d54, 0x0924, 0x0000, 0x0000, 0x0924, 0x1d54, 0x1d54, 0x0924, 0x0000, 0x0000, 0x0000,
    0x0000, 0x0000, 0x0000, 0x3961, 0xdca2, 0xdca2, 0x3961, 0x0000, 0x0000, 0x3961, 0xdca2, 0xdca2, 0x3961, 0x0000, 0x0000, 0x0000,
    0x0000, 0x0000, 0xe71c, 0xc638, 0xe71c, 0x39e7, 0x0000, 0x0000, 0x0000, 0x0000, 0x0000, 0x0000, 0x0000, 0x0000, 0x0000, 0x0000,
    0x0000, 0x0000, 0xffff, 0x0000, 0x592f, 0x592f, 0x9277, 0x9277, 0xcd9b, 0x9277, 0x9277, 0x592f, 0x592f, 0x0000, 0xb6db, 0x0000,
    0x0000, 0x0000, 0xb322, 0xed82, 0xfea9, 0xed82, 0xed82, 0x7140, 0x7140, 0x7140, 0x0000, 0x0000, 0x0000, 0x0000, 0x0000, 0x0000,
    0x0000, 0x0000, 0x0000, 0x0000, 0x2965, 0x2965, 0x39e7, 0x4a49, 0x4a49, 0x39e7, 0x2965, 0x2965, 0x0000, 0x0000, 0x0000, 0x0000,
    0x0000, 0x5202, 0x8b23, 0xa3c4, 0xa3c4, 0x8b23, 0x8b23, 0x8b23, 0x6242, 0x3961, 0x0000, 0x0000, 0x0000, 0x0000, 0x0000, 0x0000,
    0x0000, 0x0000, 0x0000, 0x0000, 0x0000, 0x0000, 0x0000, 0xb46a, 0x9ba8, 0x41c5, 0x0000, 0x0000, 0x0000, 0x0000, 0x0000, 0x0000,
    0x0000, 0x0000, 0x0000, 0x20c1, 0x9c29, 0xb4aa, 0xb4aa, 0xb4aa, 0x9c29, 0xb4aa, 0xb4aa, 0xb4aa, 0x9c29, 0x0000, 0x0000, 0x0000,
    0x0000, 0x0000, 0x0000, 0x4a69, 0xce79, 0xc618, 0xc618, 0xc618, 0xce79, 0xc618, 0xc618, 0xc618, 0xce79, 0x0000, 0x0000, 0x0000,
    0x0000, 0x0000, 0xbcab, 0xc4ec, 0xc4ec, 0xac6a, 0xac6a, 0xc4ec, 0xc4ec, 0xc4ec, 0xc4ec, 0xc4ec, 0xc4ec, 0xbcab, 0x0000, 0x0000,
    0x0000, 0xa3e8, 0x59e2, 0x51c5, 0x51c5, 0x59e5, 0x59e5, 0x51c5, 0x59e5, 0x59e5, 0x51c5, 0x59e5, 0x51c5, 0x9366, 0x4981, 0x0000,
    0x0000, 0x0000, 0x0000, 0x0000, 0x596b, 0x624c, 0x624c, 0x596b, 0x7acf, 0x7acf, 0x624c, 0x624c, 0x596b, 0x38a7, 0x0000, 0x0000,
    0x0000, 0x0000, 0x0000, 0x31a6, 0x31a6, 0x31a6, 0x31a6, 0x0000, 0x0000, 0x31a6, 0x31a6, 0x31a6, 0x31a6, 0x0000, 0x0000, 0x0000,
    0x0000, 0x0000, 0x0000, 0x18c3, 0x18c3, 0x18c3, 0x18c3, 0x0000, 0x0000, 0x18c3, 0x18c3, 0x18c3, 0x18c3, 0x0000, 0x0000, 0x0000,
    0x0000, 0x0000, 0x0000, 0x18c3, 0x18c3, 0x18c3, 0x18c3, 0x0000, 0x0000, 0x18c3, 0x18c3, 0x18c3, 0x18c3, 0x0000, 0x0000, 0x0000,
    0x0000, 0x0000, 0x0000, 0x0924, 0x0924, 0x0924, 0x0924, 0x0000, 0x0000, 0x0924, 0x0924, 0x0924, 0x0924, 0x0000, 0x0000, 0x0000,
    0x0000, 0x0000, 0x0000, 0x3961, 0x3961, 0x3961, 0x3961, 0x0000, 0x0000, 0x3961, 0x3961, 0x3961, 0x3961, 0x0000, 0x0000, 0x0000,
    0x0000, 0x0000, 0x39e7, 0xe71c, 0x39e7, 0x0000, 0x0000, 0x0000, 0x0000, 0x0000, 0x0000, 0x0000, 0x0000, 0x0000, 0x0000, 0x0000,
    0x0000, 0x0000, 0xffff, 0x0000, 0x0000, 0x0000, 0x0000, 0x592f, 0x9277, 0x592f, 0x0000, 0x0000, 0x0000, 0x0000, 0xb6db, 0x0000,
    0x0000, 0x0000, 0x0000, 0xb322, 0xb322, 0x7140, 0x7140, 0x0000, 0x0000, 0x0000, 0x0000, 0x0000, 0x0000, 0x0000, 0x0000, 0x0000,
    0x0000, 0x0000, 0x0000, 0x0000, 0x0000, 0x0000, 0x2965, 0x2965, 0x2965, 0x2965, 0x0000, 0x0000, 0x0000, 0x0000, 0x0000, 0x0000,
    0x0000, 0x5202, 0x6242, 0x8b23, 0x8b23, 0x8b23, 0x8b23, 0x6242, 0x3961, 0x0000, 0x0000, 0x0000, 0x0000, 0x0000, 0x0000, 0x0000,
    0x0000, 0x0000, 0x0000, 0x0000, 0x0000, 0x0000, 0x0000, 0xb46a, 0x9c29, 0x41c5, 0x0000, 0x0000, 0x0000, 0x0000, 0x0000, 0x0000,
    0x0000, 0x0000, 0x0000, 0x6aa6, 0x9c29, 0xb4aa, 0xb4aa, 0xb4aa, 0x9c29, 0xb4aa, 0xb4aa, 0xb4aa, 0x9c29, 0x0000, 0x0000, 0x0000,
    0x0000, 0x0000, 0x0000, 0x94b2, 0xce79, 0xc618, 0xc618, 0xc618, 0xce79, 0xc618, 0xc618, 0xc618, 0xce79, 0x0000, 0x0000, 0x0000,
    0x0000, 0x0000, 0xc4ec, 0x9c29, 0xbcab, 0xc4ec, 0xbcab, 0xbcab, 0xc4ec, 0xc4ec, 0xc4ec, 0xc4ec, 0xbcab, 0xc4ec, 0x0000, 0x0000,
    0x0000, 0x9366, 0x82e4, 0x9366, 0x9366, 0x82e4, 0x9366, 0x82e4, 0x82e4, 0x9366, 0x9366, 0x9366, 0x9366, 0x82e4, 0x4981, 0x0000,
    0x0000, 0x0000, 0x0000, 0x0000, 0x0000, 0x38a7, 0x596b, 0x596b, 0x596b, 0x624c, 0x624c, 0x596b, 0x38a7, 0x0000, 0x0000, 0x0000,
    0x0000, 0x0000, 0x0000, 0x0000, 0x0000, 0x0000, 0x0000, 0x0000, 0x0000, 0x0000, 0x0000, 0x0000, 0x0000, 0x0000, 0x0000, 0x0000,
    0x0000, 0x0000, 0x0000, 0x0000, 0x0000, 0x0000, 0x0000, 0x0000, 0x0000, 0x0000, 0x0000, 0x0000, 0x0000, 0x0000, 0x0000, 0x0000,
    0x0000, 0x0000, 0x0000, 0x0000, 0x0000, 0x0000, 0x0000, 0x0000, 0x0000, 0x0000, 0x0000, 0x0000, 0x0000, 0x0000, 0x0000, 0x0000,
    0x0000, 0x0000, 0x0000, 0x0000, 0x0000, 0x0000, 0x0000, 0x0000, 0x0000, 0x0000, 0x0000, 0x0000, 0x0000, 0x0000, 0x0000, 0x0000,
    0x0000, 0x0000, 0x0000, 0x0000, 0x0000, 0x0000, 0x0000, 0x0000, 0x0000, 0x0000, 0x0000, 0x0000, 0x0000, 0x0000, 0x0000, 0x0000,
    0x0000, 0x0000, 0x0000, 0x39e7, 0x0000, 0x0000, 0x0000, 0x0000, 0x0000, 0x0000, 0x0000, 0x0000, 0x0000, 0x0000, 0x0000, 0x0000,
    0x0000, 0x0000, 0xffff, 0x9df8, 0xb6db, 0xb6db, 0xb6db, 0xb6db, 0x9df8, 0x9df8, 0xb6db, 0xb6db, 0xb6db, 0xb6db, 0xb6db, 0x0000,
    0x0000, 0x0000, 0x0000, 0x0000, 0x0000, 0x0000, 0x0000, 0x0000, 0x0000, 0x0000, 0x0000, 0x0000, 0x0000, 0x0000, 0x0000, 0x0000,
    0x0000, 0x0000, 0x0000, 0x0000, 0x0000, 0x0000, 0x0000, 0x0000, 0x0000, 0x0000, 0x0000, 0x0000, 0x0000, 0x0000, 0x0000, 0x0000,
    0x0000, 0x0000, 0x49c2, 0x6242, 0x6242, 0x6242, 0x49c2, 0x3961, 0x0000, 0x0000, 0x0000, 0x0000, 0x0000, 0x0000, 0x0000, 0x0000,
    0x0000, 0x0000, 0x0000, 0x0000, 0x0000, 0x0000, 0x0000, 0xb46a, 0x9c29, 0x41c5, 0x0000, 0x0000, 0x0000, 0x0000, 0x0000, 0x0000,
    0x0000, 0x0000, 0x0000, 0x6aa6, 0x9c29, 0x9c29, 0x9c29, 0x9c29, 0x9c29, 0x9c29, 0x9c29, 0x9c29, 0x9c29, 0x0000, 0x0000, 0x0000,
    0x0000, 0x0000, 0x0000, 0x94b2, 0xce79, 0xce79, 0xce79, 0xce79, 0xce79, 0xce79, 0xce79, 0xce79, 0xce79, 0x0000, 0x0000, 0x0000,
    0x0000, 0x0000, 0x0000, 0x0000, 0x0000, 0x0000, 0x0000, 0x0000, 0x0000, 0x0000, 0x0000, 0x0000, 0x0000, 0x0000, 0x0000, 0x0000,
    0x0000, 0x59e2, 0x4981, 0x59e2, 0x4981, 0x59e2, 0x59e2, 0x4981, 0x4981, 0x4981, 0x59e2, 0x4981, 0x4981, 0x4981, 0x4981, 0x0000,
    0x0000, 0x0000, 0x0000, 0x0000, 0x0000, 0x0000, 0x38a7, 0x38a7, 0x38a7, 0x38a7, 0x38a7, 0x38a7, 0x0000, 0x0000, 0x0000, 0x0000,
    0x0000, 0x0000, 0x0000, 0x0000, 0x0000, 0x0000, 0x0000, 0x0000, 0x0000, 0x0000, 0x0000, 0x0000, 0x0000, 0x0000, 0x0000, 0x0000,
    0x0000, 0x0000, 0x0000, 0x0000, 0x0000, 0x0000, 0x0000, 0x0000, 0x0000, 0x0000, 0x0000, 0x0000, 0x0000, 0x0000, 0x0000, 0x0000,
    0x0000, 0x0000, 0x0000, 0x0000, 0x0000, 0x0000, 0x0000, 0x0000, 0x0000, 0x0000, 0x0000, 0x0000, 0x0000, 0x0000, 0x0000, 0x0000,
    0x0000, 0x0000, 0x0000, 0x0000, 0x0000, 0x0000, 0x0000, 0x0000, 0x0000, 0x0000, 0x0000, 0x0000, 0x0000, 0x0000, 0x0000, 0x0000,
    0x0000, 0x0000, 0x0000, 0x0000, 0x0000, 0x0000, 0x0000, 0x0000, 0x0000, 0x0000, 0x0000, 0x0000, 0x0000, 0x0000, 0x0000, 0x0000,
    0x0000, 0x0000, 0x0000, 0x0000, 0x0000, 0x0000, 0x0000, 0x0000, 0x0000, 0x0000, 0x0000, 0x0000, 0x0000, 0x0000, 0x0000, 0x0000,
    0x0000, 0x0000, 0x0000, 0x0000, 0x0000, 0x0000, 0x0000, 0x0000, 0x0000, 0x0000, 0x0000, 0x0000, 0x0000, 0x0000, 0x0000, 0x0000,
    0x0000, 0x0000, 0x0000, 0x0000, 0x0000, 0x0000, 0x0000, 0x0000, 0x0000, 0x0000, 0x0000, 0x0000, 0x0000, 0x0000, 0x0000, 0x0000,
    0x0000, 0x0000, 0x0000, 0x0000, 0x0000, 0x0000, 0x0000, 0x0000, 0x0000, 0x0000, 0x0000, 0x0000, 0x0000, 0x0000, 0x0000, 0x0000,
    0x0000, 0x0000, 0x0000, 0x49c2, 0x3961, 0x3961, 0x3961, 0x0000, 0x0000, 0x0000, 0x0000, 0x0000, 0x0000, 0x0000, 0x0000, 0x0000,
    0x0000, 0x0000, 0x0000, 0x0000, 0x0000, 0x0000, 0x0000, 0x9ba8, 0x41c5, 0x41c5, 0x0000, 0x0000, 0x0000, 0x0000, 0x0000, 0x0000,
    0x0000, 0x0000, 0x0000, 0x6aa6, 0x6aa6, 0x6aa6, 0x6aa6, 0x6aa6, 0x6aa6, 0x6aa6, 0x6aa6, 0x6aa6, 0x6aa6, 0x0000, 0x0000, 0x0000,
    0x0000, 0x0000, 0x0000, 0x94b2, 0x94b2, 0x94b2, 0x94b2, 0x94b2, 0x94b2, 0x94b2, 0x94b2, 0x94b2, 0x94b2, 0x0000, 0x0000, 0x0000,
    0x0000, 0x0000, 0x0000, 0x0000, 0x0000, 0x0000, 0x0000, 0x0000, 0x0000, 0x0000, 0x0000, 0x0000, 0x0000, 0x0000, 0x0000, 0x0000,
    0x0000, 0x0000, 0x0000, 0x0000, 0x0000, 0x0000, 0x0000, 0x0000, 0x0000, 0x0000, 0x0000, 0x0000, 0x0000, 0x0000, 0x0000, 0x0000,
    0x0000, 0x0000, 0x0000, 0x0000, 0x0000, 0x0000, 0x0000, 0x0000, 0x0000, 0x0000, 0x0000, 0x0000, 0x0000, 0x0000, 0x0000, 0x0000,
    0x0000, 0x0000, 0x0000, 0x0000, 0x0000, 0x0000, 0x0000, 0x0000, 0x0000, 0x0000, 0x0000, 0x0000, 0x0000, 0x0000, 0x0000, 0x0000,
    0x0000, 0x0000, 0x0000, 0x0000, 0x0000, 0x0000, 0x0000, 0x0000, 0x0000, 0x0000, 0x0000, 0x0000, 0x0000, 0x0000, 0x0000, 0x0000,
    0x0000, 0x0000, 0x0000, 0x0000, 0x0000, 0x0000, 0x0000, 0x0000, 0x0000, 0x0000, 0x0000, 0x0000, 0x0000, 0x0000, 0x0000, 0x0000,
    0x0000, 0x0000, 0x0000, 0x0000, 0x0000, 0x0000, 0x0000, 0x0000, 0x0000, 0x0000, 0x0000, 0x0000, 0x0000, 0x0000, 0x0000, 0x0000,
    0x0000, 0x0000, 0x0000, 0x0000, 0x0000, 0x0000, 0x0000, 0x0000, 0x0000, 0x0000, 0x0000, 0x0000, 0x0000, 0x0000, 0x0000, 0x0000,
    0x0000, 0x0000, 0x0000, 0x0000, 0x0000, 0x0000, 0x0000, 0x0000, 0x0000, 0x0000, 0x0000, 0x0000, 0x0000, 0x0000, 0x0000, 0x0000,
    0x0000, 0x0000, 0x0000, 0x0000, 0x0000, 0x0000, 0x0000, 0x0000, 0x0000, 0x0000, 0x0000, 0x0000, 0x0000, 0x0000, 0x0000, 0x0000,
    0x0000, 0x0000, 0x0000, 0x0000, 0x0000, 0x0000, 0x0000, 0x0000, 0x0000, 0x0000, 0x0000, 0x0000, 0x0000, 0x0000, 0x0000, 0x0000,
    0x0000, 0x0000, 0x0000, 0x0000, 0x0000, 0x0000, 0x0000, 0x0000, 0x0000, 0x0000, 0x0000, 0x0000, 0x0000, 0x0000, 0x0000, 0x0000,
    0x0000, 0x0000, 0x0000, 0x0000, 0x0000, 0x0000, 0x0000, 0x0000, 0x0000, 0x0000, 0x0000, 0x0000, 0x0000, 0x0000, 0x0000, 0x0000,
    0x0000, 0x0000, 0x0000, 0x0000, 0x0000, 0x0000, 0x0000, 0x0000, 0x0000, 0x0000, 0x0000, 0x0000, 0x0000, 0x0000, 0x0000, 0x0000,
    0x0000, 0x0000, 0x0000, 0x0000, 0x0000, 0x0000, 0x0000, 0x0000, 0x0000, 0x0000, 0x0000, 0x0000, 0x0000, 0x0000, 0x0000, 0x0000,
    0x0000, 0x0000, 0x0000, 0x0000, 0x0000, 0x0000, 0x0000, 0x0000, 0x0000, 0x0000, 0x0000, 0x0000, 0x0000, 0x0000, 0x0000, 0x0000,
    0x0000, 0x0000, 0x0000, 0x0000, 0x0000, 0x0000, 0x0000, 0x0000, 0x0000, 0x0000, 0x0000, 0x0000, 0x0000, 0x0000, 0x0000, 0x0000,
    0x0000, 0x0000, 0x0000, 0x0000, 0x0000, 0x0000, 0x0000, 0x0000, 0x0000, 0x0000, 0x0000, 0x0000, 0x0000, 0x0000, 0x0000, 0x0000,
    0x0000, 0x0000, 0x0000, 0x0000, 0x0000, 0x0000, 0x0000, 0x0000, 0x0000, 0x0000, 0x0000, 0x0000, 0x0000, 0x0000, 0x0000, 0x0000,
    0x0000, 0x0000, 0x0000, 0x0000, 0x0000, 0x0000, 0x0000, 0x0000, 0x0000, 0x0000, 0x0000, 0x0000, 0x0000, 0x0000, 0x0000, 0x0000,
    0x0000, 0x0000, 0x0000, 0x0000, 0x0000, 0x0000, 0x0000, 0x0000, 0x0000, 0x0000, 0x0000, 0x0000, 0x0000, 0x0000, 0x0000, 0x0000,
    0x0000, 0x0000, 0x0000, 0x0000, 0x0000, 0x0000, 0x0000, 0x0000, 0x0000, 0x0000, 0x0000, 0x0000, 0x0000, 0x0000, 0x0000, 0x0000,
    0x0000, 0x0000, 0x0000, 0x0000, 0x0000, 0x0000, 0x0000, 0x0000, 0x0000, 0x0000, 0x0000, 0x0000, 0x0000, 0x0000, 0x0000, 0x0000,
    0x0000, 0x0000, 0x0000, 0x0000, 0x0000, 0x0000, 0x0000, 0x0000, 0x0000, 0x0000, 0x0000, 0x0000, 0x0000, 0x0000, 0x0000, 0x0000,
    0x0000, 0x0000, 0x0000, 0x0000, 0x0000, 0x0000, 0x0000, 0x0000, 0x0000, 0x0000, 0x0000, 0x0000, 0x0000, 0x0000, 0x0000, 0x0000,
    0x0000, 0x0000, 0x0000, 0x0000, 0x0000, 0x0000, 0x0000, 0x0000, 0x0000, 0x0000, 0x0000, 0x0000, 0x0000, 0x0000, 0x0000, 0x0000,
    0x0000, 0x0000, 0x0000, 0x0000, 0x0000, 0x0000, 0x0000, 0x0000, 0x0000, 0x0000, 0x0000, 0x0000, 0x0000, 0x0000, 0x0000, 0x0000,
    0x0000, 0x0000, 0x0000, 0x0000, 0x0000, 0x0000, 0x0000, 0x0000, 0x0000, 0x0000, 0x0000, 0x0000, 0x0000, 0x0000, 0x0000, 0x0000,
    0x0000, 0x0000, 0x0000, 0x0000, 0x0000, 0x0000, 0x0000, 0x0000, 0x0000, 0x0000, 0x0000, 0x0000, 0x0000, 0x0000, 0x0000, 0x0000,
    0x0000, 0x0000, 0x0000, 0x0000, 0x0000, 0x0000, 0x0000, 0x0000, 0x0000, 0x0000, 0x0000, 0x0000, 0x0000, 0x0000, 0x0000, 0x0000,
    0x0000, 0x0000, 0x0000, 0x0000, 0x0000, 0x0000, 0x0000, 0x0000, 0x3100, 0x3100, 0x3100, 0x0000, 0x0000, 0x0000, 0x0000, 0x0000,
    0x0000, 0x0000, 0x0000, 0x0000, 0x0000, 0x0000, 0x0000, 0x0000, 0x0000, 0x0000, 0x0000, 0x0000, 0x0000, 0x0000, 0x0000, 0x0000,
    0x0000, 0x0000, 0x0000, 0x0000, 0x0000, 0x0000, 0x0000, 0x0000, 0x0000, 0x0000, 0x0000, 0x0000, 0x0000, 0x0000, 0x0000, 0x0000,
    0x0000, 0x0000, 0x0000, 0x0000, 0x0000, 0x0000, 0x0000, 0x0000, 0x0000, 0x0000, 0x0000, 0x0000, 0x0000, 0x0000, 0x0000, 0x0000,
    0x0000, 0x0000, 0x0000, 0x0000, 0x0000, 0x0000, 0x61ec, 0x61ec, 0x61ec, 0x61ec, 0x61ec, 0x0000, 0x0000, 0x0000, 0x0000, 0x0000,
    0x0000, 0x0000, 0x0000, 0x0000, 0x0000, 0x0000, 0x0000, 0x0000, 0x0000, 0x0000, 0x0000, 0x0000, 0x0000, 0x0000, 0x0000, 0x0000,
    0x0000, 0x0000, 0x0000, 0x0000, 0x0000, 0x0000, 0x0000, 0x0000, 0x0000, 0x0000, 0x0000, 0x0000, 0x0000, 0x0000, 0x0000, 0x0000,
    0x0000, 0x0000, 0x0000, 0x0000, 0x0000, 0x0000, 0x0000, 0x0000, 0x0000, 0x0000, 0x0000, 0x0000, 0x0000, 0x0000, 0x0000, 0x0000,
    0x0000, 0x0000, 0x0000, 0x0000, 0x0000, 0x0000, 0x0000, 0x0000, 0x0000, 0x0000, 0x0000, 0x0000, 0x0000, 0x0000, 0x0000, 0x0000,
    0x0000, 0x0000, 0x0000, 0x0000, 0x0000, 0x0000, 0x0000, 0x0000, 0x0000, 0x0000, 0x0000, 0x0000, 0x0000, 0x0000, 0x0000, 0x0000,
    0x0000, 0x0000, 0x0000, 0x0000, 0x0000, 0x0000, 0x0000, 0x0000, 0x0000, 0x0000, 0x0000, 0x0000, 0x0000, 0x49a2, 0x28e1, 0x0000,
    0x0000, 0x0000, 0x0000, 0x0000, 0x0000, 0x31a6, 0x31a6, 0x31a6, 0x31a6, 0x31a6, 0x31a6, 0x0000, 0x0000, 0x0000, 0x0000, 0x0000,
    0x0000, 0x0000, 0x0000, 0x0000, 0x0000, 0x0000, 0x138f, 0x138f, 0x138f, 0x138f, 0x0000, 0x0000, 0x0000, 0x0000, 0x0000, 0x0000,
    0x0000, 0x0000, 0x0000, 0x0000, 0x0000, 0x0000, 0x0000, 0x0000, 0x0000, 0x0000, 0x0000, 0x0000, 0x0000, 0x0000, 0x0000, 0x0000,
    0x0000, 0x0000, 0x0000, 0x0000, 0x0000, 0x0000, 0x0000, 0x0000, 0x0000, 0x0000, 0x0000, 0x0000, 0x0000, 0x0000, 0x0000, 0x0000,
    0x0000, 0x0000, 0x0000, 0x0000, 0x0000, 0x0000, 0x0000, 0x0000, 0x0000, 0xad75, 0xad75, 0x0000, 0x0000, 0x0000, 0x0000, 0x0000,
    0x0000, 0x0000, 0x0000, 0x0000, 0x0000, 0x0000, 0x3100, 0x3100, 0x5162, 0x6242, 0x51e2, 0x3100, 0x0000, 0x0000, 0x0000, 0x0000,
    0x0000, 0x0000, 0x0000, 0x0000, 0x0000, 0x0000, 0x0000, 0x0000, 0x0000, 0xa549, 0xa549, 0x0000, 0x0000, 0x0000, 0x0000, 0x0000,
    0x0000, 0x0000, 0x0000, 0x0000, 0x0000, 0x0000, 0x0000, 0x0000, 0x62a6, 0x2901, 0x0000, 0x0000, 0x0000, 0x0000, 0x0000, 0x0000,
    0x0000, 0x0000, 0x0000, 0x0000, 0x0000, 0x0000, 0x0000, 0x0000, 0x0000, 0x0000, 0x0000, 0x0000, 0x0000, 0x0000, 0x0000, 0x0000,
    0x0000, 0x0000, 0x0000, 0x0000, 0x61ec, 0x61ec, 0x8b31, 0xa3f4, 0xa3f4, 0x8b31, 0xa3f4, 0x61ec, 0x61ec, 0x0000, 0x0000, 0x0000,
    0x0000, 0x0000, 0x0000, 0x0000, 0x528a, 0x528a, 0x528a, 0x0000, 0x0000, 0x528a, 0x528a, 0x528a, 0x0000, 0x0000, 0x0000, 0x0000,
    0x0000, 0x0000, 0x0000, 0x0000, 0x2965, 0x2965, 0x2965, 0x0000, 0x0000, 0x2965, 0x2965, 0x2965, 0x0000, 0x0000, 0x0000, 0x0000,
    0x0000, 0x0000, 0x0000, 0x0000, 0x2965, 0x2965, 0x2965, 0x0000, 0x0000, 0x2965, 0x2965, 0x2965, 0x0000, 0x0000, 0x0000, 0x0000,
    0x0000, 0x0000, 0x0000, 0x0000, 0x09e6, 0x09e6, 0x09e6, 0x0000, 0x0000, 0x09e6, 0x09e6, 0x09e6, 0x0000, 0x0000, 0x0000, 0x0000,
    0x0000, 0x0000, 0x0000, 0x0000, 0x82e2, 0x82e2, 0x82e2, 0x0000, 0x0000, 0x82e2, 0x82e2, 0x82e2, 0x0000, 0x0000, 0x0000, 0x0000,
    0x0000, 0x0000, 0x0000, 0x0000, 0x0000, 0x0000, 0x0000, 0x0000, 0x0000, 0x0000, 0x0000, 0x0000, 0x49a2, 0x8b24, 0x28e1, 0x0000,
    0x0000, 0x0000, 0x0000, 0x31a6, 0x31a6, 0xad55, 0xad55, 0x8410, 0x5aeb, 0x8410, 0x5aeb, 0x31a6, 0x31a6, 0x0000, 0x0000, 0x0000,
    0x0000, 0x0000, 0x0000, 0x0000, 0x0000, 0x138f, 0xffff, 0xffff, 0xffff, 0xd7fe, 0x138f, 0x0000, 0x0000, 0x0000, 0x0000, 0x0000,
    0x0000, 0x0000, 0x0000, 0x0000, 0x0000, 0x0000, 0x0000, 0x5820, 0x5820, 0x0000, 0x0000, 0x0000, 0x0000, 0x0000, 0x0000, 0x0000,
    0x0000, 0x0000, 0x0000, 0x0000, 0x0000, 0x0000, 0x422b, 0x422b, 0x422b, 0x422b, 0x0000, 0x0000, 0x0000, 0x0000, 0x0000, 0x0000,
    0x0000, 0x0000, 0x0000, 0x0000, 0x0000, 0x0000, 0x0000, 0x0000, 0xad75, 0xef5d, 0xd6ba, 0xad75, 0x0000, 0x0000, 0x0000, 0x0000,
    0x0000, 0x0000, 0x0000, 0x0000, 0x3100, 0x3100, 0x5162, 0x6242, 0x6242, 0x6242, 0x6242, 0x6242, 0x3100, 0x0000, 0x0000, 0x0000,
    0x0000, 0x0000, 0x0000, 0x0000, 0x0000, 0x0000, 0x0000, 0x0000, 0xa549, 0xef58, 0xdef5, 0xa549, 0x0000, 0x0000, 0x0000, 0x0000,
    0x0000, 0x0000, 0x0000, 0x0000, 0x0000, 0x0000, 0x0000, 0x0000, 0x2901, 0x18a0, 0x0000, 0x0000, 0x0000, 0x0000, 0x0000, 0x0000,
    0x0000, 0x0000, 0x0000, 0x0000, 0x0000, 0x0000, 0x0000, 0x0000, 0x0000, 0x0000, 0x0000, 0x0000, 0x0000, 0x0000, 0x0000, 0x0000,
    0x0000, 0x0000, 0x0000, 0x61ec, 0xa3f4, 0x726e, 0xa3f4, 0x726e, 0x8b31, 0xa3f4, 0xa3f4, 0xa3f4, 0x726e, 0x61ec, 0x0000, 0x0000,
    0x0000, 0x0000, 0x0000, 0x528a, 0xce79, 0xce79, 0x31a6, 0x0000, 0x0000, 0x528a, 0xce79, 0xce79, 0x31a6, 0x0000, 0x0000, 0x0000,
    0x0000, 0x0000, 0x0000, 0x2965, 0xffff, 0xdedb, 0x18c3, 0x0000, 0x0000, 0x2965, 0xffff, 0xdedb, 0x18c3, 0x0000, 0x0000, 0x0000,
    0x0000, 0x0000, 0x0000, 0x2965, 0xffff, 0xdedb, 0x18c3, 0x0000, 0x0000, 0x2965, 0xffff, 0xdedb, 0x18c3, 0x0000, 0x0000, 0x0000,
    0x0000, 0x0000, 0x0000, 0x09e6, 0xffff, 0xa7dd, 0x0924, 0x0000, 0x0000, 0x09e6, 0xffff, 0xa7dd, 0x0924, 0x0000, 0x0000, 0x0000,
    0x0000, 0x0000, 0x0000, 0x82e2, 0xffff, 0xffee, 0x3961, 0x0000, 0x0000, 0x82e2, 0xffff, 0xffee, 0x3961, 0x0000, 0x0000, 0x0000,
    0x0000, 0x0000, 0x0000, 0x0000, 0x0000, 0x0000, 0x0000, 0x0000, 0x0000, 0x0000, 0x0000, 0x49a2, 0x8b24, 0x28e1, 0x0000, 0x0000,
    0x0000, 0x0000, 0x18a2, 0x5aeb, 0x8410, 0x31a6, 0x2965, 0x2965, 0x2965, 0x2965, 0x31a6, 0x5aeb, 0x5aeb, 0x18a2, 0x0000, 0x0000,
    0x0000, 0x0000, 0x0000, 0x0000, 0x138f, 0xffff, 0x4f7b, 0x4f7b, 0xa7dd, 0xd7fe, 0x2636, 0x12ea, 0x0000, 0x0000, 0x0000, 0x0000,
    0x0000, 0x0000, 0x0000, 0x0000, 0x0000, 0x0000, 0x5820, 0x7000, 0xa860, 0x5820, 0x0000, 0x0000, 0x0000, 0x0000, 0x0000, 0x0000,
    0x0000, 0x0000, 0x0000, 0x0000, 0x0000, 0x422b, 0x73f2, 0xa536, 0x73f2, 0x73f2, 0x422b, 0x0000, 0x0000, 0x0000, 0x0000, 0x0000,
    0x0000, 0x0000, 0x0000, 0x0000, 0x0000, 0x0000, 0xad75, 0xad75, 0xd6ba, 0xfffe, 0xfffe, 0xef5d, 0xad75, 0x0000, 0x0000, 0x0000,
    0x0000, 0x0000, 0x3100, 0x3100, 0x5162, 0x6242, 0x6242, 0x6242, 0x4121, 0x6242, 0x6242, 0x6242, 0x6242, 0x3100, 0x0000, 0x0000,
    0x0000, 0x0000, 0x0000, 0x0000, 0x0000, 0x0000, 0xa549, 0xa549, 0xdef5, 0xfffe, 0xfffe, 0xef58, 0xa549, 0x0000, 0x0000, 0x0000,
    0x0000, 0x0000, 0x0000, 0x0000, 0x18a0, 0x62a6, 0x0000, 0x0000, 0x0000, 0x0000, 0x0000, 0x0000, 0x0000, 0x0000, 0x0000, 0x0000,
    0x0000, 0x0000, 0x0000, 0x0000, 0x0000, 0xceb5, 0x0000, 0x0000, 0x0000, 0x0000, 0x0000, 0x0000, 0x0000, 0x0000, 0x0000, 0x0000,
    0x0000, 0x0000, 0x61ec, 0xa3f4, 0xa3f4, 0x8b31, 0x726e, 0x8b31, 0x726e, 0x8b31, 0x8b31, 0x8b31, 0xa3f4, 0x61ec, 0x0000, 0x0000,
    0x0000, 0x0000, 0x0000, 0x528a, 0xce79, 0xce79, 0x31a6, 0x0000, 0x0000, 0x528a, 0xce79, 0xb596, 0x31a6, 0x0000, 0x0000, 0x0000,
    0x0000, 0x0000, 0x0000, 0x2965, 0xdedb, 0xdedb, 0x18c3, 0x0000, 0x0000, 0x2965, 0xdedb, 0xc638, 0x18c3, 0x0000, 0x0000, 0x0000,
    0x0000, 0x0000, 0x0000, 0x2965, 0xdedb, 0xdedb, 0x18c3, 0x0000, 0x0000, 0x2965, 0xdedb, 0xc638, 0x18c3, 0x0000, 0x0000, 0x0000,
    0x0000, 0x0000, 0x0000, 0x09e6, 0xa7dd, 0xa7dd, 0x0924, 0x0000, 0x0000, 0x09e6, 0xa7dd, 0x4f7b, 0x0924, 0x0000, 0x0000, 0x0000,
    0x0000, 0x0000, 0x0000, 0x82e2, 0xffee, 0xffee, 0x3961, 0x0000, 0x0000, 0x82e2, 0xffee, 0xef6a, 0x3961, 0x0000, 0x0000, 0x0000,
    0x0000, 0x0000, 0x0000, 0x0000, 0x0000, 0x0000, 0x0000, 0x0000, 0x0000, 0x0000, 0x49a2, 0x6a63, 0x28e1, 0x0000, 0x0000, 0x0000,
    0x0000, 0x18a2, 0x5aeb, 0x31a6, 0x2965, 0x2965, 0x2965, 0x2965, 0x2965, 0x2965, 0x2965, 0x2965, 0x31a6, 0x5aeb, 0x18a2, 0x0000,
    0x0000, 0x0000, 0x0000, 0x138f, 0xffff, 0x4f7b, 0xa7dd, 0xa7dd, 0xd7fe, 0xa7dd, 0x4f7b, 0x2636, 0x12ea, 0x0000, 0x0000, 0x0000,
    0x0000, 0x0000, 0x0000, 0x0000, 0x0000, 0x5820, 0xa860, 0xf800, 0xa860, 0x4020, 0x2800, 0x0000, 0x0000, 0x0000, 0x0000, 0x0000,
    0x0000, 0x0000, 0x0000, 0x0000, 0x422b, 0x94d4, 0xa536, 0x94d4, 0xa536, 0x73f2, 0x73f2, 0x31c8, 0x0000, 0x0000, 0x0000, 0x0000,
    0x0000, 0x0000, 0x0000, 0x0000, 0x0000, 0xad75, 0xef5d, 0xfffe, 0xfffe, 0xfffe, 0xfffe, 0xfffe, 0xd6ba, 0x8430, 0x0000, 0x0000,
    0x3100, 0x3100, 0x5162, 0x51e2, 0x6242, 0x6242, 0x6242, 0x6242, 0x6242, 0x4121, 0x6242, 0x6242, 0x6242, 0x51e2, 0x3100, 0x0000,
    0x0000, 0x0000, 0x0000, 0x0000, 0x0000, 0xa549, 0xef58, 0xfffe, 0xfffe, 0xfffe, 0xfffe, 0xfffe, 0xdef5, 0x8447, 0x0000, 0x0000,
    0x0000, 0x0000, 0x0000, 0x0000, 0x18a0, 0x2901, 0x0000, 0x0000, 0x62a6, 0x2901, 0x0000, 0x0000, 0x62a6, 0x0000, 0x0000, 0x0000,
    0x0000, 0x0000, 0x0000, 0x0000, 0x0000, 0xceb5, 0xce31, 0x0000, 0x0000, 0x0000, 0x0000, 0x0000, 0xceb5, 0x0000, 0x0000, 0x0000,
    0x0000, 0x61ec, 0x8b31, 0xa3f4, 0x8b31, 0x726e, 0xb476, 0xa3f4, 0xa3f4, 0x726e, 0x8b31, 0x8b31, 0x726e, 0x61ec, 0x0000, 0x0000,
    0x0000, 0x0000, 0x0000, 0x528a, 0xce79, 0xb596, 0x31a6, 0x0000, 0x0000, 0x528a, 0xb596, 0xb596, 0x31a6, 0x0000, 0x0000, 0x0000,
    0x0000, 0x0000, 0x0000, 0x2965, 0xdedb, 0x94b2, 0x18c3, 0x0000, 0x0000, 0x2965, 0xc638, 0x94b2, 0x18c3, 0x0000, 0x0000, 0x0000,
    0x0000, 0x0000, 0x0000, 0x2965, 0xdedb, 0xc638, 0x18c3, 0x0000, 0x0000, 0x2965, 0xc638, 0xc638, 0x18c3, 0x0000, 0x0000, 0x0000,
    0x0000, 0x0000, 0x0000, 0x09e6, 0xa7dd, 0x4f7b, 0x0924, 0x0000, 0x0000, 0x09e6, 0x4f7b, 0x4f7b, 0x0924, 0x0000, 0x0000, 0x0000,
    0x0000, 0x0000, 0x0000, 0x82e2, 0xffee, 0xef6a, 0x3961, 0x0000, 0x0000, 0x82e2, 0xef6a, 0xef6a, 0x3961, 0x0000, 0x0000, 0x0000,
    0x0000, 0x0000, 0x0000, 0x0000, 0x0000, 0x0000, 0x0000, 0x0000, 0x0000, 0x49a2, 0x8b24, 0x28e1, 0x0000, 0x0000, 0x0000, 0x0000,
    0x0000, 0x18a2, 0x31a6, 0x2965, 0x2965, 0x2965, 0x2965, 0x2965, 0x632c, 0x2965, 0x2965, 0x2965, 0x2965, 0x31a6, 0x18a2, 0x0000,
    0x0000, 0x0000, 0x0000, 0x138f, 0xffff, 0x4f7b, 0xffff, 0xd7fe, 0xffff, 0xd7fe, 0x4f7b, 0x4f7b, 0x12ea, 0x0000, 0x0000, 0x0000,
    0x0000, 0x0000, 0x0000, 0x0000, 0x5820, 0xa860, 0xf800, 0xa860, 0x7000, 0xf800, 0x4020, 0x2800, 0x0000, 0x0000, 0x0000, 0x0000,
    0x0000, 0x0000, 0x0000, 0x422b, 0xa536, 0xadda, 0xa536, 0xad77, 0xadda, 0xa536, 0x5b71, 0x73f2, 0x31c8, 0x0000, 0x0000, 0x0000,
    0x0000, 0x0000, 0x0000, 0xad75, 0xad75, 0xd6ba, 0xfffe, 0xfffe, 0xfffe, 0xfffe, 0xfffe, 0xfffe, 0xfffe, 0xad75, 0x8430, 0x0000,
    0x3100, 0x5162, 0x51e2, 0x6242, 0x6242, 0x4121, 0x6242, 0x6242, 0x6242, 0x6242, 0x4121, 0x6242, 0x6242, 0x6242, 0x4121, 0x3100,
    0x0000, 0x0000, 0x0000, 0xa549, 0xa549, 0xdef5, 0xfffe, 0xfffe, 0xfffe, 0xfffe, 0xfffe, 0xfffe, 0xfffe, 0xa549, 0x8447, 0x0000,
    0x0000, 0x0000, 0x0000, 0x0000, 0x0000, 0x0000, 0x0000, 0x0000, 0x2901, 0x18a0, 0x0000, 0x0000, 0x62a6, 0x2901, 0x0000, 0x0000,
    0x0000, 0x0000, 0x0000, 0x0000, 0x0000, 0xce31, 0xcd8d, 0x0000, 0x0000, 0x0000, 0x0000, 0x0000, 0xceb5, 0xce31, 0x0000, 0x0000,
    0x0000, 0x61ec, 0xa3f4, 0x8b31, 0x726e, 0xa3f4, 0xa3f4, 0x8b31, 0x8b31, 0x8b31, 0x61ec, 0x61ec, 0x61ec, 0x726e, 0x61ec, 0x0000,
    0x0000, 0x0000, 0x0000, 0x528a, 0xb596, 0xb596, 0x31a6, 0x0000, 0x0000, 0x528a, 0xb596, 0xb596, 0x31a6, 0x0000, 0x0000, 0x0000,
    0x0000, 0x0000, 0x0000, 0x2965, 0x94b2, 0xc638, 0x18c3, 0x0000, 0x0000, 0x2965, 0x94b2, 0xc638, 0x18c3, 0x0000, 0x0000, 0x0000,
    0x0000, 0x0000, 0x0000, 0x2965, 0xc638, 0xc638, 0x18c3, 0x0000, 0x0000, 0x2965, 0xc638, 0xc638, 0x18c3, 0x0000, 0x0000, 0x0000,
    0x0000, 0x0000, 0x0000, 0x09e6, 0x4f7b, 0x4f7b, 0x0924, 0x0000, 0x0000, 0x09e6, 0x4f7b, 0x4f7b, 0x0924, 0x0000, 0x0000, 0x0000,
    0x0000, 0x0000, 0x0000, 0x82e2, 0xef6a, 0xef6a, 0x3961, 0x0000, 0x0000, 0x82e2, 0xef6a, 0xef6a, 0x3961, 0x0000, 0x0000, 0x0000,
    0x0000, 0x0000, 0x0000, 0x0000, 0x0000, 0x0000, 0x0000, 0x0000, 0x49a2, 0x6a63, 0x28e1, 0x0000, 0x0000, 0x0000, 0x0000, 0x0000,
    0x0000, 0x18a2, 0x31a6, 0x2965, 0x2965, 0x2965, 0x2965, 0x4a69, 0xf8a2, 0x4a69, 0x2965, 0x2965, 0x2965, 0x31a6, 0x18a2, 0x0000,
    0x0000, 0x0000, 0x138f, 0xffff, 0x4f7b, 0xffff, 0x4f7b, 0x4f7b, 0xa7dd, 0xa7dd, 0x1d54, 0x2636, 0x1d54, 0x12ea, 0x0000, 0x0000,
    0x0000, 0x0000, 0x0000, 0x5820, 0xa860, 0xa860, 0xa860, 0xf800, 0xa860, 0x4020, 0x5820, 0x4020, 0x2800, 0x0000, 0x0000, 0x0000,
    0x0000, 0x0000, 0x0000, 0x422b, 0xa536, 0xa536, 0x94d4, 0xadda, 0xa536, 0xa536, 0x5b71, 0x73f2, 0x31c8, 0x0000, 0x0000, 0x0000,
    0x0000, 0x0000, 0xad75, 0xd6ba, 0xef5d, 0xfffe, 0xfffe, 0xfffe, 0xfffe, 0xfffe, 0xfffe, 0xfffe, 0xfffe, 0xd6ba, 0xad75, 0x8430,
    0x3100, 0x3100, 0x5162, 0x6242, 0x6242, 0x6242, 0x4121, 0x6242, 0x6242, 0x6242, 0x6242, 0x6242, 0x4121, 0x4121, 0x5acb, 0x0000,
    0x0000, 0x0000, 0xa549, 0xdef5, 0xef58, 0xfffe, 0xfffe, 0xfffe, 0xfffe, 0xfffe, 0xfffe, 0xfffe, 0xfffe, 0xdef5, 0xa549, 0x8447,
    0x0000, 0x0000, 0x0000, 0x0000, 0x0000, 0x0000, 0x0000, 0x0000, 0x62a6, 0x62a6, 0x0000, 0x0000, 0x2901, 0x18a0, 0x0000, 0x0000,
    0x0000, 0x0000, 0x0000, 0x0000, 0xceb5, 0x0000, 0x0000, 0x0000, 0x0000, 0xceb5, 0xce31, 0x0000, 0xce31, 0xcd8d, 0x0000, 0x0000,
    0x0000, 0x61ec, 0x726e, 0x726e, 0x61ec, 0xa3f4, 0x8b31, 0x8b31, 0x8b31, 0x8b31, 0x61ec, 0x726e, 0x61ec, 0x8b31, 0x516a, 0x0000,
    0x0000, 0x0000, 0x0000, 0x528a, 0xb596, 0x94b2, 0x31a6, 0x0000, 0x0000, 0x528a, 0xb596, 0xb596, 0x31a6, 0x0000, 0x0000, 0x0000,
    0x0000, 0x0000, 0x0000, 0x2965, 0xc638, 0x94b2, 0x18c3, 0x0000, 0x0000, 0x2965, 0xc638, 0x94b2, 0x18c3, 0x0000, 0x0000, 0x0000,
    0x0000, 0x0000, 0x0000, 0x2965, 0xc638, 0x94b2, 0x18c3, 0x0000, 0x0000, 0x2965, 0xc638, 0xc638, 0x18c3, 0x0000, 0x0000, 0x0000,
    0x0000, 0x0000, 0x0000, 0x09e6, 0x4f7b, 0x2636, 0x0924, 0x0000, 0x0000, 0x09e6, 0x4f7b, 0x4f7b, 0x0924, 0x0000, 0x0000, 0x0000,
    0x0000, 0x0000, 0x0000, 0x82e2, 0xef6a, 0xed82, 0x3961, 0x0000, 0x0000, 0x82e2, 0xef6a, 0xef6a, 0x3961, 0x0000, 0x0000, 0x0000,
    0x0000, 0x0000, 0x0000, 0x0000, 0x0000, 0x0000, 0x0000, 0x49a2, 0x8b24, 0x28e1, 0x0000, 0x0000, 0x0000, 0x0000, 0x0000, 0x0000,
    0x0000, 0x18a2, 0xad55, 0x31a6, 0x2965, 0x2965, 0x2965, 0x2965, 0xf8a2, 0x2965, 0x2965, 0x2965, 0x31a6, 0x8410, 0x18a2, 0x0000,
    0x0000, 0x0000, 0x138f, 0xffff, 0x4f7b, 0xd7fe, 0x4f7b, 0xa7dd, 0xa7dd, 0xa7dd, 0x1c93, 0x2636, 0x1d54, 0x12ea, 0x0000, 0x0000,
    0x0000, 0x0000, 0x5820, 0x7000, 0xf800, 0xa860, 0x7000, 0x4020, 0xf800, 0x7000, 0x4020, 0xa860, 0x3020, 0x2800, 0x0000, 0x0000,
    0x0000, 0x0000, 0x422b, 0xa536, 0x94d4, 0xad77, 0xadda, 0xadda, 0x94d4, 0x73f2, 0x73f2, 0x5b71, 0x73f2, 0x31c8, 0x0000, 0x0000,
    0x0000, 0xad75, 0xd6ba, 0xef5d, 0xfffe, 0xfffe, 0xfffe, 0xfffe, 0xfffe, 0xfffe, 0xfffe, 0xfffe, 0xfffe, 0xef5d, 0x8430, 0x0000,
    0x3100, 0x3100, 0xb5b6, 0x5162, 0x6242, 0x6242, 0x6242, 0x6242, 0x6242, 0x6242, 0x4121, 0x4121, 0x9cd3, 0xb5b6, 0x9cd3, 0x0000,
    0x0000, 0xa549, 0xdef5, 0xef58, 0xfffe, 0xfffe, 0xfffe, 0xfffe, 0xfffe, 0xfffe, 0xfffe, 0xfffe, 0xfffe, 0xef58, 0x8447, 0x0000,
    0x0000, 0x0000, 0x0000, 0x0000, 0x62a6, 0x0000, 0x62a6, 0x0000, 0x2901, 0x2901, 0x0000, 0x0000, 0x0000, 0x0000, 0x0000, 0x0000,
    0x0000, 0x0000, 0x0000, 0x0000, 0xce31, 0xce31, 0x0000, 0x0000, 0xceb5, 0xce31, 0xcd8d, 0x0000, 0x0000, 0x0000, 0x0000, 0x0000,
    0x0000, 0x61ec, 0x726e, 0xa3f4, 0x726e, 0x61ec, 0x8b31, 0x8b31, 0x8b31, 0x61ec, 0x726e, 0x8b31, 0x726e, 0x8b31, 0x516a, 0x0000,
    0x0000, 0x0000, 0x0000, 0xb596, 0xb596, 0x0000, 0x0000, 0x0000, 0x0000, 0x0000, 0x0000, 0xb596, 0x94b2, 0x0000, 0x0000, 0x0000,
    0x0000, 0x0000, 0x2965, 0xc638, 0x94b2, 0xc638, 0x18c3, 0x0000, 0x0000, 0x2965, 0x94b2, 0xc638, 0x94b2, 0x18c3, 0x0000, 0x0000,
    0x0000, 0x0000, 0x2965, 0xc638, 0xc638, 0x94b2, 0x18c3, 0x0000, 0x0000, 0x2965, 0x94b2, 0xc638, 0x94b2, 0x18c3, 0x0000, 0x0000,
    0x0000, 0x0000, 0x09e6, 0x4f7b, 0x4f7b, 0x2636, 0x0924, 0x0000, 0x0000, 0x09e6, 0x2636, 0x4f7b, 0x2636, 0x0924, 0x0000, 0x0000,
    0x0000, 0x0000, 0x82e2, 0xef6a, 0xef6a, 0xed82, 0x3961, 0x0000, 0x0000, 0x82e2, 0xed82, 0xef6a, 0xed82, 0x3961, 0x0000, 0x0000,
    0x0000, 0x0000, 0x0000, 0x0000, 0x0000, 0x0000, 0x49a2, 0x6a63, 0x28e1, 0x0000, 0x0000, 0x0000, 0x0000, 0x0000, 0x0000, 0x0000,
    0x0000, 0x18a2, 0x8410, 0xffff, 0xffff, 0x2965, 0x2965, 0x2965, 0xb8a2, 0x2965, 0x2965, 0x8410, 0x8410, 0x4a69, 0x18a2, 0x0000,
    0x0000, 0x0000, 0x138f, 0xffff, 0xffff, 0x2636, 0xa7dd, 0xa7dd, 0xa7dd, 0x4f7b, 0x1c93, 0x1d54, 0x1d54, 0x12ea, 0x0000, 0x0000,
    0x0000, 0x0000, 0x5820, 0xa860, 0x7000, 0xa860, 0xf800, 0xa860, 0x7000, 0x4020, 0x4020, 0x5820, 0x4020, 0x2800, 0x0000, 0x0000,
    0x0000, 0x0000, 0x422b, 0x94d4, 0xa536, 0xa536, 0xa536, 0x94d4, 0xa536, 0xa536, 0x73f2, 0x5b71, 0x73f2, 0x31c8, 0x0000, 0x0000,
    0x0000, 0x0000, 0x8430, 0xd6ba, 0xef5d, 0xfffe, 0xfffe, 0xfffe, 0xfffe, 0xfffe, 0xfffe, 0xef5d, 0xd6ba, 0x8430, 0x0000, 0x0000,
    0x1080, 0x5162, 0xd6ba, 0xb5b6, 0x5162, 0x51e2, 0x6242, 0x6242, 0x4121, 0x4121, 0x9cd3, 0xb5b6, 0xb5b6, 0x9cd3, 0x3100, 0x4121,
    0x0000, 0x0000, 0x8447, 0xdef5, 0xef58, 0xfffe, 0xfffe, 0xfffe, 0xfffe, 0xfffe, 0xfffe, 0xef58, 0xdef5, 0x8447, 0x0000, 0x0000,
    0x0000, 0x0000, 0x0000, 0x62a6, 0x18a0, 0x0000, 0x2901, 0x0000, 0x0000, 0x0000, 0x0000, 0x0000, 0x0000, 0x0000, 0x0000, 0x0000,
    0x0000, 0x0000, 0x0000, 0xceb5, 0x0000, 0x0000, 0x0000, 0x0000, 0x0000, 0x0000, 0x0000, 0x0000, 0x0000, 0x0000, 0x0000, 0x0000,
    0x0000, 0x0000, 0x61ec, 0xa3f4, 0x8b31, 0x726e, 0x61ec, 0x61ec, 0x61ec, 0x726e, 0x8b31, 0x8b31, 0x61ec, 0x726e, 0x4949, 0x0000,
    0x0000, 0x0000, 0x0000, 0x0000, 0x0000, 0x0000, 0x0000, 0x0000, 0x0000, 0x0000, 0x0000, 0x0000, 0x0000, 0x0000, 0x0000, 0x0000,
    0x0000, 0x2965, 0xc638, 0x94b2, 0xc638, 0x6b4d, 0x18c3, 0x0000, 0x0000, 0x2965, 0x6b4d, 0x94b2, 0xc638, 0x94b2, 0x18c3, 0x0000,
    0x0000, 0x2965, 0xc638, 0xc638, 0x94b2, 0x6b4d, 0x18c3, 0x0000, 0x0000, 0x2965, 0x6b4d, 0x94b2, 0xc638, 0x94b2, 0x18c3, 0x0000,
    0x0000, 0x09e6, 0x4f7b, 0x4f7b, 0x2636, 0x1d54, 0x0924, 0x0000, 0x0000, 0x09e6, 0x1d54, 0x2636, 0x4f7b, 0x2636, 0x0924, 0x0000,
    0x0000, 0x82e2, 0xef6a, 0xef6a, 0xed82, 0xdca2, 0x3961, 0x0000, 0x0000, 0x82e2, 0xdca2, 0xed82, 0xef6a, 0xed82, 0x3961, 0x0000,
    0x0000, 0x0000, 0x0000, 0x0000, 0x0000, 0x49a2, 0x8b24, 0x28e1, 0x0000, 0x0000, 0x0000, 0x0000, 0x0000, 0x0000, 0x0000, 0x0000,
    0x0000, 0x18a2, 0x8410, 0xdedb, 0xdedb, 0xffff, 0xffff, 0xad55, 0xdedb, 0xdedb, 0x8410, 0x5aeb, 0x4a69, 0x4a69, 0x18a2, 0x0000,
    0x0000, 0x0000, 0x138f, 0xd7fe, 0x4f7b, 0x4f7b, 0x1d54, 0x1d54, 0x1d54, 0x1d54, 0x2636, 0x2636, 0x1c93, 0x12ea, 0x0000, 0x0000,
    0x0000, 0x0000, 0x2800, 0x4020, 0xa860, 0xf800, 0xa860, 0x7000, 0x4020, 0xa860, 0x4020, 0x4020, 0x3020, 0x2800, 0x0000, 0x0000,
    0x0000, 0x0000, 0x422b, 0x73f2, 0xa536, 0xa536, 0xadda, 0xad77, 0xa536, 0x5b71, 0x73f2, 0x73f2, 0x5b71, 0x31c8, 0x0000, 0x0000,
    0x0000, 0x0000, 0x0000, 0x8430, 0xd6ba, 0xef5d, 0xfffe, 0xfffe, 0xfffe, 0xfffe, 0xef5d, 0x8430, 0x8430, 0x0000, 0x0000, 0x0000,
    0x0000, 0x1080, 0x5162, 0xd6ba, 0xb5b6, 0x5162, 0x4121, 0x4121, 0x9cd3, 0xb5b6, 0xb5b6, 0x9cd3, 0x3100, 0x4121, 0x1080, 0x1080,
    0x0000, 0x0000, 0x0000, 0x8447, 0xdef5, 0xef58, 0xfffe, 0xfffe, 0xfffe, 0xfffe, 0xef58, 0x8447, 0x8447, 0x0000, 0x0000, 0x0000,
    0x0000, 0x0000, 0x0000, 0x2901, 0x18a0, 0x0000, 0x0000, 0x0000, 0x62a6, 0x0000, 0x0000, 0x62a6, 0x2901, 0x0000, 0x0000, 0x0000,
    0x0000, 0x0000, 0x0000, 0xceb5, 0xce31, 0x0000, 0x0000, 0x0000, 0xceb5, 0x0000, 0x0000, 0xceb5, 0xceb5, 0xce31, 0x0000, 0x0000,
    0x0000, 0x0000, 0x61ec, 0x726e, 0xa3f4, 0x8b31, 0x8b31, 0x726e, 0x61ec, 0x8b31, 0x8b31, 0x726e, 0x61ec, 0x726e, 0x4949, 0x0000,
    0x0000, 0x0000, 0x0000, 0x0000, 0x0000, 0x0000, 0x0000, 0x0000, 0x0000, 0x0000, 0x0000, 0x0000, 0x0000, 0x0000, 0x0000, 0x0000,
    0x0000, 0x2965, 0x6b4d, 0xc638, 0x6b4d, 0x18c3, 0x18c3, 0x0000, 0x0000, 0x18c3, 0x18c3, 0x6b4d, 0x94b2, 0x6b4d, 0x18c3, 0x0000,
    0x0000, 0x2965, 0x94b2, 0x94b2, 0x6b4d, 0x18c3, 0x18c3, 0x0000, 0x0000, 0x18c3, 0x18c3, 0x94b2, 0x94b2, 0x6b4d, 0x18c3, 0x0000,
    0x0000, 0x09e6, 0x2636, 0x2636, 0x1d54, 0x0924, 0x0924, 0x0000, 0x0000, 0x0924, 0x0924, 0x2636, 0x2636, 0x1d54, 0x0924, 0x0000,
    0x0000, 0x82e2, 0xed82, 0xed82, 0xdca2, 0x3961, 0x3961, 0x0000, 0x0000, 0x3961, 0x3961, 0xed82, 0xed82, 0xdca2, 0x3961, 0x0000,
    0x0000, 0x0000, 0x0000, 0x0000, 0x49a2, 0x6a63, 0x28e1, 0x0000, 0x0000, 0x0000, 0x0000, 0x0000, 0x0000, 0x0000, 0x0000, 0x0000,
    0x0000, 0x0000, 0x18a2, 0xad55, 0xdedb, 0xdedb, 0xdedb, 0x8410, 0xad55, 0xad55, 0x5aeb, 0x5aeb, 0x4a69, 0x18a2, 0x0000, 0x0000,
    0x0000, 0x0000, 0x0000, 0x12ea, 0x4f7b, 0x1d54, 0x2636, 0x2636, 0x2636, 0x2636, 0x1d54, 0x2636, 0x12ea, 0x0000, 0x0000, 0x0000,
    0x0000, 0x0000, 0x0000, 0x2800, 0x4020, 0xa860, 0x7000, 0x4020, 0x5820, 0x4020, 0x4020, 0x3020, 0x2800, 0x0000, 0x0000, 0x0000,
    0x0000, 0x0000, 0x0000, 0x422b, 0x5b71, 0xa536, 0xa536, 0xa536, 0x73f2, 0x73f2, 0x73f2, 0x5b71, 0x31c8, 0x0000, 0x0000, 0x0000,
    0x0000, 0x0000, 0x0000, 0x0000, 0x8430, 0xd6ba, 0xef5d, 0xfffe, 0xef5d, 0xc618, 0x8430, 0x0000, 0x0000, 0x0000, 0x0000, 0x0000,
    0x0000, 0x0000, 0x1080, 0x5162, 0xd6ba, 0xb5b6, 0x9cd3, 0xb5b6, 0xb5b6, 0x9cd3, 0x3100, 0x4121, 0x1080, 0x1080, 0x0000, 0x0000,
    0x0000, 0x0000, 0x0000, 0x0000, 0x8447, 0xdef5, 0xef58, 0xfffe, 0xef58, 0xbe0e, 0x8447, 0x0000, 0x0000, 0x0000, 0x0000, 0x0000,
    0x0000, 0x0000, 0x0000, 0x0000, 0x0000, 0x0000, 0x0000, 0x2901, 0x18a0, 0x0000, 0x0000, 0x18a0, 0x18a0, 0x0000, 0x0000, 0x0000,
    0x0000, 0x0000, 0x0000, 0xce31, 0xcd8d, 0x0000, 0x0000, 0xceb5, 0xce31, 0x0000, 0x0000, 0xce31, 0xcd8d, 0x0000, 0x0000, 0x0000,
    0x0000, 0x0000, 0x0000, 0x4949, 0x726e, 0x8b31, 0x726e, 0x726e, 0x61ec, 0x8b31, 0x726e, 0x61ec, 0x726e, 0x4949, 0x4949, 0x0000,
    0x0000, 0x0000, 0x0000, 0x0000, 0x0000, 0x0000, 0x0000, 0x0000, 0x0000, 0x0000, 0x0000, 0x0000, 0x0000, 0x0000, 0x0000, 0x0000,
    0x0000, 0x2965, 0x18c3, 0x18c3, 0x18c3, 0x0000, 0x0000, 0x0000, 0x0000, 0x0000, 0x0000, 0x18c3, 0x18c3, 0x18c3, 0x18c3, 0x0000,
    0x0000, 0x2965, 0x18c3, 0x18c3, 0x18c3, 0x0000, 0x0000, 0x0000, 0x0000, 0x0000, 0x0000, 0x18c3, 0x18c3, 0x18c3, 0x18c3, 0x0000,
    0x0000, 0x09e6, 0x0924, 0x0924, 0x0924, 0x0000, 0x0000, 0x0000, 0x0000, 0x0000, 0x0000, 0x0924, 0x0924, 0x0924, 0x0924, 0x0000,
    0x0000, 0x82e2, 0x3961, 0x3961, 0x3961, 0x0000, 0x0000, 0x0000, 0x0000, 0x0000, 0x0000, 0x3961, 0x3961, 0x3961, 0x3961, 0x0000,
    0x0000, 0x0000, 0x0000, 0x49a2, 0x8b24, 0x28e1, 0x0000, 0x0000, 0x0000, 0x0000, 0x0000, 0x0000, 0x0000, 0x0000, 0x0000, 0x0000,
    0x0000, 0x0000, 0x0000, 0x18a2, 0x18a2, 0xad55, 0xdedb, 0x8410, 0xad55, 0xad55, 0x5aeb, 0x18a2, 0x18a2, 0x0000, 0x0000, 0x0000,
    0x0000, 0x0000, 0x0000, 0x12ea, 0x2f1b, 0x1d54, 0x2636, 0x2636, 0x2636, 0x2636, 0x1d54, 0xa7dd, 0x12ea, 0x0000, 0x0000, 0x0000,
    0x0000, 0x0000, 0x0000, 0x0000, 0x2800, 0x2800, 0x3020, 0x4020, 0x4020, 0x3020, 0x2800, 0x2800, 0x0000, 0x0000, 0x0000, 0x0000,
    0x0000, 0x0000, 0x0000, 0x0000, 0x31c8, 0x31c8, 0x73f2, 0x73f2, 0x5b71, 0x73f2, 0x31c8, 0x31c8, 0x0000, 0x0000, 0x0000, 0x0000,
    0x0000, 0x0000, 0x0000, 0x0000, 0x0000, 0x8430, 0xd6ba, 0xc618, 0x8430, 0x8430, 0x0000, 0x0000, 0x0000, 0x0000, 0x0000, 0x0000,
    0x0000, 0x0000, 0x0000, 0x1080, 0x5162, 0xd6ba, 0xb5b6, 0x9cd3, 0x4121, 0x4121, 0x1080, 0x1080, 0x0000, 0x0000, 0x0000, 0x0000,
    0x0000, 0x0000, 0x0000, 0x0000, 0x0000, 0x8447, 0xdef5, 0xbe0e, 0x8447, 0x8447, 0x0000, 0x0000, 0x0000, 0x0000, 0x0000, 0x0000,
    0x0000, 0x0000, 0x0000, 0x0000, 0x0000, 0x0000, 0x0000, 0x0000, 0x0000, 0x0000, 0x0000, 0x0000, 0x0000, 0x0000, 0x0000, 0x0000,
    0x0000, 0x0000, 0x0000, 0x0000, 0x0000, 0x0000, 0x0000, 0xce31, 0xcd8d, 0x0000, 0x0000, 0x0000, 0x0000, 0x0000, 0x0000, 0x0000,
    0x0000, 0x0000, 0x0000, 0x0000, 0x4949, 0x726e, 0x726e, 0x61ec, 0x726e, 0x726e, 0x726e, 0x4949, 0x4949, 0x4949, 0x0000, 0x0000,
    0x0000, 0x0000, 0x0000, 0x0000, 0x0000, 0x0000, 0x0000, 0x0000, 0x0000, 0x0000, 0x0000, 0x0000, 0x0000, 0x0000, 0x0000, 0x0000,
    0x0000, 0x0000, 0x0000, 0x0000, 0x0000, 0x0000, 0x0000, 0x0000, 0x0000, 0x0000, 0x0000, 0x0000, 0x0000, 0x0000, 0x0000, 0x0000,
    0x0000, 0x0000, 0x0000, 0x0000, 0x0000, 0x0000, 0x0000, 0x0000, 0x0000, 0x0000, 0x0000, 0x0000, 0x0000, 0x0000, 0x0000, 0x0000,
    0x0000, 0x0000, 0x0000, 0x0000, 0x0000, 0x0000, 0x0000, 0x0000, 0x0000, 0x0000, 0x0000, 0x0000, 0x0000, 0x0000, 0x0000, 0x0000,
    0x0000, 0x0000, 0x0000, 0x0000, 0x0000, 0x0000, 0x0000, 0x0000, 0x0000, 0x0000, 0x0000, 0x0000, 0x0000, 0x0000, 0x0000, 0x0000,
    0x0000, 0x0000, 0x49a2, 0x8b24, 0x28e1, 0x0000, 0x0000, 0x0000, 0x0000, 0x0000, 0x0000, 0x0000, 0x0000, 0x0000, 0x0000, 0x0000,
    0x0000, 0x0000, 0x0000, 0x0000, 0x0000, 0x18a2, 0x18a2, 0x18a2, 0x18a2, 0x18a2, 0x18a2, 0x0000, 0x0000, 0x0000, 0x0000, 0x0000,
    0x0000, 0x0000, 0x0000, 0x0000, 0x12ea, 0x1c93, 0x4f7b, 0x4f7b, 0xa7dd, 0xa7dd, 0x2636, 0x12ea, 0x0000, 0x0000, 0x0000, 0x0000,
    0x0000, 0x0000, 0x0000, 0x0000, 0x0000, 0x0000, 0x2800, 0x2800, 0x2800, 0x2800, 0x0000, 0x0000, 0x0000, 0x0000, 0x0000, 0x0000,
    0x0000, 0x0000, 0x0000, 0x0000, 0x0000, 0x0000, 0x31c8, 0x31c8, 0x31c8, 0x31c8, 0x0000, 0x0000, 0x0000, 0x0000, 0x0000, 0x0000,
    0x0000, 0x0000, 0x0000, 0x0000, 0x0000, 0x0000, 0x8430, 0x8430, 0x0000, 0x0000, 0x0000, 0x0000, 0x0000, 0x0000, 0x0000, 0x0000,
    0x0000, 0x0000, 0x0000, 0x0000, 0x1080, 0x5162, 0x4121, 0x4121, 0x1080, 0x1080, 0x0000, 0x0000, 0x0000, 0x0000, 0x0000, 0x0000,
    0x0000, 0x0000, 0x0000, 0x0000, 0x0000, 0x0000, 0x8447, 0x8447, 0x0000, 0x0000, 0x0000, 0x0000, 0x0000, 0x0000, 0x0000, 0x0000,
    0x0000, 0x0000, 0x0000, 0x0000, 0x0000, 0x0000, 0x0000, 0x0000, 0x0000, 0x0000, 0x0000, 0x0000, 0x0000, 0x0000, 0x0000, 0x0000,
    0x0000, 0x0000, 0x0000, 0x0000, 0x0000, 0x0000, 0x0000, 0x0000, 0x0000, 0x0000, 0x0000, 0x0000, 0x0000, 0x0000, 0x0000, 0x0000,
    0x0000, 0x0000, 0x0000, 0x0000, 0x0000, 0x4949, 0x516a, 0x4949, 0x4949, 0x4949, 0x4949, 0x0000, 0x0000, 0x0000, 0x0000, 0x0000,
    0x0000, 0x0000, 0x0000, 0x0000, 0x0000, 0x0000, 0x0000, 0x0000, 0x0000, 0x0000, 0x0000, 0x0000, 0x0000, 0x0000, 0x0000, 0x0000,
    0x0000, 0x0000, 0x0000, 0x0000, 0x0000, 0x0000, 0x0000, 0x0000, 0x0000, 0x0000, 0x0000, 0x0000, 0x0000, 0x0000, 0x0000, 0x0000,
    0x0000, 0x0000, 0x0000, 0x0000, 0x0000, 0x0000, 0x0000, 0x0000, 0x0000, 0x0000, 0x0000, 0x0000, 0x0000, 0x0000, 0x0000, 0x0000,
    0x0000, 0x0000, 0x0000, 0x0000, 0x0000, 0x0000, 0x0000, 0x0000, 0x0000, 0x0000, 0x0000, 0x0000, 0x0000, 0x0000, 0x0000, 0x0000,
    0x0000, 0x0000, 0x0000, 0x0000, 0x0000, 0x0000, 0x0000, 0x0000, 0x0000, 0x0000, 0x0000, 0x0000, 0x0000, 0x0000, 0x0000, 0x0000,
    0x0000, 0x0000, 0x28e1, 0x28e1, 0x0000, 0x0000, 0x0000, 0x0000, 0x0000, 0x0000, 0x0000, 0x0000, 0x0000, 0x0000, 0x0000, 0x0000,
    0x0000, 0x0000, 0x0000, 0x0000, 0x0000, 0x0000, 0x0000, 0x0000, 0x0000, 0x0000, 0x0000, 0x0000, 0x0000, 0x0000, 0x0000, 0x0000,
    0x0000, 0x0000, 0x0000, 0x0000, 0x0000, 0x12ea, 0x12ea, 0x12ea, 0x12ea, 0x12ea, 0x12ea, 0x0000, 0x0000, 0x0000, 0x0000, 0x0000,
    0x0000, 0x0000, 0x0000, 0x0000, 0x0000, 0x0000, 0x0000, 0x0000, 0x0000, 0x0000, 0x0000, 0x0000, 0x0000, 0x0000, 0x0000, 0x0000,
    0x0000, 0x0000, 0x0000, 0x0000, 0x0000, 0x0000, 0x0000, 0x0000, 0x0000, 0x0000, 0x0000, 0x0000, 0x0000, 0x0000, 0x0000, 0x0000,
    0x0000, 0x0000, 0x0000, 0x0000, 0x0000, 0x0000, 0x0000, 0x0000, 0x0000, 0x0000, 0x0000, 0x0000, 0x0000, 0x0000, 0x0000, 0x0000,
    0x0000, 0x0000, 0x0000, 0x0000, 0x0000, 0x1080, 0x1080, 0x1080, 0x0000, 0x0000, 0x0000, 0x0000, 0x0000, 0x0000, 0x0000, 0x0000,
    0x0000, 0x0000, 0x0000, 0x0000, 0x0000, 0x0000, 0x0000, 0x0000, 0x0000, 0x0000, 0x0000, 0x0000, 0x0000, 0x0000, 0x0000, 0x0000,
    0x0000, 0x0000, 0x0000, 0x0000, 0x0000, 0x0000, 0x0000, 0x0000, 0x0000, 0x0000, 0x0000, 0x0000, 0x0000, 0x0000, 0x0000, 0x0000,
    0x0000, 0x0000, 0x0000, 0x0000, 0x0000, 0x0000, 0x0000, 0x0000, 0x0000, 0x0000, 0x0000, 0x0000, 0x0000, 0x0000, 0x0000, 0x0000,
    0x0000, 0x0000, 0x0000, 0x0000, 0x0000, 0x0000, 0x0000, 0x0000, 0x0000, 0x0000, 0x0000, 0x0000, 0x0000, 0x0000, 0x0000, 0x0000,
    0x0000, 0x0000, 0x0000, 0x0000, 0x0000, 0x0000, 0x0000, 0x0000, 0x0000, 0x0000, 0x0000, 0x0000, 0x0000, 0x0000, 0x0000, 0x0000,
    0x0000, 0x0000, 0x0000, 0x0000, 0x0000, 0x0000, 0x0000, 0x0000, 0x0000, 0x0000, 0x0000, 0x0000, 0x0000, 0x0000, 0x0000, 0x0000,
    0x0000, 0x0000, 0x0000, 0x0000, 0x0000, 0x0000, 0x0000, 0x0000, 0x0000, 0x0000, 0x0000, 0x0000, 0x0000, 0x0000, 0x0000, 0x0000,
    0x0000, 0x0000, 0x0000, 0x0000, 0x0000, 0x0000, 0x0000, 0x0000, 0x0000, 0x0000, 0x0000, 0x0000, 0x0000, 0x0000, 0x0000, 0x0000,
    0x0000, 0x0000, 0x0000, 0x0000, 0x0000, 0x0000, 0x0000, 0x0000, 0x0000, 0x0000, 0x0000, 0x0000, 0x0000, 0x0000, 0x0000, 0x0000,
    0x0000, 0x0000, 0x0000, 0x0000, 0x0000, 0x0000, 0x0000, 0x0000, 0x0000, 0x0000, 0x0000, 0x0000, 0x0000, 0x0000, 0x0000, 0x0000,
    0x0000, 0x0000, 0x0000, 0x0000, 0x0000, 0x0000, 0x0000, 0x0000, 0x0000, 0x0000, 0x0000, 0x0000, 0x0000, 0x0000, 0x0000, 0x0000,
    0x0000, 0x0000, 0x0000, 0x0000, 0x0000, 0x0000, 0x0000, 0x0000, 0x0000, 0x0000, 0x0000, 0x0000, 0x0000, 0x0000, 0x0000, 0x0000,
    0x0000, 0x0000, 0x0000, 0x0000, 0x0000, 0x0000, 0x0000, 0x0000, 0x0000, 0x0000, 0x0000, 0x0000, 0x0000, 0x0000, 0x0000, 0x0000,
    0x0000, 0x0000, 0x0000, 0x0000, 0x0000, 0x0000, 0x0000, 0x0000, 0x0000, 0x0000, 0x0000, 0x0000, 0x0000, 0x0000, 0x0000, 0x0000,
    0x0000, 0x0000, 0x0000, 0x0000, 0x0000, 0x0000, 0x0000, 0x0000, 0x0000, 0x0000, 0x0000, 0x0000, 0x0000, 0x0000, 0x0000, 0x0000,
    0x0000, 0x0000, 0x0000, 0x0000, 0x0000, 0x0000, 0x0000, 0x0000, 0x0000, 0x0000, 0x0000, 0x0000, 0x0000, 0x0000, 0x0000, 0x0000,
    0x0000, 0x0000, 0x0000, 0x0000, 0x0000, 0x0000, 0x0000, 0x0000, 0x0000, 0x0000, 0x0000, 0x0000, 0x0000, 0x0000, 0x0000, 0x0000,
    0x0000, 0x0000, 0x0000, 0x0000, 0x0000, 0x0000, 0x0000, 0x0000, 0x0000, 0x0000, 0x0000, 0x0000, 0x0000, 0x0000, 0x0000, 0x0000,
    0x0000, 0x0000, 0x0000, 0x0000, 0x0000, 0x0000, 0x0000, 0x0000, 0x0000, 0x0000, 0x0000, 0x0000, 0x0000, 0x0000, 0x0000, 0x0000,
    0x0000, 0x0000, 0x0000, 0x0000, 0x0000, 0x0000, 0x0000, 0x0000, 0x0000, 0x0000, 0x0000, 0x0000, 0x0000, 0x0000, 0x0000, 0x0000,
    0x0000, 0x0000, 0x0000, 0x0000, 0x0000, 0x0000, 0x0000, 0x0000, 0x0000, 0x0000, 0x0000, 0x0000, 0x0000, 0x3142, 0x3142, 0x3142,
    0x0000, 0x0000, 0x0000, 0x0000, 0x0000, 0x0000, 0x0000, 0x0000, 0x0000, 0x0000, 0x0000, 0x0000, 0x0000, 0x4a49, 0x4a49, 0x4a49,
    0x0000, 0x0000, 0x0000, 0x0000, 0x0000, 0x0000, 0x0000, 0x0000, 0x0000, 0x0000, 0x0000, 0x0000, 0x0000, 0x4228, 0x4228, 0x4228,
    0x0000, 0x0000, 0x0000, 0x0000, 0x0000, 0x0000, 0x0000, 0x0000, 0x0000, 0x0000, 0x0000, 0x0000, 0x0000, 0x09e6, 0x09e6, 0x09e6,
    0x0000, 0x0000, 0x0000, 0x0000, 0x0000, 0x0000, 0x0000, 0x0000, 0x0000, 0x0000, 0x0000, 0x0000, 0x0000, 0x82e2, 0x82e2, 0x82e2,
    0x0000, 0x0000, 0x0000, 0x0000, 0x0000, 0x0000, 0x0000, 0x0000, 0x0000, 0x0000, 0x0000, 0x0000, 0x0000, 0x0000, 0x0000, 0x0000,
    0x0000, 0x0000, 0x0000, 0x0000, 0x0000, 0x0000, 0xb322, 0xb322, 0xb322, 0xb322, 0x0000, 0x0000, 0x0000, 0x0000, 0x0000, 0x0000,
    0x0000, 0x0000, 0x0000, 0x0000, 0x0000, 0x0000, 0x0000, 0x0000, 0x0000, 0x0000, 0x0000, 0x0000, 0x0000, 0x0000, 0x0000, 0x0000,
    0x0000, 0x0000, 0x0000, 0x0000, 0x0000, 0x0000, 0x0000, 0x0000, 0x0000, 0x0000, 0x0000, 0x0000, 0x0000, 0x0000, 0x0000, 0x0000,
    0x0000, 0x0000, 0x0000, 0x0000, 0x0000, 0x0000, 0x0000, 0x0000, 0x0000, 0x0000, 0x0000, 0x0000, 0x0000, 0x0000, 0x0000, 0x0000,
    0x0000, 0x0000, 0x0000, 0x0000, 0x0000, 0x0000, 0x0000, 0x0000, 0x0000, 0x0000, 0x0000, 0x0000, 0x0000, 0x0000, 0x0000, 0x0000,
    0x0000, 0x0000, 0x0000, 0x0000, 0x0000, 0x0000, 0x0000, 0x0000, 0x0000, 0x0000, 0x0000, 0x0000, 0x0000, 0x0000, 0x0000, 0x0000,
    0x0000, 0x0000, 0x0000, 0x0000, 0x0000, 0x0000, 0x0000, 0x0000, 0x0000, 0x0000, 0x0000, 0x0000, 0x0000, 0x0000, 0x0000, 0x0000,
    0x0000, 0x0000, 0x0000, 0x0000, 0x0000, 0x0000, 0x0000, 0x0000, 0x0000, 0x0000, 0x0000, 0x0000, 0x0000, 0x0000, 0x0000, 0x0000,
    0x0000, 0x0000, 0x0000, 0x0000, 0x0000, 0x0000, 0x0000, 0x0000, 0x0000, 0x0000, 0x0000, 0x0000, 0x0000, 0x0000, 0x0000, 0x0000,
    0x0000, 0x0000, 0x0000, 0x0000, 0x0000, 0x0000, 0x0000, 0x0000, 0x0000, 0x0000, 0x0000, 0x0000, 0x0000, 0x0000, 0x0000, 0x0000,
    0x0000, 0x0000, 0x0000, 0x0000, 0x0000, 0x0000, 0x0000, 0x0000, 0x0000, 0x0000, 0x0000, 0x0000, 0x3142, 0x72c4, 0x8324, 0x20c1,
    0x0000, 0x0000, 0x0000, 0x0000, 0x0000, 0x0000, 0x0000, 0x0000, 0x0000, 0x0000, 0x0000, 0x0000, 0x4a49, 0x9491, 0xb595, 0x2104,
    0x0000, 0x0000, 0x0000, 0x0000, 0x0000, 0x0000, 0x0000, 0x0000, 0x0000, 0x0000, 0x0000, 0x0000, 0x4228, 0xffff, 0xffff, 0x18c3,
    0x0000, 0x0000, 0x0000, 0x0000, 0x0000, 0x0000, 0x0000, 0x0000, 0x0000, 0x0000, 0x0000, 0x0000, 0x09e6, 0xa7fe, 0xa7fe, 0x0924,
    0x0000, 0x0000, 0x0000, 0x0000, 0x0000, 0x0000, 0x0000, 0x0000, 0x0000, 0x0000, 0x0000, 0x0000, 0x82e2, 0xffff, 0xffff, 0x3961,
    0x0000, 0x0000, 0x0000, 0x0000, 0x0000, 0x0000, 0x0000, 0x0000, 0x0000, 0x0000, 0x0000, 0x0000, 0x0000, 0x632c, 0x4228, 0x0000,
    0x0000, 0x0000, 0x0000, 0x0000, 0xb322, 0xb322, 0xffab, 0xffab, 0xfea9, 0xfea9, 0xb322, 0xb322, 0x0000, 0x0000, 0x0000, 0x0000,
    0x0000, 0x0000, 0x0000, 0x0000, 0x0000, 0x0000, 0x0000, 0x0000, 0x0000, 0x0000, 0x0000, 0x0000, 0x0000, 0x0000, 0x0000, 0x0000,
    0x0000, 0x0000, 0x0000, 0x0000, 0x0000, 0x0000, 0x0000, 0x0000, 0x0000, 0x0000, 0x0000, 0x0000, 0x0000, 0x0000, 0x0000, 0x0000,
    0x0000, 0x0000, 0x0000, 0x0000, 0x0000, 0x0000, 0x0000, 0x0000, 0x0000, 0x0000, 0x0000, 0x0000, 0x0000, 0x0000, 0x0000, 0x0000,
    0x0000, 0x0000, 0x0000, 0x0000, 0x0000, 0x31a6, 0x31a6, 0x31a6, 0x31a6, 0x31a6, 0x31a6, 0x0000, 0x0000, 0x0000, 0x0000, 0x0000,
    0x0000, 0x0000, 0x0000, 0x0000, 0x0000, 0x31a6, 0x31a6, 0x31a6, 0x31a6, 0x31a6, 0x31a6, 0x0000, 0x0000, 0x0000, 0x0000, 0x0000,
    0x0000, 0x0000, 0x0000, 0x0000, 0x0000, 0x31a6, 0x31a6, 0x31a6, 0x31a6, 0x31a6, 0x31a6, 0x0000, 0x0000, 0x0000, 0x0000, 0x0000,
    0x0000, 0x0000, 0x0000, 0x0000, 0x0000, 0x31a6, 0x31a6, 0x31a6, 0x31a6, 0x31a6, 0x31a6, 0x0000, 0x0000, 0x0000, 0x0000, 0x0000,
    0x0000, 0x0000, 0x0000, 0x0000, 0x0000, 0x0000, 0x0000, 0x0000, 0x0000, 0x0000, 0x0000, 0x0000, 0x0000, 0x0000, 0x0000, 0x0000,
    0x0000, 0x0000, 0x0000, 0x0000, 0x0000, 0x0000, 0x0000, 0x0000, 0x0000, 0x0000, 0x0000, 0x0000, 0x0000, 0x0000, 0x0000, 0x0000,
    0x0000, 0x0000, 0x0000, 0x0000, 0x0000, 0x0000, 0x0000, 0x0000, 0x0000, 0x0000, 0x0000, 0x3142, 0x72c4, 0x8324, 0x72c4, 0x20c1,
    0x0000, 0x0000, 0x0000, 0x0000, 0x0000, 0x0000, 0x0000, 0x0000, 0x0000, 0x0000, 0x0000, 0x4a49, 0x9491, 0xb595, 0x9491, 0x2104,
    0x0000, 0x0000, 0x0000, 0x0000, 0x0000, 0x0000, 0x0000, 0x0000, 0x0000, 0x0000, 0x0000, 0x4228, 0xffff, 0xbdf7, 0xffff, 0x18c3,
    0x0000, 0x0000, 0x0000, 0x0000, 0x0000, 0x0000, 0x0000, 0x0000, 0x0000, 0x0000, 0x0000, 0x09e6, 0xa7fe, 0x2e35, 0xa7fe, 0x0924,
    0x0000, 0x0000, 0x0000, 0x0000, 0x0000, 0x0000, 0x0000, 0x0000, 0x0000, 0x0000, 0x0000, 0x82e2, 0xffff, 0xef6a, 0xffff, 0x3961,
    0x0000, 0x0000, 0x0000, 0x0000, 0x0000, 0x0000, 0x0000, 0x0000, 0x0000, 0x0000, 0x0000, 0x0000, 0x632c, 0x49a2, 0x28e1, 0x0000,
    0x0000, 0x0000, 0x0000, 0xb322, 0xed82, 0xffab, 0xed82, 0x3a95, 0x3a95, 0xed82, 0xfea9, 0xed82, 0xb322, 0x0000, 0x0000, 0x0000,
    0x0000, 0x0000, 0x0000, 0x0000, 0x0000, 0x0000, 0x0000, 0x0000, 0x0000, 0x0000, 0x0000, 0x0000, 0x0000, 0x0000, 0x0000, 0x0000,
    0x0000, 0x0000, 0x0000, 0x0000, 0x0000, 0x0000, 0x0000, 0x0000, 0x0000, 0x0000, 0x0000, 0x0000, 0x0000, 0x0000, 0x0000, 0x0000,
    0x0000, 0x0000, 0x0000, 0x0000, 0x0000, 0x0000, 0x0000, 0x0000, 0x0000, 0x0000, 0x0000, 0x0000, 0x0000, 0x0000, 0x0000, 0x0000,
    0x0000, 0x0000, 0x0000, 0x31a6, 0x31a6, 0x738e, 0x94b2, 0x94b2, 0x94b2, 0xad55, 0xad55, 0x31a6, 0x31a6, 0x0000, 0x0000, 0x0000,
    0x0000, 0x0000, 0x0000, 0x31a6, 0x31a6, 0x7bcf, 0x7bcf, 0x9cd3, 0x9cd3, 0x9cd3, 0x9cd3, 0x31a6, 0x31a6, 0x0000, 0x0000, 0x0000,
    0x0000, 0x0000, 0x0000, 0x31a6, 0x31a6, 0xe467, 0x9bef, 0xb46f, 0xb46f, 0xca25, 0xca25, 0x31a6, 0x31a6, 0x0000, 0x0000, 0x0000,
    0x0000, 0x0000, 0x0000, 0x31a6, 0x31a6, 0x7bcf, 0x7bcf, 0x9cd3, 0x9cd3, 0x9cd3, 0x9cd3, 0x31a6, 0x31a6, 0x0000, 0x0000, 0x0000,
    0x0000, 0x0000, 0x0000, 0x0000, 0x0000, 0x0000, 0x0000, 0x0000, 0x0000, 0x0000, 0x0000, 0x0000, 0x0000, 0x0000, 0x0000, 0x0000,
    0x0000, 0x0000, 0x0000, 0x0000, 0x0000, 0x0000, 0x0000, 0x0000, 0x0000, 0x0000, 0x0000, 0x0000, 0x0000, 0x0000, 0x0000, 0x0000,
    0x0000, 0x0000, 0x0000, 0x0000, 0x0000, 0x0000, 0x0000, 0x0000, 0x0000, 0x0000, 0x3142, 0x72c4, 0x8324, 0x72c4, 0x20c1, 0x0000,
    0x0000, 0x0000, 0x0000, 0x0000, 0x0000, 0x0000, 0x0000, 0x0000, 0x0000, 0x0000, 0x4a49, 0x9491, 0xb595, 0x9491, 0x2104, 0x0000,
    0x0000, 0x0000, 0x0000, 0x0000, 0x0000, 0x0000, 0x0000, 0x0000, 0x0000, 0x0000, 0x4228, 0xffff, 0xbdf7, 0xffff, 0x18c3, 0x0000,
    0x0000, 0x0000, 0x0000, 0x0000, 0x0000, 0x0000, 0x0000, 0x0000, 0x0000, 0x0000, 0x09e6, 0xa7fe, 0x2e35, 0xa7fe, 0x0924, 0x0000,
    0x0000, 0x0000, 0x0000, 0x0000, 0x0000, 0x0000, 0x0000, 0x0000, 0x0000, 0x0000, 0x82e2, 0xffff, 0xef6a, 0xffff, 0x3961, 0x0000,
    0x0000, 0x0000, 0x0000, 0x0000, 0x0000, 0x0000, 0x0000, 0x0000, 0x0000, 0x0000, 0x0000, 0x4228, 0x49a2, 0x6a63, 0x28e1, 0x0000,
    0x0000, 0x0000, 0xb322, 0xed82, 0xffab, 0x3a95, 0x3a95, 0xce60, 0xce60, 0x3a95, 0x3a95, 0xfea9, 0xed82, 0xb322, 0x0000, 0x0000,
    0x0000, 0x0000, 0x0000, 0x0000, 0x0000, 0x0000, 0x0000, 0x0000, 0x0000, 0x0000, 0x0000, 0x0000, 0x0000, 0x0000, 0x0000, 0x0000,
    0x0000, 0x0000, 0x0000, 0x0000, 0x0000, 0x0000, 0x0000, 0x0000, 0x0000, 0x0000, 0x0000, 0x0000, 0x0000, 0x0000, 0x0000, 0x0000,
    0x0000, 0x0000, 0x0000, 0x0000, 0x0000, 0x0000, 0x0000, 0x7a44, 0x7a44, 0x0000, 0x0000, 0x0000, 0x0000, 0x0000, 0x0000, 0x0000,
    0x0000, 0x0000, 0x31a6, 0x738e, 0x738e, 0x5aeb, 0x5aeb, 0x5aeb, 0x738e, 0x738e, 0x738e, 0x94b2, 0x738e, 0x31a6, 0x0000, 0x0000,
    0x0000, 0x0000, 0x31a6, 0x7bcf, 0x2279, 0x2ada, 0x437d, 0x32fb, 0x32fb, 0x2ada, 0x2ada, 0x2279, 0x7bcf, 0x31a6, 0x0000, 0x0000,
    0x0000, 0x0000, 0x31a6, 0x9bef, 0xca25, 0xe68b, 0xe68b, 0xe467, 0xe467, 0xe68b, 0xe467, 0xca25, 0xb46f, 0x31a6, 0x0000, 0x0000,
    0x0000, 0x0000, 0x31a6, 0x7bcf, 0xae7a, 0xdf9e, 0xffff, 0xffff, 0xffff, 0xdf9e, 0xdf9e, 0xae7a, 0x7bcf, 0x31a6, 0x0000, 0x0000,
    0x0000, 0x0000, 0x0000, 0x0000, 0x0000, 0x0000, 0x0000, 0x0000, 0x0000, 0x0000, 0x31aa, 0x31aa, 0x31aa, 0x0000, 0x0000, 0x0000,
    0x0000, 0x0000, 0x0000, 0x0000, 0x0000, 0x0000, 0x0000, 0x0000, 0x0000, 0x0000, 0x0000, 0x0000, 0x0000, 0x0000, 0x0000, 0x0000,
    0x0000, 0x0000, 0x0000, 0x0000, 0x0000, 0x0000, 0x0000, 0x0000, 0x0000, 0x3142, 0x72c4, 0x8324, 0x72c4, 0x20c1, 0x0000, 0x0000,
    0x0000, 0x0000, 0x0000, 0x0000, 0x0000, 0x0000, 0x0000, 0x0000, 0x0000, 0x4a49, 0x9491, 0xb595, 0x9491, 0x2104, 0x0000, 0x0000,
    0x0000, 0x0000, 0x0000, 0x0000, 0x0000, 0x0000, 0x0000, 0x0000, 0x0000, 0x4228, 0xffff, 0xbdf7, 0xdedb, 0x18c3, 0x0000, 0x0000,
    0x0000, 0x0000, 0x0000, 0x0000, 0x0000, 0x0000, 0x0000, 0x0000, 0x0000, 0x09e6, 0xa7fe, 0x2e35, 0x3759, 0x0924, 0x0000, 0x0000,
    0x0000, 0x0000, 0x0000, 0x0000, 0x0000, 0x0000, 0x0000, 0x0000, 0x0000, 0x82e2, 0xffff, 0xef6a, 0xffee, 0x3961, 0x0000, 0x0000,
    0x0000, 0x0000, 0x0000, 0x0000, 0x0000, 0x0000, 0x0000, 0x0000, 0x0000, 0x0000, 0x4228, 0x49a2, 0x8b24, 0x28e1, 0x0000, 0x0000,
    0x0000, 0x0000, 0xb322, 0xffab, 0x3a95, 0x3a95, 0xffe0, 0xffe0, 0xffe0, 0xffe0, 0x4b5b, 0x3a95, 0xfea9, 0x7140, 0x0000, 0x0000,
    0x0000, 0x0000, 0x0000, 0x0000, 0x0000, 0x0000, 0x0000, 0x0000, 0x0000, 0x0000, 0x0000, 0x0000, 0x0000, 0x0000, 0x0000, 0x0000,
    0x0000, 0x0000, 0x0000, 0x0000, 0x0000, 0x0000, 0x0000, 0x0000, 0x0000, 0x0000, 0x0000, 0x0000, 0x0000, 0x0000, 0x0000, 0x0000,
    0x0000, 0x0000, 0x0000, 0x0000, 0x0000, 0x0000, 0x7a44, 0xed49, 0xfdeb, 0x7a44, 0x0000, 0x0000, 0x0000, 0x0000, 0x0000, 0x0000,
    0x0000, 0x0000, 0x31a6, 0x5aeb, 0x52aa, 0x52aa, 0x52aa, 0x5aeb, 0x738e, 0x738e, 0x738e, 0x738e, 0x5aeb, 0x31a6, 0x0000, 0x0000,
    0x0000, 0x0000, 0x31a6, 0x2279, 0x437d, 0x5c1e, 0x5c1e, 0x437d, 0x32fb, 0x5c1e, 0x32fb, 0x437d, 0x2279, 0x31a6, 0x0000, 0x0000,
    0x0000, 0x0000, 0x31a6, 0xca25, 0xe467, 0xe68b, 0xe467, 0xe68b, 0xe68b, 0xe467, 0xe68b, 0xe467, 0xca25, 0x31a6, 0x0000, 0x0000,
    0x0000, 0x0000, 0x31a6, 0xae7a, 0xffff, 0xffff, 0xffff, 0xffff, 0xffff, 0xffff, 0xffff, 0xffff, 0xae7a, 0x31a6, 0x0000, 0x0000,
    0x0000, 0x0000, 0x0000, 0x0000, 0x0000, 0x0000, 0x0000, 0x0000, 0x0000, 0x31aa, 0x934b, 0xbc70, 0x934b, 0x31aa, 0x0000, 0x0000,
    0x0000, 0x0000, 0x0000, 0x0000, 0x0000, 0x0000, 0x52aa, 0x52aa, 0x52aa, 0x52aa, 0x0000, 0x0000, 0x0000, 0x0000, 0x0000, 0x0000,
    0x0000, 0x0000, 0x0000, 0x0000, 0x0000, 0x0000, 0x0000, 0x0000, 0x3142, 0x72c4, 0x8324, 0x72c4, 0x20c1, 0x0000, 0x0000, 0x0000,
    0x0000, 0x0000, 0x0000, 0x0000, 0x0000, 0x0000, 0x0000, 0x0000, 0x4a49, 0x9491, 0xb595, 0x9491, 0x2104, 0x0000, 0x0000, 0x0000,
    0x0000, 0x0000, 0x0000, 0x0000, 0x0000, 0x0000, 0x0000, 0x0000, 0x4228, 0xffff, 0xbdf7, 0xdedb, 0x18c3, 0x0000, 0x0000, 0x0000,
    0x0000, 0x0000, 0x0000, 0x0000, 0x0000, 0x0000, 0x0000, 0x0000, 0x09e6, 0xa7fe, 0x2e35, 0x3759, 0x0924, 0x0000, 0x0000, 0x0000,
    0x0000, 0x0000, 0x0000, 0x0000, 0x0000, 0x0000, 0x0000, 0x0000, 0x82e2, 0xffff, 0xef6a, 0xffee, 0x3961, 0x0000, 0x0000, 0x0000,
    0x0000, 0x0000, 0x0000, 0x0000, 0x0000, 0x0000, 0x0000, 0x0000, 0x0000, 0x4228, 0x49a2, 0x8b24, 0x28e1, 0x0000, 0x0000, 0x0000,
    0x0000, 0xb322, 0xffab, 0xed82, 0x3a95, 0x4b5b, 0xffe0, 0xffe0, 0xffe0, 0xffe0, 0x4b5b, 0x4b5b, 0xed82, 0xfea9, 0x7140, 0x0000,
    0x0000, 0x0000, 0x0000, 0x0000, 0x0000, 0x3941, 0x3941, 0x3941, 0x3941, 0x3941, 0x3941, 0x0000, 0x0000, 0x0000, 0x0000, 0x0000,
    0x0000, 0x0000, 0x0000, 0x0000, 0x0000, 0x3941, 0x3941, 0x3941, 0x3941, 0x3941, 0x3941, 0x0000, 0x0000, 0x0000, 0x0000, 0x0000,
    0x0000, 0x0000, 0x0000, 0x0000, 0x0000, 0x7a44, 0xfdeb, 0xfeb3, 0xfdeb, 0xb388, 0x59c3, 0x0000, 0x0000, 0x0000, 0x0000, 0x0000,
    0x0000, 0x0000, 0x31a6, 0x31a6, 0x31a6, 0x52aa, 0x52aa, 0x5aeb, 0x5aeb, 0x738e, 0x738e, 0x31a6, 0x31a6, 0x31a6, 0x0000, 0x0000,
    0x0000, 0x0000, 0x31a6, 0x31a6, 0x31a6, 0x2279, 0x32fb, 0x437d, 0x437d, 0x32fb, 0x2279, 0x31a6, 0x31a6, 0x31a6, 0x0000, 0x0000,
    0x0000, 0x0000, 0x31a6, 0xad55, 0x79e5, 0xca25, 0xe467, 0xe68b, 0xca25, 0xe68b, 0xe68b, 0xca25, 0x94b2, 0x31a6, 0x0000, 0x0000,
    0x0000, 0x0000, 0x31a6, 0x31a6, 0x31a6, 0xae7a, 0xdf9e, 0xdf9e, 0xffff, 0xffff, 0xae7a, 0x31a6, 0x31a6, 0x31a6, 0x0000, 0x0000,
    0x0000, 0x0000, 0x0000, 0x0000, 0x0000, 0x0000, 0x0000, 0x0000, 0x0000, 0x0000, 0x31aa, 0x934b, 0x4a09, 0x31aa, 0x0000, 0x0000,
    0x0000, 0x0000, 0x0000, 0x0000, 0x52aa, 0x52aa, 0x94b2, 0x8430, 0x8430, 0x73ae, 0x4208, 0x4208, 0x0000, 0x0000, 0x0000, 0x0000,
    0x0000, 0x0000, 0x3142, 0x3142, 0x0000, 0x0000, 0x0000, 0x3142, 0x5a03, 0x8324, 0x72c4, 0x20c1, 0x0000, 0x0000, 0x0000, 0x0000,
    0x0000, 0x0000, 0x4a49, 0x4a49, 0x0000, 0x0000, 0x0000, 0x4a49, 0x7bae, 0xb595, 0x9491, 0x2104, 0x0000, 0x0000, 0x0000, 0x0000,
    0x0000, 0x0000, 0x4228, 0x4228, 0x0000, 0x0000, 0x0000, 0x4228, 0xdedb, 0xbdf7, 0xdedb, 0x18c3, 0x0000, 0x0000, 0x0000, 0x0000,
    0x0000, 0x0000, 0x09e6, 0x09e6, 0x0000, 0x0000, 0x0000, 0x09e6, 0x3759, 0x2e35, 0x3759, 0x0924, 0x0000, 0x0000, 0x0000, 0x0000,
    0x0000, 0x0000, 0x82e2, 0x82e2, 0x0000, 0x0000, 0x0000, 0x82e2, 0xffee, 0xef6a, 0xffee, 0x3961, 0x0000, 0x0000, 0x0000, 0x0000,
    0x0000, 0x0000, 0x0000, 0x0000, 0x0000, 0x0000, 0x0000, 0x0000, 0x4228, 0x49a2, 0x8b24, 0x28e1, 0x0000, 0x0000, 0x0000, 0x0000,
    0x0000, 0xb322, 0xffab, 0x3a95, 0x3a95, 0x4b5b, 0x4b5b, 0xffe0, 0xffe0, 0x4b5b, 0x4b5b, 0x4b5b, 0x3a95, 0xfea9, 0x7140, 0x0000,
    0x0000, 0x0000, 0x0000, 0x3941, 0x3941, 0x51c1, 0x7261, 0x7261, 0x7261, 0x51c1, 0x51c1, 0x3941, 0x3941, 0x0000, 0x0000, 0x0000,
    0x0000, 0x0000, 0x0000, 0x3941, 0x3941, 0xbbcb, 0xcc6d, 0xcc6d, 0xbbcb, 0xbbcb, 0xbbcb, 0x3941, 0x3941, 0x0000, 0x0000, 0x0000,
    0x0000, 0x0000, 0x0000, 0x0000, 0x7a44, 0xfdeb, 0xfeb3, 0xfdeb, 0xed49, 0xfeb3, 0xb388, 0x59c3, 0x0000, 0x0000, 0x0000, 0x0000,
    0x0000, 0x0000, 0x31a6, 0xdedb, 0xad55, 0x31a6, 0x31a6, 0x31a6, 0x31a6, 0x31a6, 0x31a6, 0x738e, 0x94b2, 0x31a6, 0x0000, 0x0000,
    0x0000, 0x0000, 0x31a6, 0xdedb, 0xad55, 0x31a6, 0x31a6, 0x31a6, 0x31a6, 0x31a6, 0x31a6, 0x738e, 0x94b2, 0x31a6, 0x0000, 0x0000,
    0x0000, 0x0000, 0x31a6, 0xdedb, 0xad55, 0x79e5, 0x79e5, 0x79e5, 0x79e5, 0xca25, 0xe467, 0x738e, 0x94b2, 0x31a6, 0x0000, 0x0000,
    0x0000, 0x0000, 0x31a6, 0xdedb, 0xad55, 0x31a6, 0x31a6, 0x31a6, 0x31a6, 0x31a6, 0x31a6, 0x738e, 0x94b2, 0x31a6, 0x0000, 0x0000,
    0x0000, 0x0000, 0x0000, 0x0000, 0x0000, 0x0000, 0x0000, 0x0000, 0x0000, 0x31aa, 0x4a09, 0x39c8, 0x39c8, 0x31aa, 0x0000, 0x0000,
    0x0000, 0x0000, 0x0000, 0x52aa, 0xad34, 0x94b2, 0x8430, 0xad34, 0x94b2, 0x73ae, 0x5aeb, 0x6b4d, 0x4208, 0x0000, 0x0000, 0x0000,
    0x0000, 0x0000, 0x3142, 0x41a2, 0x3142, 0x0000, 0x3142, 0x5a03, 0x8324, 0x5a03, 0x20c1, 0x0000, 0x0000, 0x0000, 0x0000, 0x0000,
    0x0000, 0x0000, 0x4a49, 0x5acb, 0x4a49, 0x0000, 0x4a49, 0x7bae, 0xb595, 0x7bae, 0x2104, 0x0000, 0x0000, 0x0000, 0x0000, 0x0000,
    0x0000, 0x0000, 0x4228, 0x6b4d, 0x4228, 0x0000, 0x4228, 0xdedb, 0xbdf7, 0xdedb, 0x18c3, 0x0000, 0x0000, 0x0000, 0x0000, 0x0000,
    0x0000, 0x0000, 0x09e6, 0x130a, 0x09e6, 0x0000, 0x09e6, 0x3759, 0x2e35, 0x3759, 0x0924, 0x0000, 0x0000, 0x0000, 0x0000, 0x0000,
    0x0000, 0x0000, 0x82e2, 0xdca2, 0x82e2, 0x0000, 0x82e2, 0xffee, 0xef6a, 0xffee, 0x3961, 0x0000, 0x0000, 0x0000, 0x0000, 0x0000,
    0x0000, 0x0000, 0x0000, 0x0000, 0x0000, 0x0000, 0x0000, 0x4228, 0x49a2, 0x8b24, 0x28e1, 0x0000, 0x0000, 0x0000, 0x0000, 0x0000,
    0x0000, 0xb322, 0xfea9, 0x3a95, 0x3a95, 0x4b5b, 0x4b5b, 0xffb6, 0xffab, 0x3a95, 0x4b5b, 0x4b5b, 0x3a95, 0xfea9, 0x7140, 0x0000,
    0x0000, 0x0000, 0x3941, 0x51c1, 0x4181, 0x4181, 0x4181, 0x51c1, 0x51c1, 0x51c1, 0x4181, 0x4181, 0x51c1, 0x18a0, 0x0000, 0x0000,
    0x0000, 0x0000, 0x3941, 0xcc6d, 0xcccf, 0xcccf, 0xcccf, 0xcccf, 0xcccf, 0xcc6d, 0xcc6d, 0xcc6d, 0xbbcb, 0x18a0, 0x0000, 0x0000,
    0x0000, 0x0000, 0x0000, 0x7a44, 0xfdeb, 0xfdeb, 0xfdeb, 0xfeb3, 0xfdeb, 0xb388, 0x7a44, 0xb388, 0x59c3, 0x0000, 0x0000, 0x0000,
    0x0000, 0x0000, 0x31a6, 0xdedb, 0xdedb, 0xdedb, 0xdedb, 0xad55, 0xad55, 0x94b2, 0x738e, 0x738e, 0x94b2, 0x31a6, 0x0000, 0x0000,
    0x0000, 0x0000, 0x31a6, 0xdedb, 0xdedb, 0xdedb, 0xdedb, 0xad55, 0xad55, 0x94b2, 0x738e, 0x738e, 0x94b2, 0x31a6, 0x0000, 0x0000,
    0x0000, 0x0000, 0x31a6, 0xdedb, 0xdedb, 0xdedb, 0xdedb, 0xad55, 0xad55, 0x94b2, 0xca25, 0x738e, 0xad55, 0x31a6, 0x0000, 0x0000,
    0x0000, 0x0000, 0x31a6, 0xdedb, 0xdedb, 0xdedb, 0xdedb, 0xad55, 0xad55, 0x94b2, 0x738e, 0x738e, 0x94b2, 0x31a6, 0x0000, 0x0000,
    0x0000, 0x0000, 0x0000, 0x0000, 0x0000, 0x0000, 0x31aa, 0x31aa, 0x31aa, 0x630e, 0x7b2e, 0x4a09, 0x39c8, 0x18c6, 0x0000, 0x0000,
    0x0000, 0x0000, 0x52aa, 0xad34, 0x8430, 0x8430, 0x94b2, 0x94b2, 0x8430, 0x8430, 0x73ae, 0x5aeb, 0x8430, 0x4208, 0x0000, 0x0000,
    0x0000, 0x0000, 0x0000, 0x3142, 0x5a03, 0x20c1, 0x5a03, 0x72c4, 0x5a03, 0x20c1, 0x0000, 0x0000, 0x0000, 0x0000, 0x0000, 0x0000,
    0x0000, 0x0000, 0x0000, 0x4a49, 0x7bae, 0x2104, 0x7bae, 0x9491, 0x7bae, 0x2104, 0x0000, 0x0000, 0x0000, 0x0000, 0x0000, 0x0000,
    0x0000, 0x0000, 0x0000, 0x4228, 0x94b2, 0x18c3, 0xdedb, 0x94b2, 0xdedb, 0x18c3, 0x0000, 0x0000, 0x0000, 0x0000, 0x0000, 0x0000,
    0x0000, 0x0000, 0x0000, 0x09e6, 0x1c4e, 0x0924, 0x3759, 0x1c4e, 0x3759, 0x0924, 0x0000, 0x0000, 0x0000, 0x0000, 0x0000, 0x0000,
    0x0000, 0x0000, 0x0000, 0x82e2, 0xed82, 0x3961, 0xffee, 0xed82, 0xffee, 0x3961, 0x0000, 0x0000, 0x0000, 0x0000, 0x0000, 0x0000,
    0x0000, 0x0000, 0x0000, 0x0000, 0x0000, 0x0000, 0x4228, 0x49a2, 0x6a63, 0x28e1, 0x0000, 0x0000, 0x0000, 0x0000, 0x0000, 0x0000,
    0x0000, 0xb322, 0xfea9, 0xb322, 0x18a2, 0x18a2, 0x18a2, 0xffab, 0xfea9, 0x18a2, 0x18a2, 0x18a2, 0xb322, 0xfea9, 0x7140, 0x0000,
    0x0000, 0x0000, 0x3941, 0x3920, 0x3920, 0x4181, 0x4181, 0x4181, 0x4181, 0x4181, 0x4181, 0x3920, 0x3920, 0x18a0, 0x0000, 0x0000,
    0x0000, 0x0000, 0x3941, 0x4181, 0x4181, 0xbbcb, 0xcc6d, 0xcc6d, 0xcc6d, 0xcc6d, 0xbbcb, 0x4181, 0x4181, 0x18a0, 0x0000, 0x0000,
    0x0000, 0x0000, 0x7a44, 0xed49, 0xfeb3, 0xfdeb, 0xed49, 0xb388, 0xfeb3, 0xed49, 0xb388, 0xfeb3, 0x8aa5, 0x59c3, 0x0000, 0x0000,
    0x0000, 0x0000, 0x31a6, 0xdedb, 0xdedb, 0xffff, 0xdedb, 0xad55, 0xad55, 0x94b2, 0x738e, 0x738e, 0xad55, 0x31a6, 0x0000, 0x0000,
    0x0000, 0x0000, 0x31a6, 0xdedb, 0xdedb, 0xffff, 0xdedb, 0xad55, 0xad55, 0x94b2, 0x738e, 0x738e, 0xad55, 0x31a6, 0x0000, 0x0000,
    0x0000, 0x0000, 0x31a6, 0xdedb, 0xdedb, 0xffff, 0xdedb, 0xad55, 0xad55, 0x94b2, 0x738e, 0x738e, 0xad55, 0x31a6, 0x0000, 0x0000,
    0x0000, 0x0000, 0x31a6, 0xdedb, 0xdedb, 0xffff, 0xdedb, 0xad55, 0xad55, 0x94b2, 0x738e, 0x738e, 0xad55, 0x31a6, 0x0000, 0x0000,
    0x0000, 0x0000, 0x0000, 0x0000, 0x31aa, 0x31aa, 0x630e, 0x7b2e, 0x7b2e, 0x7b2e, 0x52ac, 0x4a09, 0x18c6, 0x0000, 0x0000, 0x0000,
    0x0000, 0x0000, 0x52aa, 0x94b2, 0x8430, 0xad34, 0x94b2, 0x8430, 0x8430, 0x94b2, 0x73ae, 0x5aeb, 0x73ae, 0x4208, 0x0000, 0x0000,
    0x0000, 0x0000, 0x0000, 0x3142, 0x5a03, 0x5a03, 0x41a2, 0x5a03, 0x20c1, 0x0000, 0x0000, 0x0000, 0x0000, 0x0000, 0x0000, 0x0000,
    0x0000, 0x0000, 0x0000, 0x4a49, 0x7bae, 0x7bae, 0x5acb, 0x7bae, 0x2104, 0x0000, 0x0000, 0x0000, 0x0000, 0x0000, 0x0000, 0x0000,
    0x0000, 0x0000, 0x0000, 0x4228, 0x94b2, 0x94b2, 0x6b4d, 0xdedb, 0x18c3, 0x0000, 0x0000, 0x0000, 0x0000, 0x0000, 0x0000, 0x0000,
    0x0000, 0x0000, 0x0000, 0x09e6, 0x1c4e, 0x1c4e, 0x130a, 0x3759, 0x0924, 0x0000, 0x0000, 0x0000, 0x0000, 0x0000, 0x0000, 0x0000,
    0x0000, 0x0000, 0x0000, 0x82e2, 0xed82, 0xed82, 0xdca2, 0xffee, 0x3961, 0x0000, 0x0000, 0x0000, 0x0000, 0x0000, 0x0000, 0x0000,
    0x0000, 0x0000, 0x0000, 0x0000, 0x0000, 0x4228, 0x49a2, 0x6a63, 0x28e1, 0x0000, 0x0000, 0x0000, 0x0000, 0x0000, 0x0000, 0x0000,
    0x0000, 0x7140, 0xffab, 0xfea9, 0xffb6, 0xffb6, 0xffab, 0xfea9, 0xed82, 0xffab, 0xffab, 0xfea9, 0xed82, 0xfea9, 0x7140, 0x0000,
    0x0000, 0x0000, 0x3941, 0x7261, 0x51c1, 0x3920, 0x3920, 0x3920, 0x3920, 0x3920, 0x3920, 0x51c1, 0x51c1, 0x18a0, 0x0000, 0x0000,
    0x0000, 0x0000, 0x3941, 0x7261, 0x51c1, 0x4181, 0x4181, 0x4181, 0x4181, 0x4181, 0x4181, 0x51c1, 0x3920, 0x18a0, 0x0000, 0x0000,
    0x0000, 0x0000, 0x7a44, 0xfdeb, 0xed49, 0xfdeb, 0xfeb3, 0xfdeb, 0xed49, 0xb388, 0xb388, 0x7a44, 0xb388, 0x59c3, 0x0000, 0x0000,
    0x0000, 0x0000, 0x31a6, 0xad55, 0xdedb, 0xffff, 0xdedb, 0xad55, 0xad55, 0x94b2, 0x738e, 0x738e, 0xad55, 0x31a6, 0x0000, 0x0000,
    0x0000, 0x0000, 0x31a6, 0xad55, 0xdedb, 0xffff, 0xdedb, 0xad55, 0xad55, 0x94b2, 0x738e, 0x738e, 0xad55, 0x31a6, 0x0000, 0x0000,
    0x0000, 0x0000, 0x31a6, 0xad55, 0xdedb, 0xffff, 0xdedb, 0xad55, 0xad55, 0x94b2, 0xca25, 0x738e, 0xad55, 0x31a6, 0x0000, 0x0000,
    0x0000, 0x0000, 0x31a6, 0xad55, 0xdedb, 0xffff, 0xdedb, 0xad55, 0xad55, 0x94b2, 0x738e, 0x738e, 0xad55, 0x31a6, 0x0000, 0x0000,
    0x0000, 0x0000, 0x0000, 0x31aa, 0x630e, 0x630e, 0x7b2e, 0x7b2e, 0x7b2e, 0x52ac, 0x4a09, 0x4a09, 0x18c6, 0x0000, 0x0000, 0x0000,
    0x0000, 0x0000, 0x52aa, 0x73ae, 0x94b2, 0x8430, 0x8430, 0x8430, 0xad34, 0x5aeb, 0x73ae, 0x8430, 0x5aeb, 0x4208, 0x0000, 0x0000,
    0x0000, 0x0000, 0x0000, 0x0000, 0x3142, 0x41a2, 0x3142, 0x20c1, 0x0000, 0x0000, 0x0000, 0x0000, 0x0000, 0x0000, 0x0000, 0x0000,
    0x0000, 0x0000, 0x0000, 0x0000, 0x4a49, 0x5acb, 0x4a49, 0x2104, 0x0000, 0x0000, 0x0000, 0x0000, 0x0000, 0x0000, 0x0000, 0x0000,
    0x0000, 0x0000, 0x0000, 0x0000, 0x4228, 0x6b4d, 0x4228, 0x18c3, 0x0000, 0x0000, 0x0000, 0x0000, 0x0000, 0x0000, 0x0000, 0x0000,
    0x0000, 0x0000, 0x0000, 0x0000, 0x09e6, 0x130a, 0x09e6, 0x0924, 0x0000, 0x0000, 0x0000, 0x0000, 0x0000, 0x0000, 0x0000, 0x0000,
    0x0000, 0x0000, 0x0000, 0x0000, 0x82e2, 0xdca2, 0x82e2, 0x3961, 0x0000, 0x0000, 0x0000, 0x0000, 0x0000, 0x0000, 0x0000, 0x0000,
    0x0000, 0x0000, 0x0000, 0x0000, 0x0000, 0x49a2, 0x6a63, 0x28e1, 0x0000, 0x0000, 0x0000, 0x0000, 0x0000, 0x0000, 0x0000, 0x0000,
    0x0000, 0x7140, 0xdca2, 0xffab, 0xfea9, 0xfea9, 0xfea9, 0xfea9, 0xed82, 0xed82, 0xed82, 0xed82, 0xfea9, 0xdca2, 0x7140, 0x0000,
    0x0000, 0x0000, 0x0000, 0x3101, 0x7261, 0x7261, 0x7261, 0x7261, 0x7261, 0x7261, 0x7261, 0x51c1, 0x18a0, 0x0000, 0x0000, 0x0000,
    0x0000, 0x0000, 0x0000, 0x3101, 0x7261, 0x7261, 0x7261, 0x7261, 0x7261, 0x7261, 0x51c1, 0x3920, 0x18a0, 0x0000, 0x0000, 0x0000,
    0x0000, 0x0000, 0x59c3, 0xb388, 0xfdeb, 0xfeb3, 0xb388, 0xed49, 0xb388, 0xed49, 0xb388, 0xb388, 0x8aa5, 0x59c3, 0x0000, 0x0000,
    0x0000, 0x0000, 0x31a6, 0x738e, 0xdedb, 0xffff, 0xdedb, 0xad55, 0xad55, 0x94b2, 0x738e, 0x738e, 0x94b2, 0x31a6, 0x0000, 0x0000,
    0x0000, 0x0000, 0x31a6, 0x738e, 0xdedb, 0xffff, 0xdedb, 0xad55, 0xad55, 0x94b2, 0x738e, 0x738e, 0x94b2, 0x31a6, 0x0000, 0x0000,
    0x0000, 0x0000, 0x31a6, 0x738e, 0xdedb, 0xffff, 0xdedb, 0xad55, 0xad55, 0x94b2, 0x738e, 0x738e, 0x94b2, 0x31a6, 0x0000, 0x0000,
    0x0000, 0x0000, 0x31a6, 0x738e, 0xdedb, 0xffff, 0xdedb, 0xad55, 0xad55, 0x94b2, 0x738e, 0x738e, 0x94b2, 0x31a6, 0x0000, 0x0000,
    0x0000, 0x0000, 0x0000, 0x31aa, 0x39c8, 0x52ac, 0x52ac, 0x630e, 0x630e, 0x4a09, 0x4a09, 0x18c6, 0x0000, 0x0000, 0x0000, 0x0000,
    0x0000, 0x0000, 0x0000, 0x52aa, 0x73ae, 0x73ae, 0x94b2, 0x94b2, 0x73ae, 0x73ae, 0x5aeb, 0x5aeb, 0x4208, 0x0000, 0x0000, 0x0000,
    0x0000, 0x0000, 0x0000, 0x49a2, 0x6a63, 0x20c1, 0x3142, 0x3142, 0x20c1, 0x0000, 0x0000, 0x0000, 0x0000, 0x0000, 0x0000, 0x0000,
    0x0000, 0x0000, 0x0000, 0x49a2, 0x6a63, 0x2104, 0x4a49, 0x4a49, 0x2104, 0x0000, 0x0000, 0x0000, 0x0000, 0x0000, 0x0000, 0x0000,
    0x0000, 0x0000, 0x0000, 0x49a2, 0x6a63, 0x18c3, 0x4228, 0x4228, 0x18c3, 0x0000, 0x0000, 0x0000, 0x0000, 0x0000, 0x0000, 0x0000,
    0x0000, 0x0000, 0x0000, 0x49a2, 0x6a63, 0x0924, 0x09e6, 0x09e6, 0x0924, 0x0000, 0x0000, 0x0000, 0x0000, 0x0000, 0x0000, 0x0000,
    0x0000, 0x0000, 0x0000, 0x49a2, 0x6a63, 0x3961, 0x82e2, 0x82e2, 0x3961, 0x0000, 0x0000, 0x0000, 0x0000, 0x0000, 0x0000, 0x0000,
    0x0000, 0x0000, 0x0000, 0x0000, 0x49a2, 0x6a63, 0xb596, 0xb596, 0x31a6, 0x0000, 0x0000, 0x0000, 0x0000, 0x0000, 0x0000, 0x0000,
    0x0000, 0x0000, 0x7140, 0xdca2, 0xffab, 0xffab, 0xfea9, 0xfea9, 0xed82, 0xed82, 0xfea9, 0xfea9, 0xdca2, 0x7140, 0x0000, 0x0000,
    0x0000, 0x0000, 0x0000, 0x0000, 0x18a0, 0x18a0, 0x51c1, 0x7261, 0x7261, 0x51c1, 0x18a0, 0x18a0, 0x0000, 0x0000, 0x0000, 0x0000,
    0x0000, 0x0000, 0x0000, 0x0000, 0x18a0, 0x18a0, 0x51c1, 0x7261, 0x7261, 0x51c1, 0x18a0, 0x18a0, 0x0000, 0x0000, 0x0000, 0x0000,
    0x0000, 0x0000, 0x0000, 0x59c3, 0xb388, 0xfdeb, 0xed49, 0xb388, 0x7a44, 0xb388, 0xb388, 0xed49, 0x59c3, 0x0000, 0x0000, 0x0000,
    0x0000, 0x0000, 0x0000, 0x31a6, 0xdedb, 0xdedb, 0xdedb, 0xad55, 0xad55, 0x94b2, 0x738e, 0x94b2, 0x31a6, 0x0000, 0x0000, 0x0000,
    0x0000, 0x0000, 0x0000, 0x31a6, 0xdedb, 0xdedb, 0xdedb, 0xad55, 0xad55, 0x94b2, 0x738e, 0x94b2, 0x31a6, 0x0000, 0x0000, 0x0000,
    0x0000, 0x0000, 0x0000, 0x31a6, 0xdedb, 0xdedb, 0xdedb, 0xad55, 0xad55, 0x94b2, 0x738e, 0x94b2, 0x31a6, 0x0000, 0x0000, 0x0000,
    0x0000, 0x0000, 0x0000, 0x31a6, 0xdedb, 0xdedb, 0xdedb, 0xad55, 0xad55, 0x94b2, 0x738e, 0x94b2, 0x31a6, 0x0000, 0x0000, 0x0000,
    0x0000, 0x0000, 0x0000, 0x0000, 0x31aa, 0x18c6, 0x39c8, 0x52ac, 0x52ac, 0x18c6, 0x18c6, 0x0000, 0x0000, 0x0000, 0x0000, 0x0000,
    0x0000, 0x0000, 0x0000, 0x0000, 0x4208, 0x4208, 0x73ae, 0x8430, 0x5aeb, 0x73ae, 0x4208, 0x4208, 0x0000, 0x0000, 0x0000, 0x0000,
    0x0000, 0x0000, 0x49a2, 0x8b24, 0x28e1, 0x0000, 0x20c1, 0x20c1, 0x3142, 0x20c1, 0x0000, 0x0000, 0x0000, 0x0000, 0x0000, 0x0000,
    0x0000, 0x0000, 0x49a2, 0x8b24, 0x28e1, 0x0000, 0x2104, 0x2104, 0x4a49, 0x2104, 0x0000, 0x0000, 0x0000, 0x0000, 0x0000, 0x0000,
    0x0000, 0x0000, 0x49a2, 0x8b24, 0x28e1, 0x0000, 0x18c3, 0x18c3, 0x4228, 0x18c3, 0x0000, 0x0000, 0x0000, 0x0000, 0x0000, 0x0000,
    0x0000, 0x0000, 0x49a2, 0x8b24, 0x28e1, 0x0000, 0x0924, 0x0924, 0x09e6, 0x0924, 0x0000, 0x0000, 0x0000, 0x0000, 0x0000, 0x0000,
    0x0000, 0x0000, 0x49a2, 0x8b24, 0x28e1, 0x0000, 0x3961, 0x3961, 0x82e2, 0x3961, 0x0000, 0x0000, 0x0000, 0x0000, 0x0000, 0x0000,
    0x0000, 0x0000, 0x0000, 0x49a2, 0x49a2, 0x28e1, 0x94b2, 0xb596, 0x31a6, 0x0000, 0x0000, 0x0000, 0x0000, 0x0000, 0x0000, 0x0000,
    0x0000, 0x0000, 0x7140, 0xb322, 0xdca2, 0xdca2, 0xffab, 0xffab, 0xffab, 0xfea9, 0xdca2, 0xb322, 0xb322, 0x7140, 0x0000, 0x0000,
    0x0000, 0x0000, 0x0000, 0x0000, 0x0000, 0x0000, 0x18a0, 0x18a0, 0x18a0, 0x18a0, 0x0000, 0x0000, 0x0000, 0x0000, 0x0000, 0x0000,
    0x0000, 0x0000, 0x0000, 0x0000, 0x0000, 0x0000, 0x18a0, 0x18a0, 0x18a0, 0x18a0, 0x0000, 0x0000, 0x0000, 0x0000, 0x0000, 0x0000,
    0x0000, 0x0000, 0x0000, 0x0000, 0x59c3, 0x59c3, 0x8aa5, 0xb388, 0xb388, 0x8aa5, 0x59c3, 0x59c3, 0x0000, 0x0000, 0x0000, 0x0000,
    0x0000, 0x0000, 0x0000, 0x31a6, 0xad55, 0xdedb, 0xdedb, 0xad55, 0x94b2, 0x94b2, 0x738e, 0x94b2, 0x31a6, 0x0000, 0x0000, 0x0000,
    0x0000, 0x0000, 0x0000, 0x31a6, 0xad55, 0xdedb, 0xdedb, 0xad55, 0x94b2, 0x94b2, 0x738e, 0x94b2, 0x31a6, 0x0000, 0x0000, 0x0000,
    0x0000, 0x0000, 0x0000, 0x31a6, 0xad55, 0xdedb, 0xdedb, 0xad55, 0x94b2, 0x94b2, 0x738e, 0x94b2, 0x31a6, 0x0000, 0x0000, 0x0000,
    0x0000, 0x0000, 0x0000, 0x31a6, 0xad55, 0xdedb, 0xdedb, 0xad55, 0x94b2, 0x94b2, 0x738e, 0x94b2, 0x31a6, 0x0000, 0x0000, 0x0000,
    0x0000, 0x0000, 0x0000, 0x0000, 0x0000, 0x0000, 0x18c6, 0x18c6, 0x18c6, 0x0000, 0x0000, 0x0000, 0x0000, 0x0000, 0x0000, 0x0000,
    0x0000, 0x0000, 0x0000, 0x0000, 0x0000, 0x0000, 0x4208, 0x4208, 0x4208, 0x4208, 0x0000, 0x0000, 0x0000, 0x0000, 0x0000, 0x0000,
    0x3142, 0x3142, 0x6a63, 0x28e1, 0x0000, 0x0000, 0x0000, 0x0000, 0x20c1, 0x20c1, 0x0000, 0x0000, 0x0000, 0x0000, 0x0000, 0x0000,
    0x4a49, 0x4a49, 0x6a63, 0x28e1, 0x0000, 0x0000, 0x0000, 0x0000, 0x2104, 0x2104, 0x0000, 0x0000, 0x0000, 0x0000, 0x0000, 0x0000,
    0x4228, 0x4228, 0x6a63, 0x28e1, 0x0000, 0x0000, 0x0000, 0x0000, 0x18c3, 0x18c3, 0x0000, 0x0000, 0x0000, 0x0000, 0x0000, 0x0000,
    0x09e6, 0x09e6, 0x6a63, 0x28e1, 0x0000, 0x0000, 0x0000, 0x0000, 0x0924, 0x0924, 0x0000, 0x0000, 0x0000, 0x0000, 0x0000, 0x0000,
    0x82e2, 0x82e2, 0x6a63, 0x28e1, 0x0000, 0x0000, 0x0000, 0x0000, 0x3961, 0x3961, 0x0000, 0x0000, 0x0000, 0x0000, 0x0000, 0x0000,
    0x0000, 0x0000, 0x49a2, 0x49a2, 0x28e1, 0x0000, 0x31a6, 0x31a6, 0x0000, 0x0000, 0x0000, 0x0000, 0x0000, 0x0000, 0x0000, 0x0000,
    0x0000, 0x0000, 0x0000, 0x7140, 0xb322, 0xdca2, 0xdca2, 0xdca2, 0xb322, 0xb322, 0xb322, 0xb322, 0x7140, 0x0000, 0x0000, 0x0000,
    0x0000, 0x0000, 0x0000, 0x0000, 0x0000, 0x0000, 0x0000, 0x0000, 0x0000, 0x0000, 0x0000, 0x0000, 0x0000, 0x0000, 0x0000, 0x0000,
    0x0000, 0x0000, 0x0000, 0x0000, 0x0000, 0x0000, 0x0000, 0x0000, 0x0000, 0x0000, 0x0000, 0x0000, 0x0000, 0x0000, 0x0000, 0x0000,
    0x0000, 0x0000, 0x0000, 0x0000, 0x0000, 0x0000, 0x59c3, 0x59c3, 0x59c3, 0x59c3, 0x0000, 0x0000, 0x0000, 0x0000, 0x0000, 0x0000,
    0x0000, 0x0000, 0x0000, 0x0000, 0x31a6, 0xad55, 0xdedb, 0xad55, 0x94b2, 0x738e, 0x94b2, 0x31a6, 0x0000, 0x0000, 0x0000, 0x0000,
    0x0000, 0x0000, 0x0000, 0x0000, 0x31a6, 0xad55, 0xdedb, 0xad55, 0x94b2, 0x738e, 0x94b2, 0x31a6, 0x0000, 0x0000, 0x0000, 0x0000,
    0x0000, 0x0000, 0x0000, 0x0000, 0x31a6, 0xad55, 0xdedb, 0xad55, 0x94b2, 0x738e, 0x94b2, 0x31a6, 0x0000, 0x0000, 0x0000, 0x0000,
    0x0000, 0x0000, 0x0000, 0x0000, 0x31a6, 0xad55, 0xdedb, 0xad55, 0x94b2, 0x738e, 0x94b2, 0x31a6, 0x0000, 0x0000, 0x0000, 0x0000,
    0x0000, 0x0000, 0x0000, 0x0000, 0x0000, 0x0000, 0x0000, 0x0000, 0x0000, 0x0000, 0x0000, 0x0000, 0x0000, 0x0000, 0x0000, 0x0000,
    0x0000, 0x0000, 0x0000, 0x0000, 0x0000, 0x0000, 0x0000, 0x0000, 0x0000, 0x0000, 0x0000, 0x0000, 0x0000, 0x0000, 0x0000, 0x0000,
    0x3142, 0x41a2, 0x20c1, 0x0000, 0x0000, 0x0000, 0x0000, 0x0000, 0x0000, 0x0000, 0x0000, 0x0000, 0x0000, 0x0000, 0x0000, 0x0000,
    0x4a49, 0x5acb, 0x2104, 0x0000, 0x0000, 0x0000, 0x0000, 0x0000, 0x0000, 0x0000, 0x0000, 0x0000, 0x0000, 0x0000, 0x0000, 0x0000,
    0x4228, 0x6b4d, 0x18c3, 0x0000, 0x0000, 0x0000, 0x0000, 0x0000, 0x0000, 0x0000, 0x0000, 0x0000, 0x0000, 0x0000, 0x0000, 0x0000,
    0x09e6, 0x130a, 0x0924, 0x0000, 0x0000, 0x0000, 0x0000, 0x0000, 0x0000, 0x0000, 0x0000, 0x0000, 0x0000, 0x0000, 0x0000, 0x0000,
    0x82e2, 0xdca2, 0x3961, 0x0000, 0x0000, 0x0000, 0x0000, 0x0000, 0x0000, 0x0000, 0x0000, 0x0000, 0x0000, 0x0000, 0x0000, 0x0000,
    0x0000, 0x0000, 0x28e1, 0x28e1, 0x0000, 0x0000, 0x0000, 0x0000, 0x0000, 0x0000, 0x0000, 0x0000, 0x0000, 0x0000, 0x0000, 0x0000,
    0x0000, 0x0000, 0x0000, 0x0000, 0x7140, 0x7140, 0xb322, 0xdca2, 0xb322, 0xb322, 0x7140, 0x7140, 0x0000, 0x0000, 0x0000, 0x0000,
    0x0000, 0x0000, 0x0000, 0x0000, 0x0000, 0x0000, 0x0000, 0x0000, 0x0000, 0x0000, 0x0000, 0x0000, 0x0000, 0x0000, 0x0000, 0x0000,
    0x0000, 0x0000, 0x0000, 0x0000, 0x0000, 0x0000, 0x0000, 0x0000, 0x0000, 0x0000, 0x0000, 0x0000, 0x0000, 0x0000, 0x0000, 0x0000,
    0x0000, 0x0000, 0x0000, 0x0000, 0x0000, 0x0000, 0x0000, 0x0000, 0x0000, 0x0000, 0x0000, 0x0000, 0x0000, 0x0000, 0x0000, 0x0000,
    0x0000, 0x0000, 0x0000, 0x0000, 0x0000, 0x31a6, 0x31a6, 0x31a6, 0x31a6, 0x31a6, 0x31a6, 0x0000, 0x0000, 0x0000, 0x0000, 0x0000,
    0x0000, 0x0000, 0x0000, 0x0000, 0x0000, 0x31a6, 0x31a6, 0x31a6, 0x31a6, 0x31a6, 0x31a6, 0x0000, 0x0000, 0x0000, 0x0000, 0x0000,
    0x0000, 0x0000, 0x0000, 0x0000, 0x0000, 0x31a6, 0x31a6, 0x31a6, 0x31a6, 0x31a6, 0x31a6, 0x0000, 0x0000, 0x0000, 0x0000, 0x0000,
    0x0000, 0x0000, 0x0000, 0x0000, 0x0000, 0x31a6, 0x31a6, 0x31a6, 0x31a6, 0x31a6, 0x31a6, 0x0000, 0x0000, 0x0000, 0x0000, 0x0000,
    0x0000, 0x0000, 0x0000, 0x0000, 0x0000, 0x0000, 0x0000, 0x0000, 0x0000, 0x0000, 0x0000, 0x0000, 0x0000, 0x0000, 0x0000, 0x0000,
    0x0000, 0x0000, 0x0000, 0x0000, 0x0000, 0x0000, 0x0000, 0x0000, 0x0000, 0x0000, 0x0000, 0x0000, 0x0000, 0x0000, 0x0000, 0x0000,
    0x20c1, 0x20c1, 0x20c1, 0x0000, 0x0000, 0x0000, 0x0000, 0x0000, 0x0000, 0x0000, 0x0000, 0x0000, 0x0000, 0x0000, 0x0000, 0x0000,
    0x2104, 0x2104, 0x2104, 0x0000, 0x0000, 0x0000, 0x0000, 0x0000, 0x0000, 0x0000, 0x0000, 0x0000, 0x0000, 0x0000, 0x0000, 0x0000,
    0x18c3, 0x18c3, 0x18c3, 0x0000, 0x0000, 0x0000, 0x0000, 0x0000, 0x0000, 0x0000, 0x0000, 0x0000, 0x0000, 0x0000, 0x0000, 0x0000,
    0x0924, 0x0924, 0x0924, 0x0000, 0x0000, 0x0000, 0x0000, 0x0000, 0x0000, 0x0000, 0x0000, 0x0000, 0x0000, 0x0000, 0x0000, 0x0000,
    0x3961, 0x3961, 0x3961, 0x0000, 0x0000, 0x0000, 0x0000, 0x0000, 0x0000, 0x0000, 0x0000, 0x0000, 0x0000, 0x0000, 0x0000, 0x0000,
    0x0000, 0x0000, 0x0000, 0x0000, 0x0000, 0x0000, 0x0000, 0x0000, 0x0000, 0x0000, 0x0000, 0x0000, 0x0000, 0x0000, 0x0000, 0x0000,
    0x0000, 0x0000, 0x0000, 0x0000, 0x0000, 0x0000, 0x7140, 0x7140, 0x7140, 0x7140, 0x0000, 0x0000, 0x0000, 0x0000, 0x0000, 0x0000,
    0x0000, 0x0000, 0x0000, 0x0000, 0x0000, 0x0000, 0x0000, 0x0000, 0x0000, 0x0000, 0x0000, 0x0000, 0x0000, 0x0000, 0x0000, 0x0000,
    0x0000, 0x0000, 0x0000, 0x0000, 0x0000, 0x0000, 0x0000, 0x0000, 0x0000, 0x0000, 0x0000, 0x0000, 0x0000, 0x0000, 0x0000, 0x0000,
    0x0000, 0x0000, 0x0000, 0x0000, 0x0000, 0x0000, 0x0000, 0x0000, 0x0000, 0x0000, 0x0000, 0x0000, 0x0000, 0x0000, 0x0000, 0x0000,
    0x0000, 0x0000, 0x0000, 0x0000, 0x0000, 0x0000, 0x0000, 0x0000, 0x0000, 0x0000, 0x0000, 0x0000, 0x0000, 0x0000, 0x0000, 0x0000,
    0x0000, 0x0000, 0x0000, 0x0000, 0x0000, 0x0000, 0x0000, 0x0000, 0x0000, 0x0000, 0x0000, 0x0000, 0x0000, 0x0000, 0x0000, 0x0000,
    0x0000, 0x0000, 0x0000, 0x0000, 0x0000, 0x0000, 0x0000, 0x0000, 0x0000, 0x0000, 0x0000, 0x0000, 0x0000, 0x0000, 0x0000, 0x0000,
    0x0000, 0x0000, 0x0000, 0x0000, 0x0000, 0x0000, 0x0000, 0x0000, 0x0000, 0x0000, 0x0000, 0x0000, 0x0000, 0x0000, 0x0000, 0x0000,
    0x0000, 0x0000, 0x0000, 0x0000, 0x0000, 0x0000, 0x0000, 0x0000, 0x0000, 0x0000, 0x0000, 0x0000, 0x0000, 0x0000, 0x0000, 0x0000,
    0x0000, 0x0000, 0x0000, 0x0000, 0x0000, 0x0000, 0x0000, 0x0000, 0x0000, 0x0000, 0x0000, 0x0000, 0x0000, 0x0000, 0x0000, 0x0000,
    0x0000, 0x0000, 0x0000, 0x0000, 0x0000, 0x0000, 0x0000, 0x0000, 0x0000, 0x0000, 0x0000, 0x0000, 0x0000, 0x0000, 0x0000, 0x0000,
    0x0000, 0x0000, 0x0000, 0x0000, 0x0000, 0x0000, 0x0000, 0x0000, 0x0000, 0x0000, 0x0000, 0x0000, 0x0000, 0x0000, 0x0000, 0x0000,
    0x0000, 0x0000, 0x0000, 0x0000, 0x0000, 0x0000, 0x0000, 0x0000, 0x0000, 0x0000, 0x0000, 0x0000, 0x0000, 0x0000, 0x0000, 0x0000,
    0x0000, 0x0000, 0x0000, 0x0000, 0x0000, 0x0000, 0x0000, 0x0000, 0x0000, 0x0000, 0x0000, 0x0000, 0x0000, 0x0000, 0x0000, 0x0000,
    0x0000, 0x0000, 0x0000, 0x0000, 0x0000, 0x0000, 0x0000, 0x0000, 0x0000, 0x0000, 0x0000, 0x0000, 0x0000, 0x0000, 0x0000, 0x0000,
    0x0000, 0x0000, 0x0000, 0x0000, 0x0000, 0x0000, 0x0000, 0x0000, 0x0000, 0x0000, 0x0000, 0x0000, 0x0000, 0x0000, 0x0000, 0x0000,
    0x0000, 0x0000, 0x0000, 0x0000, 0x0000, 0x0000, 0x0000, 0x0000, 0x0000, 0x0000, 0x0000, 0x0000, 0x0000, 0x0000, 0x0000, 0x0000,
    0x0000, 0x0000, 0x0000, 0x0000, 0x0000, 0x0000, 0x0000, 0x0000, 0x0000, 0x0000, 0x0000, 0x0000, 0x0000, 0x0000, 0x0000, 0x0000,
    0x0000, 0x0000, 0x0000, 0x0000, 0x0000, 0x0000, 0x0000, 0x0000, 0x0000, 0x0000, 0x0000, 0x0000, 0x0000, 0x0000, 0x0000, 0x0000,
    0x0000, 0x0000, 0x0000, 0x0000, 0x0000, 0x0000, 0x0000, 0x0000, 0x0000, 0x0000, 0x0000, 0x0000, 0x0000, 0x0000, 0x0000, 0x0000,
    0x0000, 0x0000, 0x0000, 0x0000, 0x0000, 0x0000, 0x0000, 0x0000, 0x0000, 0x0000, 0x0000, 0x0000, 0x0000, 0x0000, 0x0000, 0x0000,
    0x0000, 0x0000, 0x0000, 0x0000, 0x0000, 0x0000, 0x0000, 0x0000, 0x0000, 0x0000, 0x0000, 0x0000, 0x0000, 0x0000, 0x0000, 0x0000,
    0x0000, 0x0000, 0x0000, 0x0000, 0x0000, 0x0000, 0x0000, 0x0000, 0x0000, 0x0000, 0x0000, 0x0000, 0x0000, 0x0000, 0x0000, 0x0000,
    0x0000, 0x0000, 0x0000, 0x0000, 0x0000, 0x0000, 0x0000, 0x0000, 0x0000, 0x0000, 0x0000, 0x0000, 0x0000, 0x0000, 0x0000, 0x0000,
    0x0000, 0x0000, 0x0000, 0x0000, 0x0000, 0x0000, 0x0000, 0x0000, 0x0000, 0x0000, 0x0000, 0x0000, 0x0000, 0x0000, 0x0000, 0x0000,
    0x0000, 0x0000, 0x0000, 0x0000, 0x0000, 0x0000, 0x0000, 0x0000, 0x0000, 0x0000, 0x0000, 0x0000, 0x0000, 0x0000, 0x0000, 0x0000,
    0x0000, 0x0000, 0x0000, 0x0000, 0x0000, 0x0000, 0x0000, 0x0000, 0x0000, 0x0000, 0x0000, 0x0000, 0x0000, 0x0000, 0x0000, 0x0000,
    0x0000, 0x0000, 0x0000, 0x0000, 0x0000, 0x0000, 0x0000, 0x0000, 0x0000, 0x0000, 0x0000, 0x0000, 0x0000, 0x0000, 0x0000, 0x0000,
    0x0000, 0x0000, 0x0000, 0x0000, 0x0000, 0x0000, 0x0000, 0x0000, 0x0000, 0x0000, 0x0000, 0x0000, 0x0000, 0x0000, 0x0000, 0x0000,
    0x0000, 0x0000, 0x0000, 0x0000, 0x0000, 0x0000, 0x0000, 0x0000, 0x0000, 0x0000, 0x0000, 0x0000, 0x0000, 0x0000, 0x0000, 0x0000,
    0x0000, 0x0000, 0x0000, 0x0000, 0x0000, 0x0000, 0x0000, 0x0000, 0x0000, 0x0000, 0x0000, 0x0000, 0x0000, 0x0000, 0x0000, 0x0000,
    0x0000, 0x0000, 0x0000, 0x0000, 0x0000, 0x0000, 0x0000, 0x0000, 0x0000, 0x0000, 0x0000, 0x0000, 0x0000, 0x632c, 0x4228, 0x0000,
    0x0000, 0x0000, 0x0000, 0x0000, 0x0000, 0x0000, 0x0000, 0x0000, 0x0000, 0x0000, 0x0000, 0x0000, 0x0000, 0x0000, 0x0000, 0x0000,
    0x0000, 0x0000, 0x0000, 0x0000, 0x0000, 0x0000, 0x0000, 0x0000, 0x0000, 0x0000, 0x0000, 0x0000, 0x0000, 0x0000, 0x0000, 0x0000,
    0x0000, 0x0000, 0x0000, 0x0000, 0x0000, 0x0000, 0x0000, 0x0000, 0x0000, 0x0000, 0x0000, 0x0000, 0x0000, 0x0000, 0x0000, 0x0000,
    0x0000, 0x0000, 0x0000, 0x0000, 0x0000, 0x0000, 0x0000, 0x0000, 0x0000, 0x0000, 0x0000, 0xc50e, 0xb44a, 0x0000, 0x0000, 0x0000,
    0x0000, 0x0000, 0x0000, 0x0000, 0x0000, 0x0000, 0x0000, 0x0000, 0x0000, 0x0000, 0x0000, 0xac4c, 0xac4c, 0x0000, 0x0000, 0x0000,
    0x0000, 0x0000, 0x0000, 0x0000, 0x0000, 0x0000, 0x0000, 0x0000, 0x0000, 0x0000, 0x0000, 0x5a07, 0x5a07, 0x0000, 0x0000, 0x0000,
    0x0000, 0x0000, 0x0000, 0x0000, 0x0000, 0x0000, 0x0000, 0x0000, 0x0000, 0x0000, 0x0000, 0x0000, 0x0000, 0x0000, 0x0000, 0x0000,
    0x0000, 0x0000, 0x0000, 0x0000, 0x0000, 0x0000, 0x0000, 0x0000, 0x0000, 0x0000, 0x0000, 0x0000, 0x0000, 0x0000, 0x0000, 0x0000,
    0x0000, 0x0000, 0x0000, 0x0000, 0x0000, 0x0000, 0x0000, 0x0000, 0x0000, 0x0000, 0x0000, 0x0000, 0x0000, 0x0000, 0x0000, 0x0000,
    0x0000, 0x0000, 0x0000, 0x0000, 0x0000, 0x0000, 0x0000, 0x0000, 0x0000, 0x0000, 0x0000, 0x0000, 0x0000, 0x0000, 0x0000, 0x0000,
    0x0000, 0x0000, 0x0000, 0x0000, 0x0000, 0x0000, 0x0000, 0x0000, 0x0000, 0x0000, 0x0000, 0x3142, 0x3142, 0x20c1, 0x0000, 0x0000,
    0x0000, 0x0000, 0x0000, 0x0000, 0x0000, 0x0000, 0x0000, 0x0000, 0x0000, 0x0000, 0x0000, 0x4a49, 0x4a49, 0x18c3, 0x0000, 0x0000,
    0x0000, 0x0000, 0x0000, 0x0000, 0x0000, 0x0000, 0x0000, 0x0000, 0x0000, 0x0000, 0x0000, 0x4228, 0x4228, 0x18c3, 0x0000, 0x0000,
    0x0000, 0x0000, 0x0000, 0x0000, 0x0000, 0x0000, 0x0000, 0x0000, 0x0000, 0x0000, 0x0000, 0x09e6, 0x09e6, 0x0924, 0x0000, 0x0000,
    0x0000, 0x0000, 0x0000, 0x0000, 0x0000, 0x0000, 0x0000, 0x0000, 0x0000, 0x0000, 0x0000, 0x82e2, 0x82e2, 0x3961, 0x0000, 0x0000,
    0x0000, 0x0000, 0x0000, 0x0000, 0x0000, 0x0000, 0x0000, 0x0000, 0x0000, 0x0000, 0x0000, 0x0000, 0x632c, 0x49a2, 0x28e1, 0x0000,
    0x0000, 0x0000, 0x0000, 0x0000, 0x0000, 0x0000, 0x0000, 0x0000, 0x0000, 0x0000, 0x0000, 0x0000, 0x8020, 0x6000, 0x0000, 0x0000,
    0x0000, 0x0000, 0x0000, 0x0000, 0x0000, 0x0000, 0x0000, 0x0000, 0x0000, 0xa28a, 0xa28a, 0xa28a, 0xa28a, 0x0000, 0x0000, 0x0000,
    0x0000, 0x0000, 0x0000, 0x0000, 0x0000, 0x0000, 0x0000, 0x0000, 0x0000, 0x0000, 0x0000, 0x0000, 0x0000, 0x0000, 0x0000, 0x0000,
    0x0000, 0x0000, 0x0000, 0x0000, 0x0000, 0x0000, 0x0000, 0x0000, 0x0000, 0x0000, 0x0000, 0xd635, 0xd635, 0x9b69, 0x0000, 0x0000,
    0x0000, 0x0000, 0x0000, 0x0000, 0x0000, 0x0000, 0x0000, 0x0000, 0x0000, 0x0000, 0x0000, 0xac4c, 0xd635, 0xac4c, 0x0000, 0x0000,
    0x0000, 0x0000, 0x0000, 0x0000, 0x0000, 0x0000, 0x0000, 0x0000, 0x0000, 0x0000, 0x0000, 0x5a07, 0xbc91, 0x5a07, 0x0000, 0x0000,
    0x0000, 0x0000, 0x0000, 0x0000, 0x0000, 0xbb86, 0xbb86, 0xbb86, 0xbb86, 0xbb86, 0xbb86, 0x0000, 0x0000, 0x0000, 0x0000, 0x0000,
    0x0000, 0x0000, 0x0000, 0x0000, 0x0000, 0x0000, 0x0000, 0x0000, 0x69a5, 0xad55, 0xd6ba, 0xd6ba, 0xad55, 0x0000, 0x0000, 0x0000,
    0x0000, 0x0000, 0x0000, 0x0000, 0x0000, 0x0000, 0x0000, 0x0000, 0x0000, 0x0000, 0x0000, 0x0000, 0x0000, 0x0000, 0x0000, 0x0000,
    0x0000, 0x0000, 0x0000, 0x0000, 0x0000, 0x0000, 0x0000, 0x0000, 0x0000, 0x0000, 0x0000, 0x0000, 0x0000, 0x0000, 0x0000, 0x0000,
    0x0000, 0x0000, 0x0000, 0x0000, 0x0000, 0x0000, 0x0000, 0x0000, 0x0000, 0x0000, 0x3142, 0x8324, 0x8324, 0x6a83, 0x20c1, 0x0000,
    0x0000, 0x0000, 0x0000, 0x0000, 0x0000, 0x0000, 0x0000, 0x0000, 0x0000, 0x0000, 0x4a49, 0x9cd3, 0x9cd3, 0x7bef, 0x18c3, 0x0000,
    0x0000, 0x0000, 0x0000, 0x0000, 0x0000, 0x0000, 0x0000, 0x0000, 0x0000, 0x0000, 0x4228, 0xffff, 0xffff, 0xc618, 0x18c3, 0x0000,
    0x0000, 0x0000, 0x0000, 0x0000, 0x0000, 0x0000, 0x0000, 0x0000, 0x0000, 0x0000, 0x09e6, 0x3759, 0x3759, 0x2593, 0x0924, 0x0000,
    0x0000, 0x0000, 0x0000, 0x0000, 0x0000, 0x0000, 0x0000, 0x0000, 0x0000, 0x0000, 0x82e2, 0xffee, 0xffee, 0xed82, 0x3961, 0x0000,
    0x0000, 0x0000, 0x0000, 0x0000, 0x0000, 0x0000, 0x0000, 0x0000, 0x0000, 0x0000, 0x0000, 0x4228, 0x49a2, 0x6a63, 0x28e1, 0x0000,
    0x0000, 0x0000, 0x0000, 0x0000, 0x0000, 0x0000, 0x0000, 0x0000, 0x0000, 0x0000, 0x0000, 0x0000, 0x8020, 0x4021, 0x0000, 0x0000,
    0x0000, 0x0000, 0x0000, 0x0000, 0x0000, 0x0000, 0x0000, 0x0000, 0xa28a, 0xeb8e, 0xeb8e, 0xeb8e, 0xfbae, 0x81e7, 0x0000, 0x0000,
    0x0000, 0x0000, 0x0000, 0x0000, 0x0000, 0x0000, 0x0000, 0x0000, 0x0000, 0x8b46, 0x9bc8, 0x9bc8, 0x8b46, 0x0000, 0x0000, 0x0000,
    0x0000, 0x0000, 0x0000, 0x0000, 0x0000, 0x0000, 0x0000, 0x0000, 0x0000, 0x0000, 0xd635, 0xd635, 0xc50e, 0xb44a, 0x9b69, 0x0000,
    0x0000, 0x0000, 0x0000, 0x0000, 0x0000, 0x0000, 0x0000, 0x0000, 0x0000, 0x0000, 0x0000, 0xac4c, 0xd635, 0xc50e, 0xac4c, 0x0000,
    0x0000, 0x0000, 0x0000, 0x0000, 0x0000, 0x0000, 0x0000, 0x0000, 0x0000, 0x0000, 0x5a07, 0xbc91, 0xbc91, 0x9b8d, 0x3945, 0x0000,
    0x0000, 0x0000, 0x0000, 0xbb86, 0xbb86, 0x8a45, 0x4942, 0xdc07, 0xdc07, 0xdc07, 0xdc07, 0xbb86, 0xbb86, 0x0000, 0x0000, 0x0000,
    0x0000, 0x0000, 0x0000, 0x0000, 0x0000, 0x0000, 0x0000, 0x69a5, 0x738e, 0xd6ba, 0xd6ba, 0xad55, 0x0000, 0xad55, 0x0000, 0x0000,
    0x0000, 0x0000, 0x0000, 0x0000, 0x0000, 0x0000, 0x0000, 0x8146, 0x78e4, 0x0000, 0x0000, 0x0000, 0x0000, 0x0000, 0x0000, 0x0000,
    0x0000, 0x0000, 0x0000, 0x0000, 0x0000, 0x0000, 0x0000, 0x0000, 0x0000, 0x0000, 0x0000, 0x0000, 0x0000, 0x0000, 0x0000, 0x0000,
    0x0000, 0x0000, 0x0000, 0x0000, 0x0000, 0x0000, 0x0000, 0x0000, 0x0000, 0x3142, 0x8324, 0x72c4, 0x6a83, 0x8324, 0x20c1, 0x0000,
    0x0000, 0x0000, 0x0000, 0x0000, 0x0000, 0x0000, 0x0000, 0x0000, 0x0000, 0x4a49, 0x9cd3, 0x8c51, 0x7bef, 0x9cd3, 0x18c3, 0x0000,
    0x0000, 0x0000, 0x0000, 0x0000, 0x0000, 0x0000, 0x0000, 0x0000, 0x0000, 0x4228, 0xffff, 0xdedb, 0xc618, 0xffff, 0x18c3, 0x0000,
    0x0000, 0x0000, 0x0000, 0x0000, 0x0000, 0x0000, 0x0000, 0x0000, 0x0000, 0x09e6, 0x3759, 0x2e35, 0x2593, 0x3759, 0x0924, 0x0000,
    0x0000, 0x0000, 0x0000, 0x0000, 0x0000, 0x0000, 0x0000, 0x0000, 0x0000, 0x82e2, 0xffee, 0xef6a, 0xed82, 0xffee, 0x3961, 0x0000,
    0x0000, 0x0000, 0x0000, 0x0000, 0x0000, 0x0000, 0x0000, 0x0000, 0x0000, 0x0000, 0x4228, 0x49a2, 0x8b24, 0x28e1, 0x4228, 0x0000,
    0x0000, 0x0000, 0x0000, 0x0000, 0x0000, 0x0000, 0x0000, 0x0000, 0x0000, 0x0000, 0x0000, 0x0000, 0x93a8, 0x6286, 0x0000, 0x0000,
    0x0000, 0x0000, 0x0000, 0x0000, 0x0000, 0x0000, 0x0000, 0xa28a, 0xeb8e, 0xeb8e, 0xfbae, 0xfc71, 0xfc71, 0xa28a, 0x81e7, 0x0000,
    0x0000, 0x0000, 0x0000, 0x0000, 0x0000, 0x0000, 0x0000, 0x0000, 0x8b46, 0xbd2e, 0xde54, 0xbd2e, 0x9bc8, 0x5a64, 0x0000, 0x0000,
    0x0000, 0x0000, 0x0000, 0x0000, 0x0000, 0xb44a, 0xb44a, 0x0000, 0x9b69, 0x9b69, 0xc50e, 0xb44a, 0xb44a, 0x9b69, 0x9b69, 0x0000,
    0x0000, 0x0000, 0x0000, 0x0000, 0x0000, 0x0000, 0x0000, 0x0000, 0xac4c, 0xac4c, 0xac4c, 0xac4c, 0xc50e, 0xac4c, 0x9b69, 0x0000,
    0x0000, 0x0000, 0x0000, 0x0000, 0x0000, 0x5a07, 0x5a07, 0x0000, 0x61a3, 0x61a3, 0xa9a6, 0x9145, 0x9b8d, 0x3945, 0x3945, 0x0000,
    0x0000, 0x0000, 0xbb86, 0xdc07, 0xecca, 0xecca, 0xecca, 0xecca, 0xecca, 0xdc07, 0xecca, 0xecca, 0xdc07, 0x8a45, 0x0000, 0x0000,
    0x0000, 0x0000, 0x0000, 0x0000, 0x0000, 0x0000, 0x69a5, 0x8a06, 0xad55, 0xd6ba, 0xad55, 0x0000, 0xad55, 0xd6ba, 0x0000, 0x0000,
    0x0000, 0x0000, 0x0000, 0x8146, 0x8146, 0x8146, 0x8146, 0xd227, 0x8927, 0x78e4, 0x0000, 0x78e4, 0x0000, 0x0000, 0x0000, 0x0000,
    0x0000, 0x0000, 0x0000, 0x0000, 0x0000, 0x0000, 0x9a72, 0x9a72, 0x9a72, 0x9a72, 0x0000, 0x0000, 0x0000, 0x0000, 0x0000, 0x0000,
    0x0000, 0x0000, 0x0000, 0x0000, 0x0000, 0x0000, 0x0000, 0x0000, 0x3142, 0x8324, 0x72c4, 0x6a83, 0x72c4, 0x8324, 0x20c1, 0x0000,
    0x0000, 0x0000, 0x0000, 0x0000, 0x0000, 0x0000, 0x0000, 0x0000, 0x4a49, 0x9cd3, 0x8c51, 0x7bef, 0x8c51, 0x9cd3, 0x18c3, 0x0000,
    0x0000, 0x0000, 0x0000, 0x0000, 0x0000, 0x0000, 0x0000, 0x0000, 0x4228, 0xffff, 0xdedb, 0xc618, 0xdedb, 0xffff, 0x18c3, 0x0000,
    0x0000, 0x0000, 0x0000, 0x0000, 0x0000, 0x0000, 0x0000, 0x0000, 0x09e6, 0x3759, 0x2e35, 0x2593, 0x2e35, 0x3759, 0x0924, 0x0000,
    0x0000, 0x0000, 0x0000, 0x0000, 0x0000, 0x0000, 0x0000, 0x0000, 0x82e2, 0xffee, 0xef6a, 0xed82, 0xef6a, 0xffee, 0x3961, 0x0000,
    0x0000, 0x0000, 0x0000, 0x0000, 0x0000, 0x0000, 0x0000, 0x0000, 0x0000, 0x4228, 0x49a2, 0x8b24, 0x28e1, 0x0000, 0x4228, 0x0000,
    0x0000, 0x0000, 0x0000, 0x0000, 0x0000, 0x0000, 0x0000, 0x0000, 0x0000, 0x0000, 0x0000, 0x0000, 0x93a8, 0x41a4, 0x0000, 0x0000,
    0x0000, 0x0000, 0x0000, 0x0000, 0x0000, 0x0000, 0xa28a, 0xfd75, 0xfc71, 0xeb8e, 0xeb8e, 0xfbae, 0xfd75, 0xeb8e, 0x81e7, 0x0000,
    0x0000, 0x0000, 0x0000, 0x0000, 0x0000, 0x0000, 0x0000, 0x8b46, 0xbd2e, 0xc56e, 0xd611, 0xe695, 0xc56e, 0x9bc8, 0x5a64, 0x0000,
    0x0000, 0x0000, 0x0000, 0x0000, 0xb44a, 0xd635, 0xd635, 0x9b69, 0xc50e, 0xb44a, 0xc50e, 0x9b69, 0x9b69, 0x6a25, 0x6a25, 0x0000,
    0x0000, 0x0000, 0x0000, 0x0000, 0x0000, 0x0000, 0xac4c, 0xac4c, 0xe738, 0xd635, 0xd635, 0xac4c, 0xac4c, 0x9b69, 0x9b69, 0x0000,
    0x0000, 0x0000, 0x0000, 0x0000, 0x5a07, 0xbc91, 0x9b8d, 0x61a3, 0x9145, 0xa9a6, 0xba28, 0x71a6, 0x3945, 0x0000, 0x0000, 0x0000,
    0x0000, 0xbb86, 0xecca, 0xecca, 0x5163, 0xecca, 0xecca, 0x8a45, 0x4942, 0xecca, 0x8a45, 0xecca, 0xdc07, 0xecca, 0x8a45, 0x0000,
    0x0000, 0x0000, 0x0000, 0x0000, 0x0000, 0x69a5, 0xa267, 0xad55, 0xd6ba, 0xad55, 0x0000, 0xad55, 0xd6ba, 0xd6ba, 0x0000, 0x0000,
    0x0000, 0x0000, 0x8146, 0xeb6c, 0xd227, 0x8927, 0xeb6c, 0xeb6c, 0xd227, 0x8927, 0x78e4, 0xd227, 0x78e4, 0x0000, 0x0000, 0x0000,
    0x0000, 0x0000, 0x0000, 0x0000, 0x9a72, 0x9a72, 0xf5ba, 0xed39, 0xed39, 0xdc56, 0x81ab, 0x81ab, 0x0000, 0x0000, 0x0000, 0x0000,
    0x0000, 0x0000, 0x0000, 0x0000, 0x0000, 0x0000, 0x0000, 0x0000, 0x0000, 0x49a2, 0x6a83, 0x72c4, 0x8324, 0x20c1, 0x0000, 0x0000,
    0x0000, 0x0000, 0x0000, 0x0000, 0x0000, 0x0000, 0x0000, 0x0000, 0x0000, 0x49a2, 0x7bef, 0x8c51, 0x9cd3, 0x18c3, 0x0000, 0x0000,
    0x0000, 0x0000, 0x0000, 0x0000, 0x0000, 0x0000, 0x0000, 0x0000, 0x0000, 0x49a2, 0xc618, 0xdedb, 0xffff, 0x18c3, 0x0000, 0x0000,
    0x0000, 0x0000, 0x0000, 0x0000, 0x0000, 0x0000, 0x0000, 0x0000, 0x0000, 0x49a2, 0x2593, 0x2e35, 0x3759, 0x0924, 0x0000, 0x0000,
    0x0000, 0x0000, 0x0000, 0x0000, 0x0000, 0x0000, 0x0000, 0x0000, 0x0000, 0x49a2, 0xed82, 0xef6a, 0xffee, 0x3961, 0x0000, 0x0000,
    0x0000, 0x0000, 0x0000, 0x0000, 0x0000, 0x0000, 0x0000, 0x0000, 0x4228, 0x49a2, 0x8b24, 0x28e1, 0x0000, 0x0000, 0x632c, 0x0000,
    0x0000, 0x0000, 0x0000, 0x0000, 0x0000, 0x0000, 0x0000, 0x0000, 0x0000, 0x0000, 0x0000, 0x0000, 0x93a8, 0x41a4, 0x0000, 0x0000,
    0x0000, 0x0000, 0x0000, 0x0000, 0xa28a, 0xa28a, 0xfbae, 0xeb8e, 0xfc71, 0xfbae, 0xfbae, 0xfc71, 0xfd75, 0xfbae, 0x81e7, 0x0000,
    0x0000, 0x0000, 0x0000, 0x0000, 0x0000, 0x0000, 0x8b46, 0xde54, 0xd611, 0xd611, 0xcdd0, 0xde54, 0xe695, 0x9bc8, 0x5a64, 0x0000,
    0x0000, 0x0000, 0x0000, 0x0000, 0xb44a, 0xd635, 0xc50e, 0xc50e, 0xb44a, 0xc50e, 0xb44a, 0x6a25, 0x0000, 0x0000, 0x0000, 0x0000,
    0x0000, 0x0000, 0x0000, 0x0000, 0x0000, 0xac4c, 0xe738, 0xd635, 0xac4c, 0xe738, 0xe738, 0xac4c, 0x0000, 0x0000, 0x0000, 0x0000,
    0x0000, 0x0000, 0x0000, 0x0000, 0x5a07, 0x9b8d, 0xa9a6, 0xa9a6, 0xa9a6, 0xba28, 0xa9a6, 0x1944, 0x0000, 0x0000, 0x0000, 0x0000,
    0x0000, 0xdc07, 0x5163, 0xdc07, 0xecca, 0xdc07, 0xdc07, 0x5163, 0x4942, 0xecca, 0x5163, 0xdc07, 0xecca, 0xecca, 0xbb86, 0x0000,
    0x0000, 0x0000, 0x0000, 0x0000, 0x69a5, 0xa267, 0x5963, 0x738e, 0xad55, 0x0000, 0xad55, 0xd6ba, 0xd6ba, 0xad55, 0x0000, 0x0000,
    0x0000, 0x0000, 0x8146, 0xd227, 0xa968, 0xd227, 0x8927, 0xd227, 0xa968, 0x8927, 0xeb6c, 0xeb6c, 0xd227, 0x78e4, 0x0000, 0x0000,
    0x0000, 0x0000, 0x0000, 0x9a72, 0xfe5a, 0xf5ba, 0xed39, 0xfe5a, 0xf5ba, 0xdc56, 0xcbd4, 0xdc56, 0x81ab, 0x0000, 0x0000, 0x0000,
    0x0000, 0x0000, 0x0000, 0x0000, 0x0000, 0x0000, 0x0000, 0x0000, 0x49a2, 0x8b24, 0x28e1, 0x8324, 0x20c1, 0x0000, 0x0000, 0x0000,
    0x0000, 0x0000, 0x0000, 0x0000, 0x0000, 0x0000, 0x0000, 0x0000, 0x49a2, 0x8b24, 0x28e1, 0x9cd3, 0x18c3, 0x0000, 0x0000, 0x0000,
    0x0000, 0x0000, 0x0000, 0x0000, 0x0000, 0x0000, 0x0000, 0x0000, 0x49a2, 0x8b24, 0x28e1, 0xffff, 0x18c3, 0x0000, 0x0000, 0x0000,
    0x0000, 0x0000, 0x0000, 0x0000, 0x0000, 0x0000, 0x0000, 0x0000, 0x49a2, 0x8b24, 0x28e1, 0x3759, 0x0924, 0x0000, 0x0000, 0x0000,
    0x0000, 0x0000, 0x0000, 0x0000, 0x0000, 0x0000, 0x0000, 0x0000, 0x49a2, 0x8b24, 0x28e1, 0xffee, 0x3961, 0x0000, 0x0000, 0x0000,
    0x0000, 0x0000, 0x0000, 0x0000, 0x0000, 0x0000, 0x0000, 0x4228, 0x49a2, 0x8b24, 0x28e1, 0x0000, 0x0000, 0x0000, 0x632c, 0x0000,
    0x0000, 0x0000, 0x8020, 0x6000, 0x0000, 0x0000, 0x0000, 0x0000, 0xa534, 0xa534, 0x6b2d, 0x0000, 0x72e7, 0x3142, 0x0000, 0x0000,
    0x0000, 0x0000, 0x0000, 0xa28a, 0xfc71, 0xfc71, 0xeb8e, 0xeb8e, 0xfbae, 0xfbae, 0xfbae, 0xfc71, 0xfd75, 0xeb8e, 0x5124, 0x0000,
    0x0000, 0x0000, 0x0000, 0x0000, 0x0000, 0x8b46, 0xbd2e, 0xc56e, 0xe695, 0xde54, 0xd611, 0xd611, 0xcdd0, 0x9bc8, 0x5a64, 0x0000,
    0x0000, 0x0000, 0x0000, 0x0000, 0x9b69, 0xb44a, 0xc50e, 0xb44a, 0xc50e, 0xb44a, 0x9b69, 0x6a25, 0x0000, 0x0000, 0x0000, 0x0000,
    0x0000, 0x0000, 0x0000, 0x0000, 0xac4c, 0xd635, 0xe738, 0xac4c, 0xd635, 0xd635, 0xd635, 0x9b69, 0x0000, 0x0000, 0x0000, 0x0000,
    0x0000, 0x0000, 0x0000, 0x0000, 0x61a3, 0xa9a6, 0xa9a6, 0xa9a6, 0xba28, 0xa9a6, 0x9145, 0x1944, 0x0000, 0x0000, 0x0000, 0x0000,
    0x0000, 0xdc07, 0xecca, 0xecca, 0xecca, 0x8a45, 0xecca, 0xdc07, 0xecca, 0xecca, 0xdc07, 0xecca, 0xecca, 0x8a45, 0xbb86, 0x0000,
    0x0000, 0x0000, 0x0000, 0x0000, 0x69a5, 0xa267, 0x5963, 0x0000, 0x0000, 0xad55, 0xd6ba, 0xad55, 0x738e, 0x5963, 0x0000, 0x0000,
    0x0000, 0x0000, 0x0000, 0x8146, 0x8927, 0xeb6c, 0xd227, 0xa968, 0x8927, 0xeb6c, 0x8927, 0xeb6c, 0xeb6c, 0x78e4, 0x0000, 0x0000,
    0x0000, 0x0000, 0x9a72, 0xfe5a, 0xed39, 0xed39, 0xf5ba, 0xf5ba, 0xed39, 0xed39, 0xdc56, 0xcbd4, 0xed39, 0x81ab, 0x0000, 0x0000,
    0x0000, 0x0000, 0x0000, 0x0000, 0x0000, 0x0000, 0x0000, 0x49a2, 0x8b24, 0x28e1, 0x0000, 0x20c1, 0x0000, 0x0000, 0x0000, 0x0000,
    0x0000, 0x0000, 0x0000, 0x0000, 0x0000, 0x0000, 0x0000, 0x49a2, 0x8b24, 0x28e1, 0x0000, 0x18c3, 0x0000, 0x0000, 0x0000, 0x0000,
    0x0000, 0x0000, 0x0000, 0x0000, 0x0000, 0x0000, 0x0000, 0x49a2, 0x8b24, 0x28e1, 0x0000, 0x18c3, 0x0000, 0x0000, 0x0000, 0x0000,
    0x0000, 0x0000, 0x0000, 0x0000, 0x0000, 0x0000, 0x0000, 0x49a2, 0x8b24, 0x28e1, 0x0000, 0x0924, 0x0000, 0x0000, 0x0000, 0x0000,
    0x0000, 0x0000, 0x0000, 0x0000, 0x0000, 0x0000, 0x0000, 0x49a2, 0x8b24, 0x28e1, 0x0000, 0x3961, 0x0000, 0x0000, 0x0000, 0x0000,
    0x0000, 0x0000, 0x0000, 0x0000, 0x0000, 0x0000, 0x4228, 0x49a2, 0x6a63, 0x28e1, 0x0000, 0x0000, 0x0000, 0x0000, 0x73ae, 0x0000,
    0x0000, 0x0000, 0x8020, 0x4021, 0x0000, 0x0000, 0xa534, 0xa534, 0x5800, 0x5800, 0xa534, 0x0000, 0x0000, 0x0000, 0x0000, 0x0000,
    0x0000, 0x0000, 0x0000, 0xa28a, 0xfbae, 0xfd75, 0xfbae, 0xeb8e, 0xeb8e, 0xfbae, 0xfd75, 0xfd75, 0xfd75, 0x81e7, 0x5124, 0x0000,
    0x0000, 0x0000, 0x0000, 0x0000, 0x8b46, 0xbd2e, 0xe695, 0xd611, 0xcdd0, 0xd611, 0xe695, 0xde54, 0xc56e, 0x9bc8, 0x5a64, 0x0000,
    0x0000, 0x0000, 0x0000, 0x9b69, 0xc50e, 0xc50e, 0xb44a, 0xd635, 0xd635, 0xc50e, 0x9b69, 0x6a25, 0x0000, 0x0000, 0x0000, 0x0000,
    0x0000, 0x0000, 0x0000, 0xac4c, 0xe738, 0xd635, 0xac4c, 0xe738, 0xe738, 0xd635, 0xcdd1, 0x9b69, 0x0000, 0x0000, 0x0000, 0x0000,
    0x0000, 0x0000, 0x0000, 0x3a68, 0x5bac, 0x5bac, 0x9145, 0xba28, 0xa9a6, 0x9145, 0x71a6, 0x1944, 0x0000, 0x0000, 0x0000, 0x0000,
    0x0000, 0xdc07, 0xecca, 0xdc07, 0xecca, 0x4942, 0xecca, 0xecca, 0xecca, 0xdc07, 0xdc07, 0xecca, 0xdc07, 0xecca, 0xbb86, 0x0000,
    0x0000, 0x0000, 0x0000, 0x69a5, 0xa267, 0x5963, 0x0000, 0x0000, 0x0000, 0x738e, 0xad55, 0x69a5, 0x5963, 0x0000, 0x0000, 0x0000,
    0x0000, 0x0000, 0x8146, 0xeb6c, 0xeb6c, 0xd227, 0xd227, 0x8927, 0xeb6c, 0xeb6c, 0xd227, 0xeb6c, 0xa968, 0x78e4, 0x0000, 0x0000,
    0x0000, 0x0000, 0x9a72, 0xf5ba, 0xed39, 0xfe5a, 0xf5ba, 0xed39, 0xed39, 0xf5ba, 0xdc56, 0xcbd4, 0xdc56, 0x81ab, 0x0000, 0x0000,
    0x0000, 0x0000, 0x0000, 0x0000, 0x0000, 0x0000, 0x49a2, 0x6a63, 0x28e1, 0x0000, 0x0000, 0x0000, 0x0000, 0x0000, 0x0000, 0x0000,
    0x0000, 0x0000, 0x0000, 0x0000, 0x0000, 0x0000, 0x49a2, 0x6a63, 0x28e1, 0x0000, 0x0000, 0x0000, 0x0000, 0x0000, 0x0000, 0x0000,
    0x0000, 0x0000, 0x0000, 0x0000, 0x0000, 0x0000, 0x49a2, 0x6a63, 0x28e1, 0x0000, 0x0000, 0x0000, 0x0000, 0x0000, 0x0000, 0x0000,
    0x0000, 0x0000, 0x0000, 0x0000, 0x0000, 0x0000, 0x49a2, 0x6a63, 0x28e1, 0x0000, 0x0000, 0x0000, 0x0000, 0x0000, 0x0000, 0x0000,
    0x0000, 0x0000, 0x0000, 0x0000, 0x0000, 0x0000, 0x49a2, 0x6a63, 0x28e1, 0x0000, 0x0000, 0x0000, 0x0000, 0x0000, 0x0000, 0x0000,
    0x0000, 0x0000, 0x0000, 0x0000, 0x0000, 0x4228, 0x49a2, 0x6a63, 0x28e1, 0x0000, 0x0000, 0x0000, 0x0000, 0x0000, 0x632c, 0x0000,
    0x0000, 0x0000, 0x93a8, 0x6286, 0xbe16, 0xa534, 0x8020, 0x8020, 0x2800, 0x2800, 0xa534, 0x0000, 0x0000, 0x0000, 0x0000, 0x0000,
    0x0000, 0x0000, 0xa28a, 0xeb8e, 0xeb8e, 0xfc71, 0xfd75, 0xeb8e, 0xfbae, 0xfd75, 0xfe38, 0xfd75, 0xeb8e, 0x81e7, 0x0000, 0x0000,
    0x0000, 0x0000, 0x0000, 0x9bc8, 0xbd2e, 0xc56e, 0xde54, 0xe695, 0xd611, 0xd611, 0xcdd0, 0xde54, 0xc56e, 0x5a64, 0x0000, 0x0000,
    0x0000, 0x0000, 0x0000, 0x9b69, 0x9b69, 0xc50e, 0xd635, 0xd635, 0xc50e, 0x9b69, 0x6a25, 0x0000, 0x0000, 0x0000, 0x0000, 0x0000,
    0x0000, 0x0000, 0x0000, 0xac4c, 0xd635, 0xac4c, 0xd635, 0xd635, 0xd635, 0xcdd1, 0x9b69, 0x0000, 0x0000, 0x0000, 0x0000, 0x0000,
    0x0000, 0x0000, 0x0000, 0x3a68, 0x3a68, 0x5bac, 0x64ae, 0x9145, 0xa9a6, 0x71a6, 0x1944, 0x0000, 0x0000, 0x0000, 0x0000, 0x0000,
    0x0000, 0x8a45, 0xdc07, 0xecca, 0xdc07, 0xecca, 0xdc07, 0x8a45, 0x4942, 0xecca, 0xecca, 0x5163, 0xecca, 0xdc07, 0x4142, 0x0000,
    0x0000, 0x0000, 0x0000, 0x69a5, 0x8a06, 0x5963, 0x0000, 0x0000, 0x69a5, 0x69a5, 0x69a5, 0x5963, 0x0000, 0x0000, 0x0000, 0x0000,
    0x0000, 0x0000, 0x8146, 0xeb6c, 0xd227, 0xd227, 0xa968, 0x8927, 0xeb6c, 0xd227, 0x8927, 0xd227, 0xa968, 0x78e4, 0x0000, 0x0000,
    0x0000, 0x0000, 0x9a72, 0xdc56, 0xf5ba, 0xed39, 0xed39, 0xed39, 0xfe5a, 0xcbd4, 0xdc56, 0xed39, 0xcbd4, 0x81ab, 0x0000, 0x0000,
    0x0000, 0x0000, 0x0000, 0x0000, 0x0000, 0x49a2, 0x8b24, 0x28e1, 0x0000, 0x0000, 0x0000, 0x0000, 0x0000, 0x0000, 0x0000, 0x0000,
    0x0000, 0x0000, 0x0000, 0x0000, 0x0000, 0x49a2, 0x8b24, 0x28e1, 0x0000, 0x0000, 0x0000, 0x0000, 0x0000, 0x0000, 0x0000, 0x0000,
    0x0000, 0x0000, 0x0000, 0x0000, 0x0000, 0x49a2, 0x8b24, 0x28e1, 0x0000, 0x0000, 0x0000, 0x0000, 0x0000, 0x0000, 0x0000, 0x0000,
    0x0000, 0x0000, 0x0000, 0x0000, 0x0000, 0x49a2, 0x8b24, 0x28e1, 0x0000, 0x0000, 0x0000, 0x0000, 0x0000, 0x0000, 0x0000, 0x0000,
    0x0000, 0x0000, 0x0000, 0x0000, 0x0000, 0x49a2, 0x8b24, 0x28e1, 0x0000, 0x0000, 0x0000, 0x0000, 0x0000, 0x0000, 0x0000, 0x0000,
    0x0000, 0x0000, 0x0000, 0x0000, 0x0000, 0x49a2, 0x6a63, 0x28e1, 0x0000, 0x0000, 0x0000, 0x0000, 0x0000, 0x632c, 0x0000, 0x0000,
    0x0000, 0x0000, 0x93a8, 0x41a4, 0x5800, 0x8020, 0x6000, 0x2800, 0xa534, 0xa534, 0x6b2d, 0x0000, 0x0000, 0x0000, 0x0000, 0x0000,
    0x0000, 0x0000, 0xa28a, 0xeb8e, 0xeb8e, 0xfbae, 0xfd75, 0xfe38, 0xfd75, 0xfe38, 0xfd75, 0xeb8e, 0x81e7, 0x5124, 0x0000, 0x0000,
    0x0000, 0x0000, 0x9bc8, 0xbd2e, 0xde54, 0xcdd0, 0xd611, 0xd611, 0xde54, 0xcdd0, 0xc56e, 0x9bc8, 0x9bc8, 0x5a64, 0x0000, 0x0000,
    0x0000, 0x0000, 0x9b69, 0xc50e, 0xc50e, 0x9b69, 0xc50e, 0xb44a, 0x9b69, 0x9b69, 0x6a25, 0x0000, 0x0000, 0x0000, 0x0000, 0x0000,
    0x0000, 0x0000, 0x9b69, 0x9b69, 0x9b69, 0xc50e, 0xe738, 0xd635, 0xcdd1, 0x9b69, 0x0000, 0x0000, 0x0000, 0x0000, 0x0000, 0x0000,
    0x0000, 0x0000, 0x3a68, 0x5bac, 0x5bac, 0x3a68, 0x5bac, 0x5bac, 0x71a6, 0x71a6, 0x1944, 0x0000, 0x0000, 0x0000, 0x0000, 0x0000,
    0x0000, 0x4142, 0x8a45, 0xdc07, 0x5163, 0xecca, 0xecca, 0xecca, 0xecca, 0xecca, 0xecca, 0xecca, 0xdc07, 0x8a45, 0x4142, 0x0000,
    0x0000, 0x0000, 0x0000, 0xad55, 0xad55, 0x69a5, 0x69a5, 0x69a5, 0x8a06, 0x8a06, 0x5963, 0x0000, 0x0000, 0x0000, 0x0000, 0x0000,
    0x0000, 0x0000, 0x8146, 0xd227, 0xa968, 0xa968, 0x8927, 0x8927, 0xd227, 0xd227, 0x8927, 0xa968, 0x8927, 0x78e4, 0x0000, 0x0000,
    0x0000, 0x0000, 0x0000, 0x9a72, 0xdc56, 0xdc56, 0xf5ba, 0xf5ba, 0xdc56, 0xdc56, 0xcbd4, 0xcbd4, 0x81ab, 0x0000, 0x0000, 0x0000,
    0x0000, 0x0000, 0x0000, 0x0000, 0x49a2, 0x6a63, 0x28e1, 0x0000, 0x0000, 0x0000, 0x0000, 0x0000, 0x0000, 0x0000, 0x0000, 0x0000,
    0x0000, 0x0000, 0x0000, 0x0000, 0x49a2, 0x6a63, 0x28e1, 0x0000, 0x0000, 0x0000, 0x0000, 0x0000, 0x0000, 0x0000, 0x0000, 0x0000,
    0x0000, 0x0000, 0x0000, 0x0000, 0x49a2, 0x6a63, 0x28e1, 0x0000, 0x0000, 0x0000, 0x0000, 0x0000, 0x0000, 0x0000, 0x0000, 0x0000,
    0x0000, 0x0000, 0x0000, 0x0000, 0x49a2, 0x6a63, 0x28e1, 0x0000, 0x0000, 0x0000, 0x0000, 0x0000, 0x0000, 0x0000, 0x0000, 0x0000,
    0x0000, 0x0000, 0x0000, 0x0000, 0x49a2, 0x6a63, 0x28e1, 0x0000, 0x0000, 0x0000, 0x0000, 0x0000, 0x0000, 0x0000, 0x0000, 0x0000,
    0x0000, 0x0000, 0x0000, 0x0000, 0x49a2, 0x6a63, 0xb596, 0xb596, 0x31a6, 0x0000, 0x0000, 0x0000, 0x0000, 0x4228, 0x0000, 0x0000,
    0x0000, 0xbe16, 0x93a8, 0x41a4, 0x2800, 0x2800, 0xbe16, 0xbe16, 0x6b2d, 0x0000, 0x0000, 0x0000, 0x0000, 0x0000, 0x0000, 0x0000,
    0x0000, 0x0000, 0xa28a, 0xeb8e, 0xfbae, 0xfbae, 0xfe38, 0xfe38, 0xfe38, 0xfd75, 0xeb8e, 0x81e7, 0x5124, 0x0000, 0x0000, 0x0000,
    0x0000, 0x0000, 0x9bc8, 0xc56e, 0xc56e, 0xe695, 0xcdd0, 0xd611, 0xcdd0, 0xc56e, 0x9bc8, 0x8305, 0x5a64, 0x0000, 0x0000, 0x0000,
    0x0000, 0x0000, 0x9b69, 0x0841, 0xc50e, 0xb44a, 0xc50e, 0x9b69, 0x9b69, 0x6a25, 0x0000, 0x0000, 0x0000, 0x0000, 0x0000, 0x0000,
    0x0000, 0x0000, 0x9b69, 0x0841, 0xc50e, 0x9b69, 0xcdd1, 0xcdd1, 0x9b69, 0x0000, 0x0000, 0x0000, 0x0000, 0x0000, 0x0000, 0x0000,
    0x0000, 0x0000, 0x3a68, 0x10a2, 0x4b0a, 0x4b0a, 0x5bac, 0x3a68, 0x71a6, 0x1944, 0x0000, 0x0000, 0x0000, 0x0000, 0x0000, 0x0000,
    0x0000, 0x0000, 0x4142, 0x8a45, 0xbb86, 0xdc07, 0xdc07, 0xdc07, 0xdc07, 0x4942, 0xdc07, 0xbb86, 0x8a45, 0x4142, 0x0000, 0x0000,
    0x0000, 0x0000, 0xad55, 0x0000, 0x0000, 0x738e, 0x8a06, 0x8a06, 0x5963, 0x5963, 0x0000, 0x0000, 0x0000, 0x0000, 0x0000, 0x0000,
    0x0000, 0x0000, 0x0000, 0x78e4, 0x8927, 0x8927, 0xd227, 0xd227, 0x8927, 0xd227, 0xa968, 0x8927, 0x78e4, 0x0000, 0x0000, 0x0000,
    0x0000, 0x0000, 0x0000, 0x0000, 0x81ab, 0x81ab, 0xdc56, 0xed39, 0xcbd4, 0xdc56, 0x81ab, 0x81ab, 0x0000, 0x0000, 0x0000, 0x0000,
    0x0000, 0x0000, 0x49a2, 0x49a2, 0x8b24, 0x28e1, 0x0000, 0x0000, 0x0000, 0x0000, 0x0000, 0x0000, 0x0000, 0x0000, 0x0000, 0x0000,
    0x0000, 0x0000, 0x49a2, 0x49a2, 0x8b24, 0x28e1, 0x0000, 0x0000, 0x0000, 0x0000, 0x0000, 0x0000, 0x0000, 0x0000, 0x0000, 0x0000,
    0x0000, 0x0000, 0x49a2, 0x49a2, 0x8b24, 0x28e1, 0x0000, 0x0000, 0x0000, 0x0000, 0x0000, 0x0000, 0x0000, 0x0000, 0x0000, 0x0000,
    0x0000, 0x0000, 0x49a2, 0x49a2, 0x8b24, 0x28e1, 0x0000, 0x0000, 0x0000, 0x0000, 0x0000, 0x0000, 0x0000, 0x0000, 0x0000, 0x0000,
    0x0000, 0x0000, 0x49a2, 0x49a2, 0x8b24, 0x28e1, 0x0000, 0x0000, 0x0000, 0x0000, 0x0000, 0x0000, 0x0000, 0x0000, 0x0000, 0x0000,
    0x0000, 0x0000, 0x0000, 0x49a2, 0x49a2, 0x28e1, 0x94b2, 0xb596, 0x31a6, 0x0000, 0x0000, 0x0000, 0x4228, 0x0000, 0x0000, 0x0000,
    0x0000, 0xbe16, 0x72e7, 0x3142, 0xbe16, 0xbe16, 0xa534, 0x0000, 0x0000, 0x0000, 0x0000, 0x0000, 0x0000, 0x0000, 0x0000, 0x0000,
    0x0000, 0x0000, 0x0000, 0x81e7, 0xa28a, 0xfd75, 0xfe38, 0xfe38, 0xfc71, 0x81e7, 0x5124, 0x5124, 0x0000, 0x0000, 0x0000, 0x0000,
    0x0000, 0x0000, 0x0000, 0x9bc8, 0xbd2e, 0xde54, 0xe695, 0xc56e, 0x9bc8, 0x8b46, 0x8305, 0x5a64, 0x0000, 0x0000, 0x0000, 0x0000,
    0x0000, 0x0000, 0x9b69, 0xc50e, 0xc50e, 0xc50e, 0x9b69, 0x9b69, 0x6a25, 0x0000, 0x0000, 0x0000, 0x0000, 0x0000, 0x0000, 0x0000,
    0x0000, 0x0000, 0x9b69, 0xc50e, 0xc50e, 0xb44a, 0x9b69, 0x9b69, 0x0000, 0x0000, 0x0000, 0x0000, 0x0000, 0x0000, 0x0000, 0x0000,
    0x0000, 0x0000, 0x3a68, 0x4b0a, 0x0000, 0x5a07, 0x3a68, 0x3a68, 0x1944, 0x0000, 0x0000, 0x0000, 0x0000, 0x0000, 0x0000, 0x0000,
    0x0000, 0x0000, 0x0000, 0x4142, 0x4142, 0x8a45, 0xbb86, 0xbb86, 0xbb86, 0xbb86, 0x8a45, 0x4142, 0x4142, 0x0000, 0x0000, 0x0000,
    0x0000, 0x0000, 0x738e, 0x0000, 0x0000, 0x4208, 0x5963, 0x5963, 0x0000, 0x0000, 0x0000, 0x0000, 0x0000, 0x0000, 0x0000, 0x0000,
    0x0000, 0x0000, 0x0000, 0x0000, 0x78e4, 0xa968, 0xd227, 0xa968, 0x8927, 0xa968, 0x78e4, 0x78e4, 0x0000, 0x0000, 0x0000, 0x0000,
    0x0000, 0x0000, 0x0000, 0x0000, 0x0000, 0x0000, 0x81ab, 0x81ab, 0x81ab, 0x81ab, 0x0000, 0x0000, 0x0000, 0x0000, 0x0000, 0x0000,
    0x0000, 0x0000, 0x49a2, 0x8b24, 0x28e1, 0x0000, 0x0000, 0x0000, 0x0000, 0x0000, 0x0000, 0x0000, 0x0000, 0x0000, 0x0000, 0x0000,
    0x0000, 0x0000, 0x49a2, 0x8b24, 0x28e1, 0x0000, 0x0000, 0x0000, 0x0000, 0x0000, 0x0000, 0x0000, 0x0000, 0x0000, 0x0000, 0x0000,
    0x0000, 0x0000, 0x49a2, 0x8b24, 0x28e1, 0x0000, 0x0000, 0x0000, 0x0000, 0x0000, 0x0000, 0x0000, 0x0000, 0x0000, 0x0000, 0x0000,
    0x0000, 0x0000, 0x49a2, 0x8b24, 0x28e1, 0x0000, 0x0000, 0x0000, 0x0000, 0x0000, 0x0000, 0x0000, 0x0000, 0x0000, 0x0000, 0x0000,
    0x0000, 0x0000, 0x49a2, 0x8b24, 0x28e1, 0x0000, 0x0000, 0x0000, 0x0000, 0x0000, 0x0000, 0x0000, 0x0000, 0x0000, 0x0000, 0x0000,
    0x0000, 0x0000, 0x49a2, 0x49a2, 0x28e1, 0x0000, 0x31a6, 0x31a6, 0x0000, 0x0000, 0xffff, 0x0000, 0xffff, 0x0000, 0x0000, 0x0000,
    0x0000, 0xa534, 0xbe16, 0xbe16, 0xa534, 0x0000, 0x0000, 0x0000, 0x0000, 0x0000, 0x0000, 0x0000, 0x0000, 0x0000, 0x0000, 0x0000,
    0x0000, 0x0000, 0x0000, 0x81e7, 0x81e7, 0xa28a, 0xfd75, 0xfbae, 0x81e7, 0x5124, 0x0000, 0x0000, 0x0000, 0x0000, 0x0000, 0x0000,
    0x0000, 0x0000, 0x0000, 0x8b46, 0x9bc8, 0x9bc8, 0x9bc8, 0x9bc8, 0x8b46, 0x5a64, 0x0000, 0x0000, 0x0000, 0x0000, 0x0000, 0x0000,
    0x0000, 0x0000, 0x6a25, 0xb44a, 0xb44a, 0x9b69, 0x6a25, 0x6a25, 0x0000, 0x0000, 0x0000, 0x0000, 0x0000, 0x0000, 0x0000, 0x0000,
    0x0000, 0x0000, 0x9b69, 0xb44a, 0xb44a, 0x6a25, 0x0000, 0x0000, 0x0000, 0x0000, 0x0000, 0x0000, 0x0000, 0x0000, 0x0000, 0x0000,
    0x0000, 0x0000, 0x3a68, 0x0000, 0x0000, 0x9b8d, 0x5a07, 0x1944, 0x0000, 0x0000, 0x0000, 0x0000, 0x0000, 0x0000, 0x0000, 0x0000,
    0x0000, 0x0000, 0x0000, 0x0000, 0x0000, 0x4142, 0x4142, 0x4142, 0x4142, 0x4142, 0x4142, 0x0000, 0x0000, 0x0000, 0x0000, 0x0000,
    0x0000, 0x0000, 0x0000, 0x4208, 0x4208, 0x0000, 0x0000, 0x0000, 0x0000, 0x0000, 0x0000, 0x0000, 0x0000, 0x0000, 0x0000, 0x0000,
    0x0000, 0x0000, 0x0000, 0x0000, 0x0000, 0x78e4, 0x78e4, 0x78e4, 0x78e4, 0x78e4, 0x0000, 0x0000, 0x0000, 0x0000, 0x0000, 0x0000,
    0x0000, 0x0000, 0x0000, 0x0000, 0x0000, 0x0000, 0x0000, 0x0000, 0x0000, 0x0000, 0x0000, 0x0000, 0x0000, 0x0000, 0x0000, 0x0000,
    0x0000, 0x0000, 0x0000, 0x28e1, 0x28e1, 0x0000, 0x0000, 0x0000, 0x0000, 0x0000, 0x0000, 0x0000, 0x0000, 0x0000, 0x0000, 0x0000,
    0x0000, 0x0000, 0x0000, 0x28e1, 0x28e1, 0x0000, 0x0000, 0x0000, 0x0000, 0x0000, 0x0000, 0x0000, 0x0000, 0x0000, 0x0000, 0x0000,
    0x0000, 0x0000, 0x0000, 0x28e1, 0x28e1, 0x0000, 0x0000, 0x0000, 0x0000, 0x0000, 0x0000, 0x0000, 0x0000, 0x0000, 0x0000, 0x0000,
    0x0000, 0x0000, 0x0000, 0x28e1, 0x28e1, 0x0000, 0x0000, 0x0000, 0x0000, 0x0000, 0x0000, 0x0000, 0x0000, 0x0000, 0x0000, 0x0000,
    0x0000, 0x0000, 0x0000, 0x28e1, 0x28e1, 0x0000, 0x0000, 0x0000, 0x0000, 0x0000, 0x0000, 0x0000, 0x0000, 0x0000, 0x0000, 0x0000,
    0x0000, 0x0000, 0x28e1, 0x28e1, 0x0000, 0x0000, 0x0000, 0x0000, 0x0000, 0x0000, 0x94b2, 0xffff, 0x0000, 0x0000, 0x0000, 0x0000,
    0x0000, 0x0000, 0x0000, 0x0000, 0x0000, 0x0000, 0x0000, 0x0000, 0x0000, 0x0000, 0x0000, 0x0000, 0x0000, 0x0000, 0x0000, 0x0000,
    0x0000, 0x0000, 0x0000, 0x0000, 0x0000, 0x5124, 0x5124, 0x5124, 0x5124, 0x0000, 0x0000, 0x0000, 0x0000, 0x0000, 0x0000, 0x0000,
    0x0000, 0x0000, 0x0000, 0x0000, 0x0000, 0x5a64, 0x5a64, 0x5a64, 0x5a64, 0x0000, 0x0000, 0x0000, 0x0000, 0x0000, 0x0000, 0x0000,
    0x0000, 0x0000, 0x0000, 0x6a25, 0x6a25, 0x6a25, 0x0000, 0x0000, 0x0000, 0x0000, 0x0000, 0x0000, 0x0000, 0x0000, 0x0000, 0x0000,
    0x0000, 0x0000, 0x0000, 0x6a25, 0x6a25, 0x6a25, 0x0000, 0x0000, 0x0000, 0x0000, 0x0000, 0x0000, 0x0000, 0x0000, 0x0000, 0x0000,
    0x0000, 0x0000, 0x0000, 0x0000, 0x9b8d, 0x9b8d, 0x0000, 0x0000, 0x0000, 0x0000, 0x0000, 0x0000, 0x0000, 0x0000, 0x0000, 0x0000,
    0x0000, 0x0000, 0x0000, 0x0000, 0x0000, 0x0000, 0x0000, 0x0000, 0x0000, 0x0000, 0x0000, 0x0000, 0x0000, 0x0000, 0x0000, 0x0000,
    0x0000, 0x0000, 0x0000, 0x0000, 0x0000, 0x0000, 0x0000, 0x0000, 0x0000, 0x0000, 0x0000, 0x0000, 0x0000, 0x0000, 0x0000, 0x0000,
    0x0000, 0x0000, 0x0000, 0x0000, 0x0000, 0x0000, 0x0000, 0x0000, 0x0000, 0x0000, 0x0000, 0x0000, 0x0000, 0x0000, 0x0000, 0x0000,
    0x0000, 0x0000, 0x0000, 0x0000, 0x0000, 0x0000, 0x0000, 0x0000, 0x0000, 0x0000, 0x0000, 0x0000, 0x0000, 0x0000, 0x0000, 0x0000,
    0x0000, 0x0000, 0x0000, 0x0000, 0x0000, 0x0000, 0x0000, 0x0000, 0x0000, 0x0000, 0x0000, 0x0000, 0x0000, 0x0000, 0x0000, 0x0000,
    0x0000, 0x0000, 0x0000, 0x0000, 0x0000, 0x0000, 0x0000, 0x0000, 0x0000, 0x0000, 0x0000, 0x0000, 0x0000, 0x0000, 0x0000, 0x0000,
    0x0000, 0x0000, 0x0000, 0x0000, 0x0000, 0x0000, 0x0000, 0x0000, 0x0000, 0x0000, 0x0000, 0x0000, 0x0000, 0x0000, 0x0000, 0x0000,
    0x0000, 0x0000, 0x0000, 0x0000, 0x0000, 0x0000, 0x0000, 0x0000, 0x0000, 0x0000, 0x0000, 0x0000, 0x0000, 0x0000, 0x0000, 0x0000,
    0x0000, 0x0000, 0x0000, 0x0000, 0x0000, 0x0000, 0x0000, 0x0000, 0x0000, 0x0000, 0x0000, 0x0000, 0x0000, 0x0000, 0x0000, 0x0000,
    0x0000, 0x0000, 0x0000, 0x0000, 0x0000, 0x0000, 0x0000, 0x0000, 0x0000, 0x0000, 0x0000, 0x0000, 0x0000, 0x0000, 0x0000, 0x0000,
    0x0000, 0x0000, 0x0000, 0x0000, 0x0000, 0x0000, 0x0000, 0x0000, 0x0000, 0x0000, 0x0000, 0x0000, 0x0000, 0x0000, 0x0000, 0x0000,
    0x0000, 0x0000, 0x0000, 0x0000, 0x0000, 0x0000, 0x0000, 0x0000, 0x0000, 0x0000, 0x0000, 0x0000, 0x0000, 0x0000, 0x0000, 0x0000,
    0x0000, 0x0000, 0x0000, 0x0000, 0x0000, 0x0000, 0x0000, 0x0000, 0x0000, 0x0000, 0x0000, 0x0000, 0x0000, 0x0000, 0x0000, 0x0000,
    0x0000, 0x0000, 0x0000, 0x0000, 0x0000, 0x0000, 0x0000, 0x0000, 0x0000, 0x0000, 0x0000, 0x0000, 0x0000, 0x0000, 0x0000, 0x0000,
    0x0000, 0x0000, 0x0000, 0x0000, 0x0000, 0x0000, 0x0000, 0x0000, 0x0000, 0x0000, 0x0000, 0x0000, 0x0000, 0x0000, 0x0000, 0x0000,
    0x0000, 0x0000, 0x0000, 0x0000, 0x0000, 0x0000, 0x0000, 0x0000, 0x0000, 0x0000, 0x0000, 0x0000, 0x0000, 0x0000, 0x0000, 0x0000,
    0x0000, 0x0000, 0x0000, 0x0000, 0x0000, 0x0000, 0x0000, 0x0000, 0x0000, 0x0000, 0x0000, 0x0000, 0x0000, 0x0000, 0x0000, 0x0000,
    0x0000, 0x0000, 0x0000, 0x0000, 0x0000, 0x0000, 0x0000, 0x0000, 0x0000, 0x0000, 0x0000, 0x0000, 0x0000, 0x0000, 0x0000, 0x0000,
    0x0000, 0x0000, 0x0000, 0x0000, 0x0000, 0x0000, 0x0000, 0x0000, 0x0000, 0x0000, 0x0000, 0x0000, 0x0000, 0x0000, 0x0000, 0x0000,
    0x0000, 0x0000, 0x0000, 0x0000, 0x0000, 0x0000, 0x0000, 0x0000, 0x0000, 0x0000, 0x0000, 0x0000, 0x0000, 0x0000, 0x0000, 0x0000,
    0x0000, 0x0000, 0x0000, 0x0000, 0x0000, 0x0000, 0x0000, 0x0000, 0x0000, 0x0000, 0x0000, 0x0000, 0x0000, 0x0000, 0x0000, 0x0000,
    0x0000, 0x0000, 0x0000, 0x0000, 0x0000, 0x0000, 0x0000, 0x0000, 0x0000, 0x0000, 0x0000, 0x0000, 0x0000, 0x0000, 0x0000, 0x0000,
    0x0000, 0x0000, 0x0000, 0x0000, 0x0000, 0x0000, 0x0000, 0x0000, 0x0000, 0x0000, 0x0000, 0x0000, 0x0000, 0x0000, 0x0000, 0x0000,
    0x0000, 0x0000, 0x0000, 0x0000, 0x0000, 0x0000, 0x0000, 0x0000, 0x0000, 0x0000, 0x0000, 0x0000, 0x0000, 0x0000, 0x0000, 0x0000,
    0x0000, 0x0000, 0x0000, 0x0000, 0x0000, 0x0000, 0x0000, 0x0000, 0x0000, 0x0000, 0x0000, 0x0000, 0x0000, 0x0000, 0x0000, 0x0000,
    0x0000, 0xffff, 0x0000, 0x0000, 0x0000, 0x0000, 0x0000, 0x0000, 0x0000, 0x0000, 0x0000, 0x0000, 0x0000, 0x0000, 0x0000, 0x0000,
    0x0000, 0x0000, 0x0000, 0x0000, 0x0000, 0x0000, 0x0000, 0x0000, 0x0000, 0x0000, 0x0000, 0x0000, 0x0000, 0x0000, 0x0000, 0x0000,
    0x0000, 0x0000, 0x0000, 0x0000, 0x0000, 0x0000, 0x0000, 0x0000, 0x0000, 0x0000, 0x0000, 0x0000, 0x0000, 0x0000, 0x0000, 0x0000,
    0x0000, 0x0000, 0x0000, 0x0000, 0x0000, 0x0000, 0x0000, 0x0000, 0x0000, 0x0000, 0x0000, 0x0000, 0x0000, 0x0000, 0x0000, 0x0000,
    0x0000, 0x0000, 0x0000, 0x0000, 0x0000, 0x0000, 0x0000, 0x0000, 0x0000, 0x0000, 0x0000, 0x0000, 0x0000, 0x0000, 0x0000, 0x0000,
    0x0000, 0x0000, 0x0000, 0x0000, 0x0000, 0x0000, 0x0000, 0x0000, 0x0000, 0x0000, 0x0000, 0x0000, 0x0000, 0x0000, 0x0000, 0x0000,
    0x0000, 0x0000, 0x0000, 0x0000, 0x0000, 0x0000, 0x0000, 0x0000, 0x0000, 0x0000, 0x0000, 0x0000, 0x0000, 0x0000, 0x0000, 0x0000,
    0x0000, 0x0000, 0x0000, 0x0000, 0x0000, 0x0000, 0x0000, 0x0000, 0x0000, 0x0000, 0x0000, 0x0000, 0x0000, 0x0000, 0x0000, 0x0000,
    0x0000, 0x0000, 0x0000, 0x0000, 0x0000, 0x0000, 0x0000, 0x0000, 0x0000, 0x0000, 0x0000, 0x0000, 0x0000, 0x0000, 0x0000, 0x0000,
    0x0000, 0x0000, 0x0000, 0x0000, 0x0000, 0x0000, 0x0000, 0x0000, 0x0000, 0x0000, 0x0000, 0x0000, 0x0000, 0x0000, 0x0000, 0x0000,
    0x0000, 0x0000, 0x0000, 0x0000, 0x0000, 0x0000, 0x0000, 0x0000, 0x0000, 0x0000, 0x0000, 0x0000, 0x0000, 0x0000, 0x0000, 0x0000,
    0x0000, 0x0000, 0x0000, 0x0000, 0x0000, 0x0000, 0x0000, 0x0000, 0x0000, 0x0000, 0x0000, 0x0000, 0x0000, 0x0000, 0x0000, 0x0000,
    0x0000, 0x0000, 0x0000, 0x0000, 0x0000, 0x0000, 0x0000, 0x0000, 0x0000, 0x0000, 0x0000, 0x0000, 0x0000, 0x0000, 0x0000, 0x0000,
    0x0000, 0x0000, 0x0000, 0x0000, 0x0000, 0x0000, 0x0000, 0x0000, 0x0000, 0x0000, 0x0000, 0x0000, 0x0000, 0x0000, 0x0000, 0x0000,
    0x0000, 0x0000, 0x0000, 0x0000, 0x0000, 0x0000, 0x0000, 0x0000, 0x0000, 0x0000, 0x0000, 0x0000, 0x0000, 0x0000, 0x0000, 0x0000,
    0x0000, 0x0000, 0x0000, 0x0000, 0x0000, 0x0000, 0x0000, 0x0000, 0x0000, 0x0000, 0x0000, 0x0000, 0x0000, 0x0000, 0x0000, 0x0000,
    0x0000, 0xb596, 0xdedb, 0x0000, 0x0000, 0x0000, 0x0000, 0x0000, 0x0000, 0x0000, 0x0000, 0x49a2, 0x49a2, 0x49a2, 0x49a2, 0x0000,
    0x0000, 0x0000, 0x0000, 0x0000, 0x0000, 0x0000, 0x0000, 0x0000, 0x0000, 0x0000, 0x0000, 0x0000, 0x0000, 0x632c, 0x4228, 0x0000,
    0x0000, 0x0000, 0x0000, 0x0000, 0x0000, 0x0000, 0x5122, 0x5122, 0x5122, 0x5122, 0x0000, 0x0000, 0x0000, 0x0000, 0x0000, 0x0000,
    0x0000, 0x0000, 0x0000, 0x0000, 0x0000, 0x0000, 0x0000, 0x0000, 0x0000, 0x0000, 0x0000, 0x0000, 0x0000, 0x0000, 0x0000, 0x0000,
    0x0000, 0x0000, 0x0000, 0x0000, 0x0000, 0x0000, 0x0000, 0x0000, 0x0000, 0x0000, 0x0000, 0x0000, 0x0000, 0x0000, 0x0000, 0x0000,
    0x0000, 0x0000, 0x0000, 0x0000, 0x0000, 0x0000, 0x0000, 0x0000, 0x0000, 0x0000, 0x0000, 0x0000, 0x0000, 0x0000, 0x0000, 0x0000,
    0x0000, 0x0000, 0x0000, 0x0000, 0x0000, 0x0000, 0x0000, 0x0000, 0x0000, 0x0000, 0x0000, 0x0000, 0x0000, 0x0000, 0x0000, 0x0000,
    0x0000, 0x0000, 0x0000, 0x0000, 0x0000, 0x0000, 0x0000, 0x0000, 0x0000, 0x0000, 0x0000, 0x0000, 0xb343, 0x9aa0, 0x0000, 0x0000,
    0x0000, 0x0000, 0x0000, 0x0000, 0x0000, 0x0000, 0x0000, 0x0000, 0x0000, 0x0000, 0x0000, 0x0000, 0x0000, 0x0000, 0x0000, 0x0000,
    0x0000, 0x0000, 0x0000, 0x0000, 0x0000, 0x0000, 0x0000, 0x0000, 0x0000, 0x0000, 0x0000, 0x2a01, 0x0000, 0x0000, 0x0000, 0x0000,
    0x0000, 0x0000, 0x0000, 0x0000, 0x0000, 0x0000, 0x0000, 0x0000, 0x0000, 0x0000, 0x0000, 0x0000, 0x0000, 0x0000, 0x0000, 0x0000,
    0x0000, 0x0000, 0x0000, 0x0000, 0x0000, 0x0000, 0x3142, 0x3142, 0x3142, 0x3142, 0x3142, 0x0000, 0x0000, 0x0000, 0x0000, 0x0000,
    0x0000, 0x0000, 0x0000, 0x0000, 0x0000, 0x0000, 0x4a49, 0x4a49, 0x4a49, 0x4a49, 0x4a49, 0x0000, 0x0000, 0x0000, 0x0000, 0x0000,
    0x0000, 0x0000, 0x0000, 0x0000, 0x0000, 0x0000, 0x4228, 0x4228, 0x4228, 0x4228, 0x4228, 0x0000, 0x0000, 0x0000, 0x0000, 0x0000,
    0x0000, 0x0000, 0x0000, 0x0000, 0x0000, 0x0000, 0x09e6, 0x09e6, 0x09e6, 0x09e6, 0x09e6, 0x0000, 0x0000, 0x0000, 0x0000, 0x0000,
    0x0000, 0x0000, 0x0000, 0x0000, 0x0000, 0x0000, 0x82e2, 0x82e2, 0x82e2, 0x82e2, 0x82e2, 0x0000, 0x0000, 0x0000, 0x0000, 0x0000,
    0x0000, 0x0000, 0x28e1, 0x8b24, 0x0000, 0x0000, 0x0000, 0x0000, 0x49a2, 0x49a2, 0x49a2, 0x8b24, 0x6a63, 0x6a63, 0x8b24, 0x28e1,
    0x0000, 0x0000, 0x0000, 0x0000, 0x0000, 0x0000, 0x0000, 0x0000, 0x0000, 0x0000, 0x0000, 0x0000, 0x632c, 0x49a2, 0x28e1, 0x0000,
    0x0000, 0x0000, 0x5122, 0x5122, 0x0000, 0x5122, 0x9a45, 0xd348, 0xc2e6, 0x89c4, 0x5122, 0x0000, 0x5122, 0x5122, 0x0000, 0x0000,
    0x0000, 0x0000, 0x0000, 0x0000, 0x0000, 0x0000, 0x0000, 0x0000, 0x0000, 0x0000, 0x0000, 0x0000, 0x0000, 0x0000, 0x0000, 0x0000,
    0x0000, 0x0000, 0x0000, 0x0000, 0x0000, 0x0000, 0x0000, 0x0000, 0x0000, 0x0000, 0x0000, 0x0000, 0x0000, 0x0000, 0x0000, 0x0000,
    0x0000, 0x0000, 0x0000, 0x0000, 0x0000, 0x0000, 0x0000, 0x0000, 0x0000, 0x0000, 0x0000, 0x0000, 0x0000, 0x0000, 0x0000, 0x0000,
    0x0000, 0x0000, 0x0000, 0x0000, 0x0000, 0x0000, 0x0000, 0x09a6, 0x09a6, 0x09a6, 0x0000, 0x0000, 0x0000, 0x0000, 0x0000, 0x0000,
    0x0000, 0x0000, 0x0000, 0x0000, 0x0000, 0x0000, 0x0000, 0x0000, 0x0000, 0x0000, 0x0000, 0xab63, 0xff85, 0xbc83, 0x9180, 0x0000,
    0x0000, 0x0000, 0x0000, 0x0000, 0x9ba3, 0xb423, 0x0000, 0x0000, 0x0000, 0x0000, 0x0000, 0x0000, 0x0000, 0x0000, 0x0000, 0x0000,
    0x0000, 0x0000, 0x0000, 0x0000, 0x0000, 0x0000, 0x0000, 0x0000, 0x0000, 0x0000, 0x2a01, 0x4b43, 0x2a01, 0x2a01, 0x0000, 0x0000,
    0x0000, 0x0000, 0x0000, 0x0000, 0x0000, 0x0000, 0x0000, 0x0000, 0x0000, 0x0000, 0x0000, 0x0000, 0x0000, 0x0000, 0x0000, 0x0000,
    0x0000, 0x0000, 0x0000, 0x0000, 0x0000, 0x3142, 0x8b24, 0x72c4, 0x6a83, 0x6a83, 0x72c4, 0x3142, 0x49a2, 0x6a83, 0x0000, 0x0000,
    0x0000, 0x0000, 0x0000, 0x0000, 0x0000, 0x4a49, 0x9cd3, 0x8c51, 0x7bef, 0x7bef, 0x8c51, 0x4a49, 0x49a2, 0x6a63, 0x0000, 0x0000,
    0x0000, 0x0000, 0x0000, 0x0000, 0x0000, 0x4228, 0xffff, 0xdedb, 0xc618, 0xc618, 0xdedb, 0x4228, 0x49a2, 0x6a63, 0x0000, 0x0000,
    0x0000, 0x0000, 0x0000, 0x0000, 0x0000, 0x09e6, 0x3759, 0x2e35, 0x2593, 0x2593, 0x2e35, 0x09e6, 0x49a2, 0x6a63, 0x0000, 0x0000,
    0x0000, 0x0000, 0x0000, 0x0000, 0x0000, 0x82e2, 0xffee, 0xef6a, 0xed82, 0xed82, 0xef6a, 0x82e2, 0x49a2, 0x6a63, 0x0000, 0x0000,
    0x0000, 0x0000, 0x0000, 0x28e1, 0x8b24, 0x0000, 0x49a2, 0x49a2, 0x8b24, 0x6a63, 0x8b24, 0x28e1, 0x28e1, 0x28e1, 0x28e1, 0x0000,
    0x0000, 0x0000, 0x0000, 0x0000, 0x0000, 0x0000, 0x0000, 0x0000, 0x0000, 0x0000, 0x0000, 0x4228, 0x49a2, 0x6a63, 0x28e1, 0x0000,
    0x0000, 0x0000, 0x5122, 0x9a45, 0x5122, 0xc2e6, 0xd348, 0xd348, 0xd348, 0x9a45, 0xc2e6, 0x5122, 0x9a45, 0x38e2, 0x0000, 0x0000,
    0x0000, 0x0000, 0x0000, 0x0000, 0x0000, 0x0000, 0x0000, 0x0000, 0x0000, 0x0000, 0x0000, 0x0000, 0x0000, 0x0000, 0x0000, 0x0000,
    0x0000, 0x0000, 0x0000, 0x0000, 0x0000, 0x0000, 0x0000, 0x0000, 0x0000, 0xa8e2, 0xa8e2, 0xa8e2, 0xa8e2, 0x0000, 0x0000, 0x0000,
    0x0000, 0x0000, 0x0000, 0x0000, 0x0000, 0x0000, 0x0000, 0x0000, 0x0000, 0x4923, 0x4923, 0x4923, 0x4923, 0x0000, 0x0000, 0x0000,
    0x0000, 0x0000, 0x0000, 0x0000, 0x0000, 0x09a6, 0x09a6, 0x34d1, 0x34d1, 0x242e, 0x09a6, 0x09a6, 0x0000, 0x0000, 0x0000, 0x0000,
    0x0000, 0x0000, 0x0000, 0x0000, 0x0000, 0x0000, 0x0000, 0x0000, 0x0000, 0x0000, 0xb343, 0xffcf, 0xbc83, 0xa9e0, 0x0000, 0x0000,
    0x0000, 0x0000, 0x0000, 0x9ba3, 0xcca4, 0xdd75, 0xb984, 0x0000, 0x0000, 0x0000, 0x0000, 0x0000, 0x0000, 0x0000, 0x0000, 0x0000,
    0x0000, 0x0000, 0x0000, 0x0000, 0x0000, 0x0000, 0x0000, 0x2a01, 0x21a0, 0x2a01, 0x6425, 0x3281, 0x2a01, 0x4b43, 0x21a0, 0x0000,
    0x0000, 0x0000, 0x0000, 0x0000, 0x0000, 0x0000, 0x0000, 0x0000, 0x0000, 0x0000, 0x0000, 0x0000, 0x0000, 0x0000, 0x0000, 0x0000,
    0x0000, 0x0000, 0x0000, 0x0000, 0x0000, 0x0000, 0x3142, 0x20c1, 0x20c1, 0x20c1, 0x6a83, 0x6a83, 0x8b24, 0x28e1, 0x0000, 0x0000,
    0x0000, 0x0000, 0x0000, 0x0000, 0x0000, 0x0000, 0x4a49, 0x18c3, 0x18c3, 0x18c3, 0x7bef, 0x7bef, 0x8b24, 0x28e1, 0x0000, 0x0000,
    0x0000, 0x0000, 0x0000, 0x0000, 0x0000, 0x0000, 0x4228, 0x18c3, 0x18c3, 0x18c3, 0xc618, 0xc618, 0x8b24, 0x28e1, 0x0000, 0x0000,
    0x0000, 0x0000, 0x0000, 0x0000, 0x0000, 0x0000, 0x09e6, 0x0924, 0x0924, 0x0924, 0x2593, 0x2593, 0x8b24, 0x28e1, 0x0000, 0x0000,
    0x0000, 0x0000, 0x0000, 0x0000, 0x0000, 0x0000, 0x82e2, 0x3961, 0x3961, 0x3961, 0xed82, 0xed82, 0x8b24, 0x28e1, 0x0000, 0x0000,
    0x0000, 0x0000, 0x0000, 0x0000, 0x28e1, 0x8b24, 0x6b4d, 0x6a63, 0x28e1, 0x28e1, 0x28e1, 0x0000, 0x0000, 0x0000, 0x4228, 0x0000,
    0x0000, 0x0000, 0x0000, 0x0000, 0x0000, 0x0000, 0x0000, 0x0000, 0x0000, 0x0000, 0x4228, 0x49a2, 0x8b24, 0x28e1, 0x4228, 0x0000,
    0x0000, 0x0000, 0x0000, 0x5122, 0xc2e6, 0xc2e6, 0x9a45, 0xd348, 0xd348, 0xd348, 0xc2e6, 0x9a45, 0x38e2, 0x0000, 0x0000, 0x0000,
    0x0000, 0x0000, 0x0000, 0x0000, 0x0000, 0x0000, 0x0000, 0x0000, 0x0000, 0x5101, 0x79c3, 0x79c3, 0x79c3, 0x0000, 0x0000, 0x0000,
    0x0000, 0x0000, 0x0000, 0x0000, 0x0000, 0x0000, 0x0000, 0x0000, 0xa8e2, 0xec4e, 0xe30b, 0xe1e6, 0xe38d, 0xa8e2, 0x0000, 0x0000,
    0x0000, 0x0000, 0x0000, 0x0000, 0x0000, 0x0000, 0x0000, 0x0000, 0x4923, 0x71e5, 0x7a46, 0x71e5, 0x8a87, 0x4923, 0x0000, 0x0000,
    0x0000, 0x0000, 0x0000, 0x0000, 0x09a6, 0x34d1, 0x34d1, 0x242e, 0x12ea, 0x12ea, 0x242e, 0x242e, 0x0124, 0x0000, 0x0000, 0x0000,
    0x0000, 0x0000, 0x0000, 0x0000, 0x0000, 0x0000, 0x0000, 0x0000, 0x0000, 0xab63, 0xffcf, 0xdd64, 0xbac0, 0x0000, 0x0000, 0x0000,
    0x0000, 0x0000, 0x9ba3, 0xb423, 0xfe58, 0xb984, 0xca41, 0xb984, 0x0000, 0x0000, 0x0000, 0x0000, 0x0000, 0x0000, 0x0000, 0x0000,
    0x0000, 0x0000, 0x0000, 0x0000, 0x0000, 0x0000, 0x2a01, 0x4b43, 0x2a01, 0x6425, 0x6425, 0x2a01, 0x4b43, 0x3281, 0x21a0, 0x0000,
    0x0000, 0x0000, 0x0000, 0x0000, 0x0000, 0x0000, 0x3325, 0x3325, 0x3325, 0x3325, 0x0000, 0x0000, 0x0000, 0x0000, 0x0000, 0x0000,
    0x0000, 0x0000, 0x0000, 0x0000, 0x0000, 0x0000, 0x0000, 0x0000, 0x0000, 0x0000, 0x49a2, 0x72c4, 0x6a83, 0x20c1, 0x0000, 0x0000,
    0x0000, 0x0000, 0x0000, 0x0000, 0x0000, 0x0000, 0x0000, 0x0000, 0x0000, 0x0000, 0x49a2, 0x8c51, 0x7bef, 0x18c3, 0x0000, 0x0000,
    0x0000, 0x0000, 0x0000, 0x0000, 0x0000, 0x0000, 0x0000, 0x0000, 0x0000, 0x0000, 0x49a2, 0xdedb, 0xc618, 0x18c3, 0x0000, 0x0000,
    0x0000, 0x0000, 0x0000, 0x0000, 0x0000, 0x0000, 0x0000, 0x0000, 0x0000, 0x0000, 0x49a2, 0x2e35, 0x2593, 0x0924, 0x0000, 0x0000,
    0x0000, 0x0000, 0x0000, 0x0000, 0x0000, 0x0000, 0x0000, 0x0000, 0x0000, 0x0000, 0x49a2, 0xef6a, 0xed82, 0x3961, 0x0000, 0x0000,
    0x0000, 0x0000, 0x0000, 0x0000, 0x49a2, 0x28e1, 0x8b24, 0x6b4d, 0x0000, 0x0000, 0x0000, 0x0000, 0x0000, 0x4228, 0x0000, 0x0000,
    0x0000, 0x0000, 0x0000, 0x0000, 0x0000, 0x0000, 0x0000, 0x0000, 0x0000, 0x4228, 0x49a2, 0x8b24, 0x28e1, 0x0000, 0x4228, 0x0000,
    0x0000, 0x0000, 0x0000, 0x5122, 0x9a45, 0xd348, 0x9a45, 0xd348, 0xd348, 0x9a45, 0xc2e6, 0x89c4, 0x38e2, 0x0000, 0x0000, 0x0000,
    0x0000, 0x0000, 0x0000, 0x0000, 0x0000, 0x0000, 0x0000, 0x0000, 0x5101, 0x79c3, 0xf44b, 0xf44b, 0xdb25, 0x79c3, 0x0000, 0x0000,
    0x0000, 0x0000, 0x0000, 0x0000, 0x0000, 0x0000, 0x0000, 0xa8e2, 0xec4e, 0xe289, 0xe1e6, 0xe38d, 0xe30b, 0xe1e6, 0xa8e2, 0x0000,
    0x0000, 0x0000, 0x0000, 0x0000, 0x0000, 0x0000, 0x0000, 0x4923, 0x5163, 0x9ae8, 0x8a87, 0x61a5, 0x71e5, 0x61a5, 0x4923, 0x0000,
    0x0000, 0x0000, 0x0000, 0x09a6, 0x34d1, 0x242e, 0x8fbc, 0x2e76, 0x0a68, 0x0a68, 0x12ea, 0x12ea, 0x242e, 0x0124, 0x0000, 0x0000,
    0x0000, 0x0000, 0x0000, 0x0000, 0x0000, 0x0000, 0x0000, 0x0000, 0xb343, 0xff85, 0xbc83, 0xbac0, 0x0000, 0x0000, 0x0000, 0x0000,
    0x0000, 0x0000, 0x9ba3, 0xcca4, 0xff7c, 0xd3e2, 0xf640, 0xa8a1, 0xb984, 0x0000, 0x0000, 0x0000, 0x0000, 0x0000, 0x0000, 0x0000,
    0x0000, 0x0000, 0x0000, 0x0000, 0x0000, 0x2a01, 0x4b43, 0x2a01, 0x6425, 0x4b43, 0x2a01, 0x6425, 0x4b43, 0x21a0, 0x0000, 0x0000,
    0x0000, 0x0000, 0x0000, 0x0000, 0x3325, 0x3325, 0x86a3, 0x7622, 0x7622, 0x6561, 0x2223, 0x2223, 0x0000, 0x0000, 0x0000, 0x0000,
    0x0000, 0x0000, 0x0000, 0x0000, 0x0000, 0x0000, 0x0000, 0x0000, 0x0000, 0x49a2, 0x6a83, 0x28e1, 0x6a83, 0x72c4, 0x20c1, 0x0000,
    0x0000, 0x0000, 0x0000, 0x0000, 0x0000, 0x0000, 0x0000, 0x0000, 0x0000, 0x49a2, 0x6a63, 0x28e1, 0x7bef, 0x8c51, 0x18c3, 0x0000,
    0x0000, 0x0000, 0x0000, 0x0000, 0x0000, 0x0000, 0x0000, 0x0000, 0x0000, 0x49a2, 0x6a63, 0x28e1, 0xc618, 0xdedb, 0x18c3, 0x0000,
    0x0000, 0x0000, 0x0000, 0x0000, 0x0000, 0x0000, 0x0000, 0x0000, 0x0000, 0x49a2, 0x6a63, 0x28e1, 0x2593, 0x2e35, 0x0924, 0x0000,
    0x0000, 0x0000, 0x0000, 0x0000, 0x0000, 0x0000, 0x0000, 0x0000, 0x0000, 0x49a2, 0x6a63, 0x28e1, 0xed82, 0xef6a, 0x3961, 0x0000,
    0x0000, 0x0000, 0x0000, 0x49a2, 0x6b4d, 0x94b2, 0x28e1, 0x8b24, 0x0000, 0x0000, 0x0000, 0x0000, 0x0000, 0x4228, 0x0000, 0x0000,
    0x0000, 0x0000, 0x0000, 0x0000, 0x0000, 0x0000, 0x0000, 0x0000, 0x4228, 0x49a2, 0x8b24, 0x28e1, 0x0000, 0x0000, 0x632c, 0x0000,
    0x0000, 0x0000, 0x0000, 0x0000, 0x5122, 0xd348, 0x89c4, 0xc2e6, 0xd348, 0xc2e6, 0x9a45, 0x38e2, 0x0000, 0x0000, 0x0000, 0x0000,
    0x0000, 0x0000, 0x0000, 0x0000, 0x0000, 0x0000, 0x5101, 0x5101, 0x79c3, 0xdb25, 0xdb25, 0xa264, 0xf44b, 0xa264, 0x79c3, 0x0000,
    0x0000, 0x0000, 0x0000, 0x0000, 0x0000, 0x0000, 0xa8e2, 0xe30b, 0xe289, 0xe289, 0xe289, 0xe1e6, 0xe30b, 0xe1e6, 0x78a2, 0x0000,
    0x0000, 0x0000, 0x0000, 0x0000, 0x0000, 0x0000, 0x4923, 0x8a87, 0x8a87, 0x5163, 0x7a46, 0x8a87, 0x5163, 0x71e5, 0x28a1, 0x0000,
    0x0000, 0x0000, 0x0000, 0x09a6, 0x34d1, 0x8fbc, 0x2e76, 0x01c6, 0x01c6, 0x01c6, 0x0a68, 0x0a68, 0x12ea, 0x0124, 0x0000, 0x0000,
    0x0000, 0x0000, 0x0000, 0x0000, 0x0000, 0x0000, 0x0000, 0xab63, 0xff85, 0xbc83, 0xbac0, 0x0000, 0x0000, 0x0000, 0x0000, 0x0000,
    0x0000, 0x0000, 0x9ba3, 0xf640, 0xff7c, 0xa8a1, 0xa8a1, 0xb984, 0xc1e5, 0xb984, 0x0000, 0x0000, 0x0000, 0x0000, 0x0000, 0x0000,
    0x0000, 0x0000, 0x0000, 0x0000, 0x2a01, 0x6425, 0x6425, 0x4b43, 0x2a01, 0x2a01, 0x6425, 0x4b43, 0x3281, 0x21a0, 0x0000, 0x0000,
    0x0000, 0x0000, 0x0000, 0x3325, 0xaf27, 0x86a3, 0x7622, 0xaf27, 0x86a3, 0x7622, 0x5cc1, 0x6561, 0x2223, 0x0000, 0x0000, 0x0000,
    0x0000, 0x0000, 0x0000, 0x0000, 0x0000, 0x0000, 0x0000, 0x0000, 0x49a2, 0x8b24, 0x28e1, 0x0000, 0x20c1, 0x6a83, 0x20c1, 0x0000,
    0x0000, 0x0000, 0x0000, 0x0000, 0x0000, 0x0000, 0x0000, 0x0000, 0x49a2, 0x8b24, 0x28e1, 0x0000, 0x18c3, 0x7bef, 0x18c3, 0x0000,
    0x0000, 0x0000, 0x0000, 0x0000, 0x0000, 0x0000, 0x0000, 0x0000, 0x49a2, 0x8b24, 0x28e1, 0x0000, 0x18c3, 0xc618, 0x18c3, 0x0000,
    0x0000, 0x0000, 0x0000, 0x0000, 0x0000, 0x0000, 0x0000, 0x0000, 0x49a2, 0x8b24, 0x28e1, 0x0000, 0x0924, 0x2593, 0x0924, 0x0000,
    0x0000, 0x0000, 0x0000, 0x0000, 0x0000, 0x0000, 0x0000, 0x0000, 0x49a2, 0x8b24, 0x28e1, 0x0000, 0x3961, 0xed82, 0x3961, 0x0000,
    0x0000, 0x0000, 0x0000, 0x49a2, 0x6a63, 0x6b4d, 0x0000, 0x28e1, 0x8b24, 0x0000, 0x0000, 0x0000, 0x4228, 0x0000, 0x0000, 0x0000,
    0x0000, 0x0000, 0x0000, 0x0000, 0x0000, 0x0000, 0x0000, 0x4228, 0x49a2, 0x8b24, 0x28e1, 0x0000, 0x0000, 0x0000, 0x632c, 0x0000,
    0x0000, 0x0000, 0x0000, 0x0000, 0x5122, 0x9a45, 0xc2e6, 0xc2e6, 0xd348, 0xc2e6, 0x9a45, 0x38e2, 0x0000, 0x0000, 0x0000, 0x0000,
    0x0000, 0x0000, 0x0000, 0x79c3, 0x79c3, 0x79c3, 0xa264, 0xdb25, 0xdb25, 0xdb25, 0xdb25, 0xdb25, 0xa264, 0xdb25, 0x79c3, 0x0000,
    0x0000, 0x0000, 0x0000, 0x0000, 0xa8e2, 0xa8e2, 0xe1e6, 0xe289, 0xe289, 0xe30b, 0xe1e6, 0xe289, 0xec4e, 0xa8e2, 0x4040, 0x0000,
    0x0000, 0x0000, 0x0000, 0x0000, 0x4923, 0x4923, 0x61a5, 0x5163, 0x9ae8, 0x8a87, 0x5163, 0x7a46, 0x71e5, 0x5163, 0x28a1, 0x0000,
    0x0000, 0x0000, 0x09a6, 0x34d1, 0x242e, 0x2e76, 0x01c6, 0x0124, 0x0124, 0x0124, 0x01c6, 0x0a68, 0x0a68, 0x12ea, 0x0124, 0x0000,
    0x0000, 0x0000, 0x0000, 0x0000, 0x0000, 0x0000, 0xab63, 0xffcf, 0xbc83, 0xbac0, 0x0000, 0x0000, 0x0000, 0x0000, 0x0000, 0x0000,
    0x0000, 0x0000, 0x9ba3, 0xcca4, 0xfe58, 0xa8a1, 0xd3e2, 0xffff, 0xca41, 0xb984, 0xb984, 0x0000, 0x0000, 0x0000, 0x0000, 0x0000,
    0x0000, 0x0000, 0x0000, 0x2a01, 0x6425, 0x6425, 0x4b43, 0x2a01, 0x4b43, 0x6425, 0x6425, 0x4b43, 0x2a01, 0x4b43, 0x21a0, 0x0000,
    0x0000, 0x0000, 0x3325, 0xaf27, 0x7622, 0x7622, 0x86a3, 0x86a3, 0x7622, 0x7622, 0x6561, 0x5cc1, 0x7622, 0x2223, 0x0000, 0x0000,
    0x0000, 0x0000, 0x0000, 0x0000, 0x0000, 0x0000, 0x0000, 0x49a2, 0x6a83, 0x28e1, 0x0000, 0x0000, 0x20c1, 0x6a83, 0x20c1, 0x0000,
    0x0000, 0x0000, 0x0000, 0x0000, 0x0000, 0x0000, 0x0000, 0x49a2, 0x6a63, 0x28e1, 0x0000, 0x0000, 0x18c3, 0x7bef, 0x18c3, 0x0000,
    0x0000, 0x0000, 0x0000, 0x0000, 0x0000, 0x0000, 0x0000, 0x49a2, 0x6a63, 0x28e1, 0x0000, 0x0000, 0x18c3, 0xc618, 0x18c3, 0x0000,
    0x0000, 0x0000, 0x0000, 0x0000, 0x0000, 0x0000, 0x0000, 0x49a2, 0x6a63, 0x28e1, 0x0000, 0x0000, 0x0924, 0x2593, 0x0924, 0x0000,
    0x0000, 0x0000, 0x0000, 0x0000, 0x0000, 0x0000, 0x0000, 0x49a2, 0x6a63, 0x28e1, 0x0000, 0x0000, 0x3961, 0xed82, 0x3961, 0x0000,
    0x0000, 0x0000, 0x49a2, 0x8b24, 0x28e1, 0x0000, 0x0000, 0x0000, 0x28e1, 0x8b24, 0x0000, 0x4228, 0x0000, 0x0000, 0x0000, 0x0000,
    0x0000, 0x0000, 0x0000, 0x0000, 0x0000, 0x0000, 0x4228, 0x49a2, 0x6a63, 0x28e1, 0x0000, 0x0000, 0x0000, 0x0000, 0x73ae, 0x0000,
    0x0000, 0x0000, 0x0000, 0x0000, 0x5122, 0xc2e6, 0xc2e6, 0x9a45, 0xd348, 0xc2e6, 0xc2e6, 0x38e2, 0x0000, 0x0000, 0x0000, 0x0000,
    0x0000, 0x0000, 0x79c3, 0xf44b, 0xf44b, 0xdb25, 0x79c3, 0xa264, 0xdb25, 0xdb25, 0xdb25, 0xdb25, 0x79c3, 0xa264, 0x30a1, 0x0000,
    0x0000, 0x0000, 0x0000, 0xa8e2, 0xe1e6, 0xe289, 0xe289, 0xe1e6, 0xe30b, 0xe1e6, 0xe289, 0xec4e, 0xe1e6, 0x78a2, 0x4040, 0x0000,
    0x0000, 0x0000, 0x0000, 0x4923, 0x5163, 0x7a46, 0x8a87, 0x61a5, 0x5163, 0x9ae8, 0x8a87, 0x71e5, 0x61a5, 0x3902, 0x28a1, 0x0000,
    0x0000, 0x0000, 0x0124, 0x34d1, 0x12ea, 0x0a68, 0x01c6, 0x0124, 0x0124, 0x0124, 0x01c6, 0x0a68, 0x242e, 0x12ea, 0x0124, 0x0000,
    0x0000, 0x0000, 0x0000, 0x0000, 0x0000, 0xb343, 0xff85, 0xbc83, 0xa9e0, 0x0000, 0x0000, 0x0000, 0x0000, 0x0000, 0x0000, 0x0000,
    0x0000, 0x0000, 0x9ba3, 0xb423, 0xdd75, 0xb984, 0xb984, 0xd3e2, 0xb984, 0xa8a1, 0xa8a1, 0xb984, 0x0000, 0x0000, 0x0000, 0x0000,
    0x0000, 0x0000, 0x2a01, 0x3281, 0x6425, 0x4b43, 0x2a01, 0x4b43, 0x6425, 0x6425, 0x4b43, 0x2a01, 0x4b43, 0x21a0, 0x0000, 0x0000,
    0x0000, 0x0000, 0x3325, 0x86a3, 0x7622, 0xaf27, 0x86a3, 0x7622, 0x7622, 0x86a3, 0x6561, 0x5cc1, 0x6561, 0x2223, 0x0000, 0x0000,
    0x0000, 0x0000, 0x0000, 0x0000, 0x0000, 0x0000, 0x49a2, 0x8b24, 0x28e1, 0x0000, 0x0000, 0x0000, 0x20c1, 0x72c4, 0x20c1, 0x0000,
    0x0000, 0x0000, 0x0000, 0x0000, 0x0000, 0x0000, 0x49a2, 0x8b24, 0x28e1, 0x0000, 0x0000, 0x0000, 0x18c3, 0x8c51, 0x18c3, 0x0000,
    0x0000, 0x0000, 0x0000, 0x0000, 0x0000, 0x0000, 0x49a2, 0x8b24, 0x28e1, 0x0000, 0x0000, 0x0000, 0x18c3, 0xdedb, 0x18c3, 0x0000,
    0x0000, 0x0000, 0x0000, 0x0000, 0x0000, 0x0000, 0x49a2, 0x8b24, 0x28e1, 0x0000, 0x0000, 0x0000, 0x0924, 0x2e35, 0x0924, 0x0000,
    0x0000, 0x0000, 0x0000, 0x0000, 0x0000, 0x0000, 0x49a2, 0x8b24, 0x28e1, 0x0000, 0x0000, 0x0000, 0x3961, 0xef6a, 0x3961, 0x0000,
    0x0000, 0x0000, 0x49a2, 0x6a63, 0x28e1, 0x0000, 0x0000, 0x0000, 0x0000, 0x28e1, 0x8b24, 0x4228, 0x0000, 0x0000, 0x0000, 0x0000,
    0x0000, 0x0000, 0x0000, 0x0000, 0x0000, 0x4228, 0x49a2, 0x6a63, 0x28e1, 0x0000, 0x0000, 0x0000, 0x0000, 0x0000, 0x632c, 0x0000,
    0x0000, 0x0000, 0x0000, 0x0000, 0x5122, 0xc2e6, 0xc2e6, 0x9a45, 0xd348, 0xc2e6, 0xc2e6, 0x38e2, 0x0000, 0x0000, 0x0000, 0x0000,
    0x0000, 0x0000, 0x5101, 0x5101, 0xa264, 0xf44b, 0xdb25, 0x5101, 0xa264, 0xdb25, 0xdb25, 0xa264, 0x79c3, 0x5101, 0x30a1, 0x0000,
    0x0000, 0x0000, 0x0000, 0xa8e2, 0xe289, 0xe30b, 0xe1e6, 0xe38d, 0xe289, 0xe289, 0xe30b, 0xe1e6, 0x78a2, 0x4040, 0x4040, 0x0000,
    0x0000, 0x0000, 0x0000, 0x4923, 0x71e5, 0x5163, 0x9ae8, 0x8a87, 0x8a87, 0x5163, 0x9ae8, 0x61a5, 0x3902, 0x28a1, 0x0000, 0x0000,
    0x0000, 0x0000, 0x0124, 0x242e, 0x12ea, 0x0a68, 0x01c6, 0x0124, 0x0124, 0x0124, 0x01c6, 0x0a68, 0x34d1, 0x12ea, 0x0124, 0x0000,
    0x0000, 0x0000, 0x0000, 0x0000, 0xb343, 0xfe00, 0xbc83, 0xa9e0, 0x0000, 0x0000, 0x0000, 0x0000, 0x0000, 0x0000, 0x0000, 0x0000,
    0x0000, 0x0000, 0x5aa1, 0xb423, 0xdd75, 0xcb8b, 0xa8a1, 0xa8a1, 0xca41, 0xf640, 0xb984, 0xa8a1, 0xb984, 0x0000, 0x0000, 0x0000,
    0x0000, 0x0000, 0x2a01, 0x4b43, 0x2a01, 0x2a01, 0x6425, 0x6425, 0x6425, 0x3281, 0x2a01, 0x4b43, 0x6425, 0x21a0, 0x0000, 0x0000,
    0x0000, 0x0000, 0x3325, 0x6561, 0x86a3, 0x7622, 0x7622, 0x7622, 0xaf27, 0x5cc1, 0x6561, 0x7622, 0x5cc1, 0x2223, 0x0000, 0x0000,
    0x0000, 0x0000, 0x0000, 0x0000, 0x0000, 0x49a2, 0x6a83, 0x28e1, 0x0000, 0x0000, 0x0000, 0x0000, 0x20c1, 0x8b24, 0x20c1, 0x0000,
    0x0000, 0x0000, 0x0000, 0x0000, 0x0000, 0x49a2, 0x6a63, 0x28e1, 0x0000, 0x0000, 0x0000, 0x0000, 0x18c3, 0x9cd3, 0x18c3, 0x0000,
    0x0000, 0x0000, 0x0000, 0x0000, 0x0000, 0x49a2, 0x6a63, 0x28e1, 0x0000, 0x0000, 0x0000, 0x0000, 0x18c3, 0xffff, 0x18c3, 0x0000,
    0x0000, 0x0000, 0x0000, 0x0000, 0x0000, 0x49a2, 0x6a63, 0x28e1, 0x0000, 0x0000, 0x0000, 0x0000, 0x0924, 0x3759, 0x0924, 0x0000,
    0x0000, 0x0000, 0x0000, 0x0000, 0x0000, 0x49a2, 0x6a63, 0x28e1, 0x0000, 0x0000, 0x0000, 0x0000, 0x3961, 0xffee, 0x3961, 0x0000,
    0x0000, 0x0000, 0x49a2, 0x8b24, 0x28e1, 0x0000, 0x0000, 0x0000, 0x0000, 0x0000, 0x4228, 0x0000, 0x0000, 0x0000, 0x0000, 0x0000,
    0x0000, 0x0000, 0x0000, 0x0000, 0x0000, 0x49a2, 0x6a63, 0x28e1, 0x0000, 0x0000, 0x0000, 0x0000, 0x1c62, 0x632c, 0x0000, 0x0000,
    0x0000, 0x0000, 0x0000, 0x5122, 0x89c4, 0x9a45, 0xc2e6, 0x9a45, 0xc2e6, 0x9a45, 0x9a45, 0x89c4, 0x38e2, 0x0000, 0x0000, 0x0000,
    0x0000, 0x0000, 0x5101, 0x79c3, 0x5101, 0xa264, 0xdb25, 0xa264, 0x5101, 0xa264, 0xa264, 0xa264, 0x5101, 0x30a1, 0x0000, 0x0000,
    0x0000, 0x0000, 0xa8e2, 0xe1e6, 0xec4e, 0xe1e6, 0xe289, 0xe289, 0xe30b, 0xe38d, 0xe1e6, 0x78a2, 0x78a2, 0x4040, 0x0000, 0x0000,
    0x0000, 0x0000, 0x4923, 0x71e5, 0x7a46, 0x9ae8, 0x5163, 0x9ae8, 0x8a87, 0x71e5, 0x5163, 0x3902, 0x3902, 0x28a1, 0x0000, 0x0000,
    0x0000, 0x0000, 0x0000, 0x0124, 0x242e, 0x0a68, 0x0a68, 0x01c6, 0x01c6, 0x01c6, 0x0a68, 0x2e76, 0x34d1, 0x0124, 0x0000, 0x0000,
    0x0000, 0x0000, 0x0000, 0xab63, 0xff85, 0xbc83, 0xa9e0, 0x0000, 0x0000, 0x0000, 0x0000, 0x0000, 0x0000, 0x0000, 0x0000, 0x0000,
    0x0000, 0x0000, 0x0000, 0x5aa1, 0xcca4, 0xfe58, 0xb984, 0xa8a1, 0xb984, 0xca41, 0xa8a1, 0xf640, 0xca41, 0xb984, 0x0000, 0x0000,
    0x0000, 0x0000, 0x2a01, 0x2a01, 0x3281, 0x4b43, 0x6425, 0x4b43, 0x2a01, 0x4b43, 0x6425, 0x6425, 0x3281, 0x21a0, 0x0000, 0x0000,
    0x0000, 0x0000, 0x0000, 0x3325, 0x6561, 0x6561, 0x86a3, 0x86a3, 0x6561, 0x6561, 0x5cc1, 0x5cc1, 0x2223, 0x0000, 0x0000, 0x0000,
    0x0000, 0x0000, 0x0000, 0x0000, 0x49a2, 0x8b24, 0x28e1, 0x0000, 0x0000, 0x0000, 0x0000, 0x0000, 0x0000, 0x20c1, 0x0000, 0x0000,
    0x0000, 0x0000, 0x0000, 0x0000, 0x49a2, 0x8b24, 0x28e1, 0x0000, 0x0000, 0x0000, 0x0000, 0x0000, 0x0000, 0x18c3, 0x0000, 0x0000,
    0x0000, 0x0000, 0x0000, 0x0000, 0x49a2, 0x8b24, 0x28e1, 0x0000, 0x0000, 0x0000, 0x0000, 0x0000, 0x0000, 0x18c3, 0x0000, 0x0000,
    0x0000, 0x0000, 0x0000, 0x0000, 0x49a2, 0x8b24, 0x28e1, 0x0000, 0x0000, 0x0000, 0x0000, 0x0000, 0x0000, 0x0924, 0x0000, 0x0000,
    0x0000, 0x0000, 0x0000, 0x0000, 0x49a2, 0x8b24, 0x28e1, 0x0000, 0x0000, 0x0000, 0x0000, 0x0000, 0x0000, 0x3961, 0x0000, 0x0000,
    0x0000, 0x49a2, 0x8b24, 0x28e1, 0x0000, 0x0000, 0x0000, 0x0000, 0x4228, 0x4228, 0x0000, 0x0000, 0x0000, 0x0000, 0x0000, 0x0000,
    0x0000, 0x0000, 0x0000, 0x0000, 0x49a2, 0x6a63, 0xb596, 0xb596, 0x31a6, 0x0000, 0x0000, 0xb2a0, 0x0320, 0x1401, 0x0000, 0x0000,
    0x0000, 0x0000, 0x0000, 0x5122, 0xc2e6, 0xc2e6, 0xc2e6, 0xc2e6, 0xc2e6, 0xc2e6, 0xc2e6, 0x89c4, 0x38e2, 0x0000, 0x0000, 0x0000,
    0x0000, 0x0000, 0x0000, 0x79c3, 0x79c3, 0x5101, 0xa264, 0x79c3, 0x5101, 0xa264, 0x79c3, 0x30a1, 0x5101, 0x0000, 0x0000, 0x0000,
    0x0000, 0x0000, 0xa8e2, 0xec4e, 0xe289, 0xe289, 0xe30b, 0xe38d, 0xe38d, 0xe1e6, 0x78a2, 0x78a2, 0x4040, 0x0000, 0x0000, 0x0000,
    0x0000, 0x0000, 0x4923, 0x9ae8, 0x71e5, 0x7a46, 0x9ae8, 0x5163, 0x71e5, 0x7a46, 0x61a5, 0x3902, 0x28a1, 0x0000, 0x0000, 0x0000,
    0x0000, 0x0000, 0x0000, 0x0124, 0x242e, 0x12ea, 0x0a68, 0x0a68, 0x0a68, 0x0a68, 0x2e76, 0x8fbc, 0x12ea, 0x0124, 0x0000, 0x0000,
    0x0000, 0x0000, 0xb343, 0xfe00, 0xbc83, 0xa9e0, 0x0000, 0x0000, 0x0000, 0x0000, 0x0000, 0x0000, 0x0000, 0x0000, 0x0000, 0x0000,
    0x0000, 0x0000, 0x0000, 0x5aa1, 0x9ba3, 0xcca4, 0xfe58, 0xcb8b, 0xb984, 0xb984, 0xb984, 0xd3e2, 0xb984, 0xdd75, 0xb423, 0x0000,
    0x0000, 0x2a01, 0x3281, 0x4b43, 0x4b43, 0x4b43, 0x4b43, 0x2a01, 0x4b43, 0x6425, 0x6425, 0x4b43, 0x21a0, 0x0000, 0x0000, 0x0000,
    0x0000, 0x0000, 0x0000, 0x0000, 0x2223, 0x2223, 0x6561, 0x7622, 0x5cc1, 0x6561, 0x2223, 0x2223, 0x0000, 0x0000, 0x0000, 0x0000,
    0x0000, 0x0000, 0x0000, 0x49a2, 0x6a83, 0x28e1, 0x0000, 0x0000, 0x0000, 0x0000, 0x0000, 0x0000, 0x0000, 0x0000, 0x0000, 0x0000,
    0x0000, 0x0000, 0x0000, 0x49a2, 0x6a63, 0x28e1, 0x0000, 0x0000, 0x0000, 0x0000, 0x0000, 0x0000, 0x0000, 0x0000, 0x0000, 0x0000,
    0x0000, 0x0000, 0x0000, 0x49a2, 0x6a63, 0x28e1, 0x0000, 0x0000, 0x0000, 0x0000, 0x0000, 0x0000, 0x0000, 0x0000, 0x0000, 0x0000,
    0x0000, 0x0000, 0x0000, 0x49a2, 0x6a63, 0x28e1, 0x0000, 0x0000, 0x0000, 0x0000, 0x0000, 0x0000, 0x0000, 0x0000, 0x0000, 0x0000,
    0x0000, 0x0000, 0x0000, 0x49a2, 0x6a63, 0x28e1, 0x0000, 0x0000, 0x0000, 0x0000, 0x0000, 0x0000, 0x0000, 0x0000, 0x0000, 0x0000,
    0x0000, 0x49a2, 0x6a63, 0x28e1, 0x0000, 0x0000, 0x0000, 0x4228, 0x0000, 0x0000, 0x0000, 0x0000, 0x0000, 0x0000, 0x0000, 0x0000,
    0x0000, 0x0000, 0x0000, 0x49a2, 0x49a2, 0x28e1, 0x94b2, 0xb596, 0x31a6, 0x0000, 0xb2a0, 0xfc83, 0xa1a0, 0x0000, 0x0000, 0x0000,
    0x0000, 0x0000, 0x0000, 0x5122, 0xc2e6, 0x9a45, 0x9a45, 0x9a45, 0x89c4, 0x9a45, 0xc2e6, 0x9a45, 0x38e2, 0x0000, 0x0000, 0x0000,
    0x0000, 0x0000, 0x0000, 0x0000, 0x0000, 0x0000, 0x5101, 0x79c3, 0x79c3, 0x30a1, 0x30a1, 0x0000, 0x5101, 0x0000, 0x0000, 0x0000,
    0x0000, 0x0000, 0x4040, 0xa8e2, 0xec4e, 0xec4e, 0xe38d, 0xe1e6, 0xa8e2, 0xa8e2, 0x78a2, 0x4040, 0x0000, 0x0000, 0x0000, 0x0000,
    0x0000, 0x0000, 0x0000, 0x4923, 0x9ae8, 0x8a87, 0x8a87, 0x7a46, 0x61a5, 0x3902, 0x3902, 0x28a1, 0x0000, 0x0000, 0x0000, 0x0000,
    0x0000, 0x0000, 0x0000, 0x0000, 0x0124, 0x1bcd, 0x12ea, 0x0a68, 0x242e, 0x34d1, 0x34d1, 0x12ea, 0x0124, 0x0000, 0x0000, 0x0000,
    0x0000, 0xb2c2, 0xff85, 0xbc83, 0xbac0, 0x0000, 0x0000, 0x0000, 0x0000, 0x0000, 0x0000, 0x0000, 0x0000, 0x0000, 0x0000, 0x0000,
    0x0000, 0x0000, 0x0000, 0x0000, 0x5aa1, 0x9ba3, 0xb423, 0xdd75, 0xdd75, 0xfe58, 0xff7c, 0xff7c, 0xfe58, 0xcca4, 0x5aa1, 0x0000,
    0x0000, 0x0000, 0x21a0, 0x21a0, 0x21a0, 0x21a0, 0x21a0, 0x4b43, 0x4b43, 0x3281, 0x21a0, 0x21a0, 0x0000, 0x0000, 0x0000, 0x0000,
    0x0000, 0x0000, 0x0000, 0x0000, 0x0000, 0x0000, 0x2223, 0x2223, 0x2223, 0x2223, 0x0000, 0x0000, 0x0000, 0x0000, 0x0000, 0x0000,
    0x0000, 0x0000, 0x49a2, 0x8b24, 0x28e1, 0x0000, 0x0000, 0x0000, 0x0000, 0x0000, 0x0000, 0x0000, 0x0000, 0x0000, 0x0000, 0x0000,
    0x0000, 0x0000, 0x49a2, 0x8b24, 0x28e1, 0x0000, 0x0000, 0x0000, 0x0000, 0x0000, 0x0000, 0x0000, 0x0000, 0x0000, 0x0000, 0x0000,
    0x0000, 0x0000, 0x49a2, 0x8b24, 0x28e1, 0x0000, 0x0000, 0x0000, 0x0000, 0x0000, 0x0000, 0x0000, 0x0000, 0x0000, 0x0000, 0x0000,
    0x0000, 0x0000, 0x49a2, 0x8b24, 0x28e1, 0x0000, 0x0000, 0x0000, 0x0000, 0x0000, 0x0000, 0x0000, 0x0000, 0x0000, 0x0000, 0x0000,
    0x0000, 0x0000, 0x49a2, 0x8b24, 0x28e1, 0x0000, 0x0000, 0x0000, 0x0000, 0x0000, 0x0000, 0x0000, 0x0000, 0x0000, 0x0000, 0x0000,
    0x0000, 0x49a2, 0x6a63, 0x28e1, 0x0000, 0x4228, 0x4228, 0x0000, 0x0000, 0x0000, 0x0000, 0x0000, 0x0000, 0x0000, 0x0000, 0x0000,
    0x0000, 0x0000, 0x49a2, 0x49a2, 0x28e1, 0x0000, 0x31a6, 0x31a6, 0x0000, 0xb2a0, 0xfc83, 0xa1a0, 0x0000, 0x0000, 0x0000, 0x0000,
    0x0000, 0x0000, 0x5122, 0x89c4, 0x9a45, 0x38e2, 0x38e2, 0x89c4, 0x89c4, 0x38e2, 0x38e2, 0x9a45, 0x89c4, 0x38e2, 0x0000, 0x0000,
    0x0000, 0x0000, 0x0000, 0x0000, 0x0000, 0x0000, 0x30a1, 0x30a1, 0x30a1, 0x0000, 0x0000, 0x0000, 0x5101, 0x7b6c, 0x0000, 0x0000,
    0x0000, 0x0000, 0x0000, 0x4040, 0xa8e2, 0xa8e2, 0xa8e2, 0xa8e2, 0x78a2, 0x4040, 0x4040, 0x0000, 0x0000, 0x0000, 0x0000, 0x0000,
    0x0000, 0x0000, 0x0000, 0x28a1, 0x28a1, 0x5163, 0x3902, 0x3902, 0x3902, 0x28a1, 0x28a1, 0x0000, 0x0000, 0x0000, 0x0000, 0x0000,
    0x0000, 0x0000, 0x0000, 0x0000, 0x0000, 0x0124, 0x0124, 0x12ea, 0x12ea, 0x12ea, 0x0124, 0x0124, 0x0000, 0x0000, 0x0000, 0x0000,
    0x0000, 0xb343, 0xdd64, 0xbac0, 0x0000, 0x0000, 0x0000, 0x0000, 0x0000, 0x0000, 0x0000, 0x0000, 0x0000, 0x0000, 0x0000, 0x0000,
    0x0000, 0x0000, 0x0000, 0x0000, 0x0000, 0x5aa1, 0x5aa1, 0x9ba3, 0xb423, 0xb423, 0xcca4, 0xcca4, 0xcca4, 0x5aa1, 0x0000, 0x0000,
    0x0000, 0x0000, 0x0000, 0x0000, 0x0000, 0x0000, 0x21a0, 0x21a0, 0x21a0, 0x21a0, 0x0000, 0x0000, 0x0000, 0x0000, 0x0000, 0x0000,
    0x0000, 0x0000, 0x0000, 0x0000, 0x0000, 0x0000, 0x0000, 0x0000, 0x0000, 0x0000, 0x0000, 0x0000, 0x0000, 0x0000, 0x0000, 0x0000,
    0x0000, 0x0000, 0x28e1, 0x28e1, 0x0000, 0x0000, 0x0000, 0x0000, 0x0000, 0x0000, 0x0000, 0x0000, 0x0000, 0x0000, 0x0000, 0x0000,
    0x0000, 0x0000, 0x28e1, 0x28e1, 0x0000, 0x0000, 0x0000, 0x0000, 0x0000, 0x0000, 0x0000, 0x0000, 0x0000, 0x0000, 0x0000, 0x0000,
    0x0000, 0x0000, 0x28e1, 0x28e1, 0x0000, 0x0000, 0x0000, 0x0000, 0x0000, 0x0000, 0x0000, 0x0000, 0x0000, 0x0000, 0x0000, 0x0000,
    0x0000, 0x0000, 0x28e1, 0x28e1, 0x0000, 0x0000, 0x0000, 0x0000, 0x0000, 0x0000, 0x0000, 0x0000, 0x0000, 0x0000, 0x0000, 0x0000,
    0x0000, 0x0000, 0x28e1, 0x28e1, 0x0000, 0x0000, 0x0000, 0x0000, 0x0000, 0x0000, 0x0000, 0x0000, 0x0000, 0x0000, 0x0000, 0x0000,
    0x0000, 0x49a2, 0x8b24, 0x28e1, 0x4228, 0x0000, 0x0000, 0x0000, 0x0000, 0x0000, 0x0000, 0x0000, 0x0000, 0x0000, 0x0000, 0x0000,
    0x0000, 0x0000, 0x28e1, 0x28e1, 0x0000, 0x0000, 0x0000, 0x0000, 0xaa40, 0xfc83, 0xa1a0, 0x0000, 0x0000, 0x0000, 0x0000, 0x0000,
    0x0000, 0x0000, 0x5122, 0x38e2, 0x38e2, 0x0000, 0x0000, 0x38e2, 0x38e2, 0x0000, 0x0000, 0x38e2, 0x38e2, 0x38e2, 0x0000, 0x0000,
    0x0000, 0x0000, 0x0000, 0x0000, 0x0000, 0x0000, 0x0000, 0x0000, 0x0000, 0x0000, 0x0000, 0x0000, 0xb4d1, 0x5248, 0x0000, 0x0000,
    0x0000, 0x0000, 0x0000, 0x0000, 0x4040, 0x4040, 0x4040, 0x4040, 0x4040, 0x0000, 0x0000, 0x0000, 0x0000, 0x0000, 0x0000, 0x0000,
    0x0000, 0x0000, 0x0000, 0x0000, 0x0000, 0x28a1, 0x28a1, 0x28a1, 0x28a1, 0x0000, 0x0000, 0x0000, 0x0000, 0x0000, 0x0000, 0x0000,
    0x0000, 0x0000, 0x0000, 0x0000, 0x0000, 0x0000, 0x0000, 0x0124, 0x0124, 0x0124, 0x0000, 0x0000, 0x0000, 0x0000, 0x0000, 0x0000,
    0x0000, 0x9180, 0xa9e0, 0x0000, 0x0000, 0x0000, 0x0000, 0x0000, 0x0000, 0x0000, 0x0000, 0x0000, 0x0000, 0x0000, 0x0000, 0x0000,
    0x0000, 0x0000, 0x0000, 0x0000, 0x0000, 0x0000, 0x0000, 0x5aa1, 0x5aa1, 0x5aa1, 0x5aa1, 0x5aa1, 0x5aa1, 0x0000, 0x0000, 0x0000,
    0x0000, 0x0000, 0x0000, 0x0000, 0x0000, 0x0000, 0x0000, 0x0000, 0x0000, 0x0000, 0x0000, 0x0000, 0x0000, 0x0000, 0x0000, 0x0000,
    0x0000, 0x0000, 0x0000, 0x0000, 0x0000, 0x0000, 0x0000, 0x0000, 0x0000, 0x0000, 0x0000, 0x0000, 0x0000, 0x0000, 0x0000, 0x0000,
    0x0000, 0x0000, 0x0000, 0x0000, 0x0000, 0x0000, 0x0000, 0x0000, 0x0000, 0x0000, 0x0000, 0x0000, 0x0000, 0x0000, 0x0000, 0x0000,
    0x0000, 0x0000, 0x0000, 0x0000, 0x0000, 0x0000, 0x0000, 0x0000, 0x0000, 0x0000, 0x0000, 0x0000, 0x0000, 0x0000, 0x0000, 0x0000,
    0x0000, 0x0000, 0x0000, 0x0000, 0x0000, 0x0000, 0x0000, 0x0000, 0x0000, 0x0000, 0x0000, 0x0000, 0x0000, 0x0000, 0x0000, 0x0000,
    0x0000, 0x0000, 0x0000, 0x0000, 0x0000, 0x0000, 0x0000, 0x0000, 0x0000, 0x0000, 0x0000, 0x0000, 0x0000, 0x0000, 0x0000, 0x0000,
    0x0000, 0x0000, 0x0000, 0x0000, 0x0000, 0x0000, 0x0000, 0x0000, 0x0000, 0x0000, 0x0000, 0x0000, 0x0000, 0x0000, 0x0000, 0x0000,
    0x0000, 0x0000, 0x28e1, 0x0000, 0x0000, 0x0000, 0x0000, 0x0000, 0x0000, 0x0000, 0x0000, 0x0000, 0x0000, 0x0000, 0x0000, 0x0000,
    0x0000, 0x0000, 0x0000, 0x0000, 0x0000, 0x0000, 0x0000, 0x0000, 0xa1a0, 0xa1a0, 0x0000, 0x0000, 0x0000, 0x0000, 0x0000, 0x0000,
    0x0000, 0x0000, 0x0000, 0x0000, 0x0000, 0x0000, 0x0000, 0x0000, 0x0000, 0x0000, 0x0000, 0x0000, 0x0000, 0x0000, 0x0000, 0x0000,
    0x0000, 0x0000, 0x0000, 0x0000, 0x0000, 0x0000, 0x0000, 0x0000, 0x0000, 0x0000, 0x0000, 0x0000, 0x0000, 0x0000, 0x0000, 0x0000,
    0x0000, 0x0000, 0x0000, 0x0000, 0x0000, 0x0000, 0x0000, 0x0000, 0x0000, 0x0000, 0x0000, 0x0000, 0x0000, 0x0000, 0x0000, 0x0000,
    0x0000, 0x0000, 0x0000, 0x0000, 0x0000, 0x0000, 0x0000, 0x0000, 0x0000, 0x0000, 0x0000, 0x0000, 0x0000, 0x0000, 0x0000, 0x0000,
    0x0000, 0x0000, 0x0000, 0x0000, 0x0000, 0x0000, 0x0000, 0x0000, 0x0000, 0x0000, 0x0000, 0x0000, 0x0000, 0x0000, 0x0000, 0x0000,
    0x0000, 0x0000, 0x0000, 0x0000, 0x0000, 0x0000, 0x0000, 0x0000, 0x0000, 0x0000, 0x0000, 0x0000, 0x0000, 0x0000, 0x0000, 0x0000,
    0x0000, 0x0000, 0x0000, 0x0000, 0x0000, 0x0000, 0x0000, 0x0000, 0x0000, 0x0000, 0x0000, 0x0000, 0x0000, 0x0000, 0x0000, 0x0000,
    0x0000, 0x0000, 0x0000, 0x0000, 0x0000, 0x0000, 0x0000, 0x0000, 0x0000, 0x0000, 0x0000, 0x0000, 0x0000, 0x0000, 0x0000, 0x0000,
    0x0000, 0x0000, 0x0000, 0x0000, 0x0000, 0x0000, 0x0000, 0x0000, 0x0000, 0x0000, 0x0000, 0x0000, 0x0000, 0x0000, 0x0000, 0x0000,
    0x0000, 0x0000, 0x0000, 0x0000, 0x0000, 0x0000, 0x0000, 0x0000, 0x0000, 0x0000, 0x0000, 0x0000, 0x0000, 0x0000, 0x0000, 0x0000,
    0x0000, 0x0000, 0x0000, 0x0000, 0x0000, 0x0000, 0x0000, 0x0000, 0x0000, 0x0000, 0x0000, 0x0000, 0x0000, 0x0000, 0x0000, 0x0000,
    0x0000, 0x0000, 0x0000, 0x0000, 0x0000, 0x0000, 0x0000, 0x0000, 0x0000, 0x0000, 0x0000, 0x0000, 0x0000, 0x0000, 0x0000, 0x0000,
    0x0000, 0x0000, 0x0000, 0x0000, 0x0000, 0x0000, 0x0000, 0x0000, 0x0000, 0x0000, 0x0000, 0x0000, 0x0000, 0x0000, 0x0000, 0x0000,
    0x0000, 0x0000, 0x0000, 0x0000, 0x0000, 0x0000, 0x0000, 0x0000, 0x0000, 0x0000, 0x0000, 0x0000, 0x0000, 0x0000, 0x0000, 0x0000,
    0x0000, 0x0000, 0x0000, 0x0000, 0x0000, 0x0000, 0x0000, 0x0000, 0x0000, 0x0000, 0x0000, 0x0000, 0x0000, 0x0000, 0x0000, 0x0000,
    0x0000, 0x0000, 0x0000, 0x0000, 0x0000, 0x0000, 0x0000, 0x0000, 0x0000, 0x0000, 0x0000, 0x0000, 0x0000, 0x0000, 0x0000, 0x0000,
    0x0000, 0x0000, 0x0000, 0x0000, 0x0000, 0x0000, 0x0000, 0x0000, 0x0000, 0x0000, 0x0000, 0x0000, 0x0000, 0x0000, 0x0000, 0x0000,
    0x0000, 0x0000, 0x0000, 0x0000, 0x0000, 0x0000, 0x0000, 0x0000, 0x0000, 0x0000, 0x0000, 0x0000, 0x0000, 0x0000, 0x0000, 0x0000,
    0x0000, 0x0000, 0x0000, 0x0000, 0x0000, 0x0000, 0x0000, 0x0000, 0x0000, 0x0000, 0x0000, 0x0000, 0x0000, 0x0000, 0x0000, 0x0000,
    0x0000, 0x0000, 0x0000, 0x0000, 0x0000, 0x0000, 0x0000, 0x0000, 0x0000, 0x0000, 0x0000, 0x0000, 0x0000, 0x0000, 0x0000, 0x0000,
    0x0000, 0x0000, 0x0000, 0x0000, 0x0000, 0x0000, 0x0000, 0x0000, 0x0000, 0x0000, 0x0000, 0x0000, 0x0000, 0x0000, 0x0000, 0x0000,
    0x0000, 0x0000, 0x0000, 0x0000, 0x0000, 0x0000, 0x0000, 0x0000, 0x0000, 0x0000, 0x0000, 0x0000, 0x0000, 0x0000, 0x0000, 0x0000,
    0x0000, 0x0000, 0x0000, 0x0000, 0x0000, 0x0000, 0x0000, 0x0000, 0x0000, 0x0000, 0x0000, 0x0000, 0x0000, 0x0000, 0x0000, 0x0000,
    0x0000, 0x0000, 0x0000, 0x0000, 0x0000, 0x0000, 0x0000, 0x0000, 0x0000, 0x0000, 0x0000, 0x0000, 0x0000, 0x0000, 0x0000, 0x0000,
    0x0000, 0x0000, 0x0000, 0x0000, 0x0000, 0x0000, 0x0000, 0x0000, 0x0000, 0x0000, 0x0000, 0x0000, 0x0000, 0x0000, 0x0000, 0x0000,
    0x0000, 0x0000, 0x0000, 0x0000, 0x0000, 0x0000, 0x0000, 0x0000, 0x0000, 0x3142, 0x3142, 0x0000, 0x0000, 0x0000, 0x0000, 0x0000,
    0x0000, 0x0000, 0x0000, 0x0000, 0x0000, 0x0000, 0x0000, 0x0000, 0x0000, 0x4a49, 0x4a49, 0x0000, 0x0000, 0x0000, 0x0000, 0x0000,
    0x0000, 0x0000, 0x0000, 0x0000, 0x0000, 0x0000, 0x0000, 0x0000, 0x0000, 0x4228, 0x4228, 0x0000, 0x0000, 0x0000, 0x0000, 0x0000,
    0x0000, 0x0000, 0x0000, 0x0000, 0x0000, 0x0000, 0x0000, 0x0000, 0x0000, 0x09e6, 0x09e6, 0x0000, 0x0000, 0x0000, 0x0000, 0x0000,
    0x0000, 0x0000, 0x0000, 0x0000, 0x0000, 0x0000, 0x0000, 0x0000, 0x0000, 0x82e2, 0x82e2, 0x0000, 0x0000, 0x0000, 0x0000, 0x0000,
    0x0000, 0x0000, 0xffff, 0x0000, 0x0000, 0x0000, 0x0000, 0x0000, 0x0000, 0x0000, 0x0000, 0x0000, 0x49a2, 0x49a2, 0x49a2, 0x0000,
    0x0000, 0x0000, 0x0000, 0x0000, 0x0000, 0x0000, 0x0000, 0x0000, 0x0000, 0x0000, 0x0000, 0x0000, 0x0000, 0x0000, 0x0000, 0x0000,
    0x0000, 0x0000, 0x0000, 0x0000, 0x0000, 0x0000, 0x0000, 0x0000, 0x0000, 0x0000, 0x0000, 0x0000, 0x0000, 0x0000, 0x0000, 0x0000,
    0x0000, 0x0000, 0x0000, 0x0000, 0x0000, 0x0000, 0x0000, 0x35e6, 0x35e6, 0x1cc3, 0x0000, 0x0000, 0x0000, 0x0000, 0x0000, 0x0000,
    0x0000, 0x0000, 0x0000, 0x0000, 0x0000, 0xb3cc, 0xb3cc, 0xb3cc, 0xb3cc, 0x0000, 0x0000, 0x0000, 0x0000, 0x0000, 0x0000, 0x0000,
    0x0000, 0x0000, 0x0000, 0x0000, 0x0000, 0x8a24, 0x8a24, 0x8a24, 0x8a24, 0x0000, 0x0000, 0x0000, 0x0000, 0x0000, 0x0000, 0x0000,
    0x0000, 0x0000, 0x0000, 0x0000, 0x0000, 0x0000, 0x0000, 0x0000, 0x0000, 0x0000, 0x0000, 0x0000, 0x0000, 0x0000, 0x0000, 0x0000,
    0x0000, 0x0000, 0x0000, 0x0000, 0x0000, 0x0000, 0x0000, 0x0000, 0x0000, 0x0000, 0x0000, 0x0000, 0x0000, 0x0000, 0x0000, 0x0000,
    0x0000, 0x0000, 0x0000, 0x0000, 0x0000, 0x0000, 0x0000, 0x0000, 0x0000, 0x0000, 0x0000, 0x0000, 0x0000, 0x0000, 0x0000, 0x0000,
    0x0000, 0x0000, 0x0000, 0x0000, 0x0000, 0x0000, 0x0000, 0x0000, 0x0000, 0x0000, 0x0000, 0x0000, 0x0000, 0x0000, 0x0000, 0x0000,
    0x0000, 0x0000, 0x0000, 0x0000, 0x0000, 0x0000, 0x0000, 0x0000, 0x0000, 0x0000, 0x0000, 0x8b42, 0x0000, 0x0000, 0x0000, 0x0000,
    0x0000, 0x0000, 0x0000, 0x0000, 0x0000, 0x0000, 0x0000, 0x0000, 0x3142, 0x8324, 0x8324, 0x3142, 0x0000, 0x0000, 0x0000, 0x0000,
    0x0000, 0x0000, 0x0000, 0x0000, 0x0000, 0x0000, 0x0000, 0x0000, 0x4a49, 0x9cd3, 0x9cd3, 0x4a49, 0x0000, 0x0000, 0x0000, 0x0000,
    0x0000, 0x0000, 0x0000, 0x0000, 0x0000, 0x0000, 0x0000, 0x0000, 0x4228, 0xffff, 0xffff, 0x4228, 0x0000, 0x0000, 0x0000, 0x0000,
    0x0000, 0x0000, 0x0000, 0x0000, 0x0000, 0x0000, 0x0000, 0x0000, 0x09e6, 0x3759, 0x3759, 0x09e6, 0x0000, 0x0000, 0x0000, 0x0000,
    0x0000, 0x0000, 0x0000, 0x0000, 0x0000, 0x0000, 0x0000, 0x0000, 0x82e2, 0xffee, 0xffee, 0x82e2, 0x0000, 0x0000, 0x0000, 0x0000,
    0x0000, 0x0000, 0xb596, 0xdedb, 0x0000, 0x0000, 0x0000, 0x0000, 0x49a2, 0x49a2, 0x49a2, 0x49a2, 0x8b24, 0x6a63, 0x8b24, 0x28e1,
    0x0000, 0x0000, 0x0000, 0x0000, 0x0000, 0x0000, 0x0000, 0x0000, 0x0000, 0x0000, 0x0000, 0x0000, 0x0000, 0x0000, 0x0000, 0x0000,
    0x0000, 0x0000, 0x0000, 0x0000, 0x0000, 0x0000, 0x0000, 0x0000, 0x0000, 0x0000, 0x0000, 0x0000, 0x0000, 0x0000, 0x0000, 0x0000,
    0x0000, 0x0000, 0x0000, 0x0000, 0x0000, 0x0000, 0x0000, 0x0000, 0x1cc3, 0x35e6, 0x0320, 0x0000, 0x35e6, 0x1cc3, 0x0000, 0x0000,
    0x0000, 0x0000, 0x0000, 0x0000, 0xb3cc, 0xdd52, 0xedf5, 0xedf5, 0xdd52, 0xb3cc, 0xb3cc, 0x0000, 0x0000, 0x0000, 0x0000, 0x0000,
    0x0000, 0x0000, 0x0000, 0x0000, 0x8a24, 0xcbe9, 0xdcef, 0xd46c, 0xcbe9, 0x8a24, 0x8a24, 0x0000, 0x0000, 0x0000, 0x0000, 0x0000,
    0x0000, 0x0000, 0x0000, 0x0000, 0x0000, 0x0000, 0x0000, 0x0000, 0x0000, 0x0000, 0x0000, 0x0000, 0x0000, 0x0000, 0x0000, 0x0000,
    0x0000, 0x0000, 0x0000, 0x0000, 0x0000, 0x0000, 0x0000, 0x0000, 0x0000, 0x0000, 0x0000, 0x0000, 0x0000, 0x0000, 0x0000, 0x0000,
    0x0000, 0x0000, 0x0000, 0x0000, 0x0000, 0x0000, 0x0000, 0x0000, 0x0000, 0x0000, 0x0000, 0x0000, 0x0000, 0x0000, 0x0000, 0x0000,
    0x0000, 0x0000, 0x0000, 0x0000, 0x0000, 0x0000, 0x0000, 0x0000, 0x0000, 0x0000, 0x0000, 0x0000, 0x0000, 0x0000, 0x0000, 0x0000,
    0x0000, 0x0000, 0x0000, 0x0000, 0x0000, 0x0000, 0x0000, 0x0000, 0x0000, 0x0000, 0x8b42, 0xe725, 0x72e3, 0x0000, 0x0000, 0x0000,
    0x0000, 0x0000, 0x0000, 0x0000, 0x0000, 0x0000, 0x0000, 0x3142, 0x8324, 0x6a83, 0x72c4, 0x3142, 0x0000, 0x0000, 0x0000, 0x0000,
    0x0000, 0x0000, 0x0000, 0x0000, 0x0000, 0x0000, 0x0000, 0x4a49, 0x9cd3, 0x7bef, 0x8c51, 0x4a49, 0x0000, 0x0000, 0x0000, 0x0000,
    0x0000, 0x0000, 0x0000, 0x0000, 0x0000, 0x0000, 0x0000, 0x4228, 0xffff, 0xc618, 0xdedb, 0x4228, 0x0000, 0x0000, 0x0000, 0x0000,
    0x0000, 0x0000, 0x0000, 0x0000, 0x0000, 0x0000, 0x0000, 0x09e6, 0x3759, 0x2593, 0x2e35, 0x09e6, 0x0000, 0x0000, 0x0000, 0x0000,
    0x0000, 0x0000, 0x0000, 0x0000, 0x0000, 0x0000, 0x0000, 0x82e2, 0xffee, 0xed82, 0xef6a, 0x82e2, 0x0000, 0x0000, 0x0000, 0x0000,
    0x0000, 0x0000, 0x0000, 0x28e1, 0x8b24, 0x0000, 0x49a2, 0x49a2, 0x8b24, 0x6a63, 0x8b24, 0x8b24, 0x28e1, 0x28e1, 0x28e1, 0x0000,
    0x0000, 0x0000, 0x0000, 0x0000, 0x0000, 0x0000, 0x0000, 0x9aa0, 0x9aa0, 0x9aa0, 0x9aa0, 0x9aa0, 0x0000, 0x0000, 0x0000, 0x0000,
    0x0000, 0x0000, 0x0000, 0x0000, 0x0000, 0x0000, 0x0000, 0x0000, 0x0000, 0x0000, 0x0000, 0x0000, 0x0000, 0x0000, 0x0000, 0x0000,
    0x0000, 0x0000, 0x0000, 0x0000, 0x0000, 0x1cc3, 0x35e6, 0x0320, 0x1cc3, 0x35e6, 0x0320, 0x1cc3, 0x35e6, 0x0320, 0x0000, 0x0000,
    0x0000, 0x0000, 0x0000, 0x0000, 0xc490, 0xedf5, 0xdd52, 0xc490, 0xc490, 0xdd52, 0xc490, 0xb3cc, 0x0000, 0x0000, 0x0000, 0x0000,
    0x0000, 0x0000, 0x0000, 0x0000, 0xaae6, 0xdcef, 0xcbe9, 0xaae6, 0xaae6, 0xcbe9, 0xaae6, 0x8a24, 0x0000, 0x0000, 0x0000, 0x0000,
    0x0000, 0x0000, 0x0000, 0x0000, 0x0000, 0x0000, 0x0000, 0x0000, 0x0000, 0x0000, 0x0000, 0x0000, 0x0000, 0x0000, 0x0000, 0x0000,
    0x0000, 0x0000, 0x0000, 0x0000, 0x0000, 0x0000, 0x0000, 0x0000, 0x0000, 0x0000, 0x0000, 0x0000, 0x0000, 0x0000, 0x0000, 0x0000,
    0x0000, 0x0000, 0x0000, 0x0000, 0x0000, 0x0000, 0x0000, 0x0000, 0x0000, 0x0000, 0x0000, 0x0000, 0x0000, 0x0000, 0x0000, 0x0000,
    0x0000, 0x0000, 0x0000, 0x0000, 0x0000, 0x0000, 0x0000, 0x0000, 0x0000, 0x9328, 0x9328, 0x0000, 0x0000, 0x0000, 0x0000, 0x0000,
    0x0000, 0x0000, 0x0000, 0x0000, 0x0000, 0x0000, 0x0000, 0x8b42, 0x8b42, 0x8b42, 0xf792, 0xe725, 0x72e3, 0x0000, 0x0000, 0x0000,
    0x0000, 0x0000, 0x0000, 0x0000, 0x0000, 0x0000, 0x3142, 0x8324, 0x6a83, 0x6a83, 0x6a83, 0x49a2, 0x6a63, 0x0000, 0x0000, 0x0000,
    0x0000, 0x0000, 0x0000, 0x0000, 0x0000, 0x0000, 0x4a49, 0x9cd3, 0x7bef, 0x7bef, 0x7bef, 0x49a2, 0x6a63, 0x0000, 0x0000, 0x0000,
    0x0000, 0x0000, 0x0000, 0x0000, 0x0000, 0x0000, 0x4228, 0xffff, 0xc618, 0xc618, 0xc618, 0x49a2, 0x6a63, 0x0000, 0x0000, 0x0000,
    0x0000, 0x0000, 0x0000, 0x0000, 0x0000, 0x0000, 0x09e6, 0x3759, 0x2593, 0x2593, 0x2593, 0x49a2, 0x6a63, 0x0000, 0x0000, 0x0000,
    0x0000, 0x0000, 0x0000, 0x0000, 0x0000, 0x0000, 0x82e2, 0xffee, 0xed82, 0xed82, 0xed82, 0x49a2, 0x6a63, 0x0000, 0x0000, 0x0000,
    0x0000, 0x0000, 0x0000, 0x0000, 0x28e1, 0x8b24, 0x6b4d, 0x6a63, 0x28e1, 0x28e1, 0x28e1, 0x28e1, 0x0000, 0x0000, 0x4228, 0x0000,
    0x0000, 0x0000, 0x0000, 0x0000, 0x0000, 0x9aa0, 0x9aa0, 0xac28, 0xdd4a, 0xdd4a, 0xcca7, 0xcca7, 0x9aa0, 0x0000, 0x0000, 0x0000,
    0x0000, 0x0000, 0x0000, 0x0000, 0x0000, 0x0000, 0x0000, 0x0000, 0x9aa0, 0x9aa0, 0x9aa0, 0x9aa0, 0x0000, 0x0000, 0x0000, 0x0000,
    0x0000, 0x0000, 0x0000, 0x0000, 0x0000, 0x0000, 0x1cc3, 0x0320, 0x35e6, 0x0320, 0x1cc3, 0x35e6, 0x1cc3, 0x0000, 0x0000, 0x0000,
    0x0000, 0x0000, 0x0000, 0xb3cc, 0xedf5, 0xdd52, 0xc490, 0xdd52, 0xedf5, 0xff3b, 0xff3b, 0xedf5, 0x8288, 0x0000, 0x0000, 0x0000,
    0x0000, 0x0000, 0x0000, 0x8a24, 0xd46c, 0xcbe9, 0xaae6, 0xcbe9, 0xdcef, 0xe5f4, 0xe5f4, 0xd46c, 0x5962, 0x0000, 0x0000, 0x0000,
    0x0000, 0x0000, 0x0000, 0x0000, 0x0000, 0x0000, 0x0000, 0x3acb, 0x3249, 0x0000, 0x0000, 0x0000, 0x0000, 0x0000, 0x0000, 0x0000,
    0x0000, 0x0000, 0x0000, 0x0000, 0x0000, 0x0000, 0x7a81, 0x7a81, 0x7a81, 0x0000, 0x0000, 0x0000, 0x0000, 0x0000, 0x0000, 0x0000,
    0x0000, 0x0000, 0x0000, 0x0000, 0x0000, 0xb9e9, 0xa126, 0x0000, 0xa126, 0x58a3, 0x0000, 0x0000, 0x0000, 0x0000, 0x0000, 0x0000,
    0x0000, 0x0000, 0x0000, 0x0000, 0x0000, 0x0000, 0x0000, 0x0000, 0x4942, 0x9328, 0x7224, 0x30c1, 0x0000, 0x0000, 0x0000, 0x0000,
    0x0000, 0x0000, 0x0000, 0x0000, 0x0000, 0x0000, 0x8b42, 0x8b42, 0xe725, 0xe725, 0xb483, 0xe725, 0x72e3, 0x0000, 0x0000, 0x0000,
    0x0000, 0x0000, 0x0000, 0x0000, 0x0000, 0x0000, 0x20c1, 0x8324, 0x72c4, 0x6a83, 0x5a03, 0x6a83, 0x28e1, 0x0000, 0x0000, 0x0000,
    0x0000, 0x0000, 0x0000, 0x0000, 0x0000, 0x0000, 0x18c3, 0x9cd3, 0x8c51, 0x7bef, 0x6b6d, 0x7bef, 0x28e1, 0x0000, 0x0000, 0x0000,
    0x0000, 0x0000, 0x0000, 0x0000, 0x0000, 0x0000, 0x18c3, 0xffff, 0xdedb, 0xc618, 0x94b2, 0xc618, 0x28e1, 0x0000, 0x0000, 0x0000,
    0x0000, 0x0000, 0x0000, 0x0000, 0x0000, 0x0000, 0x0924, 0x3759, 0x2e35, 0x2593, 0x1c4e, 0x2593, 0x28e1, 0x0000, 0x0000, 0x0000,
    0x0000, 0x0000, 0x0000, 0x0000, 0x0000, 0x0000, 0x3961, 0xffee, 0xef6a, 0xed82, 0xdca2, 0xed82, 0x28e1, 0x0000, 0x0000, 0x0000,
    0x0000, 0x0000, 0x0000, 0x0000, 0x49a2, 0x28e1, 0x8b24, 0x6b4d, 0x0000, 0x0000, 0x0000, 0x0000, 0x0000, 0x0000, 0x4228, 0x0000,
    0x0000, 0x0000, 0x0000, 0x0000, 0x9aa0, 0xdd4a, 0xdd4a, 0xcca7, 0x9ba5, 0x9ba5, 0x9ba5, 0x9ba5, 0x9ba5, 0x9aa0, 0x0000, 0x0000,
    0x0000, 0x0000, 0x0000, 0x0000, 0x0000, 0x9aa0, 0x9aa0, 0x9aa0, 0x9ba5, 0xdd4a, 0xcca7, 0xac28, 0x9aa0, 0x0000, 0x0000, 0x0000,
    0x0000, 0x0000, 0x0000, 0x0000, 0x0000, 0x0000, 0x7140, 0xfc61, 0xd341, 0x0320, 0x0320, 0x1cc3, 0x0280, 0x0320, 0x0000, 0x0000,
    0x0000, 0x0000, 0x0000, 0xb3cc, 0xedf5, 0xdd52, 0xedf5, 0xf657, 0xff3b, 0xff3b, 0xff3b, 0xf657, 0xdd52, 0x8288, 0x0000, 0x0000,
    0x0000, 0x0000, 0x0000, 0x8a24, 0xd46c, 0xcbe9, 0xd46c, 0xdcef, 0xe5f4, 0xe5f4, 0xe5f4, 0xdcef, 0xcbe9, 0x5962, 0x0000, 0x0000,
    0x0000, 0x0000, 0x0000, 0x0000, 0x0000, 0x0000, 0x3acb, 0xb6db, 0x9e18, 0x3249, 0x0000, 0x0000, 0x0000, 0x0000, 0x0000, 0x0000,
    0x0000, 0x0000, 0x0000, 0x0000, 0x0000, 0x7a81, 0xfe8d, 0xffcd, 0xfe8d, 0x6a21, 0x0000, 0x0000, 0x0000, 0x0000, 0x0000, 0x0000,
    0x0000, 0x0000, 0x0000, 0x0000, 0x0000, 0xa126, 0xa126, 0x0000, 0x58a3, 0x4882, 0x0000, 0x0000, 0x0000, 0x0000, 0x0000, 0x0000,
    0x0000, 0x0000, 0x0000, 0x0000, 0x0000, 0x9328, 0x7224, 0x0000, 0x0000, 0x4942, 0x4942, 0x30c1, 0x0000, 0x0000, 0x0000, 0x0000,
    0x0000, 0x0000, 0x0000, 0x0000, 0x0000, 0x8b42, 0xb483, 0xf792, 0xd584, 0xb483, 0xe725, 0xb483, 0xb483, 0x72e3, 0x0000, 0x0000,
    0x0000, 0x0000, 0x0000, 0x0000, 0x0000, 0x0000, 0x0000, 0x20c1, 0x20c1, 0x49a2, 0x6a83, 0x5a03, 0x6a83, 0x20c1, 0x0000, 0x0000,
    0x0000, 0x0000, 0x0000, 0x0000, 0x0000, 0x0000, 0x0000, 0x18c3, 0x18c3, 0x49a2, 0x7bef, 0x6b6d, 0x7bef, 0x18c3, 0x0000, 0x0000,
    0x0000, 0x0000, 0x0000, 0x0000, 0x0000, 0x0000, 0x0000, 0x18c3, 0x18c3, 0x49a2, 0xc618, 0x94b2, 0xc618, 0x18c3, 0x0000, 0x0000,
    0x0000, 0x0000, 0x0000, 0x0000, 0x0000, 0x0000, 0x0000, 0x0924, 0x0924, 0x49a2, 0x2593, 0x1c4e, 0x2593, 0x0924, 0x0000, 0x0000,
    0x0000, 0x0000, 0x0000, 0x0000, 0x0000, 0x0000, 0x0000, 0x3961, 0x3961, 0x49a2, 0xed82, 0xdca2, 0xed82, 0x3961, 0x0000, 0x0000,
    0x0000, 0x0000, 0x0000, 0x49a2, 0x6b4d, 0x94b2, 0x28e1, 0x8b24, 0x0000, 0x0000, 0x0000, 0x0000, 0x0000, 0x4228, 0x0000, 0x0000,
    0x0000, 0x0000, 0x0000, 0x9aa0, 0xdd4a, 0xcca7, 0x9ba5, 0x9ba5, 0xd566, 0xf66b, 0xf66b, 0xd566, 0xb4c8, 0x9aa0, 0x0000, 0x0000,
    0x0000, 0x0000, 0x0000, 0x0000, 0x9aa0, 0x9ba5, 0xac28, 0xdd4a, 0xdd4a, 0xcca7, 0xdd4a, 0xdd4a, 0xcca7, 0x9aa0, 0x0000, 0x0000,
    0x0000, 0x0000, 0x0000, 0x0000, 0x0000, 0xa9c0, 0xfc61, 0xfd27, 0xfd27, 0xd341, 0x7140, 0x0280, 0x0320, 0x1cc3, 0x0320, 0x0000,
    0x0000, 0x0000, 0x0000, 0xb3cc, 0xb3cc, 0xedf5, 0xf657, 0xff3b, 0xff3b, 0xff3b, 0xf657, 0xf657, 0xedf5, 0xdd52, 0x8288, 0x0000,
    0x0000, 0x0000, 0x0000, 0x8a24, 0x8a24, 0xcbe9, 0xdcef, 0xe5f4, 0xe5f4, 0xe5f4, 0xdcef, 0xdcef, 0xd46c, 0xcbe9, 0x5962, 0x0000,
    0x0000, 0x0000, 0x0000, 0x0000, 0x0000, 0x0000, 0x3acb, 0xcf9e, 0xb6db, 0x3249, 0x0000, 0x0000, 0x0000, 0x0000, 0x0000, 0x0000,
    0x0000, 0x0000, 0x0000, 0x0000, 0x0000, 0x7a81, 0xffcd, 0xffcd, 0xffcd, 0xffff, 0x6a21, 0x0000, 0x0000, 0x0000, 0x0000, 0x0000,
    0x0000, 0x0000, 0x0000, 0x0000, 0x0000, 0x58a3, 0x4882, 0xa126, 0x58a3, 0x0000, 0xa126, 0xa126, 0x0000, 0x0000, 0x0000, 0x0000,
    0x0000, 0x0000, 0x0000, 0x0000, 0x4942, 0x7224, 0x4942, 0x0000, 0x0000, 0x0000, 0x30c1, 0x0000, 0x0000, 0x0000, 0x0000, 0x0000,
    0x0000, 0x0000, 0x0000, 0x0000, 0x8b42, 0xe725, 0xe725, 0xb483, 0xb483, 0xe725, 0xd584, 0xb483, 0xd584, 0x72e3, 0x0000, 0x0000,
    0x0000, 0x0000, 0x0000, 0x0000, 0x0000, 0x0000, 0x0000, 0x0000, 0x49a2, 0x6a63, 0x28e1, 0x6a83, 0x6a83, 0x20c1, 0x0000, 0x0000,
    0x0000, 0x0000, 0x0000, 0x0000, 0x0000, 0x0000, 0x0000, 0x0000, 0x49a2, 0x6a63, 0x28e1, 0x7bef, 0x7bef, 0x18c3, 0x0000, 0x0000,
    0x0000, 0x0000, 0x0000, 0x0000, 0x0000, 0x0000, 0x0000, 0x0000, 0x49a2, 0x6a63, 0x28e1, 0xc618, 0xc618, 0x18c3, 0x0000, 0x0000,
    0x0000, 0x0000, 0x0000, 0x0000, 0x0000, 0x0000, 0x0000, 0x0000, 0x49a2, 0x6a63, 0x28e1, 0x2593, 0x2593, 0x0924, 0x0000, 0x0000,
    0x0000, 0x0000, 0x0000, 0x0000, 0x0000, 0x0000, 0x0000, 0x0000, 0x49a2, 0x6a63, 0x28e1, 0xed82, 0xed82, 0x3961, 0x0000, 0x0000,
    0x0000, 0x0000, 0x0000, 0x49a2, 0x6a63, 0x6b4d, 0x0000, 0x28e1, 0x8b24, 0x0000, 0x0000, 0x0000, 0x0000, 0x4228, 0x0000, 0x0000,
    0x0000, 0x0000, 0x0000, 0x9aa0, 0xcca7, 0x9ba5, 0xd566, 0xf66b, 0xf66b, 0xf66b, 0xd566, 0x9ba5, 0x9ba5, 0xcca7, 0x9aa0, 0x0000,
    0x0000, 0x0000, 0x0000, 0x9aa0, 0xdd4a, 0xedcc, 0xedcc, 0xedcc, 0xdd4a, 0xdd4a, 0xdd4a, 0xcca7, 0xcca7, 0x69a0, 0x0000, 0x0000,
    0x0000, 0x0000, 0x0000, 0x0000, 0x0000, 0xa9c0, 0xfd27, 0xfe0e, 0xfd27, 0xfc61, 0xd341, 0x7140, 0x0280, 0x0320, 0x0280, 0x0320,
    0x0000, 0x0000, 0xb3cc, 0xedf5, 0xedf5, 0xc490, 0xf657, 0xff3b, 0xff3b, 0xf657, 0xf657, 0xedf5, 0xedf5, 0xdd52, 0x8288, 0x0000,
    0x0000, 0x0000, 0x8a24, 0xd46c, 0xdcef, 0xaae6, 0xdcef, 0xe5f4, 0xe5f4, 0xdcef, 0xdcef, 0xd46c, 0xd46c, 0xcbe9, 0x5962, 0x0000,
    0x0000, 0x0000, 0x0000, 0x0000, 0x0000, 0x3acb, 0xb6db, 0xcf9e, 0xcf9e, 0x9e18, 0x3249, 0x0000, 0x0000, 0x0000, 0x0000, 0x0000,
    0x0000, 0x0000, 0x0000, 0x0000, 0x0000, 0x7a81, 0xffcd, 0xffcd, 0xffff, 0xed82, 0x6a21, 0x0000, 0x0000, 0x0000, 0x0000, 0x0000,
    0x0000, 0x0000, 0x0000, 0x0000, 0xb9e9, 0xa126, 0x58a3, 0x58a3, 0x4882, 0x0000, 0xb9e9, 0x58a3, 0x0000, 0x0000, 0x0000, 0x0000,
    0x0000, 0x0000, 0x0000, 0x0000, 0x30c1, 0x4942, 0x30c1, 0x0000, 0x7224, 0x4942, 0x0000, 0x0000, 0x7224, 0x30c1, 0x0000, 0x0000,
    0x0000, 0x0000, 0x0000, 0x8b42, 0xe725, 0xd584, 0xb483, 0xf792, 0xe725, 0xd584, 0xb483, 0xe725, 0x72e3, 0x0000, 0x0000, 0x0000,
    0x0000, 0x0000, 0x0000, 0x0000, 0x0000, 0x0000, 0x0000, 0x49a2, 0x8b24, 0x28e1, 0x0000, 0x20c1, 0x20c1, 0x0000, 0x0000, 0x0000,
    0x0000, 0x0000, 0x0000, 0x0000, 0x0000, 0x0000, 0x0000, 0x49a2, 0x8b24, 0x28e1, 0x0000, 0x18c3, 0x18c3, 0x0000, 0x0000, 0x0000,
    0x0000, 0x0000, 0x0000, 0x0000, 0x0000, 0x0000, 0x0000, 0x49a2, 0x8b24, 0x28e1, 0x0000, 0x18c3, 0x18c3, 0x0000, 0x0000, 0x0000,
    0x0000, 0x0000, 0x0000, 0x0000, 0x0000, 0x0000, 0x0000, 0x49a2, 0x8b24, 0x28e1, 0x0000, 0x0924, 0x0924, 0x0000, 0x0000, 0x0000,
    0x0000, 0x0000, 0x0000, 0x0000, 0x0000, 0x0000, 0x0000, 0x49a2, 0x8b24, 0x28e1, 0x0000, 0x3961, 0x3961, 0x0000, 0x0000, 0x0000,
    0x0000, 0x0000, 0x49a2, 0x8b24, 0x28e1, 0x0000, 0x0000, 0x0000, 0x28e1, 0x8b24, 0x0000, 0x0000, 0x4228, 0x0000, 0x0000, 0x0000,
    0x0000, 0x0000, 0x9aa0, 0xac28, 0x9ba5, 0xd566, 0xf66b, 0xf66b, 0xf66b, 0xd566, 0x9ba5, 0xdd4a, 0xcca7, 0xcca7, 0x69a0, 0x0000,
    0x0000, 0x0000, 0x9aa0, 0xcca7, 0xedcc, 0xfe90, 0xfe90, 0xedcc, 0xdd4a, 0xdd4a, 0xdd4a, 0xcca7, 0x8347, 0x69a0, 0x0000, 0x0000,
    0x0000, 0x0000, 0x0000, 0x0000, 0xa9c0, 0xd341, 0xfe0e, 0xfe0e, 0xfc61, 0xd341, 0xa9c0, 0x7140, 0x0320, 0x0320, 0x0000, 0x0000,
    0x0000, 0x0000, 0xb3cc, 0xedf5, 0xedf5, 0xb3cc, 0xf657, 0xc490, 0xb3cc, 0xb3cc, 0xedf5, 0xedf5, 0xdd52, 0xc490, 0x8288, 0x0000,
    0x0000, 0x0000, 0x8a24, 0xd46c, 0xd46c, 0x8a24, 0xdcef, 0xaae6, 0x8a24, 0x8a24, 0xd46c, 0xd46c, 0xcbe9, 0xaae6, 0x5962, 0x0000,
    0x0000, 0x0000, 0x0000, 0x0000, 0x0000, 0x3acb, 0xcf9e, 0xffff, 0xcf9e, 0x9e18, 0x3249, 0x0000, 0x0000, 0x0000, 0x0000, 0x0000,
    0x0000, 0x0000, 0x0000, 0x0000, 0x0000, 0x7a81, 0xffff, 0xffff, 0xed82, 0xdca2, 0x6a21, 0x0000, 0x0000, 0x0000, 0x0000, 0x0000,
    0x0000, 0x0000, 0x0000, 0x0000, 0x4882, 0x58a3, 0x58a3, 0xb9e9, 0xa126, 0x58a3, 0x58a3, 0x4882, 0x0000, 0x0000, 0x0000, 0x0000,
    0x0000, 0x0000, 0x0000, 0x0000, 0x0000, 0x30c1, 0x0000, 0x7224, 0x9328, 0x30c1, 0x0000, 0x7224, 0x9328, 0x30c1, 0x0000, 0x0000,
    0x0000, 0x0000, 0x8b42, 0xf792, 0xe725, 0xb483, 0xd584, 0xe725, 0xd584, 0xb483, 0xe725, 0xd584, 0xb483, 0x72e3, 0x0000, 0x0000,
    0x0000, 0x0000, 0x0000, 0x0000, 0x0000, 0x0000, 0x49a2, 0x6a63, 0x28e1, 0x0000, 0x0000, 0x0000, 0x0000, 0x0000, 0x0000, 0x0000,
    0x0000, 0x0000, 0x0000, 0x0000, 0x0000, 0x0000, 0x49a2, 0x6a63, 0x28e1, 0x0000, 0x0000, 0x0000, 0x0000, 0x0000, 0x0000, 0x0000,
    0x0000, 0x0000, 0x0000, 0x0000, 0x0000, 0x0000, 0x49a2, 0x6a63, 0x28e1, 0x0000, 0x0000, 0x0000, 0x0000, 0x0000, 0x0000, 0x0000,
    0x0000, 0x0000, 0x0000, 0x0000, 0x0000, 0x0000, 0x49a2, 0x6a63, 0x28e1, 0x0000, 0x0000, 0x0000, 0x0000, 0x0000, 0x0000, 0x0000,
    0x0000, 0x0000, 0x0000, 0x0000, 0x0000, 0x0000, 0x49a2, 0x6a63, 0x28e1, 0x0000, 0x0000, 0x0000, 0x0000, 0x0000, 0x0000, 0x0000,
    0x0000, 0x0000, 0x49a2, 0x6a63, 0x28e1, 0x0000, 0x0000, 0x0000, 0x0000, 0x28e1, 0x8b24, 0x0000, 0x4228, 0x0000, 0x0000, 0x0000,
    0x0000, 0x0000, 0x9aa0, 0xdd4a, 0x9ba5, 0xf66b, 0xf66b, 0xd566, 0xb4c8, 0x9ba5, 0xdd4a, 0xdd4a, 0xcca7, 0x8347, 0x69a0, 0x0000,
    0x0000, 0x0000, 0x9aa0, 0xdd4a, 0xedcc, 0xfe90, 0xfe90, 0xdd4a, 0xdd4a, 0xdd4a, 0xcca7, 0x9ba5, 0x9ba5, 0x69a0, 0x0000, 0x0000,
    0x0000, 0x0000, 0x0000, 0x0000, 0xa9c0, 0xfd27, 0xfd27, 0xfc61, 0xd341, 0xd341, 0x7140, 0x0280, 0x0000, 0x0320, 0x0000, 0x0000,
    0x0000, 0x0000, 0xb3cc, 0xedf5, 0xdd52, 0xb3cc, 0xb3cc, 0xedf5, 0xff3b, 0xedf5, 0xb3cc, 0xdd52, 0xdd52, 0x8288, 0x0000, 0x0000,
    0x0000, 0x0000, 0x8a24, 0xd46c, 0xcbe9, 0x8a24, 0x8a24, 0xdcef, 0xe5f4, 0xdcef, 0x8a24, 0xcbe9, 0xcbe9, 0x5962, 0x0000, 0x0000,
    0x0000, 0x0000, 0x0000, 0x0000, 0x0000, 0x3acb, 0xb6db, 0xffff, 0xb6db, 0x9e18, 0x3249, 0x0000, 0x0000, 0x0000, 0x0000, 0x0000,
    0x0000, 0x0000, 0x0000, 0x0000, 0x0000, 0x0000, 0x7a81, 0xfe8d, 0xdca2, 0xdca2, 0x6a21, 0x0000, 0x0000, 0x0000, 0x0000, 0x0000,
    0x0000, 0x0000, 0x0000, 0x0000, 0x0000, 0xa126, 0x4882, 0x58a3, 0x58a3, 0x58a3, 0x0000, 0x0000, 0x0000, 0x0000, 0x0000, 0x0000,
    0x0000, 0x0000, 0x0000, 0x7224, 0x7224, 0x0000, 0x0000, 0x30c1, 0x30c1, 0x0000, 0x0000, 0x7224, 0x4942, 0x30c1, 0x0000, 0x0000,
    0x0000, 0x0000, 0x8b42, 0xe725, 0xb483, 0xe725, 0xb483, 0xd584, 0xb483, 0xe725, 0xe725, 0xb483, 0xd584, 0x72e3, 0x0000, 0x0000,
    0x0000, 0x0000, 0x0000, 0x0000, 0x0000, 0x49a2, 0x6a63, 0x28e1, 0x0000, 0x0000, 0x0000, 0x0000, 0x0000, 0x0000, 0x0000, 0x0000,
    0x0000, 0x0000, 0x0000, 0x0000, 0x0000, 0x49a2, 0x6a63, 0x28e1, 0x0000, 0x0000, 0x0000, 0x0000, 0x0000, 0x0000, 0x0000, 0x0000,
    0x0000, 0x0000, 0x0000, 0x0000, 0x0000, 0x49a2, 0x6a63, 0x28e1, 0x0000, 0x0000, 0x0000, 0x0000, 0x0000, 0x0000, 0x0000, 0x0000,
    0x0000, 0x0000, 0x0000, 0x0000, 0x0000, 0x49a2, 0x6a63, 0x28e1, 0x0000, 0x0000, 0x0000, 0x0000, 0x0000, 0x0000, 0x0000, 0x0000,
    0x0000, 0x0000, 0x0000, 0x0000, 0x0000, 0x49a2, 0x6a63, 0x28e1, 0x0000, 0x0000, 0x0000, 0x0000, 0x0000, 0x0000, 0x0000, 0x0000,
    0x0000, 0x0000, 0x49a2, 0x8b24, 0x28e1, 0x0000, 0x0000, 0x0000, 0x0000, 0x0000, 0x28e1, 0x8b24, 0x0000, 0x0000, 0x0000, 0x0000,
    0x0000, 0x0000, 0x9aa0, 0xcca7, 0x9ba5, 0xd566, 0xb4c8, 0x9ba5, 0x9ba5, 0xdd4a, 0xdd4a, 0xcca7, 0x9ba5, 0x9ba5, 0x69a0, 0x0000,
    0x0000, 0x0000, 0x69a0, 0xcca7, 0xac28, 0xedcc, 0xdd4a, 0xdd4a, 0xac28, 0xcca7, 0x9ba5, 0x9ba5, 0x69a0, 0x0000, 0x0000, 0x0000,
    0x0000, 0x0000, 0x0000, 0xa9c0, 0xd341, 0xfd27, 0xfc61, 0xd341, 0xa9c0, 0x7140, 0x0000, 0x0000, 0x0000, 0x0000, 0x0000, 0x0000,
    0x0000, 0x0000, 0xb3cc, 0xdd52, 0xb3cc, 0xc490, 0xb3cc, 0xff3b, 0xff3b, 0xedf5, 0xc490, 0xb3cc, 0xc490, 0x8288, 0x0000, 0x0000,
    0x0000, 0x0000, 0x8a24, 0xcbe9, 0x8a24, 0xaae6, 0x8a24, 0xe5f4, 0xe5f4, 0xdcef, 0xaae6, 0x8a24, 0xaae6, 0x5962, 0x0000, 0x0000,
    0x0000, 0x0000, 0x0000, 0x0000, 0x0000, 0x0000, 0x3249, 0xb6db, 0x9e18, 0x3249, 0x0000, 0x0000, 0x0000, 0x0000, 0x0000, 0x0000,
    0x0000, 0x0000, 0x0000, 0x0000, 0x0000, 0x0000, 0x7a81, 0xfe8d, 0xdca2, 0x6a21, 0x0000, 0x0000, 0x0000, 0x0000, 0x0000, 0x0000,
    0x0000, 0x0000, 0x0000, 0x0000, 0x0000, 0x58a3, 0x4882, 0x0000, 0xa126, 0x58a3, 0x0000, 0x0000, 0x0000, 0x0000, 0x0000, 0x0000,
    0x0000, 0x0000, 0x0000, 0x7224, 0x9328, 0x4942, 0x0000, 0x0000, 0x0000, 0x7224, 0x0000, 0x0000, 0x30c1, 0x0000, 0x0000, 0x0000,
    0x0000, 0x0000, 0x8b42, 0xd584, 0xb483, 0xf792, 0xd584, 0xb483, 0xd584, 0xb483, 0xd584, 0xb483, 0xd584, 0x72e3, 0x0000, 0x0000,
    0x0000, 0x0000, 0x0000, 0x0000, 0x49a2, 0x8b24, 0x28e1, 0x0000, 0x0000, 0x0000, 0x0000, 0x0000, 0x0000, 0x0000, 0x0000, 0x0000,
    0x0000, 0x0000, 0x0000, 0x0000, 0x49a2, 0x8b24, 0x28e1, 0x0000, 0x0000, 0x0000, 0x0000, 0x0000, 0x0000, 0x0000, 0x0000, 0x0000,
    0x0000, 0x0000, 0x0000, 0x0000, 0x49a2, 0x8b24, 0x28e1, 0x0000, 0x0000, 0x0000, 0x0000, 0x0000, 0x0000, 0x0000, 0x0000, 0x0000,
    0x0000, 0x0000, 0x0000, 0x0000, 0x49a2, 0x8b24, 0x28e1, 0x0000, 0x0000, 0x0000, 0x0000, 0x0000, 0x0000, 0x0000, 0x0000, 0x0000,
    0x0000, 0x0000, 0x0000, 0x0000, 0x49a2, 0x8b24, 0x28e1, 0x0000, 0x0000, 0x0000, 0x0000, 0x0000, 0x0000, 0x0000, 0x0000, 0x0000,
    0x0000, 0x0000, 0x49a2, 0x8b24, 0x28e1, 0x0000, 0x0000, 0x0000, 0x0000, 0x0000, 0x4228, 0x0000, 0x0000, 0x0000, 0x0000, 0x0000,
    0x0000, 0x0000, 0x9aa0, 0x9ba5, 0xb4c8, 0xb4c8, 0x9ba5, 0xdd4a, 0xdd4a, 0xac28, 0xcca7, 0x9ba5, 0x8347, 0x69a0, 0x0000, 0x0000,
    0x0000, 0x0000, 0x69a0, 0x9ba5, 0xac28, 0xcca7, 0xdd4a, 0xcca7, 0xcca7, 0x9ba5, 0x69a0, 0x69a0, 0x0000, 0x0000, 0x0000, 0x0000,
    0x0000, 0x0000, 0x0000, 0xa9c0, 0xfc61, 0xd341, 0xd341, 0x7140, 0x7140, 0x0000, 0x0000, 0x0000, 0x0000, 0x0000, 0x0000, 0x0000,
    0x0000, 0x0000, 0xdd50, 0xb3cc, 0xc490, 0xb3cc, 0xdd52, 0xff3b, 0xedf5, 0xdd52, 0xb3cc, 0x8288, 0x8288, 0x0000, 0x0000, 0x0000,
    0x0000, 0x0000, 0xdd50, 0x8a24, 0xaae6, 0x8a24, 0xcbe9, 0xdcef, 0xdcef, 0xcbe9, 0x8a24, 0x5962, 0x5962, 0x0000, 0x0000, 0x0000,
    0x0000, 0x0000, 0x0000, 0x0000, 0x0000, 0x0000, 0x0000, 0x3249, 0x3249, 0x0000, 0x0000, 0x0000, 0x0000, 0x0000, 0x0000, 0x0000,
    0x0000, 0x0000, 0x0000, 0x0000, 0x0000, 0x0000, 0x0000, 0x7a81, 0x6a21, 0x0000, 0x0000, 0x0000, 0x0000, 0x0000, 0x0000, 0x0000,
    0x0000, 0x0000, 0x0000, 0x0000, 0x0000, 0x0000, 0xa126, 0xa126, 0x4882, 0x4882, 0x0000, 0x0000, 0x0000, 0x0000, 0x0000, 0x0000,
    0x0000, 0x0000, 0x0000, 0x4942, 0x7224, 0x30c1, 0x0000, 0x0000, 0x7224, 0x9328, 0x30c1, 0x0000, 0x0000, 0x0000, 0x0000, 0x0000,
    0x0000, 0x0000, 0x0000, 0x72e3, 0xd584, 0xb483, 0xd584, 0xd584, 0xb483, 0xd584, 0xb483, 0xd584, 0x72e3, 0x0000, 0x0000, 0x0000,
    0x0000, 0x0000, 0x0000, 0x49a2, 0x6a63, 0x28e1, 0x0000, 0x0000, 0x0000, 0x0000, 0x0000, 0x0000, 0x0000, 0x0000, 0x0000, 0x0000,
    0x0000, 0x0000, 0x0000, 0x49a2, 0x6a63, 0x28e1, 0x0000, 0x0000, 0x0000, 0x0000, 0x0000, 0x0000, 0x0000, 0x0000, 0x0000, 0x0000,
    0x0000, 0x0000, 0x0000, 0x49a2, 0x6a63, 0x28e1, 0x0000, 0x0000, 0x0000, 0x0000, 0x0000, 0x0000, 0x0000, 0x0000, 0x0000, 0x0000,
    0x0000, 0x0000, 0x0000, 0x49a2, 0x6a63, 0x28e1, 0x0000, 0x0000, 0x0000, 0x0000, 0x0000, 0x0000, 0x0000, 0x0000, 0x0000, 0x0000,
    0x0000, 0x0000, 0x0000, 0x49a2, 0x6a63, 0x28e1, 0x0000, 0x0000, 0x0000, 0x0000, 0x0000, 0x0000, 0x0000, 0x0000, 0x0000, 0x0000,
    0x0000, 0x49a2, 0x8b24, 0x28e1, 0x0000, 0x0000, 0x0000, 0x0000, 0x4228, 0x4228, 0x0000, 0x0000, 0x0000, 0x0000, 0x0000, 0x0000,
    0x0000, 0x0000, 0x0000, 0x69a0, 0xb4c8, 0x9ba5, 0xcca7, 0xdd4a, 0xcca7, 0xcca7, 0x9ba5, 0x69a0, 0x69a0, 0x0000, 0x0000, 0x0000,
    0x0000, 0x0000, 0x0000, 0x69a0, 0x8347, 0xac28, 0xac28, 0x9ba5, 0x69a0, 0x69a0, 0x0000, 0x0000, 0x0000, 0x0000, 0x0000, 0x0000,
    0x0000, 0x0000, 0xa9c0, 0xfc61, 0xd341, 0xa9c0, 0x7140, 0x0000, 0x0000, 0x0000, 0x0000, 0x0000, 0x0000, 0x0000, 0x0000, 0x0000,
    0x0000, 0x0000, 0xee55, 0x8288, 0xb3cc, 0xb3cc, 0xedf5, 0xedf5, 0xdd52, 0xb3cc, 0x8288, 0x0000, 0x0000, 0x0000, 0x0000, 0x0000,
    0x0000, 0x0000, 0xee55, 0x5962, 0x8a24, 0x8a24, 0xdcef, 0xdcef, 0xcbe9, 0x8a24, 0x5962, 0x0000, 0x0000, 0x0000, 0x0000, 0x0000,
    0x0000, 0x0000, 0x0000, 0x0000, 0x0000, 0x0000, 0x0000, 0x0000, 0x0000, 0x0000, 0x0000, 0x0000, 0x0000, 0x0000, 0x0000, 0x0000,
    0x0000, 0x0000, 0x0000, 0x0000, 0x0000, 0x0000, 0x0000, 0x0000, 0x0000, 0x0000, 0x0000, 0x0000, 0x0000, 0x0000, 0x0000, 0x0000,
    0x0000, 0x0000, 0x0000, 0x0000, 0x0000, 0x0000, 0x58a3, 0x4882, 0x0000, 0x0000, 0x0000, 0x0000, 0x0000, 0x0000, 0x0000, 0x0000,
    0x0000, 0x0000, 0x0000, 0x0000, 0x30c1, 0x30c1, 0x0000, 0x30c1, 0x7224, 0x4942, 0x30c1, 0x0000, 0x0000, 0x0000, 0x0000, 0x0000,
    0x0000, 0x0000, 0x0000, 0x0000, 0x72e3, 0x72e3, 0xd584, 0xb483, 0xd584, 0xd584, 0x72e3, 0x72e3, 0x0000, 0x0000, 0x0000, 0x0000,
    0x0000, 0x0000, 0x49a2, 0x8b24, 0x28e1, 0x0000, 0x0000, 0x0000, 0x0000, 0x0000, 0x0000, 0x0000, 0x0000, 0x0000, 0x0000, 0x0000,
    0x0000, 0x0000, 0x49a2, 0x8b24, 0x28e1, 0x0000, 0x0000, 0x0000, 0x0000, 0x0000, 0x0000, 0x0000, 0x0000, 0x0000, 0x0000, 0x0000,
    0x0000, 0x0000, 0x49a2, 0x8b24, 0x28e1, 0x0000, 0x0000, 0x0000, 0x0000, 0x0000, 0x0000, 0x0000, 0x0000, 0x0000, 0x0000, 0x0000,
    0x0000, 0x0000, 0x49a2, 0x8b24, 0x28e1, 0x0000, 0x0000, 0x0000, 0x0000, 0x0000, 0x0000, 0x0000, 0x0000, 0x0000, 0x0000, 0x0000,
    0x0000, 0x0000, 0x49a2, 0x8b24, 0x28e1, 0x0000, 0x0000, 0x0000, 0x0000, 0x0000, 0x0000, 0x0000, 0x0000, 0x0000, 0x0000, 0x0000,
    0x0000, 0x49a2, 0x6a63, 0x28e1, 0x0000, 0x0000, 0x4228, 0x4228, 0x0000, 0x0000, 0x0000, 0x0000, 0x0000, 0x0000, 0x0000, 0x0000,
    0x0000, 0x0000, 0x0000, 0x0000, 0x69a0, 0x8347, 0xac28, 0xac28, 0x9ba5, 0x69a0, 0x69a0, 0x0000, 0x0000, 0x0000, 0x0000, 0x0000,
    0x0000, 0x0000, 0x0000, 0x0000, 0x69a0, 0x69a0, 0x69a0, 0x69a0, 0x0000, 0x0000, 0x0000, 0x0000, 0x0000, 0x0000, 0x0000, 0x0000,
    0x0000, 0x0000, 0xa9c0, 0xd341, 0x7140, 0x7140, 0x0000, 0x0000, 0x0000, 0x0000, 0x0000, 0x0000, 0x0000, 0x0000, 0x0000, 0x0000,
    0x0000, 0x0000, 0x0000, 0x0000, 0x8288, 0xdd50, 0xb3cc, 0xb3cc, 0x8288, 0x8288, 0x0000, 0x0000, 0x0000, 0x0000, 0x0000, 0x0000,
    0x0000, 0x0000, 0x0000, 0x0000, 0x5962, 0xdd50, 0x8a24, 0x8a24, 0x5962, 0x5962, 0x0000, 0x0000, 0x0000, 0x0000, 0x0000, 0x0000,
    0x0000, 0x0000, 0x0000, 0x0000, 0x0000, 0x0000, 0x0000, 0x0000, 0x0000, 0x0000, 0x0000, 0x0000, 0x0000, 0x0000, 0x0000, 0x0000,
    0x0000, 0x0000, 0x0000, 0x0000, 0x0000, 0x0000, 0x0000, 0x0000, 0x0000, 0x0000, 0x0000, 0x0000, 0x0000, 0x0000, 0x0000, 0x0000,
    0x0000, 0x0000, 0x0000, 0x0000, 0x0000, 0x0000, 0x0000, 0x0000, 0x0000, 0x0000, 0x0000, 0x0000, 0x0000, 0x0000, 0x0000, 0x0000,
    0x0000, 0x0000, 0x0000, 0x0000, 0x0000, 0x0000, 0x0000, 0x0000, 0x30c1, 0x30c1, 0x0000, 0x0000, 0x0000, 0x0000, 0x0000, 0x0000,
    0x0000, 0x0000, 0x0000, 0x0000, 0x0000, 0x0000, 0x72e3, 0x72e3, 0x72e3, 0x72e3, 0x0000, 0x0000, 0x0000, 0x0000, 0x0000, 0x0000,
    0x0000, 0x0000, 0x28e1, 0x28e1, 0x0000, 0x0000, 0x0000, 0x0000, 0x0000, 0x0000, 0x0000, 0x0000, 0x0000, 0x0000, 0x0000, 0x0000,
    0x0000, 0x0000, 0x28e1, 0x28e1, 0x0000, 0x0000, 0x0000, 0x0000, 0x0000, 0x0000, 0x0000, 0x0000, 0x0000, 0x0000, 0x0000, 0x0000,
    0x0000, 0x0000, 0x28e1, 0x28e1, 0x0000, 0x0000, 0x0000, 0x0000, 0x0000, 0x0000, 0x0000, 0x0000, 0x0000, 0x0000, 0x0000, 0x0000,
    0x0000, 0x0000, 0x28e1, 0x28e1, 0x0000, 0x0000, 0x0000, 0x0000, 0x0000, 0x0000, 0x0000, 0x0000, 0x0000, 0x0000, 0x0000, 0x0000,
    0x0000, 0x0000, 0x28e1, 0x28e1, 0x0000, 0x0000, 0x0000, 0x0000, 0x0000, 0x0000, 0x0000, 0x0000, 0x0000, 0x0000, 0x0000, 0x0000,
    0x0000, 0x49a2, 0x8b24, 0x28e1, 0x4228, 0x4228, 0x0000, 0x0000, 0x0000, 0x0000, 0x0000, 0x0000, 0x0000, 0x0000, 0x0000, 0x0000,
    0x0000, 0x0000, 0x0000, 0x0000, 0x0000, 0x69a0, 0x69a0, 0x69a0, 0x69a0, 0x0000, 0x0000, 0x0000, 0x0000, 0x0000, 0x0000, 0x0000,
    0x0000, 0x0000, 0x0000, 0x0000, 0x0000, 0x0000, 0x0000, 0x0000, 0x0000, 0x0000, 0x0000, 0x0000, 0x0000, 0x0000, 0x0000, 0x0000,
    0x0000, 0x0000, 0x7140, 0x7140, 0x0000, 0x0000, 0x0000, 0x0000, 0x0000, 0x0000, 0x0000, 0x0000, 0x0000, 0x0000, 0x0000, 0x0000,
    0x0000, 0x0000, 0x0000, 0x0000, 0xee55, 0x8288, 0x8288, 0x8288, 0x0000, 0x0000, 0x0000, 0x0000, 0x0000, 0x0000, 0x0000, 0x0000,
    0x0000, 0x0000, 0x0000, 0x0000, 0xee55, 0x5962, 0x5962, 0x5962, 0x0000, 0x0000, 0x0000, 0x0000, 0x0000, 0x0000, 0x0000, 0x0000,
    0x0000, 0x0000, 0x0000, 0x0000, 0x0000, 0x0000, 0x0000, 0x0000, 0x0000, 0x0000, 0x0000, 0x0000, 0x0000, 0x0000, 0x0000, 0x0000,
    0x0000, 0x0000, 0x0000, 0x0000, 0x0000, 0x0000, 0x0000, 0x0000, 0x0000, 0x0000, 0x0000, 0x0000, 0x0000, 0x0000, 0x0000, 0x0000,
    0x0000, 0x0000, 0x0000, 0x0000, 0x0000, 0x0000, 0x0000, 0x0000, 0x0000, 0x0000, 0x0000, 0x0000, 0x0000, 0x0000, 0x0000, 0x0000,
    0x0000, 0x0000, 0x0000, 0x0000, 0x0000, 0x0000, 0x0000, 0x0000, 0x0000, 0x0000, 0x0000, 0x0000, 0x0000, 0x0000, 0x0000, 0x0000,
    0x0000, 0x0000, 0x0000, 0x0000, 0x0000, 0x0000, 0x0000, 0x0000, 0x0000, 0x0000, 0x0000, 0x0000, 0x0000, 0x0000, 0x0000, 0x0000,
    0x0000, 0x0000, 0x0000, 0x0000, 0x0000, 0x0000, 0x0000, 0x0000, 0x0000, 0x0000, 0x0000, 0x0000, 0x0000, 0x0000, 0x0000, 0x0000,
    0x0000, 0x0000, 0x0000, 0x0000, 0x0000, 0x0000, 0x0000, 0x0000, 0x0000, 0x0000, 0x0000, 0x0000, 0x0000, 0x0000, 0x0000, 0x0000,
    0x0000, 0x0000, 0x0000, 0x0000, 0x0000, 0x0000, 0x0000, 0x0000, 0x0000, 0x0000, 0x0000, 0x0000, 0x0000, 0x0000, 0x0000, 0x0000,
    0x0000, 0x0000, 0x0000, 0x0000, 0x0000, 0x0000, 0x0000, 0x0000, 0x0000, 0x0000, 0x0000, 0x0000, 0x0000, 0x0000, 0x0000, 0x0000,
    0x0000, 0x0000, 0x0000, 0x0000, 0x0000, 0x0000, 0x0000, 0x0000, 0x0000, 0x0000, 0x0000, 0x0000, 0x0000, 0x0000, 0x0000, 0x0000,
    0x0000, 0x0000, 0x28e1, 0x0000, 0x0000, 0x0000, 0x0000, 0x0000, 0x0000, 0x0000, 0x0000, 0x0000, 0x0000, 0x0000, 0x0000, 0x0000,
    0x0000, 0x0000, 0x0000, 0x0000, 0x0000, 0x0000, 0x0000, 0x0000, 0x0000, 0x0000, 0x0000, 0x0000, 0x0000, 0x0000, 0x0000, 0x0000,
    0x0000, 0x0000, 0x0000, 0x0000, 0x0000, 0x0000, 0x0000, 0x0000, 0x0000, 0x0000, 0x0000, 0x0000, 0x0000, 0x0000, 0x0000, 0x0000,
    0x0000, 0x0000, 0x0000, 0x0000, 0x0000, 0x0000, 0x0000, 0x0000, 0x0000, 0x0000, 0x0000, 0x0000, 0x0000, 0x0000, 0x0000, 0x0000,
    0x0000, 0x0000, 0x0000, 0x0000, 0x0000, 0x0000, 0x0000, 0x0000, 0x0000, 0x0000, 0x0000, 0x0000, 0x0000, 0x0000, 0x0000, 0x0000,
    0x0000, 0x0000, 0x0000, 0x0000, 0x0000, 0x0000, 0x0000, 0x0000, 0x0000, 0x0000, 0x0000, 0x0000, 0x0000, 0x0000, 0x0000, 0x0000,
    0x0000, 0x0000, 0x0000, 0x0000, 0x0000, 0x0000, 0x0000, 0x0000, 0x0000, 0x0000, 0x0000, 0x0000, 0x0000, 0x0000, 0x0000, 0x0000,
    0x0000, 0x0000, 0x0000, 0x0000, 0x0000, 0x0000, 0x0000, 0x0000, 0x0000, 0x0000, 0x0000, 0x0000, 0x0000, 0x0000, 0x0000, 0x0000,
    0x0000, 0x0000, 0x0000, 0x0000, 0x0000, 0x0000, 0x0000, 0x0000, 0x0000, 0x0000, 0x0000, 0x0000, 0x0000, 0x0000, 0x0000, 0x0000,
    0x0000, 0x0000, 0x0000, 0x0000, 0x0000, 0x0000, 0x0000, 0x0000, 0x0000, 0x0000, 0x0000, 0x0000, 0x0000, 0x0000, 0x0000, 0x0000,
    0x0000, 0x0000, 0x0000, 0x0000, 0x0000, 0x0000, 0x0000, 0x0000, 0x0000, 0x0000, 0x0000, 0x0000, 0x0000, 0x0000, 0x0000, 0x0000,
    0x0000, 0x0000, 0x0000, 0x0000, 0x0000, 0x0000, 0x0000, 0x0000, 0x0000, 0x0000, 0x0000, 0x0000, 0x0000, 0x0000, 0x0000, 0x0000,
    0x0000, 0x0000, 0x0000, 0x0000, 0x0000, 0x0000, 0x0000, 0x0000, 0x0000, 0x0000, 0x0000, 0x0000, 0x0000, 0x0000, 0x0000, 0x0000,
    0x0000, 0x0000, 0x0000, 0x0000, 0x0000, 0x0000, 0x0000, 0x0000, 0x0000, 0x0000, 0x0000, 0x0000, 0x0000, 0x0000, 0x0000, 0x0000,
    0x0000, 0x0000, 0x0000, 0x0000, 0x0000, 0x0000, 0x0000, 0x0000, 0x0000, 0x0000, 0x0000, 0x0000, 0x0000, 0x0000, 0x0000, 0x0000,
    0x0000, 0x0000, 0x0000, 0x0000, 0x0000, 0x0000, 0x0000, 0x0000, 0x0000, 0x0000, 0x0000, 0x0000, 0x0000, 0x0000, 0x0000, 0x0000,
    0x0000, 0x0000, 0x0000, 0x0000, 0x0000, 0x0000, 0x0000, 0x0000, 0x0000, 0x0000, 0x0000, 0x0000, 0x0000, 0x0000, 0x0000, 0x0000,
    0x0000, 0x0000, 0x0000, 0x0000, 0x0000, 0x0000, 0x0000, 0x0000, 0x0000, 0x0000, 0x0000, 0x0000, 0x0000, 0x0000, 0x0000, 0x0000,
    0x0000, 0x0000, 0x0000, 0x0000, 0x0000, 0x0000, 0x0000, 0x0000, 0x0000, 0x0000, 0x0000, 0x0000, 0x0000, 0x0000, 0x0000, 0x0000,
    0x0000, 0x0000, 0x0000, 0x0000, 0x0000, 0x0000, 0x0000, 0x0000, 0x0000, 0x0000, 0x0000, 0x0000, 0x0000, 0x0000, 0x0000, 0x0000,
    0x0000, 0x0000, 0x0000, 0x0000, 0x0000, 0x0000, 0x0000, 0x0000, 0x0000, 0x0000, 0x0000, 0x0000, 0x0000, 0x0000, 0x0000, 0x0000,
    0x0000, 0x0000, 0x0000, 0x0000, 0x0000, 0x0000, 0x0000, 0x0000, 0x0000, 0x0000, 0x0000, 0x0000, 0x0000, 0x0000, 0x0000, 0x0000,
    0x0000, 0x0000, 0x0000, 0x0000, 0x0000, 0x0000, 0x0000, 0x0000, 0x0000, 0x0000, 0x0000, 0x0000, 0x0000, 0x0000, 0x0000, 0x0000,
    0x0000, 0x0000, 0x0000, 0x0000, 0x0000, 0x0000, 0x0000, 0x0000, 0x0000, 0x0000, 0x0000, 0x0000, 0x0000, 0x0000, 0x0000, 0x0000,
    0x0000, 0x0000, 0x0000, 0x0000, 0x0000, 0x0000, 0x0000, 0x0000, 0x0000, 0x0000, 0x0000, 0x0000, 0x0000, 0x0000, 0x0000, 0x0000,
    0x0000, 0x0000, 0x0000, 0x0000, 0x0000, 0x0000, 0x0000, 0x0000, 0x0000, 0x0000, 0x0000, 0x0000, 0x0000, 0x0000, 0x0000, 0x0000,
    0x0000, 0x0000, 0x0000, 0x0000, 0x0000, 0x0000, 0x0000, 0x0000, 0x0000, 0x0000, 0x0000, 0x0000, 0x0000, 0x0000, 0x0000, 0x0000,
    0x0000, 0x0000, 0x0000, 0x0000, 0x0000, 0x0000, 0x0000, 0x3142, 0x3142, 0x3142, 0x0000, 0x0000, 0x0000, 0x0000, 0x0000, 0x0000,
    0x0000, 0x0000, 0x0000, 0x0000, 0x0000, 0x0000, 0x0000, 0x4a49, 0x4a49, 0x4a49, 0x0000, 0x0000, 0x0000, 0x0000, 0x0000, 0x0000,
    0x0000, 0x0000, 0x0000, 0x0000, 0x0000, 0x0000, 0x0000, 0x4228, 0x4228, 0x4228, 0x0000, 0x0000, 0x0000, 0x0000, 0x0000, 0x0000,
    0x0000, 0x0000, 0x0000, 0x0000, 0x0000, 0x0000, 0x0000, 0x09e6, 0x09e6, 0x09e6, 0x0000, 0x0000, 0x0000, 0x0000, 0x0000, 0x0000,
    0x0000, 0x0000, 0x0000, 0x0000, 0x0000, 0x0000, 0x0000, 0x82e2, 0x82e2, 0x82e2, 0x0000, 0x0000, 0x0000, 0x0000, 0x0000, 0x0000,
    0x0000, 0x0000, 0x0000, 0x0000, 0x0000, 0x0000, 0x0000, 0x0000, 0x0000, 0x0000, 0x0000, 0x0000, 0x0000, 0x0000, 0x0000, 0x0000,
    0x0000, 0x0000, 0x0000, 0x0000, 0x0000, 0x0000, 0x0000, 0x0000, 0x0000, 0x0000, 0x0000, 0x0000, 0x0000, 0x0000, 0x0000, 0x0000,
    0x0000, 0x0000, 0x0000, 0x0000, 0x0000, 0x0000, 0x0000, 0x0000, 0x3a08, 0x2165, 0x2165, 0x0000, 0x0000, 0x0000, 0x0000, 0x0000,
    0x0000, 0x0000, 0x0000, 0x0000, 0x5205, 0x5205, 0x4161, 0x0000, 0x0000, 0x0000, 0x0000, 0x0000, 0x0000, 0x0000, 0x0000, 0x0000,
    0x0000, 0x0000, 0x0000, 0x0000, 0x0000, 0x0000, 0x0000, 0x0000, 0x0000, 0x0000, 0x0000, 0x0000, 0x0000, 0x0000, 0x0000, 0x0000,
    0x0000, 0x0000, 0x0000, 0x0000, 0x0000, 0x0000, 0x0000, 0x0000, 0x0000, 0x0000, 0x0000, 0x0000, 0x0000, 0x0000, 0x0000, 0x0000,
    0x0000, 0x0000, 0x0000, 0x0000, 0x0000, 0x0000, 0x0000, 0x0000, 0x0000, 0x0000, 0x0000, 0x0000, 0x0000, 0x0000, 0x0000, 0x0000,
    0x0000, 0x0000, 0x0000, 0x0000, 0x0000, 0x0000, 0x0000, 0x0000, 0x0000, 0x0000, 0x0000, 0x0000, 0x0000, 0x0000, 0x0000, 0x0000,
    0x0000, 0x0000, 0x0000, 0x0000, 0x0000, 0x0000, 0x0000, 0x0000, 0x0000, 0x0000, 0x5162, 0x28a1, 0x0000, 0x0000, 0x0000, 0x0000,
    0x0000, 0x0000, 0x0000, 0x0000, 0x0000, 0x0000, 0x0000, 0x0000, 0x0000, 0x0000, 0x0000, 0x0000, 0x0000, 0x0000, 0x0000, 0x0000,
    0x0000, 0x0000, 0x0000, 0x0000, 0x0000, 0x0000, 0x0000, 0x0000, 0x0000, 0x0000, 0x0000, 0x0000, 0x0000, 0x0000, 0x0000, 0x0000,
    0x0000, 0x0000, 0x0000, 0x0000, 0x0000, 0x0000, 0x3142, 0x8b24, 0x72c4, 0x72c4, 0x3142, 0x0000, 0x0000, 0x0000, 0x0000, 0x0000,
    0x0000, 0x0000, 0x0000, 0x0000, 0x0000, 0x0000, 0x4a49, 0x9cd3, 0x8c51, 0x8c51, 0x4a49, 0x0000, 0x0000, 0x0000, 0x0000, 0x0000,
    0x0000, 0x0000, 0x0000, 0x0000, 0x0000, 0x0000, 0x4228, 0xffff, 0xdedb, 0xdedb, 0x4228, 0x0000, 0x0000, 0x0000, 0x0000, 0x0000,
    0x0000, 0x0000, 0x0000, 0x0000, 0x0000, 0x0000, 0x09e6, 0x3759, 0x2e35, 0x2e35, 0x09e6, 0x0000, 0x0000, 0x0000, 0x0000, 0x0000,
    0x0000, 0x0000, 0x0000, 0x0000, 0x0000, 0x0000, 0x82e2, 0xffee, 0xef6a, 0xef6a, 0x82e2, 0x0000, 0x0000, 0x0000, 0x0000, 0x0000,
    0x0000, 0x0000, 0x0000, 0xffff, 0x0000, 0x0000, 0x0000, 0x0000, 0x49a2, 0x49a2, 0x49a2, 0x49a2, 0x49a2, 0x49a2, 0x49a2, 0x0000,
    0x0000, 0x0000, 0x0000, 0x0000, 0x0000, 0x0000, 0x0000, 0x0000, 0x0000, 0x0000, 0x0000, 0x0000, 0x4b27, 0x4b27, 0x0000, 0x0000,
    0x0000, 0x0000, 0x0000, 0x0000, 0x0000, 0x0000, 0x3a08, 0x3a08, 0x29a7, 0x29a7, 0x426a, 0x2165, 0x0000, 0x0000, 0x0000, 0x0000,
    0x0000, 0x0000, 0x0000, 0x0000, 0x5205, 0x9b67, 0x4161, 0x5a45, 0x5a45, 0x5a45, 0x5a45, 0x5a45, 0x0000, 0x0000, 0x0000, 0x0000,
    0x0000, 0x0000, 0x0000, 0x0000, 0x0000, 0x0000, 0x0000, 0x0000, 0x0000, 0x0000, 0x8444, 0x5b23, 0x0000, 0x0000, 0x0000, 0x0000,
    0x0000, 0x0000, 0x0000, 0x0000, 0x0000, 0x0000, 0x0000, 0x0000, 0x0000, 0x0000, 0x0000, 0x0000, 0x0000, 0x0000, 0x0000, 0x0000,
    0x0000, 0x0000, 0x0000, 0x0000, 0x0000, 0x0000, 0x0000, 0x0000, 0x0000, 0x0000, 0x0000, 0x0000, 0x0000, 0x0000, 0x0000, 0x0000,
    0x0000, 0x0000, 0x0000, 0x0000, 0x0000, 0x0000, 0x0000, 0xd369, 0xd369, 0xaa24, 0x0000, 0x0000, 0x0000, 0x0000, 0x0000, 0x0000,
    0x0000, 0x0000, 0x0000, 0x0000, 0x0000, 0x0000, 0x0000, 0x0000, 0x5162, 0x5162, 0x89a3, 0x28a1, 0x0000, 0x0000, 0x0000, 0x0000,
    0x0000, 0x0000, 0x0000, 0x0000, 0x0000, 0x0000, 0x0000, 0x19f1, 0x19f1, 0x19f1, 0x19f1, 0x012c, 0x0000, 0x0000, 0x0000, 0x0000,
    0x0000, 0x0000, 0x0000, 0x0000, 0x0000, 0x0000, 0x0000, 0x0000, 0x0000, 0x0000, 0x0000, 0x0000, 0x0000, 0x0000, 0x0000, 0x0000,
    0x0000, 0x0000, 0x0000, 0x0000, 0x0000, 0x0000, 0x0000, 0x20c1, 0x20c1, 0x6a83, 0x72c4, 0x3142, 0x49a2, 0x6a63, 0x0000, 0x0000,
    0x0000, 0x0000, 0x0000, 0x0000, 0x0000, 0x0000, 0x0000, 0x18c3, 0x18c3, 0x7bef, 0x8c51, 0x4a49, 0x49a2, 0x6a63, 0x0000, 0x0000,
    0x0000, 0x0000, 0x0000, 0x0000, 0x0000, 0x0000, 0x0000, 0x18c3, 0x18c3, 0xc618, 0xdedb, 0x4228, 0x49a2, 0x6a63, 0x0000, 0x0000,
    0x0000, 0x0000, 0x0000, 0x0000, 0x0000, 0x0000, 0x0000, 0x0924, 0x0924, 0x2593, 0x2e35, 0x09e6, 0x49a2, 0x6a63, 0x0000, 0x0000,
    0x0000, 0x0000, 0x0000, 0x0000, 0x0000, 0x0000, 0x0000, 0x3961, 0x3961, 0xed82, 0xef6a, 0x82e2, 0x49a2, 0x6a63, 0x0000, 0x0000,
    0x0000, 0x0000, 0x0000, 0xb596, 0xdedb, 0x0000, 0x49a2, 0x49a2, 0x8b24, 0x6a63, 0x8b24, 0x8b24, 0x8b24, 0x6a63, 0x8b24, 0x28e1,
    0x0000, 0x0000, 0x0000, 0x0000, 0x0000, 0x0000, 0x0000, 0x0000, 0x0000, 0x0000, 0x0000, 0x4b27, 0xd74c, 0x3286, 0x0000, 0x0000,
    0x0000, 0x0000, 0x0000, 0x0000, 0x3a08, 0x3a08, 0x29a7, 0x29a7, 0x29a7, 0x29a7, 0x426a, 0x426a, 0x2165, 0x0000, 0x0000, 0x0000,
    0x0000, 0x0000, 0x0000, 0x5205, 0x8b44, 0x5a45, 0x5a45, 0x9c29, 0x9c29, 0xbccc, 0xbccc, 0x6ac7, 0x5a45, 0x0000, 0x0000, 0x0000,
    0x0000, 0x0000, 0x0000, 0x0000, 0x0000, 0x0000, 0x0000, 0x0000, 0x0000, 0xb984, 0xc48f, 0xa4c4, 0x5b23, 0x0000, 0x0000, 0x0000,
    0x0000, 0x0000, 0x0000, 0x0000, 0x0000, 0x0000, 0x0000, 0x0000, 0x0000, 0x0000, 0x0000, 0x0000, 0x0000, 0x0000, 0x0000, 0x0000,
    0x0000, 0x0000, 0x0000, 0x0000, 0x0000, 0x0000, 0x0000, 0x0000, 0x0000, 0x0000, 0x0000, 0x0000, 0x0000, 0x0000, 0x0000, 0x0000,
    0x0000, 0x0000, 0x0000, 0x0000, 0x0000, 0x0000, 0xd73e, 0xcd74, 0xcd74, 0xcd74, 0xb67d, 0x0000, 0x0000, 0x0000, 0x0000, 0x0000,
    0x0000, 0x0000, 0x0000, 0x0000, 0x0000, 0x0000, 0x0000, 0x5162, 0xb224, 0x8223, 0xb224, 0x8223, 0x28a1, 0x0000, 0x0000, 0x0000,
    0x0000, 0x0000, 0x0000, 0x0000, 0x0000, 0x0000, 0x19f1, 0x1a95, 0x5c1c, 0x5c1c, 0x32f8, 0x1a95, 0x012c, 0x0000, 0x0000, 0x0000,
    0x0000, 0x0000, 0x0000, 0x0000, 0x0000, 0x0000, 0x0000, 0x0000, 0x0000, 0x0000, 0x0000, 0x0000, 0x0000, 0x0000, 0x0000, 0x0000,
    0x0000, 0x0000, 0x0000, 0x0000, 0x0000, 0x0000, 0x0000, 0x0000, 0x0000, 0x20c1, 0x6a83, 0x6a83, 0x8b24, 0x20c1, 0x0000, 0x0000,
    0x0000, 0x0000, 0x0000, 0x0000, 0x0000, 0x0000, 0x0000, 0x0000, 0x0000, 0x18c3, 0x7bef, 0x7bef, 0x8b24, 0x18c3, 0x0000, 0x0000,
    0x0000, 0x0000, 0x0000, 0x0000, 0x0000, 0x0000, 0x0000, 0x0000, 0x0000, 0x18c3, 0xc618, 0xc618, 0x8b24, 0x18c3, 0x0000, 0x0000,
    0x0000, 0x0000, 0x0000, 0x0000, 0x0000, 0x0000, 0x0000, 0x0000, 0x0000, 0x0924, 0x2593, 0x2593, 0x8b24, 0x28e1, 0x0000, 0x0000,
    0x0000, 0x0000, 0x0000, 0x0000, 0x0000, 0x0000, 0x0000, 0x0000, 0x0000, 0x3961, 0xed82, 0xed82, 0x8b24, 0x28e1, 0x0000, 0x0000,
    0x0000, 0x0000, 0x0000, 0x0000, 0x28e1, 0x8b24, 0x6b4d, 0x6a63, 0x28e1, 0x28e1, 0x28e1, 0x28e1, 0x28e1, 0x28e1, 0x28e1, 0x0000,
    0x0000, 0x0000, 0x4b27, 0x4b27, 0x0000, 0x0000, 0x0000, 0x0000, 0x9aa0, 0x9aa0, 0x9aa0, 0x3286, 0xb647, 0x3286, 0x0000, 0x0000,
    0x0000, 0x0000, 0x3a08, 0x3a08, 0x29a7, 0x29a7, 0x29a7, 0x29a7, 0x29a7, 0x29a7, 0x426a, 0x426a, 0x426a, 0x2165, 0x0000, 0x0000,
    0x0000, 0x0000, 0x5205, 0x5a45, 0x5a45, 0x9c29, 0x9c29, 0x6ac7, 0x6ac7, 0x6ac7, 0x6ac7, 0xbccc, 0x6ac7, 0x5a45, 0x0000, 0x0000,
    0x0000, 0x0000, 0x0000, 0x0000, 0x0000, 0x0000, 0x0000, 0x0000, 0xb984, 0xb984, 0xb984, 0xc48f, 0xa4c4, 0x5b23, 0x0000, 0x0000,
    0x0000, 0x0000, 0x0000, 0x0000, 0x0000, 0x0000, 0x0000, 0x4024, 0x4024, 0x4024, 0x4024, 0x0000, 0x0000, 0x0000, 0x0000, 0x0000,
    0x0000, 0x0000, 0x0000, 0x0000, 0x0000, 0x0000, 0x0000, 0x0000, 0x0000, 0x0000, 0x0000, 0x0000, 0x0000, 0x0000, 0x0000, 0x0000,
    0x0000, 0x0000, 0x0000, 0x0000, 0x0000, 0x0000, 0xb67d, 0xaa24, 0xaa24, 0x91a2, 0xb67d, 0x0000, 0x0000, 0x0000, 0x0000, 0x0000,
    0x0000, 0x0000, 0x0000, 0x0000, 0x0000, 0x0000, 0x5162, 0x89a3, 0xc328, 0x6a63, 0x8223, 0x6162, 0x8223, 0x6162, 0x28a1, 0x28a1,
    0x0000, 0x0000, 0x0000, 0x0000, 0x0000, 0x19f1, 0x32f8, 0x5c1c, 0x74bd, 0x32f8, 0x1a95, 0x1211, 0x1a95, 0x012c, 0x0000, 0x0000,
    0x0000, 0x0000, 0x0000, 0x0000, 0x0000, 0x3b33, 0x3b33, 0x3b33, 0x0000, 0x3b33, 0x3b33, 0x0000, 0x0000, 0x0000, 0x0000, 0x0000,
    0x0000, 0x0000, 0x0000, 0x0000, 0x0000, 0x0000, 0x0000, 0x0000, 0x0000, 0x0000, 0x49a2, 0x72c4, 0x6a83, 0x20c1, 0x0000, 0x0000,
    0x0000, 0x0000, 0x0000, 0x0000, 0x0000, 0x0000, 0x0000, 0x0000, 0x0000, 0x0000, 0x49a2, 0x8c51, 0x7bef, 0x18c3, 0x0000, 0x0000,
    0x0000, 0x0000, 0x0000, 0x0000, 0x0000, 0x0000, 0x0000, 0x0000, 0x0000, 0x0000, 0x49a2, 0xdedb, 0xc618, 0x18c3, 0x0000, 0x0000,
    0x0000, 0x0000, 0x0000, 0x0000, 0x0000, 0x0000, 0x0000, 0x0000, 0x0000, 0x0000, 0x49a2, 0x2e35, 0x2593, 0x0924, 0x0000, 0x0000,
    0x0000, 0x0000, 0x0000, 0x0000, 0x0000, 0x0000, 0x0000, 0x0000, 0x0000, 0x0000, 0x49a2, 0xef6a, 0xed82, 0x3961, 0x0000, 0x0000,
    0x0000, 0x0000, 0x0000, 0x0000, 0x49a2, 0x28e1, 0x8b24, 0x6b4d, 0x0000, 0x0000, 0x0000, 0x0000, 0x0000, 0x0000, 0x4228, 0x0000,
    0x0000, 0x4b27, 0xd74c, 0xb647, 0x4b27, 0x9aa0, 0x9aa0, 0x9aa0, 0x4b27, 0x6c27, 0xcca7, 0xac28, 0x3286, 0x0000, 0x0000, 0x0000,
    0x0000, 0x3a08, 0x29a7, 0x29a7, 0x29a7, 0x29a7, 0x29a7, 0x29a7, 0x29a7, 0x29a7, 0x426a, 0x426a, 0x426a, 0x29a7, 0x2165, 0x0000,
    0x5205, 0x5a45, 0x5a45, 0x9c29, 0x9c29, 0x6ac7, 0x6ac7, 0x6a83, 0x6a83, 0x8b68, 0x8b68, 0x6ac7, 0xbccc, 0x5a45, 0x0000, 0x0000,
    0x0000, 0x0000, 0x0000, 0x0000, 0x0000, 0x0000, 0x0000, 0xb984, 0xa8a1, 0x78c1, 0xb984, 0xd5b3, 0xa4c4, 0x5b23, 0x0000, 0x0000,
    0x0000, 0x0000, 0x0000, 0x0000, 0x0000, 0x0000, 0x4024, 0x7864, 0x98e5, 0x98e5, 0x7864, 0x4024, 0x4024, 0x0000, 0x0000, 0x0000,
    0x0000, 0x0000, 0x0000, 0x0000, 0x0000, 0x0000, 0x7864, 0x7864, 0x5004, 0x5004, 0x0000, 0x0000, 0x0000, 0x0000, 0x0000, 0x0000,
    0x0000, 0x0000, 0x0000, 0x0000, 0x0000, 0x0000, 0x0000, 0xb67d, 0x0000, 0x5c78, 0x0000, 0x0000, 0x0000, 0x0000, 0x0000, 0x0000,
    0x0000, 0x0000, 0x0000, 0x0000, 0x0000, 0x0000, 0x5162, 0xc40b, 0xb224, 0x89a3, 0xc328, 0x89a3, 0x6a63, 0x8223, 0x6162, 0x28a1,
    0x0000, 0x0000, 0x0000, 0x0000, 0x19f1, 0x32f8, 0x5c1c, 0x32f8, 0x5c1c, 0x1a95, 0x1211, 0x1a95, 0x32f8, 0x012c, 0x0000, 0x0000,
    0x0000, 0x0000, 0x0000, 0x0000, 0x3b33, 0xbebf, 0x8dde, 0x5419, 0x3b33, 0x8dde, 0x6cdb, 0x1a0e, 0x0000, 0x0000, 0x0000, 0x0000,
    0x0000, 0x0000, 0x0000, 0x0000, 0x0000, 0x0000, 0x0000, 0x0000, 0x0000, 0x49a2, 0x6a63, 0x20c1, 0x20c1, 0x0000, 0x0000, 0x0000,
    0x0000, 0x0000, 0x0000, 0x0000, 0x0000, 0x0000, 0x0000, 0x0000, 0x0000, 0x49a2, 0x6a63, 0x18c3, 0x18c3, 0x0000, 0x0000, 0x0000,
    0x0000, 0x0000, 0x0000, 0x0000, 0x0000, 0x0000, 0x0000, 0x0000, 0x0000, 0x49a2, 0x6a63, 0x18c3, 0x18c3, 0x0000, 0x0000, 0x0000,
    0x0000, 0x0000, 0x0000, 0x0000, 0x0000, 0x0000, 0x0000, 0x0000, 0x0000, 0x49a2, 0x6a63, 0x28e1, 0x0924, 0x0000, 0x0000, 0x0000,
    0x0000, 0x0000, 0x0000, 0x0000, 0x0000, 0x0000, 0x0000, 0x0000, 0x0000, 0x49a2, 0x6a63, 0x3961, 0x3961, 0x0000, 0x0000, 0x0000,
    0x0000, 0x0000, 0x0000, 0x49a2, 0x6b4d, 0x94b2, 0x28e1, 0x8b24, 0x0000, 0x0000, 0x0000, 0x0000, 0x0000, 0x0000, 0x4228, 0x0000,
    0x0000, 0x4b27, 0xb647, 0x6c27, 0x3286, 0x6c27, 0xac28, 0xdd4a, 0x6c27, 0xcca7, 0xdd4a, 0xdd4a, 0xcca7, 0x9aa0, 0x0000, 0x0000,
    0x0000, 0x3a08, 0x3a08, 0x29a7, 0x29a7, 0x29a7, 0x29a7, 0x29a7, 0x29a7, 0x2146, 0x29a7, 0x426a, 0x426a, 0x3a08, 0x2165, 0x0000,
    0x5a45, 0x9c29, 0x9c29, 0x6ac7, 0x6ac7, 0x6ac7, 0x4161, 0x9b67, 0x6a83, 0x5a45, 0x8b68, 0x8b68, 0xbccc, 0x5a45, 0x0000, 0x0000,
    0x0000, 0x0000, 0x0000, 0x0000, 0x0000, 0x0000, 0xb984, 0xc1e5, 0xb984, 0xa8a1, 0xa8a1, 0xd5b3, 0x8444, 0x5b23, 0x0000, 0x0000,
    0x0000, 0x0000, 0x0000, 0x0000, 0x0000, 0x3824, 0x98e5, 0x98e5, 0xd4d1, 0xc2ed, 0x98e5, 0x7864, 0x7864, 0x2802, 0x0000, 0x0000,
    0x0000, 0x0000, 0x0000, 0x0000, 0x0000, 0x7864, 0x98e5, 0xe659, 0x98e5, 0x7864, 0x2802, 0x0000, 0x0000, 0x0000, 0x0000, 0x0000,
    0x0000, 0x0000, 0x0000, 0x0000, 0x0000, 0x0000, 0x0000, 0xb67d, 0x0000, 0x5c78, 0x0000, 0x0000, 0x0000, 0x0000, 0x0000, 0x0000,
    0x0000, 0x0000, 0x0000, 0x0000, 0x0000, 0x5162, 0xc40b, 0xb224, 0x6ae3, 0xc328, 0xb224, 0x6a63, 0x6ae3, 0x6162, 0x28a1, 0x0000,
    0x0000, 0x0000, 0x0000, 0x0000, 0x19f1, 0x74bd, 0x5c1c, 0x1a95, 0x32f8, 0x1a95, 0x1211, 0x32f8, 0x5c1c, 0x012c, 0x0000, 0x0000,
    0x0000, 0x0000, 0x0000, 0x3b33, 0x8dde, 0x5419, 0x6cdb, 0x5419, 0x8dde, 0xbebf, 0x8dde, 0x5419, 0x1a0e, 0x0000, 0x0000, 0x0000,
    0x0000, 0x0000, 0x0000, 0x0000, 0x0000, 0x0000, 0x0000, 0x0000, 0x49a2, 0x8b24, 0x20c1, 0x0000, 0x0000, 0x0000, 0x0000, 0x0000,
    0x0000, 0x0000, 0x0000, 0x0000, 0x0000, 0x0000, 0x0000, 0x0000, 0x49a2, 0x8b24, 0x18c3, 0x0000, 0x0000, 0x0000, 0x0000, 0x0000,
    0x0000, 0x0000, 0x0000, 0x0000, 0x0000, 0x0000, 0x0000, 0x0000, 0x49a2, 0x8b24, 0x18c3, 0x0000, 0x0000, 0x0000, 0x0000, 0x0000,
    0x0000, 0x0000, 0x0000, 0x0000, 0x0000, 0x0000, 0x0000, 0x0000, 0x49a2, 0x8b24, 0x28e1, 0x0000, 0x0000, 0x0000, 0x0000, 0x0000,
    0x0000, 0x0000, 0x0000, 0x0000, 0x0000, 0x0000, 0x0000, 0x0000, 0x49a2, 0x8b24, 0x28e1, 0x0000, 0x0000, 0x0000, 0x0000, 0x0000,
    0x0000, 0x0000, 0x0000, 0x49a2, 0x6a63, 0x6b4d, 0x0000, 0x28e1, 0x8b24, 0x0000, 0x0000, 0x0000, 0x0000, 0x4228, 0x0000, 0x0000,
    0x0000, 0x0000, 0x3286, 0x4b27, 0xdd4a, 0xc6ca, 0xb647, 0xb647, 0xdd4a, 0xdd4a, 0xdd4a, 0xcca7, 0x6c27, 0x69a0, 0x0000, 0x0000,
    0x0000, 0x3a08, 0x94b3, 0x3a08, 0x29a7, 0x29a7, 0x29a7, 0x2146, 0x2146, 0x2146, 0x2146, 0x3a08, 0x3a08, 0x8411, 0x2165, 0x0000,
    0x41c4, 0xc52f, 0x6ac7, 0x6ac7, 0x6ac7, 0x6ac7, 0x4161, 0x4161, 0x8b44, 0x6a83, 0x5a45, 0x8b68, 0xbccc, 0x4161, 0x0000, 0x0000,
    0x0000, 0x0000, 0x0000, 0x0000, 0x0000, 0xb984, 0xb984, 0xb984, 0x58c1, 0xb984, 0xa8a1, 0xd5b3, 0x8444, 0x4261, 0x0000, 0x0000,
    0x0000, 0x0000, 0x0000, 0x0000, 0x0000, 0x3824, 0x98e5, 0x7864, 0xc2ed, 0x98e5, 0x7864, 0x98e5, 0x7864, 0x2802, 0x0000, 0x0000,
    0x0000, 0x0000, 0x0000, 0x0000, 0x0000, 0x5004, 0xe576, 0xc2ed, 0x98e5, 0x6025, 0x2802, 0x0000, 0x0000, 0x0000, 0x0000, 0x0000,
    0x0000, 0x0000, 0x0000, 0x0000, 0x0000, 0x0000, 0xd73e, 0x0000, 0x0000, 0x0000, 0x5c78, 0x0000, 0x0000, 0x0000, 0x0000, 0x0000,
    0x0000, 0x0000, 0x0000, 0x0000, 0x5162, 0xc328, 0xb224, 0x89a3, 0x8223, 0xb224, 0x89a3, 0xc328, 0x8223, 0x28a1, 0x0000, 0x0000,
    0x0000, 0x0000, 0x0000, 0x0000, 0x19f1, 0x5c1c, 0x5c1c, 0x74bd, 0x1a95, 0x1211, 0x32f8, 0x32f8, 0x5c1c, 0x012c, 0x0000, 0x0000,
    0x0000, 0x0000, 0x3b33, 0xbebf, 0x8dde, 0x6cdb, 0x5419, 0x8dde, 0x857c, 0x6cdb, 0x6cdb, 0x5419, 0x5419, 0x1a0e, 0x0000, 0x0000,
    0x0000, 0x0000, 0x0000, 0x0000, 0x0000, 0x0000, 0x0000, 0x49a2, 0x6a63, 0x20c1, 0x0000, 0x0000, 0x0000, 0x0000, 0x0000, 0x0000,
    0x0000, 0x0000, 0x0000, 0x0000, 0x0000, 0x0000, 0x0000, 0x49a2, 0x6a63, 0x18c3, 0x0000, 0x0000, 0x0000, 0x0000, 0x0000, 0x0000,
    0x0000, 0x0000, 0x0000, 0x0000, 0x0000, 0x0000, 0x0000, 0x49a2, 0x6a63, 0x18c3, 0x0000, 0x0000, 0x0000, 0x0000, 0x0000, 0x0000,
    0x0000, 0x0000, 0x0000, 0x0000, 0x0000, 0x0000, 0x0000, 0x49a2, 0x6a63, 0x28e1, 0x0000, 0x0000, 0x0000, 0x0000, 0x0000, 0x0000,
    0x0000, 0x0000, 0x0000, 0x0000, 0x0000, 0x0000, 0x0000, 0x49a2, 0x6a63, 0x28e1, 0x0000, 0x0000, 0x0000, 0x0000, 0x0000, 0x0000,
    0x0000, 0x0000, 0x49a2, 0x8b24, 0x28e1, 0x0000, 0x0000, 0x0000, 0x28e1, 0x8b24, 0x0000, 0x0000, 0x0000, 0x4228, 0x0000, 0x0000,
    0x0000, 0x0000, 0x9aa0, 0x6c27, 0xc6ca, 0xd74c, 0xd74c, 0xb647, 0xb647, 0x6c27, 0xdd4a, 0x6c27, 0x8347, 0x69a0, 0x0000, 0x0000,
    0x0000, 0x3a08, 0x636e, 0xad75, 0x3a08, 0x2146, 0x2146, 0x2146, 0x2146, 0x3a08, 0x3a08, 0x8411, 0xad75, 0x6b6e, 0x2165, 0x0000,
    0x41c4, 0x9c29, 0xc52f, 0x6ac7, 0x5a45, 0x5a45, 0x5a45, 0x5a45, 0x4161, 0x8b44, 0x6a83, 0xbccc, 0x5205, 0x28a1, 0x0000, 0x0000,
    0x0000, 0x0000, 0x0000, 0x0000, 0xb984, 0xa8a1, 0xa8a1, 0xa8a1, 0xb984, 0xb984, 0xb984, 0xd5b3, 0x8444, 0x4261, 0x0000, 0x0000,
    0x0000, 0x0000, 0x0000, 0x0000, 0x0000, 0x3824, 0x7864, 0x7864, 0x98e5, 0x7864, 0x7864, 0xc2ed, 0x7864, 0x2802, 0x0000, 0x0000,
    0x0000, 0x0000, 0x0000, 0x0000, 0x0000, 0x5004, 0x98e5, 0x98e5, 0x7864, 0x6025, 0x2802, 0x0000, 0x0000, 0x0000, 0x0000, 0x0000,
    0x0000, 0x0000, 0x0000, 0x0000, 0x0000, 0xd73e, 0x0000, 0xb67d, 0x0000, 0x0000, 0x0000, 0x5c78, 0x0000, 0x0000, 0x0000, 0x0000,
    0x0000, 0x0000, 0x0000, 0x5162, 0x6a63, 0xb224, 0x89a3, 0xb224, 0xb224, 0xc328, 0xc40b, 0xb224, 0x6162, 0x28a1, 0x0000, 0x0000,
    0x0000, 0x0000, 0x0000, 0x19f1, 0x32f8, 0x1a95, 0x5c1c, 0x32f8, 0x1211, 0x32f8, 0x32f8, 0x5c1c, 0x012c, 0x0000, 0x0000, 0x0000,
    0x0000, 0x0000, 0x3b33, 0x8dde, 0x6cdb, 0x5419, 0x8dde, 0x857c, 0xbebf, 0x8dde, 0x5419, 0x6cdb, 0x5419, 0x1a0e, 0x0000, 0x0000,
    0x0000, 0x0000, 0x0000, 0x0000, 0x0000, 0x0000, 0x49a2, 0x8b24, 0x20c1, 0x0000, 0x0000, 0x0000, 0x0000, 0x0000, 0x0000, 0x0000,
    0x0000, 0x0000, 0x0000, 0x0000, 0x0000, 0x0000, 0x49a2, 0x8b24, 0x18c3, 0x0000, 0x0000, 0x0000, 0x0000, 0x0000, 0x0000, 0x0000,
    0x0000, 0x0000, 0x0000, 0x0000, 0x0000, 0x0000, 0x49a2, 0x8b24, 0x18c3, 0x0000, 0x0000, 0x0000, 0x0000, 0x0000, 0x0000, 0x0000,
    0x0000, 0x0000, 0x0000, 0x0000, 0x0000, 0x0000, 0x49a2, 0x8b24, 0x28e1, 0x0000, 0x0000, 0x0000, 0x0000, 0x0000, 0x0000, 0x0000,
    0x0000, 0x0000, 0x0000, 0x0000, 0x0000, 0x0000, 0x49a2, 0x8b24, 0x28e1, 0x0000, 0x0000, 0x0000, 0x0000, 0x0000, 0x0000, 0x0000,
    0x0000, 0x0000, 0x49a2, 0x6a63, 0x28e1, 0x0000, 0x0000, 0x0000, 0x0000, 0x28e1, 0x8b24, 0x0000, 0x0000, 0x4228, 0x0000, 0x0000,
    0x0000, 0x0000, 0x9aa0, 0xdd4a, 0xb647, 0xd74c, 0xc6ca, 0xdd4a, 0x6c27, 0x4b27, 0xcca7, 0x6c27, 0x6c27, 0x69a0, 0x0000, 0x0000,
    0x0000, 0x3a08, 0x94b3, 0x8411, 0xad75, 0x3a08, 0x2146, 0x3a08, 0x3a08, 0xad75, 0x8411, 0xad75, 0x636e, 0x8411, 0x2165, 0x0000,
    0x41c4, 0x9c29, 0xbccc, 0xc52f, 0x5a45, 0x5a45, 0x5a45, 0x5a45, 0x93e9, 0x4161, 0x8b44, 0x4161, 0x8b24, 0x5205, 0x0000, 0x0000,
    0x0000, 0x0000, 0x0000, 0xb984, 0xa8a1, 0xb984, 0x58c1, 0xb984, 0xa8a1, 0xa8a1, 0xcb8b, 0xd5b3, 0x8444, 0x4261, 0x0000, 0x0000,
    0x0000, 0x0000, 0x0000, 0x0000, 0x4024, 0x7864, 0x98e5, 0x7864, 0x6025, 0x6025, 0x98e5, 0x7864, 0x7864, 0x2802, 0x0000, 0x0000,
    0x0000, 0x0000, 0x0000, 0x0000, 0x0000, 0x5004, 0x7864, 0x6025, 0x6025, 0x5004, 0x2802, 0x0000, 0x0000, 0x0000, 0x0000, 0x0000,
    0x0000, 0x0000, 0x0000, 0x0000, 0xd73e, 0x0000, 0xb67d, 0x0000, 0x0000, 0x0000, 0x0000, 0x0000, 0x5c78, 0x0000, 0x0000, 0x0000,
    0x0000, 0x0000, 0x5162, 0xc328, 0xb224, 0x89a3, 0xc328, 0x6ae3, 0xc328, 0xc4ad, 0xb224, 0x89a3, 0x6162, 0x89a3, 0x28a1, 0x0000,
    0x0000, 0x0000, 0x19f1, 0x32f8, 0x74bd, 0x5c1c, 0x1a95, 0x1211, 0x32f8, 0x5c1c, 0x1a95, 0x1a95, 0x012c, 0x0000, 0x0000, 0x0000,
    0x0000, 0x0000, 0x3b33, 0x5419, 0x6cdb, 0x8dde, 0x857c, 0x6cdb, 0x5419, 0x6cdb, 0x5419, 0x5419, 0x5419, 0x1a0e, 0x0000, 0x0000,
    0x0000, 0x0000, 0x0000, 0x0000, 0x0000, 0x49a2, 0x6a63, 0x20c1, 0x0000, 0x0000, 0x0000, 0x0000, 0x0000, 0x0000, 0x0000, 0x0000,
    0x0000, 0x0000, 0x0000, 0x0000, 0x0000, 0x49a2, 0x6a63, 0x18c3, 0x0000, 0x0000, 0x0000, 0x0000, 0x0000, 0x0000, 0x0000, 0x0000,
    0x0000, 0x0000, 0x0000, 0x0000, 0x0000, 0x49a2, 0x6a63, 0x18c3, 0x0000, 0x0000, 0x0000, 0x0000, 0x0000, 0x0000, 0x0000, 0x0000,
    0x0000, 0x0000, 0x0000, 0x0000, 0x0000, 0x49a2, 0x6a63, 0x28e1, 0x0000, 0x0000, 0x0000, 0x0000, 0x0000, 0x0000, 0x0000, 0x0000,
    0x0000, 0x0000, 0x0000, 0x0000, 0x0000, 0x49a2, 0x6a63, 0x28e1, 0x0000, 0x0000, 0x0000, 0x0000, 0x0000, 0x0000, 0x0000, 0x0000,
    0x0000, 0x0000, 0x49a2, 0x8b24, 0x28e1, 0x0000, 0x0000, 0x0000, 0x0000, 0x0000, 0x28e1, 0x8b24, 0x0000, 0x4228, 0x0000, 0x0000,
    0x0000, 0x0000, 0x69a0, 0xcca7, 0xac28, 0xb647, 0xdd4a, 0xdd4a, 0xac28, 0xcca7, 0x6c27, 0x6c27, 0x3286, 0x0000, 0x0000, 0x0000,
    0x0000, 0x2165, 0x636e, 0xad75, 0x8411, 0x94b3, 0x3a08, 0x6b6e, 0x9d34, 0x8411, 0xad75, 0x636e, 0x8411, 0x636e, 0x2165, 0x0000,
    0x41c4, 0x9c29, 0xbccc, 0xbccc, 0xc52f, 0x93e9, 0x9c29, 0xc52f, 0xbccc, 0x93e9, 0x4161, 0x6a83, 0x72c3, 0x8b24, 0x5205, 0x0000,
    0x0000, 0x0000, 0xb984, 0xb984, 0x78c1, 0xa8a1, 0xb984, 0xb984, 0xa8a1, 0xb984, 0xd5b3, 0xa4c4, 0x4261, 0x0000, 0x0000, 0x0000,
    0x0000, 0x0000, 0x0000, 0x4024, 0x5004, 0x5004, 0x7864, 0x98e5, 0x7864, 0x6025, 0x7864, 0x5004, 0x2802, 0x0000, 0x0000, 0x0000,
    0x0000, 0x0000, 0x0000, 0x0000, 0x0000, 0x0000, 0x2802, 0x2802, 0x2802, 0x2802, 0x5004, 0x2802, 0x0000, 0x0000, 0x0000, 0x0000,
    0x0000, 0x0000, 0x0000, 0x0000, 0xd73e, 0x0000, 0xb67d, 0x0000, 0x0000, 0x0000, 0x0000, 0x0000, 0x5c78, 0x0000, 0x0000, 0x0000,
    0x0000, 0x5162, 0xc40b, 0xb224, 0x8223, 0xc40b, 0xb224, 0x6a63, 0xc40b, 0x89a3, 0x8223, 0x6162, 0x89a3, 0x28a1, 0x0000, 0x0000,
    0x0000, 0x0000, 0x19f1, 0x1211, 0x5c1c, 0x32f8, 0x1211, 0x1a95, 0x32f8, 0x32f8, 0x1a95, 0x012c, 0x0000, 0x0000, 0x0000, 0x0000,
    0x0000, 0x0000, 0x0000, 0x1a0e, 0x5419, 0x6cdb, 0xbebf, 0x8dde, 0x6cdb, 0x5419, 0x5419, 0x5419, 0x1a0e, 0x0000, 0x0000, 0x0000,
    0x0000, 0x0000, 0x0000, 0x0000, 0x49a2, 0x8b24, 0x20c1, 0x0000, 0x0000, 0x0000, 0x0000, 0x0000, 0x0000, 0x0000, 0x0000, 0x0000,
    0x0000, 0x0000, 0x0000, 0x0000, 0x49a2, 0x8b24, 0x18c3, 0x0000, 0x0000, 0x0000, 0x0000, 0x0000, 0x0000, 0x0000, 0x0000, 0x0000,
    0x0000, 0x0000, 0x0000, 0x0000, 0x49a2, 0x8b24, 0x18c3, 0x0000, 0x0000, 0x0000, 0x0000, 0x0000, 0x0000, 0x0000, 0x0000, 0x0000,
    0x0000, 0x0000, 0x0000, 0x0000, 0x49a2, 0x8b24, 0x28e1, 0x0000, 0x0000, 0x0000, 0x0000, 0x0000, 0x0000, 0x0000, 0x0000, 0x0000,
    0x0000, 0x0000, 0x0000, 0x0000, 0x49a2, 0x8b24, 0x28e1, 0x0000, 0x0000, 0x0000, 0x0000, 0x0000, 0x0000, 0x0000, 0x0000, 0x0000,
    0x0000, 0x0000, 0x49a2, 0x8b24, 0x28e1, 0x0000, 0x0000, 0x0000, 0x0000, 0x0000, 0x0000, 0x28e1, 0x8b24, 0x0000, 0x0000, 0x0000,
    0x0000, 0x0000, 0x69a0, 0x6c27, 0xac28, 0xcca7, 0xdd4a, 0xcca7, 0xcca7, 0x6c27, 0x69a0, 0x3286, 0x4b27, 0x0000, 0x0000, 0x0000,
    0x0000, 0x0000, 0x2165, 0x636e, 0xad75, 0x636e, 0x2165, 0xad75, 0x6b6e, 0x9d34, 0x636e, 0x8411, 0x3a08, 0x0841, 0x0000, 0x0000,
    0x0000, 0x28a1, 0xbccc, 0xbccc, 0xbccc, 0xc52f, 0xc52f, 0x9c29, 0x9c29, 0x4161, 0x8b24, 0x72c3, 0x6a83, 0x72c3, 0x8b24, 0x5205,
    0x0000, 0x8444, 0xc48f, 0xb984, 0xb984, 0xb984, 0xb984, 0xb984, 0xcb8b, 0xd5b3, 0xa4c4, 0x5b23, 0x4261, 0x0000, 0x0000, 0x0000,
    0x0000, 0x0000, 0x0000, 0x0000, 0x4024, 0x2844, 0x2844, 0x2844, 0x5004, 0x5004, 0x7864, 0x2802, 0x0000, 0x0000, 0x0000, 0x0000,
    0x0000, 0x0000, 0x0000, 0x0000, 0x0000, 0x0000, 0x0000, 0x0000, 0x0000, 0x5004, 0x7864, 0x2802, 0x0000, 0x0000, 0x0000, 0x0000,
    0x0000, 0x0000, 0x0000, 0x0000, 0xb67d, 0x0000, 0x0000, 0x0000, 0x0000, 0x0000, 0x8d7a, 0x0000, 0x5c78, 0x0000, 0x0000, 0x0000,
    0x0000, 0x5162, 0xb224, 0x8223, 0xc40b, 0xb224, 0x89a3, 0xc328, 0x89a3, 0x6162, 0x6162, 0x6162, 0x28a1, 0x0000, 0x0000, 0x0000,
    0x0000, 0x0000, 0x012c, 0x32f8, 0x1211, 0x1211, 0x32f8, 0x5c1c, 0x32f8, 0x1a95, 0x012c, 0x0000, 0x0000, 0x0000, 0x0000, 0x0000,
    0x0000, 0x0000, 0x0000, 0x0000, 0x1a0e, 0x1a0e, 0x5419, 0x5419, 0x5419, 0x5419, 0x1a0e, 0x1a0e, 0x0000, 0x0000, 0x0000, 0x0000,
    0x0000, 0x0000, 0x0000, 0x49a2, 0x6a63, 0x20c1, 0x0000, 0x0000, 0x0000, 0x0000, 0x0000, 0x0000, 0x0000, 0x0000, 0x0000, 0x0000,
    0x0000, 0x0000, 0x0000, 0x49a2, 0x6a63, 0x18c3, 0x0000, 0x0000, 0x0000, 0x0000, 0x0000, 0x0000, 0x0000, 0x0000, 0x0000, 0x0000,
    0x0000, 0x0000, 0x0000, 0x49a2, 0x6a63, 0x18c3, 0x0000, 0x0000, 0x0000, 0x0000, 0x0000, 0x0000, 0x0000, 0x0000, 0x0000, 0x0000,
    0x0000, 0x0000, 0x0000, 0x49a2, 0x6a63, 0x28e1, 0x0000, 0x0000, 0x0000, 0x0000, 0x0000, 0x0000, 0x0000, 0x0000, 0x0000, 0x0000,
    0x0000, 0x0000, 0x0000, 0x49a2, 0x6a63, 0x28e1, 0x0000, 0x0000, 0x0000, 0x0000, 0x0000, 0x0000, 0x0000, 0x0000, 0x0000, 0x0000,
    0x0000, 0x0000, 0x49a2, 0x8b24, 0x28e1, 0x0000, 0x0000, 0x0000, 0x0000, 0x0000, 0x0000, 0x4228, 0x0000, 0x0000, 0x0000, 0x0000,
    0x0000, 0x0000, 0x0000, 0x3286, 0x3286, 0xac28, 0xac28, 0x6c27, 0x69a0, 0x69a0, 0x0000, 0x0000, 0x0000, 0x0000, 0x0000, 0x0000,
    0x0000, 0x0000, 0x0000, 0x2165, 0x636e, 0x94b3, 0x2165, 0x6b6e, 0x8411, 0x6b6e, 0x2165, 0x2165, 0x0841, 0x2165, 0x0000, 0x0000,
    0x0000, 0x0000, 0x28a1, 0xbccc, 0xbccc, 0xc52f, 0x9c29, 0x9c29, 0x6ac7, 0x28a1, 0x28a1, 0x8b24, 0x72c3, 0x6a83, 0x8b24, 0x5205,
    0x0000, 0x4261, 0xa4c4, 0xc48f, 0xd5b3, 0xd5b3, 0xd5b3, 0xd5b3, 0xd5b3, 0x8444, 0x5b23, 0x4261, 0x0000, 0x0000, 0x0000, 0x0000,
    0x0000, 0x0000, 0x0000, 0x0000, 0x0000, 0x0000, 0x0000, 0x0000, 0x2802, 0x5004, 0x6025, 0x2802, 0x0000, 0x0000, 0x0000, 0x0000,
    0x0000, 0x0000, 0x0000, 0x0000, 0x0000, 0x0000, 0x0000, 0x0000, 0x5004, 0x98e5, 0x6025, 0x2802, 0x0000, 0x0000, 0x0000, 0x0000,
    0x0000, 0x0000, 0x0000, 0x0000, 0x5c78, 0x0000, 0x0000, 0x0000, 0x0000, 0x0000, 0x8d7a, 0x0000, 0x5c78, 0x0000, 0x0000, 0x0000,
    0x0000, 0x0000, 0x5162, 0x5162, 0x89a3, 0x89a3, 0x6a63, 0x6162, 0x6162, 0x28a1, 0x28a1, 0x28a1, 0x0000, 0x0000, 0x0000, 0x0000,
    0x0000, 0x0000, 0x012c, 0x1a95, 0x32f8, 0x5c1c, 0x1a95, 0x012c, 0x012c, 0x012c, 0x0000, 0x0000, 0x0000, 0x0000, 0x0000, 0x0000,
    0x0000, 0x0000, 0x0000, 0x0000, 0x0000, 0x0000, 0x1a0e, 0x1a0e, 0x1a0e, 0x1a0e, 0x0000, 0x0000, 0x0000, 0x0000, 0x0000, 0x0000,
    0x0000, 0x0000, 0x49a2, 0x8b24, 0x20c1, 0x0000, 0x0000, 0x0000, 0x0000, 0x0000, 0x0000, 0x0000, 0x0000, 0x0000, 0x0000, 0x0000,
    0x0000, 0x0000, 0x49a2, 0x8b24, 0x18c3, 0x0000, 0x0000, 0x0000, 0x0000, 0x0000, 0x0000, 0x0000, 0x0000, 0x0000, 0x0000, 0x0000,
    0x0000, 0x0000, 0x49a2, 0x8b24, 0x18c3, 0x0000, 0x0000, 0x0000, 0x0000, 0x0000, 0x0000, 0x0000, 0x0000, 0x0000, 0x0000, 0x0000,
    0x0000, 0x0000, 0x49a2, 0x8b24, 0x28e1, 0x0000, 0x0000, 0x0000, 0x0000, 0x0000, 0x0000, 0x0000, 0x0000, 0x0000, 0x0000, 0x0000,
    0x0000, 0x0000, 0x49a2, 0x8b24, 0x28e1, 0x0000, 0x0000, 0x0000, 0x0000, 0x0000, 0x0000, 0x0000, 0x0000, 0x0000, 0x0000, 0x0000,
    0x0000, 0x0000, 0x49a2, 0x6a63, 0x28e1, 0x0000, 0x0000, 0x4228, 0x4228, 0x4228, 0x4228, 0x0000, 0x0000, 0x0000, 0x0000, 0x0000,
    0x0000, 0x0000, 0x0000, 0x4b27, 0x3286, 0x69a0, 0x69a0, 0x69a0, 0x0000, 0x0000, 0x0000, 0x0000, 0x0000, 0x0000, 0x0000, 0x0000,
    0x0000, 0x0000, 0x0000, 0x0000, 0x2165, 0x636e, 0x2165, 0x8411, 0x3a08, 0x0841, 0x0000, 0x0000, 0x0000, 0x0000, 0x0000, 0x0000,
    0x0000, 0x0000, 0x0000, 0x28a1, 0x9c29, 0xc52f, 0x93e9, 0x28a1, 0x28a1, 0x0000, 0x0000, 0x28a1, 0x8b24, 0x8b24, 0x6a83, 0x5205,
    0x0000, 0x0000, 0x4261, 0xa4c4, 0xa4c4, 0xa4c4, 0x8444, 0x8444, 0x5b23, 0x4261, 0x4261, 0x0000, 0x0000, 0x0000, 0x0000, 0x0000,
    0x0000, 0x0000, 0x0000, 0x0000, 0x0000, 0x0000, 0x0000, 0x0000, 0x2802, 0x7864, 0x2802, 0x0000, 0x0000, 0x0000, 0x0000, 0x0000,
    0x0000, 0x0000, 0x0000, 0x0000, 0x0000, 0x0000, 0x0000, 0x0000, 0x2802, 0x6025, 0x2802, 0x0000, 0x0000, 0x0000, 0x0000, 0x0000,
    0x0000, 0x0000, 0x0000, 0x0000, 0x0000, 0x5c78, 0x0000, 0x0000, 0x0000, 0x8d7a, 0x0000, 0x5c78, 0x0000, 0x0000, 0x0000, 0x0000,
    0x0000, 0x0000, 0x0000, 0x5162, 0x89a3, 0xb224, 0x28a1, 0x28a1, 0x28a1, 0x0000, 0x0000, 0x0000, 0x0000, 0x0000, 0x0000, 0x0000,
    0x0000, 0x0000, 0x0000, 0x012c, 0x012c, 0x012c, 0x012c, 0x0000, 0x0000, 0x0000, 0x0000, 0x0000, 0x0000, 0x0000, 0x0000, 0x0000,
    0x0000, 0x0000, 0x0000, 0x0000, 0x0000, 0x0000, 0x0000, 0x0000, 0x0000, 0x0000, 0x0000, 0x0000, 0x0000, 0x0000, 0x0000, 0x0000,
    0x0000, 0x0000, 0x20c1, 0x20c1, 0x0000, 0x0000, 0x0000, 0x0000, 0x0000, 0x0000, 0x0000, 0x0000, 0x0000, 0x0000, 0x0000, 0x0000,
    0x0000, 0x0000, 0x18c3, 0x18c3, 0x0000, 0x0000, 0x0000, 0x0000, 0x0000, 0x0000, 0x0000, 0x0000, 0x0000, 0x0000, 0x0000, 0x0000,
    0x0000, 0x0000, 0x18c3, 0x18c3, 0x0000, 0x0000, 0x0000, 0x0000, 0x0000, 0x0000, 0x0000, 0x0000, 0x0000, 0x0000, 0x0000, 0x0000,
    0x0000, 0x0000, 0x28e1, 0x28e1, 0x0000, 0x0000, 0x0000, 0x0000, 0x0000, 0x0000, 0x0000, 0x0000, 0x0000, 0x0000, 0x0000, 0x0000,
    0x0000, 0x0000, 0x28e1, 0x28e1, 0x0000, 0x0000, 0x0000, 0x0000, 0x0000, 0x0000, 0x0000, 0x0000, 0x0000, 0x0000, 0x0000, 0x0000,
    0x0000, 0x0000, 0x49a2, 0x8b24, 0x28e1, 0x4228, 0x4228, 0x0000, 0x0000, 0x0000, 0x0000, 0x0000, 0x0000, 0x0000, 0x0000, 0x0000,
    0x0000, 0x0000, 0x0000, 0x0000, 0x0000, 0x0000, 0x0000, 0x0000, 0x0000, 0x0000, 0x0000, 0x0000, 0x0000, 0x0000, 0x0000, 0x0000,
    0x0000, 0x0000, 0x0000, 0x0000, 0x0000, 0x2165, 0x2165, 0x2165, 0x0841, 0x2165, 0x0000, 0x0000, 0x0000, 0x0000, 0x0000, 0x0000,
    0x0000, 0x0000, 0x0000, 0x0000, 0x28a1, 0x28a1, 0x28a1, 0x0000, 0x0000, 0x0000, 0x0000, 0x0000, 0x28a1, 0x28a1, 0x28a1, 0x28a1,
    0x0000, 0x0000, 0x0000, 0x4261, 0x4261, 0x4261, 0x4261, 0x4261, 0x4261, 0x0000, 0x0000, 0x0000, 0x0000, 0x0000, 0x0000, 0x0000,
    0x0000, 0x0000, 0x0000, 0x0000, 0x0000, 0x0000, 0x0000, 0x0000, 0x0000, 0x2802, 0x0000, 0x0000, 0x0000, 0x0000, 0x0000, 0x0000,
    0x0000, 0x0000, 0x0000, 0x0000, 0x0000, 0x0000, 0x0000, 0x0000, 0x0000, 0x2802, 0x0000, 0x0000, 0x0000, 0x0000, 0x0000, 0x0000,
    0x0000, 0x0000, 0x0000, 0x0000, 0x0000, 0x0000, 0x5c78, 0x5c78, 0x5c78, 0x5c78, 0x5c78, 0x0000, 0x0000, 0x0000, 0x0000, 0x0000,
    0x0000, 0x0000, 0x0000, 0x0000, 0x28a1, 0x28a1, 0x0000, 0x0000, 0x0000, 0x0000, 0x0000, 0x0000, 0x0000, 0x0000, 0x0000, 0x0000,
    0x0000, 0x0000, 0x0000, 0x0000, 0x0000, 0x0000, 0x0000, 0x0000, 0x0000, 0x0000, 0x0000, 0x0000, 0x0000, 0x0000, 0x0000, 0x0000,
    0x0000, 0x0000, 0x0000, 0x0000, 0x0000, 0x0000, 0x0000, 0x0000, 0x0000, 0x0000, 0x0000, 0x0000, 0x0000, 0x0000, 0x0000, 0x0000,
    0x0000, 0x0000, 0x0000, 0x0000, 0x0000, 0x0000, 0x0000, 0x0000, 0x0000, 0x0000, 0x0000, 0x0000, 0x0000, 0x0000, 0x0000, 0x0000,
    0x0000, 0x0000, 0x0000, 0x0000, 0x0000, 0x0000, 0x0000, 0x0000, 0x0000, 0x0000, 0x0000, 0x0000, 0x0000, 0x0000, 0x0000, 0x0000,
    0x0000, 0x0000, 0x0000, 0x0000, 0x0000, 0x0000, 0x0000, 0x0000, 0x0000, 0x0000, 0x0000, 0x0000, 0x0000, 0x0000, 0x0000, 0x0000,
    0x0000, 0x0000, 0x0000, 0x0000, 0x0000, 0x0000, 0x0000, 0x0000, 0x0000, 0x0000, 0x0000, 0x0000, 0x0000, 0x0000, 0x0000, 0x0000,
    0x0000, 0x0000, 0x0000, 0x0000, 0x0000, 0x0000, 0x0000, 0x0000, 0x0000, 0x0000, 0x0000, 0x0000, 0x0000, 0x0000, 0x0000, 0x0000,
    0x0000, 0x0000, 0x0000, 0x28e1, 0x0000, 0x0000, 0x0000, 0x0000, 0x0000, 0x0000, 0x0000, 0x0000, 0x0000, 0x0000, 0x0000, 0x0000,
    0x0000, 0x0000, 0x0000, 0x0000, 0x0000, 0x0000, 0x0000, 0x0000, 0x0000, 0x0000, 0x0000, 0x0000, 0x0000, 0x0000, 0x0000, 0x0000,
    0x0000, 0x0000, 0x0000, 0x0000, 0x0000, 0x0000, 0x0000, 0x0000, 0x0000, 0x0000, 0x0000, 0x0000, 0x0000, 0x0000, 0x0000, 0x0000,
    0x0000, 0x0000, 0x0000, 0x0000, 0x0000, 0x0000, 0x0000, 0x0000, 0x0000, 0x0000, 0x0000, 0x0000, 0x0000, 0x0000, 0x0000, 0x0000,
    0x0000, 0x0000, 0x0000, 0x0000, 0x0000, 0x0000, 0x0000, 0x0000, 0x0000, 0x0000, 0x0000, 0x0000, 0x0000, 0x0000, 0x0000, 0x0000,
    0x0000, 0x0000, 0x0000, 0x0000, 0x0000, 0x0000, 0x0000, 0x0000, 0x0000, 0x0000, 0x0000, 0x0000, 0x0000, 0x0000, 0x0000, 0x0000,
    0x0000, 0x0000, 0x0000, 0x0000, 0x0000, 0x0000, 0x0000, 0x0000, 0x0000, 0x0000, 0x0000, 0x0000, 0x0000, 0x0000, 0x0000, 0x0000,
    0x0000, 0x0000, 0x0000, 0x0000, 0x0000, 0x0000, 0x0000, 0x0000, 0x0000, 0x0000, 0x0000, 0x0000, 0x0000, 0x0000, 0x0000, 0x0000,
    0x0000, 0x0000, 0x0000, 0x0000, 0x0000, 0x0000, 0x0000, 0x0000, 0x0000, 0x0000, 0x0000, 0x0000, 0x0000, 0x0000, 0x0000, 0x0000,
    0x0000, 0x0000, 0x0000, 0x0000, 0x0000, 0x0000, 0x0000, 0x0000, 0x0000, 0x0000, 0x0000, 0x0000, 0x0000, 0x0000, 0x0000, 0x0000,
    0x0000, 0x0000, 0x0000, 0x0000, 0x0000, 0x0000, 0x0000, 0x0000, 0x0000, 0x0000, 0x0000, 0x0000, 0x0000, 0x0000, 0x0000, 0x0000,
    0x0000, 0x0000, 0x0000, 0x0000, 0x0000, 0x0000, 0x0000, 0x5a45, 0x0000, 0x0000, 0x0000, 0x0000, 0x0000, 0x0000, 0x0000, 0x0000,
    0x0000, 0x0000, 0x0000, 0x0000, 0x0000, 0x0000, 0x0000, 0x0000, 0x0000, 0x0000, 0x0000, 0x0000, 0x0000, 0x0000, 0x0000, 0x0000,
    0x0000, 0x0000, 0x0000, 0x0000, 0x0000, 0x0000, 0x0000, 0x0000, 0x0000, 0x0000, 0x0000, 0x0000, 0x0000, 0x0000, 0x0000, 0x0000,
    0x0000, 0x0000, 0x0000, 0x0000, 0x0000, 0x0000, 0x0000, 0x0000, 0x0000, 0x0000, 0x0000, 0x0000, 0x0000, 0x0000, 0x0000, 0x0000,
    0x0000, 0x0000, 0x0000, 0x0000, 0x0000, 0x0000, 0x0000, 0x0000, 0x0000, 0x0000, 0x0000, 0x0000, 0x0000, 0x0000, 0x0000, 0x0000,
    0x0000, 0x0000, 0x0000, 0x0000, 0x0000, 0x0000, 0x0000, 0x0000, 0x0000, 0x0000, 0x0000, 0x0000, 0x0000, 0x0000, 0x0000, 0x0000,
    0x0000, 0x0000, 0x0000, 0x0000, 0x0000, 0x0000, 0x0000, 0x0000, 0x0000, 0x0000, 0x0000, 0x0000, 0x0000, 0x0000, 0x0000, 0x0000,
    0x0000, 0x0000, 0x0000, 0x0000, 0x0000, 0x0000, 0x0000, 0x3184, 0x3184, 0x3184, 0x0000, 0x0000, 0x0000, 0x0000, 0x0000, 0x0000,
    0x0000, 0x0000, 0x0000, 0x0000, 0x0000, 0x0000, 0x0000, 0x0000, 0x0000, 0x0000, 0x0000, 0x0000, 0x0000, 0x0000, 0x0000, 0x0000,
    0x0000, 0x0000, 0x0000, 0x0000, 0x0000, 0x0000, 0x0000, 0x0000, 0x0000, 0x0000, 0x0000, 0x0000, 0x0000, 0x0000, 0x0000, 0x0000,
    0x0000, 0x0000, 0x0000, 0x0000, 0x0000, 0x0000, 0x0000, 0x0000, 0x0000, 0x0000, 0x0000, 0x0000, 0x0000, 0x0000, 0x0000, 0x0000,
    0x0000, 0x0000, 0x0000, 0x0000, 0x0000, 0x0000, 0x0000, 0x0000, 0x0000, 0x0000, 0x0000, 0x0000, 0x0000, 0x0000, 0x0000, 0x0000,
    0x0000, 0x0000, 0x0000, 0x0000, 0x0000, 0x0000, 0x0000, 0x0000, 0x0000, 0x0000, 0x0000, 0x0000, 0x0000, 0x0000, 0x0000, 0x0000,
    0x0000, 0x0000, 0x0000, 0x0000, 0x0000, 0x0000, 0x0000, 0x0000, 0x0000, 0x0000, 0x0000, 0x0000, 0x0000, 0x0000, 0x0000, 0x0000,
    0x0000, 0x0000, 0x0000, 0x0000, 0x0000, 0x0000, 0x0000, 0x0000, 0x0000, 0x0000, 0x0000, 0x0000, 0x0000, 0x0000, 0x0000, 0x0000,
    0x0000, 0x0000, 0x0000, 0x0000, 0x0000, 0x0000, 0x0000, 0x0000, 0x0000, 0x0000, 0x0000, 0x0000, 0x0000, 0x0000, 0x0000, 0x0000,
    0x0000, 0x0000, 0x0000, 0x0000, 0x0000, 0x0000, 0x5a45, 0xa40a, 0x3983, 0x0000, 0x0000, 0x0000, 0x0000, 0x0000, 0x0000, 0x0000,
    0x0000, 0x0000, 0x0000, 0x0000, 0x0000, 0x0000, 0x0000, 0x0000, 0x0000, 0x0000, 0x0000, 0x0000, 0x0000, 0x0000, 0x0000, 0x0000,
    0x0000, 0x0000, 0x0000, 0x0000, 0x0000, 0x0000, 0x0000, 0x0000, 0x0000, 0x0000, 0x0000, 0x0000, 0x0000, 0x0000, 0x0000, 0x0000,
    0x0000, 0x0000, 0x0000, 0x0000, 0x0000, 0x0000, 0x0000, 0x0000, 0x0000, 0x0000, 0x0000, 0x0000, 0x0000, 0x0000, 0x0000, 0x0000,
    0x0000, 0x0000, 0x0000, 0x0000, 0x0000, 0x0000, 0x0000, 0x0000, 0x0000, 0x0000, 0x0000, 0x0000, 0x0000, 0x0000, 0x0000, 0x0000,
    0x0000, 0x0000, 0x0000, 0x0000, 0x0000, 0x0000, 0x0000, 0x0000, 0x0000, 0x0000, 0x0000, 0x0000, 0x8020, 0x6000, 0x0000, 0x0000,
    0x0000, 0x0000, 0x0000, 0x0000, 0x0000, 0x0000, 0x0000, 0x7281, 0x7281, 0x51e0, 0x0000, 0x0000, 0x0000, 0x0000, 0x0000, 0x0000,
    0x0000, 0x0000, 0x0000, 0x0000, 0x0000, 0x3184, 0x3184, 0x7ae4, 0xa363, 0x7ae4, 0x3184, 0x0000, 0x0000, 0x0000, 0x0000, 0x0000,
    0x0000, 0x0000, 0x0000, 0x0000, 0x0000, 0x0000, 0x0000, 0x0000, 0x0000, 0x0000, 0x0000, 0x0000, 0x0000, 0x0000, 0x0000, 0x0000,
    0x0000, 0x0000, 0x0000, 0x0000, 0x0000, 0x0000, 0x0000, 0x0000, 0x0000, 0x0000, 0x0000, 0x0000, 0x0000, 0x0000, 0x0000, 0x0000,
    0x0000, 0x0000, 0x0000, 0x0000, 0x0000, 0x0000, 0x0000, 0x0000, 0x0000, 0x0000, 0x0000, 0x0000, 0x0000, 0x0000, 0x0000, 0x0000,
    0x0000, 0x0000, 0x0000, 0x0000, 0x0000, 0x0000, 0x0000, 0x0000, 0x0000, 0x0000, 0x0000, 0x0000, 0x0000, 0x0000, 0x0000, 0x0000,
    0x0000, 0x0000, 0x0000, 0x0000, 0x0000, 0x0000, 0x0000, 0x0000, 0x0000, 0x0000, 0x0000, 0x0000, 0x0000, 0x0000, 0x0000, 0x0000,
    0x0000, 0x0000, 0x0000, 0x0000, 0x0000, 0x0000, 0x9180, 0x0000, 0x0000, 0x0000, 0x0000, 0x0000, 0x0000, 0x0000, 0x0000, 0x0000,
    0x0000, 0x0000, 0x0000, 0x0000, 0x0000, 0x0000, 0x0000, 0x0000, 0x0000, 0x0000, 0x0000, 0x0000, 0x0000, 0x0000, 0x0000, 0x0000,
    0x0000, 0x0000, 0x0000, 0x0000, 0x0000, 0x0000, 0x0000, 0x0000, 0x0000, 0x0000, 0x0000, 0x0000, 0x0000, 0x0000, 0x0000, 0x0000,
    0x0000, 0x0000, 0x0000, 0x0000, 0x0000, 0x0000, 0x5a45, 0xb48b, 0x3983, 0x0000, 0x0000, 0x0000, 0x0000, 0x0000, 0x0000, 0x0000,
    0x0000, 0x0000, 0x0000, 0x0000, 0x0000, 0x0000, 0x0000, 0x0000, 0x0000, 0x0000, 0x5aeb, 0x5aeb, 0x0000, 0x0000, 0x0000, 0x0000,
    0x0000, 0x0000, 0x0000, 0x0000, 0x0000, 0x0000, 0x0000, 0x0000, 0x0000, 0x0000, 0x0000, 0x0000, 0x0000, 0x0000, 0x0000, 0x0000,
    0x0000, 0x0000, 0x0000, 0x0000, 0x0000, 0x0000, 0x0000, 0x0000, 0x0000, 0x0000, 0x0000, 0x0000, 0x0000, 0x0000, 0x0000, 0x0000,
    0x0000, 0x0000, 0x0000, 0x0000, 0x0000, 0x0000, 0x0000, 0x0000, 0x0000, 0x0000, 0x0000, 0x0000, 0x0000, 0x0000, 0x0000, 0x0000,
    0x0000, 0x0000, 0x0000, 0x0000, 0x0000, 0x0000, 0x0000, 0x0000, 0x0000, 0x0000, 0x0000, 0x0000, 0x8020, 0x4021, 0x0000, 0x0000,
    0x0000, 0x0000, 0x0000, 0x0000, 0x0000, 0x0000, 0x0000, 0x0000, 0x51e0, 0x7281, 0x5140, 0x0000, 0x7281, 0x51e0, 0x0000, 0x0000,
    0x0000, 0x0000, 0x0000, 0x3184, 0x3184, 0x7ae4, 0xa363, 0x8b43, 0x8b43, 0xa363, 0xa363, 0x3184, 0x0000, 0x0000, 0x0000, 0x0000,
    0x0000, 0x0000, 0x0000, 0x0000, 0x0000, 0x0000, 0x0000, 0x0000, 0x0000, 0x0000, 0x0000, 0x0000, 0x0000, 0x0000, 0x0000, 0x0000,
    0x0000, 0x0000, 0x0000, 0x0000, 0x0000, 0x0000, 0x0000, 0x7bef, 0x6b6d, 0x0000, 0x0000, 0x0000, 0x0000, 0x0000, 0x0000, 0x0000,
    0x0000, 0x0000, 0x0000, 0x0000, 0x0000, 0x0000, 0x0000, 0x0000, 0x0000, 0x0000, 0x8308, 0x8308, 0x0000, 0x0000, 0x0000, 0x0000,
    0x0000, 0x0000, 0x0000, 0x0000, 0x0000, 0x0000, 0x0000, 0x330c, 0x1a46, 0x1a46, 0x0000, 0x0000, 0x0000, 0x0000, 0x0000, 0x0000,
    0x0000, 0x0000, 0x0000, 0x0000, 0x0000, 0x0000, 0x0000, 0x0000, 0x0000, 0x0000, 0x0000, 0x0000, 0x0000, 0x0000, 0x0000, 0x0000,
    0x0000, 0x0000, 0x0000, 0x0000, 0x0000, 0x9180, 0xfff6, 0x9180, 0x0000, 0x0000, 0x0000, 0x0000, 0x0000, 0x0000, 0x0000, 0x0000,
    0x0000, 0x0000, 0x0000, 0x0000, 0x0000, 0x0000, 0x0000, 0x0000, 0x0000, 0x0000, 0x0000, 0x0000, 0x0000, 0x0000, 0x0000, 0x0000,
    0x0000, 0x0000, 0x0000, 0x0000, 0x0000, 0x0000, 0x0000, 0x0000, 0x0000, 0x0000, 0x0000, 0x0000, 0x0000, 0x0000, 0x0000, 0x0000,
    0x0000, 0x0000, 0x0000, 0x0000, 0x5a45, 0x5a45, 0x5a45, 0x8ba8, 0x5a45, 0x5a45, 0x5a45, 0x0000, 0x0000, 0x0000, 0x0000, 0x0000,
    0x0000, 0x0000, 0x0000, 0x0000, 0x0000, 0x0000, 0x0000, 0x5aeb, 0x5aeb, 0x5aeb, 0xad55, 0xad55, 0x738e, 0x0000, 0x0000, 0x0000,
    0x0000, 0x0000, 0x0000, 0x0000, 0x0000, 0x0000, 0x0000, 0x0000, 0x0000, 0x0000, 0x0000, 0xad55, 0x0000, 0x0000, 0x0000, 0x0000,
    0x0000, 0x0000, 0x0000, 0x0000, 0x0000, 0x0000, 0x0000, 0x0000, 0x0000, 0x0000, 0x0000, 0xa7dd, 0x0000, 0x0000, 0x0000, 0x0000,
    0x0000, 0x0000, 0x0000, 0x0000, 0x0000, 0x0000, 0x0000, 0x0000, 0x0000, 0x0000, 0x0000, 0xef0a, 0x0000, 0x0000, 0x0000, 0x0000,
    0x0000, 0x0000, 0x0000, 0x0000, 0x0000, 0x0000, 0x0000, 0x0000, 0x0000, 0x0000, 0x0000, 0x0000, 0x93a8, 0x41a4, 0x0000, 0x0000,
    0x0000, 0x0000, 0x0000, 0x0000, 0x0000, 0x51e0, 0x7281, 0x5140, 0x51e0, 0x7281, 0x5140, 0x51e0, 0x7281, 0x5140, 0x0000, 0x0000,
    0x0000, 0x0000, 0x3184, 0x8b43, 0xa363, 0xabc5, 0xa363, 0xa363, 0x8b43, 0xabc5, 0xa363, 0x8b43, 0x3184, 0x0000, 0x0000, 0x0000,
    0x0000, 0x0000, 0x0000, 0x0000, 0x0000, 0x0000, 0x0000, 0x0000, 0x0000, 0x0000, 0x0000, 0x0000, 0x0000, 0x0000, 0x0000, 0x0000,
    0x0000, 0x0000, 0x0000, 0x0000, 0x0000, 0x0000, 0x0000, 0xdefb, 0xce59, 0x7bef, 0x0000, 0x0000, 0x0000, 0x0000, 0x0000, 0x0000,
    0x0000, 0x0000, 0x0000, 0x0000, 0x0000, 0x0000, 0x0000, 0x0000, 0x0000, 0x8308, 0xb44b, 0xb44b, 0x6267, 0x0000, 0x0000, 0x0000,
    0x0000, 0x0000, 0x0000, 0x0000, 0x0000, 0x330c, 0x330c, 0x4c10, 0x4c10, 0x4c10, 0x1a46, 0x1a46, 0x0000, 0x0000, 0x0000, 0x0000,
    0x0000, 0x0000, 0x0000, 0x0000, 0x0000, 0x4a49, 0x4a49, 0x4a49, 0x4a49, 0x4a49, 0x0000, 0x0000, 0x0000, 0x0000, 0x0000, 0x0000,
    0x0000, 0x0000, 0x0000, 0x9180, 0x0000, 0x0000, 0x9180, 0x0000, 0x0000, 0x0000, 0x0000, 0x9180, 0x0000, 0x0000, 0x0000, 0x0000,
    0x0000, 0x0000, 0x0000, 0x0000, 0x0000, 0x0000, 0x0000, 0x0000, 0x0000, 0x0000, 0x0000, 0x0000, 0x0000, 0x0000, 0x0000, 0x0000,
    0x0000, 0x0000, 0x0000, 0x0000, 0x0000, 0x0000, 0x0000, 0x0000, 0x0000, 0x0000, 0x0000, 0x0000, 0x0000, 0x0000, 0x0000, 0x0000,
    0x0000, 0x0000, 0x0000, 0x5a45, 0xa40a, 0xa40a, 0xb48b, 0xa40a, 0xb48b, 0x8ba8, 0xb48b, 0x3983, 0x0000, 0x0000, 0x0000, 0x0000,
    0x0000, 0x0000, 0x0000, 0x0000, 0x5aeb, 0x5aeb, 0x5aeb, 0xad55, 0xdedb, 0xdedb, 0xdedb, 0xdedb, 0xad55, 0x738e, 0x0000, 0x0000,
    0x0000, 0x0000, 0x0000, 0x0000, 0x0000, 0x0000, 0x0000, 0x0000, 0x0000, 0x0000, 0x0000, 0xad55, 0xad55, 0x6b4d, 0x0000, 0x0000,
    0x0000, 0x0000, 0x0000, 0x0000, 0x0000, 0x0000, 0x0000, 0x0000, 0x0000, 0x0000, 0x0000, 0xa7dd, 0xa7dd, 0x2636, 0x0000, 0x0000,
    0x0000, 0x0000, 0x0000, 0x0000, 0x0000, 0x0000, 0x0000, 0x0000, 0x0000, 0x0000, 0x0000, 0xef0a, 0xef0a, 0xdd02, 0x0000, 0x0000,
    0x0000, 0x0000, 0x0000, 0x8020, 0x6000, 0x0000, 0x0000, 0x0000, 0x0000, 0x0000, 0x0000, 0x0000, 0x93a8, 0x41a4, 0x0000, 0x0000,
    0x0000, 0x0000, 0x0000, 0x0000, 0x0000, 0x0000, 0x51e0, 0x5140, 0x7281, 0x5140, 0x51e0, 0x7281, 0x51e0, 0x0000, 0x0000, 0x0000,
    0x0000, 0x0000, 0x3184, 0x28e1, 0xa363, 0xabc5, 0xabc5, 0xa363, 0xa363, 0xabc5, 0xabc5, 0xa363, 0x8b43, 0x28e1, 0x0000, 0x0000,
    0x0000, 0x0000, 0x0000, 0x0000, 0x0000, 0xabab, 0xabab, 0xabab, 0xabab, 0xabab, 0xabab, 0x0000, 0x0000, 0x0000, 0x0000, 0x0000,
    0x0000, 0x0000, 0x0000, 0x0000, 0x0000, 0x0000, 0x0000, 0x0000, 0xef5d, 0xce59, 0x0000, 0x0000, 0x0000, 0x0000, 0x0000, 0x0000,
    0x0000, 0x0000, 0x0000, 0x0000, 0x0000, 0x0000, 0x0000, 0x0000, 0x0000, 0x8308, 0xc4ec, 0xdd90, 0xdd90, 0x6267, 0x0000, 0x0000,
    0x0000, 0x0000, 0x0000, 0x0000, 0x330c, 0x4c10, 0x64cf, 0x64cf, 0x64cf, 0x64cf, 0x64cf, 0x330c, 0x1a46, 0x0000, 0x0000, 0x0000,
    0x0000, 0x0000, 0x0000, 0x4a49, 0x4a49, 0x2966, 0x18c4, 0x18c4, 0x18c4, 0x2966, 0x4a49, 0x4a49, 0x0000, 0x0000, 0x0000, 0x0000,
    0x0000, 0x0000, 0x9180, 0xffe6, 0x9180, 0x0000, 0x0000, 0x0000, 0x0000, 0x0000, 0x9180, 0xfd00, 0x9180, 0x0000, 0x0000, 0x0000,
    0x0000, 0x0000, 0x0000, 0x0000, 0x0000, 0x0000, 0x5172, 0x5172, 0x5172, 0x5172, 0x0000, 0x0000, 0x0000, 0x0000, 0x0000, 0x0000,
    0x0000, 0x0000, 0x0000, 0x0000, 0x0000, 0x0000, 0x79f2, 0x79f2, 0x79f2, 0x79f2, 0x0000, 0x0000, 0x0000, 0x0000, 0x0000, 0x0000,
    0x0000, 0x0000, 0x0000, 0x0000, 0x3983, 0x3983, 0x8ba8, 0x3983, 0x8ba8, 0x3983, 0x3983, 0x0000, 0x0000, 0x0000, 0x0000, 0x0000,
    0x0000, 0x5aeb, 0x5aeb, 0x5aeb, 0xad55, 0xdedb, 0xdedb, 0xdedb, 0xdedb, 0xdedb, 0xdedb, 0xdedb, 0xdedb, 0xad55, 0x738e, 0x0000,
    0x0000, 0x0000, 0x0000, 0x0000, 0x0000, 0x0000, 0x0000, 0x0000, 0x0000, 0x0000, 0xad55, 0xbdf7, 0x0000, 0xad55, 0x6b4d, 0x0000,
    0x0000, 0x0000, 0x0000, 0x0000, 0x0000, 0x0000, 0x0000, 0x0000, 0x0000, 0x0000, 0xa7dd, 0xa7dd, 0x0000, 0xa7dd, 0x2636, 0x0000,
    0x0000, 0x0000, 0x0000, 0x0000, 0x0000, 0x0000, 0x0000, 0x0000, 0x0000, 0x0000, 0xef0a, 0xffee, 0x0000, 0xef0a, 0xdd02, 0x0000,
    0x0000, 0x0000, 0x0000, 0x8020, 0x4021, 0x0000, 0x0000, 0x0000, 0x0000, 0x0000, 0x0000, 0x0000, 0x6286, 0x3142, 0x0000, 0x0000,
    0x0000, 0x0000, 0x0000, 0x0000, 0x0000, 0x0000, 0x5081, 0xee48, 0xdd02, 0x5140, 0x5140, 0x51e0, 0x30a0, 0x5140, 0x0000, 0x0000,
    0x0000, 0x3a08, 0x28e1, 0x6a63, 0x73ae, 0xa363, 0xa363, 0x8b43, 0xa363, 0xa363, 0xa363, 0x8b43, 0x28e1, 0x28e1, 0x2165, 0x0000,
    0x0000, 0x0000, 0x0000, 0xabab, 0xabab, 0xfe6f, 0xfe6f, 0xfe6f, 0xedac, 0xedac, 0xedac, 0xabab, 0xabab, 0x0000, 0x0000, 0x0000,
    0x0000, 0x0000, 0x0000, 0x0000, 0x0000, 0x0000, 0x0000, 0x0000, 0xf79e, 0xe71c, 0x0000, 0x6b6d, 0x0000, 0x0000, 0x0000, 0x0000,
    0x0000, 0x0000, 0x0000, 0x0000, 0x0000, 0x0000, 0x0000, 0x0000, 0x0000, 0x8308, 0xdd90, 0xdd90, 0xc4ec, 0x6267, 0x0000, 0x0000,
    0x0000, 0x0000, 0x0000, 0x1a46, 0x4c10, 0x64cf, 0xcffb, 0xb72b, 0x8e0b, 0x7569, 0x64cf, 0x64cf, 0x330c, 0x1a46, 0x0000, 0x0000,
    0x0000, 0x0000, 0x5acb, 0x4a49, 0x18c4, 0x18c4, 0x18c4, 0x18c4, 0x18c4, 0x18c4, 0x18c4, 0x2966, 0x31a7, 0x0000, 0x0000, 0x0000,
    0x0000, 0x0000, 0x0000, 0x9180, 0x0000, 0x0000, 0x0000, 0x9180, 0x0000, 0x0000, 0x0000, 0x9180, 0x0000, 0x0000, 0x0000, 0x0000,
    0x0000, 0x0000, 0x0000, 0x0000, 0x5172, 0x5172, 0xb33b, 0xa299, 0xa299, 0x89d7, 0x50ce, 0x50ce, 0x0000, 0x0000, 0x0000, 0x0000,
    0x0000, 0x0000, 0x0000, 0x0000, 0x79f2, 0x79f2, 0xdbda, 0xcb58, 0xcb58, 0xbaf7, 0x690c, 0x690c, 0x0000, 0x0000, 0x0000, 0x0000,
    0x0000, 0x0000, 0x0000, 0x0000, 0x0000, 0x5a45, 0xa40a, 0x3983, 0xa40a, 0x3983, 0x0000, 0x0000, 0x0000, 0x0000, 0x0000, 0x0000,
    0x5aeb, 0xffff, 0xdedb, 0xdedb, 0xdedb, 0xdedb, 0xdedb, 0xdedb, 0xdedb, 0xdedb, 0xdedb, 0xdedb, 0xffff, 0xffff, 0xdedb, 0x738e,
    0x0000, 0x0000, 0x0000, 0x0000, 0x0000, 0x0000, 0x0000, 0x0000, 0x0000, 0xad55, 0xbdf7, 0xbdf7, 0xad55, 0xbdf7, 0x6b4d, 0x0000,
    0x0000, 0x0000, 0x0000, 0x0000, 0x0000, 0x0000, 0x0000, 0x0000, 0x0000, 0x4f7b, 0xffff, 0xa7dd, 0x4f7b, 0xa7dd, 0x2636, 0x0000,
    0x0000, 0x0000, 0x0000, 0x0000, 0x0000, 0x0000, 0x0000, 0x0000, 0x0000, 0xee48, 0xffee, 0xffee, 0xef0a, 0xffee, 0xdd02, 0x0000,
    0x0000, 0x0000, 0x0000, 0x93a8, 0x6286, 0x0000, 0x0000, 0x0000, 0x0000, 0x0000, 0x0000, 0x0000, 0x6286, 0x3142, 0x0000, 0x0000,
    0x0000, 0x0000, 0x0000, 0x0000, 0x0000, 0xb322, 0xee48, 0xef6a, 0xef6a, 0xdd02, 0x5081, 0x30a0, 0x5140, 0x51e0, 0x5140, 0x0000,
    0x0000, 0x3a08, 0x3a08, 0x6a63, 0xce79, 0xa534, 0xa363, 0x8b43, 0x8b43, 0x8b43, 0x28e1, 0x28e1, 0x6a63, 0x2165, 0x2165, 0x0000,
    0x0000, 0x0000, 0xabab, 0xedac, 0xedac, 0xecec, 0xdc4a, 0xdc4a, 0xdc4a, 0xdc4a, 0xecec, 0xedac, 0xedac, 0xabab, 0x0000, 0x0000,
    0x0000, 0x0000, 0x0000, 0x7bef, 0xdedb, 0x0000, 0x0000, 0xf79e, 0xef7d, 0xe71c, 0xce59, 0xce59, 0x6b6d, 0x0000, 0x0000, 0x0000,
    0x0000, 0x0000, 0x0000, 0x0000, 0x0000, 0x0000, 0x0000, 0x8308, 0x8308, 0xc4ec, 0xc4ec, 0xdd90, 0xb44b, 0x6267, 0x0000, 0x0000,
    0x0000, 0x0000, 0x0000, 0x1a46, 0x64cf, 0xcffb, 0xb72b, 0x968d, 0x1a46, 0x5488, 0x7569, 0x64cf, 0x64cf, 0x1166, 0x0000, 0x0000,
    0x0000, 0x0000, 0x31a7, 0x5acb, 0x5acb, 0x2966, 0x18c4, 0x18c4, 0x18c4, 0x2966, 0x4a49, 0x39e8, 0x2966, 0x0000, 0x0000, 0x0000,
    0x0000, 0x0000, 0x9180, 0x0000, 0x0000, 0x0000, 0x9180, 0xfd00, 0x9180, 0x9180, 0x0000, 0x0000, 0x0000, 0x0000, 0x0000, 0x0000,
    0x0000, 0x0000, 0x0000, 0x5172, 0xcc7a, 0xb33b, 0xa299, 0xcc7a, 0xb33b, 0x89d7, 0x8196, 0x89d7, 0x50ce, 0x0000, 0x0000, 0x0000,
    0x0000, 0x0000, 0x0000, 0x79f2, 0xe4bb, 0xdbda, 0xcb58, 0xe4bb, 0xdbda, 0xbaf7, 0xaa75, 0xbaf7, 0x690c, 0x0000, 0x0000, 0x0000,
    0x0000, 0x0000, 0x0000, 0x0000, 0x0000, 0x5a45, 0xb48b, 0x5a45, 0xb48b, 0x3983, 0x0000, 0x0000, 0x0000, 0x0000, 0x0000, 0x0000,
    0x5aeb, 0xad55, 0xffff, 0xdedb, 0xdedb, 0xdedb, 0xdedb, 0xdedb, 0xdedb, 0xffff, 0xffff, 0xffff, 0xdedb, 0x738e, 0xad55, 0x31a6,
    0x0000, 0x0000, 0x0000, 0x0000, 0x0000, 0x0000, 0x0000, 0x0000, 0x0000, 0xad55, 0xad55, 0x6b4d, 0x39e7, 0x39e7, 0x39e7, 0x0000,
    0x0000, 0x0000, 0x0000, 0x0000, 0x0000, 0x0000, 0x0000, 0x0000, 0x0000, 0xa7dd, 0xa7dd, 0x2636, 0x1d54, 0x1d54, 0x1d54, 0x0000,
    0x0000, 0x0000, 0x0000, 0x0000, 0x0000, 0x0000, 0x0000, 0x0000, 0x0000, 0xef0a, 0xef0a, 0xdd02, 0xb322, 0xb322, 0xb322, 0x0000,
    0x0000, 0x0000, 0x0000, 0x93a8, 0x41a4, 0x0000, 0x0000, 0x0000, 0x0000, 0x8020, 0x6000, 0x0000, 0x0000, 0x0000, 0x0000, 0x0000,
    0x0000, 0x0000, 0x0000, 0x0000, 0x0000, 0xb322, 0xef6a, 0xfffc, 0xef6a, 0xee48, 0xdd02, 0x5081, 0x30a0, 0x5140, 0x30a0, 0x5140,
    0x0000, 0x3a08, 0x94b3, 0x3a08, 0x73ae, 0xa534, 0x28e1, 0x8b43, 0x28e1, 0x28e1, 0x6a63, 0x2165, 0x2165, 0x8411, 0x2165, 0x0000,
    0x0000, 0xabab, 0xedac, 0xecec, 0xdc4a, 0xdc4a, 0xecec, 0xed6d, 0xed6d, 0xecec, 0xdc4a, 0xdc4a, 0xecec, 0xedac, 0xabab, 0x0000,
    0x0000, 0x0000, 0x0000, 0x7bef, 0xe71c, 0xef7d, 0xf7be, 0xef7d, 0xe73c, 0x0000, 0x0000, 0xce59, 0x6b6d, 0x0000, 0x0000, 0x0000,
    0x0000, 0x0000, 0x0000, 0x0000, 0x8308, 0x8308, 0x8308, 0xdd90, 0xc4ec, 0xb44b, 0xc4ec, 0xc4ec, 0xb44b, 0x6267, 0x0000, 0x0000,
    0x0000, 0x0000, 0x1a46, 0x330c, 0x64cf, 0xb72b, 0x968d, 0x1a46, 0x1942, 0x1a46, 0x5488, 0x7569, 0x64cf, 0x330c, 0x1166, 0x0000,
    0x0000, 0x0000, 0x4a49, 0x31a7, 0x630c, 0x630c, 0x4a69, 0x4a49, 0x4a49, 0x4a49, 0x31a7, 0x2966, 0x2966, 0x0000, 0x0000, 0x0000,
    0x0000, 0x9180, 0xe420, 0x9180, 0x0000, 0x0000, 0x0000, 0x9180, 0xfd00, 0xfff6, 0x9180, 0x0000, 0x0000, 0x0000, 0x0000, 0x0000,
    0x0000, 0x0000, 0x5172, 0xcc7a, 0xa299, 0xa299, 0xb33b, 0xb33b, 0xa299, 0xa299, 0x89d7, 0x8196, 0xa299, 0x50ce, 0x0000, 0x0000,
    0x0000, 0x0000, 0x79f2, 0xe4bb, 0xcb58, 0xcb58, 0xdbda, 0xdbda, 0xcb58, 0xcb58, 0xbaf7, 0xaa75, 0xcb58, 0x690c, 0x0000, 0x0000,
    0x0000, 0x0000, 0x0000, 0x0000, 0x0000, 0x5a45, 0xa40a, 0x5a45, 0xa40a, 0x3983, 0x0000, 0x0000, 0x0000, 0x0000, 0x0000, 0x0000,
    0x5aeb, 0xad55, 0xad55, 0xffff, 0xdedb, 0xdedb, 0xffff, 0xffff, 0xffff, 0xdedb, 0x8410, 0x738e, 0x738e, 0x8410, 0xad55, 0x31a6,
    0x0000, 0x0000, 0x8410, 0xdedb, 0xad55, 0x4020, 0x18e3, 0x18e3, 0x4020, 0xad55, 0x6b4d, 0x39e7, 0x0000, 0x0000, 0x0000, 0x0000,
    0x0000, 0x0000, 0xffff, 0xffff, 0xa7dd, 0x9cc0, 0x9cc0, 0x9cc0, 0x9cc0, 0xa7dd, 0x2636, 0x1d54, 0x0000, 0x0000, 0x0000, 0x0000,
    0x0000, 0x0000, 0xffee, 0xffee, 0xef0a, 0x3820, 0x3820, 0x3820, 0x3820, 0xef0a, 0xdd02, 0xb322, 0x0000, 0x0000, 0x0000, 0x0000,
    0x0000, 0x0000, 0xbe16, 0x93a8, 0x41a4, 0xa534, 0xa534, 0x0000, 0x0000, 0x8020, 0x4021, 0x0000, 0x0000, 0x0000, 0x0000, 0x0000,
    0x0000, 0x0000, 0x0000, 0x0000, 0xb322, 0xdd02, 0xfffc, 0xfffc, 0xee48, 0xdd02, 0xb322, 0x5081, 0x5140, 0x5140, 0x0000, 0x0000,
    0x0000, 0x3a08, 0x636e, 0xad75, 0x3a08, 0x73ae, 0x6a63, 0x28e1, 0x6a63, 0x2165, 0x2165, 0x8411, 0xad75, 0x6b6e, 0x2165, 0x0000,
    0x0000, 0xabab, 0xedac, 0xdc4a, 0xed6d, 0xf5cf, 0xecec, 0xb2e2, 0xa2a2, 0xed6d, 0xecec, 0xdc4a, 0xdc4a, 0xfe6f, 0x72a3, 0x0000,
    0x0000, 0x0000, 0x7bef, 0xdefb, 0xe73c, 0x0000, 0x0000, 0xef5d, 0xdedb, 0x0000, 0x0000, 0xce59, 0xce59, 0x6b6d, 0x0000, 0x0000,
    0x0000, 0x0000, 0x0000, 0x8308, 0xc4ec, 0xdd90, 0xdd90, 0xdd90, 0xdd90, 0xc4ec, 0xb44b, 0xc4ec, 0x6267, 0x0000, 0x0000, 0x0000,
    0x0000, 0x0000, 0x1a46, 0x330c, 0x7569, 0x7569, 0x8e0b, 0x1a46, 0x1942, 0x1a46, 0x5488, 0x7569, 0x64cf, 0x330c, 0x1166, 0x0000,
    0x0000, 0x0000, 0x4a49, 0x5acb, 0x4a69, 0x31a7, 0x31a7, 0x39e8, 0x31a7, 0x31a7, 0x39e8, 0x39e8, 0x2966, 0x0000, 0x0000, 0x0000,
    0x0000, 0x9180, 0xfff6, 0x9180, 0x0000, 0x9180, 0x9180, 0xffed, 0x9180, 0xcc61, 0x9180, 0x0000, 0x9180, 0x0000, 0x0000, 0x0000,
    0x0000, 0x0000, 0x5172, 0xb33b, 0xa299, 0xcc7a, 0xb33b, 0xa299, 0xa299, 0xb33b, 0x89d7, 0x8196, 0x89d7, 0x50ce, 0x0000, 0x0000,
    0x0000, 0x0000, 0x79f2, 0xdbda, 0xcb58, 0xe4bb, 0xdbda, 0xcb58, 0xcb58, 0xdbda, 0xbaf7, 0xaa75, 0xbaf7, 0x690c, 0x0000, 0x0000,
    0x0000, 0x0000, 0x0000, 0x0000, 0x5a45, 0x8ba8, 0x8ba8, 0xa40a, 0xb48b, 0x8ba8, 0x3983, 0x0000, 0x0000, 0x0000, 0x0000, 0x0000,
    0x5aeb, 0xad55, 0xad55, 0xad55, 0xffff, 0xffff, 0xdedb, 0x8410, 0x738e, 0x738e, 0x738e, 0x738e, 0xad55, 0xad55, 0xad55, 0x31a6,
    0x0000, 0x8410, 0xdedb, 0x8410, 0x6b4d, 0x4020, 0x10a2, 0x18e3, 0x3820, 0x39e7, 0x39e7, 0x39e7, 0x0000, 0x0000, 0x0000, 0x0000,
    0x0000, 0xffff, 0x4f7b, 0x4f7b, 0x2636, 0xc5e1, 0xc5e1, 0xc5e1, 0xc5e1, 0x1d54, 0x1d54, 0x1d54, 0x0000, 0x0000, 0x0000, 0x0000,
    0x0000, 0xffee, 0xee48, 0xee48, 0xdd02, 0x4020, 0x4020, 0x4020, 0x4020, 0xb322, 0xb322, 0xb322, 0x0000, 0x0000, 0x0000, 0x0000,
    0x0000, 0x0000, 0xbe16, 0x6286, 0x3142, 0x8020, 0x8020, 0xa534, 0x6b2d, 0x93a8, 0x6286, 0x0000, 0x0000, 0x0000, 0x0000, 0x0000,
    0x0000, 0x0000, 0x0000, 0x0000, 0xb322, 0xef6a, 0xef6a, 0xee48, 0xdd02, 0xdd02, 0x5081, 0x30a0, 0x0000, 0x5140, 0x0000, 0x0000,
    0x0000, 0x3a08, 0x94b3, 0x8411, 0xad75, 0x3a08, 0x6a63, 0x2165, 0x2165, 0xad75, 0x8411, 0xad75, 0x636e, 0x8411, 0x2165, 0x0000,
    0x0000, 0xabab, 0xecec, 0xed6d, 0xdba4, 0xb2e2, 0xb2e2, 0xa2a2, 0xed6d, 0xecec, 0xdc4a, 0xdc4a, 0xecec, 0xfe6f, 0x72a3, 0x0000,
    0x0000, 0x0000, 0x0000, 0x0000, 0xe73c, 0x0000, 0xef7d, 0xdefb, 0xdedb, 0xdedb, 0xce59, 0xce59, 0xce59, 0x632c, 0x0000, 0x0000,
    0x0000, 0x0000, 0x8308, 0xb44b, 0xdd90, 0xdd90, 0xc4ec, 0xdd90, 0xc4ec, 0xc4ec, 0xb44b, 0xb44b, 0x6267, 0x0000, 0x0000, 0x0000,
    0x0000, 0x0000, 0x1a46, 0x330c, 0x64cf, 0x7569, 0x5488, 0x1a46, 0x1942, 0x1a46, 0x8e0b, 0x7569, 0x7569, 0x330c, 0x1166, 0x0000,
    0x0000, 0x0000, 0x4a49, 0x5acb, 0x630c, 0x630c, 0x4a69, 0x2966, 0x39e8, 0x39e8, 0x39e8, 0x39e8, 0x2966, 0x0000, 0x0000, 0x0000,
    0x0000, 0x9180, 0xfec8, 0xfde6, 0x9180, 0xffed, 0x9180, 0xfe40, 0xcc61, 0xff00, 0xfff6, 0x9180, 0xaa60, 0x9180, 0x0000, 0x0000,
    0x0000, 0x0000, 0x5172, 0x89d7, 0xb33b, 0xa299, 0xa299, 0xa299, 0xcc7a, 0x8196, 0x89d7, 0xa299, 0x8196, 0x50ce, 0x0000, 0x0000,
    0x0000, 0x0000, 0x79f2, 0xbaf7, 0xdbda, 0xcb58, 0xcb58, 0xcb58, 0xe4bb, 0xaa75, 0xbaf7, 0xcb58, 0xaa75, 0x690c, 0x0000, 0x0000,
    0x0000, 0x0000, 0x0000, 0x0000, 0x0000, 0x5a45, 0xb48b, 0x3983, 0xb48b, 0x3983, 0x0000, 0x0000, 0x0000, 0x0000, 0x0000, 0x0000,
    0x5aeb, 0x8410, 0xad55, 0xad55, 0xdedb, 0x8410, 0x738e, 0x738e, 0x738e, 0x738e, 0xad55, 0xad55, 0x8410, 0x31a6, 0x31a6, 0x0000,
    0x0000, 0xad55, 0x8410, 0x6b4d, 0x39e7, 0x3820, 0x18e3, 0x10a2, 0x4020, 0x39e7, 0x8410, 0xad55, 0x8410, 0x0000, 0x0000, 0x0000,
    0x0000, 0xa7dd, 0x4f7b, 0x2636, 0x1d54, 0xc5e1, 0x9cc0, 0xc5e1, 0x9cc0, 0x1d54, 0x4f7b, 0xa7dd, 0x4f7b, 0x0000, 0x0000, 0x0000,
    0x0000, 0xef0a, 0xee48, 0xdd02, 0xb322, 0x4020, 0x3820, 0x4020, 0x3820, 0xb322, 0xee48, 0xef0a, 0xee48, 0x0000, 0x0000, 0x0000,
    0x0000, 0x0000, 0xa534, 0xbe16, 0xbe16, 0x4021, 0x6000, 0x8020, 0x6000, 0x93a8, 0x41a4, 0x0000, 0x0000, 0x0000, 0x0000, 0x0000,
    0x0000, 0x0000, 0x0000, 0xb322, 0xdd02, 0xef6a, 0xee48, 0xdd02, 0xb322, 0x5081, 0x0000, 0x0000, 0x0000, 0x0000, 0x0000, 0x0000,
    0x0000, 0x2165, 0x636e, 0xad75, 0x8411, 0x94b3, 0x3a08, 0x6b6e, 0x9d34, 0x8411, 0xad75, 0x636e, 0x8411, 0x636e, 0x2165, 0x0000,
    0x0000, 0xabab, 0xb2e2, 0xdba4, 0xdba4, 0xb2e2, 0xa2a2, 0xf5cf, 0xdc4a, 0xdc4a, 0xdc4a, 0xecec, 0xfe6f, 0xedac, 0x72a3, 0x0000,
    0x0000, 0x0000, 0x0000, 0x0000, 0xe71c, 0xf79e, 0xef5d, 0x0000, 0xdedb, 0xdedb, 0xce59, 0xce59, 0x0000, 0x5aeb, 0x0000, 0x0000,
    0x0000, 0x0000, 0x8308, 0x6267, 0xc4ec, 0xdd90, 0xdd90, 0xc4ec, 0xc4ec, 0xb44b, 0xb44b, 0x6267, 0x0000, 0x0000, 0x0000, 0x0000,
    0x0000, 0x0000, 0x0000, 0x1a46, 0x4c10, 0x64cf, 0x7569, 0x8e0b, 0x1a46, 0x968d, 0x7569, 0x4c10, 0x64cf, 0x1166, 0x0000, 0x0000,
    0x0000, 0x0000, 0x31a7, 0x4a69, 0x630c, 0x630c, 0x5acb, 0x4a69, 0x4a49, 0x39e8, 0x39e8, 0x2966, 0x2966, 0x0000, 0x0000, 0x0000,
    0x0000, 0x9180, 0xfd00, 0xfd00, 0xcc61, 0xff00, 0xfff6, 0xcc61, 0xfff6, 0xfd00, 0xffe6, 0xfd00, 0xd400, 0x9180, 0x0000, 0x0000,
    0x0000, 0x0000, 0x0000, 0x5172, 0x89d7, 0x89d7, 0xb33b, 0xb33b, 0x89d7, 0x89d7, 0x8196, 0x8196, 0x50ce, 0x0000, 0x0000, 0x0000,
    0x0000, 0x0000, 0x0000, 0x79f2, 0xbaf7, 0xbaf7, 0xdbda, 0xdbda, 0xbaf7, 0xbaf7, 0xaa75, 0xaa75, 0x690c, 0x0000, 0x0000, 0x0000,
    0x0000, 0x0000, 0x0000, 0x0000, 0x0000, 0x5a45, 0x8ba8, 0x3983, 0xa40a, 0x3983, 0x0000, 0x0000, 0x0000, 0x0000, 0x0000, 0x0000,
    0x0000, 0x5aeb, 0x8410, 0xad55, 0xdedb, 0x8410, 0x738e, 0x738e, 0x8410, 0x8410, 0x31a6, 0x31a6, 0x31a6, 0x0000, 0x0000, 0x0000,
    0x0000, 0x8410, 0x6b4d, 0x39e7, 0x39e7, 0x3820, 0x10a2, 0x10a2, 0x3020, 0x39e7, 0x6b4d, 0x8410, 0x6b4d, 0x0000, 0x0000, 0x0000,
    0x0000, 0x4f7b, 0x2636, 0x1d54, 0x1d54, 0x9cc0, 0xc5e1, 0x9cc0, 0x9cc0, 0x1d54, 0x2636, 0x4f7b, 0x2636, 0x0000, 0x0000, 0x0000,
    0x0000, 0xee48, 0xdd02, 0xb322, 0xb322, 0x3820, 0x4020, 0x3820, 0x3020, 0xb322, 0xdd02, 0xee48, 0xdd02, 0x0000, 0x0000, 0x0000,
    0x0000, 0x0000, 0x0000, 0x6b2d, 0x6b2d, 0xa534, 0xa534, 0x4021, 0x4021, 0x93a8, 0x41a4, 0xa534, 0x0000, 0x0000, 0x0000, 0x0000,
    0x0000, 0x0000, 0x0000, 0xb322, 0xee48, 0xdd02, 0xdd02, 0x5081, 0x5081, 0x0000, 0x0000, 0x0000, 0x0000, 0x0000, 0x0000, 0x0000,
    0x0000, 0x0000, 0x2165, 0x636e, 0xad75, 0x636e, 0x2165, 0xad75, 0x6b6e, 0x9d34, 0x636e, 0x8411, 0x3a08, 0x0841, 0x0000, 0x0000,
    0x0000, 0x72a3, 0xdba4, 0xdba4, 0xb2e2, 0x72a3, 0x72a3, 0xecec, 0xfe6f, 0xfe6f, 0xfe6f, 0xfe6f, 0xedac, 0xd4e9, 0x72a3, 0x0000,
    0x0000, 0x0000, 0x0000, 0x7bef, 0xdedb, 0xdefb, 0x0000, 0x0000, 0x0000, 0xce59, 0x0000, 0x0000, 0x0000, 0x0000, 0x0000, 0x0000,
    0x0000, 0x0000, 0x6267, 0x6267, 0xc4ec, 0x8308, 0xc4ec, 0xc4ec, 0xb44b, 0x6267, 0x6267, 0x0000, 0x0000, 0x0000, 0x0000, 0x0000,
    0x0000, 0x0000, 0x0000, 0x1a46, 0x330c, 0x4c10, 0x64cf, 0x7569, 0x5488, 0x7569, 0x4c10, 0x7569, 0x330c, 0x1166, 0x0000, 0x0000,
    0x0000, 0x0000, 0x4a49, 0x2966, 0x39e8, 0x4a69, 0x4a69, 0x4a49, 0x39e8, 0x39e8, 0x31a7, 0x2966, 0x4a49, 0x0000, 0x0000, 0x0000,
    0x0000, 0x0000, 0x9180, 0xfff6, 0xfe40, 0xfec8, 0xff00, 0xcaa0, 0xfe40, 0xcba0, 0xfd00, 0xfee8, 0xcb00, 0xa9e0, 0x9180, 0x0000,
    0x0000, 0x0000, 0x0000, 0x0000, 0x50ce, 0x50ce, 0x89d7, 0xa299, 0x8196, 0x89d7, 0x50ce, 0x50ce, 0x0000, 0x0000, 0x0000, 0x0000,
    0x0000, 0x0000, 0x0000, 0x0000, 0x690c, 0x690c, 0xbaf7, 0xcb58, 0xaa75, 0xbaf7, 0x690c, 0x690c, 0x0000, 0x0000, 0x0000, 0x0000,
    0x0000, 0x0000, 0x0000, 0x0000, 0x0000, 0x5a45, 0xa40a, 0x5a45, 0xb48b, 0x3983, 0x0000, 0x0000, 0x0000, 0x0000, 0x0000, 0x0000,
    0x0000, 0x0000, 0x5aeb, 0x8410, 0xad55, 0x8410, 0x5acb, 0x31a6, 0x31a6, 0x31a6, 0x0000, 0x0000, 0x0000, 0x0000, 0x0000, 0x0000,
    0x0000, 0x6b4d, 0x6b4d, 0x6b4d, 0x6b4d, 0x3020, 0x0861, 0x0861, 0x3020, 0x39e7, 0x6b4d, 0x6b4d, 0x8410, 0x0000, 0x0000, 0x0000,
    0x0000, 0x2636, 0x2636, 0x2636, 0x2636, 0x6b61, 0x6b61, 0x6b61, 0x6b61, 0x1d54, 0x2636, 0x2636, 0x4f7b, 0x0000, 0x0000, 0x0000,
    0x0000, 0xdd02, 0xdd02, 0xdd02, 0xdd02, 0x3020, 0x3020, 0x3020, 0x3020, 0xb322, 0xdd02, 0xdd02, 0xee48, 0x0000, 0x0000, 0x0000,
    0x0000, 0x0000, 0x0000, 0x0000, 0x0000, 0x6b2d, 0x6b2d, 0xa534, 0xa534, 0x72e7, 0x3142, 0xa534, 0x0000, 0x0000, 0x0000, 0x0000,
    0x0000, 0x0000, 0xb322, 0xee48, 0xdd02, 0xb322, 0x5081, 0x0000, 0x0000, 0x0000, 0x0000, 0x0000, 0x0000, 0x0000, 0x0000, 0x0000,
    0x0000, 0x0000, 0x0000, 0x2165, 0x636e, 0x94b3, 0x2165, 0x6b6e, 0x8411, 0x6b6e, 0x2165, 0x2165, 0x0841, 0x2165, 0x0000, 0x0000,
    0x0000, 0x0000, 0x72a3, 0x72a3, 0x72a3, 0x0000, 0x72a3, 0xd4e9, 0xedac, 0xedac, 0xedac, 0xedac, 0xd4e9, 0x72a3, 0x0000, 0x0000,
    0x0000, 0x0000, 0x0000, 0x7bef, 0xc638, 0xce59, 0x0000, 0x0000, 0x0000, 0xce59, 0x0000, 0x0000, 0x0000, 0x0000, 0x0000, 0x0000,
    0x0000, 0x0000, 0x0000, 0x6267, 0xb44b, 0x8308, 0xb44b, 0x6267, 0x6267, 0x0000, 0x0000, 0x0000, 0x0000, 0x0000, 0x0000, 0x0000,
    0x0000, 0x0000, 0x0000, 0x0000, 0x1166, 0x330c, 0x4c10, 0x4c10, 0x4c10, 0x4c10, 0x64cf, 0x330c, 0x1166, 0x0000, 0x0000, 0x0000,
    0x0000, 0x0000, 0x2966, 0x0000, 0x2966, 0x2966, 0x39e8, 0x5acb, 0x2966, 0x2966, 0x2966, 0x0000, 0x2966, 0x0000, 0x0000, 0x0000,
    0x0000, 0x0000, 0x0000, 0x9180, 0xfc60, 0x9180, 0xcaa0, 0xfe40, 0xcb20, 0xff49, 0xec40, 0xaa60, 0xaa40, 0x9180, 0x0000, 0x0000,
    0x0000, 0x0000, 0x0000, 0x0000, 0x0000, 0x0000, 0x50ce, 0x50ce, 0x50ce, 0x50ce, 0x0000, 0x0000, 0x0000, 0x0000, 0x0000, 0x0000,
    0x0000, 0x0000, 0x0000, 0x0000, 0x0000, 0x0000, 0x690c, 0x690c, 0x690c, 0x690c, 0x0000, 0x0000, 0x0000, 0x0000, 0x0000, 0x0000,
    0x0000, 0x0000, 0x0000, 0x0000, 0x5a45, 0x5a45, 0xb48b, 0x5a45, 0x8ba8, 0x3983, 0x5a45, 0x0000, 0x0000, 0x0000, 0x0000, 0x0000,
    0x0000, 0x0000, 0x0000, 0x5aeb, 0x5aeb, 0x31a6, 0x31a6, 0x0000, 0x0000, 0x0000, 0x0000, 0x0000, 0x0000, 0x0000, 0x0000, 0x0000,
    0x0000, 0x39e7, 0x39e7, 0x39e7, 0x39e7, 0x39e7, 0x39e7, 0x39e7, 0x39e7, 0x39e7, 0x39e7, 0x39e7, 0x39e7, 0x0000, 0x0000, 0x0000,
    0x0000, 0x1d54, 0x1d54, 0x1d54, 0x1d54, 0x1d54, 0x1d54, 0x1d54, 0x1d54, 0x1d54, 0x1d54, 0x1d54, 0x1d54, 0x0000, 0x0000, 0x0000,
    0x0000, 0xb322, 0xb322, 0xb322, 0xb322, 0xb322, 0xb322, 0xb322, 0xb322, 0xb322, 0xb322, 0xb322, 0xb322, 0x0000, 0x0000, 0x0000,
    0x0000, 0x0000, 0x0000, 0x0000, 0x0000, 0x0000, 0x0000, 0x6b2d, 0x6b2d, 0xa534, 0xa534, 0x6b2d, 0x0000, 0x0000, 0x0000, 0x0000,
    0x0000, 0x0000, 0xb322, 0xdd02, 0x5081, 0x5081, 0x0000, 0x0000, 0x0000, 0x0000, 0x0000, 0x0000, 0x0000, 0x0000, 0x0000, 0x0000,
    0x0000, 0x0000, 0x0000, 0x0000, 0x2165, 0x636e, 0x2165, 0x8411, 0x3a08, 0x0841, 0x0000, 0x0000, 0x0000, 0x0000, 0x0000, 0x0000,
    0x0000, 0x0000, 0x0000, 0x0000, 0x0000, 0x0000, 0x72a3, 0xd4e9, 0xedac, 0xedac, 0xd4e9, 0x72a3, 0x72a3, 0x0000, 0x0000, 0x0000,
    0x0000, 0x0000, 0x0000, 0x0000, 0x6b6d, 0x6b6d, 0xce59, 0xce59, 0xce59, 0xce59, 0x630c, 0x0000, 0x0000, 0x0000, 0x0000, 0x0000,
    0x0000, 0x0000, 0x0000, 0x0000, 0x6267, 0x6267, 0x6267, 0x0000, 0x0000, 0x0000, 0x0000, 0x0000, 0x0000, 0x0000, 0x0000, 0x0000,
    0x0000, 0x0000, 0x0000, 0x0000, 0x0000, 0x1166, 0x1166, 0x330c, 0x330c, 0x330c, 0x1166, 0x1166, 0x0000, 0x0000, 0x0000, 0x0000,
    0x0000, 0x0000, 0x0000, 0x0000, 0x0000, 0x0000, 0x2966, 0x4a49, 0x2966, 0x0000, 0x0000, 0x0000, 0x0000, 0x0000, 0x0000, 0x0000,
    0x0000, 0x0000, 0x0000, 0x0000, 0x9180, 0x0000, 0x9180, 0xcb20, 0xa9e0, 0xaa40, 0xaa60, 0xa9e0, 0x9180, 0x0000, 0x0000, 0x0000,
    0x0000, 0x0000, 0x0000, 0x0000, 0x0000, 0x0000, 0x0000, 0x0000, 0x0000, 0x0000, 0x0000, 0x0000, 0x0000, 0x0000, 0x0000, 0x0000,
    0x0000, 0x0000, 0x0000, 0x0000, 0x0000, 0x0000, 0x0000, 0x0000, 0x0000, 0x0000, 0x0000, 0x0000, 0x0000, 0x0000, 0x0000, 0x0000,
    0x0000, 0x0000, 0x0000, 0x5a45, 0xad55, 0xad55, 0x9cf3, 0xad55, 0xb596, 0xad55, 0xb596, 0x3983, 0x0000, 0x0000, 0x0000, 0x0000,
    0x0000, 0x0000, 0x0000, 0x0000, 0x0000, 0x0000, 0x0000, 0x0000, 0x0000, 0x0000, 0x0000, 0x0000, 0x0000, 0x0000, 0x0000, 0x0000,
    0x0000, 0x0000, 0x0000, 0x0000, 0x0000, 0x0000, 0x0000, 0x0000, 0x0000, 0x0000, 0x0000, 0x0000, 0x0000, 0x0000, 0x0000, 0x0000,
    0x0000, 0x0000, 0x0000, 0x0000, 0x0000, 0x0000, 0x0000, 0x0000, 0x0000, 0x0000, 0x0000, 0x0000, 0x0000, 0x0000, 0x0000, 0x0000,
    0x0000, 0x0000, 0x0000, 0x0000, 0x0000, 0x0000, 0x0000, 0x0000, 0x0000, 0x0000, 0x0000, 0x0000, 0x0000, 0x0000, 0x0000, 0x0000,
    0x0000, 0x0000, 0x0000, 0x0000, 0x0000, 0x0000, 0x0000, 0x0000, 0x0000, 0x0000, 0x0000, 0x0000, 0x0000, 0x0000, 0x0000, 0x0000,
    0x0000, 0x0000, 0x5081, 0x5081, 0x0000, 0x0000, 0x0000, 0x0000, 0x0000, 0x0000, 0x0000, 0x0000, 0x0000, 0x0000, 0x0000, 0x0000,
    0x0000, 0x0000, 0x0000, 0x0000, 0x0000, 0x2165, 0x2165, 0x2165, 0x0841, 0x2165, 0x0000, 0x0000, 0x0000, 0x0000, 0x0000, 0x0000,
    0x0000, 0x0000, 0x0000, 0x0000, 0x0000, 0x0000, 0x0000, 0x72a3, 0x72a3, 0x72a3, 0x72a3, 0x0000, 0x0000, 0x0000, 0x0000, 0x0000,
    0x0000, 0x0000, 0x0000, 0x0000, 0x0000, 0x0000, 0x6b6d, 0x0000, 0x0000, 0x630c, 0x0000, 0x0000, 0x0000, 0x0000, 0x0000, 0x0000,
    0x0000, 0x0000, 0x0000, 0x0000, 0x0000, 0x0000, 0x0000, 0x0000, 0x0000, 0x0000, 0x0000, 0x0000, 0x0000, 0x0000, 0x0000, 0x0000,
    0x0000, 0x0000, 0x0000, 0x0000, 0x0000, 0x0000, 0x0000, 0x1166, 0x1166, 0x1166, 0x0000, 0x0000, 0x0000, 0x0000, 0x0000, 0x0000,
    0x0000, 0x0000, 0x0000, 0x0000, 0x0000, 0x0000, 0x0000, 0x31a7, 0x0000, 0x0000, 0x0000, 0x0000, 0x0000, 0x0000, 0x0000, 0x0000,
    0x0000, 0x0000, 0x0000, 0x0000, 0x0000, 0x0000, 0x0000, 0x9180, 0x9180, 0x9180, 0x9180, 0x9180, 0x0000, 0x0000, 0x0000, 0x0000,
    0x0000, 0x0000, 0x0000, 0x0000, 0x0000, 0x0000, 0x0000, 0x0000, 0x0000, 0x0000, 0x0000, 0x0000, 0x0000, 0x0000, 0x0000, 0x0000,
    0x0000, 0x0000, 0x0000, 0x0000, 0x0000, 0x0000, 0x0000, 0x0000, 0x0000, 0x0000, 0x0000, 0x0000, 0x0000, 0x0000, 0x0000, 0x0000,
    0x0000, 0x0000, 0x0000, 0x0000, 0x3983, 0x3983, 0x3983, 0x3983, 0x3983, 0x3983, 0x3983, 0x0000, 0x0000, 0x0000, 0x0000, 0x0000,
    0x0000, 0x0000, 0x0000, 0x0000, 0x0000, 0x0000, 0x0000, 0x0000, 0x0000, 0x0000, 0x0000, 0x0000, 0x0000, 0x0000, 0x0000, 0x0000,
    0x0000, 0x0000, 0x0000, 0x0000, 0x0000, 0x0000, 0x0000, 0x0000, 0x0000, 0x0000, 0x0000, 0x0000, 0x0000, 0x0000, 0x0000, 0x0000,
    0x0000, 0x0000, 0x0000, 0x0000, 0x0000, 0x0000, 0x0000, 0x0000, 0x0000, 0x0000, 0x0000, 0x0000, 0x0000, 0x0000, 0x0000, 0x0000,
    0x0000, 0x0000, 0x0000, 0x0000, 0x0000, 0x0000, 0x0000, 0x0000, 0x0000, 0x0000, 0x0000, 0x0000, 0x0000, 0x0000, 0x0000, 0x0000,
    0x0000, 0x0000, 0x0000, 0x0000, 0x0000, 0x0000, 0x0000, 0x0000, 0x0000, 0x0000, 0x0000, 0x0000, 0x0000, 0x0000, 0x0000, 0x0000,
    0x0000, 0x0000, 0x0000, 0x0000, 0x0000, 0x0000, 0x0000, 0x0000, 0x0000, 0x0000, 0x0000, 0x0000, 0x0000, 0x0000, 0x0000, 0x0000,
    0x0000, 0x0000, 0x0000, 0x0000, 0x0000, 0x0000, 0x0000, 0x0000, 0x0000, 0x0000, 0x0000, 0x0000, 0x0000, 0x0000, 0x0000, 0x0000,
    0x0000, 0x0000, 0x0000, 0x0000, 0x0000, 0x0000, 0x0000, 0x0000, 0x0000, 0x0000, 0x0000, 0x0000, 0x0000, 0x0000, 0x0000, 0x0000,
    0x0000, 0x0000, 0x0000, 0x0000, 0x0000, 0x0000, 0x0000, 0x0000, 0x0000, 0x0000, 0x0000, 0x0000, 0x0000, 0x0000, 0x0000, 0x0000,
    0x0000, 0x0000, 0x0000, 0x0000, 0x0000, 0x0000, 0x0000, 0x0000, 0x0000, 0x0000, 0x0000, 0x0000, 0x0000, 0x0000, 0x0000, 0x0000,
    0x0000, 0x0000, 0x0000, 0x0000, 0x0000, 0x0000, 0x0000, 0x0000, 0x0000, 0x0000, 0x0000, 0x0000, 0x0000, 0x0000, 0x0000, 0x0000,
    0x0000, 0x0000, 0x0000, 0x0000, 0x0000, 0x0000, 0x0000, 0x0000, 0x0000, 0x0000, 0x0000, 0x0000, 0x0000, 0x0000, 0x0000, 0x0000,
    0x0000, 0x0000, 0x0000, 0x0000, 0x0000, 0x0000, 0x0000, 0x0000, 0x0000, 0x0000, 0x0000, 0x0000, 0x0000, 0x0000, 0x0000, 0x0000,
    0x0000, 0x0000, 0x0000, 0x0000, 0x0000, 0x0000, 0x0000, 0x0000, 0x0000, 0x0000, 0x0000, 0x0000, 0x0000, 0x0000, 0x0000, 0x0000,
    0x0000, 0x0000, 0x0000, 0x0000, 0x0000, 0x0000, 0x0000, 0x0000, 0x0000, 0x0000, 0x0000, 0x0000, 0x0000, 0x0000, 0x0000, 0x0000,
    0x0000, 0x0000, 0x0000, 0x0000, 0x0000, 0x0000, 0x0000, 0x0000, 0x0000, 0x0000, 0x0000, 0x0000, 0x0000, 0x0000, 0x0000, 0x0000,
    0x0000, 0x0000, 0x0000, 0x0000, 0x0000, 0x0000, 0x0000, 0x0000, 0x0000, 0x0000, 0x0000, 0x0000, 0x0000, 0x0000, 0x0000, 0x0000,
    0x0000, 0x0000, 0x0000, 0x0000, 0x0000, 0x0000, 0x0000, 0x0000, 0x0000, 0x0000, 0x0000, 0x0000, 0x0000, 0x0000, 0x0000, 0x0000,
    0x0000, 0x0000, 0x0000, 0x0000, 0x0000, 0x0000, 0x0000, 0x0000, 0x0000, 0x0000, 0x0000, 0x0000, 0x0000, 0x0000, 0x0000, 0x0000,
    0x0000, 0x0000, 0x0000, 0x0000, 0x0000, 0x0000, 0x0000, 0x0000, 0x0000, 0x0000, 0x0000, 0x0000, 0x0000, 0x0000, 0x0000, 0x0000,
    0x0000, 0x0000, 0x0000, 0x0000, 0x0000, 0x0000, 0x0000, 0x0000, 0x0000, 0x0000, 0x0000, 0x0000, 0x0000, 0x0000, 0x0000, 0x0000,
    0x0000, 0x0000, 0x0000, 0x0000, 0x0000, 0x0000, 0x0000, 0x0000, 0x0000, 0x0000, 0x0000, 0x0000, 0x0000, 0x0000, 0x0000, 0x0000,
    0x0000, 0x0000, 0x0000, 0x0000, 0x0000, 0x0000, 0x0000, 0x0000, 0x0000, 0x0000, 0x0000, 0x0000, 0x0000, 0x0000, 0x0000, 0x0000,
    0x0000, 0x0000, 0x0000, 0x0000, 0x0000, 0x0000, 0x0000, 0x0000, 0x0000, 0x0000, 0x0000, 0x0000, 0x0000, 0x0000, 0x0000, 0x0000,
    0x0000, 0x0000, 0x0000, 0x0000, 0x0000, 0x0000, 0x0000, 0x0000, 0x0000, 0x0000, 0x0000, 0x0000, 0x0000, 0x0000, 0x0000, 0x0000,
    0x0000, 0x0000, 0x0000, 0x0000, 0x0000, 0x0000, 0x0000, 0x0000, 0x0000, 0x0000, 0x0000, 0x0000, 0x0000, 0x0000, 0x0000, 0x0000,
    0x0000, 0x0000, 0x0000, 0x0000, 0x0000, 0x0000, 0x0000, 0x0000, 0x0000, 0x0000, 0x0000, 0x0000, 0x0000, 0x0000, 0x0000, 0x0000,
    0x0000, 0x0000, 0x0000, 0x0000, 0x0000, 0x0000, 0x0000, 0x0000, 0x0000, 0x0000, 0x0000, 0x0000, 0x0000, 0x0000, 0x0000, 0x0000,
    0x0000, 0x0000, 0x0000, 0x0000, 0x0000, 0x0000, 0x0000, 0x0000, 0x0000, 0x0000, 0x0000, 0x0000, 0x0000, 0x0000, 0x0000, 0x0000,
    0x0000, 0x0000, 0x0000, 0x0000, 0x0000, 0x0000, 0x0000, 0x0000, 0x0000, 0x0000, 0x0000, 0x0000, 0x0000, 0x0000, 0x0000, 0x0000,
    0x0000, 0x0000, 0x0000, 0x0000, 0x0000, 0x0000, 0x0000, 0x0000, 0x0000, 0x0000, 0x0000, 0x0000, 0x0000, 0x0000, 0x0000, 0x0000,
    0x0000, 0x0000, 0x0000, 0x0000, 0x0000, 0x0000, 0x0000, 0x0000, 0x0000, 0x0000, 0x0000, 0x0000, 0x0000, 0x0000, 0x0000, 0x0000,
    0x0000, 0x0000, 0x0000, 0x0000, 0x0000, 0x0000, 0x0000, 0x0000, 0x0000, 0x0000, 0x0000, 0x0000, 0x0000, 0x0000, 0x0000, 0x0000,
    0x0000, 0x0000, 0x0000, 0x0000, 0x0000, 0x0000, 0x0000, 0x0000, 0x0000, 0x0000, 0x0000, 0x0000, 0x0000, 0x0000, 0x0000, 0x0000,
    0x0000, 0x0000, 0x0000, 0x0000, 0x0000, 0x0000, 0x0000, 0x0000, 0x0000, 0x0000, 0x0000, 0x0000, 0x0000, 0x0000, 0x0000, 0x0000,
    0x0000, 0x0000, 0x0000, 0x0000, 0x0000, 0x0000, 0x0000, 0x0000, 0x0000, 0x0000, 0x0000, 0x0000, 0x0000, 0x0000, 0x0000, 0x0000,
    0x0000, 0x0000, 0x0000, 0x0000, 0x0000, 0x0000, 0x0000, 0x0000, 0x0000, 0x0000, 0x0000, 0x2a01, 0x0000, 0x0000, 0x0000, 0x0000,
    0x0000, 0x0000, 0x0000, 0x0000, 0x0000, 0x0000, 0x0000, 0x0000, 0x0000, 0x0000, 0x0000, 0x0000, 0x0000, 0x0000, 0x0000, 0x0000,
    0x0000, 0x0000, 0x0000, 0x0000, 0x0000, 0x0000, 0x0000, 0x0000, 0x0000, 0x0000, 0x0000, 0x0000, 0x0000, 0x0000, 0x0000, 0x0000,
    0x0000, 0x0000, 0x0000, 0x0000, 0x0000, 0x0000, 0x0000, 0x0000, 0x0000, 0x0000, 0x0000, 0x8b42, 0x0000, 0x0000, 0x0000, 0x0000,
    0x0000, 0x0000, 0x0000, 0x0000, 0x0000, 0x0000, 0x0000, 0x0000, 0x0000, 0x0000, 0x0000, 0x0000, 0x0000, 0x0000, 0x0000, 0x0000,
    0x0000, 0x0000, 0x0000, 0x0000, 0x0000, 0x0000, 0x0000, 0x0000, 0x0000, 0x0000, 0x0000, 0x0000, 0x0000, 0x0000, 0x0000, 0x0000,
    0x0000, 0x0000, 0x0000, 0x0000, 0x0000, 0x0000, 0x0000, 0x0000, 0x0000, 0x0000, 0x0000, 0x0000, 0x0000, 0x0000, 0x0000, 0x0000,
    0x0000, 0x0000, 0x0000, 0x0000, 0x0000, 0x0000, 0x0000, 0x0000, 0x0000, 0x0000, 0x0000, 0x0000, 0x0000, 0x0000, 0x0000, 0x0000,
    0x0000, 0x0000, 0x0000, 0x0000, 0x0000, 0x0000, 0x0000, 0x0000, 0x0000, 0x0000, 0x0000, 0x0000, 0x0000, 0x0000, 0x0000, 0x0000,
    0x0000, 0x0000, 0x0000, 0x0000, 0x0000, 0x0000, 0x0000, 0x0000, 0x0000, 0x0000, 0x0000, 0x0000, 0x0000, 0x0000, 0x0000, 0x0000,
    0x0000, 0x0000, 0x0000, 0x0000, 0x5aaf, 0x0000, 0x0000, 0x0000, 0x0000, 0x0000, 0x0000, 0x0000, 0x0000, 0x0000, 0x0000, 0x0000,
    0x0000, 0x0000, 0x0000, 0x0000, 0x0000, 0x0000, 0x0000, 0x128d, 0x0a0b, 0x0000, 0x0000, 0x0000, 0x0000, 0x0000, 0x0000, 0x0000,
    0x0000, 0x0000, 0x0000, 0x0000, 0x0000, 0x0000, 0x0000, 0x0000, 0x0000, 0x0000, 0x0000, 0x0000, 0x0000, 0x0000, 0x0000, 0x0000,
    0x0000, 0x0000, 0x0000, 0x0000, 0x0000, 0x0000, 0x0000, 0x0000, 0x0000, 0x0000, 0x0000, 0x0000, 0x5aaf, 0x5aaf, 0x5aaf, 0x0000,
    0x0000, 0x0000, 0x0000, 0x0000, 0x0000, 0x0000, 0x0000, 0x0000, 0x0000, 0x0000, 0x0000, 0x0000, 0x0000, 0x0000, 0x0000, 0x0000,
    0x0000, 0x0000, 0x0000, 0x0000, 0x0000, 0x0000, 0x0000, 0x0000, 0x0000, 0x0000, 0x0000, 0x0000, 0x0000, 0x0000, 0x0000, 0x0000,
    0x0000, 0x0000, 0x0000, 0x0000, 0x0000, 0x0000, 0x0000, 0x0000, 0x0000, 0x0000, 0x2a01, 0x4b43, 0x2a01, 0x2a01, 0x0000, 0x0000,
    0x0000, 0x0000, 0x0000, 0x0000, 0x0000, 0x0000, 0x0000, 0x0000, 0x0000, 0x0000, 0x0000, 0x0000, 0x0000, 0x0000, 0x0000, 0x0000,
    0x0000, 0x0000, 0x0000, 0x0000, 0x0000, 0x0000, 0xb2e1, 0xb2e1, 0xb2e1, 0x0000, 0x0000, 0x0000, 0x0000, 0x0000, 0x0000, 0x0000,
    0x0000, 0x0000, 0x0000, 0x0000, 0x0000, 0x0000, 0x0000, 0x0000, 0x0000, 0x0000, 0x8b42, 0xe725, 0x72e3, 0x0000, 0x0000, 0x0000,
    0x0000, 0x0000, 0x0000, 0x0000, 0x0000, 0x0000, 0x0000, 0x0000, 0x0000, 0x0000, 0x0000, 0x0000, 0x0000, 0x0000, 0x0000, 0x0000,
    0x0000, 0x0000, 0x0000, 0x0000, 0x0000, 0x0000, 0x0000, 0x5aaf, 0x5aaf, 0x0000, 0x0000, 0x0000, 0x0000, 0x0000, 0x0000, 0x0000,
    0x0000, 0x0000, 0x0000, 0x0000, 0x0000, 0x0000, 0x0000, 0x128d, 0x0a0b, 0x0000, 0x0000, 0x0000, 0x0000, 0x0000, 0x0000, 0x0000,
    0x0000, 0x0000, 0x0000, 0x0000, 0x0000, 0x0000, 0x0000, 0x0000, 0x0000, 0x0000, 0x0000, 0x0000, 0x0000, 0x0000, 0x0000, 0x0000,
    0x0000, 0x0000, 0x0000, 0x0000, 0x0000, 0x0000, 0x0000, 0x0000, 0x0000, 0x0000, 0x0000, 0x0000, 0x0000, 0x0000, 0x0000, 0x0000,
    0x0000, 0x0000, 0x0000, 0x0000, 0x0000, 0x0000, 0x0000, 0x0000, 0x0000, 0x0000, 0x0000, 0x0000, 0x0000, 0x0000, 0x0000, 0x0000,
    0x0000, 0x0000, 0x0000, 0x5aaf, 0xef5d, 0x5aaf, 0x5aaf, 0x0000, 0x0000, 0x0000, 0x0000, 0x5aaf, 0x0000, 0x0000, 0x0000, 0x0000,
    0x0000, 0x0000, 0x0000, 0x0000, 0x0000, 0x128d, 0x128d, 0x3c76, 0x2371, 0x0a0b, 0x0000, 0x128d, 0x0000, 0x0000, 0x0000, 0x0000,
    0x0000, 0x0000, 0x0000, 0x0000, 0x0000, 0x0000, 0x0000, 0x0000, 0x0000, 0x0000, 0x0000, 0x0000, 0x0000, 0x0000, 0x0000, 0x0000,
    0x0000, 0x0000, 0x0000, 0x0000, 0x0000, 0x0000, 0x0000, 0x0000, 0x5aaf, 0x5aaf, 0x422c, 0x5aaf, 0xef5d, 0xbdd9, 0x422c, 0x0000,
    0x0000, 0x0000, 0x0000, 0x0000, 0x0000, 0x0000, 0x0000, 0x0000, 0x0000, 0x0000, 0x0000, 0x0000, 0x0000, 0x0000, 0x0000, 0x0000,
    0x0000, 0x0000, 0x0000, 0x0000, 0x0000, 0x0000, 0x0000, 0x0000, 0x0000, 0x0000, 0x0000, 0x0000, 0x0000, 0x0000, 0x0000, 0x0000,
    0x0000, 0x0000, 0x0000, 0x0000, 0x0000, 0x0000, 0x0000, 0x2a01, 0x21a0, 0x2a01, 0x6425, 0x3281, 0x2a01, 0x4b43, 0x21a0, 0x0000,
    0x0000, 0x0000, 0x0000, 0x0000, 0x0000, 0x0000, 0x0000, 0x8146, 0x78e4, 0x0000, 0x0000, 0x0000, 0x0000, 0x0000, 0x0000, 0x0000,
    0x0000, 0x0000, 0x0000, 0x0000, 0x0000, 0xb2e1, 0xe4e6, 0xf587, 0xdc45, 0xb2e1, 0x0000, 0x0000, 0x0000, 0x0000, 0x0000, 0x0000,
    0x0000, 0x0000, 0x0000, 0x0000, 0x0000, 0x0000, 0x0000, 0x8b42, 0x8b42, 0x8b42, 0xf792, 0xe725, 0x72e3, 0x0000, 0x0000, 0x0000,
    0x0000, 0x0000, 0x0000, 0x0000, 0x0000, 0x0000, 0x0000, 0x0000, 0x0000, 0x0000, 0x0000, 0x0000, 0x0000, 0x0000, 0x0000, 0x0000,
    0x0000, 0x0000, 0x0000, 0x5aaf, 0x5aaf, 0x5aaf, 0x5aaf, 0xdedb, 0xbdd8, 0x5aaf, 0x0000, 0x0000, 0x0000, 0x0000, 0x0000, 0x0000,
    0x0000, 0x0000, 0x0000, 0x0000, 0x0000, 0x128d, 0x128d, 0x3c76, 0x2371, 0x0a0b, 0x0000, 0x128d, 0x0000, 0x0000, 0x0000, 0x0000,
    0x0000, 0x0000, 0x0000, 0x0000, 0x0000, 0x0000, 0x0000, 0x0000, 0x0000, 0x0000, 0x0000, 0x0000, 0x0000, 0x0000, 0x0000, 0x0000,
    0x0000, 0x0000, 0x0000, 0x0000, 0x0000, 0x0000, 0x0000, 0x0000, 0x0000, 0x0000, 0x0000, 0x0000, 0x0000, 0x0000, 0x0000, 0x0000,
    0x0000, 0x0000, 0x0000, 0x0000, 0x0000, 0x0000, 0x0000, 0x0000, 0x0000, 0x0000, 0x0000, 0x0000, 0x0000, 0x0000, 0x0000, 0x0000,
    0x0000, 0x0000, 0x0000, 0x5aaf, 0xffff, 0xffff, 0xbdd9, 0x5aaf, 0x5aaf, 0x0000, 0x5aaf, 0xef5d, 0x422c, 0x0000, 0x0000, 0x0000,
    0x0000, 0x0000, 0x0000, 0x0000, 0x128d, 0x2bf3, 0x4cf8, 0x1b10, 0x1b10, 0x2371, 0x128d, 0x2371, 0x0a0b, 0x0000, 0x0000, 0x0000,
    0x0000, 0x0000, 0x0000, 0x0000, 0x0000, 0x0000, 0x0000, 0x19f1, 0x0000, 0x0000, 0x0000, 0x0000, 0x0000, 0x0000, 0x0000, 0x0000,
    0x0000, 0x0000, 0x0000, 0x0000, 0x0000, 0x0000, 0x0000, 0x5aaf, 0xffff, 0xffff, 0xef5d, 0x5aaf, 0x5aaf, 0x422c, 0x0000, 0x0000,
    0x0000, 0x0000, 0x0000, 0x0000, 0x0000, 0x0000, 0x0000, 0x0000, 0x0000, 0x0000, 0x0000, 0x0000, 0x0000, 0x0000, 0x0000, 0x0000,
    0x0000, 0x0000, 0x0000, 0x0000, 0x0000, 0x0000, 0x6160, 0x7a24, 0x6160, 0x7a24, 0x0000, 0x0000, 0x0000, 0x0000, 0x0000, 0x0000,
    0x0000, 0x0000, 0x0000, 0x0000, 0x0000, 0x0000, 0x2a01, 0x4b43, 0x2a01, 0x6425, 0x6425, 0x2a01, 0x4b43, 0x3281, 0x21a0, 0x0000,
    0x0000, 0x0000, 0x0000, 0x8146, 0x8146, 0x8146, 0x8146, 0xd227, 0x8927, 0x78e4, 0x0000, 0x78e4, 0x0000, 0x0000, 0x0000, 0x0000,
    0x0000, 0x0000, 0x0000, 0x0000, 0x0000, 0xb2e1, 0xf587, 0xe4e6, 0xcbc4, 0xdc45, 0xb2e1, 0xb2e1, 0x9221, 0x9221, 0x0000, 0x0000,
    0x0000, 0x0000, 0x0000, 0x0000, 0x0000, 0x0000, 0x8b42, 0x8b42, 0xe725, 0xe725, 0xb483, 0xe725, 0x72e3, 0x0000, 0x0000, 0x0000,
    0x0000, 0x0000, 0x0000, 0x0000, 0x0000, 0x0000, 0x3325, 0x3325, 0x3325, 0x3325, 0x0000, 0x0000, 0x0000, 0x0000, 0x0000, 0x0000,
    0x0000, 0x0000, 0x5aaf, 0xdedb, 0xce59, 0x9cf6, 0xce59, 0xbdd8, 0x5aaf, 0x0000, 0x0000, 0x0000, 0x0000, 0x0000, 0x0000, 0x0000,
    0x0000, 0x0000, 0x0000, 0x0000, 0x128d, 0x2bf3, 0x4cf8, 0x1b10, 0x1b10, 0x2371, 0x128d, 0x2371, 0x0a0b, 0x0000, 0x0000, 0x0000,
    0x0000, 0x0000, 0x0000, 0x0000, 0x0000, 0x0000, 0x5172, 0x5172, 0x5172, 0x5172, 0x0000, 0x0000, 0x0000, 0x0000, 0x0000, 0x0000,
    0x0000, 0x0000, 0x0000, 0x0000, 0x0000, 0x0000, 0x0000, 0x19f1, 0x0000, 0x0000, 0x0000, 0x0000, 0x0000, 0x0000, 0x0000, 0x0000,
    0x0000, 0x0000, 0x0000, 0x0000, 0x0000, 0x0000, 0x6160, 0x7a24, 0x6160, 0x7a24, 0x0000, 0x0000, 0x0000, 0x0000, 0x0000, 0x0000,
    0x0000, 0x0000, 0x5aaf, 0xef5d, 0xffff, 0xef5d, 0x7bd3, 0xbdd9, 0xef5d, 0x5aaf, 0xbdd9, 0xffff, 0x422c, 0x0000, 0x0000, 0x0000,
    0x0000, 0x0000, 0x0000, 0x128d, 0x2bf3, 0x3c76, 0x3c76, 0x2bf3, 0x4cf8, 0x3c76, 0x2371, 0x1b10, 0x2371, 0x0a0b, 0x0000, 0x0000,
    0x0000, 0x0000, 0x0000, 0x0000, 0x0000, 0x19f1, 0x19f1, 0x5c1c, 0x19f1, 0x0000, 0x19f1, 0x0000, 0x0000, 0x0000, 0x0000, 0x0000,
    0x0000, 0x0000, 0x0000, 0x0000, 0x0000, 0x0000, 0x5aaf, 0xef5d, 0xffff, 0xffff, 0xbdd9, 0x422c, 0xef5d, 0xffff, 0x422c, 0x0000,
    0x0000, 0x0000, 0x0000, 0x0000, 0x0000, 0x0000, 0x1062, 0x1062, 0x1062, 0x1062, 0x1062, 0x1062, 0x1062, 0x0000, 0x0000, 0x0000,
    0x0000, 0x0000, 0x0000, 0x0000, 0x0000, 0x6160, 0x9ae6, 0xcc09, 0xcc09, 0x9ae6, 0x6160, 0x0000, 0x0000, 0x0000, 0x0000, 0x0000,
    0x0000, 0x0000, 0x0000, 0x0000, 0x0000, 0x2a01, 0x4b43, 0x2a01, 0x6425, 0x4b43, 0x2a01, 0x6425, 0x4b43, 0x21a0, 0x0000, 0x0000,
    0x0000, 0x0000, 0x8146, 0xeb6c, 0xd227, 0x8927, 0xeb6c, 0xeb6c, 0xd227, 0x8927, 0x78e4, 0xd227, 0x78e4, 0x0000, 0x0000, 0x0000,
    0x0000, 0x0000, 0x0000, 0x0000, 0xb2e1, 0xcbc4, 0xe4e6, 0xdc45, 0xcbc4, 0xdc45, 0xdc45, 0xdc45, 0xdc45, 0xe4e6, 0x9221, 0x0000,
    0x0000, 0x0000, 0x0000, 0x0000, 0x0000, 0x8b42, 0xb483, 0xf792, 0xd584, 0xb483, 0xe725, 0xb483, 0xb483, 0x72e3, 0x0000, 0x0000,
    0x0000, 0x0000, 0x0000, 0x0000, 0x3325, 0x3325, 0x86a3, 0x7622, 0x7622, 0x6561, 0x2223, 0x2223, 0x0000, 0x0000, 0x0000, 0x0000,
    0x0000, 0x0000, 0x5aaf, 0xdedb, 0x9cf6, 0xdedb, 0xbdd8, 0xbdd8, 0xce59, 0x39e9, 0x0000, 0x0000, 0x0000, 0x0000, 0x0000, 0x0000,
    0x0000, 0x0000, 0x0000, 0x128d, 0x2bf3, 0x3c76, 0x3c76, 0x2bf3, 0x4cf8, 0x3c76, 0x2371, 0x1b10, 0x2371, 0x0a0b, 0x0000, 0x0000,
    0x0000, 0x0000, 0x0000, 0x0000, 0x5172, 0x5172, 0xb33b, 0xa299, 0xa299, 0x89d7, 0x50ce, 0x50ce, 0x0000, 0x0000, 0x0000, 0x0000,
    0x0000, 0x0000, 0x0000, 0x0000, 0x0000, 0x19f1, 0x19f1, 0x5c1c, 0x19f1, 0x0000, 0x19f1, 0x0000, 0x0000, 0x0000, 0x0000, 0x0000,
    0x0000, 0x0000, 0x0000, 0x0000, 0x0000, 0x6160, 0x9ae6, 0xcc09, 0xcc09, 0x9ae6, 0x6160, 0x0000, 0x0000, 0x0000, 0x0000, 0x0000,
    0x0000, 0x0000, 0x5aaf, 0xbdd9, 0x7bd3, 0x7bd3, 0xbdd9, 0x7bd3, 0xffff, 0xffff, 0x7bd3, 0xffff, 0xef5d, 0x422c, 0x0000, 0x0000,
    0x0000, 0x0000, 0x0000, 0x128d, 0x3c76, 0x4cf8, 0x1b10, 0x1b10, 0x1b10, 0x2371, 0x1b10, 0x2371, 0x1b10, 0x0a0b, 0x0000, 0x0000,
    0x0000, 0x0000, 0x0000, 0x0000, 0x19f1, 0x74bd, 0x5c1c, 0x74bd, 0x5c1c, 0x19f1, 0x74bd, 0x19f1, 0x0000, 0x0000, 0x0000, 0x0000,
    0x0000, 0x0000, 0x0000, 0x0000, 0x5aaf, 0x5aaf, 0xbdd9, 0xef5d, 0xef5d, 0xbdd9, 0x422c, 0xffff, 0xffff, 0xef5d, 0x422c, 0x0000,
    0x0000, 0x0000, 0x0000, 0x0000, 0x1062, 0x1062, 0x18c4, 0x2127, 0x2127, 0x2127, 0x39aa, 0x39aa, 0x18c4, 0x1062, 0x0000, 0x0000,
    0x0000, 0x0000, 0x0000, 0x0000, 0x40e0, 0x9ae6, 0xcc09, 0xcc09, 0x9ae6, 0x7a24, 0x9ae6, 0x6160, 0x0000, 0x0000, 0x0000, 0x0000,
    0x0000, 0x0000, 0x0000, 0x0000, 0x2a01, 0x6425, 0x6425, 0x4b43, 0x2a01, 0x2a01, 0x6425, 0x4b43, 0x3281, 0x21a0, 0x0000, 0x0000,
    0x0000, 0x0000, 0x8146, 0xd227, 0xa968, 0xd227, 0x8927, 0xd227, 0xa968, 0x8927, 0xeb6c, 0xeb6c, 0xd227, 0x78e4, 0x0000, 0x0000,
    0x0000, 0x0000, 0x0000, 0xb2e1, 0xf587, 0xdc45, 0xcbc4, 0xcbc4, 0xdc45, 0xdc45, 0xcbc4, 0xdc45, 0xe4e6, 0x9221, 0x0000, 0x0000,
    0x0000, 0x0000, 0x0000, 0x0000, 0x8b42, 0xe725, 0xe725, 0xb483, 0xb483, 0xe725, 0xd584, 0xb483, 0xd584, 0x72e3, 0x0000, 0x0000,
    0x0000, 0x0000, 0x0000, 0x3325, 0xaf27, 0x86a3, 0x7622, 0xaf27, 0x86a3, 0x7622, 0x5cc1, 0x6561, 0x2223, 0x0000, 0x0000, 0x0000,
    0x0000, 0x5aaf, 0xdedb, 0xce59, 0xdedb, 0xce59, 0xbdd8, 0x9cf6, 0xce59, 0x9cf6, 0x39e9, 0x39e9, 0x39e9, 0x0000, 0x0000, 0x0000,
    0x0000, 0x0000, 0x0000, 0x128d, 0x3c76, 0x4cf8, 0x1b10, 0x1b10, 0x1b10, 0x2371, 0x1b10, 0x2371, 0x1b10, 0x0a0b, 0x0000, 0x0000,
    0x0000, 0x0000, 0x0000, 0x5172, 0xcc7a, 0xb33b, 0xa299, 0xcc7a, 0xb33b, 0x89d7, 0x8196, 0x89d7, 0x50ce, 0x0000, 0x0000, 0x0000,
    0x0000, 0x0000, 0x0000, 0x0000, 0x19f1, 0x74bd, 0x5c1c, 0x74bd, 0x5c1c, 0x19f1, 0x74bd, 0x19f1, 0x0000, 0x0000, 0x0000, 0x0000,
    0x0000, 0x0000, 0x0000, 0x0000, 0x40e0, 0x9ae6, 0xcc09, 0xcc09, 0x9ae6, 0x7a24, 0x9ae6, 0x6160, 0x0000, 0x0000, 0x0000, 0x0000,
    0x0000, 0x0000, 0x0000, 0x7bd3, 0xffff, 0xffff, 0x7bd3, 0xef5d, 0xffff, 0xef5d, 0x7bd3, 0xbdd9, 0x7bd3, 0x422c, 0x0000, 0x0000,
    0x0000, 0x0000, 0x128d, 0x4cf8, 0x2bf3, 0x1b10, 0x4cf8, 0x3c76, 0x2bf3, 0x1b10, 0x3c76, 0x2bf3, 0x2bf3, 0x0a0b, 0x0000, 0x0000,
    0x0000, 0x0000, 0x0000, 0x19f1, 0x5c1c, 0x74bd, 0x74bd, 0x5c1c, 0x74bd, 0x5c1c, 0x32f8, 0x1253, 0x012c, 0x0000, 0x0000, 0x0000,
    0x0000, 0x0000, 0x0000, 0x5aaf, 0xffff, 0xef5d, 0x5aaf, 0xbdd9, 0x5aaf, 0x422c, 0xef5d, 0xffff, 0xef5d, 0xbdd9, 0x422c, 0x0000,
    0x0000, 0x0000, 0x0000, 0x1062, 0x2127, 0x39aa, 0x39aa, 0x2127, 0x2127, 0x2127, 0x2127, 0x2127, 0x2127, 0x2127, 0x1062, 0x0000,
    0x0000, 0x0000, 0x40e0, 0x40e0, 0x6160, 0x7a24, 0x9ae6, 0x9ae6, 0x7a24, 0xcc09, 0x7a24, 0x7a24, 0x6160, 0x6160, 0x0000, 0x0000,
    0x0000, 0x0000, 0x0000, 0x2a01, 0x6425, 0x6425, 0x4b43, 0x2a01, 0x4b43, 0x6425, 0x6425, 0x4b43, 0x2a01, 0x4b43, 0x21a0, 0x0000,
    0x0000, 0x0000, 0x0000, 0x8146, 0x8927, 0xeb6c, 0xd227, 0xa968, 0x8927, 0xeb6c, 0x8927, 0xeb6c, 0xeb6c, 0x78e4, 0x0000, 0x0000,
    0x0000, 0x0000, 0xb2e1, 0xf587, 0xf587, 0xdc45, 0xe4e6, 0xe4e6, 0xf587, 0xe4e6, 0xdc45, 0xcbc4, 0xe4e6, 0x9221, 0x0000, 0x0000,
    0x0000, 0x0000, 0x0000, 0x8b42, 0xe725, 0xd584, 0xb483, 0xf792, 0xe725, 0xd584, 0xb483, 0xe725, 0x72e3, 0x0000, 0x0000, 0x0000,
    0x0000, 0x0000, 0x3325, 0xaf27, 0x7622, 0x7622, 0x86a3, 0x86a3, 0x7622, 0x7622, 0x6561, 0x5cc1, 0x7622, 0x2223, 0x0000, 0x0000,
    0x0000, 0x0000, 0x5aaf, 0xce59, 0xce59, 0xbdd8, 0x9cf6, 0xce59, 0xbdd8, 0xbdd8, 0xce59, 0xce59, 0x9cf6, 0x39e9, 0x0000, 0x0000,
    0x0000, 0x0000, 0x128d, 0x4cf8, 0x2bf3, 0x1b10, 0x4cf8, 0x3c76, 0x2bf3, 0x1b10, 0x3c76, 0x2bf3, 0x2bf3, 0x0a0b, 0x0000, 0x0000,
    0x0000, 0x0000, 0x5172, 0xcc7a, 0xa299, 0xa299, 0xb33b, 0xb33b, 0xa299, 0xa299, 0x89d7, 0x8196, 0xa299, 0x50ce, 0x0000, 0x0000,
    0x0000, 0x0000, 0x0000, 0x19f1, 0x5c1c, 0x74bd, 0x74bd, 0x5c1c, 0x74bd, 0x5c1c, 0x32f8, 0x1253, 0x012c, 0x0000, 0x0000, 0x0000,
    0x0000, 0x0000, 0x40e0, 0x40e0, 0x6160, 0x7a24, 0x9ae6, 0x9ae6, 0x7a24, 0xcc09, 0x7a24, 0x7a24, 0x6160, 0x6160, 0x0000, 0x0000,
    0x0000, 0x0000, 0x5aaf, 0xef5d, 0xffff, 0xef5d, 0x7bd3, 0xef5d, 0xbdd9, 0xbdd9, 0xbdd9, 0x7bd3, 0xbdd9, 0xbdd9, 0x422c, 0x0000,
    0x0000, 0x0000, 0x128d, 0x4cf8, 0x1b10, 0x3c76, 0x3c76, 0x2bf3, 0x3c76, 0x1b10, 0x4cf8, 0x2371, 0x1b10, 0x0a0b, 0x0000, 0x0000,
    0x0000, 0x0000, 0x012c, 0x32f8, 0x74bd, 0x5c1c, 0x74bd, 0x5c1c, 0x32f8, 0x32f8, 0x32f8, 0x5c1c, 0x32f8, 0x012c, 0x0000, 0x0000,
    0x0000, 0x0000, 0x5aaf, 0xffff, 0xef5d, 0x5aaf, 0xbdd9, 0xffff, 0xef5d, 0xbdd9, 0xef5d, 0xbdd9, 0xbdd9, 0x422c, 0x0000, 0x0000,
    0x0000, 0x0000, 0x1062, 0x2127, 0x4a4e, 0x4a4e, 0x39aa, 0x39aa, 0x2127, 0x2127, 0x2127, 0x2127, 0x18c4, 0x18c4, 0x1062, 0x0000,
    0x0000, 0x0000, 0x0000, 0x40e0, 0x7a24, 0x9ae6, 0x7a24, 0x7a24, 0x7a24, 0x9ae6, 0x7a24, 0x6160, 0x7a24, 0x40e0, 0x40e0, 0x0000,
    0x0000, 0x0000, 0x2a01, 0x3281, 0x6425, 0x4b43, 0x2a01, 0x4b43, 0x6425, 0x6425, 0x4b43, 0x2a01, 0x4b43, 0x21a0, 0x0000, 0x0000,
    0x0000, 0x0000, 0x8146, 0xeb6c, 0xeb6c, 0xd227, 0xd227, 0x8927, 0xeb6c, 0xeb6c, 0xd227, 0xeb6c, 0xa968, 0x78e4, 0x0000, 0x0000,
    0x0000, 0x0000, 0xb2e1, 0xf587, 0xe4e6, 0xe4e6, 0xdc45, 0xf587, 0xf587, 0xe4e6, 0xdc45, 0xcbc4, 0xdc45, 0x9221, 0x0000, 0x0000,
    0x0000, 0x0000, 0x8b42, 0xf792, 0xe725, 0xb483, 0xd584, 0xe725, 0xd584, 0xb483, 0xe725, 0xd584, 0xb483, 0x72e3, 0x0000, 0x0000,
    0x0000, 0x0000, 0x3325, 0x86a3, 0x7622, 0xaf27, 0x86a3, 0x7622, 0x7622, 0x86a3, 0x6561, 0x5cc1, 0x6561, 0x2223, 0x0000, 0x0000,
    0x0000, 0x0000, 0x5aaf, 0xbdd8, 0xbdd8, 0x9cf6, 0xce59, 0xdedb, 0xdedb, 0xce59, 0xbdd8, 0xdedb, 0xbdd8, 0x39e9, 0x0000, 0x0000,
    0x0000, 0x0000, 0x128d, 0x4cf8, 0x1b10, 0x3c76, 0x3c76, 0x2bf3, 0x3c76, 0x1b10, 0x4cf8, 0x2371, 0x1b10, 0x0a0b, 0x0000, 0x0000,
    0x0000, 0x0000, 0x5172, 0xb33b, 0xa299, 0xcc7a, 0xb33b, 0xa299, 0xa299, 0xb33b, 0x89d7, 0x8196, 0x89d7, 0x50ce, 0x0000, 0x0000,
    0x0000, 0x0000, 0x012c, 0x32f8, 0x74bd, 0x5c1c, 0x74bd, 0x5c1c, 0x32f8, 0x32f8, 0x32f8, 0x5c1c, 0x32f8, 0x012c, 0x0000, 0x0000,
    0x0000, 0x0000, 0x0000, 0x40e0, 0x7a24, 0x9ae6, 0x7a24, 0x7a24, 0x7a24, 0x9ae6, 0x7a24, 0x6160, 0x7a24, 0x40e0, 0x40e0, 0x0000,
    0x0000, 0x0000, 0x5aaf, 0xffff, 0xef5d, 0x7bd3, 0xffff, 0xbdd9, 0x7bd3, 0xbdd9, 0x7bd3, 0xffff, 0xffff, 0xef5d, 0x422c, 0x0000,
    0x0000, 0x0000, 0x128d, 0x3c76, 0x2371, 0x3c76, 0x2bf3, 0x2371, 0x3c76, 0x1b10, 0x2371, 0x1b10, 0x1b10, 0x0a0b, 0x0000, 0x0000,
    0x0000, 0x0000, 0x012c, 0x5c1c, 0x32f8, 0x5c1c, 0x5c1c, 0x32f8, 0x5c1c, 0x1253, 0x5c1c, 0x32f8, 0x1253, 0x1253, 0x012c, 0x0000,
    0x0000, 0x0000, 0x5aaf, 0xbdd9, 0x5aaf, 0xbdd9, 0xffff, 0xffff, 0xffff, 0xbdd9, 0x5aaf, 0x5aaf, 0x5aaf, 0x5aaf, 0x0000, 0x0000,
    0x0000, 0x0000, 0x0021, 0x18c4, 0x39aa, 0x2127, 0x2127, 0x18c4, 0x18c4, 0x1062, 0x1062, 0x1062, 0x18c4, 0x1062, 0x0000, 0x0000,
    0x0000, 0x0000, 0x40e0, 0x7a24, 0x40e0, 0xcc09, 0x9ae6, 0x7a24, 0x6160, 0x7a24, 0x6160, 0x40e0, 0x6160, 0x40e0, 0x0000, 0x0000,
    0x0000, 0x0000, 0x2a01, 0x4b43, 0x2a01, 0x2a01, 0x6425, 0x6425, 0x6425, 0x3281, 0x2a01, 0x4b43, 0x6425, 0x21a0, 0x0000, 0x0000,
    0x0000, 0x0000, 0x8146, 0xeb6c, 0xd227, 0xd227, 0xa968, 0x8927, 0xeb6c, 0xd227, 0x8927, 0xd227, 0xa968, 0x78e4, 0x0000, 0x0000,
    0x0000, 0x0000, 0xb2e1, 0xdc45, 0xe4e6, 0xcbc4, 0xf587, 0xe4e6, 0xf587, 0xcbc4, 0xdc45, 0xdc45, 0xcbc4, 0x9221, 0x0000, 0x0000,
    0x0000, 0x0000, 0x8b42, 0xe725, 0xb483, 0xe725, 0xb483, 0xd584, 0xb483, 0xe725, 0xe725, 0xb483, 0xd584, 0x72e3, 0x0000, 0x0000,
    0x0000, 0x0000, 0x3325, 0x6561, 0x86a3, 0x7622, 0x7622, 0x7622, 0xaf27, 0x5cc1, 0x6561, 0x7622, 0x5cc1, 0x2223, 0x0000, 0x0000,
    0x0000, 0x0000, 0x5aaf, 0xbdd8, 0xdedb, 0xce59, 0xdedb, 0xdedb, 0xce59, 0xdedb, 0xce59, 0xbdd8, 0x9cf6, 0x39e9, 0x0000, 0x0000,
    0x0000, 0x0000, 0x128d, 0x3c76, 0x2371, 0x3c76, 0x2bf3, 0x2371, 0x3c76, 0x1b10, 0x2371, 0x1b10, 0x1b10, 0x0a0b, 0x0000, 0x0000,
    0x0000, 0x0000, 0x5172, 0x89d7, 0xb33b, 0xa299, 0xa299, 0xa299, 0xcc7a, 0x8196, 0x89d7, 0xa299, 0x8196, 0x50ce, 0x0000, 0x0000,
    0x0000, 0x0000, 0x012c, 0x5c1c, 0x32f8, 0x5c1c, 0x5c1c, 0x32f8, 0x5c1c, 0x1253, 0x5c1c, 0x32f8, 0x1253, 0x1253, 0x012c, 0x0000,
    0x0000, 0x0000, 0x40e0, 0x7a24, 0x40e0, 0xcc09, 0x9ae6, 0x7a24, 0x6160, 0x7a24, 0x6160, 0x40e0, 0x6160, 0x40e0, 0x0000, 0x0000,
    0x0000, 0x5aaf, 0xef5d, 0xbdd9, 0x7bd3, 0xffff, 0xef5d, 0xef5d, 0xbdd9, 0x7bd3, 0xffff, 0xef5d, 0x7bd3, 0xbdd9, 0x422c, 0x0000,
    0x0000, 0x0000, 0x0000, 0x0a4c, 0x2371, 0x3c76, 0x2371, 0x3c76, 0x1b10, 0x2371, 0x1b10, 0x1b10, 0x0a0b, 0x0000, 0x0000, 0x0000,
    0x0000, 0x012c, 0x1253, 0x32f8, 0x1253, 0x012c, 0x1253, 0x5c1c, 0x32f8, 0x012c, 0x32f8, 0x1253, 0x012c, 0x1253, 0x012c, 0x0000,
    0x0000, 0x0000, 0x422c, 0x5aaf, 0x5aaf, 0xef5d, 0xef5d, 0xffff, 0xbdd9, 0x422c, 0xbdd9, 0xef5d, 0x5aaf, 0x0000, 0x0000, 0x0000,
    0x0000, 0x0021, 0x18c4, 0x1062, 0x2127, 0x1062, 0x1062, 0x0021, 0x0021, 0x0021, 0x0021, 0x18c4, 0x2127, 0x0021, 0x0000, 0x0000,
    0x0000, 0x40e0, 0x40e0, 0x6160, 0x7a24, 0x9ae6, 0x6160, 0x7a24, 0x7a24, 0x6160, 0x40e0, 0x6160, 0x40e0, 0x0000, 0x0000, 0x0000,
    0x0000, 0x0000, 0x2a01, 0x2a01, 0x3281, 0x4b43, 0x6425, 0x4b43, 0x2a01, 0x4b43, 0x6425, 0x6425, 0x3281, 0x21a0, 0x0000, 0x0000,
    0x0000, 0x0000, 0x8146, 0xd227, 0xa968, 0xa968, 0x8927, 0x8927, 0xd227, 0xd227, 0x8927, 0xa968, 0x8927, 0x78e4, 0x0000, 0x0000,
    0x0000, 0x0000, 0x0000, 0xb2e1, 0xdc45, 0xcbc4, 0xf587, 0xdc45, 0xdc45, 0xcbc4, 0xcbc4, 0xdc45, 0x9221, 0x0000, 0x0000, 0x0000,
    0x0000, 0x0000, 0x8b42, 0xd584, 0xb483, 0xf792, 0xd584, 0xb483, 0xd584, 0xb483, 0xd584, 0xb483, 0xd584, 0x72e3, 0x0000, 0x0000,
    0x0000, 0x0000, 0x0000, 0x3325, 0x6561, 0x6561, 0x86a3, 0x86a3, 0x6561, 0x6561, 0x5cc1, 0x5cc1, 0x2223, 0x0000, 0x0000, 0x0000,
    0x0000, 0x0000, 0x0000, 0x39e9, 0xbdd8, 0xbdd8, 0xce59, 0xce59, 0xce59, 0xbdd8, 0xbdd8, 0x9cf6, 0x39e9, 0x0000, 0x0000, 0x0000,
    0x0000, 0x0000, 0x0000, 0x0a4c, 0x2371, 0x3c76, 0x2371, 0x3c76, 0x1b10, 0x2371, 0x1b10, 0x1b10, 0x0a0b, 0x0000, 0x0000, 0x0000,
    0x0000, 0x0000, 0x0000, 0x5172, 0x89d7, 0x89d7, 0xb33b, 0xb33b, 0x89d7, 0x89d7, 0x8196, 0x8196, 0x50ce, 0x0000, 0x0000, 0x0000,
    0x0000, 0x012c, 0x1253, 0x32f8, 0x1253, 0x012c, 0x1253, 0x5c1c, 0x32f8, 0x012c, 0x32f8, 0x1253, 0x012c, 0x1253, 0x012c, 0x0000,
    0x0000, 0x40e0, 0x40e0, 0x6160, 0x7a24, 0x9ae6, 0x6160, 0x7a24, 0x7a24, 0x6160, 0x40e0, 0x6160, 0x40e0, 0x0000, 0x0000, 0x0000,
    0x0000, 0x0000, 0x5aaf, 0xbdd9, 0x7bd3, 0x7bd3, 0xbdd9, 0x7bd3, 0x7bd3, 0xef5d, 0xbdd9, 0x7bd3, 0xbdd9, 0x422c, 0x0000, 0x0000,
    0x0000, 0x0000, 0x0000, 0x0000, 0x0a0b, 0x0a0b, 0x2371, 0x2371, 0x1b10, 0x2371, 0x0a0b, 0x0a0b, 0x0000, 0x0000, 0x0000, 0x0000,
    0x0000, 0x0000, 0x012c, 0x1253, 0x012c, 0x1253, 0x012c, 0x32f8, 0x32f8, 0x1253, 0x012c, 0x1253, 0x1253, 0x012c, 0x0000, 0x0000,
    0x0000, 0x0000, 0xffff, 0xef5d, 0x5aaf, 0xef5d, 0xef5d, 0xbdd9, 0x5aaf, 0x422c, 0x5aaf, 0x5aaf, 0x0000, 0x0000, 0x0000, 0x0000,
    0x0000, 0x0021, 0x4a4e, 0x39aa, 0x2127, 0x1062, 0x0021, 0x0000, 0x0000, 0x0000, 0x0000, 0x0021, 0x39aa, 0x0021, 0x0000, 0x0000,
    0x0000, 0x0000, 0x0000, 0x40e0, 0x40e0, 0x6160, 0x7a24, 0x6160, 0x40e0, 0x40e0, 0x6160, 0x40e0, 0x40e0, 0x40e0, 0x0000, 0x0000,
    0x0000, 0x2a01, 0x3281, 0x4b43, 0x4b43, 0x4b43, 0x4b43, 0x2a01, 0x4b43, 0x6425, 0x6425, 0x4b43, 0x21a0, 0x0000, 0x0000, 0x0000,
    0x0000, 0x0000, 0x0000, 0x78e4, 0x8927, 0x8927, 0xd227, 0xd227, 0x8927, 0xd227, 0xa968, 0x8927, 0x78e4, 0x0000, 0x0000, 0x0000,
    0x0000, 0x0000, 0x0000, 0x0000, 0x9221, 0xf587, 0xe4e6, 0xcbc4, 0xdc45, 0xdc45, 0xcbc4, 0x9221, 0x0000, 0x0000, 0x0000, 0x0000,
    0x0000, 0x0000, 0x0000, 0x72e3, 0xd584, 0xb483, 0xd584, 0xd584, 0xb483, 0xd584, 0xb483, 0xd584, 0x72e3, 0x0000, 0x0000, 0x0000,
    0x0000, 0x0000, 0x0000, 0x0000, 0x2223, 0x2223, 0x6561, 0x7622, 0x5cc1, 0x6561, 0x2223, 0x2223, 0x0000, 0x0000, 0x0000, 0x0000,
    0x0000, 0x0000, 0x0000, 0x0000, 0x39e9, 0x39e9, 0x9cf6, 0xbdd8, 0xbdd8, 0x9cf6, 0x39e9, 0x39e9, 0x0000, 0x0000, 0x0000, 0x0000,
    0x0000, 0x0000, 0x0000, 0x0000, 0x0a0b, 0x0a0b, 0x2371, 0x2371, 0x1b10, 0x2371, 0x0a0b, 0x0a0b, 0x0000, 0x0000, 0x0000, 0x0000,
    0x0000, 0x0000, 0x0000, 0x0000, 0x50ce, 0x50ce, 0x89d7, 0xa299, 0x8196, 0x89d7, 0x50ce, 0x50ce, 0x0000, 0x0000, 0x0000, 0x0000,
    0x0000, 0x0000, 0x012c, 0x1253, 0x012c, 0x1253, 0x012c, 0x32f8, 0x32f8, 0x1253, 0x012c, 0x1253, 0x1253, 0x012c, 0x0000, 0x0000,
    0x0000, 0x0000, 0x0000, 0x40e0, 0x40e0, 0x6160, 0x7a24, 0x6160, 0x40e0, 0x40e0, 0x6160, 0x40e0, 0x40e0, 0x40e0, 0x0000, 0x0000,
    0x0000, 0x5aaf, 0xef5d, 0x422c, 0xffff, 0xef5d, 0x7bd3, 0xef5d, 0xbdd9, 0x7bd3, 0x7bd3, 0xbdd9, 0xbdd9, 0x422c, 0x0000, 0x0000,
    0x0000, 0x0000, 0x0000, 0x0000, 0x0000, 0x0000, 0x0a0b, 0x0a0b, 0x0a0b, 0x0a0b, 0x0000, 0x0000, 0x0000, 0x0000, 0x0000, 0x0000,
    0x0000, 0x0000, 0x0000, 0x012c, 0x0000, 0x012c, 0x012c, 0x1253, 0x012c, 0x012c, 0x0000, 0x012c, 0x012c, 0x0000, 0x0000, 0x0000,
    0x0000, 0x0000, 0xbdd9, 0x5aaf, 0xbdd9, 0xbdd9, 0x5aaf, 0x422c, 0x422c, 0xbdd9, 0x5aaf, 0x0000, 0x0000, 0x0000, 0x0000, 0x0000,
    0x0000, 0x0000, 0x0021, 0x2127, 0x1062, 0x0021, 0x0000, 0x0000, 0x0000, 0x0000, 0x0000, 0x0000, 0x0021, 0x0000, 0x0000, 0x0000,
    0x0000, 0x0000, 0x0000, 0x0000, 0x0000, 0x40e0, 0x40e0, 0x40e0, 0x40e0, 0x40e0, 0x40e0, 0x0000, 0x0000, 0x0000, 0x0000, 0x0000,
    0x0000, 0x0000, 0x21a0, 0x21a0, 0x21a0, 0x21a0, 0x21a0, 0x4b43, 0x4b43, 0x3281, 0x21a0, 0x21a0, 0x0000, 0x0000, 0x0000, 0x0000,
    0x0000, 0x0000, 0x0000, 0x0000, 0x78e4, 0xa968, 0xd227, 0xa968, 0x8927, 0xa968, 0x78e4, 0x78e4, 0x0000, 0x0000, 0x0000, 0x0000,
    0x0000, 0x0000, 0x0000, 0x0000, 0x0000, 0x9221, 0x9221, 0x9221, 0x9221, 0x9221, 0x9221, 0x0000, 0x0000, 0x0000, 0x0000, 0x0000,
    0x0000, 0x0000, 0x0000, 0x0000, 0x72e3, 0x72e3, 0xd584, 0xb483, 0xd584, 0xd584, 0x72e3, 0x72e3, 0x0000, 0x0000, 0x0000, 0x0000,
    0x0000, 0x0000, 0x0000, 0x0000, 0x0000, 0x0000, 0x2223, 0x2223, 0x2223, 0x2223, 0x0000, 0x0000, 0x0000, 0x0000, 0x0000, 0x0000,
    0x0000, 0x0000, 0x0000, 0x0000, 0x0000, 0x0000, 0x39e9, 0x39e9, 0x39e9, 0x39e9, 0x0000, 0x0000, 0x0000, 0x0000, 0x0000, 0x0000,
    0x0000, 0x0000, 0x0000, 0x0000, 0x0000, 0x0000, 0x0a0b, 0x0a0b, 0x0a0b, 0x0a0b, 0x0000, 0x0000, 0x0000, 0x0000, 0x0000, 0x0000,
    0x0000, 0x0000, 0x0000, 0x0000, 0x0000, 0x0000, 0x50ce, 0x50ce, 0x50ce, 0x50ce, 0x0000, 0x0000, 0x0000, 0x0000, 0x0000, 0x0000,
    0x0000, 0x0000, 0x0000, 0x012c, 0x0000, 0x012c, 0x012c, 0x1253, 0x012c, 0x012c, 0x0000, 0x012c, 0x012c, 0x0000, 0x0000, 0x0000,
    0x0000, 0x0000, 0x0000, 0x0000, 0x0000, 0x40e0, 0x40e0, 0x40e0, 0x40e0, 0x40e0, 0x40e0, 0x0000, 0x0000, 0x0000, 0x0000, 0x0000,
    0x0000, 0x0000, 0x422c, 0x0000, 0x422c, 0x7bd3, 0xbdd9, 0x7bd3, 0x7bd3, 0xbdd9, 0x422c, 0x7bd3, 0xffff, 0x422c, 0x0000, 0x0000,
    0x0000, 0x0000, 0x0000, 0x0000, 0x0000, 0x0000, 0x0000, 0x0000, 0x0000, 0x0000, 0x0000, 0x0000, 0x0000, 0x0000, 0x0000, 0x0000,
    0x0000, 0x0000, 0x0000, 0x0000, 0x0000, 0x0000, 0x0000, 0x012c, 0x012c, 0x0000, 0x0000, 0x0000, 0x0000, 0x0000, 0x0000, 0x0000,
    0x0000, 0x0000, 0x0000, 0x5aaf, 0x5aaf, 0x5aaf, 0x0000, 0x5aaf, 0x5aaf, 0x5aaf, 0x0000, 0x0000, 0x0000, 0x0000, 0x0000, 0x0000,
    0x0000, 0x0000, 0x0000, 0x0021, 0x0021, 0x0000, 0x0000, 0x0000, 0x0000, 0x0000, 0x0000, 0x0000, 0x0000, 0x0000, 0x0000, 0x0000,
    0x0000, 0x0000, 0x0000, 0x0000, 0x0000, 0x0000, 0x0000, 0x0000, 0x0000, 0x0000, 0x0000, 0x0000, 0x0000, 0x0000, 0x0000, 0x0000,
    0x0000, 0x0000, 0x0000, 0x0000, 0x0000, 0x0000, 0x21a0, 0x21a0, 0x21a0, 0x21a0, 0x0000, 0x0000, 0x0000, 0x0000, 0x0000, 0x0000,
    0x0000, 0x0000, 0x0000, 0x0000, 0x0000, 0x78e4, 0x78e4, 0x78e4, 0x78e4, 0x78e4, 0x0000, 0x0000, 0x0000, 0x0000, 0x0000, 0x0000,
    0x0000, 0x0000, 0x0000, 0x0000, 0x0000, 0x0000, 0x0000, 0x0000, 0x0000, 0x0000, 0x0000, 0x0000, 0x0000, 0x0000, 0x0000, 0x0000,
    0x0000, 0x0000, 0x0000, 0x0000, 0x0000, 0x0000, 0x72e3, 0x72e3, 0x72e3, 0x72e3, 0x0000, 0x0000, 0x0000, 0x0000, 0x0000, 0x0000,
    0x0000, 0x0000, 0x0000, 0x0000, 0x0000, 0x0000, 0x0000, 0x0000, 0x0000, 0x0000, 0x0000, 0x0000, 0x0000, 0x0000, 0x0000, 0x0000,
    0x0000, 0x0000, 0x0000, 0x0000, 0x0000, 0x0000, 0x0000, 0x0000, 0x0000, 0x0000, 0x0000, 0x0000, 0x0000, 0x0000, 0x0000, 0x0000,
    0x0000, 0x0000, 0x0000, 0x0000, 0x0000, 0x0000, 0x0000, 0x0000, 0x0000, 0x0000, 0x0000, 0x0000, 0x0000, 0x0000, 0x0000, 0x0000,
    0x0000, 0x0000, 0x0000, 0x0000, 0x0000, 0x0000, 0x0000, 0x0000, 0x0000, 0x0000, 0x0000, 0x0000, 0x0000, 0x0000, 0x0000, 0x0000,
    0x0000, 0x0000, 0x0000, 0x0000, 0x0000, 0x0000, 0x0000, 0x012c, 0x012c, 0x0000, 0x0000, 0x0000, 0x0000, 0x0000, 0x0000, 0x0000,
    0x0000, 0x0000, 0x0000, 0x0000, 0x0000, 0x0000, 0x0000, 0x0000, 0x0000, 0x0000, 0x0000, 0x0000, 0x0000, 0x0000, 0x0000, 0x0000,
    0x0000, 0x0000, 0x0000, 0x0000, 0x0000, 0x422c, 0xbdd9, 0xbdd9, 0xbdd9, 0x422c, 0x0000, 0x422c, 0xef5d, 0x422c, 0x0000, 0x0000,
    0x0000, 0x0000, 0x0000, 0x0000, 0x0000, 0x0000, 0x0000, 0x0000, 0x0000, 0x0000, 0x0000, 0x0000, 0x0000, 0x0000, 0x0000, 0x0000,
    0x0000, 0x0000, 0x0000, 0x0000, 0x0000, 0x0000, 0x0000, 0x0000, 0x0000, 0x0000, 0x0000, 0x0000, 0x0000, 0x0000, 0x0000, 0x0000,
    0x0000, 0x0000, 0x0000, 0x0000, 0x0000, 0x0000, 0x0000, 0x0000, 0x0000, 0x0000, 0x0000, 0x0000, 0x0000, 0x0000, 0x0000, 0x0000,
    0x0000, 0x0000, 0x0000, 0x0000, 0x0000, 0x0000, 0x0000, 0x0000, 0x0000, 0x0000, 0x0000, 0x0000, 0x0000, 0x0000, 0x0000, 0x0000,
    0x0000, 0x0000, 0x0000, 0x0000, 0x0000, 0x0000, 0x0000, 0x0000, 0x0000, 0x0000, 0x0000, 0x0000, 0x0000, 0x0000, 0x0000, 0x0000,
    0x0000, 0x0000, 0x0000, 0x0000, 0x0000, 0x0000, 0x0000, 0x0000, 0x0000, 0x0000, 0x0000, 0x0000, 0x0000, 0x0000, 0x0000, 0x0000,
    0x0000, 0x0000, 0x0000, 0x0000, 0x0000, 0x0000, 0x0000, 0x0000, 0x0000, 0x0000, 0x0000, 0x0000, 0x0000, 0x0000, 0x0000, 0x0000,
    0x0000, 0x0000, 0x0000, 0x0000, 0x0000, 0x0000, 0x0000, 0x0000, 0x0000, 0x0000, 0x0000, 0x0000, 0x0000, 0x0000, 0x0000, 0x0000,
    0x0000, 0x0000, 0x0000, 0x0000, 0x0000, 0x0000, 0x0000, 0x0000, 0x0000, 0x0000, 0x0000, 0x0000, 0x0000, 0x0000, 0x0000, 0x0000,
    0x0000, 0x0000, 0x0000, 0x0000, 0x0000, 0x0000, 0x0000, 0x0000, 0x0000, 0x0000, 0x0000, 0x0000, 0x0000, 0x0000, 0x0000, 0x0000,
    0x0000, 0x0000, 0x0000, 0x0000, 0x0000, 0x0000, 0x0000, 0x0000, 0x0000, 0x0000, 0x0000, 0x0000, 0x0000, 0x0000, 0x0000, 0x0000,
    0x0000, 0x0000, 0x0000, 0x0000, 0x0000, 0x0000, 0x0000, 0x0000, 0x0000, 0x0000, 0x0000, 0x0000, 0x0000, 0x0000, 0x0000, 0x0000,
    0x0000, 0x0000, 0x0000, 0x0000, 0x0000, 0x0000, 0x0000, 0x0000, 0x0000, 0x0000, 0x0000, 0x0000, 0x0000, 0x0000, 0x0000, 0x0000,
    0x0000, 0x0000, 0x0000, 0x0000, 0x0000, 0x0000, 0x0000, 0x0000, 0x0000, 0x0000, 0x0000, 0x0000, 0x0000, 0x0000, 0x0000, 0x0000,
    0x0000, 0x0000, 0x0000, 0x0000, 0x0000, 0x0000, 0x0000, 0x0000, 0x0000, 0x0000, 0x0000, 0x0000, 0x0000, 0x0000, 0x0000, 0x0000,
    0x0000, 0x0000, 0x0000, 0x0000, 0x0000, 0x0000, 0x422c, 0x422c, 0x422c, 0x0000, 0x0000, 0x0000, 0x422c, 0x0000, 0x0000, 0x0000,
    0x0000, 0x0000, 0x0000, 0x0000, 0x0000, 0x0000, 0x0000, 0x0000, 0x0000, 0x0000, 0x0000, 0x0000, 0x0000, 0x0000, 0x0000, 0x0000,
    0x0000, 0x0000, 0x0000, 0x0000, 0x0000, 0x0000, 0x0000, 0x0000, 0x0000, 0x0000, 0x0000, 0x0000, 0x0000, 0x0000, 0x0000, 0x0000,
    0x0000, 0x0000, 0x0000, 0x0000, 0x0000, 0x0000, 0x0000, 0x0000, 0x0000, 0x0000, 0x0000, 0x0000, 0x0000, 0x0000, 0x0000, 0x0000,
    0x0000, 0x0000, 0x0000, 0x0000, 0x0000, 0x0000, 0x0000, 0x0000, 0x0000, 0x0000, 0x0000, 0x0000, 0x0000, 0x0000, 0x0000, 0x0000,
    0x0000, 0x0000, 0x0000, 0x0000, 0x0000, 0x0000, 0x0000, 0x0000, 0x0000, 0x0000, 0x0000, 0x0000, 0x0000, 0x0000, 0x0000, 0x0000,
    0x0000, 0x0000, 0x0000, 0x0000, 0x0000, 0x0000, 0x0000, 0x0000, 0x0000, 0x0000, 0x0000, 0x0000, 0x0000, 0x0000, 0x0000, 0x0000,
    0x0000, 0x0000, 0x0000, 0x0000, 0x0000, 0x0000, 0x0000, 0x0000, 0x0000, 0x0000, 0x0000, 0x0000, 0x0000, 0x0000, 0x0000, 0x0000,
    0x0000, 0x0000, 0x0000, 0x0000, 0x0000, 0x0000, 0x0000, 0x0000, 0x0000, 0x0000, 0x0000, 0x0000, 0x0000, 0x0000, 0x0000, 0x0000,
    0x0000, 0x0000, 0x0000, 0x0000, 0x0000, 0x0000, 0x0000, 0x0000, 0x0000, 0x0000, 0x0000, 0x0000, 0x0000, 0x0000, 0x0000, 0x0000,
    0x0000, 0x0000, 0x0000, 0x0000, 0x0000, 0x0000, 0x0000, 0x0000, 0x0000, 0x0000, 0x0000, 0x0000, 0x0000, 0x0000, 0x0000, 0x0000,
    0x0000, 0x0000, 0x0000, 0x0000, 0x0000, 0x0000, 0x0000, 0x0000, 0x0000, 0x0000, 0x0000, 0x0000, 0x0000, 0x0000, 0x0000, 0x0000,
    0x0000, 0x0000, 0x0000, 0x0000, 0x0000, 0x0000, 0x0000, 0x0000, 0x0000, 0x0000, 0x0000, 0x0000, 0x0000, 0x0000, 0x0000, 0x0000,
    0x0000, 0x0000, 0x0000, 0x0000, 0x0000, 0x0000, 0x0000, 0x0000, 0x0000, 0x0000, 0x0000, 0x0000, 0x0000, 0x0000, 0x0000, 0x0000,
    0x0000, 0x0000, 0x0000, 0x0000, 0x0000, 0x0000, 0x0000, 0x0000, 0x0000, 0x0000, 0x0000, 0x0000, 0x0000, 0x0000, 0x0000, 0x0000,
    0x0000, 0x0000, 0x0000, 0x0000, 0x0000, 0x0000, 0x0000, 0x0000, 0x0000, 0x0000, 0x0000, 0x0000, 0x0000, 0x0000, 0x0000, 0x0000,
    0x0000, 0x0000, 0x0000, 0x0000, 0x0000, 0x0000, 0x0000, 0x0000, 0x0000, 0x0000, 0x0000, 0x0000, 0x0000, 0x0000, 0x0000, 0x0000,
    0x0000, 0x0000, 0x0000, 0x0000, 0x0000, 0x0000, 0x0000, 0x0000, 0x0000, 0x0000, 0x0000, 0x0000, 0x0000, 0x0000, 0x0000, 0x0000,
    0x0000, 0x0000, 0x0000, 0x0000, 0x0000, 0x0000, 0x0000, 0x0000, 0x0000, 0x0000, 0x0000, 0x0000, 0x0000, 0x0000, 0x0000, 0x0000,
    0x0000, 0x0000, 0x0000, 0x0000, 0x0000, 0x0000, 0x0000, 0x0000, 0x0000, 0x0000, 0x0000, 0x0000, 0x0000, 0x0000, 0x0000, 0x0000,
    0x0000, 0x0000, 0x0000, 0x0000, 0x0000, 0x0000, 0x0000, 0x0000, 0x0000, 0x0000, 0x0000, 0x0000, 0x0000, 0x0000, 0x0000, 0x0000,
    0x0000, 0x0000, 0x0000, 0x0000, 0x0000, 0x0000, 0x0000, 0x0000, 0x0000, 0x0000, 0x0000, 0x0000, 0x0000, 0x0000, 0x0000, 0x0000,
    0x0000, 0x0000, 0x0000, 0x0000, 0x0000, 0x0000, 0x0000, 0x0000, 0x0000, 0x0000, 0x0000, 0x0000, 0x0000, 0x0000, 0x0000, 0x0000,
    0x0000, 0x0000, 0x0000, 0x0000, 0x0000, 0x0000, 0x0000, 0x0000, 0x0000, 0x0000, 0x0000, 0x0000, 0x0000, 0x0000, 0x0000, 0x0000,
    0x0000, 0x0000, 0x0000, 0x0000, 0x0000, 0x0000, 0x0000, 0x0000, 0x0000, 0x0000, 0x0000, 0x0000, 0x0000, 0x0000, 0x0000, 0x0000,
    0x0000, 0x0000, 0x0000, 0x0000, 0x0000, 0x0000, 0x0000, 0x0000, 0x0000, 0x0000, 0x0000, 0x0000, 0x0000, 0x0000, 0x0000, 0x0000,
    0x0000, 0x0000, 0x0000, 0x0000, 0x0000, 0x0000, 0x0000, 0x0000, 0x0000, 0x0000, 0x0000, 0x0000, 0x0000, 0x0000, 0x0000, 0x0000,
    0x0000, 0x0000, 0x0000, 0x0000, 0x0000, 0x0000, 0x0000, 0x0000, 0x0000, 0x0000, 0x0000, 0x0000, 0x0000, 0x0000, 0x0000, 0x0000,
    0x0000, 0x0000, 0x0000, 0x0000, 0x0000, 0x0000, 0x0000, 0x0000, 0x0000, 0x0000, 0x0000, 0x0000, 0x0000, 0x0000, 0x0000, 0x0000,
    0x0000, 0x0000, 0x0000, 0x0000, 0x0000, 0x0000, 0x0000, 0x0000, 0x0000, 0x0000, 0x0000, 0x0000, 0x0000, 0x0000, 0x0000, 0x0000,
    0x0000, 0x0000, 0x0000, 0x0000, 0x0000, 0x0000, 0x0000, 0x0000, 0x0000, 0x0000, 0x0000, 0x0000, 0x0000, 0x0000, 0x0000, 0x0000,
    0x0000, 0x0000, 0x0000, 0x0000, 0x0000, 0x0000, 0x0000, 0x0000, 0x0000, 0x0000, 0x0000, 0x0000, 0x0000, 0x0000, 0x0000, 0x0000,
    0x0000, 0x0000, 0x0000, 0x0000, 0x0000, 0x0000, 0x0000, 0x0000, 0x0000, 0x0000, 0x0000, 0x0000, 0x0000, 0x0000, 0x0000, 0x0000,
    0x0000, 0x0000, 0x0000, 0x0000, 0x0000, 0x0000, 0x0000, 0x0000, 0x0000, 0x0000, 0x0000, 0x6a24, 0x6a24, 0x0000, 0x0000, 0x0000,
    0x0000, 0x0000, 0x0000, 0x0000, 0x0000, 0x0000, 0x0000, 0x0000, 0x0000, 0x0000, 0x0000, 0x0000, 0x0000, 0x0000, 0x0000, 0x0000,
    0x0000, 0x0000, 0x0000, 0x0000, 0x0000, 0x0000, 0x0000, 0x0000, 0x0000, 0x0000, 0x0000, 0x0000, 0x0000, 0x0000, 0x0000, 0x0000,
    0x0000, 0x0000, 0x0000, 0x0000, 0x0000, 0x0000, 0x0000, 0x0000, 0x0000, 0x0000, 0x0000, 0x0000, 0x0000, 0x0000, 0x0000, 0x0000,
    0x0000, 0x0000, 0x0000, 0x0000, 0x0000, 0x0000, 0x0000, 0x0000, 0x0000, 0x0000, 0x0000, 0x0000, 0x0000, 0x0000, 0x0000, 0x0000,
    0x0000, 0x0000, 0x0000, 0x0000, 0x0000, 0x0000, 0x0000, 0x0000, 0x0000, 0x0000, 0x0000, 0x0000, 0x0000, 0x0000, 0x0000, 0x0000,
    0x0000, 0x0000, 0x0000, 0x0000, 0x0000, 0x0000, 0x0000, 0x0000, 0x0000, 0x0000, 0x0000, 0x0000, 0x0000, 0x0000, 0x0000, 0x0000,
    0x0000, 0x0000, 0x0000, 0x0000, 0x0000, 0x0000, 0x0000, 0x0000, 0x0000, 0x0000, 0x0000, 0x0000, 0x0000, 0x0000, 0x0000, 0x0000,
    0x0000, 0x0000, 0x0000, 0x0000, 0x0000, 0x0000, 0x0000, 0x0000, 0x0000, 0x0000, 0x0000, 0x0000, 0x0000, 0x0000, 0x0000, 0x0000,
    0x0000, 0x0000, 0x0000, 0x0000, 0x0000, 0x0000, 0x0000, 0x0000, 0x0000, 0x0000, 0x0000, 0x0000, 0x0000, 0x0000, 0x0000, 0x0000,
    0x0000, 0x0000, 0x0000, 0x0000, 0x0000, 0x0000, 0x0000, 0x0000, 0x0000, 0x0000, 0x0000, 0x0000, 0x0000, 0x0000, 0x0000, 0x0000,
    0x0000, 0x0000, 0x0000, 0x0000, 0x0000, 0x0000, 0x0000, 0x0000, 0x0000, 0x0000, 0x0000, 0x0000, 0x0000, 0x0000, 0x0000, 0x0000,
    0x0000, 0x0000, 0x0000, 0x0000, 0x0000, 0x0000, 0x0000, 0x0000, 0x0000, 0x0000, 0x0000, 0x0000, 0x0000, 0x0000, 0x0000, 0x0000,
    0x0000, 0x0000, 0x0000, 0x0000, 0x0000, 0x0000, 0x0000, 0x0000, 0x0000, 0x0000, 0x0000, 0x0000, 0x0000, 0x0000, 0x0000, 0x0000,
    0x0000, 0x0000, 0x0000, 0x0000, 0x0000, 0x0000, 0x0000, 0x0000, 0x0000, 0x0000, 0x0000, 0x0000, 0x0000, 0x0000, 0x0000, 0x0000,
    0x0000, 0x0000, 0x0000, 0x0000, 0x0000, 0x0000, 0x0000, 0x0000, 0x0000, 0x0000, 0x0000, 0x0000, 0x0000, 0x0000, 0x0000, 0x0000,
    0x0000, 0x0000, 0x0000, 0x0000, 0x0000, 0x0000, 0x0000, 0x0000, 0x0000, 0x0000, 0x0000, 0x6a24, 0xd4ee, 0x6a24, 0x0000, 0x0000,
    0x0000, 0x0000, 0x0000, 0x0000, 0x0000, 0x0000, 0x0000, 0x0000, 0x0000, 0x0000, 0x0000, 0x0000, 0x0000, 0x0000, 0x0000, 0x0000,
    0x0000, 0x0000, 0x0000, 0x0000, 0x0000, 0x0000, 0x0000, 0x0000, 0x0000, 0x0000, 0x0000, 0x0000, 0x0000, 0x0000, 0x0000, 0x0000,
    0x0000, 0x0000, 0x0000, 0x0000, 0x0000, 0x0000, 0x0000, 0x0000, 0x0000, 0x0000, 0x0000, 0x0000, 0x0000, 0x0000, 0x0000, 0x0000,
    0x0000, 0x0000, 0x0000, 0x0000, 0x0000, 0x0000, 0x0000, 0x0000, 0x0000, 0x0000, 0x0000, 0x0000, 0x0000, 0x0000, 0x0000, 0x0000,
    0x0000, 0x0000, 0x0000, 0x0000, 0x0000, 0x0000, 0x0000, 0x0000, 0x0000, 0x0000, 0x0000, 0x0000, 0x0000, 0x0000, 0x0000, 0x0000,
    0x0000, 0x0000, 0x0000, 0x0000, 0x0000, 0x0000, 0x0000, 0x0000, 0x0000, 0x0000, 0x0000, 0x0000, 0x0000, 0x0000, 0x0000, 0x0000,
    0x0000, 0x0000, 0x0000, 0x0000, 0x0000, 0x0000, 0x0000, 0x0000, 0x0000, 0x0000, 0x0000, 0x0000, 0x0000, 0x0000, 0x0000, 0x0000,
    0x0000, 0x0000, 0x0000, 0x0000, 0x0000, 0x0000, 0x0000, 0x0000, 0x0000, 0x0000, 0x0000, 0x0000, 0x0000, 0x0000, 0x0000, 0x0000,
    0x0000, 0x0000, 0x0000, 0x0000, 0x0000, 0x0000, 0x0000, 0x0000, 0x0000, 0x0000, 0x0000, 0x0000, 0x0000, 0x0000, 0x0000, 0x0000,
    0x0000, 0x0000, 0x0000, 0x0000, 0x0000, 0x0000, 0x0000, 0x0000, 0x0000, 0x0000, 0x0000, 0x0000, 0x0000, 0x0000, 0x0000, 0x0000,
    0x0000, 0x0000, 0x0000, 0x0000, 0x0000, 0x0000, 0x0000, 0x0000, 0x0000, 0x0000, 0x0000, 0x0000, 0x0000, 0x0000, 0x0000, 0x0000,
    0x0000, 0x0000, 0x0000, 0x0000, 0x0000, 0x0000, 0x0000, 0x0000, 0x0000, 0x0000, 0x0000, 0x0000, 0x0000, 0x0000, 0x0000, 0x0000,
    0x0000, 0x0000, 0x0000, 0x0000, 0x0000, 0x0000, 0x0000, 0x0000, 0x0000, 0x0000, 0x0000, 0x0000, 0x0000, 0x0000, 0x0000, 0x0000,
    0x0000, 0x0000, 0x0000, 0x0000, 0x0000, 0x0000, 0x0000, 0x0000, 0x0000, 0x0000, 0x0000, 0x0000, 0x0000, 0x0000, 0x0000, 0x0000,
    0x0000, 0x0000, 0x0000, 0x0000, 0x0000, 0x0000, 0x0000, 0x0000, 0x0000, 0x0000, 0x0000, 0x0000, 0x0000, 0x0000, 0x0000, 0x0000,
    0x0000, 0x0000, 0x0000, 0x0000, 0x0000, 0x0000, 0x0000, 0x0000, 0x0000, 0x0000, 0x6a24, 0xd4ee, 0xd4ee, 0xbbe9, 0x3945, 0x0000,
    0x0000, 0x0000, 0x0000, 0x0000, 0x0000, 0x0000, 0x0000, 0x0000, 0x0000, 0x0000, 0x0000, 0x0000, 0x0000, 0x0000, 0x0000, 0x0000,
    0x0000, 0x0000, 0x0000, 0x0000, 0x0000, 0x0000, 0x0000, 0x0000, 0x0000, 0x0000, 0x0000, 0x0000, 0x0000, 0x0000, 0x0000, 0x0000,
    0x0000, 0x0000, 0x0000, 0x0000, 0x0000, 0x0000, 0x0000, 0x0000, 0x0000, 0x0000, 0x0000, 0x0000, 0x0000, 0x0000, 0x0000, 0x0000,
    0x0000, 0x0000, 0x0000, 0x0000, 0x0000, 0x0000, 0x0000, 0x0000, 0x0000, 0x0000, 0x0000, 0x0000, 0x0000, 0x0000, 0x0000, 0x0000,
    0x0000, 0x0000, 0x0000, 0x0000, 0x0000, 0x0000, 0x0000, 0x0000, 0x0000, 0x0000, 0x0000, 0x0000, 0x0000, 0x0000, 0x0000, 0x0000,
    0x0000, 0x0000, 0x0000, 0x0000, 0x0000, 0x0000, 0x0000, 0x0000, 0x0000, 0x0000, 0x0000, 0x0000, 0x0000, 0x0000, 0x0000, 0x0000,
    0x0000, 0x0000, 0x0000, 0x0000, 0x0000, 0x0000, 0x0000, 0x0000, 0x0000, 0x0000, 0x0000, 0x0000, 0x0000, 0x0000, 0x0000, 0x0000,
    0x0000, 0x0000, 0x0000, 0x0000, 0x0000, 0x0000, 0x0000, 0x0000, 0x0000, 0x0000, 0x0000, 0x0000, 0x0000, 0x0000, 0x0000, 0x0000,
    0x0000, 0x0000, 0x0000, 0x0000, 0x0000, 0x0000, 0x0000, 0x0000, 0x0000, 0x0000, 0x0000, 0x0000, 0x0000, 0x0000, 0x0000, 0x0000,
    0x0000, 0x0000, 0x0000, 0x0000, 0x0000, 0x0000, 0x0000, 0x0000, 0x0000, 0x0000, 0x0000, 0x0000, 0x0000, 0x0000, 0x0000, 0x0000,
    0x0000, 0x0000, 0x0000, 0x0000, 0x0000, 0x0000, 0x0000, 0x0000, 0x0000, 0x0000, 0x0000, 0x0000, 0x0000, 0x0000, 0x0000, 0x0000,
    0x0000, 0x0000, 0x0000, 0x0000, 0x0000, 0x0000, 0x0000, 0x0000, 0x0000, 0x0000, 0x0000, 0x0000, 0x0000, 0x0000, 0x0000, 0x0000,
    0x0000, 0x0000, 0x0000, 0x0000, 0x0000, 0x0000, 0x0000, 0x0000, 0x0000, 0x0000, 0x0000, 0x0000, 0x0000, 0x0000, 0x0000, 0x0000,
    0x0000, 0x0000, 0x0000, 0x0000, 0x0000, 0x0000, 0x0000, 0x0000, 0x0000, 0x0000, 0x0000, 0x0000, 0x0000, 0x0000, 0x0000, 0x0000,
    0x0000, 0x0000, 0x0000, 0x0000, 0x0000, 0x0000, 0x0000, 0x0000, 0x0000, 0x0000, 0x0000, 0x0000, 0x0000, 0x0000, 0x0000, 0x0000,
    0x0000, 0x0000, 0x0000, 0x0000, 0x0000, 0x6a24, 0x6a24, 0x0000, 0x61a3, 0x61a3, 0xba64, 0x9a23, 0xbbe9, 0x3945, 0x3945, 0x0000,
    0x0000, 0x0000, 0x0000, 0x0000, 0x0000, 0x0000, 0x0000, 0x0000, 0x0000, 0x0000, 0x0000, 0x0000, 0x0000, 0x0000, 0x0000, 0x0000,
    0x0000, 0x0000, 0x0000, 0x0000, 0x0000, 0x0000, 0x0000, 0x0000, 0x0000, 0x0000, 0x0000, 0x0000, 0x0000, 0x0000, 0x0000, 0x0000,
    0x0000, 0x0000, 0x0000, 0x0000, 0x0000, 0x0000, 0x0000, 0x0000, 0x0000, 0x0000, 0x0000, 0x0000, 0x0000, 0x0000, 0x0000, 0x0000,
    0x0000, 0x0000, 0x0000, 0x0000, 0x0000, 0x0000, 0x0000, 0x0000, 0x0000, 0x0000, 0x0000, 0x0000, 0x0000, 0x0000, 0x0000, 0x0000,
    0x0000, 0x0000, 0x0000, 0x0000, 0x0000, 0x0000, 0x0000, 0x0000, 0x0000, 0x0000, 0x0000, 0x0000, 0x0000, 0x0000, 0x0000, 0x0000,
    0x0000, 0x0000, 0x0000, 0x0000, 0x0000, 0x0000, 0x0000, 0x0000, 0x0000, 0x0000, 0x0000, 0x0000, 0x0000, 0x0000, 0x0000, 0x0000,
    0x0000, 0x0000, 0x0000, 0x0000, 0x0000, 0x0000, 0x0000, 0x0000, 0x0000, 0x0000, 0x0000, 0x0000, 0x0000, 0x0000, 0x0000, 0x0000,
    0x0000, 0x0000, 0x0000, 0x0000, 0x0000, 0x0000, 0x0000, 0x0000, 0x0000, 0x0000, 0x0000, 0x0000, 0x0000, 0x0000, 0x0000, 0x0000,
    0x0000, 0x0000, 0x0000, 0x0000, 0x0000, 0x0000, 0x0000, 0x0000, 0x0000, 0x0000, 0x0000, 0x0000, 0x0000, 0x0000, 0x0000, 0x0000,
    0x0000, 0x0000, 0x0000, 0x0000, 0x0000, 0x0000, 0x0000, 0x0000, 0x0000, 0x0000, 0x0000, 0x0000, 0x0000, 0x0000, 0x0000, 0x0000,
    0x0000, 0x0000, 0x0000, 0x0000, 0x0000, 0x0000, 0x0000, 0x0000, 0x0000, 0x0000, 0x0000, 0x0000, 0x0000, 0x0000, 0x0000, 0x0000,
    0x0000, 0x0000, 0x0000, 0x0000, 0x0000, 0x0000, 0x0000, 0x0000, 0x0000, 0x0000, 0x0000, 0x0000, 0x0000, 0x0000, 0x0000, 0x0000,
    0x0000, 0x0000, 0x0000, 0x0000, 0x0000, 0x0000, 0x0000, 0x0000, 0x0000, 0x0000, 0x0000, 0x0000, 0x0000, 0x0000, 0x0000, 0x0000,
    0x0000, 0x0000, 0x0000, 0x0000, 0x0000, 0x0000, 0x0000, 0x0000, 0x0000, 0x0000, 0x0000, 0x0000, 0x0000, 0x0000, 0x0000, 0x0000,
    0x0000, 0x0000, 0x0000, 0x0000, 0x0000, 0x0000, 0x0000, 0x0000, 0x0000, 0x0000, 0x0000, 0x0000, 0x0000, 0x0000, 0x0000, 0x0000,
    0x0000, 0x0000, 0x0000, 0x0000, 0x6a24, 0xd4ee, 0xbbe9, 0x61a3, 0x9a23, 0xba64, 0xdbea, 0x71e4, 0x3945, 0x0000, 0x0000, 0x0000,
    0x0000, 0x0000, 0x0000, 0x0000, 0x0000, 0x0000, 0x0000, 0x0000, 0x0000, 0x0000, 0x0000, 0x0000, 0x0000, 0x0000, 0x0000, 0x0000,
    0x0000, 0x0000, 0x0000, 0x0000, 0x0000, 0x0000, 0x0000, 0x0000, 0x0000, 0x0000, 0x0000, 0x0000, 0x0000, 0x0000, 0x0000, 0x0000,
    0x0000, 0x0000, 0x0000, 0x0000, 0x0000, 0x0000, 0x0000, 0x0000, 0x0000, 0x0000, 0x0000, 0x0000, 0x0000, 0x0000, 0x0000, 0x0000,
    0x0000, 0x0000, 0x0000, 0x0000, 0x0000, 0x0000, 0x0000, 0x0000, 0x0000, 0x0000, 0x0000, 0x0000, 0x0000, 0x0000, 0x0000, 0x0000,
    0x0000, 0x0000, 0x0000, 0x0000, 0x0000, 0x0000, 0x0000, 0x0000, 0x0000, 0x0000, 0x0000, 0x0000, 0x0000, 0x0000, 0x0000, 0x0000,
    0x0000, 0x0000, 0x0000, 0x0000, 0x0000, 0x0000, 0x0000, 0x0000, 0x0000, 0x0000, 0x0000, 0x0000, 0x0000, 0x0000, 0x0000, 0x0000,
    0x0000, 0x0000, 0x0000, 0x0000, 0x0000, 0x0000, 0x0000, 0x0000, 0x0000, 0x0000, 0x0000, 0x0000, 0x0000, 0x0000, 0x0000, 0x0000,
    0x0000, 0x0000, 0x0000, 0x0000, 0x0000, 0x0000, 0x0000, 0x0000, 0x0000, 0x0000, 0x0000, 0x0000, 0x0000, 0x0000, 0x0000, 0x0000,
    0x0000, 0x0000, 0x0000, 0x0000, 0x0000, 0x0000, 0x0000, 0x0000, 0x0000, 0x0000, 0x0000, 0x0000, 0x0000, 0x0000, 0x0000, 0x0000,
    0x0000, 0x0000, 0x0000, 0x0000, 0x0000, 0x0000, 0x0000, 0x0000, 0x0000, 0x0000, 0x0000, 0x0000, 0x0000, 0x0000, 0x0000, 0x0000,
    0x0000, 0x0000, 0x0000, 0x0000, 0x0000, 0x0000, 0x0000, 0x0000, 0x0000, 0x0000, 0x0000, 0x0000, 0x0000, 0x0000, 0x0000, 0x0000,
    0x0000, 0x0000, 0x0000, 0x0000, 0x0000, 0x0000, 0x0000, 0x0000, 0x0000, 0x0000, 0x0000, 0x0000, 0x0000, 0x0000, 0x0000, 0x0000,
    0x0000, 0x0000, 0x0000, 0x0000, 0x0000, 0x0000, 0x0000, 0x0000, 0x0000, 0x0000, 0x0000, 0x0000, 0x0000, 0x0000, 0x0000, 0x0000,
    0x0000, 0x0000, 0x0000, 0x0000, 0x0000, 0x0000, 0x0000, 0x0000, 0x0000, 0x0000, 0x0000, 0x0000, 0x0000, 0x0000, 0x0000, 0x0000,
    0x0000, 0x0000, 0x0000, 0x0000, 0x0000, 0x0000, 0x0000, 0x0000, 0x0000, 0x0000, 0x0000, 0x0000, 0x0000, 0x0000, 0x0000, 0x0000,
    0x0000, 0x0000, 0x0000, 0x0000, 0x6a24, 0xbbe9, 0xba64, 0xba64, 0xba64, 0xdbea, 0xba64, 0x1944, 0x0000, 0x0000, 0x0000, 0x0000,
    0x0000, 0x0000, 0x0000, 0x0000, 0x0000, 0x0000, 0x0000, 0x0000, 0x0000, 0x0000, 0x0000, 0x0000, 0x0000, 0x0000, 0x0000, 0x0000,
    0x0000, 0x0000, 0x0000, 0x0000, 0x0000, 0x0000, 0x0000, 0x0000, 0x0000, 0x0000, 0x0000, 0x0000, 0x0000, 0x0000, 0x0000, 0x0000,
    0x0000, 0x0000, 0x0000, 0x0000, 0x0000, 0x0000, 0x0000, 0x0000, 0x0000, 0x0000, 0x0000, 0x0000, 0x0000, 0x0000, 0x0000, 0x0000,
    0x0000, 0x0000, 0x0000, 0x0000, 0x0000, 0x0000, 0x0000, 0x0000, 0x0000, 0x0000, 0x0000, 0x0000, 0x0000, 0x0000, 0x0000, 0x0000,
    0x0000, 0x0000, 0x0000, 0x0000, 0x0000, 0x0000, 0x0000, 0x0000, 0x0000, 0x0000, 0x0000, 0x0000, 0x0000, 0x0000, 0x0000, 0x0000,
    0x0000, 0x0000, 0x0000, 0x0000, 0x0000, 0x0000, 0x0000, 0x0000, 0x0000, 0x0000, 0x0000, 0x0000, 0x0000, 0x0000, 0x0000, 0x0000,
    0x0000, 0x0000, 0x0000, 0x0000, 0x0000, 0x0000, 0x0000, 0x0000, 0x0000, 0x0000, 0x0000, 0x0000, 0x0000, 0x0000, 0x0000, 0x0000,
    0x0000, 0x0000, 0x0000, 0x0000, 0x0000, 0x0000, 0x0000, 0x0000, 0x0000, 0x0000, 0x0000, 0x0000, 0x0000, 0x0000, 0x0000, 0x0000,
    0x0000, 0x0000, 0x0000, 0x0000, 0x0000, 0x0000, 0x0000, 0x0000, 0x0000, 0x0000, 0x0000, 0x0000, 0x0000, 0x0000, 0x0000, 0x0000,
    0x0000, 0x0000, 0x0000, 0x0000, 0x0000, 0x0000, 0x0000, 0x0000, 0x0000, 0x0000, 0x0000, 0x0000, 0x0000, 0x0000, 0x0000, 0x0000,
    0x0000, 0x0000, 0x0000, 0x0000, 0x0000, 0x0000, 0x0000, 0x0000, 0x0000, 0x0000, 0x0000, 0x0000, 0x0000, 0x0000, 0x0000, 0x0000,
    0x0000, 0x0000, 0x0000, 0x0000, 0x0000, 0x0000, 0x0000, 0x0000, 0x0000, 0x0000, 0x0000, 0x0000, 0x0000, 0x0000, 0x0000, 0x0000,
    0x0000, 0x0000, 0x0000, 0x0000, 0x0000, 0x0000, 0x0000, 0x0000, 0x0000, 0x0000, 0x0000, 0x0000, 0x0000, 0x0000, 0x0000, 0x0000,
    0x0000, 0x0000, 0x0000, 0x0000, 0x0000, 0x0000, 0x0000, 0x0000, 0x0000, 0x0000, 0x0000, 0x0000, 0x0000, 0x0000, 0x0000, 0x0000,
    0x0000, 0x0000, 0x0000, 0x0000, 0x0000, 0x0000, 0x0000, 0x0000, 0x0000, 0x0000, 0x0000, 0x0000, 0x0000, 0x0000, 0x0000, 0x0000,
    0x0000, 0x0000, 0x0000, 0x0000, 0x61a3, 0xba64, 0xba64, 0xba64, 0xdbea, 0xba64, 0x9a23, 0x1944, 0x0000, 0x0000, 0x0000, 0x0000,
    0x0000, 0x0000, 0x0000, 0x0000, 0x0000, 0x0000, 0x0000, 0x0000, 0x0000, 0x0000, 0x0000, 0x0000, 0x0000, 0x0000, 0x0000, 0x0000,
    0x0000, 0x0000, 0x0000, 0x0000, 0x0000, 0x0000, 0x0000, 0x0000, 0x0000, 0x0000, 0x0000, 0x0000, 0x0000, 0x0000, 0x0000, 0x0000,
    0x0000, 0x0000, 0x0000, 0x0000, 0x0000, 0x0000, 0x0000, 0x0000, 0x0000, 0x0000, 0x0000, 0x0000, 0x0000, 0x0000, 0x0000, 0x0000,
    0x0000, 0x0000, 0x0000, 0x0000, 0x0000, 0x0000, 0x0000, 0x0000, 0x0000, 0x0000, 0x0000, 0x0000, 0x0000, 0x0000, 0x0000, 0x0000,
    0x0000, 0x0000, 0x0000, 0x0000, 0x0000, 0x0000, 0x0000, 0x0000, 0x0000, 0x0000, 0x0000, 0x0000, 0x0000, 0x0000, 0x0000, 0x0000,
    0x0000, 0x0000, 0x0000, 0x0000, 0x0000, 0x0000, 0x0000, 0x0000, 0x0000, 0x0000, 0x0000, 0x0000, 0x0000, 0x0000, 0x0000, 0x0000,
    0x0000, 0x0000, 0x0000, 0x0000, 0x0000, 0x0000, 0x0000, 0x0000, 0x0000, 0x0000, 0x0000, 0x0000, 0x0000, 0x0000, 0x0000, 0x0000,
    0x0000, 0x0000, 0x0000, 0x0000, 0x0000, 0x0000, 0x0000, 0x0000, 0x0000, 0x0000, 0x0000, 0x0000, 0x0000, 0x0000, 0x0000, 0x0000,
    0x0000, 0x0000, 0x0000, 0x0000, 0x0000, 0x0000, 0x0000, 0x0000, 0x0000, 0x0000, 0x0000, 0x0000, 0x0000, 0x0000, 0x0000, 0x0000,
    0x0000, 0x0000, 0x0000, 0x0000, 0x0000, 0x0000, 0x0000, 0x0000, 0x0000, 0x0000, 0x0000, 0x0000, 0x0000, 0x0000, 0x0000, 0x0000,
    0x0000, 0x0000, 0x0000, 0x0000, 0x0000, 0x0000, 0x0000, 0x0000, 0x0000, 0x0000, 0x0000, 0x0000, 0x0000, 0x0000, 0x0000, 0x0000,
    0x0000, 0x0000, 0x0000, 0x0000, 0x0000, 0x0000, 0x0000, 0x0000, 0x0000, 0x0000, 0x0000, 0x0000, 0x0000, 0x0000, 0x0000, 0x0000,
    0x0000, 0x0000, 0x0000, 0x0000, 0x0000, 0x0000, 0x0000, 0x0000, 0x0000, 0x0000, 0x0000, 0x0000, 0x0000, 0x0000, 0x0000, 0x0000,
    0x0000, 0x0000, 0x0000, 0x0000, 0x0000, 0x0000, 0x0000, 0x0000, 0x0000, 0x0000, 0x0000, 0x0000, 0x0000, 0x0000, 0x0000, 0x0000,
    0x0000, 0x0000, 0x0000, 0x0000, 0x0000, 0x0000, 0x0000, 0x0000, 0x0000, 0x0000, 0x0000, 0x0000, 0x0000, 0x0000, 0x0000, 0x0000,
    0x0000, 0x0000, 0x0000, 0x3a68, 0x5bac, 0x5bac, 0x9a23, 0xdbea, 0xba64, 0x9a23, 0x71e4, 0x1944, 0x0000, 0x0000, 0x0000, 0x0000,
    0x0000, 0x0000, 0x0000, 0x0000, 0x0000, 0x0000, 0x0000, 0x0000, 0x0000, 0x0000, 0x0000, 0x0000, 0x0000, 0x0000, 0x0000, 0x0000,
    0x0000, 0x0000, 0x0000, 0x0000, 0x0000, 0x0000, 0x0000, 0x0000, 0x0000, 0x0000, 0x0000, 0x0000, 0x0000, 0x0000, 0x0000, 0x0000,
    0x0000, 0x0000, 0x0000, 0x0000, 0x0000, 0x0000, 0x0000, 0x0000, 0x0000, 0x0000, 0x0000, 0x0000, 0x0000, 0x0000, 0x0000, 0x0000,
    0x0000, 0x0000, 0x0000, 0x0000, 0x0000, 0x0000, 0x0000, 0x0000, 0x0000, 0x0000, 0x0000, 0x0000, 0x0000, 0x0000, 0x0000, 0x0000,
    0x0000, 0x0000, 0x0000, 0x0000, 0x0000, 0x0000, 0x0000, 0x0000, 0x0000, 0x0000, 0x0000, 0x0000, 0x0000, 0x0000, 0x0000, 0x0000,
    0x0000, 0x0000, 0x0000, 0x0000, 0x0000, 0x0000, 0x0000, 0x0000, 0x0000, 0x0000, 0x0000, 0x0000, 0x0000, 0x0000, 0x0000, 0x0000,
    0x0000, 0x0000, 0x0000, 0x0000, 0x0000, 0x0000, 0x0000, 0x0000, 0x0000, 0x0000, 0x0000, 0x0000, 0x0000, 0x0000, 0x0000, 0x0000,
    0x0000, 0x0000, 0x0000, 0x0000, 0x0000, 0x0000, 0x0000, 0x0000, 0x0000, 0x0000, 0x0000, 0x0000, 0x0000, 0x0000, 0x0000, 0x0000,
    0x0000, 0x0000, 0x0000, 0x0000, 0x0000, 0x0000, 0x0000, 0x0000, 0x0000, 0x0000, 0x0000, 0x0000, 0x0000, 0x0000, 0x0000, 0x0000,
    0x0000, 0x0000, 0x0000, 0x0000, 0x0000, 0x0000, 0x0000, 0x0000, 0x0000, 0x0000, 0x0000, 0x0000, 0x0000, 0x0000, 0x0000, 0x0000,
    0x0000, 0x0000, 0x0000, 0x0000, 0x0000, 0x0000, 0x0000, 0x0000, 0x0000, 0x0000, 0x0000, 0x0000, 0x0000, 0x0000, 0x0000, 0x0000,
    0x0000, 0x0000, 0x0000, 0x0000, 0x0000, 0x0000, 0x0000, 0x0000, 0x0000, 0x0000, 0x0000, 0x0000, 0x0000, 0x0000, 0x0000, 0x0000,
    0x0000, 0x0000, 0x0000, 0x0000, 0x0000, 0x0000, 0x0000, 0x0000, 0x0000, 0x0000, 0x0000, 0x0000, 0x0000, 0x0000, 0x0000, 0x0000,
    0x0000, 0x0000, 0x0000, 0x0000, 0x0000, 0x0000, 0x0000, 0x0000, 0x0000, 0x0000, 0x0000, 0x0000, 0x0000, 0x0000, 0x0000, 0x0000,
    0x0000, 0x0000, 0x0000, 0x0000, 0x0000, 0x0000, 0x0000, 0x0000, 0x0000, 0x0000, 0x0000, 0x0000, 0x0000, 0x0000, 0x0000, 0x0000,
    0x0000, 0x0000, 0x0000, 0x3a68, 0x3a68, 0x5bac, 0x64ae, 0x9a23, 0xba64, 0x71e4, 0x1944, 0x0000, 0x0000, 0x0000, 0x0000, 0x0000,
    0x0000, 0x0000, 0x0000, 0x0000, 0x0000, 0x0000, 0x0000, 0x0000, 0x0000, 0x0000, 0x0000, 0x0000, 0x0000, 0x0000, 0x0000, 0x0000,
    0x0000, 0x0000, 0x0000, 0x0000, 0x0000, 0x0000, 0x0000, 0x0000, 0x0000, 0x0000, 0x0000, 0x0000, 0x0000, 0x0000, 0x0000, 0x0000,
    0x0000, 0x0000, 0x0000, 0x0000, 0x0000, 0x0000, 0x0000, 0x0000, 0x0000, 0x0000, 0x0000, 0x0000, 0x0000, 0x0000, 0x0000, 0x0000,
    0x0000, 0x0000, 0x0000, 0x0000, 0x0000, 0x0000, 0x0000, 0x0000, 0x0000, 0x0000, 0x0000, 0x0000, 0x0000, 0x0000, 0x0000, 0x0000,
    0x0000, 0x0000, 0x0000, 0x0000, 0x0000, 0x0000, 0x0000, 0x0000, 0x0000, 0x0000, 0x0000, 0x0000, 0x0000, 0x0000, 0x0000, 0x0000,
    0x0000, 0x0000, 0x0000, 0x0000, 0x0000, 0x0000, 0x0000, 0x0000, 0x0000, 0x0000, 0x0000, 0x0000, 0x0000, 0x0000, 0x0000, 0x0000,
    0x0000, 0x0000, 0x0000, 0x0000, 0x0000, 0x0000, 0x0000, 0x0000, 0x0000, 0x0000, 0x0000, 0x0000, 0x0000, 0x0000, 0x0000, 0x0000,
    0x0000, 0x0000, 0x0000, 0x0000, 0x0000, 0x0000, 0x0000, 0x0000, 0x0000, 0x0000, 0x0000, 0x0000, 0x0000, 0x0000, 0x0000, 0x0000,
    0x0000, 0x0000, 0x0000, 0x0000, 0x0000, 0x0000, 0x0000, 0x0000, 0x0000, 0x0000, 0x0000, 0x0000, 0x0000, 0x0000, 0x0000, 0x0000,
    0x0000, 0x0000, 0x0000, 0x0000, 0x0000, 0x0000, 0x0000, 0x0000, 0x0000, 0x0000, 0x0000, 0x0000, 0x0000, 0x0000, 0x0000, 0x0000,
    0x0000, 0x0000, 0x0000, 0x0000, 0x0000, 0x0000, 0x0000, 0x0000, 0x0000, 0x0000, 0x0000, 0x0000, 0x0000, 0x0000, 0x0000, 0x0000,
    0x0000, 0x0000, 0x0000, 0x0000, 0x0000, 0x0000, 0x0000, 0x0000, 0x0000, 0x0000, 0x0000, 0x0000, 0x0000, 0x0000, 0x0000, 0x0000,
    0x0000, 0x0000, 0x0000, 0x0000, 0x0000, 0x0000, 0x0000, 0x0000, 0x0000, 0x0000, 0x0000, 0x0000, 0x0000, 0x0000, 0x0000, 0x0000,
    0x0000, 0x0000, 0x0000, 0x0000, 0x0000, 0x0000, 0x0000, 0x0000, 0x0000, 0x0000, 0x0000, 0x0000, 0x0000, 0x0000, 0x0000, 0x0000,
    0x0000, 0x0000, 0x0000, 0x0000, 0x0000, 0x0000, 0x0000, 0x0000, 0x0000, 0x0000, 0x0000, 0x0000, 0x0000, 0x0000, 0x0000, 0x0000,
    0x0000, 0x0000, 0x3a68, 0x5bac, 0x5bac, 0x3a68, 0x5bac, 0x5bac, 0x71e4, 0x71e4, 0x1944, 0x0000, 0x0000, 0x0000, 0x0000, 0x0000,
    0x0000, 0x0000, 0x0000, 0x0000, 0x0000, 0x0000, 0x0000, 0x0000, 0x0000, 0x0000, 0x0000, 0x0000, 0x0000, 0x0000, 0x0000, 0x0000,
    0x0000, 0x0000, 0x0000, 0x0000, 0x0000, 0x0000, 0x0000, 0x0000, 0x0000, 0x0000, 0x0000, 0x0000, 0x0000, 0x0000, 0x0000, 0x0000,
    0x0000, 0x0000, 0x0000, 0x0000, 0x0000, 0x0000, 0x0000, 0x0000, 0x0000, 0x0000, 0x0000, 0x0000, 0x0000, 0x0000, 0x0000, 0x0000,
    0x0000, 0x0000, 0x0000, 0x0000, 0x0000, 0x0000, 0x0000, 0x0000, 0x0000, 0x0000, 0x0000, 0x0000, 0x0000, 0x0000, 0x0000, 0x0000,
    0x0000, 0x0000, 0x0000, 0x0000, 0x0000, 0x0000, 0x0000, 0x0000, 0x0000, 0x0000, 0x0000, 0x0000, 0x0000, 0x0000, 0x0000, 0x0000,
    0x0000, 0x0000, 0x0000, 0x0000, 0x0000, 0x0000, 0x0000, 0x0000, 0x0000, 0x0000, 0x0000, 0x0000, 0x0000, 0x0000, 0x0000, 0x0000,
    0x0000, 0x0000, 0x0000, 0x0000, 0x0000, 0x0000, 0x0000, 0x0000, 0x0000, 0x0000, 0x0000, 0x0000, 0x0000, 0x0000, 0x0000, 0x0000,
    0x0000, 0x0000, 0x0000, 0x0000, 0x0000, 0x0000, 0x0000, 0x0000, 0x0000, 0x0000, 0x0000, 0x0000, 0x0000, 0x0000, 0x0000, 0x0000,
    0x0000, 0x0000, 0x0000, 0x0000, 0x0000, 0x0000, 0x0000, 0x0000, 0x0000, 0x0000, 0x0000, 0x0000, 0x0000, 0x0000, 0x0000, 0x0000,
    0x0000, 0x0000, 0x0000, 0x0000, 0x0000, 0x0000, 0x0000, 0x0000, 0x0000, 0x0000, 0x0000, 0x0000, 0x0000, 0x0000, 0x0000, 0x0000,
    0x0000, 0x0000, 0x0000, 0x0000, 0x0000, 0x0000, 0x0000, 0x0000, 0x0000, 0x0000, 0x0000, 0x0000, 0x0000, 0x0000, 0x0000, 0x0000,
    0x0000, 0x0000, 0x0000, 0x0000, 0x0000, 0x0000, 0x0000, 0x0000, 0x0000, 0x0000, 0x0000, 0x0000, 0x0000, 0x0000, 0x0000, 0x0000,
    0x0000, 0x0000, 0x0000, 0x0000, 0x0000, 0x0000, 0x0000, 0x0000, 0x0000, 0x0000, 0x0000, 0x0000, 0x0000, 0x0000, 0x0000, 0x0000,
    0x0000, 0x0000, 0x0000, 0x0000, 0x0000, 0x0000, 0x0000, 0x0000, 0x0000, 0x0000, 0x0000, 0x0000, 0x0000, 0x0000, 0x0000, 0x0000,
    0x0000, 0x0000, 0x0000, 0x0000, 0x0000, 0x0000, 0x0000, 0x0000, 0x0000, 0x0000, 0x0000, 0x0000, 0x0000, 0x0000, 0x0000, 0x0000,
    0x0000, 0x0000, 0x3a68, 0x10a2, 0x4b0a, 0x4b0a, 0x5bac, 0x3a68, 0x71e4, 0x1944, 0x0000, 0x0000, 0x0000, 0x0000, 0x0000, 0x0000,
    0x0000, 0x0000, 0x0000, 0x0000, 0x0000, 0x0000, 0x0000, 0x0000, 0x0000, 0x0000, 0x0000, 0x0000, 0x0000, 0x0000, 0x0000, 0x0000,
    0x0000, 0x0000, 0x0000, 0x0000, 0x0000, 0x0000, 0x0000, 0x0000, 0x0000, 0x0000, 0x0000, 0x0000, 0x0000, 0x0000, 0x0000, 0x0000,
    0x0000, 0x0000, 0x0000, 0x0000, 0x0000, 0x0000, 0x0000, 0x0000, 0x0000, 0x0000, 0x0000, 0x0000, 0x0000, 0x0000, 0x0000, 0x0000,
    0x0000, 0x0000, 0x0000, 0x0000, 0x0000, 0x0000, 0x0000, 0x0000, 0x0000, 0x0000, 0x0000, 0x0000, 0x0000, 0x0000, 0x0000, 0x0000,
    0x0000, 0x0000, 0x0000, 0x0000, 0x0000, 0x0000, 0x0000, 0x0000, 0x0000, 0x0000, 0x0000, 0x0000, 0x0000, 0x0000, 0x0000, 0x0000,
    0x0000, 0x0000, 0x0000, 0x0000, 0x0000, 0x0000, 0x0000, 0x0000, 0x0000, 0x0000, 0x0000, 0x0000, 0x0000, 0x0000, 0x0000, 0x0000,
    0x0000, 0x0000, 0x0000, 0x0000, 0x0000, 0x0000, 0x0000, 0x0000, 0x0000, 0x0000, 0x0000, 0x0000, 0x0000, 0x0000, 0x0000, 0x0000,
    0x0000, 0x0000, 0x0000, 0x0000, 0x0000, 0x0000, 0x0000, 0x0000, 0x0000, 0x0000, 0x0000, 0x0000, 0x0000, 0x0000, 0x0000, 0x0000,
    0x0000, 0x0000, 0x0000, 0x0000, 0x0000, 0x0000, 0x0000, 0x0000, 0x0000, 0x0000, 0x0000, 0x0000, 0x0000, 0x0000, 0x0000, 0x0000,
    0x0000, 0x0000, 0x0000, 0x0000, 0x0000, 0x0000, 0x0000, 0x0000, 0x0000, 0x0000, 0x0000, 0x0000, 0x0000, 0x0000, 0x0000, 0x0000,
    0x0000, 0x0000, 0x0000, 0x0000, 0x0000, 0x0000, 0x0000, 0x0000, 0x0000, 0x0000, 0x0000, 0x0000, 0x0000, 0x0000, 0x0000, 0x0000,
    0x0000, 0x0000, 0x0000, 0x0000, 0x0000, 0x0000, 0x0000, 0x0000, 0x0000, 0x0000, 0x0000, 0x0000, 0x0000, 0x0000, 0x0000, 0x0000,
    0x0000, 0x0000, 0x0000, 0x0000, 0x0000, 0x0000, 0x0000, 0x0000, 0x0000, 0x0000, 0x0000, 0x0000, 0x0000, 0x0000, 0x0000, 0x0000,
    0x0000, 0x0000, 0x0000, 0x0000, 0x0000, 0x0000, 0x0000, 0x0000, 0x0000, 0x0000, 0x0000, 0x0000, 0x0000, 0x0000, 0x0000, 0x0000,
    0x0000, 0x0000, 0x0000, 0x0000, 0x0000, 0x0000, 0x0000, 0x0000, 0x0000, 0x0000, 0x0000, 0x0000, 0x0000, 0x0000, 0x0000, 0x0000,
    0x0000, 0x0000, 0x3a68, 0x4b0a, 0x0000, 0x6a24, 0x3a68, 0x3a68, 0x1944, 0x0000, 0x0000, 0x0000, 0x0000, 0x0000, 0x0000, 0x0000,
    0x0000, 0x0000, 0x0000, 0x0000, 0x0000, 0x0000, 0x0000, 0x0000, 0x0000, 0x0000, 0x0000, 0x0000, 0x0000, 0x0000, 0x0000, 0x0000,
    0x0000, 0x0000, 0x0000, 0x0000, 0x0000, 0x0000, 0x0000, 0x0000, 0x0000, 0x0000, 0x0000, 0x0000, 0x0000, 0x0000, 0x0000, 0x0000,
    0x0000, 0x0000, 0x0000, 0x0000, 0x0000, 0x0000, 0x0000, 0x0000, 0x0000, 0x0000, 0x0000, 0x0000, 0x0000, 0x0000, 0x0000, 0x0000,
    0x0000, 0x0000, 0x0000, 0x0000, 0x0000, 0x0000, 0x0000, 0x0000, 0x0000, 0x0000, 0x0000, 0x0000, 0x0000, 0x0000, 0x0000, 0x0000,
    0x0000, 0x0000, 0x0000, 0x0000, 0x0000, 0x0000, 0x0000, 0x0000, 0x0000, 0x0000, 0x0000, 0x0000, 0x0000, 0x0000, 0x0000, 0x0000,
    0x0000, 0x0000, 0x0000, 0x0000, 0x0000, 0x0000, 0x0000, 0x0000, 0x0000, 0x0000, 0x0000, 0x0000, 0x0000, 0x0000, 0x0000, 0x0000,
    0x0000, 0x0000, 0x0000, 0x0000, 0x0000, 0x0000, 0x0000, 0x0000, 0x0000, 0x0000, 0x0000, 0x0000, 0x0000, 0x0000, 0x0000, 0x0000,
    0x0000, 0x0000, 0x0000, 0x0000, 0x0000, 0x0000, 0x0000, 0x0000, 0x0000, 0x0000, 0x0000, 0x0000, 0x0000, 0x0000, 0x0000, 0x0000,
    0x0000, 0x0000, 0x0000, 0x0000, 0x0000, 0x0000, 0x0000, 0x0000, 0x0000, 0x0000, 0x0000, 0x0000, 0x0000, 0x0000, 0x0000, 0x0000,
    0x0000, 0x0000, 0x0000, 0x0000, 0x0000, 0x0000, 0x0000, 0x0000, 0x0000, 0x0000, 0x0000, 0x0000, 0x0000, 0x0000, 0x0000, 0x0000,
    0x0000, 0x0000, 0x0000, 0x0000, 0x0000, 0x0000, 0x0000, 0x0000, 0x0000, 0x0000, 0x0000, 0x0000, 0x0000, 0x0000, 0x0000, 0x0000,
    0x0000, 0x0000, 0x0000, 0x0000, 0x0000, 0x0000, 0x0000, 0x0000, 0x0000, 0x0000, 0x0000, 0x0000, 0x0000, 0x0000, 0x0000, 0x0000,
    0x0000, 0x0000, 0x0000, 0x0000, 0x0000, 0x0000, 0x0000, 0x0000, 0x0000, 0x0000, 0x0000, 0x0000, 0x0000, 0x0000, 0x0000, 0x0000,
    0x0000, 0x0000, 0x0000, 0x0000, 0x0000, 0x0000, 0x0000, 0x0000, 0x0000, 0x0000, 0x0000, 0x0000, 0x0000, 0x0000, 0x0000, 0x0000,
    0x0000, 0x0000, 0x0000, 0x0000, 0x0000, 0x0000, 0x0000, 0x0000, 0x0000, 0x0000, 0x0000, 0x0000, 0x0000, 0x0000, 0x0000, 0x0000,
    0x0000, 0x0000, 0x3a68, 0x0000, 0x0000, 0xbbe9, 0x6a24, 0x1944, 0x0000, 0x0000, 0x0000, 0x0000, 0x0000, 0x0000, 0x0000, 0x0000,
    0x0000, 0x0000, 0x0000, 0x0000, 0x0000, 0x0000, 0x0000, 0x0000, 0x0000, 0x0000, 0x0000, 0x0000, 0x0000, 0x0000, 0x0000, 0x0000,
    0x0000, 0x0000, 0x0000, 0x0000, 0x0000, 0x0000, 0x0000, 0x0000, 0x0000, 0x0000, 0x0000, 0x0000, 0x0000, 0x0000, 0x0000, 0x0000,
    0x0000, 0x0000, 0x0000, 0x0000, 0x0000, 0x0000, 0x0000, 0x0000, 0x0000, 0x0000, 0x0000, 0x0000, 0x0000, 0x0000, 0x0000, 0x0000,
    0x0000, 0x0000, 0x0000, 0x0000, 0x0000, 0x0000, 0x0000, 0x0000, 0x0000, 0x0000, 0x0000, 0x0000, 0x0000, 0x0000, 0x0000, 0x0000,
    0x0000, 0x0000, 0x0000, 0x0000, 0x0000, 0x0000, 0x0000, 0x0000, 0x0000, 0x0000, 0x0000, 0x0000, 0x0000, 0x0000, 0x0000, 0x0000,
    0x0000, 0x0000, 0x0000, 0x0000, 0x0000, 0x0000, 0x0000, 0x0000, 0x0000, 0x0000, 0x0000, 0x0000, 0x0000, 0x0000, 0x0000, 0x0000,
    0x0000, 0x0000, 0x0000, 0x0000, 0x0000, 0x0000, 0x0000, 0x0000, 0x0000, 0x0000, 0x0000, 0x0000, 0x0000, 0x0000, 0x0000, 0x0000,
    0x0000, 0x0000, 0x0000, 0x0000, 0x0000, 0x0000, 0x0000, 0x0000, 0x0000, 0x0000, 0x0000, 0x0000, 0x0000, 0x0000, 0x0000, 0x0000,
    0x0000, 0x0000, 0x0000, 0x0000, 0x0000, 0x0000, 0x0000, 0x0000, 0x0000, 0x0000, 0x0000, 0x0000, 0x0000, 0x0000, 0x0000, 0x0000,
    0x0000, 0x0000, 0x0000, 0x0000, 0x0000, 0x0000, 0x0000, 0x0000, 0x0000, 0x0000, 0x0000, 0x0000, 0x0000, 0x0000, 0x0000, 0x0000,
    0x0000, 0x0000, 0x0000, 0x0000, 0x0000, 0x0000, 0x0000, 0x0000, 0x0000, 0x0000, 0x0000, 0x0000, 0x0000, 0x0000, 0x0000, 0x0000,
    0x0000, 0x0000, 0x0000, 0x0000, 0x0000, 0x0000, 0x0000, 0x0000, 0x0000, 0x0000, 0x0000, 0x0000, 0x0000, 0x0000, 0x0000, 0x0000,
    0x0000, 0x0000, 0x0000, 0x0000, 0x0000, 0x0000, 0x0000, 0x0000, 0x0000, 0x0000, 0x0000, 0x0000, 0x0000, 0x0000, 0x0000, 0x0000,
    0x0000, 0x0000, 0x0000, 0x0000, 0x0000, 0x0000, 0x0000, 0x0000, 0x0000, 0x0000, 0x0000, 0x0000, 0x0000, 0x0000, 0x0000, 0x0000,
    0x0000, 0x0000, 0x0000, 0x0000, 0x0000, 0x0000, 0x0000, 0x0000, 0x0000, 0x0000, 0x0000, 0x0000, 0x0000, 0x0000, 0x0000, 0x0000,
    0x0000, 0x0000, 0x0000, 0x0000, 0xbbe9, 0xbbe9, 0x0000, 0x0000, 0x0000, 0x0000, 0x0000, 0x0000, 0x0000, 0x0000, 0x0000, 0x0000,
    0x0000, 0x0000, 0x0000, 0x0000, 0x0000, 0x0000, 0x0000, 0x0000, 0x0000, 0x0000, 0x0000, 0x0000, 0x0000, 0x0000, 0x0000, 0x0000,
    0x0000, 0x0000, 0x0000, 0x0000, 0x0000, 0x0000, 0x0000, 0x0000, 0x0000, 0x0000, 0x0000, 0x0000, 0x0000, 0x0000, 0x0000, 0x0000,
    0x0000, 0x0000, 0x0000, 0x0000, 0x0000, 0x0000, 0x0000, 0x0000, 0x0000, 0x0000, 0x0000, 0x0000, 0x0000, 0x0000, 0x0000, 0x0000,
    0x0000, 0x0000, 0x0000, 0x0000, 0x0000, 0x0000, 0x0000, 0x0000, 0x0000, 0x0000, 0x0000, 0x0000, 0x0000, 0x0000, 0x0000, 0x0000,
    0x0000, 0x0000, 0x0000, 0x0000, 0x0000, 0x0000, 0x0000, 0x0000, 0x0000, 0x0000, 0x0000, 0x0000, 0x0000, 0x0000, 0x0000, 0x0000,
    0x0000, 0x0000, 0x0000, 0x0000, 0x0000, 0x0000, 0x0000, 0x0000, 0x0000, 0x0000, 0x0000, 0x0000, 0x0000, 0x0000, 0x0000, 0x0000,
    0x0000, 0x0000, 0x0000, 0x0000, 0x0000, 0x0000, 0x0000, 0x0000, 0x0000, 0x0000, 0x0000, 0x0000, 0x0000, 0x0000, 0x0000, 0x0000,
    0x0000, 0x0000, 0x0000, 0x0000, 0x0000, 0x0000, 0x0000, 0x0000, 0x0000, 0x0000, 0x0000, 0x0000, 0x0000, 0x0000, 0x0000, 0x0000,
    0x0000, 0x0000, 0x0000, 0x0000, 0x0000, 0x0000, 0x0000, 0x0000, 0x0000, 0x0000, 0x0000, 0x0000, 0x0000, 0x0000, 0x0000, 0x0000,
    0x0000, 0x0000, 0x0000, 0x0000, 0x0000, 0x0000, 0x0000, 0x0000, 0x0000, 0x0000, 0x0000, 0x0000, 0x0000, 0x0000, 0x0000, 0x0000,
    0x0000, 0x0000, 0x0000, 0x0000, 0x0000, 0x0000, 0x0000, 0x0000, 0x0000, 0x0000, 0x0000, 0x0000, 0x0000, 0x0000, 0x0000, 0x0000,
    0x0000, 0x0000, 0x0000, 0x0000, 0x0000, 0x0000, 0x0000, 0x0000, 0x0000, 0x0000, 0x0000, 0x0000, 0x0000, 0x0000, 0x0000, 0x0000,
    0x0000, 0x0000, 0x0000, 0x0000, 0x0000, 0x0000, 0x0000, 0x0000, 0x0000, 0x0000, 0x0000, 0x0000, 0x0000, 0x0000, 0x0000, 0x0000,
    0x0000, 0x0000, 0x0000, 0x0000, 0x0000, 0x0000, 0x0000, 0x0000, 0x0000, 0x0000, 0x0000, 0x0000, 0x0000, 0x0000, 0x0000, 0x0000,
    0x0000, 0x0000, 0x0000, 0x0000, 0x0000, 0x0000, 0x0000, 0x0000, 0x0000, 0x0000, 0x0000, 0x0000, 0x0000, 0x0000, 0x0000, 0x0000,
    0x0000, 0x0000, 0x0000, 0x0000, 0x0000, 0x0000, 0x0000, 0x0000, 0x0000, 0x0000, 0x0000, 0x0000, 0x0000, 0x0000, 0x0000, 0x0000,
    0x0000, 0x0000, 0x0000, 0x0000, 0x0000, 0x0000, 0x0000, 0x0000, 0x0000, 0x0000, 0x0000, 0x0000, 0x0000, 0x0000, 0x0000, 0x0000,
    0x0000, 0x0000, 0x0000, 0x0000, 0x0000, 0x0000, 0x0000, 0x0000, 0x0000, 0x0000, 0x0000, 0x0000, 0x0000, 0x0000, 0x0000, 0x0000,
    0x0000, 0x0000, 0x0000, 0x0000, 0x0000, 0x0000, 0x0000, 0x0000, 0x0000, 0x0000, 0x0000, 0x0000, 0x0000, 0x0000, 0x0000, 0x0000,
    0x0000, 0x0000, 0x0000, 0x0000, 0x0000, 0x0000, 0x0000, 0x0000, 0x0000, 0x0000, 0x0000, 0x0000, 0x0000, 0x0000, 0x0000, 0x0000,
    0x0000, 0x0000, 0x0000, 0x0000, 0x0000, 0x0000, 0x0000, 0x0000, 0x0000, 0x0000, 0x0000, 0x0000, 0x0000, 0x0000, 0x0000, 0x0000,
    0x0000, 0x0000, 0x0000, 0x0000, 0x0000, 0x0000, 0x0000, 0x0000, 0x0000, 0x0000, 0x0000, 0x0000, 0x0000, 0x0000, 0x0000, 0x0000,
    0x0000, 0x0000, 0x0000, 0x0000, 0x0000, 0x0000, 0x0000, 0x0000, 0x0000, 0x0000, 0x0000, 0x0000, 0x0000, 0x0000, 0x0000, 0x0000,
    0x0000, 0x0000, 0x0000, 0x0000, 0x0000, 0x0000, 0x0000, 0x0000, 0x0000, 0x0000, 0x0000, 0x0000, 0x0000, 0x0000, 0x0000, 0x0000,
    0x0000, 0x0000, 0x0000, 0x0000, 0x0000, 0x0000, 0x0000, 0x0000, 0x0000, 0x0000, 0x0000, 0x0000, 0x0000, 0x0000, 0x0000, 0x0000,
    0x0000, 0x0000, 0x0000, 0x0000, 0x0000, 0x0000, 0x0000, 0x0000, 0x0000, 0x0000, 0x0000, 0x0000, 0x0000, 0x0000, 0x0000, 0x0000,
    0x0000, 0x0000, 0x0000, 0x0000, 0x0000, 0x0000, 0x0000, 0x0000, 0x0000, 0x0000, 0x0000, 0x0000, 0x0000, 0x0000, 0x0000, 0x0000,
    0x0000, 0x0000, 0x0000, 0x0000, 0x0000, 0x0000, 0x0000, 0x0000, 0x0000, 0x0000, 0x0000, 0x0000, 0x0000, 0x0000, 0x0000, 0x0000,
    0x0000, 0x0000, 0x0000, 0x0000, 0x0000, 0x0000, 0x0000, 0x0000, 0x0000, 0x0000, 0x0000, 0x0000, 0x0000, 0x0000, 0x0000, 0x0000,
    0x0000, 0x0000, 0x0000, 0x0000, 0x0000, 0x0000, 0x0000, 0x0000, 0x0000, 0x0000, 0x0000, 0x0000, 0x0000, 0x0000, 0x0000, 0x0000,
    0x0000, 0x0000, 0x0000, 0x0000, 0x0000, 0x0000, 0x0000, 0x0000, 0x0000, 0x0000, 0x0000, 0x0000, 0x0000, 0x0000, 0x0000, 0x0000,
    0x0000, 0x0000, 0x0000, 0x0000, 0x0000, 0x0000, 0x0000, 0x0000, 0x0000, 0x0000, 0x0000, 0x0000, 0x0000, 0x0000, 0x0000, 0x0000,
    0x0000, 0x0000, 0x0000, 0x0000, 0x0000, 0x0000, 0x0000, 0x0000, 0x0000, 0x0000, 0x0000, 0x0000, 0x0000, 0x0000, 0x0000, 0x0000,
    0x0000, 0x0000, 0x0000, 0x0000, 0x0000, 0x0000, 0x0000, 0x0000, 0x0000, 0x0000, 0x0000, 0x0000, 0x0000, 0x0000, 0x0000, 0x0000,
    0x0000, 0x0000, 0x0000, 0x0000, 0x0000, 0x0000, 0x0000, 0x0000, 0x0000, 0x0000, 0x0000, 0x0000, 0x0000, 0x0000, 0x0000, 0x0000,
    0x0000, 0x0000, 0x0000, 0x0000, 0x0000, 0x0000, 0x0000, 0x0000, 0x0000, 0x0000, 0x0000, 0x0000, 0x0000, 0x0000, 0x0000, 0x0000,
    0x0000, 0x0000, 0x0000, 0x0000, 0x0000, 0x0000, 0x0000, 0x0000, 0x0000, 0x0000, 0x0000, 0x0000, 0x0000, 0x0000, 0x0000, 0x0000,
    0x0000, 0x0000, 0x0000, 0x0000, 0x0000, 0x0000, 0x0000, 0x0000, 0x0000, 0x0000, 0x0000, 0x0000, 0x0000, 0x0000, 0x0000, 0x0000,
    0x0000, 0x0000, 0x0000, 0x0000, 0x0000, 0x0000, 0x0000, 0x0000, 0x0000, 0x0000, 0x0000, 0x0000, 0x0000, 0x0000, 0x0000, 0x0000,
    0x0000, 0x0000, 0x0000, 0x0000, 0x0000, 0x0000, 0x0000, 0x0000, 0x0000, 0x0000, 0x0000, 0x0000, 0x0000, 0x0000, 0x0000, 0x0000,
    0x0000, 0x0000, 0x0000, 0x0000, 0x0000, 0x0000, 0x0000, 0x0000, 0x0000, 0x0000, 0x0000, 0x0000, 0x0000, 0x0000, 0x0000, 0x0000,
    0x0000, 0x0000, 0x0000, 0x0000, 0x0000, 0x0000, 0x0000, 0x0000, 0x0000, 0x0000, 0x0000, 0x0000, 0x0000, 0x0000, 0x0000, 0x0000,
    0x0000, 0x0000, 0x0000, 0x0000, 0x0000, 0x0000, 0x0000, 0x0000, 0x0000, 0x0000, 0x0000, 0x0000, 0x0000, 0x0000, 0x0000, 0x0000,
    0x0000, 0x0000, 0x0000, 0x0000, 0x0000, 0x0000, 0x0000, 0x0000, 0x0000, 0x0000, 0x0000, 0x0000, 0x0000, 0x0000, 0x0000, 0x0000,
    0x0000, 0x0000, 0x0000, 0x0000, 0x0000, 0x0000, 0x0000, 0x0000, 0x0000, 0x0000, 0x0000, 0x0000, 0x0000, 0x0000, 0x0000, 0x0000,
    0x0000, 0x0000, 0x0000, 0x0000, 0x0000, 0x0000, 0x0000, 0x0000, 0x0000, 0x0000, 0x0000, 0x0000, 0x0000, 0x0000, 0x0000, 0x0000,
    0x0000, 0x0000, 0x0000, 0x0000, 0x0000, 0x0000, 0x0000, 0x0000, 0x0000, 0x0000, 0x0000, 0x0000, 0x0000, 0x0000, 0x0000, 0x0000,
    0x0000, 0x0000, 0x0000, 0x0000, 0x0000, 0x0000, 0x0000, 0x0000, 0x0000, 0x0000, 0x0000, 0x0000, 0x0000, 0x0000, 0x0000, 0x0000,
    0x0000, 0x0000, 0x0000, 0x0000, 0x0000, 0x0000, 0x0000, 0x0000, 0x0000, 0x0000, 0x0000, 0x0000, 0x0000, 0x0000, 0x0000, 0x0000,
    0x0000, 0x0000, 0x0000, 0x0000, 0x0000, 0x0000, 0x0000, 0x0000, 0x0000, 0x0000, 0x0000, 0x0000, 0x0000, 0x0000, 0x0000, 0x0000,
    0x0000, 0x0000, 0x0000, 0x0000, 0x0000, 0x0000, 0x0000, 0x0000, 0x0000, 0x0000, 0x0000, 0x0000, 0x0000, 0x0000, 0x0000, 0x0000,
    0x0000, 0x0000, 0x0000, 0x0000, 0x0000, 0x0000, 0x0000, 0x0000, 0x0000, 0x0000, 0x0000, 0x0000, 0x0000, 0x0000, 0x0000, 0x0000,
    0x0000, 0x0000, 0x0000, 0x0000, 0x0000, 0x0000, 0x0000, 0x0000, 0x0000, 0x0000, 0x0000, 0x0000, 0x0000, 0x0000, 0x0000, 0x0000,
    0x0000, 0x0000, 0x0000, 0x0000, 0x0000, 0x0000, 0x0000, 0x0000, 0x0000, 0x0000, 0x0000, 0x0000, 0x0000, 0x0000, 0x0000, 0x0000,
    0x0000, 0x0000, 0x0000, 0x0000, 0x0000, 0x0000, 0x0000, 0x0000, 0x0000, 0x0000, 0x0000, 0x0000, 0x0000, 0x0000, 0x0000, 0x0000,
    0x0000, 0x0000, 0x0000, 0x0000, 0x0000, 0x0000, 0x0000, 0x0000, 0x0000, 0x0000, 0x0000, 0x0000, 0x0000, 0x0000, 0x0000, 0x0000,
    0x0000, 0x0000, 0x0000, 0x0000, 0x0000, 0x0000, 0x0000, 0x0000, 0x0000, 0x0000, 0x0000, 0x0000, 0x0000, 0x0000, 0x0000, 0x0000,
    0x0000, 0x0000, 0x0000, 0x0000, 0x0000, 0x0000, 0x0000, 0x0000, 0x0000, 0x0000, 0x0000, 0x0000, 0x0000, 0x0000, 0x0000, 0x0000,
    0x0000, 0x0000, 0x0000, 0x0000, 0x0000, 0x0000, 0x0000, 0x0000, 0x0000, 0x0000, 0x0000, 0x0000, 0x0000, 0x0000, 0x0000, 0x0000,
    0x0000, 0x0000, 0x0000, 0x0000, 0x0000, 0x0000, 0x0000, 0x0000, 0x0000, 0x0000, 0x0000, 0x0000, 0x0000, 0x0000, 0x0000, 0x0000,
    0x0000, 0x0000, 0x0000, 0x0000, 0x0000, 0x0000, 0x0000, 0x0000, 0x0000, 0x0000, 0x0000, 0x0000, 0x0000, 0x0000, 0x0000, 0x0000,
    0x0000, 0x0000, 0x0000, 0x0000, 0x0000, 0x0000, 0x0000, 0x0000, 0x0000, 0x0000, 0x0000, 0x0000, 0x0000, 0x0000, 0x0000, 0x0000,
    0x0000, 0x0000, 0x0000, 0x0000, 0x0000, 0x0000, 0x0000, 0x0000, 0x0000, 0x0000, 0x0000, 0x0000, 0x0000, 0x0000, 0x0000, 0x0000,
    0x0000, 0x0000, 0x0000, 0x0000, 0x0000, 0x0000, 0x0000, 0x0000, 0x0000, 0x0000, 0x0000, 0x0000, 0x0000, 0x0000, 0x0000, 0x0000,
    0x0000, 0x0000, 0x0000, 0x0000, 0x0000, 0x0000, 0x0000, 0x0000, 0x0000, 0x0000, 0x0000, 0x0000, 0x0000, 0x0000, 0x0000, 0x0000,
    0x0000, 0x0000, 0x0000, 0x0000, 0x0000, 0x0000, 0x0000, 0x0000, 0x0000, 0x0000, 0x0000, 0x0000, 0x0000, 0x0000, 0x0000, 0x0000,
    0x0000, 0x0000, 0x0000, 0x0000, 0x0000, 0x0000, 0x0000, 0x0000, 0x0000, 0x0000, 0x0000, 0x0000, 0x0000, 0x0000, 0x0000, 0x0000,
    0x0000, 0x0000, 0x0000, 0x0000, 0x0000, 0x0000, 0x0000, 0x0000, 0x0000, 0x0000, 0x0000, 0x0000, 0x0000, 0x0000, 0x0000, 0x0000,
    0x0000, 0x0000, 0x0000, 0x0000, 0x0000, 0x0000, 0x0000, 0x0000, 0x0000, 0x0000, 0x0000, 0x0000, 0x0000, 0x0000, 0x0000, 0x0000,
    0x0000, 0x0000, 0x0000, 0x0000, 0x0000, 0x0000, 0x0000, 0x0000, 0x0000, 0x0000, 0x0000, 0x0000, 0x0000, 0x0000, 0x0000, 0x0000,
    0x0000, 0x0000, 0x0000, 0x0000, 0x0000, 0x0000, 0x0000, 0x0000, 0x0000, 0x0000, 0x0000, 0x0000, 0x0000, 0x0000, 0x0000, 0x0000,
    0x0000, 0x0000, 0x0000, 0x0000, 0x0000, 0x0000, 0x0000, 0x0000, 0x0000, 0x0000, 0x0000, 0x0000, 0x0000, 0x0000, 0x0000, 0x0000,
    0x0000, 0x0000, 0x0000, 0x0000, 0x0000, 0x0000, 0x0000, 0x0000, 0x0000, 0x0000, 0x0000, 0x0000, 0x0000, 0x0000, 0x0000, 0x0000,
    0x0000, 0x0000, 0x0000, 0x0000, 0x0000, 0x0000, 0x0000, 0x0000, 0x0000, 0x0000, 0x0000, 0x0000, 0x0000, 0x0000, 0x0000, 0x0000,
    0x0000, 0x0000, 0x0000, 0x0000, 0x0000, 0x0000, 0x0000, 0x0000, 0x0000, 0x0000, 0x0000, 0x0000, 0x0000, 0x0000, 0x0000, 0x0000,
    0x0000, 0x0000, 0x0000, 0x0000, 0x0000, 0x0000, 0x0000, 0x0000, 0x0000, 0x0000, 0x0000, 0x0000, 0x0000, 0x0000, 0x0000, 0x0000,
    0x0000, 0x0000, 0x0000, 0x0000, 0x0000, 0x0000, 0x0000, 0x0000, 0x0000, 0x0000, 0x0000, 0x0000, 0x0000, 0x0000, 0x0000, 0x0000,
    0x0000, 0x0000, 0x0000, 0x0000, 0x0000, 0x0000, 0x0000, 0x0000, 0x0000, 0x0000, 0x0000, 0x0000, 0x0000, 0x0000, 0x0000, 0x0000,
    0x0000, 0x0000, 0x0000, 0x0000, 0x0000, 0x0000, 0x0000, 0x0000, 0x0000, 0x0000, 0x0000, 0x0000, 0x0000, 0x0000, 0x0000, 0x0000,
    0x0000, 0x0000, 0x0000, 0x0000, 0x0000, 0x0000, 0x0000, 0x0000, 0x0000, 0x0000, 0x0000, 0x0000, 0x0000, 0x0000, 0x0000, 0x0000,
    0x0000, 0x0000, 0x0000, 0x0000, 0x0000, 0x0000, 0x0000, 0x0000, 0x0000, 0x0000, 0x0000, 0x0000, 0x0000, 0x0000, 0x0000, 0x0000,
    0x0000, 0x0000, 0x0000, 0x0000, 0x0000, 0x0000, 0x0000, 0x0000, 0x0000, 0x0000, 0x0000, 0x0000, 0x0000, 0x0000, 0x0000, 0x0000,
    0x0000, 0x0000, 0x0000, 0x0000, 0x0000, 0x0000, 0x0000, 0x0000, 0x0000, 0x0000, 0x0000, 0x0000, 0x0000, 0x0000, 0x0000, 0x0000,
    0x0000, 0x0000, 0x0000, 0x0000, 0x0000, 0x0000, 0x0000, 0x0000, 0x0000, 0x0000, 0x0000, 0x0000, 0x0000, 0x0000, 0x0000, 0x0000,
    0x0000, 0x0000, 0x0000, 0x0000, 0x0000, 0x0000, 0x0000, 0x0000, 0x0000, 0x0000, 0x0000, 0x0000, 0x0000, 0x0000, 0x0000, 0x0000,
    0x0000, 0x0000, 0x0000, 0x0000, 0x0000, 0x0000, 0x0000, 0x0000, 0x0000, 0x0000, 0x0000, 0x0000, 0x0000, 0x0000, 0x0000, 0x0000,
    0x0000, 0x0000, 0x0000, 0x0000, 0x0000, 0x0000, 0x0000, 0x0000, 0x0000, 0x0000, 0x0000, 0x0000, 0x0000, 0x0000, 0x0000, 0x0000,
    0x0000, 0x0000, 0x0000, 0x0000, 0x0000, 0x0000, 0x0000, 0x0000, 0x0000, 0x0000, 0x0000, 0x0000, 0x0000, 0x0000, 0x0000, 0x0000,
    0x0000, 0x0000, 0x0000, 0x0000, 0x0000, 0x0000, 0x0000, 0x0000, 0x0000, 0x0000, 0x0000, 0x0000, 0x0000, 0x0000, 0x0000, 0x0000,
    0x0000, 0x0000, 0x0000, 0x0000, 0x0000, 0x0000, 0x0000, 0x0000, 0x0000, 0x0000, 0x0000, 0x0000, 0x0000, 0x0000, 0x0000, 0x0000,
    0x0000, 0x0000, 0x0000, 0x0000, 0x0000, 0x0000, 0x0000, 0x0000, 0x0000, 0x0000, 0x0000, 0x0000, 0x0000, 0x0000, 0x0000, 0x0000,
    0x0000, 0x0000, 0x0000, 0x0000, 0x0000, 0x0000, 0x0000, 0x0000, 0x0000, 0x0000, 0x0000, 0x0000, 0x0000, 0x0000, 0x0000, 0x0000,
    0x0000, 0x0000, 0x0000, 0x0000, 0x0000, 0x0000, 0x0000, 0x0000, 0x0000, 0x0000, 0x0000, 0x0000, 0x0000, 0x0000, 0x0000, 0x0000,
    0x0000, 0x0000, 0x0000, 0x0000, 0x0000, 0x0000, 0x0000, 0x0000, 0x0000, 0x0000, 0x0000, 0x0000, 0x0000, 0x0000, 0x0000, 0x0000,
    0x0000, 0x0000, 0x0000, 0x0000, 0x0000, 0x0000, 0x0000, 0x0000, 0x0000, 0x0000, 0x0000, 0x0000, 0x0000, 0x0000, 0x0000, 0x0000,
    0x0000, 0x0000, 0x0000, 0x0000, 0x0000, 0x0000, 0x0000, 0x0000, 0x0000, 0x0000, 0x0000, 0x0000, 0x0000, 0x0000, 0x0000, 0x0000,
    0x0000, 0x0000, 0x0000, 0x0000, 0x0000, 0x0000, 0x0000, 0x0000, 0x0000, 0x0000, 0x0000, 0x0000, 0x0000, 0x0000, 0x0000, 0x0000,
    0x0000, 0x0000, 0x0000, 0x0000, 0x0000, 0x0000, 0x0000, 0x0000, 0x0000, 0x0000, 0x0000, 0x0000, 0x0000, 0x0000, 0x0000, 0x0000,
    0x0000, 0x0000, 0x0000, 0x0000, 0x0000, 0x0000, 0x0000, 0x0000, 0x0000, 0x0000, 0x0000, 0x0000, 0x0000, 0x0000, 0x0000, 0x0000,
    0x0000, 0x0000, 0x0000, 0x0000, 0x0000, 0x0000, 0x0000, 0x0000, 0x0000, 0x0000, 0x0000, 0x0000, 0x0000, 0x0000, 0x0000, 0x0000,
    0x0000, 0x0000, 0x0000, 0x0000, 0x0000, 0x0000, 0x0000, 0x0000, 0x0000, 0x0000, 0x0000, 0x0000, 0x0000, 0x0000, 0x0000, 0x0000,
    0x0000, 0x0000, 0x0000, 0x0000, 0x0000, 0x0000, 0x0000, 0x0000, 0x0000, 0x0000, 0x0000, 0x0000, 0x0000, 0x0000, 0x0000, 0x0000,
    0x0000, 0x0000, 0x0000, 0x0000, 0x0000, 0x0000, 0x0000, 0x0000, 0x0000, 0x0000, 0x0000, 0x0000, 0x0000, 0x0000, 0x0000, 0x0000,
    0x0000, 0x0000, 0x0000, 0x0000, 0x0000, 0x0000, 0x0000, 0x0000, 0x0000, 0x0000, 0x0000, 0x0000, 0x0000, 0x0000, 0x0000, 0x0000,
    0x0000, 0x0000, 0x0000, 0x0000, 0x0000, 0x0000, 0x0000, 0x0000, 0x0000, 0x0000, 0x0000, 0x0000, 0x0000, 0x0000, 0x0000, 0x0000,
    0x0000, 0x0000, 0x0000, 0x0000, 0x0000, 0x0000, 0x0000, 0x0000, 0x0000, 0x0000, 0x0000, 0x0000, 0x0000, 0x0000, 0x0000, 0x0000,
    0x0000, 0x0000, 0x0000, 0x0000, 0x0000, 0x0000, 0x0000, 0x0000, 0x0000, 0x0000, 0x0000, 0x0000, 0x0000, 0x0000, 0x0000, 0x0000,
    0x0000, 0x0000, 0x0000, 0x0000, 0x0000, 0x0000, 0x0000, 0x0000, 0x0000, 0x0000, 0x0000, 0x0000, 0x0000, 0x0000, 0x0000, 0x0000,
    0x0000, 0x0000, 0x0000, 0x0000, 0x0000, 0x0000, 0x0000, 0x0000, 0x0000, 0x0000, 0x0000, 0x0000, 0x0000, 0x0000, 0x0000, 0x0000,
    0x0000, 0x0000, 0x0000, 0x0000, 0x0000, 0x0000, 0x0000, 0x0000, 0x0000, 0x0000, 0x0000, 0x0000, 0x0000, 0x0000, 0x0000, 0x0000,
    0x0000, 0x0000, 0x0000, 0x0000, 0x0000, 0x0000, 0x0000, 0x0000, 0x0000, 0x0000, 0x0000, 0x0000, 0x0000, 0x0000, 0x0000, 0x0000,
    0x0000, 0x0000, 0x0000, 0x0000, 0x0000, 0x0000, 0x0000, 0x0000, 0x0000, 0x0000, 0x0000, 0x0000, 0x0000, 0x0000, 0x0000, 0x0000,
    0x0000, 0x0000, 0x0000, 0x0000, 0x0000, 0x0000, 0x0000, 0x0000, 0x0000, 0x0000, 0x0000, 0x0000, 0x0000, 0x0000, 0x0000, 0x0000,
    0x0000, 0x0000, 0x0000, 0x0000, 0x0000, 0x0000, 0x0000, 0x0000, 0x0000, 0x0000, 0x0000, 0x0000, 0x0000, 0x0000, 0x0000, 0x0000,
    0x0000, 0x0000, 0x0000, 0x0000, 0x0000, 0x0000, 0x0000, 0x0000, 0x0000, 0x0000, 0x0000, 0x0000, 0x0000, 0x0000, 0x0000, 0x0000,
    0x0000, 0x0000, 0x0000, 0x0000, 0x0000, 0x0000, 0x0000, 0x0000, 0x0000, 0x0000, 0x0000, 0x0000, 0x0000, 0x0000, 0x0000, 0x0000,
    0x0000, 0x0000, 0x0000, 0x0000, 0x0000, 0x0000, 0x0000, 0x0000, 0x0000, 0x0000, 0x0000, 0x0000, 0x0000, 0x0000, 0x0000, 0x0000,
    0x0000, 0x0000, 0x0000, 0x0000, 0x0000, 0x0000, 0x0000, 0x0000, 0x0000, 0x0000, 0x0000, 0x0000, 0x0000, 0x0000, 0x0000, 0x0000,
    0x0000, 0x0000, 0x0000, 0x0000, 0x0000, 0x0000, 0x0000, 0x0000, 0x0000, 0x0000, 0x0000, 0x0000, 0x0000, 0x0000, 0x0000, 0x0000,
    0x0000, 0x0000, 0x0000, 0x0000, 0x0000, 0x0000, 0x0000, 0x0000, 0x0000, 0x0000, 0x0000, 0x0000, 0x0000, 0x0000, 0x0000, 0x0000,
    0x0000, 0x0000, 0x0000, 0x0000, 0x0000, 0x0000, 0x0000, 0x0000, 0x0000, 0x0000, 0x0000, 0x0000, 0x0000, 0x0000, 0x0000, 0x0000,
    0x0000, 0x0000, 0x0000, 0x0000, 0x0000, 0x0000, 0x0000, 0x0000, 0x0000, 0x0000, 0x0000, 0x0000, 0x0000, 0x0000, 0x0000, 0x0000,
    0x0000, 0x0000, 0x0000, 0x0000, 0x0000, 0x0000, 0x0000, 0x0000, 0x0000, 0x0000, 0x0000, 0x0000, 0x0000, 0x0000, 0x0000, 0x0000,
    0x0000, 0x0000, 0x0000, 0x0000, 0x0000, 0x0000, 0x0000, 0x0000, 0x0000, 0x0000, 0x0000, 0x0000, 0x0000, 0x0000, 0x0000, 0x0000,
    0x0000, 0x0000, 0x0000, 0x0000, 0x0000, 0x0000, 0x0000, 0x0000, 0x0000, 0x0000, 0x0000, 0x0000, 0x0000, 0x0000, 0x0000, 0x0000,
    0x0000, 0x0000, 0x0000, 0x0000, 0x0000, 0x0000, 0x0000, 0x0000, 0x0000, 0x0000, 0x0000, 0x0000, 0x0000, 0x0000, 0x0000, 0x0000,
    0x0000, 0x0000, 0x0000, 0x0000, 0x0000, 0x0000, 0x0000, 0x0000, 0x0000, 0x0000, 0x0000, 0x0000, 0x0000, 0x0000, 0x0000, 0x0000,
    0x0000, 0x0000, 0x0000, 0x0000, 0x0000, 0x0000, 0x0000, 0x0000, 0x0000, 0x0000, 0x0000, 0x0000, 0x0000, 0x0000, 0x0000, 0x0000,
    0x0000, 0x0000, 0x0000, 0x0000, 0x0000, 0x0000, 0x0000, 0x0000, 0x0000, 0x0000, 0x0000, 0x0000, 0x0000, 0x0000, 0x0000, 0x0000,
    0x0000, 0x0000, 0x0000, 0x0000, 0x0000, 0x0000, 0x0000, 0x0000, 0x0000, 0x0000, 0x0000, 0x0000, 0x0000, 0x0000, 0x0000, 0x0000,
    0x0000, 0x0000, 0x0000, 0x0000, 0x0000, 0x0000, 0x0000, 0x0000, 0x0000, 0x0000, 0x0000, 0x0000, 0x0000, 0x0000, 0x0000, 0x0000,
    0x0000, 0x0000, 0x0000, 0x0000, 0x0000, 0x0000, 0x0000, 0x0000, 0x0000, 0x0000, 0x0000, 0x0000, 0x0000, 0x0000, 0x0000, 0x0000,
    0x0000, 0x0000, 0x0000, 0x0000, 0x0000, 0x0000, 0x0000, 0x0000, 0x0000, 0x0000, 0x0000, 0x0000, 0x0000, 0x0000, 0x0000, 0x0000,
    0x0000, 0x0000, 0x0000, 0x0000, 0x0000, 0x0000, 0x0000, 0x0000, 0x0000, 0x0000, 0x0000, 0x0000, 0x0000, 0x0000, 0x0000, 0x0000,
    0x0000, 0x0000, 0x0000, 0x0000, 0x0000, 0x0000, 0x0000, 0x0000, 0x0000, 0x0000, 0x0000, 0x0000, 0x0000, 0x0000, 0x0000, 0x0000,
    0x0000, 0x0000, 0x0000, 0x0000, 0x0000, 0x0000, 0x0000, 0x0000, 0x0000, 0x0000, 0x0000, 0x0000, 0x0000, 0x0000, 0x0000, 0x0000,
    0x0000, 0x0000, 0x0000, 0x0000, 0x0000, 0x0000, 0x0000, 0x0000, 0x0000, 0x0000, 0x0000, 0x0000, 0x0000, 0x0000, 0x0000, 0x0000,
    0x0000, 0x0000, 0x0000, 0x0000, 0x0000, 0x0000, 0x0000, 0x0000, 0x0000, 0x0000, 0x0000, 0x0000, 0x0000, 0x0000, 0x0000, 0x0000,
    0x0000, 0x0000, 0x0000, 0x0000, 0x0000, 0x0000, 0x0000, 0x0000, 0x0000, 0x0000, 0x0000, 0x0000, 0x0000, 0x0000, 0x0000, 0x0000,
    0x0000, 0x0000, 0x0000, 0x0000, 0x0000, 0x0000, 0x0000, 0x0000, 0x0000, 0x0000, 0x0000, 0x0000, 0x0000, 0x0000, 0x0000, 0x0000,
    0x0000, 0x0000, 0x0000, 0x0000, 0x0000, 0x0000, 0x0000, 0x0000, 0x0000, 0x0000, 0x0000, 0x0000, 0x0000, 0x0000, 0x0000, 0x0000,
    0x0000, 0x0000, 0x0000, 0x0000, 0x0000, 0x0000, 0x0000, 0x0000, 0x0000, 0x0000, 0x0000, 0x0000, 0x0000, 0x0000, 0x0000, 0x0000,
    0x0000, 0x0000, 0x0000, 0x0000, 0x0000, 0x0000, 0x0000, 0x0000, 0x0000, 0x0000, 0x0000, 0x0000, 0x0000, 0x0000, 0x0000, 0x0000,
    0x0000, 0x0000, 0x0000, 0x0000, 0x0000, 0x0000, 0x0000, 0x0000, 0x0000, 0x0000, 0x0000, 0x0000, 0x0000, 0x0000, 0x0000, 0x0000,
    0x0000, 0x0000, 0x0000, 0x0000, 0x0000, 0x0000, 0x0000, 0x0000, 0x0000, 0x0000, 0x0000, 0x0000, 0x0000, 0x0000, 0x0000, 0x0000,
    0x0000, 0x0000, 0x0000, 0x0000, 0x0000, 0x0000, 0x0000, 0x0000, 0x0000, 0x0000, 0x0000, 0x0000, 0x0000, 0x0000, 0x0000, 0x0000,
    0x0000, 0x0000, 0x0000, 0x0000, 0x0000, 0x0000, 0x0000, 0x0000, 0x0000, 0x0000, 0x0000, 0x0000, 0x0000, 0x0000, 0x0000, 0x0000,
    0x0000, 0x0000, 0x0000, 0x0000, 0x0000, 0x0000, 0x0000, 0x0000, 0x0000, 0x0000, 0x0000, 0x0000, 0x0000, 0x0000, 0x0000, 0x0000,
    0x0000, 0x0000, 0x0000, 0x0000, 0x0000, 0x0000, 0x0000, 0x0000, 0x0000, 0x0000, 0x0000, 0x0000, 0x0000, 0x0000, 0x0000, 0x0000,
    0x0000, 0x0000, 0x0000, 0x0000, 0x0000, 0x0000, 0x0000, 0x0000, 0x0000, 0x0000, 0x0000, 0x0000, 0x0000, 0x0000, 0x0000, 0x0000,
    0x0000, 0x0000, 0x0000, 0x0000, 0x0000, 0x0000, 0x0000, 0x0000, 0x0000, 0x0000, 0x0000, 0x0000, 0x0000, 0x0000, 0x0000, 0x0000,
    0x0000, 0x0000, 0x0000, 0x0000, 0x0000, 0x0000, 0x0000, 0x0000, 0x0000, 0x0000, 0x0000, 0x0000, 0x0000, 0x0000, 0x0000, 0x0000,
    0x0000, 0x0000, 0x0000, 0x0000, 0x0000, 0x0000, 0x0000, 0x0000, 0x0000, 0x0000, 0x0000, 0x0000, 0x0000, 0x0000, 0x0000, 0x0000,
    0x0000, 0x0000, 0x0000, 0x0000, 0x0000, 0x0000, 0x0000, 0x0000, 0x0000, 0x0000, 0x0000, 0x0000, 0x0000, 0x0000, 0x0000, 0x0000,
    0x0000, 0x0000, 0x0000, 0x0000, 0x0000, 0x0000, 0x0000, 0x0000, 0x0000, 0x0000, 0x0000, 0x0000, 0x0000, 0x0000, 0x0000, 0x0000,
    0x0000, 0x0000, 0x0000, 0x0000, 0x0000, 0x0000, 0x0000, 0x0000, 0x0000, 0x0000, 0x0000, 0x0000, 0x0000, 0x0000, 0x0000, 0x0000,
    0x0000, 0x0000, 0x0000, 0x0000, 0x0000, 0x0000, 0x0000, 0x0000, 0x0000, 0x0000, 0x0000, 0x0000, 0x0000, 0x0000, 0x0000, 0x0000,
    0x0000, 0x0000, 0x0000, 0x0000, 0x0000, 0x0000, 0x0000, 0x0000, 0x0000, 0x0000, 0x0000, 0x0000, 0x0000, 0x0000, 0x0000, 0x0000,
    0x0000, 0x0000, 0x0000, 0x0000, 0x0000, 0x0000, 0x0000, 0x0000, 0x0000, 0x0000, 0x0000, 0x0000, 0x0000, 0x0000, 0x0000, 0x0000,
    0x0000, 0x0000, 0x0000, 0x0000, 0x0000, 0x0000, 0x0000, 0x0000, 0x0000, 0x0000, 0x0000, 0x0000, 0x0000, 0x0000, 0x0000, 0x0000,
    0x0000, 0x0000, 0x0000, 0x0000, 0x0000, 0x0000, 0x0000, 0x0000, 0x0000, 0x0000, 0x0000, 0x0000, 0x0000, 0x0000, 0x0000, 0x0000,
    0x0000, 0x0000, 0x0000, 0x0000, 0x0000, 0x0000, 0x0000, 0x0000, 0x0000, 0x0000, 0x0000, 0x0000, 0x0000, 0x0000, 0x0000, 0x0000,
    0x0000, 0x0000, 0x0000, 0x0000, 0x0000, 0x0000, 0x0000, 0x0000, 0x0000, 0x0000, 0x0000, 0x0000, 0x0000, 0x0000, 0x0000, 0x0000,
    0x0000, 0x0000, 0x0000, 0x0000, 0x0000, 0x0000, 0x0000, 0x0000, 0x0000, 0x0000, 0x0000, 0x0000, 0x0000, 0x0000, 0x0000, 0x0000,
    0x0000, 0x0000, 0x0000, 0x0000, 0x0000, 0x0000, 0x0000, 0x0000, 0x0000, 0x0000, 0x0000, 0x0000, 0x0000, 0x0000, 0x0000, 0x0000,
    0x0000, 0x0000, 0x0000, 0x0000, 0x0000, 0x0000, 0x0000, 0x0000, 0x0000, 0x0000, 0x0000, 0x0000, 0x0000, 0x0000, 0x0000, 0x0000,
    0x0000, 0x0000, 0x0000, 0x0000, 0x0000, 0x0000, 0x0000, 0x0000, 0x0000, 0x0000, 0x0000, 0x0000, 0x0000, 0x0000, 0x0000, 0x0000,
    0x0000, 0x0000, 0x0000, 0x0000, 0x0000, 0x0000, 0x0000, 0x0000, 0x0000, 0x0000, 0x0000, 0x0000, 0x0000, 0x0000, 0x0000, 0x0000,
    0x0000, 0x0000, 0x0000, 0x0000, 0x0000, 0x0000, 0x0000, 0x0000, 0x0000, 0x0000, 0x0000, 0x0000, 0x0000, 0x0000, 0x0000, 0x0000,
    0x0000, 0x0000, 0x0000, 0x0000, 0x0000, 0x0000, 0x0000, 0x0000, 0x0000, 0x0000, 0x0000, 0x0000, 0x0000, 0x0000, 0x0000, 0x0000,
    0x0000, 0x0000, 0x0000, 0x0000, 0x0000, 0x0000, 0x0000, 0x0000, 0x0000, 0x0000, 0x0000, 0x0000, 0x0000, 0x0000, 0x0000, 0x0000,
    0x0000, 0x0000, 0x0000, 0x0000, 0x0000, 0x0000, 0x0000, 0x0000, 0x0000, 0x0000, 0x0000, 0x0000, 0x0000, 0x0000, 0x0000, 0x0000,
    0x0000, 0x0000, 0x0000, 0x0000, 0x0000, 0x0000, 0x0000, 0x0000, 0x0000, 0x0000, 0x0000, 0x0000, 0x0000, 0x0000, 0x0000, 0x0000,
    0x0000, 0x0000, 0x0000, 0x0000, 0x0000, 0x0000, 0x0000, 0x0000, 0x0000, 0x0000, 0x0000, 0x0000, 0x0000, 0x0000, 0x0000, 0x0000,
    0x0000, 0x0000, 0x0000, 0x0000, 0x0000, 0x0000, 0x0000, 0x0000, 0x0000, 0x0000, 0x0000, 0x0000, 0x0000, 0x0000, 0x0000, 0x0000,
    0x0000, 0x0000, 0x0000, 0x0000, 0x0000, 0x0000, 0x0000, 0x0000, 0x0000, 0x0000, 0x0000, 0x0000, 0x0000, 0x0000, 0x0000, 0x0000,
    0x0000, 0x0000, 0x0000, 0x0000, 0x0000, 0x0000, 0x0000, 0x0000, 0x0000, 0x0000, 0x0000, 0x0000, 0x0000, 0x0000, 0x0000, 0x0000,
    0x0000, 0x0000, 0x0000, 0x0000, 0x0000, 0x0000, 0x0000, 0x0000, 0x0000, 0x0000, 0x0000, 0x0000, 0x0000, 0x0000, 0x0000, 0x0000,
    0x0000, 0x0000, 0x0000, 0x0000, 0x0000, 0x0000, 0x0000, 0x0000, 0x0000, 0x0000, 0x0000, 0x0000, 0x0000, 0x0000, 0x0000, 0x0000,
    0x0000, 0x0000, 0x0000, 0x0000, 0x0000, 0x0000, 0x0000, 0x0000, 0x0000, 0x0000, 0x0000, 0x0000, 0x0000, 0x0000, 0x0000, 0x0000,
    0x0000, 0x0000, 0x0000, 0x0000, 0x0000, 0x0000, 0x0000, 0x0000, 0x0000, 0x0000, 0x0000, 0x0000, 0x0000, 0x0000, 0x0000, 0x0000,
    0x0000, 0x0000, 0x0000, 0x0000, 0x0000, 0x0000, 0x0000, 0x0000, 0x0000, 0x0000, 0x0000, 0x0000, 0x0000, 0x0000, 0x0000, 0x0000,
    0x0000, 0x0000, 0x0000, 0x0000, 0x0000, 0x0000, 0x0000, 0x0000, 0x0000, 0x0000, 0x0000, 0x0000, 0x0000, 0x0000, 0x0000, 0x0000,
    0x0000, 0x0000, 0x0000, 0x0000, 0x0000, 0x0000, 0x0000, 0x0000, 0x0000, 0x0000, 0x0000, 0x0000, 0x0000, 0x0000, 0x0000, 0x0000,
    0x0000, 0x0000, 0x0000, 0x0000, 0x0000, 0x0000, 0x0000, 0x0000, 0x0000, 0x0000, 0x0000, 0x0000, 0x0000, 0x0000, 0x0000, 0x0000,
    0x0000, 0x0000, 0x0000, 0x0000, 0x0000, 0x0000, 0x0000, 0x0000, 0x0000, 0x0000, 0x0000, 0x0000, 0x0000, 0x0000, 0x0000, 0x0000,
    0x0000, 0x0000, 0x0000, 0x0000, 0x0000, 0x0000, 0x0000, 0x0000, 0x0000, 0x0000, 0x0000, 0x0000, 0x0000, 0x0000, 0x0000, 0x0000,
    0x0000, 0x0000, 0x0000, 0x0000, 0x0000, 0x0000, 0x0000, 0x0000, 0x0000, 0x0000, 0x0000, 0x0000, 0x0000, 0x0000, 0x0000, 0x0000,
    0x0000, 0x0000, 0x0000, 0x0000, 0x0000, 0x0000, 0x0000, 0x0000, 0x0000, 0x0000, 0x0000, 0x0000, 0x0000, 0x0000, 0x0000, 0x0000,
    0x0000, 0x0000, 0x0000, 0x0000, 0x0000, 0x0000, 0x0000, 0x0000, 0x0000, 0x0000, 0x0000, 0x0000, 0x0000, 0x0000, 0x0000, 0x0000,
    0x0000, 0x0000, 0x0000, 0x0000, 0x0000, 0x0000, 0x0000, 0x0000, 0x0000, 0x0000, 0x0000, 0x0000, 0x0000, 0x0000, 0x0000, 0x0000,
    0x0000, 0x0000, 0x0000, 0x0000, 0x0000, 0x0000, 0x0000, 0x0000, 0x0000, 0x0000, 0x0000, 0x0000, 0x0000, 0x0000, 0x0000, 0x0000,
    0x0000, 0x0000, 0x0000, 0x0000, 0x0000, 0x0000, 0x0000, 0x0000, 0x0000, 0x0000, 0x0000, 0x0000, 0x0000, 0x0000, 0x0000, 0x0000,
    0x0000, 0x0000, 0x0000, 0x0000, 0x0000, 0x0000, 0x0000, 0x0000, 0x0000, 0x0000, 0x0000, 0x0000, 0x0000, 0x0000, 0x0000, 0x0000,
    0x0000, 0x0000, 0x0000, 0x0000, 0x0000, 0x0000, 0x0000, 0x0000, 0x0000, 0x0000, 0x0000, 0x0000, 0x0000, 0x0000, 0x0000, 0x0000,
    0x0000, 0x0000, 0x0000, 0x0000, 0x0000, 0x0000, 0x0000, 0x0000, 0x0000, 0x0000, 0x0000, 0x0000, 0x0000, 0x0000, 0x0000, 0x0000,
    0x0000, 0x0000, 0x0000, 0x0000, 0x0000, 0x0000, 0x0000, 0x0000, 0x0000, 0x0000, 0x0000, 0x0000, 0x0000, 0x0000, 0x0000, 0x0000,
    0x0000, 0x0000, 0x0000, 0x0000, 0x0000, 0x0000, 0x0000, 0x0000, 0x0000, 0x0000, 0x0000, 0x0000, 0x0000, 0x0000, 0x0000, 0x0000,
    0x0000, 0x0000, 0x0000, 0x0000, 0x0000, 0x0000, 0x0000, 0x0000, 0x0000, 0x0000, 0x0000, 0x0000, 0x0000, 0x0000, 0x0000, 0x0000,
    0x0000, 0x0000, 0x0000, 0x0000, 0x0000, 0x0000, 0x0000, 0x0000, 0x0000, 0x0000, 0x0000, 0x0000, 0x0000, 0x0000, 0x0000, 0x0000,
    0x0000, 0x0000, 0x0000, 0x0000, 0x0000, 0x0000, 0x0000, 0x0000, 0x0000, 0x0000, 0x0000, 0x0000, 0x0000, 0x0000, 0x0000, 0x0000,
    0x0000, 0x0000, 0x0000, 0x0000, 0x0000, 0x0000, 0x0000, 0x0000, 0x0000, 0x0000, 0x0000, 0x0000, 0x0000, 0x0000, 0x0000, 0x0000,
    0x0000, 0x0000, 0x0000, 0x0000, 0x0000, 0x0000, 0x0000, 0x0000, 0x0000, 0x0000, 0x0000, 0x0000, 0x0000, 0x0000, 0x0000, 0x0000,
    0x0000, 0x0000, 0x0000, 0x0000, 0x0000, 0x0000, 0x0000, 0x0000, 0x0000, 0x0000, 0x0000, 0x0000, 0x0000, 0x0000, 0x0000, 0x0000,
    0x0000, 0x0000, 0x0000, 0x0000, 0x0000, 0x0000, 0x0000, 0x0000, 0x0000, 0x0000, 0x0000, 0x0000, 0x0000, 0x0000, 0x0000, 0x0000,
    0x0000, 0x0000, 0x0000, 0x0000, 0x0000, 0x0000, 0x0000, 0x0000, 0x0000, 0x0000, 0x0000, 0x0000, 0x0000, 0x0000, 0x0000, 0x0000,
    0x0000, 0x0000, 0x0000, 0x0000, 0x0000, 0x0000, 0x0000, 0x0000, 0x0000, 0x0000, 0x0000, 0x0000, 0x0000, 0x0000, 0x0000, 0x0000,
    0x0000, 0x0000, 0x0000, 0x0000, 0x0000, 0x0000, 0x0000, 0x0000, 0x0000, 0x0000, 0x0000, 0x0000, 0x0000, 0x0000, 0x0000, 0x0000,
    0x0000, 0x0000, 0x0000, 0x0000, 0x0000, 0x0000, 0x0000, 0x0000, 0x0000, 0x0000, 0x0000, 0x0000, 0x0000, 0x0000, 0x0000, 0x0000,
    0x0000, 0x0000, 0x0000, 0x0000, 0x0000, 0x0000, 0x0000, 0x0000, 0x0000, 0x0000, 0x0000, 0x0000, 0x0000, 0x0000, 0x0000, 0x0000,
    0x0000, 0x0000, 0x0000, 0x0000, 0x0000, 0x0000, 0x0000, 0x0000, 0x0000, 0x0000, 0x0000, 0x0000, 0x0000, 0x0000, 0x0000, 0x0000,
    0x0000, 0x0000, 0x0000, 0x0000, 0x0000, 0x0000, 0x0000, 0x0000, 0x0000, 0x0000, 0x0000, 0x0000, 0x0000, 0x0000, 0x0000, 0x0000,
    0x0000, 0x0000, 0x0000, 0x0000, 0x0000, 0x0000, 0x0000, 0x0000, 0x0000, 0x0000, 0x0000, 0x0000, 0x0000, 0x0000, 0x0000, 0x0000,
    0x0000, 0x0000, 0x0000, 0x0000, 0x0000, 0x0000, 0x0000, 0x0000, 0x0000, 0x0000, 0x0000, 0x0000, 0x0000, 0x0000, 0x0000, 0x0000,
    0x0000, 0x0000, 0x0000, 0x0000, 0x0000, 0x0000, 0x0000, 0x0000, 0x0000, 0x0000, 0x0000, 0x0000, 0x0000, 0x0000, 0x0000, 0x0000,
    0x0000, 0x0000, 0x0000, 0x0000, 0x0000, 0x0000, 0x0000, 0x0000, 0x0000, 0x0000, 0x0000, 0x0000, 0x0000, 0x0000, 0x0000, 0x0000,
    0x0000, 0x0000, 0x0000, 0x0000, 0x0000, 0x0000, 0x0000, 0x0000, 0x0000, 0x0000, 0x0000, 0x0000, 0x0000, 0x0000, 0x0000, 0x0000,
    0x0000, 0x0000, 0x0000, 0x0000, 0x0000, 0x0000, 0x0000, 0x0000, 0x0000, 0x0000, 0x0000, 0x0000, 0x0000, 0x0000, 0x0000, 0x0000,
    0x0000, 0x0000, 0x0000, 0x0000, 0x0000, 0x0000, 0x0000, 0x0000, 0x0000, 0x0000, 0x0000, 0x0000, 0x0000, 0x0000, 0x0000, 0x0000,
    0x0000, 0x0000, 0x0000, 0x0000, 0x0000, 0x0000, 0x0000, 0x0000, 0x0000, 0x0000, 0x0000, 0x0000, 0x0000, 0x0000, 0x0000, 0x0000,
    0x0000, 0x0000, 0x0000, 0x0000, 0x0000, 0x0000, 0x0000, 0x0000, 0x0000, 0x0000, 0x0000, 0x0000, 0x0000, 0x0000, 0x0000, 0x0000,
    0x0000, 0x0000, 0x0000, 0x0000, 0x0000, 0x0000, 0x0000, 0x0000, 0x0000, 0x0000, 0x0000, 0x0000, 0x0000, 0x0000, 0x0000, 0x0000,
    0x0000, 0x0000, 0x0000, 0x0000, 0x0000, 0x0000, 0x0000, 0x0000, 0x0000, 0x0000, 0x0000, 0x0000, 0x0000, 0x0000, 0x0000, 0x0000,
    0x0000, 0x0000, 0x0000, 0x0000, 0x0000, 0x0000, 0x0000, 0x0000, 0x0000, 0x0000, 0x0000, 0x0000, 0x0000, 0x0000, 0x0000, 0x0000,
    0x0000, 0x0000, 0x0000, 0x0000, 0x0000, 0x0000, 0x0000, 0x0000, 0x0000, 0x0000, 0x0000, 0x0000, 0x0000, 0x0000, 0x0000, 0x0000,
    0x0000, 0x0000, 0x0000, 0x0000, 0x0000, 0x0000, 0x0000, 0x0000, 0x0000, 0x0000, 0x0000, 0x0000, 0x0000, 0x0000, 0x0000, 0x0000,
    0x0000, 0x0000, 0x0000, 0x0000, 0x0000, 0x0000, 0x0000, 0x0000, 0x0000, 0x0000, 0x0000, 0x0000, 0x0000, 0x0000, 0x0000, 0x0000,
    0x0000, 0x0000, 0x0000, 0x0000, 0x0000, 0x0000, 0x0000, 0x0000, 0x0000, 0x0000, 0x0000, 0x0000, 0x0000, 0x0000, 0x0000, 0x0000,
    0x0000, 0x0000, 0x0000, 0x0000, 0x0000, 0x0000, 0x0000, 0x0000, 0x0000, 0x0000, 0x0000, 0x0000, 0x0000, 0x0000, 0x0000, 0x0000,
    0x0000, 0x0000, 0x0000, 0x0000, 0x0000, 0x0000, 0x0000, 0x0000, 0x0000, 0x0000, 0x0000, 0x0000, 0x0000, 0x0000, 0x0000, 0x0000,
    0x0000, 0x0000, 0x0000, 0x0000, 0x0000, 0x0000, 0x0000, 0x0000, 0x0000, 0x0000, 0x0000, 0x0000, 0x0000, 0x0000, 0x0000, 0x0000,
    0x0000, 0x0000, 0x0000, 0x0000, 0x0000, 0x0000, 0x0000, 0x0000, 0x0000, 0x0000, 0x0000, 0x0000, 0x0000, 0x0000, 0x0000, 0x0000,
    0x0000, 0x0000, 0x0000, 0x0000, 0x0000, 0x0000, 0x0000, 0x0000, 0x0000, 0x0000, 0x0000, 0x0000, 0x0000, 0x0000, 0x0000, 0x0000,
    0x0000, 0x0000, 0x0000, 0x0000, 0x0000, 0x0000, 0x0000, 0x0000, 0x0000, 0x0000, 0x0000, 0x0000, 0x0000, 0x0000, 0x0000, 0x0000,
    0x0000, 0x0000, 0x0000, 0x0000, 0x0000, 0x0000, 0x0000, 0x0000, 0x0000, 0x0000, 0x0000, 0x0000, 0x0000, 0x0000, 0x0000, 0x0000,
    0x0000, 0x0000, 0x0000, 0x0000, 0x0000, 0x0000, 0x0000, 0x0000, 0x0000, 0x0000, 0x0000, 0x0000, 0x0000, 0x0000, 0x0000, 0x0000,
    0x0000, 0x0000, 0x0000, 0x0000, 0x0000, 0x0000, 0x0000, 0x0000, 0x0000, 0x0000, 0x0000, 0x0000, 0x0000, 0x0000, 0x0000, 0x0000,
    0x0000, 0x0000, 0x0000, 0x0000, 0x0000, 0x0000, 0x0000, 0x0000, 0x0000, 0x0000, 0x0000, 0x0000, 0x0000, 0x0000, 0x0000, 0x0000,
    0x0000, 0x0000, 0x0000, 0x0000, 0x0000, 0x0000, 0x0000, 0x0000, 0x0000, 0x0000, 0x0000, 0x0000, 0x0000, 0x0000, 0x0000, 0x0000,
    0x0000, 0x0000, 0x0000, 0x0000, 0x0000, 0x0000, 0x0000, 0x0000, 0x0000, 0x0000, 0x0000, 0x0000, 0x0000, 0x0000, 0x0000, 0x0000,
    0x0000, 0x0000, 0x0000, 0x0000, 0x0000, 0x0000, 0x0000, 0x0000, 0x0000, 0x0000, 0x0000, 0x0000, 0x0000, 0x0000, 0x0000, 0x0000,
    0x0000, 0x0000, 0x0000, 0x0000, 0x0000, 0x0000, 0x0000, 0x0000, 0x0000, 0x0000, 0x0000, 0x0000, 0x0000, 0x0000, 0x0000, 0x0000,
    0x0000, 0x0000, 0x0000, 0x0000, 0x0000, 0x0000, 0x0000, 0x0000, 0x0000, 0x0000, 0x0000, 0x0000, 0x0000, 0x0000, 0x0000, 0x0000,
    0x0000, 0x0000, 0x0000, 0x0000, 0x0000, 0x0000, 0x0000, 0x0000, 0x0000, 0x0000, 0x0000, 0x0000, 0x0000, 0x0000, 0x0000, 0x0000,
    0x0000, 0x0000, 0x0000, 0x0000, 0x0000, 0x0000, 0x0000, 0x0000, 0x0000, 0x0000, 0x0000, 0x0000, 0x0000, 0x0000, 0x0000, 0x0000,
    0x0000, 0x0000, 0x0000, 0x0000, 0x0000, 0x0000, 0x0000, 0x0000, 0x0000, 0x0000, 0x0000, 0x0000, 0x0000, 0x0000, 0x0000, 0x0000,
    0x0000, 0x0000, 0x0000, 0x0000, 0x0000, 0x0000, 0x0000, 0x0000, 0x0000, 0x0000, 0x0000, 0x0000, 0x0000, 0x0000, 0x0000, 0x0000,
    0x0000, 0x0000, 0x0000, 0x0000, 0x0000, 0x0000, 0x0000, 0x0000, 0x0000, 0x0000, 0x0000, 0x0000, 0x0000, 0x0000, 0x0000, 0x0000,
    0x0000, 0x0000, 0x0000, 0x0000, 0x0000, 0x0000, 0x0000, 0x0000, 0x0000, 0x0000, 0x0000, 0x0000, 0x0000, 0x0000, 0x0000, 0x0000,
    0x0000, 0x0000, 0x0000, 0x0000, 0x0000, 0x0000, 0x0000, 0x0000, 0x0000, 0x0000, 0x0000, 0x0000, 0x0000, 0x0000, 0x0000, 0x0000,
    0x0000, 0x0000, 0x0000, 0x0000, 0x0000, 0x0000, 0x0000, 0x0000, 0x0000, 0x0000, 0x0000, 0x0000, 0x0000, 0x0000, 0x0000, 0x0000,
    0x0000, 0x0000, 0x0000, 0x0000, 0x0000, 0x0000, 0x0000, 0x0000, 0x0000, 0x0000, 0x0000, 0x0000, 0x0000, 0x0000, 0x0000, 0x0000,
    0x0000, 0x0000, 0x0000, 0x0000, 0x0000, 0x0000, 0x0000, 0x0000, 0x0000, 0x0000, 0x0000, 0x0000, 0x0000, 0x0000, 0x0000, 0x0000,
    0x0000, 0x0000, 0x0000, 0x0000, 0x0000, 0x0000, 0x0000, 0x0000, 0x0000, 0x0000, 0x0000, 0x0000, 0x0000, 0x0000, 0x0000, 0x0000,
    0x0000, 0x0000, 0x0000, 0x0000, 0x0000, 0x0000, 0x0000, 0x0000, 0x0000, 0x0000, 0x0000, 0x0000, 0x0000, 0x0000, 0x0000, 0x0000,
    0x0000, 0x0000, 0x0000, 0x0000, 0x0000, 0x0000, 0x0000, 0x0000, 0x0000, 0x0000, 0x0000, 0x0000, 0x0000, 0x0000, 0x0000, 0x0000,
    0x0000, 0x0000, 0x0000, 0x0000, 0x0000, 0x0000, 0x0000, 0x0000, 0x0000, 0x0000, 0x0000, 0x0000, 0x0000, 0x0000, 0x0000, 0x0000,
    0x0000, 0x0000, 0x0000, 0x0000, 0x0000, 0x0000, 0x0000, 0x0000, 0x0000, 0x0000, 0x0000, 0x0000, 0x0000, 0x0000, 0x0000, 0x0000,
    0x0000, 0x0000, 0x0000, 0x0000, 0x0000, 0x0000, 0x0000, 0x0000, 0x0000, 0x0000, 0x0000, 0x0000, 0x0000, 0x0000, 0x0000, 0x0000,
    0x0000, 0x0000, 0x0000, 0x0000, 0x0000, 0x0000, 0x0000, 0x0000, 0x0000, 0x0000, 0x0000, 0x0000, 0x0000, 0x0000, 0x0000, 0x0000,
    0x0000, 0x0000, 0x0000, 0x0000, 0x0000, 0x0000, 0x0000, 0x0000, 0x0000, 0x0000, 0x0000, 0x0000, 0x0000, 0x0000, 0x0000, 0x0000,
    0x0000, 0x0000, 0x0000, 0x0000, 0x0000, 0x0000, 0x0000, 0x0000, 0x0000, 0x0000, 0x0000, 0x0000, 0x0000, 0x0000, 0x0000, 0x0000,
    0x0000, 0x0000, 0x0000, 0x0000, 0x0000, 0x0000, 0x0000, 0x0000, 0x0000, 0x0000, 0x0000, 0x0000, 0x0000, 0x0000, 0x0000, 0x0000,
    0x0000, 0x0000, 0x0000, 0x0000, 0x0000, 0x0000, 0x0000, 0x0000, 0x0000, 0x0000, 0x0000, 0x0000, 0x0000, 0x0000, 0x0000, 0x0000,
    0x0000, 0x0000, 0x0000, 0x0000, 0x0000, 0x0000, 0x0000, 0x0000, 0x0000, 0x0000, 0x0000, 0x0000, 0x0000, 0x0000, 0x0000, 0x0000,
    0x0000, 0x0000, 0x0000, 0x0000, 0x0000, 0x0000, 0x0000, 0x0000, 0x0000, 0x0000, 0x0000, 0x0000, 0x0000, 0x0000, 0x0000, 0x0000,
    0x0000, 0x0000, 0x0000, 0x0000, 0x0000, 0x0000, 0x0000, 0x0000, 0x0000, 0x0000, 0x0000, 0x0000, 0x0000, 0x0000, 0x0000, 0x0000,
    0x0000, 0x0000, 0x0000, 0x0000, 0x0000, 0x0000, 0x0000, 0x0000, 0x0000, 0x0000, 0x0000, 0x0000, 0x0000, 0x0000, 0x0000, 0x0000,
    0x0000, 0x0000, 0x0000, 0x0000, 0x0000, 0x0000, 0x0000, 0x0000, 0x0000, 0x0000, 0x0000, 0x0000, 0x0000, 0x0000, 0x0000, 0x0000,
    0x0000, 0x0000, 0x0000, 0x0000, 0x0000, 0x0000, 0x0000, 0x0000, 0x0000, 0x0000, 0x0000, 0x0000, 0x0000, 0x0000, 0x0000, 0x0000,
    0x0000, 0x0000, 0x0000, 0x0000, 0x0000, 0x0000, 0x0000, 0x0000, 0x0000, 0x0000, 0x0000, 0x0000, 0x0000, 0x0000, 0x0000, 0x0000,
    0x0000, 0x0000, 0x0000, 0x0000, 0x0000, 0x0000, 0x0000, 0x0000, 0x0000, 0x0000, 0x0000, 0x0000, 0x0000, 0x0000, 0x0000, 0x0000,
    0x0000, 0x0000, 0x0000, 0x0000, 0x0000, 0x0000, 0x0000, 0x0000, 0x0000, 0x0000, 0x0000, 0x0000, 0x0000, 0x0000, 0x0000, 0x0000,
    0x0000, 0x0000, 0x0000, 0x0000, 0x0000, 0x0000, 0x0000, 0x0000, 0x0000, 0x0000, 0x0000, 0x0000, 0x0000, 0x0000, 0x0000, 0x0000,
    0x0000, 0x0000, 0x0000, 0x0000, 0x0000, 0x0000, 0x0000, 0x0000, 0x0000, 0x0000, 0x0000, 0x0000, 0x0000, 0x0000, 0x0000, 0x0000,
    0x0000, 0x0000, 0x0000, 0x0000, 0x0000, 0x0000, 0x0000, 0x0000, 0x0000, 0x0000, 0x0000, 0x0000, 0x0000, 0x0000, 0x0000, 0x0000,
    0x0000, 0x0000, 0x0000, 0x0000, 0x0000, 0x0000, 0x0000, 0x0000, 0x0000, 0x0000, 0x0000, 0x0000, 0x0000, 0x0000, 0x0000, 0x0000,
    0x0000, 0x0000, 0x0000, 0x0000, 0x0000, 0x0000, 0x0000, 0x0000, 0x0000, 0x0000, 0x0000, 0x0000, 0x0000, 0x0000, 0x0000, 0x0000,
    0x0000, 0x0000, 0x0000, 0x0000, 0x0000, 0x0000, 0x0000, 0x0000, 0x0000, 0x0000, 0x0000, 0x0000, 0x0000, 0x0000, 0x0000, 0x0000,
    0x0000, 0x0000, 0x0000, 0x0000, 0x0000, 0x0000, 0x0000, 0x0000, 0x0000, 0x0000, 0x0000, 0x0000, 0x0000, 0x0000, 0x0000, 0x0000,
    0x0000, 0x0000, 0x0000, 0x0000, 0x0000, 0x0000, 0x0000, 0x0000, 0x0000, 0x0000, 0x0000, 0x0000, 0x0000, 0x0000, 0x0000, 0x0000,
    0x0000, 0x0000, 0x0000, 0x0000, 0x0000, 0x0000, 0x0000, 0x0000, 0x0000, 0x0000, 0x0000, 0x0000, 0x0000, 0x0000, 0x0000, 0x0000,
    0x0000, 0x0000, 0x0000, 0x0000, 0x0000, 0x0000, 0x0000, 0x0000, 0x0000, 0x0000, 0x0000, 0x0000, 0x0000, 0x0000, 0x0000, 0x0000,
    0x0000, 0x0000, 0x0000, 0x0000, 0x0000, 0x0000, 0x0000, 0x0000, 0x0000, 0x0000, 0x0000, 0x0000, 0x0000, 0x0000, 0x0000, 0x0000,
    0x0000, 0x0000, 0x0000, 0x0000, 0x0000, 0x0000, 0x0000, 0x0000, 0x0000, 0x0000, 0x0000, 0x0000, 0x0000, 0x0000, 0x0000, 0x0000,
    0x0000, 0x0000, 0x0000, 0x0000, 0x0000, 0x0000, 0x0000, 0x0000, 0x0000, 0x0000, 0x0000, 0x0000, 0x0000, 0x0000, 0x0000, 0x0000,
    0x0000, 0x0000, 0x0000, 0x0000, 0x0000, 0x0000, 0x0000, 0x0000, 0x0000, 0x0000, 0x0000, 0x0000, 0x0000, 0x0000, 0x0000, 0x0000,
    0x0000, 0x0000, 0x0000, 0x0000, 0x0000, 0x0000, 0x0000, 0x0000, 0x0000, 0x0000, 0x0000, 0x0000, 0x0000, 0x0000, 0x0000, 0x0000,
    0x0000, 0x0000, 0x0000, 0x0000, 0x0000, 0x0000, 0x0000, 0x0000, 0x0000, 0x0000, 0x0000, 0x0000, 0x0000, 0x0000, 0x0000, 0x0000,
    0x0000, 0x0000, 0x0000, 0x0000, 0x0000, 0x0000, 0x0000, 0x0000, 0x0000, 0x0000, 0x0000, 0x0000, 0x0000, 0x0000, 0x0000, 0x0000,
    0x0000, 0x0000, 0x0000, 0x0000, 0x0000, 0x0000, 0x0000, 0x0000, 0x0000, 0x0000, 0x0000, 0x0000, 0x0000, 0x0000, 0x0000, 0x0000,
    0x0000, 0x0000, 0x0000, 0x0000, 0x0000, 0x0000, 0x0000, 0x0000, 0x0000, 0x0000, 0x0000, 0x0000, 0x0000, 0x0000, 0x0000, 0x0000,
    0x0000, 0x0000, 0x0000, 0x0000, 0x0000, 0x0000, 0x0000, 0x0000, 0x0000, 0x0000, 0x0000, 0x0000, 0x0000, 0x0000, 0x0000, 0x0000,
    0x0000, 0x0000, 0x0000, 0x0000, 0x0000, 0x0000, 0x0000, 0x0000, 0x0000, 0x0000, 0x0000, 0x0000, 0x0000, 0x0000, 0x0000, 0x0000,
    0x0000, 0x0000, 0x0000, 0x0000, 0x0000, 0x0000, 0x0000, 0x0000, 0x0000, 0x0000, 0x0000, 0x0000, 0x0000, 0x0000, 0x0000, 0x0000,
    0x0000, 0x0000, 0x0000, 0x0000, 0x0000, 0x0000, 0x0000, 0x0000, 0x0000, 0x0000, 0x0000, 0x0000, 0x0000, 0x0000, 0x0000, 0x0000,
    0x0000, 0x0000, 0x0000, 0x0000, 0x0000, 0x0000, 0x0000, 0x0000, 0x0000, 0x0000, 0x0000, 0x0000, 0x0000, 0x0000, 0x0000, 0x0000,
    0x0000, 0x0000, 0x0000, 0x0000, 0x0000, 0x0000, 0x0000, 0x0000, 0x0000, 0x0000, 0x0000, 0x0000, 0x0000, 0x0000, 0x0000, 0x0000,
    0x0000, 0x0000, 0x0000, 0x0000, 0x0000, 0x0000, 0x0000, 0x0000, 0x0000, 0x0000, 0x0000, 0x0000, 0x0000, 0x0000, 0x0000, 0x0000,
    0x0000, 0x0000, 0x0000, 0x0000, 0x0000, 0x0000, 0x0000, 0x0000, 0x0000, 0x0000, 0x0000, 0x0000, 0x0000, 0x0000, 0x0000, 0x0000,
    0x0000, 0x0000, 0x0000, 0x0000, 0x0000, 0x0000, 0x0000, 0x0000, 0x0000, 0x0000, 0x0000, 0x0000, 0x0000, 0x0000, 0x0000, 0x0000,
    0x0000, 0x0000, 0x0000, 0x0000, 0x0000, 0x0000, 0x0000, 0x0000, 0x0000, 0x0000, 0x0000, 0x0000, 0x0000, 0x0000, 0x0000, 0x0000,
    0x0000, 0x0000, 0x0000, 0x0000, 0x0000, 0x0000, 0x0000, 0x0000, 0x0000, 0x0000, 0x0000, 0x0000, 0x0000, 0x0000, 0x0000, 0x0000,
    0x0000, 0x0000, 0x0000, 0x0000, 0x0000, 0x0000, 0x0000, 0x0000, 0x0000, 0x0000, 0x0000, 0x0000, 0x0000, 0x0000, 0x0000, 0x0000,
    0x0000, 0x0000, 0x0000, 0x0000, 0x0000, 0x0000, 0x0000, 0x0000, 0x0000, 0x0000, 0x0000, 0x0000, 0x0000, 0x0000, 0x0000, 0x0000,
    0x0000, 0x0000, 0x0000, 0x0000, 0x0000, 0x0000, 0x0000, 0x0000, 0x0000, 0x0000, 0x0000, 0x0000, 0x0000, 0x0000, 0x0000, 0x0000,
    0x0000, 0x0000, 0x0000, 0x0000, 0x0000, 0x0000, 0x0000, 0x0000, 0x0000, 0x0000, 0x0000, 0x0000, 0x0000, 0x0000, 0x0000, 0x0000,
    0x0000, 0x0000, 0x0000, 0x0000, 0x0000, 0x0000, 0x0000, 0x0000, 0x0000, 0x0000, 0x0000, 0x0000, 0x0000, 0x0000, 0x0000, 0x0000,
    0x0000, 0x0000, 0x0000, 0x0000, 0x0000, 0x0000, 0x0000, 0x0000, 0x0000, 0x0000, 0x0000, 0x0000, 0x0000, 0x0000, 0x0000, 0x0000,
    0x0000, 0x0000, 0x0000, 0x0000, 0x0000, 0x0000, 0x0000, 0x0000, 0x0000, 0x0000, 0x0000, 0x0000, 0x0000, 0x0000, 0x0000, 0x0000,
    0x0000, 0x0000, 0x0000, 0x0000, 0x0000, 0x0000, 0x0000, 0x0000, 0x0000, 0x0000, 0x0000, 0x0000, 0x0000, 0x0000, 0x0000, 0x0000,
    0x0000, 0x0000, 0x0000, 0x0000, 0x0000, 0x0000, 0x0000, 0x0000, 0x0000, 0x0000, 0x0000, 0x0000, 0x0000, 0x0000, 0x0000, 0x0000,
    0x0000, 0x0000, 0x0000, 0x0000, 0x0000, 0x0000, 0x0000, 0x0000, 0x0000, 0x0000, 0x0000, 0x0000, 0x0000, 0x0000, 0x0000, 0x0000,
    0x0000, 0x0000, 0x0000, 0x0000, 0x0000, 0x0000, 0x0000, 0x0000, 0x0000, 0x0000, 0x0000, 0x0000, 0x0000, 0x0000, 0x0000, 0x0000,
    0x0000, 0x0000, 0x0000, 0x0000, 0x0000, 0x0000, 0x0000, 0x0000, 0x0000, 0x0000, 0x0000, 0x0000, 0x0000, 0x0000, 0x0000, 0x0000,
    0x0000, 0x0000, 0x0000, 0x0000, 0x0000, 0x0000, 0x0000, 0x0000, 0x0000, 0x0000, 0x0000, 0x0000, 0x0000, 0x0000, 0x0000, 0x0000,
    0x0000, 0x0000, 0x0000, 0x0000, 0x0000, 0x0000, 0x0000, 0x0000, 0x0000, 0x0000, 0x0000, 0x0000, 0x0000, 0x0000, 0x0000, 0x0000,
    0x0000, 0x0000, 0x0000, 0x0000, 0x0000, 0x0000, 0x0000, 0x0000, 0x0000, 0x0000, 0x0000, 0x0000, 0x0000, 0x0000, 0x0000, 0x0000,
    0x0000, 0x0000, 0x0000, 0x0000, 0x0000, 0x0000, 0x0000, 0x0000, 0x0000, 0x0000, 0x0000, 0x0000, 0x0000, 0x0000, 0x0000, 0x0000,
    0x0000, 0x0000, 0x0000, 0x0000, 0x0000, 0x0000, 0x0000, 0x0000, 0x0000, 0x0000, 0x0000, 0x0000, 0x0000, 0x0000, 0x0000, 0x0000,
    0x0000, 0x0000, 0x0000, 0x0000, 0x0000, 0x0000, 0x0000, 0x0000, 0x0000, 0x0000, 0x0000, 0x0000, 0x0000, 0x0000, 0x0000, 0x0000,
    0x0000, 0x0000, 0x0000, 0x0000, 0x0000, 0x0000, 0x0000, 0x0000, 0x0000, 0x0000, 0x0000, 0x0000, 0x0000, 0x0000, 0x0000, 0x0000,
    0x0000, 0x0000, 0x0000, 0x0000, 0x0000, 0x0000, 0x0000, 0x0000, 0x0000, 0x0000, 0x0000, 0x0000, 0x0000, 0x0000, 0x0000, 0x0000,
    0x0000, 0x0000, 0x0000, 0x0000, 0x0000, 0x0000, 0x0000, 0x0000, 0x0000, 0x0000, 0x0000, 0x0000, 0x0000, 0x0000, 0x0000, 0x0000,
    0x0000, 0x0000, 0x0000, 0x0000, 0x0000, 0x0000, 0x0000, 0x0000, 0x0000, 0x0000, 0x0000, 0x0000, 0x0000, 0x0000, 0x0000, 0x0000,
    0x0000, 0x0000, 0x0000, 0x0000, 0x0000, 0x0000, 0x0000, 0x0000, 0x0000, 0x0000, 0x0000, 0x0000, 0x0000, 0x0000, 0x0000, 0x0000,
    0x0000, 0x0000, 0x0000, 0x0000, 0x0000, 0x0000, 0x0000, 0x0000, 0x0000, 0x0000, 0x0000, 0x0000, 0x0000, 0x0000, 0x0000, 0x0000,
    0x0000, 0x0000, 0x0000, 0x0000, 0x0000, 0x0000, 0x0000, 0x0000, 0x0000, 0x0000, 0x0000, 0x0000, 0x0000, 0x0000, 0x0000, 0x0000,
    0x0000, 0x0000, 0x0000, 0x0000, 0x0000, 0x0000, 0x0000, 0x0000, 0x0000, 0x0000, 0x0000, 0x0000, 0x0000, 0x0000, 0x0000, 0x0000,
    0x0000, 0x0000, 0x0000, 0x0000, 0x0000, 0x0000, 0x0000, 0x0000, 0x0000, 0x0000, 0x0000, 0x0000, 0x0000, 0x0000, 0x0000, 0x0000,
    0x0000, 0x0000, 0x0000, 0x0000, 0x0000, 0x0000, 0x0000, 0x0000, 0x0000, 0x0000, 0x0000, 0x0000, 0x0000, 0x0000, 0x0000, 0x0000,
    0x0000, 0x0000, 0x0000, 0x0000, 0x0000, 0x0000, 0x0000, 0x0000, 0x0000, 0x0000, 0x0000, 0x0000, 0x0000, 0x0000, 0x0000, 0x0000,
    0x0000, 0x0000, 0x0000, 0x0000, 0x0000, 0x0000, 0x0000, 0x0000, 0x0000, 0x0000, 0x0000, 0x0000, 0x0000, 0x0000, 0x0000, 0x0000,
    0x0000, 0x0000, 0x0000, 0x0000, 0x0000, 0x0000, 0x0000, 0x0000, 0x0000, 0x0000, 0x0000, 0x0000, 0x0000, 0x0000, 0x0000, 0x0000,
    0x0000, 0x0000, 0x0000, 0x0000, 0x0000, 0x0000, 0x0000, 0x0000, 0x0000, 0x0000, 0x0000, 0x0000, 0x0000, 0x0000, 0x0000, 0x0000,
    0x0000, 0x0000, 0x0000, 0x0000, 0x0000, 0x0000, 0x0000, 0x0000, 0x0000, 0x0000, 0x0000, 0x0000, 0x0000, 0x0000, 0x0000, 0x0000,
    0x0000, 0x0000, 0x0000, 0x0000, 0x0000, 0x0000, 0x0000, 0x0000, 0x0000, 0x0000, 0x0000, 0x0000, 0x0000, 0x0000, 0x0000, 0x0000,
    0x0000, 0x0000, 0x0000, 0x0000, 0x0000, 0x0000, 0x0000, 0x0000, 0x0000, 0x0000, 0x0000, 0x0000, 0x0000, 0x0000, 0x0000, 0x0000,
    0x0000, 0x0000, 0x0000, 0x0000, 0x0000, 0x0000, 0x0000, 0x0000, 0x0000, 0x0000, 0x0000, 0x0000, 0x0000, 0x0000, 0x0000, 0x0000,
    0x0000, 0x0000, 0x0000, 0x0000, 0x0000, 0x0000, 0x0000, 0x0000, 0x0000, 0x0000, 0x0000, 0x0000, 0x0000, 0x0000, 0x0000, 0x0000,
    0x0000, 0x0000, 0x0000, 0x0000, 0x0000, 0x0000, 0x0000, 0x0000, 0x0000, 0x0000, 0x0000, 0x0000, 0x0000, 0x0000, 0x0000, 0x0000,
    0x0000, 0x0000, 0x0000, 0x0000, 0x0000, 0x0000, 0x0000, 0x0000, 0x0000, 0x0000, 0x0000, 0x0000, 0x0000, 0x0000, 0x0000, 0x0000,
    0x0000, 0x0000, 0x0000, 0x0000, 0x0000, 0x0000, 0x0000, 0x0000, 0x0000, 0x0000, 0x0000, 0x0000, 0x0000, 0x0000, 0x0000, 0x0000,
    0x0000, 0x0000, 0x0000, 0x0000, 0x0000, 0x0000, 0x0000, 0x0000, 0x0000, 0x0000, 0x0000, 0x0000, 0x0000, 0x0000, 0x0000, 0x0000,
    0x0000, 0x0000, 0x0000, 0x0000, 0x0000, 0x0000, 0x0000, 0x0000, 0x0000, 0x0000, 0x0000, 0x0000, 0x0000, 0x0000, 0x0000, 0x0000,
    0x0000, 0x0000, 0x0000, 0x0000, 0x0000, 0x0000, 0x0000, 0x0000, 0x0000, 0x0000, 0x0000, 0x0000, 0x0000, 0x0000, 0x0000, 0x0000,
    0x0000, 0x0000, 0x0000, 0x0000, 0x0000, 0x0000, 0x0000, 0x0000, 0x0000, 0x0000, 0x0000, 0x0000, 0x0000, 0x0000, 0x0000, 0x0000,
    0x0000, 0x0000, 0x0000, 0x0000, 0x0000, 0x0000, 0x0000, 0x0000, 0x0000, 0x0000, 0x0000, 0x0000, 0x0000, 0x0000, 0x0000, 0x0000,
    0x0000, 0x0000, 0x0000, 0x0000, 0x0000, 0x0000, 0x0000, 0x0000, 0x0000, 0x0000, 0x0000, 0x0000, 0x0000, 0x0000, 0x0000, 0x0000,
    0x0000, 0x0000, 0x0000, 0x0000, 0x0000, 0x0000, 0x0000, 0x0000, 0x0000, 0x0000, 0x0000, 0x0000, 0x0000, 0x0000, 0x0000, 0x0000,
    0x0000, 0x0000, 0x0000, 0x0000, 0x0000, 0x0000, 0x0000, 0x0000, 0x0000, 0x0000, 0x0000, 0x0000, 0x0000, 0x0000, 0x0000, 0x0000,
    0x0000, 0x0000, 0x0000, 0x0000, 0x0000, 0x0000, 0x0000, 0x0000, 0x0000, 0x0000, 0x0000, 0x0000, 0x0000, 0x0000, 0x0000, 0x0000,
    0x0000, 0x0000, 0x0000, 0x0000, 0x0000, 0x0000, 0x0000, 0x0000, 0x0000, 0x0000, 0x0000, 0x0000, 0x0000, 0x0000, 0x0000, 0x0000,
    0x0000, 0x0000, 0x0000, 0x0000, 0x0000, 0x0000, 0x0000, 0x0000, 0x0000, 0x0000, 0x0000, 0x0000, 0x0000, 0x0000, 0x0000, 0x0000,
    0x0000, 0x0000, 0x0000, 0x0000, 0x0000, 0x0000, 0x0000, 0x0000, 0x0000, 0x0000, 0x0000, 0x0000, 0x0000, 0x0000, 0x0000, 0x0000,
    0x0000, 0x0000, 0x0000, 0x0000, 0x0000, 0x0000, 0x0000, 0x0000, 0x0000, 0x0000, 0x0000, 0x0000, 0x0000, 0x0000, 0x0000, 0x0000,
    0x0000, 0x0000, 0x0000, 0x0000, 0x0000, 0x0000, 0x0000, 0x0000, 0x0000, 0x0000, 0x0000, 0x0000, 0x0000, 0x0000, 0x0000, 0x0000,
    0x0000, 0x0000, 0x0000, 0x0000, 0x0000, 0x0000, 0x0000, 0x0000, 0x0000, 0x0000, 0x0000, 0x0000, 0x0000, 0x0000, 0x0000, 0x0000,
    0x0000, 0x0000, 0x0000, 0x0000, 0x0000, 0x0000, 0x0000, 0x0000, 0x0000, 0x0000, 0x0000, 0x0000, 0x0000, 0x0000, 0x0000, 0x0000,
    0x0000, 0x0000, 0x0000, 0x0000, 0x0000, 0x0000, 0x0000, 0x0000, 0x0000, 0x0000, 0x0000, 0x0000, 0x0000, 0x0000, 0x0000, 0x0000,
    0x0000, 0x0000, 0x0000, 0x0000, 0x0000, 0x0000, 0x0000, 0x0000, 0x0000, 0x0000, 0x0000, 0x0000, 0x0000, 0x0000, 0x0000, 0x0000,
    0x0000, 0x0000, 0x0000, 0x0000, 0x0000, 0x0000, 0x0000, 0x0000, 0x0000, 0x0000, 0x0000, 0x0000, 0x0000, 0x0000, 0x0000, 0x0000,
    0x0000, 0x0000, 0x0000, 0x0000, 0x0000, 0x0000, 0x0000, 0x0000, 0x0000, 0x0000, 0x0000, 0x0000, 0x0000, 0x0000, 0x0000, 0x0000,
    0x0000, 0x0000, 0x0000, 0x0000, 0x0000, 0x0000, 0x0000, 0x0000, 0x0000, 0x0000, 0x0000, 0x0000, 0x0000, 0x0000, 0x0000, 0x0000,
    0x0000, 0x0000, 0x0000, 0x0000, 0x0000, 0x0000, 0x0000, 0x0000, 0x0000, 0x0000, 0x0000, 0x0000, 0x0000, 0x0000, 0x0000, 0x0000,
    0x0000, 0x0000, 0x0000, 0x0000, 0x0000, 0x0000, 0x0000, 0x0000, 0x0000, 0x0000, 0x0000, 0x0000, 0x0000, 0x0000, 0x0000, 0x0000,
    0x0000, 0x0000, 0x0000, 0x0000, 0x0000, 0x0000, 0x0000, 0x0000, 0x0000, 0x0000, 0x0000, 0x0000, 0x0000, 0x0000, 0x0000, 0x0000,
    0x0000, 0x0000, 0x0000, 0x0000, 0x0000, 0x0000, 0x0000, 0x0000, 0x0000, 0x0000, 0x0000, 0x0000, 0x0000, 0x0000, 0x0000, 0x0000,
    0x0000, 0x0000, 0x0000, 0x0000, 0x0000, 0x0000, 0x0000, 0x0000, 0x0000, 0x0000, 0x0000, 0x0000, 0x0000, 0x0000, 0x0000, 0x0000,
    0x0000, 0x0000, 0x0000, 0x0000, 0x0000, 0x0000, 0x0000, 0x0000, 0x0000, 0x0000, 0x0000, 0x0000, 0x0000, 0x0000, 0x0000, 0x0000,
    0x0000, 0x0000, 0x0000, 0x0000, 0x0000, 0x0000, 0x0000, 0x0000, 0x0000, 0x0000, 0x0000, 0x0000, 0x0000, 0x0000, 0x0000, 0x0000,
    0x0000, 0x0000, 0x0000, 0x0000, 0x0000, 0x0000, 0x0000, 0x0000, 0x0000, 0x0000, 0x0000, 0x0000, 0x0000, 0x0000, 0x0000, 0x0000,
    0x0000, 0x0000, 0x0000, 0x0000, 0x0000, 0x0000, 0x0000, 0x0000, 0x0000, 0x0000, 0x0000, 0x0000, 0x0000, 0x0000, 0x0000, 0x0000,
    0x0000, 0x0000, 0x0000, 0x0000, 0x0000, 0x0000, 0x0000, 0x0000, 0x0000, 0x0000, 0x0000, 0x0000, 0x0000, 0x0000, 0x0000, 0x0000,
    0x0000, 0x0000, 0x0000, 0x0000, 0x0000, 0x0000, 0x0000, 0x0000, 0x0000, 0x0000, 0x0000, 0x0000, 0x0000, 0x0000, 0x0000, 0x0000,
    0x0000, 0x0000, 0x0000, 0x0000, 0x0000, 0x0000, 0x0000, 0x0000, 0x0000, 0x0000, 0x0000, 0x0000, 0x0000, 0x0000, 0x0000, 0x0000,
    0x0000, 0x0000, 0x0000, 0x0000, 0x0000, 0x0000, 0x0000, 0x0000, 0x0000, 0x0000, 0x0000, 0x0000, 0x0000, 0x0000, 0x0000, 0x0000,
    0x0000, 0x0000, 0x0000, 0x0000, 0x0000, 0x0000, 0x0000, 0x0000, 0x0000, 0x0000, 0x0000, 0x0000, 0x0000, 0x0000, 0x0000, 0x0000,
    0x0000, 0x0000, 0x0000, 0x0000, 0x0000, 0x0000, 0x0000, 0x0000, 0x0000, 0x0000, 0x0000, 0x0000, 0x0000, 0x0000, 0x0000, 0x0000,
    0x0000, 0x0000, 0x0000, 0x0000, 0x0000, 0x0000, 0x0000, 0x0000, 0x0000, 0x0000, 0x0000, 0x0000, 0x0000, 0x0000, 0x0000, 0x0000,
    0x0000, 0x0000, 0x0000, 0x0000, 0x0000, 0x0000, 0x0000, 0x0000, 0x0000, 0x0000, 0x0000, 0x0000, 0x0000, 0x0000, 0x0000, 0x0000,
    0x0000, 0x0000, 0x0000, 0x0000, 0x0000, 0x0000, 0x0000, 0x0000, 0x0000, 0x0000, 0x0000, 0x0000, 0x0000, 0x0000, 0x0000, 0x0000,
    0x0000, 0x0000, 0x0000, 0x0000, 0x0000, 0x0000, 0x0000, 0x0000, 0x0000, 0x0000, 0x0000, 0x0000, 0x0000, 0x0000, 0x0000, 0x0000,
    0x0000, 0x0000, 0x0000, 0x0000, 0x0000, 0x0000, 0x0000, 0x0000, 0x0000, 0x0000, 0x0000, 0x0000, 0x0000, 0x0000, 0x0000, 0x0000,
    0x0000, 0x0000, 0x0000, 0x0000, 0x0000, 0x0000, 0x0000, 0x0000, 0x0000, 0x0000, 0x0000, 0x0000, 0x0000, 0x0000, 0x0000, 0x0000,
    0x0000, 0x0000, 0x0000, 0x0000, 0x0000, 0x0000, 0x0000, 0x0000, 0x0000, 0x0000, 0x0000, 0x0000, 0x0000, 0x0000, 0x0000, 0x0000,
    0x0000, 0x0000, 0x0000, 0x0000, 0x0000, 0x0000, 0x0000, 0x0000, 0x0000, 0x0000, 0x0000, 0x0000, 0x0000, 0x0000, 0x0000, 0x0000,
    0x0000, 0x0000, 0x0000, 0x0000, 0x0000, 0x0000, 0x0000, 0x0000, 0x0000, 0x0000, 0x0000, 0x0000, 0x0000, 0x0000, 0x0000, 0x0000,
    0x0000, 0x0000, 0x0000, 0x0000, 0x0000, 0x0000, 0x0000, 0x0000, 0x0000, 0x0000, 0x0000, 0x0000, 0x0000, 0x0000, 0x0000, 0x0000,
    0x0000, 0x0000, 0x0000, 0x0000, 0x0000, 0x0000, 0x0000, 0x0000, 0x0000, 0x0000, 0x0000, 0x0000, 0x0000, 0x0000, 0x0000, 0x0000,
    0x0000, 0x0000, 0x0000, 0x0000, 0x0000, 0x0000, 0x0000, 0x0000, 0x0000, 0x0000, 0x0000, 0x0000, 0x0000, 0x0000, 0x0000, 0x0000,
    0x0000, 0x0000, 0x0000, 0x0000, 0x0000, 0x0000, 0x0000, 0x0000, 0x0000, 0x0000, 0x0000, 0x0000, 0x0000, 0x0000, 0x0000, 0x0000,
    0x0000, 0x0000, 0x0000, 0x0000, 0x0000, 0x0000, 0x0000, 0x0000, 0x0000, 0x0000, 0x0000, 0x0000, 0x0000, 0x0000, 0x0000, 0x0000,
    0x0000, 0x0000, 0x0000, 0x0000, 0x0000, 0x0000, 0x0000, 0x0000, 0x0000, 0x0000, 0x0000, 0x0000, 0x0000, 0x0000, 0x0000, 0x0000,
    0x0000, 0x0000, 0x0000, 0x0000, 0x0000, 0x0000, 0x0000, 0x0000, 0x0000, 0x0000, 0x0000, 0x0000, 0x0000, 0x0000, 0x0000, 0x0000,
    0x0000, 0x0000, 0x0000, 0x0000, 0x0000, 0x0000, 0x0000, 0x0000, 0x0000, 0x0000, 0x0000, 0x0000, 0x0000, 0x0000, 0x0000, 0x0000,
    0x0000, 0x0000, 0x0000, 0x0000, 0x0000, 0x0000, 0x0000, 0x0000, 0x0000, 0x0000, 0x0000, 0x0000, 0x0000, 0x0000, 0x0000, 0x0000,
    0x0000, 0x0000, 0x0000, 0x0000, 0x0000, 0x0000, 0x0000, 0x0000, 0x0000, 0x0000, 0x0000, 0x0000, 0x0000, 0x0000, 0x0000, 0x0000,
    0x0000, 0x0000, 0x0000, 0x0000, 0x0000, 0x0000, 0x0000, 0x0000, 0x0000, 0x0000, 0x0000, 0x0000, 0x0000, 0x0000, 0x0000, 0x0000,
    0x0000, 0x0000, 0x0000, 0x0000, 0x0000, 0x0000, 0x0000, 0x0000, 0x0000, 0x0000, 0x0000, 0x0000, 0x0000, 0x0000, 0x0000, 0x0000,
    0x0000, 0x0000, 0x0000, 0x0000, 0x0000, 0x0000, 0x0000, 0x0000, 0x0000, 0x0000, 0x0000, 0x0000, 0x0000, 0x0000, 0x0000, 0x0000,
    0x0000, 0x0000, 0x0000, 0x0000, 0x0000, 0x0000, 0x0000, 0x0000, 0x0000, 0x0000, 0x0000, 0x0000, 0x0000, 0x0000, 0x0000, 0x0000,
    0x0000, 0x0000, 0x0000, 0x0000, 0x0000, 0x0000, 0x0000, 0x0000, 0x0000, 0x0000, 0x0000, 0x0000, 0x0000, 0x0000, 0x0000, 0x0000,
    0x0000, 0x0000, 0x0000, 0x0000, 0x0000, 0x0000, 0x0000, 0x0000, 0x0000, 0x0000, 0x0000, 0x0000, 0x0000, 0x0000, 0x0000, 0x0000,
    0x0000, 0x0000, 0x0000, 0x0000, 0x0000, 0x0000, 0x0000, 0x0000, 0x0000, 0x0000, 0x0000, 0x0000, 0x0000, 0x0000, 0x0000, 0x0000,
    0x0000, 0x0000, 0x0000, 0x0000, 0x0000, 0x0000, 0x0000, 0x0000, 0x0000, 0x0000, 0x0000, 0x0000, 0x0000, 0x0000, 0x0000, 0x0000,
    0x0000, 0x0000, 0x0000, 0x0000, 0x0000, 0x0000, 0x0000, 0x0000, 0x0000, 0x0000, 0x0000, 0x0000, 0x0000, 0x0000, 0x0000, 0x0000,
    0x0000, 0x0000, 0x0000, 0x0000, 0x0000, 0x0000, 0x0000, 0x0000, 0x0000, 0x0000, 0x0000, 0x0000, 0x0000, 0x0000, 0x0000, 0x0000,
    0x0000, 0x0000, 0x0000, 0x0000, 0x0000, 0x0000, 0x0000, 0x0000, 0x0000, 0x0000, 0x0000, 0x0000, 0x0000, 0x0000, 0x0000, 0x0000,
    0x0000, 0x0000, 0x0000, 0x0000, 0x0000, 0x0000, 0x0000, 0x0000, 0x0000, 0x0000, 0x0000, 0x0000, 0x0000, 0x0000, 0x0000, 0x0000,
    0x0000, 0x0000, 0x0000, 0x0000, 0x0000, 0x0000, 0x0000, 0x0000, 0x0000, 0x0000, 0x0000, 0x0000, 0x0000, 0x0000, 0x0000, 0x0000,
    0x0000, 0x0000, 0x0000, 0x0000, 0x0000, 0x0000, 0x0000, 0x0000, 0x0000, 0x0000, 0x0000, 0x0000, 0x0000, 0x0000, 0x0000, 0x0000,
    0x0000, 0x0000, 0x0000, 0x0000, 0x0000, 0x0000, 0x0000, 0x0000, 0x0000, 0x0000, 0x0000, 0x0000, 0x0000, 0x0000, 0x0000, 0x0000,
    0x0000, 0x0000, 0x0000, 0x0000, 0x0000, 0x0000, 0x0000, 0x0000, 0x0000, 0x0000, 0x0000, 0x0000, 0x0000, 0x0000, 0x0000, 0x0000,
    0x0000, 0x0000, 0x0000, 0x0000, 0x0000, 0x0000, 0x0000, 0x0000, 0x0000, 0x0000, 0x0000, 0x0000, 0x0000, 0x0000, 0x0000, 0x0000,
    0x0000, 0x0000, 0x0000, 0x0000, 0x0000, 0x0000, 0x0000, 0x0000, 0x0000, 0x0000, 0x0000, 0x0000, 0x0000, 0x0000, 0x0000, 0x0000,
    0x0000, 0x0000, 0x0000, 0x0000, 0x0000, 0x0000, 0x0000, 0x0000, 0x0000, 0x0000, 0x0000, 0x0000, 0x0000, 0x0000, 0x0000, 0x0000,
    0x0000, 0x0000, 0x0000, 0x0000, 0x0000, 0x0000, 0x0000, 0x0000, 0x0000, 0x0000, 0x0000, 0x0000, 0x0000, 0x0000, 0x0000, 0x0000,
    0x0000, 0x0000, 0x0000, 0x0000, 0x0000, 0x0000, 0x0000, 0x0000, 0x0000, 0x0000, 0x0000, 0x0000, 0x0000, 0x0000, 0x0000, 0x0000,
    0x0000, 0x0000, 0x0000, 0x0000, 0x0000, 0x0000, 0x0000, 0x0000, 0x0000, 0x0000, 0x0000, 0x0000, 0x0000, 0x0000, 0x0000, 0x0000,
    0x0000, 0x0000, 0x0000, 0x0000, 0x0000, 0x0000, 0x0000, 0x0000, 0x0000, 0x0000, 0x0000, 0x0000, 0x0000, 0x0000, 0x0000, 0x0000,
    0x0000, 0x0000, 0x0000, 0x0000, 0x0000, 0x0000, 0x0000, 0x0000, 0x0000, 0x0000, 0x0000, 0x0000, 0x0000, 0x0000, 0x0000, 0x0000,
    0x0000, 0x0000, 0x0000, 0x0000, 0x0000, 0x0000, 0x0000, 0x0000, 0x0000, 0x0000, 0x0000, 0x0000, 0x0000, 0x0000, 0x0000, 0x0000,
    0x0000, 0x0000, 0x0000, 0x0000, 0x0000, 0x0000, 0x0000, 0x0000, 0x0000, 0x0000, 0x0000, 0x0000, 0x0000, 0x0000, 0x0000, 0x0000,
    0x0000, 0x0000, 0x0000, 0x0000, 0x0000, 0x0000, 0x0000, 0x0000, 0x0000, 0x0000, 0x0000, 0x0000, 0x0000, 0x0000, 0x0000, 0x0000,
    0x0000, 0x0000, 0x0000, 0x0000, 0x0000, 0x0000, 0x0000, 0x0000, 0x0000, 0x0000, 0x0000, 0x0000, 0x0000, 0x0000, 0x0000, 0x0000,
    0x0000, 0x0000, 0x0000, 0x0000, 0x0000, 0x0000, 0x0000, 0x0000, 0x0000, 0x0000, 0x0000, 0x0000, 0x0000, 0x0000, 0x0000, 0x0000,
    0x0000, 0x0000, 0x0000, 0x0000, 0x0000, 0x0000, 0x0000, 0x0000, 0x0000, 0x0000, 0x0000, 0x0000, 0x0000, 0x0000, 0x0000, 0x0000,
    0x0000, 0x0000, 0x0000, 0x0000, 0x0000, 0x0000, 0x0000, 0x0000, 0x0000, 0x0000, 0x0000, 0x0000, 0x0000, 0x0000, 0x0000, 0x0000,
    0x0000, 0x0000, 0x0000, 0x0000, 0x0000, 0x0000, 0x0000, 0x0000, 0x0000, 0x0000, 0x0000, 0x0000, 0x0000, 0x0000, 0x0000, 0x0000,
    0x0000, 0x0000, 0x0000, 0x0000, 0x0000, 0x0000, 0x0000, 0x0000, 0x0000, 0x0000, 0x0000, 0x0000, 0x0000, 0x0000, 0x0000, 0x0000,
    0x0000, 0x0000, 0x0000, 0x0000, 0x0000, 0x0000, 0x0000, 0x0000, 0x0000, 0x0000, 0x0000, 0x0000, 0x0000, 0x0000, 0x0000, 0x0000,
    0x0000, 0x0000, 0x0000, 0x0000, 0x0000, 0x0000, 0x0000, 0x0000, 0x0000, 0x0000, 0x0000, 0x0000, 0x0000, 0x0000, 0x0000, 0x0000,
    0x0000, 0x0000, 0x0000, 0x0000, 0x0000, 0x0000, 0x0000, 0x0000, 0x0000, 0x0000, 0x0000, 0x0000, 0x0000, 0x0000, 0x0000, 0x0000,
    0x0000, 0x0000, 0x0000, 0x0000, 0x0000, 0x0000, 0x0000, 0x0000, 0x0000, 0x0000, 0x0000, 0x0000, 0x0000, 0x0000, 0x0000, 0x0000,
    0x0000, 0x0000, 0x0000, 0x0000, 0x0000, 0x0000, 0x0000, 0x0000, 0x0000, 0x0000, 0x0000, 0x0000, 0x0000, 0x0000, 0x0000, 0x0000,
    0x0000, 0x0000, 0x0000, 0x0000, 0x0000, 0x0000, 0x0000, 0x0000, 0x0000, 0x0000, 0x0000, 0x0000, 0x0000, 0x0000, 0x0000, 0x0000,
    0x0000, 0x0000, 0x0000, 0x0000, 0x0000, 0x0000, 0x0000, 0x0000, 0x0000, 0x0000, 0x0000, 0x0000, 0x0000, 0x0000, 0x0000, 0x0000,
    0x0000, 0x0000, 0x0000, 0x0000, 0x0000, 0x0000, 0x0000, 0x0000, 0x0000, 0x0000, 0x0000, 0x0000, 0x0000, 0x0000, 0x0000, 0x0000,
    0x0000, 0x0000, 0x0000, 0x0000, 0x0000, 0x0000, 0x0000, 0x0000, 0x0000, 0x0000, 0x0000, 0x0000, 0x0000, 0x0000, 0x0000, 0x0000,
    0x0000, 0x0000, 0x0000, 0x0000, 0x0000, 0x0000, 0x0000, 0x0000, 0x0000, 0x0000, 0x0000, 0x0000, 0x0000, 0x0000, 0x0000, 0x0000,
    0x0000, 0x0000, 0x0000, 0x0000, 0x0000, 0x0000, 0x0000, 0x0000, 0x0000, 0x0000, 0x0000, 0x0000, 0x0000, 0x0000, 0x0000, 0x0000,
    0x0000, 0x0000, 0x0000, 0x0000, 0x0000, 0x0000, 0x0000, 0x0000, 0x0000, 0x0000, 0x0000, 0x0000, 0x0000, 0x0000, 0x0000, 0x0000,
    0x0000, 0x0000, 0x0000, 0x0000, 0x0000, 0x0000, 0x0000, 0x0000, 0x0000, 0x0000, 0x0000, 0x0000, 0x0000, 0x0000, 0x0000, 0x0000,
    0x0000, 0x0000, 0x0000, 0x0000, 0x0000, 0x0000, 0x0000, 0x0000, 0x0000, 0x0000, 0x0000, 0x0000, 0x0000, 0x0000, 0x0000, 0x0000,
    0x0000, 0x0000, 0x0000, 0x0000, 0x0000, 0x0000, 0x0000, 0x0000, 0x0000, 0x0000, 0x0000, 0x0000, 0x0000, 0x0000, 0x0000, 0x0000,
    0x0000, 0x0000, 0x0000, 0x0000, 0x0000, 0x0000, 0x0000, 0x0000, 0x0000, 0x0000, 0x0000, 0x0000, 0x0000, 0x0000, 0x0000, 0x0000,
    0x0000, 0x0000, 0x0000, 0x0000, 0x0000, 0x0000, 0x0000, 0x0000, 0x0000, 0x0000, 0x0000, 0x0000, 0x0000, 0x0000, 0x0000, 0x0000,
    0x0000, 0x0000, 0x0000, 0x0000, 0x0000, 0x0000, 0x0000, 0x0000, 0x0000, 0x0000, 0x0000, 0x0000, 0x0000, 0x0000, 0x0000, 0x0000,
    0x0000, 0x0000, 0x0000, 0x0000, 0x0000, 0x0000, 0x0000, 0x0000, 0x0000, 0x0000, 0x0000, 0x0000, 0x0000, 0x0000, 0x0000, 0x0000,
    0x0000, 0x0000, 0x0000, 0x0000, 0x0000, 0x0000, 0x0000, 0x0000, 0x0000, 0x0000, 0x0000, 0x0000, 0x0000, 0x0000, 0x0000, 0x0000,
    0x0000, 0x0000, 0x0000, 0x0000, 0x0000, 0x0000, 0x0000, 0x0000, 0x0000, 0x0000, 0x0000, 0x0000, 0x0000, 0x0000, 0x0000, 0x0000,
    0x0000, 0x0000, 0x0000, 0x0000, 0x0000, 0x0000, 0x0000, 0x0000, 0x0000, 0x0000, 0x0000, 0x0000, 0x0000, 0x0000, 0x0000, 0x0000,
    0x0000, 0x0000, 0x0000, 0x0000, 0x0000, 0x0000, 0x0000, 0x0000, 0x0000, 0x0000, 0x0000, 0x0000, 0x0000, 0x0000, 0x0000, 0x0000,
    0x0000, 0x0000, 0x0000, 0x0000, 0x0000, 0x0000, 0x0000, 0x0000, 0x0000, 0x0000, 0x0000, 0x0000, 0x0000, 0x0000, 0x0000, 0x0000,
    0x0000, 0x0000, 0x0000, 0x0000, 0x0000, 0x0000, 0x0000, 0x0000, 0x0000, 0x0000, 0x0000, 0x0000, 0x0000, 0x0000, 0x0000, 0x0000,
    0x0000, 0x0000, 0x0000, 0x0000, 0x0000, 0x0000, 0x0000, 0x0000, 0x0000, 0x0000, 0x0000, 0x0000, 0x0000, 0x0000, 0x0000, 0x0000,
    0x0000, 0x0000, 0x0000, 0x0000, 0x0000, 0x0000, 0x0000, 0x0000, 0x0000, 0x0000, 0x0000, 0x0000, 0x0000, 0x0000, 0x0000, 0x0000,
    0x0000, 0x0000, 0x0000, 0x0000, 0x0000, 0x0000, 0x0000, 0x0000, 0x0000, 0x0000, 0x0000, 0x0000, 0x0000, 0x0000, 0x0000, 0x0000,
    0x0000, 0x0000, 0x0000, 0x0000, 0x0000, 0x0000, 0x0000, 0x0000, 0x0000, 0x0000, 0x0000, 0x0000, 0x0000, 0x0000, 0x0000, 0x0000,
    0x0000, 0x0000, 0x0000, 0x0000, 0x0000, 0x0000, 0x0000, 0x0000, 0x0000, 0x0000, 0x0000, 0x0000, 0x0000, 0x0000, 0x0000, 0x0000,
    0x0000, 0x0000, 0x0000, 0x0000, 0x0000, 0x0000, 0x0000, 0x0000, 0x0000, 0x0000, 0x0000, 0x0000, 0x0000, 0x0000, 0x0000, 0x0000,
    0x0000, 0x0000, 0x0000, 0x0000, 0x0000, 0x0000, 0x0000, 0x0000, 0x0000, 0x0000, 0x0000, 0x0000, 0x0000, 0x0000, 0x0000, 0x0000,
    0x0000, 0x0000, 0x0000, 0x0000, 0x0000, 0x0000, 0x0000, 0x0000, 0x0000, 0x0000, 0x0000, 0x0000, 0x0000, 0x0000, 0x0000, 0x0000,
    0x0000, 0x0000, 0x0000, 0x0000, 0x0000, 0x0000, 0x0000, 0x0000, 0x0000, 0x0000, 0x0000, 0x0000, 0x0000, 0x0000, 0x0000, 0x0000,
    0x0000, 0x0000, 0x0000, 0x0000, 0x0000, 0x0000, 0x0000, 0x0000, 0x0000, 0x0000, 0x0000, 0x0000, 0x0000, 0x0000, 0x0000, 0x0000,
    0x0000, 0x0000, 0x0000, 0x0000, 0x0000, 0x0000, 0x0000, 0x0000, 0x0000, 0x0000, 0x0000, 0x0000, 0x0000, 0x0000, 0x0000, 0x0000,
    0x0000, 0x0000, 0x0000, 0x0000, 0x0000, 0x0000, 0x0000, 0x0000, 0x0000, 0x0000, 0x0000, 0x0000, 0x0000, 0x0000, 0x0000, 0x0000,
    0x0000, 0x0000, 0x0000, 0x0000, 0x0000, 0x0000, 0x0000, 0x0000, 0x0000, 0x0000, 0x0000, 0x0000, 0x0000, 0x0000, 0x0000, 0x0000,
    0x0000, 0x0000, 0x0000, 0x0000, 0x0000, 0x0000, 0x0000, 0x0000, 0x0000, 0x0000, 0x0000, 0x0000, 0x0000, 0x0000, 0x0000, 0x0000,
    0x0000, 0x0000, 0x0000, 0x0000, 0x0000, 0x0000, 0x0000, 0x0000, 0x0000, 0x0000, 0x0000, 0x0000, 0x0000, 0x0000, 0x0000, 0x0000,
    0x0000, 0x0000, 0x0000, 0x0000, 0x0000, 0x0000, 0x0000, 0x0000, 0x0000, 0x0000, 0x0000, 0x0000, 0x0000, 0x0000, 0x0000, 0x0000,
    0x0000, 0x0000, 0x0000, 0x0000, 0x0000, 0x0000, 0x0000, 0x0000, 0x0000, 0x0000, 0x0000, 0x0000, 0x0000, 0x0000, 0x0000, 0x0000,
    0x0000, 0x0000, 0x0000, 0x0000, 0x0000, 0x0000, 0x0000, 0x0000, 0x0000, 0x0000, 0x0000, 0x0000, 0x0000, 0x0000, 0x0000, 0x0000,
    0x0000, 0x0000, 0x0000, 0x0000, 0x0000, 0x0000, 0x0000, 0x0000, 0x0000, 0x0000, 0x0000, 0x0000, 0x0000, 0x0000, 0x0000, 0x0000,
    0x0000, 0x0000, 0x0000, 0x0000, 0x0000, 0x0000, 0x0000, 0x0000, 0x0000, 0x0000, 0x0000, 0x0000, 0x0000, 0x0000, 0x0000, 0x0000,
    0x0000, 0x0000, 0x0000, 0x0000, 0x0000, 0x0000, 0x0000, 0x0000, 0x0000, 0x0000, 0x0000, 0x0000, 0x0000, 0x0000, 0x0000, 0x0000,
    0x0000, 0x0000, 0x0000, 0x0000, 0x0000, 0x0000, 0x0000, 0x0000, 0x0000, 0x0000, 0x0000, 0x0000, 0x0000, 0x0000, 0x0000, 0x0000,
    0x0000, 0x0000, 0x0000, 0x0000, 0x0000, 0x0000, 0x0000, 0x0000, 0x0000, 0x0000, 0x0000, 0x0000, 0x0000, 0x0000, 0x0000, 0x0000,
    0x0000, 0x0000, 0x0000, 0x0000, 0x0000, 0x0000, 0x0000, 0x0000, 0x0000, 0x0000, 0x0000, 0x0000, 0x0000, 0x0000, 0x0000, 0x0000,
    0x0000, 0x0000, 0x0000, 0x0000, 0x0000, 0x0000, 0x0000, 0x0000, 0x0000, 0x0000, 0x0000, 0x0000, 0x0000, 0x0000, 0x0000, 0x0000,
    0x0000, 0x0000, 0x0000, 0x0000, 0x0000, 0x0000, 0x0000, 0x0000, 0x0000, 0x0000, 0x0000, 0x0000, 0x0000, 0x0000, 0x0000, 0x0000,
    0x0000, 0x0000, 0x0000, 0x0000, 0x0000, 0x0000, 0x0000, 0x0000, 0x0000, 0x0000, 0x0000, 0x0000, 0x0000, 0x0000, 0x0000, 0x0000,
    0x0000, 0x0000, 0x0000, 0x0000, 0x0000, 0x0000, 0x0000, 0x0000, 0x0000, 0x0000, 0x0000, 0x0000, 0x0000, 0x0000, 0x0000, 0x0000,
    0x0000, 0x0000, 0x0000, 0x0000, 0x0000, 0x0000, 0x0000, 0x0000, 0x0000, 0x0000, 0x0000, 0x0000, 0x0000, 0x0000, 0x0000, 0x0000,
    0x0000, 0x0000, 0x0000, 0x0000, 0x0000, 0x0000, 0x0000, 0x0000, 0x0000, 0x0000, 0x0000, 0x0000, 0x0000, 0x0000, 0x0000, 0x0000,
    0x0000, 0x0000, 0x0000, 0x0000, 0x0000, 0x0000, 0x0000, 0x0000, 0x0000, 0x0000, 0x0000, 0x0000, 0x0000, 0x0000, 0x0000, 0x0000,
    0x0000, 0x0000, 0x0000, 0x0000, 0x0000, 0x0000, 0x0000, 0x0000, 0x0000, 0x0000, 0x0000, 0x0000, 0x0000, 0x0000, 0x0000, 0x0000,
    0x0000, 0x0000, 0x0000, 0x0000, 0x0000, 0x0000, 0x0000, 0x0000, 0x0000, 0x0000, 0x0000, 0x0000, 0x0000, 0x0000, 0x0000, 0x0000,
    0x0000, 0x0000, 0x0000, 0x0000, 0x0000, 0x0000, 0x0000, 0x0000, 0x0000, 0x0000, 0x0000, 0x0000, 0x0000, 0x0000, 0x0000, 0x0000,
    0x0000, 0x0000, 0x0000, 0x0000, 0x0000, 0x0000, 0x0000, 0x0000, 0x0000, 0x0000, 0x0000, 0x0000, 0x0000, 0x0000, 0x0000, 0x0000,
    0x0000, 0x0000, 0x0000, 0x0000, 0x0000, 0x0000, 0x0000, 0x0000, 0x0000, 0x0000, 0x0000, 0x0000, 0x0000, 0x0000, 0x0000, 0x0000,
    0x0000, 0x0000, 0x0000, 0x0000, 0x0000, 0x0000, 0x0000, 0x0000, 0x0000, 0x0000, 0x0000, 0x0000, 0x0000, 0x0000, 0x0000, 0x0000,
    0x0000, 0x0000, 0x0000, 0x0000, 0x0000, 0x0000, 0x0000, 0x0000, 0x0000, 0x0000, 0x0000, 0x0000, 0x0000, 0x0000, 0x0000, 0x0000,
    0x0000, 0x0000, 0x0000, 0x0000, 0x0000, 0x0000, 0x0000, 0x0000, 0x0000, 0x0000, 0x0000, 0x0000, 0x0000, 0x0000, 0x0000, 0x0000,
    0x0000, 0x0000, 0x0000, 0x0000, 0x0000, 0x0000, 0x0000, 0x0000, 0x0000, 0x0000, 0x0000, 0x0000, 0x0000, 0x0000, 0x0000, 0x0000,
    0x0000, 0x0000, 0x0000, 0x0000, 0x0000, 0x0000, 0x0000, 0x0000, 0x0000, 0x0000, 0x0000, 0x0000, 0x0000, 0x0000, 0x0000, 0x0000,
    0x0000, 0x0000, 0x0000, 0x0000, 0x0000, 0x0000, 0x0000, 0x0000, 0x0000, 0x0000, 0x0000, 0x0000, 0x0000, 0x0000, 0x0000, 0x0000,
    0x0000, 0x0000, 0x0000, 0x0000, 0x0000, 0x0000, 0x0000, 0x0000, 0x0000, 0x0000, 0x0000, 0x0000, 0x0000, 0x0000, 0x0000, 0x0000,
    0x0000, 0x0000, 0x0000, 0x0000, 0x0000, 0x0000, 0x0000, 0x0000, 0x0000, 0x0000, 0x0000, 0x0000, 0x0000, 0x0000, 0x0000, 0x0000,
    0x0000, 0x0000, 0x0000, 0x0000, 0x0000, 0x0000, 0x0000, 0x0000, 0x0000, 0x0000, 0x0000, 0x0000, 0x0000, 0x0000, 0x0000, 0x0000,
    0x0000, 0x0000, 0x0000, 0x0000, 0x0000, 0x0000, 0x0000, 0x0000, 0x0000, 0x0000, 0x0000, 0x0000, 0x0000, 0x0000, 0x0000, 0x0000,
    0x0000, 0x0000, 0x0000, 0x0000, 0x0000, 0x0000, 0x0000, 0x0000, 0x0000, 0x0000, 0x0000, 0x0000, 0x0000, 0x0000, 0x0000, 0x0000,
    0x0000, 0x0000, 0x0000, 0x0000, 0x0000, 0x0000, 0x0000, 0x0000, 0x0000, 0x0000, 0x0000, 0x0000, 0x0000, 0x0000, 0x0000, 0x0000,
    0x0000, 0x0000, 0x0000, 0x0000, 0x0000, 0x0000, 0x0000, 0x0000, 0x0000, 0x0000, 0x0000, 0x0000, 0x0000, 0x0000, 0x0000, 0x0000,
    0x0000, 0x0000, 0x0000, 0x0000, 0x0000, 0x0000, 0x0000, 0x0000, 0x0000, 0x0000, 0x0000, 0x0000, 0x0000, 0x0000, 0x0000, 0x0000,
    0x0000, 0x0000, 0x0000, 0x0000, 0x0000, 0x0000, 0x0000, 0x0000, 0x0000, 0x0000, 0x0000, 0x0000, 0x0000, 0x0000, 0x0000, 0x0000,
    0x0000, 0x0000, 0x0000, 0x0000, 0x0000, 0x0000, 0x0000, 0x0000, 0x0000, 0x0000, 0x0000, 0x0000, 0x0000, 0x0000, 0x0000, 0x0000,
    0x0000, 0x0000, 0x0000, 0x0000, 0x0000, 0x0000, 0x0000, 0x0000, 0x0000, 0x0000, 0x0000, 0x0000, 0x0000, 0x0000, 0x0000, 0x0000,
    0x0000, 0x0000, 0x0000, 0x0000, 0x0000, 0x0000, 0x0000, 0x0000, 0x0000, 0x0000, 0x0000, 0x0000, 0x0000, 0x0000, 0x0000, 0x0000,
    0x0000, 0x0000, 0x0000, 0x0000, 0x0000, 0x0000, 0x0000, 0x0000, 0x0000, 0x0000, 0x0000, 0x0000, 0x0000, 0x0000, 0x0000, 0x0000,
    0x0000, 0x0000, 0x0000, 0x0000, 0x0000, 0x0000, 0x0000, 0x0000, 0x0000, 0x0000, 0x0000, 0x0000, 0x0000, 0x0000, 0x0000, 0x0000,
    0x0000, 0x0000, 0x0000, 0x0000, 0x0000, 0x0000, 0x0000, 0x0000, 0x0000, 0x0000, 0x0000, 0x0000, 0x0000, 0x0000, 0x0000, 0x0000,
    0x0000, 0x0000, 0x0000, 0x0000, 0x0000, 0x0000, 0x0000, 0x0000, 0x0000, 0x0000, 0x0000, 0x0000, 0x0000, 0x0000, 0x0000, 0x0000,
    0x0000, 0x0000, 0x0000, 0x0000, 0x0000, 0x0000, 0x0000, 0x0000, 0x0000, 0x0000, 0x0000, 0x0000, 0x0000, 0x0000, 0x0000, 0x0000,
    0x0000, 0x0000, 0x0000, 0x0000, 0x0000, 0x0000, 0x0000, 0x0000, 0x0000, 0x0000, 0x0000, 0x0000, 0x0000, 0x0000, 0x0000, 0x0000,
    0x0000, 0x0000, 0x0000, 0x0000, 0x0000, 0x0000, 0x0000, 0x0000, 0x0000, 0x0000, 0x0000, 0x0000, 0x0000, 0x0000, 0x0000, 0x0000,
    0x0000, 0x0000, 0x0000, 0x0000, 0x0000, 0x0000, 0x0000, 0x0000, 0x0000, 0x0000, 0x0000, 0x0000, 0x0000, 0x0000, 0x0000, 0x0000,
    0x0000, 0x0000, 0x0000, 0x0000, 0x0000, 0x0000, 0x0000, 0x0000, 0x0000, 0x0000, 0x0000, 0x0000, 0x0000, 0x0000, 0x0000, 0x0000,
    0x0000, 0x0000, 0x0000, 0x0000, 0x0000, 0x0000, 0x0000, 0x0000, 0x0000, 0x0000, 0x0000, 0x0000, 0x0000, 0x0000, 0x0000, 0x0000,
    0x0000, 0x0000, 0x0000, 0x0000, 0x0000, 0x0000, 0x0000, 0x0000, 0x0000, 0x0000, 0x0000, 0x0000, 0x0000, 0x0000, 0x0000, 0x0000,
    0x0000, 0x0000, 0x0000, 0x0000, 0x0000, 0x0000, 0x0000, 0x0000, 0x0000, 0x0000, 0x0000, 0x0000, 0x0000, 0x0000, 0x0000, 0x0000,
    0x0000, 0x0000, 0x0000, 0x0000, 0x0000, 0x0000, 0x0000, 0x0000, 0x0000, 0x0000, 0x0000, 0x0000, 0x0000, 0x0000, 0x0000, 0x0000,
    0x0000, 0x0000, 0x0000, 0x0000, 0x0000, 0x0000, 0x0000, 0x0000, 0x0000, 0x0000, 0x0000, 0x0000, 0x0000, 0x0000, 0x0000, 0x0000,
    0x0000, 0x0000, 0x0000, 0x0000, 0x0000, 0x0000, 0x0000, 0x0000, 0x0000, 0x0000, 0x0000, 0x0000, 0x0000, 0x0000, 0x0000, 0x0000,
    0x0000, 0x0000, 0x0000, 0x0000, 0x0000, 0x0000, 0x0000, 0x0000, 0x0000, 0x0000, 0x0000, 0x0000, 0x0000, 0x0000, 0x0000, 0x0000,
    0x0000, 0x0000, 0x0000, 0x0000, 0x0000, 0x0000, 0x0000, 0x0000, 0x0000, 0x0000, 0x0000, 0x0000, 0x0000, 0x0000, 0x0000, 0x0000,
    0x0000, 0x0000, 0x0000, 0x0000, 0x0000, 0x0000, 0x0000, 0x0000, 0x0000, 0x0000, 0x0000, 0x0000, 0x0000, 0x0000, 0x0000, 0x0000,
    0x0000, 0x0000, 0x0000, 0x0000, 0x0000, 0x0000, 0x0000, 0x0000, 0x0000, 0x0000, 0x0000, 0x0000, 0x0000, 0x0000, 0x0000, 0x0000,
    0x0000, 0x0000, 0x0000, 0x0000, 0x0000, 0x0000, 0x0000, 0x0000, 0x0000, 0x0000, 0x0000, 0x0000, 0x0000, 0x0000, 0x0000, 0x0000,
    0x0000, 0x0000, 0x0000, 0x0000, 0x0000, 0x0000, 0x0000, 0x0000, 0x0000, 0x0000, 0x0000, 0x0000, 0x0000, 0x0000, 0x0000, 0x0000,
    0x0000, 0x0000, 0x0000, 0x0000, 0x0000, 0x0000, 0x0000, 0x0000, 0x0000, 0x0000, 0x0000, 0x0000, 0x0000, 0x0000, 0x0000, 0x0000,
    0x0000, 0x0000, 0x0000, 0x0000, 0x0000, 0x0000, 0x0000, 0x0000, 0x0000, 0x0000, 0x0000, 0x0000, 0x0000, 0x0000, 0x0000, 0x0000,
    0x0000, 0x0000, 0x0000, 0x0000, 0x0000, 0x0000, 0x0000, 0x0000, 0x0000, 0x0000, 0x0000, 0x0000, 0x0000, 0x0000, 0x0000, 0x0000,
    0x0000, 0x0000, 0x0000, 0x0000, 0x0000, 0x0000, 0x0000, 0x0000, 0x0000, 0x0000, 0x0000, 0x0000, 0x0000, 0x0000, 0x0000, 0x0000,
    0x0000, 0x0000, 0x0000, 0x0000, 0x0000, 0x0000, 0x0000, 0x0000, 0x0000, 0x0000, 0x0000, 0x0000, 0x0000, 0x0000, 0x0000, 0x0000,
    0x0000, 0x0000, 0x0000, 0x0000, 0x0000, 0x0000, 0x0000, 0x0000, 0x0000, 0x0000, 0x0000, 0x0000, 0x0000, 0x0000, 0x0000, 0x0000,
    0x0000, 0x0000, 0x0000, 0x0000, 0x0000, 0x0000, 0x0000, 0x0000, 0x0000, 0x0000, 0x0000, 0x0000, 0x0000, 0x0000, 0x0000, 0x0000,
    0x0000, 0x0000, 0x0000, 0x0000, 0x0000, 0x0000, 0x0000, 0x0000, 0x0000, 0x0000, 0x0000, 0x0000, 0x0000, 0x0000, 0x0000, 0x0000,
    0x0000, 0x0000, 0x0000, 0x0000, 0x0000, 0x0000, 0x0000, 0x0000, 0x0000, 0x0000, 0x0000, 0x0000, 0x0000, 0x0000, 0x0000, 0x0000,
    0x0000, 0x0000, 0x0000, 0x0000, 0x0000, 0x0000, 0x0000, 0x0000, 0x0000, 0x0000, 0x0000, 0x0000, 0x0000, 0x0000, 0x0000, 0x0000,
    0x0000, 0x0000, 0x0000, 0x0000, 0x0000, 0x0000, 0x0000, 0x0000, 0x0000, 0x0000, 0x0000, 0x0000, 0x0000, 0x0000, 0x0000, 0x0000,
    0x0000, 0x0000, 0x0000, 0x0000, 0x0000, 0x0000, 0x0000, 0x0000, 0x0000, 0x0000, 0x0000, 0x0000, 0x0000, 0x0000, 0x0000, 0x0000,
    0x0000, 0x0000, 0x0000, 0x0000, 0x0000, 0x0000, 0x0000, 0x0000, 0x0000, 0x0000, 0x0000, 0x0000, 0x0000, 0x0000, 0x0000, 0x0000,
    0x0000, 0x0000, 0x0000, 0x0000, 0x0000, 0x0000, 0x0000, 0x0000, 0x0000, 0x0000, 0x0000, 0x0000, 0x0000, 0x0000, 0x0000, 0x0000,
    0x0000, 0x0000, 0x0000, 0x0000, 0x0000, 0x0000, 0x0000, 0x0000, 0x0000, 0x0000, 0x0000, 0x0000, 0x0000, 0x0000, 0x0000, 0x0000,
    0x0000, 0x0000, 0x0000, 0x0000, 0x0000, 0x0000, 0x0000, 0x0000, 0x0000, 0x0000, 0x0000, 0x0000, 0x0000, 0x0000, 0x0000, 0x0000,
    0x0000, 0x0000, 0x0000, 0x0000, 0x0000, 0x0000, 0x0000, 0x0000, 0x0000, 0x0000, 0x0000, 0x0000, 0x0000, 0x0000, 0x0000, 0x0000,
    0x0000, 0x0000, 0x0000, 0x0000, 0x0000, 0x0000, 0x0000, 0x0000, 0x0000, 0x0000, 0x0000, 0x0000, 0x0000, 0x0000, 0x0000, 0x0000,
    0x0000, 0x0000, 0x0000, 0x0000, 0x0000, 0x0000, 0x0000, 0x0000, 0x0000, 0x0000, 0x0000, 0x0000, 0x0000, 0x0000, 0x0000, 0x0000,
    0x0000, 0x0000, 0x0000, 0x0000, 0x0000, 0x0000, 0x0000, 0x0000, 0x0000, 0x0000, 0x0000, 0x0000, 0x0000, 0x0000, 0x0000, 0x0000,
    0x0000, 0x0000, 0x0000, 0x0000, 0x0000, 0x0000, 0x0000, 0x0000, 0x0000, 0x0000, 0x0000, 0x0000, 0x0000, 0x0000, 0x0000, 0x0000,
    0x0000, 0x0000, 0x0000, 0x0000, 0x0000, 0x0000, 0x0000, 0x0000, 0x0000, 0x0000, 0x0000, 0x0000, 0x0000, 0x0000, 0x0000, 0x0000,
    0x0000, 0x0000, 0x0000, 0x0000, 0x0000, 0x0000, 0x0000, 0x0000, 0x0000, 0x0000, 0x0000, 0x0000, 0x0000, 0x0000, 0x0000, 0x0000,
    0x0000, 0x0000, 0x0000, 0x0000, 0x0000, 0x0000, 0x0000, 0x0000, 0x0000, 0x0000, 0x0000, 0x0000, 0x0000, 0x0000, 0x0000, 0x0000,
    0x0000, 0x0000, 0x0000, 0x0000, 0x0000, 0x0000, 0x0000, 0x0000, 0x0000, 0x0000, 0x0000, 0x0000, 0x0000, 0x0000, 0x0000, 0x0000,
    0x0000, 0x0000, 0x0000, 0x0000, 0x0000, 0x0000, 0x0000, 0x0000, 0x0000, 0x0000, 0x0000, 0x0000, 0x0000, 0x0000, 0x0000, 0x0000,
    0x0000, 0x0000, 0x0000, 0x0000, 0x0000, 0x0000, 0x0000, 0x0000, 0x0000, 0x0000, 0x0000, 0x0000, 0x0000, 0x0000, 0x0000, 0x0000,
    0x0000, 0x0000, 0x0000, 0x0000, 0x0000, 0x0000, 0x0000, 0x0000, 0x0000, 0x0000, 0x0000, 0x0000, 0x0000, 0x0000, 0x0000, 0x0000,
    0x0000, 0x0000, 0x0000, 0x0000, 0x0000, 0x0000, 0x0000, 0x0000, 0x0000, 0x0000, 0x0000, 0x0000, 0x0000, 0x0000, 0x0000, 0x0000,
    0x0000, 0x0000, 0x0000, 0x0000, 0x0000, 0x0000, 0x0000, 0x0000, 0x0000, 0x0000, 0x0000, 0x0000, 0x0000, 0x0000, 0x0000, 0x0000,
    0x0000, 0x0000, 0x0000, 0x0000, 0x0000, 0x0000, 0x0000, 0x0000, 0x0000, 0x0000, 0x0000, 0x0000, 0x0000, 0x0000, 0x0000, 0x0000,
    0x0000, 0x0000, 0x0000, 0x0000, 0x0000, 0x0000, 0x0000, 0x0000, 0x0000, 0x0000, 0x0000, 0x0000, 0x0000, 0x0000, 0x0000, 0x0000,
    0x0000, 0x0000, 0x0000, 0x0000, 0x0000, 0x0000, 0x0000, 0x0000, 0x0000, 0x0000, 0x0000, 0x0000, 0x0000, 0x0000, 0x0000, 0x0000,
    0x0000, 0x0000, 0x0000, 0x0000, 0x0000, 0x0000, 0x0000, 0x0000, 0x0000, 0x0000, 0x0000, 0x0000, 0x0000, 0x0000, 0x0000, 0x0000,
    0x0000, 0x0000, 0x0000, 0x0000, 0x0000, 0x0000, 0x0000, 0x0000, 0x0000, 0x0000, 0x0000, 0x0000, 0x0000, 0x0000, 0x0000, 0x0000,
    0x0000, 0x0000, 0x0000, 0x0000, 0x0000, 0x0000, 0x0000, 0x0000, 0x0000, 0x0000, 0x0000, 0x0000, 0x0000, 0x0000, 0x0000, 0x0000,
    0x0000, 0x0000, 0x0000, 0x0000, 0x0000, 0x0000, 0x0000, 0x0000, 0x0000, 0x0000, 0x0000, 0x0000, 0x0000, 0x0000, 0x0000, 0x0000,
    0x0000, 0x0000, 0x0000, 0x0000, 0x0000, 0x0000, 0x0000, 0x0000, 0x0000, 0x0000, 0x0000, 0x0000, 0x0000, 0x0000, 0x0000, 0x0000,
    0x0000, 0x0000, 0x0000, 0x0000, 0x0000, 0x0000, 0x0000, 0x0000, 0x0000, 0x0000, 0x0000, 0x0000, 0x0000, 0x0000, 0x0000, 0x0000,
    0x0000, 0x0000, 0x0000, 0x0000, 0x0000, 0x0000, 0x0000, 0x0000, 0x0000, 0x0000, 0x0000, 0x0000, 0x0000, 0x0000, 0x0000, 0x0000,
    0x0000, 0x0000, 0x0000, 0x0000, 0x0000, 0x0000, 0x0000, 0x0000, 0x0000, 0x0000, 0x0000, 0x0000, 0x0000, 0x0000, 0x0000, 0x0000,
    0x0000, 0x0000, 0x0000, 0x0000, 0x0000, 0x0000, 0x0000, 0x0000, 0x0000, 0x0000, 0x0000, 0x0000, 0x0000, 0x0000, 0x0000, 0x0000,
    0x0000, 0x0000, 0x0000, 0x0000, 0x0000, 0x0000, 0x0000, 0x0000, 0x0000, 0x0000, 0x0000, 0x0000, 0x0000, 0x0000, 0x0000, 0x0000,
    0x0000, 0x0000, 0x0000, 0x0000, 0x0000, 0x0000, 0x0000, 0x0000, 0x0000, 0x0000, 0x0000, 0x0000, 0x0000, 0x0000, 0x0000, 0x0000,
    0x0000, 0x0000, 0x0000, 0x0000, 0x0000, 0x0000, 0x0000, 0x0000, 0x0000, 0x0000, 0x0000, 0x0000, 0x0000, 0x0000, 0x0000, 0x0000,
    0x0000, 0x0000, 0x0000, 0x0000, 0x0000, 0x0000, 0x0000, 0x0000, 0x0000, 0x0000, 0x0000, 0x0000, 0x0000, 0x0000, 0x0000, 0x0000,
    0x0000, 0x0000, 0x0000, 0x0000, 0x0000, 0x0000, 0x0000, 0x0000, 0x0000, 0x0000, 0x0000, 0x0000, 0x0000, 0x0000, 0x0000, 0x0000,
    0x0000, 0x0000, 0x0000, 0x0000, 0x0000, 0x0000, 0x0000, 0x0000, 0x0000, 0x0000, 0x0000, 0x0000, 0x0000, 0x0000, 0x0000, 0x0000,
    0x0000, 0x0000, 0x0000, 0x0000, 0x0000, 0x0000, 0x0000, 0x0000, 0x0000, 0x0000, 0x0000, 0x0000, 0x0000, 0x0000, 0x0000, 0x0000,
    0x0000, 0x0000, 0x0000, 0x0000, 0x0000, 0x0000, 0x0000, 0x0000, 0x0000, 0x0000, 0x0000, 0x0000, 0x0000, 0x0000, 0x0000, 0x0000,
    0x0000, 0x0000, 0x0000, 0x0000, 0x0000, 0x0000, 0x0000, 0x0000, 0x0000, 0x0000, 0x0000, 0x0000, 0x0000, 0x0000, 0x0000, 0x0000,
    0x0000, 0x0000, 0x0000, 0x0000, 0x0000, 0x0000, 0x0000, 0x0000, 0x0000, 0x0000, 0x0000, 0x0000, 0x0000, 0x0000, 0x0000, 0x0000,
    0x0000, 0x0000, 0x0000, 0x0000, 0x0000, 0x0000, 0x0000, 0x0000, 0x0000, 0x0000, 0x0000, 0x0000, 0x0000, 0x0000, 0x0000, 0x0000,
    0x0000, 0x0000, 0x0000, 0x0000, 0x0000, 0x0000, 0x0000, 0x0000, 0x0000, 0x0000, 0x0000, 0x0000, 0x0000, 0x0000, 0x0000, 0x0000,
    0x0000, 0x0000, 0x0000, 0x0000, 0x0000, 0x0000, 0x0000, 0x0000, 0x0000, 0x0000, 0x0000, 0x0000, 0x0000, 0x0000, 0x0000, 0x0000,
    0x0000, 0x0000, 0x0000, 0x0000, 0x0000, 0x0000, 0x0000, 0x0000, 0x0000, 0x0000, 0x0000, 0x0000, 0x0000, 0x0000, 0x0000, 0x0000,
    0x0000, 0x0000, 0x0000, 0x0000, 0x0000, 0x0000, 0x0000, 0x0000, 0x0000, 0x0000, 0x0000, 0x0000, 0x0000, 0x0000, 0x0000, 0x0000,
    0x0000, 0x0000, 0x0000, 0x0000, 0x0000, 0x0000, 0x0000, 0x0000, 0x0000, 0x0000, 0x0000, 0x0000, 0x0000, 0x0000, 0x0000, 0x0000,
    0x0000, 0x0000, 0x0000, 0x0000, 0x0000, 0x0000, 0x0000, 0x0000, 0x0000, 0x0000, 0x0000, 0x0000, 0x0000, 0x0000, 0x0000, 0x0000,
    0x0000, 0x0000, 0x0000, 0x0000, 0x0000, 0x0000, 0x0000, 0x0000, 0x0000, 0x0000, 0x0000, 0x0000, 0x0000, 0x0000, 0x0000, 0x0000,
    0x0000, 0x0000, 0x0000, 0x0000, 0x0000, 0x0000, 0x0000, 0x0000, 0x0000, 0x0000, 0x0000, 0x0000, 0x0000, 0x0000, 0x0000, 0x0000,
    0x0000, 0x0000, 0x0000, 0x0000, 0x0000, 0x0000, 0x0000, 0x0000, 0x0000, 0x0000, 0x0000, 0x0000, 0x0000, 0x0000, 0x0000, 0x0000,
    0x0000, 0x0000, 0x0000, 0x0000, 0x0000, 0x0000, 0x0000, 0x0000, 0x0000, 0x0000, 0x0000, 0x0000, 0x0000, 0x0000, 0x0000, 0x0000,
    0x0000, 0x0000, 0x0000, 0x0000, 0x0000, 0x0000, 0x0000, 0x0000, 0x0000, 0x0000, 0x0000, 0x0000, 0x0000, 0x0000, 0x0000, 0x0000,
    0x0000, 0x0000, 0x0000, 0x0000, 0x0000, 0x0000, 0x0000, 0x0000, 0x0000, 0x0000, 0x0000, 0x0000, 0x0000, 0x0000, 0x0000, 0x0000,
    0x0000, 0x0000, 0x0000, 0x0000, 0x0000, 0x0000, 0x0000, 0x0000, 0x0000, 0x0000, 0x0000, 0x0000, 0x0000, 0x0000, 0x0000, 0x0000,
    0x0000, 0x0000, 0x0000, 0x0000, 0x0000, 0x0000, 0x0000, 0x0000, 0x0000, 0x0000, 0x0000, 0x0000, 0x0000, 0x0000, 0x0000, 0x0000,
    0x0000, 0x0000, 0x0000, 0x0000, 0x0000, 0x0000, 0x0000, 0x0000, 0x0000, 0x0000, 0x0000, 0x0000, 0x0000, 0x0000, 0x0000, 0x0000,
    0x0000, 0x0000, 0x0000, 0x0000, 0x0000, 0x0000, 0x0000, 0x0000, 0x0000, 0x0000, 0x0000, 0x0000, 0x0000, 0x0000, 0x0000, 0x0000,
    0x0000, 0x0000, 0x0000, 0x0000, 0x0000, 0x0000, 0x0000, 0x0000, 0x0000, 0x0000, 0x0000, 0x0000, 0x0000, 0x0000, 0x0000, 0x0000,
    0x0000, 0x0000, 0x0000, 0x0000, 0x0000, 0x0000, 0x0000, 0x0000, 0x0000, 0x0000, 0x0000, 0x0000, 0x0000, 0x0000, 0x0000, 0x0000,
    0x0000, 0x0000, 0x0000, 0x0000, 0x0000, 0x0000, 0x0000, 0x0000, 0x0000, 0x0000, 0x0000, 0x0000, 0x0000, 0x0000, 0x0000, 0x0000,
    0x0000, 0x0000, 0x0000, 0x0000, 0x0000, 0x0000, 0x0000, 0x0000, 0x0000, 0x0000, 0x0000, 0x0000, 0x0000, 0x0000, 0x0000, 0x0000,
    0x0000, 0x0000, 0x0000, 0x0000, 0x0000, 0x0000, 0x0000, 0x0000, 0x0000, 0x0000, 0x0000, 0x0000, 0x0000, 0x0000, 0x0000, 0x0000,
    0x0000, 0x0000, 0x0000, 0x0000, 0x0000, 0x0000, 0x0000, 0x0000, 0x0000, 0x0000, 0x0000, 0x0000, 0x0000, 0x0000, 0x0000, 0x0000,
    0x0000, 0x0000, 0x0000, 0x0000, 0x0000, 0x0000, 0x0000, 0x0000, 0x0000, 0x0000, 0x0000, 0x0000, 0x0000, 0x0000, 0x0000, 0x0000,
    0x0000, 0x0000, 0x0000, 0x0000, 0x0000, 0x0000, 0x0000, 0x0000, 0x0000, 0x0000, 0x0000, 0x0000, 0x0000, 0x0000, 0x0000, 0x0000,
    0x0000, 0x0000, 0x0000, 0x0000, 0x0000, 0x0000, 0x0000, 0x0000, 0x0000, 0x0000, 0x0000, 0x0000, 0x0000, 0x0000, 0x0000, 0x0000,
    0x0000, 0x0000, 0x0000, 0x0000, 0x0000, 0x0000, 0x0000, 0x0000, 0x0000, 0x0000, 0x0000, 0x0000, 0x0000, 0x0000, 0x0000, 0x0000,
    0x0000, 0x0000, 0x0000, 0x0000, 0x0000, 0x0000, 0x0000, 0x0000, 0x0000, 0x0000, 0x0000, 0x0000, 0x0000, 0x0000, 0x0000, 0x0000,
    0x0000, 0x0000, 0x0000, 0x0000, 0x0000, 0x0000, 0x0000, 0x0000, 0x0000, 0x0000, 0x0000, 0x0000, 0x0000, 0x0000, 0x0000, 0x0000,
    0x0000, 0x0000, 0x0000, 0x0000, 0x0000, 0x0000, 0x0000, 0x0000, 0x0000, 0x0000, 0x0000, 0x0000, 0x0000, 0x0000, 0x0000, 0x0000,
    0x0000, 0x0000, 0x0000, 0x0000, 0x0000, 0x0000, 0x0000, 0x0000, 0x0000, 0x0000, 0x0000, 0x0000, 0x0000, 0x0000, 0x0000, 0x0000,
    0x0000, 0x0000, 0x0000, 0x0000, 0x0000, 0x0000, 0x0000, 0x0000, 0x0000, 0x0000, 0x0000, 0x0000, 0x0000, 0x0000, 0x0000, 0x0000,
    0x0000, 0x0000, 0x0000, 0x0000, 0x0000, 0x0000, 0x0000, 0x0000, 0x0000, 0x0000, 0x0000, 0x0000, 0x0000, 0x0000, 0x0000, 0x0000,
    0x0000, 0x0000, 0x0000, 0x0000, 0x0000, 0x0000, 0x0000, 0x0000, 0x0000, 0x0000, 0x0000, 0x0000, 0x0000, 0x0000, 0x0000, 0x0000,
    0x0000, 0x0000, 0x0000, 0x0000, 0x0000, 0x0000, 0x0000, 0x0000, 0x0000, 0x0000, 0x0000, 0x0000, 0x0000, 0x0000, 0x0000, 0x0000,
    0x0000, 0x0000, 0x0000, 0x0000, 0x0000, 0x0000, 0x0000, 0x0000, 0x0000, 0x0000, 0x0000, 0x0000, 0x0000, 0x0000, 0x0000, 0x0000,
    0x0000, 0x0000, 0x0000, 0x0000, 0x0000, 0x0000, 0x0000, 0x0000, 0x0000, 0x0000, 0x0000, 0x0000, 0x0000, 0x0000, 0x0000, 0x0000,
    0x0000, 0x0000, 0x0000, 0x0000, 0x0000, 0x0000, 0x0000, 0x0000, 0x0000, 0x0000, 0x0000, 0x0000, 0x0000, 0x0000, 0x0000, 0x0000,
    0x0000, 0x0000, 0x0000, 0x0000, 0x0000, 0x0000, 0x0000, 0x0000, 0x0000, 0x0000, 0x0000, 0x0000, 0x0000, 0x0000, 0x0000, 0x0000,
    0x0000, 0x0000, 0x0000, 0x0000, 0x0000, 0x0000, 0x0000, 0x0000, 0x0000, 0x0000, 0x0000, 0x0000, 0x0000, 0x0000, 0x0000, 0x0000,
    0x0000, 0x0000, 0x0000, 0x0000, 0x0000, 0x0000, 0x0000, 0x0000, 0x0000, 0x0000, 0x0000, 0x0000, 0x0000, 0x0000, 0x0000, 0x0000,
    0x0000, 0x0000, 0x0000, 0x0000, 0x0000, 0x0000, 0x0000, 0x0000, 0x0000, 0x0000, 0x0000, 0x0000, 0x0000, 0x0000, 0x0000, 0x0000,
    0x0000, 0x0000, 0x0000, 0x0000, 0x0000, 0x0000, 0x0000, 0x0000, 0x0000, 0x0000, 0x0000, 0x0000, 0x0000, 0x0000, 0x0000, 0x0000,
    0x0000, 0x0000, 0x0000, 0x0000, 0x0000, 0x0000, 0x0000, 0x0000, 0x0000, 0x0000, 0x0000, 0x0000, 0x0000, 0x0000, 0x0000, 0x0000,
    0x0000, 0x0000, 0x0000, 0x0000, 0x0000, 0x0000, 0x0000, 0x0000, 0x0000, 0x0000, 0x0000, 0x0000, 0x0000, 0x0000, 0x0000, 0x0000,
    0x0000, 0x0000, 0x0000, 0x0000, 0x0000, 0x0000, 0x0000, 0x0000, 0x0000, 0x0000, 0x0000, 0x0000, 0x0000, 0x0000, 0x0000, 0x0000,
    0x0000, 0x0000, 0x0000, 0x0000, 0x0000, 0x0000, 0x0000, 0x0000, 0x0000, 0x0000, 0x0000, 0x0000, 0x0000, 0x0000, 0x0000, 0x0000,
    0x0000, 0x0000, 0x0000, 0x0000, 0x0000, 0x0000, 0x0000, 0x0000, 0x0000, 0x0000, 0x0000, 0x0000, 0x0000, 0x0000, 0x0000, 0x0000,
    0x0000, 0x0000, 0x0000, 0x0000, 0x0000, 0x0000, 0x0000, 0x0000, 0x0000, 0x0000, 0x0000, 0x0000, 0x0000, 0x0000, 0x0000, 0x0000,
    0x0000, 0x0000, 0x0000, 0x0000, 0x0000, 0x0000, 0x0000, 0x0000, 0x0000, 0x0000, 0x0000, 0x0000, 0x0000, 0x0000, 0x0000, 0x0000,
    0x0000, 0x0000, 0x0000, 0x0000, 0x0000, 0x0000, 0x0000, 0x0000, 0x0000, 0x0000, 0x0000, 0x0000, 0x0000, 0x0000, 0x0000, 0x0000,
    0x0000, 0x0000, 0x0000, 0x0000, 0x0000, 0x0000, 0x0000, 0x0000, 0x0000, 0x0000, 0x0000, 0x0000, 0x0000, 0x0000, 0x0000, 0x0000,
    0x0000, 0x0000, 0x0000, 0x0000, 0x0000, 0x0000, 0x0000, 0x0000, 0x0000, 0x0000, 0x0000, 0x0000, 0x0000, 0x0000, 0x0000, 0x0000,
    0x0000, 0x0000, 0x0000, 0x0000, 0x0000, 0x0000, 0x0000, 0x0000, 0x0000, 0x0000, 0x0000, 0x0000, 0x0000, 0x0000, 0x0000, 0x0000,
    0x0000, 0x0000, 0x0000, 0x0000, 0x0000, 0x0000, 0x0000, 0x0000, 0x0000, 0x0000, 0x0000, 0x0000, 0x0000, 0x0000, 0x0000, 0x0000,
    0x0000, 0x0000, 0x0000, 0x0000, 0x0000, 0x0000, 0x0000, 0x0000, 0x0000, 0x0000, 0x0000, 0x0000, 0x0000, 0x0000, 0x0000, 0x0000,
    0x0000, 0x0000, 0x0000, 0x0000, 0x0000, 0x0000, 0x0000, 0x0000, 0x0000, 0x0000, 0x0000, 0x0000, 0x0000, 0x0000, 0x0000, 0x0000,
    0x0000, 0x0000, 0x0000, 0x0000, 0x0000, 0x0000, 0x0000, 0x0000, 0x0000, 0x0000, 0x0000, 0x0000, 0x0000, 0x0000, 0x0000, 0x0000,
    0x0000, 0x0000, 0x0000, 0x0000, 0x0000, 0x0000, 0x0000, 0x0000, 0x0000, 0x0000, 0x0000, 0x0000, 0x0000, 0x0000, 0x0000, 0x0000,
    0x0000, 0x0000, 0x0000, 0x0000, 0x0000, 0x0000, 0x0000, 0x0000, 0x0000, 0x0000, 0x0000, 0x0000, 0x0000, 0x0000, 0x0000, 0x0000,
    0x0000, 0x0000, 0x0000, 0x0000, 0x0000, 0x0000, 0x0000, 0x0000, 0x0000, 0x0000, 0x0000, 0x0000, 0x0000, 0x0000, 0x0000, 0x0000,
    0x0000, 0x0000, 0x0000, 0x0000, 0x0000, 0x0000, 0x0000, 0x0000, 0x0000, 0x0000, 0x0000, 0x0000, 0x0000, 0x0000, 0x0000, 0x0000,
    0x0000, 0x0000, 0x0000, 0x0000, 0x0000, 0x0000, 0x0000, 0x0000, 0x0000, 0x0000, 0x0000, 0x0000, 0x0000, 0x0000, 0x0000, 0x0000,
    0x0000, 0x0000, 0x0000, 0x0000, 0x0000, 0x0000, 0x0000, 0x0000, 0x0000, 0x0000, 0x0000, 0x0000, 0x0000, 0x0000, 0x0000, 0x0000,
    0x0000, 0x0000, 0x0000, 0x0000, 0x0000, 0x0000, 0x0000, 0x0000, 0x0000, 0x0000, 0x0000, 0x0000, 0x0000, 0x0000, 0x0000, 0x0000,
    0x0000, 0x0000, 0x0000, 0x0000, 0x0000, 0x0000, 0x0000, 0x0000, 0x0000, 0x0000, 0x0000, 0x0000, 0x0000, 0x0000, 0x0000, 0x0000,
    0x0000, 0x0000, 0x0000, 0x0000, 0x0000, 0x0000, 0x0000, 0x0000, 0x0000, 0x0000, 0x0000, 0x0000, 0x0000, 0x0000, 0x0000, 0x0000,
    0x0000, 0x0000, 0x0000, 0x0000, 0x0000, 0x0000, 0x0000, 0x0000, 0x0000, 0x0000, 0x0000, 0x0000, 0x0000, 0x0000, 0x0000, 0x0000,
    0x0000, 0x0000, 0x0000, 0x0000, 0x0000, 0x0000, 0x0000, 0x0000, 0x0000, 0x0000, 0x0000, 0x0000, 0x0000, 0x0000, 0x0000, 0x0000,
    0x0000, 0x0000, 0x0000, 0x0000, 0x0000, 0x0000, 0x0000, 0x0000, 0x0000, 0x0000, 0x0000, 0x0000, 0x0000, 0x0000, 0x0000, 0x0000,
    0x0000, 0x0000, 0x0000, 0x0000, 0x0000, 0x0000, 0x0000, 0x0000, 0x0000, 0x0000, 0x0000, 0x0000, 0x0000, 0x0000, 0x0000, 0x0000,
    0x0000, 0x0000, 0x0000, 0x0000, 0x0000, 0x0000, 0x0000, 0x0000, 0x0000, 0x0000, 0x0000, 0x0000, 0x0000, 0x0000, 0x0000, 0x0000,
    0x0000, 0x0000, 0x0000, 0x0000, 0x0000, 0x0000, 0x0000, 0x0000, 0x0000, 0x0000, 0x0000, 0x0000, 0x0000, 0x0000, 0x0000, 0x0000,
    0x0000, 0x0000, 0x0000, 0x0000, 0x0000, 0x0000, 0x0000, 0x0000, 0x0000, 0x0000, 0x0000, 0x0000, 0x0000, 0x0000, 0x0000, 0x0000,
    0x0000, 0x0000, 0x0000, 0x0000, 0x0000, 0x0000, 0x0000, 0x0000, 0x0000, 0x0000, 0x0000, 0x0000, 0x0000, 0x0000, 0x0000, 0x0000,
    0x0000, 0x0000, 0x0000, 0x0000, 0x0000, 0x0000, 0x0000, 0x0000, 0x0000, 0x0000, 0x0000, 0x0000, 0x0000, 0x0000, 0x0000, 0x0000,
    0x0000, 0x0000, 0x0000, 0x0000, 0x0000, 0x0000, 0x0000, 0x0000, 0x0000, 0x0000, 0x0000, 0x0000, 0x0000, 0x0000, 0x0000, 0x0000,
    0x0000, 0x0000, 0x0000, 0x0000, 0x0000, 0x0000, 0x0000, 0x0000, 0x0000, 0x0000, 0x0000, 0x0000, 0x0000, 0x0000, 0x0000, 0x0000,
    0x0000, 0x0000, 0x0000, 0x0000, 0x0000, 0x0000, 0x0000, 0x0000, 0x0000, 0x0000, 0x0000, 0x0000, 0x0000, 0x0000, 0x0000, 0x0000,
    0x0000, 0x0000, 0x0000, 0x0000, 0x0000, 0x0000, 0x0000, 0x0000, 0x0000, 0x0000, 0x0000, 0x0000, 0x0000, 0x0000, 0x0000, 0x0000,
    0x0000, 0x0000, 0x0000, 0x0000, 0x0000, 0x0000, 0x0000, 0x0000, 0x0000, 0x0000, 0x0000, 0x0000, 0x0000, 0x0000, 0x0000, 0x0000,
    0x0000, 0x0000, 0x0000, 0x0000, 0x0000, 0x0000, 0x0000, 0x0000, 0x0000, 0x0000, 0x0000, 0x0000, 0x0000, 0x0000, 0x0000, 0x0000,
    0x0000, 0x0000, 0x0000, 0x0000, 0x0000, 0x0000, 0x0000, 0x0000, 0x0000, 0x0000, 0x0000, 0x0000, 0x0000, 0x0000, 0x0000, 0x0000,
    0x0000, 0x0000, 0x0000, 0x0000, 0x0000, 0x0000, 0x0000, 0x0000, 0x0000, 0x0000, 0x0000, 0x0000, 0x0000, 0x0000, 0x0000, 0x0000,
    0x0000, 0x0000, 0x0000, 0x0000, 0x0000, 0x0000, 0x0000, 0x0000, 0x0000, 0x0000, 0x0000, 0x0000, 0x0000, 0x0000, 0x0000, 0x0000,
    0x0000, 0x0000, 0x0000, 0x0000, 0x0000, 0x0000, 0x0000, 0x0000, 0x0000, 0x0000, 0x0000, 0x0000, 0x0000, 0x0000, 0x0000, 0x0000,
    0x0000, 0x0000, 0x0000, 0x0000, 0x0000, 0x0000, 0x0000, 0x0000, 0x0000, 0x0000, 0x0000, 0x0000, 0x0000, 0x0000, 0x0000, 0x0000,
    0x0000, 0x0000, 0x0000, 0x0000, 0x0000, 0x0000, 0x0000, 0x0000, 0x0000, 0x0000, 0x0000, 0x0000, 0x0000, 0x0000, 0x0000, 0x0000,
    0x0000, 0x0000, 0x0000, 0x0000, 0x0000, 0x0000, 0x0000, 0x0000, 0x0000, 0x0000, 0x0000, 0x0000, 0x0000, 0x0000, 0x0000, 0x0000,
    0x0000, 0x0000, 0x0000, 0x0000, 0x0000, 0x0000, 0x0000, 0x0000, 0x0000, 0x0000, 0x0000, 0x0000, 0x0000, 0x0000, 0x0000, 0x0000,
    0x0000, 0x0000, 0x0000, 0x0000, 0x0000, 0x0000, 0x0000, 0x0000, 0x0000, 0x0000, 0x0000, 0x0000, 0x0000, 0x0000, 0x0000, 0x0000,
    0x0000, 0x0000, 0x0000, 0x0000, 0x0000, 0x0000, 0x0000, 0x0000, 0x0000, 0x0000, 0x0000, 0x0000, 0x0000, 0x0000, 0x0000, 0x0000,
    0x0000, 0x0000, 0x0000, 0x0000, 0x0000, 0x0000, 0x0000, 0x0000, 0x0000, 0x0000, 0x0000, 0x0000, 0x0000, 0x0000, 0x0000, 0x0000,
    0x0000, 0x0000, 0x0000, 0x0000, 0x0000, 0x0000, 0x0000, 0x0000, 0x0000, 0x0000, 0x0000, 0x0000, 0x0000, 0x0000, 0x0000, 0x0000,
    0x0000, 0x0000, 0x0000, 0x0000, 0x0000, 0x0000, 0x0000, 0x0000, 0x0000, 0x0000, 0x0000, 0x0000, 0x0000, 0x0000, 0x0000, 0x0000,
    0x0000, 0x0000, 0x0000, 0x0000, 0x0000, 0x0000, 0x0000, 0x0000, 0x0000, 0x0000, 0x0000, 0x0000, 0x0000, 0x0000, 0x0000, 0x0000,
    0x0000, 0x0000, 0x0000, 0x0000, 0x0000, 0x0000, 0x0000, 0x0000, 0x0000, 0x0000, 0x0000, 0x0000, 0x0000, 0x0000, 0x0000, 0x0000,
    0x0000, 0x0000, 0x0000, 0x0000, 0x0000, 0x0000, 0x0000, 0x0000, 0x0000, 0x0000, 0x0000, 0x0000, 0x0000, 0x0000, 0x0000, 0x0000,
    0x0000, 0x0000, 0x0000, 0x0000, 0x0000, 0x0000, 0x0000, 0x0000, 0x0000, 0x0000, 0x0000, 0x0000, 0x0000, 0x0000, 0x0000, 0x0000,
    0x0000, 0x0000, 0x0000, 0x0000, 0x0000, 0x0000, 0x0000, 0x0000, 0x0000, 0x0000, 0x0000, 0x0000, 0x0000, 0x0000, 0x0000, 0x0000,
    0x0000, 0x0000, 0x0000, 0x0000, 0x0000, 0x0000, 0x0000, 0x0000, 0x0000, 0x0000, 0x0000, 0x0000, 0x0000, 0x0000, 0x0000, 0x0000,
    0x0000, 0x0000, 0x0000, 0x0000, 0x0000, 0x0000, 0x0000, 0x0000, 0x0000, 0x0000, 0x0000, 0x0000, 0x0000, 0x0000, 0x0000, 0x0000,
    0x0000, 0x0000, 0x0000, 0x0000, 0x0000, 0x0000, 0x0000, 0x0000, 0x0000, 0x0000, 0x0000, 0x0000, 0x0000, 0x0000, 0x0000, 0x0000,
    0x0000, 0x0000, 0x0000, 0x0000, 0x0000, 0x0000, 0x0000, 0x0000, 0x0000, 0x0000, 0x0000, 0x0000, 0x0000, 0x0000, 0x0000, 0x0000,
    0x0000, 0x0000, 0x0000, 0x0000, 0x0000, 0x0000, 0x0000, 0x0000, 0x0000, 0x0000, 0x0000, 0x0000, 0x0000, 0x0000, 0x0000, 0x0000,
    0x0000, 0x0000, 0x0000, 0x0000, 0x0000, 0x0000, 0x0000, 0x0000, 0x0000, 0x0000, 0x0000, 0x0000, 0x0000, 0x0000, 0x0000, 0x0000,
    0x0000, 0x0000, 0x0000, 0x0000, 0x0000, 0x0000, 0x0000, 0x0000, 0x0000, 0x0000, 0x0000, 0x0000, 0x0000, 0x0000, 0x0000, 0x0000,
    0x0000, 0x0000, 0x0000, 0x0000, 0x0000, 0x0000, 0x0000, 0x0000, 0x0000, 0x0000, 0x0000, 0x0000, 0x0000, 0x0000, 0x0000, 0x0000,
    0x0000, 0x0000, 0x0000, 0x0000, 0x0000, 0x0000, 0x0000, 0x0000, 0x0000, 0x0000, 0x0000, 0x0000, 0x0000, 0x0000, 0x0000, 0x0000,
    0x0000, 0x0000, 0x0000, 0x0000, 0x0000, 0x0000, 0x0000, 0x0000, 0x0000, 0x0000, 0x0000, 0x0000, 0x0000, 0x0000, 0x0000, 0x0000,
    0x0000, 0x0000, 0x0000, 0x0000, 0x0000, 0x0000, 0x0000, 0x0000, 0x0000, 0x0000, 0x0000, 0x0000, 0x0000, 0x0000, 0x0000, 0x0000,
    0x0000, 0x0000, 0x0000, 0x0000, 0x0000, 0x0000, 0x0000, 0x0000, 0x0000, 0x0000, 0x0000, 0x0000, 0x0000, 0x0000, 0x0000, 0x0000,
    0x0000, 0x0000, 0x0000, 0x0000, 0x0000, 0x0000, 0x0000, 0x0000, 0x0000, 0x0000, 0x0000, 0x0000, 0x0000, 0x0000, 0x0000, 0x0000,
    0x0000, 0x0000, 0x0000, 0x0000, 0x0000, 0x0000, 0x0000, 0x0000, 0x0000, 0x0000, 0x0000, 0x0000, 0x0000, 0x0000, 0x0000, 0x0000,
    0x0000, 0x0000, 0x0000, 0x0000, 0x0000, 0x0000, 0x0000, 0x0000, 0x0000, 0x0000, 0x0000, 0x0000, 0x0000, 0x0000, 0x0000, 0x0000,
    0x0000, 0x0000, 0x0000, 0x0000, 0x0000, 0x0000, 0x0000, 0x0000, 0x0000, 0x0000, 0x0000, 0x0000, 0x0000, 0x0000, 0x0000, 0x0000,
    0x0000, 0x0000, 0x0000, 0x0000, 0x0000, 0x0000, 0x0000, 0x0000, 0x0000, 0x0000, 0x0000, 0x0000, 0x0000, 0x0000, 0x0000, 0x0000,
    0x0000, 0x0000, 0x0000, 0x0000, 0x0000, 0x0000, 0x0000, 0x0000, 0x0000, 0x0000, 0x0000, 0x0000, 0x0000, 0x0000, 0x0000, 0x0000,
    0x0000, 0x0000, 0x0000, 0x0000, 0x0000, 0x0000, 0x0000, 0x0000, 0x0000, 0x0000, 0x0000, 0x0000, 0x0000, 0x0000, 0x0000, 0x0000,
    0x0000, 0x0000, 0x0000, 0x0000, 0x0000, 0x0000, 0x0000, 0x0000, 0x0000, 0x0000, 0x0000, 0x0000, 0x0000, 0x0000, 0x0000, 0x0000,
    0x0000, 0x0000, 0x0000, 0x0000, 0x0000, 0x0000, 0x0000, 0x0000, 0x0000, 0x0000, 0x0000, 0x0000, 0x0000, 0x0000, 0x0000, 0x0000,
    0x0000, 0x0000, 0x0000, 0x0000, 0x0000, 0x0000, 0x0000, 0x0000, 0x0000, 0x0000, 0x0000, 0x0000, 0x0000, 0x0000, 0x0000, 0x0000,
    0x0000, 0x0000, 0x0000, 0x0000, 0x0000, 0x0000, 0x0000, 0x0000, 0x0000, 0x0000, 0x0000, 0x0000, 0x0000, 0x0000, 0x0000, 0x0000,
    0x0000, 0x0000, 0x0000, 0x0000, 0x0000, 0x0000, 0x0000, 0x0000, 0x0000, 0x0000, 0x0000, 0x0000, 0x0000, 0x0000, 0x0000, 0x0000,
    0x0000, 0x0000, 0x0000, 0x0000, 0x0000, 0x0000, 0x0000, 0x0000, 0x0000, 0x0000, 0x0000, 0x0000, 0x0000, 0x0000, 0x0000, 0x0000,
    0x0000, 0x0000, 0x0000, 0x0000, 0x0000, 0x0000, 0x0000, 0x0000, 0x0000, 0x0000, 0x0000, 0x0000, 0x0000, 0x0000, 0x0000, 0x0000,
    0x0000, 0x0000, 0x0000, 0x0000, 0x0000, 0x0000, 0x0000, 0x0000, 0x0000, 0x0000, 0x0000, 0x0000, 0x0000, 0x0000, 0x0000, 0x0000,
    0x0000, 0x0000, 0x0000, 0x0000, 0x0000, 0x0000, 0x0000, 0x0000, 0x0000, 0x0000, 0x0000, 0x0000, 0x0000, 0x0000, 0x0000, 0x0000,
    0x0000, 0x0000, 0x0000, 0x0000, 0x0000, 0x0000, 0x0000, 0x0000, 0x0000, 0x0000, 0x0000, 0x0000, 0x0000, 0x0000, 0x0000, 0x0000,
    0x0000, 0x0000, 0x0000, 0x0000, 0x0000, 0x0000, 0x0000, 0x0000, 0x0000, 0x0000, 0x0000, 0x0000, 0x0000, 0x0000, 0x0000, 0x0000,
    0x0000, 0x0000, 0x0000, 0x0000, 0x0000, 0x0000, 0x0000, 0x0000, 0x0000, 0x0000, 0x0000, 0x0000, 0x0000, 0x0000, 0x0000, 0x0000,
    0x0000, 0x0000, 0x0000, 0x0000, 0x0000, 0x0000, 0x0000, 0x0000, 0x0000, 0x0000, 0x0000, 0x0000, 0x0000, 0x0000, 0x0000, 0x0000,
    0x0000, 0x0000, 0x0000, 0x0000, 0x0000, 0x0000, 0x0000, 0x0000, 0x0000, 0x0000, 0x0000, 0x0000, 0x0000, 0x0000, 0x0000, 0x0000,
    0x0000, 0x0000, 0x0000, 0x0000, 0x0000, 0x0000, 0x0000, 0x0000, 0x0000, 0x0000, 0x0000, 0x0000, 0x0000, 0x0000, 0x0000, 0x0000,
    0x0000, 0x0000, 0x0000, 0x0000, 0x0000, 0x0000, 0x0000, 0x0000, 0x0000, 0x0000, 0x0000, 0x0000, 0x0000, 0x0000, 0x0000, 0x0000,
    0x0000, 0x0000, 0x0000, 0x0000, 0x0000, 0x0000, 0x0000, 0x0000, 0x0000, 0x0000, 0x0000, 0x0000, 0x0000, 0x0000, 0x0000, 0x0000,
    0x0000, 0x0000, 0x0000, 0x0000, 0x0000, 0x0000, 0x0000, 0x0000, 0x0000, 0x0000, 0x0000, 0x0000, 0x0000, 0x0000, 0x0000, 0x0000,
    0x0000, 0x0000, 0x0000, 0x0000, 0x0000, 0x0000, 0x0000, 0x0000, 0x0000, 0x0000, 0x0000, 0x0000, 0x0000, 0x0000, 0x0000, 0x0000,
    0x0000, 0x0000, 0x0000, 0x0000, 0x0000, 0x0000, 0x0000, 0x0000, 0x0000, 0x0000, 0x0000, 0x0000, 0x0000, 0x0000, 0x0000, 0x0000,
    0x0000, 0x0000, 0x0000, 0x0000, 0x0000, 0x0000, 0x0000, 0x0000, 0x0000, 0x0000, 0x0000, 0x0000, 0x0000, 0x0000, 0x0000, 0x0000,
    0x0000, 0x0000, 0x0000, 0x0000, 0x0000, 0x0000, 0x0000, 0x0000, 0x0000, 0x0000, 0x0000, 0x0000, 0x0000, 0x0000, 0x0000, 0x0000,
    0x0000, 0x0000, 0x0000, 0x0000, 0x0000, 0x0000, 0x0000, 0x0000, 0x0000, 0x0000, 0x0000, 0x0000, 0x0000, 0x0000, 0x0000, 0x0000,
    0x0000, 0x0000, 0x0000, 0x0000, 0x0000, 0x0000, 0x0000, 0x0000, 0x0000, 0x0000, 0x0000, 0x0000, 0x0000, 0x0000, 0x0000, 0x0000,
    0x0000, 0x0000, 0x0000, 0x0000, 0x0000, 0x0000, 0x0000, 0x0000, 0x0000, 0x0000, 0x0000, 0x0000, 0x0000, 0x0000, 0x0000, 0x0000,
    0x0000, 0x0000, 0x0000, 0x0000, 0x0000, 0x0000, 0x0000, 0x0000, 0x0000, 0x0000, 0x0000, 0x0000, 0x0000, 0x0000, 0x0000, 0x0000,
    0x0000, 0x0000, 0x0000, 0x0000, 0x0000, 0x0000, 0x0000, 0x0000, 0x0000, 0x0000, 0x0000, 0x0000, 0x0000, 0x0000, 0x0000, 0x0000,
    0x0000, 0x0000, 0x0000, 0x0000, 0x0000, 0x0000, 0x0000, 0x0000, 0x0000, 0x0000, 0x0000, 0x0000, 0x0000, 0x0000, 0x0000, 0x0000,
    0x0000, 0x0000, 0x0000, 0x0000, 0x0000, 0x0000, 0x0000, 0x0000, 0x0000, 0x0000, 0x0000, 0x0000, 0x0000, 0x0000, 0x0000, 0x0000,
    0x0000, 0x0000, 0x0000, 0x0000, 0x0000, 0x0000, 0x0000, 0x0000, 0x0000, 0x0000, 0x0000, 0x0000, 0x0000, 0x0000, 0x0000, 0x0000,
    0x0000, 0x0000, 0x0000, 0x0000, 0x0000, 0x0000, 0x0000, 0x0000, 0x0000, 0x0000, 0x0000, 0x0000, 0x0000, 0x0000, 0x0000, 0x0000,
    0x0000, 0x0000, 0x0000, 0x0000, 0x0000, 0x0000, 0x0000, 0x0000, 0x0000, 0x0000, 0x0000, 0x0000, 0x0000, 0x0000, 0x0000, 0x0000,
    0x0000, 0x0000, 0x0000, 0x0000, 0x0000, 0x0000, 0x0000, 0x0000, 0x0000, 0x0000, 0x0000, 0x0000, 0x0000, 0x0000, 0x0000, 0x0000,
    0x0000, 0x0000, 0x0000, 0x0000, 0x0000, 0x0000, 0x0000, 0x0000, 0x0000, 0x0000, 0x0000, 0x0000, 0x0000, 0x0000, 0x0000, 0x0000,
    0x0000, 0x0000, 0x0000, 0x0000, 0x0000, 0x0000, 0x0000, 0x0000, 0x0000, 0x0000, 0x0000, 0x0000, 0x0000, 0x0000, 0x0000, 0x0000,
    0x0000, 0x0000, 0x0000, 0x0000, 0x0000, 0x0000, 0x0000, 0x0000, 0x0000, 0x0000, 0x0000, 0x0000, 0x0000, 0x0000, 0x0000, 0x0000,
    0x0000, 0x0000, 0x0000, 0x0000, 0x0000, 0x0000, 0x0000, 0x0000, 0x0000, 0x0000, 0x0000, 0x0000, 0x0000, 0x0000, 0x0000, 0x0000,
    0x0000, 0x0000, 0x0000, 0x0000, 0x0000, 0x0000, 0x0000, 0x0000, 0x0000, 0x0000, 0x0000, 0x0000, 0x0000, 0x0000, 0x0000, 0x0000,
    0x0000, 0x0000, 0x0000, 0x0000, 0x0000, 0x0000, 0x0000, 0x0000, 0x0000, 0x0000, 0x0000, 0x0000, 0x0000, 0x0000, 0x0000, 0x0000,
    0x0000, 0x0000, 0x0000, 0x0000, 0x0000, 0x0000, 0x0000, 0x0000, 0x0000, 0x0000, 0x0000, 0x0000, 0x0000, 0x0000, 0x0000, 0x0000,
    0x0000, 0x0000, 0x0000, 0x0000, 0x0000, 0x0000, 0x0000, 0x0000, 0x0000, 0x0000, 0x0000, 0x0000, 0x0000, 0x0000, 0x0000, 0x0000,
    0x0000, 0x0000, 0x0000, 0x0000, 0x0000, 0x0000, 0x0000, 0x0000, 0x0000, 0x0000, 0x0000, 0x0000, 0x0000, 0x0000, 0x0000, 0x0000,
    0x0000, 0x0000, 0x0000, 0x0000, 0x0000, 0x0000, 0x0000, 0x0000, 0x0000, 0x0000, 0x0000, 0x0000, 0x0000, 0x0000, 0x0000, 0x0000,
    0x0000, 0x0000, 0x0000, 0x0000, 0x0000, 0x0000, 0x0000, 0x0000, 0x0000, 0x0000, 0x0000, 0x0000, 0x0000, 0x0000, 0x0000, 0x0000,
    0x0000, 0x0000, 0x0000, 0x0000, 0x0000, 0x0000, 0x0000, 0x0000, 0x0000, 0x0000, 0x0000, 0x0000, 0x0000, 0x0000, 0x0000, 0x0000,
    0x0000, 0x0000, 0x0000, 0x0000, 0x0000, 0x0000, 0x0000, 0x0000, 0x0000, 0x0000, 0x0000, 0x0000, 0x0000, 0x0000, 0x0000, 0x0000,
    0x0000, 0x0000, 0x0000, 0x0000, 0x0000, 0x0000, 0x0000, 0x0000, 0x0000, 0x0000, 0x0000, 0x0000, 0x0000, 0x0000, 0x0000, 0x0000,
    0x0000, 0x0000, 0x0000, 0x0000, 0x0000, 0x0000, 0x0000, 0x0000, 0x0000, 0x0000, 0x0000, 0x0000, 0x0000, 0x0000, 0x0000, 0x0000,
    0x0000, 0x0000, 0x0000, 0x0000, 0x0000, 0x0000, 0x0000, 0x0000, 0x0000, 0x0000, 0x0000, 0x0000, 0x0000, 0x0000, 0x0000, 0x0000,
    0x0000, 0x0000, 0x0000, 0x0000, 0x0000, 0x0000, 0x0000, 0x0000, 0x0000, 0x0000, 0x0000, 0x0000, 0x0000, 0x0000, 0x0000, 0x0000,
    0x0000, 0x0000, 0x0000, 0x0000, 0x0000, 0x0000, 0x0000, 0x0000, 0x0000, 0x0000, 0x0000, 0x0000, 0x0000, 0x0000, 0x0000, 0x0000,
    0x0000, 0x0000, 0x0000, 0x0000, 0x0000, 0x0000, 0x0000, 0x0000, 0x0000, 0x0000, 0x0000, 0x0000, 0x0000, 0x0000, 0x0000, 0x0000,
    0x0000, 0x0000, 0x0000, 0x0000, 0x0000, 0x0000, 0x0000, 0x0000, 0x0000, 0x0000, 0x0000, 0x0000, 0x0000, 0x0000, 0x0000, 0x0000,
    0x0000, 0x0000, 0x0000, 0x0000, 0x0000, 0x0000, 0x0000, 0x0000, 0x0000, 0x0000, 0x0000, 0x0000, 0x0000, 0x0000, 0x0000, 0x0000,
    0x0000, 0x0000, 0x0000, 0x0000, 0x0000, 0x0000, 0x0000, 0x0000, 0x0000, 0x0000, 0x0000, 0x0000, 0x0000, 0x0000, 0x0000, 0x0000,
    0x0000, 0x0000, 0x0000, 0x0000, 0x0000, 0x0000, 0x0000, 0x0000, 0x0000, 0x0000, 0x0000, 0x0000, 0x0000, 0x0000, 0x0000, 0x0000,
    0x0000, 0x0000, 0x0000, 0x0000, 0x0000, 0x0000, 0x0000, 0x0000, 0x0000, 0x0000, 0x0000, 0x0000, 0x0000, 0x0000, 0x0000, 0x0000,
    0x0000, 0x0000, 0x0000, 0x0000, 0x0000, 0x0000, 0x0000, 0x0000, 0x0000, 0x0000, 0x0000, 0x0000, 0x0000, 0x0000, 0x0000, 0x0000,
    0x0000, 0x0000, 0x0000, 0x0000, 0x0000, 0x0000, 0x0000, 0x0000, 0x0000, 0x0000, 0x0000, 0x0000, 0x0000, 0x0000, 0x0000, 0x0000,
    0x0000, 0x0000, 0x0000, 0x0000, 0x0000, 0x0000, 0x0000, 0x0000, 0x0000, 0x0000, 0x0000, 0x0000, 0x0000, 0x0000, 0x0000, 0x0000,
    0x0000, 0x0000, 0x0000, 0x0000, 0x0000, 0x0000, 0x0000, 0x0000, 0x0000, 0x0000, 0x0000, 0x0000, 0x0000, 0x0000, 0x0000, 0x0000,
    0x0000, 0x0000, 0x0000, 0x0000, 0x0000, 0x0000, 0x0000, 0x0000, 0x0000, 0x0000, 0x0000, 0x0000, 0x0000, 0x0000, 0x0000, 0x0000,
    0x0000, 0x0000, 0x0000, 0x0000, 0x0000, 0x0000, 0x0000, 0x0000, 0x0000, 0x0000, 0x0000, 0x0000, 0x0000, 0x0000, 0x0000, 0x0000,
    0x0000, 0x0000, 0x0000, 0x0000, 0x0000, 0x0000, 0x0000, 0x0000, 0x0000, 0x0000, 0x0000, 0x0000, 0x0000, 0x0000, 0x0000, 0x0000,
    0x0000, 0x0000, 0x0000, 0x0000, 0x0000, 0x0000, 0x0000, 0x0000, 0x0000, 0x0000, 0x0000, 0x0000, 0x0000, 0x0000, 0x0000, 0x0000,
    0x0000, 0x0000, 0x0000, 0x0000, 0x0000, 0x0000, 0x0000, 0x0000, 0x0000, 0x0000, 0x0000, 0x0000, 0x0000, 0x0000, 0x0000, 0x0000,
    0x0000, 0x0000, 0x0000, 0x0000, 0x0000, 0x0000, 0x0000, 0x0000, 0x0000, 0x0000, 0x0000, 0x0000, 0x0000, 0x0000, 0x0000, 0x0000,
    0x0000, 0x0000, 0x0000, 0x0000, 0x0000, 0x0000, 0x0000, 0x0000, 0x0000, 0x0000, 0x0000, 0x0000, 0x0000, 0x0000, 0x0000, 0x0000,
    0x0000, 0x0000, 0x0000, 0x0000, 0x0000, 0x0000, 0x0000, 0x0000, 0x0000, 0x0000, 0x0000, 0x0000, 0x0000, 0x0000, 0x0000, 0x0000,
    0x0000, 0x0000, 0x0000, 0x0000, 0x0000, 0x0000, 0x0000, 0x0000, 0x0000, 0x0000, 0x0000, 0x0000, 0x0000, 0x0000, 0x0000, 0x0000,
    0x0000, 0x0000, 0x0000, 0x0000, 0x0000, 0x0000, 0x0000, 0x0000, 0x0000, 0x0000, 0x0000, 0x0000, 0x0000, 0x0000, 0x0000, 0x0000,
    0x0000, 0x0000, 0x0000, 0x0000, 0x0000, 0x0000, 0x0000, 0x0000, 0x0000, 0x0000, 0x0000, 0x0000, 0x0000, 0x0000, 0x0000, 0x0000,
    0x0000, 0x0000, 0x0000, 0x0000, 0x0000, 0x0000, 0x0000, 0x0000, 0x0000, 0x0000, 0x0000, 0x0000, 0x0000, 0x0000, 0x0000, 0x0000,
    0x0000, 0x0000, 0x0000, 0x0000, 0x0000, 0x0000, 0x0000, 0x0000, 0x0000, 0x0000, 0x0000, 0x0000, 0x0000, 0x0000, 0x0000, 0x0000,
    0x0000, 0x0000, 0x0000, 0x0000, 0x0000, 0x0000, 0x0000, 0x0000, 0x0000, 0x0000, 0x0000, 0x0000, 0x0000, 0x0000, 0x0000, 0x0000,
    0x0000, 0x0000, 0x0000, 0x0000, 0x0000, 0x0000, 0x0000, 0x0000, 0x0000, 0x0000, 0x0000, 0x0000, 0x0000, 0x0000, 0x0000, 0x0000,
    0x0000, 0x0000, 0x0000, 0x0000, 0x0000, 0x0000, 0x0000, 0x0000, 0x0000, 0x0000, 0x0000, 0x0000, 0x0000, 0x0000, 0x0000, 0x0000,
    0x0000, 0x0000, 0x0000, 0x0000, 0x0000, 0x0000, 0x0000, 0x0000, 0x0000, 0x0000, 0x0000, 0x0000, 0x0000, 0x0000, 0x0000, 0x0000,
    0x0000, 0x0000, 0x0000, 0x0000, 0x0000, 0x0000, 0x0000, 0x0000, 0x0000, 0x0000, 0x0000, 0x0000, 0x0000, 0x0000, 0x0000, 0x0000,
    0x0000, 0x0000, 0x0000, 0x0000, 0x0000, 0x0000, 0x0000, 0x0000, 0x0000, 0x0000, 0x0000, 0x0000, 0x0000, 0x0000, 0x0000, 0x0000,
    0x0000, 0x0000, 0x0000, 0x0000, 0x0000, 0x0000, 0x0000, 0x0000, 0x0000, 0x0000, 0x0000, 0x0000, 0x0000, 0x0000, 0x0000, 0x0000,
    0x0000, 0x0000, 0x0000, 0x0000, 0x0000, 0x0000, 0x0000, 0x0000, 0x0000, 0x0000, 0x0000, 0x0000, 0x0000, 0x0000, 0x0000, 0x0000,
    0x0000, 0x0000, 0x0000, 0x0000, 0x0000, 0x0000, 0x0000, 0x0000, 0x0000, 0x0000, 0x0000, 0x0000, 0x0000, 0x0000, 0x0000, 0x0000,
    0x0000, 0x0000, 0x0000, 0x0000, 0x0000, 0x0000, 0x0000, 0x0000, 0x0000, 0x0000, 0x0000, 0x0000, 0x0000, 0x0000, 0x0000, 0x0000,
    0x0000, 0x0000, 0x0000, 0x0000, 0x0000, 0x0000, 0x0000, 0x0000, 0x0000, 0x0000, 0x0000, 0x0000, 0x0000, 0x0000, 0x0000, 0x0000,
    0x0000, 0x0000, 0x0000, 0x0000, 0x0000, 0x0000, 0x0000, 0x0000, 0x0000, 0x0000, 0x0000, 0x0000, 0x0000, 0x0000, 0x0000, 0x0000,
    0x0000, 0x0000, 0x0000, 0x0000, 0x0000, 0x0000, 0x0000, 0x0000, 0x0000, 0x0000, 0x0000, 0x0000, 0x0000, 0x0000, 0x0000, 0x0000,
    0x0000, 0x0000, 0x0000, 0x0000, 0x0000, 0x0000, 0x0000, 0x0000, 0x0000, 0x0000, 0x0000, 0x0000, 0x0000, 0x0000, 0x0000, 0x0000,
    0x0000, 0x0000, 0x0000, 0x0000, 0x0000, 0x0000, 0x0000, 0x0000, 0x0000, 0x0000, 0x0000, 0x0000, 0x0000, 0x0000, 0x0000, 0x0000,
    0x0000, 0x0000, 0x0000, 0x0000, 0x0000, 0x0000, 0x0000, 0x0000, 0x0000, 0x0000, 0x0000, 0x0000, 0x0000, 0x0000, 0x0000, 0x0000,
    0x0000, 0x0000, 0x0000, 0x0000, 0x0000, 0x0000, 0x0000, 0x0000, 0x0000, 0x0000, 0x0000, 0x0000, 0x0000, 0x0000, 0x0000, 0x0000,
    0x0000, 0x0000, 0x0000, 0x0000, 0x0000, 0x0000, 0x0000, 0x0000, 0x0000, 0x0000, 0x0000, 0x0000, 0x0000, 0x0000, 0x0000, 0x0000,
    0x0000, 0x0000, 0x0000, 0x0000, 0x0000, 0x0000, 0x0000, 0x0000, 0x0000, 0x0000, 0x0000, 0x0000, 0x0000, 0x0000, 0x0000, 0x0000,
    0x0000, 0x0000, 0x0000, 0x0000, 0x0000, 0x0000, 0x0000, 0x0000, 0x0000, 0x0000, 0x0000, 0x0000, 0x0000, 0x0000, 0x0000, 0x0000,
    0x0000, 0x0000, 0x0000, 0x0000, 0x0000, 0x0000, 0x0000, 0x0000, 0x0000, 0x0000, 0x0000, 0x0000, 0x0000, 0x0000, 0x0000, 0x0000,
    0x0000, 0x0000, 0x0000, 0x0000, 0x0000, 0x0000, 0x0000, 0x0000, 0x0000, 0x0000, 0x0000, 0x0000, 0x0000, 0x0000, 0x0000, 0x0000,
    0x0000, 0x0000, 0x0000, 0x0000, 0x0000, 0x0000, 0x0000, 0x0000, 0x0000, 0x0000, 0x0000, 0x0000, 0x0000, 0x0000, 0x0000, 0x0000,
    0x0000, 0x0000, 0x0000, 0x0000, 0x0000, 0x0000, 0x0000, 0x0000, 0x0000, 0x0000, 0x0000, 0x0000, 0x0000, 0x0000, 0x0000, 0x0000,
    0x0000, 0x0000, 0x0000, 0x0000, 0x0000, 0x0000, 0x0000, 0x0000, 0x0000, 0x0000, 0x0000, 0x0000, 0x0000, 0x0000, 0x0000, 0x0000,
    0x0000, 0x0000, 0x0000, 0x0000, 0x0000, 0x0000, 0x0000, 0x0000, 0x0000, 0x0000, 0x0000, 0x0000, 0x0000, 0x0000, 0x0000, 0x0000,
    0x0000, 0x0000, 0x0000, 0x0000, 0x0000, 0x0000, 0x0000, 0x0000, 0x0000, 0x0000, 0x0000, 0x0000, 0x0000, 0x0000, 0x0000, 0x0000,
    0x0000, 0x0000, 0x0000, 0x0000, 0x0000, 0x0000, 0x0000, 0x0000, 0x0000, 0x0000, 0x0000, 0x0000, 0x0000, 0x0000, 0x0000, 0x0000,
    0x0000, 0x0000, 0x0000, 0x0000, 0x0000, 0x0000, 0x0000, 0x0000, 0x0000, 0x0000, 0x0000, 0x0000, 0x0000, 0x0000, 0x0000, 0x0000,
    0x0000, 0x0000, 0x0000, 0x0000, 0x0000, 0x0000, 0x0000, 0x0000, 0x0000, 0x0000, 0x0000, 0x0000, 0x0000, 0x0000, 0x0000, 0x0000,
    0x0000, 0x0000, 0x0000, 0x0000, 0x0000, 0x0000, 0x0000, 0x0000, 0x0000, 0x0000, 0x0000, 0x0000, 0x0000, 0x0000, 0x0000, 0x0000,
    0x0000, 0x0000, 0x0000, 0x0000, 0x0000, 0x0000, 0x0000, 0x0000, 0x0000, 0x0000, 0x0000, 0x0000, 0x0000, 0x0000, 0x0000, 0x0000,
    0x0000, 0x0000, 0x0000, 0x0000, 0x0000, 0x0000, 0x0000, 0x0000, 0x0000, 0x0000, 0x0000, 0x0000, 0x0000, 0x0000, 0x0000, 0x0000,
    0x0000, 0x0000, 0x0000, 0x0000, 0x0000, 0x0000, 0x0000, 0x0000, 0x0000, 0x0000, 0x0000, 0x0000, 0x0000, 0x0000, 0x0000, 0x0000,
    0x0000, 0x0000, 0x0000, 0x0000, 0x0000, 0x0000, 0x0000, 0x0000, 0x0000, 0x0000, 0x0000, 0x0000, 0x0000, 0x0000, 0x0000, 0x0000,
    0x0000, 0x0000, 0x0000, 0x0000, 0x0000, 0x0000, 0x0000, 0x0000, 0x0000, 0x0000, 0x0000, 0x0000, 0x0000, 0x0000, 0x0000, 0x0000,
    0x0000, 0x0000, 0x0000, 0x0000, 0x0000, 0x0000, 0x0000, 0x0000, 0x0000, 0x0000, 0x0000, 0x0000, 0x0000, 0x0000, 0x0000, 0x0000,
    0x0000, 0x0000, 0x0000, 0x0000, 0x0000, 0x0000, 0x0000, 0x0000, 0x0000, 0x0000, 0x0000, 0x0000, 0x0000, 0x0000, 0x0000, 0x0000,
    0x0000, 0x0000, 0x0000, 0x0000, 0x0000, 0x0000, 0x0000, 0x0000, 0x0000, 0x0000, 0x0000, 0x0000, 0x0000, 0x0000, 0x0000, 0x0000,
    0x0000, 0x0000, 0x0000, 0x0000, 0x0000, 0x0000, 0x0000, 0x0000, 0x0000, 0x0000, 0x0000, 0x0000, 0x0000, 0x0000, 0x0000, 0x0000,
    0x0000, 0x0000, 0x0000, 0x0000, 0x0000, 0x0000, 0x0000, 0x0000, 0x0000, 0x0000, 0x0000, 0x0000, 0x0000, 0x0000, 0x0000, 0x0000,
    0x0000, 0x0000, 0x0000, 0x0000, 0x0000, 0x0000, 0x0000, 0x0000, 0x0000, 0x0000, 0x0000, 0x0000, 0x0000, 0x0000, 0x0000, 0x0000,
    0x0000, 0x0000, 0x0000, 0x0000, 0x0000, 0x0000, 0x0000, 0x0000, 0x0000, 0x0000, 0x0000, 0x0000, 0x0000, 0x0000, 0x0000, 0x0000,
    0x0000, 0x0000, 0x0000, 0x0000, 0x0000, 0x0000, 0x0000, 0x0000, 0x0000, 0x0000, 0x0000, 0x0000, 0x0000, 0x0000, 0x0000, 0x0000,
    0x0000, 0x0000, 0x0000, 0x0000, 0x0000, 0x0000, 0x0000, 0x0000, 0x0000, 0x0000, 0x0000, 0x0000, 0x0000, 0x0000, 0x0000, 0x0000,
    0x0000, 0x0000, 0x0000, 0x0000, 0x0000, 0x0000, 0x0000, 0x0000, 0x0000, 0x0000, 0x0000, 0x0000, 0x0000, 0x0000, 0x0000, 0x0000,
    0x0000, 0x0000, 0x0000, 0x0000, 0x0000, 0x0000, 0x0000, 0x0000, 0x0000, 0x0000, 0x0000, 0x0000, 0x0000, 0x0000, 0x0000, 0x0000,
    0x0000, 0x0000, 0x0000, 0x0000, 0x0000, 0x0000, 0x0000, 0x0000, 0x0000, 0x0000, 0x0000, 0x0000, 0x0000, 0x0000, 0x0000, 0x0000,
    0x0000, 0x0000, 0x0000, 0x0000, 0x0000, 0x0000, 0x0000, 0x0000, 0x0000, 0x0000, 0x0000, 0x0000, 0x0000, 0x0000, 0x0000, 0x0000,
    0x0000, 0x0000, 0x0000, 0x0000, 0x0000, 0x0000, 0x0000, 0x0000, 0x0000, 0x0000, 0x0000, 0x0000, 0x0000, 0x0000, 0x0000, 0x0000,
    0x0000, 0x0000, 0x0000, 0x0000, 0x0000, 0x0000, 0x0000, 0x0000, 0x0000, 0x0000, 0x0000, 0x0000, 0x0000, 0x0000, 0x0000, 0x0000,
    0x0000, 0x0000, 0x0000, 0x0000, 0x0000, 0x0000, 0x0000, 0x0000, 0x0000, 0x0000, 0x0000, 0x0000, 0x0000, 0x0000, 0x0000, 0x0000,
    0x0000, 0x0000, 0x0000, 0x0000, 0x0000, 0x0000, 0x0000, 0x0000, 0x0000, 0x0000, 0x0000, 0x0000, 0x0000, 0x0000, 0x0000, 0x0000,
    0x0000, 0x0000, 0x0000, 0x0000, 0x0000, 0x0000, 0x0000, 0x0000, 0x0000, 0x0000, 0x0000, 0x0000, 0x0000, 0x0000, 0x0000, 0x0000,
    0x0000, 0x0000, 0x0000, 0x0000, 0x0000, 0x0000, 0x0000, 0x0000, 0x0000, 0x0000, 0x0000, 0x0000, 0x0000, 0x0000, 0x0000, 0x0000,
    0x0000, 0x0000, 0x0000, 0x0000, 0x0000, 0x0000, 0x0000, 0x0000, 0x0000, 0x0000, 0x0000, 0x0000, 0x0000, 0x0000, 0x0000, 0x0000,
    0x0000, 0x0000, 0x0000, 0x0000, 0x0000, 0x0000, 0x0000, 0x0000, 0x0000, 0x0000, 0x0000, 0x0000, 0x0000, 0x0000, 0x0000, 0x0000,
    0x0000, 0x0000, 0x0000, 0x0000, 0x0000, 0x0000, 0x0000, 0x0000, 0x0000, 0x0000, 0x0000, 0x0000, 0x0000, 0x0000, 0x0000, 0x0000,
    0x0000, 0x0000, 0x0000, 0x0000, 0x0000, 0x0000, 0x0000, 0x0000, 0x0000, 0x0000, 0x0000, 0x0000, 0x0000, 0x0000, 0x0000, 0x0000,
    0x0000, 0x0000, 0x0000, 0x0000, 0x0000, 0x0000, 0x0000, 0x0000, 0x0000, 0x0000, 0x0000, 0x0000, 0x0000, 0x0000, 0x0000, 0x0000,
    0x0000, 0x0000, 0x0000, 0x0000, 0x0000, 0x0000, 0x0000, 0x0000, 0x0000, 0x0000, 0x0000, 0x0000, 0x0000, 0x0000, 0x0000, 0x0000,
    0x0000, 0x0000, 0x0000, 0x0000, 0x0000, 0x0000, 0x0000, 0x0000, 0x0000, 0x0000, 0x0000, 0x0000, 0x0000, 0x0000, 0x0000, 0x0000,
    0x0000, 0x0000, 0x0000, 0x0000, 0x0000, 0x0000, 0x0000, 0x0000, 0x0000, 0x0000, 0x0000, 0x0000, 0x0000, 0x0000, 0x0000, 0x0000,
    0x0000, 0x0000, 0x0000, 0x0000, 0x0000, 0x0000, 0x0000, 0x0000, 0x0000, 0x0000, 0x0000, 0x0000, 0x0000, 0x0000, 0x0000, 0x0000,
    0x0000, 0x0000, 0x0000, 0x0000, 0x0000, 0x0000, 0x0000, 0x0000, 0x0000, 0x0000, 0x0000, 0x0000, 0x0000, 0x0000, 0x0000, 0x0000,
    0x0000, 0x0000, 0x0000, 0x0000, 0x0000, 0x0000, 0x0000, 0x0000, 0x0000, 0x0000, 0x0000, 0x0000, 0x0000, 0x0000, 0x0000, 0x0000,
    0x0000, 0x0000, 0x0000, 0x0000, 0x0000, 0x0000, 0x0000, 0x0000, 0x0000, 0x0000, 0x0000, 0x0000, 0x0000, 0x0000, 0x0000, 0x0000,
    0x0000, 0x0000, 0x0000, 0x0000, 0x0000, 0x0000, 0x0000, 0x0000, 0x0000, 0x0000, 0x0000, 0x0000, 0x0000, 0x0000, 0x0000, 0x0000,
    0x0000, 0x0000, 0x0000, 0x0000, 0x0000, 0x0000, 0x0000, 0x0000, 0x0000, 0x0000, 0x0000, 0x0000, 0x0000, 0x0000, 0x0000, 0x0000,
    0x0000, 0x0000, 0x0000, 0x0000, 0x0000, 0x0000, 0x0000, 0x0000, 0x0000, 0x0000, 0x0000, 0x0000, 0x0000, 0x0000, 0x0000, 0x0000,
    0x0000, 0x0000, 0x0000, 0x0000, 0x0000, 0x0000, 0x0000, 0x0000, 0x0000, 0x0000, 0x0000, 0x0000, 0x0000, 0x0000, 0x0000, 0x0000,
    0x0000, 0x0000, 0x0000, 0x0000, 0x0000, 0x0000, 0x0000, 0x0000, 0x0000, 0x0000, 0x0000, 0x0000, 0x0000, 0x0000, 0x0000, 0x0000,
    0x0000, 0x0000, 0x0000, 0x0000, 0x0000, 0x0000, 0x0000, 0x0000, 0x0000, 0x0000, 0x0000, 0x0000, 0x0000, 0x0000, 0x0000, 0x0000,
    0x0000, 0x0000, 0x0000, 0x0000, 0x0000, 0x0000, 0x0000, 0x0000, 0x0000, 0x0000, 0x0000, 0x0000, 0x0000, 0x0000, 0x0000, 0x0000,
    0x0000, 0x0000, 0x0000, 0x0000, 0x0000, 0x0000, 0x0000, 0x0000, 0x0000, 0x0000, 0x0000, 0x0000, 0x0000, 0x0000, 0x0000, 0x0000,
    0x0000, 0x0000, 0x0000, 0x0000, 0x0000, 0x0000, 0x0000, 0x0000, 0x0000, 0x0000, 0x0000, 0x0000, 0x0000, 0x0000, 0x0000, 0x0000,
    0x0000, 0x0000, 0x0000, 0x0000, 0x0000, 0x0000, 0x0000, 0x0000, 0x0000, 0x0000, 0x0000, 0x0000, 0x0000, 0x0000, 0x0000, 0x0000,
    0x0000, 0x0000, 0x0000, 0x0000, 0x0000, 0x0000, 0x0000, 0x0000, 0x0000, 0x0000, 0x0000, 0x0000, 0x0000, 0x0000, 0x0000, 0x0000,
    0x0000, 0x0000, 0x0000, 0x0000, 0x0000, 0x0000, 0x0000, 0x0000, 0x0000, 0x0000, 0x0000, 0x0000, 0x0000, 0x0000, 0x0000, 0x0000,
    0x0000, 0x0000, 0x0000, 0x0000, 0x0000, 0x0000, 0x0000, 0x0000, 0x0000, 0x0000, 0x0000, 0x0000, 0x0000, 0x0000, 0x0000, 0x0000,
    0x0000, 0x0000, 0x0000, 0x0000, 0x0000, 0x0000, 0x0000, 0x0000, 0x0000, 0x0000, 0x0000, 0x0000, 0x0000, 0x0000, 0x0000, 0x0000,
    0x0000, 0x0000, 0x0000, 0x0000, 0x0000, 0x0000, 0x0000, 0x0000, 0x0000, 0x0000, 0x0000, 0x0000, 0x0000, 0x0000, 0x0000, 0x0000,
    0x0000, 0x0000, 0x0000, 0x0000, 0x0000, 0x0000, 0x0000, 0x0000, 0x0000, 0x0000, 0x0000, 0x0000, 0x0000, 0x0000, 0x0000, 0x0000,
    0x0000, 0x0000, 0x0000, 0x0000, 0x0000, 0x0000, 0x0000, 0x0000, 0x0000, 0x0000, 0x0000, 0x0000, 0x0000, 0x0000, 0x0000, 0x0000,
    0x0000, 0x0000, 0x0000, 0x0000, 0x0000, 0x0000, 0x0000, 0x0000, 0x0000, 0x0000, 0x0000, 0x0000, 0x0000, 0x0000, 0x0000, 0x0000,
    0x0000, 0x0000, 0x0000, 0x0000, 0x0000, 0x0000, 0x0000, 0x0000, 0x0000, 0x0000, 0x0000, 0x0000, 0x0000, 0x0000, 0x0000, 0x0000,
    0x0000, 0x0000, 0x0000, 0x0000, 0x0000, 0x0000, 0x0000, 0x0000, 0x0000, 0x0000, 0x0000, 0x0000, 0x0000, 0x0000, 0x0000, 0x0000,
    0x0000, 0x0000, 0x0000, 0x0000, 0x0000, 0x0000, 0x0000, 0x0000, 0x0000, 0x0000, 0x0000, 0x0000, 0x0000, 0x0000, 0x0000, 0x0000,
    0x0000, 0x0000, 0x0000, 0x0000, 0x0000, 0x0000, 0x0000, 0x0000, 0x0000, 0x0000, 0x0000, 0x0000, 0x0000, 0x0000, 0x0000, 0x0000,
    0x0000, 0x0000, 0x0000, 0x0000, 0x0000, 0x0000, 0x0000, 0x0000, 0x0000, 0x0000, 0x0000, 0x0000, 0x0000, 0x0000, 0x0000, 0x0000,
    0x0000, 0x0000, 0x0000, 0x0000, 0x0000, 0x0000, 0x0000, 0x0000, 0x0000, 0x0000, 0x0000, 0x0000, 0x0000, 0x0000, 0x0000, 0x0000,
    0x0000, 0x0000, 0x0000, 0x0000, 0x0000, 0x0000, 0x0000, 0x0000, 0x0000, 0x0000, 0x0000, 0x0000, 0x0000, 0x0000, 0x0000, 0x0000,
    0x0000, 0x0000, 0x0000, 0x0000, 0x0000, 0x0000, 0x0000, 0x0000, 0x0000, 0x0000, 0x0000, 0x0000, 0x0000, 0x0000, 0x0000, 0x0000,
    0x0000, 0x0000, 0x0000, 0x0000, 0x0000, 0x0000, 0x0000, 0x0000, 0x0000, 0x0000, 0x0000, 0x0000, 0x0000, 0x0000, 0x0000, 0x0000,
    0x0000, 0x0000, 0x0000, 0x0000, 0x0000, 0x0000, 0x0000, 0x0000, 0x0000, 0x0000, 0x0000, 0x0000, 0x0000, 0x0000, 0x0000, 0x0000,
    0x0000, 0x0000, 0x0000, 0x0000, 0x0000, 0x0000, 0x0000, 0x0000, 0x0000, 0x0000, 0x0000, 0x0000, 0x0000, 0x0000, 0x0000, 0x0000,
    0x0000, 0x0000, 0x0000, 0x0000, 0x0000, 0x0000, 0x0000, 0x0000, 0x0000, 0x0000, 0x0000, 0x0000, 0x0000, 0x0000, 0x0000, 0x0000,
    0x0000, 0x0000, 0x0000, 0x0000, 0x0000, 0x0000, 0x0000, 0x0000, 0x0000, 0x0000, 0x0000, 0x0000, 0x0000, 0x0000, 0x0000, 0x0000,
    0x0000, 0x0000, 0x0000, 0x0000, 0x0000, 0x0000, 0x0000, 0x0000, 0x0000, 0x0000, 0x0000, 0x0000, 0x0000, 0x0000, 0x0000, 0x0000,
    0x0000, 0x0000, 0x0000, 0x0000, 0x0000, 0x0000, 0x0000, 0x0000, 0x0000, 0x0000, 0x0000, 0x0000, 0x0000, 0x0000, 0x0000, 0x0000,
    0x0000, 0x0000, 0x0000, 0x0000, 0x0000, 0x0000, 0x0000, 0x0000, 0x0000, 0x0000, 0x0000, 0x0000, 0x0000, 0x0000, 0x0000, 0x0000,
    0x0000, 0x0000, 0x0000, 0x0000, 0x0000, 0x0000, 0x0000, 0x0000, 0x0000, 0x0000, 0x0000, 0x0000, 0x0000, 0x0000, 0x0000, 0x0000,
    0x0000, 0x0000, 0x0000, 0x0000, 0x0000, 0x0000, 0x0000, 0x0000, 0x0000, 0x0000, 0x0000, 0x0000, 0x0000, 0x0000, 0x0000, 0x0000,
    0x0000, 0x0000, 0x0000, 0x0000, 0x0000, 0x0000, 0x0000, 0x0000, 0x0000, 0x0000, 0x0000, 0x0000, 0x0000, 0x0000, 0x0000, 0x0000,
    0x0000, 0x0000, 0x0000, 0x0000, 0x0000, 0x0000, 0x0000, 0x0000, 0x0000, 0x0000, 0x0000, 0x0000, 0x0000, 0x0000, 0x0000, 0x0000,
    0x0000, 0x0000, 0x0000, 0x0000, 0x0000, 0x0000, 0x0000, 0x0000, 0x0000, 0x0000, 0x0000, 0x0000, 0x0000, 0x0000, 0x0000, 0x0000,
    0x0000, 0x0000, 0x0000, 0x0000, 0x0000, 0x0000, 0x0000, 0x0000, 0x0000, 0x0000, 0x0000, 0x0000, 0x0000, 0x0000, 0x0000, 0x0000,
    0x0000, 0x0000, 0x0000, 0x0000, 0x0000, 0x0000, 0x0000, 0x0000, 0x0000, 0x0000, 0x0000, 0x0000, 0x0000, 0x0000, 0x0000, 0x0000,
    0x0000, 0x0000, 0x0000, 0x0000, 0x0000, 0x0000, 0x0000, 0x0000, 0x0000, 0x0000, 0x0000, 0x0000, 0x0000, 0x0000, 0x0000, 0x0000,
    0x0000, 0x0000, 0x0000, 0x0000, 0x0000, 0x0000, 0x0000, 0x0000, 0x0000, 0x0000, 0x0000, 0x0000, 0x0000, 0x0000, 0x0000, 0x0000,
    0x0000, 0x0000, 0x0000, 0x0000, 0x0000, 0x0000, 0x0000, 0x0000, 0x0000, 0x0000, 0x0000, 0x0000, 0x0000, 0x0000, 0x0000, 0x0000,
    0x0000, 0x0000, 0x0000, 0x0000, 0x0000, 0x0000, 0x0000, 0x0000, 0x0000, 0x0000, 0x0000, 0x0000, 0x0000, 0x0000, 0x0000, 0x0000,
    0x0000, 0x0000, 0x0000, 0x0000, 0x0000, 0x0000, 0x0000, 0x0000, 0x0000, 0x0000, 0x0000, 0x0000, 0x0000, 0x0000, 0x0000, 0x0000,
    0x0000, 0x0000, 0x0000, 0x0000, 0x0000, 0x0000, 0x0000, 0x0000, 0x0000, 0x0000, 0x0000, 0x0000, 0x0000, 0x0000, 0x0000, 0x0000,
    0x0000, 0x0000, 0x0000, 0x0000, 0x0000, 0x0000, 0x0000, 0x0000, 0x0000, 0x0000, 0x0000, 0x0000, 0x0000, 0x0000, 0x0000, 0x0000,
    0x0000, 0x0000, 0x0000, 0x0000, 0x0000, 0x0000, 0x0000, 0x0000, 0x0000, 0x0000, 0x0000, 0x0000, 0x0000, 0x0000, 0x0000, 0x0000,
    0x0000, 0x0000, 0x0000, 0x0000, 0x0000, 0x0000, 0x0000, 0x0000, 0x0000, 0x0000, 0x0000, 0x0000, 0x0000, 0x0000, 0x0000, 0x0000,
    0x0000, 0x0000, 0x0000, 0x0000, 0x0000, 0x0000, 0x0000, 0x0000, 0x0000, 0x0000, 0x0000, 0x0000, 0x0000, 0x0000, 0x0000, 0x0000,
    0x0000, 0x0000, 0x0000, 0x0000, 0x0000, 0x0000, 0x0000, 0x0000, 0x0000, 0x0000, 0x0000, 0x0000, 0x0000, 0x0000, 0x0000, 0x0000,
    0x0000, 0x0000, 0x0000, 0x0000, 0x0000, 0x0000, 0x0000, 0x0000, 0x0000, 0x0000, 0x0000, 0x0000, 0x0000, 0x0000, 0x0000, 0x0000,
    0x0000, 0x0000, 0x0000, 0x0000, 0x0000, 0x0000, 0x0000, 0x0000, 0x0000, 0x0000, 0x0000, 0x0000, 0x0000, 0x0000, 0x0000, 0x0000,
    0x0000, 0x0000, 0x0000, 0x0000, 0x0000, 0x0000, 0x0000, 0x0000, 0x0000, 0x0000, 0x0000, 0x0000, 0x0000, 0x0000, 0x0000, 0x0000,
    0x0000, 0x0000, 0x0000, 0x0000, 0x0000, 0x0000, 0x0000, 0x0000, 0x0000, 0x0000, 0x0000, 0x0000, 0x0000, 0x0000, 0x0000, 0x0000,
    0x0000, 0x0000, 0x0000, 0x0000, 0x0000, 0x0000, 0x0000, 0x0000, 0x0000, 0x0000, 0x0000, 0x0000, 0x0000, 0x0000, 0x0000, 0x0000,
    0x0000, 0x0000, 0x0000, 0x0000, 0x0000, 0x0000, 0x0000, 0x0000, 0x0000, 0x0000, 0x0000, 0x0000, 0x0000, 0x0000, 0x0000, 0x0000,
    0x0000, 0x0000, 0x0000, 0x0000, 0x0000, 0x0000, 0x0000, 0x0000, 0x0000, 0x0000, 0x0000, 0x0000, 0x0000, 0x0000, 0x0000, 0x0000,
    0x0000, 0x0000, 0x0000, 0x0000, 0x0000, 0x0000, 0x0000, 0x0000, 0x0000, 0x0000, 0x0000, 0x0000, 0x0000, 0x0000, 0x0000, 0x0000,
    0x0000, 0x0000, 0x0000, 0x0000, 0x0000, 0x0000, 0x0000, 0x0000, 0x0000, 0x0000, 0x0000, 0x0000, 0x0000, 0x0000, 0x0000, 0x0000,
    0x0000, 0x0000, 0x0000, 0x0000, 0x0000, 0x0000, 0x0000, 0x0000, 0x0000, 0x0000, 0x0000, 0x0000, 0x0000, 0x0000, 0x0000, 0x0000,
    0x0000, 0x0000, 0x0000, 0x0000, 0x0000, 0x0000, 0x0000, 0x0000, 0x0000, 0x0000, 0x0000, 0x0000, 0x0000, 0x0000, 0x0000, 0x0000,
    0x0000, 0x0000, 0x0000, 0x0000, 0x0000, 0x0000, 0x0000, 0x0000, 0x0000, 0x0000, 0x0000, 0x0000, 0x0000, 0x0000, 0x0000, 0x0000,
    0x0000, 0x0000, 0x0000, 0x0000, 0x0000, 0x0000, 0x0000, 0x0000, 0x0000, 0x0000, 0x0000, 0x0000, 0x0000, 0x0000, 0x0000, 0x0000,
    0x0000, 0x0000, 0x0000, 0x0000, 0x0000, 0x0000, 0x0000, 0x0000, 0x0000, 0x0000, 0x0000, 0x0000, 0x0000, 0x0000, 0x0000, 0x0000,
    0x0000, 0x0000, 0x0000, 0x0000, 0x0000, 0x0000, 0x0000, 0x0000, 0x0000, 0x0000, 0x0000, 0x0000, 0x0000, 0x0000, 0x0000, 0x0000,
    0x0000, 0x0000, 0x0000, 0x0000, 0x0000, 0x0000, 0x0000, 0x0000, 0x0000, 0x0000, 0x0000, 0x0000, 0x0000, 0x0000, 0x0000, 0x0000,
    0x0000, 0x0000, 0x0000, 0x0000, 0x0000, 0x0000, 0x0000, 0x0000, 0x0000, 0x0000, 0x0000, 0x0000, 0x0000, 0x0000, 0x0000, 0x0000,
    0x0000, 0x0000, 0x0000, 0x0000, 0x0000, 0x0000, 0x0000, 0x0000, 0x0000, 0x0000, 0x0000, 0x0000, 0x0000, 0x0000, 0x0000, 0x0000,
    0x0000, 0x0000, 0x0000, 0x0000, 0x0000, 0x0000, 0x0000, 0x0000, 0x0000, 0x0000, 0x0000, 0x0000, 0x0000, 0x0000, 0x0000, 0x0000,
    0x0000, 0x0000, 0x0000, 0x0000, 0x0000, 0x0000, 0x0000, 0x0000, 0x0000, 0x0000, 0x0000, 0x0000, 0x0000, 0x0000, 0x0000, 0x0000,
    0x0000, 0x0000, 0x0000, 0x0000, 0x0000, 0x0000, 0x0000, 0x0000, 0x0000, 0x0000, 0x0000, 0x0000, 0x0000, 0x0000, 0x0000, 0x0000,
    0x0000, 0x0000, 0x0000, 0x0000, 0x0000, 0x0000, 0x0000, 0x0000, 0x0000, 0x0000, 0x0000, 0x0000, 0x0000, 0x0000, 0x0000, 0x0000,
    0x0000, 0x0000, 0x0000, 0x0000, 0x0000, 0x0000, 0x0000, 0x0000, 0x0000, 0x0000, 0x0000, 0x0000, 0x0000, 0x0000, 0x0000, 0x0000,
    0x0000, 0x0000, 0x0000, 0x0000, 0x0000, 0x0000, 0x0000, 0x0000, 0x0000, 0x0000, 0x0000, 0x0000, 0x0000, 0x0000, 0x0000, 0x0000,
    0x0000, 0x0000, 0x0000, 0x0000, 0x0000, 0x0000, 0x0000, 0x0000, 0x0000, 0x0000, 0x0000, 0x0000, 0x0000, 0x0000, 0x0000, 0x0000,
    0x0000, 0x0000, 0x0000, 0x0000, 0x0000, 0x0000, 0x0000, 0x0000, 0x0000, 0x0000, 0x0000, 0x0000, 0x0000, 0x0000, 0x0000, 0x0000,
    0x0000, 0x0000, 0x0000, 0x0000, 0x0000, 0x0000, 0x0000, 0x0000, 0x0000, 0x0000, 0x0000, 0x0000, 0x0000, 0x0000, 0x0000, 0x0000,
    0x0000, 0x0000, 0x0000, 0x0000, 0x0000, 0x0000, 0x0000, 0x0000, 0x0000, 0x0000, 0x0000, 0x0000, 0x0000, 0x0000, 0x0000, 0x0000,
    0x0000, 0x0000, 0x0000, 0x0000, 0x0000, 0x0000, 0x0000, 0x0000, 0x0000, 0x0000, 0x0000, 0x0000, 0x0000, 0x0000, 0x0000, 0x0000,
    0x0000, 0x0000, 0x0000, 0x0000, 0x0000, 0x0000, 0x0000, 0x0000, 0x0000, 0x0000, 0x0000, 0x0000, 0x0000, 0x0000, 0x0000, 0x0000,
    0x0000, 0x0000, 0x0000, 0x0000, 0x0000, 0x0000, 0x0000, 0x0000, 0x0000, 0x0000, 0x0000, 0x0000, 0x0000, 0x0000, 0x0000, 0x0000,
    0x0000, 0x0000, 0x0000, 0x0000, 0x0000, 0x0000, 0x0000, 0x0000, 0x0000, 0x0000, 0x0000, 0x0000, 0x0000, 0x0000, 0x0000, 0x0000,
    0x0000, 0x0000, 0x0000, 0x0000, 0x0000, 0x0000, 0x0000, 0x0000, 0x0000, 0x0000, 0x0000, 0x0000, 0x0000, 0x0000, 0x0000, 0x0000,
    0x0000, 0x0000, 0x0000, 0x0000, 0x0000, 0x0000, 0x0000, 0x0000, 0x0000, 0x0000, 0x0000, 0x0000, 0x0000, 0x0000, 0x0000, 0x0000,
    0x0000, 0x0000, 0x0000, 0x0000, 0x0000, 0x0000, 0x0000, 0x0000, 0x0000, 0x0000, 0x0000, 0x0000, 0x0000, 0x0000, 0x0000, 0x0000,
    0x0000, 0x0000, 0x0000, 0x0000, 0x0000, 0x0000, 0x0000, 0x0000, 0x0000, 0x0000, 0x0000, 0x0000, 0x0000, 0x0000, 0x0000, 0x0000,
    0x0000, 0x0000, 0x0000, 0x0000, 0x0000, 0x0000, 0x0000, 0x0000, 0x0000, 0x0000, 0x0000, 0x0000, 0x0000, 0x0000, 0x0000, 0x0000,
    0x0000, 0x0000, 0x0000, 0x0000, 0x0000, 0x0000, 0x0000, 0x0000, 0x0000, 0x0000, 0x0000, 0x0000, 0x0000, 0x0000, 0x0000, 0x0000,
    0x0000, 0x0000, 0x0000, 0x0000, 0x0000, 0x0000, 0x0000, 0x0000, 0x0000, 0x0000, 0x0000, 0x0000, 0x0000, 0x0000, 0x0000, 0x0000,
    0x0000, 0x0000, 0x0000, 0x0000, 0x0000, 0x0000, 0x0000, 0x0000, 0x0000, 0x0000, 0x0000, 0x0000, 0x0000, 0x0000, 0x0000, 0x0000,
    0x0000, 0x0000, 0x0000, 0x0000, 0x0000, 0x0000, 0x0000, 0x0000, 0x0000, 0x0000, 0x0000, 0x0000, 0x0000, 0x0000, 0x0000, 0x0000,
    0x0000, 0x0000, 0x0000, 0x0000, 0x0000, 0x0000, 0x0000, 0x0000, 0x0000, 0x0000, 0x0000, 0x0000, 0x0000, 0x0000, 0x0000, 0x0000,
    0x0000, 0x0000, 0x0000, 0x0000, 0x0000, 0x0000, 0x0000, 0x0000, 0x0000, 0x0000, 0x0000, 0x0000, 0x0000, 0x0000, 0x0000, 0x0000,
    0x0000, 0x0000, 0x0000, 0x0000, 0x0000, 0x0000, 0x0000, 0x0000, 0x0000, 0x0000, 0x0000, 0x0000, 0x0000, 0x0000, 0x0000, 0x0000,
    0x0000, 0x0000, 0x0000, 0x0000, 0x0000, 0x0000, 0x0000, 0x0000, 0x0000, 0x0000, 0x0000, 0x0000, 0x0000, 0x0000, 0x0000, 0x0000,
    0x0000, 0x0000, 0x0000, 0x0000, 0x0000, 0x0000, 0x0000, 0x0000, 0x0000, 0x0000, 0x0000, 0x0000, 0x0000, 0x0000, 0x0000, 0x0000,
    0x0000, 0x0000, 0x0000, 0x0000, 0x0000, 0x0000, 0x0000, 0x0000, 0x0000, 0x0000, 0x0000, 0x0000, 0x0000, 0x0000, 0x0000, 0x0000,
    0x0000, 0x0000, 0x0000, 0x0000, 0x0000, 0x0000, 0x0000, 0x0000, 0x0000, 0x0000, 0x0000, 0x0000, 0x0000, 0x0000, 0x0000, 0x0000,
    0x0000, 0x0000, 0x0000, 0x0000, 0x0000, 0x0000, 0x0000, 0x0000, 0x0000, 0x0000, 0x0000, 0x0000, 0x0000, 0x0000, 0x0000, 0x0000,
    0x0000, 0x0000, 0x0000, 0x0000, 0x0000, 0x0000, 0x0000, 0x0000, 0x0000, 0x0000, 0x0000, 0x0000, 0x0000, 0x0000, 0x0000, 0x0000,
    0x0000, 0x0000, 0x0000, 0x0000, 0x0000, 0x0000, 0x0000, 0x0000, 0x0000, 0x0000, 0x0000, 0x0000, 0x0000, 0x0000, 0x0000, 0x0000,
    0x0000, 0x0000, 0x0000, 0x0000, 0x0000, 0x0000, 0x0000, 0x0000, 0x0000, 0x0000, 0x0000, 0x0000, 0x0000, 0x0000, 0x0000, 0x0000,
    0x0000, 0x0000, 0x0000, 0x0000, 0x0000, 0x0000, 0x0000, 0x0000, 0x0000, 0x0000, 0x0000, 0x0000, 0x0000, 0x0000, 0x0000, 0x0000,
    0x0000, 0x0000, 0x0000, 0x0000, 0x0000, 0x0000, 0x0000, 0x0000, 0x0000, 0x0000, 0x0000, 0x0000, 0x0000, 0x0000, 0x0000, 0x0000,
    0x0000, 0x0000, 0x0000, 0x0000, 0x0000, 0x0000, 0x0000, 0x0000, 0x0000, 0x0000, 0x0000, 0x0000, 0x0000, 0x0000, 0x0000, 0x0000,
    0x0000, 0x0000, 0x0000, 0x0000, 0x0000, 0x0000, 0x0000, 0x0000, 0x0000, 0x0000, 0x0000, 0x0000, 0x0000, 0x0000, 0x0000, 0x0000,
    0x0000, 0x0000, 0x0000, 0x0000, 0x0000, 0x0000, 0x0000, 0x0000, 0x0000, 0x0000, 0x0000, 0x0000, 0x0000, 0x0000, 0x0000, 0x0000,
    0x0000, 0x0000, 0x0000, 0x0000, 0x0000, 0x0000, 0x0000, 0x0000, 0x0000, 0x0000, 0x0000, 0x0000, 0x0000, 0x0000, 0x0000, 0x0000,
    0x0000, 0x0000, 0x0000, 0x0000, 0x0000, 0x0000, 0x0000, 0x0000, 0x0000, 0x0000, 0x0000, 0x0000, 0x0000, 0x0000, 0x0000, 0x0000,
    0x0000, 0x0000, 0x0000, 0x0000, 0x0000, 0x0000, 0x0000, 0x0000, 0x0000, 0x0000, 0x0000, 0x0000, 0x0000, 0x0000, 0x0000, 0x0000,
    0x0000, 0x0000, 0x0000, 0x0000, 0x0000, 0x0000, 0x0000, 0x0000, 0x0000, 0x0000, 0x0000, 0x0000, 0x0000, 0x0000, 0x0000, 0x0000,
    0x0000, 0x0000, 0x0000, 0x0000, 0x0000, 0x0000, 0x0000, 0x0000, 0x0000, 0x0000, 0x0000, 0x0000, 0x0000, 0x0000, 0x0000, 0x0000,
    0x0000, 0x0000, 0x0000, 0x0000, 0x0000, 0x0000, 0x0000, 0x0000, 0x0000, 0x0000, 0x0000, 0x0000, 0x0000, 0x0000, 0x0000, 0x0000,
    0x0000, 0x0000, 0x0000, 0x0000, 0x0000, 0x0000, 0x0000, 0x0000, 0x0000, 0x0000, 0x0000, 0x0000, 0x0000, 0x0000, 0x0000, 0x0000,
    0x0000, 0x0000, 0x0000, 0x0000, 0x0000, 0x0000, 0x0000, 0x0000, 0x0000, 0x0000, 0x0000, 0x0000, 0x0000, 0x0000, 0x0000, 0x0000,
    0x0000, 0x0000, 0x0000, 0x0000, 0x0000, 0x0000, 0x0000, 0x0000, 0x0000, 0x0000, 0x0000, 0x0000, 0x0000, 0x0000, 0x0000, 0x0000,
    0x0000, 0x0000, 0x0000, 0x0000, 0x0000, 0x0000, 0x0000, 0x0000, 0x0000, 0x0000, 0x0000, 0x0000, 0x0000, 0x0000, 0x0000, 0x0000,
    0x0000, 0x0000, 0x0000, 0x0000, 0x0000, 0x0000, 0x0000, 0x0000, 0x0000, 0x0000, 0x0000, 0x0000, 0x0000, 0x0000, 0x0000, 0x0000,
    0x0000, 0x0000, 0x0000, 0x0000, 0x0000, 0x0000, 0x0000, 0x0000, 0x0000, 0x0000, 0x0000, 0x0000, 0x0000, 0x0000, 0x0000, 0x0000,
    0x0000, 0x0000, 0x0000, 0x0000, 0x0000, 0x0000, 0x0000, 0x0000, 0x0000, 0x0000, 0x0000, 0x0000, 0x0000, 0x0000, 0x0000, 0x0000,
    0x0000, 0x0000, 0x0000, 0x0000, 0x0000, 0x0000, 0x0000, 0x0000, 0x0000, 0x0000, 0x0000, 0x0000, 0x0000, 0x0000, 0x0000, 0x0000,
    0x0000, 0x0000, 0x0000, 0x0000, 0x0000, 0x0000, 0x0000, 0x0000, 0x0000, 0x0000, 0x0000, 0x0000, 0x0000, 0x0000, 0x0000, 0x0000,
    0x0000, 0x0000, 0x0000, 0x0000, 0x0000, 0x0000, 0x0000, 0x0000, 0x0000, 0x0000, 0x0000, 0x0000, 0x0000, 0x0000, 0x0000, 0x0000,
    0x0000, 0x0000, 0x0000, 0x0000, 0x0000, 0x0000, 0x0000, 0x0000, 0x0000, 0x0000, 0x0000, 0x0000, 0x0000, 0x0000, 0x0000, 0x0000,
    0x0000, 0x0000, 0x0000, 0x0000, 0x0000, 0x0000, 0x0000, 0x0000, 0x0000, 0x0000, 0x0000, 0x0000, 0x0000, 0x0000, 0x0000, 0x0000,
    0x0000, 0x0000, 0x0000, 0x0000, 0x0000, 0x0000, 0x0000, 0x0000, 0x0000, 0x0000, 0x0000, 0x0000, 0x0000, 0x0000, 0x0000, 0x0000,
    0x0000, 0x0000, 0x0000, 0x0000, 0x0000, 0x0000, 0x0000, 0x0000, 0x0000, 0x0000, 0x0000, 0x0000, 0x0000, 0x0000, 0x0000, 0x0000,
    0x0000, 0x0000, 0x0000, 0x0000, 0x0000, 0x0000, 0x0000, 0x0000, 0x0000, 0x0000, 0x0000, 0x0000, 0x0000, 0x0000, 0x0000, 0x0000,
    0x0000, 0x0000, 0x0000, 0x0000, 0x0000, 0x0000, 0x0000, 0x0000, 0x0000, 0x0000, 0x0000, 0x0000, 0x0000, 0x0000, 0x0000, 0x0000,
    0x0000, 0x0000, 0x0000, 0x0000, 0x0000, 0x0000, 0x0000, 0x0000, 0x0000, 0x0000, 0x0000, 0x0000, 0x0000, 0x0000, 0x0000, 0x0000,
    0x0000, 0x0000, 0x0000, 0x0000, 0x0000, 0x0000, 0x0000, 0x0000, 0x0000, 0x0000, 0x0000, 0x0000, 0x0000, 0x0000, 0x0000, 0x0000,
    0x0000, 0x0000, 0x0000, 0x0000, 0x0000, 0x0000, 0x0000, 0x0000, 0x0000, 0x0000, 0x0000, 0x0000, 0x0000, 0x0000, 0x0000, 0x0000,
    0x0000, 0x0000, 0x0000, 0x0000, 0x0000, 0x0000, 0x0000, 0x0000, 0x0000, 0x0000, 0x0000, 0x0000, 0x0000, 0x0000, 0x0000, 0x0000,
    0x0000, 0x0000, 0x0000, 0x0000, 0x0000, 0x0000, 0x0000, 0x0000, 0x0000, 0x0000, 0x0000, 0x0000, 0x0000, 0x0000, 0x0000, 0x0000,
    0x0000, 0x0000, 0x0000, 0x0000, 0x0000, 0x0000, 0x0000, 0x0000, 0x0000, 0x0000, 0x0000, 0x0000, 0x0000, 0x0000, 0x0000, 0x0000,
    0x0000, 0x0000, 0x0000, 0x0000, 0x0000, 0x0000, 0x0000, 0x0000, 0x0000, 0x0000, 0x0000, 0x0000, 0x0000, 0x0000, 0x0000, 0x0000,
    0x0000, 0x0000, 0x0000, 0x0000, 0x0000, 0x0000, 0x0000, 0x0000, 0x0000, 0x0000, 0x0000, 0x0000, 0x0000, 0x0000, 0x0000, 0x0000,
    0x0000, 0x0000, 0x0000, 0x0000, 0x0000, 0x0000, 0x0000, 0x0000, 0x0000, 0x0000, 0x0000, 0x0000, 0x0000, 0x0000, 0x0000, 0x0000,
    0x0000, 0x0000, 0x0000, 0x0000, 0x0000, 0x0000, 0x0000, 0x0000, 0x0000, 0x0000, 0x0000, 0x0000, 0x0000, 0x0000, 0x0000, 0x0000,
    0x0000, 0x0000, 0x0000, 0x0000, 0x0000, 0x0000, 0x0000, 0x0000, 0x0000, 0x0000, 0x0000, 0x0000, 0x0000, 0x0000, 0x0000, 0x0000,
    0x0000, 0x0000, 0x0000, 0x0000, 0x0000, 0x0000, 0x0000, 0x0000, 0x0000, 0x0000, 0x0000, 0x0000, 0x0000, 0x0000, 0x0000, 0x0000,
    0x0000, 0x0000, 0x0000, 0x0000, 0x0000, 0x0000, 0x0000, 0x0000, 0x0000, 0x0000, 0x0000, 0x0000, 0x0000, 0x0000, 0x0000, 0x0000,
    0x0000, 0x0000, 0x0000, 0x0000, 0x0000, 0x0000, 0x0000, 0x0000, 0x0000, 0x0000, 0x0000, 0x0000, 0x0000, 0x0000, 0x0000, 0x0000,
    0x0000, 0x0000, 0x0000, 0x0000, 0x0000, 0x0000, 0x0000, 0x0000, 0x0000, 0x0000, 0x0000, 0x0000, 0x0000, 0x0000, 0x0000, 0x0000,
    0x0000, 0x0000, 0x0000, 0x0000, 0x0000, 0x0000, 0x0000, 0x0000, 0x0000, 0x0000, 0x0000, 0x0000, 0x0000, 0x0000, 0x0000, 0x0000,
    0x0000, 0x0000, 0x0000, 0x0000, 0x0000, 0x0000, 0x0000, 0x0000, 0x0000, 0x0000, 0x0000, 0x0000, 0x0000, 0x0000, 0x0000, 0x0000,
    0x0000, 0x0000, 0x0000, 0x0000, 0x0000, 0x0000, 0x0000, 0x0000, 0x0000, 0x0000, 0x0000, 0x0000, 0x0000, 0x0000, 0x0000, 0x0000,
    0x0000, 0x0000, 0x0000, 0x0000, 0x0000, 0x0000, 0x0000, 0x0000, 0x0000, 0x0000, 0x0000, 0x0000, 0x0000, 0x0000, 0x0000, 0x0000,
    0x0000, 0x0000, 0x0000, 0x0000, 0x0000, 0x0000, 0x0000, 0x0000, 0x0000, 0x0000, 0x0000, 0x0000, 0x0000, 0x0000, 0x0000, 0x0000,
    0x0000, 0x0000, 0x0000, 0x0000, 0x0000, 0x0000, 0x0000, 0x0000, 0x0000, 0x0000, 0x0000, 0x0000, 0x0000, 0x0000, 0x0000, 0x0000,
    0x0000, 0x0000, 0x0000, 0x0000, 0x0000, 0x0000, 0x0000, 0x0000, 0x0000, 0x0000, 0x0000, 0x0000, 0x0000, 0x0000, 0x0000, 0x0000,
    0x0000, 0x0000, 0x0000, 0x0000, 0x0000, 0x0000, 0x0000, 0x0000, 0x0000, 0x0000, 0x0000, 0x0000, 0x0000, 0x0000, 0x0000, 0x0000,
    0x0000, 0x0000, 0x0000, 0x0000, 0x0000, 0x0000, 0x0000, 0x0000, 0x0000, 0x0000, 0x0000, 0x0000, 0x0000, 0x0000, 0x0000, 0x0000,
    0x0000, 0x0000, 0x0000, 0x0000, 0x0000, 0x0000, 0x0000, 0x0000, 0x0000, 0x0000, 0x0000, 0x0000, 0x0000, 0x0000, 0x0000, 0x0000,
    0x0000, 0x0000, 0x0000, 0x0000, 0x0000, 0x0000, 0x0000, 0x0000, 0x0000, 0x0000, 0x0000, 0x0000, 0x0000, 0x0000, 0x0000, 0x0000,
    0x0000, 0x0000, 0x0000, 0x0000, 0x0000, 0x0000, 0x0000, 0x0000, 0x0000, 0x0000, 0x0000, 0x0000, 0x0000, 0x0000, 0x0000, 0x0000,
    0x0000, 0x0000, 0x0000, 0x0000, 0x0000, 0x0000, 0x0000, 0x0000, 0x0000, 0x0000, 0x0000, 0x0000, 0x0000, 0x0000, 0x0000, 0x0000,
    0x0000, 0x0000, 0x0000, 0x0000, 0x0000, 0x0000, 0x0000, 0x0000, 0x0000, 0x0000, 0x0000, 0x0000, 0x0000, 0x0000, 0x0000, 0x0000,
    0x0000, 0x0000, 0x0000, 0x0000, 0x0000, 0x0000, 0x0000, 0x0000, 0x0000, 0x0000, 0x0000, 0x0000, 0x0000, 0x0000, 0x0000, 0x0000,
    0x0000, 0x0000, 0x0000, 0x0000, 0x0000, 0x0000, 0x0000, 0x0000, 0x0000, 0x0000, 0x0000, 0x0000, 0x0000, 0x0000, 0x0000, 0x0000,
    0x0000, 0x0000, 0x0000, 0x0000, 0x0000, 0x0000, 0x0000, 0x0000, 0x0000, 0x0000, 0x0000, 0x0000, 0x0000, 0x0000, 0x0000, 0x0000,
    0x0000, 0x0000, 0x0000, 0x0000, 0x0000, 0x0000, 0x0000, 0x0000, 0x0000, 0x0000, 0x0000, 0x0000, 0x0000, 0x0000, 0x0000, 0x0000,
    0x0000, 0x0000, 0x0000, 0x0000, 0x0000, 0x0000, 0x0000, 0x0000, 0x0000, 0x0000, 0x0000, 0x0000, 0x0000, 0x0000, 0x0000, 0x0000,
    0x0000, 0x0000, 0x0000, 0x0000, 0x0000, 0x0000, 0x0000, 0x0000, 0x0000, 0x0000, 0x0000, 0x0000, 0x0000, 0x0000, 0x0000, 0x0000,
    0x0000, 0x0000, 0x0000, 0x0000, 0x0000, 0x0000, 0x0000, 0x0000, 0x0000, 0x0000, 0x0000, 0x0000, 0x0000, 0x0000, 0x0000, 0x0000,
    0x0000, 0x0000, 0x0000, 0x0000, 0x0000, 0x0000, 0x0000, 0x0000, 0x0000, 0x0000, 0x0000, 0x0000, 0x0000, 0x0000, 0x0000, 0x0000,
    0x0000, 0x0000, 0x0000, 0x0000, 0x0000, 0x0000, 0x0000, 0x0000, 0x0000, 0x0000, 0x0000, 0x0000, 0x0000, 0x0000, 0x0000, 0x0000,
    0x0000, 0x0000, 0x0000, 0x0000, 0x0000, 0x0000, 0x0000, 0x0000, 0x0000, 0x0000, 0x0000, 0x0000, 0x0000, 0x0000, 0x0000, 0x0000,
    0x0000, 0x0000, 0x0000, 0x0000, 0x0000, 0x0000, 0x0000, 0x0000, 0x0000, 0x0000, 0x0000, 0x0000, 0x0000, 0x0000, 0x0000, 0x0000,
    0x0000, 0x0000, 0x0000, 0x0000, 0x0000, 0x0000, 0x0000, 0x0000, 0x0000, 0x0000, 0x0000, 0x0000, 0x0000, 0x0000, 0x0000, 0x0000,
    0x0000, 0x0000, 0x0000, 0x0000, 0x0000, 0x0000, 0x0000, 0x0000, 0x0000, 0x0000, 0x0000, 0x0000, 0x0000, 0x0000, 0x0000, 0x0000,
    0x0000, 0x0000, 0x0000, 0x0000, 0x0000, 0x0000, 0x0000, 0x0000, 0x0000, 0x0000, 0x0000, 0x0000, 0x0000, 0x0000, 0x0000, 0x0000,
    0x0000, 0x0000, 0x0000, 0x0000, 0x0000, 0x0000, 0x0000, 0x0000, 0x0000, 0x0000, 0x0000, 0x0000, 0x0000, 0x0000, 0x0000, 0x0000,
    0x0000, 0x0000, 0x0000, 0x0000, 0x0000, 0x0000, 0x0000, 0x0000, 0x0000, 0x0000, 0x0000, 0x0000, 0x0000, 0x0000, 0x0000, 0x0000,
    0x0000, 0x0000, 0x0000, 0x0000, 0x0000, 0x0000, 0x0000, 0x0000, 0x0000, 0x0000, 0x0000, 0x0000, 0x0000, 0x0000, 0x0000, 0x0000,
    0x0000, 0x0000, 0x0000, 0x0000, 0x0000, 0x0000, 0x0000, 0x0000, 0x0000, 0x0000, 0x0000, 0x0000, 0x0000, 0x0000, 0x0000, 0x0000,
    0x0000, 0x0000, 0x0000, 0x0000, 0x0000, 0x0000, 0x0000, 0x0000, 0x0000, 0x0000, 0x0000, 0x0000, 0x0000, 0x0000, 0x0000, 0x0000,
    0x0000, 0x0000, 0x0000, 0x0000, 0x0000, 0x0000, 0x0000, 0x0000, 0x0000, 0x0000, 0x0000, 0x0000, 0x0000, 0x0000, 0x0000, 0x0000,
    0x0000, 0x0000, 0x0000, 0x0000, 0x0000, 0x0000, 0x0000, 0x0000, 0x0000, 0x0000, 0x0000, 0x0000, 0x0000, 0x0000, 0x0000, 0x0000,
    0x0000, 0x0000, 0x0000, 0x0000, 0x0000, 0x0000, 0x0000, 0x0000, 0x0000, 0x0000, 0x0000, 0x0000, 0x0000, 0x0000, 0x0000, 0x0000,
    0x0000, 0x0000, 0x0000, 0x0000, 0x0000, 0x0000, 0x0000, 0x0000, 0x0000, 0x0000, 0x0000, 0x0000, 0x0000, 0x0000, 0x0000, 0x0000,
    0x0000, 0x0000, 0x0000, 0x0000, 0x0000, 0x0000, 0x0000, 0x0000, 0x0000, 0x0000, 0x0000, 0x0000, 0x0000, 0x0000, 0x0000, 0x0000,
    0x0000, 0x0000, 0x0000, 0x0000, 0x0000, 0x0000, 0x0000, 0x0000, 0x0000, 0x0000, 0x0000, 0x0000, 0x0000, 0x0000, 0x0000, 0x0000,
    0x0000, 0x0000, 0x0000, 0x0000, 0x0000, 0x0000, 0x0000, 0x0000, 0x0000, 0x0000, 0x0000, 0x0000, 0x0000, 0x0000, 0x0000, 0x0000,
    0x0000, 0x0000, 0x0000, 0x0000, 0x0000, 0x0000, 0x0000, 0x0000, 0x0000, 0x0000, 0x0000, 0x0000, 0x0000, 0x0000, 0x0000, 0x0000,
    0x0000, 0x0000, 0x0000, 0x0000, 0x0000, 0x0000, 0x0000, 0x0000, 0x0000, 0x0000, 0x0000, 0x0000, 0x0000, 0x0000, 0x0000, 0x0000,
    0x0000, 0x0000, 0x0000, 0x0000, 0x0000, 0x0000, 0x0000, 0x0000, 0x0000, 0x0000, 0x0000, 0x0000, 0x0000, 0x0000, 0x0000, 0x0000,
    0x0000, 0x0000, 0x0000, 0x0000, 0x0000, 0x0000, 0x0000, 0x0000, 0x0000, 0x0000, 0x0000, 0x0000, 0x0000, 0x0000, 0x0000, 0x0000,
    0x0000, 0x0000, 0x0000, 0x0000, 0x0000, 0x0000, 0x0000, 0x0000, 0x0000, 0x0000, 0x0000, 0x0000, 0x0000, 0x0000, 0x0000, 0x0000,
    0x0000, 0x0000, 0x0000, 0x0000, 0x0000, 0x0000, 0x0000, 0x0000, 0x0000, 0x0000, 0x0000, 0x0000, 0x0000, 0x0000, 0x0000, 0x0000,
    0x0000, 0x0000, 0x0000, 0x0000, 0x0000, 0x0000, 0x0000, 0x0000, 0x0000, 0x0000, 0x0000, 0x0000, 0x0000, 0x0000, 0x0000, 0x0000,
    0x0000, 0x0000, 0x0000, 0x0000, 0x0000, 0x0000, 0x0000, 0x0000, 0x0000, 0x0000, 0x0000, 0x0000, 0x0000, 0x0000, 0x0000, 0x0000,
    0x0000, 0x0000, 0x0000, 0x0000, 0x0000, 0x0000, 0x0000, 0x0000, 0x0000, 0x0000, 0x0000, 0x0000, 0x0000, 0x0000, 0x0000, 0x0000,
    0x0000, 0x0000, 0x0000, 0x0000, 0x0000, 0x0000, 0x0000, 0x0000, 0x0000, 0x0000, 0x0000, 0x0000, 0x0000, 0x0000, 0x0000, 0x0000,
    0x0000, 0x0000, 0x0000, 0x0000, 0x0000, 0x0000, 0x0000, 0x0000, 0x0000, 0x0000, 0x0000, 0x0000, 0x0000, 0x0000, 0x0000, 0x0000,
    0x0000, 0x0000, 0x0000, 0x0000, 0x0000, 0x0000, 0x0000, 0x0000, 0x0000, 0x0000, 0x0000, 0x0000, 0x0000, 0x0000, 0x0000, 0x0000,
    0x0000, 0x0000, 0x0000, 0x0000, 0x0000, 0x0000, 0x0000, 0x0000, 0x0000, 0x0000, 0x0000, 0x0000, 0x0000, 0x0000, 0x0000, 0x0000,
    0x0000, 0x0000, 0x0000, 0x0000, 0x0000, 0x0000, 0x0000, 0x0000, 0x0000, 0x0000, 0x0000, 0x0000, 0x0000, 0x0000, 0x0000, 0x0000,
    0x0000, 0x0000, 0x0000, 0x0000, 0x0000, 0x0000, 0x0000, 0x0000, 0x0000, 0x0000, 0x0000, 0x0000, 0x0000, 0x0000, 0x0000, 0x0000,
    0x0000, 0x0000, 0x0000, 0x0000, 0x0000, 0x0000, 0x0000, 0x0000, 0x0000, 0x0000, 0x0000, 0x0000, 0x0000, 0x0000, 0x0000, 0x0000,
    0x0000, 0x0000, 0x0000, 0x0000, 0x0000, 0x0000, 0x0000, 0x0000, 0x0000, 0x0000, 0x0000, 0x0000, 0x0000, 0x0000, 0x0000, 0x0000,
    0x0000, 0x0000, 0x0000, 0x0000, 0x0000, 0x0000, 0x0000, 0x0000, 0x0000, 0x0000, 0x0000, 0x0000, 0x0000, 0x0000, 0x0000, 0x0000,
    0x0000, 0x0000, 0x0000, 0x0000, 0x0000, 0x0000, 0x0000, 0x0000, 0x0000, 0x0000, 0x0000, 0x0000, 0x0000, 0x0000, 0x0000, 0x0000,
    0x0000, 0x0000, 0x0000, 0x0000, 0x0000, 0x0000, 0x0000, 0x0000, 0x0000, 0x0000, 0x0000, 0x0000, 0x0000, 0x0000, 0x0000, 0x0000,
    0x0000, 0x0000, 0x0000, 0x0000, 0x0000, 0x0000, 0x0000, 0x0000, 0x0000, 0x0000, 0x0000, 0x0000, 0x0000, 0x0000, 0x0000, 0x0000,
    0x0000, 0x0000, 0x0000, 0x0000, 0x0000, 0x0000, 0x0000, 0x0000, 0x0000, 0x0000, 0x0000, 0x0000, 0x0000, 0x0000, 0x0000, 0x0000,
    0x0000, 0x0000, 0x0000, 0x0000, 0x0000, 0x0000, 0x0000, 0x0000, 0x0000, 0x0000, 0x0000, 0x0000, 0x0000, 0x0000, 0x0000, 0x0000,
    0x0000, 0x0000, 0x0000, 0x0000, 0x0000, 0x0000, 0x0000, 0x0000, 0x0000, 0x0000, 0x0000, 0x0000, 0x0000, 0x0000, 0x0000, 0x0000,
    0x0000, 0x0000, 0x0000, 0x0000, 0x0000, 0x0000, 0x0000, 0x0000, 0x0000, 0x0000, 0x0000, 0x0000, 0x0000, 0x0000, 0x0000, 0x0000,
    0x0000, 0x0000, 0x0000, 0x0000, 0x0000, 0x0000, 0x0000, 0x0000, 0x0000, 0x0000, 0x0000, 0x0000, 0x0000, 0x0000, 0x0000, 0x0000
};

static const TEXTURE tex_items = {
    .width = 256,
    .height = 256,
    .has_transparency = true,
    .transparent_color = 0x0000,
    .bitmap = texdata_items
};
