// Generated from the Minecraft 1.17.1 GUI textures by
// tools/textures/gen_loading_textures.py -- do not edit by hand.
// Regenerate: python3 tools/textures/gen_loading_textures.py
COLOR loading_data[] = {
    0xbc2b, 0x9369, 0x9369, 0x7aa7, 0x7aa7, 0xbc2b, 0x9369, 0x9369, 0x7aa7, 0x7aa7, 0x59e5, 0x7aa7, 0x7aa7, 0xbc2b, 0x7aa7, 0xbc2b,
    0xbc2b, 0x9369, 0x9369, 0x7aa7, 0x7aa7, 0xbc2b, 0x9369, 0x9369, 0x7aa7, 0x7aa7, 0x59e5, 0x7aa7, 0x7aa7, 0xbc2b, 0x7aa7, 0xbc2b,
    0xbc2b, 0x9369, 0x9369, 0x7aa7, 0x7aa7, 0xbc2b, 0x9369, 0x9369, 0x7aa7, 0x7aa7, 0x59e5, 0x7aa7, 0x7aa7, 0xbc2b, 0x7aa7, 0xbc2b,
    0xbc2b, 0x9369, 0x9369, 0x7aa7, 0x7aa7, 0xbc2b, 0x9369, 0x9369, 0x7aa7, 0x7aa7, 0x59e5, 0x7aa7, 0x7aa7, 0xbc2b, 0x7aa7, 0xbc2b,
    0xbc2b, 0x9369, 0x9369, 0x7aa7, 0x7aa7, 0xbc2b, 0x9369, 0x9369, 0x7aa7, 0x7aa7, 0x59e5, 0x7aa7, 0x7aa7, 0xbc2b, 0x7aa7, 0xbc2b,
    0xbc2b, 0x9369, 0x9369, 0x7aa7, 0x7aa7, 0xbc2b, 0x9369, 0x9369, 0x7aa7, 0x7aa7, 0x59e5, 0x7aa7, 0x7aa7, 0xbc2b, 0x7aa7, 0xbc2b,
    0xbc2b, 0x9369, 0x9369, 0x7aa7, 0x7aa7, 0xbc2b, 0x9369, 0x9369, 0x7aa7, 0x7aa7, 0x59e5, 0x7aa7, 0x7aa7, 0xbc2b, 0x7aa7, 0xbc2b,
    0xbc2b, 0x9369, 0x9369, 0x7aa7, 0x7aa7, 0xbc2b, 0x9369, 0x9369, 0x7aa7, 0x7aa7, 0x59e5, 0x7aa7, 0x7aa7, 0xbc2b, 0x7aa7, 0xbc2b,
    0xbc2b, 0x9369, 0x9369, 0x7aa7, 0x7aa7, 0xbc2b, 0x9369, 0x9369, 0x7aa7, 0x7aa7, 0x59e5, 0x7aa7, 0x7aa7, 0xbc2b, 0x7aa7, 0xbc2b,
    0xbc2b, 0x9369, 0x9369, 0x7aa7, 0x7aa7, 0xbc2b, 0x9369, 0x9369, 0x7aa7, 0x7aa7, 0x59e5, 0x7aa7, 0x7aa7, 0xbc2b, 0x7aa7, 0xbc2b,
    0xbc2b, 0x9369, 0x9369, 0x7aa7, 0x7aa7, 0xbc2b, 0x9369, 0x9369, 0x7aa7, 0x7aa7, 0x59e5, 0x7aa7, 0x7aa7, 0xbc2b, 0x7aa7, 0xbc2b,
    0xbc2b, 0x9369, 0x9369, 0x7aa7, 0x7aa7, 0xbc2b, 0x9369, 0x9369, 0x7aa7, 0x7aa7, 0x59e5, 0x7aa7, 0x7aa7, 0xbc2b, 0x7aa7, 0xbc2b,
    0xbc2b, 0x9369, 0x9369, 0x7aa7, 0x7aa7, 0xbc2b, 0x9369, 0x9369, 0x7aa7, 0x7aa7, 0x59e5, 0x7aa7, 0x7aa7, 0xbc2b, 0x7aa7, 0xbc2b,
    0xbc2b, 0x9369, 0x9369, 0x7aa7, 0x7aa7, 0xbc2b, 0x9369, 0x9369, 0x7aa7, 0x7aa7, 0x59e5, 0x7aa7, 0x7aa7, 0xbc2b, 0x7aa7, 0xbc2b,
    0xbc2b, 0x9369, 0x9369, 0x7aa7, 0x7aa7, 0xbc2b, 0x9369, 0x9369, 0x7aa7, 0x7aa7, 0x59e5, 0x7aa7, 0x7aa7, 0xbc2b, 0x7aa7, 0xbc2b,
    0xbc2b, 0x9369, 0x9369, 0x7aa7, 0x7aa7, 0xbc2b, 0x9369, 0x9369, 0x7aa7, 0x7aa7, 0x59e5, 0x7aa7, 0x7aa7, 0xbc2b, 0x7aa7, 0xbc2b,
    0xbc2b, 0x9369, 0x9369, 0x7aa7, 0x7aa7, 0xbc2b, 0x9369, 0x9369, 0x7aa7, 0x7aa7, 0x59e5, 0x7aa7, 0x7aa7, 0xbc2b, 0x7aa7, 0xbc2b,
    0xbc2b, 0x9369, 0x9369, 0x7aa7, 0x7aa7, 0xbc2b, 0x9369, 0x9369, 0x7aa7, 0x7aa7, 0x59e5, 0x7aa7, 0x7aa7, 0xbc2b, 0x7aa7, 0xbc2b,
    0xbc2b, 0x9369, 0x9369, 0x7aa7, 0x7aa7, 0xbc2b, 0x9369, 0x9369, 0x7aa7, 0x7aa7, 0x59e5, 0x7aa7, 0x7aa7, 0xbc2b, 0x7aa7, 0xbc2b,
    0xbc2b, 0x9369, 0x9369, 0x7aa7, 0x7aa7, 0xbc2b, 0x9369, 0x9369, 0x7aa7, 0x7aa7, 0x59e5, 0x7aa7, 0x7aa7, 0xbc2b, 0x7aa7, 0xbc2b,
    0x7aa7, 0x9369, 0x59e5, 0x7aa7, 0x7aa7, 0x9369, 0x8430, 0x59e5, 0x7aa7, 0xbc2b, 0x9369, 0x7aa7, 0x7aa7, 0x9369, 0x59e5, 0x59e5,
    0x7aa7, 0x9369, 0x59e5, 0x7aa7, 0x7aa7, 0x9369, 0x8430, 0x59e5, 0x7aa7, 0xbc2b, 0x9369, 0x7aa7, 0x7aa7, 0x9369, 0x59e5, 0x59e5,
    0x7aa7, 0x9369, 0x59e5, 0x7aa7, 0x7aa7, 0x9369, 0x8430, 0x59e5, 0x7aa7, 0xbc2b, 0x9369, 0x7aa7, 0x7aa7, 0x9369, 0x59e5, 0x59e5,
    0x7aa7, 0x9369, 0x59e5, 0x7aa7, 0x7aa7, 0x9369, 0x8430, 0x59e5, 0x7aa7, 0xbc2b, 0x9369, 0x7aa7, 0x7aa7, 0x9369, 0x59e5, 0x59e5,
    0x7aa7, 0x9369, 0x59e5, 0x7aa7, 0x7aa7, 0x9369, 0x8430, 0x59e5, 0x7aa7, 0xbc2b, 0x9369, 0x7aa7, 0x7aa7, 0x9369, 0x59e5, 0x59e5,
    0x7aa7, 0x9369, 0x59e5, 0x7aa7, 0x7aa7, 0x9369, 0x8430, 0x59e5, 0x7aa7, 0xbc2b, 0x9369, 0x7aa7, 0x7aa7, 0x9369, 0x59e5, 0x59e5,
    0x7aa7, 0x9369, 0x59e5, 0x7aa7, 0x7aa7, 0x9369, 0x8430, 0x59e5, 0x7aa7, 0xbc2b, 0x9369, 0x7aa7, 0x7aa7, 0x9369, 0x59e5, 0x59e5,
    0x7aa7, 0x9369, 0x59e5, 0x7aa7, 0x7aa7, 0x9369, 0x8430, 0x59e5, 0x7aa7, 0xbc2b, 0x9369, 0x7aa7, 0x7aa7, 0x9369, 0x59e5, 0x59e5,
    0x7aa7, 0x9369, 0x59e5, 0x7aa7, 0x7aa7, 0x9369, 0x8430, 0x59e5, 0x7aa7, 0xbc2b, 0x9369, 0x7aa7, 0x7aa7, 0x9369, 0x59e5, 0x59e5,
    0x7aa7, 0x9369, 0x59e5, 0x7aa7, 0x7aa7, 0x9369, 0x8430, 0x59e5, 0x7aa7, 0xbc2b, 0x9369, 0x7aa7, 0x7aa7, 0x9369, 0x59e5, 0x59e5,
    0x7aa7, 0x9369, 0x59e5, 0x7aa7, 0x7aa7, 0x9369, 0x8430, 0x59e5, 0x7aa7, 0xbc2b, 0x9369, 0x7aa7, 0x7aa7, 0x9369, 0x59e5, 0x59e5,
    0x7aa7, 0x9369, 0x59e5, 0x7aa7, 0x7aa7, 0x9369, 0x8430, 0x59e5, 0x7aa7, 0xbc2b, 0x9369, 0x7aa7, 0x7aa7, 0x9369, 0x59e5, 0x59e5,
    0x7aa7, 0x9369, 0x59e5, 0x7aa7, 0x7aa7, 0x9369, 0x8430, 0x59e5, 0x7aa7, 0xbc2b, 0x9369, 0x7aa7, 0x7aa7, 0x9369, 0x59e5, 0x59e5,
    0x7aa7, 0x9369, 0x59e5, 0x7aa7, 0x7aa7, 0x9369, 0x8430, 0x59e5, 0x7aa7, 0xbc2b, 0x9369, 0x7aa7, 0x7aa7, 0x9369, 0x59e5, 0x59e5,
    0x7aa7, 0x9369, 0x59e5, 0x7aa7, 0x7aa7, 0x9369, 0x8430, 0x59e5, 0x7aa7, 0xbc2b, 0x9369, 0x7aa7, 0x7aa7, 0x9369, 0x59e5, 0x59e5,
    0x7aa7, 0x9369, 0x59e5, 0x7aa7, 0x7aa7, 0x9369, 0x8430, 0x59e5, 0x7aa7, 0xbc2b, 0x9369, 0x7aa7, 0x7aa7, 0x9369, 0x59e5, 0x59e5,
    0x7aa7, 0x9369, 0x59e5, 0x7aa7, 0x7aa7, 0x9369, 0x8430, 0x59e5, 0x7aa7, 0xbc2b, 0x9369, 0x7aa7, 0x7aa7, 0x9369, 0x59e5, 0x59e5,
    0x7aa7, 0x9369, 0x59e5, 0x7aa7, 0x7aa7, 0x9369, 0x8430, 0x59e5, 0x7aa7, 0xbc2b, 0x9369, 0x7aa7, 0x7aa7, 0x9369, 0x59e5, 0x59e5,
    0x7aa7, 0x9369, 0x59e5, 0x7aa7, 0x7aa7, 0x9369, 0x8430, 0x59e5, 0x7aa7, 0xbc2b, 0x9369, 0x7aa7, 0x7aa7, 0x9369, 0x59e5, 0x59e5,
    0x7aa7, 0x9369, 0x59e5, 0x7aa7, 0x7aa7, 0x9369, 0x8430, 0x59e5, 0x7aa7, 0xbc2b, 0x9369, 0x7aa7, 0x7aa7, 0x9369, 0x59e5, 0x59e5,
    0xbc2b, 0x7aa7, 0x7aa7, 0x59e5, 0xbc2b, 0x7aa7, 0x7aa7, 0x7aa7, 0xbc2b, 0x7aa7, 0x7aa7, 0x7aa7, 0x59e5, 0x59e5, 0xbc2b, 0x7aa7,
    0xbc2b, 0x7aa7, 0x7aa7, 0x59e5, 0xbc2b, 0x7aa7, 0x7aa7, 0x7aa7, 0xbc2b, 0x7aa7, 0x7aa7, 0x7aa7, 0x59e5, 0x59e5, 0xbc2b, 0x7aa7,
    0xbc2b, 0x7aa7, 0x7aa7, 0x59e5, 0xbc2b, 0x7aa7, 0x7aa7, 0x7aa7, 0xbc2b, 0x7aa7, 0x7aa7, 0x7aa7, 0x59e5, 0x59e5, 0xbc2b, 0x7aa7,
    0xbc2b, 0x7aa7, 0x7aa7, 0x59e5, 0xbc2b, 0x7aa7, 0x7aa7, 0x7aa7, 0xbc2b, 0x7aa7, 0x7aa7, 0x7aa7, 0x59e5, 0x59e5, 0xbc2b, 0x7aa7,
    0xbc2b, 0x7aa7, 0x7aa7, 0x59e5, 0xbc2b, 0x7aa7, 0x7aa7, 0x7aa7, 0xbc2b, 0x7aa7, 0x7aa7, 0x7aa7, 0x59e5, 0x59e5, 0xbc2b, 0x7aa7,
    0xbc2b, 0x7aa7, 0x7aa7, 0x59e5, 0xbc2b, 0x7aa7, 0x7aa7, 0x7aa7, 0xbc2b, 0x7aa7, 0x7aa7, 0x7aa7, 0x59e5, 0x59e5, 0xbc2b, 0x7aa7,
    0xbc2b, 0x7aa7, 0x7aa7, 0x59e5, 0xbc2b, 0x7aa7, 0x7aa7, 0x7aa7, 0xbc2b, 0x7aa7, 0x7aa7, 0x7aa7, 0x59e5, 0x59e5, 0xbc2b, 0x7aa7,
    0xbc2b, 0x7aa7, 0x7aa7, 0x59e5, 0xbc2b, 0x7aa7, 0x7aa7, 0x7aa7, 0xbc2b, 0x7aa7, 0x7aa7, 0x7aa7, 0x59e5, 0x59e5, 0xbc2b, 0x7aa7,
    0xbc2b, 0x7aa7, 0x7aa7, 0x59e5, 0xbc2b, 0x7aa7, 0x7aa7, 0x7aa7, 0xbc2b, 0x7aa7, 0x7aa7, 0x7aa7, 0x59e5, 0x59e5, 0xbc2b, 0x7aa7,
    0xbc2b, 0x7aa7, 0x7aa7, 0x59e5, 0xbc2b, 0x7aa7, 0x7aa7, 0x7aa7, 0xbc2b, 0x7aa7, 0x7aa7, 0x7aa7, 0x59e5, 0x59e5, 0xbc2b, 0x7aa7,
    0xbc2b, 0x7aa7, 0x7aa7, 0x59e5, 0xbc2b, 0x7aa7, 0x7aa7, 0x7aa7, 0xbc2b, 0x7aa7, 0x7aa7, 0x7aa7, 0x59e5, 0x59e5, 0xbc2b, 0x7aa7,
    0xbc2b, 0x7aa7, 0x7aa7, 0x59e5, 0xbc2b, 0x7aa7, 0x7aa7, 0x7aa7, 0xbc2b, 0x7aa7, 0x7aa7, 0x7aa7, 0x59e5, 0x59e5, 0xbc2b, 0x7aa7,
    0xbc2b, 0x7aa7, 0x7aa7, 0x59e5, 0xbc2b, 0x7aa7, 0x7aa7, 0x7aa7, 0xbc2b, 0x7aa7, 0x7aa7, 0x7aa7, 0x59e5, 0x59e5, 0xbc2b, 0x7aa7,
    0xbc2b, 0x7aa7, 0x7aa7, 0x59e5, 0xbc2b, 0x7aa7, 0x7aa7, 0x7aa7, 0xbc2b, 0x7aa7, 0x7aa7, 0x7aa7, 0x59e5, 0x59e5, 0xbc2b, 0x7aa7,
    0xbc2b, 0x7aa7, 0x7aa7, 0x59e5, 0xbc2b, 0x7aa7, 0x7aa7, 0x7aa7, 0xbc2b, 0x7aa7, 0x7aa7, 0x7aa7, 0x59e5, 0x59e5, 0xbc2b, 0x7aa7,
    0xbc2b, 0x7aa7, 0x7aa7, 0x59e5, 0xbc2b, 0x7aa7, 0x7aa7, 0x7aa7, 0xbc2b, 0x7aa7, 0x7aa7, 0x7aa7, 0x59e5, 0x59e5, 0xbc2b, 0x7aa7,
    0xbc2b, 0x7aa7, 0x7aa7, 0x59e5, 0xbc2b, 0x7aa7, 0x7aa7, 0x7aa7, 0xbc2b, 0x7aa7, 0x7aa7, 0x7aa7, 0x59e5, 0x59e5, 0xbc2b, 0x7aa7,
    0xbc2b, 0x7aa7, 0x7aa7, 0x59e5, 0xbc2b, 0x7aa7, 0x7aa7, 0x7aa7, 0xbc2b, 0x7aa7, 0x7aa7, 0x7aa7, 0x59e5, 0x59e5, 0xbc2b, 0x7aa7,
    0xbc2b, 0x7aa7, 0x7aa7, 0x59e5, 0xbc2b, 0x7aa7, 0x7aa7, 0x7aa7, 0xbc2b, 0x7aa7, 0x7aa7, 0x7aa7, 0x59e5, 0x59e5, 0xbc2b, 0x7aa7,
    0xbc2b, 0x7aa7, 0x7aa7, 0x59e5, 0xbc2b, 0x7aa7, 0x7aa7, 0x7aa7, 0xbc2b, 0x7aa7, 0x7aa7, 0x7aa7, 0x59e5, 0x59e5, 0xbc2b, 0x7aa7,
    0x9369, 0x6b6d, 0xbc2b, 0x7aa7, 0x9369, 0x59e5, 0x7aa7, 0xbc2b, 0x9369, 0x9369, 0x7aa7, 0x9369, 0x7aa7, 0xbc2b, 0x9369, 0x7aa7,
    0x9369, 0x6b6d, 0xbc2b, 0x7aa7, 0x9369, 0x59e5, 0x7aa7, 0xbc2b, 0x9369, 0x9369, 0x7aa7, 0x9369, 0x7aa7, 0xbc2b, 0x9369, 0x7aa7,
    0x9369, 0x6b6d, 0xbc2b, 0x7aa7, 0x9369, 0x59e5, 0x7aa7, 0xbc2b, 0x9369, 0x9369, 0x7aa7, 0x9369, 0x7aa7, 0xbc2b, 0x9369, 0x7aa7,
    0x9369, 0x6b6d, 0xbc2b, 0x7aa7, 0x9369, 0x59e5, 0x7aa7, 0xbc2b, 0x9369, 0x9369, 0x7aa7, 0x9369, 0x7aa7, 0xbc2b, 0x9369, 0x7aa7,
    0x9369, 0x6b6d, 0xbc2b, 0x7aa7, 0x9369, 0x59e5, 0x7aa7, 0xbc2b, 0x9369, 0x9369, 0x7aa7, 0x9369, 0x7aa7, 0xbc2b, 0x9369, 0x7aa7,
    0x9369, 0x6b6d, 0xbc2b, 0x7aa7, 0x9369, 0x59e5, 0x7aa7, 0xbc2b, 0x9369, 0x9369, 0x7aa7, 0x9369, 0x7aa7, 0xbc2b, 0x9369, 0x7aa7,
    0x9369, 0x6b6d, 0xbc2b, 0x7aa7, 0x9369, 0x59e5, 0x7aa7, 0xbc2b, 0x9369, 0x9369, 0x7aa7, 0x9369, 0x7aa7, 0xbc2b, 0x9369, 0x7aa7,
    0x9369, 0x6b6d, 0xbc2b, 0x7aa7, 0x9369, 0x59e5, 0x7aa7, 0xbc2b, 0x9369, 0x9369, 0x7aa7, 0x9369, 0x7aa7, 0xbc2b, 0x9369, 0x7aa7,
    0x9369, 0x6b6d, 0xbc2b, 0x7aa7, 0x9369, 0x59e5, 0x7aa7, 0xbc2b, 0x9369, 0x9369, 0x7aa7, 0x9369, 0x7aa7, 0xbc2b, 0x9369, 0x7aa7,
    0x9369, 0x6b6d, 0xbc2b, 0x7aa7, 0x9369, 0x59e5, 0x7aa7, 0xbc2b, 0x9369, 0x9369, 0x7aa7, 0x9369, 0x7aa7, 0xbc2b, 0x9369, 0x7aa7,
    0x9369, 0x6b6d, 0xbc2b, 0x7aa7, 0x9369, 0x59e5, 0x7aa7, 0xbc2b, 0x9369, 0x9369, 0x7aa7, 0x9369, 0x7aa7, 0xbc2b, 0x9369, 0x7aa7,
    0x9369, 0x6b6d, 0xbc2b, 0x7aa7, 0x9369, 0x59e5, 0x7aa7, 0xbc2b, 0x9369, 0x9369, 0x7aa7, 0x9369, 0x7aa7, 0xbc2b, 0x9369, 0x7aa7,
    0x9369, 0x6b6d, 0xbc2b, 0x7aa7, 0x9369, 0x59e5, 0x7aa7, 0xbc2b, 0x9369, 0x9369, 0x7aa7, 0x9369, 0x7aa7, 0xbc2b, 0x9369, 0x7aa7,
    0x9369, 0x6b6d, 0xbc2b, 0x7aa7, 0x9369, 0x59e5, 0x7aa7, 0xbc2b, 0x9369, 0x9369, 0x7aa7, 0x9369, 0x7aa7, 0xbc2b, 0x9369, 0x7aa7,
    0x9369, 0x6b6d, 0xbc2b, 0x7aa7, 0x9369, 0x59e5, 0x7aa7, 0xbc2b, 0x9369, 0x9369, 0x7aa7, 0x9369, 0x7aa7, 0xbc2b, 0x9369, 0x7aa7,
    0x9369, 0x6b6d, 0xbc2b, 0x7aa7, 0x9369, 0x59e5, 0x7aa7, 0xbc2b, 0x9369, 0x9369, 0x7aa7, 0x9369, 0x7aa7, 0xbc2b, 0x9369, 0x7aa7,
    0x9369, 0x6b6d, 0xbc2b, 0x7aa7, 0x9369, 0x59e5, 0x7aa7, 0xbc2b, 0x9369, 0x9369, 0x7aa7, 0x9369, 0x7aa7, 0xbc2b, 0x9369, 0x7aa7,
    0x9369, 0x6b6d, 0xbc2b, 0x7aa7, 0x9369, 0x59e5, 0x7aa7, 0xbc2b, 0x9369, 0x9369, 0x7aa7, 0x9369, 0x7aa7, 0xbc2b, 0x9369, 0x7aa7,
    0x9369, 0x6b6d, 0xbc2b, 0x7aa7, 0x9369, 0x59e5, 0x7aa7, 0xbc2b, 0x9369, 0x9369, 0x7aa7, 0x9369, 0x7aa7, 0xbc2b, 0x9369, 0x7aa7,
    0x9369, 0x6b6d, 0xbc2b, 0x7aa7, 0x9369, 0x59e5, 0x7aa7, 0xbc2b, 0x9369, 0x9369, 0x7aa7, 0x9369, 0x7aa7, 0xbc2b, 0x9369, 0x7aa7,
    0x9369, 0x7aa7, 0x9369, 0xbc2b, 0x59e5, 0x9369, 0x7aa7, 0x7aa7, 0x9369, 0x59e5, 0x7aa7, 0x6b6d, 0x7aa7, 0x9369, 0x59e5, 0x7aa7,
    0x9369, 0x7aa7, 0x9369, 0xbc2b, 0x59e5, 0x9369, 0x7aa7, 0x7aa7, 0x9369, 0x59e5, 0x7aa7, 0x6b6d, 0x7aa7, 0x9369, 0x59e5, 0x7aa7,
    0x9369, 0x7aa7, 0x9369, 0xbc2b, 0x59e5, 0x9369, 0x7aa7, 0x7aa7, 0x9369, 0x59e5, 0x7aa7, 0x6b6d, 0x7aa7, 0x9369, 0x59e5, 0x7aa7,
    0x9369, 0x7aa7, 0x9369, 0xbc2b, 0x59e5, 0x9369, 0x7aa7, 0x7aa7, 0x9369, 0x59e5, 0x7aa7, 0x6b6d, 0x7aa7, 0x9369, 0x59e5, 0x7aa7,
    0x9369, 0x7aa7, 0x9369, 0xbc2b, 0x59e5, 0x9369, 0x7aa7, 0x7aa7, 0x9369, 0x59e5, 0x7aa7, 0x6b6d, 0x7aa7, 0x9369, 0x59e5, 0x7aa7,
    0x9369, 0x7aa7, 0x9369, 0xbc2b, 0x59e5, 0x9369, 0x7aa7, 0x7aa7, 0x9369, 0x59e5, 0x7aa7, 0x6b6d, 0x7aa7, 0x9369, 0x59e5, 0x7aa7,
    0x9369, 0x7aa7, 0x9369, 0xbc2b, 0x59e5, 0x9369, 0x7aa7, 0x7aa7, 0x9369, 0x59e5, 0x7aa7, 0x6b6d, 0x7aa7, 0x9369, 0x59e5, 0x7aa7,
    0x9369, 0x7aa7, 0x9369, 0xbc2b, 0x59e5, 0x9369, 0x7aa7, 0x7aa7, 0x9369, 0x59e5, 0x7aa7, 0x6b6d, 0x7aa7, 0x9369, 0x59e5, 0x7aa7,
    0x9369, 0x7aa7, 0x9369, 0xbc2b, 0x59e5, 0x9369, 0x7aa7, 0x7aa7, 0x9369, 0x59e5, 0x7aa7, 0x6b6d, 0x7aa7, 0x9369, 0x59e5, 0x7aa7,
    0x9369, 0x7aa7, 0x9369, 0xbc2b, 0x59e5, 0x9369, 0x7aa7, 0x7aa7, 0x9369, 0x59e5, 0x7aa7, 0x6b6d, 0x7aa7, 0x9369, 0x59e5, 0x7aa7,
    0x9369, 0x7aa7, 0x9369, 0xbc2b, 0x59e5, 0x9369, 0x7aa7, 0x7aa7, 0x9369, 0x59e5, 0x7aa7, 0x6b6d, 0x7aa7, 0x9369, 0x59e5, 0x7aa7,
    0x9369, 0x7aa7, 0x9369, 0xbc2b, 0x59e5, 0x9369, 0x7aa7, 0x7aa7, 0x9369, 0x59e5, 0x7aa7, 0x6b6d, 0x7aa7, 0x9369, 0x59e5, 0x7aa7,
    0x9369, 0x7aa7, 0x9369, 0xbc2b, 0x59e5, 0x9369, 0x7aa7, 0x7aa7, 0x9369, 0x59e5, 0x7aa7, 0x6b6d, 0x7aa7, 0x9369, 0x59e5, 0x7aa7,
    0x9369, 0x7aa7, 0x9369, 0xbc2b, 0x59e5, 0x9369, 0x7aa7, 0x7aa7, 0x9369, 0x59e5, 0x7aa7, 0x6b6d, 0x7aa7, 0x9369, 0x59e5, 0x7aa7,
    0x9369, 0x7aa7, 0x9369, 0xbc2b, 0x59e5, 0x9369, 0x7aa7, 0x7aa7, 0x9369, 0x59e5, 0x7aa7, 0x6b6d, 0x7aa7, 0x9369, 0x59e5, 0x7aa7,
    0x9369, 0x7aa7, 0x9369, 0xbc2b, 0x59e5, 0x9369, 0x7aa7, 0x7aa7, 0x9369, 0x59e5, 0x7aa7, 0x6b6d, 0x7aa7, 0x9369, 0x59e5, 0x7aa7,
    0x9369, 0x7aa7, 0x9369, 0xbc2b, 0x59e5, 0x9369, 0x7aa7, 0x7aa7, 0x9369, 0x59e5, 0x7aa7, 0x6b6d, 0x7aa7, 0x9369, 0x59e5, 0x7aa7,
    0x9369, 0x7aa7, 0x9369, 0xbc2b, 0x59e5, 0x9369, 0x7aa7, 0x7aa7, 0x9369, 0x59e5, 0x7aa7, 0x6b6d, 0x7aa7, 0x9369, 0x59e5, 0x7aa7,
    0x9369, 0x7aa7, 0x9369, 0xbc2b, 0x59e5, 0x9369, 0x7aa7, 0x7aa7, 0x9369, 0x59e5, 0x7aa7, 0x6b6d, 0x7aa7, 0x9369, 0x59e5, 0x7aa7,
    0x9369, 0x7aa7, 0x9369, 0xbc2b, 0x59e5, 0x9369, 0x7aa7, 0x7aa7, 0x9369, 0x59e5, 0x7aa7, 0x6b6d, 0x7aa7, 0x9369, 0x59e5, 0x7aa7,
    0x7aa7, 0x59e5, 0x9369, 0x9369, 0x7aa7, 0x9369, 0x59e5, 0x59e5, 0x59e5, 0x7aa7, 0x7aa7, 0x59e5, 0x7aa7, 0x7aa7, 0x7aa7, 0xbc2b,
    0x7aa7, 0x59e5, 0x9369, 0x9369, 0x7aa7, 0x9369, 0x59e5, 0x59e5, 0x59e5, 0x7aa7, 0x7aa7, 0x59e5, 0x7aa7, 0x7aa7, 0x7aa7, 0xbc2b,
    0x7aa7, 0x59e5, 0x9369, 0x9369, 0x7aa7, 0x9369, 0x59e5, 0x59e5, 0x59e5, 0x7aa7, 0x7aa7, 0x59e5, 0x7aa7, 0x7aa7, 0x7aa7, 0xbc2b,
    0x7aa7, 0x59e5, 0x9369, 0x9369, 0x7aa7, 0x9369, 0x59e5, 0x59e5, 0x59e5, 0x7aa7, 0x7aa7, 0x59e5, 0x7aa7, 0x7aa7, 0x7aa7, 0xbc2b,
    0x7aa7, 0x59e5, 0x9369, 0x9369, 0x7aa7, 0x9369, 0x59e5, 0x59e5, 0x59e5, 0x7aa7, 0x7aa7, 0x59e5, 0x7aa7, 0x7aa7, 0x7aa7, 0xbc2b,
    0x7aa7, 0x59e5, 0x9369, 0x9369, 0x7aa7, 0x9369, 0x59e5, 0x59e5, 0x59e5, 0x7aa7, 0x7aa7, 0x59e5, 0x7aa7, 0x7aa7, 0x7aa7, 0xbc2b,
    0x7aa7, 0x59e5, 0x9369, 0x9369, 0x7aa7, 0x9369, 0x59e5, 0x59e5, 0x59e5, 0x7aa7, 0x7aa7, 0x59e5, 0x7aa7, 0x7aa7, 0x7aa7, 0xbc2b,
    0x7aa7, 0x59e5, 0x9369, 0x9369, 0x7aa7, 0x9369, 0x59e5, 0x59e5, 0x59e5, 0x7aa7, 0x7aa7, 0x59e5, 0x7aa7, 0x7aa7, 0x7aa7, 0xbc2b,
    0x7aa7, 0x59e5, 0x9369, 0x9369, 0x7aa7, 0x9369, 0x59e5, 0x59e5, 0x59e5, 0x7aa7, 0x7aa7, 0x59e5, 0x7aa7, 0x7aa7, 0x7aa7, 0xbc2b,
    0x7aa7, 0x59e5, 0x9369, 0x9369, 0x7aa7, 0x9369, 0x59e5, 0x59e5, 0x59e5, 0x7aa7, 0x7aa7, 0x59e5, 0x7aa7, 0x7aa7, 0x7aa7, 0xbc2b,
    0x7aa7, 0x59e5, 0x9369, 0x9369, 0x7aa7, 0x9369, 0x59e5, 0x59e5, 0x59e5, 0x7aa7, 0x7aa7, 0x59e5, 0x7aa7, 0x7aa7, 0x7aa7, 0xbc2b,
    0x7aa7, 0x59e5, 0x9369, 0x9369, 0x7aa7, 0x9369, 0x59e5, 0x59e5, 0x59e5, 0x7aa7, 0x7aa7, 0x59e5, 0x7aa7, 0x7aa7, 0x7aa7, 0xbc2b,
    0x7aa7, 0x59e5, 0x9369, 0x9369, 0x7aa7, 0x9369, 0x59e5, 0x59e5, 0x59e5, 0x7aa7, 0x7aa7, 0x59e5, 0x7aa7, 0x7aa7, 0x7aa7, 0xbc2b,
    0x7aa7, 0x59e5, 0x9369, 0x9369, 0x7aa7, 0x9369, 0x59e5, 0x59e5, 0x59e5, 0x7aa7, 0x7aa7, 0x59e5, 0x7aa7, 0x7aa7, 0x7aa7, 0xbc2b,
    0x7aa7, 0x59e5, 0x9369, 0x9369, 0x7aa7, 0x9369, 0x59e5, 0x59e5, 0x59e5, 0x7aa7, 0x7aa7, 0x59e5, 0x7aa7, 0x7aa7, 0x7aa7, 0xbc2b,
    0x7aa7, 0x59e5, 0x9369, 0x9369, 0x7aa7, 0x9369, 0x59e5, 0x59e5, 0x59e5, 0x7aa7, 0x7aa7, 0x59e5, 0x7aa7, 0x7aa7, 0x7aa7, 0xbc2b,
    0x7aa7, 0x59e5, 0x9369, 0x9369, 0x7aa7, 0x9369, 0x59e5, 0x59e5, 0x59e5, 0x7aa7, 0x7aa7, 0x59e5, 0x7aa7, 0x7aa7, 0x7aa7, 0xbc2b,
    0x7aa7, 0x59e5, 0x9369, 0x9369, 0x7aa7, 0x9369, 0x59e5, 0x59e5, 0x59e5, 0x7aa7, 0x7aa7, 0x59e5, 0x7aa7, 0x7aa7, 0x7aa7, 0xbc2b,
    0x7aa7, 0x59e5, 0x9369, 0x9369, 0x7aa7, 0x9369, 0x59e5, 0x59e5, 0x59e5, 0x7aa7, 0x7aa7, 0x59e5, 0x7aa7, 0x7aa7, 0x7aa7, 0xbc2b,
    0x7aa7, 0x59e5, 0x9369, 0x9369, 0x7aa7, 0x9369, 0x59e5, 0x59e5, 0x59e5, 0x7aa7, 0x7aa7, 0x59e5, 0x7aa7, 0x7aa7, 0x7aa7, 0xbc2b,
    0xbc2b, 0x59e5, 0x7aa7, 0x7aa7, 0x8430, 0x7aa7, 0x7aa7, 0xbc2b, 0xbc2b, 0x7aa7, 0xbc2b, 0xbc2b, 0x7aa7, 0x9369, 0x7aa7, 0x9369,
    0xbc2b, 0x59e5, 0x7aa7, 0x7aa7, 0x8430, 0x7aa7, 0x7aa7, 0xbc2b, 0xbc2b, 0x7aa7, 0xbc2b, 0xbc2b, 0x7aa7, 0x9369, 0x7aa7, 0x9369,
    0xbc2b, 0x59e5, 0x7aa7, 0x7aa7, 0x8430, 0x7aa7, 0x7aa7, 0xbc2b, 0xbc2b, 0x7aa7, 0xbc2b, 0xbc2b, 0x7aa7, 0x9369, 0x7aa7, 0x9369,
    0xbc2b, 0x59e5, 0x7aa7, 0x7aa7, 0x8430, 0x7aa7, 0x7aa7, 0xbc2b, 0xbc2b, 0x7aa7, 0xbc2b, 0xbc2b, 0x7aa7, 0x9369, 0x7aa7, 0x9369,
    0xbc2b, 0x59e5, 0x7aa7, 0x7aa7, 0x8430, 0x7aa7, 0x7aa7, 0xbc2b, 0xbc2b, 0x7aa7, 0xbc2b, 0xbc2b, 0x7aa7, 0x9369, 0x7aa7, 0x9369,
    0xbc2b, 0x59e5, 0x7aa7, 0x7aa7, 0x8430, 0x7aa7, 0x7aa7, 0xbc2b, 0xbc2b, 0x7aa7, 0xbc2b, 0xbc2b, 0x7aa7, 0x9369, 0x7aa7, 0x9369,
    0xbc2b, 0x59e5, 0x7aa7, 0x7aa7, 0x8430, 0x7aa7, 0x7aa7, 0xbc2b, 0xbc2b, 0x7aa7, 0xbc2b, 0xbc2b, 0x7aa7, 0x9369, 0x7aa7, 0x9369,
    0xbc2b, 0x59e5, 0x7aa7, 0x7aa7, 0x8430, 0x7aa7, 0x7aa7, 0xbc2b, 0xbc2b, 0x7aa7, 0xbc2b, 0xbc2b, 0x7aa7, 0x9369, 0x7aa7, 0x9369,
    0xbc2b, 0x59e5, 0x7aa7, 0x7aa7, 0x8430, 0x7aa7, 0x7aa7, 0xbc2b, 0xbc2b, 0x7aa7, 0xbc2b, 0xbc2b, 0x7aa7, 0x9369, 0x7aa7, 0x9369,
    0xbc2b, 0x59e5, 0x7aa7, 0x7aa7, 0x8430, 0x7aa7, 0x7aa7, 0xbc2b, 0xbc2b, 0x7aa7, 0xbc2b, 0xbc2b, 0x7aa7, 0x9369, 0x7aa7, 0x9369,
    0xbc2b, 0x59e5, 0x7aa7, 0x7aa7, 0x8430, 0x7aa7, 0x7aa7, 0xbc2b, 0xbc2b, 0x7aa7, 0xbc2b, 0xbc2b, 0x7aa7, 0x9369, 0x7aa7, 0x9369,
    0xbc2b, 0x59e5, 0x7aa7, 0x7aa7, 0x8430, 0x7aa7, 0x7aa7, 0xbc2b, 0xbc2b, 0x7aa7, 0xbc2b, 0xbc2b, 0x7aa7, 0x9369, 0x7aa7, 0x9369,
    0xbc2b, 0x59e5, 0x7aa7, 0x7aa7, 0x8430, 0x7aa7, 0x7aa7, 0xbc2b, 0xbc2b, 0x7aa7, 0xbc2b, 0xbc2b, 0x7aa7, 0x9369, 0x7aa7, 0x9369,
    0xbc2b, 0x59e5, 0x7aa7, 0x7aa7, 0x8430, 0x7aa7, 0x7aa7, 0xbc2b, 0xbc2b, 0x7aa7, 0xbc2b, 0xbc2b, 0x7aa7, 0x9369, 0x7aa7, 0x9369,
    0xbc2b, 0x59e5, 0x7aa7, 0x7aa7, 0x8430, 0x7aa7, 0x7aa7, 0xbc2b, 0xbc2b, 0x7aa7, 0xbc2b, 0xbc2b, 0x7aa7, 0x9369, 0x7aa7, 0x9369,
    0xbc2b, 0x59e5, 0x7aa7, 0x7aa7, 0x8430, 0x7aa7, 0x7aa7, 0xbc2b, 0xbc2b, 0x7aa7, 0xbc2b, 0xbc2b, 0x7aa7, 0x9369, 0x7aa7, 0x9369,
    0xbc2b, 0x59e5, 0x7aa7, 0x7aa7, 0x8430, 0x7aa7, 0x7aa7, 0xbc2b, 0xbc2b, 0x7aa7, 0xbc2b, 0xbc2b, 0x7aa7, 0x9369, 0x7aa7, 0x9369,
    0xbc2b, 0x59e5, 0x7aa7, 0x7aa7, 0x8430, 0x7aa7, 0x7aa7, 0xbc2b, 0xbc2b, 0x7aa7, 0xbc2b, 0xbc2b, 0x7aa7, 0x9369, 0x7aa7, 0x9369,
    0xbc2b, 0x59e5, 0x7aa7, 0x7aa7, 0x8430, 0x7aa7, 0x7aa7, 0xbc2b, 0xbc2b, 0x7aa7, 0xbc2b, 0xbc2b, 0x7aa7, 0x9369, 0x7aa7, 0x9369,
    0xbc2b, 0x59e5, 0x7aa7, 0x7aa7, 0x8430, 0x7aa7, 0x7aa7, 0xbc2b, 0xbc2b, 0x7aa7, 0xbc2b, 0xbc2b, 0x7aa7, 0x9369, 0x7aa7, 0x9369,
    0xbc2b, 0x7aa7, 0xbc2b, 0xbc2b, 0x9369, 0x9369, 0x7aa7, 0x7aa7, 0x9369, 0x59e5, 0x9369, 0x9369, 0x7aa7, 0x7aa7, 0x9369, 0x9369,
    0xbc2b, 0x7aa7, 0xbc2b, 0xbc2b, 0x9369, 0x9369, 0x7aa7, 0x7aa7, 0x9369, 0x59e5, 0x9369, 0x9369, 0x7aa7, 0x7aa7, 0x9369, 0x9369,
    0xbc2b, 0x7aa7, 0xbc2b, 0xbc2b, 0x9369, 0x9369, 0x7aa7, 0x7aa7, 0x9369, 0x59e5, 0x9369, 0x9369, 0x7aa7, 0x7aa7, 0x9369, 0x9369,
    0xbc2b, 0x7aa7, 0xbc2b, 0xbc2b, 0x9369, 0x9369, 0x7aa7, 0x7aa7, 0x9369, 0x59e5, 0x9369, 0x9369, 0x7aa7, 0x7aa7, 0x9369, 0x9369,
    0xbc2b, 0x7aa7, 0xbc2b, 0xbc2b, 0x9369, 0x9369, 0x7aa7, 0x7aa7, 0x9369, 0x59e5, 0x9369, 0x9369, 0x7aa7, 0x7aa7, 0x9369, 0x9369,
    0xbc2b, 0x7aa7, 0xbc2b, 0xbc2b, 0x9369, 0x9369, 0x7aa7, 0x7aa7, 0x9369, 0x59e5, 0x9369, 0x9369, 0x7aa7, 0x7aa7, 0x9369, 0x9369,
    0xbc2b, 0x7aa7, 0xbc2b, 0xbc2b, 0x9369, 0x9369, 0x7aa7, 0x7aa7, 0x9369, 0x59e5, 0x9369, 0x9369, 0x7aa7, 0x7aa7, 0x9369, 0x9369,
    0xbc2b, 0x7aa7, 0xbc2b, 0xbc2b, 0x9369, 0x9369, 0x7aa7, 0x7aa7, 0x9369, 0x59e5, 0x9369, 0x9369, 0x7aa7, 0x7aa7, 0x9369, 0x9369,
    0xbc2b, 0x7aa7, 0xbc2b, 0xbc2b, 0x9369, 0x9369, 0x7aa7, 0x7aa7, 0x9369, 0x59e5, 0x9369, 0x9369, 0x7aa7, 0x7aa7, 0x9369, 0x9369,
    0xbc2b, 0x7aa7, 0xbc2b, 0xbc2b, 0x9369, 0x9369, 0x7aa7, 0x7aa7, 0x9369, 0x59e5, 0x9369, 0x9369, 0x7aa7, 0x7aa7, 0x9369, 0x9369,
    0xbc2b, 0x7aa7, 0xbc2b, 0xbc2b, 0x9369, 0x9369, 0x7aa7, 0x7aa7, 0x9369, 0x59e5, 0x9369, 0x9369, 0x7aa7, 0x7aa7, 0x9369, 0x9369,
    0xbc2b, 0x7aa7, 0xbc2b, 0xbc2b, 0x9369, 0x9369, 0x7aa7, 0x7aa7, 0x9369, 0x59e5, 0x9369, 0x9369, 0x7aa7, 0x7aa7, 0x9369, 0x9369,
    0xbc2b, 0x7aa7, 0xbc2b, 0xbc2b, 0x9369, 0x9369, 0x7aa7, 0x7aa7, 0x9369, 0x59e5, 0x9369, 0x9369, 0x7aa7, 0x7aa7, 0x9369, 0x9369,
    0xbc2b, 0x7aa7, 0xbc2b, 0xbc2b, 0x9369, 0x9369, 0x7aa7, 0x7aa7, 0x9369, 0x59e5, 0x9369, 0x9369, 0x7aa7, 0x7aa7, 0x9369, 0x9369,
    0xbc2b, 0x7aa7, 0xbc2b, 0xbc2b, 0x9369, 0x9369, 0x7aa7, 0x7aa7, 0x9369, 0x59e5, 0x9369, 0x9369, 0x7aa7, 0x7aa7, 0x9369, 0x9369,
    0xbc2b, 0x7aa7, 0xbc2b, 0xbc2b, 0x9369, 0x9369, 0x7aa7, 0x7aa7, 0x9369, 0x59e5, 0x9369, 0x9369, 0x7aa7, 0x7aa7, 0x9369, 0x9369,
    0xbc2b, 0x7aa7, 0xbc2b, 0xbc2b, 0x9369, 0x9369, 0x7aa7, 0x7aa7, 0x9369, 0x59e5, 0x9369, 0x9369, 0x7aa7, 0x7aa7, 0x9369, 0x9369,
    0xbc2b, 0x7aa7, 0xbc2b, 0xbc2b, 0x9369, 0x9369, 0x7aa7, 0x7aa7, 0x9369, 0x59e5, 0x9369, 0x9369, 0x7aa7, 0x7aa7, 0x9369, 0x9369,
    0xbc2b, 0x7aa7, 0xbc2b, 0xbc2b, 0x9369, 0x9369, 0x7aa7, 0x7aa7, 0x9369, 0x59e5, 0x9369, 0x9369, 0x7aa7, 0x7aa7, 0x9369, 0x9369,
    0xbc2b, 0x7aa7, 0xbc2b, 0xbc2b, 0x9369, 0x9369, 0x7aa7, 0x7aa7, 0x9369, 0x59e5, 0x9369, 0x9369, 0x7aa7, 0x7aa7, 0x9369, 0x9369,
    0x9369, 0x7aa7, 0x7aa7, 0x9369, 0x7aa7, 0x9369, 0x7aa7, 0x59e5, 0x7aa7, 0x9369, 0x9369, 0x7aa7, 0x7aa7, 0x7aa7, 0x59e5, 0x7aa7,
    0x9369, 0x7aa7, 0x7aa7, 0x9369, 0x7aa7, 0x9369, 0x7aa7, 0x59e5, 0x7aa7, 0x9369, 0x9369, 0x7aa7, 0x7aa7, 0x7aa7, 0x59e5, 0x7aa7,
    0x9369, 0x7aa7, 0x7aa7, 0x9369, 0x7aa7, 0x9369, 0x7aa7, 0x59e5, 0x7aa7, 0x9369, 0x9369, 0x7aa7, 0x7aa7, 0x7aa7, 0x59e5, 0x7aa7,
    0x9369, 0x7aa7, 0x7aa7, 0x9369, 0x7aa7, 0x9369, 0x7aa7, 0x59e5, 0x7aa7, 0x9369, 0x9369, 0x7aa7, 0x7aa7, 0x7aa7, 0x59e5, 0x7aa7,
    0x9369, 0x7aa7, 0x7aa7, 0x9369, 0x7aa7, 0x9369, 0x7aa7, 0x59e5, 0x7aa7, 0x9369, 0x9369, 0x7aa7, 0x7aa7, 0x7aa7, 0x59e5, 0x7aa7,
    0x9369, 0x7aa7, 0x7aa7, 0x9369, 0x7aa7, 0x9369, 0x7aa7, 0x59e5, 0x7aa7, 0x9369, 0x9369, 0x7aa7, 0x7aa7, 0x7aa7, 0x59e5, 0x7aa7,
    0x9369, 0x7aa7, 0x7aa7, 0x9369, 0x7aa7, 0x9369, 0x7aa7, 0x59e5, 0x7aa7, 0x9369, 0x9369, 0x7aa7, 0x7aa7, 0x7aa7, 0x59e5, 0x7aa7,
    0x9369, 0x7aa7, 0x7aa7, 0x9369, 0x7aa7, 0x9369, 0x7aa7, 0x59e5, 0x7aa7, 0x9369, 0x9369, 0x7aa7, 0x7aa7, 0x7aa7, 0x59e5, 0x7aa7,
    0x9369, 0x7aa7, 0x7aa7, 0x9369, 0x7aa7, 0x9369, 0x7aa7, 0x59e5, 0x7aa7, 0x9369, 0x9369, 0x7aa7, 0x7aa7, 0x7aa7, 0x59e5, 0x7aa7,
    0x9369, 0x7aa7, 0x7aa7, 0x9369, 0x7aa7, 0x9369, 0x7aa7, 0x59e5, 0x7aa7, 0x9369, 0x9369, 0x7aa7, 0x7aa7, 0x7aa7, 0x59e5, 0x7aa7,
    0x9369, 0x7aa7, 0x7aa7, 0x9369, 0x7aa7, 0x9369, 0x7aa7, 0x59e5, 0x7aa7, 0x9369, 0x9369, 0x7aa7, 0x7aa7, 0x7aa7, 0x59e5, 0x7aa7,
    0x9369, 0x7aa7, 0x7aa7, 0x9369, 0x7aa7, 0x9369, 0x7aa7, 0x59e5, 0x7aa7, 0x9369, 0x9369, 0x7aa7, 0x7aa7, 0x7aa7, 0x59e5, 0x7aa7,
    0x9369, 0x7aa7, 0x7aa7, 0x9369, 0x7aa7, 0x9369, 0x7aa7, 0x59e5, 0x7aa7, 0x9369, 0x9369, 0x7aa7, 0x7aa7, 0x7aa7, 0x59e5, 0x7aa7,
    0x9369, 0x7aa7, 0x7aa7, 0x9369, 0x7aa7, 0x9369, 0x7aa7, 0x59e5, 0x7aa7, 0x9369, 0x9369, 0x7aa7, 0x7aa7, 0x7aa7, 0x59e5, 0x7aa7,
    0x9369, 0x7aa7, 0x7aa7, 0x9369, 0x7aa7, 0x9369, 0x7aa7, 0x59e5, 0x7aa7, 0x9369, 0x9369, 0x7aa7, 0x7aa7, 0x7aa7, 0x59e5, 0x7aa7,
    0x9369, 0x7aa7, 0x7aa7, 0x9369, 0x7aa7, 0x9369, 0x7aa7, 0x59e5, 0x7aa7, 0x9369, 0x9369, 0x7aa7, 0x7aa7, 0x7aa7, 0x59e5, 0x7aa7,
    0x9369, 0x7aa7, 0x7aa7, 0x9369, 0x7aa7, 0x9369, 0x7aa7, 0x59e5, 0x7aa7, 0x9369, 0x9369, 0x7aa7, 0x7aa7, 0x7aa7, 0x59e5, 0x7aa7,
    0x9369, 0x7aa7, 0x7aa7, 0x9369, 0x7aa7, 0x9369, 0x7aa7, 0x59e5, 0x7aa7, 0x9369, 0x9369, 0x7aa7, 0x7aa7, 0x7aa7, 0x59e5, 0x7aa7,
    0x9369, 0x7aa7, 0x7aa7, 0x9369, 0x7aa7, 0x9369, 0x7aa7, 0x59e5, 0x7aa7, 0x9369, 0x9369, 0x7aa7, 0x7aa7, 0x7aa7, 0x59e5, 0x7aa7,
    0x9369, 0x7aa7, 0x7aa7, 0x9369, 0x7aa7, 0x9369, 0x7aa7, 0x59e5, 0x7aa7, 0x9369, 0x9369, 0x7aa7, 0x7aa7, 0x7aa7, 0x59e5, 0x7aa7,
    0x9369, 0x9369, 0x59e5, 0x7aa7, 0x7aa7, 0x59e5, 0x59e5, 0x7aa7, 0x7aa7, 0x7aa7, 0x7aa7, 0x7aa7, 0xbc2b, 0xbc2b, 0x7aa7, 0x9369,
    0x9369, 0x9369, 0x59e5, 0x7aa7, 0x7aa7, 0x59e5, 0x59e5, 0x7aa7, 0x7aa7, 0x7aa7, 0x7aa7, 0x7aa7, 0xbc2b, 0xbc2b, 0x7aa7, 0x9369,
    0x9369, 0x9369, 0x59e5, 0x7aa7, 0x7aa7, 0x59e5, 0x59e5, 0x7aa7, 0x7aa7, 0x7aa7, 0x7aa7, 0x7aa7, 0xbc2b, 0xbc2b, 0x7aa7, 0x9369,
    0x9369, 0x9369, 0x59e5, 0x7aa7, 0x7aa7, 0x59e5, 0x59e5, 0x7aa7, 0x7aa7, 0x7aa7, 0x7aa7, 0x7aa7, 0xbc2b, 0xbc2b, 0x7aa7, 0x9369,
    0x9369, 0x9369, 0x59e5, 0x7aa7, 0x7aa7, 0x59e5, 0x59e5, 0x7aa7, 0x7aa7, 0x7aa7, 0x7aa7, 0x7aa7, 0xbc2b, 0xbc2b, 0x7aa7, 0x9369,
    0x9369, 0x9369, 0x59e5, 0x7aa7, 0x7aa7, 0x59e5, 0x59e5, 0x7aa7, 0x7aa7, 0x7aa7, 0x7aa7, 0x7aa7, 0xbc2b, 0xbc2b, 0x7aa7, 0x9369,
    0x9369, 0x9369, 0x59e5, 0x7aa7, 0x7aa7, 0x59e5, 0x59e5, 0x7aa7, 0x7aa7, 0x7aa7, 0x7aa7, 0x7aa7, 0xbc2b, 0xbc2b, 0x7aa7, 0x9369,
    0x9369, 0x9369, 0x59e5, 0x7aa7, 0x7aa7, 0x59e5, 0x59e5, 0x7aa7, 0x7aa7, 0x7aa7, 0x7aa7, 0x7aa7, 0xbc2b, 0xbc2b, 0x7aa7, 0x9369,
    0x9369, 0x9369, 0x59e5, 0x7aa7, 0x7aa7, 0x59e5, 0x59e5, 0x7aa7, 0x7aa7, 0x7aa7, 0x7aa7, 0x7aa7, 0xbc2b, 0xbc2b, 0x7aa7, 0x9369,
    0x9369, 0x9369, 0x59e5, 0x7aa7, 0x7aa7, 0x59e5, 0x59e5, 0x7aa7, 0x7aa7, 0x7aa7, 0x7aa7, 0x7aa7, 0xbc2b, 0xbc2b, 0x7aa7, 0x9369,
    0x9369, 0x9369, 0x59e5, 0x7aa7, 0x7aa7, 0x59e5, 0x59e5, 0x7aa7, 0x7aa7, 0x7aa7, 0x7aa7, 0x7aa7, 0xbc2b, 0xbc2b, 0x7aa7, 0x9369,
    0x9369, 0x9369, 0x59e5, 0x7aa7, 0x7aa7, 0x59e5, 0x59e5, 0x7aa7, 0x7aa7, 0x7aa7, 0x7aa7, 0x7aa7, 0xbc2b, 0xbc2b, 0x7aa7, 0x9369,
    0x9369, 0x9369, 0x59e5, 0x7aa7, 0x7aa7, 0x59e5, 0x59e5, 0x7aa7, 0x7aa7, 0x7aa7, 0x7aa7, 0x7aa7, 0xbc2b, 0xbc2b, 0x7aa7, 0x9369,
    0x9369, 0x9369, 0x59e5, 0x7aa7, 0x7aa7, 0x59e5, 0x59e5, 0x7aa7, 0x7aa7, 0x7aa7, 0x7aa7, 0x7aa7, 0xbc2b, 0xbc2b, 0x7aa7, 0x9369,
    0x9369, 0x9369, 0x59e5, 0x7aa7, 0x7aa7, 0x59e5, 0x59e5, 0x7aa7, 0x7aa7, 0x7aa7, 0x7aa7, 0x7aa7, 0xbc2b, 0xbc2b, 0x7aa7, 0x9369,
    0x9369, 0x9369, 0x59e5, 0x7aa7, 0x7aa7, 0x59e5, 0x59e5, 0x7aa7, 0x7aa7, 0x7aa7, 0x7aa7, 0x7aa7, 0xbc2b, 0xbc2b, 0x7aa7, 0x9369,
    0x9369, 0x9369, 0x59e5, 0x7aa7, 0x7aa7, 0x59e5, 0x59e5, 0x7aa7, 0x7aa7, 0x7aa7, 0x7aa7, 0x7aa7, 0xbc2b, 0xbc2b, 0x7aa7, 0x9369,
    0x9369, 0x9369, 0x59e5, 0x7aa7, 0x7aa7, 0x59e5, 0x59e5, 0x7aa7, 0x7aa7, 0x7aa7, 0x7aa7, 0x7aa7, 0xbc2b, 0xbc2b, 0x7aa7, 0x9369,
    0x9369, 0x9369, 0x59e5, 0x7aa7, 0x7aa7, 0x59e5, 0x59e5, 0x7aa7, 0x7aa7, 0x7aa7, 0x7aa7, 0x7aa7, 0xbc2b, 0xbc2b, 0x7aa7, 0x9369,
    0x9369, 0x9369, 0x59e5, 0x7aa7, 0x7aa7, 0x59e5, 0x59e5, 0x7aa7, 0x7aa7, 0x7aa7, 0x7aa7, 0x7aa7, 0xbc2b, 0xbc2b, 0x7aa7, 0x9369,
    0x9369, 0x9369, 0x7aa7, 0xbc2b, 0xbc2b, 0x7aa7, 0xbc2b, 0x9369, 0x59e5, 0xbc2b, 0xbc2b, 0x7aa7, 0x9369, 0x9369, 0x8430, 0x7aa7,
    0x9369, 0x9369, 0x7aa7, 0xbc2b, 0xbc2b, 0x7aa7, 0xbc2b, 0x9369, 0x59e5, 0xbc2b, 0xbc2b, 0x7aa7, 0x9369, 0x9369, 0x8430, 0x7aa7,
    0x9369, 0x9369, 0x7aa7, 0xbc2b, 0xbc2b, 0x7aa7, 0xbc2b, 0x9369, 0x59e5, 0xbc2b, 0xbc2b, 0x7aa7, 0x9369, 0x9369, 0x8430, 0x7aa7,
    0x9369, 0x9369, 0x7aa7, 0xbc2b, 0xbc2b, 0x7aa7, 0xbc2b, 0x9369, 0x59e5, 0xbc2b, 0xbc2b, 0x7aa7, 0x9369, 0x9369, 0x8430, 0x7aa7,
    0x9369, 0x9369, 0x7aa7, 0xbc2b, 0xbc2b, 0x7aa7, 0xbc2b, 0x9369, 0x59e5, 0xbc2b, 0xbc2b, 0x7aa7, 0x9369, 0x9369, 0x8430, 0x7aa7,
    0x9369, 0x9369, 0x7aa7, 0xbc2b, 0xbc2b, 0x7aa7, 0xbc2b, 0x9369, 0x59e5, 0xbc2b, 0xbc2b, 0x7aa7, 0x9369, 0x9369, 0x8430, 0x7aa7,
    0x9369, 0x9369, 0x7aa7, 0xbc2b, 0xbc2b, 0x7aa7, 0xbc2b, 0x9369, 0x59e5, 0xbc2b, 0xbc2b, 0x7aa7, 0x9369, 0x9369, 0x8430, 0x7aa7,
    0x9369, 0x9369, 0x7aa7, 0xbc2b, 0xbc2b, 0x7aa7, 0xbc2b, 0x9369, 0x59e5, 0xbc2b, 0xbc2b, 0x7aa7, 0x9369, 0x9369, 0x8430, 0x7aa7,
    0x9369, 0x9369, 0x7aa7, 0xbc2b, 0xbc2b, 0x7aa7, 0xbc2b, 0x9369, 0x59e5, 0xbc2b, 0xbc2b, 0x7aa7, 0x9369, 0x9369, 0x8430, 0x7aa7,
    0x9369, 0x9369, 0x7aa7, 0xbc2b, 0xbc2b, 0x7aa7, 0xbc2b, 0x9369, 0x59e5, 0xbc2b, 0xbc2b, 0x7aa7, 0x9369, 0x9369, 0x8430, 0x7aa7,
    0x9369, 0x9369, 0x7aa7, 0xbc2b, 0xbc2b, 0x7aa7, 0xbc2b, 0x9369, 0x59e5, 0xbc2b, 0xbc2b, 0x7aa7, 0x9369, 0x9369, 0x8430, 0x7aa7,
    0x9369, 0x9369, 0x7aa7, 0xbc2b, 0xbc2b, 0x7aa7, 0xbc2b, 0x9369, 0x59e5, 0xbc2b, 0xbc2b, 0x7aa7, 0x9369, 0x9369, 0x8430, 0x7aa7,
    0x9369, 0x9369, 0x7aa7, 0xbc2b, 0xbc2b, 0x7aa7, 0xbc2b, 0x9369, 0x59e5, 0xbc2b, 0xbc2b, 0x7aa7, 0x9369, 0x9369, 0x8430, 0x7aa7,
    0x9369, 0x9369, 0x7aa7, 0xbc2b, 0xbc2b, 0x7aa7, 0xbc2b, 0x9369, 0x59e5, 0xbc2b, 0xbc2b, 0x7aa7, 0x9369, 0x9369, 0x8430, 0x7aa7,
    0x9369, 0x9369, 0x7aa7, 0xbc2b, 0xbc2b, 0x7aa7, 0xbc2b, 0x9369, 0x59e5, 0xbc2b, 0xbc2b, 0x7aa7, 0x9369, 0x9369, 0x8430, 0x7aa7,
    0x9369, 0x9369, 0x7aa7, 0xbc2b, 0xbc2b, 0x7aa7, 0xbc2b, 0x9369, 0x59e5, 0xbc2b, 0xbc2b, 0x7aa7, 0x9369, 0x9369, 0x8430, 0x7aa7,
    0x9369, 0x9369, 0x7aa7, 0xbc2b, 0xbc2b, 0x7aa7, 0xbc2b, 0x9369, 0x59e5, 0xbc2b, 0xbc2b, 0x7aa7, 0x9369, 0x9369, 0x8430, 0x7aa7,
    0x9369, 0x9369, 0x7aa7, 0xbc2b, 0xbc2b, 0x7aa7, 0xbc2b, 0x9369, 0x59e5, 0xbc2b, 0xbc2b, 0x7aa7, 0x9369, 0x9369, 0x8430, 0x7aa7,
    0x9369, 0x9369, 0x7aa7, 0xbc2b, 0xbc2b, 0x7aa7, 0xbc2b, 0x9369, 0x59e5, 0xbc2b, 0xbc2b, 0x7aa7, 0x9369, 0x9369, 0x8430, 0x7aa7,
    0x9369, 0x9369, 0x7aa7, 0xbc2b, 0xbc2b, 0x7aa7, 0xbc2b, 0x9369, 0x59e5, 0xbc2b, 0xbc2b, 0x7aa7, 0x9369, 0x9369, 0x8430, 0x7aa7,
    0x9369, 0x7aa7, 0x7aa7, 0x9369, 0x9369, 0xbc2b, 0x7aa7, 0x9369, 0x6b6d, 0x9369, 0x9369, 0x7aa7, 0x59e5, 0x9369, 0x7aa7, 0x59e5,
    0x9369, 0x7aa7, 0x7aa7, 0x9369, 0x9369, 0xbc2b, 0x7aa7, 0x9369, 0x6b6d, 0x9369, 0x9369, 0x7aa7, 0x59e5, 0x9369, 0x7aa7, 0x59e5,
    0x9369, 0x7aa7, 0x7aa7, 0x9369, 0x9369, 0xbc2b, 0x7aa7, 0x9369, 0x6b6d, 0x9369, 0x9369, 0x7aa7, 0x59e5, 0x9369, 0x7aa7, 0x59e5,
    0x9369, 0x7aa7, 0x7aa7, 0x9369, 0x9369, 0xbc2b, 0x7aa7, 0x9369, 0x6b6d, 0x9369, 0x9369, 0x7aa7, 0x59e5, 0x9369, 0x7aa7, 0x59e5,
    0x9369, 0x7aa7, 0x7aa7, 0x9369, 0x9369, 0xbc2b, 0x7aa7, 0x9369, 0x6b6d, 0x9369, 0x9369, 0x7aa7, 0x59e5, 0x9369, 0x7aa7, 0x59e5,
    0x9369, 0x7aa7, 0x7aa7, 0x9369, 0x9369, 0xbc2b, 0x7aa7, 0x9369, 0x6b6d, 0x9369, 0x9369, 0x7aa7, 0x59e5, 0x9369, 0x7aa7, 0x59e5,
    0x9369, 0x7aa7, 0x7aa7, 0x9369, 0x9369, 0xbc2b, 0x7aa7, 0x9369, 0x6b6d, 0x9369, 0x9369, 0x7aa7, 0x59e5, 0x9369, 0x7aa7, 0x59e5,
    0x9369, 0x7aa7, 0x7aa7, 0x9369, 0x9369, 0xbc2b, 0x7aa7, 0x9369, 0x6b6d, 0x9369, 0x9369, 0x7aa7, 0x59e5, 0x9369, 0x7aa7, 0x59e5,
    0x9369, 0x7aa7, 0x7aa7, 0x9369, 0x9369, 0xbc2b, 0x7aa7, 0x9369, 0x6b6d, 0x9369, 0x9369, 0x7aa7, 0x59e5, 0x9369, 0x7aa7, 0x59e5,
    0x9369, 0x7aa7, 0x7aa7, 0x9369, 0x9369, 0xbc2b, 0x7aa7, 0x9369, 0x6b6d, 0x9369, 0x9369, 0x7aa7, 0x59e5, 0x9369, 0x7aa7, 0x59e5,
    0x9369, 0x7aa7, 0x7aa7, 0x9369, 0x9369, 0xbc2b, 0x7aa7, 0x9369, 0x6b6d, 0x9369, 0x9369, 0x7aa7, 0x59e5, 0x9369, 0x7aa7, 0x59e5,
    0x9369, 0x7aa7, 0x7aa7, 0x9369, 0x9369, 0xbc2b, 0x7aa7, 0x9369, 0x6b6d, 0x9369, 0x9369, 0x7aa7, 0x59e5, 0x9369, 0x7aa7, 0x59e5,
    0x9369, 0x7aa7, 0x7aa7, 0x9369, 0x9369, 0xbc2b, 0x7aa7, 0x9369, 0x6b6d, 0x9369, 0x9369, 0x7aa7, 0x59e5, 0x9369, 0x7aa7, 0x59e5,
    0x9369, 0x7aa7, 0x7aa7, 0x9369, 0x9369, 0xbc2b, 0x7aa7, 0x9369, 0x6b6d, 0x9369, 0x9369, 0x7aa7, 0x59e5, 0x9369, 0x7aa7, 0x59e5,
    0x9369, 0x7aa7, 0x7aa7, 0x9369, 0x9369, 0xbc2b, 0x7aa7, 0x9369, 0x6b6d, 0x9369, 0x9369, 0x7aa7, 0x59e5, 0x9369, 0x7aa7, 0x59e5,
    0x9369, 0x7aa7, 0x7aa7, 0x9369, 0x9369, 0xbc2b, 0x7aa7, 0x9369, 0x6b6d, 0x9369, 0x9369, 0x7aa7, 0x59e5, 0x9369, 0x7aa7, 0x59e5,
    0x9369, 0x7aa7, 0x7aa7, 0x9369, 0x9369, 0xbc2b, 0x7aa7, 0x9369, 0x6b6d, 0x9369, 0x9369, 0x7aa7, 0x59e5, 0x9369, 0x7aa7, 0x59e5,
    0x9369, 0x7aa7, 0x7aa7, 0x9369, 0x9369, 0xbc2b, 0x7aa7, 0x9369, 0x6b6d, 0x9369, 0x9369, 0x7aa7, 0x59e5, 0x9369, 0x7aa7, 0x59e5,
    0x9369, 0x7aa7, 0x7aa7, 0x9369, 0x9369, 0xbc2b, 0x7aa7, 0x9369, 0x6b6d, 0x9369, 0x9369, 0x7aa7, 0x59e5, 0x9369, 0x7aa7, 0x59e5,
    0x9369, 0x7aa7, 0x7aa7, 0x9369, 0x9369, 0xbc2b, 0x7aa7, 0x9369, 0x6b6d, 0x9369, 0x9369, 0x7aa7, 0x59e5, 0x9369, 0x7aa7, 0x59e5,
    0x7aa7, 0x59e5, 0x9369, 0x7aa7, 0x9369, 0x9369, 0xbc2b, 0x7aa7, 0x7aa7, 0x7aa7, 0x7aa7, 0x7aa7, 0x7aa7, 0x7aa7, 0xbc2b, 0xbc2b,
    0x7aa7, 0x59e5, 0x9369, 0x7aa7, 0x9369, 0x9369, 0xbc2b, 0x7aa7, 0x7aa7, 0x7aa7, 0x7aa7, 0x7aa7, 0x7aa7, 0x7aa7, 0xbc2b, 0xbc2b,
    0x7aa7, 0x59e5, 0x9369, 0x7aa7, 0x9369, 0x9369, 0xbc2b, 0x7aa7, 0x7aa7, 0x7aa7, 0x7aa7, 0x7aa7, 0x7aa7, 0x7aa7, 0xbc2b, 0xbc2b,
    0x7aa7, 0x59e5, 0x9369, 0x7aa7, 0x9369, 0x9369, 0xbc2b, 0x7aa7, 0x7aa7, 0x7aa7, 0x7aa7, 0x7aa7, 0x7aa7, 0x7aa7, 0xbc2b, 0xbc2b,
    0x7aa7, 0x59e5, 0x9369, 0x7aa7, 0x9369, 0x9369, 0xbc2b, 0x7aa7, 0x7aa7, 0x7aa7, 0x7aa7, 0x7aa7, 0x7aa7, 0x7aa7, 0xbc2b, 0xbc2b,
    0x7aa7, 0x59e5, 0x9369, 0x7aa7, 0x9369, 0x9369, 0xbc2b, 0x7aa7, 0x7aa7, 0x7aa7, 0x7aa7, 0x7aa7, 0x7aa7, 0x7aa7, 0xbc2b, 0xbc2b,
    0x7aa7, 0x59e5, 0x9369, 0x7aa7, 0x9369, 0x9369, 0xbc2b, 0x7aa7, 0x7aa7, 0x7aa7, 0x7aa7, 0x7aa7, 0x7aa7, 0x7aa7, 0xbc2b, 0xbc2b,
    0x7aa7, 0x59e5, 0x9369, 0x7aa7, 0x9369, 0x9369, 0xbc2b, 0x7aa7, 0x7aa7, 0x7aa7, 0x7aa7, 0x7aa7, 0x7aa7, 0x7aa7, 0xbc2b, 0xbc2b,
    0x7aa7, 0x59e5, 0x9369, 0x7aa7, 0x9369, 0x9369, 0xbc2b, 0x7aa7, 0x7aa7, 0x7aa7, 0x7aa7, 0x7aa7, 0x7aa7, 0x7aa7, 0xbc2b, 0xbc2b,
    0x7aa7, 0x59e5, 0x9369, 0x7aa7, 0x9369, 0x9369, 0xbc2b, 0x7aa7, 0x7aa7, 0x7aa7, 0x7aa7, 0x7aa7, 0x7aa7, 0x7aa7, 0xbc2b, 0xbc2b,
    0x7aa7, 0x59e5, 0x9369, 0x7aa7, 0x9369, 0x9369, 0xbc2b, 0x7aa7, 0x7aa7, 0x7aa7, 0x7aa7, 0x7aa7, 0x7aa7, 0x7aa7, 0xbc2b, 0xbc2b,
    0x7aa7, 0x59e5, 0x9369, 0x7aa7, 0x9369, 0x9369, 0xbc2b, 0x7aa7, 0x7aa7, 0x7aa7, 0x7aa7, 0x7aa7, 0x7aa7, 0x7aa7, 0xbc2b, 0xbc2b,
    0x7aa7, 0x59e5, 0x9369, 0x7aa7, 0x9369, 0x9369, 0xbc2b, 0x7aa7, 0x7aa7, 0x7aa7, 0x7aa7, 0x7aa7, 0x7aa7, 0x7aa7, 0xbc2b, 0xbc2b,
    0x7aa7, 0x59e5, 0x9369, 0x7aa7, 0x9369, 0x9369, 0xbc2b, 0x7aa7, 0x7aa7, 0x7aa7, 0x7aa7, 0x7aa7, 0x7aa7, 0x7aa7, 0xbc2b, 0xbc2b,
    0x7aa7, 0x59e5, 0x9369, 0x7aa7, 0x9369, 0x9369, 0xbc2b, 0x7aa7, 0x7aa7, 0x7aa7, 0x7aa7, 0x7aa7, 0x7aa7, 0x7aa7, 0xbc2b, 0xbc2b,
    0x7aa7, 0x59e5, 0x9369, 0x7aa7, 0x9369, 0x9369, 0xbc2b, 0x7aa7, 0x7aa7, 0x7aa7, 0x7aa7, 0x7aa7, 0x7aa7, 0x7aa7, 0xbc2b, 0xbc2b,
    0x7aa7, 0x59e5, 0x9369, 0x7aa7, 0x9369, 0x9369, 0xbc2b, 0x7aa7, 0x7aa7, 0x7aa7, 0x7aa7, 0x7aa7, 0x7aa7, 0x7aa7, 0xbc2b, 0xbc2b,
    0x7aa7, 0x59e5, 0x9369, 0x7aa7, 0x9369, 0x9369, 0xbc2b, 0x7aa7, 0x7aa7, 0x7aa7, 0x7aa7, 0x7aa7, 0x7aa7, 0x7aa7, 0xbc2b, 0xbc2b,
    0x7aa7, 0x59e5, 0x9369, 0x7aa7, 0x9369, 0x9369, 0xbc2b, 0x7aa7, 0x7aa7, 0x7aa7, 0x7aa7, 0x7aa7, 0x7aa7, 0x7aa7, 0xbc2b, 0xbc2b,
    0x7aa7, 0x59e5, 0x9369, 0x7aa7, 0x9369, 0x9369, 0xbc2b, 0x7aa7, 0x7aa7, 0x7aa7, 0x7aa7, 0x7aa7, 0x7aa7, 0x7aa7, 0xbc2b, 0xbc2b,
    0x7aa7, 0x9369, 0x7aa7, 0x7aa7, 0x72c8, 0x7aa7, 0x9369, 0x9369, 0x7aa7, 0x59e5, 0xbc2b, 0x59e5, 0x7aa7, 0xbc2b, 0x9369, 0x9369,
    0x7aa7, 0x9369, 0x7aa7, 0x7aa7, 0x72c8, 0x7aa7, 0x9369, 0x9369, 0x7aa7, 0x59e5, 0xbc2b, 0x59e5, 0x7aa7, 0xbc2b, 0x9369, 0x9369,
    0x7aa7, 0x9369, 0x7aa7, 0x7aa7, 0x72c8, 0x7aa7, 0x9369, 0x9369, 0x7aa7, 0x59e5, 0xbc2b, 0x59e5, 0x7aa7, 0xbc2b, 0x9369, 0x9369,
    0x7aa7, 0x9369, 0x7aa7, 0x7aa7, 0x72c8, 0x7aa7, 0x9369, 0x9369, 0x7aa7, 0x59e5, 0xbc2b, 0x59e5, 0x7aa7, 0xbc2b, 0x9369, 0x9369,
    0x7aa7, 0x9369, 0x7aa7, 0x7aa7, 0x72c8, 0x7aa7, 0x9369, 0x9369, 0x7aa7, 0x59e5, 0xbc2b, 0x59e5, 0x7aa7, 0xbc2b, 0x9369, 0x9369,
    0x7aa7, 0x9369, 0x7aa7, 0x7aa7, 0x72c8, 0x7aa7, 0x9369, 0x9369, 0x7aa7, 0x59e5, 0xbc2b, 0x59e5, 0x7aa7, 0xbc2b, 0x9369, 0x9369,
    0x7aa7, 0x9369, 0x7aa7, 0x7aa7, 0x72c8, 0x7aa7, 0x9369, 0x9369, 0x7aa7, 0x59e5, 0xbc2b, 0x59e5, 0x7aa7, 0xbc2b, 0x9369, 0x9369,
    0x7aa7, 0x9369, 0x7aa7, 0x7aa7, 0x72c8, 0x7aa7, 0x9369, 0x9369, 0x7aa7, 0x59e5, 0xbc2b, 0x59e5, 0x7aa7, 0xbc2b, 0x9369, 0x9369,
    0x7aa7, 0x9369, 0x7aa7, 0x7aa7, 0x72c8, 0x7aa7, 0x9369, 0x9369, 0x7aa7, 0x59e5, 0xbc2b, 0x59e5, 0x7aa7, 0xbc2b, 0x9369, 0x9369,
    0x7aa7, 0x9369, 0x7aa7, 0x7aa7, 0x72c8, 0x7aa7, 0x9369, 0x9369, 0x7aa7, 0x59e5, 0xbc2b, 0x59e5, 0x7aa7, 0xbc2b, 0x9369, 0x9369,
    0x7aa7, 0x9369, 0x7aa7, 0x7aa7, 0x72c8, 0x7aa7, 0x9369, 0x9369, 0x7aa7, 0x59e5, 0xbc2b, 0x59e5, 0x7aa7, 0xbc2b, 0x9369, 0x9369,
    0x7aa7, 0x9369, 0x7aa7, 0x7aa7, 0x72c8, 0x7aa7, 0x9369, 0x9369, 0x7aa7, 0x59e5, 0xbc2b, 0x59e5, 0x7aa7, 0xbc2b, 0x9369, 0x9369,
    0x7aa7, 0x9369, 0x7aa7, 0x7aa7, 0x72c8, 0x7aa7, 0x9369, 0x9369, 0x7aa7, 0x59e5, 0xbc2b, 0x59e5, 0x7aa7, 0xbc2b, 0x9369, 0x9369,
    0x7aa7, 0x9369, 0x7aa7, 0x7aa7, 0x72c8, 0x7aa7, 0x9369, 0x9369, 0x7aa7, 0x59e5, 0xbc2b, 0x59e5, 0x7aa7, 0xbc2b, 0x9369, 0x9369,
    0x7aa7, 0x9369, 0x7aa7, 0x7aa7, 0x72c8, 0x7aa7, 0x9369, 0x9369, 0x7aa7, 0x59e5, 0xbc2b, 0x59e5, 0x7aa7, 0xbc2b, 0x9369, 0x9369,
    0x7aa7, 0x9369, 0x7aa7, 0x7aa7, 0x72c8, 0x7aa7, 0x9369, 0x9369, 0x7aa7, 0x59e5, 0xbc2b, 0x59e5, 0x7aa7, 0xbc2b, 0x9369, 0x9369,
    0x7aa7, 0x9369, 0x7aa7, 0x7aa7, 0x72c8, 0x7aa7, 0x9369, 0x9369, 0x7aa7, 0x59e5, 0xbc2b, 0x59e5, 0x7aa7, 0xbc2b, 0x9369, 0x9369,
    0x7aa7, 0x9369, 0x7aa7, 0x7aa7, 0x72c8, 0x7aa7, 0x9369, 0x9369, 0x7aa7, 0x59e5, 0xbc2b, 0x59e5, 0x7aa7, 0xbc2b, 0x9369, 0x9369,
    0x7aa7, 0x9369, 0x7aa7, 0x7aa7, 0x72c8, 0x7aa7, 0x9369, 0x9369, 0x7aa7, 0x59e5, 0xbc2b, 0x59e5, 0x7aa7, 0xbc2b, 0x9369, 0x9369,
    0x7aa7, 0x9369, 0x7aa7, 0x7aa7, 0x72c8, 0x7aa7, 0x9369, 0x9369, 0x7aa7, 0x59e5, 0xbc2b, 0x59e5, 0x7aa7, 0xbc2b, 0x9369, 0x9369,
    0x9369, 0x7aa7, 0x59e5, 0xbc2b, 0x7aa7, 0x59e5, 0x7aa7, 0x59e5, 0x7aa7, 0x7aa7, 0x7aa7, 0x59e5, 0x7aa7, 0x7aa7, 0x9369, 0x9369,
    0x9369, 0x7aa7, 0x59e5, 0xbc2b, 0x7aa7, 0x59e5, 0x7aa7, 0x59e5, 0x7aa7, 0x7aa7, 0x7aa7, 0x59e5, 0x7aa7, 0x7aa7, 0x9369, 0x9369,
    0x9369, 0x7aa7, 0x59e5, 0xbc2b, 0x7aa7, 0x59e5, 0x7aa7, 0x59e5, 0x7aa7, 0x7aa7, 0x7aa7, 0x59e5, 0x7aa7, 0x7aa7, 0x9369, 0x9369,
    0x9369, 0x7aa7, 0x59e5, 0xbc2b, 0x7aa7, 0x59e5, 0x7aa7, 0x59e5, 0x7aa7, 0x7aa7, 0x7aa7, 0x59e5, 0x7aa7, 0x7aa7, 0x9369, 0x9369,
    0x9369, 0x7aa7, 0x59e5, 0xbc2b, 0x7aa7, 0x59e5, 0x7aa7, 0x59e5, 0x7aa7, 0x7aa7, 0x7aa7, 0x59e5, 0x7aa7, 0x7aa7, 0x9369, 0x9369,
    0x9369, 0x7aa7, 0x59e5, 0xbc2b, 0x7aa7, 0x59e5, 0x7aa7, 0x59e5, 0x7aa7, 0x7aa7, 0x7aa7, 0x59e5, 0x7aa7, 0x7aa7, 0x9369, 0x9369,
    0x9369, 0x7aa7, 0x59e5, 0xbc2b, 0x7aa7, 0x59e5, 0x7aa7, 0x59e5, 0x7aa7, 0x7aa7, 0x7aa7, 0x59e5, 0x7aa7, 0x7aa7, 0x9369, 0x9369,
    0x9369, 0x7aa7, 0x59e5, 0xbc2b, 0x7aa7, 0x59e5, 0x7aa7, 0x59e5, 0x7aa7, 0x7aa7, 0x7aa7, 0x59e5, 0x7aa7, 0x7aa7, 0x9369, 0x9369,
    0x9369, 0x7aa7, 0x59e5, 0xbc2b, 0x7aa7, 0x59e5, 0x7aa7, 0x59e5, 0x7aa7, 0x7aa7, 0x7aa7, 0x59e5, 0x7aa7, 0x7aa7, 0x9369, 0x9369,
    0x9369, 0x7aa7, 0x59e5, 0xbc2b, 0x7aa7, 0x59e5, 0x7aa7, 0x59e5, 0x7aa7, 0x7aa7, 0x7aa7, 0x59e5, 0x7aa7, 0x7aa7, 0x9369, 0x9369,
    0x9369, 0x7aa7, 0x59e5, 0xbc2b, 0x7aa7, 0x59e5, 0x7aa7, 0x59e5, 0x7aa7, 0x7aa7, 0x7aa7, 0x59e5, 0x7aa7, 0x7aa7, 0x9369, 0x9369,
    0x9369, 0x7aa7, 0x59e5, 0xbc2b, 0x7aa7, 0x59e5, 0x7aa7, 0x59e5, 0x7aa7, 0x7aa7, 0x7aa7, 0x59e5, 0x7aa7, 0x7aa7, 0x9369, 0x9369,
    0x9369, 0x7aa7, 0x59e5, 0xbc2b, 0x7aa7, 0x59e5, 0x7aa7, 0x59e5, 0x7aa7, 0x7aa7, 0x7aa7, 0x59e5, 0x7aa7, 0x7aa7, 0x9369, 0x9369,
    0x9369, 0x7aa7, 0x59e5, 0xbc2b, 0x7aa7, 0x59e5, 0x7aa7, 0x59e5, 0x7aa7, 0x7aa7, 0x7aa7, 0x59e5, 0x7aa7, 0x7aa7, 0x9369, 0x9369,
    0x9369, 0x7aa7, 0x59e5, 0xbc2b, 0x7aa7, 0x59e5, 0x7aa7, 0x59e5, 0x7aa7, 0x7aa7, 0x7aa7, 0x59e5, 0x7aa7, 0x7aa7, 0x9369, 0x9369,
    0x9369, 0x7aa7, 0x59e5, 0xbc2b, 0x7aa7, 0x59e5, 0x7aa7, 0x59e5, 0x7aa7, 0x7aa7, 0x7aa7, 0x59e5, 0x7aa7, 0x7aa7, 0x9369, 0x9369,
    0x9369, 0x7aa7, 0x59e5, 0xbc2b, 0x7aa7, 0x59e5, 0x7aa7, 0x59e5, 0x7aa7, 0x7aa7, 0x7aa7, 0x59e5, 0x7aa7, 0x7aa7, 0x9369, 0x9369,
    0x9369, 0x7aa7, 0x59e5, 0xbc2b, 0x7aa7, 0x59e5, 0x7aa7, 0x59e5, 0x7aa7, 0x7aa7, 0x7aa7, 0x59e5, 0x7aa7, 0x7aa7, 0x9369, 0x9369,
    0x9369, 0x7aa7, 0x59e5, 0xbc2b, 0x7aa7, 0x59e5, 0x7aa7, 0x59e5, 0x7aa7, 0x7aa7, 0x7aa7, 0x59e5, 0x7aa7, 0x7aa7, 0x9369, 0x9369,
    0x9369, 0x7aa7, 0x59e5, 0xbc2b, 0x7aa7, 0x59e5, 0x7aa7, 0x59e5, 0x7aa7, 0x7aa7, 0x7aa7, 0x59e5, 0x7aa7, 0x7aa7, 0x9369, 0x9369,
    0x9369, 0x7aa7, 0xbc2b, 0x9369, 0x9369, 0x7aa7, 0x8430, 0x9369, 0x9369, 0x9369, 0x7aa7, 0x7aa7, 0x9369, 0x9369, 0x7aa7, 0x59e5,
    0x9369, 0x7aa7, 0xbc2b, 0x9369, 0x9369, 0x7aa7, 0x8430, 0x9369, 0x9369, 0x9369, 0x7aa7, 0x7aa7, 0x9369, 0x9369, 0x7aa7, 0x59e5,
    0x9369, 0x7aa7, 0xbc2b, 0x9369, 0x9369, 0x7aa7, 0x8430, 0x9369, 0x9369, 0x9369, 0x7aa7, 0x7aa7, 0x9369, 0x9369, 0x7aa7, 0x59e5,
    0x9369, 0x7aa7, 0xbc2b, 0x9369, 0x9369, 0x7aa7, 0x8430, 0x9369, 0x9369, 0x9369, 0x7aa7, 0x7aa7, 0x9369, 0x9369, 0x7aa7, 0x59e5,
    0x9369, 0x7aa7, 0xbc2b, 0x9369, 0x9369, 0x7aa7, 0x8430, 0x9369, 0x9369, 0x9369, 0x7aa7, 0x7aa7, 0x9369, 0x9369, 0x7aa7, 0x59e5,
    0x9369, 0x7aa7, 0xbc2b, 0x9369, 0x9369, 0x7aa7, 0x8430, 0x9369, 0x9369, 0x9369, 0x7aa7, 0x7aa7, 0x9369, 0x9369, 0x7aa7, 0x59e5,
    0x9369, 0x7aa7, 0xbc2b, 0x9369, 0x9369, 0x7aa7, 0x8430, 0x9369, 0x9369, 0x9369, 0x7aa7, 0x7aa7, 0x9369, 0x9369, 0x7aa7, 0x59e5,
    0x9369, 0x7aa7, 0xbc2b, 0x9369, 0x9369, 0x7aa7, 0x8430, 0x9369, 0x9369, 0x9369, 0x7aa7, 0x7aa7, 0x9369, 0x9369, 0x7aa7, 0x59e5,
    0x9369, 0x7aa7, 0xbc2b, 0x9369, 0x9369, 0x7aa7, 0x8430, 0x9369, 0x9369, 0x9369, 0x7aa7, 0x7aa7, 0x9369, 0x9369, 0x7aa7, 0x59e5,
    0x9369, 0x7aa7, 0xbc2b, 0x9369, 0x9369, 0x7aa7, 0x8430, 0x9369, 0x9369, 0x9369, 0x7aa7, 0x7aa7, 0x9369, 0x9369, 0x7aa7, 0x59e5,
    0x9369, 0x7aa7, 0xbc2b, 0x9369, 0x9369, 0x7aa7, 0x8430, 0x9369, 0x9369, 0x9369, 0x7aa7, 0x7aa7, 0x9369, 0x9369, 0x7aa7, 0x59e5,
    0x9369, 0x7aa7, 0xbc2b, 0x9369, 0x9369, 0x7aa7, 0x8430, 0x9369, 0x9369, 0x9369, 0x7aa7, 0x7aa7, 0x9369, 0x9369, 0x7aa7, 0x59e5,
    0x9369, 0x7aa7, 0xbc2b, 0x9369, 0x9369, 0x7aa7, 0x8430, 0x9369, 0x9369, 0x9369, 0x7aa7, 0x7aa7, 0x9369, 0x9369, 0x7aa7, 0x59e5,
    0x9369, 0x7aa7, 0xbc2b, 0x9369, 0x9369, 0x7aa7, 0x8430, 0x9369, 0x9369, 0x9369, 0x7aa7, 0x7aa7, 0x9369, 0x9369, 0x7aa7, 0x59e5,
    0x9369, 0x7aa7, 0xbc2b, 0x9369, 0x9369, 0x7aa7, 0x8430, 0x9369, 0x9369, 0x9369, 0x7aa7, 0x7aa7, 0x9369, 0x9369, 0x7aa7, 0x59e5,
    0x9369, 0x7aa7, 0xbc2b, 0x9369, 0x9369, 0x7aa7, 0x8430, 0x9369, 0x9369, 0x9369, 0x7aa7, 0x7aa7, 0x9369, 0x9369, 0x7aa7, 0x59e5,
    0x9369, 0x7aa7, 0xbc2b, 0x9369, 0x9369, 0x7aa7, 0x8430, 0x9369, 0x9369, 0x9369, 0x7aa7, 0x7aa7, 0x9369, 0x9369, 0x7aa7, 0x59e5,
    0x9369, 0x7aa7, 0xbc2b, 0x9369, 0x9369, 0x7aa7, 0x8430, 0x9369, 0x9369, 0x9369, 0x7aa7, 0x7aa7, 0x9369, 0x9369, 0x7aa7, 0x59e5,
    0x9369, 0x7aa7, 0xbc2b, 0x9369, 0x9369, 0x7aa7, 0x8430, 0x9369, 0x9369, 0x9369, 0x7aa7, 0x7aa7, 0x9369, 0x9369, 0x7aa7, 0x59e5,
    0x9369, 0x7aa7, 0xbc2b, 0x9369, 0x9369, 0x7aa7, 0x8430, 0x9369, 0x9369, 0x9369, 0x7aa7, 0x7aa7, 0x9369, 0x9369, 0x7aa7, 0x59e5,
    0xbc2b, 0x9369, 0x9369, 0x7aa7, 0x7aa7, 0xbc2b, 0x9369, 0x9369, 0x7aa7, 0x7aa7, 0x59e5, 0x7aa7, 0x7aa7, 0xbc2b, 0x7aa7, 0xbc2b,
    0xbc2b, 0x9369, 0x9369, 0x7aa7, 0x7aa7, 0xbc2b, 0x9369, 0x9369, 0x7aa7, 0x7aa7, 0x59e5, 0x7aa7, 0x7aa7, 0xbc2b, 0x7aa7, 0xbc2b,
    0xbc2b, 0x9369, 0x9369, 0x7aa7, 0x7aa7, 0xbc2b, 0x9369, 0x9369, 0x7aa7, 0x7aa7, 0x59e5, 0x7aa7, 0x7aa7, 0xbc2b, 0x7aa7, 0xbc2b,
    0xbc2b, 0x9369, 0x9369, 0x7aa7, 0x7aa7, 0xbc2b, 0x9369, 0x9369, 0x7aa7, 0x7aa7, 0x59e5, 0x7aa7, 0x7aa7, 0xbc2b, 0x7aa7, 0xbc2b,
    0xbc2b, 0x9369, 0x9369, 0x7aa7, 0x7aa7, 0xbc2b, 0x9369, 0x9369, 0x7aa7, 0x7aa7, 0x59e5, 0x7aa7, 0x7aa7, 0xbc2b, 0x7aa7, 0xbc2b,
    0xbc2b, 0x9369, 0x9369, 0x7aa7, 0x7aa7, 0xbc2b, 0x9369, 0x9369, 0x7aa7, 0x7aa7, 0x59e5, 0x7aa7, 0x7aa7, 0xbc2b, 0x7aa7, 0xbc2b,
    0xbc2b, 0x9369, 0x9369, 0x7aa7, 0x7aa7, 0xbc2b, 0x9369, 0x9369, 0x7aa7, 0x7aa7, 0x59e5, 0x7aa7, 0x7aa7, 0xbc2b, 0x7aa7, 0xbc2b,
    0xbc2b, 0x9369, 0x9369, 0x7aa7, 0x7aa7, 0xbc2b, 0x9369, 0x9369, 0x7aa7, 0x7aa7, 0x59e5, 0x7aa7, 0x7aa7, 0xbc2b, 0x7aa7, 0xbc2b,
    0xbc2b, 0x9369, 0x9369, 0x7aa7, 0x7aa7, 0xbc2b, 0x9369, 0x9369, 0x7aa7, 0x7aa7, 0x59e5, 0x7aa7, 0x7aa7, 0xbc2b, 0x7aa7, 0xbc2b,
    0xbc2b, 0x9369, 0x9369, 0x7aa7, 0x7aa7, 0xbc2b, 0x9369, 0x9369, 0x7aa7, 0x7aa7, 0x59e5, 0x7aa7, 0x7aa7, 0xbc2b, 0x7aa7, 0xbc2b,
    0xbc2b, 0x9369, 0x9369, 0x7aa7, 0x7aa7, 0xbc2b, 0x9369, 0x9369, 0x7aa7, 0x7aa7, 0x59e5, 0x7aa7, 0x7aa7, 0xbc2b, 0x7aa7, 0xbc2b,
    0xbc2b, 0x9369, 0x9369, 0x7aa7, 0x7aa7, 0xbc2b, 0x9369, 0x9369, 0x7aa7, 0x7aa7, 0x59e5, 0x7aa7, 0x7aa7, 0xbc2b, 0x7aa7, 0xbc2b,
    0xbc2b, 0x9369, 0x9369, 0x7aa7, 0x7aa7, 0xbc2b, 0x9369, 0x9369, 0x7aa7, 0x7aa7, 0x59e5, 0x7aa7, 0x7aa7, 0xbc2b, 0x7aa7, 0xbc2b,
    0xbc2b, 0x9369, 0x9369, 0x7aa7, 0x7aa7, 0xbc2b, 0x9369, 0x9369, 0x7aa7, 0x7aa7, 0x59e5, 0x7aa7, 0x7aa7, 0xbc2b, 0x7aa7, 0xbc2b,
    0xbc2b, 0x9369, 0x9369, 0x7aa7, 0x7aa7, 0xbc2b, 0x9369, 0x9369, 0x7aa7, 0x7aa7, 0x59e5, 0x7aa7, 0x7aa7, 0xbc2b, 0x7aa7, 0xbc2b,
    0xbc2b, 0x9369, 0x9369, 0x7aa7, 0x7aa7, 0xbc2b, 0x9369, 0x9369, 0x7aa7, 0x7aa7, 0x59e5, 0x7aa7, 0x7aa7, 0xbc2b, 0x7aa7, 0xbc2b,
    0xbc2b, 0x9369, 0x9369, 0x7aa7, 0x7aa7, 0xbc2b, 0x9369, 0x9369, 0x7aa7, 0x7aa7, 0x59e5, 0x7aa7, 0x7aa7, 0xbc2b, 0x7aa7, 0xbc2b,
    0xbc2b, 0x9369, 0x9369, 0x7aa7, 0x7aa7, 0xbc2b, 0x9369, 0x9369, 0x7aa7, 0x7aa7, 0x59e5, 0x7aa7, 0x7aa7, 0xbc2b, 0x7aa7, 0xbc2b,
    0xbc2b, 0x9369, 0x9369, 0x7aa7, 0x7aa7, 0xbc2b, 0x9369, 0x9369, 0x7aa7, 0x7aa7, 0x59e5, 0x7aa7, 0x7aa7, 0xbc2b, 0x7aa7, 0xbc2b,
    0xbc2b, 0x9369, 0x9369, 0x7aa7, 0x7aa7, 0xbc2b, 0x9369, 0x9369, 0x7aa7, 0x7aa7, 0x59e5, 0x7aa7, 0x7aa7, 0xbc2b, 0x7aa7, 0xbc2b,
    0x7aa7, 0x9369, 0x59e5, 0x7aa7, 0x7aa7, 0x9369, 0x8430, 0x59e5, 0x7aa7, 0xbc2b, 0x9369, 0x7aa7, 0x7aa7, 0x9369, 0x59e5, 0x59e5,
    0x7aa7, 0x9369, 0x59e5, 0x7aa7, 0x7aa7, 0x9369, 0x8430, 0x59e5, 0x7aa7, 0xbc2b, 0x9369, 0x7aa7, 0x7aa7, 0x9369, 0x59e5, 0x59e5,
    0x7aa7, 0x9369, 0x59e5, 0x7aa7, 0x7aa7, 0x9369, 0x8430, 0x59e5, 0x7aa7, 0xbc2b, 0x9369, 0x7aa7, 0x7aa7, 0x9369, 0x59e5, 0x59e5,
    0x7aa7, 0x9369, 0x59e5, 0x7aa7, 0x7aa7, 0x9369, 0x8430, 0x59e5, 0x7aa7, 0xbc2b, 0x9369, 0x7aa7, 0x7aa7, 0x9369, 0x59e5, 0x59e5,
    0x7aa7, 0x9369, 0x59e5, 0x7aa7, 0x7aa7, 0x9369, 0x8430, 0x59e5, 0x7aa7, 0xbc2b, 0x9369, 0x7aa7, 0x7aa7, 0x9369, 0x59e5, 0x59e5,
    0x7aa7, 0x9369, 0x59e5, 0x7aa7, 0x7aa7, 0x9369, 0x8430, 0x59e5, 0x7aa7, 0xbc2b, 0x9369, 0x7aa7, 0x7aa7, 0x9369, 0x59e5, 0x59e5,
    0x7aa7, 0x9369, 0x59e5, 0x7aa7, 0x7aa7, 0x9369, 0x8430, 0x59e5, 0x7aa7, 0xbc2b, 0x9369, 0x7aa7, 0x7aa7, 0x9369, 0x59e5, 0x59e5,
    0x7aa7, 0x9369, 0x59e5, 0x7aa7, 0x7aa7, 0x9369, 0x8430, 0x59e5, 0x7aa7, 0xbc2b, 0x9369, 0x7aa7, 0x7aa7, 0x9369, 0x59e5, 0x59e5,
    0x7aa7, 0x9369, 0x59e5, 0x7aa7, 0x7aa7, 0x9369, 0x8430, 0x59e5, 0x7aa7, 0xbc2b, 0x9369, 0x7aa7, 0x7aa7, 0x9369, 0x59e5, 0x59e5,
    0x7aa7, 0x9369, 0x59e5, 0x7aa7, 0x7aa7, 0x9369, 0x8430, 0x59e5, 0x7aa7, 0xbc2b, 0x9369, 0x7aa7, 0x7aa7, 0x9369, 0x59e5, 0x59e5,
    0x7aa7, 0x9369, 0x59e5, 0x7aa7, 0x7aa7, 0x9369, 0x8430, 0x59e5, 0x7aa7, 0xbc2b, 0x9369, 0x7aa7, 0x7aa7, 0x9369, 0x59e5, 0x59e5,
    0x7aa7, 0x9369, 0x59e5, 0x7aa7, 0x7aa7, 0x9369, 0x8430, 0x59e5, 0x7aa7, 0xbc2b, 0x9369, 0x7aa7, 0x7aa7, 0x9369, 0x59e5, 0x59e5,
    0x7aa7, 0x9369, 0x59e5, 0x7aa7, 0x7aa7, 0x9369, 0x8430, 0x59e5, 0x7aa7, 0xbc2b, 0x9369, 0x7aa7, 0x7aa7, 0x9369, 0x59e5, 0x59e5,
    0x7aa7, 0x9369, 0x59e5, 0x7aa7, 0x7aa7, 0x9369, 0x8430, 0x59e5, 0x7aa7, 0xbc2b, 0x9369, 0x7aa7, 0x7aa7, 0x9369, 0x59e5, 0x59e5,
    0x7aa7, 0x9369, 0x59e5, 0x7aa7, 0x7aa7, 0x9369, 0x8430, 0x59e5, 0x7aa7, 0xbc2b, 0x9369, 0x7aa7, 0x7aa7, 0x9369, 0x59e5, 0x59e5,
    0x7aa7, 0x9369, 0x59e5, 0x7aa7, 0x7aa7, 0x9369, 0x8430, 0x59e5, 0x7aa7, 0xbc2b, 0x9369, 0x7aa7, 0x7aa7, 0x9369, 0x59e5, 0x59e5,
    0x7aa7, 0x9369, 0x59e5, 0x7aa7, 0x7aa7, 0x9369, 0x8430, 0x59e5, 0x7aa7, 0xbc2b, 0x9369, 0x7aa7, 0x7aa7, 0x9369, 0x59e5, 0x59e5,
    0x7aa7, 0x9369, 0x59e5, 0x7aa7, 0x7aa7, 0x9369, 0x8430, 0x59e5, 0x7aa7, 0xbc2b, 0x9369, 0x7aa7, 0x7aa7, 0x9369, 0x59e5, 0x59e5,
    0x7aa7, 0x9369, 0x59e5, 0x7aa7, 0x7aa7, 0x9369, 0x8430, 0x59e5, 0x7aa7, 0xbc2b, 0x9369, 0x7aa7, 0x7aa7, 0x9369, 0x59e5, 0x59e5,
    0x7aa7, 0x9369, 0x59e5, 0x7aa7, 0x7aa7, 0x9369, 0x8430, 0x59e5, 0x7aa7, 0xbc2b, 0x9369, 0x7aa7, 0x7aa7, 0x9369, 0x59e5, 0x59e5,
    0xbc2b, 0x7aa7, 0x7aa7, 0x59e5, 0xbc2b, 0x7aa7, 0x7aa7, 0x7aa7, 0xbc2b, 0x7aa7, 0x7aa7, 0x7aa7, 0x59e5, 0x59e5, 0xbc2b, 0x7aa7,
    0xbc2b, 0x7aa7, 0x7aa7, 0x59e5, 0xbc2b, 0x7aa7, 0x7aa7, 0x7aa7, 0xbc2b, 0x7aa7, 0x7aa7, 0x7aa7, 0x59e5, 0x59e5, 0xbc2b, 0x7aa7,
    0xbc2b, 0x7aa7, 0x7aa7, 0x59e5, 0xbc2b, 0x7aa7, 0x7aa7, 0x7aa7, 0xbc2b, 0x7aa7, 0x7aa7, 0x7aa7, 0x59e5, 0x59e5, 0xbc2b, 0x7aa7,
    0xbc2b, 0x7aa7, 0x7aa7, 0x59e5, 0xbc2b, 0x7aa7, 0x7aa7, 0x7aa7, 0xbc2b, 0x7aa7, 0x7aa7, 0x7aa7, 0x59e5, 0x59e5, 0xbc2b, 0x7aa7,
    0xbc2b, 0x7aa7, 0x7aa7, 0x59e5, 0xbc2b, 0x7aa7, 0x7aa7, 0x7aa7, 0xbc2b, 0x7aa7, 0x7aa7, 0x7aa7, 0x59e5, 0x59e5, 0xbc2b, 0x7aa7,
    0xbc2b, 0x7aa7, 0x7aa7, 0x59e5, 0xbc2b, 0x7aa7, 0x7aa7, 0x7aa7, 0xbc2b, 0x7aa7, 0x7aa7, 0x7aa7, 0x59e5, 0x59e5, 0xbc2b, 0x7aa7,
    0xbc2b, 0x7aa7, 0x7aa7, 0x59e5, 0xbc2b, 0x7aa7, 0x7aa7, 0x7aa7, 0xbc2b, 0x7aa7, 0x7aa7, 0x7aa7, 0x59e5, 0x59e5, 0xbc2b, 0x7aa7,
    0xbc2b, 0x7aa7, 0x7aa7, 0x59e5, 0xbc2b, 0x7aa7, 0x7aa7, 0x7aa7, 0xbc2b, 0x7aa7, 0x7aa7, 0x7aa7, 0x59e5, 0x59e5, 0xbc2b, 0x7aa7,
    0xbc2b, 0x7aa7, 0x7aa7, 0x59e5, 0xbc2b, 0x7aa7, 0x7aa7, 0x7aa7, 0xbc2b, 0x7aa7, 0x7aa7, 0x7aa7, 0x59e5, 0x59e5, 0xbc2b, 0x7aa7,
    0xbc2b, 0x7aa7, 0x7aa7, 0x59e5, 0xbc2b, 0x7aa7, 0x7aa7, 0x7aa7, 0xbc2b, 0x7aa7, 0x7aa7, 0x7aa7, 0x59e5, 0x59e5, 0xbc2b, 0x7aa7,
    0xbc2b, 0x7aa7, 0x7aa7, 0x59e5, 0xbc2b, 0x7aa7, 0x7aa7, 0x7aa7, 0xbc2b, 0x7aa7, 0x7aa7, 0x7aa7, 0x59e5, 0x59e5, 0xbc2b, 0x7aa7,
    0xbc2b, 0x7aa7, 0x7aa7, 0x59e5, 0xbc2b, 0x7aa7, 0x7aa7, 0x7aa7, 0xbc2b, 0x7aa7, 0x7aa7, 0x7aa7, 0x59e5, 0x59e5, 0xbc2b, 0x7aa7,
    0xbc2b, 0x7aa7, 0x7aa7, 0x59e5, 0xbc2b, 0x7aa7, 0x7aa7, 0x7aa7, 0xbc2b, 0x7aa7, 0x7aa7, 0x7aa7, 0x59e5, 0x59e5, 0xbc2b, 0x7aa7,
    0xbc2b, 0x7aa7, 0x7aa7, 0x59e5, 0xbc2b, 0x7aa7, 0x7aa7, 0x7aa7, 0xbc2b, 0x7aa7, 0x7aa7, 0x7aa7, 0x59e5, 0x59e5, 0xbc2b, 0x7aa7,
    0xbc2b, 0x7aa7, 0x7aa7, 0x59e5, 0xbc2b, 0x7aa7, 0x7aa7, 0x7aa7, 0xbc2b, 0x7aa7, 0x7aa7, 0x7aa7, 0x59e5, 0x59e5, 0xbc2b, 0x7aa7,
    0xbc2b, 0x7aa7, 0x7aa7, 0x59e5, 0xbc2b, 0x7aa7, 0x7aa7, 0x7aa7, 0xbc2b, 0x7aa7, 0x7aa7, 0x7aa7, 0x59e5, 0x59e5, 0xbc2b, 0x7aa7,
    0xbc2b, 0x7aa7, 0x7aa7, 0x59e5, 0xbc2b, 0x7aa7, 0x7aa7, 0x7aa7, 0xbc2b, 0x7aa7, 0x7aa7, 0x7aa7, 0x59e5, 0x59e5, 0xbc2b, 0x7aa7,
    0xbc2b, 0x7aa7, 0x7aa7, 0x59e5, 0xbc2b, 0x7aa7, 0x7aa7, 0x7aa7, 0xbc2b, 0x7aa7, 0x7aa7, 0x7aa7, 0x59e5, 0x59e5, 0xbc2b, 0x7aa7,
    0xbc2b, 0x7aa7, 0x7aa7, 0x59e5, 0xbc2b, 0x7aa7, 0x7aa7, 0x7aa7, 0xbc2b, 0x7aa7, 0x7aa7, 0x7aa7, 0x59e5, 0x59e5, 0xbc2b, 0x7aa7,
    0xbc2b, 0x7aa7, 0x7aa7, 0x59e5, 0xbc2b, 0x7aa7, 0x7aa7, 0x7aa7, 0xbc2b, 0x7aa7, 0x7aa7, 0x7aa7, 0x59e5, 0x59e5, 0xbc2b, 0x7aa7,
    0x9369, 0x6b6d, 0xbc2b, 0x7aa7, 0x9369, 0x59e5, 0x7aa7, 0xbc2b, 0x9369, 0x9369, 0x7aa7, 0x9369, 0x7aa7, 0xbc2b, 0x9369, 0x7aa7,
    0x9369, 0x6b6d, 0xbc2b, 0x7aa7, 0x9369, 0x59e5, 0x7aa7, 0xbc2b, 0x9369, 0x9369, 0x7aa7, 0x9369, 0x7aa7, 0xbc2b, 0x9369, 0x7aa7,
    0x9369, 0x6b6d, 0xbc2b, 0x7aa7, 0x9369, 0x59e5, 0x7aa7, 0xbc2b, 0x9369, 0x9369, 0x7aa7, 0x9369, 0x7aa7, 0xbc2b, 0x9369, 0x7aa7,
    0x9369, 0x6b6d, 0xbc2b, 0x7aa7, 0x9369, 0x59e5, 0x7aa7, 0xbc2b, 0x9369, 0x9369, 0x7aa7, 0x9369, 0x7aa7, 0xbc2b, 0x9369, 0x7aa7,
    0x9369, 0x6b6d, 0xbc2b, 0x7aa7, 0x9369, 0x59e5, 0x7aa7, 0xbc2b, 0x9369, 0x9369, 0x7aa7, 0x9369, 0x7aa7, 0xbc2b, 0x9369, 0x7aa7,
    0x9369, 0x6b6d, 0xbc2b, 0x7aa7, 0x9369, 0x59e5, 0x7aa7, 0xbc2b, 0x9369, 0x9369, 0x7aa7, 0x9369, 0x7aa7, 0xbc2b, 0x9369, 0x7aa7,
    0x9369, 0x6b6d, 0xbc2b, 0x7aa7, 0x9369, 0x59e5, 0x7aa7, 0xbc2b, 0x9369, 0x9369, 0x7aa7, 0x9369, 0x7aa7, 0xbc2b, 0x9369, 0x7aa7,
    0x9369, 0x6b6d, 0xbc2b, 0x7aa7, 0x9369, 0x59e5, 0x7aa7, 0xbc2b, 0x9369, 0x9369, 0x7aa7, 0x9369, 0x7aa7, 0xbc2b, 0x9369, 0x7aa7,
    0x9369, 0x6b6d, 0xbc2b, 0x7aa7, 0x9369, 0x59e5, 0x7aa7, 0xbc2b, 0x9369, 0x9369, 0x7aa7, 0x9369, 0x7aa7, 0xbc2b, 0x9369, 0x7aa7,
    0x9369, 0x6b6d, 0xbc2b, 0x7aa7, 0x9369, 0x59e5, 0x7aa7, 0xbc2b, 0x9369, 0x9369, 0x7aa7, 0x9369, 0x7aa7, 0xbc2b, 0x9369, 0x7aa7,
    0x9369, 0x6b6d, 0xbc2b, 0x7aa7, 0x9369, 0x59e5, 0x7aa7, 0xbc2b, 0x9369, 0x9369, 0x7aa7, 0x9369, 0x7aa7, 0xbc2b, 0x9369, 0x7aa7,
    0x9369, 0x6b6d, 0xbc2b, 0x7aa7, 0x9369, 0x59e5, 0x7aa7, 0xbc2b, 0x9369, 0x9369, 0x7aa7, 0x9369, 0x7aa7, 0xbc2b, 0x9369, 0x7aa7,
    0x9369, 0x6b6d, 0xbc2b, 0x7aa7, 0x9369, 0x59e5, 0x7aa7, 0xbc2b, 0x9369, 0x9369, 0x7aa7, 0x9369, 0x7aa7, 0xbc2b, 0x9369, 0x7aa7,
    0x9369, 0x6b6d, 0xbc2b, 0x7aa7, 0x9369, 0x59e5, 0x7aa7, 0xbc2b, 0x9369, 0x9369, 0x7aa7, 0x9369, 0x7aa7, 0xbc2b, 0x9369, 0x7aa7,
    0x9369, 0x6b6d, 0xbc2b, 0x7aa7, 0x9369, 0x59e5, 0x7aa7, 0xbc2b, 0x9369, 0x9369, 0x7aa7, 0x9369, 0x7aa7, 0xbc2b, 0x9369, 0x7aa7,
    0x9369, 0x6b6d, 0xbc2b, 0x7aa7, 0x9369, 0x59e5, 0x7aa7, 0xbc2b, 0x9369, 0x9369, 0x7aa7, 0x9369, 0x7aa7, 0xbc2b, 0x9369, 0x7aa7,
    0x9369, 0x6b6d, 0xbc2b, 0x7aa7, 0x9369, 0x59e5, 0x7aa7, 0xbc2b, 0x9369, 0x9369, 0x7aa7, 0x9369, 0x7aa7, 0xbc2b, 0x9369, 0x7aa7,
    0x9369, 0x6b6d, 0xbc2b, 0x7aa7, 0x9369, 0x59e5, 0x7aa7, 0xbc2b, 0x9369, 0x9369, 0x7aa7, 0x9369, 0x7aa7, 0xbc2b, 0x9369, 0x7aa7,
    0x9369, 0x6b6d, 0xbc2b, 0x7aa7, 0x9369, 0x59e5, 0x7aa7, 0xbc2b, 0x9369, 0x9369, 0x7aa7, 0x9369, 0x7aa7, 0xbc2b, 0x9369, 0x7aa7,
    0x9369, 0x6b6d, 0xbc2b, 0x7aa7, 0x9369, 0x59e5, 0x7aa7, 0xbc2b, 0x9369, 0x9369, 0x7aa7, 0x9369, 0x7aa7, 0xbc2b, 0x9369, 0x7aa7,
    0x9369, 0x7aa7, 0x9369, 0xbc2b, 0x59e5, 0x9369, 0x7aa7, 0x7aa7, 0x9369, 0x59e5, 0x7aa7, 0x6b6d, 0x7aa7, 0x9369, 0x59e5, 0x7aa7,
    0x9369, 0x7aa7, 0x9369, 0xbc2b, 0x59e5, 0x9369, 0x7aa7, 0x7aa7, 0x9369, 0x59e5, 0x7aa7, 0x6b6d, 0x7aa7, 0x9369, 0x59e5, 0x7aa7,
    0x9369, 0x7aa7, 0x9369, 0xbc2b, 0x59e5, 0x9369, 0x7aa7, 0x7aa7, 0x9369, 0x59e5, 0x7aa7, 0x6b6d, 0x7aa7, 0x9369, 0x59e5, 0x7aa7,
    0x9369, 0x7aa7, 0x9369, 0xbc2b, 0x59e5, 0x9369, 0x7aa7, 0x7aa7, 0x9369, 0x59e5, 0x7aa7, 0x6b6d, 0x7aa7, 0x9369, 0x59e5, 0x7aa7,
    0x9369, 0x7aa7, 0x9369, 0xbc2b, 0x59e5, 0x9369, 0x7aa7, 0x7aa7, 0x9369, 0x59e5, 0x7aa7, 0x6b6d, 0x7aa7, 0x9369, 0x59e5, 0x7aa7,
    0x9369, 0x7aa7, 0x9369, 0xbc2b, 0x59e5, 0x9369, 0x7aa7, 0x7aa7, 0x9369, 0x59e5, 0x7aa7, 0x6b6d, 0x7aa7, 0x9369, 0x59e5, 0x7aa7,
    0x9369, 0x7aa7, 0x9369, 0xbc2b, 0x59e5, 0x9369, 0x7aa7, 0x7aa7, 0x9369, 0x59e5, 0x7aa7, 0x6b6d, 0x7aa7, 0x9369, 0x59e5, 0x7aa7,
    0x9369, 0x7aa7, 0x9369, 0xbc2b, 0x59e5, 0x9369, 0x7aa7, 0x7aa7, 0x9369, 0x59e5, 0x7aa7, 0x6b6d, 0x7aa7, 0x9369, 0x59e5, 0x7aa7,
    0x9369, 0x7aa7, 0x9369, 0xbc2b, 0x59e5, 0x9369, 0x7aa7, 0x7aa7, 0x9369, 0x59e5, 0x7aa7, 0x6b6d, 0x7aa7, 0x9369, 0x59e5, 0x7aa7,
    0x9369, 0x7aa7, 0x9369, 0xbc2b, 0x59e5, 0x9369, 0x7aa7, 0x7aa7, 0x9369, 0x59e5, 0x7aa7, 0x6b6d, 0x7aa7, 0x9369, 0x59e5, 0x7aa7,
    0x9369, 0x7aa7, 0x9369, 0xbc2b, 0x59e5, 0x9369, 0x7aa7, 0x7aa7, 0x9369, 0x59e5, 0x7aa7, 0x6b6d, 0x7aa7, 0x9369, 0x59e5, 0x7aa7,
    0x9369, 0x7aa7, 0x9369, 0xbc2b, 0x59e5, 0x9369, 0x7aa7, 0x7aa7, 0x9369, 0x59e5, 0x7aa7, 0x6b6d, 0x7aa7, 0x9369, 0x59e5, 0x7aa7,
    0x9369, 0x7aa7, 0x9369, 0xbc2b, 0x59e5, 0x9369, 0x7aa7, 0x7aa7, 0x9369, 0x59e5, 0x7aa7, 0x6b6d, 0x7aa7, 0x9369, 0x59e5, 0x7aa7,
    0x9369, 0x7aa7, 0x9369, 0xbc2b, 0x59e5, 0x9369, 0x7aa7, 0x7aa7, 0x9369, 0x59e5, 0x7aa7, 0x6b6d, 0x7aa7, 0x9369, 0x59e5, 0x7aa7,
    0x9369, 0x7aa7, 0x9369, 0xbc2b, 0x59e5, 0x9369, 0x7aa7, 0x7aa7, 0x9369, 0x59e5, 0x7aa7, 0x6b6d, 0x7aa7, 0x9369, 0x59e5, 0x7aa7,
    0x9369, 0x7aa7, 0x9369, 0xbc2b, 0x59e5, 0x9369, 0x7aa7, 0x7aa7, 0x9369, 0x59e5, 0x7aa7, 0x6b6d, 0x7aa7, 0x9369, 0x59e5, 0x7aa7,
    0x9369, 0x7aa7, 0x9369, 0xbc2b, 0x59e5, 0x9369, 0x7aa7, 0x7aa7, 0x9369, 0x59e5, 0x7aa7, 0x6b6d, 0x7aa7, 0x9369, 0x59e5, 0x7aa7,
    0x9369, 0x7aa7, 0x9369, 0xbc2b, 0x59e5, 0x9369, 0x7aa7, 0x7aa7, 0x9369, 0x59e5, 0x7aa7, 0x6b6d, 0x7aa7, 0x9369, 0x59e5, 0x7aa7,
    0x9369, 0x7aa7, 0x9369, 0xbc2b, 0x59e5, 0x9369, 0x7aa7, 0x7aa7, 0x9369, 0x59e5, 0x7aa7, 0x6b6d, 0x7aa7, 0x9369, 0x59e5, 0x7aa7,
    0x9369, 0x7aa7, 0x9369, 0xbc2b, 0x59e5, 0x9369, 0x7aa7, 0x7aa7, 0x9369, 0x59e5, 0x7aa7, 0x6b6d, 0x7aa7, 0x9369, 0x59e5, 0x7aa7,
    0x7aa7, 0x59e5, 0x9369, 0x9369, 0x7aa7, 0x9369, 0x59e5, 0x59e5, 0x59e5, 0x7aa7, 0x7aa7, 0x59e5, 0x7aa7, 0x7aa7, 0x7aa7, 0xbc2b,
    0x7aa7, 0x59e5, 0x9369, 0x9369, 0x7aa7, 0x9369, 0x59e5, 0x59e5, 0x59e5, 0x7aa7, 0x7aa7, 0x59e5, 0x7aa7, 0x7aa7, 0x7aa7, 0xbc2b,
    0x7aa7, 0x59e5, 0x9369, 0x9369, 0x7aa7, 0x9369, 0x59e5, 0x59e5, 0x59e5, 0x7aa7, 0x7aa7, 0x59e5, 0x7aa7, 0x7aa7, 0x7aa7, 0xbc2b,
    0x7aa7, 0x59e5, 0x9369, 0x9369, 0x7aa7, 0x9369, 0x59e5, 0x59e5, 0x59e5, 0x7aa7, 0x7aa7, 0x59e5, 0x7aa7, 0x7aa7, 0x7aa7, 0xbc2b,
    0x7aa7, 0x59e5, 0x9369, 0x9369, 0x7aa7, 0x9369, 0x59e5, 0x59e5, 0x59e5, 0x7aa7, 0x7aa7, 0x59e5, 0x7aa7, 0x7aa7, 0x7aa7, 0xbc2b,
    0x7aa7, 0x59e5, 0x9369, 0x9369, 0x7aa7, 0x9369, 0x59e5, 0x59e5, 0x59e5, 0x7aa7, 0x7aa7, 0x59e5, 0x7aa7, 0x7aa7, 0x7aa7, 0xbc2b,
    0x7aa7, 0x59e5, 0x9369, 0x9369, 0x7aa7, 0x9369, 0x59e5, 0x59e5, 0x59e5, 0x7aa7, 0x7aa7, 0x59e5, 0x7aa7, 0x7aa7, 0x7aa7, 0xbc2b,
    0x7aa7, 0x59e5, 0x9369, 0x9369, 0x7aa7, 0x9369, 0x59e5, 0x59e5, 0x59e5, 0x7aa7, 0x7aa7, 0x59e5, 0x7aa7, 0x7aa7, 0x7aa7, 0xbc2b,
    0x7aa7, 0x59e5, 0x9369, 0x9369, 0x7aa7, 0x9369, 0x59e5, 0x59e5, 0x59e5, 0x7aa7, 0x7aa7, 0x59e5, 0x7aa7, 0x7aa7, 0x7aa7, 0xbc2b,
    0x7aa7, 0x59e5, 0x9369, 0x9369, 0x7aa7, 0x9369, 0x59e5, 0x59e5, 0x59e5, 0x7aa7, 0x7aa7, 0x59e5, 0x7aa7, 0x7aa7, 0x7aa7, 0xbc2b,
    0x7aa7, 0x59e5, 0x9369, 0x9369, 0x7aa7, 0x9369, 0x59e5, 0x59e5, 0x59e5, 0x7aa7, 0x7aa7, 0x59e5, 0x7aa7, 0x7aa7, 0x7aa7, 0xbc2b,
    0x7aa7, 0x59e5, 0x9369, 0x9369, 0x7aa7, 0x9369, 0x59e5, 0x59e5, 0x59e5, 0x7aa7, 0x7aa7, 0x59e5, 0x7aa7, 0x7aa7, 0x7aa7, 0xbc2b,
    0x7aa7, 0x59e5, 0x9369, 0x9369, 0x7aa7, 0x9369, 0x59e5, 0x59e5, 0x59e5, 0x7aa7, 0x7aa7, 0x59e5, 0x7aa7, 0x7aa7, 0x7aa7, 0xbc2b,
    0x7aa7, 0x59e5, 0x9369, 0x9369, 0x7aa7, 0x9369, 0x59e5, 0x59e5, 0x59e5, 0x7aa7, 0x7aa7, 0x59e5, 0x7aa7, 0x7aa7, 0x7aa7, 0xbc2b,
    0x7aa7, 0x59e5, 0x9369, 0x9369, 0x7aa7, 0x9369, 0x59e5, 0x59e5, 0x59e5, 0x7aa7, 0x7aa7, 0x59e5, 0x7aa7, 0x7aa7, 0x7aa7, 0xbc2b,
    0x7aa7, 0x59e5, 0x9369, 0x9369, 0x7aa7, 0x9369, 0x59e5, 0x59e5, 0x59e5, 0x7aa7, 0x7aa7, 0x59e5, 0x7aa7, 0x7aa7, 0x7aa7, 0xbc2b,
    0x7aa7, 0x59e5, 0x9369, 0x9369, 0x7aa7, 0x9369, 0x59e5, 0x59e5, 0x59e5, 0x7aa7, 0x7aa7, 0x59e5, 0x7aa7, 0x7aa7, 0x7aa7, 0xbc2b,
    0x7aa7, 0x59e5, 0x9369, 0x9369, 0x7aa7, 0x9369, 0x59e5, 0x59e5, 0x59e5, 0x7aa7, 0x7aa7, 0x59e5, 0x7aa7, 0x7aa7, 0x7aa7, 0xbc2b,
    0x7aa7, 0x59e5, 0x9369, 0x9369, 0x7aa7, 0x9369, 0x59e5, 0x59e5, 0x59e5, 0x7aa7, 0x7aa7, 0x59e5, 0x7aa7, 0x7aa7, 0x7aa7, 0xbc2b,
    0x7aa7, 0x59e5, 0x9369, 0x9369, 0x7aa7, 0x9369, 0x59e5, 0x59e5, 0x59e5, 0x7aa7, 0x7aa7, 0x59e5, 0x7aa7, 0x7aa7, 0x7aa7, 0xbc2b,
    0xbc2b, 0x59e5, 0x7aa7, 0x7aa7, 0x8430, 0x7aa7, 0x7aa7, 0xbc2b, 0xbc2b, 0x7aa7, 0xbc2b, 0xbc2b, 0x7aa7, 0x9369, 0x7aa7, 0x9369,
    0xbc2b, 0x59e5, 0x7aa7, 0x7aa7, 0x8430, 0x7aa7, 0x7aa7, 0xbc2b, 0xbc2b, 0x7aa7, 0xbc2b, 0xbc2b, 0x7aa7, 0x9369, 0x7aa7, 0x9369,
    0xbc2b, 0x59e5, 0x7aa7, 0x7aa7, 0x8430, 0x7aa7, 0x7aa7, 0xbc2b, 0xbc2b, 0x7aa7, 0xbc2b, 0xbc2b, 0x7aa7, 0x9369, 0x7aa7, 0x9369,
    0xbc2b, 0x59e5, 0x7aa7, 0x7aa7, 0x8430, 0x7aa7, 0x7aa7, 0xbc2b, 0xbc2b, 0x7aa7, 0xbc2b, 0xbc2b, 0x7aa7, 0x9369, 0x7aa7, 0x9369,
    0xbc2b, 0x59e5, 0x7aa7, 0x7aa7, 0x8430, 0x7aa7, 0x7aa7, 0xbc2b, 0xbc2b, 0x7aa7, 0xbc2b, 0xbc2b, 0x7aa7, 0x9369, 0x7aa7, 0x9369,
    0xbc2b, 0x59e5, 0x7aa7, 0x7aa7, 0x8430, 0x7aa7, 0x7aa7, 0xbc2b, 0xbc2b, 0x7aa7, 0xbc2b, 0xbc2b, 0x7aa7, 0x9369, 0x7aa7, 0x9369,
    0xbc2b, 0x59e5, 0x7aa7, 0x7aa7, 0x8430, 0x7aa7, 0x7aa7, 0xbc2b, 0xbc2b, 0x7aa7, 0xbc2b, 0xbc2b, 0x7aa7, 0x9369, 0x7aa7, 0x9369,
    0xbc2b, 0x59e5, 0x7aa7, 0x7aa7, 0x8430, 0x7aa7, 0x7aa7, 0xbc2b, 0xbc2b, 0x7aa7, 0xbc2b, 0xbc2b, 0x7aa7, 0x9369, 0x7aa7, 0x9369,
    0xbc2b, 0x59e5, 0x7aa7, 0x7aa7, 0x8430, 0x7aa7, 0x7aa7, 0xbc2b, 0xbc2b, 0x7aa7, 0xbc2b, 0xbc2b, 0x7aa7, 0x9369, 0x7aa7, 0x9369,
    0xbc2b, 0x59e5, 0x7aa7, 0x7aa7, 0x8430, 0x7aa7, 0x7aa7, 0xbc2b, 0xbc2b, 0x7aa7, 0xbc2b, 0xbc2b, 0x7aa7, 0x9369, 0x7aa7, 0x9369,
    0xbc2b, 0x59e5, 0x7aa7, 0x7aa7, 0x8430, 0x7aa7, 0x7aa7, 0xbc2b, 0xbc2b, 0x7aa7, 0xbc2b, 0xbc2b, 0x7aa7, 0x9369, 0x7aa7, 0x9369,
    0xbc2b, 0x59e5, 0x7aa7, 0x7aa7, 0x8430, 0x7aa7, 0x7aa7, 0xbc2b, 0xbc2b, 0x7aa7, 0xbc2b, 0xbc2b, 0x7aa7, 0x9369, 0x7aa7, 0x9369,
    0xbc2b, 0x59e5, 0x7aa7, 0x7aa7, 0x8430, 0x7aa7, 0x7aa7, 0xbc2b, 0xbc2b, 0x7aa7, 0xbc2b, 0xbc2b, 0x7aa7, 0x9369, 0x7aa7, 0x9369,
    0xbc2b, 0x59e5, 0x7aa7, 0x7aa7, 0x8430, 0x7aa7, 0x7aa7, 0xbc2b, 0xbc2b, 0x7aa7, 0xbc2b, 0xbc2b, 0x7aa7, 0x9369, 0x7aa7, 0x9369,
    0xbc2b, 0x59e5, 0x7aa7, 0x7aa7, 0x8430, 0x7aa7, 0x7aa7, 0xbc2b, 0xbc2b, 0x7aa7, 0xbc2b, 0xbc2b, 0x7aa7, 0x9369, 0x7aa7, 0x9369,
    0xbc2b, 0x59e5, 0x7aa7, 0x7aa7, 0x8430, 0x7aa7, 0x7aa7, 0xbc2b, 0xbc2b, 0x7aa7, 0xbc2b, 0xbc2b, 0x7aa7, 0x9369, 0x7aa7, 0x9369,
    0xbc2b, 0x59e5, 0x7aa7, 0x7aa7, 0x8430, 0x7aa7, 0x7aa7, 0xbc2b, 0xbc2b, 0x7aa7, 0xbc2b, 0xbc2b, 0x7aa7, 0x9369, 0x7aa7, 0x9369,
    0xbc2b, 0x59e5, 0x7aa7, 0x7aa7, 0x8430, 0x7aa7, 0x7aa7, 0xbc2b, 0xbc2b, 0x7aa7, 0xbc2b, 0xbc2b, 0x7aa7, 0x9369, 0x7aa7, 0x9369,
    0xbc2b, 0x59e5, 0x7aa7, 0x7aa7, 0x8430, 0x7aa7, 0x7aa7, 0xbc2b, 0xbc2b, 0x7aa7, 0xbc2b, 0xbc2b, 0x7aa7, 0x9369, 0x7aa7, 0x9369,
    0xbc2b, 0x59e5, 0x7aa7, 0x7aa7, 0x8430, 0x7aa7, 0x7aa7, 0xbc2b, 0xbc2b, 0x7aa7, 0xbc2b, 0xbc2b, 0x7aa7, 0x9369, 0x7aa7, 0x9369,
    0xbc2b, 0x7aa7, 0xbc2b, 0xbc2b, 0x9369, 0x9369, 0x7aa7, 0x7aa7, 0x9369, 0x59e5, 0x9369, 0x9369, 0x7aa7, 0x7aa7, 0x9369, 0x9369,
    0xbc2b, 0x7aa7, 0xbc2b, 0xbc2b, 0x9369, 0x9369, 0x7aa7, 0x7aa7, 0x9369, 0x59e5, 0x9369, 0x9369, 0x7aa7, 0x7aa7, 0x9369, 0x9369,
    0xbc2b, 0x7aa7, 0xbc2b, 0xbc2b, 0x9369, 0x9369, 0x7aa7, 0x7aa7, 0x9369, 0x59e5, 0x9369, 0x9369, 0x7aa7, 0x7aa7, 0x9369, 0x9369,
    0xbc2b, 0x7aa7, 0xbc2b, 0xbc2b, 0x9369, 0x9369, 0x7aa7, 0x7aa7, 0x9369, 0x59e5, 0x9369, 0x9369, 0x7aa7, 0x7aa7, 0x9369, 0x9369,
    0xbc2b, 0x7aa7, 0xbc2b, 0xbc2b, 0x9369, 0x9369, 0x7aa7, 0x7aa7, 0x9369, 0x59e5, 0x9369, 0x9369, 0x7aa7, 0x7aa7, 0x9369, 0x9369,
    0xbc2b, 0x7aa7, 0xbc2b, 0xbc2b, 0x9369, 0x9369, 0x7aa7, 0x7aa7, 0x9369, 0x59e5, 0x9369, 0x9369, 0x7aa7, 0x7aa7, 0x9369, 0x9369,
    0xbc2b, 0x7aa7, 0xbc2b, 0xbc2b, 0x9369, 0x9369, 0x7aa7, 0x7aa7, 0x9369, 0x59e5, 0x9369, 0x9369, 0x7aa7, 0x7aa7, 0x9369, 0x9369,
    0xbc2b, 0x7aa7, 0xbc2b, 0xbc2b, 0x9369, 0x9369, 0x7aa7, 0x7aa7, 0x9369, 0x59e5, 0x9369, 0x9369, 0x7aa7, 0x7aa7, 0x9369, 0x9369,
    0xbc2b, 0x7aa7, 0xbc2b, 0xbc2b, 0x9369, 0x9369, 0x7aa7, 0x7aa7, 0x9369, 0x59e5, 0x9369, 0x9369, 0x7aa7, 0x7aa7, 0x9369, 0x9369,
    0xbc2b, 0x7aa7, 0xbc2b, 0xbc2b, 0x9369, 0x9369, 0x7aa7, 0x7aa7, 0x9369, 0x59e5, 0x9369, 0x9369, 0x7aa7, 0x7aa7, 0x9369, 0x9369,
    0xbc2b, 0x7aa7, 0xbc2b, 0xbc2b, 0x9369, 0x9369, 0x7aa7, 0x7aa7, 0x9369, 0x59e5, 0x9369, 0x9369, 0x7aa7, 0x7aa7, 0x9369, 0x9369,
    0xbc2b, 0x7aa7, 0xbc2b, 0xbc2b, 0x9369, 0x9369, 0x7aa7, 0x7aa7, 0x9369, 0x59e5, 0x9369, 0x9369, 0x7aa7, 0x7aa7, 0x9369, 0x9369,
    0xbc2b, 0x7aa7, 0xbc2b, 0xbc2b, 0x9369, 0x9369, 0x7aa7, 0x7aa7, 0x9369, 0x59e5, 0x9369, 0x9369, 0x7aa7, 0x7aa7, 0x9369, 0x9369,
    0xbc2b, 0x7aa7, 0xbc2b, 0xbc2b, 0x9369, 0x9369, 0x7aa7, 0x7aa7, 0x9369, 0x59e5, 0x9369, 0x9369, 0x7aa7, 0x7aa7, 0x9369, 0x9369,
    0xbc2b, 0x7aa7, 0xbc2b, 0xbc2b, 0x9369, 0x9369, 0x7aa7, 0x7aa7, 0x9369, 0x59e5, 0x9369, 0x9369, 0x7aa7, 0x7aa7, 0x9369, 0x9369,
    0xbc2b, 0x7aa7, 0xbc2b, 0xbc2b, 0x9369, 0x9369, 0x7aa7, 0x7aa7, 0x9369, 0x59e5, 0x9369, 0x9369, 0x7aa7, 0x7aa7, 0x9369, 0x9369,
    0xbc2b, 0x7aa7, 0xbc2b, 0xbc2b, 0x9369, 0x9369, 0x7aa7, 0x7aa7, 0x9369, 0x59e5, 0x9369, 0x9369, 0x7aa7, 0x7aa7, 0x9369, 0x9369,
    0xbc2b, 0x7aa7, 0xbc2b, 0xbc2b, 0x9369, 0x9369, 0x7aa7, 0x7aa7, 0x9369, 0x59e5, 0x9369, 0x9369, 0x7aa7, 0x7aa7, 0x9369, 0x9369,
    0xbc2b, 0x7aa7, 0xbc2b, 0xbc2b, 0x9369, 0x9369, 0x7aa7, 0x7aa7, 0x9369, 0x59e5, 0x9369, 0x9369, 0x7aa7, 0x7aa7, 0x9369, 0x9369,
    0xbc2b, 0x7aa7, 0xbc2b, 0xbc2b, 0x9369, 0x9369, 0x7aa7, 0x7aa7, 0x9369, 0x59e5, 0x9369, 0x9369, 0x7aa7, 0x7aa7, 0x9369, 0x9369,
    0x9369, 0x7aa7, 0x7aa7, 0x9369, 0x7aa7, 0x9369, 0x7aa7, 0x59e5, 0x7aa7, 0x9369, 0x9369, 0x7aa7, 0x7aa7, 0x7aa7, 0x59e5, 0x7aa7,
    0x9369, 0x7aa7, 0x7aa7, 0x9369, 0x7aa7, 0x9369, 0x7aa7, 0x59e5, 0x7aa7, 0x9369, 0x9369, 0x7aa7, 0x7aa7, 0x7aa7, 0x59e5, 0x7aa7,
    0x9369, 0x7aa7, 0x7aa7, 0x9369, 0x7aa7, 0x9369, 0x7aa7, 0x59e5, 0x7aa7, 0x9369, 0x9369, 0x7aa7, 0x7aa7, 0x7aa7, 0x59e5, 0x7aa7,
    0x9369, 0x7aa7, 0x7aa7, 0x9369, 0x7aa7, 0x9369, 0x7aa7, 0x59e5, 0x7aa7, 0x9369, 0x9369, 0x7aa7, 0x7aa7, 0x7aa7, 0x59e5, 0x7aa7,
    0x9369, 0x7aa7, 0x7aa7, 0x9369, 0x7aa7, 0x9369, 0x7aa7, 0x59e5, 0x7aa7, 0x9369, 0x9369, 0x7aa7, 0x7aa7, 0x7aa7, 0x59e5, 0x7aa7,
    0x9369, 0x7aa7, 0x7aa7, 0x9369, 0x7aa7, 0x9369, 0x7aa7, 0x59e5, 0x7aa7, 0x9369, 0x9369, 0x7aa7, 0x7aa7, 0x7aa7, 0x59e5, 0x7aa7,
    0x9369, 0x7aa7, 0x7aa7, 0x9369, 0x7aa7, 0x9369, 0x7aa7, 0x59e5, 0x7aa7, 0x9369, 0x9369, 0x7aa7, 0x7aa7, 0x7aa7, 0x59e5, 0x7aa7,
    0x9369, 0x7aa7, 0x7aa7, 0x9369, 0x7aa7, 0x9369, 0x7aa7, 0x59e5, 0x7aa7, 0x9369, 0x9369, 0x7aa7, 0x7aa7, 0x7aa7, 0x59e5, 0x7aa7,
    0x9369, 0x7aa7, 0x7aa7, 0x9369, 0x7aa7, 0x9369, 0x7aa7, 0x59e5, 0x7aa7, 0x9369, 0x9369, 0x7aa7, 0x7aa7, 0x7aa7, 0x59e5, 0x7aa7,
    0x9369, 0x7aa7, 0x7aa7, 0x9369, 0x7aa7, 0x9369, 0x7aa7, 0x59e5, 0x7aa7, 0x9369, 0x9369, 0x7aa7, 0x7aa7, 0x7aa7, 0x59e5, 0x7aa7,
    0x9369, 0x7aa7, 0x7aa7, 0x9369, 0x7aa7, 0x9369, 0x7aa7, 0x59e5, 0x7aa7, 0x9369, 0x9369, 0x7aa7, 0x7aa7, 0x7aa7, 0x59e5, 0x7aa7,
    0x9369, 0x7aa7, 0x7aa7, 0x9369, 0x7aa7, 0x9369, 0x7aa7, 0x59e5, 0x7aa7, 0x9369, 0x9369, 0x7aa7, 0x7aa7, 0x7aa7, 0x59e5, 0x7aa7,
    0x9369, 0x7aa7, 0x7aa7, 0x9369, 0x7aa7, 0x9369, 0x7aa7, 0x59e5, 0x7aa7, 0x9369, 0x9369, 0x7aa7, 0x7aa7, 0x7aa7, 0x59e5, 0x7aa7,
    0x9369, 0x7aa7, 0x7aa7, 0x9369, 0x7aa7, 0x9369, 0x7aa7, 0x59e5, 0x7aa7, 0x9369, 0x9369, 0x7aa7, 0x7aa7, 0x7aa7, 0x59e5, 0x7aa7,
    0x9369, 0x7aa7, 0x7aa7, 0x9369, 0x7aa7, 0x9369, 0x7aa7, 0x59e5, 0x7aa7, 0x9369, 0x9369, 0x7aa7, 0x7aa7, 0x7aa7, 0x59e5, 0x7aa7,
    0x9369, 0x7aa7, 0x7aa7, 0x9369, 0x7aa7, 0x9369, 0x7aa7, 0x59e5, 0x7aa7, 0x9369, 0x9369, 0x7aa7, 0x7aa7, 0x7aa7, 0x59e5, 0x7aa7,
    0x9369, 0x7aa7, 0x7aa7, 0x9369, 0x7aa7, 0x9369, 0x7aa7, 0x59e5, 0x7aa7, 0x9369, 0x9369, 0x7aa7, 0x7aa7, 0x7aa7, 0x59e5, 0x7aa7,
    0x9369, 0x7aa7, 0x7aa7, 0x9369, 0x7aa7, 0x9369, 0x7aa7, 0x59e5, 0x7aa7, 0x9369, 0x9369, 0x7aa7, 0x7aa7, 0x7aa7, 0x59e5, 0x7aa7,
    0x9369, 0x7aa7, 0x7aa7, 0x9369, 0x7aa7, 0x9369, 0x7aa7, 0x59e5, 0x7aa7, 0x9369, 0x9369, 0x7aa7, 0x7aa7, 0x7aa7, 0x59e5, 0x7aa7,
    0x9369, 0x7aa7, 0x7aa7, 0x9369, 0x7aa7, 0x9369, 0x7aa7, 0x59e5, 0x7aa7, 0x9369, 0x9369, 0x7aa7, 0x7aa7, 0x7aa7, 0x59e5, 0x7aa7,
    0x9369, 0x9369, 0x59e5, 0x7aa7, 0x7aa7, 0x59e5, 0x59e5, 0x7aa7, 0x7aa7, 0x7aa7, 0x7aa7, 0x7aa7, 0xbc2b, 0xbc2b, 0x7aa7, 0x9369,
    0x9369, 0x9369, 0x59e5, 0x7aa7, 0x7aa7, 0x59e5, 0x59e5, 0x7aa7, 0x7aa7, 0x7aa7, 0x7aa7, 0x7aa7, 0xbc2b, 0xbc2b, 0x7aa7, 0x9369,
    0x9369, 0x9369, 0x59e5, 0x7aa7, 0x7aa7, 0x59e5, 0x59e5, 0x7aa7, 0x7aa7, 0x7aa7, 0x7aa7, 0x7aa7, 0xbc2b, 0xbc2b, 0x7aa7, 0x9369,
    0x9369, 0x9369, 0x59e5, 0x7aa7, 0x7aa7, 0x59e5, 0x59e5, 0x7aa7, 0x7aa7, 0x7aa7, 0x7aa7, 0x7aa7, 0xbc2b, 0xbc2b, 0x7aa7, 0x9369,
    0x9369, 0x9369, 0x59e5, 0x7aa7, 0x7aa7, 0x59e5, 0x59e5, 0x7aa7, 0x7aa7, 0x7aa7, 0x7aa7, 0x7aa7, 0xbc2b, 0xbc2b, 0x7aa7, 0x9369,
    0x9369, 0x9369, 0x59e5, 0x7aa7, 0x7aa7, 0x59e5, 0x59e5, 0x7aa7, 0x7aa7, 0x7aa7, 0x7aa7, 0x7aa7, 0xbc2b, 0xbc2b, 0x7aa7, 0x9369,
    0x9369, 0x9369, 0x59e5, 0x7aa7, 0x7aa7, 0x59e5, 0x59e5, 0x7aa7, 0x7aa7, 0x7aa7, 0x7aa7, 0x7aa7, 0xbc2b, 0xbc2b, 0x7aa7, 0x9369,
    0x9369, 0x9369, 0x59e5, 0x7aa7, 0x7aa7, 0x59e5, 0x59e5, 0x7aa7, 0x7aa7, 0x7aa7, 0x7aa7, 0x7aa7, 0xbc2b, 0xbc2b, 0x7aa7, 0x9369,
    0x9369, 0x9369, 0x59e5, 0x7aa7, 0x7aa7, 0x59e5, 0x59e5, 0x7aa7, 0x7aa7, 0x7aa7, 0x7aa7, 0x7aa7, 0xbc2b, 0xbc2b, 0x7aa7, 0x9369,
    0x9369, 0x9369, 0x59e5, 0x7aa7, 0x7aa7, 0x59e5, 0x59e5, 0x7aa7, 0x7aa7, 0x7aa7, 0x7aa7, 0x7aa7, 0xbc2b, 0xbc2b, 0x7aa7, 0x9369,
    0x9369, 0x9369, 0x59e5, 0x7aa7, 0x7aa7, 0x59e5, 0x59e5, 0x7aa7, 0x7aa7, 0x7aa7, 0x7aa7, 0x7aa7, 0xbc2b, 0xbc2b, 0x7aa7, 0x9369,
    0x9369, 0x9369, 0x59e5, 0x7aa7, 0x7aa7, 0x59e5, 0x59e5, 0x7aa7, 0x7aa7, 0x7aa7, 0x7aa7, 0x7aa7, 0xbc2b, 0xbc2b, 0x7aa7, 0x9369,
    0x9369, 0x9369, 0x59e5, 0x7aa7, 0x7aa7, 0x59e5, 0x59e5, 0x7aa7, 0x7aa7, 0x7aa7, 0x7aa7, 0x7aa7, 0xbc2b, 0xbc2b, 0x7aa7, 0x9369,
    0x9369, 0x9369, 0x59e5, 0x7aa7, 0x7aa7, 0x59e5, 0x59e5, 0x7aa7, 0x7aa7, 0x7aa7, 0x7aa7, 0x7aa7, 0xbc2b, 0xbc2b, 0x7aa7, 0x9369,
    0x9369, 0x9369, 0x59e5, 0x7aa7, 0x7aa7, 0x59e5, 0x59e5, 0x7aa7, 0x7aa7, 0x7aa7, 0x7aa7, 0x7aa7, 0xbc2b, 0xbc2b, 0x7aa7, 0x9369,
    0x9369, 0x9369, 0x59e5, 0x7aa7, 0x7aa7, 0x59e5, 0x59e5, 0x7aa7, 0x7aa7, 0x7aa7, 0x7aa7, 0x7aa7, 0xbc2b, 0xbc2b, 0x7aa7, 0x9369,
    0x9369, 0x9369, 0x59e5, 0x7aa7, 0x7aa7, 0x59e5, 0x59e5, 0x7aa7, 0x7aa7, 0x7aa7, 0x7aa7, 0x7aa7, 0xbc2b, 0xbc2b, 0x7aa7, 0x9369,
    0x9369, 0x9369, 0x59e5, 0x7aa7, 0x7aa7, 0x59e5, 0x59e5, 0x7aa7, 0x7aa7, 0x7aa7, 0x7aa7, 0x7aa7, 0xbc2b, 0xbc2b, 0x7aa7, 0x9369,
    0x9369, 0x9369, 0x59e5, 0x7aa7, 0x7aa7, 0x59e5, 0x59e5, 0x7aa7, 0x7aa7, 0x7aa7, 0x7aa7, 0x7aa7, 0xbc2b, 0xbc2b, 0x7aa7, 0x9369,
    0x9369, 0x9369, 0x59e5, 0x7aa7, 0x7aa7, 0x59e5, 0x59e5, 0x7aa7, 0x7aa7, 0x7aa7, 0x7aa7, 0x7aa7, 0xbc2b, 0xbc2b, 0x7aa7, 0x9369,
    0x9369, 0x9369, 0x7aa7, 0xbc2b, 0xbc2b, 0x7aa7, 0xbc2b, 0x9369, 0x59e5, 0xbc2b, 0xbc2b, 0x7aa7, 0x9369, 0x9369, 0x8430, 0x7aa7,
    0x9369, 0x9369, 0x7aa7, 0xbc2b, 0xbc2b, 0x7aa7, 0xbc2b, 0x9369, 0x59e5, 0xbc2b, 0xbc2b, 0x7aa7, 0x9369, 0x9369, 0x8430, 0x7aa7,
    0x9369, 0x9369, 0x7aa7, 0xbc2b, 0xbc2b, 0x7aa7, 0xbc2b, 0x9369, 0x59e5, 0xbc2b, 0xbc2b, 0x7aa7, 0x9369, 0x9369, 0x8430, 0x7aa7,
    0x9369, 0x9369, 0x7aa7, 0xbc2b, 0xbc2b, 0x7aa7, 0xbc2b, 0x9369, 0x59e5, 0xbc2b, 0xbc2b, 0x7aa7, 0x9369, 0x9369, 0x8430, 0x7aa7,
    0x9369, 0x9369, 0x7aa7, 0xbc2b, 0xbc2b, 0x7aa7, 0xbc2b, 0x9369, 0x59e5, 0xbc2b, 0xbc2b, 0x7aa7, 0x9369, 0x9369, 0x8430, 0x7aa7,
    0x9369, 0x9369, 0x7aa7, 0xbc2b, 0xbc2b, 0x7aa7, 0xbc2b, 0x9369, 0x59e5, 0xbc2b, 0xbc2b, 0x7aa7, 0x9369, 0x9369, 0x8430, 0x7aa7,
    0x9369, 0x9369, 0x7aa7, 0xbc2b, 0xbc2b, 0x7aa7, 0xbc2b, 0x9369, 0x59e5, 0xbc2b, 0xbc2b, 0x7aa7, 0x9369, 0x9369, 0x8430, 0x7aa7,
    0x9369, 0x9369, 0x7aa7, 0xbc2b, 0xbc2b, 0x7aa7, 0xbc2b, 0x9369, 0x59e5, 0xbc2b, 0xbc2b, 0x7aa7, 0x9369, 0x9369, 0x8430, 0x7aa7,
    0x9369, 0x9369, 0x7aa7, 0xbc2b, 0xbc2b, 0x7aa7, 0xbc2b, 0x9369, 0x59e5, 0xbc2b, 0xbc2b, 0x7aa7, 0x9369, 0x9369, 0x8430, 0x7aa7,
    0x9369, 0x9369, 0x7aa7, 0xbc2b, 0xbc2b, 0x7aa7, 0xbc2b, 0x9369, 0x59e5, 0xbc2b, 0xbc2b, 0x7aa7, 0x9369, 0x9369, 0x8430, 0x7aa7,
    0x9369, 0x9369, 0x7aa7, 0xbc2b, 0xbc2b, 0x7aa7, 0xbc2b, 0x9369, 0x59e5, 0xbc2b, 0xbc2b, 0x7aa7, 0x9369, 0x9369, 0x8430, 0x7aa7,
    0x9369, 0x9369, 0x7aa7, 0xbc2b, 0xbc2b, 0x7aa7, 0xbc2b, 0x9369, 0x59e5, 0xbc2b, 0xbc2b, 0x7aa7, 0x9369, 0x9369, 0x8430, 0x7aa7,
    0x9369, 0x9369, 0x7aa7, 0xbc2b, 0xbc2b, 0x7aa7, 0xbc2b, 0x9369, 0x59e5, 0xbc2b, 0xbc2b, 0x7aa7, 0x9369, 0x9369, 0x8430, 0x7aa7,
    0x9369, 0x9369, 0x7aa7, 0xbc2b, 0xbc2b, 0x7aa7, 0xbc2b, 0x9369, 0x59e5, 0xbc2b, 0xbc2b, 0x7aa7, 0x9369, 0x9369, 0x8430, 0x7aa7,
    0x9369, 0x9369, 0x7aa7, 0xbc2b, 0xbc2b, 0x7aa7, 0xbc2b, 0x9369, 0x59e5, 0xbc2b, 0xbc2b, 0x7aa7, 0x9369, 0x9369, 0x8430, 0x7aa7,
    0x9369, 0x9369, 0x7aa7, 0xbc2b, 0xbc2b, 0x7aa7, 0xbc2b, 0x9369, 0x59e5, 0xbc2b, 0xbc2b, 0x7aa7, 0x9369, 0x9369, 0x8430, 0x7aa7,
    0x9369, 0x9369, 0x7aa7, 0xbc2b, 0xbc2b, 0x7aa7, 0xbc2b, 0x9369, 0x59e5, 0xbc2b, 0xbc2b, 0x7aa7, 0x9369, 0x9369, 0x8430, 0x7aa7,
    0x9369, 0x9369, 0x7aa7, 0xbc2b, 0xbc2b, 0x7aa7, 0xbc2b, 0x9369, 0x59e5, 0xbc2b, 0xbc2b, 0x7aa7, 0x9369, 0x9369, 0x8430, 0x7aa7,
    0x9369, 0x9369, 0x7aa7, 0xbc2b, 0xbc2b, 0x7aa7, 0xbc2b, 0x9369, 0x59e5, 0xbc2b, 0xbc2b, 0x7aa7, 0x9369, 0x9369, 0x8430, 0x7aa7,
    0x9369, 0x9369, 0x7aa7, 0xbc2b, 0xbc2b, 0x7aa7, 0xbc2b, 0x9369, 0x59e5, 0xbc2b, 0xbc2b, 0x7aa7, 0x9369, 0x9369, 0x8430, 0x7aa7,
    0x9369, 0x7aa7, 0x7aa7, 0x9369, 0x9369, 0xbc2b, 0x7aa7, 0x9369, 0x6b6d, 0x9369, 0x9369, 0x7aa7, 0x59e5, 0x9369, 0x7aa7, 0x59e5,
    0x9369, 0x7aa7, 0x7aa7, 0x9369, 0x9369, 0xbc2b, 0x7aa7, 0x9369, 0x6b6d, 0x9369, 0x9369, 0x7aa7, 0x59e5, 0x9369, 0x7aa7, 0x59e5,
    0x9369, 0x7aa7, 0x7aa7, 0x9369, 0x9369, 0xbc2b, 0x7aa7, 0x9369, 0x6b6d, 0x9369, 0x9369, 0x7aa7, 0x59e5, 0x9369, 0x7aa7, 0x59e5,
    0x9369, 0x7aa7, 0x7aa7, 0x9369, 0x9369, 0xbc2b, 0x7aa7, 0x9369, 0x6b6d, 0x9369, 0x9369, 0x7aa7, 0x59e5, 0x9369, 0x7aa7, 0x59e5,
    0x9369, 0x7aa7, 0x7aa7, 0x9369, 0x9369, 0xbc2b, 0x7aa7, 0x9369, 0x6b6d, 0x9369, 0x9369, 0x7aa7, 0x59e5, 0x9369, 0x7aa7, 0x59e5,
    0x9369, 0x7aa7, 0x7aa7, 0x9369, 0x9369, 0xbc2b, 0x7aa7, 0x9369, 0x6b6d, 0x9369, 0x9369, 0x7aa7, 0x59e5, 0x9369, 0x7aa7, 0x59e5,
    0x9369, 0x7aa7, 0x7aa7, 0x9369, 0x9369, 0xbc2b, 0x7aa7, 0x9369, 0x6b6d, 0x9369, 0x9369, 0x7aa7, 0x59e5, 0x9369, 0x7aa7, 0x59e5,
    0x9369, 0x7aa7, 0x7aa7, 0x9369, 0x9369, 0xbc2b, 0x7aa7, 0x9369, 0x6b6d, 0x9369, 0x9369, 0x7aa7, 0x59e5, 0x9369, 0x7aa7, 0x59e5,
    0x9369, 0x7aa7, 0x7aa7, 0x9369, 0x9369, 0xbc2b, 0x7aa7, 0x9369, 0x6b6d, 0x9369, 0x9369, 0x7aa7, 0x59e5, 0x9369, 0x7aa7, 0x59e5,
    0x9369, 0x7aa7, 0x7aa7, 0x9369, 0x9369, 0xbc2b, 0x7aa7, 0x9369, 0x6b6d, 0x9369, 0x9369, 0x7aa7, 0x59e5, 0x9369, 0x7aa7, 0x59e5,
    0x9369, 0x7aa7, 0x7aa7, 0x9369, 0x9369, 0xbc2b, 0x7aa7, 0x9369, 0x6b6d, 0x9369, 0x9369, 0x7aa7, 0x59e5, 0x9369, 0x7aa7, 0x59e5,
    0x9369, 0x7aa7, 0x7aa7, 0x9369, 0x9369, 0xbc2b, 0x7aa7, 0x9369, 0x6b6d, 0x9369, 0x9369, 0x7aa7, 0x59e5, 0x9369, 0x7aa7, 0x59e5,
    0x9369, 0x7aa7, 0x7aa7, 0x9369, 0x9369, 0xbc2b, 0x7aa7, 0x9369, 0x6b6d, 0x9369, 0x9369, 0x7aa7, 0x59e5, 0x9369, 0x7aa7, 0x59e5,
    0x9369, 0x7aa7, 0x7aa7, 0x9369, 0x9369, 0xbc2b, 0x7aa7, 0x9369, 0x6b6d, 0x9369, 0x9369, 0x7aa7, 0x59e5, 0x9369, 0x7aa7, 0x59e5,
    0x9369, 0x7aa7, 0x7aa7, 0x9369, 0x9369, 0xbc2b, 0x7aa7, 0x9369, 0x6b6d, 0x9369, 0x9369, 0x7aa7, 0x59e5, 0x9369, 0x7aa7, 0x59e5,
    0x9369, 0x7aa7, 0x7aa7, 0x9369, 0x9369, 0xbc2b, 0x7aa7, 0x9369, 0x6b6d, 0x9369, 0x9369, 0x7aa7, 0x59e5, 0x9369, 0x7aa7, 0x59e5,
    0x9369, 0x7aa7, 0x7aa7, 0x9369, 0x9369, 0xbc2b, 0x7aa7, 0x9369, 0x6b6d, 0x9369, 0x9369, 0x7aa7, 0x59e5, 0x9369, 0x7aa7, 0x59e5,
    0x9369, 0x7aa7, 0x7aa7, 0x9369, 0x9369, 0xbc2b, 0x7aa7, 0x9369, 0x6b6d, 0x9369, 0x9369, 0x7aa7, 0x59e5, 0x9369, 0x7aa7, 0x59e5,
    0x9369, 0x7aa7, 0x7aa7, 0x9369, 0x9369, 0xbc2b, 0x7aa7, 0x9369, 0x6b6d, 0x9369, 0x9369, 0x7aa7, 0x59e5, 0x9369, 0x7aa7, 0x59e5,
    0x9369, 0x7aa7, 0x7aa7, 0x9369, 0x9369, 0xbc2b, 0x7aa7, 0x9369, 0x6b6d, 0x9369, 0x9369, 0x7aa7, 0x59e5, 0x9369, 0x7aa7, 0x59e5,
    0x7aa7, 0x59e5, 0x9369, 0x7aa7, 0x9369, 0x9369, 0xbc2b, 0x7aa7, 0x7aa7, 0x7aa7, 0x7aa7, 0x7aa7, 0x7aa7, 0x7aa7, 0xbc2b, 0xbc2b,
    0x7aa7, 0x59e5, 0x9369, 0x7aa7, 0x9369, 0x9369, 0xbc2b, 0x7aa7, 0x7aa7, 0x7aa7, 0x7aa7, 0x7aa7, 0x7aa7, 0x7aa7, 0xbc2b, 0xbc2b,
    0x7aa7, 0x59e5, 0x9369, 0x7aa7, 0x9369, 0x9369, 0xbc2b, 0x7aa7, 0x7aa7, 0x7aa7, 0x7aa7, 0x7aa7, 0x7aa7, 0x7aa7, 0xbc2b, 0xbc2b,
    0x7aa7, 0x59e5, 0x9369, 0x7aa7, 0x9369, 0x9369, 0xbc2b, 0x7aa7, 0x7aa7, 0x7aa7, 0x7aa7, 0x7aa7, 0x7aa7, 0x7aa7, 0xbc2b, 0xbc2b,
    0x7aa7, 0x59e5, 0x9369, 0x7aa7, 0x9369, 0x9369, 0xbc2b, 0x7aa7, 0x7aa7, 0x7aa7, 0x7aa7, 0x7aa7, 0x7aa7, 0x7aa7, 0xbc2b, 0xbc2b,
    0x7aa7, 0x59e5, 0x9369, 0x7aa7, 0x9369, 0x9369, 0xbc2b, 0x7aa7, 0x7aa7, 0x7aa7, 0x7aa7, 0x7aa7, 0x7aa7, 0x7aa7, 0xbc2b, 0xbc2b,
    0x7aa7, 0x59e5, 0x9369, 0x7aa7, 0x9369, 0x9369, 0xbc2b, 0x7aa7, 0x7aa7, 0x7aa7, 0x7aa7, 0x7aa7, 0x7aa7, 0x7aa7, 0xbc2b, 0xbc2b,
    0x7aa7, 0x59e5, 0x9369, 0x7aa7, 0x9369, 0x9369, 0xbc2b, 0x7aa7, 0x7aa7, 0x7aa7, 0x7aa7, 0x7aa7, 0x7aa7, 0x7aa7, 0xbc2b, 0xbc2b,
    0x7aa7, 0x59e5, 0x9369, 0x7aa7, 0x9369, 0x9369, 0xbc2b, 0x7aa7, 0x7aa7, 0x7aa7, 0x7aa7, 0x7aa7, 0x7aa7, 0x7aa7, 0xbc2b, 0xbc2b,
    0x7aa7, 0x59e5, 0x9369, 0x7aa7, 0x9369, 0x9369, 0xbc2b, 0x7aa7, 0x7aa7, 0x7aa7, 0x7aa7, 0x7aa7, 0x7aa7, 0x7aa7, 0xbc2b, 0xbc2b,
    0x7aa7, 0x59e5, 0x9369, 0x7aa7, 0x9369, 0x9369, 0xbc2b, 0x7aa7, 0x7aa7, 0x7aa7, 0x7aa7, 0x7aa7, 0x7aa7, 0x7aa7, 0xbc2b, 0xbc2b,
    0x7aa7, 0x59e5, 0x9369, 0x7aa7, 0x9369, 0x9369, 0xbc2b, 0x7aa7, 0x7aa7, 0x7aa7, 0x7aa7, 0x7aa7, 0x7aa7, 0x7aa7, 0xbc2b, 0xbc2b,
    0x7aa7, 0x59e5, 0x9369, 0x7aa7, 0x9369, 0x9369, 0xbc2b, 0x7aa7, 0x7aa7, 0x7aa7, 0x7aa7, 0x7aa7, 0x7aa7, 0x7aa7, 0xbc2b, 0xbc2b,
    0x7aa7, 0x59e5, 0x9369, 0x7aa7, 0x9369, 0x9369, 0xbc2b, 0x7aa7, 0x7aa7, 0x7aa7, 0x7aa7, 0x7aa7, 0x7aa7, 0x7aa7, 0xbc2b, 0xbc2b,
    0x7aa7, 0x59e5, 0x9369, 0x7aa7, 0x9369, 0x9369, 0xbc2b, 0x7aa7, 0x7aa7, 0x7aa7, 0x7aa7, 0x7aa7, 0x7aa7, 0x7aa7, 0xbc2b, 0xbc2b,
    0x7aa7, 0x59e5, 0x9369, 0x7aa7, 0x9369, 0x9369, 0xbc2b, 0x7aa7, 0x7aa7, 0x7aa7, 0x7aa7, 0x7aa7, 0x7aa7, 0x7aa7, 0xbc2b, 0xbc2b,
    0x7aa7, 0x59e5, 0x9369, 0x7aa7, 0x9369, 0x9369, 0xbc2b, 0x7aa7, 0x7aa7, 0x7aa7, 0x7aa7, 0x7aa7, 0x7aa7, 0x7aa7, 0xbc2b, 0xbc2b,
    0x7aa7, 0x59e5, 0x9369, 0x7aa7, 0x9369, 0x9369, 0xbc2b, 0x7aa7, 0x7aa7, 0x7aa7, 0x7aa7, 0x7aa7, 0x7aa7, 0x7aa7, 0xbc2b, 0xbc2b,
    0x7aa7, 0x59e5, 0x9369, 0x7aa7, 0x9369, 0x9369, 0xbc2b, 0x7aa7, 0x7aa7, 0x7aa7, 0x7aa7, 0x7aa7, 0x7aa7, 0x7aa7, 0xbc2b, 0xbc2b,
    0x7aa7, 0x59e5, 0x9369, 0x7aa7, 0x9369, 0x9369, 0xbc2b, 0x7aa7, 0x7aa7, 0x7aa7, 0x7aa7, 0x7aa7, 0x7aa7, 0x7aa7, 0xbc2b, 0xbc2b,
    0x7aa7, 0x9369, 0x7aa7, 0x7aa7, 0x72c8, 0x7aa7, 0x9369, 0x9369, 0x7aa7, 0x59e5, 0xbc2b, 0x59e5, 0x7aa7, 0xbc2b, 0x9369, 0x9369,
    0x7aa7, 0x9369, 0x7aa7, 0x7aa7, 0x72c8, 0x7aa7, 0x9369, 0x9369, 0x7aa7, 0x59e5, 0xbc2b, 0x59e5, 0x7aa7, 0xbc2b, 0x9369, 0x9369,
    0x7aa7, 0x9369, 0x7aa7, 0x7aa7, 0x72c8, 0x7aa7, 0x9369, 0x9369, 0x7aa7, 0x59e5, 0xbc2b, 0x59e5, 0x7aa7, 0xbc2b, 0x9369, 0x9369,
    0x7aa7, 0x9369, 0x7aa7, 0x7aa7, 0x72c8, 0x7aa7, 0x9369, 0x9369, 0x7aa7, 0x59e5, 0xbc2b, 0x59e5, 0x7aa7, 0xbc2b, 0x9369, 0x9369,
    0x7aa7, 0x9369, 0x7aa7, 0x7aa7, 0x72c8, 0x7aa7, 0x9369, 0x9369, 0x7aa7, 0x59e5, 0xbc2b, 0x59e5, 0x7aa7, 0xbc2b, 0x9369, 0x9369,
    0x7aa7, 0x9369, 0x7aa7, 0x7aa7, 0x72c8, 0x7aa7, 0x9369, 0x9369, 0x7aa7, 0x59e5, 0xbc2b, 0x59e5, 0x7aa7, 0xbc2b, 0x9369, 0x9369,
    0x7aa7, 0x9369, 0x7aa7, 0x7aa7, 0x72c8, 0x7aa7, 0x9369, 0x9369, 0x7aa7, 0x59e5, 0xbc2b, 0x59e5, 0x7aa7, 0xbc2b, 0x9369, 0x9369,
    0x7aa7, 0x9369, 0x7aa7, 0x7aa7, 0x72c8, 0x7aa7, 0x9369, 0x9369, 0x7aa7, 0x59e5, 0xbc2b, 0x59e5, 0x7aa7, 0xbc2b, 0x9369, 0x9369,
    0x7aa7, 0x9369, 0x7aa7, 0x7aa7, 0x72c8, 0x7aa7, 0x9369, 0x9369, 0x7aa7, 0x59e5, 0xbc2b, 0x59e5, 0x7aa7, 0xbc2b, 0x9369, 0x9369,
    0x7aa7, 0x9369, 0x7aa7, 0x7aa7, 0x72c8, 0x7aa7, 0x9369, 0x9369, 0x7aa7, 0x59e5, 0xbc2b, 0x59e5, 0x7aa7, 0xbc2b, 0x9369, 0x9369,
    0x7aa7, 0x9369, 0x7aa7, 0x7aa7, 0x72c8, 0x7aa7, 0x9369, 0x9369, 0x7aa7, 0x59e5, 0xbc2b, 0x59e5, 0x7aa7, 0xbc2b, 0x9369, 0x9369,
    0x7aa7, 0x9369, 0x7aa7, 0x7aa7, 0x72c8, 0x7aa7, 0x9369, 0x9369, 0x7aa7, 0x59e5, 0xbc2b, 0x59e5, 0x7aa7, 0xbc2b, 0x9369, 0x9369,
    0x7aa7, 0x9369, 0x7aa7, 0x7aa7, 0x72c8, 0x7aa7, 0x9369, 0x9369, 0x7aa7, 0x59e5, 0xbc2b, 0x59e5, 0x7aa7, 0xbc2b, 0x9369, 0x9369,
    0x7aa7, 0x9369, 0x7aa7, 0x7aa7, 0x72c8, 0x7aa7, 0x9369, 0x9369, 0x7aa7, 0x59e5, 0xbc2b, 0x59e5, 0x7aa7, 0xbc2b, 0x9369, 0x9369,
    0x7aa7, 0x9369, 0x7aa7, 0x7aa7, 0x72c8, 0x7aa7, 0x9369, 0x9369, 0x7aa7, 0x59e5, 0xbc2b, 0x59e5, 0x7aa7, 0xbc2b, 0x9369, 0x9369,
    0x7aa7, 0x9369, 0x7aa7, 0x7aa7, 0x72c8, 0x7aa7, 0x9369, 0x9369, 0x7aa7, 0x59e5, 0xbc2b, 0x59e5, 0x7aa7, 0xbc2b, 0x9369, 0x9369,
    0x7aa7, 0x9369, 0x7aa7, 0x7aa7, 0x72c8, 0x7aa7, 0x9369, 0x9369, 0x7aa7, 0x59e5, 0xbc2b, 0x59e5, 0x7aa7, 0xbc2b, 0x9369, 0x9369,
    0x7aa7, 0x9369, 0x7aa7, 0x7aa7, 0x72c8, 0x7aa7, 0x9369, 0x9369, 0x7aa7, 0x59e5, 0xbc2b, 0x59e5, 0x7aa7, 0xbc2b, 0x9369, 0x9369,
    0x7aa7, 0x9369, 0x7aa7, 0x7aa7, 0x72c8, 0x7aa7, 0x9369, 0x9369, 0x7aa7, 0x59e5, 0xbc2b, 0x59e5, 0x7aa7, 0xbc2b, 0x9369, 0x9369,
    0x7aa7, 0x9369, 0x7aa7, 0x7aa7, 0x72c8, 0x7aa7, 0x9369, 0x9369, 0x7aa7, 0x59e5, 0xbc2b, 0x59e5, 0x7aa7, 0xbc2b, 0x9369, 0x9369,
    0x9369, 0x7aa7, 0x59e5, 0xbc2b, 0x7aa7, 0x59e5, 0x7aa7, 0x59e5, 0x7aa7, 0x7aa7, 0x7aa7, 0x59e5, 0x7aa7, 0x7aa7, 0x9369, 0x9369,
    0x9369, 0x7aa7, 0x59e5, 0xbc2b, 0x7aa7, 0x59e5, 0x7aa7, 0x59e5, 0x7aa7, 0x7aa7, 0x7aa7, 0x59e5, 0x7aa7, 0x7aa7, 0x9369, 0x9369,
    0x9369, 0x7aa7, 0x59e5, 0xbc2b, 0x7aa7, 0x59e5, 0x7aa7, 0x59e5, 0x7aa7, 0x7aa7, 0x7aa7, 0x59e5, 0x7aa7, 0x7aa7, 0x9369, 0x9369,
    0x9369, 0x7aa7, 0x59e5, 0xbc2b, 0x7aa7, 0x59e5, 0x7aa7, 0x59e5, 0x7aa7, 0x7aa7, 0x7aa7, 0x59e5, 0x7aa7, 0x7aa7, 0x9369, 0x9369,
    0x9369, 0x7aa7, 0x59e5, 0xbc2b, 0x7aa7, 0x59e5, 0x7aa7, 0x59e5, 0x7aa7, 0x7aa7, 0x7aa7, 0x59e5, 0x7aa7, 0x7aa7, 0x9369, 0x9369,
    0x9369, 0x7aa7, 0x59e5, 0xbc2b, 0x7aa7, 0x59e5, 0x7aa7, 0x59e5, 0x7aa7, 0x7aa7, 0x7aa7, 0x59e5, 0x7aa7, 0x7aa7, 0x9369, 0x9369,
    0x9369, 0x7aa7, 0x59e5, 0xbc2b, 0x7aa7, 0x59e5, 0x7aa7, 0x59e5, 0x7aa7, 0x7aa7, 0x7aa7, 0x59e5, 0x7aa7, 0x7aa7, 0x9369, 0x9369,
    0x9369, 0x7aa7, 0x59e5, 0xbc2b, 0x7aa7, 0x59e5, 0x7aa7, 0x59e5, 0x7aa7, 0x7aa7, 0x7aa7, 0x59e5, 0x7aa7, 0x7aa7, 0x9369, 0x9369,
    0x9369, 0x7aa7, 0x59e5, 0xbc2b, 0x7aa7, 0x59e5, 0x7aa7, 0x59e5, 0x7aa7, 0x7aa7, 0x7aa7, 0x59e5, 0x7aa7, 0x7aa7, 0x9369, 0x9369,
    0x9369, 0x7aa7, 0x59e5, 0xbc2b, 0x7aa7, 0x59e5, 0x7aa7, 0x59e5, 0x7aa7, 0x7aa7, 0x7aa7, 0x59e5, 0x7aa7, 0x7aa7, 0x9369, 0x9369,
    0x9369, 0x7aa7, 0x59e5, 0xbc2b, 0x7aa7, 0x59e5, 0x7aa7, 0x59e5, 0x7aa7, 0x7aa7, 0x7aa7, 0x59e5, 0x7aa7, 0x7aa7, 0x9369, 0x9369,
    0x9369, 0x7aa7, 0x59e5, 0xbc2b, 0x7aa7, 0x59e5, 0x7aa7, 0x59e5, 0x7aa7, 0x7aa7, 0x7aa7, 0x59e5, 0x7aa7, 0x7aa7, 0x9369, 0x9369,
    0x9369, 0x7aa7, 0x59e5, 0xbc2b, 0x7aa7, 0x59e5, 0x7aa7, 0x59e5, 0x7aa7, 0x7aa7, 0x7aa7, 0x59e5, 0x7aa7, 0x7aa7, 0x9369, 0x9369,
    0x9369, 0x7aa7, 0x59e5, 0xbc2b, 0x7aa7, 0x59e5, 0x7aa7, 0x59e5, 0x7aa7, 0x7aa7, 0x7aa7, 0x59e5, 0x7aa7, 0x7aa7, 0x9369, 0x9369,
    0x9369, 0x7aa7, 0x59e5, 0xbc2b, 0x7aa7, 0x59e5, 0x7aa7, 0x59e5, 0x7aa7, 0x7aa7, 0x7aa7, 0x59e5, 0x7aa7, 0x7aa7, 0x9369, 0x9369,
    0x9369, 0x7aa7, 0x59e5, 0xbc2b, 0x7aa7, 0x59e5, 0x7aa7, 0x59e5, 0x7aa7, 0x7aa7, 0x7aa7, 0x59e5, 0x7aa7, 0x7aa7, 0x9369, 0x9369,
    0x9369, 0x7aa7, 0x59e5, 0xbc2b, 0x7aa7, 0x59e5, 0x7aa7, 0x59e5, 0x7aa7, 0x7aa7, 0x7aa7, 0x59e5, 0x7aa7, 0x7aa7, 0x9369, 0x9369,
    0x9369, 0x7aa7, 0x59e5, 0xbc2b, 0x7aa7, 0x59e5, 0x7aa7, 0x59e5, 0x7aa7, 0x7aa7, 0x7aa7, 0x59e5, 0x7aa7, 0x7aa7, 0x9369, 0x9369,
    0x9369, 0x7aa7, 0x59e5, 0xbc2b, 0x7aa7, 0x59e5, 0x7aa7, 0x59e5, 0x7aa7, 0x7aa7, 0x7aa7, 0x59e5, 0x7aa7, 0x7aa7, 0x9369, 0x9369,
    0x9369, 0x7aa7, 0x59e5, 0xbc2b, 0x7aa7, 0x59e5, 0x7aa7, 0x59e5, 0x7aa7, 0x7aa7, 0x7aa7, 0x59e5, 0x7aa7, 0x7aa7, 0x9369, 0x9369,
    0x9369, 0x7aa7, 0xbc2b, 0x9369, 0x9369, 0x7aa7, 0x8430, 0x9369, 0x9369, 0x9369, 0x7aa7, 0x7aa7, 0x9369, 0x9369, 0x7aa7, 0x59e5,
    0x9369, 0x7aa7, 0xbc2b, 0x9369, 0x9369, 0x7aa7, 0x8430, 0x9369, 0x9369, 0x9369, 0x7aa7, 0x7aa7, 0x9369, 0x9369, 0x7aa7, 0x59e5,
    0x9369, 0x7aa7, 0xbc2b, 0x9369, 0x9369, 0x7aa7, 0x8430, 0x9369, 0x9369, 0x9369, 0x7aa7, 0x7aa7, 0x9369, 0x9369, 0x7aa7, 0x59e5,
    0x9369, 0x7aa7, 0xbc2b, 0x9369, 0x9369, 0x7aa7, 0x8430, 0x9369, 0x9369, 0x9369, 0x7aa7, 0x7aa7, 0x9369, 0x9369, 0x7aa7, 0x59e5,
    0x9369, 0x7aa7, 0xbc2b, 0x9369, 0x9369, 0x7aa7, 0x8430, 0x9369, 0x9369, 0x9369, 0x7aa7, 0x7aa7, 0x9369, 0x9369, 0x7aa7, 0x59e5,
    0x9369, 0x7aa7, 0xbc2b, 0x9369, 0x9369, 0x7aa7, 0x8430, 0x9369, 0x9369, 0x9369, 0x7aa7, 0x7aa7, 0x9369, 0x9369, 0x7aa7, 0x59e5,
    0x9369, 0x7aa7, 0xbc2b, 0x9369, 0x9369, 0x7aa7, 0x8430, 0x9369, 0x9369, 0x9369, 0x7aa7, 0x7aa7, 0x9369, 0x9369, 0x7aa7, 0x59e5,
    0x9369, 0x7aa7, 0xbc2b, 0x9369, 0x9369, 0x7aa7, 0x8430, 0x9369, 0x9369, 0x9369, 0x7aa7, 0x7aa7, 0x9369, 0x9369, 0x7aa7, 0x59e5,
    0x9369, 0x7aa7, 0xbc2b, 0x9369, 0x9369, 0x7aa7, 0x8430, 0x9369, 0x9369, 0x9369, 0x7aa7, 0x7aa7, 0x9369, 0x9369, 0x7aa7, 0x59e5,
    0x9369, 0x7aa7, 0xbc2b, 0x9369, 0x9369, 0x7aa7, 0x8430, 0x9369, 0x9369, 0x9369, 0x7aa7, 0x7aa7, 0x9369, 0x9369, 0x7aa7, 0x59e5,
    0x9369, 0x7aa7, 0xbc2b, 0x9369, 0x9369, 0x7aa7, 0x8430, 0x9369, 0x9369, 0x9369, 0x7aa7, 0x7aa7, 0x9369, 0x9369, 0x7aa7, 0x59e5,
    0x9369, 0x7aa7, 0xbc2b, 0x9369, 0x9369, 0x7aa7, 0x8430, 0x9369, 0x9369, 0x9369, 0x7aa7, 0x7aa7, 0x9369, 0x9369, 0x7aa7, 0x59e5,
    0x9369, 0x7aa7, 0xbc2b, 0x9369, 0x9369, 0x7aa7, 0x8430, 0x9369, 0x9369, 0x9369, 0x7aa7, 0x7aa7, 0x9369, 0x9369, 0x7aa7, 0x59e5,
    0x9369, 0x7aa7, 0xbc2b, 0x9369, 0x9369, 0x7aa7, 0x8430, 0x9369, 0x9369, 0x9369, 0x7aa7, 0x7aa7, 0x9369, 0x9369, 0x7aa7, 0x59e5,
    0x9369, 0x7aa7, 0xbc2b, 0x9369, 0x9369, 0x7aa7, 0x8430, 0x9369, 0x9369, 0x9369, 0x7aa7, 0x7aa7, 0x9369, 0x9369, 0x7aa7, 0x59e5,
    0x9369, 0x7aa7, 0xbc2b, 0x9369, 0x9369, 0x7aa7, 0x8430, 0x9369, 0x9369, 0x9369, 0x7aa7, 0x7aa7, 0x9369, 0x9369, 0x7aa7, 0x59e5,
    0x9369, 0x7aa7, 0xbc2b, 0x9369, 0x9369, 0x7aa7, 0x8430, 0x9369, 0x9369, 0x9369, 0x7aa7, 0x7aa7, 0x9369, 0x9369, 0x7aa7, 0x59e5,
    0x9369, 0x7aa7, 0xbc2b, 0x9369, 0x9369, 0x7aa7, 0x8430, 0x9369, 0x9369, 0x9369, 0x7aa7, 0x7aa7, 0x9369, 0x9369, 0x7aa7, 0x59e5,
    0x9369, 0x7aa7, 0xbc2b, 0x9369, 0x9369, 0x7aa7, 0x8430, 0x9369, 0x9369, 0x9369, 0x7aa7, 0x7aa7, 0x9369, 0x9369, 0x7aa7, 0x59e5,
    0x9369, 0x7aa7, 0xbc2b, 0x9369, 0x9369, 0x7aa7, 0x8430, 0x9369, 0x9369, 0x9369, 0x7aa7, 0x7aa7, 0x9369, 0x9369, 0x7aa7, 0x59e5,
    0xbc2b, 0x9369, 0x9369, 0x7aa7, 0x7aa7, 0xbc2b, 0x9369, 0x9369, 0x7aa7, 0x7aa7, 0x59e5, 0x7aa7, 0x7aa7, 0xbc2b, 0x7aa7, 0xbc2b,
    0xbc2b, 0x9369, 0x9369, 0x7aa7, 0x7aa7, 0xbc2b, 0x9369, 0x9369, 0x7aa7, 0x7aa7, 0x59e5, 0x7aa7, 0x7aa7, 0xbc2b, 0x7aa7, 0xbc2b,
    0xbc2b, 0x9369, 0x9369, 0x7aa7, 0x7aa7, 0xbc2b, 0x9369, 0x9369, 0x7aa7, 0x7aa7, 0x59e5, 0x7aa7, 0x7aa7, 0xbc2b, 0x7aa7, 0xbc2b,
    0xbc2b, 0x9369, 0x9369, 0x7aa7, 0x7aa7, 0xbc2b, 0x9369, 0x9369, 0x7aa7, 0x7aa7, 0x59e5, 0x7aa7, 0x7aa7, 0xbc2b, 0x7aa7, 0xbc2b,
    0xbc2b, 0x9369, 0x9369, 0x7aa7, 0x7aa7, 0xbc2b, 0x9369, 0x9369, 0x7aa7, 0x7aa7, 0x59e5, 0x7aa7, 0x7aa7, 0xbc2b, 0x7aa7, 0xbc2b,
    0xbc2b, 0x9369, 0x9369, 0x7aa7, 0x7aa7, 0xbc2b, 0x9369, 0x9369, 0x7aa7, 0x7aa7, 0x59e5, 0x7aa7, 0x7aa7, 0xbc2b, 0x7aa7, 0xbc2b,
    0xbc2b, 0x9369, 0x9369, 0x7aa7, 0x7aa7, 0xbc2b, 0x9369, 0x9369, 0x7aa7, 0x7aa7, 0x59e5, 0x7aa7, 0x7aa7, 0xbc2b, 0x7aa7, 0xbc2b,
    0xbc2b, 0x9369, 0x9369, 0x7aa7, 0x7aa7, 0xbc2b, 0x9369, 0x9369, 0x7aa7, 0x7aa7, 0x59e5, 0x7aa7, 0x7aa7, 0xbc2b, 0x7aa7, 0xbc2b,
    0xbc2b, 0x9369, 0x9369, 0x7aa7, 0x7aa7, 0xbc2b, 0x9369, 0x9369, 0x7aa7, 0x7aa7, 0x59e5, 0x7aa7, 0x7aa7, 0xbc2b, 0x7aa7, 0xbc2b,
    0xbc2b, 0x9369, 0x9369, 0x7aa7, 0x7aa7, 0xbc2b, 0x9369, 0x9369, 0x7aa7, 0x7aa7, 0x59e5, 0x7aa7, 0x7aa7, 0xbc2b, 0x7aa7, 0xbc2b,
    0xbc2b, 0x9369, 0x9369, 0x7aa7, 0x7aa7, 0xbc2b, 0x9369, 0x9369, 0x7aa7, 0x7aa7, 0x59e5, 0x7aa7, 0x7aa7, 0xbc2b, 0x7aa7, 0xbc2b,
    0xbc2b, 0x9369, 0x9369, 0x7aa7, 0x7aa7, 0xbc2b, 0x9369, 0x9369, 0x7aa7, 0x7aa7, 0x59e5, 0x7aa7, 0x7aa7, 0xbc2b, 0x7aa7, 0xbc2b,
    0xbc2b, 0x9369, 0x9369, 0x7aa7, 0x7aa7, 0xbc2b, 0x9369, 0x9369, 0x7aa7, 0x7aa7, 0x59e5, 0x7aa7, 0x7aa7, 0xbc2b, 0x7aa7, 0xbc2b,
    0xbc2b, 0x9369, 0x9369, 0x7aa7, 0x7aa7, 0xbc2b, 0x9369, 0x9369, 0x7aa7, 0x7aa7, 0x59e5, 0x7aa7, 0x7aa7, 0xbc2b, 0x7aa7, 0xbc2b,
    0xbc2b, 0x9369, 0x9369, 0x7aa7, 0x7aa7, 0xbc2b, 0x9369, 0x9369, 0x7aa7, 0x7aa7, 0x59e5, 0x7aa7, 0x7aa7, 0xbc2b, 0x7aa7, 0xbc2b,
    0xbc2b, 0x9369, 0x9369, 0x7aa7, 0x7aa7, 0xbc2b, 0x9369, 0x9369, 0x7aa7, 0x7aa7, 0x59e5, 0x7aa7, 0x7aa7, 0xbc2b, 0x7aa7, 0xbc2b,
    0xbc2b, 0x9369, 0x9369, 0x7aa7, 0x7aa7, 0xbc2b, 0x9369, 0x9369, 0x7aa7, 0x7aa7, 0x59e5, 0x7aa7, 0x7aa7, 0xbc2b, 0x7aa7, 0xbc2b,
    0xbc2b, 0x9369, 0x9369, 0x7aa7, 0x7aa7, 0xbc2b, 0x9369, 0x9369, 0x7aa7, 0x7aa7, 0x59e5, 0x7aa7, 0x7aa7, 0xbc2b, 0x7aa7, 0xbc2b,
    0xbc2b, 0x9369, 0x9369, 0x7aa7, 0x7aa7, 0xbc2b, 0x9369, 0x9369, 0x7aa7, 0x7aa7, 0x59e5, 0x7aa7, 0x7aa7, 0xbc2b, 0x7aa7, 0xbc2b,
    0xbc2b, 0x9369, 0x9369, 0x7aa7, 0x7aa7, 0xbc2b, 0x9369, 0x9369, 0x7aa7, 0x7aa7, 0x59e5, 0x7aa7, 0x7aa7, 0xbc2b, 0x7aa7, 0xbc2b,
    0x7aa7, 0x9369, 0x59e5, 0x7aa7, 0x7aa7, 0x9369, 0x8430, 0x59e5, 0x7aa7, 0xbc2b, 0x9369, 0x7aa7, 0x7aa7, 0x9369, 0x59e5, 0x59e5,
    0x7aa7, 0x9369, 0x59e5, 0x7aa7, 0x7aa7, 0x9369, 0x8430, 0x59e5, 0x7aa7, 0xbc2b, 0x9369, 0x7aa7, 0x7aa7, 0x9369, 0x59e5, 0x59e5,
    0x7aa7, 0x9369, 0x59e5, 0x7aa7, 0x7aa7, 0x9369, 0x8430, 0x59e5, 0x7aa7, 0xbc2b, 0x9369, 0x7aa7, 0x7aa7, 0x9369, 0x59e5, 0x59e5,
    0x7aa7, 0x9369, 0x59e5, 0x7aa7, 0x7aa7, 0x9369, 0x8430, 0x59e5, 0x7aa7, 0xbc2b, 0x9369, 0x7aa7, 0x7aa7, 0x9369, 0x59e5, 0x59e5,
    0x7aa7, 0x9369, 0x59e5, 0x7aa7, 0x7aa7, 0x9369, 0x8430, 0x59e5, 0x7aa7, 0xbc2b, 0x9369, 0x7aa7, 0x7aa7, 0x9369, 0x59e5, 0x59e5,
    0x7aa7, 0x9369, 0x59e5, 0x7aa7, 0x7aa7, 0x9369, 0x8430, 0x59e5, 0x7aa7, 0xbc2b, 0x9369, 0x7aa7, 0x7aa7, 0x9369, 0x59e5, 0x59e5,
    0x7aa7, 0x9369, 0x59e5, 0x7aa7, 0x7aa7, 0x9369, 0x8430, 0x59e5, 0x7aa7, 0xbc2b, 0x9369, 0x7aa7, 0x7aa7, 0x9369, 0x59e5, 0x59e5,
    0x7aa7, 0x9369, 0x59e5, 0x7aa7, 0x7aa7, 0x9369, 0x8430, 0x59e5, 0x7aa7, 0xbc2b, 0x9369, 0x7aa7, 0x7aa7, 0x9369, 0x59e5, 0x59e5,
    0x7aa7, 0x9369, 0x59e5, 0x7aa7, 0x7aa7, 0x9369, 0x8430, 0x59e5, 0x7aa7, 0xbc2b, 0x9369, 0x7aa7, 0x7aa7, 0x9369, 0x59e5, 0x59e5,
    0x7aa7, 0x9369, 0x59e5, 0x7aa7, 0x7aa7, 0x9369, 0x8430, 0x59e5, 0x7aa7, 0xbc2b, 0x9369, 0x7aa7, 0x7aa7, 0x9369, 0x59e5, 0x59e5,
    0x7aa7, 0x9369, 0x59e5, 0x7aa7, 0x7aa7, 0x9369, 0x8430, 0x59e5, 0x7aa7, 0xbc2b, 0x9369, 0x7aa7, 0x7aa7, 0x9369, 0x59e5, 0x59e5,
    0x7aa7, 0x9369, 0x59e5, 0x7aa7, 0x7aa7, 0x9369, 0x8430, 0x59e5, 0x7aa7, 0xbc2b, 0x9369, 0x7aa7, 0x7aa7, 0x9369, 0x59e5, 0x59e5,
    0x7aa7, 0x9369, 0x59e5, 0x7aa7, 0x7aa7, 0x9369, 0x8430, 0x59e5, 0x7aa7, 0xbc2b, 0x9369, 0x7aa7, 0x7aa7, 0x9369, 0x59e5, 0x59e5,
    0x7aa7, 0x9369, 0x59e5, 0x7aa7, 0x7aa7, 0x9369, 0x8430, 0x59e5, 0x7aa7, 0xbc2b, 0x9369, 0x7aa7, 0x7aa7, 0x9369, 0x59e5, 0x59e5,
    0x7aa7, 0x9369, 0x59e5, 0x7aa7, 0x7aa7, 0x9369, 0x8430, 0x59e5, 0x7aa7, 0xbc2b, 0x9369, 0x7aa7, 0x7aa7, 0x9369, 0x59e5, 0x59e5,
    0x7aa7, 0x9369, 0x59e5, 0x7aa7, 0x7aa7, 0x9369, 0x8430, 0x59e5, 0x7aa7, 0xbc2b, 0x9369, 0x7aa7, 0x7aa7, 0x9369, 0x59e5, 0x59e5,
    0x7aa7, 0x9369, 0x59e5, 0x7aa7, 0x7aa7, 0x9369, 0x8430, 0x59e5, 0x7aa7, 0xbc2b, 0x9369, 0x7aa7, 0x7aa7, 0x9369, 0x59e5, 0x59e5,
    0x7aa7, 0x9369, 0x59e5, 0x7aa7, 0x7aa7, 0x9369, 0x8430, 0x59e5, 0x7aa7, 0xbc2b, 0x9369, 0x7aa7, 0x7aa7, 0x9369, 0x59e5, 0x59e5,
    0x7aa7, 0x9369, 0x59e5, 0x7aa7, 0x7aa7, 0x9369, 0x8430, 0x59e5, 0x7aa7, 0xbc2b, 0x9369, 0x7aa7, 0x7aa7, 0x9369, 0x59e5, 0x59e5,
    0x7aa7, 0x9369, 0x59e5, 0x7aa7, 0x7aa7, 0x9369, 0x8430, 0x59e5, 0x7aa7, 0xbc2b, 0x9369, 0x7aa7, 0x7aa7, 0x9369, 0x59e5, 0x59e5,
    0xbc2b, 0x7aa7, 0x7aa7, 0x59e5, 0xbc2b, 0x7aa7, 0x7aa7, 0x7aa7, 0xbc2b, 0x7aa7, 0x7aa7, 0x7aa7, 0x59e5, 0x59e5, 0xbc2b, 0x7aa7,
    0xbc2b, 0x7aa7, 0x7aa7, 0x59e5, 0xbc2b, 0x7aa7, 0x7aa7, 0x7aa7, 0xbc2b, 0x7aa7, 0x7aa7, 0x7aa7, 0x59e5, 0x59e5, 0xbc2b, 0x7aa7,
    0xbc2b, 0x7aa7, 0x7aa7, 0x59e5, 0xbc2b, 0x7aa7, 0x7aa7, 0x7aa7, 0xbc2b, 0x7aa7, 0x7aa7, 0x7aa7, 0x59e5, 0x59e5, 0xbc2b, 0x7aa7,
    0xbc2b, 0x7aa7, 0x7aa7, 0x59e5, 0xbc2b, 0x7aa7, 0x7aa7, 0x7aa7, 0xbc2b, 0x7aa7, 0x7aa7, 0x7aa7, 0x59e5, 0x59e5, 0xbc2b, 0x7aa7,
    0xbc2b, 0x7aa7, 0x7aa7, 0x59e5, 0xbc2b, 0x7aa7, 0x7aa7, 0x7aa7, 0xbc2b, 0x7aa7, 0x7aa7, 0x7aa7, 0x59e5, 0x59e5, 0xbc2b, 0x7aa7,
    0xbc2b, 0x7aa7, 0x7aa7, 0x59e5, 0xbc2b, 0x7aa7, 0x7aa7, 0x7aa7, 0xbc2b, 0x7aa7, 0x7aa7, 0x7aa7, 0x59e5, 0x59e5, 0xbc2b, 0x7aa7,
    0xbc2b, 0x7aa7, 0x7aa7, 0x59e5, 0xbc2b, 0x7aa7, 0x7aa7, 0x7aa7, 0xbc2b, 0x7aa7, 0x7aa7, 0x7aa7, 0x59e5, 0x59e5, 0xbc2b, 0x7aa7,
    0xbc2b, 0x7aa7, 0x7aa7, 0x59e5, 0xbc2b, 0x7aa7, 0x7aa7, 0x7aa7, 0xbc2b, 0x7aa7, 0x7aa7, 0x7aa7, 0x59e5, 0x59e5, 0xbc2b, 0x7aa7,
    0xbc2b, 0x7aa7, 0x7aa7, 0x59e5, 0xbc2b, 0x7aa7, 0x7aa7, 0x7aa7, 0xbc2b, 0x7aa7, 0x7aa7, 0x7aa7, 0x59e5, 0x59e5, 0xbc2b, 0x7aa7,
    0xbc2b, 0x7aa7, 0x7aa7, 0x59e5, 0xbc2b, 0x7aa7, 0x7aa7, 0x7aa7, 0xbc2b, 0x7aa7, 0x7aa7, 0x7aa7, 0x59e5, 0x59e5, 0xbc2b, 0x7aa7,
    0xbc2b, 0x7aa7, 0x7aa7, 0x59e5, 0xbc2b, 0x7aa7, 0x7aa7, 0x7aa7, 0xbc2b, 0x7aa7, 0x7aa7, 0x7aa7, 0x59e5, 0x59e5, 0xbc2b, 0x7aa7,
    0xbc2b, 0x7aa7, 0x7aa7, 0x59e5, 0xbc2b, 0x7aa7, 0x7aa7, 0x7aa7, 0xbc2b, 0x7aa7, 0x7aa7, 0x7aa7, 0x59e5, 0x59e5, 0xbc2b, 0x7aa7,
    0xbc2b, 0x7aa7, 0x7aa7, 0x59e5, 0xbc2b, 0x7aa7, 0x7aa7, 0x7aa7, 0xbc2b, 0x7aa7, 0x7aa7, 0x7aa7, 0x59e5, 0x59e5, 0xbc2b, 0x7aa7,
    0xbc2b, 0x7aa7, 0x7aa7, 0x59e5, 0xbc2b, 0x7aa7, 0x7aa7, 0x7aa7, 0xbc2b, 0x7aa7, 0x7aa7, 0x7aa7, 0x59e5, 0x59e5, 0xbc2b, 0x7aa7,
    0xbc2b, 0x7aa7, 0x7aa7, 0x59e5, 0xbc2b, 0x7aa7, 0x7aa7, 0x7aa7, 0xbc2b, 0x7aa7, 0x7aa7, 0x7aa7, 0x59e5, 0x59e5, 0xbc2b, 0x7aa7,
    0xbc2b, 0x7aa7, 0x7aa7, 0x59e5, 0xbc2b, 0x7aa7, 0x7aa7, 0x7aa7, 0xbc2b, 0x7aa7, 0x7aa7, 0x7aa7, 0x59e5, 0x59e5, 0xbc2b, 0x7aa7,
    0xbc2b, 0x7aa7, 0x7aa7, 0x59e5, 0xbc2b, 0x7aa7, 0x7aa7, 0x7aa7, 0xbc2b, 0x7aa7, 0x7aa7, 0x7aa7, 0x59e5, 0x59e5, 0xbc2b, 0x7aa7,
    0xbc2b, 0x7aa7, 0x7aa7, 0x59e5, 0xbc2b, 0x7aa7, 0x7aa7, 0x7aa7, 0xbc2b, 0x7aa7, 0x7aa7, 0x7aa7, 0x59e5, 0x59e5, 0xbc2b, 0x7aa7,
    0xbc2b, 0x7aa7, 0x7aa7, 0x59e5, 0xbc2b, 0x7aa7, 0x7aa7, 0x7aa7, 0xbc2b, 0x7aa7, 0x7aa7, 0x7aa7, 0x59e5, 0x59e5, 0xbc2b, 0x7aa7,
    0xbc2b, 0x7aa7, 0x7aa7, 0x59e5, 0xbc2b, 0x7aa7, 0x7aa7, 0x7aa7, 0xbc2b, 0x7aa7, 0x7aa7, 0x7aa7, 0x59e5, 0x59e5, 0xbc2b, 0x7aa7,
    0x9369, 0x6b6d, 0xbc2b, 0x7aa7, 0x9369, 0x59e5, 0x7aa7, 0xbc2b, 0x9369, 0x9369, 0x7aa7, 0x9369, 0x7aa7, 0xbc2b, 0x9369, 0x7aa7,
    0x9369, 0x6b6d, 0xbc2b, 0x7aa7, 0x9369, 0x59e5, 0x7aa7, 0xbc2b, 0x9369, 0x9369, 0x7aa7, 0x9369, 0x7aa7, 0xbc2b, 0x9369, 0x7aa7,
    0x9369, 0x6b6d, 0xbc2b, 0x7aa7, 0x9369, 0x59e5, 0x7aa7, 0xbc2b, 0x9369, 0x9369, 0x7aa7, 0x9369, 0x7aa7, 0xbc2b, 0x9369, 0x7aa7,
    0x9369, 0x6b6d, 0xbc2b, 0x7aa7, 0x9369, 0x59e5, 0x7aa7, 0xbc2b, 0x9369, 0x9369, 0x7aa7, 0x9369, 0x7aa7, 0xbc2b, 0x9369, 0x7aa7,
    0x9369, 0x6b6d, 0xbc2b, 0x7aa7, 0x9369, 0x59e5, 0x7aa7, 0xbc2b, 0x9369, 0x9369, 0x7aa7, 0x9369, 0x7aa7, 0xbc2b, 0x9369, 0x7aa7,
    0x9369, 0x6b6d, 0xbc2b, 0x7aa7, 0x9369, 0x59e5, 0x7aa7, 0xbc2b, 0x9369, 0x9369, 0x7aa7, 0x9369, 0x7aa7, 0xbc2b, 0x9369, 0x7aa7,
    0x9369, 0x6b6d, 0xbc2b, 0x7aa7, 0x9369, 0x59e5, 0x7aa7, 0xbc2b, 0x9369, 0x9369, 0x7aa7, 0x9369, 0x7aa7, 0xbc2b, 0x9369, 0x7aa7,
    0x9369, 0x6b6d, 0xbc2b, 0x7aa7, 0x9369, 0x59e5, 0x7aa7, 0xbc2b, 0x9369, 0x9369, 0x7aa7, 0x9369, 0x7aa7, 0xbc2b, 0x9369, 0x7aa7,
    0x9369, 0x6b6d, 0xbc2b, 0x7aa7, 0x9369, 0x59e5, 0x7aa7, 0xbc2b, 0x9369, 0x9369, 0x7aa7, 0x9369, 0x7aa7, 0xbc2b, 0x9369, 0x7aa7,
    0x9369, 0x6b6d, 0xbc2b, 0x7aa7, 0x9369, 0x59e5, 0x7aa7, 0xbc2b, 0x9369, 0x9369, 0x7aa7, 0x9369, 0x7aa7, 0xbc2b, 0x9369, 0x7aa7,
    0x9369, 0x6b6d, 0xbc2b, 0x7aa7, 0x9369, 0x59e5, 0x7aa7, 0xbc2b, 0x9369, 0x9369, 0x7aa7, 0x9369, 0x7aa7, 0xbc2b, 0x9369, 0x7aa7,
    0x9369, 0x6b6d, 0xbc2b, 0x7aa7, 0x9369, 0x59e5, 0x7aa7, 0xbc2b, 0x9369, 0x9369, 0x7aa7, 0x9369, 0x7aa7, 0xbc2b, 0x9369, 0x7aa7,
    0x9369, 0x6b6d, 0xbc2b, 0x7aa7, 0x9369, 0x59e5, 0x7aa7, 0xbc2b, 0x9369, 0x9369, 0x7aa7, 0x9369, 0x7aa7, 0xbc2b, 0x9369, 0x7aa7,
    0x9369, 0x6b6d, 0xbc2b, 0x7aa7, 0x9369, 0x59e5, 0x7aa7, 0xbc2b, 0x9369, 0x9369, 0x7aa7, 0x9369, 0x7aa7, 0xbc2b, 0x9369, 0x7aa7,
    0x9369, 0x6b6d, 0xbc2b, 0x7aa7, 0x9369, 0x59e5, 0x7aa7, 0xbc2b, 0x9369, 0x9369, 0x7aa7, 0x9369, 0x7aa7, 0xbc2b, 0x9369, 0x7aa7,
    0x9369, 0x6b6d, 0xbc2b, 0x7aa7, 0x9369, 0x59e5, 0x7aa7, 0xbc2b, 0x9369, 0x9369, 0x7aa7, 0x9369, 0x7aa7, 0xbc2b, 0x9369, 0x7aa7,
    0x9369, 0x6b6d, 0xbc2b, 0x7aa7, 0x9369, 0x59e5, 0x7aa7, 0xbc2b, 0x9369, 0x9369, 0x7aa7, 0x9369, 0x7aa7, 0xbc2b, 0x9369, 0x7aa7,
    0x9369, 0x6b6d, 0xbc2b, 0x7aa7, 0x9369, 0x59e5, 0x7aa7, 0xbc2b, 0x9369, 0x9369, 0x7aa7, 0x9369, 0x7aa7, 0xbc2b, 0x9369, 0x7aa7,
    0x9369, 0x6b6d, 0xbc2b, 0x7aa7, 0x9369, 0x59e5, 0x7aa7, 0xbc2b, 0x9369, 0x9369, 0x7aa7, 0x9369, 0x7aa7, 0xbc2b, 0x9369, 0x7aa7,
    0x9369, 0x6b6d, 0xbc2b, 0x7aa7, 0x9369, 0x59e5, 0x7aa7, 0xbc2b, 0x9369, 0x9369, 0x7aa7, 0x9369, 0x7aa7, 0xbc2b, 0x9369, 0x7aa7,
    0x9369, 0x7aa7, 0x9369, 0xbc2b, 0x59e5, 0x9369, 0x7aa7, 0x7aa7, 0x9369, 0x59e5, 0x7aa7, 0x6b6d, 0x7aa7, 0x9369, 0x59e5, 0x7aa7,
    0x9369, 0x7aa7, 0x9369, 0xbc2b, 0x59e5, 0x9369, 0x7aa7, 0x7aa7, 0x9369, 0x59e5, 0x7aa7, 0x6b6d, 0x7aa7, 0x9369, 0x59e5, 0x7aa7,
    0x9369, 0x7aa7, 0x9369, 0xbc2b, 0x59e5, 0x9369, 0x7aa7, 0x7aa7, 0x9369, 0x59e5, 0x7aa7, 0x6b6d, 0x7aa7, 0x9369, 0x59e5, 0x7aa7,
    0x9369, 0x7aa7, 0x9369, 0xbc2b, 0x59e5, 0x9369, 0x7aa7, 0x7aa7, 0x9369, 0x59e5, 0x7aa7, 0x6b6d, 0x7aa7, 0x9369, 0x59e5, 0x7aa7,
    0x9369, 0x7aa7, 0x9369, 0xbc2b, 0x59e5, 0x9369, 0x7aa7, 0x7aa7, 0x9369, 0x59e5, 0x7aa7, 0x6b6d, 0x7aa7, 0x9369, 0x59e5, 0x7aa7,
    0x9369, 0x7aa7, 0x9369, 0xbc2b, 0x59e5, 0x9369, 0x7aa7, 0x7aa7, 0x9369, 0x59e5, 0x7aa7, 0x6b6d, 0x7aa7, 0x9369, 0x59e5, 0x7aa7,
    0x9369, 0x7aa7, 0x9369, 0xbc2b, 0x59e5, 0x9369, 0x7aa7, 0x7aa7, 0x9369, 0x59e5, 0x7aa7, 0x6b6d, 0x7aa7, 0x9369, 0x59e5, 0x7aa7,
    0x9369, 0x7aa7, 0x9369, 0xbc2b, 0x59e5, 0x9369, 0x7aa7, 0x7aa7, 0x9369, 0x59e5, 0x7aa7, 0x6b6d, 0x7aa7, 0x9369, 0x59e5, 0x7aa7,
    0x9369, 0x7aa7, 0x9369, 0xbc2b, 0x59e5, 0x9369, 0x7aa7, 0x7aa7, 0x9369, 0x59e5, 0x7aa7, 0x6b6d, 0x7aa7, 0x9369, 0x59e5, 0x7aa7,
    0x9369, 0x7aa7, 0x9369, 0xbc2b, 0x59e5, 0x9369, 0x7aa7, 0x7aa7, 0x9369, 0x59e5, 0x7aa7, 0x6b6d, 0x7aa7, 0x9369, 0x59e5, 0x7aa7,
    0x9369, 0x7aa7, 0x9369, 0xbc2b, 0x59e5, 0x9369, 0x7aa7, 0x7aa7, 0x9369, 0x59e5, 0x7aa7, 0x6b6d, 0x7aa7, 0x9369, 0x59e5, 0x7aa7,
    0x9369, 0x7aa7, 0x9369, 0xbc2b, 0x59e5, 0x9369, 0x7aa7, 0x7aa7, 0x9369, 0x59e5, 0x7aa7, 0x6b6d, 0x7aa7, 0x9369, 0x59e5, 0x7aa7,
    0x9369, 0x7aa7, 0x9369, 0xbc2b, 0x59e5, 0x9369, 0x7aa7, 0x7aa7, 0x9369, 0x59e5, 0x7aa7, 0x6b6d, 0x7aa7, 0x9369, 0x59e5, 0x7aa7,
    0x9369, 0x7aa7, 0x9369, 0xbc2b, 0x59e5, 0x9369, 0x7aa7, 0x7aa7, 0x9369, 0x59e5, 0x7aa7, 0x6b6d, 0x7aa7, 0x9369, 0x59e5, 0x7aa7,
    0x9369, 0x7aa7, 0x9369, 0xbc2b, 0x59e5, 0x9369, 0x7aa7, 0x7aa7, 0x9369, 0x59e5, 0x7aa7, 0x6b6d, 0x7aa7, 0x9369, 0x59e5, 0x7aa7,
    0x9369, 0x7aa7, 0x9369, 0xbc2b, 0x59e5, 0x9369, 0x7aa7, 0x7aa7, 0x9369, 0x59e5, 0x7aa7, 0x6b6d, 0x7aa7, 0x9369, 0x59e5, 0x7aa7,
    0x9369, 0x7aa7, 0x9369, 0xbc2b, 0x59e5, 0x9369, 0x7aa7, 0x7aa7, 0x9369, 0x59e5, 0x7aa7, 0x6b6d, 0x7aa7, 0x9369, 0x59e5, 0x7aa7,
    0x9369, 0x7aa7, 0x9369, 0xbc2b, 0x59e5, 0x9369, 0x7aa7, 0x7aa7, 0x9369, 0x59e5, 0x7aa7, 0x6b6d, 0x7aa7, 0x9369, 0x59e5, 0x7aa7,
    0x9369, 0x7aa7, 0x9369, 0xbc2b, 0x59e5, 0x9369, 0x7aa7, 0x7aa7, 0x9369, 0x59e5, 0x7aa7, 0x6b6d, 0x7aa7, 0x9369, 0x59e5, 0x7aa7,
    0x9369, 0x7aa7, 0x9369, 0xbc2b, 0x59e5, 0x9369, 0x7aa7, 0x7aa7, 0x9369, 0x59e5, 0x7aa7, 0x6b6d, 0x7aa7, 0x9369, 0x59e5, 0x7aa7,
    0x7aa7, 0x59e5, 0x9369, 0x9369, 0x7aa7, 0x9369, 0x59e5, 0x59e5, 0x59e5, 0x7aa7, 0x7aa7, 0x59e5, 0x7aa7, 0x7aa7, 0x7aa7, 0xbc2b,
    0x7aa7, 0x59e5, 0x9369, 0x9369, 0x7aa7, 0x9369, 0x59e5, 0x59e5, 0x59e5, 0x7aa7, 0x7aa7, 0x59e5, 0x7aa7, 0x7aa7, 0x7aa7, 0xbc2b,
    0x7aa7, 0x59e5, 0x9369, 0x9369, 0x7aa7, 0x9369, 0x59e5, 0x59e5, 0x59e5, 0x7aa7, 0x7aa7, 0x59e5, 0x7aa7, 0x7aa7, 0x7aa7, 0xbc2b,
    0x7aa7, 0x59e5, 0x9369, 0x9369, 0x7aa7, 0x9369, 0x59e5, 0x59e5, 0x59e5, 0x7aa7, 0x7aa7, 0x59e5, 0x7aa7, 0x7aa7, 0x7aa7, 0xbc2b,
    0x7aa7, 0x59e5, 0x9369, 0x9369, 0x7aa7, 0x9369, 0x59e5, 0x59e5, 0x59e5, 0x7aa7, 0x7aa7, 0x59e5, 0x7aa7, 0x7aa7, 0x7aa7, 0xbc2b,
    0x7aa7, 0x59e5, 0x9369, 0x9369, 0x7aa7, 0x9369, 0x59e5, 0x59e5, 0x59e5, 0x7aa7, 0x7aa7, 0x59e5, 0x7aa7, 0x7aa7, 0x7aa7, 0xbc2b,
    0x7aa7, 0x59e5, 0x9369, 0x9369, 0x7aa7, 0x9369, 0x59e5, 0x59e5, 0x59e5, 0x7aa7, 0x7aa7, 0x59e5, 0x7aa7, 0x7aa7, 0x7aa7, 0xbc2b,
    0x7aa7, 0x59e5, 0x9369, 0x9369, 0x7aa7, 0x9369, 0x59e5, 0x59e5, 0x59e5, 0x7aa7, 0x7aa7, 0x59e5, 0x7aa7, 0x7aa7, 0x7aa7, 0xbc2b,
    0x7aa7, 0x59e5, 0x9369, 0x9369, 0x7aa7, 0x9369, 0x59e5, 0x59e5, 0x59e5, 0x7aa7, 0x7aa7, 0x59e5, 0x7aa7, 0x7aa7, 0x7aa7, 0xbc2b,
    0x7aa7, 0x59e5, 0x9369, 0x9369, 0x7aa7, 0x9369, 0x59e5, 0x59e5, 0x59e5, 0x7aa7, 0x7aa7, 0x59e5, 0x7aa7, 0x7aa7, 0x7aa7, 0xbc2b,
    0x7aa7, 0x59e5, 0x9369, 0x9369, 0x7aa7, 0x9369, 0x59e5, 0x59e5, 0x59e5, 0x7aa7, 0x7aa7, 0x59e5, 0x7aa7, 0x7aa7, 0x7aa7, 0xbc2b,
    0x7aa7, 0x59e5, 0x9369, 0x9369, 0x7aa7, 0x9369, 0x59e5, 0x59e5, 0x59e5, 0x7aa7, 0x7aa7, 0x59e5, 0x7aa7, 0x7aa7, 0x7aa7, 0xbc2b,
    0x7aa7, 0x59e5, 0x9369, 0x9369, 0x7aa7, 0x9369, 0x59e5, 0x59e5, 0x59e5, 0x7aa7, 0x7aa7, 0x59e5, 0x7aa7, 0x7aa7, 0x7aa7, 0xbc2b,
    0x7aa7, 0x59e5, 0x9369, 0x9369, 0x7aa7, 0x9369, 0x59e5, 0x59e5, 0x59e5, 0x7aa7, 0x7aa7, 0x59e5, 0x7aa7, 0x7aa7, 0x7aa7, 0xbc2b,
    0x7aa7, 0x59e5, 0x9369, 0x9369, 0x7aa7, 0x9369, 0x59e5, 0x59e5, 0x59e5, 0x7aa7, 0x7aa7, 0x59e5, 0x7aa7, 0x7aa7, 0x7aa7, 0xbc2b,
    0x7aa7, 0x59e5, 0x9369, 0x9369, 0x7aa7, 0x9369, 0x59e5, 0x59e5, 0x59e5, 0x7aa7, 0x7aa7, 0x59e5, 0x7aa7, 0x7aa7, 0x7aa7, 0xbc2b,
    0x7aa7, 0x59e5, 0x9369, 0x9369, 0x7aa7, 0x9369, 0x59e5, 0x59e5, 0x59e5, 0x7aa7, 0x7aa7, 0x59e5, 0x7aa7, 0x7aa7, 0x7aa7, 0xbc2b,
    0x7aa7, 0x59e5, 0x9369, 0x9369, 0x7aa7, 0x9369, 0x59e5, 0x59e5, 0x59e5, 0x7aa7, 0x7aa7, 0x59e5, 0x7aa7, 0x7aa7, 0x7aa7, 0xbc2b,
    0x7aa7, 0x59e5, 0x9369, 0x9369, 0x7aa7, 0x9369, 0x59e5, 0x59e5, 0x59e5, 0x7aa7, 0x7aa7, 0x59e5, 0x7aa7, 0x7aa7, 0x7aa7, 0xbc2b,
    0x7aa7, 0x59e5, 0x9369, 0x9369, 0x7aa7, 0x9369, 0x59e5, 0x59e5, 0x59e5, 0x7aa7, 0x7aa7, 0x59e5, 0x7aa7, 0x7aa7, 0x7aa7, 0xbc2b,
    0xbc2b, 0x59e5, 0x7aa7, 0x7aa7, 0x8430, 0x7aa7, 0x7aa7, 0xbc2b, 0xbc2b, 0x7aa7, 0xbc2b, 0xbc2b, 0x7aa7, 0x9369, 0x7aa7, 0x9369,
    0xbc2b, 0x59e5, 0x7aa7, 0x7aa7, 0x8430, 0x7aa7, 0x7aa7, 0xbc2b, 0xbc2b, 0x7aa7, 0xbc2b, 0xbc2b, 0x7aa7, 0x9369, 0x7aa7, 0x9369,
    0xbc2b, 0x59e5, 0x7aa7, 0x7aa7, 0x8430, 0x7aa7, 0x7aa7, 0xbc2b, 0xbc2b, 0x7aa7, 0xbc2b, 0xbc2b, 0x7aa7, 0x9369, 0x7aa7, 0x9369,
    0xbc2b, 0x59e5, 0x7aa7, 0x7aa7, 0x8430, 0x7aa7, 0x7aa7, 0xbc2b, 0xbc2b, 0x7aa7, 0xbc2b, 0xbc2b, 0x7aa7, 0x9369, 0x7aa7, 0x9369,
    0xbc2b, 0x59e5, 0x7aa7, 0x7aa7, 0x8430, 0x7aa7, 0x7aa7, 0xbc2b, 0xbc2b, 0x7aa7, 0xbc2b, 0xbc2b, 0x7aa7, 0x9369, 0x7aa7, 0x9369,
    0xbc2b, 0x59e5, 0x7aa7, 0x7aa7, 0x8430, 0x7aa7, 0x7aa7, 0xbc2b, 0xbc2b, 0x7aa7, 0xbc2b, 0xbc2b, 0x7aa7, 0x9369, 0x7aa7, 0x9369,
    0xbc2b, 0x59e5, 0x7aa7, 0x7aa7, 0x8430, 0x7aa7, 0x7aa7, 0xbc2b, 0xbc2b, 0x7aa7, 0xbc2b, 0xbc2b, 0x7aa7, 0x9369, 0x7aa7, 0x9369,
    0xbc2b, 0x59e5, 0x7aa7, 0x7aa7, 0x8430, 0x7aa7, 0x7aa7, 0xbc2b, 0xbc2b, 0x7aa7, 0xbc2b, 0xbc2b, 0x7aa7, 0x9369, 0x7aa7, 0x9369,
    0xbc2b, 0x59e5, 0x7aa7, 0x7aa7, 0x8430, 0x7aa7, 0x7aa7, 0xbc2b, 0xbc2b, 0x7aa7, 0xbc2b, 0xbc2b, 0x7aa7, 0x9369, 0x7aa7, 0x9369,
    0xbc2b, 0x59e5, 0x7aa7, 0x7aa7, 0x8430, 0x7aa7, 0x7aa7, 0xbc2b, 0xbc2b, 0x7aa7, 0xbc2b, 0xbc2b, 0x7aa7, 0x9369, 0x7aa7, 0x9369,
    0xbc2b, 0x59e5, 0x7aa7, 0x7aa7, 0x8430, 0x7aa7, 0x7aa7, 0xbc2b, 0xbc2b, 0x7aa7, 0xbc2b, 0xbc2b, 0x7aa7, 0x9369, 0x7aa7, 0x9369,
    0xbc2b, 0x59e5, 0x7aa7, 0x7aa7, 0x8430, 0x7aa7, 0x7aa7, 0xbc2b, 0xbc2b, 0x7aa7, 0xbc2b, 0xbc2b, 0x7aa7, 0x9369, 0x7aa7, 0x9369,
    0xbc2b, 0x59e5, 0x7aa7, 0x7aa7, 0x8430, 0x7aa7, 0x7aa7, 0xbc2b, 0xbc2b, 0x7aa7, 0xbc2b, 0xbc2b, 0x7aa7, 0x9369, 0x7aa7, 0x9369,
    0xbc2b, 0x59e5, 0x7aa7, 0x7aa7, 0x8430, 0x7aa7, 0x7aa7, 0xbc2b, 0xbc2b, 0x7aa7, 0xbc2b, 0xbc2b, 0x7aa7, 0x9369, 0x7aa7, 0x9369,
    0xbc2b, 0x59e5, 0x7aa7, 0x7aa7, 0x8430, 0x7aa7, 0x7aa7, 0xbc2b, 0xbc2b, 0x7aa7, 0xbc2b, 0xbc2b, 0x7aa7, 0x9369, 0x7aa7, 0x9369,
    0xbc2b, 0x59e5, 0x7aa7, 0x7aa7, 0x8430, 0x7aa7, 0x7aa7, 0xbc2b, 0xbc2b, 0x7aa7, 0xbc2b, 0xbc2b, 0x7aa7, 0x9369, 0x7aa7, 0x9369,
    0xbc2b, 0x59e5, 0x7aa7, 0x7aa7, 0x8430, 0x7aa7, 0x7aa7, 0xbc2b, 0xbc2b, 0x7aa7, 0xbc2b, 0xbc2b, 0x7aa7, 0x9369, 0x7aa7, 0x9369,
    0xbc2b, 0x59e5, 0x7aa7, 0x7aa7, 0x8430, 0x7aa7, 0x7aa7, 0xbc2b, 0xbc2b, 0x7aa7, 0xbc2b, 0xbc2b, 0x7aa7, 0x9369, 0x7aa7, 0x9369,
    0xbc2b, 0x59e5, 0x7aa7, 0x7aa7, 0x8430, 0x7aa7, 0x7aa7, 0xbc2b, 0xbc2b, 0x7aa7, 0xbc2b, 0xbc2b, 0x7aa7, 0x9369, 0x7aa7, 0x9369,
    0xbc2b, 0x59e5, 0x7aa7, 0x7aa7, 0x8430, 0x7aa7, 0x7aa7, 0xbc2b, 0xbc2b, 0x7aa7, 0xbc2b, 0xbc2b, 0x7aa7, 0x9369, 0x7aa7, 0x9369,
    0xbc2b, 0x7aa7, 0xbc2b, 0xbc2b, 0x9369, 0x9369, 0x7aa7, 0x7aa7, 0x9369, 0x59e5, 0x9369, 0x9369, 0x7aa7, 0x7aa7, 0x9369, 0x9369,
    0xbc2b, 0x7aa7, 0xbc2b, 0xbc2b, 0x9369, 0x9369, 0x7aa7, 0x7aa7, 0x9369, 0x59e5, 0x9369, 0x9369, 0x7aa7, 0x7aa7, 0x9369, 0x9369,
    0xbc2b, 0x7aa7, 0xbc2b, 0xbc2b, 0x9369, 0x9369, 0x7aa7, 0x7aa7, 0x9369, 0x59e5, 0x9369, 0x9369, 0x7aa7, 0x7aa7, 0x9369, 0x9369,
    0xbc2b, 0x7aa7, 0xbc2b, 0xbc2b, 0x9369, 0x9369, 0x7aa7, 0x7aa7, 0x9369, 0x59e5, 0x9369, 0x9369, 0x7aa7, 0x7aa7, 0x9369, 0x9369,
    0xbc2b, 0x7aa7, 0xbc2b, 0xbc2b, 0x9369, 0x9369, 0x7aa7, 0x7aa7, 0x9369, 0x59e5, 0x9369, 0x9369, 0x7aa7, 0x7aa7, 0x9369, 0x9369,
    0xbc2b, 0x7aa7, 0xbc2b, 0xbc2b, 0x9369, 0x9369, 0x7aa7, 0x7aa7, 0x9369, 0x59e5, 0x9369, 0x9369, 0x7aa7, 0x7aa7, 0x9369, 0x9369,
    0xbc2b, 0x7aa7, 0xbc2b, 0xbc2b, 0x9369, 0x9369, 0x7aa7, 0x7aa7, 0x9369, 0x59e5, 0x9369, 0x9369, 0x7aa7, 0x7aa7, 0x9369, 0x9369,
    0xbc2b, 0x7aa7, 0xbc2b, 0xbc2b, 0x9369, 0x9369, 0x7aa7, 0x7aa7, 0x9369, 0x59e5, 0x9369, 0x9369, 0x7aa7, 0x7aa7, 0x9369, 0x9369,
    0xbc2b, 0x7aa7, 0xbc2b, 0xbc2b, 0x9369, 0x9369, 0x7aa7, 0x7aa7, 0x9369, 0x59e5, 0x9369, 0x9369, 0x7aa7, 0x7aa7, 0x9369, 0x9369,
    0xbc2b, 0x7aa7, 0xbc2b, 0xbc2b, 0x9369, 0x9369, 0x7aa7, 0x7aa7, 0x9369, 0x59e5, 0x9369, 0x9369, 0x7aa7, 0x7aa7, 0x9369, 0x9369,
    0xbc2b, 0x7aa7, 0xbc2b, 0xbc2b, 0x9369, 0x9369, 0x7aa7, 0x7aa7, 0x9369, 0x59e5, 0x9369, 0x9369, 0x7aa7, 0x7aa7, 0x9369, 0x9369,
    0xbc2b, 0x7aa7, 0xbc2b, 0xbc2b, 0x9369, 0x9369, 0x7aa7, 0x7aa7, 0x9369, 0x59e5, 0x9369, 0x9369, 0x7aa7, 0x7aa7, 0x9369, 0x9369,
    0xbc2b, 0x7aa7, 0xbc2b, 0xbc2b, 0x9369, 0x9369, 0x7aa7, 0x7aa7, 0x9369, 0x59e5, 0x9369, 0x9369, 0x7aa7, 0x7aa7, 0x9369, 0x9369,
    0xbc2b, 0x7aa7, 0xbc2b, 0xbc2b, 0x9369, 0x9369, 0x7aa7, 0x7aa7, 0x9369, 0x59e5, 0x9369, 0x9369, 0x7aa7, 0x7aa7, 0x9369, 0x9369,
    0xbc2b, 0x7aa7, 0xbc2b, 0xbc2b, 0x9369, 0x9369, 0x7aa7, 0x7aa7, 0x9369, 0x59e5, 0x9369, 0x9369, 0x7aa7, 0x7aa7, 0x9369, 0x9369,
    0xbc2b, 0x7aa7, 0xbc2b, 0xbc2b, 0x9369, 0x9369, 0x7aa7, 0x7aa7, 0x9369, 0x59e5, 0x9369, 0x9369, 0x7aa7, 0x7aa7, 0x9369, 0x9369,
    0xbc2b, 0x7aa7, 0xbc2b, 0xbc2b, 0x9369, 0x9369, 0x7aa7, 0x7aa7, 0x9369, 0x59e5, 0x9369, 0x9369, 0x7aa7, 0x7aa7, 0x9369, 0x9369,
    0xbc2b, 0x7aa7, 0xbc2b, 0xbc2b, 0x9369, 0x9369, 0x7aa7, 0x7aa7, 0x9369, 0x59e5, 0x9369, 0x9369, 0x7aa7, 0x7aa7, 0x9369, 0x9369,
    0xbc2b, 0x7aa7, 0xbc2b, 0xbc2b, 0x9369, 0x9369, 0x7aa7, 0x7aa7, 0x9369, 0x59e5, 0x9369, 0x9369, 0x7aa7, 0x7aa7, 0x9369, 0x9369,
    0xbc2b, 0x7aa7, 0xbc2b, 0xbc2b, 0x9369, 0x9369, 0x7aa7, 0x7aa7, 0x9369, 0x59e5, 0x9369, 0x9369, 0x7aa7, 0x7aa7, 0x9369, 0x9369,
    0x9369, 0x7aa7, 0x7aa7, 0x9369, 0x7aa7, 0x9369, 0x7aa7, 0x59e5, 0x7aa7, 0x9369, 0x9369, 0x7aa7, 0x7aa7, 0x7aa7, 0x59e5, 0x7aa7,
    0x9369, 0x7aa7, 0x7aa7, 0x9369, 0x7aa7, 0x9369, 0x7aa7, 0x59e5, 0x7aa7, 0x9369, 0x9369, 0x7aa7, 0x7aa7, 0x7aa7, 0x59e5, 0x7aa7,
    0x9369, 0x7aa7, 0x7aa7, 0x9369, 0x7aa7, 0x9369, 0x7aa7, 0x59e5, 0x7aa7, 0x9369, 0x9369, 0x7aa7, 0x7aa7, 0x7aa7, 0x59e5, 0x7aa7,
    0x9369, 0x7aa7, 0x7aa7, 0x9369, 0x7aa7, 0x9369, 0x7aa7, 0x59e5, 0x7aa7, 0x9369, 0x9369, 0x7aa7, 0x7aa7, 0x7aa7, 0x59e5, 0x7aa7,
    0x9369, 0x7aa7, 0x7aa7, 0x9369, 0x7aa7, 0x9369, 0x7aa7, 0x59e5, 0x7aa7, 0x9369, 0x9369, 0x7aa7, 0x7aa7, 0x7aa7, 0x59e5, 0x7aa7,
    0x9369, 0x7aa7, 0x7aa7, 0x9369, 0x7aa7, 0x9369, 0x7aa7, 0x59e5, 0x7aa7, 0x9369, 0x9369, 0x7aa7, 0x7aa7, 0x7aa7, 0x59e5, 0x7aa7,
    0x9369, 0x7aa7, 0x7aa7, 0x9369, 0x7aa7, 0x9369, 0x7aa7, 0x59e5, 0x7aa7, 0x9369, 0x9369, 0x7aa7, 0x7aa7, 0x7aa7, 0x59e5, 0x7aa7,
    0x9369, 0x7aa7, 0x7aa7, 0x9369, 0x7aa7, 0x9369, 0x7aa7, 0x59e5, 0x7aa7, 0x9369, 0x9369, 0x7aa7, 0x7aa7, 0x7aa7, 0x59e5, 0x7aa7,
    0x9369, 0x7aa7, 0x7aa7, 0x9369, 0x7aa7, 0x9369, 0x7aa7, 0x59e5, 0x7aa7, 0x9369, 0x9369, 0x7aa7, 0x7aa7, 0x7aa7, 0x59e5, 0x7aa7,
    0x9369, 0x7aa7, 0x7aa7, 0x9369, 0x7aa7, 0x9369, 0x7aa7, 0x59e5, 0x7aa7, 0x9369, 0x9369, 0x7aa7, 0x7aa7, 0x7aa7, 0x59e5, 0x7aa7,
    0x9369, 0x7aa7, 0x7aa7, 0x9369, 0x7aa7, 0x9369, 0x7aa7, 0x59e5, 0x7aa7, 0x9369, 0x9369, 0x7aa7, 0x7aa7, 0x7aa7, 0x59e5, 0x7aa7,
    0x9369, 0x7aa7, 0x7aa7, 0x9369, 0x7aa7, 0x9369, 0x7aa7, 0x59e5, 0x7aa7, 0x9369, 0x9369, 0x7aa7, 0x7aa7, 0x7aa7, 0x59e5, 0x7aa7,
    0x9369, 0x7aa7, 0x7aa7, 0x9369, 0x7aa7, 0x9369, 0x7aa7, 0x59e5, 0x7aa7, 0x9369, 0x9369, 0x7aa7, 0x7aa7, 0x7aa7, 0x59e5, 0x7aa7,
    0x9369, 0x7aa7, 0x7aa7, 0x9369, 0x7aa7, 0x9369, 0x7aa7, 0x59e5, 0x7aa7, 0x9369, 0x9369, 0x7aa7, 0x7aa7, 0x7aa7, 0x59e5, 0x7aa7,
    0x9369, 0x7aa7, 0x7aa7, 0x9369, 0x7aa7, 0x9369, 0x7aa7, 0x59e5, 0x7aa7, 0x9369, 0x9369, 0x7aa7, 0x7aa7, 0x7aa7, 0x59e5, 0x7aa7,
    0x9369, 0x7aa7, 0x7aa7, 0x9369, 0x7aa7, 0x9369, 0x7aa7, 0x59e5, 0x7aa7, 0x9369, 0x9369, 0x7aa7, 0x7aa7, 0x7aa7, 0x59e5, 0x7aa7,
    0x9369, 0x7aa7, 0x7aa7, 0x9369, 0x7aa7, 0x9369, 0x7aa7, 0x59e5, 0x7aa7, 0x9369, 0x9369, 0x7aa7, 0x7aa7, 0x7aa7, 0x59e5, 0x7aa7,
    0x9369, 0x7aa7, 0x7aa7, 0x9369, 0x7aa7, 0x9369, 0x7aa7, 0x59e5, 0x7aa7, 0x9369, 0x9369, 0x7aa7, 0x7aa7, 0x7aa7, 0x59e5, 0x7aa7,
    0x9369, 0x7aa7, 0x7aa7, 0x9369, 0x7aa7, 0x9369, 0x7aa7, 0x59e5, 0x7aa7, 0x9369, 0x9369, 0x7aa7, 0x7aa7, 0x7aa7, 0x59e5, 0x7aa7,
    0x9369, 0x7aa7, 0x7aa7, 0x9369, 0x7aa7, 0x9369, 0x7aa7, 0x59e5, 0x7aa7, 0x9369, 0x9369, 0x7aa7, 0x7aa7, 0x7aa7, 0x59e5, 0x7aa7,
    0x9369, 0x9369, 0x59e5, 0x7aa7, 0x7aa7, 0x59e5, 0x59e5, 0x7aa7, 0x7aa7, 0x7aa7, 0x7aa7, 0x7aa7, 0xbc2b, 0xbc2b, 0x7aa7, 0x9369,
    0x9369, 0x9369, 0x59e5, 0x7aa7, 0x7aa7, 0x59e5, 0x59e5, 0x7aa7, 0x7aa7, 0x7aa7, 0x7aa7, 0x7aa7, 0xbc2b, 0xbc2b, 0x7aa7, 0x9369,
    0x9369, 0x9369, 0x59e5, 0x7aa7, 0x7aa7, 0x59e5, 0x59e5, 0x7aa7, 0x7aa7, 0x7aa7, 0x7aa7, 0x7aa7, 0xbc2b, 0xbc2b, 0x7aa7, 0x9369,
    0x9369, 0x9369, 0x59e5, 0x7aa7, 0x7aa7, 0x59e5, 0x59e5, 0x7aa7, 0x7aa7, 0x7aa7, 0x7aa7, 0x7aa7, 0xbc2b, 0xbc2b, 0x7aa7, 0x9369,
    0x9369, 0x9369, 0x59e5, 0x7aa7, 0x7aa7, 0x59e5, 0x59e5, 0x7aa7, 0x7aa7, 0x7aa7, 0x7aa7, 0x7aa7, 0xbc2b, 0xbc2b, 0x7aa7, 0x9369,
    0x9369, 0x9369, 0x59e5, 0x7aa7, 0x7aa7, 0x59e5, 0x59e5, 0x7aa7, 0x7aa7, 0x7aa7, 0x7aa7, 0x7aa7, 0xbc2b, 0xbc2b, 0x7aa7, 0x9369,
    0x9369, 0x9369, 0x59e5, 0x7aa7, 0x7aa7, 0x59e5, 0x59e5, 0x7aa7, 0x7aa7, 0x7aa7, 0x7aa7, 0x7aa7, 0xbc2b, 0xbc2b, 0x7aa7, 0x9369,
    0x9369, 0x9369, 0x59e5, 0x7aa7, 0x7aa7, 0x59e5, 0x59e5, 0x7aa7, 0x7aa7, 0x7aa7, 0x7aa7, 0x7aa7, 0xbc2b, 0xbc2b, 0x7aa7, 0x9369,
    0x9369, 0x9369, 0x59e5, 0x7aa7, 0x7aa7, 0x59e5, 0x59e5, 0x7aa7, 0x7aa7, 0x7aa7, 0x7aa7, 0x7aa7, 0xbc2b, 0xbc2b, 0x7aa7, 0x9369,
    0x9369, 0x9369, 0x59e5, 0x7aa7, 0x7aa7, 0x59e5, 0x59e5, 0x7aa7, 0x7aa7, 0x7aa7, 0x7aa7, 0x7aa7, 0xbc2b, 0xbc2b, 0x7aa7, 0x9369,
    0x9369, 0x9369, 0x59e5, 0x7aa7, 0x7aa7, 0x59e5, 0x59e5, 0x7aa7, 0x7aa7, 0x7aa7, 0x7aa7, 0x7aa7, 0xbc2b, 0xbc2b, 0x7aa7, 0x9369,
    0x9369, 0x9369, 0x59e5, 0x7aa7, 0x7aa7, 0x59e5, 0x59e5, 0x7aa7, 0x7aa7, 0x7aa7, 0x7aa7, 0x7aa7, 0xbc2b, 0xbc2b, 0x7aa7, 0x9369,
    0x9369, 0x9369, 0x59e5, 0x7aa7, 0x7aa7, 0x59e5, 0x59e5, 0x7aa7, 0x7aa7, 0x7aa7, 0x7aa7, 0x7aa7, 0xbc2b, 0xbc2b, 0x7aa7, 0x9369,
    0x9369, 0x9369, 0x59e5, 0x7aa7, 0x7aa7, 0x59e5, 0x59e5, 0x7aa7, 0x7aa7, 0x7aa7, 0x7aa7, 0x7aa7, 0xbc2b, 0xbc2b, 0x7aa7, 0x9369,
    0x9369, 0x9369, 0x59e5, 0x7aa7, 0x7aa7, 0x59e5, 0x59e5, 0x7aa7, 0x7aa7, 0x7aa7, 0x7aa7, 0x7aa7, 0xbc2b, 0xbc2b, 0x7aa7, 0x9369,
    0x9369, 0x9369, 0x59e5, 0x7aa7, 0x7aa7, 0x59e5, 0x59e5, 0x7aa7, 0x7aa7, 0x7aa7, 0x7aa7, 0x7aa7, 0xbc2b, 0xbc2b, 0x7aa7, 0x9369,
    0x9369, 0x9369, 0x59e5, 0x7aa7, 0x7aa7, 0x59e5, 0x59e5, 0x7aa7, 0x7aa7, 0x7aa7, 0x7aa7, 0x7aa7, 0xbc2b, 0xbc2b, 0x7aa7, 0x9369,
    0x9369, 0x9369, 0x59e5, 0x7aa7, 0x7aa7, 0x59e5, 0x59e5, 0x7aa7, 0x7aa7, 0x7aa7, 0x7aa7, 0x7aa7, 0xbc2b, 0xbc2b, 0x7aa7, 0x9369,
    0x9369, 0x9369, 0x59e5, 0x7aa7, 0x7aa7, 0x59e5, 0x59e5, 0x7aa7, 0x7aa7, 0x7aa7, 0x7aa7, 0x7aa7, 0xbc2b, 0xbc2b, 0x7aa7, 0x9369,
    0x9369, 0x9369, 0x59e5, 0x7aa7, 0x7aa7, 0x59e5, 0x59e5, 0x7aa7, 0x7aa7, 0x7aa7, 0x7aa7, 0x7aa7, 0xbc2b, 0xbc2b, 0x7aa7, 0x9369,
    0x9369, 0x9369, 0x7aa7, 0xbc2b, 0xbc2b, 0x7aa7, 0xbc2b, 0x9369, 0x59e5, 0xbc2b, 0xbc2b, 0x7aa7, 0x9369, 0x9369, 0x8430, 0x7aa7,
    0x9369, 0x9369, 0x7aa7, 0xbc2b, 0xbc2b, 0x7aa7, 0xbc2b, 0x9369, 0x59e5, 0xbc2b, 0xbc2b, 0x7aa7, 0x9369, 0x9369, 0x8430, 0x7aa7,
    0x9369, 0x9369, 0x7aa7, 0xbc2b, 0xbc2b, 0x7aa7, 0xbc2b, 0x9369, 0x59e5, 0xbc2b, 0xbc2b, 0x7aa7, 0x9369, 0x9369, 0x8430, 0x7aa7,
    0x9369, 0x9369, 0x7aa7, 0xbc2b, 0xbc2b, 0x7aa7, 0xbc2b, 0x9369, 0x59e5, 0xbc2b, 0xbc2b, 0x7aa7, 0x9369, 0x9369, 0x8430, 0x7aa7,
    0x9369, 0x9369, 0x7aa7, 0xbc2b, 0xbc2b, 0x7aa7, 0xbc2b, 0x9369, 0x59e5, 0xbc2b, 0xbc2b, 0x7aa7, 0x9369, 0x9369, 0x8430, 0x7aa7,
    0x9369, 0x9369, 0x7aa7, 0xbc2b, 0xbc2b, 0x7aa7, 0xbc2b, 0x9369, 0x59e5, 0xbc2b, 0xbc2b, 0x7aa7, 0x9369, 0x9369, 0x8430, 0x7aa7,
    0x9369, 0x9369, 0x7aa7, 0xbc2b, 0xbc2b, 0x7aa7, 0xbc2b, 0x9369, 0x59e5, 0xbc2b, 0xbc2b, 0x7aa7, 0x9369, 0x9369, 0x8430, 0x7aa7,
    0x9369, 0x9369, 0x7aa7, 0xbc2b, 0xbc2b, 0x7aa7, 0xbc2b, 0x9369, 0x59e5, 0xbc2b, 0xbc2b, 0x7aa7, 0x9369, 0x9369, 0x8430, 0x7aa7,
    0x9369, 0x9369, 0x7aa7, 0xbc2b, 0xbc2b, 0x7aa7, 0xbc2b, 0x9369, 0x59e5, 0xbc2b, 0xbc2b, 0x7aa7, 0x9369, 0x9369, 0x8430, 0x7aa7,
    0x9369, 0x9369, 0x7aa7, 0xbc2b, 0xbc2b, 0x7aa7, 0xbc2b, 0x9369, 0x59e5, 0xbc2b, 0xbc2b, 0x7aa7, 0x9369, 0x9369, 0x8430, 0x7aa7,
    0x9369, 0x9369, 0x7aa7, 0xbc2b, 0xbc2b, 0x7aa7, 0xbc2b, 0x9369, 0x59e5, 0xbc2b, 0xbc2b, 0x7aa7, 0x9369, 0x9369, 0x8430, 0x7aa7,
    0x9369, 0x9369, 0x7aa7, 0xbc2b, 0xbc2b, 0x7aa7, 0xbc2b, 0x9369, 0x59e5, 0xbc2b, 0xbc2b, 0x7aa7, 0x9369, 0x9369, 0x8430, 0x7aa7,
    0x9369, 0x9369, 0x7aa7, 0xbc2b, 0xbc2b, 0x7aa7, 0xbc2b, 0x9369, 0x59e5, 0xbc2b, 0xbc2b, 0x7aa7, 0x9369, 0x9369, 0x8430, 0x7aa7,
    0x9369, 0x9369, 0x7aa7, 0xbc2b, 0xbc2b, 0x7aa7, 0xbc2b, 0x9369, 0x59e5, 0xbc2b, 0xbc2b, 0x7aa7, 0x9369, 0x9369, 0x8430, 0x7aa7,
    0x9369, 0x9369, 0x7aa7, 0xbc2b, 0xbc2b, 0x7aa7, 0xbc2b, 0x9369, 0x59e5, 0xbc2b, 0xbc2b, 0x7aa7, 0x9369, 0x9369, 0x8430, 0x7aa7,
    0x9369, 0x9369, 0x7aa7, 0xbc2b, 0xbc2b, 0x7aa7, 0xbc2b, 0x9369, 0x59e5, 0xbc2b, 0xbc2b, 0x7aa7, 0x9369, 0x9369, 0x8430, 0x7aa7,
    0x9369, 0x9369, 0x7aa7, 0xbc2b, 0xbc2b, 0x7aa7, 0xbc2b, 0x9369, 0x59e5, 0xbc2b, 0xbc2b, 0x7aa7, 0x9369, 0x9369, 0x8430, 0x7aa7,
    0x9369, 0x9369, 0x7aa7, 0xbc2b, 0xbc2b, 0x7aa7, 0xbc2b, 0x9369, 0x59e5, 0xbc2b, 0xbc2b, 0x7aa7, 0x9369, 0x9369, 0x8430, 0x7aa7,
    0x9369, 0x9369, 0x7aa7, 0xbc2b, 0xbc2b, 0x7aa7, 0xbc2b, 0x9369, 0x59e5, 0xbc2b, 0xbc2b, 0x7aa7, 0x9369, 0x9369, 0x8430, 0x7aa7,
    0x9369, 0x9369, 0x7aa7, 0xbc2b, 0xbc2b, 0x7aa7, 0xbc2b, 0x9369, 0x59e5, 0xbc2b, 0xbc2b, 0x7aa7, 0x9369, 0x9369, 0x8430, 0x7aa7,
    0x9369, 0x7aa7, 0x7aa7, 0x9369, 0x9369, 0xbc2b, 0x7aa7, 0x9369, 0x6b6d, 0x9369, 0x9369, 0x7aa7, 0x59e5, 0x9369, 0x7aa7, 0x59e5,
    0x9369, 0x7aa7, 0x7aa7, 0x9369, 0x9369, 0xbc2b, 0x7aa7, 0x9369, 0x6b6d, 0x9369, 0x9369, 0x7aa7, 0x59e5, 0x9369, 0x7aa7, 0x59e5,
    0x9369, 0x7aa7, 0x7aa7, 0x9369, 0x9369, 0xbc2b, 0x7aa7, 0x9369, 0x6b6d, 0x9369, 0x9369, 0x7aa7, 0x59e5, 0x9369, 0x7aa7, 0x59e5,
    0x9369, 0x7aa7, 0x7aa7, 0x9369, 0x9369, 0xbc2b, 0x7aa7, 0x9369, 0x6b6d, 0x9369, 0x9369, 0x7aa7, 0x59e5, 0x9369, 0x7aa7, 0x59e5,
    0x9369, 0x7aa7, 0x7aa7, 0x9369, 0x9369, 0xbc2b, 0x7aa7, 0x9369, 0x6b6d, 0x9369, 0x9369, 0x7aa7, 0x59e5, 0x9369, 0x7aa7, 0x59e5,
    0x9369, 0x7aa7, 0x7aa7, 0x9369, 0x9369, 0xbc2b, 0x7aa7, 0x9369, 0x6b6d, 0x9369, 0x9369, 0x7aa7, 0x59e5, 0x9369, 0x7aa7, 0x59e5,
    0x9369, 0x7aa7, 0x7aa7, 0x9369, 0x9369, 0xbc2b, 0x7aa7, 0x9369, 0x6b6d, 0x9369, 0x9369, 0x7aa7, 0x59e5, 0x9369, 0x7aa7, 0x59e5,
    0x9369, 0x7aa7, 0x7aa7, 0x9369, 0x9369, 0xbc2b, 0x7aa7, 0x9369, 0x6b6d, 0x9369, 0x9369, 0x7aa7, 0x59e5, 0x9369, 0x7aa7, 0x59e5,
    0x9369, 0x7aa7, 0x7aa7, 0x9369, 0x9369, 0xbc2b, 0x7aa7, 0x9369, 0x6b6d, 0x9369, 0x9369, 0x7aa7, 0x59e5, 0x9369, 0x7aa7, 0x59e5,
    0x9369, 0x7aa7, 0x7aa7, 0x9369, 0x9369, 0xbc2b, 0x7aa7, 0x9369, 0x6b6d, 0x9369, 0x9369, 0x7aa7, 0x59e5, 0x9369, 0x7aa7, 0x59e5,
    0x9369, 0x7aa7, 0x7aa7, 0x9369, 0x9369, 0xbc2b, 0x7aa7, 0x9369, 0x6b6d, 0x9369, 0x9369, 0x7aa7, 0x59e5, 0x9369, 0x7aa7, 0x59e5,
    0x9369, 0x7aa7, 0x7aa7, 0x9369, 0x9369, 0xbc2b, 0x7aa7, 0x9369, 0x6b6d, 0x9369, 0x9369, 0x7aa7, 0x59e5, 0x9369, 0x7aa7, 0x59e5,
    0x9369, 0x7aa7, 0x7aa7, 0x9369, 0x9369, 0xbc2b, 0x7aa7, 0x9369, 0x6b6d, 0x9369, 0x9369, 0x7aa7, 0x59e5, 0x9369, 0x7aa7, 0x59e5,
    0x9369, 0x7aa7, 0x7aa7, 0x9369, 0x9369, 0xbc2b, 0x7aa7, 0x9369, 0x6b6d, 0x9369, 0x9369, 0x7aa7, 0x59e5, 0x9369, 0x7aa7, 0x59e5,
    0x9369, 0x7aa7, 0x7aa7, 0x9369, 0x9369, 0xbc2b, 0x7aa7, 0x9369, 0x6b6d, 0x9369, 0x9369, 0x7aa7, 0x59e5, 0x9369, 0x7aa7, 0x59e5,
    0x9369, 0x7aa7, 0x7aa7, 0x9369, 0x9369, 0xbc2b, 0x7aa7, 0x9369, 0x6b6d, 0x9369, 0x9369, 0x7aa7, 0x59e5, 0x9369, 0x7aa7, 0x59e5,
    0x9369, 0x7aa7, 0x7aa7, 0x9369, 0x9369, 0xbc2b, 0x7aa7, 0x9369, 0x6b6d, 0x9369, 0x9369, 0x7aa7, 0x59e5, 0x9369, 0x7aa7, 0x59e5,
    0x9369, 0x7aa7, 0x7aa7, 0x9369, 0x9369, 0xbc2b, 0x7aa7, 0x9369, 0x6b6d, 0x9369, 0x9369, 0x7aa7, 0x59e5, 0x9369, 0x7aa7, 0x59e5,
    0x9369, 0x7aa7, 0x7aa7, 0x9369, 0x9369, 0xbc2b, 0x7aa7, 0x9369, 0x6b6d, 0x9369, 0x9369, 0x7aa7, 0x59e5, 0x9369, 0x7aa7, 0x59e5,
    0x9369, 0x7aa7, 0x7aa7, 0x9369, 0x9369, 0xbc2b, 0x7aa7, 0x9369, 0x6b6d, 0x9369, 0x9369, 0x7aa7, 0x59e5, 0x9369, 0x7aa7, 0x59e5,
    0x7aa7, 0x59e5, 0x9369, 0x7aa7, 0x9369, 0x9369, 0xbc2b, 0x7aa7, 0x7aa7, 0x7aa7, 0x7aa7, 0x7aa7, 0x7aa7, 0x7aa7, 0xbc2b, 0xbc2b,
    0x7aa7, 0x59e5, 0x9369, 0x7aa7, 0x9369, 0x9369, 0xbc2b, 0x7aa7, 0x7aa7, 0x7aa7, 0x7aa7, 0x7aa7, 0x7aa7, 0x7aa7, 0xbc2b, 0xbc2b,
    0x7aa7, 0x59e5, 0x9369, 0x7aa7, 0x9369, 0x9369, 0xbc2b, 0x7aa7, 0x7aa7, 0x7aa7, 0x7aa7, 0x7aa7, 0x7aa7, 0x7aa7, 0xbc2b, 0xbc2b,
    0x7aa7, 0x59e5, 0x9369, 0x7aa7, 0x9369, 0x9369, 0xbc2b, 0x7aa7, 0x7aa7, 0x7aa7, 0x7aa7, 0x7aa7, 0x7aa7, 0x7aa7, 0xbc2b, 0xbc2b,
    0x7aa7, 0x59e5, 0x9369, 0x7aa7, 0x9369, 0x9369, 0xbc2b, 0x7aa7, 0x7aa7, 0x7aa7, 0x7aa7, 0x7aa7, 0x7aa7, 0x7aa7, 0xbc2b, 0xbc2b,
    0x7aa7, 0x59e5, 0x9369, 0x7aa7, 0x9369, 0x9369, 0xbc2b, 0x7aa7, 0x7aa7, 0x7aa7, 0x7aa7, 0x7aa7, 0x7aa7, 0x7aa7, 0xbc2b, 0xbc2b,
    0x7aa7, 0x59e5, 0x9369, 0x7aa7, 0x9369, 0x9369, 0xbc2b, 0x7aa7, 0x7aa7, 0x7aa7, 0x7aa7, 0x7aa7, 0x7aa7, 0x7aa7, 0xbc2b, 0xbc2b,
    0x7aa7, 0x59e5, 0x9369, 0x7aa7, 0x9369, 0x9369, 0xbc2b, 0x7aa7, 0x7aa7, 0x7aa7, 0x7aa7, 0x7aa7, 0x7aa7, 0x7aa7, 0xbc2b, 0xbc2b,
    0x7aa7, 0x59e5, 0x9369, 0x7aa7, 0x9369, 0x9369, 0xbc2b, 0x7aa7, 0x7aa7, 0x7aa7, 0x7aa7, 0x7aa7, 0x7aa7, 0x7aa7, 0xbc2b, 0xbc2b,
    0x7aa7, 0x59e5, 0x9369, 0x7aa7, 0x9369, 0x9369, 0xbc2b, 0x7aa7, 0x7aa7, 0x7aa7, 0x7aa7, 0x7aa7, 0x7aa7, 0x7aa7, 0xbc2b, 0xbc2b,
    0x7aa7, 0x59e5, 0x9369, 0x7aa7, 0x9369, 0x9369, 0xbc2b, 0x7aa7, 0x7aa7, 0x7aa7, 0x7aa7, 0x7aa7, 0x7aa7, 0x7aa7, 0xbc2b, 0xbc2b,
    0x7aa7, 0x59e5, 0x9369, 0x7aa7, 0x9369, 0x9369, 0xbc2b, 0x7aa7, 0x7aa7, 0x7aa7, 0x7aa7, 0x7aa7, 0x7aa7, 0x7aa7, 0xbc2b, 0xbc2b,
    0x7aa7, 0x59e5, 0x9369, 0x7aa7, 0x9369, 0x9369, 0xbc2b, 0x7aa7, 0x7aa7, 0x7aa7, 0x7aa7, 0x7aa7, 0x7aa7, 0x7aa7, 0xbc2b, 0xbc2b,
    0x7aa7, 0x59e5, 0x9369, 0x7aa7, 0x9369, 0x9369, 0xbc2b, 0x7aa7, 0x7aa7, 0x7aa7, 0x7aa7, 0x7aa7, 0x7aa7, 0x7aa7, 0xbc2b, 0xbc2b,
    0x7aa7, 0x59e5, 0x9369, 0x7aa7, 0x9369, 0x9369, 0xbc2b, 0x7aa7, 0x7aa7, 0x7aa7, 0x7aa7, 0x7aa7, 0x7aa7, 0x7aa7, 0xbc2b, 0xbc2b,
    0x7aa7, 0x59e5, 0x9369, 0x7aa7, 0x9369, 0x9369, 0xbc2b, 0x7aa7, 0x7aa7, 0x7aa7, 0x7aa7, 0x7aa7, 0x7aa7, 0x7aa7, 0xbc2b, 0xbc2b,
    0x7aa7, 0x59e5, 0x9369, 0x7aa7, 0x9369, 0x9369, 0xbc2b, 0x7aa7, 0x7aa7, 0x7aa7, 0x7aa7, 0x7aa7, 0x7aa7, 0x7aa7, 0xbc2b, 0xbc2b,
    0x7aa7, 0x59e5, 0x9369, 0x7aa7, 0x9369, 0x9369, 0xbc2b, 0x7aa7, 0x7aa7, 0x7aa7, 0x7aa7, 0x7aa7, 0x7aa7, 0x7aa7, 0xbc2b, 0xbc2b,
    0x7aa7, 0x59e5, 0x9369, 0x7aa7, 0x9369, 0x9369, 0xbc2b, 0x7aa7, 0x7aa7, 0x7aa7, 0x7aa7, 0x7aa7, 0x7aa7, 0x7aa7, 0xbc2b, 0xbc2b,
    0x7aa7, 0x59e5, 0x9369, 0x7aa7, 0x9369, 0x9369, 0xbc2b, 0x7aa7, 0x7aa7, 0x7aa7, 0x7aa7, 0x7aa7, 0x7aa7, 0x7aa7, 0xbc2b, 0xbc2b,
    0x7aa7, 0x9369, 0x7aa7, 0x7aa7, 0x72c8, 0x7aa7, 0x9369, 0x9369, 0x7aa7, 0x59e5, 0xbc2b, 0x59e5, 0x7aa7, 0xbc2b, 0x9369, 0x9369,
    0x7aa7, 0x9369, 0x7aa7, 0x7aa7, 0x72c8, 0x7aa7, 0x9369, 0x9369, 0x7aa7, 0x59e5, 0xbc2b, 0x59e5, 0x7aa7, 0xbc2b, 0x9369, 0x9369,
    0x7aa7, 0x9369, 0x7aa7, 0x7aa7, 0x72c8, 0x7aa7, 0x9369, 0x9369, 0x7aa7, 0x59e5, 0xbc2b, 0x59e5, 0x7aa7, 0xbc2b, 0x9369, 0x9369,
    0x7aa7, 0x9369, 0x7aa7, 0x7aa7, 0x72c8, 0x7aa7, 0x9369, 0x9369, 0x7aa7, 0x59e5, 0xbc2b, 0x59e5, 0x7aa7, 0xbc2b, 0x9369, 0x9369,
    0x7aa7, 0x9369, 0x7aa7, 0x7aa7, 0x72c8, 0x7aa7, 0x9369, 0x9369, 0x7aa7, 0x59e5, 0xbc2b, 0x59e5, 0x7aa7, 0xbc2b, 0x9369, 0x9369,
    0x7aa7, 0x9369, 0x7aa7, 0x7aa7, 0x72c8, 0x7aa7, 0x9369, 0x9369, 0x7aa7, 0x59e5, 0xbc2b, 0x59e5, 0x7aa7, 0xbc2b, 0x9369, 0x9369,
    0x7aa7, 0x9369, 0x7aa7, 0x7aa7, 0x72c8, 0x7aa7, 0x9369, 0x9369, 0x7aa7, 0x59e5, 0xbc2b, 0x59e5, 0x7aa7, 0xbc2b, 0x9369, 0x9369,
    0x7aa7, 0x9369, 0x7aa7, 0x7aa7, 0x72c8, 0x7aa7, 0x9369, 0x9369, 0x7aa7, 0x59e5, 0xbc2b, 0x59e5, 0x7aa7, 0xbc2b, 0x9369, 0x9369,
    0x7aa7, 0x9369, 0x7aa7, 0x7aa7, 0x72c8, 0x7aa7, 0x9369, 0x9369, 0x7aa7, 0x59e5, 0xbc2b, 0x59e5, 0x7aa7, 0xbc2b, 0x9369, 0x9369,
    0x7aa7, 0x9369, 0x7aa7, 0x7aa7, 0x72c8, 0x7aa7, 0x9369, 0x9369, 0x7aa7, 0x59e5, 0xbc2b, 0x59e5, 0x7aa7, 0xbc2b, 0x9369, 0x9369,
    0x7aa7, 0x9369, 0x7aa7, 0x7aa7, 0x72c8, 0x7aa7, 0x9369, 0x9369, 0x7aa7, 0x59e5, 0xbc2b, 0x59e5, 0x7aa7, 0xbc2b, 0x9369, 0x9369,
    0x7aa7, 0x9369, 0x7aa7, 0x7aa7, 0x72c8, 0x7aa7, 0x9369, 0x9369, 0x7aa7, 0x59e5, 0xbc2b, 0x59e5, 0x7aa7, 0xbc2b, 0x9369, 0x9369,
    0x7aa7, 0x9369, 0x7aa7, 0x7aa7, 0x72c8, 0x7aa7, 0x9369, 0x9369, 0x7aa7, 0x59e5, 0xbc2b, 0x59e5, 0x7aa7, 0xbc2b, 0x9369, 0x9369,
    0x7aa7, 0x9369, 0x7aa7, 0x7aa7, 0x72c8, 0x7aa7, 0x9369, 0x9369, 0x7aa7, 0x59e5, 0xbc2b, 0x59e5, 0x7aa7, 0xbc2b, 0x9369, 0x9369,
    0x7aa7, 0x9369, 0x7aa7, 0x7aa7, 0x72c8, 0x7aa7, 0x9369, 0x9369, 0x7aa7, 0x59e5, 0xbc2b, 0x59e5, 0x7aa7, 0xbc2b, 0x9369, 0x9369,
    0x7aa7, 0x9369, 0x7aa7, 0x7aa7, 0x72c8, 0x7aa7, 0x9369, 0x9369, 0x7aa7, 0x59e5, 0xbc2b, 0x59e5, 0x7aa7, 0xbc2b, 0x9369, 0x9369,
    0x7aa7, 0x9369, 0x7aa7, 0x7aa7, 0x72c8, 0x7aa7, 0x9369, 0x9369, 0x7aa7, 0x59e5, 0xbc2b, 0x59e5, 0x7aa7, 0xbc2b, 0x9369, 0x9369,
    0x7aa7, 0x9369, 0x7aa7, 0x7aa7, 0x72c8, 0x7aa7, 0x9369, 0x9369, 0x7aa7, 0x59e5, 0xbc2b, 0x59e5, 0x7aa7, 0xbc2b, 0x9369, 0x9369,
    0x7aa7, 0x9369, 0x7aa7, 0x7aa7, 0x72c8, 0x7aa7, 0x9369, 0x9369, 0x7aa7, 0x59e5, 0xbc2b, 0x59e5, 0x7aa7, 0xbc2b, 0x9369, 0x9369,
    0x7aa7, 0x9369, 0x7aa7, 0x7aa7, 0x72c8, 0x7aa7, 0x9369, 0x9369, 0x7aa7, 0x59e5, 0xbc2b, 0x59e5, 0x7aa7, 0xbc2b, 0x9369, 0x9369,
    0x9369, 0x7aa7, 0x59e5, 0xbc2b, 0x7aa7, 0x59e5, 0x7aa7, 0x59e5, 0x7aa7, 0x7aa7, 0x7aa7, 0x59e5, 0x7aa7, 0x7aa7, 0x9369, 0x9369,
    0x9369, 0x7aa7, 0x59e5, 0xbc2b, 0x7aa7, 0x59e5, 0x7aa7, 0x59e5, 0x7aa7, 0x7aa7, 0x7aa7, 0x59e5, 0x7aa7, 0x7aa7, 0x9369, 0x9369,
    0x9369, 0x7aa7, 0x59e5, 0xbc2b, 0x7aa7, 0x59e5, 0x7aa7, 0x59e5, 0x7aa7, 0x7aa7, 0x7aa7, 0x59e5, 0x7aa7, 0x7aa7, 0x9369, 0x9369,
    0x9369, 0x7aa7, 0x59e5, 0xbc2b, 0x7aa7, 0x59e5, 0x7aa7, 0x59e5, 0x7aa7, 0x7aa7, 0x7aa7, 0x59e5, 0x7aa7, 0x7aa7, 0x9369, 0x9369,
    0x9369, 0x7aa7, 0x59e5, 0xbc2b, 0x7aa7, 0x59e5, 0x7aa7, 0x59e5, 0x7aa7, 0x7aa7, 0x7aa7, 0x59e5, 0x7aa7, 0x7aa7, 0x9369, 0x9369,
    0x9369, 0x7aa7, 0x59e5, 0xbc2b, 0x7aa7, 0x59e5, 0x7aa7, 0x59e5, 0x7aa7, 0x7aa7, 0x7aa7, 0x59e5, 0x7aa7, 0x7aa7, 0x9369, 0x9369,
    0x9369, 0x7aa7, 0x59e5, 0xbc2b, 0x7aa7, 0x59e5, 0x7aa7, 0x59e5, 0x7aa7, 0x7aa7, 0x7aa7, 0x59e5, 0x7aa7, 0x7aa7, 0x9369, 0x9369,
    0x9369, 0x7aa7, 0x59e5, 0xbc2b, 0x7aa7, 0x59e5, 0x7aa7, 0x59e5, 0x7aa7, 0x7aa7, 0x7aa7, 0x59e5, 0x7aa7, 0x7aa7, 0x9369, 0x9369,
    0x9369, 0x7aa7, 0x59e5, 0xbc2b, 0x7aa7, 0x59e5, 0x7aa7, 0x59e5, 0x7aa7, 0x7aa7, 0x7aa7, 0x59e5, 0x7aa7, 0x7aa7, 0x9369, 0x9369,
    0x9369, 0x7aa7, 0x59e5, 0xbc2b, 0x7aa7, 0x59e5, 0x7aa7, 0x59e5, 0x7aa7, 0x7aa7, 0x7aa7, 0x59e5, 0x7aa7, 0x7aa7, 0x9369, 0x9369,
    0x9369, 0x7aa7, 0x59e5, 0xbc2b, 0x7aa7, 0x59e5, 0x7aa7, 0x59e5, 0x7aa7, 0x7aa7, 0x7aa7, 0x59e5, 0x7aa7, 0x7aa7, 0x9369, 0x9369,
    0x9369, 0x7aa7, 0x59e5, 0xbc2b, 0x7aa7, 0x59e5, 0x7aa7, 0x59e5, 0x7aa7, 0x7aa7, 0x7aa7, 0x59e5, 0x7aa7, 0x7aa7, 0x9369, 0x9369,
    0x9369, 0x7aa7, 0x59e5, 0xbc2b, 0x7aa7, 0x59e5, 0x7aa7, 0x59e5, 0x7aa7, 0x7aa7, 0x7aa7, 0x59e5, 0x7aa7, 0x7aa7, 0x9369, 0x9369,
    0x9369, 0x7aa7, 0x59e5, 0xbc2b, 0x7aa7, 0x59e5, 0x7aa7, 0x59e5, 0x7aa7, 0x7aa7, 0x7aa7, 0x59e5, 0x7aa7, 0x7aa7, 0x9369, 0x9369,
    0x9369, 0x7aa7, 0x59e5, 0xbc2b, 0x7aa7, 0x59e5, 0x7aa7, 0x59e5, 0x7aa7, 0x7aa7, 0x7aa7, 0x59e5, 0x7aa7, 0x7aa7, 0x9369, 0x9369,
    0x9369, 0x7aa7, 0x59e5, 0xbc2b, 0x7aa7, 0x59e5, 0x7aa7, 0x59e5, 0x7aa7, 0x7aa7, 0x7aa7, 0x59e5, 0x7aa7, 0x7aa7, 0x9369, 0x9369,
    0x9369, 0x7aa7, 0x59e5, 0xbc2b, 0x7aa7, 0x59e5, 0x7aa7, 0x59e5, 0x7aa7, 0x7aa7, 0x7aa7, 0x59e5, 0x7aa7, 0x7aa7, 0x9369, 0x9369,
    0x9369, 0x7aa7, 0x59e5, 0xbc2b, 0x7aa7, 0x59e5, 0x7aa7, 0x59e5, 0x7aa7, 0x7aa7, 0x7aa7, 0x59e5, 0x7aa7, 0x7aa7, 0x9369, 0x9369,
    0x9369, 0x7aa7, 0x59e5, 0xbc2b, 0x7aa7, 0x59e5, 0x7aa7, 0x59e5, 0x7aa7, 0x7aa7, 0x7aa7, 0x59e5, 0x7aa7, 0x7aa7, 0x9369, 0x9369,
    0x9369, 0x7aa7, 0x59e5, 0xbc2b, 0x7aa7, 0x59e5, 0x7aa7, 0x59e5, 0x7aa7, 0x7aa7, 0x7aa7, 0x59e5, 0x7aa7, 0x7aa7, 0x9369, 0x9369,
    0x9369, 0x7aa7, 0xbc2b, 0x9369, 0x9369, 0x7aa7, 0x8430, 0x9369, 0x9369, 0x9369, 0x7aa7, 0x7aa7, 0x9369, 0x9369, 0x7aa7, 0x59e5,
    0x9369, 0x7aa7, 0xbc2b, 0x9369, 0x9369, 0x7aa7, 0x8430, 0x9369, 0x9369, 0x9369, 0x7aa7, 0x7aa7, 0x9369, 0x9369, 0x7aa7, 0x59e5,
    0x9369, 0x7aa7, 0xbc2b, 0x9369, 0x9369, 0x7aa7, 0x8430, 0x9369, 0x9369, 0x9369, 0x7aa7, 0x7aa7, 0x9369, 0x9369, 0x7aa7, 0x59e5,
    0x9369, 0x7aa7, 0xbc2b, 0x9369, 0x9369, 0x7aa7, 0x8430, 0x9369, 0x9369, 0x9369, 0x7aa7, 0x7aa7, 0x9369, 0x9369, 0x7aa7, 0x59e5,
    0x9369, 0x7aa7, 0xbc2b, 0x9369, 0x9369, 0x7aa7, 0x8430, 0x9369, 0x9369, 0x9369, 0x7aa7, 0x7aa7, 0x9369, 0x9369, 0x7aa7, 0x59e5,
    0x9369, 0x7aa7, 0xbc2b, 0x9369, 0x9369, 0x7aa7, 0x8430, 0x9369, 0x9369, 0x9369, 0x7aa7, 0x7aa7, 0x9369, 0x9369, 0x7aa7, 0x59e5,
    0x9369, 0x7aa7, 0xbc2b, 0x9369, 0x9369, 0x7aa7, 0x8430, 0x9369, 0x9369, 0x9369, 0x7aa7, 0x7aa7, 0x9369, 0x9369, 0x7aa7, 0x59e5,
    0x9369, 0x7aa7, 0xbc2b, 0x9369, 0x9369, 0x7aa7, 0x8430, 0x9369, 0x9369, 0x9369, 0x7aa7, 0x7aa7, 0x9369, 0x9369, 0x7aa7, 0x59e5,
    0x9369, 0x7aa7, 0xbc2b, 0x9369, 0x9369, 0x7aa7, 0x8430, 0x9369, 0x9369, 0x9369, 0x7aa7, 0x7aa7, 0x9369, 0x9369, 0x7aa7, 0x59e5,
    0x9369, 0x7aa7, 0xbc2b, 0x9369, 0x9369, 0x7aa7, 0x8430, 0x9369, 0x9369, 0x9369, 0x7aa7, 0x7aa7, 0x9369, 0x9369, 0x7aa7, 0x59e5,
    0x9369, 0x7aa7, 0xbc2b, 0x9369, 0x9369, 0x7aa7, 0x8430, 0x9369, 0x9369, 0x9369, 0x7aa7, 0x7aa7, 0x9369, 0x9369, 0x7aa7, 0x59e5,
    0x9369, 0x7aa7, 0xbc2b, 0x9369, 0x9369, 0x7aa7, 0x8430, 0x9369, 0x9369, 0x9369, 0x7aa7, 0x7aa7, 0x9369, 0x9369, 0x7aa7, 0x59e5,
    0x9369, 0x7aa7, 0xbc2b, 0x9369, 0x9369, 0x7aa7, 0x8430, 0x9369, 0x9369, 0x9369, 0x7aa7, 0x7aa7, 0x9369, 0x9369, 0x7aa7, 0x59e5,
    0x9369, 0x7aa7, 0xbc2b, 0x9369, 0x9369, 0x7aa7, 0x8430, 0x9369, 0x9369, 0x9369, 0x7aa7, 0x7aa7, 0x9369, 0x9369, 0x7aa7, 0x59e5,
    0x9369, 0x7aa7, 0xbc2b, 0x9369, 0x9369, 0x7aa7, 0x8430, 0x9369, 0x9369, 0x9369, 0x7aa7, 0x7aa7, 0x9369, 0x9369, 0x7aa7, 0x59e5,
    0x9369, 0x7aa7, 0xbc2b, 0x9369, 0x9369, 0x7aa7, 0x8430, 0x9369, 0x9369, 0x9369, 0x7aa7, 0x7aa7, 0x9369, 0x9369, 0x7aa7, 0x59e5,
    0x9369, 0x7aa7, 0xbc2b, 0x9369, 0x9369, 0x7aa7, 0x8430, 0x9369, 0x9369, 0x9369, 0x7aa7, 0x7aa7, 0x9369, 0x9369, 0x7aa7, 0x59e5,
    0x9369, 0x7aa7, 0xbc2b, 0x9369, 0x9369, 0x7aa7, 0x8430, 0x9369, 0x9369, 0x9369, 0x7aa7, 0x7aa7, 0x9369, 0x9369, 0x7aa7, 0x59e5,
    0x9369, 0x7aa7, 0xbc2b, 0x9369, 0x9369, 0x7aa7, 0x8430, 0x9369, 0x9369, 0x9369, 0x7aa7, 0x7aa7, 0x9369, 0x9369, 0x7aa7, 0x59e5,
    0x9369, 0x7aa7, 0xbc2b, 0x9369, 0x9369, 0x7aa7, 0x8430, 0x9369, 0x9369, 0x9369, 0x7aa7, 0x7aa7, 0x9369, 0x9369, 0x7aa7, 0x59e5,
    0xbc2b, 0x9369, 0x9369, 0x7aa7, 0x7aa7, 0xbc2b, 0x9369, 0x9369, 0x7aa7, 0x7aa7, 0x59e5, 0x7aa7, 0x7aa7, 0xbc2b, 0x7aa7, 0xbc2b,
    0xbc2b, 0x9369, 0x9369, 0x7aa7, 0x7aa7, 0xbc2b, 0x9369, 0x9369, 0x7aa7, 0x7aa7, 0x59e5, 0x7aa7, 0x7aa7, 0xbc2b, 0x7aa7, 0xbc2b,
    0xbc2b, 0x9369, 0x9369, 0x7aa7, 0x7aa7, 0xbc2b, 0x9369, 0x9369, 0x7aa7, 0x7aa7, 0x59e5, 0x7aa7, 0x7aa7, 0xbc2b, 0x7aa7, 0xbc2b,
    0xbc2b, 0x9369, 0x9369, 0x7aa7, 0x7aa7, 0xbc2b, 0x9369, 0x9369, 0x7aa7, 0x7aa7, 0x59e5, 0x7aa7, 0x7aa7, 0xbc2b, 0x7aa7, 0xbc2b,
    0xbc2b, 0x9369, 0x9369, 0x7aa7, 0x7aa7, 0xbc2b, 0x9369, 0x9369, 0x7aa7, 0x7aa7, 0x59e5, 0x7aa7, 0x7aa7, 0xbc2b, 0x7aa7, 0xbc2b,
    0xbc2b, 0x9369, 0x9369, 0x7aa7, 0x7aa7, 0xbc2b, 0x9369, 0x9369, 0x7aa7, 0x7aa7, 0x59e5, 0x7aa7, 0x7aa7, 0xbc2b, 0x7aa7, 0xbc2b,
    0xbc2b, 0x9369, 0x9369, 0x7aa7, 0x7aa7, 0xbc2b, 0x9369, 0x9369, 0x7aa7, 0x7aa7, 0x59e5, 0x7aa7, 0x7aa7, 0xbc2b, 0x7aa7, 0xbc2b,
    0xbc2b, 0x9369, 0x9369, 0x7aa7, 0x7aa7, 0xbc2b, 0x9369, 0x9369, 0x7aa7, 0x7aa7, 0x59e5, 0x7aa7, 0x7aa7, 0xbc2b, 0x7aa7, 0xbc2b,
    0xbc2b, 0x9369, 0x9369, 0x7aa7, 0x7aa7, 0xbc2b, 0x9369, 0x9369, 0x7aa7, 0x7aa7, 0x59e5, 0x7aa7, 0x7aa7, 0xbc2b, 0x7aa7, 0xbc2b,
    0xbc2b, 0x9369, 0x9369, 0x7aa7, 0x7aa7, 0xbc2b, 0x9369, 0x9369, 0x7aa7, 0x7aa7, 0x59e5, 0x7aa7, 0x7aa7, 0xbc2b, 0x7aa7, 0xbc2b,
    0xbc2b, 0x9369, 0x9369, 0x7aa7, 0x7aa7, 0xbc2b, 0x9369, 0x9369, 0x7aa7, 0x7aa7, 0x59e5, 0x7aa7, 0x7aa7, 0xbc2b, 0x7aa7, 0xbc2b,
    0xbc2b, 0x9369, 0x9369, 0x7aa7, 0x7aa7, 0xbc2b, 0x9369, 0x9369, 0x7aa7, 0x7aa7, 0x59e5, 0x7aa7, 0x7aa7, 0xbc2b, 0x7aa7, 0xbc2b,
    0xbc2b, 0x9369, 0x9369, 0x7aa7, 0x7aa7, 0xbc2b, 0x9369, 0x9369, 0x7aa7, 0x7aa7, 0x59e5, 0x7aa7, 0x7aa7, 0xbc2b, 0x7aa7, 0xbc2b,
    0xbc2b, 0x9369, 0x9369, 0x7aa7, 0x7aa7, 0xbc2b, 0x9369, 0x9369, 0x7aa7, 0x7aa7, 0x59e5, 0x7aa7, 0x7aa7, 0xbc2b, 0x7aa7, 0xbc2b,
    0xbc2b, 0x9369, 0x9369, 0x7aa7, 0x7aa7, 0xbc2b, 0x9369, 0x9369, 0x7aa7, 0x7aa7, 0x59e5, 0x7aa7, 0x7aa7, 0xbc2b, 0x7aa7, 0xbc2b,
    0xbc2b, 0x9369, 0x9369, 0x7aa7, 0x7aa7, 0xbc2b, 0x9369, 0x9369, 0x7aa7, 0x7aa7, 0x59e5, 0x7aa7, 0x7aa7, 0xbc2b, 0x7aa7, 0xbc2b,
    0xbc2b, 0x9369, 0x9369, 0x7aa7, 0x7aa7, 0xbc2b, 0x9369, 0x9369, 0x7aa7, 0x7aa7, 0x59e5, 0x7aa7, 0x7aa7, 0xbc2b, 0x7aa7, 0xbc2b,
    0xbc2b, 0x9369, 0x9369, 0x7aa7, 0x7aa7, 0xbc2b, 0x9369, 0x9369, 0x7aa7, 0x7aa7, 0x59e5, 0x7aa7, 0x7aa7, 0xbc2b, 0x7aa7, 0xbc2b,
    0xbc2b, 0x9369, 0x9369, 0x7aa7, 0x7aa7, 0xbc2b, 0x9369, 0x9369, 0x7aa7, 0x7aa7, 0x59e5, 0x7aa7, 0x7aa7, 0xbc2b, 0x7aa7, 0xbc2b,
    0xbc2b, 0x9369, 0x9369, 0x7aa7, 0x7aa7, 0xbc2b, 0x9369, 0x9369, 0x7aa7, 0x7aa7, 0x59e5, 0x7aa7, 0x7aa7, 0xbc2b, 0x7aa7, 0xbc2b,
    0x7aa7, 0x9369, 0x59e5, 0x7aa7, 0x7aa7, 0x9369, 0x8430, 0x59e5, 0x7aa7, 0xbc2b, 0x9369, 0x7aa7, 0x7aa7, 0x9369, 0x59e5, 0x59e5,
    0x7aa7, 0x9369, 0x59e5, 0x7aa7, 0x7aa7, 0x9369, 0x8430, 0x59e5, 0x7aa7, 0xbc2b, 0x9369, 0x7aa7, 0x7aa7, 0x9369, 0x59e5, 0x59e5,
    0x7aa7, 0x9369, 0x59e5, 0x7aa7, 0x7aa7, 0x9369, 0x8430, 0x59e5, 0x7aa7, 0xbc2b, 0x9369, 0x7aa7, 0x7aa7, 0x9369, 0x59e5, 0x59e5,
    0x7aa7, 0x9369, 0x59e5, 0x7aa7, 0x7aa7, 0x9369, 0x8430, 0x59e5, 0x7aa7, 0xbc2b, 0x9369, 0x7aa7, 0x7aa7, 0x9369, 0x59e5, 0x59e5,
    0x7aa7, 0x9369, 0x59e5, 0x7aa7, 0x7aa7, 0x9369, 0x8430, 0x59e5, 0x7aa7, 0xbc2b, 0x9369, 0x7aa7, 0x7aa7, 0x9369, 0x59e5, 0x59e5,
    0x7aa7, 0x9369, 0x59e5, 0x7aa7, 0x7aa7, 0x9369, 0x8430, 0x59e5, 0x7aa7, 0xbc2b, 0x9369, 0x7aa7, 0x7aa7, 0x9369, 0x59e5, 0x59e5,
    0x7aa7, 0x9369, 0x59e5, 0x7aa7, 0x7aa7, 0x9369, 0x8430, 0x59e5, 0x7aa7, 0xbc2b, 0x9369, 0x7aa7, 0x7aa7, 0x9369, 0x59e5, 0x59e5,
    0x7aa7, 0x9369, 0x59e5, 0x7aa7, 0x7aa7, 0x9369, 0x8430, 0x59e5, 0x7aa7, 0xbc2b, 0x9369, 0x7aa7, 0x7aa7, 0x9369, 0x59e5, 0x59e5,
    0x7aa7, 0x9369, 0x59e5, 0x7aa7, 0x7aa7, 0x9369, 0x8430, 0x59e5, 0x7aa7, 0xbc2b, 0x9369, 0x7aa7, 0x7aa7, 0x9369, 0x59e5, 0x59e5,
    0x7aa7, 0x9369, 0x59e5, 0x7aa7, 0x7aa7, 0x9369, 0x8430, 0x59e5, 0x7aa7, 0xbc2b, 0x9369, 0x7aa7, 0x7aa7, 0x9369, 0x59e5, 0x59e5,
    0x7aa7, 0x9369, 0x59e5, 0x7aa7, 0x7aa7, 0x9369, 0x8430, 0x59e5, 0x7aa7, 0xbc2b, 0x9369, 0x7aa7, 0x7aa7, 0x9369, 0x59e5, 0x59e5,
    0x7aa7, 0x9369, 0x59e5, 0x7aa7, 0x7aa7, 0x9369, 0x8430, 0x59e5, 0x7aa7, 0xbc2b, 0x9369, 0x7aa7, 0x7aa7, 0x9369, 0x59e5, 0x59e5,
    0x7aa7, 0x9369, 0x59e5, 0x7aa7, 0x7aa7, 0x9369, 0x8430, 0x59e5, 0x7aa7, 0xbc2b, 0x9369, 0x7aa7, 0x7aa7, 0x9369, 0x59e5, 0x59e5,
    0x7aa7, 0x9369, 0x59e5, 0x7aa7, 0x7aa7, 0x9369, 0x8430, 0x59e5, 0x7aa7, 0xbc2b, 0x9369, 0x7aa7, 0x7aa7, 0x9369, 0x59e5, 0x59e5,
    0x7aa7, 0x9369, 0x59e5, 0x7aa7, 0x7aa7, 0x9369, 0x8430, 0x59e5, 0x7aa7, 0xbc2b, 0x9369, 0x7aa7, 0x7aa7, 0x9369, 0x59e5, 0x59e5,
    0x7aa7, 0x9369, 0x59e5, 0x7aa7, 0x7aa7, 0x9369, 0x8430, 0x59e5, 0x7aa7, 0xbc2b, 0x9369, 0x7aa7, 0x7aa7, 0x9369, 0x59e5, 0x59e5,
    0x7aa7, 0x9369, 0x59e5, 0x7aa7, 0x7aa7, 0x9369, 0x8430, 0x59e5, 0x7aa7, 0xbc2b, 0x9369, 0x7aa7, 0x7aa7, 0x9369, 0x59e5, 0x59e5,
    0x7aa7, 0x9369, 0x59e5, 0x7aa7, 0x7aa7, 0x9369, 0x8430, 0x59e5, 0x7aa7, 0xbc2b, 0x9369, 0x7aa7, 0x7aa7, 0x9369, 0x59e5, 0x59e5,
    0x7aa7, 0x9369, 0x59e5, 0x7aa7, 0x7aa7, 0x9369, 0x8430, 0x59e5, 0x7aa7, 0xbc2b, 0x9369, 0x7aa7, 0x7aa7, 0x9369, 0x59e5, 0x59e5,
    0x7aa7, 0x9369, 0x59e5, 0x7aa7, 0x7aa7, 0x9369, 0x8430, 0x59e5, 0x7aa7, 0xbc2b, 0x9369, 0x7aa7, 0x7aa7, 0x9369, 0x59e5, 0x59e5,
    0xbc2b, 0x7aa7, 0x7aa7, 0x59e5, 0xbc2b, 0x7aa7, 0x7aa7, 0x7aa7, 0xbc2b, 0x7aa7, 0x7aa7, 0x7aa7, 0x59e5, 0x59e5, 0xbc2b, 0x7aa7,
    0xbc2b, 0x7aa7, 0x7aa7, 0x59e5, 0xbc2b, 0x7aa7, 0x7aa7, 0x7aa7, 0xbc2b, 0x7aa7, 0x7aa7, 0x7aa7, 0x59e5, 0x59e5, 0xbc2b, 0x7aa7,
    0xbc2b, 0x7aa7, 0x7aa7, 0x59e5, 0xbc2b, 0x7aa7, 0x7aa7, 0x7aa7, 0xbc2b, 0x7aa7, 0x7aa7, 0x7aa7, 0x59e5, 0x59e5, 0xbc2b, 0x7aa7,
    0xbc2b, 0x7aa7, 0x7aa7, 0x59e5, 0xbc2b, 0x7aa7, 0x7aa7, 0x7aa7, 0xbc2b, 0x7aa7, 0x7aa7, 0x7aa7, 0x59e5, 0x59e5, 0xbc2b, 0x7aa7,
    0xbc2b, 0x7aa7, 0x7aa7, 0x59e5, 0xbc2b, 0x7aa7, 0x7aa7, 0x7aa7, 0xbc2b, 0x7aa7, 0x7aa7, 0x7aa7, 0x59e5, 0x59e5, 0xbc2b, 0x7aa7,
    0xbc2b, 0x7aa7, 0x7aa7, 0x59e5, 0xbc2b, 0x7aa7, 0x7aa7, 0x7aa7, 0xbc2b, 0x7aa7, 0x7aa7, 0x7aa7, 0x59e5, 0x59e5, 0xbc2b, 0x7aa7,
    0xbc2b, 0x7aa7, 0x7aa7, 0x59e5, 0xbc2b, 0x7aa7, 0x7aa7, 0x7aa7, 0xbc2b, 0x7aa7, 0x7aa7, 0x7aa7, 0x59e5, 0x59e5, 0xbc2b, 0x7aa7,
    0xbc2b, 0x7aa7, 0x7aa7, 0x59e5, 0xbc2b, 0x7aa7, 0x7aa7, 0x7aa7, 0xbc2b, 0x7aa7, 0x7aa7, 0x7aa7, 0x59e5, 0x59e5, 0xbc2b, 0x7aa7,
    0xbc2b, 0x7aa7, 0x7aa7, 0x59e5, 0xbc2b, 0x7aa7, 0x7aa7, 0x7aa7, 0xbc2b, 0x7aa7, 0x7aa7, 0x7aa7, 0x59e5, 0x59e5, 0xbc2b, 0x7aa7,
    0xbc2b, 0x7aa7, 0x7aa7, 0x59e5, 0xbc2b, 0x7aa7, 0x7aa7, 0x7aa7, 0xbc2b, 0x7aa7, 0x7aa7, 0x7aa7, 0x59e5, 0x59e5, 0xbc2b, 0x7aa7,
    0xbc2b, 0x7aa7, 0x7aa7, 0x59e5, 0xbc2b, 0x7aa7, 0x7aa7, 0x7aa7, 0xbc2b, 0x7aa7, 0x7aa7, 0x7aa7, 0x59e5, 0x59e5, 0xbc2b, 0x7aa7,
    0xbc2b, 0x7aa7, 0x7aa7, 0x59e5, 0xbc2b, 0x7aa7, 0x7aa7, 0x7aa7, 0xbc2b, 0x7aa7, 0x7aa7, 0x7aa7, 0x59e5, 0x59e5, 0xbc2b, 0x7aa7,
    0xbc2b, 0x7aa7, 0x7aa7, 0x59e5, 0xbc2b, 0x7aa7, 0x7aa7, 0x7aa7, 0xbc2b, 0x7aa7, 0x7aa7, 0x7aa7, 0x59e5, 0x59e5, 0xbc2b, 0x7aa7,
    0xbc2b, 0x7aa7, 0x7aa7, 0x59e5, 0xbc2b, 0x7aa7, 0x7aa7, 0x7aa7, 0xbc2b, 0x7aa7, 0x7aa7, 0x7aa7, 0x59e5, 0x59e5, 0xbc2b, 0x7aa7,
    0xbc2b, 0x7aa7, 0x7aa7, 0x59e5, 0xbc2b, 0x7aa7, 0x7aa7, 0x7aa7, 0xbc2b, 0x7aa7, 0x7aa7, 0x7aa7, 0x59e5, 0x59e5, 0xbc2b, 0x7aa7,
    0xbc2b, 0x7aa7, 0x7aa7, 0x59e5, 0xbc2b, 0x7aa7, 0x7aa7, 0x7aa7, 0xbc2b, 0x7aa7, 0x7aa7, 0x7aa7, 0x59e5, 0x59e5, 0xbc2b, 0x7aa7,
    0xbc2b, 0x7aa7, 0x7aa7, 0x59e5, 0xbc2b, 0x7aa7, 0x7aa7, 0x7aa7, 0xbc2b, 0x7aa7, 0x7aa7, 0x7aa7, 0x59e5, 0x59e5, 0xbc2b, 0x7aa7,
    0xbc2b, 0x7aa7, 0x7aa7, 0x59e5, 0xbc2b, 0x7aa7, 0x7aa7, 0x7aa7, 0xbc2b, 0x7aa7, 0x7aa7, 0x7aa7, 0x59e5, 0x59e5, 0xbc2b, 0x7aa7,
    0xbc2b, 0x7aa7, 0x7aa7, 0x59e5, 0xbc2b, 0x7aa7, 0x7aa7, 0x7aa7, 0xbc2b, 0x7aa7, 0x7aa7, 0x7aa7, 0x59e5, 0x59e5, 0xbc2b, 0x7aa7,
    0xbc2b, 0x7aa7, 0x7aa7, 0x59e5, 0xbc2b, 0x7aa7, 0x7aa7, 0x7aa7, 0xbc2b, 0x7aa7, 0x7aa7, 0x7aa7, 0x59e5, 0x59e5, 0xbc2b, 0x7aa7,
    0x9369, 0x6b6d, 0xbc2b, 0x7aa7, 0x9369, 0x59e5, 0x7aa7, 0xbc2b, 0x9369, 0x9369, 0x7aa7, 0x9369, 0x7aa7, 0xbc2b, 0x9369, 0x7aa7,
    0x9369, 0x6b6d, 0xbc2b, 0x7aa7, 0x9369, 0x59e5, 0x7aa7, 0xbc2b, 0x9369, 0x9369, 0x7aa7, 0x9369, 0x7aa7, 0xbc2b, 0x9369, 0x7aa7,
    0x9369, 0x6b6d, 0xbc2b, 0x7aa7, 0x9369, 0x59e5, 0x7aa7, 0xbc2b, 0x9369, 0x9369, 0x7aa7, 0x9369, 0x7aa7, 0xbc2b, 0x9369, 0x7aa7,
    0x9369, 0x6b6d, 0xbc2b, 0x7aa7, 0x9369, 0x59e5, 0x7aa7, 0xbc2b, 0x9369, 0x9369, 0x7aa7, 0x9369, 0x7aa7, 0xbc2b, 0x9369, 0x7aa7,
    0x9369, 0x6b6d, 0xbc2b, 0x7aa7, 0x9369, 0x59e5, 0x7aa7, 0xbc2b, 0x9369, 0x9369, 0x7aa7, 0x9369, 0x7aa7, 0xbc2b, 0x9369, 0x7aa7,
    0x9369, 0x6b6d, 0xbc2b, 0x7aa7, 0x9369, 0x59e5, 0x7aa7, 0xbc2b, 0x9369, 0x9369, 0x7aa7, 0x9369, 0x7aa7, 0xbc2b, 0x9369, 0x7aa7,
    0x9369, 0x6b6d, 0xbc2b, 0x7aa7, 0x9369, 0x59e5, 0x7aa7, 0xbc2b, 0x9369, 0x9369, 0x7aa7, 0x9369, 0x7aa7, 0xbc2b, 0x9369, 0x7aa7,
    0x9369, 0x6b6d, 0xbc2b, 0x7aa7, 0x9369, 0x59e5, 0x7aa7, 0xbc2b, 0x9369, 0x9369, 0x7aa7, 0x9369, 0x7aa7, 0xbc2b, 0x9369, 0x7aa7,
    0x9369, 0x6b6d, 0xbc2b, 0x7aa7, 0x9369, 0x59e5, 0x7aa7, 0xbc2b, 0x9369, 0x9369, 0x7aa7, 0x9369, 0x7aa7, 0xbc2b, 0x9369, 0x7aa7,
    0x9369, 0x6b6d, 0xbc2b, 0x7aa7, 0x9369, 0x59e5, 0x7aa7, 0xbc2b, 0x9369, 0x9369, 0x7aa7, 0x9369, 0x7aa7, 0xbc2b, 0x9369, 0x7aa7,
    0x9369, 0x6b6d, 0xbc2b, 0x7aa7, 0x9369, 0x59e5, 0x7aa7, 0xbc2b, 0x9369, 0x9369, 0x7aa7, 0x9369, 0x7aa7, 0xbc2b, 0x9369, 0x7aa7,
    0x9369, 0x6b6d, 0xbc2b, 0x7aa7, 0x9369, 0x59e5, 0x7aa7, 0xbc2b, 0x9369, 0x9369, 0x7aa7, 0x9369, 0x7aa7, 0xbc2b, 0x9369, 0x7aa7,
    0x9369, 0x6b6d, 0xbc2b, 0x7aa7, 0x9369, 0x59e5, 0x7aa7, 0xbc2b, 0x9369, 0x9369, 0x7aa7, 0x9369, 0x7aa7, 0xbc2b, 0x9369, 0x7aa7,
    0x9369, 0x6b6d, 0xbc2b, 0x7aa7, 0x9369, 0x59e5, 0x7aa7, 0xbc2b, 0x9369, 0x9369, 0x7aa7, 0x9369, 0x7aa7, 0xbc2b, 0x9369, 0x7aa7,
    0x9369, 0x6b6d, 0xbc2b, 0x7aa7, 0x9369, 0x59e5, 0x7aa7, 0xbc2b, 0x9369, 0x9369, 0x7aa7, 0x9369, 0x7aa7, 0xbc2b, 0x9369, 0x7aa7,
    0x9369, 0x6b6d, 0xbc2b, 0x7aa7, 0x9369, 0x59e5, 0x7aa7, 0xbc2b, 0x9369, 0x9369, 0x7aa7, 0x9369, 0x7aa7, 0xbc2b, 0x9369, 0x7aa7,
    0x9369, 0x6b6d, 0xbc2b, 0x7aa7, 0x9369, 0x59e5, 0x7aa7, 0xbc2b, 0x9369, 0x9369, 0x7aa7, 0x9369, 0x7aa7, 0xbc2b, 0x9369, 0x7aa7,
    0x9369, 0x6b6d, 0xbc2b, 0x7aa7, 0x9369, 0x59e5, 0x7aa7, 0xbc2b, 0x9369, 0x9369, 0x7aa7, 0x9369, 0x7aa7, 0xbc2b, 0x9369, 0x7aa7,
    0x9369, 0x6b6d, 0xbc2b, 0x7aa7, 0x9369, 0x59e5, 0x7aa7, 0xbc2b, 0x9369, 0x9369, 0x7aa7, 0x9369, 0x7aa7, 0xbc2b, 0x9369, 0x7aa7,
    0x9369, 0x6b6d, 0xbc2b, 0x7aa7, 0x9369, 0x59e5, 0x7aa7, 0xbc2b, 0x9369, 0x9369, 0x7aa7, 0x9369, 0x7aa7, 0xbc2b, 0x9369, 0x7aa7,
    0x9369, 0x7aa7, 0x9369, 0xbc2b, 0x59e5, 0x9369, 0x7aa7, 0x7aa7, 0x9369, 0x59e5, 0x7aa7, 0x6b6d, 0x7aa7, 0x9369, 0x59e5, 0x7aa7,
    0x9369, 0x7aa7, 0x9369, 0xbc2b, 0x59e5, 0x9369, 0x7aa7, 0x7aa7, 0x9369, 0x59e5, 0x7aa7, 0x6b6d, 0x7aa7, 0x9369, 0x59e5, 0x7aa7,
    0x9369, 0x7aa7, 0x9369, 0xbc2b, 0x59e5, 0x9369, 0x7aa7, 0x7aa7, 0x9369, 0x59e5, 0x7aa7, 0x6b6d, 0x7aa7, 0x9369, 0x59e5, 0x7aa7,
    0x9369, 0x7aa7, 0x9369, 0xbc2b, 0x59e5, 0x9369, 0x7aa7, 0x7aa7, 0x9369, 0x59e5, 0x7aa7, 0x6b6d, 0x7aa7, 0x9369, 0x59e5, 0x7aa7,
    0x9369, 0x7aa7, 0x9369, 0xbc2b, 0x59e5, 0x9369, 0x7aa7, 0x7aa7, 0x9369, 0x59e5, 0x7aa7, 0x6b6d, 0x7aa7, 0x9369, 0x59e5, 0x7aa7,
    0x9369, 0x7aa7, 0x9369, 0xbc2b, 0x59e5, 0x9369, 0x7aa7, 0x7aa7, 0x9369, 0x59e5, 0x7aa7, 0x6b6d, 0x7aa7, 0x9369, 0x59e5, 0x7aa7,
    0x9369, 0x7aa7, 0x9369, 0xbc2b, 0x59e5, 0x9369, 0x7aa7, 0x7aa7, 0x9369, 0x59e5, 0x7aa7, 0x6b6d, 0x7aa7, 0x9369, 0x59e5, 0x7aa7,
    0x9369, 0x7aa7, 0x9369, 0xbc2b, 0x59e5, 0x9369, 0x7aa7, 0x7aa7, 0x9369, 0x59e5, 0x7aa7, 0x6b6d, 0x7aa7, 0x9369, 0x59e5, 0x7aa7,
    0x9369, 0x7aa7, 0x9369, 0xbc2b, 0x59e5, 0x9369, 0x7aa7, 0x7aa7, 0x9369, 0x59e5, 0x7aa7, 0x6b6d, 0x7aa7, 0x9369, 0x59e5, 0x7aa7,
    0x9369, 0x7aa7, 0x9369, 0xbc2b, 0x59e5, 0x9369, 0x7aa7, 0x7aa7, 0x9369, 0x59e5, 0x7aa7, 0x6b6d, 0x7aa7, 0x9369, 0x59e5, 0x7aa7,
    0x9369, 0x7aa7, 0x9369, 0xbc2b, 0x59e5, 0x9369, 0x7aa7, 0x7aa7, 0x9369, 0x59e5, 0x7aa7, 0x6b6d, 0x7aa7, 0x9369, 0x59e5, 0x7aa7,
    0x9369, 0x7aa7, 0x9369, 0xbc2b, 0x59e5, 0x9369, 0x7aa7, 0x7aa7, 0x9369, 0x59e5, 0x7aa7, 0x6b6d, 0x7aa7, 0x9369, 0x59e5, 0x7aa7,
    0x9369, 0x7aa7, 0x9369, 0xbc2b, 0x59e5, 0x9369, 0x7aa7, 0x7aa7, 0x9369, 0x59e5, 0x7aa7, 0x6b6d, 0x7aa7, 0x9369, 0x59e5, 0x7aa7,
    0x9369, 0x7aa7, 0x9369, 0xbc2b, 0x59e5, 0x9369, 0x7aa7, 0x7aa7, 0x9369, 0x59e5, 0x7aa7, 0x6b6d, 0x7aa7, 0x9369, 0x59e5, 0x7aa7,
    0x9369, 0x7aa7, 0x9369, 0xbc2b, 0x59e5, 0x9369, 0x7aa7, 0x7aa7, 0x9369, 0x59e5, 0x7aa7, 0x6b6d, 0x7aa7, 0x9369, 0x59e5, 0x7aa7,
    0x9369, 0x7aa7, 0x9369, 0xbc2b, 0x59e5, 0x9369, 0x7aa7, 0x7aa7, 0x9369, 0x59e5, 0x7aa7, 0x6b6d, 0x7aa7, 0x9369, 0x59e5, 0x7aa7,
    0x9369, 0x7aa7, 0x9369, 0xbc2b, 0x59e5, 0x9369, 0x7aa7, 0x7aa7, 0x9369, 0x59e5, 0x7aa7, 0x6b6d, 0x7aa7, 0x9369, 0x59e5, 0x7aa7,
    0x9369, 0x7aa7, 0x9369, 0xbc2b, 0x59e5, 0x9369, 0x7aa7, 0x7aa7, 0x9369, 0x59e5, 0x7aa7, 0x6b6d, 0x7aa7, 0x9369, 0x59e5, 0x7aa7,
    0x9369, 0x7aa7, 0x9369, 0xbc2b, 0x59e5, 0x9369, 0x7aa7, 0x7aa7, 0x9369, 0x59e5, 0x7aa7, 0x6b6d, 0x7aa7, 0x9369, 0x59e5, 0x7aa7,
    0x9369, 0x7aa7, 0x9369, 0xbc2b, 0x59e5, 0x9369, 0x7aa7, 0x7aa7, 0x9369, 0x59e5, 0x7aa7, 0x6b6d, 0x7aa7, 0x9369, 0x59e5, 0x7aa7,
    0x7aa7, 0x59e5, 0x9369, 0x9369, 0x7aa7, 0x9369, 0x59e5, 0x59e5, 0x59e5, 0x7aa7, 0x7aa7, 0x59e5, 0x7aa7, 0x7aa7, 0x7aa7, 0xbc2b,
    0x7aa7, 0x59e5, 0x9369, 0x9369, 0x7aa7, 0x9369, 0x59e5, 0x59e5, 0x59e5, 0x7aa7, 0x7aa7, 0x59e5, 0x7aa7, 0x7aa7, 0x7aa7, 0xbc2b,
    0x7aa7, 0x59e5, 0x9369, 0x9369, 0x7aa7, 0x9369, 0x59e5, 0x59e5, 0x59e5, 0x7aa7, 0x7aa7, 0x59e5, 0x7aa7, 0x7aa7, 0x7aa7, 0xbc2b,
    0x7aa7, 0x59e5, 0x9369, 0x9369, 0x7aa7, 0x9369, 0x59e5, 0x59e5, 0x59e5, 0x7aa7, 0x7aa7, 0x59e5, 0x7aa7, 0x7aa7, 0x7aa7, 0xbc2b,
    0x7aa7, 0x59e5, 0x9369, 0x9369, 0x7aa7, 0x9369, 0x59e5, 0x59e5, 0x59e5, 0x7aa7, 0x7aa7, 0x59e5, 0x7aa7, 0x7aa7, 0x7aa7, 0xbc2b,
    0x7aa7, 0x59e5, 0x9369, 0x9369, 0x7aa7, 0x9369, 0x59e5, 0x59e5, 0x59e5, 0x7aa7, 0x7aa7, 0x59e5, 0x7aa7, 0x7aa7, 0x7aa7, 0xbc2b,
    0x7aa7, 0x59e5, 0x9369, 0x9369, 0x7aa7, 0x9369, 0x59e5, 0x59e5, 0x59e5, 0x7aa7, 0x7aa7, 0x59e5, 0x7aa7, 0x7aa7, 0x7aa7, 0xbc2b,
    0x7aa7, 0x59e5, 0x9369, 0x9369, 0x7aa7, 0x9369, 0x59e5, 0x59e5, 0x59e5, 0x7aa7, 0x7aa7, 0x59e5, 0x7aa7, 0x7aa7, 0x7aa7, 0xbc2b,
    0x7aa7, 0x59e5, 0x9369, 0x9369, 0x7aa7, 0x9369, 0x59e5, 0x59e5, 0x59e5, 0x7aa7, 0x7aa7, 0x59e5, 0x7aa7, 0x7aa7, 0x7aa7, 0xbc2b,
    0x7aa7, 0x59e5, 0x9369, 0x9369, 0x7aa7, 0x9369, 0x59e5, 0x59e5, 0x59e5, 0x7aa7, 0x7aa7, 0x59e5, 0x7aa7, 0x7aa7, 0x7aa7, 0xbc2b,
    0x7aa7, 0x59e5, 0x9369, 0x9369, 0x7aa7, 0x9369, 0x59e5, 0x59e5, 0x59e5, 0x7aa7, 0x7aa7, 0x59e5, 0x7aa7, 0x7aa7, 0x7aa7, 0xbc2b,
    0x7aa7, 0x59e5, 0x9369, 0x9369, 0x7aa7, 0x9369, 0x59e5, 0x59e5, 0x59e5, 0x7aa7, 0x7aa7, 0x59e5, 0x7aa7, 0x7aa7, 0x7aa7, 0xbc2b,
    0x7aa7, 0x59e5, 0x9369, 0x9369, 0x7aa7, 0x9369, 0x59e5, 0x59e5, 0x59e5, 0x7aa7, 0x7aa7, 0x59e5, 0x7aa7, 0x7aa7, 0x7aa7, 0xbc2b,
    0x7aa7, 0x59e5, 0x9369, 0x9369, 0x7aa7, 0x9369, 0x59e5, 0x59e5, 0x59e5, 0x7aa7, 0x7aa7, 0x59e5, 0x7aa7, 0x7aa7, 0x7aa7, 0xbc2b,
    0x7aa7, 0x59e5, 0x9369, 0x9369, 0x7aa7, 0x9369, 0x59e5, 0x59e5, 0x59e5, 0x7aa7, 0x7aa7, 0x59e5, 0x7aa7, 0x7aa7, 0x7aa7, 0xbc2b,
    0x7aa7, 0x59e5, 0x9369, 0x9369, 0x7aa7, 0x9369, 0x59e5, 0x59e5, 0x59e5, 0x7aa7, 0x7aa7, 0x59e5, 0x7aa7, 0x7aa7, 0x7aa7, 0xbc2b,
    0x7aa7, 0x59e5, 0x9369, 0x9369, 0x7aa7, 0x9369, 0x59e5, 0x59e5, 0x59e5, 0x7aa7, 0x7aa7, 0x59e5, 0x7aa7, 0x7aa7, 0x7aa7, 0xbc2b,
    0x7aa7, 0x59e5, 0x9369, 0x9369, 0x7aa7, 0x9369, 0x59e5, 0x59e5, 0x59e5, 0x7aa7, 0x7aa7, 0x59e5, 0x7aa7, 0x7aa7, 0x7aa7, 0xbc2b,
    0x7aa7, 0x59e5, 0x9369, 0x9369, 0x7aa7, 0x9369, 0x59e5, 0x59e5, 0x59e5, 0x7aa7, 0x7aa7, 0x59e5, 0x7aa7, 0x7aa7, 0x7aa7, 0xbc2b,
    0x7aa7, 0x59e5, 0x9369, 0x9369, 0x7aa7, 0x9369, 0x59e5, 0x59e5, 0x59e5, 0x7aa7, 0x7aa7, 0x59e5, 0x7aa7, 0x7aa7, 0x7aa7, 0xbc2b,
    0xbc2b, 0x59e5, 0x7aa7, 0x7aa7, 0x8430, 0x7aa7, 0x7aa7, 0xbc2b, 0xbc2b, 0x7aa7, 0xbc2b, 0xbc2b, 0x7aa7, 0x9369, 0x7aa7, 0x9369,
    0xbc2b, 0x59e5, 0x7aa7, 0x7aa7, 0x8430, 0x7aa7, 0x7aa7, 0xbc2b, 0xbc2b, 0x7aa7, 0xbc2b, 0xbc2b, 0x7aa7, 0x9369, 0x7aa7, 0x9369,
    0xbc2b, 0x59e5, 0x7aa7, 0x7aa7, 0x8430, 0x7aa7, 0x7aa7, 0xbc2b, 0xbc2b, 0x7aa7, 0xbc2b, 0xbc2b, 0x7aa7, 0x9369, 0x7aa7, 0x9369,
    0xbc2b, 0x59e5, 0x7aa7, 0x7aa7, 0x8430, 0x7aa7, 0x7aa7, 0xbc2b, 0xbc2b, 0x7aa7, 0xbc2b, 0xbc2b, 0x7aa7, 0x9369, 0x7aa7, 0x9369,
    0xbc2b, 0x59e5, 0x7aa7, 0x7aa7, 0x8430, 0x7aa7, 0x7aa7, 0xbc2b, 0xbc2b, 0x7aa7, 0xbc2b, 0xbc2b, 0x7aa7, 0x9369, 0x7aa7, 0x9369,
    0xbc2b, 0x59e5, 0x7aa7, 0x7aa7, 0x8430, 0x7aa7, 0x7aa7, 0xbc2b, 0xbc2b, 0x7aa7, 0xbc2b, 0xbc2b, 0x7aa7, 0x9369, 0x7aa7, 0x9369,
    0xbc2b, 0x59e5, 0x7aa7, 0x7aa7, 0x8430, 0x7aa7, 0x7aa7, 0xbc2b, 0xbc2b, 0x7aa7, 0xbc2b, 0xbc2b, 0x7aa7, 0x9369, 0x7aa7, 0x9369,
    0xbc2b, 0x59e5, 0x7aa7, 0x7aa7, 0x8430, 0x7aa7, 0x7aa7, 0xbc2b, 0xbc2b, 0x7aa7, 0xbc2b, 0xbc2b, 0x7aa7, 0x9369, 0x7aa7, 0x9369,
    0xbc2b, 0x59e5, 0x7aa7, 0x7aa7, 0x8430, 0x7aa7, 0x7aa7, 0xbc2b, 0xbc2b, 0x7aa7, 0xbc2b, 0xbc2b, 0x7aa7, 0x9369, 0x7aa7, 0x9369,
    0xbc2b, 0x59e5, 0x7aa7, 0x7aa7, 0x8430, 0x7aa7, 0x7aa7, 0xbc2b, 0xbc2b, 0x7aa7, 0xbc2b, 0xbc2b, 0x7aa7, 0x9369, 0x7aa7, 0x9369,
    0xbc2b, 0x59e5, 0x7aa7, 0x7aa7, 0x8430, 0x7aa7, 0x7aa7, 0xbc2b, 0xbc2b, 0x7aa7, 0xbc2b, 0xbc2b, 0x7aa7, 0x9369, 0x7aa7, 0x9369,
    0xbc2b, 0x59e5, 0x7aa7, 0x7aa7, 0x8430, 0x7aa7, 0x7aa7, 0xbc2b, 0xbc2b, 0x7aa7, 0xbc2b, 0xbc2b, 0x7aa7, 0x9369, 0x7aa7, 0x9369,
    0xbc2b, 0x59e5, 0x7aa7, 0x7aa7, 0x8430, 0x7aa7, 0x7aa7, 0xbc2b, 0xbc2b, 0x7aa7, 0xbc2b, 0xbc2b, 0x7aa7, 0x9369, 0x7aa7, 0x9369,
    0xbc2b, 0x59e5, 0x7aa7, 0x7aa7, 0x8430, 0x7aa7, 0x7aa7, 0xbc2b, 0xbc2b, 0x7aa7, 0xbc2b, 0xbc2b, 0x7aa7, 0x9369, 0x7aa7, 0x9369,
    0xbc2b, 0x59e5, 0x7aa7, 0x7aa7, 0x8430, 0x7aa7, 0x7aa7, 0xbc2b, 0xbc2b, 0x7aa7, 0xbc2b, 0xbc2b, 0x7aa7, 0x9369, 0x7aa7, 0x9369,
    0xbc2b, 0x59e5, 0x7aa7, 0x7aa7, 0x8430, 0x7aa7, 0x7aa7, 0xbc2b, 0xbc2b, 0x7aa7, 0xbc2b, 0xbc2b, 0x7aa7, 0x9369, 0x7aa7, 0x9369,
    0xbc2b, 0x59e5, 0x7aa7, 0x7aa7, 0x8430, 0x7aa7, 0x7aa7, 0xbc2b, 0xbc2b, 0x7aa7, 0xbc2b, 0xbc2b, 0x7aa7, 0x9369, 0x7aa7, 0x9369,
    0xbc2b, 0x59e5, 0x7aa7, 0x7aa7, 0x8430, 0x7aa7, 0x7aa7, 0xbc2b, 0xbc2b, 0x7aa7, 0xbc2b, 0xbc2b, 0x7aa7, 0x9369, 0x7aa7, 0x9369,
    0xbc2b, 0x59e5, 0x7aa7, 0x7aa7, 0x8430, 0x7aa7, 0x7aa7, 0xbc2b, 0xbc2b, 0x7aa7, 0xbc2b, 0xbc2b, 0x7aa7, 0x9369, 0x7aa7, 0x9369,
    0xbc2b, 0x59e5, 0x7aa7, 0x7aa7, 0x8430, 0x7aa7, 0x7aa7, 0xbc2b, 0xbc2b, 0x7aa7, 0xbc2b, 0xbc2b, 0x7aa7, 0x9369, 0x7aa7, 0x9369,
    0xbc2b, 0x7aa7, 0xbc2b, 0xbc2b, 0x9369, 0x9369, 0x7aa7, 0x7aa7, 0x9369, 0x59e5, 0x9369, 0x9369, 0x7aa7, 0x7aa7, 0x9369, 0x9369,
    0xbc2b, 0x7aa7, 0xbc2b, 0xbc2b, 0x9369, 0x9369, 0x7aa7, 0x7aa7, 0x9369, 0x59e5, 0x9369, 0x9369, 0x7aa7, 0x7aa7, 0x9369, 0x9369,
    0xbc2b, 0x7aa7, 0xbc2b, 0xbc2b, 0x9369, 0x9369, 0x7aa7, 0x7aa7, 0x9369, 0x59e5, 0x9369, 0x9369, 0x7aa7, 0x7aa7, 0x9369, 0x9369,
    0xbc2b, 0x7aa7, 0xbc2b, 0xbc2b, 0x9369, 0x9369, 0x7aa7, 0x7aa7, 0x9369, 0x59e5, 0x9369, 0x9369, 0x7aa7, 0x7aa7, 0x9369, 0x9369,
    0xbc2b, 0x7aa7, 0xbc2b, 0xbc2b, 0x9369, 0x9369, 0x7aa7, 0x7aa7, 0x9369, 0x59e5, 0x9369, 0x9369, 0x7aa7, 0x7aa7, 0x9369, 0x9369,
    0xbc2b, 0x7aa7, 0xbc2b, 0xbc2b, 0x9369, 0x9369, 0x7aa7, 0x7aa7, 0x9369, 0x59e5, 0x9369, 0x9369, 0x7aa7, 0x7aa7, 0x9369, 0x9369,
    0xbc2b, 0x7aa7, 0xbc2b, 0xbc2b, 0x9369, 0x9369, 0x7aa7, 0x7aa7, 0x9369, 0x59e5, 0x9369, 0x9369, 0x7aa7, 0x7aa7, 0x9369, 0x9369,
    0xbc2b, 0x7aa7, 0xbc2b, 0xbc2b, 0x9369, 0x9369, 0x7aa7, 0x7aa7, 0x9369, 0x59e5, 0x9369, 0x9369, 0x7aa7, 0x7aa7, 0x9369, 0x9369,
    0xbc2b, 0x7aa7, 0xbc2b, 0xbc2b, 0x9369, 0x9369, 0x7aa7, 0x7aa7, 0x9369, 0x59e5, 0x9369, 0x9369, 0x7aa7, 0x7aa7, 0x9369, 0x9369,
    0xbc2b, 0x7aa7, 0xbc2b, 0xbc2b, 0x9369, 0x9369, 0x7aa7, 0x7aa7, 0x9369, 0x59e5, 0x9369, 0x9369, 0x7aa7, 0x7aa7, 0x9369, 0x9369,
    0xbc2b, 0x7aa7, 0xbc2b, 0xbc2b, 0x9369, 0x9369, 0x7aa7, 0x7aa7, 0x9369, 0x59e5, 0x9369, 0x9369, 0x7aa7, 0x7aa7, 0x9369, 0x9369,
    0xbc2b, 0x7aa7, 0xbc2b, 0xbc2b, 0x9369, 0x9369, 0x7aa7, 0x7aa7, 0x9369, 0x59e5, 0x9369, 0x9369, 0x7aa7, 0x7aa7, 0x9369, 0x9369,
    0xbc2b, 0x7aa7, 0xbc2b, 0xbc2b, 0x9369, 0x9369, 0x7aa7, 0x7aa7, 0x9369, 0x59e5, 0x9369, 0x9369, 0x7aa7, 0x7aa7, 0x9369, 0x9369,
    0xbc2b, 0x7aa7, 0xbc2b, 0xbc2b, 0x9369, 0x9369, 0x7aa7, 0x7aa7, 0x9369, 0x59e5, 0x9369, 0x9369, 0x7aa7, 0x7aa7, 0x9369, 0x9369,
    0xbc2b, 0x7aa7, 0xbc2b, 0xbc2b, 0x9369, 0x9369, 0x7aa7, 0x7aa7, 0x9369, 0x59e5, 0x9369, 0x9369, 0x7aa7, 0x7aa7, 0x9369, 0x9369,
    0xbc2b, 0x7aa7, 0xbc2b, 0xbc2b, 0x9369, 0x9369, 0x7aa7, 0x7aa7, 0x9369, 0x59e5, 0x9369, 0x9369, 0x7aa7, 0x7aa7, 0x9369, 0x9369,
    0xbc2b, 0x7aa7, 0xbc2b, 0xbc2b, 0x9369, 0x9369, 0x7aa7, 0x7aa7, 0x9369, 0x59e5, 0x9369, 0x9369, 0x7aa7, 0x7aa7, 0x9369, 0x9369,
    0xbc2b, 0x7aa7, 0xbc2b, 0xbc2b, 0x9369, 0x9369, 0x7aa7, 0x7aa7, 0x9369, 0x59e5, 0x9369, 0x9369, 0x7aa7, 0x7aa7, 0x9369, 0x9369,
    0xbc2b, 0x7aa7, 0xbc2b, 0xbc2b, 0x9369, 0x9369, 0x7aa7, 0x7aa7, 0x9369, 0x59e5, 0x9369, 0x9369, 0x7aa7, 0x7aa7, 0x9369, 0x9369,
    0xbc2b, 0x7aa7, 0xbc2b, 0xbc2b, 0x9369, 0x9369, 0x7aa7, 0x7aa7, 0x9369, 0x59e5, 0x9369, 0x9369, 0x7aa7, 0x7aa7, 0x9369, 0x9369,
    0x9369, 0x7aa7, 0x7aa7, 0x9369, 0x7aa7, 0x9369, 0x7aa7, 0x59e5, 0x7aa7, 0x9369, 0x9369, 0x7aa7, 0x7aa7, 0x7aa7, 0x59e5, 0x7aa7,
    0x9369, 0x7aa7, 0x7aa7, 0x9369, 0x7aa7, 0x9369, 0x7aa7, 0x59e5, 0x7aa7, 0x9369, 0x9369, 0x7aa7, 0x7aa7, 0x7aa7, 0x59e5, 0x7aa7,
    0x9369, 0x7aa7, 0x7aa7, 0x9369, 0x7aa7, 0x9369, 0x7aa7, 0x59e5, 0x7aa7, 0x9369, 0x9369, 0x7aa7, 0x7aa7, 0x7aa7, 0x59e5, 0x7aa7,
    0x9369, 0x7aa7, 0x7aa7, 0x9369, 0x7aa7, 0x9369, 0x7aa7, 0x59e5, 0x7aa7, 0x9369, 0x9369, 0x7aa7, 0x7aa7, 0x7aa7, 0x59e5, 0x7aa7,
    0x9369, 0x7aa7, 0x7aa7, 0x9369, 0x7aa7, 0x9369, 0x7aa7, 0x59e5, 0x7aa7, 0x9369, 0x9369, 0x7aa7, 0x7aa7, 0x7aa7, 0x59e5, 0x7aa7,
    0x9369, 0x7aa7, 0x7aa7, 0x9369, 0x7aa7, 0x9369, 0x7aa7, 0x59e5, 0x7aa7, 0x9369, 0x9369, 0x7aa7, 0x7aa7, 0x7aa7, 0x59e5, 0x7aa7,
    0x9369, 0x7aa7, 0x7aa7, 0x9369, 0x7aa7, 0x9369, 0x7aa7, 0x59e5, 0x7aa7, 0x9369, 0x9369, 0x7aa7, 0x7aa7, 0x7aa7, 0x59e5, 0x7aa7,
    0x9369, 0x7aa7, 0x7aa7, 0x9369, 0x7aa7, 0x9369, 0x7aa7, 0x59e5, 0x7aa7, 0x9369, 0x9369, 0x7aa7, 0x7aa7, 0x7aa7, 0x59e5, 0x7aa7,
    0x9369, 0x7aa7, 0x7aa7, 0x9369, 0x7aa7, 0x9369, 0x7aa7, 0x59e5, 0x7aa7, 0x9369, 0x9369, 0x7aa7, 0x7aa7, 0x7aa7, 0x59e5, 0x7aa7,
    0x9369, 0x7aa7, 0x7aa7, 0x9369, 0x7aa7, 0x9369, 0x7aa7, 0x59e5, 0x7aa7, 0x9369, 0x9369, 0x7aa7, 0x7aa7, 0x7aa7, 0x59e5, 0x7aa7,
    0x9369, 0x7aa7, 0x7aa7, 0x9369, 0x7aa7, 0x9369, 0x7aa7, 0x59e5, 0x7aa7, 0x9369, 0x9369, 0x7aa7, 0x7aa7, 0x7aa7, 0x59e5, 0x7aa7,
    0x9369, 0x7aa7, 0x7aa7, 0x9369, 0x7aa7, 0x9369, 0x7aa7, 0x59e5, 0x7aa7, 0x9369, 0x9369, 0x7aa7, 0x7aa7, 0x7aa7, 0x59e5, 0x7aa7,
    0x9369, 0x7aa7, 0x7aa7, 0x9369, 0x7aa7, 0x9369, 0x7aa7, 0x59e5, 0x7aa7, 0x9369, 0x9369, 0x7aa7, 0x7aa7, 0x7aa7, 0x59e5, 0x7aa7,
    0x9369, 0x7aa7, 0x7aa7, 0x9369, 0x7aa7, 0x9369, 0x7aa7, 0x59e5, 0x7aa7, 0x9369, 0x9369, 0x7aa7, 0x7aa7, 0x7aa7, 0x59e5, 0x7aa7,
    0x9369, 0x7aa7, 0x7aa7, 0x9369, 0x7aa7, 0x9369, 0x7aa7, 0x59e5, 0x7aa7, 0x9369, 0x9369, 0x7aa7, 0x7aa7, 0x7aa7, 0x59e5, 0x7aa7,
    0x9369, 0x7aa7, 0x7aa7, 0x9369, 0x7aa7, 0x9369, 0x7aa7, 0x59e5, 0x7aa7, 0x9369, 0x9369, 0x7aa7, 0x7aa7, 0x7aa7, 0x59e5, 0x7aa7,
    0x9369, 0x7aa7, 0x7aa7, 0x9369, 0x7aa7, 0x9369, 0x7aa7, 0x59e5, 0x7aa7, 0x9369, 0x9369, 0x7aa7, 0x7aa7, 0x7aa7, 0x59e5, 0x7aa7,
    0x9369, 0x7aa7, 0x7aa7, 0x9369, 0x7aa7, 0x9369, 0x7aa7, 0x59e5, 0x7aa7, 0x9369, 0x9369, 0x7aa7, 0x7aa7, 0x7aa7, 0x59e5, 0x7aa7,
    0x9369, 0x7aa7, 0x7aa7, 0x9369, 0x7aa7, 0x9369, 0x7aa7, 0x59e5, 0x7aa7, 0x9369, 0x9369, 0x7aa7, 0x7aa7, 0x7aa7, 0x59e5, 0x7aa7,
    0x9369, 0x7aa7, 0x7aa7, 0x9369, 0x7aa7, 0x9369, 0x7aa7, 0x59e5, 0x7aa7, 0x9369, 0x9369, 0x7aa7, 0x7aa7, 0x7aa7, 0x59e5, 0x7aa7,
    0x9369, 0x9369, 0x59e5, 0x7aa7, 0x7aa7, 0x59e5, 0x59e5, 0x7aa7, 0x7aa7, 0x7aa7, 0x7aa7, 0x7aa7, 0xbc2b, 0xbc2b, 0x7aa7, 0x9369,
    0x9369, 0x9369, 0x59e5, 0x7aa7, 0x7aa7, 0x59e5, 0x59e5, 0x7aa7, 0x7aa7, 0x7aa7, 0x7aa7, 0x7aa7, 0xbc2b, 0xbc2b, 0x7aa7, 0x9369,
    0x9369, 0x9369, 0x59e5, 0x7aa7, 0x7aa7, 0x59e5, 0x59e5, 0x7aa7, 0x7aa7, 0x7aa7, 0x7aa7, 0x7aa7, 0xbc2b, 0xbc2b, 0x7aa7, 0x9369,
    0x9369, 0x9369, 0x59e5, 0x7aa7, 0x7aa7, 0x59e5, 0x59e5, 0x7aa7, 0x7aa7, 0x7aa7, 0x7aa7, 0x7aa7, 0xbc2b, 0xbc2b, 0x7aa7, 0x9369,
    0x9369, 0x9369, 0x59e5, 0x7aa7, 0x7aa7, 0x59e5, 0x59e5, 0x7aa7, 0x7aa7, 0x7aa7, 0x7aa7, 0x7aa7, 0xbc2b, 0xbc2b, 0x7aa7, 0x9369,
    0x9369, 0x9369, 0x59e5, 0x7aa7, 0x7aa7, 0x59e5, 0x59e5, 0x7aa7, 0x7aa7, 0x7aa7, 0x7aa7, 0x7aa7, 0xbc2b, 0xbc2b, 0x7aa7, 0x9369,
    0x9369, 0x9369, 0x59e5, 0x7aa7, 0x7aa7, 0x59e5, 0x59e5, 0x7aa7, 0x7aa7, 0x7aa7, 0x7aa7, 0x7aa7, 0xbc2b, 0xbc2b, 0x7aa7, 0x9369,
    0x9369, 0x9369, 0x59e5, 0x7aa7, 0x7aa7, 0x59e5, 0x59e5, 0x7aa7, 0x7aa7, 0x7aa7, 0x7aa7, 0x7aa7, 0xbc2b, 0xbc2b, 0x7aa7, 0x9369,
    0x9369, 0x9369, 0x59e5, 0x7aa7, 0x7aa7, 0x59e5, 0x59e5, 0x7aa7, 0x7aa7, 0x7aa7, 0x7aa7, 0x7aa7, 0xbc2b, 0xbc2b, 0x7aa7, 0x9369,
    0x9369, 0x9369, 0x59e5, 0x7aa7, 0x7aa7, 0x59e5, 0x59e5, 0x7aa7, 0x7aa7, 0x7aa7, 0x7aa7, 0x7aa7, 0xbc2b, 0xbc2b, 0x7aa7, 0x9369,
    0x9369, 0x9369, 0x59e5, 0x7aa7, 0x7aa7, 0x59e5, 0x59e5, 0x7aa7, 0x7aa7, 0x7aa7, 0x7aa7, 0x7aa7, 0xbc2b, 0xbc2b, 0x7aa7, 0x9369,
    0x9369, 0x9369, 0x59e5, 0x7aa7, 0x7aa7, 0x59e5, 0x59e5, 0x7aa7, 0x7aa7, 0x7aa7, 0x7aa7, 0x7aa7, 0xbc2b, 0xbc2b, 0x7aa7, 0x9369,
    0x9369, 0x9369, 0x59e5, 0x7aa7, 0x7aa7, 0x59e5, 0x59e5, 0x7aa7, 0x7aa7, 0x7aa7, 0x7aa7, 0x7aa7, 0xbc2b, 0xbc2b, 0x7aa7, 0x9369,
    0x9369, 0x9369, 0x59e5, 0x7aa7, 0x7aa7, 0x59e5, 0x59e5, 0x7aa7, 0x7aa7, 0x7aa7, 0x7aa7, 0x7aa7, 0xbc2b, 0xbc2b, 0x7aa7, 0x9369,
    0x9369, 0x9369, 0x59e5, 0x7aa7, 0x7aa7, 0x59e5, 0x59e5, 0x7aa7, 0x7aa7, 0x7aa7, 0x7aa7, 0x7aa7, 0xbc2b, 0xbc2b, 0x7aa7, 0x9369,
    0x9369, 0x9369, 0x59e5, 0x7aa7, 0x7aa7, 0x59e5, 0x59e5, 0x7aa7, 0x7aa7, 0x7aa7, 0x7aa7, 0x7aa7, 0xbc2b, 0xbc2b, 0x7aa7, 0x9369,
    0x9369, 0x9369, 0x59e5, 0x7aa7, 0x7aa7, 0x59e5, 0x59e5, 0x7aa7, 0x7aa7, 0x7aa7, 0x7aa7, 0x7aa7, 0xbc2b, 0xbc2b, 0x7aa7, 0x9369,
    0x9369, 0x9369, 0x59e5, 0x7aa7, 0x7aa7, 0x59e5, 0x59e5, 0x7aa7, 0x7aa7, 0x7aa7, 0x7aa7, 0x7aa7, 0xbc2b, 0xbc2b, 0x7aa7, 0x9369,
    0x9369, 0x9369, 0x59e5, 0x7aa7, 0x7aa7, 0x59e5, 0x59e5, 0x7aa7, 0x7aa7, 0x7aa7, 0x7aa7, 0x7aa7, 0xbc2b, 0xbc2b, 0x7aa7, 0x9369,
    0x9369, 0x9369, 0x59e5, 0x7aa7, 0x7aa7, 0x59e5, 0x59e5, 0x7aa7, 0x7aa7, 0x7aa7, 0x7aa7, 0x7aa7, 0xbc2b, 0xbc2b, 0x7aa7, 0x9369,
    0x9369, 0x9369, 0x7aa7, 0xbc2b, 0xbc2b, 0x7aa7, 0xbc2b, 0x9369, 0x59e5, 0xbc2b, 0xbc2b, 0x7aa7, 0x9369, 0x9369, 0x8430, 0x7aa7,
    0x9369, 0x9369, 0x7aa7, 0xbc2b, 0xbc2b, 0x7aa7, 0xbc2b, 0x9369, 0x59e5, 0xbc2b, 0xbc2b, 0x7aa7, 0x9369, 0x9369, 0x8430, 0x7aa7,
    0x9369, 0x9369, 0x7aa7, 0xbc2b, 0xbc2b, 0x7aa7, 0xbc2b, 0x9369, 0x59e5, 0xbc2b, 0xbc2b, 0x7aa7, 0x9369, 0x9369, 0x8430, 0x7aa7,
    0x9369, 0x9369, 0x7aa7, 0xbc2b, 0xbc2b, 0x7aa7, 0xbc2b, 0x9369, 0x59e5, 0xbc2b, 0xbc2b, 0x7aa7, 0x9369, 0x9369, 0x8430, 0x7aa7,
    0x9369, 0x9369, 0x7aa7, 0xbc2b, 0xbc2b, 0x7aa7, 0xbc2b, 0x9369, 0x59e5, 0xbc2b, 0xbc2b, 0x7aa7, 0x9369, 0x9369, 0x8430, 0x7aa7,
    0x9369, 0x9369, 0x7aa7, 0xbc2b, 0xbc2b, 0x7aa7, 0xbc2b, 0x9369, 0x59e5, 0xbc2b, 0xbc2b, 0x7aa7, 0x9369, 0x9369, 0x8430, 0x7aa7,
    0x9369, 0x9369, 0x7aa7, 0xbc2b, 0xbc2b, 0x7aa7, 0xbc2b, 0x9369, 0x59e5, 0xbc2b, 0xbc2b, 0x7aa7, 0x9369, 0x9369, 0x8430, 0x7aa7,
    0x9369, 0x9369, 0x7aa7, 0xbc2b, 0xbc2b, 0x7aa7, 0xbc2b, 0x9369, 0x59e5, 0xbc2b, 0xbc2b, 0x7aa7, 0x9369, 0x9369, 0x8430, 0x7aa7,
    0x9369, 0x9369, 0x7aa7, 0xbc2b, 0xbc2b, 0x7aa7, 0xbc2b, 0x9369, 0x59e5, 0xbc2b, 0xbc2b, 0x7aa7, 0x9369, 0x9369, 0x8430, 0x7aa7,
    0x9369, 0x9369, 0x7aa7, 0xbc2b, 0xbc2b, 0x7aa7, 0xbc2b, 0x9369, 0x59e5, 0xbc2b, 0xbc2b, 0x7aa7, 0x9369, 0x9369, 0x8430, 0x7aa7,
    0x9369, 0x9369, 0x7aa7, 0xbc2b, 0xbc2b, 0x7aa7, 0xbc2b, 0x9369, 0x59e5, 0xbc2b, 0xbc2b, 0x7aa7, 0x9369, 0x9369, 0x8430, 0x7aa7,
    0x9369, 0x9369, 0x7aa7, 0xbc2b, 0xbc2b, 0x7aa7, 0xbc2b, 0x9369, 0x59e5, 0xbc2b, 0xbc2b, 0x7aa7, 0x9369, 0x9369, 0x8430, 0x7aa7,
    0x9369, 0x9369, 0x7aa7, 0xbc2b, 0xbc2b, 0x7aa7, 0xbc2b, 0x9369, 0x59e5, 0xbc2b, 0xbc2b, 0x7aa7, 0x9369, 0x9369, 0x8430, 0x7aa7,
    0x9369, 0x9369, 0x7aa7, 0xbc2b, 0xbc2b, 0x7aa7, 0xbc2b, 0x9369, 0x59e5, 0xbc2b, 0xbc2b, 0x7aa7, 0x9369, 0x9369, 0x8430, 0x7aa7,
    0x9369, 0x9369, 0x7aa7, 0xbc2b, 0xbc2b, 0x7aa7, 0xbc2b, 0x9369, 0x59e5, 0xbc2b, 0xbc2b, 0x7aa7, 0x9369, 0x9369, 0x8430, 0x7aa7,
    0x9369, 0x9369, 0x7aa7, 0xbc2b, 0xbc2b, 0x7aa7, 0xbc2b, 0x9369, 0x59e5, 0xbc2b, 0xbc2b, 0x7aa7, 0x9369, 0x9369, 0x8430, 0x7aa7,
    0x9369, 0x9369, 0x7aa7, 0xbc2b, 0xbc2b, 0x7aa7, 0xbc2b, 0x9369, 0x59e5, 0xbc2b, 0xbc2b, 0x7aa7, 0x9369, 0x9369, 0x8430, 0x7aa7,
    0x9369, 0x9369, 0x7aa7, 0xbc2b, 0xbc2b, 0x7aa7, 0xbc2b, 0x9369, 0x59e5, 0xbc2b, 0xbc2b, 0x7aa7, 0x9369, 0x9369, 0x8430, 0x7aa7,
    0x9369, 0x9369, 0x7aa7, 0xbc2b, 0xbc2b, 0x7aa7, 0xbc2b, 0x9369, 0x59e5, 0xbc2b, 0xbc2b, 0x7aa7, 0x9369, 0x9369, 0x8430, 0x7aa7,
    0x9369, 0x9369, 0x7aa7, 0xbc2b, 0xbc2b, 0x7aa7, 0xbc2b, 0x9369, 0x59e5, 0xbc2b, 0xbc2b, 0x7aa7, 0x9369, 0x9369, 0x8430, 0x7aa7,
    0x9369, 0x7aa7, 0x7aa7, 0x9369, 0x9369, 0xbc2b, 0x7aa7, 0x9369, 0x6b6d, 0x9369, 0x9369, 0x7aa7, 0x59e5, 0x9369, 0x7aa7, 0x59e5,
    0x9369, 0x7aa7, 0x7aa7, 0x9369, 0x9369, 0xbc2b, 0x7aa7, 0x9369, 0x6b6d, 0x9369, 0x9369, 0x7aa7, 0x59e5, 0x9369, 0x7aa7, 0x59e5,
    0x9369, 0x7aa7, 0x7aa7, 0x9369, 0x9369, 0xbc2b, 0x7aa7, 0x9369, 0x6b6d, 0x9369, 0x9369, 0x7aa7, 0x59e5, 0x9369, 0x7aa7, 0x59e5,
    0x9369, 0x7aa7, 0x7aa7, 0x9369, 0x9369, 0xbc2b, 0x7aa7, 0x9369, 0x6b6d, 0x9369, 0x9369, 0x7aa7, 0x59e5, 0x9369, 0x7aa7, 0x59e5,
    0x9369, 0x7aa7, 0x7aa7, 0x9369, 0x9369, 0xbc2b, 0x7aa7, 0x9369, 0x6b6d, 0x9369, 0x9369, 0x7aa7, 0x59e5, 0x9369, 0x7aa7, 0x59e5,
    0x9369, 0x7aa7, 0x7aa7, 0x9369, 0x9369, 0xbc2b, 0x7aa7, 0x9369, 0x6b6d, 0x9369, 0x9369, 0x7aa7, 0x59e5, 0x9369, 0x7aa7, 0x59e5,
    0x9369, 0x7aa7, 0x7aa7, 0x9369, 0x9369, 0xbc2b, 0x7aa7, 0x9369, 0x6b6d, 0x9369, 0x9369, 0x7aa7, 0x59e5, 0x9369, 0x7aa7, 0x59e5,
    0x9369, 0x7aa7, 0x7aa7, 0x9369, 0x9369, 0xbc2b, 0x7aa7, 0x9369, 0x6b6d, 0x9369, 0x9369, 0x7aa7, 0x59e5, 0x9369, 0x7aa7, 0x59e5,
    0x9369, 0x7aa7, 0x7aa7, 0x9369, 0x9369, 0xbc2b, 0x7aa7, 0x9369, 0x6b6d, 0x9369, 0x9369, 0x7aa7, 0x59e5, 0x9369, 0x7aa7, 0x59e5,
    0x9369, 0x7aa7, 0x7aa7, 0x9369, 0x9369, 0xbc2b, 0x7aa7, 0x9369, 0x6b6d, 0x9369, 0x9369, 0x7aa7, 0x59e5, 0x9369, 0x7aa7, 0x59e5,
    0x9369, 0x7aa7, 0x7aa7, 0x9369, 0x9369, 0xbc2b, 0x7aa7, 0x9369, 0x6b6d, 0x9369, 0x9369, 0x7aa7, 0x59e5, 0x9369, 0x7aa7, 0x59e5,
    0x9369, 0x7aa7, 0x7aa7, 0x9369, 0x9369, 0xbc2b, 0x7aa7, 0x9369, 0x6b6d, 0x9369, 0x9369, 0x7aa7, 0x59e5, 0x9369, 0x7aa7, 0x59e5,
    0x9369, 0x7aa7, 0x7aa7, 0x9369, 0x9369, 0xbc2b, 0x7aa7, 0x9369, 0x6b6d, 0x9369, 0x9369, 0x7aa7, 0x59e5, 0x9369, 0x7aa7, 0x59e5,
    0x9369, 0x7aa7, 0x7aa7, 0x9369, 0x9369, 0xbc2b, 0x7aa7, 0x9369, 0x6b6d, 0x9369, 0x9369, 0x7aa7, 0x59e5, 0x9369, 0x7aa7, 0x59e5,
    0x9369, 0x7aa7, 0x7aa7, 0x9369, 0x9369, 0xbc2b, 0x7aa7, 0x9369, 0x6b6d, 0x9369, 0x9369, 0x7aa7, 0x59e5, 0x9369, 0x7aa7, 0x59e5,
    0x9369, 0x7aa7, 0x7aa7, 0x9369, 0x9369, 0xbc2b, 0x7aa7, 0x9369, 0x6b6d, 0x9369, 0x9369, 0x7aa7, 0x59e5, 0x9369, 0x7aa7, 0x59e5,
    0x9369, 0x7aa7, 0x7aa7, 0x9369, 0x9369, 0xbc2b, 0x7aa7, 0x9369, 0x6b6d, 0x9369, 0x9369, 0x7aa7, 0x59e5, 0x9369, 0x7aa7, 0x59e5,
    0x9369, 0x7aa7, 0x7aa7, 0x9369, 0x9369, 0xbc2b, 0x7aa7, 0x9369, 0x6b6d, 0x9369, 0x9369, 0x7aa7, 0x59e5, 0x9369, 0x7aa7, 0x59e5,
    0x9369, 0x7aa7, 0x7aa7, 0x9369, 0x9369, 0xbc2b, 0x7aa7, 0x9369, 0x6b6d, 0x9369, 0x9369, 0x7aa7, 0x59e5, 0x9369, 0x7aa7, 0x59e5,
    0x9369, 0x7aa7, 0x7aa7, 0x9369, 0x9369, 0xbc2b, 0x7aa7, 0x9369, 0x6b6d, 0x9369, 0x9369, 0x7aa7, 0x59e5, 0x9369, 0x7aa7, 0x59e5,
    0x7aa7, 0x59e5, 0x9369, 0x7aa7, 0x9369, 0x9369, 0xbc2b, 0x7aa7, 0x7aa7, 0x7aa7, 0x7aa7, 0x7aa7, 0x7aa7, 0x7aa7, 0xbc2b, 0xbc2b,
    0x7aa7, 0x59e5, 0x9369, 0x7aa7, 0x9369, 0x9369, 0xbc2b, 0x7aa7, 0x7aa7, 0x7aa7, 0x7aa7, 0x7aa7, 0x7aa7, 0x7aa7, 0xbc2b, 0xbc2b,
    0x7aa7, 0x0841, 0x0841, 0x0841, 0x0841, 0x0841, 0x0841, 0x0841, 0x0841, 0x0841, 0x0841, 0x0841, 0x0841, 0x7aa7, 0xbc2b, 0xbc2b,
    0x7aa7, 0x59e5, 0x9369, 0x7aa7, 0x9369, 0x9369, 0xbc2b, 0x7aa7, 0x7aa7, 0x7aa7, 0x0841, 0x0841, 0x0841, 0x0841, 0x0841, 0x0841,
    0x0841, 0x0841, 0x0841, 0x0841, 0x0841, 0x0841, 0x0841, 0x7aa7, 0x7aa7, 0x0841, 0x0841, 0x0841, 0x0841, 0x0841, 0x0841, 0x0841,
    0x0841, 0x0841, 0x0841, 0x0841, 0x0841, 0x0841, 0xbc2b, 0x0841, 0x0841, 0x0841, 0x0841, 0x0841, 0x0841, 0x0841, 0x0841, 0x0841,
    0x0841, 0x0841, 0x0841, 0x0841, 0x9369, 0x9369, 0xbc2b, 0x7aa7, 0x7aa7, 0x7aa7, 0x0841, 0x0841, 0x0841, 0x0841, 0x0841, 0x0841,
    0x0841, 0x0841, 0x0841, 0x0841, 0x0841, 0x0841, 0xbc2b, 0x7aa7, 0x7aa7, 0x0841, 0x0841, 0x0841, 0x0841, 0x0841, 0x0841, 0x0841,
    0x0841, 0x0841, 0x0841, 0x0841, 0x0841, 0x0841, 0x0841, 0x0841, 0x0841, 0x0841, 0x0841, 0x0841, 0x0841, 0x0841, 0x0841, 0x0841,
    0x0841, 0x0841, 0x0841, 0x0841, 0x9369, 0x0841, 0x0841, 0x0841, 0x0841, 0x0841, 0x0841, 0x0841, 0x0841, 0x0841, 0x0841, 0x0841,
    0x0841, 0x0841, 0x0841, 0x0841, 0x0841, 0x0841, 0x0841, 0x0841, 0x0841, 0x0841, 0x0841, 0x0841, 0x0841, 0x0841, 0x0841, 0x0841,
    0x0841, 0x0841, 0x9369, 0x7aa7, 0x9369, 0x9369, 0xbc2b, 0x7aa7, 0x7aa7, 0x7aa7, 0x7aa7, 0x7aa7, 0x0841, 0xb575, 0xb575, 0xb575,
    0xb575, 0xb575, 0xb575, 0xb575, 0xb575, 0xb575, 0xb575, 0x0841, 0x0841, 0x7aa7, 0x7aa7, 0x7aa7, 0x7aa7, 0x7aa7, 0xbc2b, 0xbc2b,
    0x7aa7, 0x59e5, 0x9369, 0x7aa7, 0x9369, 0x0841, 0x5aab, 0xb575, 0xb575, 0xb575, 0xb575, 0xb575, 0xb575, 0xb575, 0xb575, 0xb575,
    0xb575, 0x5aab, 0x0841, 0x7aa7, 0x0841, 0xb575, 0xb575, 0xb575, 0xb575, 0xb575, 0xb575, 0xb575, 0xb575, 0xb575, 0xb575, 0xb575,
    0x0841, 0x59e5, 0x0841, 0x5aab, 0xb575, 0xb575, 0xb575, 0xb575, 0xb575, 0xb575, 0xb575, 0xb575, 0xb575, 0xb575, 0x0841, 0xbc2b,
    0x7aa7, 0x59e5, 0x9369, 0x7aa7, 0x9369, 0x0841, 0xb575, 0xb575, 0xb575, 0xb575, 0xb575, 0xb575, 0xb575, 0xb575, 0xb575, 0xb575,
    0xb575, 0x59e5, 0x9369, 0x0841, 0x83ef, 0xb575, 0xb575, 0xb575, 0xb575, 0xb575, 0xb575, 0xb575, 0xb575, 0xb575, 0xb575, 0xb575,
    0xb575, 0xb575, 0xb575, 0xb575, 0xb575, 0xb575, 0xb575, 0xb575, 0xb575, 0x7aa7, 0x7aa7, 0x7aa7, 0x7aa7, 0x7aa7, 0xbc2b, 0xbc2b,
    0x7aa7, 0x59e5, 0x9369, 0x7aa7, 0x9369, 0x9369, 0xbc2b, 0x7aa7, 0x7aa7, 0x7aa7, 0x7aa7, 0x7aa7, 0x7aa7, 0x7aa7, 0xbc2b, 0xbc2b,
    0x7aa7, 0x9369, 0x7aa7, 0x7aa7, 0x72c8, 0x7aa7, 0x9369, 0x9369, 0x7aa7, 0x59e5, 0xbc2b, 0x59e5, 0x7aa7, 0xbc2b, 0x9369, 0x9369,
    0x7aa7, 0x9369, 0x7aa7, 0x7aa7, 0x72c8, 0x7aa7, 0x9369, 0xb575, 0xb575, 0xb575, 0xb575, 0xb575, 0x0841, 0xbc2b, 0x0841, 0x83ef,
    0xb575, 0xb575, 0xb575, 0xb575, 0xb575, 0xb575, 0xb575, 0xb575, 0xb575, 0xb575, 0xb575, 0xb575, 0xb575, 0xb575, 0xb575, 0xb575,
    0xb575, 0xb575, 0xb575, 0xb575, 0xb575, 0xb575, 0xb575, 0xb575, 0xb575, 0xb575, 0x0841, 0x59e5, 0x7aa7, 0xbc2b, 0x9369, 0x9369,
    0x7aa7, 0x9369, 0x7aa7, 0x7aa7, 0x0841, 0x5aab, 0xb575, 0xb575, 0xb575, 0xb575, 0xb575, 0xb575, 0xb575, 0xb575, 0xb575, 0xb575,
    0x0841, 0x0841, 0x0841, 0x7aa7, 0x72c8, 0x7aa7, 0x9369, 0x9369, 0x7aa7, 0x59e5, 0xbc2b, 0x59e5, 0x7aa7, 0xbc2b, 0x0841, 0x83ef,
    0xb575, 0xb575, 0xb575, 0xb575, 0xb575, 0xb575, 0xb575, 0xb575, 0xb575, 0xb575, 0x0841, 0x0841, 0x0841, 0x5aab, 0xb575, 0xb575,
    0xb575, 0xb575, 0xb575, 0xb575, 0xb575, 0xb575, 0xb575, 0xb575, 0xb575, 0x0841, 0xbc2b, 0x0841, 0x83ef, 0xb575, 0xb575, 0xb575,
    0xb575, 0xb575, 0xb575, 0xb575, 0xb575, 0xb575, 0xb575, 0x0841, 0x0841, 0x59e5, 0xbc2b, 0x59e5, 0x7aa7, 0x0841, 0x0841, 0xb575,
    0xb575, 0xb575, 0xb575, 0xb575, 0xb575, 0xb575, 0xb575, 0xb575, 0xb575, 0xb575, 0x0841, 0x59e5, 0x0841, 0xb575, 0xb575, 0xb575,
    0xb575, 0xb575, 0xb575, 0xb575, 0xb575, 0xb575, 0xb575, 0xb575, 0xb575, 0xb575, 0xb575, 0xb575, 0xb575, 0xb575, 0xb575, 0xb575,
    0xb575, 0xb575, 0xb575, 0xb575, 0xb575, 0xb575, 0xb575, 0x0841, 0x7aa7, 0x0841, 0x83ef, 0xb575, 0xb575, 0xb575, 0xb575, 0xb575,
    0xb575, 0xb575, 0xb575, 0xb575, 0xb575, 0xb575, 0xb575, 0xb575, 0xb575, 0xb575, 0xb575, 0xb575, 0xb575, 0xb575, 0xb575, 0xb575,
    0xb575, 0xb575, 0xb575, 0xb575, 0xb575, 0x0841, 0x9369, 0x9369, 0x7aa7, 0x59e5, 0xbc2b, 0x59e5, 0x7aa7, 0xbc2b, 0x9369, 0x0841,
    0x83ef, 0xb575, 0xb575, 0xb575, 0xb575, 0xb575, 0xb575, 0xb575, 0xb575, 0xb575, 0x83ef, 0x0841, 0x0841, 0x0841, 0x0841, 0x9369,
    0x7aa7, 0x9369, 0x7aa7, 0x7aa7, 0x72c8, 0x7aa7, 0x9369, 0x9369, 0x7aa7, 0x0841, 0xb575, 0xb575, 0xb575, 0xb575, 0xb575, 0xb575,
    0xb575, 0xb575, 0xb575, 0xb575, 0x83ef, 0x0841, 0x0841, 0x0841, 0x83ef, 0xb575, 0xb575, 0xb575, 0xb575, 0xb575, 0xb575, 0xb575,
    0xb575, 0xb575, 0xb575, 0x83ef, 0x0841, 0x0841, 0x0841, 0xb575, 0xb575, 0xb575, 0xb575, 0xb575, 0xb575, 0xb575, 0xb575, 0xb575,
    0xb575, 0xb575, 0x0841, 0x0841, 0x72c8, 0x7aa7, 0x9369, 0x9369, 0x0841, 0x59e5, 0xbc2b, 0x59e5, 0x7aa7, 0xbc2b, 0x9369, 0x9369,
    0x7aa7, 0x9369, 0x7aa7, 0x7aa7, 0x72c8, 0x7aa7, 0x9369, 0x9369, 0x7aa7, 0x59e5, 0xbc2b, 0x59e5, 0x7aa7, 0xbc2b, 0x9369, 0x9369,
    0x9369, 0x7aa7, 0x59e5, 0xbc2b, 0x7aa7, 0x59e5, 0x7aa7, 0x59e5, 0x7aa7, 0x7aa7, 0x7aa7, 0x59e5, 0x7aa7, 0x7aa7, 0x9369, 0x9369,
    0x9369, 0x7aa7, 0x59e5, 0xbc2b, 0x7aa7, 0x59e5, 0x7aa7, 0x5aab, 0xb575, 0xb575, 0xb575, 0xb575, 0xb575, 0xb575, 0xb575, 0xb575,
    0xb575, 0xb575, 0xb575, 0x0841, 0x7aa7, 0x0841, 0xb575, 0xb575, 0xb575, 0xb575, 0xb575, 0xb575, 0xb575, 0xb575, 0xb575, 0xb575,
    0xb575, 0xb575, 0xb575, 0xb575, 0xb575, 0xb575, 0xb575, 0xb575, 0xb575, 0xb575, 0xb575, 0xb575, 0xb575, 0xb575, 0xb575, 0xb575,
    0x0841, 0x7aa7, 0x0841, 0xb575, 0xb575, 0xb575, 0xb575, 0xb575, 0xb575, 0xb575, 0xb575, 0xb575, 0xb575, 0xb575, 0xb575, 0xb575,
    0xb575, 0xb575, 0xb575, 0xb575, 0xb575, 0xb575, 0xb575, 0xb575, 0xb575, 0xb575, 0xb575, 0xb575, 0xb575, 0x5aab, 0x9369, 0x9369,
    0x9369, 0x7aa7, 0x59e5, 0xbc2b, 0x7aa7, 0x59e5, 0x7aa7, 0x59e5, 0x0841, 0xb575, 0xb575, 0xb575, 0xb575, 0xb575, 0xb575, 0xb575,
    0xb575, 0xb575, 0xb575, 0x5aab, 0x0841, 0x0841, 0x0841, 0x0841, 0x0841, 0x7aa7, 0x7aa7, 0x59e5, 0x7aa7, 0x7aa7, 0x9369, 0x9369,
    0x9369, 0x0841, 0x5aab, 0xb575, 0xb575, 0xb575, 0xb575, 0xb575, 0xb575, 0xb575, 0xb575, 0xb575, 0xb575, 0x5aab, 0x0841, 0x0841,
    0x0841, 0xb575, 0xb575, 0xb575, 0xb575, 0xb575, 0xb575, 0xb575, 0xb575, 0xb575, 0xb575, 0xb575, 0x5aab, 0x0841, 0x0841, 0x0841,
    0xb575, 0xb575, 0xb575, 0xb575, 0xb575, 0xb575, 0xb575, 0xb575, 0xb575, 0xb575, 0xb575, 0x0841, 0x0841, 0x0841, 0x9369, 0x9369,
    0x9369, 0x0841, 0x5aab, 0xb575, 0xb575, 0xb575, 0xb575, 0xb575, 0xb575, 0xb575, 0xb575, 0xb575, 0xb575, 0x83ef, 0x0841, 0x9369,
    0x0841, 0xb575, 0xb575, 0xb575, 0xb575, 0xb575, 0xb575, 0xb575, 0xb575, 0xb575, 0xb575, 0xb575, 0xb575, 0xb575, 0xb575, 0xb575,
    0xb575, 0xb575, 0xb575, 0xb575, 0xb575, 0xb575, 0xb575, 0xb575, 0xb575, 0xb575, 0xb575, 0x0841, 0x7aa7, 0x0841, 0xb575, 0xb575,
    0xb575, 0xb575, 0xb575, 0xb575, 0xb575, 0xb575, 0xb575, 0xb575, 0xb575, 0xb575, 0xb575, 0xb575, 0xb575, 0xb575, 0xb575, 0xb575,
    0xb575, 0xb575, 0xb575, 0xb575, 0xb575, 0xb575, 0xb575, 0xb575, 0x0841, 0x7aa7, 0x7aa7, 0x59e5, 0x7aa7, 0x7aa7, 0x9369, 0x9369,
    0x9369, 0x7aa7, 0x0841, 0x5aab, 0xb575, 0xb575, 0xb575, 0xb575, 0xb575, 0xb575, 0xb575, 0xb575, 0xb575, 0xb575, 0x0841, 0x0841,
    0x0841, 0x0841, 0x0841, 0x0841, 0x7aa7, 0x59e5, 0x7aa7, 0x59e5, 0x7aa7, 0x7aa7, 0x7aa7, 0x59e5, 0x0841, 0x83ef, 0xb575, 0xb575,
    0xb575, 0xb575, 0xb575, 0xb575, 0xb575, 0xb575, 0xb575, 0xb575, 0x0841, 0x7aa7, 0x7aa7, 0x59e5, 0x7aa7, 0x7aa7, 0x9369, 0x9369,
    0x9369, 0x7aa7, 0x59e5, 0xbc2b, 0x7aa7, 0x59e5, 0x7aa7, 0x59e5, 0x7aa7, 0x7aa7, 0x7aa7, 0x59e5, 0x7aa7, 0x7aa7, 0x9369, 0x9369,
    0x9369, 0x7aa7, 0xbc2b, 0x9369, 0x9369, 0x7aa7, 0x8430, 0x9369, 0x9369, 0x9369, 0x7aa7, 0x7aa7, 0x9369, 0x9369, 0x7aa7, 0x59e5,
    0x9369, 0x7aa7, 0xbc2b, 0x9369, 0x9369, 0x7aa7, 0x8430, 0x0841, 0x0841, 0x0841, 0xb575, 0xb575, 0xb575, 0xb575, 0xb575, 0xb575,
    0xb575, 0xb575, 0xb575, 0xb575, 0xb575, 0x0841, 0x0841, 0x0841, 0x5aab, 0xb575, 0xb575, 0xb575, 0xb575, 0xb575, 0xb575, 0xb575,
    0xb575, 0xb575, 0xb575, 0xb575, 0x0841, 0x0841, 0x0841, 0x9369, 0x9369, 0x9369, 0x0841, 0x83ef, 0xb575, 0xb575, 0xb575, 0xb575,
    0xb575, 0xb575, 0xb575, 0xb575, 0xb575, 0xb575, 0x83ef, 0x0841, 0x0841, 0x2945, 0xb575, 0xb575, 0xb575, 0xb575, 0xb575, 0xb575,
    0xb575, 0xb575, 0xb575, 0xb575, 0xb575, 0xb575, 0xb575, 0xb575, 0xb575, 0xb575, 0xb575, 0xb575, 0xb575, 0xb575, 0xb575, 0xb575,
    0xb575, 0xb575, 0xb575, 0xb575, 0x0841, 0x7aa7, 0x0841, 0xb575, 0xb575, 0xb575, 0xb575, 0xb575, 0xb575, 0xb575, 0xb575, 0xb575,
    0xb575, 0xb575, 0xb575, 0xb575, 0xb575, 0xb575, 0xb575, 0xb575, 0xb575, 0xb575, 0xb575, 0xb575, 0xb575, 0xb575, 0xb575, 0xb575,
    0xb575, 0x0841, 0xbc2b, 0x9369, 0x9369, 0x7aa7, 0x8430, 0x9369, 0x9369, 0x9369, 0x7aa7, 0x0841, 0x83ef, 0xb575, 0xb575, 0xbdb6,
    0xe6fa, 0xe6fa, 0xe6fa, 0xe6fa, 0xe6fa, 0xe6fa, 0xbdb6, 0x0841, 0x0841, 0x0841, 0x0841, 0x0841, 0x0841, 0x0841, 0x7aa7, 0x59e5,
    0x9369, 0x0841, 0x0841, 0x0841, 0x0841, 0x0841, 0x5aab, 0x5aab, 0x83ef, 0xb575, 0xb575, 0xb575, 0xb575, 0xb575, 0xb575, 0xb575,
    0xb575, 0x0841, 0x0841, 0x0841, 0x5aab, 0xb575, 0xb575, 0xb575, 0xb575, 0xb575, 0xb575, 0xb575, 0xb575, 0xb575, 0xb575, 0xb575,
    0x0841, 0x0841, 0x0841, 0x83ef, 0xb575, 0xb575, 0xb575, 0xb575, 0xb575, 0xb575, 0xb575, 0xb575, 0x83ef, 0x83ef, 0x5aab, 0x0841,
    0x0841, 0x0841, 0x0841, 0x9369, 0x9369, 0x0841, 0x2945, 0x2945, 0xb575, 0xb575, 0xb575, 0xb575, 0xb575, 0xb575, 0xb575, 0xb575,
    0xb575, 0x5aab, 0x0841, 0x0841, 0x2945, 0xb575, 0xb575, 0xb575, 0xb575, 0xb575, 0xb575, 0xb575, 0xb575, 0xb575, 0xb575, 0xb575,
    0xbdb6, 0xe6fa, 0xe6fa, 0xe6fa, 0xe6fa, 0xe6fa, 0xe6fa, 0xe6fa, 0xe6fa, 0xe6fa, 0xe6fa, 0xe6fa, 0xe6fa, 0xbdb6, 0x5aab, 0x0841,
    0x9369, 0x0841, 0xb575, 0xb575, 0xb575, 0xb575, 0xb575, 0xb575, 0xb575, 0xb575, 0xb575, 0xb575, 0xb575, 0xb575, 0xbdb6, 0xe6fa,
    0xe6fa, 0xe6fa, 0xe6fa, 0xe6fa, 0xe6fa, 0xe6fa, 0xe6fa, 0xe6fa, 0xe6fa, 0xe6fa, 0xe6fa, 0x83ef, 0x0841, 0x9369, 0x7aa7, 0x59e5,
    0x9369, 0x7aa7, 0xbc2b, 0x9369, 0x9369, 0x7aa7, 0x0841, 0x2945, 0x2945, 0x9369, 0x7aa7, 0x7aa7, 0x9369, 0x9369, 0x7aa7, 0x59e5,
    0x9369, 0x7aa7, 0xbc2b, 0x9369, 0x9369, 0x7aa7, 0x8430, 0x9369, 0x9369, 0x9369, 0x7aa7, 0x7aa7, 0x9369, 0x9369, 0x7aa7, 0x59e5,
    0xbc2b, 0x9369, 0x9369, 0x7aa7, 0x7aa7, 0xbc2b, 0x9369, 0x9369, 0x7aa7, 0x7aa7, 0x59e5, 0x7aa7, 0x7aa7, 0xbc2b, 0x7aa7, 0xbc2b,
    0xbc2b, 0x9369, 0x9369, 0x7aa7, 0x7aa7, 0xbc2b, 0x9369, 0x2945, 0x5aab, 0x5aab, 0x5aab, 0x83ef, 0x83ef, 0x83ef, 0x83ef, 0x83ef,
    0x83ef, 0x83ef, 0x5aab, 0x0841, 0x0841, 0x0841, 0x0841, 0x0841, 0x7aa7, 0x7aa7, 0x0841, 0x83ef, 0xb575, 0xb575, 0xb575, 0xb575,
    0xb575, 0x5aab, 0xb575, 0xb575, 0xb575, 0xb575, 0xb575, 0xb575, 0xb575, 0x83ef, 0x0841, 0x0841, 0x0841, 0x83ef, 0xb575, 0xb575,
    0xb575, 0xb575, 0xb575, 0xb575, 0xb575, 0xb575, 0xb575, 0xb575, 0x83ef, 0x0841, 0x0841, 0x0841, 0xb575, 0xb575, 0xb575, 0xb575,
    0xb575, 0xb575, 0xb575, 0xb575, 0xb575, 0xb575, 0xb575, 0xb575, 0xb575, 0xb575, 0xb575, 0x0841, 0x7aa7, 0xbc2b, 0x0841, 0xad34,
    0x5aab, 0x2945, 0x2945, 0x5aab, 0xb575, 0xbdb6, 0xe6fa, 0xe6fa, 0xe6fa, 0xbdb6, 0x0841, 0x0841, 0x0841, 0x5aab, 0xb575, 0xb575,
    0xb575, 0xb575, 0xb575, 0xb575, 0xb575, 0xb575, 0xb575, 0xb575, 0xb575, 0x0841, 0x0841, 0x0841, 0x0841, 0x0841, 0x0841, 0x0841,
    0x0841, 0x0841, 0x0841, 0x0841, 0x0841, 0x0841, 0x0841, 0x0841, 0x0841, 0x7aa7, 0x0841, 0xb575, 0xb575, 0xb575, 0xb575, 0xb575,
    0xb575, 0xb575, 0xb575, 0xb575, 0xb575, 0xb575, 0xb575, 0x5aab, 0x0841, 0x0841, 0x0841, 0x0841, 0x0841, 0x0841, 0x0841, 0x0841,
    0x0841, 0x0841, 0x0841, 0x0841, 0x0841, 0x0841, 0x9369, 0x9369, 0x7aa7, 0x7aa7, 0x59e5, 0x7aa7, 0x7aa7, 0xbc2b, 0x0841, 0x5aab,
    0x83ef, 0xb575, 0xb575, 0xb575, 0xb575, 0xb575, 0xb575, 0xb575, 0xb575, 0xb575, 0xb575, 0xb575, 0xb575, 0xb575, 0x0841, 0x0841,
    0x0841, 0x0841, 0x0841, 0x0841, 0x7aa7, 0x0841, 0xb575, 0xb575, 0xb575, 0xb575, 0xb575, 0xb575, 0x5aab, 0xb575, 0xb575, 0xb575,
    0xb575, 0xb575, 0xb575, 0xb575, 0x5aab, 0x0841, 0x0841, 0x0841, 0xb575, 0xb575, 0xb575, 0xb575, 0xb575, 0xb575, 0xb575, 0x83ef,
    0x83ef, 0x5aab, 0x5aab, 0x5aab, 0x0841, 0x0841, 0x0841, 0xb575, 0xb575, 0xb575, 0xb575, 0xb575, 0xb575, 0xb575, 0xb575, 0xb575,
    0xb575, 0xb575, 0xb575, 0xb575, 0xb575, 0xb575, 0x0841, 0x0841, 0x7aa7, 0x0841, 0xb575, 0xb575, 0xb575, 0xb575, 0x83ef, 0x5aab,
    0x5aab, 0x83ef, 0x83ef, 0x83ef, 0x83ef, 0x0841, 0x0841, 0x0841, 0x5aab, 0xb575, 0xb575, 0xb575, 0xb575, 0xb575, 0xb575, 0xb575,
    0xb575, 0xb575, 0xb575, 0xb575, 0x0841, 0x0841, 0x0841, 0x0841, 0x0841, 0x0841, 0x0841, 0x0841, 0x0841, 0x0841, 0x0841, 0x0841,
    0x0841, 0x0841, 0x0841, 0x0841, 0x7aa7, 0x0841, 0xb575, 0xb575, 0xb575, 0x7aa7, 0x59e5, 0x7aa7, 0x7aa7, 0xbc2b, 0x7aa7, 0xbc2b,
    0xbc2b, 0x9369, 0x9369, 0x7aa7, 0x7aa7, 0xbc2b, 0x9369, 0x9369, 0x7aa7, 0x7aa7, 0x59e5, 0x7aa7, 0x7aa7, 0xbc2b, 0x7aa7, 0xbc2b,
    0x7aa7, 0x9369, 0x59e5, 0x7aa7, 0x7aa7, 0x9369, 0x8430, 0x59e5, 0x7aa7, 0xbc2b, 0x9369, 0x7aa7, 0x7aa7, 0x9369, 0x59e5, 0x59e5,
    0x7aa7, 0x9369, 0x59e5, 0x7aa7, 0x7aa7, 0x9369, 0x8430, 0xb575, 0xb575, 0xb575, 0xb575, 0xb575, 0xb575, 0xb575, 0xb575, 0xb575,
    0x0841, 0x0841, 0x0841, 0x0841, 0x0841, 0x0841, 0x0841, 0x0841, 0x0841, 0x0841, 0x0841, 0x0841, 0x0841, 0x0841, 0x0841, 0x59e5,
    0x7aa7, 0x9369, 0x59e5, 0x7aa7, 0x7aa7, 0x9369, 0x8430, 0x0841, 0x83ef, 0xb575, 0xb575, 0xb575, 0xb575, 0xb575, 0xb575, 0xb575,
    0xb575, 0xb575, 0xb575, 0xb575, 0xb575, 0xb575, 0x83ef, 0x0841, 0x0841, 0x0841, 0x0841, 0x0841, 0x0841, 0x0841, 0x5aab, 0xb575,
    0xb575, 0xb575, 0xb575, 0xb575, 0xb575, 0x5aab, 0xb575, 0xb575, 0xb575, 0xb575, 0xb575, 0xb575, 0xb575, 0x0841, 0x0841, 0x0841,
    0x0841, 0xb575, 0xb575, 0xb575, 0xb575, 0xb575, 0xb575, 0xb575, 0xb575, 0xb575, 0xb575, 0xb575, 0x5aab, 0x0841, 0x0841, 0x0841,
    0xb575, 0xb575, 0xb575, 0xb575, 0xb575, 0xb575, 0xb575, 0xb575, 0xb575, 0xb575, 0xb575, 0xb575, 0xb575, 0xb575, 0xb575, 0x0841,
    0x0841, 0x0841, 0x5aab, 0xb575, 0xb575, 0xb575, 0xb575, 0xb575, 0xb575, 0xb575, 0xb575, 0xb575, 0xb575, 0xb575, 0x0841, 0x0841,
    0x0841, 0x83ef, 0x83ef, 0x83ef, 0x5aab, 0x5aab, 0x5aab, 0x83ef, 0x83ef, 0xb575, 0xb575, 0xb575, 0x83ef, 0x0841, 0x0841, 0x0841,
    0x0841, 0x0841, 0x0841, 0x0841, 0x0841, 0x0841, 0x0841, 0x0841, 0x0841, 0x0841, 0x0841, 0x0841, 0x0841, 0x9369, 0x0841, 0xb575,
    0xb575, 0xb575, 0xb575, 0xb575, 0xb575, 0xb575, 0xb575, 0xb575, 0xb575, 0xb575, 0xb575, 0x0841, 0x0841, 0x0841, 0x0841, 0x0841,
    0x0841, 0x0841, 0x0841, 0x0841, 0x0841, 0x0841, 0x0841, 0x0841, 0x0841, 0x0841, 0x9369, 0x7aa7, 0x7aa7, 0x9369, 0x59e5, 0x59e5,
    0x7aa7, 0x9369, 0x5aab, 0xb575, 0xb575, 0xb575, 0xb575, 0xb575, 0xb575, 0xb575, 0xb575, 0xb575, 0xb575, 0xb575, 0xb575, 0xb575,
    0xb575, 0x5aab, 0x0841, 0x0841, 0x0841, 0x0841, 0x0841, 0x0841, 0x0841, 0xb575, 0xb575, 0xb575, 0xb575, 0xb575, 0xb575, 0xb575,
    0x83ef, 0xb575, 0xb575, 0xb575, 0xb575, 0xb575, 0xb575, 0xb575, 0x0841, 0x0841, 0x0841, 0x5aab, 0xb575, 0xb575, 0xb575, 0xb575,
    0xb575, 0xb575, 0xb575, 0xb575, 0xb575, 0xb575, 0xb575, 0x0841, 0x0841, 0x0841, 0x5aab, 0xb575, 0xb575, 0xb575, 0xb575, 0xb575,
    0xb575, 0xb575, 0xb575, 0xb575, 0xb575, 0xb575, 0xb575, 0xb575, 0xb575, 0xb575, 0x0841, 0x0841, 0x0841, 0x83ef, 0xb575, 0xb575,
    0xb575, 0xb575, 0xb575, 0xb575, 0xb575, 0xb575, 0xb575, 0xb575, 0xb575, 0xbc2b, 0x9369, 0x7aa7, 0x7aa7, 0x9369, 0x59e5, 0x59e5,
    0x7aa7, 0x9369, 0x59e5, 0x7aa7, 0x7aa7, 0x9369, 0x8430, 0x59e5, 0x7aa7, 0xbc2b, 0x9369, 0x7aa7, 0x7aa7, 0x9369, 0x59e5, 0x59e5,
    0xbc2b, 0x7aa7, 0x7aa7, 0x59e5, 0xbc2b, 0x7aa7, 0x7aa7, 0x7aa7, 0xbc2b, 0x7aa7, 0x7aa7, 0x7aa7, 0x59e5, 0x59e5, 0xbc2b, 0x7aa7,
    0xbc2b, 0x7aa7, 0x7aa7, 0x59e5, 0xbc2b, 0x7aa7, 0x7aa7, 0x0841, 0x0841, 0x0841, 0xb575, 0xb575, 0xb575, 0xb575, 0xb575, 0xb575,
    0xb575, 0xb575, 0xb575, 0xb575, 0xb575, 0x5aab, 0x0841, 0x0841, 0x0841, 0x0841, 0x0841, 0x0841, 0x0841, 0x0841, 0x0841, 0x0841,
    0x0841, 0x0841, 0x0841, 0x0841, 0x0841, 0x0841, 0x7aa7, 0x0841, 0xb575, 0xb575, 0xb575, 0xb575, 0xbdb6, 0xe6fa, 0xe6fa, 0xe6fa,
    0xbdb6, 0xb575, 0xb575, 0xb575, 0x0841, 0x0841, 0x0841, 0x0841, 0x0841, 0x0841, 0x0841, 0x0841, 0x0841, 0x0841, 0x0841, 0x0841,
    0x0841, 0x0841, 0x0841, 0x59e5, 0xbc2b, 0x7aa7, 0x7aa7, 0x7aa7, 0xbc2b, 0x7aa7, 0x7aa7, 0x5aab, 0xb575, 0xb575, 0xb575, 0xb575,
    0xb575, 0xb575, 0xb575, 0xb575, 0xb575, 0xb575, 0xb575, 0xb575, 0xb575, 0xb575, 0x0841, 0x0841, 0x0841, 0x0841, 0x0841, 0x0841,
    0x0841, 0x0841, 0xb575, 0xb575, 0xb575, 0xb575, 0xb575, 0xb575, 0xb575, 0x83ef, 0xb575, 0xb575, 0xb575, 0xb575, 0xb575, 0xb575,
    0x83ef, 0x0841, 0x0841, 0x0841, 0x83ef, 0xb575, 0xb575, 0xb575, 0xb575, 0xb575, 0xb575, 0xb575, 0xb575, 0xb575, 0xb575, 0xb575,
    0x0841, 0x0841, 0x0841, 0x83ef, 0xb575, 0xb575, 0xb575, 0xb575, 0xb575, 0xb575, 0xb575, 0xb575, 0xb575, 0xb575, 0xb575, 0xb575,
    0xb575, 0xb575, 0x83ef, 0x0841, 0x0841, 0x0841, 0xad34, 0xb575, 0xb575, 0xb575, 0xb575, 0xb575, 0xb575, 0xb575, 0xb575, 0xb575,
    0xb575, 0x83ef, 0x0841, 0x0841, 0x0841, 0xb575, 0xb575, 0xb575, 0xb575, 0xb575, 0xb575, 0xb575, 0xb575, 0xb575, 0xb575, 0xb575,
    0x0841, 0x0841, 0x0841, 0x0841, 0x0841, 0x0841, 0x0841, 0x0841, 0x0841, 0x0841, 0x0841, 0x0841, 0x0841, 0x0841, 0x0841, 0x0841,
    0x0841, 0x7aa7, 0x0841, 0xb575, 0xb575, 0xb575, 0x83ef, 0x83ef, 0x83ef, 0x5aab, 0x5aab, 0x2945, 0x2945, 0x83ef, 0xb575, 0x0841,
    0x0841, 0x0841, 0x0841, 0x0841, 0x0841, 0x0841, 0x0841, 0x0841, 0x0841, 0x0841, 0x0841, 0x0841, 0x0841, 0x0841, 0xbc2b, 0x7aa7,
    0xbc2b, 0x7aa7, 0x7aa7, 0x59e5, 0xbc2b, 0x0841, 0xb575, 0xb575, 0xb575, 0xb575, 0xb575, 0xb575, 0xb575, 0xb575, 0xb575, 0xb575,
    0xb575, 0xb575, 0xb575, 0xb575, 0xb575, 0x0841, 0x0841, 0x0841, 0x0841, 0x0841, 0x0841, 0x0841, 0x5aab, 0xb575, 0xbdb6, 0xbdb6,
    0xe6fa, 0xe6fa, 0xe6fa, 0xe6fa, 0x83ef, 0xb575, 0xb575, 0xb575, 0xb575, 0xb575, 0xb575, 0x5aab, 0x0841, 0x0841, 0x0841, 0xb575,
    0xb575, 0xb575, 0xb575, 0xb575, 0xb575, 0xb575, 0xb575, 0xb575, 0xb575, 0x7aa7, 0x7aa7, 0x7aa7, 0x59e5, 0x59e5, 0xbc2b, 0x7aa7,
    0xbc2b, 0x7aa7, 0x7aa7, 0x59e5, 0xbc2b, 0x7aa7, 0x7aa7, 0x7aa7, 0xbc2b, 0x7aa7, 0x7aa7, 0x7aa7, 0x59e5, 0x59e5, 0xbc2b, 0x7aa7,
    0x9369, 0x6b6d, 0xbc2b, 0x7aa7, 0x9369, 0x59e5, 0x7aa7, 0xbc2b, 0x9369, 0x9369, 0x7aa7, 0x9369, 0x7aa7, 0xbc2b, 0x9369, 0x7aa7,
    0x9369, 0x6b6d, 0xbc2b, 0x7aa7, 0x9369, 0x59e5, 0x7aa7, 0xb575, 0x83ef, 0x0841, 0x0841, 0x0841, 0xb575, 0xb575, 0xb575, 0xb575,
    0xb575, 0xb575, 0xb575, 0xb575, 0xb575, 0xb575, 0xb575, 0xb575, 0xb575, 0xb575, 0xb575, 0x5aab, 0x0841, 0x0841, 0x5aab, 0xb575,
    0xb575, 0xb575, 0xb575, 0xb575, 0xb575, 0xb575, 0xb575, 0xb575, 0xb575, 0xb575, 0x83ef, 0x0841, 0x0841, 0x0841, 0xb575, 0xb575,
    0xb575, 0xb575, 0xb575, 0xb575, 0xb575, 0xb575, 0xb575, 0xb575, 0xb575, 0x0841, 0x0841, 0x0841, 0x0841, 0x0841, 0x0841, 0x0841,
    0x0841, 0x0841, 0x0841, 0x0841, 0x0841, 0x0841, 0x0841, 0x0841, 0x0841, 0x0841, 0x7aa7, 0x0841, 0xb575, 0xb575, 0xb575, 0xb575,
    0xb575, 0xb575, 0xb575, 0xb575, 0xb575, 0xb575, 0x2945, 0x2945, 0x0841, 0x0841, 0x0841, 0x0841, 0x0841, 0x0841, 0x0841, 0x0841,
    0x0841, 0x0841, 0x0841, 0x0841, 0x0841, 0x0841, 0x0841, 0xbc2b, 0x9369, 0x9369, 0x7aa7, 0x9369, 0x7aa7, 0xbc2b, 0x5aab, 0xb575,
    0xb575, 0xb575, 0xb575, 0xb575, 0xb575, 0xb575, 0xb575, 0xb575, 0xb575, 0xb575, 0xb575, 0xb575, 0xb575, 0xb575, 0xb575, 0xb575,
    0xb575, 0xb575, 0xb575, 0xb575, 0xb575, 0x83ef, 0x83ef, 0x83ef, 0x83ef, 0x83ef, 0x83ef, 0x5aab, 0x5aab, 0x5aab, 0x5aab, 0x5aab,
    0x83ef, 0x83ef, 0x83ef, 0x5aab, 0x0841, 0x0841, 0x0841, 0x0841, 0xb575, 0xb575, 0xb575, 0xb575, 0xb575, 0xb575, 0xb575, 0xb575,
    0xb575, 0xb575, 0xb575, 0x5aab, 0x0841, 0x0841, 0x0841, 0xb575, 0xb575, 0xb575, 0xb575, 0xb575, 0xb575, 0xb575, 0xb575, 0xb575,
    0xb575, 0xb575, 0xb575, 0xb575, 0xb575, 0xb575, 0xb575, 0xad34, 0xad34, 0xad34, 0xb575, 0xb575, 0xb575, 0xb575, 0xb575, 0xb575,
    0xb575, 0xb575, 0xb575, 0xb575, 0xb575, 0x5aab, 0x0841, 0x0841, 0x0841, 0xb575, 0xb575, 0xb575, 0xb575, 0xb575, 0xb575, 0xb575,
    0xb575, 0xb575, 0xb575, 0xb575, 0xb575, 0xb575, 0xb575, 0xb575, 0xb575, 0xb575, 0xb575, 0x0841, 0x5aab, 0xb575, 0xb575, 0xb575,
    0xb575, 0xb575, 0xb575, 0x0841, 0x0841, 0x59e5, 0x0841, 0xb575, 0xb575, 0xb575, 0xb575, 0xb575, 0xb575, 0xb575, 0xb575, 0xb575,
    0xb575, 0xb575, 0x5aab, 0x0841, 0x0841, 0x0841, 0x0841, 0x0841, 0x0841, 0x0841, 0x0841, 0x0841, 0x0841, 0x0841, 0x0841, 0x0841,
    0x0841, 0x0841, 0xbc2b, 0x7aa7, 0x9369, 0x59e5, 0x7aa7, 0xbc2b, 0x9369, 0x5aab, 0xb575, 0xb575, 0xb575, 0xb575, 0xb575, 0xb575,
    0xb575, 0xb575, 0xb575, 0xb575, 0xb575, 0xb575, 0xb575, 0xb575, 0xb575, 0x9369, 0x7aa7, 0x9369, 0x7aa7, 0xbc2b, 0x9369, 0x7aa7,
    0x9369, 0x6b6d, 0xbc2b, 0x7aa7, 0x9369, 0x59e5, 0x7aa7, 0xbc2b, 0x9369, 0x9369, 0x7aa7, 0x9369, 0x7aa7, 0xbc2b, 0x9369, 0x7aa7,
    0x9369, 0x7aa7, 0x9369, 0xbc2b, 0x59e5, 0x9369, 0x7aa7, 0x7aa7, 0x9369, 0x59e5, 0x7aa7, 0x6b6d, 0x7aa7, 0x9369, 0x59e5, 0x7aa7,
    0x9369, 0x7aa7, 0x9369, 0xbc2b, 0x59e5, 0x9369, 0x7aa7, 0xb575, 0xb575, 0xb575, 0xb575, 0xb575, 0xb575, 0xb575, 0xb575, 0xb575,
    0xb575, 0xb575, 0xb575, 0xb575, 0xb575, 0xb575, 0xb575, 0xb575, 0x83ef, 0x5aab, 0x5aab, 0x2945, 0x2945, 0x2945, 0x0841, 0x0841,
    0x0841, 0xb575, 0xb575, 0xb575, 0xb575, 0xb575, 0xb575, 0xb575, 0xb575, 0xb575, 0xb575, 0xb575, 0x0841, 0x0841, 0x0841, 0x0841,
    0xb575, 0xb575, 0xb575, 0xb575, 0xb575, 0xb575, 0xb575, 0xb575, 0xb575, 0xb575, 0xb575, 0xb575, 0xb575, 0xb575, 0xb575, 0xb575,
    0xb575, 0xb575, 0xb575, 0xb575, 0xb575, 0xb575, 0xb575, 0xb575, 0xb575, 0xb575, 0xb575, 0xb575, 0xb575, 0xb575, 0x0841, 0x0841,
    0x0841, 0x5aab, 0xb575, 0xb575, 0xb575, 0xb575, 0xb575, 0xb575, 0xb575, 0xb575, 0xb575, 0xb575, 0xb575, 0xb575, 0xb575, 0xb575,
    0xb575, 0xb575, 0xb575, 0xb575, 0x2945, 0xb575, 0xb575, 0xb575, 0xb575, 0xb575, 0xb575, 0xb575, 0x0841, 0x0841, 0x59e5, 0x0841,
    0xb575, 0xb575, 0xb575, 0xb575, 0xb575, 0xb575, 0xb575, 0xb575, 0xb575, 0xb575, 0xb575, 0xb575, 0x0841, 0x0841, 0x0841, 0x0841,
    0x0841, 0x0841, 0x0841, 0x0841, 0x0841, 0x0841, 0x0841, 0x0841, 0x0841, 0x0841, 0x7aa7, 0x6b6d, 0x7aa7, 0x9369, 0x59e5, 0x7aa7,
    0x9369, 0x0841, 0xb575, 0xb575, 0xb575, 0xb575, 0xb575, 0xb575, 0xb575, 0xb575, 0xb575, 0xb575, 0xb575, 0xb575, 0xb575, 0xb575,
    0xb575, 0xb575, 0xb575, 0xb575, 0xb575, 0xb575, 0xb575, 0xb575, 0xb575, 0xb575, 0xb575, 0xb575, 0xb575, 0xb575, 0xb575, 0xb575,
    0xb575, 0xb575, 0xb575, 0xb575, 0xb575, 0xb575, 0xb575, 0x5aab, 0x2945, 0x0841, 0x0841, 0x5aab, 0xb575, 0xb575, 0xb575, 0xb575,
    0xb575, 0xb575, 0xb575, 0xb575, 0xb575, 0xb575, 0xb575, 0x0841, 0x0841, 0x0841, 0x5aab, 0xb575, 0xb575, 0xb575, 0xb575, 0xb575,
    0xb575, 0xb575, 0xb575, 0xb575, 0xb575, 0xb575, 0xb575, 0xb575, 0xb575, 0xb575, 0xb575, 0xb575, 0xb575, 0xb575, 0xb575, 0xb575,
    0xb575, 0xb575, 0xb575, 0xb575, 0xb575, 0xb575, 0xb575, 0xb575, 0xb575, 0x0841, 0x0841, 0x0841, 0x5aab, 0xb575, 0xb575, 0xb575,
    0xb575, 0xb575, 0xb575, 0xb575, 0xb575, 0xb575, 0xb575, 0xb575, 0xb575, 0xb575, 0xb575, 0xb575, 0xb575, 0xb575, 0xb575, 0x2945,
    0xb575, 0xb575, 0xb575, 0xb575, 0xb575, 0xb575, 0xb575, 0x0841, 0x0841, 0x59e5, 0x0841, 0xb575, 0xb575, 0xb575, 0xb575, 0xb575,
    0xb575, 0xb575, 0xb575, 0xb575, 0xb575, 0xb575, 0xb575, 0x0841, 0x0841, 0x59e5, 0x7aa7, 0x6b6d, 0x7aa7, 0x9369, 0x59e5, 0x7aa7,
    0x9369, 0x7aa7, 0x9369, 0xbc2b, 0x59e5, 0x9369, 0x7aa7, 0x7aa7, 0x9369, 0x59e5, 0x7aa7, 0x6b6d, 0x7aa7, 0x9369, 0x59e5, 0x7aa7,
    0x7aa7, 0x59e5, 0x9369, 0x9369, 0x7aa7, 0x9369, 0x59e5, 0x59e5, 0x59e5, 0x7aa7, 0x7aa7, 0x59e5, 0x7aa7, 0x7aa7, 0x7aa7, 0xbc2b,
    0x7aa7, 0x59e5, 0x9369, 0x9369, 0x7aa7, 0x9369, 0x59e5, 0x0841, 0x0841, 0x0841, 0x0841, 0x0841, 0x0841, 0x0841, 0x0841, 0x0841,
    0x0841, 0x0841, 0x0841, 0x9369, 0x7aa7, 0x9369, 0x59e5, 0x59e5, 0x59e5, 0x7aa7, 0x0841, 0xe6fa, 0xe6fa, 0xbdb6, 0xb575, 0xb575,
    0xb575, 0xb575, 0xb575, 0xb575, 0xb575, 0xb575, 0xb575, 0xb575, 0xb575, 0xb575, 0xb575, 0xb575, 0xb575, 0xb575, 0xb575, 0xb575,
    0xb575, 0xb575, 0xb575, 0xb575, 0xb575, 0xb575, 0xb575, 0xb575, 0xb575, 0xb575, 0xb575, 0xb575, 0xb575, 0xb575, 0xb575, 0xb575,
    0x83ef, 0x0841, 0x0841, 0x0841, 0x83ef, 0xb575, 0xb575, 0xb575, 0xb575, 0xb575, 0xb575, 0xb575, 0xb575, 0xb575, 0xb575, 0xb575,
    0x0841, 0x0841, 0x0841, 0x83ef, 0xb575, 0xb575, 0xb575, 0xb575, 0xb575, 0xb575, 0xb575, 0xb575, 0xb575, 0xb575, 0xb575, 0xb575,
    0xb575, 0xb575, 0xb575, 0xb575, 0xb575, 0xb575, 0xb575, 0xb575, 0xb575, 0xb575, 0xb575, 0xb575, 0xb575, 0xb575, 0xb575, 0xb575,
    0xb575, 0xb575, 0x0841, 0x0841, 0x0841, 0x83ef, 0xb575, 0xb575, 0xb575, 0xb575, 0xb575, 0xb575, 0xb575, 0xb575, 0xb575, 0xb575,
    0xb575, 0xb575, 0xb575, 0xb575, 0xb575, 0xb575, 0xb575, 0xb575, 0x5aab, 0xb575, 0xb575, 0xb575, 0xb575, 0xb575, 0xb575, 0xb575,
    0x0841, 0x0841, 0x9369, 0x0841, 0xb575, 0xb575, 0xb575, 0xb575, 0xb575, 0xb575, 0xb575, 0xb575, 0xb575, 0xb575, 0xb575, 0xb575,
    0x0841, 0x0841, 0x0841, 0x0841, 0x0841, 0x0841, 0x0841, 0x0841, 0x0841, 0x0841, 0x0841, 0x0841, 0x0841, 0x0841, 0x7aa7, 0xbc2b,
    0x7aa7, 0x59e5, 0x9369, 0x9369, 0x7aa7, 0x5aab, 0x83ef, 0x83ef, 0x5aab, 0x5aab, 0xb575, 0xb575, 0xb575, 0xb575, 0xb575, 0xb575,
    0xb575, 0xb575, 0xb575, 0xb575, 0xb575, 0xb575, 0xb575, 0xb575, 0xb575, 0xb575, 0xb575, 0xb575, 0xb575, 0xb575, 0xb575, 0xb575,
    0xb575, 0xb575, 0xb575, 0xb575, 0xb575, 0xb575, 0xb575, 0xb575, 0xb575, 0xb575, 0xb575, 0x5aab, 0x0841, 0x0841, 0x0841, 0xb575,
    0xb575, 0xb575, 0xb575, 0xb575, 0xb575, 0xb575, 0xb575, 0xb575, 0xb575, 0xb575, 0x83ef, 0x0841, 0x0841, 0x0841, 0xb575, 0xb575,
    0xb575, 0xb575, 0xb575, 0xb575, 0xb575, 0xb575, 0xb575, 0xb575, 0xb575, 0xb575, 0x0841, 0x0841, 0x5aab, 0x83ef, 0x83ef, 0xb575,
    0xb575, 0xb575, 0xb575, 0xb575, 0xb575, 0xb575, 0xb575, 0xb575, 0xb575, 0xb575, 0xb575, 0xb575, 0xb575, 0x0841, 0x0841, 0x0841,
    0xb575, 0xb575, 0xb575, 0xb575, 0xb575, 0xb575, 0xb575, 0xb575, 0xb575, 0x7aa7, 0x7aa7, 0x59e5, 0x7aa7, 0x7aa7, 0x7aa7, 0xbc2b,
    0x7aa7, 0x59e5, 0x9369, 0x9369, 0x7aa7, 0x9369, 0x59e5, 0x59e5, 0x59e5, 0x7aa7, 0x7aa7, 0x59e5, 0x7aa7, 0x7aa7, 0x7aa7, 0xbc2b,
    0xbc2b, 0x59e5, 0x7aa7, 0x7aa7, 0x8430, 0x7aa7, 0x7aa7, 0xbc2b, 0xbc2b, 0x7aa7, 0xbc2b, 0xbc2b, 0x7aa7, 0x9369, 0x7aa7, 0x9369,
    0xbc2b, 0x59e5, 0x7aa7, 0x7aa7, 0x8430, 0x7aa7, 0x7aa7, 0xb575, 0xb575, 0xb575, 0xb575, 0xb575, 0xb575, 0xb575, 0xb575, 0xb575,
    0xb575, 0x83ef, 0xb575, 0xb575, 0xb575, 0xb575, 0xb575, 0xb575, 0xb575, 0x0841, 0x0841, 0xbc2b, 0x0841, 0x2945, 0x83ef, 0x83ef,
    0xb575, 0xb575, 0xb575, 0xb575, 0xb575, 0xb575, 0xb575, 0xb575, 0x83ef, 0x0841, 0x0841, 0x0841, 0x0841, 0x0841, 0x0841, 0x0841,
    0x0841, 0x0841, 0x0841, 0x0841, 0x0841, 0x0841, 0x0841, 0xbc2b, 0xbc2b, 0x7aa7, 0xbc2b, 0xbc2b, 0x7aa7, 0x0841, 0x83ef, 0xb575,
    0xb575, 0xb575, 0x5aab, 0xb575, 0xb575, 0xb575, 0xb575, 0xb575, 0xb575, 0xb575, 0xb575, 0xb575, 0xb575, 0xb575, 0xb575, 0xb575,
    0xb575, 0xb575, 0xb575, 0xb575, 0xb575, 0xb575, 0xb575, 0xb575, 0xb575, 0xb575, 0xb575, 0xb575, 0xb575, 0xb575, 0xb575, 0xb575,
    0xb575, 0xb575, 0xb575, 0xb575, 0x0841, 0x0841, 0x0841, 0x0841, 0xb575, 0xb575, 0xb575, 0xb575, 0xb575, 0xb575, 0xb575, 0xb575,
    0xb575, 0xb575, 0xb575, 0x5aab, 0x0841, 0x0841, 0x0841, 0xb575, 0xb575, 0xb575, 0xb575, 0xb575, 0xb575, 0xb575, 0xb575, 0xb575,
    0xb575, 0xb575, 0xad34, 0x0841, 0x0841, 0x0841, 0xb575, 0xb575, 0xb575, 0xb575, 0xb575, 0xb575, 0xb575, 0xb575, 0xb575, 0xb575,
    0xb575, 0xb575, 0xb575, 0xb575, 0xb575, 0xb575, 0x0841, 0x0841, 0x0841, 0xb575, 0xb575, 0xb575, 0xb575, 0xb575, 0xb575, 0xb575,
    0xb575, 0xb575, 0xb575, 0xb575, 0xb575, 0xb575, 0xb575, 0xb575, 0xb575, 0xb575, 0xb575, 0xb575, 0x83ef, 0xb575, 0xb575, 0xb575,
    0xb575, 0xb575, 0xb575, 0xb575, 0x0841, 0x0841, 0x7aa7, 0x0841, 0x83ef, 0xb575, 0xb575, 0xb575, 0xb575, 0xb575, 0xb575, 0xb575,
    0xb575, 0xb575, 0xb575, 0x5aab, 0x0841, 0x0841, 0x0841, 0x0841, 0x0841, 0x0841, 0x0841, 0x0841, 0x0841, 0x0841, 0x0841, 0x0841,
    0x0841, 0x0841, 0x7aa7, 0x7aa7, 0x8430, 0x7aa7, 0x7aa7, 0xbc2b, 0x0841, 0xb575, 0xb575, 0xb575, 0xb575, 0x83ef, 0xb575, 0xb575,
    0xb575, 0xb575, 0xb575, 0xb575, 0xe6fa, 0xe6fa, 0xe6fa, 0xe6fa, 0xb575, 0xb575, 0xb575, 0xb575, 0xb575, 0xb575, 0xb575, 0xbdb6,
    0xe6fa, 0xe6fa, 0xe6fa, 0xe6fa, 0xb575, 0xb575, 0xb575, 0xb575, 0xb575, 0xb575, 0xb575, 0xb575, 0xb575, 0xb575, 0xb575, 0x0841,
    0x0841, 0x0841, 0x5aab, 0xb575, 0xb575, 0xb575, 0xb575, 0xb575, 0xb575, 0xb575, 0xb575, 0xb575, 0xb575, 0xb575, 0x0841, 0x0841,
    0x0841, 0x0841, 0xb575, 0xb575, 0xb575, 0xb575, 0xb575, 0xb575, 0xb575, 0x7aa7, 0xbc2b, 0xbc2b, 0x7aa7, 0x9369, 0x7aa7, 0x9369,
    0xbc2b, 0x59e5, 0x7aa7, 0x7aa7, 0x8430, 0x7aa7, 0x7aa7, 0xbc2b, 0xbc2b, 0x7aa7, 0xbc2b, 0xbc2b, 0x7aa7, 0x9369, 0x7aa7, 0x9369,
    0xbc2b, 0x7aa7, 0xbc2b, 0xbc2b, 0x9369, 0x9369, 0x7aa7, 0x7aa7, 0x9369, 0x59e5, 0x9369, 0x9369, 0x7aa7, 0x7aa7, 0x9369, 0x9369,
    0xbc2b, 0x7aa7, 0xbc2b, 0xbc2b, 0x9369, 0x9369, 0x7aa7, 0xb575, 0xb575, 0xb575, 0xb575, 0x83ef, 0x0841, 0x0841, 0x0841, 0xb575,
    0xb575, 0xb575, 0xb575, 0xb575, 0xb575, 0xb575, 0xb575, 0xb575, 0xb575, 0xb575, 0xb575, 0xb575, 0xb575, 0xb575, 0x83ef, 0x0841,
    0x0841, 0x0841, 0xb575, 0xb575, 0xb575, 0xb575, 0xb575, 0xb575, 0xb575, 0xb575, 0xb575, 0xb575, 0xb575, 0xb575, 0xbdb6, 0xe6fa,
    0xe6fa, 0xe6fa, 0xe6fa, 0xe6fa, 0xe6fa, 0x5aab, 0xe6fa, 0xe6fa, 0xe6fa, 0xe6fa, 0xe6fa, 0xbdb6, 0x5aab, 0x0841, 0x0841, 0x9369,
    0x0841, 0xb575, 0xb575, 0xb575, 0xb575, 0xb575, 0xb575, 0xb575, 0xb575, 0xb575, 0xb575, 0xb575, 0x0841, 0x7aa7, 0x9369, 0x9369,
    0xbc2b, 0x7aa7, 0xbc2b, 0xbc2b, 0x9369, 0x9369, 0x7aa7, 0x7aa7, 0x9369, 0x59e5, 0x9369, 0x9369, 0x7aa7, 0x7aa7, 0x9369, 0x9369,
    0xbc2b, 0x5aab, 0xb575, 0xb575, 0xb575, 0xb575, 0x83ef, 0xb575, 0xb575, 0xb575, 0xb575, 0xb575, 0xb575, 0x0841, 0x0841, 0x0841,
    0x5aab, 0xad34, 0xb575, 0xb575, 0xb575, 0xb575, 0xb575, 0xb575, 0x5aab, 0x0841, 0x0841, 0x0841, 0xb575, 0xb575, 0xb575, 0xb575,
    0xb575, 0xb575, 0xb575, 0xb575, 0xb575, 0xb575, 0xb575, 0x83ef, 0x0841, 0x0841, 0x0841, 0x83ef, 0xb575, 0xb575, 0xb575, 0xb575,
    0xb575, 0xb575, 0xb575, 0xb575, 0xb575, 0xb575, 0xb575, 0x0841, 0x0841, 0x0841, 0x0841, 0xb575, 0xb575, 0xb575, 0xb575, 0xb575,
    0xb575, 0xb575, 0xb575, 0xb575, 0xb575, 0xb575, 0x5aab, 0x0841, 0x0841, 0x0841, 0xb575, 0xb575, 0xb575, 0xb575, 0xb575, 0xb575,
    0xb575, 0xb575, 0xb575, 0xb575, 0xb575, 0xb575, 0xb575, 0xb575, 0xb575, 0x5aab, 0x0841, 0x0841, 0x0841, 0xb575, 0xb575, 0xb575,
    0xb575, 0xb575, 0xb575, 0xb575, 0xb575, 0xb575, 0xb575, 0xb575, 0xb575, 0x0841, 0x0841, 0x0841, 0x0841, 0x0841, 0x0841, 0x0841,
    0x0841, 0x0841, 0x0841, 0x0841, 0x0841, 0x0841, 0x0841, 0x0841, 0x0841, 0x0841, 0x9369, 0x0841, 0xb575, 0xb575, 0xb575, 0xb575,
    0xb575, 0xb575, 0xb575, 0xb575, 0xb575, 0xb575, 0xb575, 0x0841, 0x9369, 0x59e5, 0x9369, 0x9369, 0x7aa7, 0x7aa7, 0x9369, 0x9369,
    0xbc2b, 0x7aa7, 0xbc2b, 0xbc2b, 0x9369, 0x9369, 0x7aa7, 0x7aa7, 0x9369, 0x59e5, 0x9369, 0x0841, 0x83ef, 0xb575, 0xb575, 0xb575,
    0xb575, 0x83ef, 0xb575, 0xb575, 0xb575, 0xb575, 0xb575, 0x5aab, 0x0841, 0x0841, 0x0841, 0xb575, 0xb575, 0xb575, 0xb575, 0xb575,
    0xb575, 0xb575, 0xb575, 0x2945, 0x0841, 0x0841, 0x5aab, 0xb575, 0xb575, 0x59e5, 0x9369, 0x9369, 0x7aa7, 0x7aa7, 0x9369, 0x9369,
    0xbc2b, 0x7aa7, 0xbc2b, 0xbc2b, 0x9369, 0x9369, 0x7aa7, 0x7aa7, 0x9369, 0x59e5, 0x9369, 0x9369, 0x7aa7, 0x7aa7, 0x9369, 0x9369,
    0x9369, 0x7aa7, 0x7aa7, 0x9369, 0x7aa7, 0x9369, 0x7aa7, 0x59e5, 0x7aa7, 0x9369, 0x9369, 0x7aa7, 0x7aa7, 0x7aa7, 0x59e5, 0x7aa7,
    0x9369, 0x7aa7, 0x7aa7, 0x9369, 0x7aa7, 0x9369, 0x7aa7, 0xb575, 0xb575, 0xb575, 0xb575, 0xb575, 0xb575, 0xb575, 0xb575, 0xb575,
    0x5aab, 0x0841, 0x0841, 0x0841, 0xb575, 0xb575, 0xb575, 0xb575, 0xb575, 0xb575, 0xb575, 0xb575, 0xb575, 0xb575, 0xb575, 0xb575,
    0x0841, 0x0841, 0x0841, 0x5aab, 0xbdb6, 0xe6fa, 0xe6fa, 0xe6fa, 0xe6fa, 0xb575, 0xb575, 0xb575, 0xb575, 0xb575, 0xb575, 0x0841,
    0x0841, 0x0841, 0x0841, 0xb575, 0xb575, 0xb575, 0xb575, 0xb575, 0xb575, 0xb575, 0xb575, 0xb575, 0xb575, 0xb575, 0xb575, 0xb575,
    0xb575, 0xb575, 0x5aab, 0x0841, 0x0841, 0x0841, 0xb575, 0xb575, 0xb575, 0xb575, 0xb575, 0xb575, 0xb575, 0xb575, 0xb575, 0xb575,
    0xb575, 0xb575, 0x0841, 0x0841, 0x0841, 0x0841, 0x0841, 0x0841, 0x0841, 0x0841, 0x0841, 0x0841, 0x0841, 0x0841, 0x0841, 0x0841,
    0x0841, 0x0841, 0x0841, 0x9369, 0x0841, 0xb575, 0xb575, 0xb575, 0xb575, 0xb575, 0xb575, 0xb575, 0xb575, 0xb575, 0xb575, 0xb575,
    0x0841, 0x7aa7, 0x7aa7, 0x9369, 0x7aa7, 0x9369, 0x7aa7, 0x59e5, 0x7aa7, 0x9369, 0x9369, 0x7aa7, 0x7aa7, 0x7aa7, 0x59e5, 0x7aa7,
    0x9369, 0x7aa7, 0x7aa7, 0x9369, 0x0841, 0xb575, 0xb575, 0xb575, 0xb575, 0x83ef, 0xb575, 0xb575, 0xb575, 0xb575, 0xb575, 0xb575,
    0x0841, 0x0841, 0x0841, 0x0841, 0xb575, 0xb575, 0xb575, 0xb575, 0xb575, 0xb575, 0xb575, 0xb575, 0x0841, 0x0841, 0x0841, 0x83ef,
    0xb575, 0xb575, 0xb575, 0xb575, 0xb575, 0xb575, 0xb575, 0xb575, 0xb575, 0xb575, 0xb575, 0x0841, 0x0841, 0x0841, 0x0841, 0xb575,
    0xb575, 0xb575, 0xb575, 0xb575, 0xb575, 0xb575, 0xb575, 0xb575, 0xb575, 0xb575, 0x83ef, 0x0841, 0x0841, 0x0841, 0x83ef, 0x83ef,
    0x83ef, 0x83ef, 0x5aab, 0x5aab, 0x5aab, 0xb575, 0xb575, 0xb575, 0xb575, 0xb575, 0x0841, 0x0841, 0x0841, 0x0841, 0xb575, 0xb575,
    0xb575, 0xb575, 0xb575, 0xb575, 0xb575, 0xb575, 0xb575, 0xb575, 0xb575, 0xb575, 0xb575, 0xb575, 0xb575, 0x0841, 0x0841, 0x0841,
    0x2945, 0xb575, 0xb575, 0xb575, 0xb575, 0xb575, 0xb575, 0xb575, 0xb575, 0xb575, 0xb575, 0xb575, 0x83ef, 0x0841, 0x0841, 0x0841,
    0x0841, 0x0841, 0x0841, 0x0841, 0x0841, 0x0841, 0x0841, 0x0841, 0x0841, 0x0841, 0x0841, 0x0841, 0x0841, 0x0841, 0x59e5, 0x0841,
    0xb575, 0xb575, 0xb575, 0xb575, 0xb575, 0xb575, 0xb575, 0xb575, 0xb575, 0xb575, 0xb575, 0x0841, 0x7aa7, 0x7aa7, 0x59e5, 0x7aa7,
    0x9369, 0x7aa7, 0x7aa7, 0x9369, 0x7aa7, 0x9369, 0x7aa7, 0x59e5, 0x7aa7, 0x9369, 0x9369, 0x7aa7, 0x7aa7, 0x7aa7, 0x59e5, 0x7aa7,
    0x9369, 0x7aa7, 0x7aa7, 0x9369, 0x7aa7, 0x9369, 0x7aa7, 0x59e5, 0x7aa7, 0x9369, 0x9369, 0x7aa7, 0x7aa7, 0x7aa7, 0x59e5, 0x7aa7,
    0x9369, 0x9369, 0x59e5, 0x7aa7, 0x7aa7, 0x59e5, 0x59e5, 0x7aa7, 0x7aa7, 0x7aa7, 0x7aa7, 0x7aa7, 0xbc2b, 0xbc2b, 0x7aa7, 0x9369,
    0x9369, 0x9369, 0x59e5, 0x7aa7, 0x7aa7, 0x59e5, 0x59e5, 0x7aa7, 0x7aa7, 0x7aa7, 0x7aa7, 0x7aa7, 0xbc2b, 0x5aab, 0xb575, 0xb575,
    0xb575, 0xb575, 0x83ef, 0xb575, 0xb575, 0xb575, 0xb575, 0xb575, 0x83ef, 0x0841, 0x0841, 0x0841, 0x5aab, 0xb575, 0xb575, 0xb575,
    0xb575, 0xb575, 0xb575, 0xb575, 0x5aab, 0x0841, 0x0841, 0x0841, 0xb575, 0xb575, 0xb575, 0xb575, 0xb575, 0xb575, 0xb575, 0xb575,
    0xb575, 0xb575, 0xb575, 0xb575, 0x0841, 0x0841, 0x0841, 0x0841, 0xb575, 0xb575, 0xb575, 0xb575, 0xb575, 0xb575, 0xb575, 0xb575,
    0xb575, 0xb575, 0xb575, 0x5aab, 0x0841, 0x0841, 0x0841, 0xb575, 0xb575, 0xb575, 0xb575, 0xb575, 0xb575, 0x83ef, 0x5aab, 0x5aab,
    0x2945, 0x2945, 0x5aab, 0x0841, 0x0841, 0x0841, 0x0841, 0x0841, 0x2945, 0x2945, 0x2945, 0x2945, 0x83ef, 0xbdb6, 0xe6fa, 0xe6fa,
    0xe6fa, 0xbdb6, 0xb575, 0xb575, 0xb575, 0xb575, 0x0841, 0x0841, 0x0841, 0x2945, 0xb575, 0xb575, 0xe6fa, 0xe6fa, 0xe6fa, 0xbdb6,
    0xb575, 0xb575, 0xb575, 0xb575, 0xb575, 0x5aab, 0x0841, 0x0841, 0x0841, 0x0841, 0x0841, 0x0841, 0x0841, 0x0841, 0x0841, 0x0841,
    0x0841, 0x0841, 0x0841, 0x0841, 0x0841, 0x0841, 0x0841, 0x7aa7, 0x0841, 0xb575, 0xb575, 0xb575, 0xb575, 0xb575, 0xb575, 0xb575,
    0xb575, 0xb575, 0xb575, 0xb575, 0x0841, 0x59e5, 0x59e5, 0x7aa7, 0x7aa7, 0x7aa7, 0x7aa7, 0x7aa7, 0xbc2b, 0xbc2b, 0x7aa7, 0x9369,
    0x9369, 0x9369, 0x59e5, 0x7aa7, 0x7aa7, 0x59e5, 0x59e5, 0x0841, 0x83ef, 0xb575, 0xb575, 0xb575, 0xb575, 0x5aab, 0xb575, 0xb575,
    0xb575, 0xb575, 0xb575, 0x5aab, 0x0841, 0x0841, 0x0841, 0xb575, 0xb575, 0xb575, 0xb575, 0xb575, 0xb575, 0xb575, 0xb575, 0x2945,
    0x0841, 0x0841, 0x0841, 0xb575, 0xb575, 0xb575, 0xb575, 0xb575, 0xb575, 0xb575, 0xb575, 0xb575, 0xb575, 0xb575, 0x83ef, 0x0841,
    0x0841, 0x0841, 0x5aab, 0xb575, 0xb575, 0xb575, 0xb575, 0xb575, 0xb575, 0xb575, 0xb575, 0xb575, 0xb575, 0xb575, 0x0841, 0x0841,
    0x0841, 0x0841, 0xb575, 0xb575, 0xb575, 0xb575, 0xb575, 0xb575, 0xb575, 0xb575, 0xb575, 0xb575, 0x5aab, 0x2945, 0x0841, 0x0841,
    0x0841, 0x0841, 0x0841, 0x0841, 0x0841, 0x83ef, 0x5aab, 0x2945, 0x2945, 0x5aab, 0x5aab, 0x5aab, 0x5aab, 0x83ef, 0xb575, 0xb575,
    0xb575, 0x0841, 0x0841, 0x0841, 0x5aab, 0x83ef, 0x83ef, 0x83ef, 0x83ef, 0x83ef, 0x83ef, 0xb575, 0xb575, 0xb575, 0xb575, 0xb575,
    0x0841, 0x0841, 0x0841, 0x0841, 0x0841, 0x0841, 0x0841, 0x0841, 0x0841, 0x7aa7, 0x7aa7, 0x7aa7, 0xbc2b, 0xbc2b, 0x7aa7, 0x9369,
    0x9369, 0x9369, 0x59e5, 0x7aa7, 0x7aa7, 0x59e5, 0x59e5, 0x7aa7, 0x7aa7, 0x7aa7, 0x7aa7, 0x7aa7, 0xbc2b, 0xbc2b, 0x7aa7, 0x9369,
    0x9369, 0x9369, 0x7aa7, 0xbc2b, 0xbc2b, 0x7aa7, 0xbc2b, 0x9369, 0x59e5, 0xbc2b, 0xbc2b, 0x7aa7, 0x9369, 0x9369, 0x8430, 0x7aa7,
    0x9369, 0x9369, 0x7aa7, 0xbc2b, 0xbc2b, 0x7aa7, 0xbc2b, 0x0841, 0x0841, 0x0841, 0x0841, 0x0841, 0x0841, 0x0841, 0x0841, 0x0841,
    0x9369, 0x0841, 0xb575, 0xb575, 0xb575, 0xb575, 0xb575, 0xb575, 0xb575, 0xb575, 0xb575, 0xb575, 0xb575, 0x0841, 0x8430, 0x7aa7,
    0x9369, 0x9369, 0x7aa7, 0xbc2b, 0xbc2b, 0x7aa7, 0xbc2b, 0x9369, 0x59e5, 0xbc2b, 0xbc2b, 0x7aa7, 0x9369, 0x9369, 0x8430, 0x7aa7,
    0x0841, 0xb575, 0xb575, 0xb575, 0xb575, 0xb575, 0x5aab, 0x5aab, 0x2945, 0x2945, 0x2945, 0x2945, 0x2945, 0x0841, 0x0841, 0x0841,
    0xb575, 0xb575, 0xb575, 0xb575, 0xb575, 0xb575, 0xb575, 0xb575, 0x0841, 0x0841, 0x0841, 0x5aab, 0xb575, 0xb575, 0xb575, 0xb575,
    0xb575, 0xb575, 0xb575, 0xb575, 0xb575, 0xb575, 0xb575, 0x5aab, 0x0841, 0x0841, 0x0841, 0x83ef, 0xb575, 0xb575, 0xb575, 0xb575,
    0xb575, 0xb575, 0xb575, 0xb575, 0xb575, 0xb575, 0xb575, 0x0841, 0x0841, 0x0841, 0x0841, 0xb575, 0xb575, 0xb575, 0xb575, 0xb575,
    0xb575, 0xb575, 0xb575, 0xb575, 0xb575, 0xb575, 0x5aab, 0x0841, 0x0841, 0x0841, 0x0841, 0x0841, 0x0841, 0x0841, 0xb575, 0xb575,
    0xb575, 0xb575, 0xb575, 0xb575, 0xb575, 0xb575, 0x5aab, 0xb575, 0xb575, 0xb575, 0x0841, 0x0841, 0x0841, 0x5aab, 0xb575, 0xb575,
    0xb575, 0xb575, 0xb575, 0x83ef, 0xb575, 0xb575, 0xb575, 0xb575, 0xb575, 0x0841, 0x0841, 0x0841, 0x0841, 0x0841, 0x0841, 0x0841,
    0x0841, 0x0841, 0x0841, 0x0841, 0x0841, 0x0841, 0x0841, 0x0841, 0x0841, 0x0841, 0x0841, 0x7aa7, 0x0841, 0xb575, 0xb575, 0xb575,
    0xb575, 0xb575, 0xb575, 0xb575, 0xb575, 0xb575, 0xb575, 0xb575, 0x5aab, 0x0841, 0x0841, 0x0841, 0x0841, 0x0841, 0x0841, 0x0841,
    0x0841, 0x0841, 0x0841, 0x0841, 0x0841, 0x0841, 0x0841, 0x0841, 0x0841, 0xbc2b, 0xbc2b, 0x5aab, 0xb575, 0xb575, 0xb575, 0xb575,
    0x5aab, 0xb575, 0xb575, 0xb575, 0xb575, 0xb575, 0x5aab, 0x0841, 0x0841, 0x0841, 0x5aab, 0xb575, 0xe6fa, 0xe6fa, 0xe6fa, 0xe6fa,
    0xe6fa, 0xb575, 0x5aab, 0x0841, 0x0841, 0x0841, 0x83ef, 0xb575, 0xb575, 0xb575, 0xb575, 0xb575, 0xb575, 0xb575, 0xb575, 0xb575,
    0xb575, 0xb575, 0x0841, 0x0841, 0x0841, 0x0841, 0xb575, 0xb575, 0xb575, 0xb575, 0xb575, 0xb575, 0xb575, 0xb575, 0xb575, 0xb575,
    0xb575, 0xb575, 0x0841, 0x0841, 0x0841, 0x5aab, 0xb575, 0xb575, 0xb575, 0xb575, 0xb575, 0xb575, 0xb575, 0xb575, 0xb575, 0xb575,
    0xb575, 0x5aab, 0x2945, 0x0841, 0x0841, 0x0841, 0x0841, 0x0841, 0x0841, 0xbc2b, 0xbc2b, 0x7aa7, 0x9369, 0x9369, 0x8430, 0x7aa7,
    0x9369, 0x9369, 0x7aa7, 0xbc2b, 0xbc2b, 0x7aa7, 0xbc2b, 0x9369, 0x59e5, 0xbc2b, 0xbc2b, 0x7aa7, 0x9369, 0x9369, 0x8430, 0x7aa7,
    0x9369, 0x7aa7, 0x7aa7, 0x9369, 0x9369, 0xbc2b, 0x7aa7, 0x9369, 0x6b6d, 0x9369, 0x9369, 0x7aa7, 0x59e5, 0x9369, 0x7aa7, 0x59e5,
    0x9369, 0x7aa7, 0x7aa7, 0x9369, 0x9369, 0xbc2b, 0x7aa7, 0xb575, 0xb575, 0xb575, 0xb575, 0xb575, 0xb575, 0xb575, 0xb575, 0x5aab,
    0xb575, 0xb575, 0xb575, 0x0841, 0x0841, 0x0841, 0x83ef, 0xb575, 0xb575, 0xb575, 0xb575, 0xb575, 0x83ef, 0xb575, 0xb575, 0xb575,
    0xb575, 0xb575, 0xb575, 0xb575, 0xb575, 0xb575, 0xb575, 0xb575, 0xb575, 0xb575, 0xb575, 0xb575, 0xb575, 0xb575, 0xb575, 0xb575,
    0x83ef, 0xb575, 0x0841, 0x0841, 0x9369, 0x0841, 0xb575, 0xb575, 0xb575, 0xb575, 0xb575, 0xb575, 0xb575, 0xb575, 0xb575, 0xb575,
    0xb575, 0xb575, 0xb575, 0xb575, 0xb575, 0xb575, 0xb575, 0xb575, 0xb575, 0xb575, 0xb575, 0xb575, 0xb575, 0xb575, 0xb575, 0xb575,
    0xb575, 0x0841, 0x7aa7, 0x0841, 0x83ef, 0xb575, 0xb575, 0xb575, 0xb575, 0x5aab, 0xb575, 0xb575, 0xb575, 0xb575, 0xb575, 0x5aab,
    0x0841, 0x0841, 0x0841, 0x0841, 0x2945, 0x2945, 0x2945, 0x2945, 0x2945, 0x2945, 0x2945, 0x2945, 0x0841, 0x0841, 0x0841, 0xb575,
    0xb575, 0xb575, 0xb575, 0xb575, 0xb575, 0xb575, 0xb575, 0xb575, 0xb575, 0xb575, 0xb575, 0x0841, 0x0841, 0x0841, 0x0841, 0xb575,
    0xb575, 0xb575, 0xb575, 0xb575, 0xb575, 0xb575, 0xb575, 0xb575, 0xb575, 0xb575, 0x83ef, 0x0841, 0x0841, 0x0841, 0x83ef, 0xb575,
    0xb575, 0xb575, 0xb575, 0xb575, 0xb575, 0xb575, 0xb575, 0xb575, 0xb575, 0xb575, 0x0841, 0x2945, 0x0841, 0x0841, 0x0841, 0x0841,
    0x0841, 0x0841, 0xb575, 0xb575, 0xb575, 0xb575, 0xb575, 0xb575, 0xb575, 0xb575, 0x5aab, 0xb575, 0xb575, 0x83ef, 0x0841, 0x0841,
    0x0841, 0xb575, 0xb575, 0xb575, 0xb575, 0xb575, 0xb575, 0x5aab, 0xb575, 0xb575, 0xb575, 0xb575, 0xb575, 0xb575, 0xb575, 0xb575,
    0xb575, 0xb575, 0xb575, 0xb575, 0xb575, 0xb575, 0x83ef, 0x83ef, 0x83ef, 0x83ef, 0x83ef, 0xb575, 0xb575, 0x0841, 0x0841, 0x59e5,
    0x0841, 0xb575, 0xb575, 0xb575, 0xb575, 0xb575, 0xb575, 0xb575, 0xb575, 0xb575, 0xb575, 0xb575, 0xb575, 0xb575, 0xb575, 0xb575,
    0xb575, 0xb575, 0xb575, 0xb575, 0xb575, 0xb575, 0xb575, 0xb575, 0xb575, 0xb575, 0xb575, 0xb575, 0x0841, 0x9369, 0x0841, 0xb575,
    0xb575, 0xb575, 0xb575, 0xb575, 0x83ef, 0x83ef, 0x83ef, 0x83ef, 0x5aab, 0x2945, 0x2945, 0x0841, 0x0841, 0x0841, 0x0841, 0x0841,
    0x2945, 0x2945, 0x2945, 0x2945, 0x2945, 0x2945, 0x2945, 0x2945, 0x0841, 0x0841, 0xb575, 0xb575, 0xb575, 0xb575, 0xb575, 0xb575,
    0xb575, 0xb575, 0xb575, 0xb575, 0xb575, 0x83ef, 0x0841, 0x0841, 0x0841, 0x9369, 0x9369, 0x7aa7, 0x59e5, 0x9369, 0x7aa7, 0x59e5,
    0x9369, 0x7aa7, 0x7aa7, 0x9369, 0x9369, 0xbc2b, 0x7aa7, 0x9369, 0x6b6d, 0x9369, 0x9369, 0x7aa7, 0x59e5, 0x9369, 0x7aa7, 0x59e5,
    0x7aa7, 0x59e5, 0x9369, 0x7aa7, 0x9369, 0x9369, 0xbc2b, 0x7aa7, 0x7aa7, 0x7aa7, 0x7aa7, 0x7aa7, 0x7aa7, 0x7aa7, 0xbc2b, 0xbc2b,
    0x7aa7, 0x59e5, 0x9369, 0x7aa7, 0x9369, 0x9369, 0xbc2b, 0x5aab, 0xb575, 0xb575, 0xb575, 0xb575, 0xb575, 0xb575, 0xb575, 0xb575,
    0xb575, 0xb575, 0xb575, 0x5aab, 0x0841, 0x0841, 0x0841, 0xb575, 0xb575, 0xb575, 0xb575, 0xb575, 0xb575, 0xb575, 0xb575, 0xb575,
    0xb575, 0xb575, 0xb575, 0x0841, 0x0841, 0x0841, 0x0841, 0x0841, 0x0841, 0x0841, 0x5aab, 0xb575, 0xb575, 0xb575, 0xb575, 0xb575,
    0xb575, 0xb575, 0xb575, 0x5aab, 0xb575, 0xb575, 0x5aab, 0x0841, 0x0841, 0x0841, 0xb575, 0xb575, 0xb575, 0xb575, 0xb575, 0xb575,
    0x5aab, 0xb575, 0xb575, 0xb575, 0xb575, 0xb575, 0xb575, 0xb575, 0xb575, 0xb575, 0xb575, 0xb575, 0xb575, 0xb575, 0x83ef, 0xb575,
    0xb575, 0xb575, 0xb575, 0xb575, 0xb575, 0xb575, 0x0841, 0x0841, 0x7aa7, 0x0841, 0xb575, 0xb575, 0xb575, 0xb575, 0xb575, 0xb575,
    0xb575, 0xb575, 0xb575, 0xb575, 0xb575, 0xb575, 0xb575, 0xb575, 0xb575, 0xb575, 0xb575, 0xb575, 0xb575, 0xb575, 0xb575, 0xb575,
    0xb575, 0xb575, 0xb575, 0xb575, 0xb575, 0x0841, 0x0841, 0x5aab, 0xb575, 0xb575, 0xb575, 0xb575, 0xb575, 0xb575, 0xb575, 0xb575,
    0xb575, 0xb575, 0x83ef, 0x0841, 0x0841, 0x0841, 0x0841, 0x0841, 0x0841, 0x0841, 0x2945, 0x2945, 0x2945, 0x2945, 0x2945, 0x2945,
    0x2945, 0x2945, 0x5aab, 0xb575, 0xb575, 0xb575, 0xb575, 0xb575, 0xb575, 0xb575, 0xb575, 0xb575, 0xb575, 0xb575, 0x5aab, 0x0841,
    0x0841, 0x0841, 0x83ef, 0xb575, 0xb575, 0xb575, 0xb575, 0xb575, 0xb575, 0xb575, 0xb575, 0xb575, 0xb575, 0xb575, 0x0841, 0x0841,
    0x0841, 0x0841, 0xb575, 0xb575, 0xb575, 0xb575, 0xb575, 0xb575, 0xb575, 0xb575, 0xb575, 0xb575, 0xb575, 0xb575, 0x0841, 0x0841,
    0x0841, 0x0841, 0x0841, 0x0841, 0x0841, 0x5aab, 0xb575, 0xb575, 0xb575, 0xb575, 0xb575, 0xb575, 0xb575, 0x5aab, 0x83ef, 0xb575,
    0xb575, 0x5aab, 0x0841, 0x0841, 0x0841, 0xb575, 0xb575, 0xb575, 0xb575, 0xb575, 0xb575, 0x2945, 0xb575, 0xb575, 0xb575, 0xb575,
    0xb575, 0xb575, 0xb575, 0xb575, 0xb575, 0xb575, 0xb575, 0xb575, 0xb575, 0x83ef, 0xb575, 0xb575, 0xb575, 0xb575, 0xb575, 0xb575,
    0xb575, 0x0841, 0x0841, 0x7aa7, 0x0841, 0xb575, 0xb575, 0xb575, 0xb575, 0xb575, 0xb575, 0xb575, 0xb575, 0xb575, 0xb575, 0xb575,
    0xb575, 0xb575, 0xb575, 0xb575, 0xb575, 0xb575, 0xb575, 0xb575, 0x5aab, 0xb575, 0xb575, 0xb575, 0xb575, 0xb575, 0xb575, 0xb575,
    0x0841, 0x0841, 0x83ef, 0xb575, 0xb575, 0xb575, 0xb575, 0xb575, 0xb575, 0x7aa7, 0x7aa7, 0x7aa7, 0x7aa7, 0x7aa7, 0xbc2b, 0xbc2b,
    0x7aa7, 0x59e5, 0x9369, 0x7aa7, 0x9369, 0x9369, 0xbc2b, 0x7aa7, 0x7aa7, 0x7aa7, 0x7aa7, 0x7aa7, 0x7aa7, 0x7aa7, 0xbc2b, 0xbc2b,
    0x7aa7, 0x9369, 0x7aa7, 0x7aa7, 0x72c8, 0x7aa7, 0x9369, 0x9369, 0x7aa7, 0x59e5, 0xbc2b, 0x59e5, 0x7aa7, 0xbc2b, 0x9369, 0x9369,
    0x7aa7, 0x9369, 0x7aa7, 0x7aa7, 0x72c8, 0x7aa7, 0x9369, 0xb575, 0xb575, 0xb575, 0xb575, 0x83ef, 0x0841, 0x0841, 0x0841, 0x0841,
    0x0841, 0x0841, 0x0841, 0x0841, 0x2945, 0x2945, 0x2945, 0x2945, 0x2945, 0x2945, 0x2945, 0x83ef, 0xb575, 0xb575, 0xb575, 0xb575,
    0xb575, 0xb575, 0xb575, 0xb575, 0xb575, 0xb575, 0xb575, 0x0841, 0x0841, 0x0841, 0x0841, 0xb575, 0xb575, 0xb575, 0xb575, 0xb575,
    0xb575, 0x0841, 0xb575, 0xb575, 0xb575, 0xb575, 0xb575, 0x0841, 0x0841, 0x0841, 0x0841, 0xb575, 0xb575, 0xb575, 0xb575, 0xb575,
    0xb575, 0xb575, 0xb575, 0xb575, 0xb575, 0xb575, 0x83ef, 0x0841, 0x0841, 0x0841, 0x0841, 0x0841, 0x0841, 0x0841, 0xb575, 0xb575,
    0xb575, 0xb575, 0xb575, 0xb575, 0xb575, 0xb575, 0x5aab, 0xb575, 0xb575, 0xb575, 0x0841, 0x0841, 0x0841, 0x0841, 0xb575, 0xb575,
    0xb575, 0xb575, 0xb575, 0xb575, 0x2945, 0x5aab, 0xb575, 0xb575, 0xb575, 0xb575, 0xb575, 0xb575, 0xb575, 0xb575, 0xb575, 0xb575,
    0xb575, 0xb575, 0x5aab, 0xb575, 0xb575, 0xb575, 0xb575, 0xb575, 0xb575, 0xb575, 0x0841, 0x0841, 0x7aa7, 0x0841, 0xb575, 0xb575,
    0xb575, 0xb575, 0xb575, 0xb575, 0xb575, 0xb575, 0xb575, 0xb575, 0xb575, 0xb575, 0xb575, 0xb575, 0xb575, 0xb575, 0xb575, 0xb575,
    0xb575, 0x2945, 0xb575, 0xb575, 0xb575, 0xb575, 0xb575, 0xb575, 0xb575, 0x0841, 0x0841, 0xb575, 0xb575, 0xb575, 0xb575, 0xb575,
    0xb575, 0xb575, 0xb575, 0xb575, 0xb575, 0xb575, 0x2945, 0x0841, 0x0841, 0x0841, 0x0841, 0x0841, 0x0841, 0x0841, 0x0841, 0x0841,
    0x0841, 0x0841, 0x0841, 0x0841, 0x2945, 0x2945, 0xb575, 0xb575, 0xb575, 0xb575, 0xb575, 0xb575, 0xb575, 0xb575, 0xb575, 0xb575,
    0xb575, 0x83ef, 0x0841, 0x0841, 0x0841, 0x2945, 0xb575, 0xb575, 0xb575, 0xb575, 0xb575, 0xb575, 0x0841, 0xb575, 0xb575, 0xb575,
    0xb575, 0xb575, 0x0841, 0x0841, 0x0841, 0x5aab, 0xb575, 0xb575, 0xb575, 0xb575, 0xb575, 0xb575, 0xb575, 0xb575, 0xb575, 0xb575,
    0xb575, 0x5aab, 0x0841, 0x0841, 0x0841, 0x0841, 0x0841, 0x0841, 0x0841, 0xb575, 0xb575, 0xb575, 0xb575, 0xb575, 0xb575, 0xb575,
    0xad34, 0x0841, 0xb575, 0xb575, 0xb575, 0x0841, 0x0841, 0x0841, 0x0841, 0xb575, 0xb575, 0xb575, 0xb575, 0xb575, 0xb575, 0x0841,
    0x0841, 0xb575, 0xb575, 0xb575, 0xb575, 0xb575, 0xb575, 0xb575, 0xb575, 0xb575, 0xb575, 0xb575, 0xb575, 0x0841, 0xb575, 0xb575,
    0xb575, 0xb575, 0xb575, 0xb575, 0xb575, 0x0841, 0x0841, 0x9369, 0x0841, 0x59e5, 0xbc2b, 0x59e5, 0x7aa7, 0xbc2b, 0x9369, 0x9369,
    0x7aa7, 0x9369, 0x7aa7, 0x7aa7, 0x72c8, 0x7aa7, 0x9369, 0x9369, 0x7aa7, 0x59e5, 0xbc2b, 0x59e5, 0x7aa7, 0xbc2b, 0x9369, 0x9369,
    0x9369, 0x7aa7, 0x59e5, 0xbc2b, 0x7aa7, 0x59e5, 0x7aa7, 0x59e5, 0x7aa7, 0x7aa7, 0x7aa7, 0x59e5, 0x7aa7, 0x7aa7, 0x9369, 0x9369,
    0x9369, 0x7aa7, 0x59e5, 0xbc2b, 0x7aa7, 0x59e5, 0x7aa7, 0xb575, 0xb575, 0xb575, 0xb575, 0xb575, 0x83ef, 0x2945, 0x2945, 0x0841,
    0x5aab, 0xb575, 0xb575, 0xb575, 0xb575, 0xb575, 0xb575, 0xb575, 0xb575, 0xb575, 0x0841, 0xb575, 0xb575, 0xb575, 0xb575, 0xb575,
    0xb575, 0xb575, 0x0841, 0x0841, 0xbdb6, 0xe6fa, 0xe6fa, 0xe6fa, 0xe6fa, 0xe6fa, 0xe6fa, 0xe6fa, 0xe6fa, 0xbdb6, 0x5aab, 0x0841,
    0x0841, 0x0841, 0x0841, 0x0841, 0x0841, 0x0841, 0x0841, 0x0841, 0x0841, 0x2945, 0x2945, 0x2945, 0x2945, 0x2945, 0x2945, 0xb575,
    0xe6fa, 0xe6fa, 0xe6fa, 0xe6fa, 0xe6fa, 0xe6fa, 0xe6fa, 0xe6fa, 0xe6fa, 0xbdb6, 0x5aab, 0x0841, 0x0841, 0x0841, 0x5aab, 0xe6fa,
    0xe6fa, 0xe6fa, 0xe6fa, 0xe6fa, 0xe6fa, 0x0841, 0x0841, 0xe6fa, 0xe6fa, 0xe6fa, 0x5aab, 0x0841, 0x0841, 0x0841, 0xe6fa, 0xe6fa,
    0xe6fa, 0xe6fa, 0xe6fa, 0xe6fa, 0x0841, 0x0841, 0xe6fa, 0xe6fa, 0xe6fa, 0xbdb6, 0x5aab, 0x0841, 0x0841, 0x0841, 0x0841, 0x0841,
    0x0841, 0x0841, 0xe6fa, 0xe6fa, 0xe6fa, 0xe6fa, 0xe6fa, 0xe6fa, 0xe6fa, 0xbdb6, 0x0841, 0xe6fa, 0xe6fa, 0xbdb6, 0x0841, 0x0841,
    0x0841, 0x0841, 0xe6fa, 0xe6fa, 0xe6fa, 0xe6fa, 0xe6fa, 0xbdb6, 0x0841, 0x0841, 0x5aab, 0xbdb6, 0xe6fa, 0xe6fa, 0xe6fa, 0xe6fa,
    0xe6fa, 0xe6fa, 0xe6fa, 0xe6fa, 0xe6fa, 0xbdb6, 0x0841, 0xbdb6, 0xe6fa, 0xe6fa, 0xe6fa, 0xe6fa, 0xe6fa, 0xbdb6, 0x0841, 0x0841,
    0x9369, 0x0841, 0xbdb6, 0xe6fa, 0xe6fa, 0xe6fa, 0x83ef, 0x2945, 0x5aab, 0x2945, 0x0841, 0x0841, 0x5aab, 0xbdb6, 0xe6fa, 0xe6fa,
    0xe6fa, 0xe6fa, 0xe6fa, 0xe6fa, 0xe6fa, 0x0841, 0x5aab, 0xe6fa, 0xe6fa, 0xe6fa, 0xe6fa, 0xe6fa, 0xbdb6, 0x0841, 0x0841, 0x2945,
    0x2945, 0x5aab, 0x5aab, 0x5aab, 0x5aab, 0x5aab, 0x5aab, 0x2945, 0x2945, 0x2945, 0x0841, 0x0841, 0x0841, 0x0841, 0x0841, 0x0841,
    0x0841, 0x0841, 0x0841, 0x0841, 0x0841, 0x2945, 0x2945, 0x2945, 0x2945, 0x2945, 0x0841, 0x2945, 0x2945, 0x5aab, 0x5aab, 0x5aab,
    0x5aab, 0x5aab, 0x5aab, 0x2945, 0x2945, 0x2945, 0x0841, 0x0841, 0x0841, 0x2945, 0x2945, 0x5aab, 0x5aab, 0x5aab, 0x5aab, 0x5aab,
    0x0841, 0x0841, 0x5aab, 0x5aab, 0x2945, 0x2945, 0x2945, 0x0841, 0x0841, 0x2945, 0x2945, 0x5aab, 0x5aab, 0x5aab, 0x5aab, 0x5aab,
    0x0841, 0x5aab, 0x5aab, 0x5aab, 0x2945, 0x2945, 0x0841, 0x0841, 0x0841, 0x0841, 0x0841, 0x0841, 0x0841, 0x2945, 0x2945, 0x5aab,
    0x5aab, 0x5aab, 0x5aab, 0x5aab, 0x5aab, 0x0841, 0x5aab, 0x2945, 0x2945, 0x7aa7, 0x7aa7, 0x59e5, 0x7aa7, 0x7aa7, 0x9369, 0x9369,
    0x9369, 0x7aa7, 0x59e5, 0xbc2b, 0x7aa7, 0x59e5, 0x7aa7, 0x59e5, 0x7aa7, 0x7aa7, 0x7aa7, 0x59e5, 0x7aa7, 0x7aa7, 0x9369, 0x9369,
    0x9369, 0x7aa7, 0xbc2b, 0x9369, 0x9369, 0x7aa7, 0x8430, 0x9369, 0x9369, 0x9369, 0x7aa7, 0x7aa7, 0x9369, 0x9369, 0x7aa7, 0x59e5,
    0x9369, 0x7aa7, 0xbc2b, 0x9369, 0x9369, 0x7aa7, 0x8430, 0x0841, 0x0841, 0x0841, 0x0841, 0x2945, 0x2945, 0x5aab, 0x5aab, 0x5aab,
    0x5aab, 0x5aab, 0x0841, 0x2945, 0x2945, 0x5aab, 0x5aab, 0x5aab, 0x5aab, 0x5aab, 0x5aab, 0x5aab, 0x5aab, 0x5aab, 0x5aab, 0x0841,
    0x5aab, 0x5aab, 0x5aab, 0x5aab, 0x5aab, 0x2945, 0x2945, 0x0841, 0x0841, 0x9369, 0x0841, 0x5aab, 0x5aab, 0x5aab, 0x2945, 0x2945,
    0x2945, 0x5aab, 0x5aab, 0x0841, 0x0841, 0x2945, 0x2945, 0x2945, 0x5aab, 0x5aab, 0x5aab, 0x5aab, 0x5aab, 0x5aab, 0x0841, 0x0841,
    0x5aab, 0x5aab, 0x5aab, 0x5aab, 0x2945, 0x2945, 0x0841, 0x9369, 0x0841, 0x2945, 0x2945, 0x2945, 0x2945, 0x2945, 0x2945, 0x2945,
    0x2945, 0x2945, 0x2945, 0x2945, 0x0841, 0x0841, 0x0841, 0x0841, 0x0841, 0x0841, 0x0841, 0x0841, 0x0841, 0x0841, 0x0841, 0x0841,
    0x2945, 0x2945, 0x2945, 0x0841, 0x2945, 0x2945, 0x2945, 0x2945, 0x2945, 0x2945, 0x2945, 0x2945, 0x2945, 0x2945, 0x2945, 0x0841,
    0x0841, 0x0841, 0x0841, 0x2945, 0x2945, 0x2945, 0x2945, 0x2945, 0x2945, 0x5aab, 0x0841, 0x2945, 0x2945, 0x2945, 0x2945, 0x2945,
    0x0841, 0x0841, 0x0841, 0x2945, 0x2945, 0x2945, 0x2945, 0x2945, 0x5aab, 0x0841, 0x2945, 0x2945, 0x2945, 0x2945, 0x2945, 0x2945,
    0x0841, 0x0841, 0x0841, 0x0841, 0x0841, 0x7aa7, 0x0841, 0x2945, 0x2945, 0x2945, 0x2945, 0x2945, 0x2945, 0x2945, 0x0841, 0x0841,
    0x2945, 0x2945, 0x0841, 0x0841, 0x0841, 0x0841, 0x0841, 0x2945, 0x2945, 0x2945, 0x2945, 0x2945, 0x5aab, 0x2945, 0x0841, 0x2945,
    0x2945, 0x2945, 0x2945, 0x2945, 0x2945, 0x2945, 0x2945, 0x2945, 0x2945, 0x2945, 0x2945, 0x2945, 0x2945, 0x2945, 0x2945, 0x2945,
    0x2945, 0x2945, 0x0841, 0x0841, 0x9369, 0x0841, 0x2945, 0x2945, 0x2945, 0x2945, 0x2945, 0x2945, 0x5aab, 0x2945, 0x0841, 0x2945,
    0x2945, 0x2945, 0x2945, 0x2945, 0x2945, 0x2945, 0x2945, 0x2945, 0x2945, 0x0841, 0x2945, 0x2945, 0x2945, 0x2945, 0x2945, 0x2945,
    0x2945, 0x0841, 0xbc2b, 0x9369, 0x0841, 0x2945, 0x2945, 0x2945, 0x2945, 0x2945, 0x2945, 0x2945, 0x2945, 0x2945, 0x2945, 0x2945,
    0x0841, 0x0841, 0x0841, 0x2945, 0x0841, 0x0841, 0x0841, 0x0841, 0x0841, 0x0841, 0x7aa7, 0x0841, 0x2945, 0x2945, 0x2945, 0x0841,
    0x2945, 0x2945, 0x2945, 0x2945, 0x2945, 0x2945, 0x2945, 0x2945, 0x2945, 0x2945, 0x2945, 0x0841, 0x0841, 0x0841, 0x0841, 0x2945,
    0x2945, 0x2945, 0x2945, 0x2945, 0x2945, 0x5aab, 0x2945, 0x2945, 0x2945, 0x9369, 0x7aa7, 0x7aa7, 0x9369, 0x9369, 0x7aa7, 0x59e5,
    0x9369, 0x7aa7, 0xbc2b, 0x9369, 0x9369, 0x7aa7, 0x8430, 0x9369, 0x9369, 0x9369, 0x7aa7, 0x7aa7, 0x9369, 0x9369, 0x7aa7, 0x59e5,
    0xbc2b, 0x9369, 0x9369, 0x7aa7, 0x7aa7, 0xbc2b, 0x9369, 0x9369, 0x7aa7, 0x7aa7, 0x59e5, 0x7aa7, 0x7aa7, 0xbc2b, 0x7aa7, 0xbc2b,
    0xbc2b, 0x9369, 0x9369, 0x7aa7, 0x7aa7, 0xbc2b, 0x9369, 0x2945, 0x2945, 0x2945, 0x0841, 0x0841, 0x0841, 0x2945, 0x2945, 0x2945,
    0x2945, 0x2945, 0x2945, 0x0841, 0x2945, 0x2945, 0x2945, 0x2945, 0x2945, 0x0841, 0x0841, 0x0841, 0x0841, 0x0841, 0x7aa7, 0x0841,
    0x2945, 0x2945, 0x2945, 0x2945, 0x2945, 0x2945, 0x2945, 0x2945, 0x0841, 0x2945, 0x2945, 0x2945, 0x0841, 0x0841, 0x0841, 0x0841,
    0x2945, 0x2945, 0x2945, 0x2945, 0x2945, 0x2945, 0x5aab, 0x0841, 0x2945, 0x2945, 0x2945, 0x2945, 0x2945, 0x2945, 0x2945, 0x2945,
    0x2945, 0x2945, 0x2945, 0x2945, 0x2945, 0x2945, 0x2945, 0x2945, 0x2945, 0x2945, 0x2945, 0x0841, 0x0841, 0xbc2b, 0x0841, 0x2945,
    0x2945, 0x2945, 0x2945, 0x2945, 0x5aab, 0x2945, 0x0841, 0x2945, 0x2945, 0x2945, 0x2945, 0x2945, 0x2945, 0x2945, 0x2945, 0x2945,
    0x2945, 0x0841, 0x2945, 0x5aab, 0x2945, 0x2945, 0x2945, 0x2945, 0x2945, 0x0841, 0x59e5, 0x7aa7, 0x7aa7, 0xbc2b, 0x0841, 0x2945,
    0x2945, 0x2945, 0x2945, 0x2945, 0x2945, 0x2945, 0x2945, 0x2945, 0x2945, 0x2945, 0x0841, 0x0841, 0x2945, 0x0841, 0x0841, 0x0841,
    0x0841, 0x0841, 0x0841, 0x7aa7, 0x7aa7, 0x0841, 0x0841, 0x0841, 0x0841, 0x0841, 0x2945, 0x2945, 0x2945, 0x2945, 0x2945, 0x2945,
    0x2945, 0x2945, 0x2945, 0x2945, 0x2945, 0x0841, 0x0841, 0x0841, 0x0841, 0x2945, 0x2945, 0x2945, 0x2945, 0x2945, 0x2945, 0x2945,
    0x2945, 0x2945, 0x2945, 0x2945, 0x2945, 0x0841, 0x0841, 0x0841, 0x2945, 0x2945, 0x2945, 0x2945, 0x2945, 0x2945, 0x2945, 0x2945,
    0x2945, 0x2945, 0x2945, 0x2945, 0x0841, 0x0841, 0x0841, 0x0841, 0x0841, 0x7aa7, 0x59e5, 0x0841, 0x2945, 0x2945, 0x2945, 0x2945,
    0x2945, 0x2945, 0x2945, 0x0841, 0x2945, 0x2945, 0x2945, 0x0841, 0x0841, 0x0841, 0x0841, 0x2945, 0x2945, 0x2945, 0x2945, 0x2945,
    0x2945, 0x5aab, 0x0841, 0x2945, 0x2945, 0x2945, 0x2945, 0x2945, 0x2945, 0x2945, 0x2945, 0x2945, 0x2945, 0x2945, 0x2945, 0x2945,
    0x2945, 0x2945, 0x2945, 0x2945, 0x2945, 0x2945, 0x0841, 0x0841, 0x7aa7, 0x0841, 0x2945, 0x2945, 0x2945, 0x2945, 0x2945, 0x2945,
    0x0841, 0x2945, 0x2945, 0x2945, 0x2945, 0x2945, 0x2945, 0x2945, 0x2945, 0x2945, 0x2945, 0x2945, 0x0841, 0x5aab, 0x5aab, 0x2945,
    0x2945, 0x2945, 0x2945, 0x2945, 0x0841, 0xbc2b, 0x9369, 0x9369, 0x7aa7, 0x7aa7, 0x0841, 0x2945, 0x2945, 0x2945, 0x2945, 0x2945,
    0x2945, 0x2945, 0x2945, 0x2945, 0x2945, 0x2945, 0x0841, 0x2945, 0x0841, 0x7aa7, 0x59e5, 0x7aa7, 0x7aa7, 0xbc2b, 0x7aa7, 0xbc2b,
    0xbc2b, 0x9369, 0x9369, 0x7aa7, 0x7aa7, 0xbc2b, 0x9369, 0x9369, 0x7aa7, 0x7aa7, 0x59e5, 0x7aa7, 0x7aa7, 0xbc2b, 0x7aa7, 0xbc2b,
    0x7aa7, 0x9369, 0x59e5, 0x7aa7, 0x7aa7, 0x9369, 0x8430, 0x59e5, 0x7aa7, 0xbc2b, 0x9369, 0x7aa7, 0x7aa7, 0x9369, 0x59e5, 0x59e5,
    0x7aa7, 0x9369, 0x59e5, 0x7aa7, 0x7aa7, 0x9369, 0x8430, 0x0841, 0x0841, 0x0841, 0x0841, 0x0841, 0x7aa7, 0x9369, 0x59e5, 0x59e5,
    0x7aa7, 0x9369, 0x0841, 0x2945, 0x2945, 0x2945, 0x2945, 0x2945, 0x2945, 0x2945, 0x2945, 0x2945, 0x2945, 0x2945, 0x0841, 0x0841,
    0x0841, 0x0841, 0x0841, 0x2945, 0x2945, 0x2945, 0x2945, 0x2945, 0x2945, 0x2945, 0x2945, 0x2945, 0x2945, 0x2945, 0x2945, 0x0841,
    0x0841, 0x0841, 0x2945, 0x2945, 0x2945, 0x2945, 0x2945, 0x2945, 0x2945, 0x2945, 0x2945, 0x2945, 0x2945, 0x2945, 0x0841, 0x0841,
    0x0841, 0x0841, 0x59e5, 0x7aa7, 0x0841, 0x2945, 0x2945, 0x2945, 0x2945, 0x2945, 0x2945, 0x2945, 0x2945, 0x0841, 0x2945, 0x2945,
    0x2945, 0x0841, 0x0841, 0x0841, 0x0841, 0x2945, 0x2945, 0x2945, 0x2945, 0x2945, 0x2945, 0x0841, 0x2945, 0x2945, 0x2945, 0x2945,
    0x2945, 0x2945, 0x2945, 0x2945, 0x2945, 0x2945, 0x2945, 0x2945, 0x2945, 0x2945, 0x2945, 0x2945, 0x2945, 0x0841, 0x0841, 0x0841,
    0x0841, 0x9369, 0x0841, 0x2945, 0x2945, 0x2945, 0x2945, 0x2945, 0x2945, 0x0841, 0x2945, 0x2945, 0x2945, 0x2945, 0x2945, 0x2945,
    0x2945, 0x2945, 0x2945, 0x2945, 0x2945, 0x0841, 0x528a, 0x2945, 0x2945, 0x2945, 0x2945, 0x2945, 0x2945, 0x0841, 0x59e5, 0x59e5,
    0x7aa7, 0x9369, 0x59e5, 0x7aa7, 0x0841, 0x2945, 0x2945, 0x2945, 0x2945, 0x2945, 0x2945, 0x2945, 0x0841, 0x0841, 0x0841, 0x0841,
    0x0841, 0x0841, 0x0841, 0x0841, 0x0841, 0x0841, 0x0841, 0x59e5, 0x7aa7, 0xbc2b, 0x9369, 0x7aa7, 0x7aa7, 0x9369, 0x0841, 0x2945,
    0x2945, 0x2945, 0x2945, 0x2945, 0x2945, 0x2945, 0x2945, 0x2945, 0x2945, 0x2945, 0x0841, 0x0841, 0x2945, 0x0841, 0x0841, 0x2945,
    0x2945, 0x2945, 0x2945, 0x2945, 0x2945, 0x2945, 0x2945, 0x2945, 0x2945, 0x2945, 0x0841, 0x0841, 0x0841, 0x0841, 0x2945, 0x2945,
    0x2945, 0x2945, 0x2945, 0x2945, 0x2945, 0x2945, 0x2945, 0x2945, 0x2945, 0x0841, 0x0841, 0x0841, 0x0841, 0x9369, 0x59e5, 0x59e5,
    0x0841, 0x2945, 0x2945, 0x2945, 0x2945, 0x2945, 0x2945, 0x2945, 0x2945, 0x2945, 0x2945, 0x2945, 0x0841, 0x0841, 0x0841, 0x0841,
    0x2945, 0x2945, 0x2945, 0x2945, 0x2945, 0x2945, 0x2945, 0x2945, 0x2945, 0x2945, 0x2945, 0x2945, 0x2945, 0x2945, 0x2945, 0x2945,
    0x2945, 0x2945, 0x2945, 0x2945, 0x2945, 0x0841, 0x0841, 0x0841, 0x0841, 0x0841, 0x0841, 0x0841, 0x7aa7, 0x0841, 0x2945, 0x2945,
    0x2945, 0x2945, 0x2945, 0x2945, 0x2945, 0x2945, 0x2945, 0x2945, 0x2945, 0xbc2b, 0x9369, 0x7aa7, 0x7aa7, 0x9369, 0x59e5, 0x59e5,
    0x7aa7, 0x9369, 0x59e5, 0x7aa7, 0x7aa7, 0x9369, 0x8430, 0x59e5, 0x7aa7, 0xbc2b, 0x9369, 0x7aa7, 0x7aa7, 0x9369, 0x59e5, 0x59e5,
    0xbc2b, 0x7aa7, 0x7aa7, 0x59e5, 0xbc2b, 0x7aa7, 0x7aa7, 0x7aa7, 0xbc2b, 0x7aa7, 0x7aa7, 0x7aa7, 0x59e5, 0x59e5, 0xbc2b, 0x7aa7,
    0xbc2b, 0x7aa7, 0x7aa7, 0x59e5, 0xbc2b, 0x7aa7, 0x7aa7, 0x2945, 0x2945, 0x2945, 0x2945, 0x2945, 0x2945, 0x2945, 0x0841, 0x2945,
    0x2945, 0x2945, 0x2945, 0x2945, 0x2945, 0x2945, 0x0841, 0x7aa7, 0xbc2b, 0x7aa7, 0x7aa7, 0x7aa7, 0x59e5, 0x59e5, 0x0841, 0x2945,
    0x2945, 0x2945, 0x2945, 0x2945, 0x5aab, 0x5aab, 0x5aab, 0x2945, 0x2945, 0x0841, 0x0841, 0x0841, 0x0841, 0x0841, 0x0841, 0x0841,
    0xbc2b, 0x7aa7, 0x7aa7, 0x59e5, 0xbc2b, 0x7aa7, 0x7aa7, 0x7aa7, 0x0841, 0x2945, 0x2945, 0x2945, 0x2945, 0x2945, 0x2945, 0x2945,
    0x2945, 0x2945, 0x2945, 0x2945, 0x0841, 0x2945, 0x0841, 0x0841, 0x2945, 0x2945, 0x2945, 0x2945, 0x2945, 0x2945, 0x2945, 0x2945,
    0x2945, 0x2945, 0x2945, 0x0841, 0x0841, 0x0841, 0x0841, 0x2945, 0x2945, 0x2945, 0x2945, 0x2945, 0x2945, 0x2945, 0x2945, 0x2945,
    0x2945, 0x2945, 0x2945, 0x0841, 0x0841, 0x0841, 0x7aa7, 0x7aa7, 0xbc2b, 0x0841, 0x0841, 0x0841, 0x0841, 0x2945, 0x2945, 0x2945,
    0x2945, 0x2945, 0x2945, 0x2945, 0x2945, 0x0841, 0x0841, 0x0841, 0x0841, 0x2945, 0x2945, 0x2945, 0x2945, 0x2945, 0x2945, 0x2945,
    0x2945, 0x2945, 0x2945, 0x2945, 0x2945, 0x2945, 0x2945, 0x2945, 0x2945, 0x2945, 0x2945, 0x2945, 0x2945, 0x2945, 0x2945, 0x2945,
    0x2945, 0x2945, 0x2945, 0x0841, 0x0841, 0x7aa7, 0x0841, 0x0841, 0x0841, 0x2945, 0x2945, 0x2945, 0x2945, 0x2945, 0x2945, 0x2945,
    0x2945, 0x2945, 0x2945, 0x2945, 0x2945, 0x2945, 0x2945, 0x2945, 0x2945, 0x0841, 0x2945, 0x2945, 0x2945, 0x2945, 0x2945, 0x2945,
    0x2945, 0x0841, 0x7aa7, 0x59e5, 0xbc2b, 0x7aa7, 0x7aa7, 0x7aa7, 0xbc2b, 0x7aa7, 0x0841, 0x2945, 0x2945, 0x2945, 0x2945, 0x2945,
    0x2945, 0x2945, 0x2945, 0x2945, 0x2945, 0x0841, 0x0841, 0x0841, 0x0841, 0x0841, 0x7aa7, 0x7aa7, 0x59e5, 0x59e5, 0xbc2b, 0x7aa7,
    0xbc2b, 0x7aa7, 0x7aa7, 0x59e5, 0x0841, 0x2945, 0x2945, 0x2945, 0x2945, 0x2945, 0x2945, 0x2945, 0x2945, 0x0841, 0x0841, 0x0841,
    0x2945, 0x0841, 0x0841, 0x0841, 0x2945, 0x2945, 0x2945, 0x2945, 0x2945, 0x2945, 0x2945, 0x2945, 0x2945, 0x2945, 0x2945, 0x0841,
    0x0841, 0x0841, 0x0841, 0x2945, 0x2945, 0x2945, 0x2945, 0x2945, 0x2945, 0x2945, 0x2945, 0x2945, 0x2945, 0x2945, 0x0841, 0x0841,
    0xbc2b, 0x7aa7, 0x7aa7, 0x59e5, 0xbc2b, 0x0841, 0x2945, 0x5aab, 0x5aab, 0x5aab, 0x2945, 0x2945, 0x2945, 0x2945, 0x2945, 0x2945,
    0x2945, 0x0841, 0x0841, 0x59e5, 0x0841, 0x2945, 0x2945, 0x2945, 0x2945, 0x7aa7, 0x7aa7, 0x7aa7, 0x59e5, 0x59e5, 0xbc2b, 0x7aa7,
    0xbc2b, 0x7aa7, 0x7aa7, 0x59e5, 0xbc2b, 0x7aa7, 0x7aa7, 0x7aa7, 0xbc2b, 0x7aa7, 0x7aa7, 0x7aa7, 0x59e5, 0x59e5, 0xbc2b, 0x7aa7,
    0x9369, 0x6b6d, 0xbc2b, 0x7aa7, 0x9369, 0x59e5, 0x7aa7, 0xbc2b, 0x9369, 0x9369, 0x7aa7, 0x9369, 0x7aa7, 0xbc2b, 0x9369, 0x7aa7,
    0x9369, 0x6b6d, 0xbc2b, 0x7aa7, 0x9369, 0x59e5, 0x7aa7, 0x2945, 0x2945, 0x2945, 0x2945, 0x2945, 0x2945, 0x2945, 0x2945, 0x2945,
    0x2945, 0x2945, 0x2945, 0x2945, 0x2945, 0x2945, 0x2945, 0x2945, 0x2945, 0x2945, 0x2945, 0x2945, 0x0841, 0x0841, 0x9369, 0x7aa7,
    0x0841, 0x0841, 0x0841, 0x0841, 0x0841, 0x2945, 0x2945, 0x2945, 0x2945, 0x2945, 0x2945, 0x2945, 0x2945, 0x2945, 0x2945, 0x2945,
    0x2945, 0x0841, 0x2945, 0x2945, 0x2945, 0x2945, 0x2945, 0x2945, 0x2945, 0x2945, 0x0841, 0x9369, 0x7aa7, 0xbc2b, 0x9369, 0x7aa7,
    0x9369, 0x6b6d, 0xbc2b, 0x7aa7, 0x0841, 0x2945, 0x2945, 0x2945, 0x2945, 0x2945, 0x2945, 0x2945, 0x2945, 0x2945, 0x2945, 0x0841,
    0x0841, 0x0841, 0x0841, 0x7aa7, 0x9369, 0x59e5, 0x7aa7, 0xbc2b, 0x9369, 0x9369, 0x7aa7, 0x9369, 0x7aa7, 0xbc2b, 0x0841, 0x2945,
    0x2945, 0x2945, 0x2945, 0x2945, 0x0841, 0x0841, 0x0841, 0x0841, 0x0841, 0x0841, 0x0841, 0x0841, 0x7aa7, 0x0841, 0x2945, 0x2945,
    0x2945, 0x2945, 0x2945, 0x2945, 0x2945, 0x2945, 0x2945, 0x2945, 0x0841, 0x0841, 0x0841, 0x0841, 0x0841, 0x2945, 0x2945, 0x2945,
    0x2945, 0x2945, 0x2945, 0x2945, 0x2945, 0x2945, 0x2945, 0x0841, 0x0841, 0x9369, 0x7aa7, 0x9369, 0x7aa7, 0xbc2b, 0x0841, 0x2945,
    0x2945, 0x2945, 0x2945, 0x2945, 0x2945, 0x2945, 0x2945, 0x2945, 0x2945, 0x2945, 0x0841, 0x9369, 0x7aa7, 0x0841, 0x2945, 0x2945,
    0x2945, 0x2945, 0x2945, 0x2945, 0x2945, 0x2945, 0x2945, 0x2945, 0x2945, 0x2945, 0x2945, 0x2945, 0x2945, 0x2945, 0x2945, 0x2945,
    0x2945, 0x2945, 0x2945, 0x2945, 0x2945, 0x2945, 0x2945, 0x0841, 0x0841, 0x9369, 0x7aa7, 0x0841, 0x2945, 0x2945, 0x2945, 0x2945,
    0x2945, 0x2945, 0x2945, 0x2945, 0x2945, 0x2945, 0x2945, 0x2945, 0x2945, 0x2945, 0x2945, 0x2945, 0x0841, 0x2945, 0x2945, 0x2945,
    0x2945, 0x2945, 0x2945, 0x2945, 0x2945, 0x0841, 0x7aa7, 0xbc2b, 0x9369, 0x9369, 0x7aa7, 0x9369, 0x7aa7, 0xbc2b, 0x9369, 0x7aa7,
    0x0841, 0x2945, 0x2945, 0x2945, 0x2945, 0x2945, 0x2945, 0x2945, 0x2945, 0x2945, 0x2945, 0x0841, 0x0841, 0x0841, 0x9369, 0x7aa7,
    0x9369, 0x6b6d, 0xbc2b, 0x7aa7, 0x9369, 0x59e5, 0x7aa7, 0xbc2b, 0x9369, 0x9369, 0x0841, 0x2945, 0x2945, 0x2945, 0x2945, 0x2945,
    0x2945, 0x2945, 0x2945, 0x2945, 0x2945, 0x0841, 0x0841, 0xbc2b, 0x9369, 0x0841, 0x2945, 0x2945, 0x2945, 0x2945, 0x2945, 0x2945,
    0x2945, 0x2945, 0x2945, 0x2945, 0x0841, 0x0841, 0x7aa7, 0x0841, 0x2945, 0x9369, 0x7aa7, 0x9369, 0x7aa7, 0xbc2b, 0x9369, 0x7aa7,
    0x9369, 0x6b6d, 0xbc2b, 0x7aa7, 0x9369, 0x59e5, 0x7aa7, 0xbc2b, 0x9369, 0x9369, 0x7aa7, 0x9369, 0x7aa7, 0xbc2b, 0x9369, 0x7aa7,
    0x9369, 0x7aa7, 0x9369, 0xbc2b, 0x59e5, 0x9369, 0x7aa7, 0x7aa7, 0x9369, 0x59e5, 0x7aa7, 0x6b6d, 0x7aa7, 0x9369, 0x59e5, 0x7aa7,
    0x9369, 0x7aa7, 0x9369, 0xbc2b, 0x59e5, 0x9369, 0x7aa7, 0x2945, 0x2945, 0x2945, 0x2945, 0x2945, 0x2945, 0x2945, 0x2945, 0x2945,
    0x2945, 0x0841, 0x9369, 0xbc2b, 0x59e5, 0x9369, 0x7aa7, 0x7aa7, 0x0841, 0x2945, 0x2945, 0x2945, 0x2945, 0x2945, 0x2945, 0x2945,
    0x2945, 0x2945, 0x2945, 0x0841, 0x59e5, 0x9369, 0x0841, 0x2945, 0x2945, 0x2945, 0x2945, 0x2945, 0x2945, 0x2945, 0x2945, 0x2945,
    0x2945, 0x2945, 0x2945, 0x2945, 0x2945, 0x2945, 0x2945, 0x2945, 0x2945, 0x2945, 0x2945, 0x2945, 0x2945, 0x2945, 0x2945, 0x2945,
    0x0841, 0x7aa7, 0x9369, 0xbc2b, 0x0841, 0x2945, 0x2945, 0x2945, 0x2945, 0x2945, 0x2945, 0x2945, 0x2945, 0x4208, 0x2945, 0x2945,
    0x2945, 0x2945, 0x2945, 0x2945, 0x2945, 0x0841, 0x2945, 0x2945, 0x2945, 0x2945, 0x2945, 0x2945, 0x2945, 0x2945, 0x0841, 0x7aa7,
    0x9369, 0x7aa7, 0x9369, 0xbc2b, 0x59e5, 0x9369, 0x7aa7, 0x7aa7, 0x9369, 0x59e5, 0x0841, 0x0841, 0x0841, 0x0841, 0x0841, 0x0841,
    0x0841, 0x0841, 0x0841, 0x0841, 0x0841, 0x0841, 0x7aa7, 0x7aa7, 0x9369, 0x59e5, 0x7aa7, 0x6b6d, 0x7aa7, 0x9369, 0x59e5, 0x7aa7,
    0x9369, 0x7aa7, 0x9369, 0xbc2b, 0x0841, 0x0841, 0x0841, 0x0841, 0x0841, 0x0841, 0x0841, 0x0841, 0x0841, 0x0841, 0x0841, 0x0841,
    0x9369, 0x7aa7, 0x9369, 0x0841, 0x0841, 0x0841, 0x0841, 0x0841, 0x0841, 0x0841, 0x0841, 0x0841, 0x0841, 0x0841, 0x59e5, 0x7aa7,
    0x9369, 0x0841, 0x0841, 0x0841, 0x0841, 0x0841, 0x0841, 0x0841, 0x0841, 0x0841, 0x0841, 0x0841, 0x0841, 0x9369, 0x59e5, 0x7aa7,
    0x9369, 0x7aa7, 0x9369, 0x0841, 0x0841, 0x0841, 0x0841, 0x0841, 0x0841, 0x0841, 0x0841, 0x0841, 0x0841, 0x0841, 0x0841, 0x7aa7,
    0x9369, 0x7aa7, 0x0841, 0x0841, 0x0841, 0x0841, 0x0841, 0x0841, 0x0841, 0x0841, 0x0841, 0x0841, 0x0841, 0x0841, 0x0841, 0x0841,
    0x0841, 0x0841, 0x0841, 0x0841, 0x0841, 0x0841, 0x0841, 0x0841, 0x0841, 0x0841, 0x0841, 0x0841, 0x7aa7, 0x9369, 0x59e5, 0x0841,
    0x0841, 0x0841, 0x0841, 0x0841, 0x0841, 0x0841, 0x0841, 0x0841, 0x0841, 0x20e3, 0x0841, 0x0841, 0x0841, 0x0841, 0x0841, 0x0841,
    0x0841, 0x0841, 0x0841, 0x0841, 0x0841, 0x0841, 0x0841, 0x0841, 0x0841, 0x0841, 0x7aa7, 0x6b6d, 0x0841, 0x0841, 0x0841, 0x0841,
    0x0841, 0x0841, 0x0841, 0x0841, 0x0841, 0x0841, 0x0841, 0x0841, 0x0841, 0x0841, 0x0841, 0x0841, 0x0841, 0x0841, 0x0841, 0x0841,
    0x0841, 0x0841, 0x0841, 0x0841, 0x0841, 0x0841, 0x0841, 0x7aa7, 0x9369, 0x59e5, 0x7aa7, 0x6b6d, 0x7aa7, 0x9369, 0x59e5, 0x7aa7,
    0x9369, 0x7aa7, 0x9369, 0xbc2b, 0x59e5, 0x9369, 0x7aa7, 0x7aa7, 0x9369, 0x59e5, 0x7aa7, 0x6b6d, 0x7aa7, 0x9369, 0x59e5, 0x7aa7,
    0x7aa7, 0x59e5, 0x9369, 0x9369, 0x7aa7, 0x9369, 0x59e5, 0x59e5, 0x59e5, 0x7aa7, 0x7aa7, 0x59e5, 0x7aa7, 0x7aa7, 0x7aa7, 0xbc2b,
    0x7aa7, 0x59e5, 0x9369, 0x9369, 0x7aa7, 0x9369, 0x59e5, 0x59e5, 0x0841, 0x0841, 0x0841, 0x0841, 0x0841, 0x0841, 0x0841, 0x0841,
    0x0841, 0x0841, 0x0841, 0x0841, 0x0841, 0x0841, 0x0841, 0x0841, 0x0841, 0x0841, 0x0841, 0x0841, 0x0841, 0x0841, 0x0841, 0x0841,
    0x0841, 0x0841, 0x9369, 0x9369, 0x7aa7, 0x0841, 0x0841, 0x0841, 0x0841, 0x0841, 0x0841, 0x0841, 0x0841, 0x0841, 0x0841, 0x0841,
    0x0841, 0x0841, 0x0841, 0x0841, 0x0841, 0x0841, 0x0841, 0x0841, 0x0841, 0x0841, 0x0841, 0x0841, 0x0841, 0x0841, 0x0841, 0x0841,
    0x7aa7, 0x59e5, 0x0841, 0x0841, 0x0841, 0x0841, 0x0841, 0x0841, 0x0841, 0x0841, 0x0841, 0x0841, 0x0841, 0x0841, 0x0841, 0x0841,
    0x0841, 0x0841, 0x0841, 0x0841, 0x0841, 0x0841, 0x0841, 0x0841, 0x0841, 0x0841, 0x0841, 0x0841, 0x0841, 0x0841, 0x7aa7, 0xbc2b,
    0x7aa7, 0x0841, 0xb575, 0xb575, 0xb575, 0xb575, 0xb575, 0x83ef, 0xb575, 0xb575, 0xb575, 0xb575, 0xb575, 0xb575, 0xb575, 0xb575,
    0xb575, 0xb575, 0xb575, 0xb575, 0xb575, 0xb575, 0xb575, 0xb575, 0xb575, 0xb575, 0xb575, 0x0841, 0x7aa7, 0x7aa7, 0x0841, 0xb575,
    0xb575, 0xb575, 0xb575, 0xb575, 0xb575, 0xb575, 0xb575, 0xb575, 0xb575, 0xb575, 0xb575, 0xb575, 0xb575, 0xb575, 0xb575, 0xb575,
    0xb575, 0xb575, 0xb575, 0xb575, 0xb575, 0xb575, 0xb575, 0xb575, 0xb575, 0x0841, 0x7aa7, 0x0841, 0x0841, 0xb575, 0xb575, 0xb575,
    0xb575, 0xb575, 0xb575, 0xb575, 0xb575, 0xb575, 0xb575, 0xb575, 0xb575, 0xb575, 0xb575, 0xb575, 0x83ef, 0xb575, 0xb575, 0xb575,
    0xb575, 0xb575, 0xb575, 0xb575, 0xb575, 0xb575, 0x0841, 0x59e5, 0x0841, 0x0841, 0xb575, 0xb575, 0xb575, 0xb575, 0xb575, 0xb575,
    0xb575, 0xb575, 0xb575, 0xb575, 0xb575, 0xb575, 0xb575, 0xb575, 0xb575, 0xb575, 0xb575, 0xb575, 0x83ef, 0xb575, 0xb575, 0xb575,
    0xb575, 0xb575, 0xb575, 0xb575, 0x0841, 0x9369, 0x59e5, 0x59e5, 0x0841, 0xb575, 0xb575, 0xb575, 0xb575, 0xb575, 0xb575, 0x83ef,
    0xb575, 0xb575, 0xb575, 0xb575, 0xb575, 0xb575, 0xb575, 0xb575, 0xb575, 0xb575, 0xb575, 0xb575, 0xb575, 0xb575, 0xb575, 0xb575,
    0xb575, 0xb575, 0x0841, 0x0841, 0x7aa7, 0x0841, 0xb575, 0xb575, 0xb575, 0xb575, 0xb575, 0xb575, 0xb575, 0xb575, 0xb575, 0xb575,
    0xb575, 0xb575, 0xb575, 0xb575, 0xb575, 0xb575, 0xb575, 0xb575, 0xb575, 0xb575, 0xb575, 0xb575, 0xb575, 0xb575, 0xb575, 0xb575,
    0x0841, 0x59e5, 0x0841, 0x0841, 0xb575, 0xb575, 0xb575, 0xb575, 0xb575, 0x7aa7, 0x7aa7, 0x59e5, 0x7aa7, 0x7aa7, 0x7aa7, 0xbc2b,
    0x7aa7, 0x59e5, 0x9369, 0x9369, 0x7aa7, 0x9369, 0x59e5, 0x59e5, 0x59e5, 0x7aa7, 0x7aa7, 0x59e5, 0x7aa7, 0x7aa7, 0x7aa7, 0xbc2b,
    0xbc2b, 0x59e5, 0x7aa7, 0x7aa7, 0x8430, 0x7aa7, 0x7aa7, 0xbc2b, 0xbc2b, 0x7aa7, 0xbc2b, 0xbc2b, 0x7aa7, 0x9369, 0x7aa7, 0x9369,
    0xbc2b, 0x59e5, 0x7aa7, 0x7aa7, 0x8430, 0x7aa7, 0x7aa7, 0xb575, 0xb575, 0xb575, 0xb575, 0xb575, 0xb575, 0xb575, 0xb575, 0xb575,
    0xb575, 0x5aab, 0xb575, 0xb575, 0xb575, 0xb575, 0xb575, 0xb575, 0xb575, 0xb575, 0xb575, 0x5aab, 0x0841, 0x0841, 0x0841, 0xb575,
    0xb575, 0xb575, 0xb575, 0xb575, 0xb575, 0xb575, 0xb575, 0xb575, 0xb575, 0xb575, 0xb575, 0xb575, 0xb575, 0xb575, 0xb575, 0xb575,
    0xb575, 0x83ef, 0xb575, 0xb575, 0xb575, 0xb575, 0xb575, 0xb575, 0xb575, 0x5aab, 0x0841, 0xbc2b, 0x7aa7, 0x0841, 0xb575, 0xb575,
    0xb575, 0xb575, 0xb575, 0xb575, 0x83ef, 0xb575, 0xb575, 0xb575, 0xb575, 0xb575, 0xb575, 0xb575, 0xb575, 0xb575, 0xb575, 0xb575,
    0xb575, 0xb575, 0xb575, 0xb575, 0xb575, 0xb575, 0xb575, 0x5aab, 0x0841, 0x7aa7, 0x0841, 0xb575, 0xb575, 0xb575, 0xb575, 0xb575,
    0xb575, 0xb575, 0xb575, 0xb575, 0xb575, 0xb575, 0xb575, 0xb575, 0xb575, 0xb575, 0xb575, 0xb575, 0xb575, 0xb575, 0xb575, 0xb575,
    0xb575, 0xb575, 0xb575, 0xb575, 0xb575, 0x5aab, 0x0841, 0x0841, 0x0841, 0xb575, 0xb575, 0xb575, 0xb575, 0xb575, 0xb575, 0xb575,
    0xb575, 0xb575, 0xb575, 0xb575, 0xb575, 0xb575, 0xb575, 0xb575, 0xb575, 0x5aab, 0xb575, 0xb575, 0xb575, 0xb575, 0xb575, 0xb575,
    0xb575, 0xb575, 0xb575, 0x0841, 0x0841, 0x0841, 0x83ef, 0xb575, 0xb575, 0xb575, 0xb575, 0xb575, 0xb575, 0xb575, 0xb575, 0xb575,
    0xb575, 0xb575, 0xb575, 0xb575, 0xb575, 0xb575, 0xb575, 0xb575, 0x5aab, 0xb575, 0xb575, 0xb575, 0xb575, 0xb575, 0xb575, 0xb575,
    0x83ef, 0x0841, 0x7aa7, 0x7aa7, 0x0841, 0xb575, 0xb575, 0xb575, 0xb575, 0xb575, 0xb575, 0x83ef, 0xb575, 0xb575, 0xb575, 0xb575,
    0xb575, 0xb575, 0xb575, 0xb575, 0xb575, 0xb575, 0xb575, 0xb575, 0xb575, 0xb575, 0xb575, 0xb575, 0xb575, 0xb575, 0x83ef, 0x0841,
    0xbc2b, 0x0841, 0xb575, 0xb575, 0xb575, 0xb575, 0xb575, 0xb575, 0xb575, 0xb575, 0xb575, 0xb575, 0xb575, 0xb575, 0xb575, 0xb575,
    0xb575, 0xb575, 0xb575, 0xb575, 0xb575, 0xb575, 0xb575, 0xb575, 0xb575, 0xb575, 0xb575, 0xb575, 0x83ef, 0x0841, 0x0841, 0x0841,
    0xb575, 0xb575, 0xb575, 0xb575, 0xb575, 0xb575, 0xb575, 0xb575, 0xb575, 0xb575, 0xb575, 0xb575, 0xb575, 0xb575, 0xb575, 0xb575,
    0xb575, 0x5aab, 0x5aab, 0xb575, 0xb575, 0xb575, 0xb575, 0xb575, 0xb575, 0xb575, 0x5aab, 0x0841, 0x0841, 0x5aab, 0xb575, 0xb575,
    0xb575, 0xb575, 0xb575, 0xb575, 0xb575, 0x83ef, 0xb575, 0xb575, 0xb575, 0x7aa7, 0xbc2b, 0xbc2b, 0x7aa7, 0x9369, 0x7aa7, 0x9369,
    0xbc2b, 0x59e5, 0x7aa7, 0x7aa7, 0x8430, 0x7aa7, 0x7aa7, 0xbc2b, 0xbc2b, 0x7aa7, 0xbc2b, 0xbc2b, 0x7aa7, 0x9369, 0x7aa7, 0x9369,
    0xbc2b, 0x7aa7, 0xbc2b, 0xbc2b, 0x9369, 0x9369, 0x7aa7, 0x7aa7, 0x9369, 0x59e5, 0x9369, 0x9369, 0x7aa7, 0x7aa7, 0x9369, 0x9369,
    0xbc2b, 0x7aa7, 0xbc2b, 0xbc2b, 0x9369, 0x9369, 0x7aa7, 0xb575, 0xb575, 0xb575, 0xb575, 0xb575, 0xb575, 0x5aab, 0xb575, 0xb575,
    0xb575, 0xb575, 0xb575, 0xb575, 0xb575, 0xb575, 0x0841, 0x7aa7, 0x9369, 0x0841, 0xb575, 0xb575, 0xb575, 0xb575, 0xb575, 0xb575,
    0x83ef, 0xb575, 0xb575, 0xb575, 0xb575, 0xb575, 0xb575, 0xb575, 0xb575, 0xb575, 0xb575, 0xb575, 0xb575, 0xb575, 0xb575, 0xb575,
    0xb575, 0xb575, 0xb575, 0xb575, 0x0841, 0x0841, 0x0841, 0x83ef, 0xb575, 0xb575, 0xb575, 0xb575, 0xb575, 0xb575, 0xb575, 0xb575,
    0xb575, 0xb575, 0xb575, 0xb575, 0xb575, 0xb575, 0xb575, 0xb575, 0xb575, 0xb575, 0xb575, 0xb575, 0xb575, 0xb575, 0xb575, 0xb575,
    0xb575, 0xb575, 0x0841, 0x0841, 0x0841, 0xb575, 0xb575, 0xb575, 0xb575, 0xb575, 0xb575, 0xb575, 0xb575, 0xb575, 0xb575, 0xb575,
    0xb575, 0xb575, 0xb575, 0xb575, 0xb575, 0xb575, 0xb575, 0x2945, 0xb575, 0xb575, 0xb575, 0xb575, 0xb575, 0xb575, 0xb575, 0x83ef,
    0x0841, 0x0841, 0x0841, 0xb575, 0xb575, 0xb575, 0xb575, 0xb575, 0xb575, 0xb575, 0x83ef, 0xb575, 0xb575, 0xb575, 0xb575, 0xb575,
    0xb575, 0xb575, 0xb575, 0xb575, 0x83ef, 0x5aab, 0xb575, 0xb575, 0xb575, 0xb575, 0xb575, 0xb575, 0xb575, 0x0841, 0x9369, 0x9369,
    0x0841, 0xb575, 0xb575, 0xb575, 0xb575, 0xb575, 0xb575, 0x83ef, 0xb575, 0xb575, 0xb575, 0xb575, 0xb575, 0xb575, 0xb575, 0xb575,
    0xb575, 0xb575, 0xb575, 0xb575, 0xb575, 0xb575, 0xb575, 0xb575, 0xb575, 0xb575, 0xb575, 0x0841, 0x0841, 0x0841, 0x83ef, 0xb575,
    0xb575, 0xb575, 0xb575, 0xb575, 0xb575, 0xe6fa, 0xe6fa, 0xe6fa, 0xbdb6, 0xb575, 0xb575, 0xb575, 0xb575, 0xb575, 0xe6fa, 0xe6fa,
    0xe6fa, 0xbdb6, 0xb575, 0xb575, 0xb575, 0xb575, 0xb575, 0xb575, 0xb575, 0x0841, 0x0841, 0x0841, 0x83ef, 0xb575, 0xb575, 0xb575,
    0xb575, 0xb575, 0xb575, 0xb575, 0xb575, 0xb575, 0xb575, 0xe6fa, 0xe6fa, 0xe6fa, 0xe6fa, 0xe6fa, 0xe6fa, 0xe6fa, 0x0841, 0xe6fa,
    0xe6fa, 0xe6fa, 0xe6fa, 0xe6fa, 0xbdb6, 0xbdb6, 0xbdb6, 0x0841, 0x0841, 0x0841, 0x83ef, 0xe6fa, 0xe6fa, 0xe6fa, 0xe6fa, 0xe6fa,
    0x83ef, 0x5aab, 0xb575, 0xb575, 0xb575, 0xb575, 0xb575, 0xb575, 0xb575, 0xb575, 0xb575, 0xb575, 0x5aab, 0xb575, 0xe6fa, 0xe6fa,
    0xe6fa, 0xe6fa, 0xe6fa, 0xbdb6, 0x0841, 0x9369, 0x7aa7, 0x0841, 0xb575, 0xb575, 0xb575, 0xb575, 0xb575, 0xb575, 0x83ef, 0xb575,
    0xb575, 0xb575, 0xb575, 0x0841, 0x0841, 0x0841, 0x5aab, 0xb575, 0xb575, 0x59e5, 0x9369, 0x9369, 0x7aa7, 0x7aa7, 0x9369, 0x9369,
    0xbc2b, 0x7aa7, 0xbc2b, 0xbc2b, 0x9369, 0x9369, 0x7aa7, 0x7aa7, 0x9369, 0x59e5, 0x9369, 0x9369, 0x7aa7, 0x7aa7, 0x9369, 0x9369,
    0x9369, 0x7aa7, 0x7aa7, 0x9369, 0x7aa7, 0x9369, 0x7aa7, 0x59e5, 0x7aa7, 0x9369, 0x9369, 0x7aa7, 0x7aa7, 0x7aa7, 0x59e5, 0x7aa7,
    0x9369, 0x7aa7, 0x7aa7, 0x9369, 0x7aa7, 0x9369, 0x7aa7, 0xb575, 0xb575, 0xb575, 0xb575, 0xb575, 0xb575, 0xb575, 0xb575, 0xb575,
    0x0841, 0x0841, 0x0841, 0x5aab, 0xb575, 0xb575, 0xb575, 0xb575, 0xb575, 0xb575, 0x5aab, 0x0841, 0x0841, 0x0841, 0x0841, 0xb575,
    0xb575, 0xb575, 0xb575, 0x5aab, 0x0841, 0x0841, 0x0841, 0x2945, 0xb575, 0xb575, 0xb575, 0xb575, 0xb575, 0xb575, 0x0841, 0x0841,
    0x0841, 0x5aab, 0xb575, 0xb575, 0xb575, 0xb575, 0xb575, 0xb575, 0xb575, 0xb575, 0xb575, 0xb575, 0xb575, 0x0841, 0x0841, 0x0841,
    0x0841, 0x0841, 0x0841, 0x0841, 0x0841, 0x0841, 0x0841, 0x0841, 0x0841, 0x0841, 0x0841, 0x0841, 0x0841, 0x0841, 0x0841, 0x0841,
    0x0841, 0x0841, 0x0841, 0x0841, 0x0841, 0x0841, 0x5aab, 0xb575, 0xb575, 0xb575, 0xb575, 0xb575, 0xb575, 0xb575, 0xb575, 0xb575,
    0xb575, 0x83ef, 0x0841, 0x0841, 0x0841, 0x0841, 0x0841, 0x0841, 0x0841, 0x0841, 0x9369, 0x0841, 0x0841, 0xb575, 0xb575, 0xb575,
    0xb575, 0xb575, 0xb575, 0x5aab, 0xb575, 0xb575, 0xb575, 0xb575, 0x0841, 0x0841, 0x0841, 0x0841, 0xb575, 0xb575, 0xb575, 0xb575,
    0xb575, 0xb575, 0xb575, 0xb575, 0xb575, 0xb575, 0xb575, 0x5aab, 0x0841, 0x0841, 0x5aab, 0xb575, 0xb575, 0xb575, 0xb575, 0xb575,
    0xb575, 0x5aab, 0x0841, 0x0841, 0x0841, 0x0841, 0xb575, 0xb575, 0xb575, 0xb575, 0x0841, 0x0841, 0x0841, 0x0841, 0x0841, 0xb575,
    0xb575, 0xb575, 0xb575, 0xb575, 0xb575, 0x5aab, 0x0841, 0x0841, 0x0841, 0xb575, 0xb575, 0xb575, 0xb575, 0xb575, 0xb575, 0xb575,
    0xb575, 0xb575, 0xb575, 0xb575, 0x0841, 0x0841, 0x0841, 0x0841, 0x0841, 0x0841, 0x0841, 0x0841, 0x0841, 0x0841, 0x0841, 0x0841,
    0x0841, 0x0841, 0x0841, 0x0841, 0x0841, 0x0841, 0x0841, 0x0841, 0x0841, 0x0841, 0x0841, 0x0841, 0x0841, 0x0841, 0xb575, 0xb575,
    0xb575, 0xb575, 0xb575, 0xb575, 0xb575, 0xb575, 0xb575, 0xb575, 0xb575, 0x5aab, 0x0841, 0x0841, 0x0841, 0x0841, 0x0841, 0x0841,
    0x9369, 0x7aa7, 0x0841, 0x0841, 0xb575, 0xb575, 0xe6fa, 0xe6fa, 0xe6fa, 0xbdb6, 0x5aab, 0xb575, 0xb575, 0xb575, 0xb575, 0x5aab,
    0x0841, 0x0841, 0x0841, 0xb575, 0xb575, 0xb575, 0xb575, 0xb575, 0xb575, 0xb575, 0xb575, 0xb575, 0xb575, 0xb575, 0x83ef, 0x0841,
    0x0841, 0x0841, 0xb575, 0xb575, 0xb575, 0xb575, 0xb575, 0xb575, 0xb575, 0x0841, 0x0841, 0x0841, 0x0841, 0xe6fa, 0xe6fa, 0xe6fa,
    0xbdb6, 0x0841, 0x0841, 0x0841, 0x0841, 0x0841, 0xb575, 0xb575, 0xb575, 0x9369, 0x9369, 0x7aa7, 0x7aa7, 0x7aa7, 0x59e5, 0x7aa7,
    0x9369, 0x7aa7, 0x7aa7, 0x9369, 0x7aa7, 0x9369, 0x7aa7, 0x59e5, 0x7aa7, 0x9369, 0x9369, 0x7aa7, 0x7aa7, 0x7aa7, 0x59e5, 0x7aa7,
    0x9369, 0x9369, 0x59e5, 0x7aa7, 0x7aa7, 0x59e5, 0x59e5, 0x7aa7, 0x7aa7, 0x7aa7, 0x7aa7, 0x7aa7, 0xbc2b, 0xbc2b, 0x7aa7, 0x9369,
    0x9369, 0x9369, 0x59e5, 0x7aa7, 0x7aa7, 0x59e5, 0x59e5, 0xb575, 0xb575, 0xb575, 0x83ef, 0x0841, 0x0841, 0x0841, 0xb575, 0xb575,
    0xb575, 0xb575, 0xb575, 0xb575, 0xb575, 0xb575, 0xb575, 0xb575, 0xb575, 0x5aab, 0x0841, 0x0841, 0x0841, 0x0841, 0x0841, 0x0841,
    0x0841, 0x0841, 0x0841, 0x0841, 0x0841, 0x0841, 0x0841, 0x0841, 0x0841, 0x0841, 0x0841, 0x0841, 0x0841, 0x0841, 0x0841, 0x0841,
    0x0841, 0x0841, 0x0841, 0x5aab, 0xb575, 0xb575, 0xb575, 0xb575, 0xb575, 0xb575, 0xb575, 0xb575, 0xb575, 0xb575, 0xb575, 0x0841,
    0x0841, 0x0841, 0x0841, 0x0841, 0x7aa7, 0x59e5, 0x59e5, 0x0841, 0x0841, 0x2945, 0x2945, 0x5aab, 0x5aab, 0x83ef, 0x83ef, 0x5aab,
    0xb575, 0xb575, 0xb575, 0xb575, 0xb575, 0x0841, 0x0841, 0x0841, 0xb575, 0xb575, 0xb575, 0xb575, 0xb575, 0xb575, 0xb575, 0xb575,
    0xb575, 0xb575, 0xb575, 0xb575, 0x0841, 0x0841, 0x0841, 0xb575, 0xb575, 0xb575, 0xb575, 0xb575, 0xb575, 0xb575, 0xb575, 0xb575,
    0xb575, 0xb575, 0x0841, 0x0841, 0x0841, 0x2945, 0x5aab, 0xb575, 0xb575, 0xb575, 0xb575, 0xb575, 0xb575, 0xb575, 0xb575, 0xb575,
    0xb575, 0xb575, 0x0841, 0x0841, 0x0841, 0xb575, 0xb575, 0xb575, 0xb575, 0xb575, 0xb575, 0xb575, 0xb575, 0xb575, 0xb575, 0xb575,
    0xb575, 0x0841, 0x0841, 0x0841, 0x0841, 0x0841, 0x0841, 0x0841, 0x0841, 0x0841, 0x0841, 0x0841, 0x0841, 0x0841, 0x0841, 0x0841,
    0x0841, 0x0841, 0x0841, 0x0841, 0x0841, 0x0841, 0x0841, 0x0841, 0x0841, 0x0841, 0x0841, 0xb575, 0xb575, 0xb575, 0xb575, 0xb575,
    0xb575, 0xb575, 0xb575, 0xb575, 0xb575, 0xb575, 0x0841, 0x0841, 0x0841, 0x0841, 0x7aa7, 0x7aa7, 0xbc2b, 0xbc2b, 0x0841, 0x0841,
    0x5aab, 0xb575, 0xb575, 0xb575, 0xb575, 0xb575, 0x5aab, 0xb575, 0xb575, 0xb575, 0xb575, 0xb575, 0x0841, 0x0841, 0x0841, 0xb575,
    0xb575, 0xb575, 0xb575, 0xb575, 0xb575, 0xb575, 0xb575, 0xb575, 0xb575, 0xb575, 0xb575, 0x0841, 0x0841, 0x0841, 0xb575, 0xb575,
    0xb575, 0xb575, 0xb575, 0xb575, 0xb575, 0xb575, 0xb575, 0xe6fa, 0xe6fa, 0x0841, 0x0841, 0x0841, 0x0841, 0x5aab, 0xe6fa, 0xe6fa,
    0xb575, 0xb575, 0xb575, 0xb575, 0xb575, 0xb575, 0xb575, 0xb575, 0xb575, 0x0841, 0x0841, 0x0841, 0x83ef, 0xb575, 0xb575, 0xb575,
    0xb575, 0xb575, 0xb575, 0xb575, 0xb575, 0xb575, 0xb575, 0xad34, 0x0841, 0x0841, 0x0841, 0x0841, 0x0841, 0x0841, 0x0841, 0x0841,
    0x0841, 0x0841, 0x0841, 0x0841, 0x0841, 0x0841, 0x0841, 0x0841, 0x0841, 0x7aa7, 0x7aa7, 0x7aa7, 0xbc2b, 0xbc2b, 0x7aa7, 0x9369,
    0x9369, 0x9369, 0x59e5, 0x7aa7, 0x7aa7, 0x59e5, 0x59e5, 0x7aa7, 0x7aa7, 0x7aa7, 0x7aa7, 0x7aa7, 0xbc2b, 0xbc2b, 0x7aa7, 0x9369,
    0x9369, 0x9369, 0x7aa7, 0xbc2b, 0xbc2b, 0x7aa7, 0xbc2b, 0x9369, 0x59e5, 0xbc2b, 0xbc2b, 0x7aa7, 0x9369, 0x9369, 0x8430, 0x7aa7,
    0x9369, 0x9369, 0x7aa7, 0xbc2b, 0xbc2b, 0x7aa7, 0xbc2b, 0x0841, 0x0841, 0x0841, 0x0841, 0x0841, 0x0841, 0x0841, 0x0841, 0x0841,
    0xb575, 0xb575, 0xb575, 0xb575, 0xb575, 0xb575, 0xb575, 0xb575, 0xb575, 0xb575, 0xb575, 0x5aab, 0x0841, 0x0841, 0x0841, 0x7aa7,
    0x9369, 0x9369, 0x7aa7, 0x0841, 0x0841, 0xb575, 0xb575, 0xb575, 0xb575, 0xb575, 0xb575, 0x5aab, 0xb575, 0xb575, 0xb575, 0xb575,
    0xb575, 0x0841, 0x0841, 0x0841, 0xb575, 0xb575, 0xb575, 0xb575, 0xb575, 0xb575, 0xb575, 0xb575, 0xb575, 0xb575, 0xb575, 0xb575,
    0x0841, 0x0841, 0x0841, 0xb575, 0xb575, 0xb575, 0xb575, 0xb575, 0xb575, 0xb575, 0xb575, 0xb575, 0x2945, 0x0841, 0x0841, 0x0841,
    0x0841, 0x0841, 0x0841, 0x0841, 0x0841, 0xb575, 0xb575, 0xb575, 0xb575, 0xb575, 0xb575, 0xb575, 0xb575, 0xb575, 0x0841, 0x0841,
    0x0841, 0x5aab, 0xb575, 0xb575, 0xb575, 0xb575, 0xb575, 0xb575, 0xb575, 0xb575, 0xb575, 0xb575, 0xb575, 0x5aab, 0x0841, 0x0841,
    0x0841, 0x0841, 0x0841, 0x0841, 0x0841, 0x0841, 0x0841, 0x0841, 0x0841, 0x0841, 0x0841, 0x0841, 0x0841, 0x0841, 0x0841, 0x0841,
    0x0841, 0x0841, 0x0841, 0x0841, 0x0841, 0x0841, 0x0841, 0xb575, 0xb575, 0xb575, 0xb575, 0xb575, 0xb575, 0xb575, 0xb575, 0xb575,
    0xb575, 0xb575, 0x83ef, 0x0841, 0x0841, 0x7aa7, 0xbc2b, 0x9369, 0x59e5, 0xbc2b, 0x0841, 0x0841, 0xb575, 0xb575, 0xb575, 0xb575,
    0xb575, 0xb575, 0x83ef, 0xb575, 0xb575, 0xb575, 0xb575, 0xb575, 0xb575, 0xb575, 0xb575, 0xb575, 0xb575, 0xb575, 0xb575, 0xb575,
    0xb575, 0xb575, 0xb575, 0x5aab, 0x0841, 0x0841, 0x0841, 0x0841, 0x0841, 0x0841, 0x83ef, 0xb575, 0xb575, 0xb575, 0xb575, 0xb575,
    0xb575, 0xb575, 0xb575, 0x0841, 0x0841, 0x0841, 0x0841, 0x0841, 0x0841, 0x0841, 0x0841, 0x0841, 0x5aab, 0xb575, 0xb575, 0xb575,
    0xb575, 0xb575, 0xb575, 0xb575, 0xb575, 0x0841, 0x0841, 0x0841, 0x0841, 0xb575, 0xb575, 0xb575, 0xb575, 0xb575, 0xb575, 0xb575,
    0xb575, 0xb575, 0xb575, 0xb575, 0xb575, 0xb575, 0xb575, 0xb575, 0xb575, 0xb575, 0xb575, 0x83ef, 0xb575, 0xb575, 0xb575, 0xb575,
    0xb575, 0xb575, 0xb575, 0x5aab, 0x0841, 0x0841, 0x0841, 0x0841, 0x0841, 0x0841, 0x0841, 0x0841, 0x0841, 0x0841, 0x5aab, 0xb575,
    0xb575, 0xb575, 0xb575, 0xb575, 0xb575, 0xb575, 0xb575, 0xb575, 0xb575, 0xb575, 0x0841, 0x7aa7, 0x9369, 0x9369, 0x8430, 0x7aa7,
    0x9369, 0x0841, 0x0841, 0xb575, 0xb575, 0xb575, 0xb575, 0xb575, 0xb575, 0xbc2b, 0xbc2b, 0x7aa7, 0x9369, 0x9369, 0x8430, 0x7aa7,
    0x9369, 0x9369, 0x7aa7, 0xbc2b, 0xbc2b, 0x7aa7, 0xbc2b, 0x9369, 0x59e5, 0xbc2b, 0xbc2b, 0x7aa7, 0x9369, 0x9369, 0x8430, 0x7aa7,
    0x9369, 0x7aa7, 0x7aa7, 0x9369, 0x9369, 0xbc2b, 0x7aa7, 0x9369, 0x6b6d, 0x9369, 0x9369, 0x7aa7, 0x59e5, 0x9369, 0x7aa7, 0x59e5,
    0x9369, 0x7aa7, 0x7aa7, 0x9369, 0x9369, 0xbc2b, 0x7aa7, 0x83ef, 0x83ef, 0x83ef, 0x83ef, 0x83ef, 0xb575, 0xb575, 0xb575, 0xb575,
    0xb575, 0xb575, 0xb575, 0xb575, 0xb575, 0xb575, 0xb575, 0xb575, 0x0841, 0x0841, 0x0841, 0x0841, 0x0841, 0x0841, 0x0841, 0x83ef,
    0xb575, 0xb575, 0xb575, 0xb575, 0xb575, 0xb575, 0xb575, 0xb575, 0x0841, 0x0841, 0x0841, 0x0841, 0x0841, 0x0841, 0x0841, 0x0841,
    0x0841, 0x0841, 0xb575, 0xb575, 0xb575, 0xb575, 0xb575, 0xb575, 0xb575, 0xb575, 0x5aab, 0x0841, 0x0841, 0x0841, 0xb575, 0xb575,
    0xb575, 0xb575, 0xb575, 0xb575, 0xb575, 0xb575, 0xb575, 0xb575, 0xb575, 0xb575, 0xb575, 0xb575, 0xb575, 0xb575, 0xb575, 0xb575,
    0x5aab, 0xb575, 0xb575, 0xb575, 0xb575, 0xb575, 0xb575, 0xb575, 0x83ef, 0x0841, 0x0841, 0x0841, 0x0841, 0x0841, 0x0841, 0x0841,
    0x0841, 0x0841, 0x0841, 0x0841, 0xb575, 0xb575, 0xb575, 0xb575, 0xb575, 0xb575, 0xb575, 0xb575, 0xb575, 0xb575, 0xb575, 0x5aab,
    0x9369, 0x7aa7, 0x7aa7, 0x9369, 0x9369, 0xbc2b, 0x0841, 0x0841, 0xb575, 0xb575, 0xb575, 0xb575, 0xb575, 0xb575, 0xb575, 0xb575,
    0xb575, 0xb575, 0xb575, 0x83ef, 0xb575, 0xb575, 0xb575, 0xb575, 0xb575, 0xb575, 0xb575, 0x83ef, 0x83ef, 0x83ef, 0x5aab, 0x0841,
    0x0841, 0x0841, 0x0841, 0x0841, 0x0841, 0x0841, 0x5aab, 0xb575, 0xb575, 0xb575, 0xb575, 0xb575, 0xb575, 0xb575, 0xb575, 0x5aab,
    0x0841, 0x0841, 0x2945, 0x2945, 0x2945, 0x2945, 0x0841, 0x0841, 0x0841, 0xb575, 0xb575, 0xb575, 0xb575, 0xb575, 0xb575, 0xb575,
    0xb575, 0x83ef, 0x0841, 0x0841, 0x0841, 0xb575, 0xb575, 0xb575, 0xb575, 0xb575, 0xb575, 0xb575, 0xb575, 0xb575, 0xb575, 0xb575,
    0xb575, 0xb575, 0xb575, 0xb575, 0xb575, 0xb575, 0xb575, 0x5aab, 0xb575, 0xb575, 0xb575, 0xb575, 0xb575, 0xb575, 0xb575, 0xb575,
    0x0841, 0x0841, 0x0841, 0x0841, 0x0841, 0x0841, 0x0841, 0x0841, 0x0841, 0x0841, 0x0841, 0xb575, 0xb575, 0xb575, 0xb575, 0xb575,
    0xb575, 0xb575, 0xb575, 0xb575, 0xb575, 0xb575, 0x83ef, 0x0841, 0x6b6d, 0x9369, 0x9369, 0x7aa7, 0x59e5, 0x0841, 0x0841, 0xb575,
    0xb575, 0xb575, 0xb575, 0xb575, 0xb575, 0xb575, 0xb575, 0xb575, 0xb575, 0xb575, 0xb575, 0xb575, 0xb575, 0xb575, 0xb575, 0xb575,
    0xb575, 0xb575, 0xb575, 0xb575, 0xb575, 0xb575, 0xb575, 0xb575, 0xb575, 0xb575, 0x0841, 0x0841, 0x0841, 0x5aab, 0xb575, 0xb575,
    0xb575, 0xb575, 0xb575, 0xb575, 0xb575, 0xb575, 0xb575, 0x0841, 0x0841, 0x9369, 0x9369, 0x7aa7, 0x59e5, 0x9369, 0x7aa7, 0x59e5,
    0x9369, 0x7aa7, 0x7aa7, 0x9369, 0x9369, 0xbc2b, 0x7aa7, 0x9369, 0x6b6d, 0x9369, 0x9369, 0x7aa7, 0x59e5, 0x9369, 0x7aa7, 0x59e5,
    0x7aa7, 0x59e5, 0x9369, 0x7aa7, 0x9369, 0x9369, 0xbc2b, 0x7aa7, 0x7aa7, 0x7aa7, 0x7aa7, 0x7aa7, 0x7aa7, 0x7aa7, 0xbc2b, 0xbc2b,
    0x7aa7, 0x59e5, 0x9369, 0x7aa7, 0x9369, 0x9369, 0xbc2b, 0x83ef, 0xb575, 0xb575, 0xb575, 0x83ef, 0x0841, 0x0841, 0xb575, 0xb575,
    0xb575, 0xb575, 0xb575, 0xb575, 0xb575, 0xb575, 0xb575, 0x0841, 0x0841, 0x0841, 0xb575, 0xb575, 0xb575, 0xb575, 0xb575, 0xb575,
    0xb575, 0xb575, 0xb575, 0xb575, 0xb575, 0xb575, 0xb575, 0xb575, 0xb575, 0xb575, 0xb575, 0xb575, 0x2945, 0xb575, 0xb575, 0xb575,
    0xb575, 0xb575, 0xb575, 0xb575, 0xb575, 0x0841, 0x0841, 0x0841, 0x0841, 0x0841, 0x0841, 0x0841, 0x0841, 0x0841, 0x0841, 0x0841,
    0x5aab, 0xb575, 0xb575, 0xb575, 0xb575, 0xb575, 0xb575, 0xb575, 0xb575, 0xb575, 0xb575, 0xb575, 0x0841, 0x7aa7, 0xbc2b, 0xbc2b,
    0x7aa7, 0x59e5, 0x0841, 0x0841, 0x83ef, 0xb575, 0xb575, 0xb575, 0xb575, 0xb575, 0xb575, 0xb575, 0xb575, 0xb575, 0xb575, 0xb575,
    0xb575, 0xb575, 0xb575, 0xb575, 0xb575, 0xb575, 0xb575, 0xb575, 0xb575, 0xb575, 0xb575, 0xb575, 0xb575, 0xb575, 0xb575, 0x0841,
    0x0841, 0x0841, 0x0841, 0xb575, 0xb575, 0xb575, 0xb575, 0xb575, 0xb575, 0xb575, 0xb575, 0xb575, 0x0841, 0x0841, 0xb575, 0xb575,
    0xb575, 0xb575, 0xb575, 0x0841, 0x0841, 0xb575, 0xb575, 0xb575, 0xb575, 0xb575, 0xb575, 0xb575, 0xb575, 0xb575, 0x0841, 0x0841,
    0x0841, 0x83ef, 0xb575, 0xb575, 0xb575, 0xb575, 0xb575, 0xb575, 0xb575, 0xb575, 0xb575, 0xb575, 0xb575, 0xb575, 0xb575, 0xb575,
    0xb575, 0xb575, 0xb575, 0x2945, 0xb575, 0xb575, 0xb575, 0xb575, 0xb575, 0xb575, 0xb575, 0xb575, 0x5aab, 0x0841, 0x0841, 0x0841,
    0x0841, 0x0841, 0x0841, 0x0841, 0x0841, 0x0841, 0x0841, 0x0841, 0xb575, 0xb575, 0xb575, 0xb575, 0xb575, 0xb575, 0xb575, 0xb575,
    0xb575, 0xb575, 0xb575, 0x5aab, 0x0841, 0x9369, 0xbc2b, 0x7aa7, 0x7aa7, 0x0841, 0x0841, 0x83ef, 0xb575, 0xb575, 0xb575, 0xb575,
    0xb575, 0xb575, 0xb575, 0xb575, 0xb575, 0xb575, 0xb575, 0xb575, 0xb575, 0xb575, 0xb575, 0xb575, 0xb575, 0xb575, 0xb575, 0xb575,
    0xb575, 0xb575, 0xb575, 0xb575, 0xb575, 0xb575, 0x5aab, 0x0841, 0x0841, 0x0841, 0xb575, 0xb575, 0xb575, 0xb575, 0xb575, 0xb575,
    0xb575, 0xb575, 0xb575, 0x83ef, 0x83ef, 0xb575, 0xb575, 0xb575, 0xb575, 0xb575, 0x83ef, 0x83ef, 0xb575, 0xb575, 0xb575, 0xb575,
    0xb575, 0xb575, 0xb575, 0xb575, 0xb575, 0x0841, 0x0841, 0x0841, 0x5aab, 0xb575, 0xb575, 0xb575, 0xb575, 0xb575, 0xb575, 0xb575,
    0xb575, 0xb575, 0xb575, 0xb575, 0xb575, 0xb575, 0xb575, 0xb575, 0xb575, 0x7aa7, 0x7aa7, 0x7aa7, 0x7aa7, 0x7aa7, 0xbc2b, 0xbc2b,
    0x7aa7, 0x59e5, 0x9369, 0x7aa7, 0x9369, 0x9369, 0xbc2b, 0x7aa7, 0x7aa7, 0x7aa7, 0x7aa7, 0x7aa7, 0x7aa7, 0x7aa7, 0xbc2b, 0xbc2b,
    0x7aa7, 0x9369, 0x7aa7, 0x7aa7, 0x72c8, 0x7aa7, 0x9369, 0x9369, 0x7aa7, 0x59e5, 0xbc2b, 0x59e5, 0x7aa7, 0xbc2b, 0x9369, 0x9369,
    0x7aa7, 0x9369, 0x7aa7, 0x7aa7, 0x72c8, 0x7aa7, 0x9369, 0x2945, 0x2945, 0xb575, 0xb575, 0xb575, 0xb575, 0xb575, 0xb575, 0xb575,
    0xb575, 0x83ef, 0x0841, 0x0841, 0x0841, 0x0841, 0x0841, 0x0841, 0x0841, 0x0841, 0x0841, 0x0841, 0x0841, 0xb575, 0xb575, 0xb575,
    0xb575, 0xb575, 0xb575, 0xb575, 0xb575, 0xb575, 0xb575, 0xb575, 0x83ef, 0x0841, 0xbc2b, 0x59e5, 0x7aa7, 0xbc2b, 0x0841, 0x0841,
    0x5aab, 0xb575, 0xb575, 0xb575, 0xb575, 0xb575, 0xb575, 0xb575, 0xb575, 0xb575, 0xb575, 0xb575, 0xe6fa, 0xe6fa, 0xe6fa, 0xbdb6,
    0xb575, 0xb575, 0xb575, 0xb575, 0xb575, 0xb575, 0xb575, 0xb575, 0xb575, 0xb575, 0xb575, 0x83ef, 0x0841, 0x0841, 0x0841, 0xb575,
    0xb575, 0xb575, 0xb575, 0xb575, 0xb575, 0xb575, 0xb575, 0xb575, 0xb575, 0xb575, 0xb575, 0xb575, 0xb575, 0xb575, 0xb575, 0xb575,
    0xb575, 0xb575, 0xb575, 0xb575, 0xb575, 0xb575, 0xb575, 0xb575, 0xb575, 0xb575, 0x5aab, 0x0841, 0x0841, 0x0841, 0xb575, 0xb575,
    0xb575, 0xb575, 0xb575, 0xb575, 0xb575, 0xb575, 0xb575, 0xb575, 0xb575, 0xb575, 0xe6fa, 0xe6fa, 0xe6fa, 0x5aab, 0x2945, 0x0841,
    0xe6fa, 0xe6fa, 0xe6fa, 0xe6fa, 0xe6fa, 0xe6fa, 0xe6fa, 0xbdb6, 0xad34, 0x0841, 0x0841, 0x0841, 0x0841, 0x0841, 0x0841, 0x0841,
    0x0841, 0x0841, 0x0841, 0x0841, 0xb575, 0xb575, 0xb575, 0xb575, 0xb575, 0xb575, 0xb575, 0xb575, 0xb575, 0xb575, 0xb575, 0xb575,
    0x0841, 0x9369, 0x7aa7, 0x7aa7, 0x72c8, 0x7aa7, 0x0841, 0x5aab, 0xb575, 0xb575, 0xb575, 0xb575, 0xb575, 0xb575, 0xb575, 0xb575,
    0xb575, 0xb575, 0xb575, 0x0841, 0x0841, 0x0841, 0x5aab, 0xb575, 0xb575, 0xb575, 0xb575, 0xb575, 0xb575, 0xb575, 0xb575, 0xb575,
    0xb575, 0xb575, 0xb575, 0x0841, 0x0841, 0x0841, 0xb575, 0xb575, 0xb575, 0xb575, 0xb575, 0xb575, 0xb575, 0xb575, 0xb575, 0xb575,
    0xb575, 0xb575, 0xb575, 0xb575, 0xb575, 0xb575, 0xb575, 0xb575, 0xb575, 0xb575, 0xb575, 0xb575, 0xb575, 0xb575, 0xb575, 0xb575,
    0xb575, 0x83ef, 0x0841, 0x0841, 0x0841, 0xb575, 0xb575, 0xb575, 0xb575, 0xb575, 0xb575, 0xb575, 0xb575, 0xb575, 0xb575, 0xb575,
    0xb575, 0x0841, 0x0841, 0x0841, 0x0841, 0x0841, 0x0841, 0x0841, 0x0841, 0x0841, 0x0841, 0x0841, 0x0841, 0x0841, 0x0841, 0x0841,
    0x0841, 0x0841, 0x0841, 0x0841, 0x0841, 0x0841, 0x0841, 0x0841, 0x0841, 0x0841, 0x0841, 0x5aab, 0xb575, 0xb575, 0xb575, 0xb575,
    0xb575, 0xb575, 0xb575, 0xb575, 0xb575, 0xb575, 0xb575, 0x5aab, 0x7aa7, 0x59e5, 0xbc2b, 0x59e5, 0x7aa7, 0xbc2b, 0x9369, 0x9369,
    0x7aa7, 0x9369, 0x7aa7, 0x7aa7, 0x72c8, 0x7aa7, 0x9369, 0x9369, 0x7aa7, 0x59e5, 0xbc2b, 0x59e5, 0x7aa7, 0xbc2b, 0x9369, 0x9369,
    0x9369, 0x7aa7, 0x59e5, 0xbc2b, 0x7aa7, 0x59e5, 0x7aa7, 0x59e5, 0x7aa7, 0x7aa7, 0x7aa7, 0x59e5, 0x7aa7, 0x7aa7, 0x9369, 0x9369,
    0x9369, 0x7aa7, 0x59e5, 0xbc2b, 0x7aa7, 0x59e5, 0x7aa7, 0x59e5, 0x7aa7, 0x7aa7, 0x7aa7, 0x0841, 0x0841, 0xb575, 0xb575, 0xb575,
    0xb575, 0xb575, 0xb575, 0xb575, 0xb575, 0xb575, 0xb575, 0xb575, 0x0841, 0x0841, 0x0841, 0x0841, 0xb575, 0xbdb6, 0xe6fa, 0xe6fa,
    0xe6fa, 0xb575, 0xb575, 0xb575, 0xb575, 0xb575, 0xb575, 0xb575, 0x0841, 0x0841, 0x0841, 0xb575, 0xb575, 0xb575, 0xb575, 0xb575,
    0xb575, 0xb575, 0xb575, 0xb575, 0xb575, 0xb575, 0xb575, 0xb575, 0xb575, 0xb575, 0xb575, 0xb575, 0xb575, 0xb575, 0xb575, 0xb575,
    0xb575, 0xb575, 0xb575, 0xb575, 0xb575, 0xb575, 0xb575, 0x0841, 0x0841, 0x0841, 0xb575, 0xb575, 0xb575, 0xb575, 0xb575, 0xb575,
    0xb575, 0xb575, 0xb575, 0xb575, 0xb575, 0xb575, 0x0841, 0x0841, 0x0841, 0x0841, 0x0841, 0x0841, 0x0841, 0x0841, 0x0841, 0x0841,
    0x0841, 0x0841, 0x0841, 0x0841, 0x7aa7, 0x0841, 0x0841, 0x0841, 0x0841, 0x0841, 0x0841, 0x0841, 0x0841, 0x0841, 0x0841, 0x0841,
    0x0841, 0xb575, 0xb575, 0xb575, 0xb575, 0xb575, 0xb575, 0xb575, 0xb575, 0xb575, 0xb575, 0xb575, 0x83ef, 0x0841, 0x9369, 0x9369,
    0x9369, 0x7aa7, 0x0841, 0x0841, 0xb575, 0xb575, 0xb575, 0xb575, 0xb575, 0xb575, 0xb575, 0xb575, 0xb575, 0xb575, 0xb575, 0x0841,
    0x0841, 0x0841, 0x0841, 0x83ef, 0x83ef, 0x83ef, 0x83ef, 0x83ef, 0x83ef, 0x83ef, 0x83ef, 0x83ef, 0x83ef, 0x83ef, 0xb575, 0x0841,
    0x0841, 0x0841, 0x83ef, 0xb575, 0xb575, 0xb575, 0xb575, 0xb575, 0xb575, 0xb575, 0xb575, 0xb575, 0xb575, 0xb575, 0xe6fa, 0xe6fa,
    0xe6fa, 0xe6fa, 0xe6fa, 0xb575, 0xb575, 0xb575, 0xb575, 0xb575, 0xb575, 0xb575, 0xb575, 0xb575, 0xb575, 0xb575, 0x0841, 0x0841,
    0x0841, 0x83ef, 0xb575, 0xb575, 0xb575, 0xb575, 0xb575, 0xb575, 0xb575, 0xb575, 0xb575, 0xb575, 0xb575, 0x0841, 0x0841, 0x0841,
    0x0841, 0x0841, 0x0841, 0x0841, 0x0841, 0x0841, 0x0841, 0x0841, 0x0841, 0x0841, 0x0841, 0x59e5, 0x7aa7, 0x0841, 0x0841, 0x0841,
    0x0841, 0x0841, 0x0841, 0x0841, 0x0841, 0x0841, 0x0841, 0x2945, 0xbdb6, 0xe6fa, 0xe6fa, 0xe6fa, 0xe6fa, 0xe6fa, 0xbdb6, 0xb575,
    0xb575, 0xb575, 0xb575, 0xb575, 0x0841, 0x59e5, 0x7aa7, 0x59e5, 0x7aa7, 0x0841, 0x0841, 0xb575, 0xb575, 0xb575, 0xb575, 0xb575,
    0xb575, 0xb575, 0xb575, 0xb575, 0xb575, 0xb575, 0x0841, 0x0841, 0x0841, 0x0841, 0xb575, 0xb575, 0xb575, 0xb575, 0xb575, 0xb575,
    0xb575, 0xb575, 0xb575, 0xb575, 0xb575, 0xb575, 0x0841, 0x0841, 0x0841, 0x7aa7, 0x7aa7, 0x59e5, 0x7aa7, 0x7aa7, 0x9369, 0x9369,
    0x9369, 0x7aa7, 0x59e5, 0xbc2b, 0x7aa7, 0x59e5, 0x7aa7, 0x59e5, 0x7aa7, 0x7aa7, 0x7aa7, 0x59e5, 0x7aa7, 0x7aa7, 0x9369, 0x9369,
    0x9369, 0x7aa7, 0xbc2b, 0x9369, 0x9369, 0x7aa7, 0x8430, 0x9369, 0x9369, 0x9369, 0x7aa7, 0x7aa7, 0x9369, 0x9369, 0x7aa7, 0x59e5,
    0x9369, 0x7aa7, 0xbc2b, 0x9369, 0x9369, 0x7aa7, 0x8430, 0x83ef, 0xb575, 0xb575, 0xb575, 0xb575, 0xb575, 0xb575, 0xb575, 0xb575,
    0xb575, 0xb575, 0xb575, 0x5aab, 0x0841, 0x0841, 0x0841, 0xb575, 0xb575, 0xb575, 0xb575, 0xb575, 0xb575, 0xb575, 0xb575, 0xb575,
    0xb575, 0xb575, 0xb575, 0x0841, 0x0841, 0x0841, 0x5aab, 0xb575, 0xb575, 0xb575, 0xb575, 0xb575, 0xb575, 0xb575, 0xb575, 0xb575,
    0xb575, 0xb575, 0x5aab, 0x0841, 0x0841, 0x0841, 0x0841, 0x0841, 0x0841, 0x0841, 0x0841, 0x0841, 0x0841, 0x0841, 0x0841, 0x59e5,
    0x9369, 0x7aa7, 0x0841, 0x0841, 0x0841, 0x0841, 0x0841, 0x0841, 0x0841, 0x0841, 0x0841, 0x0841, 0x2945, 0x2945, 0x2945, 0x2945,
    0x2945, 0x5aab, 0x5aab, 0x5aab, 0x5aab, 0x83ef, 0x83ef, 0x83ef, 0x83ef, 0x0841, 0x7aa7, 0x7aa7, 0x9369, 0x9369, 0x0841, 0x0841,
    0xb575, 0xb575, 0xb575, 0xb575, 0xbdb6, 0xe6fa, 0xe6fa, 0xe6fa, 0xe6fa, 0xbdb6, 0xb575, 0x5aab, 0x0841, 0x0841, 0x0841, 0xb575,
    0xb575, 0xb575, 0xb575, 0xb575, 0xb575, 0xb575, 0xb575, 0xb575, 0xb575, 0xb575, 0xb575, 0x0841, 0x0841, 0x0841, 0x5aab, 0xb575,
    0xb575, 0xb575, 0xb575, 0xb575, 0xb575, 0xb575, 0xb575, 0xb575, 0xb575, 0xb575, 0x5aab, 0x0841, 0x0841, 0x0841, 0xb575, 0xb575,
    0xe6fa, 0xe6fa, 0xe6fa, 0xe6fa, 0xbdb6, 0xb575, 0xb575, 0xb575, 0xb575, 0xb575, 0x0841, 0x0841, 0x0841, 0x0841, 0xb575, 0xb575,
    0xb575, 0xb575, 0xb575, 0xb575, 0xb575, 0xb575, 0xb575, 0xb575, 0xb575, 0xad34, 0x0841, 0x0841, 0x0841, 0x0841, 0x0841, 0x0841,
    0x0841, 0x0841, 0x0841, 0x0841, 0x0841, 0x7aa7, 0x8430, 0x9369, 0x9369, 0x0841, 0x0841, 0x0841, 0x0841, 0x0841, 0x0841, 0x0841,
    0x0841, 0x0841, 0x2945, 0x2945, 0x0841, 0x83ef, 0xb575, 0xb575, 0xb575, 0xb575, 0xb575, 0xb575, 0xb575, 0xb575, 0xb575, 0xb575,
    0x5aab, 0x0841, 0xbc2b, 0x9369, 0x9369, 0x0841, 0x0841, 0xb575, 0xb575, 0xb575, 0xb575, 0x83ef, 0x83ef, 0x83ef, 0x5aab, 0x5aab,
    0x2945, 0x2945, 0x2945, 0x0841, 0x0841, 0x0841, 0xb575, 0xb575, 0xb575, 0xb575, 0xb575, 0xb575, 0xb575, 0xb575, 0xb575, 0xb575,
    0xb575, 0xb575, 0x0841, 0x0841, 0x0841, 0x5aab, 0xb575, 0xb575, 0xb575, 0xb575, 0xb575, 0xb575, 0xb575, 0xb575, 0xb575, 0xb575,
    0xb575, 0xb575, 0x0841, 0x0841, 0x0841, 0x5aab, 0x83ef, 0x83ef, 0x83ef, 0x83ef, 0x5aab, 0x5aab, 0x5aab, 0x2945, 0x2945, 0x5aab,
    0xb575, 0x5aab, 0x0841, 0x0841, 0x0841, 0xb575, 0xb575, 0xb575, 0xb575, 0x9369, 0x7aa7, 0x7aa7, 0x9369, 0x9369, 0x7aa7, 0x59e5,
    0x9369, 0x7aa7, 0xbc2b, 0x9369, 0x9369, 0x7aa7, 0x8430, 0x9369, 0x9369, 0x9369, 0x7aa7, 0x7aa7, 0x9369, 0x9369, 0x7aa7, 0x59e5,
    0xbc2b, 0x9369, 0x9369, 0x7aa7, 0x7aa7, 0xbc2b, 0x9369, 0x9369, 0x7aa7, 0x7aa7, 0x59e5, 0x7aa7, 0x7aa7, 0xbc2b, 0x7aa7, 0xbc2b,
    0xbc2b, 0x9369, 0x9369, 0x7aa7, 0x7aa7, 0xbc2b, 0x9369, 0xb575, 0xb575, 0xb575, 0xb575, 0xb575, 0xb575, 0xb575, 0xb575, 0x0841,
    0x0841, 0x0841, 0x0841, 0x0841, 0x0841, 0x0841, 0x0841, 0x0841, 0x0841, 0x7aa7, 0x59e5, 0x7aa7, 0x7aa7, 0xbc2b, 0x0841, 0x0841,
    0x0841, 0x0841, 0x0841, 0x0841, 0x0841, 0x0841, 0x0841, 0x2945, 0x0841, 0x0841, 0xb575, 0xb575, 0xb575, 0xb575, 0xb575, 0xb575,
    0xb575, 0xb575, 0xb575, 0xb575, 0xb575, 0x83ef, 0x0841, 0x9369, 0x7aa7, 0x7aa7, 0x0841, 0x0841, 0xb575, 0xb575, 0xb575, 0x83ef,
    0xb575, 0xb575, 0xb575, 0xb575, 0xb575, 0xb575, 0xb575, 0xb575, 0x0841, 0x0841, 0x0841, 0xb575, 0xb575, 0xb575, 0xb575, 0xb575,
    0xb575, 0xb575, 0xb575, 0xb575, 0xb575, 0xb575, 0xb575, 0x0841, 0x0841, 0x0841, 0x0841, 0xb575, 0xb575, 0xb575, 0xb575, 0xb575,
    0xb575, 0xb575, 0xb575, 0xb575, 0xb575, 0xb575, 0xb575, 0x0841, 0x0841, 0x0841, 0x5aab, 0xb575, 0xb575, 0xb575, 0xb575, 0xb575,
    0xb575, 0xb575, 0xb575, 0x83ef, 0x2945, 0x2945, 0x2945, 0x0841, 0x0841, 0x0841, 0xb575, 0xb575, 0xb575, 0xb575, 0xb575, 0xb575,
    0xb575, 0xb575, 0xb575, 0xb575, 0xb575, 0xb575, 0x0841, 0x0841, 0x0841, 0x0841, 0x0841, 0x0841, 0x0841, 0x0841, 0x0841, 0x0841,
    0xbc2b, 0x9369, 0x9369, 0x7aa7, 0x7aa7, 0xbc2b, 0x0841, 0x0841, 0x0841, 0x0841, 0x0841, 0x0841, 0x0841, 0x0841, 0x2945, 0x0841,
    0x0841, 0xb575, 0xb575, 0xb575, 0xb575, 0xb575, 0xb575, 0xb575, 0xb575, 0xb575, 0xb575, 0xb575, 0xb575, 0x0841, 0x7aa7, 0xbc2b,
    0xbc2b, 0x0841, 0x0841, 0xb575, 0xb575, 0xb575, 0x83ef, 0xb575, 0xb575, 0xb575, 0xb575, 0xb575, 0xb575, 0xb575, 0xb575, 0x0841,
    0x0841, 0x0841, 0xb575, 0xb575, 0xb575, 0xb575, 0xb575, 0xb575, 0xb575, 0xb575, 0xb575, 0xb575, 0xb575, 0xb575, 0x0841, 0x0841,
    0x0841, 0x0841, 0xb575, 0xb575, 0xb575, 0xb575, 0xb575, 0xb575, 0xb575, 0xb575, 0xb575, 0xb575, 0xb575, 0xb575, 0x0841, 0x0841,
    0x0841, 0x0841, 0xb575, 0xb575, 0xb575, 0xb575, 0xb575, 0xb575, 0xb575, 0xb575, 0xb575, 0xb575, 0xb575, 0x5aab, 0x0841, 0x0841,
    0x0841, 0xb575, 0xb575, 0xb575, 0xb575, 0xb575, 0xb575, 0xb575, 0xb575, 0xb575, 0xb575, 0xb575, 0xad34, 0x0841, 0x0841, 0x0841,
    0x0841, 0x0841, 0x0841, 0x0841, 0x0841, 0x0841, 0x9369, 0x9369, 0x7aa7, 0x7aa7, 0x59e5, 0x7aa7, 0x7aa7, 0x0841, 0x0841, 0x0841,
    0x0841, 0x0841, 0x0841, 0x0841, 0x2945, 0x0841, 0x0841, 0x0841, 0x5aab, 0x7aa7, 0x59e5, 0x7aa7, 0x7aa7, 0xbc2b, 0x7aa7, 0xbc2b,
    0xbc2b, 0x9369, 0x9369, 0x7aa7, 0x7aa7, 0xbc2b, 0x9369, 0x9369, 0x7aa7, 0x7aa7, 0x59e5, 0x7aa7, 0x7aa7, 0xbc2b, 0x7aa7, 0xbc2b,
    0x7aa7, 0x9369, 0x59e5, 0x7aa7, 0x7aa7, 0x9369, 0x8430, 0x59e5, 0x7aa7, 0xbc2b, 0x9369, 0x7aa7, 0x7aa7, 0x9369, 0x59e5, 0x59e5,
    0x7aa7, 0x9369, 0x59e5, 0x7aa7, 0x7aa7, 0x9369, 0x8430, 0xb575, 0xb575, 0xb575, 0xb575, 0xb575, 0xb575, 0xb575, 0xb575, 0xb575,
    0xb575, 0xb575, 0x5aab, 0x0841, 0x7aa7, 0x9369, 0x0841, 0x0841, 0xb575, 0xb575, 0xb575, 0x5aab, 0xb575, 0xb575, 0xb575, 0xb575,
    0xb575, 0xb575, 0xb575, 0xb575, 0x0841, 0x0841, 0x0841, 0x5aab, 0xb575, 0xb575, 0xb575, 0xb575, 0xb575, 0xb575, 0xb575, 0xb575,
    0xb575, 0xb575, 0xb575, 0x5aab, 0x0841, 0x0841, 0x0841, 0xb575, 0xb575, 0xb575, 0xb575, 0xb575, 0xb575, 0xb575, 0xb575, 0xb575,
    0xb575, 0xb575, 0xb575, 0x0841, 0x0841, 0x0841, 0x0841, 0xb575, 0xb575, 0xb575, 0xb575, 0xb575, 0xb575, 0xb575, 0xb575, 0xb575,
    0xb575, 0xb575, 0xb575, 0x0841, 0x0841, 0x0841, 0x83ef, 0xb575, 0xb575, 0xb575, 0xb575, 0xb575, 0xb575, 0xb575, 0xb575, 0xb575,
    0xb575, 0xb575, 0x5aab, 0x0841, 0x0841, 0x0841, 0x0841, 0x0841, 0x0841, 0x0841, 0x9369, 0x7aa7, 0x7aa7, 0x9369, 0x59e5, 0x59e5,
    0x7aa7, 0x9369, 0x0841, 0x0841, 0x0841, 0x0841, 0x0841, 0x0841, 0x0841, 0x2945, 0x0841, 0x0841, 0x0841, 0x0841, 0xb575, 0xb575,
    0xb575, 0xb575, 0xb575, 0xb575, 0xb575, 0xb575, 0xb575, 0xb575, 0xb575, 0x83ef, 0x0841, 0x7aa7, 0x7aa7, 0x0841, 0x0841, 0xb575,
    0xb575, 0xb575, 0x5aab, 0xb575, 0xb575, 0xb575, 0xb575, 0xb575, 0xb575, 0xb575, 0xb575, 0x0841, 0x0841, 0x0841, 0x5aab, 0xb575,
    0xb575, 0xb575, 0xb575, 0xb575, 0xb575, 0xb575, 0xb575, 0xb575, 0xb575, 0xb575, 0x83ef, 0x0841, 0x0841, 0x0841, 0xb575, 0xb575,
    0xb575, 0xb575, 0xb575, 0xb575, 0xb575, 0xb575, 0xb575, 0xb575, 0xb575, 0xb575, 0x0841, 0x0841, 0x0841, 0x0841, 0xb575, 0xb575,
    0xb575, 0xb575, 0xb575, 0xb575, 0xb575, 0xb575, 0xb575, 0xb575, 0xb575, 0xb575, 0x0841, 0x0841, 0x0841, 0x5aab, 0xb575, 0xb575,
    0xb575, 0xb575, 0xb575, 0xb575, 0xb575, 0xb575, 0xb575, 0xb575, 0xb575, 0xb575, 0x0841, 0x0841, 0x0841, 0x0841, 0x0841, 0x0841,
    0x0841, 0x9369, 0x59e5, 0x7aa7, 0x7aa7, 0x9369, 0x8430, 0x59e5, 0x7aa7, 0x0841, 0x0841, 0x0841, 0x0841, 0x0841, 0x0841, 0x2945,
    0x0841, 0x0841, 0x0841, 0x0841, 0x0841, 0xb575, 0xb575, 0xb575, 0xb575, 0xb575, 0xb575, 0xb575, 0xb575, 0xb575, 0xb575, 0xb575,
    0xb575, 0x0841, 0x59e5, 0x7aa7, 0x0841, 0x0841, 0xb575, 0xb575, 0x5aab, 0xb575, 0xb575, 0xb575, 0xb575, 0xb575, 0xb575, 0xb575,
    0xb575, 0xb575, 0x0841, 0x0841, 0x0841, 0x0841, 0xb575, 0xb575, 0xb575, 0xbc2b, 0x9369, 0x7aa7, 0x7aa7, 0x9369, 0x59e5, 0x59e5,
    0x7aa7, 0x9369, 0x59e5, 0x7aa7, 0x7aa7, 0x9369, 0x8430, 0x59e5, 0x7aa7, 0xbc2b, 0x9369, 0x7aa7, 0x7aa7, 0x9369, 0x59e5, 0x59e5,
    0xbc2b, 0x7aa7, 0x7aa7, 0x59e5, 0xbc2b, 0x7aa7, 0x7aa7, 0x7aa7, 0xbc2b, 0x7aa7, 0x7aa7, 0x7aa7, 0x59e5, 0x59e5, 0xbc2b, 0x7aa7,
    0xbc2b, 0x7aa7, 0x7aa7, 0x59e5, 0xbc2b, 0x7aa7, 0x7aa7, 0xb575, 0xb575, 0xb575, 0xb575, 0xb575, 0xb575, 0xb575, 0xb575, 0xb575,
    0x0841, 0x0841, 0x0841, 0xb575, 0xb575, 0xb575, 0xb575, 0xb575, 0xb575, 0xb575, 0xb575, 0xb575, 0xb575, 0xb575, 0xb575, 0x5aab,
    0x0841, 0x0841, 0x0841, 0xb575, 0xb575, 0xb575, 0xb575, 0xb575, 0xb575, 0xb575, 0xb575, 0xb575, 0xb575, 0xb575, 0xb575, 0x0841,
    0x0841, 0x0841, 0x0841, 0xb575, 0xb575, 0xb575, 0xb575, 0xb575, 0xb575, 0xb575, 0xb575, 0xb575, 0xb575, 0xb575, 0xb575, 0x0841,
    0x0841, 0x0841, 0x0841, 0x0841, 0x0841, 0x7aa7, 0x7aa7, 0x7aa7, 0xbc2b, 0x7aa7, 0x7aa7, 0x7aa7, 0x59e5, 0x59e5, 0xbc2b, 0x0841,
    0x0841, 0x0841, 0x0841, 0x0841, 0x0841, 0x0841, 0x0841, 0x0841, 0x0841, 0x0841, 0xb575, 0xb575, 0xb575, 0xb575, 0xb575, 0xb575,
    0xb575, 0xb575, 0xb575, 0xb575, 0xb575, 0xb575, 0x5aab, 0x0841, 0xbc2b, 0x0841, 0x0841, 0xb575, 0x2945, 0x83ef, 0xb575, 0xb575,
    0xb575, 0xb575, 0xb575, 0xb575, 0xb575, 0xb575, 0xb575, 0x0841, 0x0841, 0x0841, 0x0841, 0xb575, 0xb575, 0xb575, 0xb575, 0xb575,
    0x83ef, 0xb575, 0xb575, 0xb575, 0xb575, 0xb575, 0xb575, 0x0841, 0x0841, 0x0841, 0x5aab, 0xb575, 0xb575, 0xb575, 0xb575, 0xb575,
    0xb575, 0xb575, 0xb575, 0xb575, 0xb575, 0xb575, 0x5aab, 0x0841, 0x0841, 0x0841, 0xb575, 0xb575, 0xb575, 0xb575, 0xb575, 0xb575,
    0xb575, 0xb575, 0xb575, 0xb575, 0xb575, 0xb575, 0x0841, 0x0841, 0x0841, 0x0841, 0xb575, 0xb575, 0xb575, 0xb575, 0xb575, 0xb575,
    0xb575, 0xb575, 0xb575, 0xb575, 0xb575, 0xb575, 0x0841, 0x7aa7, 0xbc2b, 0x7aa7, 0x7aa7, 0x7aa7, 0x59e5, 0x59e5, 0xbc2b, 0x7aa7,
    0xbc2b, 0x7aa7, 0x7aa7, 0x59e5, 0xbc2b, 0x7aa7, 0x0841, 0x0841, 0x0841, 0x0841, 0x0841, 0x0841, 0x0841, 0x0841, 0x0841, 0x0841,
    0x0841, 0x5aab, 0xb575, 0xb575, 0xb575, 0xb575, 0xb575, 0xb575, 0xb575, 0xb575, 0xb575, 0xb575, 0xb575, 0xb575, 0x0841, 0x7aa7,
    0x0841, 0x0841, 0x5aab, 0x2945, 0x83ef, 0xe6fa, 0xe6fa, 0xe6fa, 0xe6fa, 0xe6fa, 0xe6fa, 0xe6fa, 0xe6fa, 0x83ef, 0x0841, 0x0841,
    0x0841, 0x0841, 0x83ef, 0xe6fa, 0xe6fa, 0xe6fa, 0xe6fa, 0x0841, 0xe6fa, 0xe6fa, 0xe6fa, 0xe6fa, 0xe6fa, 0x83ef, 0x0841, 0x0841,
    0x0841, 0x5aab, 0xe6fa, 0xe6fa, 0xe6fa, 0xe6fa, 0xe6fa, 0xe6fa, 0x0841, 0xe6fa, 0xe6fa, 0xe6fa, 0xe6fa, 0x83ef, 0x0841, 0x0841,
    0x0841, 0x5aab, 0xe6fa, 0xe6fa, 0xe6fa, 0xe6fa, 0xe6fa, 0xe6fa, 0xe6fa, 0x7aa7, 0x7aa7, 0x7aa7, 0x59e5, 0x59e5, 0xbc2b, 0x7aa7,
    0xbc2b, 0x7aa7, 0x7aa7, 0x59e5, 0xbc2b, 0x7aa7, 0x7aa7, 0x7aa7, 0xbc2b, 0x7aa7, 0x7aa7, 0x7aa7, 0x59e5, 0x59e5, 0xbc2b, 0x7aa7,
    0x9369, 0x6b6d, 0xbc2b, 0x7aa7, 0x9369, 0x59e5, 0x7aa7, 0xbc2b, 0x9369, 0x9369, 0x7aa7, 0x9369, 0x7aa7, 0xbc2b, 0x9369, 0x7aa7,
    0x9369, 0x6b6d, 0xbc2b, 0x7aa7, 0x9369, 0x59e5, 0x7aa7, 0xe6fa, 0xe6fa, 0xe6fa, 0xbdb6, 0x0841, 0x0841, 0x0841, 0x0841, 0x83ef,
    0xe6fa, 0xe6fa, 0xe6fa, 0xe6fa, 0xe6fa, 0xe6fa, 0xe6fa, 0xe6fa, 0xe6fa, 0xe6fa, 0xbdb6, 0x0841, 0x7aa7, 0xbc2b, 0x9369, 0x7aa7,
    0x9369, 0x6b6d, 0xbc2b, 0x7aa7, 0x9369, 0x59e5, 0x7aa7, 0xbc2b, 0x9369, 0x9369, 0x7aa7, 0x0841, 0x0841, 0x0841, 0x0841, 0x0841,
    0x0841, 0x0841, 0x0841, 0x0841, 0x0841, 0x0841, 0x2945, 0x83ef, 0xbdb6, 0xe6fa, 0xe6fa, 0xe6fa, 0xe6fa, 0xe6fa, 0xe6fa, 0xe6fa,
    0xe6fa, 0xe6fa, 0xbdb6, 0x0841, 0x9369, 0x0841, 0x0841, 0x2945, 0x2945, 0x2945, 0x2945, 0x5aab, 0x5aab, 0x5aab, 0x5aab, 0x5aab,
    0x5aab, 0x2945, 0x2945, 0x0841, 0x0841, 0x0841, 0x2945, 0x2945, 0x2945, 0x5aab, 0x5aab, 0x5aab, 0x0841, 0x5aab, 0x5aab, 0x5aab,
    0x5aab, 0x2945, 0x2945, 0x0841, 0x0841, 0x0841, 0x2945, 0x2945, 0x5aab, 0x5aab, 0x5aab, 0x5aab, 0x5aab, 0x0841, 0x5aab, 0x5aab,
    0x5aab, 0x2945, 0x2945, 0x0841, 0x0841, 0x0841, 0x2945, 0x2945, 0x2945, 0x5aab, 0x5aab, 0x5aab, 0x5aab, 0x5aab, 0x5aab, 0x5aab,
    0x2945, 0x2945, 0x0841, 0x0841, 0x0841, 0x0841, 0x2945, 0x2945, 0x5aab, 0x5aab, 0x5aab, 0x5aab, 0x5aab, 0x5aab, 0x5aab, 0x5aab,
    0x2945, 0x2945, 0x0841, 0x7aa7, 0x9369, 0x59e5, 0x7aa7, 0xbc2b, 0x9369, 0x9369, 0x7aa7, 0x9369, 0x7aa7, 0xbc2b, 0x9369, 0x7aa7,
    0x9369, 0x6b6d, 0x0841, 0x0841, 0x0841, 0x0841, 0x0841, 0x0841, 0x0841, 0x0841, 0x0841, 0x0841, 0x0841, 0x2945, 0x2945, 0x2945,
    0x5aab, 0x5aab, 0x5aab, 0x5aab, 0x5aab, 0x5aab, 0x5aab, 0x5aab, 0x2945, 0x2945, 0x0841, 0x9369, 0x0841, 0x2945, 0x2945, 0x2945,
    0x2945, 0x2945, 0x2945, 0x2945, 0x2945, 0x2945, 0x2945, 0x2945, 0x2945, 0x2945, 0x0841, 0x0841, 0x0841, 0x2945, 0x2945, 0x2945,
    0x2945, 0x2945, 0x2945, 0x0841, 0x5aab, 0x2945, 0x2945, 0x2945, 0x2945, 0x0841, 0x0841, 0x0841, 0x2945, 0x2945, 0x2945, 0x2945,
    0x2945, 0x2945, 0x2945, 0x2945, 0x2945, 0x5aab, 0x2945, 0x2945, 0x2945, 0x0841, 0x0841, 0x0841, 0x2945, 0x2945, 0x2945, 0x2945,
    0x2945, 0x2945, 0x2945, 0x2945, 0x2945, 0x2945, 0x2945, 0x2945, 0x0841, 0x0841, 0x0841, 0x0841, 0x0841, 0x2945, 0x2945, 0x2945,
    0x2945, 0x2945, 0x2945, 0x2945, 0x2945, 0x2945, 0x2945, 0x2945, 0x0841, 0x9369, 0x7aa7, 0x9369, 0x7aa7, 0xbc2b, 0x9369, 0x7aa7,
    0x9369, 0x6b6d, 0xbc2b, 0x7aa7, 0x9369, 0x59e5, 0x7aa7, 0xbc2b, 0x9369, 0x9369, 0x7aa7, 0x9369, 0x7aa7, 0xbc2b, 0x9369, 0x7aa7,
    0x9369, 0x6b6d, 0xbc2b, 0x7aa7, 0x9369, 0x59e5, 0x7aa7, 0xbc2b, 0x9369, 0x9369, 0x7aa7, 0x9369, 0x7aa7, 0xbc2b, 0x9369, 0x7aa7,
    0x9369, 0x7aa7, 0x9369, 0xbc2b, 0x59e5, 0x9369, 0x7aa7, 0x7aa7, 0x9369, 0x59e5, 0x7aa7, 0x6b6d, 0x7aa7, 0x9369, 0x59e5, 0x7aa7,
    0x9369, 0x7aa7, 0x9369, 0xbc2b, 0x59e5, 0x9369, 0x7aa7, 0x7aa7, 0x0841, 0x0841, 0x0841, 0x2945, 0x0841, 0x0841, 0x0841, 0x0841,
    0x0841, 0x2945, 0x2945, 0x2945, 0x2945, 0x2945, 0x2945, 0x2945, 0x2945, 0x2945, 0x2945, 0x2945, 0x2945, 0x2945, 0x0841, 0x7aa7,
    0x9369, 0x0841, 0x2945, 0x2945, 0x2945, 0x2945, 0x2945, 0x2945, 0x2945, 0x2945, 0x2945, 0x2945, 0x2945, 0x2945, 0x0841, 0x7aa7,
    0x0841, 0x0841, 0x2945, 0x2945, 0x2945, 0x2945, 0x2945, 0x2945, 0x2945, 0x5aab, 0x2945, 0x2945, 0x2945, 0x2945, 0x0841, 0x0841,
    0x0841, 0x2945, 0x2945, 0x2945, 0x2945, 0x2945, 0x2945, 0x2945, 0x2945, 0x2945, 0x2945, 0x2945, 0x2945, 0x2945, 0x0841, 0x0841,
    0x0841, 0x2945, 0x2945, 0x2945, 0x2945, 0x2945, 0x2945, 0x2945, 0x2945, 0x2945, 0x2945, 0x2945, 0x2945, 0x0841, 0x2945, 0x0841,
    0x0841, 0x2945, 0x2945, 0x2945, 0x2945, 0x2945, 0x2945, 0x2945, 0x2945, 0x2945, 0x2945, 0x2945, 0x2945, 0x0841, 0x59e5, 0x7aa7,
    0x9369, 0x7aa7, 0x9369, 0xbc2b, 0x59e5, 0x9369, 0x7aa7, 0x7aa7, 0x9369, 0x59e5, 0x7aa7, 0x6b6d, 0x7aa7, 0x9369, 0x59e5, 0x0841,
    0x0841, 0x0841, 0x0841, 0x2945, 0x0841, 0x0841, 0x0841, 0x2945, 0x2945, 0x2945, 0x2945, 0x2945, 0x2945, 0x2945, 0x2945, 0x2945,
    0x2945, 0x2945, 0x2945, 0x2945, 0x0841, 0x9369, 0x7aa7, 0x7aa7, 0x0841, 0x2945, 0x2945, 0x2945, 0x2945, 0x2945, 0x2945, 0x2945,
    0x2945, 0x2945, 0x2945, 0x2945, 0x2945, 0x0841, 0x7aa7, 0x0841, 0x0841, 0x2945, 0x2945, 0x2945, 0x2945, 0x2945, 0x2945, 0x2945,
    0x2945, 0x2945, 0x2945, 0x2945, 0x0841, 0x0841, 0x0841, 0x0841, 0x2945, 0x2945, 0x2945, 0x2945, 0x2945, 0x2945, 0x2945, 0x2945,
    0x2945, 0x2945, 0x2945, 0x2945, 0x2945, 0x0841, 0x0841, 0x2945, 0x2945, 0x2945, 0x2945, 0x2945, 0x2945, 0x2945, 0x2945, 0x2945,
    0x2945, 0x2945, 0x2945, 0x0841, 0x0841, 0x2945, 0x2945, 0x0841, 0x2945, 0x2945, 0x2945, 0x2945, 0x2945, 0x2945, 0x2945, 0x2945,
    0x2945, 0x2945, 0x2945, 0x0841, 0x59e5, 0x9369, 0x7aa7, 0x7aa7, 0x9369, 0x59e5, 0x7aa7, 0x6b6d, 0x7aa7, 0x9369, 0x59e5, 0x7aa7,
    0x9369, 0x7aa7, 0x9369, 0xbc2b, 0x59e5, 0x9369, 0x0841, 0x0841, 0x0841, 0x0841, 0x2945, 0x0841, 0x0841, 0x0841, 0x2945, 0x2945,
    0x2945, 0x2945, 0x2945, 0x2945, 0x2945, 0x2945, 0x2945, 0x2945, 0x2945, 0x2945, 0x0841, 0x6b6d, 0x7aa7, 0x9369, 0x59e5, 0x0841,
    0x2945, 0x2945, 0x2945, 0x2945, 0x2945, 0x2945, 0x2945, 0x2945, 0x2945, 0x59e5, 0x7aa7, 0x6b6d, 0x7aa7, 0x9369, 0x59e5, 0x7aa7,
    0x9369, 0x7aa7, 0x9369, 0xbc2b, 0x59e5, 0x9369, 0x7aa7, 0x7aa7, 0x9369, 0x59e5, 0x7aa7, 0x6b6d, 0x7aa7, 0x9369, 0x59e5, 0x7aa7,
    0x7aa7, 0x59e5, 0x9369, 0x9369, 0x7aa7, 0x9369, 0x59e5, 0x59e5, 0x59e5, 0x7aa7, 0x7aa7, 0x59e5, 0x7aa7, 0x7aa7, 0x7aa7, 0xbc2b,
    0x7aa7, 0x59e5, 0x9369, 0x9369, 0x7aa7, 0x9369, 0x59e5, 0x2945, 0x2945, 0x2945, 0x0841, 0x59e5, 0x0841, 0x0841, 0x2945, 0x2945,
    0x2945, 0x2945, 0x2945, 0x2945, 0x2945, 0x2945, 0x2945, 0x2945, 0x2945, 0x0841, 0x0841, 0x0841, 0x0841, 0x2945, 0x2945, 0x2945,
    0x2945, 0x2945, 0x2945, 0x2945, 0x2945, 0x0841, 0x0841, 0x0841, 0x0841, 0x0841, 0x0841, 0x0841, 0x2945, 0x2945, 0x2945, 0x2945,
    0x2945, 0x2945, 0x2945, 0x2945, 0x2945, 0x2945, 0x2945, 0x2945, 0x0841, 0x0841, 0x0841, 0x2945, 0x0841, 0x0841, 0x0841, 0x2945,
    0x2945, 0x2945, 0x2945, 0x2945, 0x2945, 0x2945, 0x2945, 0x0841, 0x59e5, 0x7aa7, 0x7aa7, 0x59e5, 0x7aa7, 0x7aa7, 0x7aa7, 0xbc2b,
    0x7aa7, 0x59e5, 0x9369, 0x9369, 0x7aa7, 0x9369, 0x59e5, 0x59e5, 0x59e5, 0x7aa7, 0x7aa7, 0x0841, 0x0841, 0x0841, 0x0841, 0x0841,
    0x2945, 0x0841, 0x0841, 0x0841, 0x2945, 0x2945, 0x2945, 0x2945, 0x2945, 0x2945, 0x2945, 0x2945, 0x2945, 0x2945, 0x0841, 0xbc2b,
    0x7aa7, 0x59e5, 0x9369, 0x9369, 0x0841, 0x2945, 0x2945, 0x2945, 0x2945, 0x2945, 0x2945, 0x2945, 0x2945, 0x2945, 0x2945, 0x2945,
    0x0841, 0x59e5, 0x9369, 0x0841, 0x2945, 0x2945, 0x2945, 0x2945, 0x2945, 0x2945, 0x2945, 0x2945, 0x2945, 0x0841, 0x0841, 0x0841,
    0x0841, 0x0841, 0x0841, 0x2945, 0x2945, 0x2945, 0x2945, 0x2945, 0x2945, 0x2945, 0x5aab, 0x5aab, 0x5aab, 0x5aab, 0x2945, 0x0841,
    0x0841, 0x0841, 0x0841, 0x2945, 0x2945, 0x2945, 0x2945, 0x2945, 0x2945, 0x2945, 0x2945, 0x2945, 0x2945, 0x2945, 0x0841, 0x0841,
    0x0841, 0x0841, 0x0841, 0x0841, 0x0841, 0x0841, 0x0841, 0x0841, 0x0841, 0x2945, 0x2945, 0x2945, 0x2945, 0x0841, 0x7aa7, 0xbc2b,
    0x7aa7, 0x59e5, 0x9369, 0x9369, 0x7aa7, 0x9369, 0x59e5, 0x59e5, 0x59e5, 0x7aa7, 0x7aa7, 0x59e5, 0x7aa7, 0x7aa7, 0x7aa7, 0xbc2b,
    0x7aa7, 0x59e5, 0x9369, 0x0841, 0x0841, 0x0841, 0x0841, 0x2945, 0x0841, 0x0841, 0x0841, 0x0841, 0x0841, 0x0841, 0x2945, 0x2945,
    0x2945, 0x2945, 0x2945, 0x2945, 0x0841, 0x9369, 0x59e5, 0x59e5, 0x59e5, 0x7aa7, 0x7aa7, 0x0841, 0x0841, 0x0841, 0x0841, 0x2945,
    0x2945, 0x2945, 0x2945, 0x2945, 0x2945, 0x2945, 0x2945, 0x0841, 0x59e5, 0x7aa7, 0x0841, 0x2945, 0x2945, 0x2945, 0x2945, 0x2945,
    0x2945, 0x2945, 0x2945, 0x2945, 0x2945, 0x2945, 0x0841, 0x59e5, 0x0841, 0x0841, 0x2945, 0x2945, 0x2945, 0x2945, 0x2945, 0x2945,
    0x2945, 0x2945, 0x2945, 0x2945, 0x2945, 0x0841, 0x59e5, 0x0841, 0x0841, 0x7aa7, 0x7aa7, 0x59e5, 0x7aa7, 0x7aa7, 0x7aa7, 0xbc2b,
    0x7aa7, 0x59e5, 0x9369, 0x9369, 0x7aa7, 0x9369, 0x59e5, 0x59e5, 0x59e5, 0x7aa7, 0x7aa7, 0x59e5, 0x7aa7, 0x7aa7, 0x7aa7, 0xbc2b,
    0xbc2b, 0x59e5, 0x7aa7, 0x7aa7, 0x8430, 0x7aa7, 0x7aa7, 0xbc2b, 0xbc2b, 0x7aa7, 0xbc2b, 0xbc2b, 0x7aa7, 0x9369, 0x7aa7, 0x9369,
    0xbc2b, 0x59e5, 0x7aa7, 0x7aa7, 0x8430, 0x7aa7, 0x7aa7, 0x2945, 0x2945, 0x2945, 0x2945, 0x2945, 0x2945, 0x2945, 0x2945, 0x2945,
    0x2945, 0x2945, 0x2945, 0x0841, 0x0841, 0x0841, 0x0841, 0x2945, 0x2945, 0x2945, 0x5aab, 0x5aab, 0x5aab, 0x5aab, 0x5aab, 0x5aab,
    0x2945, 0x2945, 0x0841, 0x7aa7, 0x8430, 0x7aa7, 0x7aa7, 0xbc2b, 0xbc2b, 0x7aa7, 0xbc2b, 0xbc2b, 0x7aa7, 0x9369, 0x7aa7, 0x9369,
    0xbc2b, 0x59e5, 0x7aa7, 0x7aa7, 0x8430, 0x7aa7, 0x7aa7, 0xbc2b, 0x0841, 0x0841, 0x0841, 0x0841, 0x0841, 0x2945, 0x2945, 0x2945,
    0x2945, 0x2945, 0x2945, 0x2945, 0x2945, 0x2945, 0x2945, 0x2945, 0x0841, 0x7aa7, 0xbc2b, 0xbc2b, 0x7aa7, 0x9369, 0x7aa7, 0x9369,
    0x0841, 0x2945, 0x2945, 0x0841, 0x0841, 0x0841, 0x0841, 0x0841, 0x0841, 0x0841, 0x0841, 0x0841, 0x0841, 0x9369, 0x7aa7, 0x0841,
    0x2945, 0x2945, 0x2945, 0x2945, 0x2945, 0x2945, 0x2945, 0x2945, 0x2945, 0x2945, 0x2945, 0x0841, 0x7aa7, 0x0841, 0x0841, 0x2945,
    0x2945, 0x2945, 0x2945, 0x2945, 0x2945, 0x2945, 0x2945, 0x2945, 0x2945, 0x2945, 0x0841, 0xbc2b, 0x0841, 0x0841, 0x2945, 0x2945,
    0x2945, 0x2945, 0x2945, 0x2945, 0x2945, 0x2945, 0x2945, 0x2945, 0x2945, 0x0841, 0xbc2b, 0x0841, 0x0841, 0x0841, 0x2945, 0x2945,
    0x2945, 0x2945, 0x2945, 0x2945, 0x2945, 0x2945, 0x2945, 0x2945, 0x0841, 0x7aa7, 0xbc2b, 0xbc2b, 0x7aa7, 0x9369, 0x7aa7, 0x9369,
    0xbc2b, 0x59e5, 0x7aa7, 0x7aa7, 0x8430, 0x7aa7, 0x7aa7, 0xbc2b, 0xbc2b, 0x7aa7, 0xbc2b, 0xbc2b, 0x7aa7, 0x9369, 0x7aa7, 0x0841,
    0x0841, 0x0841, 0x0841, 0x2945, 0x2945, 0x2945, 0x2945, 0x2945, 0x2945, 0x2945, 0x2945, 0x2945, 0x2945, 0x2945, 0x0841, 0x9369,
    0xbc2b, 0x59e5, 0x7aa7, 0x7aa7, 0x8430, 0x7aa7, 0x7aa7, 0x0841, 0x2945, 0x2945, 0x2945, 0x528a, 0x528a, 0x528a, 0x2945, 0x2945,
    0x2945, 0x2945, 0x2945, 0x0841, 0x8430, 0x7aa7, 0x0841, 0x2945, 0x2945, 0x2945, 0x2945, 0x2945, 0x2945, 0x2945, 0x2945, 0x2945,
    0x2945, 0x0841, 0x0841, 0x7aa7, 0x8430, 0x0841, 0x2945, 0x2945, 0x2945, 0x2945, 0x2945, 0x2945, 0x2945, 0x2945, 0x2945, 0x2945,
    0x2945, 0x0841, 0x7aa7, 0x0841, 0x2945, 0x2945, 0x2945, 0x2945, 0x2945, 0x2945, 0x2945, 0x2945, 0x2945, 0x2945, 0x2945, 0x0841,
    0xbc2b, 0x59e5, 0x0841, 0x0841, 0x2945, 0x2945, 0x2945, 0x2945, 0x2945, 0x2945, 0x2945, 0x2945, 0x2945, 0x2945, 0x0841, 0x9369,
    0xbc2b, 0x59e5, 0x7aa7, 0x7aa7, 0x8430, 0x7aa7, 0x7aa7, 0xbc2b, 0xbc2b, 0x7aa7, 0xbc2b, 0xbc2b, 0x7aa7, 0x9369, 0x7aa7, 0x9369,
    0xbc2b, 0x59e5, 0x7aa7, 0x7aa7, 0x8430, 0x7aa7, 0x7aa7, 0xbc2b, 0xbc2b, 0x7aa7, 0xbc2b, 0xbc2b, 0x7aa7, 0x9369, 0x7aa7, 0x9369,
    0xbc2b, 0x7aa7, 0xbc2b, 0xbc2b, 0x9369, 0x9369, 0x7aa7, 0x7aa7, 0x9369, 0x59e5, 0x9369, 0x9369, 0x7aa7, 0x7aa7, 0x9369, 0x9369,
    0xbc2b, 0x7aa7, 0xbc2b, 0xbc2b, 0x9369, 0x9369, 0x7aa7, 0x7aa7, 0x9369, 0x59e5, 0x9369, 0x9369, 0x7aa7, 0x7aa7, 0x9369, 0x9369,
    0xbc2b, 0x7aa7, 0xbc2b, 0xbc2b, 0x0841, 0x0841, 0x0841, 0x0841, 0x2945, 0x2945, 0x2945, 0x2945, 0x2945, 0x2945, 0x2945, 0x2945,
    0x2945, 0x2945, 0x0841, 0xbc2b, 0x9369, 0x9369, 0x7aa7, 0x7aa7, 0x9369, 0x59e5, 0x9369, 0x9369, 0x0841, 0x2945, 0x2945, 0x2945,
    0x2945, 0x2945, 0x2945, 0x2945, 0x2945, 0x2945, 0x2945, 0x0841, 0x9369, 0x59e5, 0x9369, 0x0841, 0x2945, 0x2945, 0x2945, 0x2945,
    0x2945, 0x2945, 0x2945, 0x2945, 0x2945, 0x2945, 0x0841, 0x7aa7, 0x9369, 0x59e5, 0x0841, 0x2945, 0x2945, 0x2945, 0x2945, 0x2945,
    0x2945, 0x2945, 0x2945, 0x2945, 0x2945, 0x0841, 0x7aa7, 0x7aa7, 0x0841, 0x2945, 0x2945, 0x2945, 0x2945, 0x2945, 0x2945, 0x2945,
    0x2945, 0x2945, 0x2945, 0x2945, 0x0841, 0x9369, 0x7aa7, 0x0841, 0x0841, 0x2945, 0x2945, 0x2945, 0x2945, 0x2945, 0x2945, 0x2945,
    0x2945, 0x2945, 0x0841, 0x0841, 0x9369, 0x9369, 0x7aa7, 0x7aa7, 0x9369, 0x59e5, 0x9369, 0x9369, 0x7aa7, 0x7aa7, 0x9369, 0x9369,
    0xbc2b, 0x7aa7, 0xbc2b, 0xbc2b, 0x9369, 0x9369, 0x7aa7, 0x7aa7, 0x9369, 0x59e5, 0x9369, 0x9369, 0x0841, 0x0841, 0x2945, 0x2945,
    0x2945, 0x2945, 0x2945, 0x2945, 0x2945, 0x2945, 0x2945, 0x0841, 0x0841, 0x59e5, 0x9369, 0x9369, 0x7aa7, 0x7aa7, 0x9369, 0x9369,
    0xbc2b, 0x7aa7, 0xbc2b, 0x0841, 0x0841, 0x0841, 0x0841, 0x0841, 0x0841, 0x0841, 0x0841, 0x0841, 0x0841, 0x0841, 0x0841, 0x9369,
    0xbc2b, 0x7aa7, 0x0841, 0x0841, 0x0841, 0x0841, 0x0841, 0x0841, 0x0841, 0x0841, 0x0841, 0x0841, 0x0841, 0x0841, 0x9369, 0x9369,
    0xbc2b, 0x0841, 0x0841, 0x0841, 0x0841, 0x0841, 0x0841, 0x0841, 0x0841, 0x0841, 0x0841, 0x0841, 0x7aa7, 0x7aa7, 0x9369, 0x0841,
    0x0841, 0x0841, 0x0841, 0x0841, 0x0841, 0x0841, 0x0841, 0x0841, 0x0841, 0x0841, 0x0841, 0x9369, 0x7aa7, 0x7aa7, 0x0841, 0x0841,
    0x0841, 0x0841, 0x0841, 0x0841, 0x0841, 0x0841, 0x0841, 0x0841, 0x0841, 0x0841, 0x9369, 0x9369, 0x7aa7, 0x7aa7, 0x9369, 0x9369,
    0xbc2b, 0x7aa7, 0xbc2b, 0xbc2b, 0x9369, 0x9369, 0x7aa7, 0x7aa7, 0x9369, 0x59e5, 0x9369, 0x9369, 0x7aa7, 0x7aa7, 0x9369, 0x9369,
    0xbc2b, 0x7aa7, 0xbc2b, 0x0841, 0x0841, 0x0841, 0x0841, 0x0841, 0x0841, 0x0841, 0x0841, 0x0841, 0x0841, 0x0841, 0x9369, 0x9369,
    0xbc2b, 0x7aa7, 0xbc2b, 0xbc2b, 0x9369, 0x9369, 0x7aa7, 0x7aa7, 0x9369, 0x59e5, 0x9369, 0x9369, 0x7aa7, 0x7aa7, 0x9369, 0x9369,
    0xbc2b, 0x7aa7, 0xbc2b, 0xbc2b, 0x9369, 0x9369, 0x7aa7, 0x7aa7, 0x9369, 0x59e5, 0x9369, 0x9369, 0x7aa7, 0x7aa7, 0x9369, 0x9369,
    0x9369, 0x7aa7, 0x7aa7, 0x9369, 0x7aa7, 0x9369, 0x7aa7, 0x59e5, 0x7aa7, 0x9369, 0x9369, 0x7aa7, 0x7aa7, 0x7aa7, 0x59e5, 0x7aa7,
    0x9369, 0x7aa7, 0x7aa7, 0x9369, 0x7aa7, 0x9369, 0x7aa7, 0x59e5, 0x7aa7, 0x9369, 0x9369, 0x7aa7, 0x7aa7, 0x7aa7, 0x59e5, 0x7aa7,
    0x9369, 0x7aa7, 0x7aa7, 0x9369, 0x7aa7, 0x9369, 0x7aa7, 0x59e5, 0x7aa7, 0x9369, 0x9369, 0x7aa7, 0x7aa7, 0x7aa7, 0x59e5, 0x7aa7,
    0x9369, 0x7aa7, 0x7aa7, 0x9369, 0x7aa7, 0x9369, 0x7aa7, 0x59e5, 0x7aa7, 0x9369, 0x9369, 0x7aa7, 0x7aa7, 0x7aa7, 0x59e5, 0x7aa7,
    0x9369, 0x7aa7, 0x7aa7, 0x9369, 0x7aa7, 0x9369, 0x7aa7, 0x59e5, 0x7aa7, 0x9369, 0x9369, 0x7aa7, 0x7aa7, 0x7aa7, 0x59e5, 0x7aa7,
    0x9369, 0x7aa7, 0x7aa7, 0x9369, 0x7aa7, 0x9369, 0x7aa7, 0x59e5, 0x7aa7, 0x9369, 0x9369, 0x7aa7, 0x7aa7, 0x7aa7, 0x59e5, 0x7aa7,
    0x9369, 0x7aa7, 0x7aa7, 0x9369, 0x7aa7, 0x9369, 0x7aa7, 0x59e5, 0x7aa7, 0x9369, 0x9369, 0x7aa7, 0x7aa7, 0x7aa7, 0x59e5, 0x7aa7,
    0x9369, 0x7aa7, 0x7aa7, 0x9369, 0x7aa7, 0x9369, 0x7aa7, 0x59e5, 0x7aa7, 0x9369, 0x9369, 0x7aa7, 0x7aa7, 0x7aa7, 0x59e5, 0x7aa7,
    0x9369, 0x7aa7, 0x7aa7, 0x9369, 0x7aa7, 0x9369, 0x7aa7, 0x59e5, 0x7aa7, 0x9369, 0x9369, 0x7aa7, 0x7aa7, 0x7aa7, 0x59e5, 0x7aa7,
    0x9369, 0x7aa7, 0x7aa7, 0x9369, 0x7aa7, 0x9369, 0x7aa7, 0x59e5, 0x7aa7, 0x9369, 0x9369, 0x7aa7, 0x7aa7, 0x7aa7, 0x59e5, 0x7aa7,
    0x9369, 0x7aa7, 0x7aa7, 0x9369, 0x7aa7, 0x9369, 0x7aa7, 0x59e5, 0x7aa7, 0x9369, 0x9369, 0x7aa7, 0x7aa7, 0x7aa7, 0x59e5, 0x7aa7,
    0x9369, 0x7aa7, 0x7aa7, 0x9369, 0x7aa7, 0x9369, 0x7aa7, 0x59e5, 0x7aa7, 0x9369, 0x9369, 0x7aa7, 0x7aa7, 0x7aa7, 0x59e5, 0x7aa7,
    0x9369, 0x7aa7, 0x7aa7, 0x9369, 0x7aa7, 0x9369, 0x7aa7, 0x59e5, 0x7aa7, 0x9369, 0x9369, 0x7aa7, 0x7aa7, 0x7aa7, 0x59e5, 0x7aa7,
    0x9369, 0x7aa7, 0x7aa7, 0x9369, 0x7aa7, 0x9369, 0x7aa7, 0x59e5, 0x7aa7, 0x9369, 0x9369, 0x7aa7, 0x7aa7, 0x7aa7, 0x59e5, 0x7aa7,
    0x9369, 0x7aa7, 0x7aa7, 0x9369, 0x7aa7, 0x9369, 0x7aa7, 0x59e5, 0x7aa7, 0x9369, 0x9369, 0x7aa7, 0x7aa7, 0x7aa7, 0x59e5, 0x7aa7,
    0x9369, 0x7aa7, 0x7aa7, 0x9369, 0x7aa7, 0x9369, 0x7aa7, 0x59e5, 0x7aa7, 0x9369, 0x9369, 0x7aa7, 0x7aa7, 0x7aa7, 0x59e5, 0x7aa7,
    0x9369, 0x7aa7, 0x7aa7, 0x9369, 0x7aa7, 0x9369, 0x7aa7, 0x59e5, 0x7aa7, 0x9369, 0x9369, 0x7aa7, 0x7aa7, 0x7aa7, 0x59e5, 0x7aa7,
    0x9369, 0x7aa7, 0x7aa7, 0x9369, 0x7aa7, 0x9369, 0x7aa7, 0x59e5, 0x7aa7, 0x9369, 0x9369, 0x7aa7, 0x7aa7, 0x7aa7, 0x59e5, 0x7aa7,
    0x9369, 0x7aa7, 0x7aa7, 0x9369, 0x7aa7, 0x9369, 0x7aa7, 0x59e5, 0x7aa7, 0x9369, 0x9369, 0x7aa7, 0x7aa7, 0x7aa7, 0x59e5, 0x7aa7,
    0x9369, 0x7aa7, 0x7aa7, 0x9369, 0x7aa7, 0x9369, 0x7aa7, 0x59e5, 0x7aa7, 0x9369, 0x9369, 0x7aa7, 0x7aa7, 0x7aa7, 0x59e5, 0x7aa7,
    0x9369, 0x9369, 0x59e5, 0x7aa7, 0x7aa7, 0x59e5, 0x59e5, 0x7aa7, 0x7aa7, 0x7aa7, 0x7aa7, 0x7aa7, 0xbc2b, 0xbc2b, 0x7aa7, 0x9369,
    0x9369, 0x9369, 0x59e5, 0x7aa7, 0x7aa7, 0x59e5, 0x59e5, 0x7aa7, 0x7aa7, 0x7aa7, 0x7aa7, 0x7aa7, 0xbc2b, 0xbc2b, 0x7aa7, 0x9369,
    0x9369, 0x9369, 0x59e5, 0x7aa7, 0x7aa7, 0x59e5, 0x59e5, 0x7aa7, 0x7aa7, 0x7aa7, 0x7aa7, 0x7aa7, 0xbc2b, 0xbc2b, 0x7aa7, 0x9369,
    0x9369, 0x9369, 0x59e5, 0x7aa7, 0x7aa7, 0x59e5, 0x59e5, 0x7aa7, 0x7aa7, 0x7aa7, 0x7aa7, 0x7aa7, 0xbc2b, 0xbc2b, 0x7aa7, 0x9369,
    0x9369, 0x9369, 0x59e5, 0x7aa7, 0x7aa7, 0x59e5, 0x59e5, 0x7aa7, 0x7aa7, 0x7aa7, 0x7aa7, 0x7aa7, 0xbc2b, 0xbc2b, 0x7aa7, 0x9369,
    0x9369, 0x9369, 0x59e5, 0x7aa7, 0x7aa7, 0x59e5, 0x59e5, 0x7aa7, 0x7aa7, 0x7aa7, 0x7aa7, 0x7aa7, 0xbc2b, 0xbc2b, 0x7aa7, 0x9369,
    0x9369, 0x9369, 0x59e5, 0x7aa7, 0x7aa7, 0x59e5, 0x59e5, 0x7aa7, 0x7aa7, 0x7aa7, 0x7aa7, 0x7aa7, 0xbc2b, 0xbc2b, 0x7aa7, 0x9369,
    0x9369, 0x9369, 0x59e5, 0x7aa7, 0x7aa7, 0x59e5, 0x59e5, 0x7aa7, 0x7aa7, 0x7aa7, 0x7aa7, 0x7aa7, 0xbc2b, 0xbc2b, 0x7aa7, 0x9369,
    0x9369, 0x9369, 0x59e5, 0x7aa7, 0x7aa7, 0x59e5, 0x59e5, 0x7aa7, 0x7aa7, 0x7aa7, 0x7aa7, 0x7aa7, 0xbc2b, 0xbc2b, 0x7aa7, 0x9369,
    0x9369, 0x9369, 0x59e5, 0x7aa7, 0x7aa7, 0x59e5, 0x59e5, 0x7aa7, 0x7aa7, 0x7aa7, 0x7aa7, 0x7aa7, 0xbc2b, 0xbc2b, 0x7aa7, 0x9369,
    0x9369, 0x9369, 0x59e5, 0x7aa7, 0x7aa7, 0x59e5, 0x59e5, 0x7aa7, 0x7aa7, 0x7aa7, 0x7aa7, 0x7aa7, 0xbc2b, 0xbc2b, 0x7aa7, 0x9369,
    0x9369, 0x9369, 0x59e5, 0x7aa7, 0x7aa7, 0x59e5, 0x59e5, 0x7aa7, 0x7aa7, 0x7aa7, 0x7aa7, 0x7aa7, 0xbc2b, 0xbc2b, 0x7aa7, 0x9369,
    0x9369, 0x9369, 0x59e5, 0x7aa7, 0x7aa7, 0x59e5, 0x59e5, 0x7aa7, 0x7aa7, 0x7aa7, 0x7aa7, 0x7aa7, 0xbc2b, 0xbc2b, 0x7aa7, 0x9369,
    0x9369, 0x9369, 0x59e5, 0x7aa7, 0x7aa7, 0x59e5, 0x59e5, 0x7aa7, 0x7aa7, 0x7aa7, 0x7aa7, 0x7aa7, 0xbc2b, 0xbc2b, 0x7aa7, 0x9369,
    0x9369, 0x9369, 0x59e5, 0x7aa7, 0x7aa7, 0x59e5, 0x59e5, 0x7aa7, 0x7aa7, 0x7aa7, 0x7aa7, 0x7aa7, 0xbc2b, 0xbc2b, 0x7aa7, 0x9369,
    0x9369, 0x9369, 0x59e5, 0x7aa7, 0x7aa7, 0x59e5, 0x59e5, 0x7aa7, 0x7aa7, 0x7aa7, 0x7aa7, 0x7aa7, 0xbc2b, 0xbc2b, 0x7aa7, 0x9369,
    0x9369, 0x9369, 0x59e5, 0x7aa7, 0x7aa7, 0x59e5, 0x59e5, 0x7aa7, 0x7aa7, 0x7aa7, 0x7aa7, 0x7aa7, 0xbc2b, 0xbc2b, 0x7aa7, 0x9369,
    0x9369, 0x9369, 0x59e5, 0x7aa7, 0x7aa7, 0x59e5, 0x59e5, 0x7aa7, 0x7aa7, 0x7aa7, 0x7aa7, 0x7aa7, 0xbc2b, 0xbc2b, 0x7aa7, 0x9369,
    0x9369, 0x9369, 0x59e5, 0x7aa7, 0x7aa7, 0x59e5, 0x59e5, 0x7aa7, 0x7aa7, 0x7aa7, 0x7aa7, 0x7aa7, 0xbc2b, 0xbc2b, 0x7aa7, 0x9369,
    0x9369, 0x9369, 0x59e5, 0x7aa7, 0x7aa7, 0x59e5, 0x59e5, 0x7aa7, 0x7aa7, 0x7aa7, 0x7aa7, 0x7aa7, 0xbc2b, 0xbc2b, 0x7aa7, 0x9369,
    0x9369, 0x9369, 0x7aa7, 0xbc2b, 0xbc2b, 0x7aa7, 0xbc2b, 0x9369, 0x59e5, 0xbc2b, 0xbc2b, 0x7aa7, 0x9369, 0x9369, 0x8430, 0x7aa7,
    0x9369, 0x9369, 0x7aa7, 0xbc2b, 0xbc2b, 0x7aa7, 0xbc2b, 0x9369, 0x59e5, 0xbc2b, 0xbc2b, 0x7aa7, 0x9369, 0x9369, 0x8430, 0x7aa7,
    0x9369, 0x9369, 0x7aa7, 0xbc2b, 0xbc2b, 0x7aa7, 0xbc2b, 0x9369, 0x59e5, 0xbc2b, 0xbc2b, 0x7aa7, 0x9369, 0x9369, 0x8430, 0x7aa7,
    0x9369, 0x9369, 0x7aa7, 0xbc2b, 0xbc2b, 0x7aa7, 0xbc2b, 0x9369, 0x59e5, 0xbc2b, 0xbc2b, 0x7aa7, 0x9369, 0x9369, 0x8430, 0x7aa7,
    0x9369, 0x9369, 0x7aa7, 0xbc2b, 0xbc2b, 0x7aa7, 0xbc2b, 0x9369, 0x59e5, 0xbc2b, 0xbc2b, 0x7aa7, 0x9369, 0x9369, 0x8430, 0x7aa7,
    0x9369, 0x9369, 0x7aa7, 0xbc2b, 0xbc2b, 0x7aa7, 0xbc2b, 0x9369, 0x59e5, 0xbc2b, 0xbc2b, 0x7aa7, 0x9369, 0x9369, 0x8430, 0x7aa7,
    0x9369, 0x9369, 0x7aa7, 0xbc2b, 0xbc2b, 0x7aa7, 0xbc2b, 0x9369, 0x59e5, 0xbc2b, 0xbc2b, 0x7aa7, 0x9369, 0x9369, 0x8430, 0x7aa7,
    0x9369, 0x9369, 0x7aa7, 0xbc2b, 0xbc2b, 0x7aa7, 0xbc2b, 0x9369, 0x59e5, 0xbc2b, 0xbc2b, 0x7aa7, 0x9369, 0x9369, 0x8430, 0x7aa7,
    0x9369, 0x9369, 0x7aa7, 0xbc2b, 0xbc2b, 0x7aa7, 0xbc2b, 0x9369, 0x59e5, 0xbc2b, 0xbc2b, 0x7aa7, 0x9369, 0x9369, 0x8430, 0x7aa7,
    0x9369, 0x9369, 0x7aa7, 0xbc2b, 0xbc2b, 0x7aa7, 0xbc2b, 0x9369, 0x59e5, 0xbc2b, 0xbc2b, 0x7aa7, 0x9369, 0x9369, 0x8430, 0x7aa7,
    0x9369, 0x9369, 0x7aa7, 0xbc2b, 0xbc2b, 0x7aa7, 0xbc2b, 0x9369, 0x59e5, 0xbc2b, 0xbc2b, 0x7aa7, 0x9369, 0x9369, 0x8430, 0x7aa7,
    0x9369, 0x9369, 0x7aa7, 0xbc2b, 0xbc2b, 0x7aa7, 0xbc2b, 0x9369, 0x59e5, 0xbc2b, 0xbc2b, 0x7aa7, 0x9369, 0x9369, 0x8430, 0x7aa7,
    0x9369, 0x9369, 0x7aa7, 0xbc2b, 0xbc2b, 0x7aa7, 0xbc2b, 0x9369, 0x59e5, 0xbc2b, 0xbc2b, 0x7aa7, 0x9369, 0x9369, 0x8430, 0x7aa7,
    0x9369, 0x9369, 0x7aa7, 0xbc2b, 0xbc2b, 0x7aa7, 0xbc2b, 0x9369, 0x59e5, 0xbc2b, 0xbc2b, 0x7aa7, 0x9369, 0x9369, 0x8430, 0x7aa7,
    0x9369, 0x9369, 0x7aa7, 0xbc2b, 0xbc2b, 0x7aa7, 0xbc2b, 0x9369, 0x59e5, 0xbc2b, 0xbc2b, 0x7aa7, 0x9369, 0x9369, 0x8430, 0x7aa7,
    0x9369, 0x9369, 0x7aa7, 0xbc2b, 0xbc2b, 0x7aa7, 0xbc2b, 0x9369, 0x59e5, 0xbc2b, 0xbc2b, 0x7aa7, 0x9369, 0x9369, 0x8430, 0x7aa7,
    0x9369, 0x9369, 0x7aa7, 0xbc2b, 0xbc2b, 0x7aa7, 0xbc2b, 0x9369, 0x59e5, 0xbc2b, 0xbc2b, 0x7aa7, 0x9369, 0x9369, 0x8430, 0x7aa7,
    0x9369, 0x9369, 0x7aa7, 0xbc2b, 0xbc2b, 0x7aa7, 0xbc2b, 0x9369, 0x59e5, 0xbc2b, 0xbc2b, 0x7aa7, 0x9369, 0x9369, 0x8430, 0x7aa7,
    0x9369, 0x9369, 0x7aa7, 0xbc2b, 0xbc2b, 0x7aa7, 0xbc2b, 0x9369, 0x59e5, 0xbc2b, 0xbc2b, 0x7aa7, 0x9369, 0x9369, 0x8430, 0x7aa7,
    0x9369, 0x9369, 0x7aa7, 0xbc2b, 0xbc2b, 0x7aa7, 0xbc2b, 0x9369, 0x59e5, 0xbc2b, 0xbc2b, 0x7aa7, 0x9369, 0x9369, 0x8430, 0x7aa7,
    0x9369, 0x7aa7, 0x7aa7, 0x9369, 0x9369, 0xbc2b, 0x7aa7, 0x9369, 0x6b6d, 0x9369, 0x9369, 0x7aa7, 0x59e5, 0x9369, 0x7aa7, 0x59e5,
    0x9369, 0x7aa7, 0x7aa7, 0x9369, 0x9369, 0xbc2b, 0x7aa7, 0x9369, 0x6b6d, 0x9369, 0x9369, 0x7aa7, 0x59e5, 0x9369, 0x7aa7, 0x59e5,
    0x9369, 0x7aa7, 0x7aa7, 0x9369, 0x9369, 0xbc2b, 0x7aa7, 0x9369, 0x6b6d, 0x9369, 0x9369, 0x7aa7, 0x59e5, 0x9369, 0x7aa7, 0x59e5,
    0x9369, 0x7aa7, 0x7aa7, 0x9369, 0x9369, 0xbc2b, 0x7aa7, 0x9369, 0x6b6d, 0x9369, 0x9369, 0x7aa7, 0x59e5, 0x9369, 0x7aa7, 0x59e5,
    0x9369, 0x7aa7, 0x7aa7, 0x9369, 0x9369, 0xbc2b, 0x7aa7, 0x9369, 0x6b6d, 0x9369, 0x9369, 0x7aa7, 0x59e5, 0x9369, 0x7aa7, 0x59e5,
    0x9369, 0x7aa7, 0x7aa7, 0x9369, 0x9369, 0xbc2b, 0x7aa7, 0x9369, 0x6b6d, 0x9369, 0x9369, 0x7aa7, 0x59e5, 0x9369, 0x7aa7, 0x59e5,
    0x9369, 0x7aa7, 0x7aa7, 0x9369, 0x9369, 0xbc2b, 0x7aa7, 0x9369, 0x6b6d, 0x9369, 0x9369, 0x7aa7, 0x59e5, 0x9369, 0x7aa7, 0x59e5,
    0x9369, 0x7aa7, 0x7aa7, 0x9369, 0x9369, 0xbc2b, 0x7aa7, 0x9369, 0x6b6d, 0x9369, 0x9369, 0x7aa7, 0x59e5, 0x9369, 0x7aa7, 0x59e5,
    0x9369, 0x7aa7, 0x7aa7, 0x9369, 0x9369, 0xbc2b, 0x7aa7, 0x9369, 0x6b6d, 0x9369, 0x9369, 0x7aa7, 0x59e5, 0x9369, 0x7aa7, 0x59e5,
    0x9369, 0x7aa7, 0x7aa7, 0x9369, 0x9369, 0xbc2b, 0x7aa7, 0x9369, 0x6b6d, 0x9369, 0x9369, 0x7aa7, 0x59e5, 0x9369, 0x7aa7, 0x59e5,
    0x9369, 0x7aa7, 0x7aa7, 0x9369, 0x9369, 0xbc2b, 0x7aa7, 0x9369, 0x6b6d, 0x9369, 0x9369, 0x7aa7, 0x59e5, 0x9369, 0x7aa7, 0x59e5,
    0x9369, 0x7aa7, 0x7aa7, 0x9369, 0x9369, 0xbc2b, 0x7aa7, 0x9369, 0x6b6d, 0x9369, 0x9369, 0x7aa7, 0x59e5, 0x9369, 0x7aa7, 0x59e5,
    0x9369, 0x7aa7, 0x7aa7, 0x9369, 0x9369, 0xbc2b, 0x7aa7, 0x9369, 0x6b6d, 0x9369, 0x9369, 0x7aa7, 0x59e5, 0x9369, 0x7aa7, 0x59e5,
    0x9369, 0x7aa7, 0x7aa7, 0x9369, 0x9369, 0xbc2b, 0x7aa7, 0x9369, 0x6b6d, 0x9369, 0x9369, 0x7aa7, 0x59e5, 0x9369, 0x7aa7, 0x59e5,
    0x9369, 0x7aa7, 0x7aa7, 0x9369, 0x9369, 0xbc2b, 0x7aa7, 0x9369, 0x6b6d, 0x9369, 0x9369, 0x7aa7, 0x59e5, 0x9369, 0x7aa7, 0x59e5,
    0x9369, 0x7aa7, 0x7aa7, 0x9369, 0x9369, 0xbc2b, 0x7aa7, 0x9369, 0x6b6d, 0x9369, 0x9369, 0x7aa7, 0x59e5, 0x9369, 0x7aa7, 0x59e5,
    0x9369, 0x7aa7, 0x7aa7, 0x9369, 0x9369, 0xbc2b, 0x7aa7, 0x9369, 0x6b6d, 0x9369, 0x9369, 0x7aa7, 0x59e5, 0x9369, 0x7aa7, 0x59e5,
    0x9369, 0x7aa7, 0x7aa7, 0x9369, 0x9369, 0xbc2b, 0x7aa7, 0x9369, 0x6b6d, 0x9369, 0x9369, 0x7aa7, 0x59e5, 0x9369, 0x7aa7, 0x59e5,
    0x9369, 0x7aa7, 0x7aa7, 0x9369, 0x9369, 0xbc2b, 0x7aa7, 0x9369, 0x6b6d, 0x9369, 0x9369, 0x7aa7, 0x59e5, 0x9369, 0x7aa7, 0x59e5,
    0x9369, 0x7aa7, 0x7aa7, 0x9369, 0x9369, 0xbc2b, 0x7aa7, 0x9369, 0x6b6d, 0x9369, 0x9369, 0x7aa7, 0x59e5, 0x9369, 0x7aa7, 0x59e5,
    0x7aa7, 0x59e5, 0x9369, 0x7aa7, 0x9369, 0x9369, 0xbc2b, 0x7aa7, 0x7aa7, 0x7aa7, 0x7aa7, 0x7aa7, 0x7aa7, 0x7aa7, 0xbc2b, 0xbc2b,
    0x7aa7, 0x59e5, 0x9369, 0x7aa7, 0x9369, 0x9369, 0xbc2b, 0x7aa7, 0x7aa7, 0x7aa7, 0x7aa7, 0x7aa7, 0x7aa7, 0x7aa7, 0xbc2b, 0xbc2b,
    0x7aa7, 0x59e5, 0x9369, 0x7aa7, 0x9369, 0x9369, 0xbc2b, 0x7aa7, 0x7aa7, 0x7aa7, 0x7aa7, 0x7aa7, 0x7aa7, 0x7aa7, 0xbc2b, 0xbc2b,
    0x7aa7, 0x59e5, 0x9369, 0x7aa7, 0x9369, 0x9369, 0xbc2b, 0x7aa7, 0x7aa7, 0x7aa7, 0x7aa7, 0x7aa7, 0x7aa7, 0x7aa7, 0xbc2b, 0xbc2b,
    0x7aa7, 0x59e5, 0x9369, 0x7aa7, 0x9369, 0x9369, 0xbc2b, 0x7aa7, 0x7aa7, 0x7aa7, 0x7aa7, 0x7aa7, 0x7aa7, 0x7aa7, 0xbc2b, 0xbc2b,
    0x7aa7, 0x59e5, 0x9369, 0x7aa7, 0x9369, 0x9369, 0xbc2b, 0x7aa7, 0x7aa7, 0x7aa7, 0x7aa7, 0x7aa7, 0x7aa7, 0x7aa7, 0xbc2b, 0xbc2b,
    0x7aa7, 0x59e5, 0x9369, 0x7aa7, 0x9369, 0x9369, 0xbc2b, 0x7aa7, 0x7aa7, 0x7aa7, 0x7aa7, 0x7aa7, 0x7aa7, 0x7aa7, 0xbc2b, 0xbc2b,
    0x7aa7, 0x59e5, 0x9369, 0x7aa7, 0x9369, 0x9369, 0xbc2b, 0x7aa7, 0x7aa7, 0x7aa7, 0x7aa7, 0x7aa7, 0x7aa7, 0x7aa7, 0xbc2b, 0xbc2b,
    0x7aa7, 0x59e5, 0x9369, 0x7aa7, 0x9369, 0x9369, 0xbc2b, 0x7aa7, 0x7aa7, 0x7aa7, 0x7aa7, 0x7aa7, 0x7aa7, 0x7aa7, 0xbc2b, 0xbc2b,
    0x7aa7, 0x59e5, 0x9369, 0x7aa7, 0x9369, 0x9369, 0xbc2b, 0x7aa7, 0x7aa7, 0x7aa7, 0x7aa7, 0x7aa7, 0x7aa7, 0x7aa7, 0xbc2b, 0xbc2b,
    0x7aa7, 0x59e5, 0x9369, 0x7aa7, 0x9369, 0x9369, 0xbc2b, 0x7aa7, 0x7aa7, 0x7aa7, 0x7aa7, 0x7aa7, 0x7aa7, 0x7aa7, 0xbc2b, 0xbc2b,
    0x7aa7, 0x59e5, 0x9369, 0x7aa7, 0x9369, 0x9369, 0xbc2b, 0x7aa7, 0x7aa7, 0x7aa7, 0x7aa7, 0x7aa7, 0x7aa7, 0x7aa7, 0xbc2b, 0xbc2b,
    0x7aa7, 0x59e5, 0x9369, 0x7aa7, 0x9369, 0x9369, 0xbc2b, 0x7aa7, 0x7aa7, 0x7aa7, 0x7aa7, 0x7aa7, 0x7aa7, 0x7aa7, 0xbc2b, 0xbc2b,
    0x7aa7, 0x59e5, 0x9369, 0x7aa7, 0x9369, 0x9369, 0xbc2b, 0x7aa7, 0x7aa7, 0x7aa7, 0x7aa7, 0x7aa7, 0x7aa7, 0x7aa7, 0xbc2b, 0xbc2b,
    0x7aa7, 0x59e5, 0x9369, 0x7aa7, 0x9369, 0x9369, 0xbc2b, 0x7aa7, 0x7aa7, 0x7aa7, 0x7aa7, 0x7aa7, 0x7aa7, 0x7aa7, 0xbc2b, 0xbc2b,
    0x7aa7, 0x59e5, 0x9369, 0x7aa7, 0x9369, 0x9369, 0xbc2b, 0x7aa7, 0x7aa7, 0x7aa7, 0x7aa7, 0x7aa7, 0x7aa7, 0x7aa7, 0xbc2b, 0xbc2b,
    0x7aa7, 0x59e5, 0x9369, 0x7aa7, 0x9369, 0x9369, 0xbc2b, 0x7aa7, 0x7aa7, 0x7aa7, 0x7aa7, 0x7aa7, 0x7aa7, 0x7aa7, 0xbc2b, 0xbc2b,
    0x7aa7, 0x59e5, 0x9369, 0x7aa7, 0x9369, 0x9369, 0xbc2b, 0x7aa7, 0x7aa7, 0x7aa7, 0x7aa7, 0x7aa7, 0x7aa7, 0x7aa7, 0xbc2b, 0xbc2b,
    0x7aa7, 0x59e5, 0x9369, 0x7aa7, 0x9369, 0x9369, 0xbc2b, 0x7aa7, 0x7aa7, 0x7aa7, 0x7aa7, 0x7aa7, 0x7aa7, 0x7aa7, 0xbc2b, 0xbc2b,
    0x7aa7, 0x59e5, 0x9369, 0x7aa7, 0x9369, 0x9369, 0xbc2b, 0x7aa7, 0x7aa7, 0x7aa7, 0x7aa7, 0x7aa7, 0x7aa7, 0x7aa7, 0xbc2b, 0xbc2b,
    0x7aa7, 0x9369, 0x7aa7, 0x7aa7, 0x72c8, 0x7aa7, 0x9369, 0x9369, 0x7aa7, 0x59e5, 0xbc2b, 0x59e5, 0x7aa7, 0xbc2b, 0x9369, 0x9369,
    0x7aa7, 0x9369, 0x7aa7, 0x7aa7, 0x72c8, 0x7aa7, 0x9369, 0x9369, 0x7aa7, 0x59e5, 0xbc2b, 0x59e5, 0x7aa7, 0xbc2b, 0x9369, 0x9369,
    0x7aa7, 0x9369, 0x7aa7, 0x7aa7, 0x72c8, 0x7aa7, 0x9369, 0x9369, 0x7aa7, 0x59e5, 0xbc2b, 0x59e5, 0x7aa7, 0xbc2b, 0x9369, 0x9369,
    0x7aa7, 0x9369, 0x7aa7, 0x7aa7, 0x72c8, 0x7aa7, 0x9369, 0x9369, 0x7aa7, 0x59e5, 0xbc2b, 0x59e5, 0x7aa7, 0xbc2b, 0x9369, 0x9369,
    0x7aa7, 0x9369, 0x7aa7, 0x7aa7, 0x72c8, 0x7aa7, 0x9369, 0x9369, 0x7aa7, 0x59e5, 0xbc2b, 0x59e5, 0x7aa7, 0xbc2b, 0x9369, 0x9369,
    0x7aa7, 0x9369, 0x7aa7, 0x7aa7, 0x72c8, 0x7aa7, 0x9369, 0x9369, 0x7aa7, 0x59e5, 0xbc2b, 0x59e5, 0x7aa7, 0xbc2b, 0x9369, 0x9369,
    0x7aa7, 0x9369, 0x7aa7, 0x7aa7, 0x72c8, 0x7aa7, 0x9369, 0x9369, 0x7aa7, 0x59e5, 0xbc2b, 0x59e5, 0x7aa7, 0xbc2b, 0x9369, 0x9369,
    0x7aa7, 0x9369, 0x7aa7, 0x7aa7, 0x72c8, 0x7aa7, 0x9369, 0x9369, 0x7aa7, 0x59e5, 0xbc2b, 0x59e5, 0x7aa7, 0xbc2b, 0x9369, 0x9369,
    0x7aa7, 0x9369, 0x7aa7, 0x7aa7, 0x72c8, 0x7aa7, 0x9369, 0x9369, 0x7aa7, 0x59e5, 0xbc2b, 0x59e5, 0x7aa7, 0xbc2b, 0x9369, 0x9369,
    0x7aa7, 0x9369, 0x7aa7, 0x7aa7, 0x72c8, 0x7aa7, 0x9369, 0x9369, 0x7aa7, 0x59e5, 0xbc2b, 0x59e5, 0x7aa7, 0xbc2b, 0x9369, 0x9369,
    0x7aa7, 0x9369, 0x7aa7, 0x7aa7, 0x72c8, 0x7aa7, 0x9369, 0x9369, 0x7aa7, 0x59e5, 0xbc2b, 0x59e5, 0x7aa7, 0xbc2b, 0x9369, 0x9369,
    0x7aa7, 0x9369, 0x7aa7, 0x7aa7, 0x72c8, 0x7aa7, 0x9369, 0x9369, 0x7aa7, 0x59e5, 0xbc2b, 0x59e5, 0x7aa7, 0xbc2b, 0x9369, 0x9369,
    0x7aa7, 0x9369, 0x7aa7, 0x7aa7, 0x72c8, 0x7aa7, 0x9369, 0x9369, 0x7aa7, 0x59e5, 0xbc2b, 0x59e5, 0x7aa7, 0xbc2b, 0x9369, 0x9369,
    0x7aa7, 0x9369, 0x7aa7, 0x7aa7, 0x72c8, 0x7aa7, 0x9369, 0x9369, 0x7aa7, 0x59e5, 0xbc2b, 0x59e5, 0x7aa7, 0xbc2b, 0x9369, 0x9369,
    0x7aa7, 0x9369, 0x7aa7, 0x7aa7, 0x72c8, 0x7aa7, 0x9369, 0x9369, 0x7aa7, 0x59e5, 0xbc2b, 0x59e5, 0x7aa7, 0xbc2b, 0x9369, 0x9369,
    0x7aa7, 0x9369, 0x7aa7, 0x7aa7, 0x72c8, 0x7aa7, 0x9369, 0x9369, 0x7aa7, 0x59e5, 0xbc2b, 0x59e5, 0x7aa7, 0xbc2b, 0x9369, 0x9369,
    0x7aa7, 0x9369, 0x7aa7, 0x7aa7, 0x72c8, 0x7aa7, 0x9369, 0x9369, 0x7aa7, 0x59e5, 0xbc2b, 0x59e5, 0x7aa7, 0xbc2b, 0x9369, 0x9369,
    0x7aa7, 0x9369, 0x7aa7, 0x7aa7, 0x72c8, 0x7aa7, 0x9369, 0x9369, 0x7aa7, 0x59e5, 0xbc2b, 0x59e5, 0x7aa7, 0xbc2b, 0x9369, 0x9369,
    0x7aa7, 0x9369, 0x7aa7, 0x7aa7, 0x72c8, 0x7aa7, 0x9369, 0x9369, 0x7aa7, 0x59e5, 0xbc2b, 0x59e5, 0x7aa7, 0xbc2b, 0x9369, 0x9369,
    0x7aa7, 0x9369, 0x7aa7, 0x7aa7, 0x72c8, 0x7aa7, 0x9369, 0x9369, 0x7aa7, 0x59e5, 0xbc2b, 0x59e5, 0x7aa7, 0xbc2b, 0x9369, 0x9369,
    0x9369, 0x7aa7, 0x59e5, 0xbc2b, 0x7aa7, 0x59e5, 0x7aa7, 0x59e5, 0x7aa7, 0x7aa7, 0x7aa7, 0x59e5, 0x7aa7, 0x7aa7, 0x9369, 0x9369,
    0x9369, 0x7aa7, 0x59e5, 0xbc2b, 0x7aa7, 0x59e5, 0x7aa7, 0x59e5, 0x7aa7, 0x7aa7, 0x7aa7, 0x59e5, 0x7aa7, 0x7aa7, 0x9369, 0x9369,
    0x9369, 0x7aa7, 0x59e5, 0xbc2b, 0x7aa7, 0x59e5, 0x7aa7, 0x59e5, 0x7aa7, 0x7aa7, 0x7aa7, 0x59e5, 0x7aa7, 0x7aa7, 0x9369, 0x9369,
    0x9369, 0x7aa7, 0x59e5, 0xbc2b, 0x7aa7, 0x59e5, 0x7aa7, 0x59e5, 0x7aa7, 0x7aa7, 0x7aa7, 0x59e5, 0x7aa7, 0x7aa7, 0x9369, 0x9369,
    0x9369, 0x7aa7, 0x59e5, 0xbc2b, 0x7aa7, 0x59e5, 0x7aa7, 0x59e5, 0x7aa7, 0x7aa7, 0x7aa7, 0x59e5, 0x7aa7, 0x7aa7, 0x9369, 0x9369,
    0x9369, 0x7aa7, 0x59e5, 0xbc2b, 0x7aa7, 0x59e5, 0x7aa7, 0x59e5, 0x7aa7, 0x7aa7, 0x7aa7, 0x59e5, 0x7aa7, 0x7aa7, 0x9369, 0x9369,
    0x9369, 0x7aa7, 0x59e5, 0xbc2b, 0x7aa7, 0x59e5, 0x7aa7, 0x59e5, 0x7aa7, 0x7aa7, 0x7aa7, 0x59e5, 0x7aa7, 0x7aa7, 0x9369, 0x9369,
    0x9369, 0x7aa7, 0x59e5, 0xbc2b, 0x7aa7, 0x59e5, 0x7aa7, 0x59e5, 0x7aa7, 0x7aa7, 0x7aa7, 0x59e5, 0x7aa7, 0x7aa7, 0x9369, 0x9369,
    0x9369, 0x7aa7, 0x59e5, 0xbc2b, 0x7aa7, 0x59e5, 0x7aa7, 0x59e5, 0x7aa7, 0x7aa7, 0x7aa7, 0x59e5, 0x7aa7, 0x7aa7, 0x9369, 0x9369,
    0x9369, 0x7aa7, 0x59e5, 0xbc2b, 0x7aa7, 0x59e5, 0x7aa7, 0x59e5, 0x7aa7, 0x7aa7, 0x7aa7, 0x59e5, 0x7aa7, 0x7aa7, 0x9369, 0x9369,
    0x9369, 0x7aa7, 0x59e5, 0xbc2b, 0x7aa7, 0x59e5, 0x7aa7, 0x59e5, 0x7aa7, 0x7aa7, 0x7aa7, 0x59e5, 0x7aa7, 0x7aa7, 0x9369, 0x9369,
    0x9369, 0x7aa7, 0x59e5, 0xbc2b, 0x7aa7, 0x59e5, 0x7aa7, 0x59e5, 0x7aa7, 0x7aa7, 0x7aa7, 0x59e5, 0x7aa7, 0x7aa7, 0x9369, 0x9369,
    0x9369, 0x7aa7, 0x59e5, 0xbc2b, 0x7aa7, 0x59e5, 0x7aa7, 0x59e5, 0x7aa7, 0x7aa7, 0x7aa7, 0x59e5, 0x7aa7, 0x7aa7, 0x9369, 0x9369,
    0x9369, 0x7aa7, 0x59e5, 0xbc2b, 0x7aa7, 0x59e5, 0x7aa7, 0x59e5, 0x7aa7, 0x7aa7, 0x7aa7, 0x59e5, 0x7aa7, 0x7aa7, 0x9369, 0x9369,
    0x9369, 0x7aa7, 0x59e5, 0xbc2b, 0x7aa7, 0x59e5, 0x7aa7, 0x59e5, 0x7aa7, 0x7aa7, 0x7aa7, 0x59e5, 0x7aa7, 0x7aa7, 0x9369, 0x9369,
    0x9369, 0x7aa7, 0x59e5, 0xbc2b, 0x7aa7, 0x59e5, 0x7aa7, 0x59e5, 0x7aa7, 0x7aa7, 0x7aa7, 0x59e5, 0x7aa7, 0x7aa7, 0x9369, 0x9369,
    0x9369, 0x7aa7, 0x59e5, 0xbc2b, 0x7aa7, 0x59e5, 0x7aa7, 0x59e5, 0x7aa7, 0x7aa7, 0x7aa7, 0x59e5, 0x7aa7, 0x7aa7, 0x9369, 0x9369,
    0x9369, 0x7aa7, 0x59e5, 0xbc2b, 0x7aa7, 0x59e5, 0x7aa7, 0x59e5, 0x7aa7, 0x7aa7, 0x7aa7, 0x59e5, 0x7aa7, 0x7aa7, 0x9369, 0x9369,
    0x9369, 0x7aa7, 0x59e5, 0xbc2b, 0x7aa7, 0x59e5, 0x7aa7, 0x59e5, 0x7aa7, 0x7aa7, 0x7aa7, 0x59e5, 0x7aa7, 0x7aa7, 0x9369, 0x9369,
    0x9369, 0x7aa7, 0x59e5, 0xbc2b, 0x7aa7, 0x59e5, 0x7aa7, 0x59e5, 0x7aa7, 0x7aa7, 0x7aa7, 0x59e5, 0x7aa7, 0x7aa7, 0x9369, 0x9369,
    0x9369, 0x7aa7, 0xbc2b, 0x9369, 0x9369, 0x7aa7, 0x8430, 0x9369, 0x9369, 0x9369, 0x7aa7, 0x7aa7, 0x9369, 0x9369, 0x7aa7, 0x59e5,
    0x9369, 0x7aa7, 0xbc2b, 0x9369, 0x9369, 0x7aa7, 0x8430, 0x9369, 0x9369, 0x9369, 0x7aa7, 0x7aa7, 0x9369, 0x9369, 0x7aa7, 0x59e5,
    0x9369, 0x7aa7, 0xbc2b, 0x9369, 0x9369, 0x7aa7, 0x8430, 0x9369, 0x9369, 0x9369, 0x7aa7, 0x7aa7, 0x9369, 0x9369, 0x7aa7, 0x59e5,
    0x9369, 0x7aa7, 0xbc2b, 0x9369, 0x9369, 0x7aa7, 0x8430, 0x9369, 0x9369, 0x9369, 0x7aa7, 0x7aa7, 0x9369, 0x9369, 0x7aa7, 0x59e5,
    0x9369, 0x7aa7, 0xbc2b, 0x9369, 0x9369, 0x7aa7, 0x8430, 0x9369, 0x9369, 0x9369, 0x7aa7, 0x7aa7, 0x9369, 0x9369, 0x7aa7, 0x59e5,
    0x9369, 0x7aa7, 0xbc2b, 0x9369, 0x9369, 0x7aa7, 0x8430, 0x9369, 0x9369, 0x9369, 0x7aa7, 0x7aa7, 0x9369, 0x9369, 0x7aa7, 0x59e5,
    0x9369, 0x7aa7, 0xbc2b, 0x9369, 0x9369, 0x7aa7, 0x8430, 0x9369, 0x9369, 0x9369, 0x7aa7, 0x7aa7, 0x9369, 0x9369, 0x7aa7, 0x59e5,
    0x9369, 0x7aa7, 0xbc2b, 0x9369, 0x9369, 0x7aa7, 0x8430, 0x9369, 0x9369, 0x9369, 0x7aa7, 0x7aa7, 0x9369, 0x9369, 0x7aa7, 0x59e5,
    0x9369, 0x7aa7, 0xbc2b, 0x9369, 0x9369, 0x7aa7, 0x8430, 0x9369, 0x9369, 0x9369, 0x7aa7, 0x7aa7, 0x9369, 0x9369, 0x7aa7, 0x59e5,
    0x9369, 0x7aa7, 0xbc2b, 0x9369, 0x9369, 0x7aa7, 0x8430, 0x9369, 0x9369, 0x9369, 0x7aa7, 0x7aa7, 0x9369, 0x9369, 0x7aa7, 0x59e5,
    0x9369, 0x7aa7, 0xbc2b, 0x9369, 0x9369, 0x7aa7, 0x8430, 0x9369, 0x9369, 0x9369, 0x7aa7, 0x7aa7, 0x9369, 0x9369, 0x7aa7, 0x59e5,
    0x9369, 0x7aa7, 0xbc2b, 0x9369, 0x9369, 0x7aa7, 0x8430, 0x9369, 0x9369, 0x9369, 0x7aa7, 0x7aa7, 0x9369, 0x9369, 0x7aa7, 0x59e5,
    0x9369, 0x7aa7, 0xbc2b, 0x9369, 0x9369, 0x7aa7, 0x8430, 0x9369, 0x9369, 0x9369, 0x7aa7, 0x7aa7, 0x9369, 0x9369, 0x7aa7, 0x59e5,
    0x9369, 0x7aa7, 0xbc2b, 0x9369, 0x9369, 0x7aa7, 0x8430, 0x9369, 0x9369, 0x9369, 0x7aa7, 0x7aa7, 0x9369, 0x9369, 0x7aa7, 0x59e5,
    0x9369, 0x7aa7, 0xbc2b, 0x9369, 0x9369, 0x7aa7, 0x8430, 0x9369, 0x9369, 0x9369, 0x7aa7, 0x7aa7, 0x9369, 0x9369, 0x7aa7, 0x59e5,
    0x9369, 0x7aa7, 0xbc2b, 0x9369, 0x9369, 0x7aa7, 0x8430, 0x9369, 0x9369, 0x9369, 0x7aa7, 0x7aa7, 0x9369, 0x9369, 0x7aa7, 0x59e5,
    0x9369, 0x7aa7, 0xbc2b, 0x9369, 0x9369, 0x7aa7, 0x8430, 0x9369, 0x9369, 0x9369, 0x7aa7, 0x7aa7, 0x9369, 0x9369, 0x7aa7, 0x59e5,
    0x9369, 0x7aa7, 0xbc2b, 0x9369, 0x9369, 0x7aa7, 0x8430, 0x9369, 0x9369, 0x9369, 0x7aa7, 0x7aa7, 0x9369, 0x9369, 0x7aa7, 0x59e5,
    0x9369, 0x7aa7, 0xbc2b, 0x9369, 0x9369, 0x7aa7, 0x8430, 0x9369, 0x9369, 0x9369, 0x7aa7, 0x7aa7, 0x9369, 0x9369, 0x7aa7, 0x59e5,
    0x9369, 0x7aa7, 0xbc2b, 0x9369, 0x9369, 0x7aa7, 0x8430, 0x9369, 0x9369, 0x9369, 0x7aa7, 0x7aa7, 0x9369, 0x9369, 0x7aa7, 0x59e5,
    0xbc2b, 0x9369, 0x9369, 0x7aa7, 0x7aa7, 0xbc2b, 0x9369, 0x9369, 0x7aa7, 0x7aa7, 0x59e5, 0x7aa7, 0x7aa7, 0xbc2b, 0x7aa7, 0xbc2b,
    0xbc2b, 0x9369, 0x9369, 0x7aa7, 0x7aa7, 0xbc2b, 0x9369, 0x9369, 0x7aa7, 0x7aa7, 0x59e5, 0x7aa7, 0x7aa7, 0xbc2b, 0x7aa7, 0xbc2b,
    0xbc2b, 0x9369, 0x9369, 0x7aa7, 0x7aa7, 0xbc2b, 0x9369, 0x9369, 0x7aa7, 0x7aa7, 0x59e5, 0x7aa7, 0x7aa7, 0xbc2b, 0x7aa7, 0xbc2b,
    0xbc2b, 0x9369, 0x9369, 0x7aa7, 0x7aa7, 0xbc2b, 0x9369, 0x9369, 0x7aa7, 0x7aa7, 0x59e5, 0x7aa7, 0x7aa7, 0xbc2b, 0x7aa7, 0xbc2b,
    0xbc2b, 0x9369, 0x9369, 0x7aa7, 0x7aa7, 0xbc2b, 0x9369, 0x9369, 0x7aa7, 0x7aa7, 0x59e5, 0x7aa7, 0x7aa7, 0xbc2b, 0x7aa7, 0xbc2b,
    0xbc2b, 0x9369, 0x9369, 0x7aa7, 0x7aa7, 0xbc2b, 0x9369, 0x9369, 0x7aa7, 0x7aa7, 0x59e5, 0x7aa7, 0x7aa7, 0xbc2b, 0x7aa7, 0xbc2b,
    0xbc2b, 0x9369, 0x9369, 0x7aa7, 0x7aa7, 0xbc2b, 0x9369, 0x9369, 0x7aa7, 0x7aa7, 0x59e5, 0x7aa7, 0x7aa7, 0xbc2b, 0x7aa7, 0xbc2b,
    0xbc2b, 0x9369, 0x9369, 0x7aa7, 0x7aa7, 0xbc2b, 0x9369, 0x9369, 0x7aa7, 0x7aa7, 0x59e5, 0x7aa7, 0x7aa7, 0xbc2b, 0x7aa7, 0xbc2b,
    0xbc2b, 0x9369, 0x9369, 0x7aa7, 0x7aa7, 0xbc2b, 0x9369, 0x9369, 0x7aa7, 0x7aa7, 0x59e5, 0x7aa7, 0x7aa7, 0xbc2b, 0x7aa7, 0xbc2b,
    0xbc2b, 0x9369, 0x9369, 0x7aa7, 0x7aa7, 0xbc2b, 0x9369, 0x9369, 0x7aa7, 0x7aa7, 0x59e5, 0x7aa7, 0x7aa7, 0xbc2b, 0x7aa7, 0xbc2b,
    0xbc2b, 0x9369, 0x9369, 0x7aa7, 0x7aa7, 0xbc2b, 0x9369, 0x9369, 0x7aa7, 0x7aa7, 0x59e5, 0x7aa7, 0x7aa7, 0xbc2b, 0x7aa7, 0xbc2b,
    0xbc2b, 0x9369, 0x9369, 0x7aa7, 0x7aa7, 0xbc2b, 0x9369, 0x9369, 0x7aa7, 0x7aa7, 0x59e5, 0x7aa7, 0x7aa7, 0xbc2b, 0x7aa7, 0xbc2b,
    0xbc2b, 0x9369, 0x9369, 0x7aa7, 0x7aa7, 0xbc2b, 0x9369, 0x9369, 0x7aa7, 0x7aa7, 0x59e5, 0x7aa7, 0x7aa7, 0xbc2b, 0x7aa7, 0xbc2b,
    0xbc2b, 0x9369, 0x9369, 0x7aa7, 0x7aa7, 0xbc2b, 0x9369, 0x9369, 0x7aa7, 0x7aa7, 0x59e5, 0x7aa7, 0x7aa7, 0xbc2b, 0x7aa7, 0xbc2b,
    0xbc2b, 0x9369, 0x9369, 0x7aa7, 0x7aa7, 0xbc2b, 0x9369, 0x9369, 0x7aa7, 0x7aa7, 0x59e5, 0x7aa7, 0x7aa7, 0xbc2b, 0x7aa7, 0xbc2b,
    0xbc2b, 0x9369, 0x9369, 0x7aa7, 0x7aa7, 0xbc2b, 0x9369, 0x9369, 0x7aa7, 0x7aa7, 0x59e5, 0x7aa7, 0x7aa7, 0xbc2b, 0x7aa7, 0xbc2b,
    0xbc2b, 0x9369, 0x9369, 0x7aa7, 0x7aa7, 0xbc2b, 0x9369, 0x9369, 0x7aa7, 0x7aa7, 0x59e5, 0x7aa7, 0x7aa7, 0xbc2b, 0x7aa7, 0xbc2b,
    0xbc2b, 0x9369, 0x9369, 0x7aa7, 0x7aa7, 0xbc2b, 0x9369, 0x9369, 0x7aa7, 0x7aa7, 0x59e5, 0x7aa7, 0x7aa7, 0xbc2b, 0x7aa7, 0xbc2b,
    0xbc2b, 0x9369, 0x9369, 0x7aa7, 0x7aa7, 0xbc2b, 0x9369, 0x9369, 0x7aa7, 0x7aa7, 0x59e5, 0x7aa7, 0x7aa7, 0xbc2b, 0x7aa7, 0xbc2b,
    0xbc2b, 0x9369, 0x9369, 0x7aa7, 0x7aa7, 0xbc2b, 0x9369, 0x9369, 0x7aa7, 0x7aa7, 0x59e5, 0x7aa7, 0x7aa7, 0xbc2b, 0x7aa7, 0xbc2b,
    0x7aa7, 0x9369, 0x59e5, 0x7aa7, 0x7aa7, 0x9369, 0x8430, 0x59e5, 0x7aa7, 0xbc2b, 0x9369, 0x7aa7, 0x7aa7, 0x9369, 0x59e5, 0x59e5,
    0x7aa7, 0x9369, 0x59e5, 0x7aa7, 0x7aa7, 0x9369, 0x8430, 0x59e5, 0x7aa7, 0xbc2b, 0x9369, 0x7aa7, 0x7aa7, 0x9369, 0x59e5, 0x59e5,
    0x7aa7, 0x9369, 0x59e5, 0x7aa7, 0x7aa7, 0x9369, 0x8430, 0x59e5, 0x7aa7, 0xbc2b, 0x9369, 0x7aa7, 0x7aa7, 0x9369, 0x59e5, 0x59e5,
    0x7aa7, 0x9369, 0x59e5, 0x7aa7, 0x7aa7, 0x9369, 0x8430, 0x59e5, 0x7aa7, 0xbc2b, 0x9369, 0x7aa7, 0x7aa7, 0x9369, 0x59e5, 0x59e5,
    0x7aa7, 0x9369, 0x59e5, 0x7aa7, 0x7aa7, 0x9369, 0x8430, 0x59e5, 0x7aa7, 0xbc2b, 0x9369, 0x7aa7, 0x7aa7, 0x9369, 0x59e5, 0x59e5,
    0x7aa7, 0x9369, 0x59e5, 0x7aa7, 0x7aa7, 0x9369, 0x8430, 0x59e5, 0x7aa7, 0xbc2b, 0x9369, 0x7aa7, 0x7aa7, 0x9369, 0x59e5, 0x59e5,
    0x7aa7, 0x9369, 0x59e5, 0x7aa7, 0x7aa7, 0x9369, 0x8430, 0x59e5, 0x7aa7, 0xbc2b, 0x9369, 0x7aa7, 0x7aa7, 0x9369, 0x59e5, 0x59e5,
    0x7aa7, 0x9369, 0x59e5, 0x7aa7, 0x7aa7, 0x9369, 0x8430, 0x59e5, 0x7aa7, 0xbc2b, 0x9369, 0x7aa7, 0x7aa7, 0x9369, 0x59e5, 0x59e5,
    0x7aa7, 0x9369, 0x59e5, 0x7aa7, 0x7aa7, 0x9369, 0x8430, 0x59e5, 0x7aa7, 0xbc2b, 0x9369, 0x7aa7, 0x7aa7, 0x9369, 0x59e5, 0x59e5,
    0x7aa7, 0x9369, 0x59e5, 0x7aa7, 0x7aa7, 0x9369, 0x8430, 0x59e5, 0x7aa7, 0xbc2b, 0x9369, 0x7aa7, 0x7aa7, 0x9369, 0x59e5, 0x59e5,
    0x7aa7, 0x9369, 0x59e5, 0x7aa7, 0x7aa7, 0x9369, 0x8430, 0x59e5, 0x7aa7, 0xbc2b, 0x9369, 0x7aa7, 0x7aa7, 0x9369, 0x59e5, 0x59e5,
    0x7aa7, 0x9369, 0x59e5, 0x7aa7, 0x7aa7, 0x9369, 0x8430, 0x59e5, 0x7aa7, 0xbc2b, 0x9369, 0x7aa7, 0x7aa7, 0x9369, 0x59e5, 0x59e5,
    0x7aa7, 0x9369, 0x59e5, 0x7aa7, 0x7aa7, 0x9369, 0x8430, 0x59e5, 0x7aa7, 0xbc2b, 0x9369, 0x7aa7, 0x7aa7, 0x9369, 0x59e5, 0x59e5,
    0x7aa7, 0x9369, 0x59e5, 0x7aa7, 0x7aa7, 0x9369, 0x8430, 0x59e5, 0x7aa7, 0xbc2b, 0x9369, 0x7aa7, 0x7aa7, 0x9369, 0x59e5, 0x59e5,
    0x7aa7, 0x9369, 0x59e5, 0x7aa7, 0x7aa7, 0x9369, 0x8430, 0x59e5, 0x7aa7, 0xbc2b, 0x9369, 0x7aa7, 0x7aa7, 0x9369, 0x59e5, 0x59e5,
    0x7aa7, 0x9369, 0x59e5, 0x7aa7, 0x7aa7, 0x9369, 0x8430, 0x59e5, 0x7aa7, 0xbc2b, 0x9369, 0x7aa7, 0x7aa7, 0x9369, 0x59e5, 0x59e5,
    0x7aa7, 0x9369, 0x59e5, 0x7aa7, 0x7aa7, 0x9369, 0x8430, 0x59e5, 0x7aa7, 0xbc2b, 0x9369, 0x7aa7, 0x7aa7, 0x9369, 0x59e5, 0x59e5,
    0x7aa7, 0x9369, 0x59e5, 0x7aa7, 0x7aa7, 0x9369, 0x8430, 0x59e5, 0x7aa7, 0xbc2b, 0x9369, 0x7aa7, 0x7aa7, 0x9369, 0x59e5, 0x59e5,
    0x7aa7, 0x9369, 0x59e5, 0x7aa7, 0x7aa7, 0x9369, 0x8430, 0x59e5, 0x7aa7, 0xbc2b, 0x9369, 0x7aa7, 0x7aa7, 0x9369, 0x59e5, 0x59e5,
    0x7aa7, 0x9369, 0x59e5, 0x7aa7, 0x7aa7, 0x9369, 0x8430, 0x59e5, 0x7aa7, 0xbc2b, 0x9369, 0x7aa7, 0x7aa7, 0x9369, 0x59e5, 0x59e5,
    0xbc2b, 0x7aa7, 0x7aa7, 0x59e5, 0xbc2b, 0x7aa7, 0x7aa7, 0x7aa7, 0xbc2b, 0x7aa7, 0x7aa7, 0x7aa7, 0x59e5, 0x59e5, 0xbc2b, 0x7aa7,
    0xbc2b, 0x7aa7, 0x7aa7, 0x59e5, 0xbc2b, 0x7aa7, 0x7aa7, 0x7aa7, 0xbc2b, 0x7aa7, 0x7aa7, 0x7aa7, 0x59e5, 0x59e5, 0xbc2b, 0x7aa7,
    0xbc2b, 0x7aa7, 0x7aa7, 0x59e5, 0xbc2b, 0x7aa7, 0x7aa7, 0x7aa7, 0xbc2b, 0x7aa7, 0x7aa7, 0x7aa7, 0x59e5, 0x59e5, 0xbc2b, 0x7aa7,
    0xbc2b, 0x7aa7, 0x7aa7, 0x59e5, 0xbc2b, 0x7aa7, 0x7aa7, 0x7aa7, 0xbc2b, 0x7aa7, 0x7aa7, 0x7aa7, 0x59e5, 0x59e5, 0xbc2b, 0x7aa7,
    0xbc2b, 0x7aa7, 0x7aa7, 0x59e5, 0xbc2b, 0x7aa7, 0x7aa7, 0x7aa7, 0xbc2b, 0x7aa7, 0x7aa7, 0x7aa7, 0x59e5, 0x59e5, 0xbc2b, 0x7aa7,
    0xbc2b, 0x7aa7, 0x7aa7, 0x59e5, 0xbc2b, 0x7aa7, 0x7aa7, 0x7aa7, 0xbc2b, 0x7aa7, 0x7aa7, 0x7aa7, 0x59e5, 0x59e5, 0xbc2b, 0x7aa7,
    0xbc2b, 0x7aa7, 0x7aa7, 0x59e5, 0xbc2b, 0x7aa7, 0x7aa7, 0x7aa7, 0xbc2b, 0x7aa7, 0x7aa7, 0x7aa7, 0x59e5, 0x59e5, 0xbc2b, 0x7aa7,
    0xbc2b, 0x7aa7, 0x7aa7, 0x59e5, 0xbc2b, 0x7aa7, 0x7aa7, 0x7aa7, 0xbc2b, 0x7aa7, 0x7aa7, 0x7aa7, 0x59e5, 0x59e5, 0xbc2b, 0x7aa7,
    0xbc2b, 0x7aa7, 0x7aa7, 0x59e5, 0xbc2b, 0x7aa7, 0x7aa7, 0x7aa7, 0xbc2b, 0x7aa7, 0x7aa7, 0x7aa7, 0x59e5, 0x59e5, 0xbc2b, 0x7aa7,
    0xbc2b, 0x7aa7, 0x7aa7, 0x59e5, 0xbc2b, 0x7aa7, 0x7aa7, 0x7aa7, 0xbc2b, 0x7aa7, 0x7aa7, 0x7aa7, 0x59e5, 0x59e5, 0xbc2b, 0x7aa7,
    0xbc2b, 0x7aa7, 0x7aa7, 0x59e5, 0xbc2b, 0x7aa7, 0x7aa7, 0x7aa7, 0xbc2b, 0x7aa7, 0x7aa7, 0x7aa7, 0x59e5, 0x59e5, 0xbc2b, 0x7aa7,
    0xbc2b, 0x7aa7, 0x7aa7, 0x59e5, 0xbc2b, 0x7aa7, 0x7aa7, 0x7aa7, 0xbc2b, 0x7aa7, 0x7aa7, 0x7aa7, 0x59e5, 0x59e5, 0xbc2b, 0x7aa7,
    0xbc2b, 0x7aa7, 0x7aa7, 0x59e5, 0xbc2b, 0x7aa7, 0x7aa7, 0x7aa7, 0xbc2b, 0x7aa7, 0x7aa7, 0x7aa7, 0x59e5, 0x59e5, 0xbc2b, 0x7aa7,
    0xbc2b, 0x7aa7, 0x7aa7, 0x59e5, 0xbc2b, 0x7aa7, 0x7aa7, 0x7aa7, 0xbc2b, 0x7aa7, 0x7aa7, 0x7aa7, 0x59e5, 0x59e5, 0xbc2b, 0x7aa7,
    0xbc2b, 0x7aa7, 0x7aa7, 0x59e5, 0xbc2b, 0x7aa7, 0x7aa7, 0x7aa7, 0xbc2b, 0x7aa7, 0x7aa7, 0x7aa7, 0x59e5, 0x59e5, 0xbc2b, 0x7aa7,
    0xbc2b, 0x7aa7, 0x7aa7, 0x59e5, 0xbc2b, 0x7aa7, 0x7aa7, 0x7aa7, 0xbc2b, 0x7aa7, 0x7aa7, 0x7aa7, 0x59e5, 0x59e5, 0xbc2b, 0x7aa7,
    0xbc2b, 0x7aa7, 0x7aa7, 0x59e5, 0xbc2b, 0x7aa7, 0x7aa7, 0x7aa7, 0xbc2b, 0x7aa7, 0x7aa7, 0x7aa7, 0x59e5, 0x59e5, 0xbc2b, 0x7aa7,
    0xbc2b, 0x7aa7, 0x7aa7, 0x59e5, 0xbc2b, 0x7aa7, 0x7aa7, 0x7aa7, 0xbc2b, 0x7aa7, 0x7aa7, 0x7aa7, 0x59e5, 0x59e5, 0xbc2b, 0x7aa7,
    0xbc2b, 0x7aa7, 0x7aa7, 0x59e5, 0xbc2b, 0x7aa7, 0x7aa7, 0x7aa7, 0xbc2b, 0x7aa7, 0x7aa7, 0x7aa7, 0x59e5, 0x59e5, 0xbc2b, 0x7aa7,
    0xbc2b, 0x7aa7, 0x7aa7, 0x59e5, 0xbc2b, 0x7aa7, 0x7aa7, 0x7aa7, 0xbc2b, 0x7aa7, 0x7aa7, 0x7aa7, 0x59e5, 0x59e5, 0xbc2b, 0x7aa7,
    0x9369, 0x6b6d, 0xbc2b, 0x7aa7, 0x9369, 0x59e5, 0x7aa7, 0xbc2b, 0x9369, 0x9369, 0x7aa7, 0x9369, 0x7aa7, 0xbc2b, 0x9369, 0x7aa7,
    0x9369, 0x6b6d, 0xbc2b, 0x7aa7, 0x9369, 0x59e5, 0x7aa7, 0xbc2b, 0x9369, 0x9369, 0x7aa7, 0x9369, 0x7aa7, 0xbc2b, 0x9369, 0x7aa7,
    0x9369, 0x6b6d, 0xbc2b, 0x7aa7, 0x9369, 0x59e5, 0x7aa7, 0xbc2b, 0x9369, 0x9369, 0x7aa7, 0x9369, 0x7aa7, 0xbc2b, 0x9369, 0x7aa7,
    0x9369, 0x6b6d, 0xbc2b, 0x7aa7, 0x9369, 0x59e5, 0x7aa7, 0xbc2b, 0x9369, 0x9369, 0x7aa7, 0x9369, 0x7aa7, 0xbc2b, 0x9369, 0x7aa7,
    0x9369, 0x6b6d, 0xbc2b, 0x7aa7, 0x9369, 0x59e5, 0x7aa7, 0xbc2b, 0x9369, 0x9369, 0x7aa7, 0x9369, 0x7aa7, 0xbc2b, 0x9369, 0x7aa7,
    0x9369, 0x6b6d, 0xbc2b, 0x7aa7, 0x9369, 0x59e5, 0x7aa7, 0xbc2b, 0x9369, 0x9369, 0x7aa7, 0x9369, 0x7aa7, 0xbc2b, 0x9369, 0x7aa7,
    0x9369, 0x6b6d, 0xbc2b, 0x7aa7, 0x9369, 0x59e5, 0x7aa7, 0xbc2b, 0x9369, 0x9369, 0x7aa7, 0x9369, 0x7aa7, 0xbc2b, 0x9369, 0x7aa7,
    0x9369, 0x6b6d, 0xbc2b, 0x7aa7, 0x9369, 0x59e5, 0x7aa7, 0xbc2b, 0x9369, 0x9369, 0x7aa7, 0x9369, 0x7aa7, 0xbc2b, 0x9369, 0x7aa7,
    0x9369, 0x6b6d, 0xbc2b, 0x7aa7, 0x9369, 0x59e5, 0x7aa7, 0xbc2b, 0x9369, 0x9369, 0x7aa7, 0x9369, 0x7aa7, 0xbc2b, 0x9369, 0x7aa7,
    0x9369, 0x6b6d, 0xbc2b, 0x7aa7, 0x9369, 0x59e5, 0x7aa7, 0xbc2b, 0x9369, 0x9369, 0x7aa7, 0x9369, 0x7aa7, 0xbc2b, 0x9369, 0x7aa7,
    0x9369, 0x6b6d, 0xbc2b, 0x7aa7, 0x9369, 0x59e5, 0x7aa7, 0xbc2b, 0x9369, 0x9369, 0x7aa7, 0x9369, 0x7aa7, 0xbc2b, 0x9369, 0x7aa7,
    0x9369, 0x6b6d, 0xbc2b, 0x7aa7, 0x9369, 0x59e5, 0x7aa7, 0xbc2b, 0x9369, 0x9369, 0x7aa7, 0x9369, 0x7aa7, 0xbc2b, 0x9369, 0x7aa7,
    0x9369, 0x6b6d, 0xbc2b, 0x7aa7, 0x9369, 0x59e5, 0x7aa7, 0xbc2b, 0x9369, 0x9369, 0x7aa7, 0x9369, 0x7aa7, 0xbc2b, 0x9369, 0x7aa7,
    0x9369, 0x6b6d, 0xbc2b, 0x7aa7, 0x9369, 0x59e5, 0x7aa7, 0xbc2b, 0x9369, 0x9369, 0x7aa7, 0x9369, 0x7aa7, 0xbc2b, 0x9369, 0x7aa7,
    0x9369, 0x6b6d, 0xbc2b, 0x7aa7, 0x9369, 0x59e5, 0x7aa7, 0xbc2b, 0x9369, 0x9369, 0x7aa7, 0x9369, 0x7aa7, 0xbc2b, 0x9369, 0x7aa7,
    0x9369, 0x6b6d, 0xbc2b, 0x7aa7, 0x9369, 0x59e5, 0x7aa7, 0xbc2b, 0x9369, 0x9369, 0x7aa7, 0x9369, 0x7aa7, 0xbc2b, 0x9369, 0x7aa7,
    0x9369, 0x6b6d, 0xbc2b, 0x7aa7, 0x9369, 0x59e5, 0x7aa7, 0xbc2b, 0x9369, 0x9369, 0x7aa7, 0x9369, 0x7aa7, 0xbc2b, 0x9369, 0x7aa7,
    0x9369, 0x6b6d, 0xbc2b, 0x7aa7, 0x9369, 0x59e5, 0x7aa7, 0xbc2b, 0x9369, 0x9369, 0x7aa7, 0x9369, 0x7aa7, 0xbc2b, 0x9369, 0x7aa7,
    0x9369, 0x6b6d, 0xbc2b, 0x7aa7, 0x9369, 0x59e5, 0x7aa7, 0xbc2b, 0x9369, 0x9369, 0x7aa7, 0x9369, 0x7aa7, 0xbc2b, 0x9369, 0x7aa7,
    0x9369, 0x6b6d, 0xbc2b, 0x7aa7, 0x9369, 0x59e5, 0x7aa7, 0xbc2b, 0x9369, 0x9369, 0x7aa7, 0x9369, 0x7aa7, 0xbc2b, 0x9369, 0x7aa7,
    0x9369, 0x7aa7, 0x9369, 0xbc2b, 0x59e5, 0x9369, 0x7aa7, 0x7aa7, 0x9369, 0x59e5, 0x7aa7, 0x6b6d, 0x7aa7, 0x9369, 0x59e5, 0x7aa7,
    0x9369, 0x7aa7, 0x9369, 0xbc2b, 0x59e5, 0x9369, 0x7aa7, 0x7aa7, 0x9369, 0x59e5, 0x7aa7, 0x6b6d, 0x7aa7, 0x9369, 0x59e5, 0x7aa7,
    0x9369, 0x7aa7, 0x9369, 0xbc2b, 0x59e5, 0x9369, 0x7aa7, 0x7aa7, 0x9369, 0x59e5, 0x7aa7, 0x6b6d, 0x7aa7, 0x9369, 0x59e5, 0x7aa7,
    0x9369, 0x7aa7, 0x9369, 0xbc2b, 0x59e5, 0x9369, 0x7aa7, 0x7aa7, 0x9369, 0x59e5, 0x7aa7, 0x6b6d, 0x7aa7, 0x9369, 0x59e5, 0x7aa7,
    0x9369, 0x7aa7, 0x9369, 0xbc2b, 0x59e5, 0x9369, 0x7aa7, 0x7aa7, 0x9369, 0x59e5, 0x7aa7, 0x6b6d, 0x7aa7, 0x9369, 0x59e5, 0x7aa7,
    0x9369, 0x7aa7, 0x9369, 0xbc2b, 0x59e5, 0x9369, 0x7aa7, 0x7aa7, 0x9369, 0x59e5, 0x7aa7, 0x6b6d, 0x7aa7, 0x9369, 0x59e5, 0x7aa7,
    0x9369, 0x7aa7, 0x9369, 0xbc2b, 0x59e5, 0x9369, 0x7aa7, 0x7aa7, 0x9369, 0x59e5, 0x7aa7, 0x6b6d, 0x7aa7, 0x9369, 0x59e5, 0x7aa7,
    0x9369, 0x7aa7, 0x9369, 0xbc2b, 0x59e5, 0x9369, 0x7aa7, 0x7aa7, 0x9369, 0x59e5, 0x7aa7, 0x6b6d, 0x7aa7, 0x9369, 0x59e5, 0x7aa7,
    0x9369, 0x7aa7, 0x9369, 0xbc2b, 0x59e5, 0x9369, 0x7aa7, 0x7aa7, 0x9369, 0x59e5, 0x7aa7, 0x6b6d, 0x7aa7, 0x9369, 0x59e5, 0x7aa7,
    0x9369, 0x7aa7, 0x9369, 0xbc2b, 0x59e5, 0x9369, 0x7aa7, 0x7aa7, 0x9369, 0x59e5, 0x7aa7, 0x6b6d, 0x7aa7, 0x9369, 0x59e5, 0x7aa7,
    0x9369, 0x7aa7, 0x9369, 0xbc2b, 0x59e5, 0x9369, 0x7aa7, 0x7aa7, 0x9369, 0x59e5, 0x7aa7, 0x6b6d, 0x7aa7, 0x9369, 0x59e5, 0x7aa7,
    0x9369, 0x7aa7, 0x9369, 0xbc2b, 0x59e5, 0x9369, 0x7aa7, 0x7aa7, 0x9369, 0x59e5, 0x7aa7, 0x6b6d, 0x7aa7, 0x9369, 0x59e5, 0x7aa7,
    0x9369, 0x7aa7, 0x9369, 0xbc2b, 0x59e5, 0x9369, 0x7aa7, 0x7aa7, 0x9369, 0x59e5, 0x7aa7, 0x6b6d, 0x7aa7, 0x9369, 0x59e5, 0x7aa7,
    0x9369, 0x7aa7, 0x9369, 0xbc2b, 0x59e5, 0x9369, 0x7aa7, 0x7aa7, 0x9369, 0x59e5, 0x7aa7, 0x6b6d, 0x7aa7, 0x9369, 0x59e5, 0x7aa7,
    0x9369, 0x7aa7, 0x9369, 0xbc2b, 0x59e5, 0x9369, 0x7aa7, 0x7aa7, 0x9369, 0x59e5, 0x7aa7, 0x6b6d, 0x7aa7, 0x9369, 0x59e5, 0x7aa7,
    0x9369, 0x7aa7, 0x9369, 0xbc2b, 0x59e5, 0x9369, 0x7aa7, 0x7aa7, 0x9369, 0x59e5, 0x7aa7, 0x6b6d, 0x7aa7, 0x9369, 0x59e5, 0x7aa7,
    0x9369, 0x7aa7, 0x9369, 0xbc2b, 0x59e5, 0x9369, 0x7aa7, 0x7aa7, 0x9369, 0x59e5, 0x7aa7, 0x6b6d, 0x7aa7, 0x9369, 0x59e5, 0x7aa7,
    0x9369, 0x7aa7, 0x9369, 0xbc2b, 0x59e5, 0x9369, 0x7aa7, 0x7aa7, 0x9369, 0x59e5, 0x7aa7, 0x6b6d, 0x7aa7, 0x9369, 0x59e5, 0x7aa7,
    0x9369, 0x7aa7, 0x9369, 0xbc2b, 0x59e5, 0x9369, 0x7aa7, 0x7aa7, 0x9369, 0x59e5, 0x7aa7, 0x6b6d, 0x7aa7, 0x9369, 0x59e5, 0x7aa7,
    0x9369, 0x7aa7, 0x9369, 0xbc2b, 0x59e5, 0x9369, 0x7aa7, 0x7aa7, 0x9369, 0x59e5, 0x7aa7, 0x6b6d, 0x7aa7, 0x9369, 0x59e5, 0x7aa7,
    0x7aa7, 0x59e5, 0x9369, 0x9369, 0x7aa7, 0x9369, 0x59e5, 0x59e5, 0x59e5, 0x7aa7, 0x7aa7, 0x59e5, 0x7aa7, 0x7aa7, 0x7aa7, 0xbc2b,
    0x7aa7, 0x59e5, 0x9369, 0x9369, 0x7aa7, 0x9369, 0x59e5, 0x59e5, 0x59e5, 0x7aa7, 0x7aa7, 0x59e5, 0x7aa7, 0x7aa7, 0x7aa7, 0xbc2b,
    0x7aa7, 0x59e5, 0x9369, 0x9369, 0x7aa7, 0x9369, 0x59e5, 0x59e5, 0x59e5, 0x7aa7, 0x7aa7, 0x59e5, 0x7aa7, 0x7aa7, 0x7aa7, 0xbc2b,
    0x7aa7, 0x59e5, 0x9369, 0x9369, 0x7aa7, 0x9369, 0x59e5, 0x59e5, 0x59e5, 0x7aa7, 0x7aa7, 0x59e5, 0x7aa7, 0x7aa7, 0x7aa7, 0xbc2b,
    0x7aa7, 0x59e5, 0x9369, 0x9369, 0x7aa7, 0x9369, 0x59e5, 0x59e5, 0x59e5, 0x7aa7, 0x7aa7, 0x59e5, 0x7aa7, 0x7aa7, 0x7aa7, 0xbc2b,
    0x7aa7, 0x59e5, 0x9369, 0x9369, 0x7aa7, 0x9369, 0x59e5, 0x59e5, 0x59e5, 0x7aa7, 0x7aa7, 0x59e5, 0x7aa7, 0x7aa7, 0x7aa7, 0xbc2b,
    0x7aa7, 0x59e5, 0x9369, 0x9369, 0x7aa7, 0x9369, 0x59e5, 0x59e5, 0x59e5, 0x7aa7, 0x7aa7, 0x59e5, 0x7aa7, 0x7aa7, 0x7aa7, 0xbc2b,
    0x7aa7, 0x59e5, 0x9369, 0x9369, 0x7aa7, 0x9369, 0x59e5, 0x59e5, 0x59e5, 0x7aa7, 0x7aa7, 0x59e5, 0x7aa7, 0x7aa7, 0x7aa7, 0xbc2b,
    0x7aa7, 0x59e5, 0x9369, 0x9369, 0x7aa7, 0x9369, 0x59e5, 0x59e5, 0x59e5, 0x7aa7, 0x7aa7, 0x59e5, 0x7aa7, 0x7aa7, 0x7aa7, 0xbc2b,
    0x7aa7, 0x59e5, 0x9369, 0x9369, 0x7aa7, 0x9369, 0x59e5, 0x59e5, 0x59e5, 0x7aa7, 0x7aa7, 0x59e5, 0x7aa7, 0x7aa7, 0x7aa7, 0xbc2b,
    0x7aa7, 0x59e5, 0x9369, 0x9369, 0x7aa7, 0x9369, 0x59e5, 0x59e5, 0x59e5, 0x7aa7, 0x7aa7, 0x59e5, 0x7aa7, 0x7aa7, 0x7aa7, 0xbc2b,
    0x7aa7, 0x59e5, 0x9369, 0x9369, 0x7aa7, 0x9369, 0x59e5, 0x59e5, 0x59e5, 0x7aa7, 0x7aa7, 0x59e5, 0x7aa7, 0x7aa7, 0x7aa7, 0xbc2b,
    0x7aa7, 0x59e5, 0x9369, 0x9369, 0x7aa7, 0x9369, 0x59e5, 0x59e5, 0x59e5, 0x7aa7, 0x7aa7, 0x59e5, 0x7aa7, 0x7aa7, 0x7aa7, 0xbc2b,
    0x7aa7, 0x59e5, 0x9369, 0x9369, 0x7aa7, 0x9369, 0x59e5, 0x59e5, 0x59e5, 0x7aa7, 0x7aa7, 0x59e5, 0x7aa7, 0x7aa7, 0x7aa7, 0xbc2b,
    0x7aa7, 0x59e5, 0x9369, 0x9369, 0x7aa7, 0x9369, 0x59e5, 0x59e5, 0x59e5, 0x7aa7, 0x7aa7, 0x59e5, 0x7aa7, 0x7aa7, 0x7aa7, 0xbc2b,
    0x7aa7, 0x59e5, 0x9369, 0x9369, 0x7aa7, 0x9369, 0x59e5, 0x59e5, 0x59e5, 0x7aa7, 0x7aa7, 0x59e5, 0x7aa7, 0x7aa7, 0x7aa7, 0xbc2b,
    0x7aa7, 0x59e5, 0x9369, 0x9369, 0x7aa7, 0x9369, 0x59e5, 0x59e5, 0x59e5, 0x7aa7, 0x7aa7, 0x59e5, 0x7aa7, 0x7aa7, 0x7aa7, 0xbc2b,
    0x7aa7, 0x59e5, 0x9369, 0x9369, 0x7aa7, 0x9369, 0x59e5, 0x59e5, 0x59e5, 0x7aa7, 0x7aa7, 0x59e5, 0x7aa7, 0x7aa7, 0x7aa7, 0xbc2b,
    0x7aa7, 0x59e5, 0x9369, 0x9369, 0x7aa7, 0x9369, 0x59e5, 0x59e5, 0x59e5, 0x7aa7, 0x7aa7, 0x59e5, 0x7aa7, 0x7aa7, 0x7aa7, 0xbc2b,
    0x7aa7, 0x59e5, 0x9369, 0x9369, 0x7aa7, 0x9369, 0x59e5, 0x59e5, 0x59e5, 0x7aa7, 0x7aa7, 0x59e5, 0x7aa7, 0x7aa7, 0x7aa7, 0xbc2b,
    0xbc2b, 0x59e5, 0x7aa7, 0x7aa7, 0x8430, 0x7aa7, 0x7aa7, 0xbc2b, 0xbc2b, 0x7aa7, 0xbc2b, 0xbc2b, 0x7aa7, 0x9369, 0x7aa7, 0x9369,
    0xbc2b, 0x59e5, 0x7aa7, 0x7aa7, 0x8430, 0x7aa7, 0x7aa7, 0xbc2b, 0xbc2b, 0x7aa7, 0xbc2b, 0xbc2b, 0x7aa7, 0x9369, 0x7aa7, 0x9369,
    0xbc2b, 0x59e5, 0x7aa7, 0x7aa7, 0x8430, 0x7aa7, 0x7aa7, 0xbc2b, 0xbc2b, 0x7aa7, 0xbc2b, 0xbc2b, 0x7aa7, 0x9369, 0x7aa7, 0x9369,
    0xbc2b, 0x59e5, 0x7aa7, 0x7aa7, 0x8430, 0x7aa7, 0x7aa7, 0xbc2b, 0xbc2b, 0x7aa7, 0xbc2b, 0xbc2b, 0x7aa7, 0x9369, 0x7aa7, 0x9369,
    0xbc2b, 0x59e5, 0x7aa7, 0x7aa7, 0x8430, 0x7aa7, 0x7aa7, 0xbc2b, 0xbc2b, 0x7aa7, 0xbc2b, 0xbc2b, 0x7aa7, 0x9369, 0x7aa7, 0x9369,
    0xbc2b, 0x59e5, 0x7aa7, 0x7aa7, 0x8430, 0x7aa7, 0x7aa7, 0xbc2b, 0xbc2b, 0x7aa7, 0xbc2b, 0xbc2b, 0x7aa7, 0x9369, 0x7aa7, 0x9369,
    0xbc2b, 0x59e5, 0x7aa7, 0x7aa7, 0x8430, 0x7aa7, 0x7aa7, 0xbc2b, 0xbc2b, 0x7aa7, 0xbc2b, 0xbc2b, 0x7aa7, 0x9369, 0x7aa7, 0x9369,
    0xbc2b, 0x59e5, 0x7aa7, 0x7aa7, 0x8430, 0x7aa7, 0x7aa7, 0xbc2b, 0xbc2b, 0x7aa7, 0xbc2b, 0xbc2b, 0x7aa7, 0x9369, 0x7aa7, 0x9369,
    0xbc2b, 0x59e5, 0x7aa7, 0x7aa7, 0x8430, 0x7aa7, 0x7aa7, 0xbc2b, 0xbc2b, 0x7aa7, 0xbc2b, 0xbc2b, 0x7aa7, 0x9369, 0x7aa7, 0x9369,
    0xbc2b, 0x59e5, 0x7aa7, 0x7aa7, 0x8430, 0x7aa7, 0x7aa7, 0xbc2b, 0xbc2b, 0x7aa7, 0xbc2b, 0xbc2b, 0x7aa7, 0x9369, 0x7aa7, 0x9369,
    0xbc2b, 0x59e5, 0x7aa7, 0x7aa7, 0x8430, 0x7aa7, 0x7aa7, 0xbc2b, 0xbc2b, 0x7aa7, 0xbc2b, 0xbc2b, 0x7aa7, 0x9369, 0x7aa7, 0x9369,
    0xbc2b, 0x59e5, 0x7aa7, 0x7aa7, 0x8430, 0x7aa7, 0x7aa7, 0xbc2b, 0xbc2b, 0x7aa7, 0xbc2b, 0xbc2b, 0x7aa7, 0x9369, 0x7aa7, 0x9369,
    0xbc2b, 0x59e5, 0x7aa7, 0x7aa7, 0x8430, 0x7aa7, 0x7aa7, 0xbc2b, 0xbc2b, 0x7aa7, 0xbc2b, 0xbc2b, 0x7aa7, 0x9369, 0x7aa7, 0x9369,
    0xbc2b, 0x59e5, 0x7aa7, 0x7aa7, 0x8430, 0x7aa7, 0x7aa7, 0xbc2b, 0xbc2b, 0x7aa7, 0xbc2b, 0xbc2b, 0x7aa7, 0x9369, 0x7aa7, 0x9369,
    0xbc2b, 0x59e5, 0x7aa7, 0x7aa7, 0x8430, 0x7aa7, 0x7aa7, 0xbc2b, 0xbc2b, 0x7aa7, 0xbc2b, 0xbc2b, 0x7aa7, 0x9369, 0x7aa7, 0x9369,
    0xbc2b, 0x59e5, 0x7aa7, 0x7aa7, 0x8430, 0x7aa7, 0x7aa7, 0xbc2b, 0xbc2b, 0x7aa7, 0xbc2b, 0xbc2b, 0x7aa7, 0x9369, 0x7aa7, 0x9369,
    0xbc2b, 0x59e5, 0x7aa7, 0x7aa7, 0x8430, 0x7aa7, 0x7aa7, 0xbc2b, 0xbc2b, 0x7aa7, 0xbc2b, 0xbc2b, 0x7aa7, 0x9369, 0x7aa7, 0x9369,
    0xbc2b, 0x59e5, 0x7aa7, 0x7aa7, 0x8430, 0x7aa7, 0x7aa7, 0xbc2b, 0xbc2b, 0x7aa7, 0xbc2b, 0xbc2b, 0x7aa7, 0x9369, 0x7aa7, 0x9369,
    0xbc2b, 0x59e5, 0x7aa7, 0x7aa7, 0x8430, 0x7aa7, 0x7aa7, 0xbc2b, 0xbc2b, 0x7aa7, 0xbc2b, 0xbc2b, 0x7aa7, 0x9369, 0x7aa7, 0x9369,
    0xbc2b, 0x59e5, 0x7aa7, 0x7aa7, 0x8430, 0x7aa7, 0x7aa7, 0xbc2b, 0xbc2b, 0x7aa7, 0xbc2b, 0xbc2b, 0x7aa7, 0x9369, 0x7aa7, 0x9369,
    0xbc2b, 0x7aa7, 0xbc2b, 0xbc2b, 0x9369, 0x9369, 0x7aa7, 0x7aa7, 0x9369, 0x59e5, 0x9369, 0x9369, 0x7aa7, 0x7aa7, 0x9369, 0x9369,
    0xbc2b, 0x7aa7, 0xbc2b, 0xbc2b, 0x9369, 0x9369, 0x7aa7, 0x7aa7, 0x9369, 0x59e5, 0x9369, 0x9369, 0x7aa7, 0x7aa7, 0x9369, 0x9369,
    0xbc2b, 0x7aa7, 0xbc2b, 0xbc2b, 0x9369, 0x9369, 0x7aa7, 0x7aa7, 0x9369, 0x59e5, 0x9369, 0x9369, 0x7aa7, 0x7aa7, 0x9369, 0x9369,
    0xbc2b, 0x7aa7, 0xbc2b, 0xbc2b, 0x9369, 0x9369, 0x7aa7, 0x7aa7, 0x9369, 0x59e5, 0x9369, 0x9369, 0x7aa7, 0x7aa7, 0x9369, 0x9369,
    0xbc2b, 0x7aa7, 0xbc2b, 0xbc2b, 0x9369, 0x9369, 0x7aa7, 0x7aa7, 0x9369, 0x59e5, 0x9369, 0x9369, 0x7aa7, 0x7aa7, 0x9369, 0x9369,
    0xbc2b, 0x7aa7, 0xbc2b, 0xbc2b, 0x9369, 0x9369, 0x7aa7, 0x7aa7, 0x9369, 0x59e5, 0x9369, 0x9369, 0x7aa7, 0x7aa7, 0x9369, 0x9369,
    0xbc2b, 0x7aa7, 0xbc2b, 0xbc2b, 0x9369, 0x9369, 0x7aa7, 0x7aa7, 0x9369, 0x59e5, 0x9369, 0x9369, 0x7aa7, 0x7aa7, 0x9369, 0x9369,
    0xbc2b, 0x7aa7, 0xbc2b, 0xbc2b, 0x9369, 0x9369, 0x7aa7, 0x7aa7, 0x9369, 0x59e5, 0x9369, 0x9369, 0x7aa7, 0x7aa7, 0x9369, 0x9369,
    0xbc2b, 0x7aa7, 0xbc2b, 0xbc2b, 0x9369, 0x9369, 0x7aa7, 0x7aa7, 0x9369, 0x59e5, 0x9369, 0x9369, 0x7aa7, 0x7aa7, 0x9369, 0x9369,
    0xbc2b, 0x7aa7, 0xbc2b, 0xbc2b, 0x9369, 0x9369, 0x7aa7, 0x7aa7, 0x9369, 0x59e5, 0x9369, 0x9369, 0x7aa7, 0x7aa7, 0x9369, 0x9369,
    0xbc2b, 0x7aa7, 0xbc2b, 0xbc2b, 0x9369, 0x9369, 0x7aa7, 0x7aa7, 0x9369, 0x59e5, 0x9369, 0x9369, 0x7aa7, 0x7aa7, 0x9369, 0x9369,
    0xbc2b, 0x7aa7, 0xbc2b, 0xbc2b, 0x9369, 0x9369, 0x7aa7, 0x7aa7, 0x9369, 0x59e5, 0x9369, 0x9369, 0x7aa7, 0x7aa7, 0x9369, 0x9369,
    0xbc2b, 0x7aa7, 0xbc2b, 0xbc2b, 0x9369, 0x9369, 0x7aa7, 0x7aa7, 0x9369, 0x59e5, 0x9369, 0x9369, 0x7aa7, 0x7aa7, 0x9369, 0x9369,
    0xbc2b, 0x7aa7, 0xbc2b, 0xbc2b, 0x9369, 0x9369, 0x7aa7, 0x7aa7, 0x9369, 0x59e5, 0x9369, 0x9369, 0x7aa7, 0x7aa7, 0x9369, 0x9369,
    0xbc2b, 0x7aa7, 0xbc2b, 0xbc2b, 0x9369, 0x9369, 0x7aa7, 0x7aa7, 0x9369, 0x59e5, 0x9369, 0x9369, 0x7aa7, 0x7aa7, 0x9369, 0x9369,
    0xbc2b, 0x7aa7, 0xbc2b, 0xbc2b, 0x9369, 0x9369, 0x7aa7, 0x7aa7, 0x9369, 0x59e5, 0x9369, 0x9369, 0x7aa7, 0x7aa7, 0x9369, 0x9369,
    0xbc2b, 0x7aa7, 0xbc2b, 0xbc2b, 0x9369, 0x9369, 0x7aa7, 0x7aa7, 0x9369, 0x59e5, 0x9369, 0x9369, 0x7aa7, 0x7aa7, 0x9369, 0x9369,
    0xbc2b, 0x7aa7, 0xbc2b, 0xbc2b, 0x9369, 0x9369, 0x7aa7, 0x7aa7, 0x9369, 0x59e5, 0x9369, 0x9369, 0x7aa7, 0x7aa7, 0x9369, 0x9369,
    0xbc2b, 0x7aa7, 0xbc2b, 0xbc2b, 0x9369, 0x9369, 0x7aa7, 0x7aa7, 0x9369, 0x59e5, 0x9369, 0x9369, 0x7aa7, 0x7aa7, 0x9369, 0x9369,
    0xbc2b, 0x7aa7, 0xbc2b, 0xbc2b, 0x9369, 0x9369, 0x7aa7, 0x7aa7, 0x9369, 0x59e5, 0x9369, 0x9369, 0x7aa7, 0x7aa7, 0x9369, 0x9369,
    0x9369, 0x7aa7, 0x7aa7, 0x9369, 0x7aa7, 0x9369, 0x7aa7, 0x59e5, 0x7aa7, 0x9369, 0x9369, 0x7aa7, 0x7aa7, 0x7aa7, 0x59e5, 0x7aa7,
    0x9369, 0x7aa7, 0x7aa7, 0x9369, 0x7aa7, 0x9369, 0x7aa7, 0x59e5, 0x7aa7, 0x9369, 0x9369, 0x7aa7, 0x7aa7, 0x7aa7, 0x59e5, 0x7aa7,
    0x9369, 0x7aa7, 0x7aa7, 0x9369, 0x7aa7, 0x9369, 0x7aa7, 0x59e5, 0x7aa7, 0x9369, 0x9369, 0x7aa7, 0x7aa7, 0x7aa7, 0x59e5, 0x7aa7,
    0x9369, 0x7aa7, 0x7aa7, 0x9369, 0x7aa7, 0x9369, 0x7aa7, 0x59e5, 0x7aa7, 0x9369, 0x9369, 0x7aa7, 0x7aa7, 0x7aa7, 0x59e5, 0x7aa7,
    0x9369, 0x7aa7, 0x7aa7, 0x9369, 0x7aa7, 0x9369, 0x7aa7, 0x59e5, 0x7aa7, 0x9369, 0x9369, 0x7aa7, 0x7aa7, 0x7aa7, 0x59e5, 0x7aa7,
    0x9369, 0x7aa7, 0x7aa7, 0x9369, 0x7aa7, 0x9369, 0x7aa7, 0x59e5, 0x7aa7, 0x9369, 0x9369, 0x7aa7, 0x7aa7, 0x7aa7, 0x59e5, 0x7aa7,
    0x9369, 0x7aa7, 0x7aa7, 0x9369, 0x7aa7, 0x9369, 0x7aa7, 0x59e5, 0x7aa7, 0x9369, 0x9369, 0x7aa7, 0x7aa7, 0x7aa7, 0x59e5, 0x7aa7,
    0x9369, 0x7aa7, 0x7aa7, 0x9369, 0x7aa7, 0x9369, 0x7aa7, 0x59e5, 0x7aa7, 0x9369, 0x9369, 0x7aa7, 0x7aa7, 0x7aa7, 0x59e5, 0x7aa7,
    0x9369, 0x7aa7, 0x7aa7, 0x9369, 0x7aa7, 0x9369, 0x7aa7, 0x59e5, 0x7aa7, 0x9369, 0x9369, 0x7aa7, 0x7aa7, 0x7aa7, 0x59e5, 0x7aa7,
    0x9369, 0x7aa7, 0x7aa7, 0x9369, 0x7aa7, 0x9369, 0x7aa7, 0x59e5, 0x7aa7, 0x9369, 0x9369, 0x7aa7, 0x7aa7, 0x7aa7, 0x59e5, 0x7aa7,
    0x9369, 0x7aa7, 0x7aa7, 0x9369, 0x7aa7, 0x9369, 0x7aa7, 0x59e5, 0x7aa7, 0x9369, 0x9369, 0x7aa7, 0x7aa7, 0x7aa7, 0x59e5, 0x7aa7,
    0x9369, 0x7aa7, 0x7aa7, 0x9369, 0x7aa7, 0x9369, 0x7aa7, 0x59e5, 0x7aa7, 0x9369, 0x9369, 0x7aa7, 0x7aa7, 0x7aa7, 0x59e5, 0x7aa7,
    0x9369, 0x7aa7, 0x7aa7, 0x9369, 0x7aa7, 0x9369, 0x7aa7, 0x59e5, 0x7aa7, 0x9369, 0x9369, 0x7aa7, 0x7aa7, 0x7aa7, 0x59e5, 0x7aa7,
    0x9369, 0x7aa7, 0x7aa7, 0x9369, 0x7aa7, 0x9369, 0x7aa7, 0x59e5, 0x7aa7, 0x9369, 0x9369, 0x7aa7, 0x7aa7, 0x7aa7, 0x59e5, 0x7aa7,
    0x9369, 0x7aa7, 0x7aa7, 0x9369, 0x7aa7, 0x9369, 0x7aa7, 0x59e5, 0x7aa7, 0x9369, 0x9369, 0x7aa7, 0x7aa7, 0x7aa7, 0x59e5, 0x7aa7,
    0x9369, 0x7aa7, 0x7aa7, 0x9369, 0x7aa7, 0x9369, 0x7aa7, 0x59e5, 0x7aa7, 0x9369, 0x9369, 0x7aa7, 0x7aa7, 0x7aa7, 0x59e5, 0x7aa7,
    0x9369, 0x7aa7, 0x7aa7, 0x9369, 0x7aa7, 0x9369, 0x7aa7, 0x59e5, 0x7aa7, 0x9369, 0x9369, 0x7aa7, 0x7aa7, 0x7aa7, 0x59e5, 0x7aa7,
    0x9369, 0x7aa7, 0x7aa7, 0x9369, 0x7aa7, 0x9369, 0x7aa7, 0x59e5, 0x7aa7, 0x9369, 0x9369, 0x7aa7, 0x7aa7, 0x7aa7, 0x59e5, 0x7aa7,
    0x9369, 0x7aa7, 0x7aa7, 0x9369, 0x7aa7, 0x9369, 0x7aa7, 0x59e5, 0x7aa7, 0x9369, 0x9369, 0x7aa7, 0x7aa7, 0x7aa7, 0x59e5, 0x7aa7,
    0x9369, 0x7aa7, 0x7aa7, 0x9369, 0x7aa7, 0x9369, 0x7aa7, 0x59e5, 0x7aa7, 0x9369, 0x9369, 0x7aa7, 0x7aa7, 0x7aa7, 0x59e5, 0x7aa7,
    0x9369, 0x9369, 0x59e5, 0x7aa7, 0x7aa7, 0x59e5, 0x59e5, 0x7aa7, 0x7aa7, 0x7aa7, 0x7aa7, 0x7aa7, 0xbc2b, 0xbc2b, 0x7aa7, 0x9369,
    0x9369, 0x9369, 0x59e5, 0x7aa7, 0x7aa7, 0x59e5, 0x59e5, 0x7aa7, 0x7aa7, 0x7aa7, 0x7aa7, 0x7aa7, 0xbc2b, 0xbc2b, 0x7aa7, 0x9369,
    0x9369, 0x9369, 0x59e5, 0x7aa7, 0x7aa7, 0x59e5, 0x59e5, 0x7aa7, 0x7aa7, 0x7aa7, 0x7aa7, 0x7aa7, 0xbc2b, 0xbc2b, 0x7aa7, 0x9369,
    0x9369, 0x9369, 0x59e5, 0x7aa7, 0x7aa7, 0x59e5, 0x59e5, 0x7aa7, 0x7aa7, 0x7aa7, 0x7aa7, 0x7aa7, 0xbc2b, 0xbc2b, 0x7aa7, 0x9369,
    0x9369, 0x9369, 0x59e5, 0x7aa7, 0x7aa7, 0x59e5, 0x59e5, 0x7aa7, 0x7aa7, 0x7aa7, 0x7aa7, 0x7aa7, 0xbc2b, 0xbc2b, 0x7aa7, 0x9369,
    0x9369, 0x9369, 0x59e5, 0x7aa7, 0x7aa7, 0x59e5, 0x59e5, 0x7aa7, 0x7aa7, 0x7aa7, 0x7aa7, 0x7aa7, 0xbc2b, 0xbc2b, 0x7aa7, 0x9369,
    0x9369, 0x9369, 0x59e5, 0x7aa7, 0x7aa7, 0x59e5, 0x59e5, 0x7aa7, 0x7aa7, 0x7aa7, 0x7aa7, 0x7aa7, 0xbc2b, 0xbc2b, 0x7aa7, 0x9369,
    0x9369, 0x9369, 0x59e5, 0x7aa7, 0x7aa7, 0x59e5, 0x59e5, 0x7aa7, 0x7aa7, 0x7aa7, 0x7aa7, 0x7aa7, 0xbc2b, 0xbc2b, 0x7aa7, 0x9369,
    0x9369, 0x9369, 0x59e5, 0x7aa7, 0x7aa7, 0x59e5, 0x59e5, 0x7aa7, 0x7aa7, 0x7aa7, 0x7aa7, 0x7aa7, 0xbc2b, 0xbc2b, 0x7aa7, 0x9369,
    0x9369, 0x9369, 0x59e5, 0x7aa7, 0x7aa7, 0x59e5, 0x59e5, 0x7aa7, 0x7aa7, 0x7aa7, 0x7aa7, 0x7aa7, 0xbc2b, 0xbc2b, 0x7aa7, 0x9369,
    0x9369, 0x9369, 0x59e5, 0x7aa7, 0x7aa7, 0x59e5, 0x59e5, 0x7aa7, 0x7aa7, 0x7aa7, 0x7aa7, 0x7aa7, 0xbc2b, 0xbc2b, 0x7aa7, 0x9369,
    0x9369, 0x9369, 0x59e5, 0x7aa7, 0x7aa7, 0x59e5, 0x59e5, 0x7aa7, 0x7aa7, 0x7aa7, 0x7aa7, 0x7aa7, 0xbc2b, 0xbc2b, 0x7aa7, 0x9369,
    0x9369, 0x9369, 0x59e5, 0x7aa7, 0x7aa7, 0x59e5, 0x59e5, 0x7aa7, 0x7aa7, 0x7aa7, 0x7aa7, 0x7aa7, 0xbc2b, 0xbc2b, 0x7aa7, 0x9369,
    0x9369, 0x9369, 0x59e5, 0x7aa7, 0x7aa7, 0x59e5, 0x59e5, 0x7aa7, 0x7aa7, 0x7aa7, 0x7aa7, 0x7aa7, 0xbc2b, 0xbc2b, 0x7aa7, 0x9369,
    0x9369, 0x9369, 0x59e5, 0x7aa7, 0x7aa7, 0x59e5, 0x59e5, 0x7aa7, 0x7aa7, 0x7aa7, 0x7aa7, 0x7aa7, 0xbc2b, 0xbc2b, 0x7aa7, 0x9369,
    0x9369, 0x9369, 0x59e5, 0x7aa7, 0x7aa7, 0x59e5, 0x59e5, 0x7aa7, 0x7aa7, 0x7aa7, 0x7aa7, 0x7aa7, 0xbc2b, 0xbc2b, 0x7aa7, 0x9369,
    0x9369, 0x9369, 0x59e5, 0x7aa7, 0x7aa7, 0x59e5, 0x59e5, 0x7aa7, 0x7aa7, 0x7aa7, 0x7aa7, 0x7aa7, 0xbc2b, 0xbc2b, 0x7aa7, 0x9369,
    0x9369, 0x9369, 0x59e5, 0x7aa7, 0x7aa7, 0x59e5, 0x59e5, 0x7aa7, 0x7aa7, 0x7aa7, 0x7aa7, 0x7aa7, 0xbc2b, 0xbc2b, 0x7aa7, 0x9369,
    0x9369, 0x9369, 0x59e5, 0x7aa7, 0x7aa7, 0x59e5, 0x59e5, 0x7aa7, 0x7aa7, 0x7aa7, 0x7aa7, 0x7aa7, 0xbc2b, 0xbc2b, 0x7aa7, 0x9369,
    0x9369, 0x9369, 0x59e5, 0x7aa7, 0x7aa7, 0x59e5, 0x59e5, 0x7aa7, 0x7aa7, 0x7aa7, 0x7aa7, 0x7aa7, 0xbc2b, 0xbc2b, 0x7aa7, 0x9369,
    0x9369, 0x9369, 0x7aa7, 0xbc2b, 0xbc2b, 0x7aa7, 0xbc2b, 0x9369, 0x59e5, 0xbc2b, 0xbc2b, 0x7aa7, 0x9369, 0x9369, 0x8430, 0x7aa7,
    0x9369, 0x9369, 0x7aa7, 0xbc2b, 0xbc2b, 0x7aa7, 0xbc2b, 0x9369, 0x59e5, 0xbc2b, 0xbc2b, 0x7aa7, 0x9369, 0x9369, 0x8430, 0x7aa7,
    0x9369, 0x9369, 0x7aa7, 0xbc2b, 0xbc2b, 0x7aa7, 0xbc2b, 0x9369, 0x59e5, 0xbc2b, 0xbc2b, 0x7aa7, 0x9369, 0x9369, 0x8430, 0x7aa7,
    0x9369, 0x9369, 0x7aa7, 0xbc2b, 0xbc2b, 0x7aa7, 0xbc2b, 0x9369, 0x59e5, 0xbc2b, 0xbc2b, 0x7aa7, 0x9369, 0x9369, 0x8430, 0x7aa7,
    0x9369, 0x9369, 0x7aa7, 0xbc2b, 0xbc2b, 0x7aa7, 0xbc2b, 0x9369, 0x59e5, 0xbc2b, 0xbc2b, 0x7aa7, 0x9369, 0x9369, 0x8430, 0x7aa7,
    0x9369, 0x9369, 0x7aa7, 0xbc2b, 0xbc2b, 0x7aa7, 0xbc2b, 0x9369, 0x59e5, 0xbc2b, 0xbc2b, 0x7aa7, 0x9369, 0x9369, 0x8430, 0x7aa7,
    0x9369, 0x9369, 0x7aa7, 0xbc2b, 0xbc2b, 0x7aa7, 0xbc2b, 0x9369, 0x59e5, 0xbc2b, 0xbc2b, 0x7aa7, 0x9369, 0x9369, 0x8430, 0x7aa7,
    0x9369, 0x9369, 0x7aa7, 0xbc2b, 0xbc2b, 0x7aa7, 0xbc2b, 0x9369, 0x59e5, 0xbc2b, 0xbc2b, 0x7aa7, 0x9369, 0x9369, 0x8430, 0x7aa7,
    0x9369, 0x9369, 0x7aa7, 0xbc2b, 0xbc2b, 0x7aa7, 0xbc2b, 0x9369, 0x59e5, 0xbc2b, 0xbc2b, 0x7aa7, 0x9369, 0x9369, 0x8430, 0x7aa7,
    0x9369, 0x9369, 0x7aa7, 0xbc2b, 0xbc2b, 0x7aa7, 0xbc2b, 0x9369, 0x59e5, 0xbc2b, 0xbc2b, 0x7aa7, 0x9369, 0x9369, 0x8430, 0x7aa7,
    0x9369, 0x9369, 0x7aa7, 0xbc2b, 0xbc2b, 0x7aa7, 0xbc2b, 0x9369, 0x59e5, 0xbc2b, 0xbc2b, 0x7aa7, 0x9369, 0x9369, 0x8430, 0x7aa7,
    0x9369, 0x9369, 0x7aa7, 0xbc2b, 0xbc2b, 0x7aa7, 0xbc2b, 0x9369, 0x59e5, 0xbc2b, 0xbc2b, 0x7aa7, 0x9369, 0x9369, 0x8430, 0x7aa7,
    0x9369, 0x9369, 0x7aa7, 0xbc2b, 0xbc2b, 0x7aa7, 0xbc2b, 0x9369, 0x59e5, 0xbc2b, 0xbc2b, 0x7aa7, 0x9369, 0x9369, 0x8430, 0x7aa7,
    0x9369, 0x9369, 0x7aa7, 0xbc2b, 0xbc2b, 0x7aa7, 0xbc2b, 0x9369, 0x59e5, 0xbc2b, 0xbc2b, 0x7aa7, 0x9369, 0x9369, 0x8430, 0x7aa7,
    0x9369, 0x9369, 0x7aa7, 0xbc2b, 0xbc2b, 0x7aa7, 0xbc2b, 0x9369, 0x59e5, 0xbc2b, 0xbc2b, 0x7aa7, 0x9369, 0x9369, 0x8430, 0x7aa7,
    0x9369, 0x9369, 0x7aa7, 0xbc2b, 0xbc2b, 0x7aa7, 0xbc2b, 0x9369, 0x59e5, 0xbc2b, 0xbc2b, 0x7aa7, 0x9369, 0x9369, 0x8430, 0x7aa7,
    0x9369, 0x9369, 0x7aa7, 0xbc2b, 0xbc2b, 0x7aa7, 0xbc2b, 0x9369, 0x59e5, 0xbc2b, 0xbc2b, 0x7aa7, 0x9369, 0x9369, 0x8430, 0x7aa7,
    0x9369, 0x9369, 0x7aa7, 0xbc2b, 0xbc2b, 0x7aa7, 0xbc2b, 0x9369, 0x59e5, 0xbc2b, 0xbc2b, 0x7aa7, 0x9369, 0x9369, 0x8430, 0x7aa7,
    0x9369, 0x9369, 0x7aa7, 0xbc2b, 0xbc2b, 0x7aa7, 0xbc2b, 0x9369, 0x59e5, 0xbc2b, 0xbc2b, 0x7aa7, 0x9369, 0x9369, 0x8430, 0x7aa7,
    0x9369, 0x9369, 0x7aa7, 0xbc2b, 0xbc2b, 0x7aa7, 0xbc2b, 0x9369, 0x59e5, 0xbc2b, 0xbc2b, 0x7aa7, 0x9369, 0x9369, 0x8430, 0x7aa7,
    0x9369, 0x7aa7, 0x7aa7, 0x9369, 0x9369, 0xbc2b, 0x7aa7, 0x9369, 0x6b6d, 0x9369, 0x9369, 0x7aa7, 0x59e5, 0x9369, 0x7aa7, 0x59e5,
    0x9369, 0x7aa7, 0x7aa7, 0x9369, 0x9369, 0xbc2b, 0x7aa7, 0x9369, 0x6b6d, 0x9369, 0x9369, 0x7aa7, 0x59e5, 0x9369, 0x7aa7, 0x59e5,
    0x9369, 0x7aa7, 0x7aa7, 0x9369, 0x9369, 0xbc2b, 0x7aa7, 0x9369, 0x6b6d, 0x9369, 0x9369, 0x7aa7, 0x59e5, 0x9369, 0x7aa7, 0x59e5,
    0x9369, 0x7aa7, 0x7aa7, 0x9369, 0x9369, 0xbc2b, 0x7aa7, 0x9369, 0x6b6d, 0x9369, 0x9369, 0x7aa7, 0x59e5, 0x9369, 0x7aa7, 0x59e5,
    0x9369, 0x7aa7, 0x7aa7, 0x9369, 0x9369, 0xbc2b, 0x7aa7, 0x9369, 0x6b6d, 0x9369, 0x9369, 0x7aa7, 0x59e5, 0x9369, 0x7aa7, 0x59e5,
    0x9369, 0x7aa7, 0x7aa7, 0x9369, 0x9369, 0xbc2b, 0x7aa7, 0x9369, 0x6b6d, 0x9369, 0x9369, 0x7aa7, 0x59e5, 0x9369, 0x7aa7, 0x59e5,
    0x9369, 0x7aa7, 0x7aa7, 0x9369, 0x9369, 0xbc2b, 0x7aa7, 0x9369, 0x6b6d, 0x9369, 0x9369, 0x7aa7, 0x59e5, 0x9369, 0x7aa7, 0x59e5,
    0x9369, 0x7aa7, 0x7aa7, 0x9369, 0x9369, 0xbc2b, 0x7aa7, 0x9369, 0x6b6d, 0x9369, 0x9369, 0x7aa7, 0x59e5, 0x9369, 0x7aa7, 0x59e5,
    0x9369, 0x7aa7, 0x7aa7, 0x9369, 0x9369, 0xbc2b, 0x7aa7, 0x9369, 0x6b6d, 0x9369, 0x9369, 0x7aa7, 0x59e5, 0x9369, 0x7aa7, 0x59e5,
    0x9369, 0x7aa7, 0x7aa7, 0x9369, 0x9369, 0xbc2b, 0x7aa7, 0x9369, 0x6b6d, 0x9369, 0x9369, 0x7aa7, 0x59e5, 0x9369, 0x7aa7, 0x59e5,
    0x9369, 0x7aa7, 0x7aa7, 0x9369, 0x9369, 0xbc2b, 0x7aa7, 0x9369, 0x6b6d, 0x9369, 0x9369, 0x7aa7, 0x59e5, 0x9369, 0x7aa7, 0x59e5,
    0x9369, 0x7aa7, 0x7aa7, 0x9369, 0x9369, 0xbc2b, 0x7aa7, 0x9369, 0x6b6d, 0x9369, 0x9369, 0x7aa7, 0x59e5, 0x9369, 0x7aa7, 0x59e5,
    0x9369, 0x7aa7, 0x7aa7, 0x9369, 0x9369, 0xbc2b, 0x7aa7, 0x9369, 0x6b6d, 0x9369, 0x9369, 0x7aa7, 0x59e5, 0x9369, 0x7aa7, 0x59e5,
    0x9369, 0x7aa7, 0x7aa7, 0x9369, 0x9369, 0xbc2b, 0x7aa7, 0x9369, 0x6b6d, 0x9369, 0x9369, 0x7aa7, 0x59e5, 0x9369, 0x7aa7, 0x59e5,
    0x9369, 0x7aa7, 0x7aa7, 0x9369, 0x9369, 0xbc2b, 0x7aa7, 0x9369, 0x6b6d, 0x9369, 0x9369, 0x7aa7, 0x59e5, 0x9369, 0x7aa7, 0x59e5,
    0x9369, 0x7aa7, 0x7aa7, 0x9369, 0x9369, 0xbc2b, 0x7aa7, 0x9369, 0x6b6d, 0x9369, 0x9369, 0x7aa7, 0x59e5, 0x9369, 0x7aa7, 0x59e5,
    0x9369, 0x7aa7, 0x7aa7, 0x9369, 0x9369, 0xbc2b, 0x7aa7, 0x9369, 0x6b6d, 0x9369, 0x9369, 0x7aa7, 0x59e5, 0x9369, 0x7aa7, 0x59e5,
    0x9369, 0x7aa7, 0x7aa7, 0x9369, 0x9369, 0xbc2b, 0x7aa7, 0x9369, 0x6b6d, 0x9369, 0x9369, 0x7aa7, 0x59e5, 0x9369, 0x7aa7, 0x59e5,
    0x9369, 0x7aa7, 0x7aa7, 0x9369, 0x9369, 0xbc2b, 0x7aa7, 0x9369, 0x6b6d, 0x9369, 0x9369, 0x7aa7, 0x59e5, 0x9369, 0x7aa7, 0x59e5,
    0x9369, 0x7aa7, 0x7aa7, 0x9369, 0x9369, 0xbc2b, 0x7aa7, 0x9369, 0x6b6d, 0x9369, 0x9369, 0x7aa7, 0x59e5, 0x9369, 0x7aa7, 0x59e5,
    0x7aa7, 0x59e5, 0x9369, 0x7aa7, 0x9369, 0x9369, 0xbc2b, 0x7aa7, 0x7aa7, 0x7aa7, 0x7aa7, 0x7aa7, 0x7aa7, 0x7aa7, 0xbc2b, 0xbc2b,
    0x7aa7, 0x59e5, 0x9369, 0x7aa7, 0x9369, 0x9369, 0xbc2b, 0x7aa7, 0x7aa7, 0x7aa7, 0x7aa7, 0x7aa7, 0x7aa7, 0x7aa7, 0xbc2b, 0xbc2b,
    0x7aa7, 0x59e5, 0x9369, 0x7aa7, 0x9369, 0x9369, 0xbc2b, 0x7aa7, 0x7aa7, 0x7aa7, 0x7aa7, 0x7aa7, 0x7aa7, 0x7aa7, 0xbc2b, 0xbc2b,
    0x7aa7, 0x59e5, 0x9369, 0x7aa7, 0x9369, 0x9369, 0xbc2b, 0x7aa7, 0x7aa7, 0x7aa7, 0x7aa7, 0x7aa7, 0x7aa7, 0x7aa7, 0xbc2b, 0xbc2b,
    0x7aa7, 0x59e5, 0x9369, 0x7aa7, 0x9369, 0x9369, 0xbc2b, 0x7aa7, 0x7aa7, 0x7aa7, 0x7aa7, 0x7aa7, 0x7aa7, 0x7aa7, 0xbc2b, 0xbc2b,
    0x7aa7, 0x59e5, 0x9369, 0x7aa7, 0x9369, 0x9369, 0xbc2b, 0x7aa7, 0x7aa7, 0x7aa7, 0x7aa7, 0x7aa7, 0x7aa7, 0x7aa7, 0xbc2b, 0xbc2b,
    0x7aa7, 0x59e5, 0x9369, 0x7aa7, 0x9369, 0x9369, 0xbc2b, 0x7aa7, 0x7aa7, 0x7aa7, 0x7aa7, 0x7aa7, 0x7aa7, 0x7aa7, 0xbc2b, 0xbc2b,
    0x7aa7, 0x59e5, 0x9369, 0x7aa7, 0x9369, 0x9369, 0xbc2b, 0x7aa7, 0x7aa7, 0x7aa7, 0x7aa7, 0x7aa7, 0x7aa7, 0x7aa7, 0xbc2b, 0xbc2b,
    0x7aa7, 0x59e5, 0x9369, 0x7aa7, 0x9369, 0x9369, 0xbc2b, 0x7aa7, 0x7aa7, 0x7aa7, 0x7aa7, 0x7aa7, 0x7aa7, 0x7aa7, 0xbc2b, 0xbc2b,
    0x7aa7, 0x59e5, 0x9369, 0x7aa7, 0x9369, 0x9369, 0xbc2b, 0x7aa7, 0x7aa7, 0x7aa7, 0x7aa7, 0x7aa7, 0x7aa7, 0x7aa7, 0xbc2b, 0xbc2b,
    0x7aa7, 0x59e5, 0x9369, 0x7aa7, 0x9369, 0x9369, 0xbc2b, 0x7aa7, 0x7aa7, 0x7aa7, 0x7aa7, 0x7aa7, 0x7aa7, 0x7aa7, 0xbc2b, 0xbc2b,
    0x7aa7, 0x59e5, 0x9369, 0x7aa7, 0x9369, 0x9369, 0xbc2b, 0x7aa7, 0x7aa7, 0x7aa7, 0x7aa7, 0x7aa7, 0x7aa7, 0x7aa7, 0xbc2b, 0xbc2b,
    0x7aa7, 0x59e5, 0x9369, 0x7aa7, 0x9369, 0x9369, 0xbc2b, 0x7aa7, 0x7aa7, 0x7aa7, 0x7aa7, 0x7aa7, 0x7aa7, 0x7aa7, 0xbc2b, 0xbc2b,
    0x7aa7, 0x59e5, 0x9369, 0x7aa7, 0x9369, 0x9369, 0xbc2b, 0x7aa7, 0x7aa7, 0x7aa7, 0x7aa7, 0x7aa7, 0x7aa7, 0x7aa7, 0xbc2b, 0xbc2b,
    0x7aa7, 0x59e5, 0x9369, 0x7aa7, 0x9369, 0x9369, 0xbc2b, 0x7aa7, 0x7aa7, 0x7aa7, 0x7aa7, 0x7aa7, 0x7aa7, 0x7aa7, 0xbc2b, 0xbc2b,
    0x7aa7, 0x59e5, 0x9369, 0x7aa7, 0x9369, 0x9369, 0xbc2b, 0x7aa7, 0x7aa7, 0x7aa7, 0x7aa7, 0x7aa7, 0x7aa7, 0x7aa7, 0xbc2b, 0xbc2b,
    0x7aa7, 0x59e5, 0x9369, 0x7aa7, 0x9369, 0x9369, 0xbc2b, 0x7aa7, 0x7aa7, 0x7aa7, 0x7aa7, 0x7aa7, 0x7aa7, 0x7aa7, 0xbc2b, 0xbc2b,
    0x7aa7, 0x59e5, 0x9369, 0x7aa7, 0x9369, 0x9369, 0xbc2b, 0x7aa7, 0x7aa7, 0x7aa7, 0x7aa7, 0x7aa7, 0x7aa7, 0x7aa7, 0xbc2b, 0xbc2b,
    0x7aa7, 0x59e5, 0x9369, 0x7aa7, 0x9369, 0x9369, 0xbc2b, 0x7aa7, 0x7aa7, 0x7aa7, 0x7aa7, 0x7aa7, 0x7aa7, 0x7aa7, 0xbc2b, 0xbc2b,
    0x7aa7, 0x59e5, 0x9369, 0x7aa7, 0x9369, 0x9369, 0xbc2b, 0x7aa7, 0x7aa7, 0x7aa7, 0x7aa7, 0x7aa7, 0x7aa7, 0x7aa7, 0xbc2b, 0xbc2b,
    0x7aa7, 0x9369, 0x7aa7, 0x7aa7, 0x72c8, 0x7aa7, 0x9369, 0x9369, 0x7aa7, 0x59e5, 0xbc2b, 0x59e5, 0x7aa7, 0xbc2b, 0x9369, 0x9369,
    0x7aa7, 0x9369, 0x7aa7, 0x7aa7, 0x72c8, 0x7aa7, 0x9369, 0x9369, 0x7aa7, 0x59e5, 0xbc2b, 0x59e5, 0x7aa7, 0xbc2b, 0x9369, 0x9369,
    0x7aa7, 0x9369, 0x7aa7, 0x7aa7, 0x72c8, 0x7aa7, 0x9369, 0x9369, 0x7aa7, 0x59e5, 0xbc2b, 0x59e5, 0x7aa7, 0xbc2b, 0x9369, 0x9369,
    0x7aa7, 0x9369, 0x7aa7, 0x7aa7, 0x72c8, 0x7aa7, 0x9369, 0x9369, 0x7aa7, 0x59e5, 0xbc2b, 0x59e5, 0x7aa7, 0xbc2b, 0x9369, 0x9369,
    0x7aa7, 0x9369, 0x7aa7, 0x7aa7, 0x72c8, 0x7aa7, 0x9369, 0x9369, 0x7aa7, 0x59e5, 0xbc2b, 0x59e5, 0x7aa7, 0xbc2b, 0x9369, 0x9369,
    0x7aa7, 0x9369, 0x7aa7, 0x7aa7, 0x72c8, 0x7aa7, 0x9369, 0x9369, 0x7aa7, 0x59e5, 0xbc2b, 0x59e5, 0x7aa7, 0xbc2b, 0x9369, 0x9369,
    0x7aa7, 0x9369, 0x7aa7, 0x7aa7, 0x72c8, 0x7aa7, 0x9369, 0x9369, 0x7aa7, 0x59e5, 0xbc2b, 0x59e5, 0x7aa7, 0xbc2b, 0x9369, 0x9369,
    0x7aa7, 0x9369, 0x7aa7, 0x7aa7, 0x72c8, 0x7aa7, 0x9369, 0x9369, 0x7aa7, 0x59e5, 0xbc2b, 0x59e5, 0x7aa7, 0xbc2b, 0x9369, 0x9369,
    0x7aa7, 0x9369, 0x7aa7, 0x7aa7, 0x72c8, 0x7aa7, 0x9369, 0x9369, 0x7aa7, 0x59e5, 0xbc2b, 0x59e5, 0x7aa7, 0xbc2b, 0x9369, 0x9369,
    0x7aa7, 0x9369, 0x7aa7, 0x7aa7, 0x72c8, 0x7aa7, 0x9369, 0x9369, 0x7aa7, 0x59e5, 0xbc2b, 0x59e5, 0x7aa7, 0xbc2b, 0x9369, 0x9369,
    0x7aa7, 0x9369, 0x7aa7, 0x7aa7, 0x72c8, 0x7aa7, 0x9369, 0x9369, 0x7aa7, 0x59e5, 0xbc2b, 0x59e5, 0x7aa7, 0xbc2b, 0x9369, 0x9369,
    0x7aa7, 0x9369, 0x7aa7, 0x7aa7, 0x72c8, 0x7aa7, 0x9369, 0x9369, 0x7aa7, 0x59e5, 0xbc2b, 0x59e5, 0x7aa7, 0xbc2b, 0x9369, 0x9369,
    0x7aa7, 0x9369, 0x7aa7, 0x7aa7, 0x72c8, 0x7aa7, 0x9369, 0x9369, 0x7aa7, 0x59e5, 0xbc2b, 0x59e5, 0x7aa7, 0xbc2b, 0x9369, 0x9369,
    0x7aa7, 0x9369, 0x7aa7, 0x7aa7, 0x72c8, 0x7aa7, 0x9369, 0x9369, 0x7aa7, 0x59e5, 0xbc2b, 0x59e5, 0x7aa7, 0xbc2b, 0x9369, 0x9369,
    0x7aa7, 0x9369, 0x7aa7, 0x7aa7, 0x72c8, 0x7aa7, 0x9369, 0x9369, 0x7aa7, 0x59e5, 0xbc2b, 0x59e5, 0x7aa7, 0xbc2b, 0x9369, 0x9369,
    0x7aa7, 0x9369, 0x7aa7, 0x7aa7, 0x72c8, 0x7aa7, 0x9369, 0x9369, 0x7aa7, 0x59e5, 0xbc2b, 0x59e5, 0x7aa7, 0xbc2b, 0x9369, 0x9369,
    0x7aa7, 0x9369, 0x7aa7, 0x7aa7, 0x72c8, 0x7aa7, 0x9369, 0x9369, 0x7aa7, 0x59e5, 0xbc2b, 0x59e5, 0x7aa7, 0xbc2b, 0x9369, 0x9369,
    0x7aa7, 0x9369, 0x7aa7, 0x7aa7, 0x72c8, 0x7aa7, 0x9369, 0x9369, 0x7aa7, 0x59e5, 0xbc2b, 0x59e5, 0x7aa7, 0xbc2b, 0x9369, 0x9369,
    0x7aa7, 0x9369, 0x7aa7, 0x7aa7, 0x72c8, 0x7aa7, 0x9369, 0x9369, 0x7aa7, 0x59e5, 0xbc2b, 0x59e5, 0x7aa7, 0xbc2b, 0x9369, 0x9369,
    0x7aa7, 0x9369, 0x7aa7, 0x7aa7, 0x72c8, 0x7aa7, 0x9369, 0x9369, 0x7aa7, 0x59e5, 0xbc2b, 0x59e5, 0x7aa7, 0xbc2b, 0x9369, 0x9369,
    0x9369, 0x7aa7, 0x59e5, 0xbc2b, 0x7aa7, 0x59e5, 0x7aa7, 0x59e5, 0x7aa7, 0x7aa7, 0x7aa7, 0x59e5, 0x7aa7, 0x7aa7, 0x9369, 0x9369,
    0x9369, 0x7aa7, 0x59e5, 0xbc2b, 0x7aa7, 0x59e5, 0x7aa7, 0x59e5, 0x7aa7, 0x7aa7, 0x7aa7, 0x59e5, 0x7aa7, 0x7aa7, 0x9369, 0x9369,
    0x9369, 0x7aa7, 0x59e5, 0xbc2b, 0x7aa7, 0x59e5, 0x7aa7, 0x59e5, 0x7aa7, 0x7aa7, 0x7aa7, 0x59e5, 0x7aa7, 0x7aa7, 0x9369, 0x9369,
    0x9369, 0x7aa7, 0x59e5, 0xbc2b, 0x7aa7, 0x59e5, 0x7aa7, 0x59e5, 0x7aa7, 0x7aa7, 0x7aa7, 0x59e5, 0x7aa7, 0x7aa7, 0x9369, 0x9369,
    0x9369, 0x7aa7, 0x59e5, 0xbc2b, 0x7aa7, 0x59e5, 0x7aa7, 0x59e5, 0x7aa7, 0x7aa7, 0x7aa7, 0x59e5, 0x7aa7, 0x7aa7, 0x9369, 0x9369,
    0x9369, 0x7aa7, 0x59e5, 0xbc2b, 0x7aa7, 0x59e5, 0x7aa7, 0x59e5, 0x7aa7, 0x7aa7, 0x7aa7, 0x59e5, 0x7aa7, 0x7aa7, 0x9369, 0x9369,
    0x9369, 0x7aa7, 0x59e5, 0xbc2b, 0x7aa7, 0x59e5, 0x7aa7, 0x59e5, 0x7aa7, 0x7aa7, 0x7aa7, 0x59e5, 0x7aa7, 0x7aa7, 0x9369, 0x9369,
    0x9369, 0x7aa7, 0x59e5, 0xbc2b, 0x7aa7, 0x59e5, 0x7aa7, 0x59e5, 0x7aa7, 0x7aa7, 0x7aa7, 0x59e5, 0x7aa7, 0x7aa7, 0x9369, 0x9369,
    0x9369, 0x7aa7, 0x59e5, 0xbc2b, 0x7aa7, 0x59e5, 0x7aa7, 0x59e5, 0x7aa7, 0x7aa7, 0x7aa7, 0x59e5, 0x7aa7, 0x7aa7, 0x9369, 0x9369,
    0x9369, 0x7aa7, 0x59e5, 0xbc2b, 0x7aa7, 0x59e5, 0x7aa7, 0x59e5, 0x7aa7, 0x7aa7, 0x7aa7, 0x59e5, 0x7aa7, 0x7aa7, 0x9369, 0x9369,
    0x9369, 0x7aa7, 0x59e5, 0xbc2b, 0x7aa7, 0x59e5, 0x7aa7, 0x59e5, 0x7aa7, 0x7aa7, 0x7aa7, 0x59e5, 0x7aa7, 0x7aa7, 0x9369, 0x9369,
    0x9369, 0x7aa7, 0x59e5, 0xbc2b, 0x7aa7, 0x59e5, 0x7aa7, 0x59e5, 0x7aa7, 0x7aa7, 0x7aa7, 0x59e5, 0x7aa7, 0x7aa7, 0x9369, 0x9369,
    0x9369, 0x7aa7, 0x59e5, 0xbc2b, 0x7aa7, 0x59e5, 0x7aa7, 0x59e5, 0x7aa7, 0x7aa7, 0x7aa7, 0x59e5, 0x7aa7, 0x7aa7, 0x9369, 0x9369,
    0x9369, 0x7aa7, 0x59e5, 0xbc2b, 0x7aa7, 0x59e5, 0x7aa7, 0x59e5, 0x7aa7, 0x7aa7, 0x7aa7, 0x59e5, 0x7aa7, 0x7aa7, 0x9369, 0x9369,
    0x9369, 0x7aa7, 0x59e5, 0xbc2b, 0x7aa7, 0x59e5, 0x7aa7, 0x59e5, 0x7aa7, 0x7aa7, 0x7aa7, 0x59e5, 0x7aa7, 0x7aa7, 0x9369, 0x9369,
    0x9369, 0x7aa7, 0x59e5, 0xbc2b, 0x7aa7, 0x59e5, 0x7aa7, 0x59e5, 0x7aa7, 0x7aa7, 0x7aa7, 0x59e5, 0x7aa7, 0x7aa7, 0x9369, 0x9369,
    0x9369, 0x7aa7, 0x59e5, 0xbc2b, 0x7aa7, 0x59e5, 0x7aa7, 0x59e5, 0x7aa7, 0x7aa7, 0x7aa7, 0x59e5, 0x7aa7, 0x7aa7, 0x9369, 0x9369,
    0x9369, 0x7aa7, 0x59e5, 0xbc2b, 0x7aa7, 0x59e5, 0x7aa7, 0x59e5, 0x7aa7, 0x7aa7, 0x7aa7, 0x59e5, 0x7aa7, 0x7aa7, 0x9369, 0x9369,
    0x9369, 0x7aa7, 0x59e5, 0xbc2b, 0x7aa7, 0x59e5, 0x7aa7, 0x59e5, 0x7aa7, 0x7aa7, 0x7aa7, 0x59e5, 0x7aa7, 0x7aa7, 0x9369, 0x9369,
    0x9369, 0x7aa7, 0x59e5, 0xbc2b, 0x7aa7, 0x59e5, 0x7aa7, 0x59e5, 0x7aa7, 0x7aa7, 0x7aa7, 0x59e5, 0x7aa7, 0x7aa7, 0x9369, 0x9369,
    0x9369, 0x7aa7, 0xbc2b, 0x9369, 0x9369, 0x7aa7, 0x8430, 0x9369, 0x9369, 0x9369, 0x7aa7, 0x7aa7, 0x9369, 0x9369, 0x7aa7, 0x59e5,
    0x9369, 0x7aa7, 0xbc2b, 0x9369, 0x9369, 0x7aa7, 0x8430, 0x9369, 0x9369, 0x9369, 0x7aa7, 0x7aa7, 0x9369, 0x9369, 0x7aa7, 0x59e5,
    0x9369, 0x7aa7, 0xbc2b, 0x9369, 0x9369, 0x7aa7, 0x8430, 0x9369, 0x9369, 0x9369, 0x7aa7, 0x7aa7, 0x9369, 0x9369, 0x7aa7, 0x59e5,
    0x9369, 0x7aa7, 0xbc2b, 0x9369, 0x9369, 0x7aa7, 0x8430, 0x9369, 0x9369, 0x9369, 0x7aa7, 0x7aa7, 0x9369, 0x9369, 0x7aa7, 0x59e5,
    0x9369, 0x7aa7, 0xbc2b, 0x9369, 0x9369, 0x7aa7, 0x8430, 0x9369, 0x9369, 0x9369, 0x7aa7, 0x7aa7, 0x9369, 0x9369, 0x7aa7, 0x59e5,
    0x9369, 0x7aa7, 0xbc2b, 0x9369, 0x9369, 0x7aa7, 0x8430, 0x9369, 0x9369, 0x9369, 0x7aa7, 0x7aa7, 0x9369, 0x9369, 0x7aa7, 0x59e5,
    0x9369, 0x7aa7, 0xbc2b, 0x9369, 0x9369, 0x7aa7, 0x8430, 0x9369, 0x9369, 0x9369, 0x7aa7, 0x7aa7, 0x9369, 0x9369, 0x7aa7, 0x59e5,
    0x9369, 0x7aa7, 0xbc2b, 0x9369, 0x9369, 0x7aa7, 0x8430, 0x9369, 0x9369, 0x9369, 0x7aa7, 0x7aa7, 0x9369, 0x9369, 0x7aa7, 0x59e5,
    0x9369, 0x7aa7, 0xbc2b, 0x9369, 0x9369, 0x7aa7, 0x8430, 0x9369, 0x9369, 0x9369, 0x7aa7, 0x7aa7, 0x9369, 0x9369, 0x7aa7, 0x59e5,
    0x9369, 0x7aa7, 0xbc2b, 0x9369, 0x9369, 0x7aa7, 0x8430, 0x9369, 0x9369, 0x9369, 0x7aa7, 0x7aa7, 0x9369, 0x9369, 0x7aa7, 0x59e5,
    0x9369, 0x7aa7, 0xbc2b, 0x9369, 0x9369, 0x7aa7, 0x8430, 0x9369, 0x9369, 0x9369, 0x7aa7, 0x7aa7, 0x9369, 0x9369, 0x7aa7, 0x59e5,
    0x9369, 0x7aa7, 0xbc2b, 0x9369, 0x9369, 0x7aa7, 0x8430, 0x9369, 0x9369, 0x9369, 0x7aa7, 0x7aa7, 0x9369, 0x9369, 0x7aa7, 0x59e5,
    0x9369, 0x7aa7, 0xbc2b, 0x9369, 0x9369, 0x7aa7, 0x8430, 0x9369, 0x9369, 0x9369, 0x7aa7, 0x7aa7, 0x9369, 0x9369, 0x7aa7, 0x59e5,
    0x9369, 0x7aa7, 0xbc2b, 0x9369, 0x9369, 0x7aa7, 0x8430, 0x9369, 0x9369, 0x9369, 0x7aa7, 0x7aa7, 0x9369, 0x9369, 0x7aa7, 0x59e5,
    0x9369, 0x7aa7, 0xbc2b, 0x9369, 0x9369, 0x7aa7, 0x8430, 0x9369, 0x9369, 0x9369, 0x7aa7, 0x7aa7, 0x9369, 0x9369, 0x7aa7, 0x59e5,
    0x9369, 0x7aa7, 0xbc2b, 0x9369, 0x9369, 0x7aa7, 0x8430, 0x9369, 0x9369, 0x9369, 0x7aa7, 0x7aa7, 0x9369, 0x9369, 0x7aa7, 0x59e5,
    0x9369, 0x7aa7, 0xbc2b, 0x9369, 0x9369, 0x7aa7, 0x8430, 0x9369, 0x9369, 0x9369, 0x7aa7, 0x7aa7, 0x9369, 0x9369, 0x7aa7, 0x59e5,
    0x9369, 0x7aa7, 0xbc2b, 0x9369, 0x9369, 0x7aa7, 0x8430, 0x9369, 0x9369, 0x9369, 0x7aa7, 0x7aa7, 0x9369, 0x9369, 0x7aa7, 0x59e5,
    0x9369, 0x7aa7, 0xbc2b, 0x9369, 0x9369, 0x7aa7, 0x8430, 0x9369, 0x9369, 0x9369, 0x7aa7, 0x7aa7, 0x9369, 0x9369, 0x7aa7, 0x59e5,
    0x9369, 0x7aa7, 0xbc2b, 0x9369, 0x9369, 0x7aa7, 0x8430, 0x9369, 0x9369, 0x9369, 0x7aa7, 0x7aa7, 0x9369, 0x9369, 0x7aa7, 0x59e5,
    0xbc2b, 0x9369, 0x9369, 0x7aa7, 0x7aa7, 0xbc2b, 0x9369, 0x9369, 0x7aa7, 0x7aa7, 0x59e5, 0x7aa7, 0x7aa7, 0xbc2b, 0x7aa7, 0xbc2b,
    0xbc2b, 0x9369, 0x9369, 0x7aa7, 0x7aa7, 0xbc2b, 0x9369, 0x9369, 0x7aa7, 0x7aa7, 0x59e5, 0x7aa7, 0x7aa7, 0xbc2b, 0x7aa7, 0xbc2b,
    0xbc2b, 0x9369, 0x9369, 0x7aa7, 0x7aa7, 0xbc2b, 0x9369, 0x9369, 0x7aa7, 0x7aa7, 0x59e5, 0x7aa7, 0x7aa7, 0xbc2b, 0x7aa7, 0xbc2b,
    0xbc2b, 0x9369, 0x9369, 0x7aa7, 0x7aa7, 0xbc2b, 0x9369, 0x9369, 0x7aa7, 0x7aa7, 0x59e5, 0x7aa7, 0x7aa7, 0xbc2b, 0x7aa7, 0xbc2b,
    0xbc2b, 0x9369, 0x9369, 0x7aa7, 0x7aa7, 0xbc2b, 0x9369, 0x9369, 0x7aa7, 0x7aa7, 0x59e5, 0x7aa7, 0x7aa7, 0xbc2b, 0x7aa7, 0xbc2b,
    0xbc2b, 0x9369, 0x9369, 0x7aa7, 0x7aa7, 0xbc2b, 0x9369, 0x9369, 0x7aa7, 0x7aa7, 0x59e5, 0x7aa7, 0x7aa7, 0xbc2b, 0x7aa7, 0xbc2b,
    0xbc2b, 0x9369, 0x9369, 0x7aa7, 0x7aa7, 0xbc2b, 0x9369, 0x9369, 0x7aa7, 0x7aa7, 0x59e5, 0x7aa7, 0x7aa7, 0xbc2b, 0x7aa7, 0xbc2b,
    0xbc2b, 0x9369, 0x9369, 0x7aa7, 0x7aa7, 0xbc2b, 0x9369, 0x9369, 0x7aa7, 0x7aa7, 0x59e5, 0x7aa7, 0x7aa7, 0xbc2b, 0x7aa7, 0xbc2b,
    0xbc2b, 0x9369, 0x9369, 0x7aa7, 0x7aa7, 0xbc2b, 0x9369, 0x9369, 0x7aa7, 0x7aa7, 0x59e5, 0x7aa7, 0x7aa7, 0xbc2b, 0x7aa7, 0xbc2b,
    0xbc2b, 0x9369, 0x9369, 0x7aa7, 0x7aa7, 0xbc2b, 0x9369, 0x9369, 0x7aa7, 0x7aa7, 0x59e5, 0x7aa7, 0x7aa7, 0xbc2b, 0x7aa7, 0xbc2b,
    0xbc2b, 0x9369, 0x9369, 0x7aa7, 0x7aa7, 0xbc2b, 0x9369, 0x9369, 0x7aa7, 0x7aa7, 0x59e5, 0x7aa7, 0x7aa7, 0xbc2b, 0x7aa7, 0xbc2b,
    0xbc2b, 0x9369, 0x9369, 0x7aa7, 0x7aa7, 0xbc2b, 0x9369, 0x9369, 0x7aa7, 0x7aa7, 0x59e5, 0x7aa7, 0x7aa7, 0xbc2b, 0x7aa7, 0xbc2b,
    0xbc2b, 0x9369, 0x9369, 0x7aa7, 0x7aa7, 0xbc2b, 0x9369, 0x9369, 0x7aa7, 0x7aa7, 0x59e5, 0x7aa7, 0x7aa7, 0xbc2b, 0x7aa7, 0xbc2b,
    0xbc2b, 0x9369, 0x9369, 0x7aa7, 0x7aa7, 0xbc2b, 0x9369, 0x9369, 0x7aa7, 0x7aa7, 0x59e5, 0x7aa7, 0x7aa7, 0xbc2b, 0x7aa7, 0xbc2b,
    0xbc2b, 0x9369, 0x9369, 0x7aa7, 0x7aa7, 0xbc2b, 0x9369, 0x9369, 0x7aa7, 0x7aa7, 0x59e5, 0x7aa7, 0x7aa7, 0xbc2b, 0x7aa7, 0xbc2b,
    0xbc2b, 0x9369, 0x9369, 0x7aa7, 0x7aa7, 0xbc2b, 0x9369, 0x9369, 0x7aa7, 0x7aa7, 0x59e5, 0x7aa7, 0x7aa7, 0xbc2b, 0x7aa7, 0xbc2b,
    0xbc2b, 0x9369, 0x9369, 0x7aa7, 0x7aa7, 0xbc2b, 0x9369, 0x9369, 0x7aa7, 0x7aa7, 0x59e5, 0x7aa7, 0x7aa7, 0xbc2b, 0x7aa7, 0xbc2b,
    0xbc2b, 0x9369, 0x9369, 0x7aa7, 0x7aa7, 0xbc2b, 0x9369, 0x9369, 0x7aa7, 0x7aa7, 0x59e5, 0x7aa7, 0x7aa7, 0xbc2b, 0x7aa7, 0xbc2b,
    0xbc2b, 0x9369, 0x9369, 0x7aa7, 0x7aa7, 0xbc2b, 0x9369, 0x9369, 0x7aa7, 0x7aa7, 0x59e5, 0x7aa7, 0x7aa7, 0xbc2b, 0x7aa7, 0xbc2b,
    0xbc2b, 0x9369, 0x9369, 0x7aa7, 0x7aa7, 0xbc2b, 0x9369, 0x9369, 0x7aa7, 0x7aa7, 0x59e5, 0x7aa7, 0x7aa7, 0xbc2b, 0x7aa7, 0xbc2b,
    0x7aa7, 0x9369, 0x59e5, 0x7aa7, 0x7aa7, 0x9369, 0x8430, 0x59e5, 0x7aa7, 0xbc2b, 0x9369, 0x7aa7, 0x7aa7, 0x9369, 0x59e5, 0x59e5,
    0x7aa7, 0x9369, 0x59e5, 0x7aa7, 0x7aa7, 0x9369, 0x8430, 0x59e5, 0x7aa7, 0xbc2b, 0x9369, 0x7aa7, 0x7aa7, 0x9369, 0x59e5, 0x59e5,
    0x7aa7, 0x9369, 0x59e5, 0x7aa7, 0x7aa7, 0x9369, 0x8430, 0x59e5, 0x7aa7, 0xbc2b, 0x9369, 0x7aa7, 0x7aa7, 0x9369, 0x59e5, 0x59e5,
    0x7aa7, 0x9369, 0x59e5, 0x7aa7, 0x7aa7, 0x9369, 0x8430, 0x59e5, 0x7aa7, 0xbc2b, 0x9369, 0x7aa7, 0x7aa7, 0x9369, 0x59e5, 0x59e5,
    0x7aa7, 0x9369, 0x59e5, 0x7aa7, 0x7aa7, 0x9369, 0x8430, 0x59e5, 0x7aa7, 0xbc2b, 0x9369, 0x7aa7, 0x7aa7, 0x9369, 0x59e5, 0x59e5,
    0x7aa7, 0x9369, 0x59e5, 0x7aa7, 0x7aa7, 0x9369, 0x8430, 0x59e5, 0x7aa7, 0xbc2b, 0x9369, 0x7aa7, 0x7aa7, 0x9369, 0x59e5, 0x59e5,
    0x7aa7, 0x9369, 0x59e5, 0x7aa7, 0x7aa7, 0x9369, 0x8430, 0x59e5, 0x7aa7, 0xbc2b, 0x9369, 0x7aa7, 0x7aa7, 0x9369, 0x59e5, 0x59e5,
    0x7aa7, 0x9369, 0x59e5, 0x7aa7, 0x7aa7, 0x9369, 0x8430, 0x59e5, 0x7aa7, 0xbc2b, 0x9369, 0x7aa7, 0x7aa7, 0x9369, 0x59e5, 0x59e5,
    0x7aa7, 0x9369, 0x59e5, 0x7aa7, 0x7aa7, 0x9369, 0x8430, 0x59e5, 0x7aa7, 0xbc2b, 0x9369, 0x7aa7, 0x7aa7, 0x9369, 0x59e5, 0x59e5,
    0x7aa7, 0x9369, 0x59e5, 0x7aa7, 0x7aa7, 0x9369, 0x8430, 0x59e5, 0x7aa7, 0xbc2b, 0x9369, 0x7aa7, 0x7aa7, 0x9369, 0x59e5, 0x59e5,
    0x7aa7, 0x9369, 0x59e5, 0x7aa7, 0x7aa7, 0x9369, 0x8430, 0x59e5, 0x7aa7, 0xbc2b, 0x9369, 0x7aa7, 0x7aa7, 0x9369, 0x59e5, 0x59e5,
    0x7aa7, 0x9369, 0x59e5, 0x7aa7, 0x7aa7, 0x9369, 0x8430, 0x59e5, 0x7aa7, 0xbc2b, 0x9369, 0x7aa7, 0x7aa7, 0x9369, 0x59e5, 0x59e5,
    0x7aa7, 0x9369, 0x59e5, 0x7aa7, 0x7aa7, 0x9369, 0x8430, 0x59e5, 0x7aa7, 0xbc2b, 0x9369, 0x7aa7, 0x7aa7, 0x9369, 0x59e5, 0x59e5,
    0x7aa7, 0x9369, 0x59e5, 0x7aa7, 0x7aa7, 0x9369, 0x8430, 0x59e5, 0x7aa7, 0xbc2b, 0x9369, 0x7aa7, 0x7aa7, 0x9369, 0x59e5, 0x59e5,
    0x7aa7, 0x9369, 0x59e5, 0x7aa7, 0x7aa7, 0x9369, 0x8430, 0x59e5, 0x7aa7, 0xbc2b, 0x9369, 0x7aa7, 0x7aa7, 0x9369, 0x59e5, 0x59e5,
    0x7aa7, 0x9369, 0x59e5, 0x7aa7, 0x7aa7, 0x9369, 0x8430, 0x59e5, 0x7aa7, 0xbc2b, 0x9369, 0x7aa7, 0x7aa7, 0x9369, 0x59e5, 0x59e5,
    0x7aa7, 0x9369, 0x59e5, 0x7aa7, 0x7aa7, 0x9369, 0x8430, 0x59e5, 0x7aa7, 0xbc2b, 0x9369, 0x7aa7, 0x7aa7, 0x9369, 0x59e5, 0x59e5,
    0x7aa7, 0x9369, 0x59e5, 0x7aa7, 0x7aa7, 0x9369, 0x8430, 0x59e5, 0x7aa7, 0xbc2b, 0x9369, 0x7aa7, 0x7aa7, 0x9369, 0x59e5, 0x59e5,
    0x7aa7, 0x9369, 0x59e5, 0x7aa7, 0x7aa7, 0x9369, 0x8430, 0x59e5, 0x7aa7, 0xbc2b, 0x9369, 0x7aa7, 0x7aa7, 0x9369, 0x59e5, 0x59e5,
    0x7aa7, 0x9369, 0x59e5, 0x7aa7, 0x7aa7, 0x9369, 0x8430, 0x59e5, 0x7aa7, 0xbc2b, 0x9369, 0x7aa7, 0x7aa7, 0x9369, 0x59e5, 0x59e5,
    0xbc2b, 0x7aa7, 0x7aa7, 0x59e5, 0xbc2b, 0x7aa7, 0x7aa7, 0x7aa7, 0xbc2b, 0x7aa7, 0x7aa7, 0x7aa7, 0x59e5, 0x59e5, 0xbc2b, 0x7aa7,
    0xbc2b, 0x7aa7, 0x7aa7, 0x59e5, 0xbc2b, 0x7aa7, 0x7aa7, 0x7aa7, 0xbc2b, 0x7aa7, 0x7aa7, 0x7aa7, 0x59e5, 0x59e5, 0xbc2b, 0x7aa7,
    0xbc2b, 0x7aa7, 0x7aa7, 0x59e5, 0xbc2b, 0x7aa7, 0x7aa7, 0x7aa7, 0xbc2b, 0x7aa7, 0x7aa7, 0x7aa7, 0x59e5, 0x59e5, 0xbc2b, 0x7aa7,
    0xbc2b, 0x7aa7, 0x7aa7, 0x59e5, 0xbc2b, 0x7aa7, 0x7aa7, 0x7aa7, 0xbc2b, 0x7aa7, 0x7aa7, 0x7aa7, 0x59e5, 0x59e5, 0xbc2b, 0x7aa7,
    0xbc2b, 0x7aa7, 0x7aa7, 0x59e5, 0xbc2b, 0x7aa7, 0x7aa7, 0x7aa7, 0xbc2b, 0x7aa7, 0x7aa7, 0x7aa7, 0x59e5, 0x59e5, 0xbc2b, 0x7aa7,
    0xbc2b, 0x7aa7, 0x7aa7, 0x59e5, 0xbc2b, 0x7aa7, 0x7aa7, 0x7aa7, 0xbc2b, 0x7aa7, 0x7aa7, 0x7aa7, 0x59e5, 0x59e5, 0xbc2b, 0x7aa7,
    0xbc2b, 0x7aa7, 0x7aa7, 0x59e5, 0xbc2b, 0x7aa7, 0x7aa7, 0x7aa7, 0xbc2b, 0x7aa7, 0x7aa7, 0x7aa7, 0x59e5, 0x59e5, 0xbc2b, 0x7aa7,
    0xbc2b, 0x7aa7, 0x7aa7, 0x59e5, 0xbc2b, 0x7aa7, 0x7aa7, 0x7aa7, 0xbc2b, 0x7aa7, 0x7aa7, 0x7aa7, 0x59e5, 0x59e5, 0xbc2b, 0x7aa7,
    0xbc2b, 0x7aa7, 0x7aa7, 0x59e5, 0xbc2b, 0x7aa7, 0x7aa7, 0x7aa7, 0xbc2b, 0x7aa7, 0x7aa7, 0x7aa7, 0x59e5, 0x59e5, 0xbc2b, 0x7aa7,
    0xbc2b, 0x7aa7, 0x7aa7, 0x59e5, 0xbc2b, 0x7aa7, 0x7aa7, 0x7aa7, 0xbc2b, 0x7aa7, 0x7aa7, 0x7aa7, 0x59e5, 0x59e5, 0xbc2b, 0x7aa7,
    0xbc2b, 0x7aa7, 0x7aa7, 0x59e5, 0xbc2b, 0x7aa7, 0x7aa7, 0x7aa7, 0xbc2b, 0x7aa7, 0x7aa7, 0x7aa7, 0x59e5, 0x59e5, 0xbc2b, 0x7aa7,
    0xbc2b, 0x7aa7, 0x7aa7, 0x59e5, 0xbc2b, 0x7aa7, 0x7aa7, 0x7aa7, 0xbc2b, 0x7aa7, 0x7aa7, 0x7aa7, 0x59e5, 0x59e5, 0xbc2b, 0x7aa7,
    0xbc2b, 0x7aa7, 0x7aa7, 0x59e5, 0xbc2b, 0x7aa7, 0x7aa7, 0x7aa7, 0xbc2b, 0x7aa7, 0x7aa7, 0x7aa7, 0x59e5, 0x59e5, 0xbc2b, 0x7aa7,
    0xbc2b, 0x7aa7, 0x7aa7, 0x59e5, 0xbc2b, 0x7aa7, 0x7aa7, 0x7aa7, 0xbc2b, 0x7aa7, 0x7aa7, 0x7aa7, 0x59e5, 0x59e5, 0xbc2b, 0x7aa7,
    0xbc2b, 0x7aa7, 0x7aa7, 0x59e5, 0xbc2b, 0x7aa7, 0x7aa7, 0x7aa7, 0xbc2b, 0x7aa7, 0x7aa7, 0x7aa7, 0x59e5, 0x59e5, 0xbc2b, 0x7aa7,
    0xbc2b, 0x7aa7, 0x7aa7, 0x59e5, 0xbc2b, 0x7aa7, 0x7aa7, 0x7aa7, 0xbc2b, 0x7aa7, 0x7aa7, 0x7aa7, 0x59e5, 0x59e5, 0xbc2b, 0x7aa7,
    0xbc2b, 0x7aa7, 0x7aa7, 0x59e5, 0xbc2b, 0x7aa7, 0x7aa7, 0x7aa7, 0xbc2b, 0x7aa7, 0x7aa7, 0x7aa7, 0x59e5, 0x59e5, 0xbc2b, 0x7aa7,
    0xbc2b, 0x7aa7, 0x7aa7, 0x59e5, 0xbc2b, 0x7aa7, 0x7aa7, 0x7aa7, 0xbc2b, 0x7aa7, 0x7aa7, 0x7aa7, 0x59e5, 0x59e5, 0xbc2b, 0x7aa7,
    0xbc2b, 0x7aa7, 0x7aa7, 0x59e5, 0xbc2b, 0x7aa7, 0x7aa7, 0x7aa7, 0xbc2b, 0x7aa7, 0x7aa7, 0x7aa7, 0x59e5, 0x59e5, 0xbc2b, 0x7aa7,
    0xbc2b, 0x7aa7, 0x7aa7, 0x59e5, 0xbc2b, 0x7aa7, 0x7aa7, 0x7aa7, 0xbc2b, 0x7aa7, 0x7aa7, 0x7aa7, 0x59e5, 0x59e5, 0xbc2b, 0x7aa7,
    0x9369, 0x6b6d, 0xbc2b, 0x7aa7, 0x9369, 0x59e5, 0x7aa7, 0xbc2b, 0x9369, 0x9369, 0x7aa7, 0x9369, 0x7aa7, 0xbc2b, 0x9369, 0x7aa7,
    0x9369, 0x6b6d, 0xbc2b, 0x7aa7, 0x9369, 0x59e5, 0x7aa7, 0xbc2b, 0x9369, 0x9369, 0x7aa7, 0x9369, 0x7aa7, 0xbc2b, 0x9369, 0x7aa7,
    0x9369, 0x6b6d, 0xbc2b, 0x7aa7, 0x9369, 0x59e5, 0x7aa7, 0xbc2b, 0x9369, 0x9369, 0x7aa7, 0x9369, 0x7aa7, 0xbc2b, 0x9369, 0x7aa7,
    0x9369, 0x6b6d, 0xbc2b, 0x7aa7, 0x9369, 0x59e5, 0x7aa7, 0xbc2b, 0x9369, 0x9369, 0x7aa7, 0x9369, 0x7aa7, 0xbc2b, 0x9369, 0x7aa7,
    0x9369, 0x6b6d, 0xbc2b, 0x7aa7, 0x9369, 0x59e5, 0x7aa7, 0xbc2b, 0x9369, 0x9369, 0x7aa7, 0x9369, 0x7aa7, 0xbc2b, 0x9369, 0x7aa7,
    0x9369, 0x6b6d, 0xbc2b, 0x7aa7, 0x9369, 0x59e5, 0x7aa7, 0xbc2b, 0x9369, 0x9369, 0x7aa7, 0x9369, 0x7aa7, 0xbc2b, 0x9369, 0x7aa7,
    0x9369, 0x6b6d, 0xbc2b, 0x7aa7, 0x9369, 0x59e5, 0x7aa7, 0xbc2b, 0x9369, 0x9369, 0x7aa7, 0x9369, 0x7aa7, 0xbc2b, 0x9369, 0x7aa7,
    0x9369, 0x6b6d, 0xbc2b, 0x7aa7, 0x9369, 0x59e5, 0x7aa7, 0xbc2b, 0x9369, 0x9369, 0x7aa7, 0x9369, 0x7aa7, 0xbc2b, 0x9369, 0x7aa7,
    0x9369, 0x6b6d, 0xbc2b, 0x7aa7, 0x9369, 0x59e5, 0x7aa7, 0xbc2b, 0x9369, 0x9369, 0x7aa7, 0x9369, 0x7aa7, 0xbc2b, 0x9369, 0x7aa7,
    0x9369, 0x6b6d, 0xbc2b, 0x7aa7, 0x9369, 0x59e5, 0x7aa7, 0xbc2b, 0x9369, 0x9369, 0x7aa7, 0x9369, 0x7aa7, 0xbc2b, 0x9369, 0x7aa7,
    0x9369, 0x6b6d, 0xbc2b, 0x7aa7, 0x9369, 0x59e5, 0x7aa7, 0xbc2b, 0x9369, 0x9369, 0x7aa7, 0x9369, 0x7aa7, 0xbc2b, 0x9369, 0x7aa7,
    0x9369, 0x6b6d, 0xbc2b, 0x7aa7, 0x9369, 0x59e5, 0x7aa7, 0xbc2b, 0x9369, 0x9369, 0x7aa7, 0x9369, 0x7aa7, 0xbc2b, 0x9369, 0x7aa7,
    0x9369, 0x6b6d, 0xbc2b, 0x7aa7, 0x9369, 0x59e5, 0x7aa7, 0xbc2b, 0x9369, 0x9369, 0x7aa7, 0x9369, 0x7aa7, 0xbc2b, 0x9369, 0x7aa7,
    0x9369, 0x6b6d, 0xbc2b, 0x7aa7, 0x9369, 0x59e5, 0x7aa7, 0xbc2b, 0x9369, 0x9369, 0x7aa7, 0x9369, 0x7aa7, 0xbc2b, 0x9369, 0x7aa7,
    0x9369, 0x6b6d, 0xbc2b, 0x7aa7, 0x9369, 0x59e5, 0x7aa7, 0xbc2b, 0x9369, 0x9369, 0x7aa7, 0x9369, 0x7aa7, 0xbc2b, 0x9369, 0x7aa7,
    0x9369, 0x6b6d, 0xbc2b, 0x7aa7, 0x9369, 0x59e5, 0x7aa7, 0xbc2b, 0x9369, 0x9369, 0x7aa7, 0x9369, 0x7aa7, 0xbc2b, 0x9369, 0x7aa7,
    0x9369, 0x6b6d, 0xbc2b, 0x7aa7, 0x9369, 0x59e5, 0x7aa7, 0xbc2b, 0x9369, 0x9369, 0x7aa7, 0x9369, 0x7aa7, 0xbc2b, 0x9369, 0x7aa7,
    0x9369, 0x6b6d, 0xbc2b, 0x7aa7, 0x9369, 0x59e5, 0x7aa7, 0xbc2b, 0x9369, 0x9369, 0x7aa7, 0x9369, 0x7aa7, 0xbc2b, 0x9369, 0x7aa7,
    0x9369, 0x6b6d, 0xbc2b, 0x7aa7, 0x9369, 0x59e5, 0x7aa7, 0xbc2b, 0x9369, 0x9369, 0x7aa7, 0x9369, 0x7aa7, 0xbc2b, 0x9369, 0x7aa7,
    0x9369, 0x6b6d, 0xbc2b, 0x7aa7, 0x9369, 0x59e5, 0x7aa7, 0xbc2b, 0x9369, 0x9369, 0x7aa7, 0x9369, 0x7aa7, 0xbc2b, 0x9369, 0x7aa7,
    0x9369, 0x7aa7, 0x9369, 0xbc2b, 0x59e5, 0x9369, 0x7aa7, 0x7aa7, 0x9369, 0x59e5, 0x7aa7, 0x6b6d, 0x7aa7, 0x9369, 0x59e5, 0x7aa7,
    0x9369, 0x7aa7, 0x9369, 0xbc2b, 0x59e5, 0x9369, 0x7aa7, 0x7aa7, 0x9369, 0x59e5, 0x7aa7, 0x6b6d, 0x7aa7, 0x9369, 0x59e5, 0x7aa7,
    0x9369, 0x7aa7, 0x9369, 0xbc2b, 0x59e5, 0x9369, 0x7aa7, 0x7aa7, 0x9369, 0x59e5, 0x7aa7, 0x6b6d, 0x7aa7, 0x9369, 0x59e5, 0x7aa7,
    0x9369, 0x7aa7, 0x9369, 0xbc2b, 0x59e5, 0x9369, 0x7aa7, 0x7aa7, 0x9369, 0x59e5, 0x7aa7, 0x6b6d, 0x7aa7, 0x9369, 0x59e5, 0x7aa7,
    0x9369, 0x7aa7, 0x9369, 0xbc2b, 0x59e5, 0x9369, 0x7aa7, 0x7aa7, 0x9369, 0x59e5, 0x7aa7, 0x6b6d, 0x7aa7, 0x9369, 0x59e5, 0x7aa7,
    0x9369, 0x7aa7, 0x9369, 0xbc2b, 0x59e5, 0x9369, 0x7aa7, 0x7aa7, 0x9369, 0x59e5, 0x7aa7, 0x6b6d, 0x7aa7, 0x9369, 0x59e5, 0x7aa7,
    0x9369, 0x7aa7, 0x9369, 0xbc2b, 0x59e5, 0x9369, 0x7aa7, 0x7aa7, 0x9369, 0x59e5, 0x7aa7, 0x6b6d, 0x7aa7, 0x9369, 0x59e5, 0x7aa7,
    0x9369, 0x7aa7, 0x9369, 0xbc2b, 0x59e5, 0x9369, 0x7aa7, 0x7aa7, 0x9369, 0x59e5, 0x7aa7, 0x6b6d, 0x7aa7, 0x9369, 0x59e5, 0x7aa7,
    0x9369, 0x7aa7, 0x9369, 0xbc2b, 0x59e5, 0x9369, 0x7aa7, 0x7aa7, 0x9369, 0x59e5, 0x7aa7, 0x6b6d, 0x7aa7, 0x9369, 0x59e5, 0x7aa7,
    0x9369, 0x7aa7, 0x9369, 0xbc2b, 0x59e5, 0x9369, 0x7aa7, 0x7aa7, 0x9369, 0x59e5, 0x7aa7, 0x6b6d, 0x7aa7, 0x9369, 0x59e5, 0x7aa7,
    0x9369, 0x7aa7, 0x9369, 0xbc2b, 0x59e5, 0x9369, 0x7aa7, 0x7aa7, 0x9369, 0x59e5, 0x7aa7, 0x6b6d, 0x7aa7, 0x9369, 0x59e5, 0x7aa7,
    0x9369, 0x7aa7, 0x9369, 0xbc2b, 0x59e5, 0x9369, 0x7aa7, 0x7aa7, 0x9369, 0x59e5, 0x7aa7, 0x6b6d, 0x7aa7, 0x9369, 0x59e5, 0x7aa7,
    0x9369, 0x7aa7, 0x9369, 0xbc2b, 0x59e5, 0x9369, 0x7aa7, 0x7aa7, 0x9369, 0x59e5, 0x7aa7, 0x6b6d, 0x7aa7, 0x9369, 0x59e5, 0x7aa7,
    0x9369, 0x7aa7, 0x9369, 0xbc2b, 0x59e5, 0x9369, 0x7aa7, 0x7aa7, 0x9369, 0x59e5, 0x7aa7, 0x6b6d, 0x7aa7, 0x9369, 0x59e5, 0x7aa7,
    0x9369, 0x7aa7, 0x9369, 0xbc2b, 0x59e5, 0x9369, 0x7aa7, 0x7aa7, 0x9369, 0x59e5, 0x7aa7, 0x6b6d, 0x7aa7, 0x9369, 0x59e5, 0x7aa7,
    0x9369, 0x7aa7, 0x9369, 0xbc2b, 0x59e5, 0x9369, 0x7aa7, 0x7aa7, 0x9369, 0x59e5, 0x7aa7, 0x6b6d, 0x7aa7, 0x9369, 0x59e5, 0x7aa7,
    0x9369, 0x7aa7, 0x9369, 0xbc2b, 0x59e5, 0x9369, 0x7aa7, 0x7aa7, 0x9369, 0x59e5, 0x7aa7, 0x6b6d, 0x7aa7, 0x9369, 0x59e5, 0x7aa7,
    0x9369, 0x7aa7, 0x9369, 0xbc2b, 0x59e5, 0x9369, 0x7aa7, 0x7aa7, 0x9369, 0x59e5, 0x7aa7, 0x6b6d, 0x7aa7, 0x9369, 0x59e5, 0x7aa7,
    0x9369, 0x7aa7, 0x9369, 0xbc2b, 0x59e5, 0x9369, 0x7aa7, 0x7aa7, 0x9369, 0x59e5, 0x7aa7, 0x6b6d, 0x7aa7, 0x9369, 0x59e5, 0x7aa7,
    0x9369, 0x7aa7, 0x9369, 0xbc2b, 0x59e5, 0x9369, 0x7aa7, 0x7aa7, 0x9369, 0x59e5, 0x7aa7, 0x6b6d, 0x7aa7, 0x9369, 0x59e5, 0x7aa7,
    0x7aa7, 0x59e5, 0x9369, 0x9369, 0x7aa7, 0x9369, 0x59e5, 0x59e5, 0x59e5, 0x7aa7, 0x7aa7, 0x59e5, 0x7aa7, 0x7aa7, 0x7aa7, 0xbc2b,
    0x7aa7, 0x59e5, 0x9369, 0x9369, 0x7aa7, 0x9369, 0x59e5, 0x59e5, 0x59e5, 0x7aa7, 0x7aa7, 0x59e5, 0x7aa7, 0x7aa7, 0x7aa7, 0xbc2b,
    0x7aa7, 0x59e5, 0x9369, 0x9369, 0x7aa7, 0x9369, 0x59e5, 0x59e5, 0x59e5, 0x7aa7, 0x7aa7, 0x59e5, 0x7aa7, 0x7aa7, 0x7aa7, 0xbc2b,
    0x7aa7, 0x59e5, 0x9369, 0x9369, 0x7aa7, 0x9369, 0x59e5, 0x59e5, 0x59e5, 0x7aa7, 0x7aa7, 0x59e5, 0x7aa7, 0x7aa7, 0x7aa7, 0xbc2b,
    0x7aa7, 0x59e5, 0x9369, 0x9369, 0x7aa7, 0x9369, 0x59e5, 0x59e5, 0x59e5, 0x7aa7, 0x7aa7, 0x59e5, 0x7aa7, 0x7aa7, 0x7aa7, 0xbc2b,
    0x7aa7, 0x59e5, 0x9369, 0x9369, 0x7aa7, 0x9369, 0x59e5, 0x59e5, 0x59e5, 0x7aa7, 0x7aa7, 0x59e5, 0x7aa7, 0x7aa7, 0x7aa7, 0xbc2b,
    0x7aa7, 0x59e5, 0x9369, 0x9369, 0x7aa7, 0x9369, 0x59e5, 0x59e5, 0x59e5, 0x7aa7, 0x7aa7, 0x59e5, 0x7aa7, 0x7aa7, 0x7aa7, 0xbc2b,
    0x7aa7, 0x59e5, 0x9369, 0x9369, 0x7aa7, 0x9369, 0x59e5, 0x59e5, 0x59e5, 0x7aa7, 0x7aa7, 0x59e5, 0x7aa7, 0x7aa7, 0x7aa7, 0xbc2b,
    0x7aa7, 0x59e5, 0x9369, 0x9369, 0x7aa7, 0x9369, 0x59e5, 0x59e5, 0x59e5, 0x7aa7, 0x7aa7, 0x59e5, 0x7aa7, 0x7aa7, 0x7aa7, 0xbc2b,
    0x7aa7, 0x59e5, 0x9369, 0x9369, 0x7aa7, 0x9369, 0x59e5, 0x59e5, 0x59e5, 0x7aa7, 0x7aa7, 0x59e5, 0x7aa7, 0x7aa7, 0x7aa7, 0xbc2b,
    0x7aa7, 0x59e5, 0x9369, 0x9369, 0x7aa7, 0x9369, 0x59e5, 0x59e5, 0x59e5, 0x7aa7, 0x7aa7, 0x59e5, 0x7aa7, 0x7aa7, 0x7aa7, 0xbc2b,
    0x7aa7, 0x59e5, 0x9369, 0x9369, 0x7aa7, 0x9369, 0x59e5, 0x59e5, 0x59e5, 0x7aa7, 0x7aa7, 0x59e5, 0x7aa7, 0x7aa7, 0x7aa7, 0xbc2b,
    0x7aa7, 0x59e5, 0x9369, 0x9369, 0x7aa7, 0x9369, 0x59e5, 0x59e5, 0x59e5, 0x7aa7, 0x7aa7, 0x59e5, 0x7aa7, 0x7aa7, 0x7aa7, 0xbc2b,
    0x7aa7, 0x59e5, 0x9369, 0x9369, 0x7aa7, 0x9369, 0x59e5, 0x59e5, 0x59e5, 0x7aa7, 0x7aa7, 0x59e5, 0x7aa7, 0x7aa7, 0x7aa7, 0xbc2b,
    0x7aa7, 0x59e5, 0x9369, 0x9369, 0x7aa7, 0x9369, 0x59e5, 0x59e5, 0x59e5, 0x7aa7, 0x7aa7, 0x59e5, 0x7aa7, 0x7aa7, 0x7aa7, 0xbc2b,
    0x7aa7, 0x59e5, 0x9369, 0x9369, 0x7aa7, 0x9369, 0x59e5, 0x59e5, 0x59e5, 0x7aa7, 0x7aa7, 0x59e5, 0x7aa7, 0x7aa7, 0x7aa7, 0xbc2b,
    0x7aa7, 0x59e5, 0x9369, 0x9369, 0x7aa7, 0x9369, 0x59e5, 0x59e5, 0x59e5, 0x7aa7, 0x7aa7, 0x59e5, 0x7aa7, 0x7aa7, 0x7aa7, 0xbc2b,
    0x7aa7, 0x59e5, 0x9369, 0x9369, 0x7aa7, 0x9369, 0x59e5, 0x59e5, 0x59e5, 0x7aa7, 0x7aa7, 0x59e5, 0x7aa7, 0x7aa7, 0x7aa7, 0xbc2b,
    0x7aa7, 0x59e5, 0x9369, 0x9369, 0x7aa7, 0x9369, 0x59e5, 0x59e5, 0x59e5, 0x7aa7, 0x7aa7, 0x59e5, 0x7aa7, 0x7aa7, 0x7aa7, 0xbc2b,
    0x7aa7, 0x59e5, 0x9369, 0x9369, 0x7aa7, 0x9369, 0x59e5, 0x59e5, 0x59e5, 0x7aa7, 0x7aa7, 0x59e5, 0x7aa7, 0x7aa7, 0x7aa7, 0xbc2b,
    0xbc2b, 0x59e5, 0x7aa7, 0x7aa7, 0x8430, 0x7aa7, 0x7aa7, 0xbc2b, 0xbc2b, 0x7aa7, 0xbc2b, 0xbc2b, 0x7aa7, 0x9369, 0x7aa7, 0x9369,
    0xbc2b, 0x59e5, 0x7aa7, 0x7aa7, 0x8430, 0x7aa7, 0x7aa7, 0xbc2b, 0xbc2b, 0x7aa7, 0xbc2b, 0xbc2b, 0x7aa7, 0x9369, 0x7aa7, 0x9369,
    0xbc2b, 0x59e5, 0x7aa7, 0x7aa7, 0x8430, 0x7aa7, 0x7aa7, 0xbc2b, 0xbc2b, 0x7aa7, 0xbc2b, 0xbc2b, 0x7aa7, 0x9369, 0x7aa7, 0x9369,
    0xbc2b, 0x59e5, 0x7aa7, 0x7aa7, 0x8430, 0x7aa7, 0x7aa7, 0xbc2b, 0xbc2b, 0x7aa7, 0xbc2b, 0xbc2b, 0x7aa7, 0x9369, 0x7aa7, 0x9369,
    0xbc2b, 0x59e5, 0x7aa7, 0x7aa7, 0x8430, 0x7aa7, 0x7aa7, 0xbc2b, 0xbc2b, 0x7aa7, 0xbc2b, 0xbc2b, 0x7aa7, 0x9369, 0x7aa7, 0x9369,
    0xbc2b, 0x59e5, 0x7aa7, 0x7aa7, 0x8430, 0x7aa7, 0x7aa7, 0xbc2b, 0xbc2b, 0x7aa7, 0xbc2b, 0xbc2b, 0x7aa7, 0x9369, 0x7aa7, 0x9369,
    0xbc2b, 0x59e5, 0x7aa7, 0x7aa7, 0x8430, 0x7aa7, 0x7aa7, 0xbc2b, 0xbc2b, 0x7aa7, 0xbc2b, 0xbc2b, 0x7aa7, 0x9369, 0x7aa7, 0x9369,
    0xbc2b, 0x59e5, 0x7aa7, 0x7aa7, 0x8430, 0x7aa7, 0x7aa7, 0xbc2b, 0xbc2b, 0x7aa7, 0xbc2b, 0xbc2b, 0x7aa7, 0x9369, 0x7aa7, 0x9369,
    0xbc2b, 0x59e5, 0x7aa7, 0x7aa7, 0x8430, 0x7aa7, 0x7aa7, 0xbc2b, 0xbc2b, 0x7aa7, 0xbc2b, 0xbc2b, 0x7aa7, 0x9369, 0x7aa7, 0x9369,
    0xbc2b, 0x59e5, 0x7aa7, 0x7aa7, 0x8430, 0x7aa7, 0x7aa7, 0xbc2b, 0xbc2b, 0x7aa7, 0xbc2b, 0xbc2b, 0x7aa7, 0x9369, 0x7aa7, 0x9369,
    0xbc2b, 0x59e5, 0x7aa7, 0x7aa7, 0x8430, 0x7aa7, 0x7aa7, 0xbc2b, 0xbc2b, 0x7aa7, 0xbc2b, 0xbc2b, 0x7aa7, 0x9369, 0x7aa7, 0x9369,
    0xbc2b, 0x59e5, 0x7aa7, 0x7aa7, 0x8430, 0x7aa7, 0x7aa7, 0xbc2b, 0xbc2b, 0x7aa7, 0xbc2b, 0xbc2b, 0x7aa7, 0x9369, 0x7aa7, 0x9369,
    0xbc2b, 0x59e5, 0x7aa7, 0x7aa7, 0x8430, 0x7aa7, 0x7aa7, 0xbc2b, 0xbc2b, 0x7aa7, 0xbc2b, 0xbc2b, 0x7aa7, 0x9369, 0x7aa7, 0x9369,
    0xbc2b, 0x59e5, 0x7aa7, 0x7aa7, 0x8430, 0x7aa7, 0x7aa7, 0xbc2b, 0xbc2b, 0x7aa7, 0xbc2b, 0xbc2b, 0x7aa7, 0x9369, 0x7aa7, 0x9369,
    0xbc2b, 0x59e5, 0x7aa7, 0x7aa7, 0x8430, 0x7aa7, 0x7aa7, 0xbc2b, 0xbc2b, 0x7aa7, 0xbc2b, 0xbc2b, 0x7aa7, 0x9369, 0x7aa7, 0x9369,
    0xbc2b, 0x59e5, 0x7aa7, 0x7aa7, 0x8430, 0x7aa7, 0x7aa7, 0xbc2b, 0xbc2b, 0x7aa7, 0xbc2b, 0xbc2b, 0x7aa7, 0x9369, 0x7aa7, 0x9369,
    0xbc2b, 0x59e5, 0x7aa7, 0x7aa7, 0x8430, 0x7aa7, 0x7aa7, 0xbc2b, 0xbc2b, 0x7aa7, 0xbc2b, 0xbc2b, 0x7aa7, 0x9369, 0x7aa7, 0x9369,
    0xbc2b, 0x59e5, 0x7aa7, 0x7aa7, 0x8430, 0x7aa7, 0x7aa7, 0xbc2b, 0xbc2b, 0x7aa7, 0xbc2b, 0xbc2b, 0x7aa7, 0x9369, 0x7aa7, 0x9369,
    0xbc2b, 0x59e5, 0x7aa7, 0x7aa7, 0x8430, 0x7aa7, 0x7aa7, 0xbc2b, 0xbc2b, 0x7aa7, 0xbc2b, 0xbc2b, 0x7aa7, 0x9369, 0x7aa7, 0x9369,
    0xbc2b, 0x59e5, 0x7aa7, 0x7aa7, 0x8430, 0x7aa7, 0x7aa7, 0xbc2b, 0xbc2b, 0x7aa7, 0xbc2b, 0xbc2b, 0x7aa7, 0x9369, 0x7aa7, 0x9369,
    0xbc2b, 0x7aa7, 0xbc2b, 0xbc2b, 0x9369, 0x9369, 0x7aa7, 0x7aa7, 0x9369, 0x59e5, 0x9369, 0x9369, 0x7aa7, 0x7aa7, 0x9369, 0x9369,
    0xbc2b, 0x7aa7, 0xbc2b, 0xbc2b, 0x9369, 0x9369, 0x7aa7, 0x7aa7, 0x9369, 0x59e5, 0x9369, 0x9369, 0x7aa7, 0x7aa7, 0x9369, 0x9369,
    0xbc2b, 0x7aa7, 0xbc2b, 0xbc2b, 0x9369, 0x9369, 0x7aa7, 0x7aa7, 0x9369, 0x59e5, 0x9369, 0x9369, 0x7aa7, 0x7aa7, 0x9369, 0x9369,
    0xbc2b, 0x7aa7, 0xbc2b, 0xbc2b, 0x9369, 0x9369, 0x7aa7, 0x7aa7, 0x9369, 0x59e5, 0x9369, 0x9369, 0x7aa7, 0x7aa7, 0x9369, 0x9369,
    0xbc2b, 0x7aa7, 0xbc2b, 0xbc2b, 0x9369, 0x9369, 0x7aa7, 0x7aa7, 0x9369, 0x59e5, 0x9369, 0x9369, 0x7aa7, 0x7aa7, 0x9369, 0x9369,
    0xbc2b, 0x7aa7, 0xbc2b, 0xbc2b, 0x9369, 0x9369, 0x7aa7, 0x7aa7, 0x9369, 0x59e5, 0x9369, 0x9369, 0x7aa7, 0x7aa7, 0x9369, 0x9369,
    0xbc2b, 0x7aa7, 0xbc2b, 0xbc2b, 0x9369, 0x9369, 0x7aa7, 0x7aa7, 0x9369, 0x59e5, 0x9369, 0x9369, 0x7aa7, 0x7aa7, 0x9369, 0x9369,
    0xbc2b, 0x7aa7, 0xbc2b, 0xbc2b, 0x9369, 0x9369, 0x7aa7, 0x7aa7, 0x9369, 0x59e5, 0x9369, 0x9369, 0x7aa7, 0x7aa7, 0x9369, 0x9369,
    0xbc2b, 0x7aa7, 0xbc2b, 0xbc2b, 0x9369, 0x9369, 0x7aa7, 0x7aa7, 0x9369, 0x59e5, 0x9369, 0x9369, 0x7aa7, 0x7aa7, 0x9369, 0x9369,
    0xbc2b, 0x7aa7, 0xbc2b, 0xbc2b, 0x9369, 0x9369, 0x7aa7, 0x7aa7, 0x9369, 0x59e5, 0x9369, 0x9369, 0x7aa7, 0x7aa7, 0x9369, 0x9369,
    0xbc2b, 0x7aa7, 0xbc2b, 0xbc2b, 0x9369, 0x9369, 0x7aa7, 0x7aa7, 0x9369, 0x59e5, 0x9369, 0x9369, 0x7aa7, 0x7aa7, 0x9369, 0x9369,
    0xbc2b, 0x7aa7, 0xbc2b, 0xbc2b, 0x9369, 0x9369, 0x7aa7, 0x7aa7, 0x9369, 0x59e5, 0x9369, 0x9369, 0x7aa7, 0x7aa7, 0x9369, 0x9369,
    0xbc2b, 0x7aa7, 0xbc2b, 0xbc2b, 0x9369, 0x9369, 0x7aa7, 0x7aa7, 0x9369, 0x59e5, 0x9369, 0x9369, 0x7aa7, 0x7aa7, 0x9369, 0x9369,
    0xbc2b, 0x7aa7, 0xbc2b, 0xbc2b, 0x9369, 0x9369, 0x7aa7, 0x7aa7, 0x9369, 0x59e5, 0x9369, 0x9369, 0x7aa7, 0x7aa7, 0x9369, 0x9369,
    0xbc2b, 0x7aa7, 0xbc2b, 0xbc2b, 0x9369, 0x9369, 0x7aa7, 0x7aa7, 0x9369, 0x59e5, 0x9369, 0x9369, 0x7aa7, 0x7aa7, 0x9369, 0x9369,
    0xbc2b, 0x7aa7, 0xbc2b, 0xbc2b, 0x9369, 0x9369, 0x7aa7, 0x7aa7, 0x9369, 0x59e5, 0x9369, 0x9369, 0x7aa7, 0x7aa7, 0x9369, 0x9369,
    0xbc2b, 0x7aa7, 0xbc2b, 0xbc2b, 0x9369, 0x9369, 0x7aa7, 0x7aa7, 0x9369, 0x59e5, 0x9369, 0x9369, 0x7aa7, 0x7aa7, 0x9369, 0x9369,
    0xbc2b, 0x7aa7, 0xbc2b, 0xbc2b, 0x9369, 0x9369, 0x7aa7, 0x7aa7, 0x9369, 0x59e5, 0x9369, 0x9369, 0x7aa7, 0x7aa7, 0x9369, 0x9369,
    0xbc2b, 0x7aa7, 0xbc2b, 0xbc2b, 0x9369, 0x9369, 0x7aa7, 0x7aa7, 0x9369, 0x59e5, 0x9369, 0x9369, 0x7aa7, 0x7aa7, 0x9369, 0x9369,
    0xbc2b, 0x7aa7, 0xbc2b, 0xbc2b, 0x9369, 0x9369, 0x7aa7, 0x7aa7, 0x9369, 0x59e5, 0x9369, 0x9369, 0x7aa7, 0x7aa7, 0x9369, 0x9369,
    0x9369, 0x7aa7, 0x7aa7, 0x9369, 0x7aa7, 0x9369, 0x7aa7, 0x59e5, 0x7aa7, 0x9369, 0x9369, 0x7aa7, 0x7aa7, 0x7aa7, 0x59e5, 0x7aa7,
    0x9369, 0x7aa7, 0x7aa7, 0x9369, 0x7aa7, 0x9369, 0x7aa7, 0x59e5, 0x7aa7, 0x9369, 0x9369, 0x7aa7, 0x7aa7, 0x7aa7, 0x59e5, 0x7aa7,
    0x9369, 0x7aa7, 0x7aa7, 0x9369, 0x7aa7, 0x9369, 0x7aa7, 0x59e5, 0x7aa7, 0x9369, 0x9369, 0x7aa7, 0x7aa7, 0x7aa7, 0x59e5, 0x7aa7,
    0x9369, 0x7aa7, 0x7aa7, 0x9369, 0x7aa7, 0x9369, 0x7aa7, 0x59e5, 0x7aa7, 0x9369, 0x9369, 0x7aa7, 0x7aa7, 0x7aa7, 0x59e5, 0x7aa7,
    0x9369, 0x7aa7, 0x7aa7, 0x9369, 0x7aa7, 0x9369, 0x7aa7, 0x59e5, 0x7aa7, 0x9369, 0x9369, 0x7aa7, 0x7aa7, 0x7aa7, 0x59e5, 0x7aa7,
    0x9369, 0x7aa7, 0x7aa7, 0x9369, 0x7aa7, 0x9369, 0x7aa7, 0x59e5, 0x7aa7, 0x9369, 0x9369, 0x7aa7, 0x7aa7, 0x7aa7, 0x59e5, 0x7aa7,
    0x9369, 0x7aa7, 0x7aa7, 0x9369, 0x7aa7, 0x9369, 0x7aa7, 0x59e5, 0x7aa7, 0x9369, 0x9369, 0x7aa7, 0x7aa7, 0x7aa7, 0x59e5, 0x7aa7,
    0x9369, 0x7aa7, 0x7aa7, 0x9369, 0x7aa7, 0x9369, 0x7aa7, 0x59e5, 0x7aa7, 0x9369, 0x9369, 0x7aa7, 0x7aa7, 0x7aa7, 0x59e5, 0x7aa7,
    0x9369, 0x7aa7, 0x7aa7, 0x9369, 0x7aa7, 0x9369, 0x7aa7, 0x59e5, 0x7aa7, 0x9369, 0x9369, 0x7aa7, 0x7aa7, 0x7aa7, 0x59e5, 0x7aa7,
    0x9369, 0x7aa7, 0x7aa7, 0x9369, 0x7aa7, 0x9369, 0x7aa7, 0x59e5, 0x7aa7, 0x9369, 0x9369, 0x7aa7, 0x7aa7, 0x7aa7, 0x59e5, 0x7aa7,
    0x9369, 0x7aa7, 0x7aa7, 0x9369, 0x7aa7, 0x9369, 0x7aa7, 0x59e5, 0x7aa7, 0x9369, 0x9369, 0x7aa7, 0x7aa7, 0x7aa7, 0x59e5, 0x7aa7,
    0x9369, 0x7aa7, 0x7aa7, 0x9369, 0x7aa7, 0x9369, 0x7aa7, 0x59e5, 0x7aa7, 0x9369, 0x9369, 0x7aa7, 0x7aa7, 0x7aa7, 0x59e5, 0x7aa7,
    0x9369, 0x7aa7, 0x7aa7, 0x9369, 0x7aa7, 0x9369, 0x7aa7, 0x59e5, 0x7aa7, 0x9369, 0x9369, 0x7aa7, 0x7aa7, 0x7aa7, 0x59e5, 0x7aa7,
    0x9369, 0x7aa7, 0x7aa7, 0x9369, 0x7aa7, 0x9369, 0x7aa7, 0x59e5, 0x7aa7, 0x9369, 0x9369, 0x7aa7, 0x7aa7, 0x7aa7, 0x59e5, 0x7aa7,
    0x9369, 0x7aa7, 0x7aa7, 0x9369, 0x7aa7, 0x9369, 0x7aa7, 0x59e5, 0x7aa7, 0x9369, 0x9369, 0x7aa7, 0x7aa7, 0x7aa7, 0x59e5, 0x7aa7,
    0x9369, 0x7aa7, 0x7aa7, 0x9369, 0x7aa7, 0x9369, 0x7aa7, 0x59e5, 0x7aa7, 0x9369, 0x9369, 0x7aa7, 0x7aa7, 0x7aa7, 0x59e5, 0x7aa7,
    0x9369, 0x7aa7, 0x7aa7, 0x9369, 0x7aa7, 0x9369, 0x7aa7, 0x59e5, 0x7aa7, 0x9369, 0x9369, 0x7aa7, 0x7aa7, 0x7aa7, 0x59e5, 0x7aa7,
    0x9369, 0x7aa7, 0x7aa7, 0x9369, 0x7aa7, 0x9369, 0x7aa7, 0x59e5, 0x7aa7, 0x9369, 0x9369, 0x7aa7, 0x7aa7, 0x7aa7, 0x59e5, 0x7aa7,
    0x9369, 0x7aa7, 0x7aa7, 0x9369, 0x7aa7, 0x9369, 0x7aa7, 0x59e5, 0x7aa7, 0x9369, 0x9369, 0x7aa7, 0x7aa7, 0x7aa7, 0x59e5, 0x7aa7,
    0x9369, 0x7aa7, 0x7aa7, 0x9369, 0x7aa7, 0x9369, 0x7aa7, 0x59e5, 0x7aa7, 0x9369, 0x9369, 0x7aa7, 0x7aa7, 0x7aa7, 0x59e5, 0x7aa7,
    0x9369, 0x9369, 0x59e5, 0x7aa7, 0x7aa7, 0x59e5, 0x59e5, 0x7aa7, 0x7aa7, 0x7aa7, 0x7aa7, 0x7aa7, 0xbc2b, 0xbc2b, 0x7aa7, 0x9369,
    0x9369, 0x9369, 0x59e5, 0x7aa7, 0x7aa7, 0x59e5, 0x59e5, 0x7aa7, 0x7aa7, 0x7aa7, 0x7aa7, 0x7aa7, 0xbc2b, 0xbc2b, 0x7aa7, 0x9369,
    0x9369, 0x9369, 0x59e5, 0x7aa7, 0x7aa7, 0x59e5, 0x59e5, 0x7aa7, 0x7aa7, 0x7aa7, 0x7aa7, 0x7aa7, 0xbc2b, 0xbc2b, 0x7aa7, 0x9369,
    0x9369, 0x9369, 0x59e5, 0x7aa7, 0x7aa7, 0x59e5, 0x59e5, 0x7aa7, 0x7aa7, 0x7aa7, 0x7aa7, 0x7aa7, 0xbc2b, 0xbc2b, 0x7aa7, 0x9369,
    0x9369, 0x9369, 0x59e5, 0x7aa7, 0x7aa7, 0x59e5, 0x59e5, 0x7aa7, 0x7aa7, 0x7aa7, 0x7aa7, 0x7aa7, 0xbc2b, 0xbc2b, 0x7aa7, 0x9369,
    0x9369, 0x9369, 0x59e5, 0x7aa7, 0x7aa7, 0x59e5, 0x59e5, 0x7aa7, 0x7aa7, 0x7aa7, 0x7aa7, 0x7aa7, 0xbc2b, 0xbc2b, 0x7aa7, 0x9369,
    0x9369, 0x9369, 0x59e5, 0x7aa7, 0x7aa7, 0x59e5, 0x59e5, 0x7aa7, 0x7aa7, 0x7aa7, 0x7aa7, 0x7aa7, 0xbc2b, 0xbc2b, 0x7aa7, 0x9369,
    0x9369, 0x9369, 0x59e5, 0x7aa7, 0x7aa7, 0x59e5, 0x59e5, 0x7aa7, 0x7aa7, 0x7aa7, 0x7aa7, 0x7aa7, 0xbc2b, 0xbc2b, 0x7aa7, 0x9369,
    0x9369, 0x9369, 0x59e5, 0x7aa7, 0x7aa7, 0x59e5, 0x59e5, 0x7aa7, 0x7aa7, 0x7aa7, 0x7aa7, 0x7aa7, 0xbc2b, 0xbc2b, 0x7aa7, 0x9369,
    0x9369, 0x9369, 0x59e5, 0x7aa7, 0x7aa7, 0x59e5, 0x59e5, 0x7aa7, 0x7aa7, 0x7aa7, 0x7aa7, 0x7aa7, 0xbc2b, 0xbc2b, 0x7aa7, 0x9369,
    0x9369, 0x9369, 0x59e5, 0x7aa7, 0x7aa7, 0x59e5, 0x59e5, 0x7aa7, 0x7aa7, 0x7aa7, 0x7aa7, 0x7aa7, 0xbc2b, 0xbc2b, 0x7aa7, 0x9369,
    0x9369, 0x9369, 0x59e5, 0x7aa7, 0x7aa7, 0x59e5, 0x59e5, 0x7aa7, 0x7aa7, 0x7aa7, 0x7aa7, 0x7aa7, 0xbc2b, 0xbc2b, 0x7aa7, 0x9369,
    0x9369, 0x9369, 0x59e5, 0x7aa7, 0x7aa7, 0x59e5, 0x59e5, 0x7aa7, 0x7aa7, 0x7aa7, 0x7aa7, 0x7aa7, 0xbc2b, 0xbc2b, 0x7aa7, 0x9369,
    0x9369, 0x9369, 0x59e5, 0x7aa7, 0x7aa7, 0x59e5, 0x59e5, 0x7aa7, 0x7aa7, 0x7aa7, 0x7aa7, 0x7aa7, 0xbc2b, 0xbc2b, 0x7aa7, 0x9369,
    0x9369, 0x9369, 0x59e5, 0x7aa7, 0x7aa7, 0x59e5, 0x59e5, 0x7aa7, 0x7aa7, 0x7aa7, 0x7aa7, 0x7aa7, 0xbc2b, 0xbc2b, 0x7aa7, 0x9369,
    0x9369, 0x9369, 0x59e5, 0x7aa7, 0x7aa7, 0x59e5, 0x59e5, 0x7aa7, 0x7aa7, 0x7aa7, 0x7aa7, 0x7aa7, 0xbc2b, 0xbc2b, 0x7aa7, 0x9369,
    0x9369, 0x9369, 0x59e5, 0x7aa7, 0x7aa7, 0x59e5, 0x59e5, 0x7aa7, 0x7aa7, 0x7aa7, 0x7aa7, 0x7aa7, 0xbc2b, 0xbc2b, 0x7aa7, 0x9369,
    0x9369, 0x9369, 0x59e5, 0x7aa7, 0x7aa7, 0x59e5, 0x59e5, 0x7aa7, 0x7aa7, 0x7aa7, 0x7aa7, 0x7aa7, 0xbc2b, 0xbc2b, 0x7aa7, 0x9369,
    0x9369, 0x9369, 0x59e5, 0x7aa7, 0x7aa7, 0x59e5, 0x59e5, 0x7aa7, 0x7aa7, 0x7aa7, 0x7aa7, 0x7aa7, 0xbc2b, 0xbc2b, 0x7aa7, 0x9369,
    0x9369, 0x9369, 0x59e5, 0x7aa7, 0x7aa7, 0x59e5, 0x59e5, 0x7aa7, 0x7aa7, 0x7aa7, 0x7aa7, 0x7aa7, 0xbc2b, 0xbc2b, 0x7aa7, 0x9369,
    0x9369, 0x9369, 0x7aa7, 0xbc2b, 0xbc2b, 0x7aa7, 0xbc2b, 0x9369, 0x59e5, 0xbc2b, 0xbc2b, 0x7aa7, 0x9369, 0x9369, 0x8430, 0x7aa7,
    0x9369, 0x9369, 0x7aa7, 0xbc2b, 0xbc2b, 0x7aa7, 0xbc2b, 0x9369, 0x59e5, 0xbc2b, 0xbc2b, 0x7aa7, 0x9369, 0x9369, 0x8430, 0x7aa7,
    0x9369, 0x9369, 0x7aa7, 0xbc2b, 0xbc2b, 0x7aa7, 0xbc2b, 0x9369, 0x59e5, 0xbc2b, 0xbc2b, 0x7aa7, 0x9369, 0x9369, 0x8430, 0x7aa7,
    0x9369, 0x9369, 0x7aa7, 0xbc2b, 0xbc2b, 0x7aa7, 0xbc2b, 0x9369, 0x59e5, 0xbc2b, 0xbc2b, 0x7aa7, 0x9369, 0x9369, 0x8430, 0x7aa7,
    0x9369, 0x9369, 0x7aa7, 0xbc2b, 0xbc2b, 0x7aa7, 0xbc2b, 0x9369, 0x59e5, 0xbc2b, 0xbc2b, 0x7aa7, 0x9369, 0x9369, 0x8430, 0x7aa7,
    0x9369, 0x9369, 0x7aa7, 0xbc2b, 0xbc2b, 0x7aa7, 0xbc2b, 0x9369, 0x59e5, 0xbc2b, 0xbc2b, 0x7aa7, 0x9369, 0x9369, 0x8430, 0x7aa7,
    0x9369, 0x9369, 0x7aa7, 0xbc2b, 0xbc2b, 0x7aa7, 0xbc2b, 0x9369, 0x59e5, 0xbc2b, 0xbc2b, 0x7aa7, 0x9369, 0x9369, 0x8430, 0x7aa7,
    0x9369, 0x9369, 0x7aa7, 0xbc2b, 0xbc2b, 0x7aa7, 0xbc2b, 0x9369, 0x59e5, 0xbc2b, 0xbc2b, 0x7aa7, 0x9369, 0x9369, 0x8430, 0x7aa7,
    0x9369, 0x9369, 0x7aa7, 0xbc2b, 0xbc2b, 0x7aa7, 0xbc2b, 0x9369, 0x59e5, 0xbc2b, 0xbc2b, 0x7aa7, 0x9369, 0x9369, 0x8430, 0x7aa7,
    0x9369, 0x9369, 0x7aa7, 0xbc2b, 0xbc2b, 0x7aa7, 0xbc2b, 0x9369, 0x59e5, 0xbc2b, 0xbc2b, 0x7aa7, 0x9369, 0x9369, 0x8430, 0x7aa7,
    0x9369, 0x9369, 0x7aa7, 0xbc2b, 0xbc2b, 0x7aa7, 0xbc2b, 0x9369, 0x59e5, 0xbc2b, 0xbc2b, 0x7aa7, 0x9369, 0x9369, 0x8430, 0x7aa7,
    0x9369, 0x9369, 0x7aa7, 0xbc2b, 0xbc2b, 0x7aa7, 0xbc2b, 0x9369, 0x59e5, 0xbc2b, 0xbc2b, 0x7aa7, 0x9369, 0x9369, 0x8430, 0x7aa7,
    0x9369, 0x9369, 0x7aa7, 0xbc2b, 0xbc2b, 0x7aa7, 0xbc2b, 0x9369, 0x59e5, 0xbc2b, 0xbc2b, 0x7aa7, 0x9369, 0x9369, 0x8430, 0x7aa7,
    0x9369, 0x9369, 0x7aa7, 0xbc2b, 0xbc2b, 0x7aa7, 0xbc2b, 0x9369, 0x59e5, 0xbc2b, 0xbc2b, 0x7aa7, 0x9369, 0x9369, 0x8430, 0x7aa7,
    0x9369, 0x9369, 0x7aa7, 0xbc2b, 0xbc2b, 0x7aa7, 0xbc2b, 0x9369, 0x59e5, 0xbc2b, 0xbc2b, 0x7aa7, 0x9369, 0x9369, 0x8430, 0x7aa7,
    0x9369, 0x9369, 0x7aa7, 0xbc2b, 0xbc2b, 0x7aa7, 0xbc2b, 0x9369, 0x59e5, 0xbc2b, 0xbc2b, 0x7aa7, 0x9369, 0x9369, 0x8430, 0x7aa7,
    0x9369, 0x9369, 0x7aa7, 0xbc2b, 0xbc2b, 0x7aa7, 0xbc2b, 0x9369, 0x59e5, 0xbc2b, 0xbc2b, 0x7aa7, 0x9369, 0x9369, 0x8430, 0x7aa7,
    0x9369, 0x9369, 0x7aa7, 0xbc2b, 0xbc2b, 0x7aa7, 0xbc2b, 0x9369, 0x59e5, 0xbc2b, 0xbc2b, 0x7aa7, 0x9369, 0x9369, 0x8430, 0x7aa7,
    0x9369, 0x9369, 0x7aa7, 0xbc2b, 0xbc2b, 0x7aa7, 0xbc2b, 0x9369, 0x59e5, 0xbc2b, 0xbc2b, 0x7aa7, 0x9369, 0x9369, 0x8430, 0x7aa7,
    0x9369, 0x9369, 0x7aa7, 0xbc2b, 0xbc2b, 0x7aa7, 0xbc2b, 0x9369, 0x59e5, 0xbc2b, 0xbc2b, 0x7aa7, 0x9369, 0x9369, 0x8430, 0x7aa7,
    0x9369, 0x7aa7, 0x7aa7, 0x9369, 0x9369, 0xbc2b, 0x7aa7, 0x9369, 0x6b6d, 0x9369, 0x9369, 0x7aa7, 0x59e5, 0x9369, 0x7aa7, 0x59e5,
    0x9369, 0x7aa7, 0x7aa7, 0x9369, 0x9369, 0xbc2b, 0x7aa7, 0x9369, 0x6b6d, 0x9369, 0x9369, 0x7aa7, 0x59e5, 0x9369, 0x7aa7, 0x59e5,
    0x9369, 0x7aa7, 0x7aa7, 0x9369, 0x9369, 0xbc2b, 0x7aa7, 0x9369, 0x6b6d, 0x9369, 0x9369, 0x7aa7, 0x59e5, 0x9369, 0x7aa7, 0x59e5,
    0x9369, 0x7aa7, 0x7aa7, 0x9369, 0x9369, 0xbc2b, 0x7aa7, 0x9369, 0x6b6d, 0x9369, 0x9369, 0x7aa7, 0x59e5, 0x9369, 0x7aa7, 0x59e5,
    0x9369, 0x7aa7, 0x7aa7, 0x9369, 0x9369, 0xbc2b, 0x7aa7, 0x9369, 0x6b6d, 0x9369, 0x9369, 0x7aa7, 0x59e5, 0x9369, 0x7aa7, 0x59e5,
    0x9369, 0x7aa7, 0x7aa7, 0x9369, 0x9369, 0xbc2b, 0x7aa7, 0x9369, 0x6b6d, 0x9369, 0x9369, 0x7aa7, 0x59e5, 0x9369, 0x7aa7, 0x59e5,
    0x9369, 0x7aa7, 0x7aa7, 0x9369, 0x9369, 0xbc2b, 0x7aa7, 0x9369, 0x6b6d, 0x9369, 0x9369, 0x7aa7, 0x59e5, 0x9369, 0x7aa7, 0x59e5,
    0x9369, 0x7aa7, 0x7aa7, 0x9369, 0x9369, 0xbc2b, 0x7aa7, 0x9369, 0x6b6d, 0x9369, 0x9369, 0x7aa7, 0x59e5, 0x9369, 0x7aa7, 0x59e5,
    0x9369, 0x7aa7, 0x7aa7, 0x9369, 0x9369, 0xbc2b, 0x7aa7, 0x9369, 0x6b6d, 0x9369, 0x9369, 0x7aa7, 0x59e5, 0x9369, 0x7aa7, 0x59e5,
    0x9369, 0x7aa7, 0x7aa7, 0x9369, 0x9369, 0xbc2b, 0x7aa7, 0x9369, 0x6b6d, 0x9369, 0x9369, 0x7aa7, 0x59e5, 0x9369, 0x7aa7, 0x59e5,
    0x9369, 0x7aa7, 0x7aa7, 0x9369, 0x9369, 0xbc2b, 0x7aa7, 0x9369, 0x6b6d, 0x9369, 0x9369, 0x7aa7, 0x59e5, 0x9369, 0x7aa7, 0x59e5,
    0x9369, 0x7aa7, 0x7aa7, 0x9369, 0x9369, 0xbc2b, 0x7aa7, 0x9369, 0x6b6d, 0x9369, 0x9369, 0x7aa7, 0x59e5, 0x9369, 0x7aa7, 0x59e5,
    0x9369, 0x7aa7, 0x7aa7, 0x9369, 0x9369, 0xbc2b, 0x7aa7, 0x9369, 0x6b6d, 0x9369, 0x9369, 0x7aa7, 0x59e5, 0x9369, 0x7aa7, 0x59e5,
    0x9369, 0x7aa7, 0x7aa7, 0x9369, 0x9369, 0xbc2b, 0x7aa7, 0x9369, 0x6b6d, 0x9369, 0x9369, 0x7aa7, 0x59e5, 0x9369, 0x7aa7, 0x59e5,
    0x9369, 0x7aa7, 0x7aa7, 0x9369, 0x9369, 0xbc2b, 0x7aa7, 0x9369, 0x6b6d, 0x9369, 0x9369, 0x7aa7, 0x59e5, 0x9369, 0x7aa7, 0x59e5,
    0x9369, 0x7aa7, 0x7aa7, 0x9369, 0x9369, 0xbc2b, 0x7aa7, 0x9369, 0x6b6d, 0x9369, 0x9369, 0x7aa7, 0x59e5, 0x9369, 0x7aa7, 0x59e5,
    0x9369, 0x7aa7, 0x7aa7, 0x9369, 0x9369, 0xbc2b, 0x7aa7, 0x9369, 0x6b6d, 0x9369, 0x9369, 0x7aa7, 0x59e5, 0x9369, 0x7aa7, 0x59e5,
    0x9369, 0x7aa7, 0x7aa7, 0x9369, 0x9369, 0xbc2b, 0x7aa7, 0x9369, 0x6b6d, 0x9369, 0x9369, 0x7aa7, 0x59e5, 0x9369, 0x7aa7, 0x59e5,
    0x9369, 0x7aa7, 0x7aa7, 0x9369, 0x9369, 0xbc2b, 0x7aa7, 0x9369, 0x6b6d, 0x9369, 0x9369, 0x7aa7, 0x59e5, 0x9369, 0x7aa7, 0x59e5,
    0x9369, 0x7aa7, 0x7aa7, 0x9369, 0x9369, 0xbc2b, 0x7aa7, 0x9369, 0x6b6d, 0x9369, 0x9369, 0x7aa7, 0x59e5, 0x9369, 0x7aa7, 0x59e5,
    0x7aa7, 0x59e5, 0x9369, 0x7aa7, 0x9369, 0x9369, 0xbc2b, 0x7aa7, 0x7aa7, 0x7aa7, 0x7aa7, 0x7aa7, 0x7aa7, 0x7aa7, 0xbc2b, 0xbc2b,
    0x7aa7, 0x59e5, 0x9369, 0x7aa7, 0x9369, 0x9369, 0xbc2b, 0x7aa7, 0x7aa7, 0x7aa7, 0x7aa7, 0x7aa7, 0x7aa7, 0x7aa7, 0xbc2b, 0xbc2b,
    0x7aa7, 0x59e5, 0x9369, 0x7aa7, 0x9369, 0x9369, 0xbc2b, 0x7aa7, 0x7aa7, 0x7aa7, 0x7aa7, 0x7aa7, 0x7aa7, 0x7aa7, 0xbc2b, 0xbc2b,
    0x7aa7, 0x59e5, 0x9369, 0x7aa7, 0x9369, 0x9369, 0xbc2b, 0x7aa7, 0x7aa7, 0x7aa7, 0x7aa7, 0x7aa7, 0x7aa7, 0x7aa7, 0xbc2b, 0xbc2b,
    0x7aa7, 0x59e5, 0x9369, 0x7aa7, 0x9369, 0x9369, 0xbc2b, 0x7aa7, 0x7aa7, 0x7aa7, 0x7aa7, 0x7aa7, 0x7aa7, 0x7aa7, 0xbc2b, 0xbc2b,
    0x7aa7, 0x59e5, 0x9369, 0x7aa7, 0x9369, 0x9369, 0xbc2b, 0x7aa7, 0x7aa7, 0x7aa7, 0x7aa7, 0x7aa7, 0x7aa7, 0x7aa7, 0xbc2b, 0xbc2b,
    0x7aa7, 0x59e5, 0x9369, 0x7aa7, 0x9369, 0x9369, 0xbc2b, 0x7aa7, 0x7aa7, 0x7aa7, 0x7aa7, 0x7aa7, 0x7aa7, 0x7aa7, 0xbc2b, 0xbc2b,
    0x7aa7, 0x59e5, 0x9369, 0x7aa7, 0x9369, 0x9369, 0xbc2b, 0x7aa7, 0x7aa7, 0x7aa7, 0x7aa7, 0x7aa7, 0x7aa7, 0x7aa7, 0xbc2b, 0xbc2b,
    0x7aa7, 0x59e5, 0x9369, 0x7aa7, 0x9369, 0x9369, 0xbc2b, 0x7aa7, 0x7aa7, 0x7aa7, 0x7aa7, 0x7aa7, 0x7aa7, 0x7aa7, 0xbc2b, 0xbc2b,
    0x7aa7, 0x59e5, 0x9369, 0x7aa7, 0x9369, 0x9369, 0xbc2b, 0x7aa7, 0x7aa7, 0x7aa7, 0x7aa7, 0x7aa7, 0x7aa7, 0x7aa7, 0xbc2b, 0xbc2b,
    0x7aa7, 0x59e5, 0x9369, 0x7aa7, 0x9369, 0x9369, 0xbc2b, 0x7aa7, 0x7aa7, 0x7aa7, 0x7aa7, 0x7aa7, 0x7aa7, 0x7aa7, 0xbc2b, 0xbc2b,
    0x7aa7, 0x59e5, 0x9369, 0x7aa7, 0x9369, 0x9369, 0xbc2b, 0x7aa7, 0x7aa7, 0x7aa7, 0x7aa7, 0x7aa7, 0x7aa7, 0x7aa7, 0xbc2b, 0xbc2b,
    0x7aa7, 0x59e5, 0x9369, 0x7aa7, 0x9369, 0x9369, 0xbc2b, 0x7aa7, 0x7aa7, 0x7aa7, 0x7aa7, 0x7aa7, 0x7aa7, 0x7aa7, 0xbc2b, 0xbc2b,
    0x7aa7, 0x59e5, 0x9369, 0x7aa7, 0x9369, 0x9369, 0xbc2b, 0x7aa7, 0x7aa7, 0x7aa7, 0x7aa7, 0x7aa7, 0x7aa7, 0x7aa7, 0xbc2b, 0xbc2b,
    0x7aa7, 0x59e5, 0x9369, 0x7aa7, 0x9369, 0x9369, 0xbc2b, 0x7aa7, 0x7aa7, 0x7aa7, 0x7aa7, 0x7aa7, 0x7aa7, 0x7aa7, 0xbc2b, 0xbc2b,
    0x7aa7, 0x59e5, 0x9369, 0x7aa7, 0x9369, 0x9369, 0xbc2b, 0x7aa7, 0x7aa7, 0x7aa7, 0x7aa7, 0x7aa7, 0x7aa7, 0x7aa7, 0xbc2b, 0xbc2b,
    0x7aa7, 0x59e5, 0x9369, 0x7aa7, 0x9369, 0x9369, 0xbc2b, 0x7aa7, 0x7aa7, 0x7aa7, 0x7aa7, 0x7aa7, 0x7aa7, 0x7aa7, 0xbc2b, 0xbc2b,
    0x7aa7, 0x59e5, 0x9369, 0x7aa7, 0x9369, 0x9369, 0xbc2b, 0x7aa7, 0x7aa7, 0x7aa7, 0x7aa7, 0x7aa7, 0x7aa7, 0x7aa7, 0xbc2b, 0xbc2b,
    0x7aa7, 0x59e5, 0x9369, 0x7aa7, 0x9369, 0x9369, 0xbc2b, 0x7aa7, 0x7aa7, 0x7aa7, 0x7aa7, 0x7aa7, 0x7aa7, 0x7aa7, 0xbc2b, 0xbc2b,
    0x7aa7, 0x59e5, 0x9369, 0x7aa7, 0x9369, 0x9369, 0xbc2b, 0x7aa7, 0x7aa7, 0x7aa7, 0x7aa7, 0x7aa7, 0x7aa7, 0x7aa7, 0xbc2b, 0xbc2b,
    0x7aa7, 0x9369, 0x7aa7, 0x7aa7, 0x72c8, 0x7aa7, 0x9369, 0x9369, 0x7aa7, 0x59e5, 0xbc2b, 0x59e5, 0x7aa7, 0xbc2b, 0x9369, 0x9369,
    0x7aa7, 0x9369, 0x7aa7, 0x7aa7, 0x72c8, 0x7aa7, 0x9369, 0x9369, 0x7aa7, 0x59e5, 0xbc2b, 0x59e5, 0x7aa7, 0xbc2b, 0x9369, 0x9369,
    0x7aa7, 0x9369, 0x7aa7, 0x7aa7, 0x72c8, 0x7aa7, 0x9369, 0x9369, 0x7aa7, 0x59e5, 0xbc2b, 0x59e5, 0x7aa7, 0xbc2b, 0x9369, 0x9369,
    0x7aa7, 0x9369, 0x7aa7, 0x7aa7, 0x72c8, 0x7aa7, 0x9369, 0x9369, 0x7aa7, 0x59e5, 0xbc2b, 0x59e5, 0x7aa7, 0xbc2b, 0x9369, 0x9369,
    0x7aa7, 0x9369, 0x7aa7, 0x7aa7, 0x72c8, 0x7aa7, 0x9369, 0x9369, 0x7aa7, 0x59e5, 0xbc2b, 0x59e5, 0x7aa7, 0xbc2b, 0x9369, 0x9369,
    0x7aa7, 0x9369, 0x7aa7, 0x7aa7, 0x72c8, 0x7aa7, 0x9369, 0x9369, 0x7aa7, 0x59e5, 0xbc2b, 0x59e5, 0x7aa7, 0xbc2b, 0x9369, 0x9369,
    0x7aa7, 0x9369, 0x7aa7, 0x7aa7, 0x72c8, 0x7aa7, 0x9369, 0x9369, 0x7aa7, 0x59e5, 0xbc2b, 0x59e5, 0x7aa7, 0xbc2b, 0x9369, 0x9369,
    0x7aa7, 0x9369, 0x7aa7, 0x7aa7, 0x72c8, 0x7aa7, 0x9369, 0x9369, 0x7aa7, 0x59e5, 0xbc2b, 0x59e5, 0x7aa7, 0xbc2b, 0x9369, 0x9369,
    0x7aa7, 0x9369, 0x7aa7, 0x7aa7, 0x72c8, 0x7aa7, 0x9369, 0x9369, 0x7aa7, 0x59e5, 0xbc2b, 0x59e5, 0x7aa7, 0xbc2b, 0x9369, 0x9369,
    0x7aa7, 0x9369, 0x7aa7, 0x7aa7, 0x72c8, 0x7aa7, 0x9369, 0x9369, 0x7aa7, 0x59e5, 0xbc2b, 0x59e5, 0x7aa7, 0xbc2b, 0x9369, 0x9369,
    0x7aa7, 0x9369, 0x7aa7, 0x7aa7, 0x72c8, 0x7aa7, 0x9369, 0x9369, 0x7aa7, 0x59e5, 0xbc2b, 0x59e5, 0x7aa7, 0xbc2b, 0x9369, 0x9369,
    0x7aa7, 0x9369, 0x7aa7, 0x7aa7, 0x72c8, 0x7aa7, 0x9369, 0x9369, 0x7aa7, 0x59e5, 0xbc2b, 0x59e5, 0x7aa7, 0xbc2b, 0x9369, 0x9369,
    0x7aa7, 0x9369, 0x7aa7, 0x7aa7, 0x72c8, 0x7aa7, 0x9369, 0x9369, 0x7aa7, 0x59e5, 0xbc2b, 0x59e5, 0x7aa7, 0xbc2b, 0x9369, 0x9369,
    0x7aa7, 0x9369, 0x7aa7, 0x7aa7, 0x72c8, 0x7aa7, 0x9369, 0x9369, 0x7aa7, 0x59e5, 0xbc2b, 0x59e5, 0x7aa7, 0xbc2b, 0x9369, 0x9369,
    0x7aa7, 0x9369, 0x7aa7, 0x7aa7, 0x72c8, 0x7aa7, 0x9369, 0x9369, 0x7aa7, 0x59e5, 0xbc2b, 0x59e5, 0x7aa7, 0xbc2b, 0x9369, 0x9369,
    0x7aa7, 0x9369, 0x7aa7, 0x7aa7, 0x72c8, 0x7aa7, 0x9369, 0x9369, 0x7aa7, 0x59e5, 0xbc2b, 0x59e5, 0x7aa7, 0xbc2b, 0x9369, 0x9369,
    0x7aa7, 0x9369, 0x7aa7, 0x7aa7, 0x72c8, 0x7aa7, 0x9369, 0x9369, 0x7aa7, 0x59e5, 0xbc2b, 0x59e5, 0x7aa7, 0xbc2b, 0x9369, 0x9369,
    0x7aa7, 0x9369, 0x7aa7, 0x7aa7, 0x72c8, 0x7aa7, 0x9369, 0x9369, 0x7aa7, 0x59e5, 0xbc2b, 0x59e5, 0x7aa7, 0xbc2b, 0x9369, 0x9369,
    0x7aa7, 0x9369, 0x7aa7, 0x7aa7, 0x72c8, 0x7aa7, 0x9369, 0x9369, 0x7aa7, 0x59e5, 0xbc2b, 0x59e5, 0x7aa7, 0xbc2b, 0x9369, 0x9369,
    0x7aa7, 0x9369, 0x7aa7, 0x7aa7, 0x72c8, 0x7aa7, 0x9369, 0x9369, 0x7aa7, 0x59e5, 0xbc2b, 0x59e5, 0x7aa7, 0xbc2b, 0x9369, 0x9369,
    0x9369, 0x7aa7, 0x59e5, 0xbc2b, 0x7aa7, 0x59e5, 0x7aa7, 0x59e5, 0x7aa7, 0x7aa7, 0x7aa7, 0x59e5, 0x7aa7, 0x7aa7, 0x9369, 0x9369,
    0x9369, 0x7aa7, 0x59e5, 0xbc2b, 0x7aa7, 0x59e5, 0x7aa7, 0x59e5, 0x7aa7, 0x7aa7, 0x7aa7, 0x59e5, 0x7aa7, 0x7aa7, 0x9369, 0x9369,
    0x9369, 0x7aa7, 0x59e5, 0xbc2b, 0x7aa7, 0x59e5, 0x7aa7, 0x59e5, 0x7aa7, 0x7aa7, 0x7aa7, 0x59e5, 0x7aa7, 0x7aa7, 0x9369, 0x9369,
    0x9369, 0x7aa7, 0x59e5, 0xbc2b, 0x7aa7, 0x59e5, 0x7aa7, 0x59e5, 0x7aa7, 0x7aa7, 0x7aa7, 0x59e5, 0x7aa7, 0x7aa7, 0x9369, 0x9369,
    0x9369, 0x7aa7, 0x59e5, 0xbc2b, 0x7aa7, 0x59e5, 0x7aa7, 0x59e5, 0x7aa7, 0x7aa7, 0x7aa7, 0x59e5, 0x7aa7, 0x7aa7, 0x9369, 0x9369,
    0x9369, 0x7aa7, 0x59e5, 0xbc2b, 0x7aa7, 0x59e5, 0x7aa7, 0x59e5, 0x7aa7, 0x7aa7, 0x7aa7, 0x59e5, 0x7aa7, 0x7aa7, 0x9369, 0x9369,
    0x9369, 0x7aa7, 0x59e5, 0xbc2b, 0x7aa7, 0x59e5, 0x7aa7, 0x59e5, 0x7aa7, 0x7aa7, 0x7aa7, 0x59e5, 0x7aa7, 0x7aa7, 0x9369, 0x9369,
    0x9369, 0x7aa7, 0x59e5, 0xbc2b, 0x7aa7, 0x59e5, 0x7aa7, 0x59e5, 0x7aa7, 0x7aa7, 0x7aa7, 0x59e5, 0x7aa7, 0x7aa7, 0x9369, 0x9369,
    0x9369, 0x7aa7, 0x59e5, 0xbc2b, 0x7aa7, 0x59e5, 0x7aa7, 0x59e5, 0x7aa7, 0x7aa7, 0x7aa7, 0x59e5, 0x7aa7, 0x7aa7, 0x9369, 0x9369,
    0x9369, 0x7aa7, 0x59e5, 0xbc2b, 0x7aa7, 0x59e5, 0x7aa7, 0x59e5, 0x7aa7, 0x7aa7, 0x7aa7, 0x59e5, 0x7aa7, 0x7aa7, 0x9369, 0x9369,
    0x9369, 0x7aa7, 0x59e5, 0xbc2b, 0x7aa7, 0x59e5, 0x7aa7, 0x59e5, 0x7aa7, 0x7aa7, 0x7aa7, 0x59e5, 0x7aa7, 0x7aa7, 0x9369, 0x9369,
    0x9369, 0x7aa7, 0x59e5, 0xbc2b, 0x7aa7, 0x59e5, 0x7aa7, 0x59e5, 0x7aa7, 0x7aa7, 0x7aa7, 0x59e5, 0x7aa7, 0x7aa7, 0x9369, 0x9369,
    0x9369, 0x7aa7, 0x59e5, 0xbc2b, 0x7aa7, 0x59e5, 0x7aa7, 0x59e5, 0x7aa7, 0x7aa7, 0x7aa7, 0x59e5, 0x7aa7, 0x7aa7, 0x9369, 0x9369,
    0x9369, 0x7aa7, 0x59e5, 0xbc2b, 0x7aa7, 0x59e5, 0x7aa7, 0x59e5, 0x7aa7, 0x7aa7, 0x7aa7, 0x59e5, 0x7aa7, 0x7aa7, 0x9369, 0x9369,
    0x9369, 0x7aa7, 0x59e5, 0xbc2b, 0x7aa7, 0x59e5, 0x7aa7, 0x59e5, 0x7aa7, 0x7aa7, 0x7aa7, 0x59e5, 0x7aa7, 0x7aa7, 0x9369, 0x9369,
    0x9369, 0x7aa7, 0x59e5, 0xbc2b, 0x7aa7, 0x59e5, 0x7aa7, 0x59e5, 0x7aa7, 0x7aa7, 0x7aa7, 0x59e5, 0x7aa7, 0x7aa7, 0x9369, 0x9369,
    0x9369, 0x7aa7, 0x59e5, 0xbc2b, 0x7aa7, 0x59e5, 0x7aa7, 0x59e5, 0x7aa7, 0x7aa7, 0x7aa7, 0x59e5, 0x7aa7, 0x7aa7, 0x9369, 0x9369,
    0x9369, 0x7aa7, 0x59e5, 0xbc2b, 0x7aa7, 0x59e5, 0x7aa7, 0x59e5, 0x7aa7, 0x7aa7, 0x7aa7, 0x59e5, 0x7aa7, 0x7aa7, 0x9369, 0x9369,
    0x9369, 0x7aa7, 0x59e5, 0xbc2b, 0x7aa7, 0x59e5, 0x7aa7, 0x59e5, 0x7aa7, 0x7aa7, 0x7aa7, 0x59e5, 0x7aa7, 0x7aa7, 0x9369, 0x9369,
    0x9369, 0x7aa7, 0x59e5, 0xbc2b, 0x7aa7, 0x59e5, 0x7aa7, 0x59e5, 0x7aa7, 0x7aa7, 0x7aa7, 0x59e5, 0x7aa7, 0x7aa7, 0x9369, 0x9369,
    0x9369, 0x7aa7, 0xbc2b, 0x9369, 0x9369, 0x7aa7, 0x8430, 0x9369, 0x9369, 0x9369, 0x7aa7, 0x7aa7, 0x9369, 0x9369, 0x7aa7, 0x59e5,
    0x9369, 0x7aa7, 0xbc2b, 0x9369, 0x9369, 0x7aa7, 0x8430, 0x9369, 0x9369, 0x9369, 0x7aa7, 0x7aa7, 0x9369, 0x9369, 0x7aa7, 0x59e5,
    0x9369, 0x7aa7, 0xbc2b, 0x9369, 0x9369, 0x7aa7, 0x8430, 0x9369, 0x9369, 0x9369, 0x7aa7, 0x7aa7, 0x9369, 0x9369, 0x7aa7, 0x59e5,
    0x9369, 0x7aa7, 0xbc2b, 0x9369, 0x9369, 0x7aa7, 0x8430, 0x9369, 0x9369, 0x9369, 0x7aa7, 0x7aa7, 0x9369, 0x9369, 0x7aa7, 0x59e5,
    0x9369, 0x7aa7, 0xbc2b, 0x9369, 0x9369, 0x7aa7, 0x8430, 0x9369, 0x9369, 0x9369, 0x7aa7, 0x7aa7, 0x9369, 0x9369, 0x7aa7, 0x59e5,
    0x9369, 0x7aa7, 0xbc2b, 0x9369, 0x9369, 0x7aa7, 0x8430, 0x9369, 0x9369, 0x9369, 0x7aa7, 0x7aa7, 0x9369, 0x9369, 0x7aa7, 0x59e5,
    0x9369, 0x7aa7, 0xbc2b, 0x9369, 0x9369, 0x7aa7, 0x8430, 0x9369, 0x9369, 0x9369, 0x7aa7, 0x7aa7, 0x9369, 0x9369, 0x7aa7, 0x59e5,
    0x9369, 0x7aa7, 0xbc2b, 0x9369, 0x9369, 0x7aa7, 0x8430, 0x9369, 0x9369, 0x9369, 0x7aa7, 0x7aa7, 0x9369, 0x9369, 0x7aa7, 0x59e5,
    0x9369, 0x7aa7, 0xbc2b, 0x9369, 0x9369, 0x7aa7, 0x8430, 0x9369, 0x9369, 0x9369, 0x7aa7, 0x7aa7, 0x9369, 0x9369, 0x7aa7, 0x59e5,
    0x9369, 0x7aa7, 0xbc2b, 0x9369, 0x9369, 0x7aa7, 0x8430, 0x9369, 0x9369, 0x9369, 0x7aa7, 0x7aa7, 0x9369, 0x9369, 0x7aa7, 0x59e5,
    0x9369, 0x7aa7, 0xbc2b, 0x9369, 0x9369, 0x7aa7, 0x8430, 0x9369, 0x9369, 0x9369, 0x7aa7, 0x7aa7, 0x9369, 0x9369, 0x7aa7, 0x59e5,
    0x9369, 0x7aa7, 0xbc2b, 0x9369, 0x9369, 0x7aa7, 0x8430, 0x9369, 0x9369, 0x9369, 0x7aa7, 0x7aa7, 0x9369, 0x9369, 0x7aa7, 0x59e5,
    0x9369, 0x7aa7, 0xbc2b, 0x9369, 0x9369, 0x7aa7, 0x8430, 0x9369, 0x9369, 0x9369, 0x7aa7, 0x7aa7, 0x9369, 0x9369, 0x7aa7, 0x59e5,
    0x9369, 0x7aa7, 0xbc2b, 0x9369, 0x9369, 0x7aa7, 0x8430, 0x9369, 0x9369, 0x9369, 0x7aa7, 0x7aa7, 0x9369, 0x9369, 0x7aa7, 0x59e5,
    0x9369, 0x7aa7, 0xbc2b, 0x9369, 0x9369, 0x7aa7, 0x8430, 0x9369, 0x9369, 0x9369, 0x7aa7, 0x7aa7, 0x9369, 0x9369, 0x7aa7, 0x59e5,
    0x9369, 0x7aa7, 0xbc2b, 0x9369, 0x9369, 0x7aa7, 0x8430, 0x9369, 0x9369, 0x9369, 0x7aa7, 0x7aa7, 0x9369, 0x9369, 0x7aa7, 0x59e5,
    0x9369, 0x7aa7, 0xbc2b, 0x9369, 0x9369, 0x7aa7, 0x8430, 0x9369, 0x9369, 0x9369, 0x7aa7, 0x7aa7, 0x9369, 0x9369, 0x7aa7, 0x59e5,
    0x9369, 0x7aa7, 0xbc2b, 0x9369, 0x9369, 0x7aa7, 0x8430, 0x9369, 0x9369, 0x9369, 0x7aa7, 0x7aa7, 0x9369, 0x9369, 0x7aa7, 0x59e5,
    0x9369, 0x7aa7, 0xbc2b, 0x9369, 0x9369, 0x7aa7, 0x8430, 0x9369, 0x9369, 0x9369, 0x7aa7, 0x7aa7, 0x9369, 0x9369, 0x7aa7, 0x59e5,
    0x9369, 0x7aa7, 0xbc2b, 0x9369, 0x9369, 0x7aa7, 0x8430, 0x9369, 0x9369, 0x9369, 0x7aa7, 0x7aa7, 0x9369, 0x9369, 0x7aa7, 0x59e5,
    0xbc2b, 0x9369, 0x9369, 0x7aa7, 0x7aa7, 0xbc2b, 0x9369, 0x9369, 0x7aa7, 0x7aa7, 0x59e5, 0x7aa7, 0x7aa7, 0xbc2b, 0x7aa7, 0xbc2b,
    0xbc2b, 0x9369, 0x9369, 0x7aa7, 0x7aa7, 0xbc2b, 0x9369, 0x9369, 0x7aa7, 0x7aa7, 0x59e5, 0x7aa7, 0x7aa7, 0xbc2b, 0x7aa7, 0xbc2b,
    0xbc2b, 0x9369, 0x9369, 0x7aa7, 0x7aa7, 0xbc2b, 0x9369, 0x9369, 0x7aa7, 0x7aa7, 0x59e5, 0x7aa7, 0x7aa7, 0xbc2b, 0x7aa7, 0xbc2b,
    0xbc2b, 0x9369, 0x9369, 0x7aa7, 0x7aa7, 0xbc2b, 0x9369, 0x9369, 0x7aa7, 0x7aa7, 0x59e5, 0x7aa7, 0x7aa7, 0xbc2b, 0x7aa7, 0xbc2b,
    0xbc2b, 0x9369, 0x9369, 0x7aa7, 0x7aa7, 0xbc2b, 0x9369, 0x9369, 0x7aa7, 0x7aa7, 0x59e5, 0x7aa7, 0x7aa7, 0xbc2b, 0x7aa7, 0xbc2b,
    0xbc2b, 0x9369, 0x9369, 0x7aa7, 0x7aa7, 0xbc2b, 0x9369, 0x9369, 0x7aa7, 0x7aa7, 0x59e5, 0x7aa7, 0x7aa7, 0xbc2b, 0x7aa7, 0xbc2b,
    0xbc2b, 0x9369, 0x9369, 0x7aa7, 0x7aa7, 0xbc2b, 0x9369, 0x9369, 0x7aa7, 0x7aa7, 0x59e5, 0x7aa7, 0x7aa7, 0xbc2b, 0x7aa7, 0xbc2b,
    0xbc2b, 0x9369, 0x9369, 0x7aa7, 0x7aa7, 0xbc2b, 0x9369, 0x9369, 0x7aa7, 0x7aa7, 0x59e5, 0x7aa7, 0x7aa7, 0xbc2b, 0x7aa7, 0xbc2b,
    0xbc2b, 0x9369, 0x9369, 0x7aa7, 0x7aa7, 0xbc2b, 0x9369, 0x9369, 0x7aa7, 0x7aa7, 0x59e5, 0x7aa7, 0x7aa7, 0xbc2b, 0x7aa7, 0xbc2b,
    0xbc2b, 0x9369, 0x9369, 0x7aa7, 0x7aa7, 0xbc2b, 0x9369, 0x9369, 0x7aa7, 0x7aa7, 0x59e5, 0x7aa7, 0x7aa7, 0xbc2b, 0x7aa7, 0xbc2b,
    0xbc2b, 0x9369, 0x9369, 0x7aa7, 0x7aa7, 0xbc2b, 0x9369, 0x9369, 0x7aa7, 0x7aa7, 0x59e5, 0x7aa7, 0x7aa7, 0xbc2b, 0x7aa7, 0xbc2b,
    0xbc2b, 0x9369, 0x9369, 0x7aa7, 0x7aa7, 0xbc2b, 0x9369, 0x9369, 0x7aa7, 0x7aa7, 0x59e5, 0x7aa7, 0x7aa7, 0xbc2b, 0x7aa7, 0xbc2b,
    0xbc2b, 0x9369, 0x9369, 0x7aa7, 0x7aa7, 0xbc2b, 0x9369, 0x9369, 0x7aa7, 0x7aa7, 0x59e5, 0x7aa7, 0x7aa7, 0xbc2b, 0x7aa7, 0xbc2b,
    0xbc2b, 0x9369, 0x9369, 0x7aa7, 0x7aa7, 0xbc2b, 0x9369, 0x9369, 0x7aa7, 0x7aa7, 0x59e5, 0x7aa7, 0x7aa7, 0xbc2b, 0x7aa7, 0xbc2b,
    0xbc2b, 0x9369, 0x9369, 0x7aa7, 0x7aa7, 0xbc2b, 0x9369, 0x9369, 0x7aa7, 0x7aa7, 0x59e5, 0x7aa7, 0x7aa7, 0xbc2b, 0x7aa7, 0xbc2b,
    0xbc2b, 0x9369, 0x9369, 0x7aa7, 0x7aa7, 0xbc2b, 0x9369, 0x9369, 0x7aa7, 0x7aa7, 0x59e5, 0x7aa7, 0x7aa7, 0xbc2b, 0x7aa7, 0xbc2b,
    0xbc2b, 0x9369, 0x9369, 0x7aa7, 0x7aa7, 0xbc2b, 0x9369, 0x9369, 0x7aa7, 0x7aa7, 0x59e5, 0x7aa7, 0x7aa7, 0xbc2b, 0x7aa7, 0xbc2b,
    0xbc2b, 0x9369, 0x9369, 0x7aa7, 0x7aa7, 0xbc2b, 0x9369, 0x9369, 0x7aa7, 0x7aa7, 0x59e5, 0x7aa7, 0x7aa7, 0xbc2b, 0x7aa7, 0xbc2b,
    0xbc2b, 0x9369, 0x9369, 0x7aa7, 0x7aa7, 0xbc2b, 0x9369, 0x9369, 0x7aa7, 0x7aa7, 0x59e5, 0x7aa7, 0x7aa7, 0xbc2b, 0x7aa7, 0xbc2b,
    0xbc2b, 0x9369, 0x9369, 0x7aa7, 0x7aa7, 0xbc2b, 0x9369, 0x9369, 0x7aa7, 0x7aa7, 0x59e5, 0x7aa7, 0x7aa7, 0xbc2b, 0x7aa7, 0xbc2b,
    0x7aa7, 0x9369, 0x59e5, 0x7aa7, 0x7aa7, 0x9369, 0x8430, 0x59e5, 0x7aa7, 0xbc2b, 0x9369, 0x7aa7, 0x7aa7, 0x9369, 0x59e5, 0x59e5,
    0x7aa7, 0x9369, 0x59e5, 0x7aa7, 0x7aa7, 0x9369, 0x8430, 0x59e5, 0x7aa7, 0xbc2b, 0x9369, 0x7aa7, 0x7aa7, 0x9369, 0x59e5, 0x59e5,
    0x7aa7, 0x9369, 0x59e5, 0x7aa7, 0x7aa7, 0x9369, 0x8430, 0x59e5, 0x7aa7, 0xbc2b, 0x9369, 0x7aa7, 0x7aa7, 0x9369, 0x59e5, 0x59e5,
    0x7aa7, 0x9369, 0x59e5, 0x7aa7, 0x7aa7, 0x9369, 0x8430, 0x59e5, 0x7aa7, 0xbc2b, 0x9369, 0x7aa7, 0x7aa7, 0x9369, 0x59e5, 0x59e5,
    0x7aa7, 0x9369, 0x59e5, 0x7aa7, 0x7aa7, 0x9369, 0x8430, 0x59e5, 0x7aa7, 0xbc2b, 0x9369, 0x7aa7, 0x7aa7, 0x9369, 0x59e5, 0x59e5,
    0x7aa7, 0x9369, 0x59e5, 0x7aa7, 0x7aa7, 0x9369, 0x8430, 0x59e5, 0x7aa7, 0xbc2b, 0x9369, 0x7aa7, 0x7aa7, 0x9369, 0x59e5, 0x59e5,
    0x7aa7, 0x9369, 0x59e5, 0x7aa7, 0x7aa7, 0x9369, 0x8430, 0x59e5, 0x7aa7, 0xbc2b, 0x9369, 0x7aa7, 0x7aa7, 0x9369, 0x59e5, 0x59e5,
    0x7aa7, 0x9369, 0x59e5, 0x7aa7, 0x7aa7, 0x9369, 0x8430, 0x59e5, 0x7aa7, 0xbc2b, 0x9369, 0x7aa7, 0x7aa7, 0x9369, 0x59e5, 0x59e5,
    0x7aa7, 0x9369, 0x59e5, 0x7aa7, 0x7aa7, 0x9369, 0x8430, 0x59e5, 0x7aa7, 0xbc2b, 0x9369, 0x7aa7, 0x7aa7, 0x9369, 0x59e5, 0x59e5,
    0x7aa7, 0x9369, 0x59e5, 0x7aa7, 0x7aa7, 0x9369, 0x8430, 0x59e5, 0x7aa7, 0xbc2b, 0x9369, 0x7aa7, 0x7aa7, 0x9369, 0x59e5, 0x59e5,
    0x7aa7, 0x9369, 0x59e5, 0x7aa7, 0x7aa7, 0x9369, 0x8430, 0x59e5, 0x7aa7, 0xbc2b, 0x9369, 0x7aa7, 0x7aa7, 0x9369, 0x59e5, 0x59e5,
    0x7aa7, 0x9369, 0x59e5, 0x7aa7, 0x7aa7, 0x9369, 0x8430, 0x59e5, 0x7aa7, 0xbc2b, 0x9369, 0x7aa7, 0x7aa7, 0x9369, 0x59e5, 0x59e5,
    0x7aa7, 0x9369, 0x59e5, 0x7aa7, 0x7aa7, 0x9369, 0x8430, 0x59e5, 0x7aa7, 0xbc2b, 0x9369, 0x7aa7, 0x7aa7, 0x9369, 0x59e5, 0x59e5,
    0x7aa7, 0x9369, 0x59e5, 0x7aa7, 0x7aa7, 0x9369, 0x8430, 0x59e5, 0x7aa7, 0xbc2b, 0x9369, 0x7aa7, 0x7aa7, 0x9369, 0x59e5, 0x59e5,
    0x7aa7, 0x9369, 0x59e5, 0x7aa7, 0x7aa7, 0x9369, 0x8430, 0x59e5, 0x7aa7, 0xbc2b, 0x9369, 0x7aa7, 0x7aa7, 0x9369, 0x59e5, 0x59e5,
    0x7aa7, 0x9369, 0x59e5, 0x7aa7, 0x7aa7, 0x9369, 0x8430, 0x59e5, 0x7aa7, 0xbc2b, 0x9369, 0x7aa7, 0x7aa7, 0x9369, 0x59e5, 0x59e5,
    0x7aa7, 0x9369, 0x59e5, 0x7aa7, 0x7aa7, 0x9369, 0x8430, 0x59e5, 0x7aa7, 0xbc2b, 0x9369, 0x7aa7, 0x7aa7, 0x9369, 0x59e5, 0x59e5,
    0x7aa7, 0x9369, 0x59e5, 0x7aa7, 0x7aa7, 0x9369, 0x8430, 0x59e5, 0x7aa7, 0xbc2b, 0x9369, 0x7aa7, 0x7aa7, 0x9369, 0x59e5, 0x59e5,
    0x7aa7, 0x9369, 0x59e5, 0x7aa7, 0x7aa7, 0x9369, 0x8430, 0x59e5, 0x7aa7, 0xbc2b, 0x9369, 0x7aa7, 0x7aa7, 0x9369, 0x59e5, 0x59e5,
    0x7aa7, 0x9369, 0x59e5, 0x7aa7, 0x7aa7, 0x9369, 0x8430, 0x59e5, 0x7aa7, 0xbc2b, 0x9369, 0x7aa7, 0x7aa7, 0x9369, 0x59e5, 0x59e5,
    0xbc2b, 0x7aa7, 0x7aa7, 0x59e5, 0xbc2b, 0x7aa7, 0x7aa7, 0x7aa7, 0xbc2b, 0x7aa7, 0x7aa7, 0x7aa7, 0x59e5, 0x59e5, 0xbc2b, 0x7aa7,
    0xbc2b, 0x7aa7, 0x7aa7, 0x59e5, 0xbc2b, 0x7aa7, 0x7aa7, 0x7aa7, 0xbc2b, 0x7aa7, 0x7aa7, 0x7aa7, 0x59e5, 0x59e5, 0xbc2b, 0x7aa7,
    0xbc2b, 0x7aa7, 0x7aa7, 0x59e5, 0xbc2b, 0x7aa7, 0x7aa7, 0x7aa7, 0xbc2b, 0x7aa7, 0x7aa7, 0x7aa7, 0x59e5, 0x59e5, 0xbc2b, 0x7aa7,
    0xbc2b, 0x7aa7, 0x7aa7, 0x59e5, 0xbc2b, 0x7aa7, 0x7aa7, 0x7aa7, 0xbc2b, 0x7aa7, 0x7aa7, 0x7aa7, 0x59e5, 0x59e5, 0xbc2b, 0x7aa7,
    0xbc2b, 0x7aa7, 0x7aa7, 0x59e5, 0xbc2b, 0x7aa7, 0x7aa7, 0x7aa7, 0xbc2b, 0x7aa7, 0x7aa7, 0x7aa7, 0x59e5, 0x59e5, 0xbc2b, 0x7aa7,
    0xbc2b, 0x7aa7, 0x7aa7, 0x59e5, 0xbc2b, 0x7aa7, 0x7aa7, 0x7aa7, 0xbc2b, 0x7aa7, 0x7aa7, 0x7aa7, 0x59e5, 0x59e5, 0xbc2b, 0x7aa7,
    0xbc2b, 0x7aa7, 0x7aa7, 0x59e5, 0xbc2b, 0x7aa7, 0x7aa7, 0x7aa7, 0xbc2b, 0x7aa7, 0x7aa7, 0x7aa7, 0x59e5, 0x59e5, 0xbc2b, 0x7aa7,
    0xbc2b, 0x7aa7, 0x7aa7, 0x59e5, 0xbc2b, 0x7aa7, 0x7aa7, 0x7aa7, 0xbc2b, 0x7aa7, 0x7aa7, 0x7aa7, 0x59e5, 0x59e5, 0xbc2b, 0x7aa7,
    0xbc2b, 0x7aa7, 0x7aa7, 0x59e5, 0xbc2b, 0x7aa7, 0x7aa7, 0x7aa7, 0xbc2b, 0x7aa7, 0x7aa7, 0x7aa7, 0x59e5, 0x59e5, 0xbc2b, 0x7aa7,
    0xbc2b, 0x7aa7, 0x7aa7, 0x59e5, 0xbc2b, 0x7aa7, 0x7aa7, 0x7aa7, 0xbc2b, 0x7aa7, 0x7aa7, 0x7aa7, 0x59e5, 0x59e5, 0xbc2b, 0x7aa7,
    0xbc2b, 0x7aa7, 0x7aa7, 0x59e5, 0xbc2b, 0x7aa7, 0x7aa7, 0x7aa7, 0xbc2b, 0x7aa7, 0x7aa7, 0x7aa7, 0x59e5, 0x59e5, 0xbc2b, 0x7aa7,
    0xbc2b, 0x7aa7, 0x7aa7, 0x59e5, 0xbc2b, 0x7aa7, 0x7aa7, 0x7aa7, 0xbc2b, 0x7aa7, 0x7aa7, 0x7aa7, 0x59e5, 0x59e5, 0xbc2b, 0x7aa7,
    0xbc2b, 0x7aa7, 0x7aa7, 0x59e5, 0xbc2b, 0x7aa7, 0x7aa7, 0x7aa7, 0xbc2b, 0x7aa7, 0x7aa7, 0x7aa7, 0x59e5, 0x59e5, 0xbc2b, 0x7aa7,
    0xbc2b, 0x7aa7, 0x7aa7, 0x59e5, 0xbc2b, 0x7aa7, 0x7aa7, 0x7aa7, 0xbc2b, 0x7aa7, 0x7aa7, 0x7aa7, 0x59e5, 0x59e5, 0xbc2b, 0x7aa7,
    0xbc2b, 0x7aa7, 0x7aa7, 0x59e5, 0xbc2b, 0x7aa7, 0x7aa7, 0x7aa7, 0xbc2b, 0x7aa7, 0x7aa7, 0x7aa7, 0x59e5, 0x59e5, 0xbc2b, 0x7aa7,
    0xbc2b, 0x7aa7, 0x7aa7, 0x59e5, 0xbc2b, 0x7aa7, 0x7aa7, 0x7aa7, 0xbc2b, 0x7aa7, 0x7aa7, 0x7aa7, 0x59e5, 0x59e5, 0xbc2b, 0x7aa7,
    0xbc2b, 0x7aa7, 0x7aa7, 0x59e5, 0xbc2b, 0x7aa7, 0x7aa7, 0x7aa7, 0xbc2b, 0x7aa7, 0x7aa7, 0x7aa7, 0x59e5, 0x59e5, 0xbc2b, 0x7aa7,
    0xbc2b, 0x7aa7, 0x7aa7, 0x59e5, 0xbc2b, 0x7aa7, 0x7aa7, 0x7aa7, 0xbc2b, 0x7aa7, 0x7aa7, 0x7aa7, 0x59e5, 0x59e5, 0xbc2b, 0x7aa7,
    0xbc2b, 0x7aa7, 0x7aa7, 0x59e5, 0xbc2b, 0x7aa7, 0x7aa7, 0x7aa7, 0xbc2b, 0x7aa7, 0x7aa7, 0x7aa7, 0x59e5, 0x59e5, 0xbc2b, 0x7aa7,
    0xbc2b, 0x7aa7, 0x7aa7, 0x59e5, 0xbc2b, 0x7aa7, 0x7aa7, 0x7aa7, 0xbc2b, 0x7aa7, 0x7aa7, 0x7aa7, 0x59e5, 0x59e5, 0xbc2b, 0x7aa7,
    0x9369, 0x6b6d, 0xbc2b, 0x7aa7, 0x9369, 0x59e5, 0x7aa7, 0xbc2b, 0x9369, 0x9369, 0x7aa7, 0x9369, 0x7aa7, 0xbc2b, 0x9369, 0x7aa7,
    0x9369, 0x6b6d, 0xbc2b, 0x7aa7, 0x9369, 0x59e5, 0x7aa7, 0xbc2b, 0x9369, 0x9369, 0x7aa7, 0x9369, 0x7aa7, 0xbc2b, 0x9369, 0x7aa7,
    0x9369, 0x6b6d, 0xbc2b, 0x7aa7, 0x9369, 0x59e5, 0x7aa7, 0xbc2b, 0x9369, 0x9369, 0x7aa7, 0x9369, 0x7aa7, 0xbc2b, 0x9369, 0x7aa7,
    0x9369, 0x6b6d, 0xbc2b, 0x7aa7, 0x9369, 0x59e5, 0x7aa7, 0xbc2b, 0x9369, 0x9369, 0x7aa7, 0x9369, 0x7aa7, 0xbc2b, 0x9369, 0x7aa7,
    0x9369, 0x6b6d, 0xbc2b, 0x7aa7, 0x9369, 0x59e5, 0x7aa7, 0xbc2b, 0x9369, 0x9369, 0x7aa7, 0x9369, 0x7aa7, 0xbc2b, 0x9369, 0x7aa7,
    0x9369, 0x6b6d, 0xbc2b, 0x7aa7, 0x9369, 0x59e5, 0x7aa7, 0xbc2b, 0x9369, 0x9369, 0x7aa7, 0x9369, 0x7aa7, 0xbc2b, 0x9369, 0x7aa7,
    0x9369, 0x6b6d, 0xbc2b, 0x7aa7, 0x9369, 0x59e5, 0x7aa7, 0xbc2b, 0x9369, 0x9369, 0x7aa7, 0x9369, 0x7aa7, 0xbc2b, 0x9369, 0x7aa7,
    0x9369, 0x6b6d, 0xbc2b, 0x7aa7, 0x9369, 0x59e5, 0x7aa7, 0xbc2b, 0x9369, 0x9369, 0x7aa7, 0x9369, 0x7aa7, 0xbc2b, 0x9369, 0x7aa7,
    0x9369, 0x6b6d, 0xbc2b, 0x7aa7, 0x9369, 0x59e5, 0x7aa7, 0xbc2b, 0x9369, 0x9369, 0x7aa7, 0x9369, 0x7aa7, 0xbc2b, 0x9369, 0x7aa7,
    0x9369, 0x6b6d, 0xbc2b, 0x7aa7, 0x9369, 0x59e5, 0x7aa7, 0xbc2b, 0x9369, 0x9369, 0x7aa7, 0x9369, 0x7aa7, 0xbc2b, 0x9369, 0x7aa7,
    0x9369, 0x6b6d, 0xbc2b, 0x7aa7, 0x9369, 0x59e5, 0x7aa7, 0xbc2b, 0x9369, 0x9369, 0x7aa7, 0x9369, 0x7aa7, 0xbc2b, 0x9369, 0x7aa7,
    0x9369, 0x6b6d, 0xbc2b, 0x7aa7, 0x9369, 0x59e5, 0x7aa7, 0xbc2b, 0x9369, 0x9369, 0x7aa7, 0x9369, 0x7aa7, 0xbc2b, 0x9369, 0x7aa7,
    0x9369, 0x6b6d, 0xbc2b, 0x7aa7, 0x9369, 0x59e5, 0x7aa7, 0xbc2b, 0x9369, 0x9369, 0x7aa7, 0x9369, 0x7aa7, 0xbc2b, 0x9369, 0x7aa7,
    0x9369, 0x6b6d, 0xbc2b, 0x7aa7, 0x9369, 0x59e5, 0x7aa7, 0xbc2b, 0x9369, 0x9369, 0x7aa7, 0x9369, 0x7aa7, 0xbc2b, 0x9369, 0x7aa7,
    0x9369, 0x6b6d, 0xbc2b, 0x7aa7, 0x9369, 0x59e5, 0x7aa7, 0xbc2b, 0x9369, 0x9369, 0x7aa7, 0x9369, 0x7aa7, 0xbc2b, 0x9369, 0x7aa7,
    0x9369, 0x6b6d, 0xbc2b, 0x7aa7, 0x9369, 0x59e5, 0x7aa7, 0xbc2b, 0x9369, 0x9369, 0x7aa7, 0x9369, 0x7aa7, 0xbc2b, 0x9369, 0x7aa7,
    0x9369, 0x6b6d, 0xbc2b, 0x7aa7, 0x9369, 0x59e5, 0x7aa7, 0xbc2b, 0x9369, 0x9369, 0x7aa7, 0x9369, 0x7aa7, 0xbc2b, 0x9369, 0x7aa7,
    0x9369, 0x6b6d, 0xbc2b, 0x7aa7, 0x9369, 0x59e5, 0x7aa7, 0xbc2b, 0x9369, 0x9369, 0x7aa7, 0x9369, 0x7aa7, 0xbc2b, 0x9369, 0x7aa7,
    0x9369, 0x6b6d, 0xbc2b, 0x7aa7, 0x9369, 0x59e5, 0x7aa7, 0xbc2b, 0x9369, 0x9369, 0x7aa7, 0x9369, 0x7aa7, 0xbc2b, 0x9369, 0x7aa7,
    0x9369, 0x6b6d, 0xbc2b, 0x7aa7, 0x9369, 0x59e5, 0x7aa7, 0xbc2b, 0x9369, 0x9369, 0x7aa7, 0x9369, 0x7aa7, 0xbc2b, 0x9369, 0x7aa7,
    0x9369, 0x7aa7, 0x9369, 0xbc2b, 0x59e5, 0x9369, 0x7aa7, 0x7aa7, 0x9369, 0x59e5, 0x7aa7, 0x6b6d, 0x7aa7, 0x9369, 0x59e5, 0x7aa7,
    0x9369, 0x7aa7, 0x9369, 0xbc2b, 0x59e5, 0x9369, 0x7aa7, 0x7aa7, 0x9369, 0x59e5, 0x7aa7, 0x6b6d, 0x7aa7, 0x9369, 0x59e5, 0x7aa7,
    0x9369, 0x7aa7, 0x9369, 0xbc2b, 0x59e5, 0x9369, 0x7aa7, 0x7aa7, 0x9369, 0x59e5, 0x7aa7, 0x6b6d, 0x7aa7, 0x9369, 0x59e5, 0x7aa7,
    0x9369, 0x7aa7, 0x9369, 0xbc2b, 0x59e5, 0x9369, 0x7aa7, 0x7aa7, 0x9369, 0x59e5, 0x7aa7, 0x6b6d, 0x7aa7, 0x9369, 0x59e5, 0x7aa7,
    0x9369, 0x7aa7, 0x9369, 0xbc2b, 0x59e5, 0x9369, 0x7aa7, 0x7aa7, 0x9369, 0x59e5, 0x7aa7, 0x6b6d, 0x7aa7, 0x9369, 0x59e5, 0x7aa7,
    0x9369, 0x7aa7, 0x9369, 0xbc2b, 0x59e5, 0x9369, 0x7aa7, 0x7aa7, 0x9369, 0x59e5, 0x7aa7, 0x6b6d, 0x7aa7, 0x9369, 0x59e5, 0x7aa7,
    0x9369, 0x7aa7, 0x9369, 0xbc2b, 0x59e5, 0x9369, 0x7aa7, 0x7aa7, 0x9369, 0x59e5, 0x7aa7, 0x6b6d, 0x7aa7, 0x9369, 0x59e5, 0x7aa7,
    0x9369, 0x7aa7, 0x9369, 0xbc2b, 0x59e5, 0x9369, 0x7aa7, 0x7aa7, 0x9369, 0x59e5, 0x7aa7, 0x6b6d, 0x7aa7, 0x9369, 0x59e5, 0x7aa7,
    0x9369, 0x7aa7, 0x9369, 0xbc2b, 0x59e5, 0x9369, 0x7aa7, 0x7aa7, 0x9369, 0x59e5, 0x7aa7, 0x6b6d, 0x7aa7, 0x9369, 0x59e5, 0x7aa7,
    0x9369, 0x7aa7, 0x9369, 0xbc2b, 0x59e5, 0x9369, 0x7aa7, 0x7aa7, 0x9369, 0x59e5, 0x7aa7, 0x6b6d, 0x7aa7, 0x9369, 0x59e5, 0x7aa7,
    0x9369, 0x7aa7, 0x9369, 0xbc2b, 0x59e5, 0x9369, 0x7aa7, 0x7aa7, 0x9369, 0x59e5, 0x7aa7, 0x6b6d, 0x7aa7, 0x9369, 0x59e5, 0x7aa7,
    0x9369, 0x7aa7, 0x9369, 0xbc2b, 0x59e5, 0x9369, 0x7aa7, 0x7aa7, 0x9369, 0x59e5, 0x7aa7, 0x6b6d, 0x7aa7, 0x9369, 0x59e5, 0x7aa7,
    0x9369, 0x7aa7, 0x9369, 0xbc2b, 0x59e5, 0x9369, 0x7aa7, 0x7aa7, 0x9369, 0x59e5, 0x7aa7, 0x6b6d, 0x7aa7, 0x9369, 0x59e5, 0x7aa7,
    0x9369, 0x7aa7, 0x9369, 0xbc2b, 0x59e5, 0x9369, 0x7aa7, 0x7aa7, 0x9369, 0x59e5, 0x7aa7, 0x6b6d, 0x7aa7, 0x9369, 0x59e5, 0x7aa7,
    0x9369, 0x7aa7, 0x9369, 0xbc2b, 0x59e5, 0x9369, 0x7aa7, 0x7aa7, 0x9369, 0x59e5, 0x7aa7, 0x6b6d, 0x7aa7, 0x9369, 0x59e5, 0x7aa7,
    0x9369, 0x7aa7, 0x9369, 0xbc2b, 0x59e5, 0x9369, 0x7aa7, 0x7aa7, 0x9369, 0x59e5, 0x7aa7, 0x6b6d, 0x7aa7, 0x9369, 0x59e5, 0x7aa7,
    0x9369, 0x7aa7, 0x9369, 0xbc2b, 0x59e5, 0x9369, 0x7aa7, 0x7aa7, 0x9369, 0x59e5, 0x7aa7, 0x6b6d, 0x7aa7, 0x9369, 0x59e5, 0x7aa7,
    0x9369, 0x7aa7, 0x9369, 0xbc2b, 0x59e5, 0x9369, 0x7aa7, 0x7aa7, 0x9369, 0x59e5, 0x7aa7, 0x6b6d, 0x7aa7, 0x9369, 0x59e5, 0x7aa7,
    0x9369, 0x7aa7, 0x9369, 0xbc2b, 0x59e5, 0x9369, 0x7aa7, 0x7aa7, 0x9369, 0x59e5, 0x7aa7, 0x6b6d, 0x7aa7, 0x9369, 0x59e5, 0x7aa7,
    0x9369, 0x7aa7, 0x9369, 0xbc2b, 0x59e5, 0x9369, 0x7aa7, 0x7aa7, 0x9369, 0x59e5, 0x7aa7, 0x6b6d, 0x7aa7, 0x9369, 0x59e5, 0x7aa7,
    0x7aa7, 0x59e5, 0x9369, 0x9369, 0x7aa7, 0x9369, 0x59e5, 0x59e5, 0x59e5, 0x7aa7, 0x7aa7, 0x59e5, 0x7aa7, 0x7aa7, 0x7aa7, 0xbc2b,
    0x7aa7, 0x59e5, 0x9369, 0x9369, 0x7aa7, 0x9369, 0x59e5, 0x59e5, 0x59e5, 0x7aa7, 0x7aa7, 0x59e5, 0x7aa7, 0x7aa7, 0x7aa7, 0xbc2b,
    0x7aa7, 0x59e5, 0x9369, 0x9369, 0x7aa7, 0x9369, 0x59e5, 0x59e5, 0x59e5, 0x7aa7, 0x7aa7, 0x59e5, 0x7aa7, 0x7aa7, 0x7aa7, 0xbc2b,
    0x7aa7, 0x59e5, 0x9369, 0x9369, 0x7aa7, 0x9369, 0x59e5, 0x59e5, 0x59e5, 0x7aa7, 0x7aa7, 0x59e5, 0x7aa7, 0x7aa7, 0x7aa7, 0xbc2b,
    0x7aa7, 0x59e5, 0x9369, 0x9369, 0x7aa7, 0x9369, 0x59e5, 0x59e5, 0x59e5, 0x7aa7, 0x7aa7, 0x59e5, 0x7aa7, 0x7aa7, 0x7aa7, 0xbc2b,
    0x7aa7, 0x59e5, 0x9369, 0x9369, 0x7aa7, 0x9369, 0x59e5, 0x59e5, 0x59e5, 0x7aa7, 0x7aa7, 0x59e5, 0x7aa7, 0x7aa7, 0x7aa7, 0xbc2b,
    0x7aa7, 0x59e5, 0x9369, 0x9369, 0x7aa7, 0x9369, 0x59e5, 0x59e5, 0x59e5, 0x7aa7, 0x7aa7, 0x59e5, 0x7aa7, 0x7aa7, 0x7aa7, 0xbc2b,
    0x7aa7, 0x59e5, 0x9369, 0x9369, 0x7aa7, 0x9369, 0x59e5, 0x59e5, 0x59e5, 0x7aa7, 0x7aa7, 0x59e5, 0x7aa7, 0x7aa7, 0x7aa7, 0xbc2b,
    0x7aa7, 0x59e5, 0x9369, 0x9369, 0x7aa7, 0x9369, 0x59e5, 0x59e5, 0x59e5, 0x7aa7, 0x7aa7, 0x59e5, 0x7aa7, 0x7aa7, 0x7aa7, 0xbc2b,
    0x7aa7, 0x59e5, 0x9369, 0x9369, 0x7aa7, 0x9369, 0x59e5, 0x59e5, 0x59e5, 0x7aa7, 0x7aa7, 0x59e5, 0x7aa7, 0x7aa7, 0x7aa7, 0xbc2b,
    0x7aa7, 0x59e5, 0x9369, 0x9369, 0x7aa7, 0x9369, 0x59e5, 0x59e5, 0x59e5, 0x7aa7, 0x7aa7, 0x59e5, 0x7aa7, 0x7aa7, 0x7aa7, 0xbc2b,
    0x7aa7, 0x59e5, 0x9369, 0x9369, 0x7aa7, 0x9369, 0x59e5, 0x59e5, 0x59e5, 0x7aa7, 0x7aa7, 0x59e5, 0x7aa7, 0x7aa7, 0x7aa7, 0xbc2b,
    0x7aa7, 0x59e5, 0x9369, 0x9369, 0x7aa7, 0x9369, 0x59e5, 0x59e5, 0x59e5, 0x7aa7, 0x7aa7, 0x59e5, 0x7aa7, 0x7aa7, 0x7aa7, 0xbc2b,
    0x7aa7, 0x59e5, 0x9369, 0x9369, 0x7aa7, 0x9369, 0x59e5, 0x59e5, 0x59e5, 0x7aa7, 0x7aa7, 0x59e5, 0x7aa7, 0x7aa7, 0x7aa7, 0xbc2b,
    0x7aa7, 0x59e5, 0x9369, 0x9369, 0x7aa7, 0x9369, 0x59e5, 0x59e5, 0x59e5, 0x7aa7, 0x7aa7, 0x59e5, 0x7aa7, 0x7aa7, 0x7aa7, 0xbc2b,
    0x7aa7, 0x59e5, 0x9369, 0x9369, 0x7aa7, 0x9369, 0x59e5, 0x59e5, 0x59e5, 0x7aa7, 0x7aa7, 0x59e5, 0x7aa7, 0x7aa7, 0x7aa7, 0xbc2b,
    0x7aa7, 0x59e5, 0x9369, 0x9369, 0x7aa7, 0x9369, 0x59e5, 0x59e5, 0x59e5, 0x7aa7, 0x7aa7, 0x59e5, 0x7aa7, 0x7aa7, 0x7aa7, 0xbc2b,
    0x7aa7, 0x59e5, 0x9369, 0x9369, 0x7aa7, 0x9369, 0x59e5, 0x59e5, 0x59e5, 0x7aa7, 0x7aa7, 0x59e5, 0x7aa7, 0x7aa7, 0x7aa7, 0xbc2b,
    0x7aa7, 0x59e5, 0x9369, 0x9369, 0x7aa7, 0x9369, 0x59e5, 0x59e5, 0x59e5, 0x7aa7, 0x7aa7, 0x59e5, 0x7aa7, 0x7aa7, 0x7aa7, 0xbc2b,
    0x7aa7, 0x59e5, 0x9369, 0x9369, 0x7aa7, 0x9369, 0x59e5, 0x59e5, 0x59e5, 0x7aa7, 0x7aa7, 0x59e5, 0x7aa7, 0x7aa7, 0x7aa7, 0xbc2b,
    0xbc2b, 0x59e5, 0x7aa7, 0x7aa7, 0x8430, 0x7aa7, 0x7aa7, 0xbc2b, 0xbc2b, 0x7aa7, 0xbc2b, 0xbc2b, 0x7aa7, 0x9369, 0x7aa7, 0x9369,
    0xbc2b, 0x59e5, 0x7aa7, 0x7aa7, 0x8430, 0x7aa7, 0x7aa7, 0xbc2b, 0xbc2b, 0x7aa7, 0xbc2b, 0xbc2b, 0x7aa7, 0x9369, 0x7aa7, 0x9369,
    0xbc2b, 0x59e5, 0x7aa7, 0x7aa7, 0x8430, 0x7aa7, 0x7aa7, 0xbc2b, 0xbc2b, 0x7aa7, 0xbc2b, 0xbc2b, 0x7aa7, 0x9369, 0x7aa7, 0x9369,
    0xbc2b, 0x59e5, 0x7aa7, 0x7aa7, 0x8430, 0x7aa7, 0x7aa7, 0xbc2b, 0xbc2b, 0x7aa7, 0xbc2b, 0xbc2b, 0x7aa7, 0x9369, 0x7aa7, 0x9369,
    0xbc2b, 0x59e5, 0x7aa7, 0x7aa7, 0x8430, 0x7aa7, 0x7aa7, 0xbc2b, 0xbc2b, 0x7aa7, 0xbc2b, 0xbc2b, 0x7aa7, 0x9369, 0x7aa7, 0x9369,
    0xbc2b, 0x59e5, 0x7aa7, 0x7aa7, 0x8430, 0x7aa7, 0x7aa7, 0xbc2b, 0xbc2b, 0x7aa7, 0xbc2b, 0xbc2b, 0x7aa7, 0x9369, 0x7aa7, 0x9369,
    0xbc2b, 0x59e5, 0x7aa7, 0x7aa7, 0x8430, 0x7aa7, 0x7aa7, 0xbc2b, 0xbc2b, 0x7aa7, 0xbc2b, 0xbc2b, 0x7aa7, 0x9369, 0x7aa7, 0x9369,
    0xbc2b, 0x59e5, 0x7aa7, 0x7aa7, 0x8430, 0x7aa7, 0x7aa7, 0xbc2b, 0xbc2b, 0x7aa7, 0xbc2b, 0xbc2b, 0x7aa7, 0x9369, 0x7aa7, 0x9369,
    0xbc2b, 0x59e5, 0x7aa7, 0x7aa7, 0x8430, 0x7aa7, 0x7aa7, 0xbc2b, 0xbc2b, 0x7aa7, 0xbc2b, 0xbc2b, 0x7aa7, 0x9369, 0x7aa7, 0x9369,
    0xbc2b, 0x59e5, 0x7aa7, 0x7aa7, 0x8430, 0x7aa7, 0x7aa7, 0xbc2b, 0xbc2b, 0x7aa7, 0xbc2b, 0xbc2b, 0x7aa7, 0x9369, 0x7aa7, 0x9369,
    0xbc2b, 0x59e5, 0x7aa7, 0x7aa7, 0x8430, 0x7aa7, 0x7aa7, 0xbc2b, 0xbc2b, 0x7aa7, 0xbc2b, 0xbc2b, 0x7aa7, 0x9369, 0x7aa7, 0x9369,
    0xbc2b, 0x59e5, 0x7aa7, 0x7aa7, 0x8430, 0x7aa7, 0x7aa7, 0xbc2b, 0xbc2b, 0x7aa7, 0xbc2b, 0xbc2b, 0x7aa7, 0x9369, 0x7aa7, 0x9369,
    0xbc2b, 0x59e5, 0x7aa7, 0x7aa7, 0x8430, 0x7aa7, 0x7aa7, 0xbc2b, 0xbc2b, 0x7aa7, 0xbc2b, 0xbc2b, 0x7aa7, 0x9369, 0x7aa7, 0x9369,
    0xbc2b, 0x59e5, 0x7aa7, 0x7aa7, 0x8430, 0x7aa7, 0x7aa7, 0xbc2b, 0xbc2b, 0x7aa7, 0xbc2b, 0xbc2b, 0x7aa7, 0x9369, 0x7aa7, 0x9369,
    0xbc2b, 0x59e5, 0x7aa7, 0x7aa7, 0x8430, 0x7aa7, 0x7aa7, 0xbc2b, 0xbc2b, 0x7aa7, 0xbc2b, 0xbc2b, 0x7aa7, 0x9369, 0x7aa7, 0x9369,
    0xbc2b, 0x59e5, 0x7aa7, 0x7aa7, 0x8430, 0x7aa7, 0x7aa7, 0xbc2b, 0xbc2b, 0x7aa7, 0xbc2b, 0xbc2b, 0x7aa7, 0x9369, 0x7aa7, 0x9369,
    0xbc2b, 0x59e5, 0x7aa7, 0x7aa7, 0x8430, 0x7aa7, 0x7aa7, 0xbc2b, 0xbc2b, 0x7aa7, 0xbc2b, 0xbc2b, 0x7aa7, 0x9369, 0x7aa7, 0x9369,
    0xbc2b, 0x59e5, 0x7aa7, 0x7aa7, 0x8430, 0x7aa7, 0x7aa7, 0xbc2b, 0xbc2b, 0x7aa7, 0xbc2b, 0xbc2b, 0x7aa7, 0x9369, 0x7aa7, 0x9369,
    0xbc2b, 0x59e5, 0x7aa7, 0x7aa7, 0x8430, 0x7aa7, 0x7aa7, 0xbc2b, 0xbc2b, 0x7aa7, 0xbc2b, 0xbc2b, 0x7aa7, 0x9369, 0x7aa7, 0x9369,
    0xbc2b, 0x59e5, 0x7aa7, 0x7aa7, 0x8430, 0x7aa7, 0x7aa7, 0xbc2b, 0xbc2b, 0x7aa7, 0xbc2b, 0xbc2b, 0x7aa7, 0x9369, 0x7aa7, 0x9369,
    0xbc2b, 0x7aa7, 0xbc2b, 0xbc2b, 0x9369, 0x9369, 0x7aa7, 0x7aa7, 0x9369, 0x59e5, 0x9369, 0x9369, 0x7aa7, 0x7aa7, 0x9369, 0x9369,
    0xbc2b, 0x7aa7, 0xbc2b, 0xbc2b, 0x9369, 0x9369, 0x7aa7, 0x7aa7, 0x9369, 0x59e5, 0x9369, 0x9369, 0x7aa7, 0x7aa7, 0x9369, 0x9369,
    0xbc2b, 0x7aa7, 0xbc2b, 0xbc2b, 0x9369, 0x9369, 0x7aa7, 0x7aa7, 0x9369, 0x59e5, 0x9369, 0x9369, 0x7aa7, 0x7aa7, 0x9369, 0x9369,
    0xbc2b, 0x7aa7, 0xbc2b, 0xbc2b, 0x9369, 0x9369, 0x7aa7, 0x7aa7, 0x9369, 0x59e5, 0x9369, 0x9369, 0x7aa7, 0x7aa7, 0x9369, 0x9369,
    0xbc2b, 0x7aa7, 0xbc2b, 0xbc2b, 0x9369, 0x9369, 0x7aa7, 0x7aa7, 0x9369, 0x59e5, 0x9369, 0x9369, 0x7aa7, 0x7aa7, 0x9369, 0x9369,
    0xbc2b, 0x7aa7, 0xbc2b, 0xbc2b, 0x9369, 0x9369, 0x7aa7, 0x7aa7, 0x9369, 0x59e5, 0x9369, 0x9369, 0x7aa7, 0x7aa7, 0x9369, 0x9369,
    0xbc2b, 0x7aa7, 0xbc2b, 0xbc2b, 0x9369, 0x9369, 0x7aa7, 0x7aa7, 0x9369, 0x59e5, 0x9369, 0x9369, 0x7aa7, 0x7aa7, 0x9369, 0x9369,
    0xbc2b, 0x7aa7, 0xbc2b, 0xbc2b, 0x9369, 0x9369, 0x7aa7, 0x7aa7, 0x9369, 0x59e5, 0x9369, 0x9369, 0x7aa7, 0x7aa7, 0x9369, 0x9369,
    0xbc2b, 0x7aa7, 0xbc2b, 0xbc2b, 0x9369, 0x9369, 0x7aa7, 0x7aa7, 0x9369, 0x59e5, 0x9369, 0x9369, 0x7aa7, 0x7aa7, 0x9369, 0x9369,
    0xbc2b, 0x7aa7, 0xbc2b, 0xbc2b, 0x9369, 0x9369, 0x7aa7, 0x7aa7, 0x9369, 0x59e5, 0x9369, 0x9369, 0x7aa7, 0x7aa7, 0x9369, 0x9369,
    0xbc2b, 0x7aa7, 0xbc2b, 0xbc2b, 0x9369, 0x9369, 0x7aa7, 0x7aa7, 0x9369, 0x59e5, 0x9369, 0x9369, 0x7aa7, 0x7aa7, 0x9369, 0x9369,
    0xbc2b, 0x7aa7, 0xbc2b, 0xbc2b, 0x9369, 0x9369, 0x7aa7, 0x7aa7, 0x9369, 0x59e5, 0x9369, 0x9369, 0x7aa7, 0x7aa7, 0x9369, 0x9369,
    0xbc2b, 0x7aa7, 0xbc2b, 0xbc2b, 0x9369, 0x9369, 0x7aa7, 0x7aa7, 0x9369, 0x59e5, 0x9369, 0x9369, 0x7aa7, 0x7aa7, 0x9369, 0x9369,
    0xbc2b, 0x7aa7, 0xbc2b, 0xbc2b, 0x9369, 0x9369, 0x7aa7, 0x7aa7, 0x9369, 0x59e5, 0x9369, 0x9369, 0x7aa7, 0x7aa7, 0x9369, 0x9369,
    0xbc2b, 0x7aa7, 0xbc2b, 0xbc2b, 0x9369, 0x9369, 0x7aa7, 0x7aa7, 0x9369, 0x59e5, 0x9369, 0x9369, 0x7aa7, 0x7aa7, 0x9369, 0x9369,
    0xbc2b, 0x7aa7, 0xbc2b, 0xbc2b, 0x9369, 0x9369, 0x7aa7, 0x7aa7, 0x9369, 0x59e5, 0x9369, 0x9369, 0x7aa7, 0x7aa7, 0x9369, 0x9369,
    0xbc2b, 0x7aa7, 0xbc2b, 0xbc2b, 0x9369, 0x9369, 0x7aa7, 0x7aa7, 0x9369, 0x59e5, 0x9369, 0x9369, 0x7aa7, 0x7aa7, 0x9369, 0x9369,
    0xbc2b, 0x7aa7, 0xbc2b, 0xbc2b, 0x9369, 0x9369, 0x7aa7, 0x7aa7, 0x9369, 0x59e5, 0x9369, 0x9369, 0x7aa7, 0x7aa7, 0x9369, 0x9369,
    0xbc2b, 0x7aa7, 0xbc2b, 0xbc2b, 0x9369, 0x9369, 0x7aa7, 0x7aa7, 0x9369, 0x59e5, 0x9369, 0x9369, 0x7aa7, 0x7aa7, 0x9369, 0x9369,
    0xbc2b, 0x7aa7, 0xbc2b, 0xbc2b, 0x9369, 0x9369, 0x7aa7, 0x7aa7, 0x9369, 0x59e5, 0x9369, 0x9369, 0x7aa7, 0x7aa7, 0x9369, 0x9369,
    0x9369, 0x7aa7, 0x7aa7, 0x9369, 0x7aa7, 0x9369, 0x7aa7, 0x59e5, 0x7aa7, 0x9369, 0x9369, 0x7aa7, 0x7aa7, 0x7aa7, 0x59e5, 0x7aa7,
    0x9369, 0x7aa7, 0x7aa7, 0x9369, 0x7aa7, 0x9369, 0x7aa7, 0x59e5, 0x7aa7, 0x9369, 0x9369, 0x7aa7, 0x7aa7, 0x7aa7, 0x59e5, 0x7aa7,
    0x9369, 0x7aa7, 0x7aa7, 0x9369, 0x7aa7, 0x9369, 0x7aa7, 0x59e5, 0x7aa7, 0x9369, 0x9369, 0x7aa7, 0x7aa7, 0x7aa7, 0x59e5, 0x7aa7,
    0x9369, 0x7aa7, 0x7aa7, 0x9369, 0x7aa7, 0x9369, 0x7aa7, 0x59e5, 0x7aa7, 0x9369, 0x9369, 0x7aa7, 0x7aa7, 0x7aa7, 0x59e5, 0x7aa7,
    0x9369, 0x7aa7, 0x7aa7, 0x9369, 0x7aa7, 0x9369, 0x7aa7, 0x59e5, 0x7aa7, 0x9369, 0x9369, 0x7aa7, 0x7aa7, 0x7aa7, 0x59e5, 0x7aa7,
    0x9369, 0x7aa7, 0x7aa7, 0x9369, 0x7aa7, 0x9369, 0x7aa7, 0x59e5, 0x7aa7, 0x9369, 0x9369, 0x7aa7, 0x7aa7, 0x7aa7, 0x59e5, 0x7aa7,
    0x9369, 0x7aa7, 0x7aa7, 0x9369, 0x7aa7, 0x9369, 0x7aa7, 0x59e5, 0x7aa7, 0x9369, 0x9369, 0x7aa7, 0x7aa7, 0x7aa7, 0x59e5, 0x7aa7,
    0x9369, 0x7aa7, 0x7aa7, 0x9369, 0x7aa7, 0x9369, 0x7aa7, 0x59e5, 0x7aa7, 0x9369, 0x9369, 0x7aa7, 0x7aa7, 0x7aa7, 0x59e5, 0x7aa7,
    0x9369, 0x7aa7, 0x7aa7, 0x9369, 0x7aa7, 0x9369, 0x7aa7, 0x59e5, 0x7aa7, 0x9369, 0x9369, 0x7aa7, 0x7aa7, 0x7aa7, 0x59e5, 0x7aa7,
    0x9369, 0x7aa7, 0x7aa7, 0x9369, 0x7aa7, 0x9369, 0x7aa7, 0x59e5, 0x7aa7, 0x9369, 0x9369, 0x7aa7, 0x7aa7, 0x7aa7, 0x59e5, 0x7aa7,
    0x9369, 0x7aa7, 0x7aa7, 0x9369, 0x7aa7, 0x9369, 0x7aa7, 0x59e5, 0x7aa7, 0x9369, 0x9369, 0x7aa7, 0x7aa7, 0x7aa7, 0x59e5, 0x7aa7,
    0x9369, 0x7aa7, 0x7aa7, 0x9369, 0x7aa7, 0x9369, 0x7aa7, 0x59e5, 0x7aa7, 0x9369, 0x9369, 0x7aa7, 0x7aa7, 0x7aa7, 0x59e5, 0x7aa7,
    0x9369, 0x7aa7, 0x7aa7, 0x9369, 0x7aa7, 0x9369, 0x7aa7, 0x59e5, 0x7aa7, 0x9369, 0x9369, 0x7aa7, 0x7aa7, 0x7aa7, 0x59e5, 0x7aa7,
    0x9369, 0x7aa7, 0x7aa7, 0x9369, 0x7aa7, 0x9369, 0x7aa7, 0x59e5, 0x7aa7, 0x9369, 0x9369, 0x7aa7, 0x7aa7, 0x7aa7, 0x59e5, 0x7aa7,
    0x9369, 0x7aa7, 0x7aa7, 0x9369, 0x7aa7, 0x9369, 0x7aa7, 0x59e5, 0x7aa7, 0x9369, 0x9369, 0x7aa7, 0x7aa7, 0x7aa7, 0x59e5, 0x7aa7,
    0x9369, 0x7aa7, 0x7aa7, 0x9369, 0x7aa7, 0x9369, 0x7aa7, 0x59e5, 0x7aa7, 0x9369, 0x9369, 0x7aa7, 0x7aa7, 0x7aa7, 0x59e5, 0x7aa7,
    0x9369, 0x7aa7, 0x7aa7, 0x9369, 0x7aa7, 0x9369, 0x7aa7, 0x59e5, 0x7aa7, 0x9369, 0x9369, 0x7aa7, 0x7aa7, 0x7aa7, 0x59e5, 0x7aa7,
    0x9369, 0x7aa7, 0x7aa7, 0x9369, 0x7aa7, 0x9369, 0x7aa7, 0x59e5, 0x7aa7, 0x9369, 0x9369, 0x7aa7, 0x7aa7, 0x7aa7, 0x59e5, 0x7aa7,
    0x9369, 0x7aa7, 0x7aa7, 0x9369, 0x7aa7, 0x9369, 0x7aa7, 0x59e5, 0x7aa7, 0x9369, 0x9369, 0x7aa7, 0x7aa7, 0x7aa7, 0x59e5, 0x7aa7,
    0x9369, 0x7aa7, 0x7aa7, 0x9369, 0x7aa7, 0x9369, 0x7aa7, 0x59e5, 0x7aa7, 0x9369, 0x9369, 0x7aa7, 0x7aa7, 0x7aa7, 0x59e5, 0x7aa7,
    0x9369, 0x9369, 0x59e5, 0x7aa7, 0x7aa7, 0x59e5, 0x59e5, 0x7aa7, 0x7aa7, 0x7aa7, 0x7aa7, 0x7aa7, 0xbc2b, 0xbc2b, 0x7aa7, 0x9369,
    0x9369, 0x9369, 0x59e5, 0x7aa7, 0x7aa7, 0x59e5, 0x59e5, 0x7aa7, 0x7aa7, 0x7aa7, 0x7aa7, 0x7aa7, 0xbc2b, 0xbc2b, 0x7aa7, 0x9369,
    0x9369, 0x9369, 0x59e5, 0x7aa7, 0x7aa7, 0x59e5, 0x59e5, 0x7aa7, 0x7aa7, 0x7aa7, 0x7aa7, 0x7aa7, 0xbc2b, 0xbc2b, 0x7aa7, 0x9369,
    0x9369, 0x9369, 0x59e5, 0x7aa7, 0x7aa7, 0x59e5, 0x59e5, 0x7aa7, 0x7aa7, 0x7aa7, 0x7aa7, 0x7aa7, 0xbc2b, 0xbc2b, 0x7aa7, 0x9369,
    0x9369, 0x9369, 0x59e5, 0x7aa7, 0x7aa7, 0x59e5, 0x59e5, 0x7aa7, 0x7aa7, 0x7aa7, 0x7aa7, 0x7aa7, 0xbc2b, 0xbc2b, 0x7aa7, 0x9369,
    0x9369, 0x9369, 0x59e5, 0x7aa7, 0x7aa7, 0x59e5, 0x59e5, 0x7aa7, 0x7aa7, 0x7aa7, 0x7aa7, 0x7aa7, 0xbc2b, 0xbc2b, 0x7aa7, 0x9369,
    0x9369, 0x9369, 0x59e5, 0x7aa7, 0x7aa7, 0x59e5, 0x59e5, 0x7aa7, 0x7aa7, 0x7aa7, 0x7aa7, 0x7aa7, 0xbc2b, 0xbc2b, 0x7aa7, 0x9369,
    0x9369, 0x9369, 0x59e5, 0x7aa7, 0x7aa7, 0x59e5, 0x59e5, 0x7aa7, 0x7aa7, 0x7aa7, 0x7aa7, 0x7aa7, 0xbc2b, 0xbc2b, 0x7aa7, 0x9369,
    0x9369, 0x9369, 0x59e5, 0x7aa7, 0x7aa7, 0x59e5, 0x59e5, 0x7aa7, 0x7aa7, 0x7aa7, 0x7aa7, 0x7aa7, 0xbc2b, 0xbc2b, 0x7aa7, 0x9369,
    0x9369, 0x9369, 0x59e5, 0x7aa7, 0x7aa7, 0x59e5, 0x59e5, 0x7aa7, 0x7aa7, 0x7aa7, 0x7aa7, 0x7aa7, 0xbc2b, 0xbc2b, 0x7aa7, 0x9369,
    0x9369, 0x9369, 0x59e5, 0x7aa7, 0x7aa7, 0x59e5, 0x59e5, 0x7aa7, 0x7aa7, 0x7aa7, 0x7aa7, 0x7aa7, 0xbc2b, 0xbc2b, 0x7aa7, 0x9369,
    0x9369, 0x9369, 0x59e5, 0x7aa7, 0x7aa7, 0x59e5, 0x59e5, 0x7aa7, 0x7aa7, 0x7aa7, 0x7aa7, 0x7aa7, 0xbc2b, 0xbc2b, 0x7aa7, 0x9369,
    0x9369, 0x9369, 0x59e5, 0x7aa7, 0x7aa7, 0x59e5, 0x59e5, 0x7aa7, 0x7aa7, 0x7aa7, 0x7aa7, 0x7aa7, 0xbc2b, 0xbc2b, 0x7aa7, 0x9369,
    0x9369, 0x9369, 0x59e5, 0x7aa7, 0x7aa7, 0x59e5, 0x59e5, 0x7aa7, 0x7aa7, 0x7aa7, 0x7aa7, 0x7aa7, 0xbc2b, 0xbc2b, 0x7aa7, 0x9369,
    0x9369, 0x9369, 0x59e5, 0x7aa7, 0x7aa7, 0x59e5, 0x59e5, 0x7aa7, 0x7aa7, 0x7aa7, 0x7aa7, 0x7aa7, 0xbc2b, 0xbc2b, 0x7aa7, 0x9369,
    0x9369, 0x9369, 0x59e5, 0x7aa7, 0x7aa7, 0x59e5, 0x59e5, 0x7aa7, 0x7aa7, 0x7aa7, 0x7aa7, 0x7aa7, 0xbc2b, 0xbc2b, 0x7aa7, 0x9369,
    0x9369, 0x9369, 0x59e5, 0x7aa7, 0x7aa7, 0x59e5, 0x59e5, 0x7aa7, 0x7aa7, 0x7aa7, 0x7aa7, 0x7aa7, 0xbc2b, 0xbc2b, 0x7aa7, 0x9369,
    0x9369, 0x9369, 0x59e5, 0x7aa7, 0x7aa7, 0x59e5, 0x59e5, 0x7aa7, 0x7aa7, 0x7aa7, 0x7aa7, 0x7aa7, 0xbc2b, 0xbc2b, 0x7aa7, 0x9369,
    0x9369, 0x9369, 0x59e5, 0x7aa7, 0x7aa7, 0x59e5, 0x59e5, 0x7aa7, 0x7aa7, 0x7aa7, 0x7aa7, 0x7aa7, 0xbc2b, 0xbc2b, 0x7aa7, 0x9369,
    0x9369, 0x9369, 0x59e5, 0x7aa7, 0x7aa7, 0x59e5, 0x59e5, 0x7aa7, 0x7aa7, 0x7aa7, 0x7aa7, 0x7aa7, 0xbc2b, 0xbc2b, 0x7aa7, 0x9369,
    0x9369, 0x9369, 0x7aa7, 0xbc2b, 0xbc2b, 0x7aa7, 0xbc2b, 0x9369, 0x59e5, 0xbc2b, 0xbc2b, 0x7aa7, 0x9369, 0x9369, 0x8430, 0x7aa7,
    0x9369, 0x9369, 0x7aa7, 0xbc2b, 0xbc2b, 0x7aa7, 0xbc2b, 0x9369, 0x59e5, 0xbc2b, 0xbc2b, 0x7aa7, 0x9369, 0x9369, 0x8430, 0x7aa7,
    0x9369, 0x9369, 0x7aa7, 0xbc2b, 0xbc2b, 0x7aa7, 0xbc2b, 0x9369, 0x59e5, 0xbc2b, 0xbc2b, 0x7aa7, 0x9369, 0x9369, 0x8430, 0x7aa7,
    0x9369, 0x9369, 0x7aa7, 0xbc2b, 0xbc2b, 0x7aa7, 0xbc2b, 0x9369, 0x59e5, 0xbc2b, 0xbc2b, 0x7aa7, 0x9369, 0x9369, 0x8430, 0x7aa7,
    0x9369, 0x9369, 0x7aa7, 0xbc2b, 0xbc2b, 0x7aa7, 0xbc2b, 0x9369, 0x59e5, 0xbc2b, 0xbc2b, 0x7aa7, 0x9369, 0x9369, 0x8430, 0x7aa7,
    0x9369, 0x9369, 0x7aa7, 0xbc2b, 0xbc2b, 0x7aa7, 0xbc2b, 0x9369, 0x59e5, 0xbc2b, 0xbc2b, 0x7aa7, 0x9369, 0x9369, 0x8430, 0x7aa7,
    0x9369, 0x9369, 0x7aa7, 0xbc2b, 0xbc2b, 0x7aa7, 0xbc2b, 0x9369, 0x59e5, 0xbc2b, 0xbc2b, 0x7aa7, 0x9369, 0x9369, 0x8430, 0x7aa7,
    0x9369, 0x9369, 0x7aa7, 0xbc2b, 0xbc2b, 0x7aa7, 0xbc2b, 0x9369, 0x59e5, 0xbc2b, 0xbc2b, 0x7aa7, 0x9369, 0x9369, 0x8430, 0x7aa7,
    0x9369, 0x9369, 0x7aa7, 0xbc2b, 0xbc2b, 0x7aa7, 0xbc2b, 0x9369, 0x59e5, 0xbc2b, 0xbc2b, 0x7aa7, 0x9369, 0x9369, 0x8430, 0x7aa7,
    0x9369, 0x9369, 0x7aa7, 0xbc2b, 0xbc2b, 0x7aa7, 0xbc2b, 0x9369, 0x59e5, 0xbc2b, 0xbc2b, 0x7aa7, 0x9369, 0x9369, 0x8430, 0x7aa7,
    0x9369, 0x9369, 0x7aa7, 0xbc2b, 0xbc2b, 0x7aa7, 0xbc2b, 0x9369, 0x59e5, 0xbc2b, 0xbc2b, 0x7aa7, 0x9369, 0x9369, 0x8430, 0x7aa7,
    0x9369, 0x9369, 0x7aa7, 0xbc2b, 0xbc2b, 0x7aa7, 0xbc2b, 0x9369, 0x59e5, 0xbc2b, 0xbc2b, 0x7aa7, 0x9369, 0x9369, 0x8430, 0x7aa7,
    0x9369, 0x9369, 0x7aa7, 0xbc2b, 0xbc2b, 0x7aa7, 0xbc2b, 0x9369, 0x59e5, 0xbc2b, 0xbc2b, 0x7aa7, 0x9369, 0x9369, 0x8430, 0x7aa7,
    0x9369, 0x9369, 0x7aa7, 0xbc2b, 0xbc2b, 0x7aa7, 0xbc2b, 0x9369, 0x59e5, 0xbc2b, 0xbc2b, 0x7aa7, 0x9369, 0x9369, 0x8430, 0x7aa7,
    0x9369, 0x9369, 0x7aa7, 0xbc2b, 0xbc2b, 0x7aa7, 0xbc2b, 0x9369, 0x59e5, 0xbc2b, 0xbc2b, 0x7aa7, 0x9369, 0x9369, 0x8430, 0x7aa7,
    0x9369, 0x9369, 0x7aa7, 0xbc2b, 0xbc2b, 0x7aa7, 0xbc2b, 0x9369, 0x59e5, 0xbc2b, 0xbc2b, 0x7aa7, 0x9369, 0x9369, 0x8430, 0x7aa7,
    0x9369, 0x9369, 0x7aa7, 0xbc2b, 0xbc2b, 0x7aa7, 0xbc2b, 0x9369, 0x59e5, 0xbc2b, 0xbc2b, 0x7aa7, 0x9369, 0x9369, 0x8430, 0x7aa7,
    0x9369, 0x9369, 0x7aa7, 0xbc2b, 0xbc2b, 0x7aa7, 0xbc2b, 0x9369, 0x59e5, 0xbc2b, 0xbc2b, 0x7aa7, 0x9369, 0x9369, 0x8430, 0x7aa7,
    0x9369, 0x9369, 0x7aa7, 0xbc2b, 0xbc2b, 0x7aa7, 0xbc2b, 0x9369, 0x59e5, 0xbc2b, 0xbc2b, 0x7aa7, 0x9369, 0x9369, 0x8430, 0x7aa7,
    0x9369, 0x9369, 0x7aa7, 0xbc2b, 0xbc2b, 0x7aa7, 0xbc2b, 0x9369, 0x59e5, 0xbc2b, 0xbc2b, 0x7aa7, 0x9369, 0x9369, 0x8430, 0x7aa7,
    0x9369, 0x7aa7, 0x7aa7, 0x9369, 0x9369, 0xbc2b, 0x7aa7, 0x9369, 0x6b6d, 0x9369, 0x9369, 0x7aa7, 0x59e5, 0x9369, 0x7aa7, 0x59e5,
    0x9369, 0x7aa7, 0x7aa7, 0x9369, 0x9369, 0xbc2b, 0x7aa7, 0x9369, 0x6b6d, 0x9369, 0x9369, 0x7aa7, 0x59e5, 0x9369, 0x7aa7, 0x59e5,
    0x9369, 0x7aa7, 0x7aa7, 0x9369, 0x9369, 0xbc2b, 0x7aa7, 0x9369, 0x6b6d, 0x9369, 0x9369, 0x7aa7, 0x59e5, 0x9369, 0x7aa7, 0x59e5,
    0x9369, 0x7aa7, 0x7aa7, 0x9369, 0x9369, 0xbc2b, 0x7aa7, 0x9369, 0x6b6d, 0x9369, 0x9369, 0x7aa7, 0x59e5, 0x9369, 0x7aa7, 0x59e5,
    0x9369, 0x7aa7, 0x7aa7, 0x9369, 0x9369, 0xbc2b, 0x7aa7, 0x9369, 0x6b6d, 0x9369, 0x9369, 0x7aa7, 0x59e5, 0x9369, 0x7aa7, 0x59e5,
    0x9369, 0x7aa7, 0x7aa7, 0x9369, 0x9369, 0xbc2b, 0x7aa7, 0x9369, 0x6b6d, 0x9369, 0x9369, 0x7aa7, 0x59e5, 0x9369, 0x7aa7, 0x59e5,
    0x9369, 0x7aa7, 0x7aa7, 0x9369, 0x9369, 0xbc2b, 0x7aa7, 0x9369, 0x6b6d, 0x9369, 0x9369, 0x7aa7, 0x59e5, 0x9369, 0x7aa7, 0x59e5,
    0x9369, 0x7aa7, 0x7aa7, 0x9369, 0x9369, 0xbc2b, 0x7aa7, 0x9369, 0x6b6d, 0x9369, 0x9369, 0x7aa7, 0x59e5, 0x9369, 0x7aa7, 0x59e5,
    0x9369, 0x7aa7, 0x7aa7, 0x9369, 0x9369, 0xbc2b, 0x7aa7, 0x9369, 0x6b6d, 0x9369, 0x9369, 0x7aa7, 0x59e5, 0x9369, 0x7aa7, 0x59e5,
    0x9369, 0x7aa7, 0x7aa7, 0x9369, 0x9369, 0xbc2b, 0x7aa7, 0x9369, 0x6b6d, 0x9369, 0x9369, 0x7aa7, 0x59e5, 0x9369, 0x7aa7, 0x59e5,
    0x9369, 0x7aa7, 0x7aa7, 0x9369, 0x9369, 0xbc2b, 0x7aa7, 0x9369, 0x6b6d, 0x9369, 0x9369, 0x7aa7, 0x59e5, 0x9369, 0x7aa7, 0x59e5,
    0x9369, 0x7aa7, 0x7aa7, 0x9369, 0x9369, 0xbc2b, 0x7aa7, 0x9369, 0x6b6d, 0x9369, 0x9369, 0x7aa7, 0x59e5, 0x9369, 0x7aa7, 0x59e5,
    0x9369, 0x7aa7, 0x7aa7, 0x9369, 0x9369, 0xbc2b, 0x7aa7, 0x9369, 0x6b6d, 0x9369, 0x9369, 0x7aa7, 0x59e5, 0x9369, 0x7aa7, 0x59e5,
    0x9369, 0x7aa7, 0x7aa7, 0x9369, 0x9369, 0xbc2b, 0x7aa7, 0x9369, 0x6b6d, 0x9369, 0x9369, 0x7aa7, 0x59e5, 0x9369, 0x7aa7, 0x59e5,
    0x9369, 0x7aa7, 0x7aa7, 0x9369, 0x9369, 0xbc2b, 0x7aa7, 0x9369, 0x6b6d, 0x9369, 0x9369, 0x7aa7, 0x59e5, 0x9369, 0x7aa7, 0x59e5,
    0x9369, 0x7aa7, 0x7aa7, 0x9369, 0x9369, 0xbc2b, 0x7aa7, 0x9369, 0x6b6d, 0x9369, 0x9369, 0x7aa7, 0x59e5, 0x9369, 0x7aa7, 0x59e5,
    0x9369, 0x7aa7, 0x7aa7, 0x9369, 0x9369, 0xbc2b, 0x7aa7, 0x9369, 0x6b6d, 0x9369, 0x9369, 0x7aa7, 0x59e5, 0x9369, 0x7aa7, 0x59e5,
    0x9369, 0x7aa7, 0x7aa7, 0x9369, 0x9369, 0xbc2b, 0x7aa7, 0x9369, 0x6b6d, 0x9369, 0x9369, 0x7aa7, 0x59e5, 0x9369, 0x7aa7, 0x59e5,
    0x9369, 0x7aa7, 0x7aa7, 0x9369, 0x9369, 0xbc2b, 0x7aa7, 0x9369, 0x6b6d, 0x9369, 0x9369, 0x7aa7, 0x59e5, 0x9369, 0x7aa7, 0x59e5,
    0x9369, 0x7aa7, 0x7aa7, 0x9369, 0x9369, 0xbc2b, 0x7aa7, 0x9369, 0x6b6d, 0x9369, 0x9369, 0x7aa7, 0x59e5, 0x9369, 0x7aa7, 0x59e5,
    0x7aa7, 0x59e5, 0x9369, 0x7aa7, 0x9369, 0x9369, 0xbc2b, 0x7aa7, 0x7aa7, 0x7aa7, 0x7aa7, 0x7aa7, 0x7aa7, 0x7aa7, 0xbc2b, 0xbc2b,
    0x7aa7, 0x59e5, 0x9369, 0x7aa7, 0x9369, 0x9369, 0xbc2b, 0x7aa7, 0x7aa7, 0x7aa7, 0x7aa7, 0x7aa7, 0x7aa7, 0x7aa7, 0xbc2b, 0xbc2b,
    0x7aa7, 0x59e5, 0x9369, 0x7aa7, 0x9369, 0x9369, 0xbc2b, 0x7aa7, 0x7aa7, 0x7aa7, 0x7aa7, 0x7aa7, 0x7aa7, 0x7aa7, 0xbc2b, 0xbc2b,
    0x7aa7, 0x59e5, 0x9369, 0x7aa7, 0x9369, 0x9369, 0xbc2b, 0x7aa7, 0x7aa7, 0x7aa7, 0x7aa7, 0x7aa7, 0x7aa7, 0x7aa7, 0xbc2b, 0xbc2b,
    0x7aa7, 0x59e5, 0x9369, 0x7aa7, 0x9369, 0x9369, 0xbc2b, 0x7aa7, 0x7aa7, 0x7aa7, 0x7aa7, 0x7aa7, 0x7aa7, 0x7aa7, 0xbc2b, 0xbc2b,
    0x7aa7, 0x59e5, 0x9369, 0x7aa7, 0x9369, 0x9369, 0xbc2b, 0x7aa7, 0x7aa7, 0x7aa7, 0x7aa7, 0x7aa7, 0x7aa7, 0x7aa7, 0xbc2b, 0xbc2b,
    0x7aa7, 0x59e5, 0x9369, 0x7aa7, 0x9369, 0x9369, 0xbc2b, 0x7aa7, 0x7aa7, 0x7aa7, 0x7aa7, 0x7aa7, 0x7aa7, 0x7aa7, 0xbc2b, 0xbc2b,
    0x7aa7, 0x59e5, 0x9369, 0x7aa7, 0x9369, 0x9369, 0xbc2b, 0x7aa7, 0x7aa7, 0x7aa7, 0x7aa7, 0x7aa7, 0x7aa7, 0x7aa7, 0xbc2b, 0xbc2b,
    0x7aa7, 0x59e5, 0x9369, 0x7aa7, 0x9369, 0x9369, 0xbc2b, 0x7aa7, 0x7aa7, 0x7aa7, 0x7aa7, 0x7aa7, 0x7aa7, 0x7aa7, 0xbc2b, 0xbc2b,
    0x7aa7, 0x59e5, 0x9369, 0x7aa7, 0x9369, 0x9369, 0xbc2b, 0x7aa7, 0x7aa7, 0x7aa7, 0x7aa7, 0x7aa7, 0x7aa7, 0x7aa7, 0xbc2b, 0xbc2b,
    0x7aa7, 0x59e5, 0x9369, 0x7aa7, 0x9369, 0x9369, 0xbc2b, 0x7aa7, 0x7aa7, 0x7aa7, 0x7aa7, 0x7aa7, 0x7aa7, 0x7aa7, 0xbc2b, 0xbc2b,
    0x7aa7, 0x59e5, 0x9369, 0x7aa7, 0x9369, 0x9369, 0xbc2b, 0x7aa7, 0x7aa7, 0x7aa7, 0x7aa7, 0x7aa7, 0x7aa7, 0x7aa7, 0xbc2b, 0xbc2b,
    0x7aa7, 0x59e5, 0x9369, 0x7aa7, 0x9369, 0x9369, 0xbc2b, 0x7aa7, 0x7aa7, 0x7aa7, 0x7aa7, 0x7aa7, 0x7aa7, 0x7aa7, 0xbc2b, 0xbc2b,
    0x7aa7, 0x59e5, 0x9369, 0x7aa7, 0x9369, 0x9369, 0xbc2b, 0x7aa7, 0x7aa7, 0x7aa7, 0x7aa7, 0x7aa7, 0x7aa7, 0x7aa7, 0xbc2b, 0xbc2b,
    0x7aa7, 0x59e5, 0x9369, 0x7aa7, 0x9369, 0x9369, 0xbc2b, 0x7aa7, 0x7aa7, 0x7aa7, 0x7aa7, 0x7aa7, 0x7aa7, 0x7aa7, 0xbc2b, 0xbc2b,
    0x7aa7, 0x59e5, 0x9369, 0x7aa7, 0x9369, 0x9369, 0xbc2b, 0x7aa7, 0x7aa7, 0x7aa7, 0x7aa7, 0x7aa7, 0x7aa7, 0x7aa7, 0xbc2b, 0xbc2b,
    0x7aa7, 0x59e5, 0x9369, 0x7aa7, 0x9369, 0x9369, 0xbc2b, 0x7aa7, 0x7aa7, 0x7aa7, 0x7aa7, 0x7aa7, 0x7aa7, 0x7aa7, 0xbc2b, 0xbc2b,
    0x7aa7, 0x59e5, 0x9369, 0x7aa7, 0x9369, 0x9369, 0xbc2b, 0x7aa7, 0x7aa7, 0x7aa7, 0x7aa7, 0x7aa7, 0x7aa7, 0x7aa7, 0xbc2b, 0xbc2b,
    0x7aa7, 0x59e5, 0x9369, 0x7aa7, 0x9369, 0x9369, 0xbc2b, 0x7aa7, 0x7aa7, 0x7aa7, 0x7aa7, 0x7aa7, 0x7aa7, 0x7aa7, 0xbc2b, 0xbc2b,
    0x7aa7, 0x59e5, 0x9369, 0x7aa7, 0x9369, 0x9369, 0xbc2b, 0x7aa7, 0x7aa7, 0x7aa7, 0x7aa7, 0x7aa7, 0x7aa7, 0x7aa7, 0xbc2b, 0xbc2b,
    0x7aa7, 0x9369, 0x7aa7, 0x7aa7, 0x72c8, 0x7aa7, 0x9369, 0x9369, 0x7aa7, 0x59e5, 0xbc2b, 0x59e5, 0x7aa7, 0xbc2b, 0x9369, 0x9369,
    0x7aa7, 0x9369, 0x7aa7, 0x7aa7, 0x72c8, 0x7aa7, 0x9369, 0x9369, 0x7aa7, 0x59e5, 0xbc2b, 0x59e5, 0x7aa7, 0xbc2b, 0x9369, 0x9369,
    0x7aa7, 0x9369, 0x7aa7, 0x7aa7, 0x72c8, 0x7aa7, 0x9369, 0x9369, 0x7aa7, 0x59e5, 0xbc2b, 0x59e5, 0x7aa7, 0xbc2b, 0x9369, 0x9369,
    0x7aa7, 0x9369, 0x7aa7, 0x7aa7, 0x72c8, 0x7aa7, 0x9369, 0x9369, 0x7aa7, 0x59e5, 0xbc2b, 0x59e5, 0x7aa7, 0xbc2b, 0x9369, 0x9369,
    0x7aa7, 0x9369, 0x7aa7, 0x7aa7, 0x72c8, 0x7aa7, 0x9369, 0x9369, 0x7aa7, 0x59e5, 0xbc2b, 0x59e5, 0x7aa7, 0xbc2b, 0x9369, 0x9369,
    0x7aa7, 0x9369, 0x7aa7, 0x7aa7, 0x72c8, 0x7aa7, 0x9369, 0x9369, 0x7aa7, 0x59e5, 0xbc2b, 0x59e5, 0x7aa7, 0xbc2b, 0x9369, 0x9369,
    0x7aa7, 0x9369, 0x7aa7, 0x7aa7, 0x72c8, 0x7aa7, 0x9369, 0x9369, 0x7aa7, 0x59e5, 0xbc2b, 0x59e5, 0x7aa7, 0xbc2b, 0x9369, 0x9369,
    0x7aa7, 0x9369, 0x7aa7, 0x7aa7, 0x72c8, 0x7aa7, 0x9369, 0x9369, 0x7aa7, 0x59e5, 0xbc2b, 0x59e5, 0x7aa7, 0xbc2b, 0x9369, 0x9369,
    0x7aa7, 0x9369, 0x7aa7, 0x7aa7, 0x72c8, 0x7aa7, 0x9369, 0x9369, 0x7aa7, 0x59e5, 0xbc2b, 0x59e5, 0x7aa7, 0xbc2b, 0x9369, 0x9369,
    0x7aa7, 0x9369, 0x7aa7, 0x7aa7, 0x72c8, 0x7aa7, 0x9369, 0x9369, 0x7aa7, 0x59e5, 0xbc2b, 0x59e5, 0x7aa7, 0xbc2b, 0x9369, 0x9369,
    0x7aa7, 0x9369, 0x7aa7, 0x7aa7, 0x72c8, 0x7aa7, 0x9369, 0x9369, 0x7aa7, 0x59e5, 0xbc2b, 0x59e5, 0x7aa7, 0xbc2b, 0x9369, 0x9369,
    0x7aa7, 0x9369, 0x7aa7, 0x7aa7, 0x72c8, 0x7aa7, 0x9369, 0x9369, 0x7aa7, 0x59e5, 0xbc2b, 0x59e5, 0x7aa7, 0xbc2b, 0x9369, 0x9369,
    0x7aa7, 0x9369, 0x7aa7, 0x7aa7, 0x72c8, 0x7aa7, 0x9369, 0x9369, 0x7aa7, 0x59e5, 0xbc2b, 0x59e5, 0x7aa7, 0xbc2b, 0x9369, 0x9369,
    0x7aa7, 0x9369, 0x7aa7, 0x7aa7, 0x72c8, 0x7aa7, 0x9369, 0x9369, 0x7aa7, 0x59e5, 0xbc2b, 0x59e5, 0x7aa7, 0xbc2b, 0x9369, 0x9369,
    0x7aa7, 0x9369, 0x7aa7, 0x7aa7, 0x72c8, 0x7aa7, 0x9369, 0x9369, 0x7aa7, 0x59e5, 0xbc2b, 0x59e5, 0x7aa7, 0xbc2b, 0x9369, 0x9369,
    0x7aa7, 0x9369, 0x7aa7, 0x7aa7, 0x72c8, 0x7aa7, 0x9369, 0x9369, 0x7aa7, 0x59e5, 0xbc2b, 0x59e5, 0x7aa7, 0xbc2b, 0x9369, 0x9369,
    0x7aa7, 0x9369, 0x7aa7, 0x7aa7, 0x72c8, 0x7aa7, 0x9369, 0x9369, 0x7aa7, 0x59e5, 0xbc2b, 0x59e5, 0x7aa7, 0xbc2b, 0x9369, 0x9369,
    0x7aa7, 0x9369, 0x7aa7, 0x7aa7, 0x72c8, 0x7aa7, 0x9369, 0x9369, 0x7aa7, 0x59e5, 0xbc2b, 0x59e5, 0x7aa7, 0xbc2b, 0x9369, 0x9369,
    0x7aa7, 0x9369, 0x7aa7, 0x7aa7, 0x72c8, 0x7aa7, 0x9369, 0x9369, 0x7aa7, 0x59e5, 0xbc2b, 0x59e5, 0x7aa7, 0xbc2b, 0x9369, 0x9369,
    0x7aa7, 0x9369, 0x7aa7, 0x7aa7, 0x72c8, 0x7aa7, 0x9369, 0x9369, 0x7aa7, 0x59e5, 0xbc2b, 0x59e5, 0x7aa7, 0xbc2b, 0x9369, 0x9369,
    0x9369, 0x7aa7, 0x59e5, 0xbc2b, 0x7aa7, 0x59e5, 0x7aa7, 0x59e5, 0x7aa7, 0x7aa7, 0x7aa7, 0x59e5, 0x7aa7, 0x7aa7, 0x9369, 0x9369,
    0x9369, 0x7aa7, 0x59e5, 0xbc2b, 0x7aa7, 0x59e5, 0x7aa7, 0x59e5, 0x7aa7, 0x7aa7, 0x7aa7, 0x59e5, 0x7aa7, 0x7aa7, 0x9369, 0x9369,
    0x9369, 0x7aa7, 0x59e5, 0xbc2b, 0x7aa7, 0x59e5, 0x7aa7, 0x59e5, 0x7aa7, 0x7aa7, 0x7aa7, 0x59e5, 0x7aa7, 0x7aa7, 0x9369, 0x9369,
    0x9369, 0x7aa7, 0x59e5, 0xbc2b, 0x7aa7, 0x59e5, 0x7aa7, 0x59e5, 0x7aa7, 0x7aa7, 0x7aa7, 0x59e5, 0x7aa7, 0x7aa7, 0x9369, 0x9369,
    0x9369, 0x7aa7, 0x59e5, 0xbc2b, 0x7aa7, 0x59e5, 0x7aa7, 0x59e5, 0x7aa7, 0x7aa7, 0x7aa7, 0x59e5, 0x7aa7, 0x7aa7, 0x9369, 0x9369,
    0x9369, 0x7aa7, 0x59e5, 0xbc2b, 0x7aa7, 0x59e5, 0x7aa7, 0x59e5, 0x7aa7, 0x7aa7, 0x7aa7, 0x59e5, 0x7aa7, 0x7aa7, 0x9369, 0x9369,
    0x9369, 0x7aa7, 0x59e5, 0xbc2b, 0x7aa7, 0x59e5, 0x7aa7, 0x59e5, 0x7aa7, 0x7aa7, 0x7aa7, 0x59e5, 0x7aa7, 0x7aa7, 0x9369, 0x9369,
    0x9369, 0x7aa7, 0x59e5, 0xbc2b, 0x7aa7, 0x59e5, 0x7aa7, 0x59e5, 0x7aa7, 0x7aa7, 0x7aa7, 0x59e5, 0x7aa7, 0x7aa7, 0x9369, 0x9369,
    0x9369, 0x7aa7, 0x59e5, 0xbc2b, 0x7aa7, 0x59e5, 0x7aa7, 0x59e5, 0x7aa7, 0x7aa7, 0x7aa7, 0x59e5, 0x7aa7, 0x7aa7, 0x9369, 0x9369,
    0x9369, 0x7aa7, 0x59e5, 0xbc2b, 0x7aa7, 0x59e5, 0x7aa7, 0x59e5, 0x7aa7, 0x7aa7, 0x7aa7, 0x59e5, 0x7aa7, 0x7aa7, 0x9369, 0x9369,
    0x9369, 0x7aa7, 0x59e5, 0xbc2b, 0x7aa7, 0x59e5, 0x7aa7, 0x59e5, 0x7aa7, 0x7aa7, 0x7aa7, 0x59e5, 0x7aa7, 0x7aa7, 0x9369, 0x9369,
    0x9369, 0x7aa7, 0x59e5, 0xbc2b, 0x7aa7, 0x59e5, 0x7aa7, 0x59e5, 0x7aa7, 0x7aa7, 0x7aa7, 0x59e5, 0x7aa7, 0x7aa7, 0x9369, 0x9369,
    0x9369, 0x7aa7, 0x59e5, 0xbc2b, 0x7aa7, 0x59e5, 0x7aa7, 0x59e5, 0x7aa7, 0x7aa7, 0x7aa7, 0x59e5, 0x7aa7, 0x7aa7, 0x9369, 0x9369,
    0x9369, 0x7aa7, 0x59e5, 0xbc2b, 0x7aa7, 0x59e5, 0x7aa7, 0x59e5, 0x7aa7, 0x7aa7, 0x7aa7, 0x59e5, 0x7aa7, 0x7aa7, 0x9369, 0x9369,
    0x9369, 0x7aa7, 0x59e5, 0xbc2b, 0x7aa7, 0x59e5, 0x7aa7, 0x59e5, 0x7aa7, 0x7aa7, 0x7aa7, 0x59e5, 0x7aa7, 0x7aa7, 0x9369, 0x9369,
    0x9369, 0x7aa7, 0x59e5, 0xbc2b, 0x7aa7, 0x59e5, 0x7aa7, 0x59e5, 0x7aa7, 0x7aa7, 0x7aa7, 0x59e5, 0x7aa7, 0x7aa7, 0x9369, 0x9369,
    0x9369, 0x7aa7, 0x59e5, 0xbc2b, 0x7aa7, 0x59e5, 0x7aa7, 0x59e5, 0x7aa7, 0x7aa7, 0x7aa7, 0x59e5, 0x7aa7, 0x7aa7, 0x9369, 0x9369,
    0x9369, 0x7aa7, 0x59e5, 0xbc2b, 0x7aa7, 0x59e5, 0x7aa7, 0x59e5, 0x7aa7, 0x7aa7, 0x7aa7, 0x59e5, 0x7aa7, 0x7aa7, 0x9369, 0x9369,
    0x9369, 0x7aa7, 0x59e5, 0xbc2b, 0x7aa7, 0x59e5, 0x7aa7, 0x59e5, 0x7aa7, 0x7aa7, 0x7aa7, 0x59e5, 0x7aa7, 0x7aa7, 0x9369, 0x9369,
    0x9369, 0x7aa7, 0x59e5, 0xbc2b, 0x7aa7, 0x59e5, 0x7aa7, 0x59e5, 0x7aa7, 0x7aa7, 0x7aa7, 0x59e5, 0x7aa7, 0x7aa7, 0x9369, 0x9369,
    0x9369, 0x7aa7, 0xbc2b, 0x9369, 0x9369, 0x7aa7, 0x8430, 0x9369, 0x9369, 0x9369, 0x7aa7, 0x7aa7, 0x9369, 0x9369, 0x7aa7, 0x59e5,
    0x9369, 0x7aa7, 0xbc2b, 0x9369, 0x9369, 0x7aa7, 0x8430, 0x9369, 0x9369, 0x9369, 0x7aa7, 0x7aa7, 0x9369, 0x9369, 0x7aa7, 0x59e5,
    0x9369, 0x7aa7, 0xbc2b, 0x9369, 0x9369, 0x7aa7, 0x8430, 0x9369, 0x9369, 0x9369, 0x7aa7, 0x7aa7, 0x9369, 0x9369, 0x7aa7, 0x59e5,
    0x9369, 0x7aa7, 0xbc2b, 0x9369, 0x9369, 0x7aa7, 0x8430, 0x9369, 0x9369, 0x9369, 0x7aa7, 0x7aa7, 0x9369, 0x9369, 0x7aa7, 0x59e5,
    0x9369, 0x7aa7, 0xbc2b, 0x9369, 0x9369, 0x7aa7, 0x8430, 0x9369, 0x9369, 0x9369, 0x7aa7, 0x7aa7, 0x9369, 0x9369, 0x7aa7, 0x59e5,
    0x9369, 0x7aa7, 0xbc2b, 0x9369, 0x9369, 0x7aa7, 0x8430, 0x9369, 0x9369, 0x9369, 0x7aa7, 0x7aa7, 0x9369, 0x9369, 0x7aa7, 0x59e5,
    0x9369, 0x7aa7, 0xbc2b, 0x9369, 0x9369, 0x7aa7, 0x8430, 0x9369, 0x9369, 0x9369, 0x7aa7, 0x7aa7, 0x9369, 0x9369, 0x7aa7, 0x59e5,
    0x9369, 0x7aa7, 0xbc2b, 0x9369, 0x9369, 0x7aa7, 0x8430, 0x9369, 0x9369, 0x9369, 0x7aa7, 0x7aa7, 0x9369, 0x9369, 0x7aa7, 0x59e5,
    0x9369, 0x7aa7, 0xbc2b, 0x9369, 0x9369, 0x7aa7, 0x8430, 0x9369, 0x9369, 0x9369, 0x7aa7, 0x7aa7, 0x9369, 0x9369, 0x7aa7, 0x59e5,
    0x9369, 0x7aa7, 0xbc2b, 0x9369, 0x9369, 0x7aa7, 0x8430, 0x9369, 0x9369, 0x9369, 0x7aa7, 0x7aa7, 0x9369, 0x9369, 0x7aa7, 0x59e5,
    0x9369, 0x7aa7, 0xbc2b, 0x9369, 0x9369, 0x7aa7, 0x8430, 0x9369, 0x9369, 0x9369, 0x7aa7, 0x7aa7, 0x9369, 0x9369, 0x7aa7, 0x59e5,
    0x9369, 0x7aa7, 0xbc2b, 0x9369, 0x9369, 0x7aa7, 0x8430, 0x9369, 0x9369, 0x9369, 0x7aa7, 0x7aa7, 0x9369, 0x9369, 0x7aa7, 0x59e5,
    0x9369, 0x7aa7, 0xbc2b, 0x9369, 0x9369, 0x7aa7, 0x8430, 0x9369, 0x9369, 0x9369, 0x7aa7, 0x7aa7, 0x9369, 0x9369, 0x7aa7, 0x59e5,
    0x9369, 0x7aa7, 0xbc2b, 0x9369, 0x9369, 0x7aa7, 0x8430, 0x9369, 0x9369, 0x9369, 0x7aa7, 0x7aa7, 0x9369, 0x9369, 0x7aa7, 0x59e5,
    0x9369, 0x7aa7, 0xbc2b, 0x9369, 0x9369, 0x7aa7, 0x8430, 0x9369, 0x9369, 0x9369, 0x7aa7, 0x7aa7, 0x9369, 0x9369, 0x7aa7, 0x59e5,
    0x9369, 0x7aa7, 0xbc2b, 0x9369, 0x9369, 0x7aa7, 0x8430, 0x9369, 0x9369, 0x9369, 0x7aa7, 0x7aa7, 0x9369, 0x9369, 0x7aa7, 0x59e5,
    0x9369, 0x7aa7, 0xbc2b, 0x9369, 0x9369, 0x7aa7, 0x8430, 0x9369, 0x9369, 0x9369, 0x7aa7, 0x7aa7, 0x9369, 0x9369, 0x7aa7, 0x59e5,
    0x9369, 0x7aa7, 0xbc2b, 0x9369, 0x9369, 0x7aa7, 0x8430, 0x9369, 0x9369, 0x9369, 0x7aa7, 0x7aa7, 0x9369, 0x9369, 0x7aa7, 0x59e5,
    0x9369, 0x7aa7, 0xbc2b, 0x9369, 0x9369, 0x7aa7, 0x8430, 0x9369, 0x9369, 0x9369, 0x7aa7, 0x7aa7, 0x9369, 0x9369, 0x7aa7, 0x59e5,
    0x9369, 0x7aa7, 0xbc2b, 0x9369, 0x9369, 0x7aa7, 0x8430, 0x9369, 0x9369, 0x9369, 0x7aa7, 0x7aa7, 0x9369, 0x9369, 0x7aa7, 0x59e5,
    0xbc2b, 0x9369, 0x9369, 0x7aa7, 0x7aa7, 0xbc2b, 0x9369, 0x9369, 0x7aa7, 0x7aa7, 0x59e5, 0x7aa7, 0x7aa7, 0xbc2b, 0x7aa7, 0xbc2b,
    0xbc2b, 0x9369, 0x9369, 0x7aa7, 0x7aa7, 0xbc2b, 0x9369, 0x9369, 0x7aa7, 0x7aa7, 0x59e5, 0x7aa7, 0x7aa7, 0xbc2b, 0x7aa7, 0xbc2b,
    0xbc2b, 0x9369, 0x9369, 0x7aa7, 0x7aa7, 0xbc2b, 0x9369, 0x9369, 0x7aa7, 0x7aa7, 0x59e5, 0x7aa7, 0x7aa7, 0xbc2b, 0x7aa7, 0xbc2b,
    0xbc2b, 0x9369, 0x9369, 0x7aa7, 0x7aa7, 0xbc2b, 0x9369, 0x9369, 0x7aa7, 0x7aa7, 0x59e5, 0x7aa7, 0x7aa7, 0xbc2b, 0x7aa7, 0xbc2b,
    0xbc2b, 0x9369, 0x9369, 0x7aa7, 0x7aa7, 0xbc2b, 0x9369, 0x9369, 0x7aa7, 0x7aa7, 0x59e5, 0x7aa7, 0x7aa7, 0xbc2b, 0x7aa7, 0xbc2b,
    0xbc2b, 0x9369, 0x9369, 0x7aa7, 0x7aa7, 0xbc2b, 0x9369, 0x9369, 0x7aa7, 0x7aa7, 0x59e5, 0x7aa7, 0x7aa7, 0xbc2b, 0x7aa7, 0xbc2b,
    0xbc2b, 0x9369, 0x9369, 0x7aa7, 0x7aa7, 0xbc2b, 0x9369, 0x9369, 0x7aa7, 0x7aa7, 0x59e5, 0x7aa7, 0x7aa7, 0xbc2b, 0x7aa7, 0xbc2b,
    0xbc2b, 0x9369, 0x9369, 0x7aa7, 0x7aa7, 0xbc2b, 0x9369, 0x9369, 0x7aa7, 0x7aa7, 0x59e5, 0x7aa7, 0x7aa7, 0xbc2b, 0x7aa7, 0xbc2b,
    0xbc2b, 0x9369, 0x9369, 0x7aa7, 0x7aa7, 0xbc2b, 0x9369, 0x9369, 0x7aa7, 0x7aa7, 0x59e5, 0x7aa7, 0x7aa7, 0xbc2b, 0x7aa7, 0xbc2b,
    0xbc2b, 0x9369, 0x9369, 0x7aa7, 0x7aa7, 0xbc2b, 0x9369, 0x9369, 0x7aa7, 0x7aa7, 0x59e5, 0x7aa7, 0x7aa7, 0xbc2b, 0x7aa7, 0xbc2b,
    0xbc2b, 0x9369, 0x9369, 0x7aa7, 0x7aa7, 0xbc2b, 0x9369, 0x9369, 0x7aa7, 0x7aa7, 0x59e5, 0x7aa7, 0x7aa7, 0xbc2b, 0x7aa7, 0xbc2b,
    0xbc2b, 0x9369, 0x9369, 0x7aa7, 0x7aa7, 0xbc2b, 0x9369, 0x9369, 0x7aa7, 0x7aa7, 0x59e5, 0x7aa7, 0x7aa7, 0xbc2b, 0x7aa7, 0xbc2b,
    0xbc2b, 0x9369, 0x9369, 0x7aa7, 0x7aa7, 0xbc2b, 0x9369, 0x9369, 0x7aa7, 0x7aa7, 0x59e5, 0x7aa7, 0x7aa7, 0xbc2b, 0x7aa7, 0xbc2b,
    0xbc2b, 0x9369, 0x9369, 0x7aa7, 0x7aa7, 0xbc2b, 0x9369, 0x9369, 0x7aa7, 0x7aa7, 0x59e5, 0x7aa7, 0x7aa7, 0xbc2b, 0x7aa7, 0xbc2b,
    0xbc2b, 0x9369, 0x9369, 0x7aa7, 0x7aa7, 0xbc2b, 0x9369, 0x9369, 0x7aa7, 0x7aa7, 0x59e5, 0x7aa7, 0x7aa7, 0xbc2b, 0x7aa7, 0xbc2b,
    0xbc2b, 0x9369, 0x9369, 0x7aa7, 0x7aa7, 0xbc2b, 0x9369, 0x9369, 0x7aa7, 0x7aa7, 0x59e5, 0x7aa7, 0x7aa7, 0xbc2b, 0x7aa7, 0xbc2b,
    0xbc2b, 0x9369, 0x9369, 0x7aa7, 0x7aa7, 0xbc2b, 0x9369, 0x9369, 0x7aa7, 0x7aa7, 0x59e5, 0x7aa7, 0x7aa7, 0xbc2b, 0x7aa7, 0xbc2b,
    0xbc2b, 0x9369, 0x9369, 0x7aa7, 0x7aa7, 0xbc2b, 0x9369, 0x9369, 0x7aa7, 0x7aa7, 0x59e5, 0x7aa7, 0x7aa7, 0xbc2b, 0x7aa7, 0xbc2b,
    0xbc2b, 0x9369, 0x9369, 0x7aa7, 0x7aa7, 0xbc2b, 0x9369, 0x9369, 0x7aa7, 0x7aa7, 0x59e5, 0x7aa7, 0x7aa7, 0xbc2b, 0x7aa7, 0xbc2b,
    0xbc2b, 0x9369, 0x9369, 0x7aa7, 0x7aa7, 0xbc2b, 0x9369, 0x9369, 0x7aa7, 0x7aa7, 0x59e5, 0x7aa7, 0x7aa7, 0xbc2b, 0x7aa7, 0xbc2b,
    0x7aa7, 0x9369, 0x59e5, 0x7aa7, 0x7aa7, 0x9369, 0x8430, 0x59e5, 0x7aa7, 0xbc2b, 0x9369, 0x7aa7, 0x7aa7, 0x9369, 0x59e5, 0x59e5,
    0x7aa7, 0x9369, 0x59e5, 0x7aa7, 0x7aa7, 0x9369, 0x8430, 0x59e5, 0x7aa7, 0xbc2b, 0x9369, 0x7aa7, 0x7aa7, 0x9369, 0x59e5, 0x59e5,
    0x7aa7, 0x9369, 0x59e5, 0x7aa7, 0x7aa7, 0x9369, 0x8430, 0x59e5, 0x7aa7, 0xbc2b, 0x9369, 0x7aa7, 0x7aa7, 0x9369, 0x59e5, 0x59e5,
    0x7aa7, 0x9369, 0x59e5, 0x7aa7, 0x7aa7, 0x9369, 0x8430, 0x59e5, 0x7aa7, 0xbc2b, 0x9369, 0x7aa7, 0x7aa7, 0x9369, 0x59e5, 0x59e5,
    0x7aa7, 0x9369, 0x59e5, 0x7aa7, 0x7aa7, 0x9369, 0x8430, 0x59e5, 0x7aa7, 0xbc2b, 0x9369, 0x7aa7, 0x7aa7, 0x9369, 0x59e5, 0x59e5,
    0x7aa7, 0x9369, 0x59e5, 0x7aa7, 0x7aa7, 0x9369, 0x8430, 0x59e5, 0x7aa7, 0xbc2b, 0x9369, 0x7aa7, 0x7aa7, 0x9369, 0x59e5, 0x59e5,
    0x7aa7, 0x9369, 0x59e5, 0x7aa7, 0x7aa7, 0x9369, 0x8430, 0x59e5, 0x7aa7, 0xbc2b, 0x9369, 0x7aa7, 0x7aa7, 0x9369, 0x59e5, 0x59e5,
    0x7aa7, 0x9369, 0x59e5, 0x7aa7, 0x7aa7, 0x9369, 0x8430, 0x59e5, 0x7aa7, 0xbc2b, 0x9369, 0x7aa7, 0x7aa7, 0x9369, 0x59e5, 0x59e5,
    0x7aa7, 0x9369, 0x59e5, 0x7aa7, 0x7aa7, 0x9369, 0x8430, 0x59e5, 0x7aa7, 0xbc2b, 0x9369, 0x7aa7, 0x7aa7, 0x9369, 0x59e5, 0x59e5,
    0x7aa7, 0x9369, 0x59e5, 0x7aa7, 0x7aa7, 0x9369, 0x8430, 0x59e5, 0x7aa7, 0xbc2b, 0x9369, 0x7aa7, 0x7aa7, 0x9369, 0x59e5, 0x59e5,
    0x7aa7, 0x9369, 0x59e5, 0x7aa7, 0x7aa7, 0x9369, 0x8430, 0x59e5, 0x7aa7, 0xbc2b, 0x9369, 0x7aa7, 0x7aa7, 0x9369, 0x59e5, 0x59e5,
    0x7aa7, 0x9369, 0x59e5, 0x7aa7, 0x7aa7, 0x9369, 0x8430, 0x59e5, 0x7aa7, 0xbc2b, 0x9369, 0x7aa7, 0x7aa7, 0x9369, 0x59e5, 0x59e5,
    0x7aa7, 0x9369, 0x59e5, 0x7aa7, 0x7aa7, 0x9369, 0x8430, 0x59e5, 0x7aa7, 0xbc2b, 0x9369, 0x7aa7, 0x7aa7, 0x9369, 0x59e5, 0x59e5,
    0x7aa7, 0x9369, 0x59e5, 0x7aa7, 0x7aa7, 0x9369, 0x8430, 0x59e5, 0x7aa7, 0xbc2b, 0x9369, 0x7aa7, 0x7aa7, 0x9369, 0x59e5, 0x59e5,
    0x7aa7, 0x9369, 0x59e5, 0x7aa7, 0x7aa7, 0x9369, 0x8430, 0x59e5, 0x7aa7, 0xbc2b, 0x9369, 0x7aa7, 0x7aa7, 0x9369, 0x59e5, 0x59e5,
    0x7aa7, 0x9369, 0x59e5, 0x7aa7, 0x7aa7, 0x9369, 0x8430, 0x59e5, 0x7aa7, 0xbc2b, 0x9369, 0x7aa7, 0x7aa7, 0x9369, 0x59e5, 0x59e5,
    0x7aa7, 0x9369, 0x59e5, 0x7aa7, 0x7aa7, 0x9369, 0x8430, 0x59e5, 0x7aa7, 0xbc2b, 0x9369, 0x7aa7, 0x7aa7, 0x9369, 0x59e5, 0x59e5,
    0x7aa7, 0x9369, 0x59e5, 0x7aa7, 0x7aa7, 0x9369, 0x8430, 0x59e5, 0x7aa7, 0xbc2b, 0x9369, 0x7aa7, 0x7aa7, 0x9369, 0x59e5, 0x59e5,
    0x7aa7, 0x9369, 0x59e5, 0x7aa7, 0x7aa7, 0x9369, 0x8430, 0x59e5, 0x7aa7, 0xbc2b, 0x9369, 0x7aa7, 0x7aa7, 0x9369, 0x59e5, 0x59e5,
    0x7aa7, 0x9369, 0x59e5, 0x7aa7, 0x7aa7, 0x9369, 0x8430, 0x59e5, 0x7aa7, 0xbc2b, 0x9369, 0x7aa7, 0x7aa7, 0x9369, 0x59e5, 0x59e5,
    0xbc2b, 0x7aa7, 0x7aa7, 0x59e5, 0xbc2b, 0x7aa7, 0x7aa7, 0x7aa7, 0xbc2b, 0x7aa7, 0x7aa7, 0x7aa7, 0x59e5, 0x59e5, 0xbc2b, 0x7aa7,
    0xbc2b, 0x7aa7, 0x7aa7, 0x59e5, 0xbc2b, 0x7aa7, 0x7aa7, 0x7aa7, 0xbc2b, 0x7aa7, 0x7aa7, 0x7aa7, 0x59e5, 0x59e5, 0xbc2b, 0x7aa7,
    0xbc2b, 0x7aa7, 0x7aa7, 0x59e5, 0xbc2b, 0x7aa7, 0x7aa7, 0x7aa7, 0xbc2b, 0x7aa7, 0x7aa7, 0x7aa7, 0x59e5, 0x59e5, 0xbc2b, 0x7aa7,
    0xbc2b, 0x7aa7, 0x7aa7, 0x59e5, 0xbc2b, 0x7aa7, 0x7aa7, 0x7aa7, 0xbc2b, 0x7aa7, 0x7aa7, 0x7aa7, 0x59e5, 0x59e5, 0xbc2b, 0x7aa7,
    0xbc2b, 0x7aa7, 0x7aa7, 0x59e5, 0xbc2b, 0x7aa7, 0x7aa7, 0x7aa7, 0xbc2b, 0x7aa7, 0x7aa7, 0x7aa7, 0x59e5, 0x59e5, 0xbc2b, 0x7aa7,
    0xbc2b, 0x7aa7, 0x7aa7, 0x59e5, 0xbc2b, 0x7aa7, 0x7aa7, 0x7aa7, 0xbc2b, 0x7aa7, 0x7aa7, 0x7aa7, 0x59e5, 0x59e5, 0xbc2b, 0x7aa7,
    0xbc2b, 0x7aa7, 0x7aa7, 0x59e5, 0xbc2b, 0x7aa7, 0x7aa7, 0x7aa7, 0xbc2b, 0x7aa7, 0x7aa7, 0x7aa7, 0x59e5, 0x59e5, 0xbc2b, 0x7aa7,
    0xbc2b, 0x7aa7, 0x7aa7, 0x59e5, 0xbc2b, 0x7aa7, 0x7aa7, 0x7aa7, 0xbc2b, 0x7aa7, 0x7aa7, 0x7aa7, 0x59e5, 0x59e5, 0xbc2b, 0x7aa7,
    0xbc2b, 0x7aa7, 0x7aa7, 0x59e5, 0xbc2b, 0x7aa7, 0x7aa7, 0x7aa7, 0xbc2b, 0x7aa7, 0x7aa7, 0x7aa7, 0x59e5, 0x59e5, 0xbc2b, 0x7aa7,
    0xbc2b, 0x7aa7, 0x7aa7, 0x59e5, 0xbc2b, 0x7aa7, 0x7aa7, 0x7aa7, 0xbc2b, 0x7aa7, 0x7aa7, 0x7aa7, 0x59e5, 0x59e5, 0xbc2b, 0x7aa7,
    0xbc2b, 0x7aa7, 0x7aa7, 0x59e5, 0xbc2b, 0x7aa7, 0x7aa7, 0x7aa7, 0xbc2b, 0x7aa7, 0x7aa7, 0x7aa7, 0x59e5, 0x59e5, 0xbc2b, 0x7aa7,
    0xbc2b, 0x7aa7, 0x7aa7, 0x59e5, 0xbc2b, 0x7aa7, 0x7aa7, 0x7aa7, 0xbc2b, 0x7aa7, 0x7aa7, 0x7aa7, 0x59e5, 0x59e5, 0xbc2b, 0x7aa7,
    0xbc2b, 0x7aa7, 0x7aa7, 0x59e5, 0xbc2b, 0x7aa7, 0x7aa7, 0x7aa7, 0xbc2b, 0x7aa7, 0x7aa7, 0x7aa7, 0x59e5, 0x59e5, 0xbc2b, 0x7aa7,
    0xbc2b, 0x7aa7, 0x7aa7, 0x59e5, 0xbc2b, 0x7aa7, 0x7aa7, 0x7aa7, 0xbc2b, 0x7aa7, 0x7aa7, 0x7aa7, 0x59e5, 0x59e5, 0xbc2b, 0x7aa7,
    0xbc2b, 0x7aa7, 0x7aa7, 0x59e5, 0xbc2b, 0x7aa7, 0x7aa7, 0x7aa7, 0xbc2b, 0x7aa7, 0x7aa7, 0x7aa7, 0x59e5, 0x59e5, 0xbc2b, 0x7aa7,
    0xbc2b, 0x7aa7, 0x7aa7, 0x59e5, 0xbc2b, 0x7aa7, 0x7aa7, 0x7aa7, 0xbc2b, 0x7aa7, 0x7aa7, 0x7aa7, 0x59e5, 0x59e5, 0xbc2b, 0x7aa7,
    0xbc2b, 0x7aa7, 0x7aa7, 0x59e5, 0xbc2b, 0x7aa7, 0x7aa7, 0x7aa7, 0xbc2b, 0x7aa7, 0x7aa7, 0x7aa7, 0x59e5, 0x59e5, 0xbc2b, 0x7aa7,
    0xbc2b, 0x7aa7, 0x7aa7, 0x59e5, 0xbc2b, 0x7aa7, 0x7aa7, 0x7aa7, 0xbc2b, 0x7aa7, 0x7aa7, 0x7aa7, 0x59e5, 0x59e5, 0xbc2b, 0x7aa7,
    0xbc2b, 0x7aa7, 0x7aa7, 0x59e5, 0xbc2b, 0x7aa7, 0x7aa7, 0x7aa7, 0xbc2b, 0x7aa7, 0x7aa7, 0x7aa7, 0x59e5, 0x59e5, 0xbc2b, 0x7aa7,
    0xbc2b, 0x7aa7, 0x7aa7, 0x59e5, 0xbc2b, 0x7aa7, 0x7aa7, 0x7aa7, 0xbc2b, 0x7aa7, 0x7aa7, 0x7aa7, 0x59e5, 0x59e5, 0xbc2b, 0x7aa7,
    0x9369, 0x6b6d, 0xbc2b, 0x7aa7, 0x9369, 0x59e5, 0x7aa7, 0xbc2b, 0x9369, 0x9369, 0x7aa7, 0x9369, 0x7aa7, 0xbc2b, 0x9369, 0x7aa7,
    0x9369, 0x6b6d, 0xbc2b, 0x7aa7, 0x9369, 0x59e5, 0x7aa7, 0xbc2b, 0x9369, 0x9369, 0x7aa7, 0x9369, 0x7aa7, 0xbc2b, 0x9369, 0x7aa7,
    0x9369, 0x6b6d, 0xbc2b, 0x7aa7, 0x9369, 0x59e5, 0x7aa7, 0xbc2b, 0x9369, 0x9369, 0x7aa7, 0x9369, 0x7aa7, 0xbc2b, 0x9369, 0x7aa7,
    0x9369, 0x6b6d, 0xbc2b, 0x7aa7, 0x9369, 0x59e5, 0x7aa7, 0xbc2b, 0x9369, 0x9369, 0x7aa7, 0x9369, 0x7aa7, 0xbc2b, 0x9369, 0x7aa7,
    0x9369, 0x6b6d, 0xbc2b, 0x7aa7, 0x9369, 0x59e5, 0x7aa7, 0xbc2b, 0x9369, 0x9369, 0x7aa7, 0x9369, 0x7aa7, 0xbc2b, 0x9369, 0x7aa7,
    0x9369, 0x6b6d, 0xbc2b, 0x7aa7, 0x9369, 0x59e5, 0x7aa7, 0xbc2b, 0x9369, 0x9369, 0x7aa7, 0x9369, 0x7aa7, 0xbc2b, 0x9369, 0x7aa7,
    0x9369, 0x6b6d, 0xbc2b, 0x7aa7, 0x9369, 0x59e5, 0x7aa7, 0xbc2b, 0x9369, 0x9369, 0x7aa7, 0x9369, 0x7aa7, 0xbc2b, 0x9369, 0x7aa7,
    0x9369, 0x6b6d, 0xbc2b, 0x7aa7, 0x9369, 0x59e5, 0x7aa7, 0xbc2b, 0x9369, 0x9369, 0x7aa7, 0x9369, 0x7aa7, 0xbc2b, 0x9369, 0x7aa7,
    0x9369, 0x6b6d, 0xbc2b, 0x7aa7, 0x9369, 0x59e5, 0x7aa7, 0xbc2b, 0x9369, 0x9369, 0x7aa7, 0x9369, 0x7aa7, 0xbc2b, 0x9369, 0x7aa7,
    0x9369, 0x6b6d, 0xbc2b, 0x7aa7, 0x9369, 0x59e5, 0x7aa7, 0xbc2b, 0x9369, 0x9369, 0x7aa7, 0x9369, 0x7aa7, 0xbc2b, 0x9369, 0x7aa7,
    0x9369, 0x6b6d, 0xbc2b, 0x7aa7, 0x9369, 0x59e5, 0x7aa7, 0xbc2b, 0x9369, 0x9369, 0x7aa7, 0x9369, 0x7aa7, 0xbc2b, 0x9369, 0x7aa7,
    0x9369, 0x6b6d, 0xbc2b, 0x7aa7, 0x9369, 0x59e5, 0x7aa7, 0xbc2b, 0x9369, 0x9369, 0x7aa7, 0x9369, 0x7aa7, 0xbc2b, 0x9369, 0x7aa7,
    0x9369, 0x6b6d, 0xbc2b, 0x7aa7, 0x9369, 0x59e5, 0x7aa7, 0xbc2b, 0x9369, 0x9369, 0x7aa7, 0x9369, 0x7aa7, 0xbc2b, 0x9369, 0x7aa7,
    0x9369, 0x6b6d, 0xbc2b, 0x7aa7, 0x9369, 0x59e5, 0x7aa7, 0xbc2b, 0x9369, 0x9369, 0x7aa7, 0x9369, 0x7aa7, 0xbc2b, 0x9369, 0x7aa7,
    0x9369, 0x6b6d, 0xbc2b, 0x7aa7, 0x9369, 0x59e5, 0x7aa7, 0xbc2b, 0x9369, 0x9369, 0x7aa7, 0x9369, 0x7aa7, 0xbc2b, 0x9369, 0x7aa7,
    0x9369, 0x6b6d, 0xbc2b, 0x7aa7, 0x9369, 0x59e5, 0x7aa7, 0xbc2b, 0x9369, 0x9369, 0x7aa7, 0x9369, 0x7aa7, 0xbc2b, 0x9369, 0x7aa7,
    0x9369, 0x6b6d, 0xbc2b, 0x7aa7, 0x9369, 0x59e5, 0x7aa7, 0xbc2b, 0x9369, 0x9369, 0x7aa7, 0x9369, 0x7aa7, 0xbc2b, 0x9369, 0x7aa7,
    0x9369, 0x6b6d, 0xbc2b, 0x7aa7, 0x9369, 0x59e5, 0x7aa7, 0xbc2b, 0x9369, 0x9369, 0x7aa7, 0x9369, 0x7aa7, 0xbc2b, 0x9369, 0x7aa7,
    0x9369, 0x6b6d, 0xbc2b, 0x7aa7, 0x9369, 0x59e5, 0x7aa7, 0xbc2b, 0x9369, 0x9369, 0x7aa7, 0x9369, 0x7aa7, 0xbc2b, 0x9369, 0x7aa7,
    0x9369, 0x6b6d, 0xbc2b, 0x7aa7, 0x9369, 0x59e5, 0x7aa7, 0xbc2b, 0x9369, 0x9369, 0x7aa7, 0x9369, 0x7aa7, 0xbc2b, 0x9369, 0x7aa7,
    0x9369, 0x7aa7, 0x9369, 0xbc2b, 0x59e5, 0x9369, 0x7aa7, 0x7aa7, 0x9369, 0x59e5, 0x7aa7, 0x6b6d, 0x7aa7, 0x9369, 0x59e5, 0x7aa7,
    0x9369, 0x7aa7, 0x9369, 0xbc2b, 0x59e5, 0x9369, 0x7aa7, 0x7aa7, 0x9369, 0x59e5, 0x7aa7, 0x6b6d, 0x7aa7, 0x9369, 0x59e5, 0x7aa7,
    0x9369, 0x7aa7, 0x9369, 0xbc2b, 0x59e5, 0x9369, 0x7aa7, 0x7aa7, 0x9369, 0x59e5, 0x7aa7, 0x6b6d, 0x7aa7, 0x9369, 0x59e5, 0x7aa7,
    0x9369, 0x7aa7, 0x9369, 0xbc2b, 0x59e5, 0x9369, 0x7aa7, 0x7aa7, 0x9369, 0x59e5, 0x7aa7, 0x6b6d, 0x7aa7, 0x9369, 0x59e5, 0x7aa7,
    0x9369, 0x7aa7, 0x9369, 0xbc2b, 0x59e5, 0x9369, 0x7aa7, 0x7aa7, 0x9369, 0x59e5, 0x7aa7, 0x6b6d, 0x7aa7, 0x9369, 0x59e5, 0x7aa7,
    0x9369, 0x7aa7, 0x9369, 0xbc2b, 0x59e5, 0x9369, 0x7aa7, 0x7aa7, 0x9369, 0x59e5, 0x7aa7, 0x6b6d, 0x7aa7, 0x9369, 0x59e5, 0x7aa7,
    0x9369, 0x7aa7, 0x9369, 0xbc2b, 0x59e5, 0x9369, 0x7aa7, 0x7aa7, 0x9369, 0x59e5, 0x7aa7, 0x6b6d, 0x7aa7, 0x9369, 0x59e5, 0x7aa7,
    0x9369, 0x7aa7, 0x9369, 0xbc2b, 0x59e5, 0x9369, 0x7aa7, 0x7aa7, 0x9369, 0x59e5, 0x7aa7, 0x6b6d, 0x7aa7, 0x9369, 0x59e5, 0x7aa7,
    0x9369, 0x7aa7, 0x9369, 0xbc2b, 0x59e5, 0x9369, 0x7aa7, 0x7aa7, 0x9369, 0x59e5, 0x7aa7, 0x6b6d, 0x7aa7, 0x9369, 0x59e5, 0x7aa7,
    0x9369, 0x7aa7, 0x9369, 0xbc2b, 0x59e5, 0x9369, 0x7aa7, 0x7aa7, 0x9369, 0x59e5, 0x7aa7, 0x6b6d, 0x7aa7, 0x9369, 0x59e5, 0x7aa7,
    0x9369, 0x7aa7, 0x9369, 0xbc2b, 0x59e5, 0x9369, 0x7aa7, 0x7aa7, 0x9369, 0x59e5, 0x7aa7, 0x6b6d, 0x7aa7, 0x9369, 0x59e5, 0x7aa7,
    0x9369, 0x7aa7, 0x9369, 0xbc2b, 0x59e5, 0x9369, 0x7aa7, 0x7aa7, 0x9369, 0x59e5, 0x7aa7, 0x6b6d, 0x7aa7, 0x9369, 0x59e5, 0x7aa7,
    0x9369, 0x7aa7, 0x9369, 0xbc2b, 0x59e5, 0x9369, 0x7aa7, 0x7aa7, 0x9369, 0x59e5, 0x7aa7, 0x6b6d, 0x7aa7, 0x9369, 0x59e5, 0x7aa7,
    0x9369, 0x7aa7, 0x9369, 0xbc2b, 0x59e5, 0x9369, 0x7aa7, 0x7aa7, 0x9369, 0x59e5, 0x7aa7, 0x6b6d, 0x7aa7, 0x9369, 0x59e5, 0x7aa7,
    0x9369, 0x7aa7, 0x9369, 0xbc2b, 0x59e5, 0x9369, 0x7aa7, 0x7aa7, 0x9369, 0x59e5, 0x7aa7, 0x6b6d, 0x7aa7, 0x9369, 0x59e5, 0x7aa7,
    0x9369, 0x7aa7, 0x9369, 0xbc2b, 0x59e5, 0x9369, 0x7aa7, 0x7aa7, 0x9369, 0x59e5, 0x7aa7, 0x6b6d, 0x7aa7, 0x9369, 0x59e5, 0x7aa7,
    0x9369, 0x7aa7, 0x9369, 0xbc2b, 0x59e5, 0x9369, 0x7aa7, 0x7aa7, 0x9369, 0x59e5, 0x7aa7, 0x6b6d, 0x7aa7, 0x9369, 0x59e5, 0x7aa7,
    0x9369, 0x7aa7, 0x9369, 0xbc2b, 0x59e5, 0x9369, 0x7aa7, 0x7aa7, 0x9369, 0x59e5, 0x7aa7, 0x6b6d, 0x7aa7, 0x9369, 0x59e5, 0x7aa7,
    0x9369, 0x7aa7, 0x9369, 0xbc2b, 0x59e5, 0x9369, 0x7aa7, 0x7aa7, 0x9369, 0x59e5, 0x7aa7, 0x6b6d, 0x7aa7, 0x9369, 0x59e5, 0x7aa7,
    0x9369, 0x7aa7, 0x9369, 0xbc2b, 0x59e5, 0x9369, 0x7aa7, 0x7aa7, 0x9369, 0x59e5, 0x7aa7, 0x6b6d, 0x7aa7, 0x9369, 0x59e5, 0x7aa7,
    0x7aa7, 0x59e5, 0x9369, 0x9369, 0x7aa7, 0x9369, 0x59e5, 0x59e5, 0x59e5, 0x7aa7, 0x7aa7, 0x59e5, 0x7aa7, 0x7aa7, 0x7aa7, 0xbc2b,
    0x7aa7, 0x59e5, 0x9369, 0x9369, 0x7aa7, 0x9369, 0x59e5, 0x59e5, 0x59e5, 0x7aa7, 0x7aa7, 0x59e5, 0x7aa7, 0x7aa7, 0x7aa7, 0xbc2b,
    0x7aa7, 0x59e5, 0x9369, 0x9369, 0x7aa7, 0x9369, 0x59e5, 0x59e5, 0x59e5, 0x7aa7, 0x7aa7, 0x59e5, 0x7aa7, 0x7aa7, 0x7aa7, 0xbc2b,
    0x7aa7, 0x59e5, 0x9369, 0x9369, 0x7aa7, 0x9369, 0x59e5, 0x59e5, 0x59e5, 0x7aa7, 0x7aa7, 0x59e5, 0x7aa7, 0x7aa7, 0x7aa7, 0xbc2b,
    0x7aa7, 0x59e5, 0x9369, 0x9369, 0x7aa7, 0x9369, 0x59e5, 0x59e5, 0x59e5, 0x7aa7, 0x7aa7, 0x59e5, 0x7aa7, 0x7aa7, 0x7aa7, 0xbc2b,
    0x7aa7, 0x59e5, 0x9369, 0x9369, 0x7aa7, 0x9369, 0x59e5, 0x59e5, 0x59e5, 0x7aa7, 0x7aa7, 0x59e5, 0x7aa7, 0x7aa7, 0x7aa7, 0xbc2b,
    0x7aa7, 0x59e5, 0x9369, 0x9369, 0x7aa7, 0x9369, 0x59e5, 0x59e5, 0x59e5, 0x7aa7, 0x7aa7, 0x59e5, 0x7aa7, 0x7aa7, 0x7aa7, 0xbc2b,
    0x7aa7, 0x59e5, 0x9369, 0x9369, 0x7aa7, 0x9369, 0x59e5, 0x59e5, 0x59e5, 0x7aa7, 0x7aa7, 0x59e5, 0x7aa7, 0x7aa7, 0x7aa7, 0xbc2b,
    0x7aa7, 0x59e5, 0x9369, 0x9369, 0x7aa7, 0x9369, 0x59e5, 0x59e5, 0x59e5, 0x7aa7, 0x7aa7, 0x59e5, 0x7aa7, 0x7aa7, 0x7aa7, 0xbc2b,
    0x7aa7, 0x59e5, 0x9369, 0x9369, 0x7aa7, 0x9369, 0x59e5, 0x59e5, 0x59e5, 0x7aa7, 0x7aa7, 0x59e5, 0x7aa7, 0x7aa7, 0x7aa7, 0xbc2b,
    0x7aa7, 0x59e5, 0x9369, 0x9369, 0x7aa7, 0x9369, 0x59e5, 0x59e5, 0x59e5, 0x7aa7, 0x7aa7, 0x59e5, 0x7aa7, 0x7aa7, 0x7aa7, 0xbc2b,
    0x7aa7, 0x59e5, 0x9369, 0x9369, 0x7aa7, 0x9369, 0x59e5, 0x59e5, 0x59e5, 0x7aa7, 0x7aa7, 0x59e5, 0x7aa7, 0x7aa7, 0x7aa7, 0xbc2b,
    0x7aa7, 0x59e5, 0x9369, 0x9369, 0x7aa7, 0x9369, 0x59e5, 0x59e5, 0x59e5, 0x7aa7, 0x7aa7, 0x59e5, 0x7aa7, 0x7aa7, 0x7aa7, 0xbc2b,
    0x7aa7, 0x59e5, 0x9369, 0x9369, 0x7aa7, 0x9369, 0x59e5, 0x59e5, 0x59e5, 0x7aa7, 0x7aa7, 0x59e5, 0x7aa7, 0x7aa7, 0x7aa7, 0xbc2b,
    0x7aa7, 0x59e5, 0x9369, 0x9369, 0x7aa7, 0x9369, 0x59e5, 0x59e5, 0x59e5, 0x7aa7, 0x7aa7, 0x59e5, 0x7aa7, 0x7aa7, 0x7aa7, 0xbc2b,
    0x7aa7, 0x59e5, 0x9369, 0x9369, 0x7aa7, 0x9369, 0x59e5, 0x59e5, 0x59e5, 0x7aa7, 0x7aa7, 0x59e5, 0x7aa7, 0x7aa7, 0x7aa7, 0xbc2b,
    0x7aa7, 0x59e5, 0x9369, 0x9369, 0x7aa7, 0x9369, 0x59e5, 0x59e5, 0x59e5, 0x7aa7, 0x7aa7, 0x59e5, 0x7aa7, 0x7aa7, 0x7aa7, 0xbc2b,
    0x7aa7, 0x59e5, 0x9369, 0x9369, 0x7aa7, 0x9369, 0x59e5, 0x59e5, 0x59e5, 0x7aa7, 0x7aa7, 0x59e5, 0x7aa7, 0x7aa7, 0x7aa7, 0xbc2b,
    0x7aa7, 0x59e5, 0x9369, 0x9369, 0x7aa7, 0x9369, 0x59e5, 0x59e5, 0x59e5, 0x7aa7, 0x7aa7, 0x59e5, 0x7aa7, 0x7aa7, 0x7aa7, 0xbc2b,
    0x7aa7, 0x59e5, 0x9369, 0x9369, 0x7aa7, 0x9369, 0x59e5, 0x59e5, 0x59e5, 0x7aa7, 0x7aa7, 0x59e5, 0x7aa7, 0x7aa7, 0x7aa7, 0xbc2b,
    0xbc2b, 0x59e5, 0x7aa7, 0x7aa7, 0x8430, 0x7aa7, 0x7aa7, 0xbc2b, 0xbc2b, 0x7aa7, 0xbc2b, 0xbc2b, 0x7aa7, 0x9369, 0x7aa7, 0x9369,
    0xbc2b, 0x59e5, 0x7aa7, 0x7aa7, 0x8430, 0x7aa7, 0x7aa7, 0xbc2b, 0xbc2b, 0x7aa7, 0xbc2b, 0xbc2b, 0x7aa7, 0x9369, 0x7aa7, 0x9369,
    0xbc2b, 0x59e5, 0x7aa7, 0x7aa7, 0x8430, 0x7aa7, 0x7aa7, 0xbc2b, 0xbc2b, 0x7aa7, 0xbc2b, 0xbc2b, 0x7aa7, 0x9369, 0x7aa7, 0x9369,
    0xbc2b, 0x59e5, 0x7aa7, 0x7aa7, 0x8430, 0x7aa7, 0x7aa7, 0xbc2b, 0xbc2b, 0x7aa7, 0xbc2b, 0xbc2b, 0x7aa7, 0x9369, 0x7aa7, 0x9369,
    0xbc2b, 0x59e5, 0x7aa7, 0x7aa7, 0x8430, 0x7aa7, 0x7aa7, 0xbc2b, 0xbc2b, 0x7aa7, 0xbc2b, 0xbc2b, 0x7aa7, 0x9369, 0x7aa7, 0x9369,
    0xbc2b, 0x59e5, 0x7aa7, 0x7aa7, 0x8430, 0x7aa7, 0x7aa7, 0xbc2b, 0xbc2b, 0x7aa7, 0xbc2b, 0xbc2b, 0x7aa7, 0x9369, 0x7aa7, 0x9369,
    0xbc2b, 0x59e5, 0x7aa7, 0x7aa7, 0x8430, 0x7aa7, 0x7aa7, 0xbc2b, 0xbc2b, 0x7aa7, 0xbc2b, 0xbc2b, 0x7aa7, 0x9369, 0x7aa7, 0x9369,
    0xbc2b, 0x59e5, 0x7aa7, 0x7aa7, 0x8430, 0x7aa7, 0x7aa7, 0xbc2b, 0xbc2b, 0x7aa7, 0xbc2b, 0xbc2b, 0x7aa7, 0x9369, 0x7aa7, 0x9369,
    0xbc2b, 0x59e5, 0x7aa7, 0x7aa7, 0x8430, 0x7aa7, 0x7aa7, 0xbc2b, 0xbc2b, 0x7aa7, 0xbc2b, 0xbc2b, 0x7aa7, 0x9369, 0x7aa7, 0x9369,
    0xbc2b, 0x59e5, 0x7aa7, 0x7aa7, 0x8430, 0x7aa7, 0x7aa7, 0xbc2b, 0xbc2b, 0x7aa7, 0xbc2b, 0xbc2b, 0x7aa7, 0x9369, 0x7aa7, 0x9369,
    0xbc2b, 0x59e5, 0x7aa7, 0x7aa7, 0x8430, 0x7aa7, 0x7aa7, 0xbc2b, 0xbc2b, 0x7aa7, 0xbc2b, 0xbc2b, 0x7aa7, 0x9369, 0x7aa7, 0x9369,
    0xbc2b, 0x59e5, 0x7aa7, 0x7aa7, 0x8430, 0x7aa7, 0x7aa7, 0xbc2b, 0xbc2b, 0x7aa7, 0xbc2b, 0xbc2b, 0x7aa7, 0x9369, 0x7aa7, 0x9369,
    0xbc2b, 0x59e5, 0x7aa7, 0x7aa7, 0x8430, 0x7aa7, 0x7aa7, 0xbc2b, 0xbc2b, 0x7aa7, 0xbc2b, 0xbc2b, 0x7aa7, 0x9369, 0x7aa7, 0x9369,
    0xbc2b, 0x59e5, 0x7aa7, 0x7aa7, 0x8430, 0x7aa7, 0x7aa7, 0xbc2b, 0xbc2b, 0x7aa7, 0xbc2b, 0xbc2b, 0x7aa7, 0x9369, 0x7aa7, 0x9369,
    0xbc2b, 0x59e5, 0x7aa7, 0x7aa7, 0x8430, 0x7aa7, 0x7aa7, 0xbc2b, 0xbc2b, 0x7aa7, 0xbc2b, 0xbc2b, 0x7aa7, 0x9369, 0x7aa7, 0x9369,
    0xbc2b, 0x59e5, 0x7aa7, 0x7aa7, 0x8430, 0x7aa7, 0x7aa7, 0xbc2b, 0xbc2b, 0x7aa7, 0xbc2b, 0xbc2b, 0x7aa7, 0x9369, 0x7aa7, 0x9369,
    0xbc2b, 0x59e5, 0x7aa7, 0x7aa7, 0x8430, 0x7aa7, 0x7aa7, 0xbc2b, 0xbc2b, 0x7aa7, 0xbc2b, 0xbc2b, 0x7aa7, 0x9369, 0x7aa7, 0x9369,
    0xbc2b, 0x59e5, 0x7aa7, 0x7aa7, 0x8430, 0x7aa7, 0x7aa7, 0xbc2b, 0xbc2b, 0x7aa7, 0xbc2b, 0xbc2b, 0x7aa7, 0x9369, 0x7aa7, 0x9369,
    0xbc2b, 0x59e5, 0x7aa7, 0x7aa7, 0x8430, 0x7aa7, 0x7aa7, 0xbc2b, 0xbc2b, 0x7aa7, 0xbc2b, 0xbc2b, 0x7aa7, 0x9369, 0x7aa7, 0x9369,
    0xbc2b, 0x59e5, 0x7aa7, 0x7aa7, 0x8430, 0x7aa7, 0x7aa7, 0xbc2b, 0xbc2b, 0x7aa7, 0xbc2b, 0xbc2b, 0x7aa7, 0x9369, 0x7aa7, 0x9369,
    0xbc2b, 0x7aa7, 0xbc2b, 0xbc2b, 0x9369, 0x9369, 0x7aa7, 0x7aa7, 0x9369, 0x59e5, 0x9369, 0x9369, 0x7aa7, 0x7aa7, 0x9369, 0x9369,
    0xbc2b, 0x7aa7, 0xbc2b, 0xbc2b, 0x9369, 0x9369, 0x7aa7, 0x7aa7, 0x9369, 0x59e5, 0x9369, 0x9369, 0x7aa7, 0x7aa7, 0x9369, 0x9369,
    0xbc2b, 0x7aa7, 0xbc2b, 0xbc2b, 0x9369, 0x9369, 0x7aa7, 0x7aa7, 0x9369, 0x59e5, 0x9369, 0x9369, 0x7aa7, 0x7aa7, 0x9369, 0x9369,
    0xbc2b, 0x7aa7, 0xbc2b, 0xbc2b, 0x9369, 0x9369, 0x7aa7, 0x7aa7, 0x9369, 0x59e5, 0x9369, 0x9369, 0x7aa7, 0x7aa7, 0x9369, 0x9369,
    0xbc2b, 0x7aa7, 0xbc2b, 0xbc2b, 0x9369, 0x9369, 0x7aa7, 0x7aa7, 0x9369, 0x59e5, 0x9369, 0x9369, 0x7aa7, 0x7aa7, 0x9369, 0x9369,
    0xbc2b, 0x7aa7, 0xbc2b, 0xbc2b, 0x9369, 0x9369, 0x7aa7, 0x7aa7, 0x9369, 0x59e5, 0x9369, 0x9369, 0x7aa7, 0x7aa7, 0x9369, 0x9369,
    0xbc2b, 0x7aa7, 0xbc2b, 0xbc2b, 0x9369, 0x9369, 0x7aa7, 0x7aa7, 0x9369, 0x59e5, 0x9369, 0x9369, 0x7aa7, 0x7aa7, 0x9369, 0x9369,
    0xbc2b, 0x7aa7, 0xbc2b, 0xbc2b, 0x9369, 0x9369, 0x7aa7, 0x7aa7, 0x9369, 0x59e5, 0x9369, 0x9369, 0x7aa7, 0x7aa7, 0x9369, 0x9369,
    0xbc2b, 0x7aa7, 0xbc2b, 0xbc2b, 0x9369, 0x9369, 0x7aa7, 0x7aa7, 0x9369, 0x59e5, 0x9369, 0x9369, 0x7aa7, 0x7aa7, 0x9369, 0x9369,
    0xbc2b, 0x7aa7, 0xbc2b, 0xbc2b, 0x9369, 0x9369, 0x7aa7, 0x7aa7, 0x9369, 0x59e5, 0x9369, 0x9369, 0x7aa7, 0x7aa7, 0x9369, 0x9369,
    0xbc2b, 0x7aa7, 0xbc2b, 0xbc2b, 0x9369, 0x9369, 0x7aa7, 0x7aa7, 0x9369, 0x59e5, 0x9369, 0x9369, 0x7aa7, 0x7aa7, 0x9369, 0x9369,
    0xbc2b, 0x7aa7, 0xbc2b, 0xbc2b, 0x9369, 0x9369, 0x7aa7, 0x7aa7, 0x9369, 0x59e5, 0x9369, 0x9369, 0x7aa7, 0x7aa7, 0x9369, 0x9369,
    0xbc2b, 0x7aa7, 0xbc2b, 0xbc2b, 0x9369, 0x9369, 0x7aa7, 0x7aa7, 0x9369, 0x59e5, 0x9369, 0x9369, 0x7aa7, 0x7aa7, 0x9369, 0x9369,
    0xbc2b, 0x7aa7, 0xbc2b, 0xbc2b, 0x9369, 0x9369, 0x7aa7, 0x7aa7, 0x9369, 0x59e5, 0x9369, 0x9369, 0x7aa7, 0x7aa7, 0x9369, 0x9369,
    0xbc2b, 0x7aa7, 0xbc2b, 0xbc2b, 0x9369, 0x9369, 0x7aa7, 0x7aa7, 0x9369, 0x59e5, 0x9369, 0x9369, 0x7aa7, 0x7aa7, 0x9369, 0x9369,
    0xbc2b, 0x7aa7, 0xbc2b, 0xbc2b, 0x9369, 0x9369, 0x7aa7, 0x7aa7, 0x9369, 0x59e5, 0x9369, 0x9369, 0x7aa7, 0x7aa7, 0x9369, 0x9369,
    0xbc2b, 0x7aa7, 0xbc2b, 0xbc2b, 0x9369, 0x9369, 0x7aa7, 0x7aa7, 0x9369, 0x59e5, 0x9369, 0x9369, 0x7aa7, 0x7aa7, 0x9369, 0x9369,
    0xbc2b, 0x7aa7, 0xbc2b, 0xbc2b, 0x9369, 0x9369, 0x7aa7, 0x7aa7, 0x9369, 0x59e5, 0x9369, 0x9369, 0x7aa7, 0x7aa7, 0x9369, 0x9369,
    0xbc2b, 0x7aa7, 0xbc2b, 0xbc2b, 0x9369, 0x9369, 0x7aa7, 0x7aa7, 0x9369, 0x59e5, 0x9369, 0x9369, 0x7aa7, 0x7aa7, 0x9369, 0x9369,
    0xbc2b, 0x7aa7, 0xbc2b, 0xbc2b, 0x9369, 0x9369, 0x7aa7, 0x7aa7, 0x9369, 0x59e5, 0x9369, 0x9369, 0x7aa7, 0x7aa7, 0x9369, 0x9369,
    0x9369, 0x7aa7, 0x7aa7, 0x9369, 0x7aa7, 0x9369, 0x7aa7, 0x59e5, 0x7aa7, 0x9369, 0x9369, 0x7aa7, 0x7aa7, 0x7aa7, 0x59e5, 0x7aa7,
    0x9369, 0x7aa7, 0x7aa7, 0x9369, 0x7aa7, 0x9369, 0x7aa7, 0x59e5, 0x7aa7, 0x9369, 0x9369, 0x7aa7, 0x7aa7, 0x7aa7, 0x59e5, 0x7aa7,
    0x9369, 0x7aa7, 0x7aa7, 0x9369, 0x7aa7, 0x9369, 0x7aa7, 0x59e5, 0x7aa7, 0x9369, 0x9369, 0x7aa7, 0x7aa7, 0x7aa7, 0x59e5, 0x7aa7,
    0x9369, 0x7aa7, 0x7aa7, 0x9369, 0x7aa7, 0x9369, 0x7aa7, 0x59e5, 0x7aa7, 0x9369, 0x9369, 0x7aa7, 0x7aa7, 0x7aa7, 0x59e5, 0x7aa7,
    0x9369, 0x7aa7, 0x7aa7, 0x9369, 0x7aa7, 0x9369, 0x7aa7, 0x59e5, 0x7aa7, 0x9369, 0x9369, 0x7aa7, 0x7aa7, 0x7aa7, 0x59e5, 0x7aa7,
    0x9369, 0x7aa7, 0x7aa7, 0x9369, 0x7aa7, 0x9369, 0x7aa7, 0x59e5, 0x7aa7, 0x9369, 0x9369, 0x7aa7, 0x7aa7, 0x7aa7, 0x59e5, 0x7aa7,
    0x9369, 0x7aa7, 0x7aa7, 0x9369, 0x7aa7, 0x9369, 0x7aa7, 0x59e5, 0x7aa7, 0x9369, 0x9369, 0x7aa7, 0x7aa7, 0x7aa7, 0x59e5, 0x7aa7,
    0x9369, 0x7aa7, 0x7aa7, 0x9369, 0x7aa7, 0x9369, 0x7aa7, 0x59e5, 0x7aa7, 0x9369, 0x9369, 0x7aa7, 0x7aa7, 0x7aa7, 0x59e5, 0x7aa7,
    0x9369, 0x7aa7, 0x7aa7, 0x9369, 0x7aa7, 0x9369, 0x7aa7, 0x59e5, 0x7aa7, 0x9369, 0x9369, 0x7aa7, 0x7aa7, 0x7aa7, 0x59e5, 0x7aa7,
    0x9369, 0x7aa7, 0x7aa7, 0x9369, 0x7aa7, 0x9369, 0x7aa7, 0x59e5, 0x7aa7, 0x9369, 0x9369, 0x7aa7, 0x7aa7, 0x7aa7, 0x59e5, 0x7aa7,
    0x9369, 0x7aa7, 0x7aa7, 0x9369, 0x7aa7, 0x9369, 0x7aa7, 0x59e5, 0x7aa7, 0x9369, 0x9369, 0x7aa7, 0x7aa7, 0x7aa7, 0x59e5, 0x7aa7,
    0x9369, 0x7aa7, 0x7aa7, 0x9369, 0x7aa7, 0x9369, 0x7aa7, 0x59e5, 0x7aa7, 0x9369, 0x9369, 0x7aa7, 0x7aa7, 0x7aa7, 0x59e5, 0x7aa7,
    0x9369, 0x7aa7, 0x7aa7, 0x9369, 0x7aa7, 0x9369, 0x7aa7, 0x59e5, 0x7aa7, 0x9369, 0x9369, 0x7aa7, 0x7aa7, 0x7aa7, 0x59e5, 0x7aa7,
    0x9369, 0x7aa7, 0x7aa7, 0x9369, 0x7aa7, 0x9369, 0x7aa7, 0x59e5, 0x7aa7, 0x9369, 0x9369, 0x7aa7, 0x7aa7, 0x7aa7, 0x59e5, 0x7aa7,
    0x9369, 0x7aa7, 0x7aa7, 0x9369, 0x7aa7, 0x9369, 0x7aa7, 0x59e5, 0x7aa7, 0x9369, 0x9369, 0x7aa7, 0x7aa7, 0x7aa7, 0x59e5, 0x7aa7,
    0x9369, 0x7aa7, 0x7aa7, 0x9369, 0x7aa7, 0x9369, 0x7aa7, 0x59e5, 0x7aa7, 0x9369, 0x9369, 0x7aa7, 0x7aa7, 0x7aa7, 0x59e5, 0x7aa7,
    0x9369, 0x7aa7, 0x7aa7, 0x9369, 0x7aa7, 0x9369, 0x7aa7, 0x59e5, 0x7aa7, 0x9369, 0x9369, 0x7aa7, 0x7aa7, 0x7aa7, 0x59e5, 0x7aa7,
    0x9369, 0x7aa7, 0x7aa7, 0x9369, 0x7aa7, 0x9369, 0x7aa7, 0x59e5, 0x7aa7, 0x9369, 0x9369, 0x7aa7, 0x7aa7, 0x7aa7, 0x59e5, 0x7aa7,
    0x9369, 0x7aa7, 0x7aa7, 0x9369, 0x7aa7, 0x9369, 0x7aa7, 0x59e5, 0x7aa7, 0x9369, 0x9369, 0x7aa7, 0x7aa7, 0x7aa7, 0x59e5, 0x7aa7,
    0x9369, 0x7aa7, 0x7aa7, 0x9369, 0x7aa7, 0x9369, 0x7aa7, 0x59e5, 0x7aa7, 0x9369, 0x9369, 0x7aa7, 0x7aa7, 0x7aa7, 0x59e5, 0x7aa7,
    0x9369, 0x9369, 0x59e5, 0x7aa7, 0x7aa7, 0x59e5, 0x59e5, 0x7aa7, 0x7aa7, 0x7aa7, 0x7aa7, 0x7aa7, 0xbc2b, 0xbc2b, 0x7aa7, 0x9369,
    0x9369, 0x9369, 0x59e5, 0x7aa7, 0x7aa7, 0x59e5, 0x59e5, 0x7aa7, 0x7aa7, 0x7aa7, 0x7aa7, 0x7aa7, 0xbc2b, 0xbc2b, 0x7aa7, 0x9369,
    0x9369, 0x9369, 0x59e5, 0x7aa7, 0x7aa7, 0x59e5, 0x59e5, 0x7aa7, 0x7aa7, 0x7aa7, 0x7aa7, 0x7aa7, 0xbc2b, 0xbc2b, 0x7aa7, 0x9369,
    0x9369, 0x9369, 0x59e5, 0x7aa7, 0x7aa7, 0x59e5, 0x59e5, 0x7aa7, 0x7aa7, 0x7aa7, 0x7aa7, 0x7aa7, 0xbc2b, 0xbc2b, 0x7aa7, 0x9369,
    0x9369, 0x9369, 0x59e5, 0x7aa7, 0x7aa7, 0x59e5, 0x59e5, 0x7aa7, 0x7aa7, 0x7aa7, 0x7aa7, 0x7aa7, 0xbc2b, 0xbc2b, 0x7aa7, 0x9369,
    0x9369, 0x9369, 0x59e5, 0x7aa7, 0x7aa7, 0x59e5, 0x59e5, 0x7aa7, 0x7aa7, 0x7aa7, 0x7aa7, 0x7aa7, 0xbc2b, 0xbc2b, 0x7aa7, 0x9369,
    0x9369, 0x9369, 0x59e5, 0x7aa7, 0x7aa7, 0x59e5, 0x59e5, 0x7aa7, 0x7aa7, 0x7aa7, 0x7aa7, 0x7aa7, 0xbc2b, 0xbc2b, 0x7aa7, 0x9369,
    0x9369, 0x9369, 0x59e5, 0x7aa7, 0x7aa7, 0x59e5, 0x59e5, 0x7aa7, 0x7aa7, 0x7aa7, 0x7aa7, 0x7aa7, 0xbc2b, 0xbc2b, 0x7aa7, 0x9369,
    0x9369, 0x9369, 0x59e5, 0x7aa7, 0x7aa7, 0x59e5, 0x59e5, 0x7aa7, 0x7aa7, 0x7aa7, 0x7aa7, 0x7aa7, 0xbc2b, 0xbc2b, 0x7aa7, 0x9369,
    0x9369, 0x9369, 0x59e5, 0x7aa7, 0x7aa7, 0x59e5, 0x59e5, 0x7aa7, 0x7aa7, 0x7aa7, 0x7aa7, 0x7aa7, 0xbc2b, 0xbc2b, 0x7aa7, 0x9369,
    0x9369, 0x9369, 0x59e5, 0x7aa7, 0x7aa7, 0x59e5, 0x59e5, 0x7aa7, 0x7aa7, 0x7aa7, 0x7aa7, 0x7aa7, 0xbc2b, 0xbc2b, 0x7aa7, 0x9369,
    0x9369, 0x9369, 0x59e5, 0x7aa7, 0x7aa7, 0x59e5, 0x59e5, 0x7aa7, 0x7aa7, 0x7aa7, 0x7aa7, 0x7aa7, 0xbc2b, 0xbc2b, 0x7aa7, 0x9369,
    0x9369, 0x9369, 0x59e5, 0x7aa7, 0x7aa7, 0x59e5, 0x59e5, 0x7aa7, 0x7aa7, 0x7aa7, 0x7aa7, 0x7aa7, 0xbc2b, 0xbc2b, 0x7aa7, 0x9369,
    0x9369, 0x9369, 0x59e5, 0x7aa7, 0x7aa7, 0x59e5, 0x59e5, 0x7aa7, 0x7aa7, 0x7aa7, 0x7aa7, 0x7aa7, 0xbc2b, 0xbc2b, 0x7aa7, 0x9369,
    0x9369, 0x9369, 0x59e5, 0x7aa7, 0x7aa7, 0x59e5, 0x59e5, 0x7aa7, 0x7aa7, 0x7aa7, 0x7aa7, 0x7aa7, 0xbc2b, 0xbc2b, 0x7aa7, 0x9369,
    0x9369, 0x9369, 0x59e5, 0x7aa7, 0x7aa7, 0x59e5, 0x59e5, 0x7aa7, 0x7aa7, 0x7aa7, 0x7aa7, 0x7aa7, 0xbc2b, 0xbc2b, 0x7aa7, 0x9369,
    0x9369, 0x9369, 0x59e5, 0x7aa7, 0x7aa7, 0x59e5, 0x59e5, 0x7aa7, 0x7aa7, 0x7aa7, 0x7aa7, 0x7aa7, 0xbc2b, 0xbc2b, 0x7aa7, 0x9369,
    0x9369, 0x9369, 0x59e5, 0x7aa7, 0x7aa7, 0x59e5, 0x59e5, 0x7aa7, 0x7aa7, 0x7aa7, 0x7aa7, 0x7aa7, 0xbc2b, 0xbc2b, 0x7aa7, 0x9369,
    0x9369, 0x9369, 0x59e5, 0x7aa7, 0x7aa7, 0x59e5, 0x59e5, 0x7aa7, 0x7aa7, 0x7aa7, 0x7aa7, 0x7aa7, 0xbc2b, 0xbc2b, 0x7aa7, 0x9369,
    0x9369, 0x9369, 0x59e5, 0x7aa7, 0x7aa7, 0x59e5, 0x59e5, 0x7aa7, 0x7aa7, 0x7aa7, 0x7aa7, 0x7aa7, 0xbc2b, 0xbc2b, 0x7aa7, 0x9369,
    0x9369, 0x9369, 0x7aa7, 0xbc2b, 0xbc2b, 0x7aa7, 0xbc2b, 0x9369, 0x59e5, 0xbc2b, 0xbc2b, 0x7aa7, 0x9369, 0x9369, 0x8430, 0x7aa7,
    0x9369, 0x9369, 0x7aa7, 0xbc2b, 0xbc2b, 0x7aa7, 0xbc2b, 0x9369, 0x59e5, 0xbc2b, 0xbc2b, 0x7aa7, 0x9369, 0x9369, 0x8430, 0x7aa7,
    0x9369, 0x9369, 0x7aa7, 0xbc2b, 0xbc2b, 0x7aa7, 0xbc2b, 0x9369, 0x59e5, 0xbc2b, 0xbc2b, 0x7aa7, 0x9369, 0x9369, 0x8430, 0x7aa7,
    0x9369, 0x9369, 0x7aa7, 0xbc2b, 0xbc2b, 0x7aa7, 0xbc2b, 0x9369, 0x59e5, 0xbc2b, 0xbc2b, 0x7aa7, 0x9369, 0x9369, 0x8430, 0x7aa7,
    0x9369, 0x9369, 0x7aa7, 0xbc2b, 0xbc2b, 0x7aa7, 0xbc2b, 0x9369, 0x59e5, 0xbc2b, 0xbc2b, 0x7aa7, 0x9369, 0x9369, 0x8430, 0x7aa7,
    0x9369, 0x9369, 0x7aa7, 0xbc2b, 0xbc2b, 0x7aa7, 0xbc2b, 0x9369, 0x59e5, 0xbc2b, 0xbc2b, 0x7aa7, 0x9369, 0x9369, 0x8430, 0x7aa7,
    0x9369, 0x9369, 0x7aa7, 0xbc2b, 0xbc2b, 0x7aa7, 0xbc2b, 0x9369, 0x59e5, 0xbc2b, 0xbc2b, 0x7aa7, 0x9369, 0x9369, 0x8430, 0x7aa7,
    0x9369, 0x9369, 0x7aa7, 0xbc2b, 0xbc2b, 0x7aa7, 0xbc2b, 0x9369, 0x59e5, 0xbc2b, 0xbc2b, 0x7aa7, 0x9369, 0x9369, 0x8430, 0x7aa7,
    0x9369, 0x9369, 0x7aa7, 0xbc2b, 0xbc2b, 0x7aa7, 0xbc2b, 0x9369, 0x59e5, 0xbc2b, 0xbc2b, 0x7aa7, 0x9369, 0x9369, 0x8430, 0x7aa7,
    0x9369, 0x9369, 0x7aa7, 0xbc2b, 0xbc2b, 0x7aa7, 0xbc2b, 0x9369, 0x59e5, 0xbc2b, 0xbc2b, 0x7aa7, 0x9369, 0x9369, 0x8430, 0x7aa7,
    0x9369, 0x9369, 0x7aa7, 0xbc2b, 0xbc2b, 0x7aa7, 0xbc2b, 0x9369, 0x59e5, 0xbc2b, 0xbc2b, 0x7aa7, 0x9369, 0x9369, 0x8430, 0x7aa7,
    0x9369, 0x9369, 0x7aa7, 0xbc2b, 0xbc2b, 0x7aa7, 0xbc2b, 0x9369, 0x59e5, 0xbc2b, 0xbc2b, 0x7aa7, 0x9369, 0x9369, 0x8430, 0x7aa7,
    0x9369, 0x9369, 0x7aa7, 0xbc2b, 0xbc2b, 0x7aa7, 0xbc2b, 0x9369, 0x59e5, 0xbc2b, 0xbc2b, 0x7aa7, 0x9369, 0x9369, 0x8430, 0x7aa7,
    0x9369, 0x9369, 0x7aa7, 0xbc2b, 0xbc2b, 0x7aa7, 0xbc2b, 0x9369, 0x59e5, 0xbc2b, 0xbc2b, 0x7aa7, 0x9369, 0x9369, 0x8430, 0x7aa7,
    0x9369, 0x9369, 0x7aa7, 0xbc2b, 0xbc2b, 0x7aa7, 0xbc2b, 0x9369, 0x59e5, 0xbc2b, 0xbc2b, 0x7aa7, 0x9369, 0x9369, 0x8430, 0x7aa7,
    0x9369, 0x9369, 0x7aa7, 0xbc2b, 0xbc2b, 0x7aa7, 0xbc2b, 0x9369, 0x59e5, 0xbc2b, 0xbc2b, 0x7aa7, 0x9369, 0x9369, 0x8430, 0x7aa7,
    0x9369, 0x9369, 0x7aa7, 0xbc2b, 0xbc2b, 0x7aa7, 0xbc2b, 0x9369, 0x59e5, 0xbc2b, 0xbc2b, 0x7aa7, 0x9369, 0x9369, 0x8430, 0x7aa7,
    0x9369, 0x9369, 0x7aa7, 0xbc2b, 0xbc2b, 0x7aa7, 0xbc2b, 0x9369, 0x59e5, 0xbc2b, 0xbc2b, 0x7aa7, 0x9369, 0x9369, 0x8430, 0x7aa7,
    0x9369, 0x9369, 0x7aa7, 0xbc2b, 0xbc2b, 0x7aa7, 0xbc2b, 0x9369, 0x59e5, 0xbc2b, 0xbc2b, 0x7aa7, 0x9369, 0x9369, 0x8430, 0x7aa7,
    0x9369, 0x9369, 0x7aa7, 0xbc2b, 0xbc2b, 0x7aa7, 0xbc2b, 0x9369, 0x59e5, 0xbc2b, 0xbc2b, 0x7aa7, 0x9369, 0x9369, 0x8430, 0x7aa7,
    0x9369, 0x7aa7, 0x7aa7, 0x9369, 0x9369, 0xbc2b, 0x7aa7, 0x9369, 0x6b6d, 0x9369, 0x9369, 0x7aa7, 0x59e5, 0x9369, 0x7aa7, 0x59e5,
    0x9369, 0x7aa7, 0x7aa7, 0x9369, 0x9369, 0xbc2b, 0x7aa7, 0x9369, 0x6b6d, 0x9369, 0x9369, 0x7aa7, 0x59e5, 0x9369, 0x7aa7, 0x59e5,
    0x9369, 0x7aa7, 0x7aa7, 0x9369, 0x9369, 0xbc2b, 0x7aa7, 0x9369, 0x6b6d, 0x9369, 0x9369, 0x7aa7, 0x59e5, 0x9369, 0x7aa7, 0x59e5,
    0x9369, 0x7aa7, 0x7aa7, 0x9369, 0x9369, 0xbc2b, 0x7aa7, 0x9369, 0x6b6d, 0x9369, 0x9369, 0x7aa7, 0x59e5, 0x9369, 0x7aa7, 0x59e5,
    0x9369, 0x7aa7, 0x7aa7, 0x9369, 0x9369, 0xbc2b, 0x7aa7, 0x9369, 0x6b6d, 0x9369, 0x9369, 0x7aa7, 0x59e5, 0x9369, 0x7aa7, 0x59e5,
    0x9369, 0x7aa7, 0x7aa7, 0x9369, 0x9369, 0xbc2b, 0x7aa7, 0x9369, 0x6b6d, 0x9369, 0x9369, 0x7aa7, 0x59e5, 0x9369, 0x7aa7, 0x59e5,
    0x9369, 0x7aa7, 0x7aa7, 0x9369, 0x9369, 0xbc2b, 0x7aa7, 0x9369, 0x6b6d, 0x9369, 0x9369, 0x7aa7, 0x59e5, 0x9369, 0x7aa7, 0x59e5,
    0x9369, 0x7aa7, 0x7aa7, 0x9369, 0x9369, 0xbc2b, 0x7aa7, 0x9369, 0x6b6d, 0x9369, 0x9369, 0x7aa7, 0x59e5, 0x9369, 0x7aa7, 0x59e5,
    0x9369, 0x7aa7, 0x7aa7, 0x9369, 0x9369, 0xbc2b, 0x7aa7, 0x9369, 0x6b6d, 0x9369, 0x9369, 0x7aa7, 0x59e5, 0x9369, 0x7aa7, 0x59e5,
    0x9369, 0x7aa7, 0x7aa7, 0x9369, 0x9369, 0xbc2b, 0x7aa7, 0x9369, 0x6b6d, 0x9369, 0x9369, 0x7aa7, 0x59e5, 0x9369, 0x7aa7, 0x59e5,
    0x9369, 0x7aa7, 0x7aa7, 0x9369, 0x9369, 0xbc2b, 0x7aa7, 0x9369, 0x6b6d, 0x9369, 0x9369, 0x7aa7, 0x59e5, 0x9369, 0x7aa7, 0x59e5,
    0x9369, 0x7aa7, 0x7aa7, 0x9369, 0x9369, 0xbc2b, 0x7aa7, 0x9369, 0x6b6d, 0x9369, 0x9369, 0x7aa7, 0x59e5, 0x9369, 0x7aa7, 0x59e5,
    0x9369, 0x7aa7, 0x7aa7, 0x9369, 0x9369, 0xbc2b, 0x7aa7, 0x9369, 0x6b6d, 0x9369, 0x9369, 0x7aa7, 0x59e5, 0x9369, 0x7aa7, 0x59e5,
    0x9369, 0x7aa7, 0x7aa7, 0x9369, 0x9369, 0xbc2b, 0x7aa7, 0x9369, 0x6b6d, 0x9369, 0x9369, 0x7aa7, 0x59e5, 0x9369, 0x7aa7, 0x59e5,
    0x9369, 0x7aa7, 0x7aa7, 0x9369, 0x9369, 0xbc2b, 0x7aa7, 0x9369, 0x6b6d, 0x9369, 0x9369, 0x7aa7, 0x59e5, 0x9369, 0x7aa7, 0x59e5,
    0x9369, 0x7aa7, 0x7aa7, 0x9369, 0x9369, 0xbc2b, 0x7aa7, 0x9369, 0x6b6d, 0x9369, 0x9369, 0x7aa7, 0x59e5, 0x9369, 0x7aa7, 0x59e5,
    0x9369, 0x7aa7, 0x7aa7, 0x9369, 0x9369, 0xbc2b, 0x7aa7, 0x9369, 0x6b6d, 0x9369, 0x9369, 0x7aa7, 0x59e5, 0x9369, 0x7aa7, 0x59e5,
    0x9369, 0x7aa7, 0x7aa7, 0x9369, 0x9369, 0xbc2b, 0x7aa7, 0x9369, 0x6b6d, 0x9369, 0x9369, 0x7aa7, 0x59e5, 0x9369, 0x7aa7, 0x59e5,
    0x9369, 0x7aa7, 0x7aa7, 0x9369, 0x9369, 0xbc2b, 0x7aa7, 0x9369, 0x6b6d, 0x9369, 0x9369, 0x7aa7, 0x59e5, 0x9369, 0x7aa7, 0x59e5,
    0x9369, 0x7aa7, 0x7aa7, 0x9369, 0x9369, 0xbc2b, 0x7aa7, 0x9369, 0x6b6d, 0x9369, 0x9369, 0x7aa7, 0x59e5, 0x9369, 0x7aa7, 0x59e5,
    0x7aa7, 0x59e5, 0x9369, 0x7aa7, 0x9369, 0x9369, 0xbc2b, 0x7aa7, 0x7aa7, 0x7aa7, 0x7aa7, 0x7aa7, 0x7aa7, 0x7aa7, 0xbc2b, 0xbc2b,
    0x7aa7, 0x59e5, 0x9369, 0x7aa7, 0x9369, 0x9369, 0xbc2b, 0x7aa7, 0x7aa7, 0x7aa7, 0x7aa7, 0x7aa7, 0x7aa7, 0x7aa7, 0xbc2b, 0xbc2b,
    0x7aa7, 0x59e5, 0x9369, 0x7aa7, 0x9369, 0x9369, 0xbc2b, 0x7aa7, 0x7aa7, 0x7aa7, 0x7aa7, 0x7aa7, 0x7aa7, 0x7aa7, 0xbc2b, 0xbc2b,
    0x7aa7, 0x59e5, 0x9369, 0x7aa7, 0x9369, 0x9369, 0xbc2b, 0x7aa7, 0x7aa7, 0x7aa7, 0x7aa7, 0x7aa7, 0x7aa7, 0x7aa7, 0xbc2b, 0xbc2b,
    0x7aa7, 0x59e5, 0x9369, 0x7aa7, 0x9369, 0x9369, 0xbc2b, 0x7aa7, 0x7aa7, 0x7aa7, 0x7aa7, 0x7aa7, 0x7aa7, 0x7aa7, 0xbc2b, 0xbc2b,
    0x7aa7, 0x59e5, 0x9369, 0x7aa7, 0x9369, 0x9369, 0xbc2b, 0x7aa7, 0x7aa7, 0x7aa7, 0x7aa7, 0x7aa7, 0x7aa7, 0x7aa7, 0xbc2b, 0xbc2b,
    0x7aa7, 0x59e5, 0x9369, 0x7aa7, 0x9369, 0x9369, 0xbc2b, 0x7aa7, 0x7aa7, 0x7aa7, 0x7aa7, 0x7aa7, 0x7aa7, 0x7aa7, 0xbc2b, 0xbc2b,
    0x7aa7, 0x59e5, 0x9369, 0x7aa7, 0x9369, 0x9369, 0xbc2b, 0x7aa7, 0x7aa7, 0x7aa7, 0x7aa7, 0x7aa7, 0x7aa7, 0x7aa7, 0xbc2b, 0xbc2b,
    0x7aa7, 0x59e5, 0x9369, 0x7aa7, 0x9369, 0x9369, 0xbc2b, 0x7aa7, 0x7aa7, 0x7aa7, 0x7aa7, 0x7aa7, 0x7aa7, 0x7aa7, 0xbc2b, 0xbc2b,
    0x7aa7, 0x59e5, 0x9369, 0x7aa7, 0x9369, 0x9369, 0xbc2b, 0x7aa7, 0x7aa7, 0x7aa7, 0x7aa7, 0x7aa7, 0x7aa7, 0x7aa7, 0xbc2b, 0xbc2b,
    0x7aa7, 0x59e5, 0x9369, 0x7aa7, 0x9369, 0x9369, 0xbc2b, 0x7aa7, 0x7aa7, 0x7aa7, 0x7aa7, 0x7aa7, 0x7aa7, 0x7aa7, 0xbc2b, 0xbc2b,
    0x7aa7, 0x59e5, 0x9369, 0x7aa7, 0x9369, 0x9369, 0xbc2b, 0x7aa7, 0x7aa7, 0x7aa7, 0x7aa7, 0x7aa7, 0x7aa7, 0x7aa7, 0xbc2b, 0xbc2b,
    0x7aa7, 0x59e5, 0x9369, 0x7aa7, 0x9369, 0x9369, 0xbc2b, 0x7aa7, 0x7aa7, 0x7aa7, 0x7aa7, 0x7aa7, 0x7aa7, 0x7aa7, 0xbc2b, 0xbc2b,
    0x7aa7, 0x59e5, 0x9369, 0x7aa7, 0x9369, 0x9369, 0xbc2b, 0x7aa7, 0x7aa7, 0x7aa7, 0x7aa7, 0x7aa7, 0x7aa7, 0x7aa7, 0xbc2b, 0xbc2b,
    0x7aa7, 0x59e5, 0x9369, 0x7aa7, 0x9369, 0x9369, 0xbc2b, 0x7aa7, 0x7aa7, 0x7aa7, 0x7aa7, 0x7aa7, 0x7aa7, 0x7aa7, 0xbc2b, 0xbc2b,
    0x7aa7, 0x59e5, 0x9369, 0x7aa7, 0x9369, 0x9369, 0xbc2b, 0x7aa7, 0x7aa7, 0x7aa7, 0x7aa7, 0x7aa7, 0x7aa7, 0x7aa7, 0xbc2b, 0xbc2b,
    0x7aa7, 0x59e5, 0x9369, 0x7aa7, 0x9369, 0x9369, 0xbc2b, 0x7aa7, 0x7aa7, 0x7aa7, 0x7aa7, 0x7aa7, 0x7aa7, 0x7aa7, 0xbc2b, 0xbc2b,
    0x7aa7, 0x59e5, 0x9369, 0x7aa7, 0x9369, 0x9369, 0xbc2b, 0x7aa7, 0x7aa7, 0x7aa7, 0x7aa7, 0x7aa7, 0x7aa7, 0x7aa7, 0xbc2b, 0xbc2b,
    0x7aa7, 0x59e5, 0x9369, 0x7aa7, 0x9369, 0x9369, 0xbc2b, 0x7aa7, 0x7aa7, 0x7aa7, 0x7aa7, 0x7aa7, 0x7aa7, 0x7aa7, 0xbc2b, 0xbc2b,
    0x7aa7, 0x59e5, 0x9369, 0x7aa7, 0x9369, 0x9369, 0xbc2b, 0x7aa7, 0x7aa7, 0x7aa7, 0x7aa7, 0x7aa7, 0x7aa7, 0x7aa7, 0xbc2b, 0xbc2b,
    0x7aa7, 0x9369, 0x7aa7, 0x7aa7, 0x72c8, 0x7aa7, 0x9369, 0x9369, 0x7aa7, 0x59e5, 0xbc2b, 0x59e5, 0x7aa7, 0xbc2b, 0x9369, 0x9369,
    0x7aa7, 0x9369, 0x7aa7, 0x7aa7, 0x72c8, 0x7aa7, 0x9369, 0x9369, 0x7aa7, 0x59e5, 0xbc2b, 0x59e5, 0x7aa7, 0xbc2b, 0x9369, 0x9369,
    0x7aa7, 0x9369, 0x7aa7, 0x7aa7, 0x72c8, 0x7aa7, 0x9369, 0x9369, 0x7aa7, 0x59e5, 0xbc2b, 0x59e5, 0x7aa7, 0xbc2b, 0x9369, 0x9369,
    0x7aa7, 0x9369, 0x7aa7, 0x7aa7, 0x72c8, 0x7aa7, 0x9369, 0x9369, 0x7aa7, 0x59e5, 0xbc2b, 0x59e5, 0x7aa7, 0xbc2b, 0x9369, 0x9369,
    0x7aa7, 0x9369, 0x7aa7, 0x7aa7, 0x72c8, 0x7aa7, 0x9369, 0x9369, 0x7aa7, 0x59e5, 0xbc2b, 0x59e5, 0x7aa7, 0xbc2b, 0x9369, 0x9369,
    0x7aa7, 0x9369, 0x7aa7, 0x7aa7, 0x72c8, 0x7aa7, 0x9369, 0x9369, 0x7aa7, 0x59e5, 0xbc2b, 0x59e5, 0x7aa7, 0xbc2b, 0x9369, 0x9369,
    0x7aa7, 0x9369, 0x7aa7, 0x7aa7, 0x72c8, 0x7aa7, 0x9369, 0x9369, 0x7aa7, 0x59e5, 0xbc2b, 0x59e5, 0x7aa7, 0xbc2b, 0x9369, 0x9369,
    0x7aa7, 0x9369, 0x7aa7, 0x7aa7, 0x72c8, 0x7aa7, 0x9369, 0x9369, 0x7aa7, 0x59e5, 0xbc2b, 0x59e5, 0x7aa7, 0xbc2b, 0x9369, 0x9369,
    0x7aa7, 0x9369, 0x7aa7, 0x7aa7, 0x72c8, 0x7aa7, 0x9369, 0x9369, 0x7aa7, 0x59e5, 0xbc2b, 0x59e5, 0x7aa7, 0xbc2b, 0x9369, 0x9369,
    0x7aa7, 0x9369, 0x7aa7, 0x7aa7, 0x72c8, 0x7aa7, 0x9369, 0x9369, 0x7aa7, 0x59e5, 0xbc2b, 0x59e5, 0x7aa7, 0xbc2b, 0x9369, 0x9369,
    0x7aa7, 0x9369, 0x7aa7, 0x7aa7, 0x72c8, 0x7aa7, 0x9369, 0x9369, 0x7aa7, 0x59e5, 0xbc2b, 0x59e5, 0x7aa7, 0xbc2b, 0x9369, 0x9369,
    0x7aa7, 0x9369, 0x7aa7, 0x7aa7, 0x72c8, 0x7aa7, 0x9369, 0x9369, 0x7aa7, 0x59e5, 0xbc2b, 0x59e5, 0x7aa7, 0xbc2b, 0x9369, 0x9369,
    0x7aa7, 0x9369, 0x7aa7, 0x7aa7, 0x72c8, 0x7aa7, 0x9369, 0x9369, 0x7aa7, 0x59e5, 0xbc2b, 0x59e5, 0x7aa7, 0xbc2b, 0x9369, 0x9369,
    0x7aa7, 0x9369, 0x7aa7, 0x7aa7, 0x72c8, 0x7aa7, 0x9369, 0x9369, 0x7aa7, 0x59e5, 0xbc2b, 0x59e5, 0x7aa7, 0xbc2b, 0x9369, 0x9369,
    0x7aa7, 0x9369, 0x7aa7, 0x7aa7, 0x72c8, 0x7aa7, 0x9369, 0x9369, 0x7aa7, 0x59e5, 0xbc2b, 0x59e5, 0x7aa7, 0xbc2b, 0x9369, 0x9369,
    0x7aa7, 0x9369, 0x7aa7, 0x7aa7, 0x72c8, 0x7aa7, 0x9369, 0x9369, 0x7aa7, 0x59e5, 0xbc2b, 0x59e5, 0x7aa7, 0xbc2b, 0x9369, 0x9369,
    0x7aa7, 0x9369, 0x7aa7, 0x7aa7, 0x72c8, 0x7aa7, 0x9369, 0x9369, 0x7aa7, 0x59e5, 0xbc2b, 0x59e5, 0x7aa7, 0xbc2b, 0x9369, 0x9369,
    0x7aa7, 0x9369, 0x7aa7, 0x7aa7, 0x72c8, 0x7aa7, 0x9369, 0x9369, 0x7aa7, 0x59e5, 0xbc2b, 0x59e5, 0x7aa7, 0xbc2b, 0x9369, 0x9369,
    0x7aa7, 0x9369, 0x7aa7, 0x7aa7, 0x72c8, 0x7aa7, 0x9369, 0x9369, 0x7aa7, 0x59e5, 0xbc2b, 0x59e5, 0x7aa7, 0xbc2b, 0x9369, 0x9369,
    0x7aa7, 0x9369, 0x7aa7, 0x7aa7, 0x72c8, 0x7aa7, 0x9369, 0x9369, 0x7aa7, 0x59e5, 0xbc2b, 0x59e5, 0x7aa7, 0xbc2b, 0x9369, 0x9369,
    0x9369, 0x7aa7, 0x59e5, 0xbc2b, 0x7aa7, 0x59e5, 0x7aa7, 0x59e5, 0x7aa7, 0x7aa7, 0x7aa7, 0x59e5, 0x7aa7, 0x7aa7, 0x9369, 0x9369,
    0x9369, 0x7aa7, 0x59e5, 0xbc2b, 0x7aa7, 0x59e5, 0x7aa7, 0x59e5, 0x7aa7, 0x7aa7, 0x7aa7, 0x59e5, 0x7aa7, 0x7aa7, 0x9369, 0x9369,
    0x9369, 0x7aa7, 0x59e5, 0xbc2b, 0x7aa7, 0x59e5, 0x7aa7, 0x59e5, 0x7aa7, 0x7aa7, 0x7aa7, 0x59e5, 0x7aa7, 0x7aa7, 0x9369, 0x9369,
    0x9369, 0x7aa7, 0x59e5, 0xbc2b, 0x7aa7, 0x59e5, 0x7aa7, 0x59e5, 0x7aa7, 0x7aa7, 0x7aa7, 0x59e5, 0x7aa7, 0x7aa7, 0x9369, 0x9369,
    0x9369, 0x7aa7, 0x59e5, 0xbc2b, 0x7aa7, 0x59e5, 0x7aa7, 0x59e5, 0x7aa7, 0x7aa7, 0x7aa7, 0x59e5, 0x7aa7, 0x7aa7, 0x9369, 0x9369,
    0x9369, 0x7aa7, 0x59e5, 0xbc2b, 0x7aa7, 0x59e5, 0x7aa7, 0x59e5, 0x7aa7, 0x7aa7, 0x7aa7, 0x59e5, 0x7aa7, 0x7aa7, 0x9369, 0x9369,
    0x9369, 0x7aa7, 0x59e5, 0xbc2b, 0x7aa7, 0x59e5, 0x7aa7, 0x59e5, 0x7aa7, 0x7aa7, 0x7aa7, 0x59e5, 0x7aa7, 0x7aa7, 0x9369, 0x9369,
    0x9369, 0x7aa7, 0x59e5, 0xbc2b, 0x7aa7, 0x59e5, 0x7aa7, 0x59e5, 0x7aa7, 0x7aa7, 0x7aa7, 0x59e5, 0x7aa7, 0x7aa7, 0x9369, 0x9369,
    0x9369, 0x7aa7, 0x59e5, 0xbc2b, 0x7aa7, 0x59e5, 0x7aa7, 0x59e5, 0x7aa7, 0x7aa7, 0x7aa7, 0x59e5, 0x7aa7, 0x7aa7, 0x9369, 0x9369,
    0x9369, 0x7aa7, 0x59e5, 0xbc2b, 0x7aa7, 0x59e5, 0x7aa7, 0x59e5, 0x7aa7, 0x7aa7, 0x7aa7, 0x59e5, 0x7aa7, 0x7aa7, 0x9369, 0x9369,
    0x9369, 0x7aa7, 0x59e5, 0xbc2b, 0x7aa7, 0x59e5, 0x7aa7, 0x59e5, 0x7aa7, 0x7aa7, 0x7aa7, 0x59e5, 0x7aa7, 0x7aa7, 0x9369, 0x9369,
    0x9369, 0x7aa7, 0x59e5, 0xbc2b, 0x7aa7, 0x59e5, 0x7aa7, 0x59e5, 0x7aa7, 0x7aa7, 0x7aa7, 0x59e5, 0x7aa7, 0x7aa7, 0x9369, 0x9369,
    0x9369, 0x7aa7, 0x59e5, 0xbc2b, 0x7aa7, 0x59e5, 0x7aa7, 0x59e5, 0x7aa7, 0x7aa7, 0x7aa7, 0x59e5, 0x7aa7, 0x7aa7, 0x9369, 0x9369,
    0x9369, 0x7aa7, 0x59e5, 0xbc2b, 0x7aa7, 0x59e5, 0x7aa7, 0x59e5, 0x7aa7, 0x7aa7, 0x7aa7, 0x59e5, 0x7aa7, 0x7aa7, 0x9369, 0x9369,
    0x9369, 0x7aa7, 0x59e5, 0xbc2b, 0x7aa7, 0x59e5, 0x7aa7, 0x59e5, 0x7aa7, 0x7aa7, 0x7aa7, 0x59e5, 0x7aa7, 0x7aa7, 0x9369, 0x9369,
    0x9369, 0x7aa7, 0x59e5, 0xbc2b, 0x7aa7, 0x59e5, 0x7aa7, 0x59e5, 0x7aa7, 0x7aa7, 0x7aa7, 0x59e5, 0x7aa7, 0x7aa7, 0x9369, 0x9369,
    0x9369, 0x7aa7, 0x59e5, 0xbc2b, 0x7aa7, 0x59e5, 0x7aa7, 0x59e5, 0x7aa7, 0x7aa7, 0x7aa7, 0x59e5, 0x7aa7, 0x7aa7, 0x9369, 0x9369,
    0x9369, 0x7aa7, 0x59e5, 0xbc2b, 0x7aa7, 0x59e5, 0x7aa7, 0x59e5, 0x7aa7, 0x7aa7, 0x7aa7, 0x59e5, 0x7aa7, 0x7aa7, 0x9369, 0x9369,
    0x9369, 0x7aa7, 0x59e5, 0xbc2b, 0x7aa7, 0x59e5, 0x7aa7, 0x59e5, 0x7aa7, 0x7aa7, 0x7aa7, 0x59e5, 0x7aa7, 0x7aa7, 0x9369, 0x9369,
    0x9369, 0x7aa7, 0x59e5, 0xbc2b, 0x7aa7, 0x59e5, 0x7aa7, 0x59e5, 0x7aa7, 0x7aa7, 0x7aa7, 0x59e5, 0x7aa7, 0x7aa7, 0x9369, 0x9369,
    0x9369, 0x7aa7, 0xbc2b, 0x9369, 0x9369, 0x7aa7, 0x8430, 0x9369, 0x9369, 0x9369, 0x7aa7, 0x7aa7, 0x9369, 0x9369, 0x7aa7, 0x59e5,
    0x9369, 0x7aa7, 0xbc2b, 0x9369, 0x9369, 0x7aa7, 0x8430, 0x9369, 0x9369, 0x9369, 0x7aa7, 0x7aa7, 0x9369, 0x9369, 0x7aa7, 0x59e5,
    0x9369, 0x7aa7, 0xbc2b, 0x9369, 0x9369, 0x7aa7, 0x8430, 0x9369, 0x9369, 0x9369, 0x7aa7, 0x7aa7, 0x9369, 0x9369, 0x7aa7, 0x59e5,
    0x9369, 0x7aa7, 0xbc2b, 0x9369, 0x9369, 0x7aa7, 0x8430, 0x9369, 0x9369, 0x9369, 0x7aa7, 0x7aa7, 0x9369, 0x9369, 0x7aa7, 0x59e5,
    0x9369, 0x7aa7, 0xbc2b, 0x9369, 0x9369, 0x7aa7, 0x8430, 0x9369, 0x9369, 0x9369, 0x7aa7, 0x7aa7, 0x9369, 0x9369, 0x7aa7, 0x59e5,
    0x9369, 0x7aa7, 0xbc2b, 0x9369, 0x9369, 0x7aa7, 0x8430, 0x9369, 0x9369, 0x9369, 0x7aa7, 0x7aa7, 0x9369, 0x9369, 0x7aa7, 0x59e5,
    0x9369, 0x7aa7, 0xbc2b, 0x9369, 0x9369, 0x7aa7, 0x8430, 0x9369, 0x9369, 0x9369, 0x7aa7, 0x7aa7, 0x9369, 0x9369, 0x7aa7, 0x59e5,
    0x9369, 0x7aa7, 0xbc2b, 0x9369, 0x9369, 0x7aa7, 0x8430, 0x9369, 0x9369, 0x9369, 0x7aa7, 0x7aa7, 0x9369, 0x9369, 0x7aa7, 0x59e5,
    0x9369, 0x7aa7, 0xbc2b, 0x9369, 0x9369, 0x7aa7, 0x8430, 0x9369, 0x9369, 0x9369, 0x7aa7, 0x7aa7, 0x9369, 0x9369, 0x7aa7, 0x59e5,
    0x9369, 0x7aa7, 0xbc2b, 0x9369, 0x9369, 0x7aa7, 0x8430, 0x9369, 0x9369, 0x9369, 0x7aa7, 0x7aa7, 0x9369, 0x9369, 0x7aa7, 0x59e5,
    0x9369, 0x7aa7, 0xbc2b, 0x9369, 0x9369, 0x7aa7, 0x8430, 0x9369, 0x9369, 0x9369, 0x7aa7, 0x7aa7, 0x9369, 0x9369, 0x7aa7, 0x59e5,
    0x9369, 0x7aa7, 0xbc2b, 0x9369, 0x9369, 0x7aa7, 0x8430, 0x9369, 0x9369, 0x9369, 0x7aa7, 0x7aa7, 0x9369, 0x9369, 0x7aa7, 0x59e5,
    0x9369, 0x7aa7, 0xbc2b, 0x9369, 0x9369, 0x7aa7, 0x8430, 0x9369, 0x9369, 0x9369, 0x7aa7, 0x7aa7, 0x9369, 0x9369, 0x7aa7, 0x59e5,
    0x9369, 0x7aa7, 0xbc2b, 0x9369, 0x9369, 0x7aa7, 0x8430, 0x9369, 0x9369, 0x9369, 0x7aa7, 0x7aa7, 0x9369, 0x9369, 0x7aa7, 0x59e5,
    0x9369, 0x7aa7, 0xbc2b, 0x9369, 0x9369, 0x7aa7, 0x8430, 0x9369, 0x9369, 0x9369, 0x7aa7, 0x7aa7, 0x9369, 0x9369, 0x7aa7, 0x59e5,
    0x9369, 0x7aa7, 0xbc2b, 0x9369, 0x9369, 0x7aa7, 0x8430, 0x9369, 0x9369, 0x9369, 0x7aa7, 0x7aa7, 0x9369, 0x9369, 0x7aa7, 0x59e5,
    0x9369, 0x7aa7, 0xbc2b, 0x9369, 0x9369, 0x7aa7, 0x8430, 0x9369, 0x9369, 0x9369, 0x7aa7, 0x7aa7, 0x9369, 0x9369, 0x7aa7, 0x59e5,
    0x9369, 0x7aa7, 0xbc2b, 0x9369, 0x9369, 0x7aa7, 0x8430, 0x9369, 0x9369, 0x9369, 0x7aa7, 0x7aa7, 0x9369, 0x9369, 0x7aa7, 0x59e5,
    0x9369, 0x7aa7, 0xbc2b, 0x9369, 0x9369, 0x7aa7, 0x8430, 0x9369, 0x9369, 0x9369, 0x7aa7, 0x7aa7, 0x9369, 0x9369, 0x7aa7, 0x59e5,
    0x9369, 0x7aa7, 0xbc2b, 0x9369, 0x9369, 0x7aa7, 0x8430, 0x9369, 0x9369, 0x9369, 0x7aa7, 0x7aa7, 0x9369, 0x9369, 0x7aa7, 0x59e5,
    0xbc2b, 0x9369, 0x9369, 0x7aa7, 0x7aa7, 0xbc2b, 0x9369, 0x9369, 0x7aa7, 0x7aa7, 0x59e5, 0x7aa7, 0x7aa7, 0xbc2b, 0x7aa7, 0xbc2b,
    0xbc2b, 0x9369, 0x9369, 0x7aa7, 0x7aa7, 0xbc2b, 0x9369, 0x9369, 0x7aa7, 0x7aa7, 0x59e5, 0x7aa7, 0x7aa7, 0xbc2b, 0x7aa7, 0xbc2b,
    0xbc2b, 0x9369, 0x9369, 0x7aa7, 0x7aa7, 0xbc2b, 0x9369, 0x9369, 0x7aa7, 0x7aa7, 0x59e5, 0x7aa7, 0x7aa7, 0xbc2b, 0x7aa7, 0xbc2b,
    0xbc2b, 0x9369, 0x9369, 0x7aa7, 0x7aa7, 0xbc2b, 0x9369, 0x9369, 0x7aa7, 0x7aa7, 0x59e5, 0x7aa7, 0x7aa7, 0xbc2b, 0x7aa7, 0xbc2b,
    0xbc2b, 0x9369, 0x9369, 0x7aa7, 0x7aa7, 0xbc2b, 0x9369, 0x9369, 0x7aa7, 0x7aa7, 0x59e5, 0x7aa7, 0x7aa7, 0xbc2b, 0x7aa7, 0xbc2b,
    0xbc2b, 0x9369, 0x9369, 0x7aa7, 0x7aa7, 0xbc2b, 0x9369, 0x9369, 0x7aa7, 0x7aa7, 0x59e5, 0x7aa7, 0x7aa7, 0xbc2b, 0x7aa7, 0xbc2b,
    0xbc2b, 0x9369, 0x9369, 0x7aa7, 0x7aa7, 0xbc2b, 0x9369, 0x9369, 0x7aa7, 0x7aa7, 0x59e5, 0x7aa7, 0x7aa7, 0xbc2b, 0x7aa7, 0xbc2b,
    0xbc2b, 0x9369, 0x9369, 0x7aa7, 0x7aa7, 0xbc2b, 0x9369, 0x9369, 0x7aa7, 0x7aa7, 0x59e5, 0x7aa7, 0x7aa7, 0xbc2b, 0x7aa7, 0xbc2b,
    0xbc2b, 0x9369, 0x9369, 0x7aa7, 0x7aa7, 0xbc2b, 0x9369, 0x9369, 0x7aa7, 0x7aa7, 0x59e5, 0x7aa7, 0x7aa7, 0xbc2b, 0x7aa7, 0xbc2b,
    0xbc2b, 0x9369, 0x9369, 0x7aa7, 0x7aa7, 0xbc2b, 0x9369, 0x9369, 0x7aa7, 0x7aa7, 0x59e5, 0x7aa7, 0x7aa7, 0xbc2b, 0x7aa7, 0xbc2b,
    0xbc2b, 0x9369, 0x9369, 0x7aa7, 0x7aa7, 0xbc2b, 0x9369, 0x9369, 0x7aa7, 0x7aa7, 0x59e5, 0x7aa7, 0x7aa7, 0xbc2b, 0x7aa7, 0xbc2b,
    0xbc2b, 0x9369, 0x9369, 0x7aa7, 0x7aa7, 0xbc2b, 0x9369, 0x9369, 0x7aa7, 0x7aa7, 0x59e5, 0x7aa7, 0x7aa7, 0xbc2b, 0x7aa7, 0xbc2b,
    0xbc2b, 0x9369, 0x9369, 0x7aa7, 0x7aa7, 0xbc2b, 0x9369, 0x9369, 0x7aa7, 0x7aa7, 0x59e5, 0x7aa7, 0x7aa7, 0xbc2b, 0x7aa7, 0xbc2b,
    0xbc2b, 0x9369, 0x9369, 0x7aa7, 0x7aa7, 0xbc2b, 0x9369, 0x9369, 0x7aa7, 0x7aa7, 0x59e5, 0x7aa7, 0x7aa7, 0xbc2b, 0x7aa7, 0xbc2b,
    0xbc2b, 0x9369, 0x9369, 0x7aa7, 0x7aa7, 0xbc2b, 0x9369, 0x9369, 0x7aa7, 0x7aa7, 0x59e5, 0x7aa7, 0x7aa7, 0xbc2b, 0x7aa7, 0xbc2b,
    0xbc2b, 0x9369, 0x9369, 0x7aa7, 0x7aa7, 0xbc2b, 0x9369, 0x9369, 0x7aa7, 0x7aa7, 0x59e5, 0x7aa7, 0x7aa7, 0xbc2b, 0x7aa7, 0xbc2b,
    0xbc2b, 0x9369, 0x9369, 0x7aa7, 0x7aa7, 0xbc2b, 0x9369, 0x9369, 0x7aa7, 0x7aa7, 0x59e5, 0x7aa7, 0x7aa7, 0xbc2b, 0x7aa7, 0xbc2b,
    0xbc2b, 0x9369, 0x9369, 0x7aa7, 0x7aa7, 0xbc2b, 0x9369, 0x9369, 0x7aa7, 0x7aa7, 0x59e5, 0x7aa7, 0x7aa7, 0xbc2b, 0x7aa7, 0xbc2b,
    0xbc2b, 0x9369, 0x9369, 0x7aa7, 0x7aa7, 0xbc2b, 0x9369, 0x9369, 0x7aa7, 0x7aa7, 0x59e5, 0x7aa7, 0x7aa7, 0xbc2b, 0x7aa7, 0xbc2b,
    0xbc2b, 0x9369, 0x9369, 0x7aa7, 0x7aa7, 0xbc2b, 0x9369, 0x9369, 0x7aa7, 0x7aa7, 0x59e5, 0x7aa7, 0x7aa7, 0xbc2b, 0x7aa7, 0xbc2b,
    0x7aa7, 0x9369, 0x59e5, 0x7aa7, 0x7aa7, 0x9369, 0x8430, 0x59e5, 0x7aa7, 0xbc2b, 0x9369, 0x7aa7, 0x7aa7, 0x9369, 0x59e5, 0x59e5,
    0x7aa7, 0x9369, 0x59e5, 0x7aa7, 0x7aa7, 0x9369, 0x8430, 0x59e5, 0x7aa7, 0xbc2b, 0x9369, 0x7aa7, 0x7aa7, 0x9369, 0x59e5, 0x59e5,
    0x7aa7, 0x9369, 0x59e5, 0x7aa7, 0x7aa7, 0x9369, 0x8430, 0x59e5, 0x7aa7, 0xbc2b, 0x9369, 0x7aa7, 0x7aa7, 0x9369, 0x59e5, 0x59e5,
    0x7aa7, 0x9369, 0x59e5, 0x7aa7, 0x7aa7, 0x9369, 0x8430, 0x59e5, 0x7aa7, 0xbc2b, 0x9369, 0x7aa7, 0x7aa7, 0x9369, 0x59e5, 0x59e5,
    0x7aa7, 0x9369, 0x59e5, 0x7aa7, 0x7aa7, 0x9369, 0x8430, 0x59e5, 0x7aa7, 0xbc2b, 0x9369, 0x7aa7, 0x7aa7, 0x9369, 0x59e5, 0x59e5,
    0x7aa7, 0x9369, 0x59e5, 0x7aa7, 0x7aa7, 0x9369, 0x8430, 0x59e5, 0x7aa7, 0xbc2b, 0x9369, 0x7aa7, 0x7aa7, 0x9369, 0x59e5, 0x59e5,
    0x7aa7, 0x9369, 0x59e5, 0x7aa7, 0x7aa7, 0x9369, 0x8430, 0x59e5, 0x7aa7, 0xbc2b, 0x9369, 0x7aa7, 0x7aa7, 0x9369, 0x59e5, 0x59e5,
    0x7aa7, 0x9369, 0x59e5, 0x7aa7, 0x7aa7, 0x9369, 0x8430, 0x59e5, 0x7aa7, 0xbc2b, 0x9369, 0x7aa7, 0x7aa7, 0x9369, 0x59e5, 0x59e5,
    0x7aa7, 0x9369, 0x59e5, 0x7aa7, 0x7aa7, 0x9369, 0x8430, 0x59e5, 0x7aa7, 0xbc2b, 0x9369, 0x7aa7, 0x7aa7, 0x9369, 0x59e5, 0x59e5,
    0x7aa7, 0x9369, 0x59e5, 0x7aa7, 0x7aa7, 0x9369, 0x8430, 0x59e5, 0x7aa7, 0xbc2b, 0x9369, 0x7aa7, 0x7aa7, 0x9369, 0x59e5, 0x59e5,
    0x7aa7, 0x9369, 0x59e5, 0x7aa7, 0x7aa7, 0x9369, 0x8430, 0x59e5, 0x7aa7, 0xbc2b, 0x9369, 0x7aa7, 0x7aa7, 0x9369, 0x59e5, 0x59e5,
    0x7aa7, 0x9369, 0x59e5, 0x7aa7, 0x7aa7, 0x9369, 0x8430, 0x59e5, 0x7aa7, 0xbc2b, 0x9369, 0x7aa7, 0x7aa7, 0x9369, 0x59e5, 0x59e5,
    0x7aa7, 0x9369, 0x59e5, 0x7aa7, 0x7aa7, 0x9369, 0x8430, 0x59e5, 0x7aa7, 0xbc2b, 0x9369, 0x7aa7, 0x7aa7, 0x9369, 0x59e5, 0x59e5,
    0x7aa7, 0x9369, 0x59e5, 0x7aa7, 0x7aa7, 0x9369, 0x8430, 0x59e5, 0x7aa7, 0xbc2b, 0x9369, 0x7aa7, 0x7aa7, 0x9369, 0x59e5, 0x59e5,
    0x7aa7, 0x9369, 0x59e5, 0x7aa7, 0x7aa7, 0x9369, 0x8430, 0x59e5, 0x7aa7, 0xbc2b, 0x9369, 0x7aa7, 0x7aa7, 0x9369, 0x59e5, 0x59e5,
    0x7aa7, 0x9369, 0x59e5, 0x7aa7, 0x7aa7, 0x9369, 0x8430, 0x59e5, 0x7aa7, 0xbc2b, 0x9369, 0x7aa7, 0x7aa7, 0x9369, 0x59e5, 0x59e5,
    0x7aa7, 0x9369, 0x59e5, 0x7aa7, 0x7aa7, 0x9369, 0x8430, 0x59e5, 0x7aa7, 0xbc2b, 0x9369, 0x7aa7, 0x7aa7, 0x9369, 0x59e5, 0x59e5,
    0x7aa7, 0x9369, 0x59e5, 0x7aa7, 0x7aa7, 0x9369, 0x8430, 0x59e5, 0x7aa7, 0xbc2b, 0x9369, 0x7aa7, 0x7aa7, 0x9369, 0x59e5, 0x59e5,
    0x7aa7, 0x9369, 0x59e5, 0x7aa7, 0x7aa7, 0x9369, 0x8430, 0x59e5, 0x7aa7, 0xbc2b, 0x9369, 0x7aa7, 0x7aa7, 0x9369, 0x59e5, 0x59e5,
    0x7aa7, 0x9369, 0x59e5, 0x7aa7, 0x7aa7, 0x9369, 0x8430, 0x59e5, 0x7aa7, 0xbc2b, 0x9369, 0x7aa7, 0x7aa7, 0x9369, 0x59e5, 0x59e5,
    0xbc2b, 0x7aa7, 0x7aa7, 0x59e5, 0xbc2b, 0x7aa7, 0x7aa7, 0x7aa7, 0xbc2b, 0x7aa7, 0x7aa7, 0x7aa7, 0x59e5, 0x59e5, 0xbc2b, 0x7aa7,
    0xbc2b, 0x7aa7, 0x7aa7, 0x59e5, 0xbc2b, 0x7aa7, 0x7aa7, 0x7aa7, 0xbc2b, 0x7aa7, 0x7aa7, 0x7aa7, 0x59e5, 0x59e5, 0xbc2b, 0x7aa7,
    0xbc2b, 0x7aa7, 0x7aa7, 0x59e5, 0xbc2b, 0x7aa7, 0x7aa7, 0x7aa7, 0xbc2b, 0x7aa7, 0x7aa7, 0x7aa7, 0x59e5, 0x59e5, 0xbc2b, 0x7aa7,
    0xbc2b, 0x7aa7, 0x7aa7, 0x59e5, 0xbc2b, 0x7aa7, 0x7aa7, 0x7aa7, 0xbc2b, 0x7aa7, 0x7aa7, 0x7aa7, 0x59e5, 0x59e5, 0xbc2b, 0x7aa7,
    0xbc2b, 0x7aa7, 0x7aa7, 0x59e5, 0xbc2b, 0x7aa7, 0x7aa7, 0x7aa7, 0xbc2b, 0x7aa7, 0x7aa7, 0x7aa7, 0x59e5, 0x59e5, 0xbc2b, 0x7aa7,
    0xbc2b, 0x7aa7, 0x7aa7, 0x59e5, 0xbc2b, 0x7aa7, 0x7aa7, 0x7aa7, 0xbc2b, 0x7aa7, 0x7aa7, 0x7aa7, 0x59e5, 0x59e5, 0xbc2b, 0x7aa7,
    0xbc2b, 0x7aa7, 0x7aa7, 0x59e5, 0xbc2b, 0x7aa7, 0x7aa7, 0x7aa7, 0xbc2b, 0x7aa7, 0x7aa7, 0x7aa7, 0x59e5, 0x59e5, 0xbc2b, 0x7aa7,
    0xbc2b, 0x7aa7, 0x7aa7, 0x59e5, 0xbc2b, 0x7aa7, 0x7aa7, 0x7aa7, 0xbc2b, 0x7aa7, 0x7aa7, 0x7aa7, 0x59e5, 0x59e5, 0xbc2b, 0x7aa7,
    0xbc2b, 0x7aa7, 0x7aa7, 0x59e5, 0xbc2b, 0x7aa7, 0x7aa7, 0x7aa7, 0xbc2b, 0x7aa7, 0x7aa7, 0x7aa7, 0x59e5, 0x59e5, 0xbc2b, 0x7aa7,
    0xbc2b, 0x7aa7, 0x7aa7, 0x59e5, 0xbc2b, 0x7aa7, 0x7aa7, 0x7aa7, 0xbc2b, 0x7aa7, 0x7aa7, 0x7aa7, 0x59e5, 0x59e5, 0xbc2b, 0x7aa7,
    0xbc2b, 0x7aa7, 0x7aa7, 0x59e5, 0xbc2b, 0x7aa7, 0x7aa7, 0x7aa7, 0xbc2b, 0x7aa7, 0x7aa7, 0x7aa7, 0x59e5, 0x59e5, 0xbc2b, 0x7aa7,
    0xbc2b, 0x7aa7, 0x7aa7, 0x59e5, 0xbc2b, 0x7aa7, 0x7aa7, 0x7aa7, 0xbc2b, 0x7aa7, 0x7aa7, 0x7aa7, 0x59e5, 0x59e5, 0xbc2b, 0x7aa7,
    0xbc2b, 0x7aa7, 0x7aa7, 0x59e5, 0xbc2b, 0x7aa7, 0x7aa7, 0x7aa7, 0xbc2b, 0x7aa7, 0x7aa7, 0x7aa7, 0x59e5, 0x59e5, 0xbc2b, 0x7aa7,
    0xbc2b, 0x7aa7, 0x7aa7, 0x59e5, 0xbc2b, 0x7aa7, 0x7aa7, 0x7aa7, 0xbc2b, 0x7aa7, 0x7aa7, 0x7aa7, 0x59e5, 0x59e5, 0xbc2b, 0x7aa7,
    0xbc2b, 0x7aa7, 0x7aa7, 0x59e5, 0xbc2b, 0x7aa7, 0x7aa7, 0x7aa7, 0xbc2b, 0x7aa7, 0x7aa7, 0x7aa7, 0x59e5, 0x59e5, 0xbc2b, 0x7aa7,
    0xbc2b, 0x7aa7, 0x7aa7, 0x59e5, 0xbc2b, 0x7aa7, 0x7aa7, 0x7aa7, 0xbc2b, 0x7aa7, 0x7aa7, 0x7aa7, 0x59e5, 0x59e5, 0xbc2b, 0x7aa7,
    0xbc2b, 0x7aa7, 0x7aa7, 0x59e5, 0xbc2b, 0x7aa7, 0x7aa7, 0x7aa7, 0xbc2b, 0x7aa7, 0x7aa7, 0x7aa7, 0x59e5, 0x59e5, 0xbc2b, 0x7aa7,
    0xbc2b, 0x7aa7, 0x7aa7, 0x59e5, 0xbc2b, 0x7aa7, 0x7aa7, 0x7aa7, 0xbc2b, 0x7aa7, 0x7aa7, 0x7aa7, 0x59e5, 0x59e5, 0xbc2b, 0x7aa7,
    0xbc2b, 0x7aa7, 0x7aa7, 0x59e5, 0xbc2b, 0x7aa7, 0x7aa7, 0x7aa7, 0xbc2b, 0x7aa7, 0x7aa7, 0x7aa7, 0x59e5, 0x59e5, 0xbc2b, 0x7aa7,
    0xbc2b, 0x7aa7, 0x7aa7, 0x59e5, 0xbc2b, 0x7aa7, 0x7aa7, 0x7aa7, 0xbc2b, 0x7aa7, 0x7aa7, 0x7aa7, 0x59e5, 0x59e5, 0xbc2b, 0x7aa7,
    0x9369, 0x6b6d, 0xbc2b, 0x7aa7, 0x9369, 0x59e5, 0x7aa7, 0xbc2b, 0x9369, 0x9369, 0x7aa7, 0x9369, 0x7aa7, 0xbc2b, 0x9369, 0x7aa7,
    0x9369, 0x6b6d, 0xbc2b, 0x7aa7, 0x9369, 0x59e5, 0x7aa7, 0xbc2b, 0x9369, 0x9369, 0x7aa7, 0x9369, 0x7aa7, 0xbc2b, 0x9369, 0x7aa7,
    0x9369, 0x6b6d, 0xbc2b, 0x7aa7, 0x9369, 0x59e5, 0x7aa7, 0xbc2b, 0x9369, 0x9369, 0x7aa7, 0x9369, 0x7aa7, 0xbc2b, 0x9369, 0x7aa7,
    0x9369, 0x6b6d, 0xbc2b, 0x7aa7, 0x9369, 0x59e5, 0x7aa7, 0xbc2b, 0x9369, 0x9369, 0x7aa7, 0x9369, 0x7aa7, 0xbc2b, 0x9369, 0x7aa7,
    0x9369, 0x6b6d, 0xbc2b, 0x7aa7, 0x9369, 0x59e5, 0x7aa7, 0xbc2b, 0x9369, 0x9369, 0x7aa7, 0x9369, 0x7aa7, 0xbc2b, 0x9369, 0x7aa7,
    0x9369, 0x6b6d, 0xbc2b, 0x7aa7, 0x9369, 0x59e5, 0x7aa7, 0xbc2b, 0x9369, 0x9369, 0x7aa7, 0x9369, 0x7aa7, 0xbc2b, 0x9369, 0x7aa7,
    0x9369, 0x6b6d, 0xbc2b, 0x7aa7, 0x9369, 0x59e5, 0x7aa7, 0xbc2b, 0x9369, 0x9369, 0x7aa7, 0x9369, 0x7aa7, 0xbc2b, 0x9369, 0x7aa7,
    0x9369, 0x6b6d, 0xbc2b, 0x7aa7, 0x9369, 0x59e5, 0x7aa7, 0xbc2b, 0x9369, 0x9369, 0x7aa7, 0x9369, 0x7aa7, 0xbc2b, 0x9369, 0x7aa7,
    0x9369, 0x6b6d, 0xbc2b, 0x7aa7, 0x9369, 0x59e5, 0x7aa7, 0xbc2b, 0x9369, 0x9369, 0x7aa7, 0x9369, 0x7aa7, 0xbc2b, 0x9369, 0x7aa7,
    0x9369, 0x6b6d, 0xbc2b, 0x7aa7, 0x9369, 0x59e5, 0x7aa7, 0xbc2b, 0x9369, 0x9369, 0x7aa7, 0x9369, 0x7aa7, 0xbc2b, 0x9369, 0x7aa7,
    0x9369, 0x6b6d, 0xbc2b, 0x7aa7, 0x9369, 0x59e5, 0x7aa7, 0xbc2b, 0x9369, 0x9369, 0x7aa7, 0x9369, 0x7aa7, 0xbc2b, 0x9369, 0x7aa7,
    0x9369, 0x6b6d, 0xbc2b, 0x7aa7, 0x9369, 0x59e5, 0x7aa7, 0xbc2b, 0x9369, 0x9369, 0x7aa7, 0x9369, 0x7aa7, 0xbc2b, 0x9369, 0x7aa7,
    0x9369, 0x6b6d, 0xbc2b, 0x7aa7, 0x9369, 0x59e5, 0x7aa7, 0xbc2b, 0x9369, 0x9369, 0x7aa7, 0x9369, 0x7aa7, 0xbc2b, 0x9369, 0x7aa7,
    0x9369, 0x6b6d, 0xbc2b, 0x7aa7, 0x9369, 0x59e5, 0x7aa7, 0xbc2b, 0x9369, 0x9369, 0x7aa7, 0x9369, 0x7aa7, 0xbc2b, 0x9369, 0x7aa7,
    0x9369, 0x6b6d, 0xbc2b, 0x7aa7, 0x9369, 0x59e5, 0x7aa7, 0xbc2b, 0x9369, 0x9369, 0x7aa7, 0x9369, 0x7aa7, 0xbc2b, 0x9369, 0x7aa7,
    0x9369, 0x6b6d, 0xbc2b, 0x7aa7, 0x9369, 0x59e5, 0x7aa7, 0xbc2b, 0x9369, 0x9369, 0x7aa7, 0x9369, 0x7aa7, 0xbc2b, 0x9369, 0x7aa7,
    0x9369, 0x6b6d, 0xbc2b, 0x7aa7, 0x9369, 0x59e5, 0x7aa7, 0xbc2b, 0x9369, 0x9369, 0x7aa7, 0x9369, 0x7aa7, 0xbc2b, 0x9369, 0x7aa7,
    0x9369, 0x6b6d, 0xbc2b, 0x7aa7, 0x9369, 0x59e5, 0x7aa7, 0xbc2b, 0x9369, 0x9369, 0x7aa7, 0x9369, 0x7aa7, 0xbc2b, 0x9369, 0x7aa7,
    0x9369, 0x6b6d, 0xbc2b, 0x7aa7, 0x9369, 0x59e5, 0x7aa7, 0xbc2b, 0x9369, 0x9369, 0x7aa7, 0x9369, 0x7aa7, 0xbc2b, 0x9369, 0x7aa7,
    0x9369, 0x6b6d, 0xbc2b, 0x7aa7, 0x9369, 0x59e5, 0x7aa7, 0xbc2b, 0x9369, 0x9369, 0x7aa7, 0x9369, 0x7aa7, 0xbc2b, 0x9369, 0x7aa7,
    0x9369, 0x7aa7, 0x9369, 0xbc2b, 0x59e5, 0x9369, 0x7aa7, 0x7aa7, 0x9369, 0x59e5, 0x7aa7, 0x6b6d, 0x7aa7, 0x9369, 0x59e5, 0x7aa7,
    0x9369, 0x7aa7, 0x9369, 0xbc2b, 0x59e5, 0x9369, 0x7aa7, 0x7aa7, 0x9369, 0x59e5, 0x7aa7, 0x6b6d, 0x7aa7, 0x9369, 0x59e5, 0x7aa7,
    0x9369, 0x7aa7, 0x9369, 0xbc2b, 0x59e5, 0x9369, 0x7aa7, 0x7aa7, 0x9369, 0x59e5, 0x7aa7, 0x6b6d, 0x7aa7, 0x9369, 0x59e5, 0x7aa7,
    0x9369, 0x7aa7, 0x9369, 0xbc2b, 0x59e5, 0x9369, 0x7aa7, 0x7aa7, 0x9369, 0x59e5, 0x7aa7, 0x6b6d, 0x7aa7, 0x9369, 0x59e5, 0x7aa7,
    0x9369, 0x7aa7, 0x9369, 0xbc2b, 0x59e5, 0x9369, 0x7aa7, 0x7aa7, 0x9369, 0x59e5, 0x7aa7, 0x6b6d, 0x7aa7, 0x9369, 0x59e5, 0x7aa7,
    0x9369, 0x7aa7, 0x9369, 0xbc2b, 0x59e5, 0x9369, 0x7aa7, 0x7aa7, 0x9369, 0x59e5, 0x7aa7, 0x6b6d, 0x7aa7, 0x9369, 0x59e5, 0x7aa7,
    0x9369, 0x7aa7, 0x9369, 0xbc2b, 0x59e5, 0x9369, 0x7aa7, 0x7aa7, 0x9369, 0x59e5, 0x7aa7, 0x6b6d, 0x7aa7, 0x9369, 0x59e5, 0x7aa7,
    0x9369, 0x7aa7, 0x9369, 0xbc2b, 0x59e5, 0x9369, 0x7aa7, 0x7aa7, 0x9369, 0x59e5, 0x7aa7, 0x6b6d, 0x7aa7, 0x9369, 0x59e5, 0x7aa7,
    0x9369, 0x7aa7, 0x9369, 0xbc2b, 0x59e5, 0x9369, 0x7aa7, 0x7aa7, 0x9369, 0x59e5, 0x7aa7, 0x6b6d, 0x7aa7, 0x9369, 0x59e5, 0x7aa7,
    0x9369, 0x7aa7, 0x9369, 0xbc2b, 0x59e5, 0x9369, 0x7aa7, 0x7aa7, 0x9369, 0x59e5, 0x7aa7, 0x6b6d, 0x7aa7, 0x9369, 0x59e5, 0x7aa7,
    0x9369, 0x7aa7, 0x9369, 0xbc2b, 0x59e5, 0x9369, 0x7aa7, 0x7aa7, 0x9369, 0x59e5, 0x7aa7, 0x6b6d, 0x7aa7, 0x9369, 0x59e5, 0x7aa7,
    0x9369, 0x7aa7, 0x9369, 0xbc2b, 0x59e5, 0x9369, 0x7aa7, 0x7aa7, 0x9369, 0x59e5, 0x7aa7, 0x6b6d, 0x7aa7, 0x9369, 0x59e5, 0x7aa7,
    0x9369, 0x7aa7, 0x9369, 0xbc2b, 0x59e5, 0x9369, 0x7aa7, 0x7aa7, 0x9369, 0x59e5, 0x7aa7, 0x6b6d, 0x7aa7, 0x9369, 0x59e5, 0x7aa7,
    0x9369, 0x7aa7, 0x9369, 0xbc2b, 0x59e5, 0x9369, 0x7aa7, 0x7aa7, 0x9369, 0x59e5, 0x7aa7, 0x6b6d, 0x7aa7, 0x9369, 0x59e5, 0x7aa7,
    0x9369, 0x7aa7, 0x9369, 0xbc2b, 0x59e5, 0x9369, 0x7aa7, 0x7aa7, 0x9369, 0x59e5, 0x7aa7, 0x6b6d, 0x7aa7, 0x9369, 0x59e5, 0x7aa7,
    0x9369, 0x7aa7, 0x9369, 0xbc2b, 0x59e5, 0x9369, 0x7aa7, 0x7aa7, 0x9369, 0x59e5, 0x7aa7, 0x6b6d, 0x7aa7, 0x9369, 0x59e5, 0x7aa7,
    0x9369, 0x7aa7, 0x9369, 0xbc2b, 0x59e5, 0x9369, 0x7aa7, 0x7aa7, 0x9369, 0x59e5, 0x7aa7, 0x6b6d, 0x7aa7, 0x9369, 0x59e5, 0x7aa7,
    0x9369, 0x7aa7, 0x9369, 0xbc2b, 0x59e5, 0x9369, 0x7aa7, 0x7aa7, 0x9369, 0x59e5, 0x7aa7, 0x6b6d, 0x7aa7, 0x9369, 0x59e5, 0x7aa7,
    0x9369, 0x7aa7, 0x9369, 0xbc2b, 0x59e5, 0x9369, 0x7aa7, 0x7aa7, 0x9369, 0x59e5, 0x7aa7, 0x6b6d, 0x7aa7, 0x9369, 0x59e5, 0x7aa7,
    0x9369, 0x7aa7, 0x9369, 0xbc2b, 0x59e5, 0x9369, 0x7aa7, 0x7aa7, 0x9369, 0x59e5, 0x7aa7, 0x6b6d, 0x7aa7, 0x9369, 0x59e5, 0x7aa7,
    0x7aa7, 0x59e5, 0x9369, 0x9369, 0x7aa7, 0x9369, 0x59e5, 0x59e5, 0x59e5, 0x7aa7, 0x7aa7, 0x59e5, 0x7aa7, 0x7aa7, 0x7aa7, 0xbc2b,
    0x7aa7, 0x59e5, 0x9369, 0x9369, 0x7aa7, 0x9369, 0x59e5, 0x59e5, 0x59e5, 0x7aa7, 0x7aa7, 0x59e5, 0x7aa7, 0x7aa7, 0x7aa7, 0xbc2b,
    0x7aa7, 0x59e5, 0x9369, 0x9369, 0x7aa7, 0x9369, 0x59e5, 0x59e5, 0x59e5, 0x7aa7, 0x7aa7, 0x59e5, 0x7aa7, 0x7aa7, 0x7aa7, 0xbc2b,
    0x7aa7, 0x59e5, 0x9369, 0x9369, 0x7aa7, 0x9369, 0x59e5, 0x59e5, 0x59e5, 0x7aa7, 0x7aa7, 0x59e5, 0x7aa7, 0x7aa7, 0x7aa7, 0xbc2b,
    0x7aa7, 0x59e5, 0x9369, 0x9369, 0x7aa7, 0x9369, 0x59e5, 0x59e5, 0x59e5, 0x7aa7, 0x7aa7, 0x59e5, 0x7aa7, 0x7aa7, 0x7aa7, 0xbc2b,
    0x7aa7, 0x59e5, 0x9369, 0x9369, 0x7aa7, 0x9369, 0x59e5, 0x59e5, 0x59e5, 0x7aa7, 0x7aa7, 0x59e5, 0x7aa7, 0x7aa7, 0x7aa7, 0xbc2b,
    0x7aa7, 0x59e5, 0x9369, 0x9369, 0x7aa7, 0x9369, 0x59e5, 0x59e5, 0x59e5, 0x7aa7, 0x7aa7, 0x59e5, 0x7aa7, 0x7aa7, 0x7aa7, 0xbc2b,
    0x7aa7, 0x59e5, 0x9369, 0x9369, 0x7aa7, 0x9369, 0x59e5, 0x59e5, 0x59e5, 0x7aa7, 0x7aa7, 0x59e5, 0x7aa7, 0x7aa7, 0x7aa7, 0xbc2b,
    0x7aa7, 0x59e5, 0x9369, 0x9369, 0x7aa7, 0x9369, 0x59e5, 0x59e5, 0x59e5, 0x7aa7, 0x7aa7, 0x59e5, 0x7aa7, 0x7aa7, 0x7aa7, 0xbc2b,
    0x7aa7, 0x59e5, 0x9369, 0x9369, 0x7aa7, 0x9369, 0x59e5, 0x59e5, 0x59e5, 0x7aa7, 0x7aa7, 0x59e5, 0x7aa7, 0x7aa7, 0x7aa7, 0xbc2b,
    0x7aa7, 0x59e5, 0x9369, 0x9369, 0x7aa7, 0x9369, 0x59e5, 0x59e5, 0x59e5, 0x7aa7, 0x7aa7, 0x59e5, 0x7aa7, 0x7aa7, 0x7aa7, 0xbc2b,
    0x7aa7, 0x59e5, 0x9369, 0x9369, 0x7aa7, 0x9369, 0x59e5, 0x59e5, 0x59e5, 0x7aa7, 0x7aa7, 0x59e5, 0x7aa7, 0x7aa7, 0x7aa7, 0xbc2b,
    0x7aa7, 0x59e5, 0x9369, 0x9369, 0x7aa7, 0x9369, 0x59e5, 0x59e5, 0x59e5, 0x7aa7, 0x7aa7, 0x59e5, 0x7aa7, 0x7aa7, 0x7aa7, 0xbc2b,
    0x7aa7, 0x59e5, 0x9369, 0x9369, 0x7aa7, 0x9369, 0x59e5, 0x59e5, 0x59e5, 0x7aa7, 0x7aa7, 0x59e5, 0x7aa7, 0x7aa7, 0x7aa7, 0xbc2b,
    0x7aa7, 0x59e5, 0x9369, 0x9369, 0x7aa7, 0x9369, 0x59e5, 0x59e5, 0x59e5, 0x7aa7, 0x7aa7, 0x59e5, 0x7aa7, 0x7aa7, 0x7aa7, 0xbc2b,
    0x7aa7, 0x59e5, 0x9369, 0x9369, 0x7aa7, 0x9369, 0x59e5, 0x59e5, 0x59e5, 0x7aa7, 0x7aa7, 0x59e5, 0x7aa7, 0x7aa7, 0x7aa7, 0xbc2b,
    0x7aa7, 0x59e5, 0x9369, 0x9369, 0x7aa7, 0x9369, 0x59e5, 0x59e5, 0x59e5, 0x7aa7, 0x7aa7, 0x59e5, 0x7aa7, 0x7aa7, 0x7aa7, 0xbc2b,
    0x7aa7, 0x59e5, 0x9369, 0x9369, 0x7aa7, 0x9369, 0x59e5, 0x59e5, 0x59e5, 0x7aa7, 0x7aa7, 0x59e5, 0x7aa7, 0x7aa7, 0x7aa7, 0xbc2b,
    0x7aa7, 0x59e5, 0x9369, 0x9369, 0x7aa7, 0x9369, 0x59e5, 0x59e5, 0x59e5, 0x7aa7, 0x7aa7, 0x59e5, 0x7aa7, 0x7aa7, 0x7aa7, 0xbc2b,
    0x7aa7, 0x59e5, 0x9369, 0x9369, 0x7aa7, 0x9369, 0x59e5, 0x59e5, 0x59e5, 0x7aa7, 0x7aa7, 0x59e5, 0x7aa7, 0x7aa7, 0x7aa7, 0xbc2b,
    0xbc2b, 0x59e5, 0x7aa7, 0x7aa7, 0x8430, 0x7aa7, 0x7aa7, 0xbc2b, 0xbc2b, 0x7aa7, 0xbc2b, 0xbc2b, 0x7aa7, 0x9369, 0x7aa7, 0x9369,
    0xbc2b, 0x59e5, 0x7aa7, 0x7aa7, 0x8430, 0x7aa7, 0x7aa7, 0xbc2b, 0xbc2b, 0x7aa7, 0xbc2b, 0xbc2b, 0x7aa7, 0x9369, 0x7aa7, 0x9369,
    0xbc2b, 0x59e5, 0x7aa7, 0x7aa7, 0x8430, 0x7aa7, 0x7aa7, 0xbc2b, 0xbc2b, 0x7aa7, 0xbc2b, 0xbc2b, 0x7aa7, 0x9369, 0x7aa7, 0x9369,
    0xbc2b, 0x59e5, 0x7aa7, 0x7aa7, 0x8430, 0x7aa7, 0x7aa7, 0xbc2b, 0xbc2b, 0x7aa7, 0xbc2b, 0xbc2b, 0x7aa7, 0x9369, 0x7aa7, 0x9369,
    0xbc2b, 0x59e5, 0x7aa7, 0x7aa7, 0x8430, 0x7aa7, 0x7aa7, 0xbc2b, 0xbc2b, 0x7aa7, 0xbc2b, 0xbc2b, 0x7aa7, 0x9369, 0x7aa7, 0x9369,
    0xbc2b, 0x59e5, 0x7aa7, 0x7aa7, 0x8430, 0x7aa7, 0x7aa7, 0xbc2b, 0xbc2b, 0x7aa7, 0xbc2b, 0xbc2b, 0x7aa7, 0x9369, 0x7aa7, 0x9369,
    0xbc2b, 0x59e5, 0x7aa7, 0x7aa7, 0x8430, 0x7aa7, 0x7aa7, 0xbc2b, 0xbc2b, 0x7aa7, 0xbc2b, 0xbc2b, 0x7aa7, 0x9369, 0x7aa7, 0x9369,
    0xbc2b, 0x59e5, 0x7aa7, 0x7aa7, 0x8430, 0x7aa7, 0x7aa7, 0xbc2b, 0xbc2b, 0x7aa7, 0xbc2b, 0xbc2b, 0x7aa7, 0x9369, 0x7aa7, 0x9369,
    0xbc2b, 0x59e5, 0x7aa7, 0x7aa7, 0x8430, 0x7aa7, 0x7aa7, 0xbc2b, 0xbc2b, 0x7aa7, 0xbc2b, 0xbc2b, 0x7aa7, 0x9369, 0x7aa7, 0x9369,
    0xbc2b, 0x59e5, 0x7aa7, 0x7aa7, 0x8430, 0x7aa7, 0x7aa7, 0xbc2b, 0xbc2b, 0x7aa7, 0xbc2b, 0xbc2b, 0x7aa7, 0x9369, 0x7aa7, 0x9369,
    0xbc2b, 0x59e5, 0x7aa7, 0x7aa7, 0x8430, 0x7aa7, 0x7aa7, 0xbc2b, 0xbc2b, 0x7aa7, 0xbc2b, 0xbc2b, 0x7aa7, 0x9369, 0x7aa7, 0x9369,
    0xbc2b, 0x59e5, 0x7aa7, 0x7aa7, 0x8430, 0x7aa7, 0x7aa7, 0xbc2b, 0xbc2b, 0x7aa7, 0xbc2b, 0xbc2b, 0x7aa7, 0x9369, 0x7aa7, 0x9369,
    0xbc2b, 0x59e5, 0x7aa7, 0x7aa7, 0x8430, 0x7aa7, 0x7aa7, 0xbc2b, 0xbc2b, 0x7aa7, 0xbc2b, 0xbc2b, 0x7aa7, 0x9369, 0x7aa7, 0x9369,
    0xbc2b, 0x59e5, 0x7aa7, 0x7aa7, 0x8430, 0x7aa7, 0x7aa7, 0xbc2b, 0xbc2b, 0x7aa7, 0xbc2b, 0xbc2b, 0x7aa7, 0x9369, 0x7aa7, 0x9369,
    0xbc2b, 0x59e5, 0x7aa7, 0x7aa7, 0x8430, 0x7aa7, 0x7aa7, 0xbc2b, 0xbc2b, 0x7aa7, 0xbc2b, 0xbc2b, 0x7aa7, 0x9369, 0x7aa7, 0x9369,
    0xbc2b, 0x59e5, 0x7aa7, 0x7aa7, 0x8430, 0x7aa7, 0x7aa7, 0xbc2b, 0xbc2b, 0x7aa7, 0xbc2b, 0xbc2b, 0x7aa7, 0x9369, 0x7aa7, 0x9369,
    0xbc2b, 0x59e5, 0x7aa7, 0x7aa7, 0x8430, 0x7aa7, 0x7aa7, 0xbc2b, 0xbc2b, 0x7aa7, 0xbc2b, 0xbc2b, 0x7aa7, 0x9369, 0x7aa7, 0x9369,
    0xbc2b, 0x59e5, 0x7aa7, 0x7aa7, 0x8430, 0x7aa7, 0x7aa7, 0xbc2b, 0xbc2b, 0x7aa7, 0xbc2b, 0xbc2b, 0x7aa7, 0x9369, 0x7aa7, 0x9369,
    0xbc2b, 0x59e5, 0x7aa7, 0x7aa7, 0x8430, 0x7aa7, 0x7aa7, 0xbc2b, 0xbc2b, 0x7aa7, 0xbc2b, 0xbc2b, 0x7aa7, 0x9369, 0x7aa7, 0x9369,
    0xbc2b, 0x59e5, 0x7aa7, 0x7aa7, 0x8430, 0x7aa7, 0x7aa7, 0xbc2b, 0xbc2b, 0x7aa7, 0xbc2b, 0xbc2b, 0x7aa7, 0x9369, 0x7aa7, 0x9369,
    0xbc2b, 0x7aa7, 0xbc2b, 0xbc2b, 0x9369, 0x9369, 0x7aa7, 0x7aa7, 0x9369, 0x59e5, 0x9369, 0x9369, 0x7aa7, 0x7aa7, 0x9369, 0x9369,
    0xbc2b, 0x7aa7, 0xbc2b, 0xbc2b, 0x9369, 0x9369, 0x7aa7, 0x7aa7, 0x9369, 0x59e5, 0x9369, 0x9369, 0x7aa7, 0x7aa7, 0x9369, 0x9369,
    0xbc2b, 0x7aa7, 0xbc2b, 0xbc2b, 0x9369, 0x9369, 0x7aa7, 0x7aa7, 0x9369, 0x59e5, 0x9369, 0x9369, 0x7aa7, 0x7aa7, 0x9369, 0x9369,
    0xbc2b, 0x7aa7, 0xbc2b, 0xbc2b, 0x9369, 0x9369, 0x7aa7, 0x7aa7, 0x9369, 0x59e5, 0x9369, 0x9369, 0x7aa7, 0x7aa7, 0x9369, 0x9369,
    0xbc2b, 0x7aa7, 0xbc2b, 0xbc2b, 0x9369, 0x9369, 0x7aa7, 0x7aa7, 0x9369, 0x59e5, 0x9369, 0x9369, 0x7aa7, 0x7aa7, 0x9369, 0x9369,
    0xbc2b, 0x7aa7, 0xbc2b, 0xbc2b, 0x9369, 0x9369, 0x7aa7, 0x7aa7, 0x9369, 0x59e5, 0x9369, 0x9369, 0x7aa7, 0x7aa7, 0x9369, 0x9369,
    0xbc2b, 0x7aa7, 0xbc2b, 0xbc2b, 0x9369, 0x9369, 0x7aa7, 0x7aa7, 0x9369, 0x59e5, 0x9369, 0x9369, 0x7aa7, 0x7aa7, 0x9369, 0x9369,
    0xbc2b, 0x7aa7, 0xbc2b, 0xbc2b, 0x9369, 0x9369, 0x7aa7, 0x7aa7, 0x9369, 0x59e5, 0x9369, 0x9369, 0x7aa7, 0x7aa7, 0x9369, 0x9369,
    0xbc2b, 0x7aa7, 0xbc2b, 0xbc2b, 0x9369, 0x9369, 0x7aa7, 0x7aa7, 0x9369, 0x59e5, 0x9369, 0x9369, 0x7aa7, 0x7aa7, 0x9369, 0x9369,
    0xbc2b, 0x7aa7, 0xbc2b, 0xbc2b, 0x9369, 0x9369, 0x7aa7, 0x7aa7, 0x9369, 0x59e5, 0x9369, 0x9369, 0x7aa7, 0x7aa7, 0x9369, 0x9369,
    0xbc2b, 0x7aa7, 0xbc2b, 0xbc2b, 0x9369, 0x9369, 0x7aa7, 0x7aa7, 0x9369, 0x59e5, 0x9369, 0x9369, 0x7aa7, 0x7aa7, 0x9369, 0x9369,
    0xbc2b, 0x7aa7, 0xbc2b, 0xbc2b, 0x9369, 0x9369, 0x7aa7, 0x7aa7, 0x9369, 0x59e5, 0x9369, 0x9369, 0x7aa7, 0x7aa7, 0x9369, 0x9369,
    0xbc2b, 0x7aa7, 0xbc2b, 0xbc2b, 0x9369, 0x9369, 0x7aa7, 0x7aa7, 0x9369, 0x59e5, 0x9369, 0x9369, 0x7aa7, 0x7aa7, 0x9369, 0x9369,
    0xbc2b, 0x7aa7, 0xbc2b, 0xbc2b, 0x9369, 0x9369, 0x7aa7, 0x7aa7, 0x9369, 0x59e5, 0x9369, 0x9369, 0x7aa7, 0x7aa7, 0x9369, 0x9369,
    0xbc2b, 0x7aa7, 0xbc2b, 0xbc2b, 0x9369, 0x9369, 0x7aa7, 0x7aa7, 0x9369, 0x59e5, 0x9369, 0x9369, 0x7aa7, 0x7aa7, 0x9369, 0x9369,
    0xbc2b, 0x7aa7, 0xbc2b, 0xbc2b, 0x9369, 0x9369, 0x7aa7, 0x7aa7, 0x9369, 0x59e5, 0x9369, 0x9369, 0x7aa7, 0x7aa7, 0x9369, 0x9369,
    0xbc2b, 0x7aa7, 0xbc2b, 0xbc2b, 0x9369, 0x9369, 0x7aa7, 0x7aa7, 0x9369, 0x59e5, 0x9369, 0x9369, 0x7aa7, 0x7aa7, 0x9369, 0x9369,
    0xbc2b, 0x7aa7, 0xbc2b, 0xbc2b, 0x9369, 0x9369, 0x7aa7, 0x7aa7, 0x9369, 0x59e5, 0x9369, 0x9369, 0x7aa7, 0x7aa7, 0x9369, 0x9369,
    0xbc2b, 0x7aa7, 0xbc2b, 0xbc2b, 0x9369, 0x9369, 0x7aa7, 0x7aa7, 0x9369, 0x59e5, 0x9369, 0x9369, 0x7aa7, 0x7aa7, 0x9369, 0x9369,
    0xbc2b, 0x7aa7, 0xbc2b, 0xbc2b, 0x9369, 0x9369, 0x7aa7, 0x7aa7, 0x9369, 0x59e5, 0x9369, 0x9369, 0x7aa7, 0x7aa7, 0x9369, 0x9369,
    0x9369, 0x7aa7, 0x7aa7, 0x9369, 0x7aa7, 0x9369, 0x7aa7, 0x59e5, 0x7aa7, 0x9369, 0x9369, 0x7aa7, 0x7aa7, 0x7aa7, 0x59e5, 0x7aa7,
    0x9369, 0x7aa7, 0x7aa7, 0x9369, 0x7aa7, 0x9369, 0x7aa7, 0x59e5, 0x7aa7, 0x9369, 0x9369, 0x7aa7, 0x7aa7, 0x7aa7, 0x59e5, 0x7aa7,
    0x9369, 0x7aa7, 0x7aa7, 0x9369, 0x7aa7, 0x9369, 0x7aa7, 0x59e5, 0x7aa7, 0x9369, 0x9369, 0x7aa7, 0x7aa7, 0x7aa7, 0x59e5, 0x7aa7,
    0x9369, 0x7aa7, 0x7aa7, 0x9369, 0x7aa7, 0x9369, 0x7aa7, 0x59e5, 0x7aa7, 0x9369, 0x9369, 0x7aa7, 0x7aa7, 0x7aa7, 0x59e5, 0x7aa7,
    0x9369, 0x7aa7, 0x7aa7, 0x9369, 0x7aa7, 0x9369, 0x7aa7, 0x59e5, 0x7aa7, 0x9369, 0x9369, 0x7aa7, 0x7aa7, 0x7aa7, 0x59e5, 0x7aa7,
    0x9369, 0x7aa7, 0x7aa7, 0x9369, 0x7aa7, 0x9369, 0x7aa7, 0x59e5, 0x7aa7, 0x9369, 0x9369, 0x7aa7, 0x7aa7, 0x7aa7, 0x59e5, 0x7aa7,
    0x9369, 0x7aa7, 0x7aa7, 0x9369, 0x7aa7, 0x9369, 0x7aa7, 0x59e5, 0x7aa7, 0x9369, 0x9369, 0x7aa7, 0x7aa7, 0x7aa7, 0x59e5, 0x7aa7,
    0x9369, 0x7aa7, 0x7aa7, 0x9369, 0x7aa7, 0x9369, 0x7aa7, 0x59e5, 0x7aa7, 0x9369, 0x9369, 0x7aa7, 0x7aa7, 0x7aa7, 0x59e5, 0x7aa7,
    0x9369, 0x7aa7, 0x7aa7, 0x9369, 0x7aa7, 0x9369, 0x7aa7, 0x59e5, 0x7aa7, 0x9369, 0x9369, 0x7aa7, 0x7aa7, 0x7aa7, 0x59e5, 0x7aa7,
    0x9369, 0x7aa7, 0x7aa7, 0x9369, 0x7aa7, 0x9369, 0x7aa7, 0x59e5, 0x7aa7, 0x9369, 0x9369, 0x7aa7, 0x7aa7, 0x7aa7, 0x59e5, 0x7aa7,
    0x9369, 0x7aa7, 0x7aa7, 0x9369, 0x7aa7, 0x9369, 0x7aa7, 0x59e5, 0x7aa7, 0x9369, 0x9369, 0x7aa7, 0x7aa7, 0x7aa7, 0x59e5, 0x7aa7,
    0x9369, 0x7aa7, 0x7aa7, 0x9369, 0x7aa7, 0x9369, 0x7aa7, 0x59e5, 0x7aa7, 0x9369, 0x9369, 0x7aa7, 0x7aa7, 0x7aa7, 0x59e5, 0x7aa7,
    0x9369, 0x7aa7, 0x7aa7, 0x9369, 0x7aa7, 0x9369, 0x7aa7, 0x59e5, 0x7aa7, 0x9369, 0x9369, 0x7aa7, 0x7aa7, 0x7aa7, 0x59e5, 0x7aa7,
    0x9369, 0x7aa7, 0x7aa7, 0x9369, 0x7aa7, 0x9369, 0x7aa7, 0x59e5, 0x7aa7, 0x9369, 0x9369, 0x7aa7, 0x7aa7, 0x7aa7, 0x59e5, 0x7aa7,
    0x9369, 0x7aa7, 0x7aa7, 0x9369, 0x7aa7, 0x9369, 0x7aa7, 0x59e5, 0x7aa7, 0x9369, 0x9369, 0x7aa7, 0x7aa7, 0x7aa7, 0x59e5, 0x7aa7,
    0x9369, 0x7aa7, 0x7aa7, 0x9369, 0x7aa7, 0x9369, 0x7aa7, 0x59e5, 0x7aa7, 0x9369, 0x9369, 0x7aa7, 0x7aa7, 0x7aa7, 0x59e5, 0x7aa7,
    0x9369, 0x7aa7, 0x7aa7, 0x9369, 0x7aa7, 0x9369, 0x7aa7, 0x59e5, 0x7aa7, 0x9369, 0x9369, 0x7aa7, 0x7aa7, 0x7aa7, 0x59e5, 0x7aa7,
    0x9369, 0x7aa7, 0x7aa7, 0x9369, 0x7aa7, 0x9369, 0x7aa7, 0x59e5, 0x7aa7, 0x9369, 0x9369, 0x7aa7, 0x7aa7, 0x7aa7, 0x59e5, 0x7aa7,
    0x9369, 0x7aa7, 0x7aa7, 0x9369, 0x7aa7, 0x9369, 0x7aa7, 0x59e5, 0x7aa7, 0x9369, 0x9369, 0x7aa7, 0x7aa7, 0x7aa7, 0x59e5, 0x7aa7,
    0x9369, 0x7aa7, 0x7aa7, 0x9369, 0x7aa7, 0x9369, 0x7aa7, 0x59e5, 0x7aa7, 0x9369, 0x9369, 0x7aa7, 0x7aa7, 0x7aa7, 0x59e5, 0x7aa7,
    0x9369, 0x9369, 0x59e5, 0x7aa7, 0x7aa7, 0x59e5, 0x59e5, 0x7aa7, 0x7aa7, 0x7aa7, 0x7aa7, 0x7aa7, 0xbc2b, 0xbc2b, 0x7aa7, 0x9369,
    0x9369, 0x9369, 0x59e5, 0x7aa7, 0x7aa7, 0x59e5, 0x59e5, 0x7aa7, 0x7aa7, 0x7aa7, 0x7aa7, 0x7aa7, 0xbc2b, 0xbc2b, 0x7aa7, 0x9369,
    0x9369, 0x9369, 0x59e5, 0x7aa7, 0x7aa7, 0x59e5, 0x59e5, 0x7aa7, 0x7aa7, 0x7aa7, 0x7aa7, 0x7aa7, 0xbc2b, 0xbc2b, 0x7aa7, 0x9369,
    0x9369, 0x9369, 0x59e5, 0x7aa7, 0x7aa7, 0x59e5, 0x59e5, 0x7aa7, 0x7aa7, 0x7aa7, 0x7aa7, 0x7aa7, 0xbc2b, 0xbc2b, 0x7aa7, 0x9369,
    0x9369, 0x9369, 0x59e5, 0x7aa7, 0x7aa7, 0x59e5, 0x59e5, 0x7aa7, 0x7aa7, 0x7aa7, 0x7aa7, 0x7aa7, 0xbc2b, 0xbc2b, 0x7aa7, 0x9369,
    0x9369, 0x9369, 0x59e5, 0x7aa7, 0x7aa7, 0x59e5, 0x59e5, 0x7aa7, 0x7aa7, 0x7aa7, 0x7aa7, 0x7aa7, 0xbc2b, 0xbc2b, 0x7aa7, 0x9369,
    0x9369, 0x9369, 0x59e5, 0x7aa7, 0x7aa7, 0x59e5, 0x59e5, 0x7aa7, 0x7aa7, 0x7aa7, 0x7aa7, 0x7aa7, 0xbc2b, 0xbc2b, 0x7aa7, 0x9369,
    0x9369, 0x9369, 0x59e5, 0x7aa7, 0x7aa7, 0x59e5, 0x59e5, 0x7aa7, 0x7aa7, 0x7aa7, 0x7aa7, 0x7aa7, 0xbc2b, 0xbc2b, 0x7aa7, 0x9369,
    0x9369, 0x9369, 0x59e5, 0x7aa7, 0x7aa7, 0x59e5, 0x59e5, 0x7aa7, 0x7aa7, 0x7aa7, 0x7aa7, 0x7aa7, 0xbc2b, 0xbc2b, 0x7aa7, 0x9369,
    0x9369, 0x9369, 0x59e5, 0x7aa7, 0x7aa7, 0x59e5, 0x59e5, 0x7aa7, 0x7aa7, 0x7aa7, 0x7aa7, 0x7aa7, 0xbc2b, 0xbc2b, 0x7aa7, 0x9369,
    0x9369, 0x9369, 0x59e5, 0x7aa7, 0x7aa7, 0x59e5, 0x59e5, 0x7aa7, 0x7aa7, 0x7aa7, 0x7aa7, 0x7aa7, 0xbc2b, 0xbc2b, 0x7aa7, 0x9369,
    0x9369, 0x9369, 0x59e5, 0x7aa7, 0x7aa7, 0x59e5, 0x59e5, 0x7aa7, 0x7aa7, 0x7aa7, 0x7aa7, 0x7aa7, 0xbc2b, 0xbc2b, 0x7aa7, 0x9369,
    0x9369, 0x9369, 0x59e5, 0x7aa7, 0x7aa7, 0x59e5, 0x59e5, 0x7aa7, 0x7aa7, 0x7aa7, 0x7aa7, 0x7aa7, 0xbc2b, 0xbc2b, 0x7aa7, 0x9369,
    0x9369, 0x9369, 0x59e5, 0x7aa7, 0x7aa7, 0x59e5, 0x59e5, 0x7aa7, 0x7aa7, 0x7aa7, 0x7aa7, 0x7aa7, 0xbc2b, 0xbc2b, 0x7aa7, 0x9369,
    0x9369, 0x9369, 0x59e5, 0x7aa7, 0x7aa7, 0x59e5, 0x59e5, 0x7aa7, 0x7aa7, 0x7aa7, 0x7aa7, 0x7aa7, 0xbc2b, 0xbc2b, 0x7aa7, 0x9369,
    0x9369, 0x9369, 0x59e5, 0x7aa7, 0x7aa7, 0x59e5, 0x59e5, 0x7aa7, 0x7aa7, 0x7aa7, 0x7aa7, 0x7aa7, 0xbc2b, 0xbc2b, 0x7aa7, 0x9369,
    0x9369, 0x9369, 0x59e5, 0x7aa7, 0x7aa7, 0x59e5, 0x59e5, 0x7aa7, 0x7aa7, 0x7aa7, 0x7aa7, 0x7aa7, 0xbc2b, 0xbc2b, 0x7aa7, 0x9369,
    0x9369, 0x9369, 0x59e5, 0x7aa7, 0x7aa7, 0x59e5, 0x59e5, 0x7aa7, 0x7aa7, 0x7aa7, 0x7aa7, 0x7aa7, 0xbc2b, 0xbc2b, 0x7aa7, 0x9369,
    0x9369, 0x9369, 0x59e5, 0x7aa7, 0x7aa7, 0x59e5, 0x59e5, 0x7aa7, 0x7aa7, 0x7aa7, 0x7aa7, 0x7aa7, 0xbc2b, 0xbc2b, 0x7aa7, 0x9369,
    0x9369, 0x9369, 0x59e5, 0x7aa7, 0x7aa7, 0x59e5, 0x59e5, 0x7aa7, 0x7aa7, 0x7aa7, 0x7aa7, 0x7aa7, 0xbc2b, 0xbc2b, 0x7aa7, 0x9369,
    0x9369, 0x9369, 0x7aa7, 0xbc2b, 0xbc2b, 0x7aa7, 0xbc2b, 0x9369, 0x59e5, 0xbc2b, 0xbc2b, 0x7aa7, 0x9369, 0x9369, 0x8430, 0x7aa7,
    0x9369, 0x9369, 0x7aa7, 0xbc2b, 0xbc2b, 0x7aa7, 0xbc2b, 0x9369, 0x59e5, 0xbc2b, 0xbc2b, 0x7aa7, 0x9369, 0x9369, 0x8430, 0x7aa7,
    0x9369, 0x9369, 0x7aa7, 0xbc2b, 0xbc2b, 0x7aa7, 0xbc2b, 0x9369, 0x59e5, 0xbc2b, 0xbc2b, 0x7aa7, 0x9369, 0x9369, 0x8430, 0x7aa7,
    0x9369, 0x9369, 0x7aa7, 0xbc2b, 0xbc2b, 0x7aa7, 0xbc2b, 0x9369, 0x59e5, 0xbc2b, 0xbc2b, 0x7aa7, 0x9369, 0x9369, 0x8430, 0x7aa7,
    0x9369, 0x9369, 0x7aa7, 0xbc2b, 0xbc2b, 0x7aa7, 0xbc2b, 0x9369, 0x59e5, 0xbc2b, 0xbc2b, 0x7aa7, 0x9369, 0x9369, 0x8430, 0x7aa7,
    0x9369, 0x9369, 0x7aa7, 0xbc2b, 0xbc2b, 0x7aa7, 0xbc2b, 0x9369, 0x59e5, 0xbc2b, 0xbc2b, 0x7aa7, 0x9369, 0x9369, 0x8430, 0x7aa7,
    0x9369, 0x9369, 0x7aa7, 0xbc2b, 0xbc2b, 0x7aa7, 0xbc2b, 0x9369, 0x59e5, 0xbc2b, 0xbc2b, 0x7aa7, 0x9369, 0x9369, 0x8430, 0x7aa7,
    0x9369, 0x9369, 0x7aa7, 0xbc2b, 0xbc2b, 0x7aa7, 0xbc2b, 0x9369, 0x59e5, 0xbc2b, 0xbc2b, 0x7aa7, 0x9369, 0x9369, 0x8430, 0x7aa7,
    0x9369, 0x9369, 0x7aa7, 0xbc2b, 0xbc2b, 0x7aa7, 0xbc2b, 0x9369, 0x59e5, 0xbc2b, 0xbc2b, 0x7aa7, 0x9369, 0x9369, 0x8430, 0x7aa7,
    0x9369, 0x9369, 0x7aa7, 0xbc2b, 0xbc2b, 0x7aa7, 0xbc2b, 0x9369, 0x59e5, 0xbc2b, 0xbc2b, 0x7aa7, 0x9369, 0x9369, 0x8430, 0x7aa7,
    0x9369, 0x9369, 0x7aa7, 0xbc2b, 0xbc2b, 0x7aa7, 0xbc2b, 0x9369, 0x59e5, 0xbc2b, 0xbc2b, 0x7aa7, 0x9369, 0x9369, 0x8430, 0x7aa7,
    0x9369, 0x9369, 0x7aa7, 0xbc2b, 0xbc2b, 0x7aa7, 0xbc2b, 0x9369, 0x59e5, 0xbc2b, 0xbc2b, 0x7aa7, 0x9369, 0x9369, 0x8430, 0x7aa7,
    0x9369, 0x9369, 0x7aa7, 0xbc2b, 0xbc2b, 0x7aa7, 0xbc2b, 0x9369, 0x59e5, 0xbc2b, 0xbc2b, 0x7aa7, 0x9369, 0x9369, 0x8430, 0x7aa7,
    0x9369, 0x9369, 0x7aa7, 0xbc2b, 0xbc2b, 0x7aa7, 0xbc2b, 0x9369, 0x59e5, 0xbc2b, 0xbc2b, 0x7aa7, 0x9369, 0x9369, 0x8430, 0x7aa7,
    0x9369, 0x9369, 0x7aa7, 0xbc2b, 0xbc2b, 0x7aa7, 0xbc2b, 0x9369, 0x59e5, 0xbc2b, 0xbc2b, 0x7aa7, 0x9369, 0x9369, 0x8430, 0x7aa7,
    0x9369, 0x9369, 0x7aa7, 0xbc2b, 0xbc2b, 0x7aa7, 0xbc2b, 0x9369, 0x59e5, 0xbc2b, 0xbc2b, 0x7aa7, 0x9369, 0x9369, 0x8430, 0x7aa7,
    0x9369, 0x9369, 0x7aa7, 0xbc2b, 0xbc2b, 0x7aa7, 0xbc2b, 0x9369, 0x59e5, 0xbc2b, 0xbc2b, 0x7aa7, 0x9369, 0x9369, 0x8430, 0x7aa7,
    0x9369, 0x9369, 0x7aa7, 0xbc2b, 0xbc2b, 0x7aa7, 0xbc2b, 0x9369, 0x59e5, 0xbc2b, 0xbc2b, 0x7aa7, 0x9369, 0x9369, 0x8430, 0x7aa7,
    0x9369, 0x9369, 0x7aa7, 0xbc2b, 0xbc2b, 0x7aa7, 0xbc2b, 0x9369, 0x59e5, 0xbc2b, 0xbc2b, 0x7aa7, 0x9369, 0x9369, 0x8430, 0x7aa7,
    0x9369, 0x9369, 0x7aa7, 0xbc2b, 0xbc2b, 0x7aa7, 0xbc2b, 0x9369, 0x59e5, 0xbc2b, 0xbc2b, 0x7aa7, 0x9369, 0x9369, 0x8430, 0x7aa7,
    0x9369, 0x7aa7, 0x7aa7, 0x9369, 0x9369, 0xbc2b, 0x7aa7, 0x9369, 0x6b6d, 0x9369, 0x9369, 0x7aa7, 0x59e5, 0x9369, 0x7aa7, 0x59e5,
    0x9369, 0x7aa7, 0x7aa7, 0x9369, 0x9369, 0xbc2b, 0x7aa7, 0x9369, 0x6b6d, 0x9369, 0x9369, 0x7aa7, 0x59e5, 0x9369, 0x7aa7, 0x59e5,
    0x9369, 0x7aa7, 0x7aa7, 0x9369, 0x9369, 0xbc2b, 0x7aa7, 0x9369, 0x6b6d, 0x9369, 0x9369, 0x7aa7, 0x59e5, 0x9369, 0x7aa7, 0x59e5,
    0x9369, 0x7aa7, 0x7aa7, 0x9369, 0x9369, 0xbc2b, 0x7aa7, 0x9369, 0x6b6d, 0x9369, 0x9369, 0x7aa7, 0x59e5, 0x9369, 0x7aa7, 0x59e5,
    0x9369, 0x7aa7, 0x7aa7, 0x9369, 0x9369, 0xbc2b, 0x7aa7, 0x9369, 0x6b6d, 0x9369, 0x9369, 0x7aa7, 0x59e5, 0x9369, 0x7aa7, 0x59e5,
    0x9369, 0x7aa7, 0x7aa7, 0x9369, 0x9369, 0xbc2b, 0x7aa7, 0x9369, 0x6b6d, 0x9369, 0x9369, 0x7aa7, 0x59e5, 0x9369, 0x7aa7, 0x59e5,
    0x9369, 0x7aa7, 0x7aa7, 0x9369, 0x9369, 0xbc2b, 0x7aa7, 0x9369, 0x6b6d, 0x9369, 0x9369, 0x7aa7, 0x59e5, 0x9369, 0x7aa7, 0x59e5,
    0x9369, 0x7aa7, 0x7aa7, 0x9369, 0x9369, 0xbc2b, 0x7aa7, 0x9369, 0x6b6d, 0x9369, 0x9369, 0x7aa7, 0x59e5, 0x9369, 0x7aa7, 0x59e5,
    0x9369, 0x7aa7, 0x7aa7, 0x9369, 0x9369, 0xbc2b, 0x7aa7, 0x9369, 0x6b6d, 0x9369, 0x9369, 0x7aa7, 0x59e5, 0x9369, 0x7aa7, 0x59e5,
    0x9369, 0x7aa7, 0x7aa7, 0x9369, 0x9369, 0xbc2b, 0x7aa7, 0x9369, 0x6b6d, 0x9369, 0x9369, 0x7aa7, 0x59e5, 0x9369, 0x7aa7, 0x59e5,
    0x9369, 0x7aa7, 0x7aa7, 0x9369, 0x9369, 0xbc2b, 0x7aa7, 0x9369, 0x6b6d, 0x9369, 0x9369, 0x7aa7, 0x59e5, 0x9369, 0x7aa7, 0x59e5,
    0x9369, 0x7aa7, 0x7aa7, 0x9369, 0x9369, 0xbc2b, 0x7aa7, 0x9369, 0x6b6d, 0x9369, 0x9369, 0x7aa7, 0x59e5, 0x9369, 0x7aa7, 0x59e5,
    0x9369, 0x7aa7, 0x7aa7, 0x9369, 0x9369, 0xbc2b, 0x7aa7, 0x9369, 0x6b6d, 0x9369, 0x9369, 0x7aa7, 0x59e5, 0x9369, 0x7aa7, 0x59e5,
    0x9369, 0x7aa7, 0x7aa7, 0x9369, 0x9369, 0xbc2b, 0x7aa7, 0x9369, 0x6b6d, 0x9369, 0x9369, 0x7aa7, 0x59e5, 0x9369, 0x7aa7, 0x59e5,
    0x9369, 0x7aa7, 0x7aa7, 0x9369, 0x9369, 0xbc2b, 0x7aa7, 0x9369, 0x6b6d, 0x9369, 0x9369, 0x7aa7, 0x59e5, 0x9369, 0x7aa7, 0x59e5,
    0x9369, 0x7aa7, 0x7aa7, 0x9369, 0x9369, 0xbc2b, 0x7aa7, 0x9369, 0x6b6d, 0x9369, 0x9369, 0x7aa7, 0x59e5, 0x9369, 0x7aa7, 0x59e5,
    0x9369, 0x7aa7, 0x7aa7, 0x9369, 0x9369, 0xbc2b, 0x7aa7, 0x9369, 0x6b6d, 0x9369, 0x9369, 0x7aa7, 0x59e5, 0x9369, 0x7aa7, 0x59e5,
    0x9369, 0x7aa7, 0x7aa7, 0x9369, 0x9369, 0xbc2b, 0x7aa7, 0x9369, 0x6b6d, 0x9369, 0x9369, 0x7aa7, 0x59e5, 0x9369, 0x7aa7, 0x59e5,
    0x9369, 0x7aa7, 0x7aa7, 0x9369, 0x9369, 0xbc2b, 0x7aa7, 0x9369, 0x6b6d, 0x9369, 0x9369, 0x7aa7, 0x59e5, 0x9369, 0x7aa7, 0x59e5,
    0x9369, 0x7aa7, 0x7aa7, 0x9369, 0x9369, 0xbc2b, 0x7aa7, 0x9369, 0x6b6d, 0x9369, 0x9369, 0x7aa7, 0x59e5, 0x9369, 0x7aa7, 0x59e5,
    0x7aa7, 0x59e5, 0x9369, 0x7aa7, 0x9369, 0x9369, 0xbc2b, 0x7aa7, 0x7aa7, 0x7aa7, 0x7aa7, 0x7aa7, 0x7aa7, 0x7aa7, 0xbc2b, 0xbc2b,
    0x7aa7, 0x59e5, 0x9369, 0x7aa7, 0x9369, 0x9369, 0xbc2b, 0x7aa7, 0x7aa7, 0x7aa7, 0x7aa7, 0x7aa7, 0x7aa7, 0x7aa7, 0xbc2b, 0xbc2b,
    0x7aa7, 0x59e5, 0x9369, 0x7aa7, 0x9369, 0x9369, 0xbc2b, 0x7aa7, 0x7aa7, 0x7aa7, 0x7aa7, 0x7aa7, 0x7aa7, 0x7aa7, 0xbc2b, 0xbc2b,
    0x7aa7, 0x59e5, 0x9369, 0x7aa7, 0x9369, 0x9369, 0xbc2b, 0x7aa7, 0x7aa7, 0x7aa7, 0x7aa7, 0x7aa7, 0x7aa7, 0x7aa7, 0xbc2b, 0xbc2b,
    0x7aa7, 0x59e5, 0x9369, 0x7aa7, 0x9369, 0x9369, 0xbc2b, 0x7aa7, 0x7aa7, 0x7aa7, 0x7aa7, 0x7aa7, 0x7aa7, 0x7aa7, 0xbc2b, 0xbc2b,
    0x7aa7, 0x59e5, 0x9369, 0x7aa7, 0x9369, 0x9369, 0xbc2b, 0x7aa7, 0x7aa7, 0x7aa7, 0x7aa7, 0x7aa7, 0x7aa7, 0x7aa7, 0xbc2b, 0xbc2b,
    0x7aa7, 0x59e5, 0x9369, 0x7aa7, 0x9369, 0x9369, 0xbc2b, 0x7aa7, 0x7aa7, 0x7aa7, 0x7aa7, 0x7aa7, 0x7aa7, 0x7aa7, 0xbc2b, 0xbc2b,
    0x7aa7, 0x59e5, 0x9369, 0x7aa7, 0x9369, 0x9369, 0xbc2b, 0x7aa7, 0x7aa7, 0x7aa7, 0x7aa7, 0x7aa7, 0x7aa7, 0x7aa7, 0xbc2b, 0xbc2b,
    0x7aa7, 0x59e5, 0x9369, 0x7aa7, 0x9369, 0x9369, 0xbc2b, 0x7aa7, 0x7aa7, 0x7aa7, 0x7aa7, 0x7aa7, 0x7aa7, 0x7aa7, 0xbc2b, 0xbc2b,
    0x7aa7, 0x59e5, 0x9369, 0x7aa7, 0x9369, 0x9369, 0xbc2b, 0x7aa7, 0x7aa7, 0x7aa7, 0x7aa7, 0x7aa7, 0x7aa7, 0x7aa7, 0xbc2b, 0xbc2b,
    0x7aa7, 0x59e5, 0x9369, 0x7aa7, 0x9369, 0x9369, 0xbc2b, 0x7aa7, 0x7aa7, 0x7aa7, 0x7aa7, 0x7aa7, 0x7aa7, 0x7aa7, 0xbc2b, 0xbc2b,
    0x7aa7, 0x59e5, 0x9369, 0x7aa7, 0x9369, 0x9369, 0xbc2b, 0x7aa7, 0x7aa7, 0x7aa7, 0x7aa7, 0x7aa7, 0x7aa7, 0x7aa7, 0xbc2b, 0xbc2b,
    0x7aa7, 0x59e5, 0x9369, 0x7aa7, 0x9369, 0x9369, 0xbc2b, 0x7aa7, 0x7aa7, 0x7aa7, 0x7aa7, 0x7aa7, 0x7aa7, 0x7aa7, 0xbc2b, 0xbc2b,
    0x7aa7, 0x59e5, 0x9369, 0x7aa7, 0x9369, 0x9369, 0xbc2b, 0x7aa7, 0x7aa7, 0x7aa7, 0x7aa7, 0x7aa7, 0x7aa7, 0x7aa7, 0xbc2b, 0xbc2b,
    0x7aa7, 0x59e5, 0x9369, 0x7aa7, 0x9369, 0x9369, 0xbc2b, 0x7aa7, 0x7aa7, 0x7aa7, 0x7aa7, 0x7aa7, 0x7aa7, 0x7aa7, 0xbc2b, 0xbc2b,
    0x7aa7, 0x59e5, 0x9369, 0x7aa7, 0x9369, 0x9369, 0xbc2b, 0x7aa7, 0x7aa7, 0x7aa7, 0x7aa7, 0x7aa7, 0x7aa7, 0x7aa7, 0xbc2b, 0xbc2b,
    0x7aa7, 0x59e5, 0x9369, 0x7aa7, 0x9369, 0x9369, 0xbc2b, 0x7aa7, 0x7aa7, 0x7aa7, 0x7aa7, 0x7aa7, 0x7aa7, 0x7aa7, 0xbc2b, 0xbc2b,
    0x7aa7, 0x59e5, 0x9369, 0x7aa7, 0x9369, 0x9369, 0xbc2b, 0x7aa7, 0x7aa7, 0x7aa7, 0x7aa7, 0x7aa7, 0x7aa7, 0x7aa7, 0xbc2b, 0xbc2b,
    0x7aa7, 0x59e5, 0x9369, 0x7aa7, 0x9369, 0x9369, 0xbc2b, 0x7aa7, 0x7aa7, 0x7aa7, 0x7aa7, 0x7aa7, 0x7aa7, 0x7aa7, 0xbc2b, 0xbc2b,
    0x7aa7, 0x59e5, 0x9369, 0x7aa7, 0x9369, 0x9369, 0xbc2b, 0x7aa7, 0x7aa7, 0x7aa7, 0x7aa7, 0x7aa7, 0x7aa7, 0x7aa7, 0xbc2b, 0xbc2b,
    0x7aa7, 0x9369, 0x7aa7, 0x7aa7, 0x72c8, 0x7aa7, 0x9369, 0x9369, 0x7aa7, 0x59e5, 0xbc2b, 0x59e5, 0x7aa7, 0xbc2b, 0x9369, 0x9369,
    0x7aa7, 0x9369, 0x7aa7, 0x7aa7, 0x72c8, 0x7aa7, 0x9369, 0x9369, 0x7aa7, 0x59e5, 0xbc2b, 0x59e5, 0x7aa7, 0xbc2b, 0x9369, 0x9369,
    0x7aa7, 0x9369, 0x7aa7, 0x7aa7, 0x72c8, 0x7aa7, 0x9369, 0x9369, 0x7aa7, 0x59e5, 0xbc2b, 0x59e5, 0x7aa7, 0xbc2b, 0x9369, 0x9369,
    0x7aa7, 0x9369, 0x7aa7, 0x7aa7, 0x72c8, 0x7aa7, 0x9369, 0x9369, 0x7aa7, 0x59e5, 0xbc2b, 0x59e5, 0x7aa7, 0xbc2b, 0x9369, 0x9369,
    0x7aa7, 0x9369, 0x7aa7, 0x7aa7, 0x72c8, 0x7aa7, 0x9369, 0x9369, 0x7aa7, 0x59e5, 0xbc2b, 0x59e5, 0x7aa7, 0xbc2b, 0x9369, 0x9369,
    0x7aa7, 0x9369, 0x7aa7, 0x7aa7, 0x72c8, 0x7aa7, 0x9369, 0x9369, 0x7aa7, 0x59e5, 0xbc2b, 0x59e5, 0x7aa7, 0xbc2b, 0x9369, 0x9369,
    0x7aa7, 0x9369, 0x7aa7, 0x7aa7, 0x72c8, 0x7aa7, 0x9369, 0x9369, 0x7aa7, 0x59e5, 0xbc2b, 0x59e5, 0x7aa7, 0xbc2b, 0x9369, 0x9369,
    0x7aa7, 0x9369, 0x7aa7, 0x7aa7, 0x72c8, 0x7aa7, 0x9369, 0x9369, 0x7aa7, 0x59e5, 0xbc2b, 0x59e5, 0x7aa7, 0xbc2b, 0x9369, 0x9369,
    0x7aa7, 0x9369, 0x7aa7, 0x7aa7, 0x72c8, 0x7aa7, 0x9369, 0x9369, 0x7aa7, 0x59e5, 0xbc2b, 0x59e5, 0x7aa7, 0xbc2b, 0x9369, 0x9369,
    0x7aa7, 0x9369, 0x7aa7, 0x7aa7, 0x72c8, 0x7aa7, 0x9369, 0x9369, 0x7aa7, 0x59e5, 0xbc2b, 0x59e5, 0x7aa7, 0xbc2b, 0x9369, 0x9369,
    0x7aa7, 0x9369, 0x7aa7, 0x7aa7, 0x72c8, 0x7aa7, 0x9369, 0x9369, 0x7aa7, 0x59e5, 0xbc2b, 0x59e5, 0x7aa7, 0xbc2b, 0x9369, 0x9369,
    0x7aa7, 0x9369, 0x7aa7, 0x7aa7, 0x72c8, 0x7aa7, 0x9369, 0x9369, 0x7aa7, 0x59e5, 0xbc2b, 0x59e5, 0x7aa7, 0xbc2b, 0x9369, 0x9369,
    0x7aa7, 0x9369, 0x7aa7, 0x7aa7, 0x72c8, 0x7aa7, 0x9369, 0x9369, 0x7aa7, 0x59e5, 0xbc2b, 0x59e5, 0x7aa7, 0xbc2b, 0x9369, 0x9369,
    0x7aa7, 0x9369, 0x7aa7, 0x7aa7, 0x72c8, 0x7aa7, 0x9369, 0x9369, 0x7aa7, 0x59e5, 0xbc2b, 0x59e5, 0x7aa7, 0xbc2b, 0x9369, 0x9369,
    0x7aa7, 0x9369, 0x7aa7, 0x7aa7, 0x72c8, 0x7aa7, 0x9369, 0x9369, 0x7aa7, 0x59e5, 0xbc2b, 0x59e5, 0x7aa7, 0xbc2b, 0x9369, 0x9369,
    0x7aa7, 0x9369, 0x7aa7, 0x7aa7, 0x72c8, 0x7aa7, 0x9369, 0x9369, 0x7aa7, 0x59e5, 0xbc2b, 0x59e5, 0x7aa7, 0xbc2b, 0x9369, 0x9369,
    0x7aa7, 0x9369, 0x7aa7, 0x7aa7, 0x72c8, 0x7aa7, 0x9369, 0x9369, 0x7aa7, 0x59e5, 0xbc2b, 0x59e5, 0x7aa7, 0xbc2b, 0x9369, 0x9369,
    0x7aa7, 0x9369, 0x7aa7, 0x7aa7, 0x72c8, 0x7aa7, 0x9369, 0x9369, 0x7aa7, 0x59e5, 0xbc2b, 0x59e5, 0x7aa7, 0xbc2b, 0x9369, 0x9369,
    0x7aa7, 0x9369, 0x7aa7, 0x7aa7, 0x72c8, 0x7aa7, 0x9369, 0x9369, 0x7aa7, 0x59e5, 0xbc2b, 0x59e5, 0x7aa7, 0xbc2b, 0x9369, 0x9369,
    0x7aa7, 0x9369, 0x7aa7, 0x7aa7, 0x72c8, 0x7aa7, 0x9369, 0x9369, 0x7aa7, 0x59e5, 0xbc2b, 0x59e5, 0x7aa7, 0xbc2b, 0x9369, 0x9369,
    0x9369, 0x7aa7, 0x59e5, 0xbc2b, 0x7aa7, 0x59e5, 0x7aa7, 0x59e5, 0x7aa7, 0x7aa7, 0x7aa7, 0x59e5, 0x7aa7, 0x7aa7, 0x9369, 0x9369,
    0x9369, 0x7aa7, 0x59e5, 0xbc2b, 0x7aa7, 0x59e5, 0x7aa7, 0x59e5, 0x7aa7, 0x7aa7, 0x7aa7, 0x59e5, 0x7aa7, 0x7aa7, 0x9369, 0x9369,
    0x9369, 0x7aa7, 0x59e5, 0xbc2b, 0x7aa7, 0x59e5, 0x7aa7, 0x59e5, 0x7aa7, 0x7aa7, 0x7aa7, 0x59e5, 0x7aa7, 0x7aa7, 0x9369, 0x9369,
    0x9369, 0x7aa7, 0x59e5, 0xbc2b, 0x7aa7, 0x59e5, 0x7aa7, 0x59e5, 0x7aa7, 0x7aa7, 0x7aa7, 0x59e5, 0x7aa7, 0x7aa7, 0x9369, 0x9369,
    0x9369, 0x7aa7, 0x59e5, 0xbc2b, 0x7aa7, 0x59e5, 0x7aa7, 0x59e5, 0x7aa7, 0x7aa7, 0x7aa7, 0x59e5, 0x7aa7, 0x7aa7, 0x9369, 0x9369,
    0x9369, 0x7aa7, 0x59e5, 0xbc2b, 0x7aa7, 0x59e5, 0x7aa7, 0x59e5, 0x7aa7, 0x7aa7, 0x7aa7, 0x59e5, 0x7aa7, 0x7aa7, 0x9369, 0x9369,
    0x9369, 0x7aa7, 0x59e5, 0xbc2b, 0x7aa7, 0x59e5, 0x7aa7, 0x59e5, 0x7aa7, 0x7aa7, 0x7aa7, 0x59e5, 0x7aa7, 0x7aa7, 0x9369, 0x9369,
    0x9369, 0x7aa7, 0x59e5, 0xbc2b, 0x7aa7, 0x59e5, 0x7aa7, 0x59e5, 0x7aa7, 0x7aa7, 0x7aa7, 0x59e5, 0x7aa7, 0x7aa7, 0x9369, 0x9369,
    0x9369, 0x7aa7, 0x59e5, 0xbc2b, 0x7aa7, 0x59e5, 0x7aa7, 0x59e5, 0x7aa7, 0x7aa7, 0x7aa7, 0x59e5, 0x7aa7, 0x7aa7, 0x9369, 0x9369,
    0x9369, 0x7aa7, 0x59e5, 0xbc2b, 0x7aa7, 0x59e5, 0x7aa7, 0x59e5, 0x7aa7, 0x7aa7, 0x7aa7, 0x59e5, 0x7aa7, 0x7aa7, 0x9369, 0x9369,
    0x9369, 0x7aa7, 0x59e5, 0xbc2b, 0x7aa7, 0x59e5, 0x7aa7, 0x59e5, 0x7aa7, 0x7aa7, 0x7aa7, 0x59e5, 0x7aa7, 0x7aa7, 0x9369, 0x9369,
    0x9369, 0x7aa7, 0x59e5, 0xbc2b, 0x7aa7, 0x59e5, 0x7aa7, 0x59e5, 0x7aa7, 0x7aa7, 0x7aa7, 0x59e5, 0x7aa7, 0x7aa7, 0x9369, 0x9369,
    0x9369, 0x7aa7, 0x59e5, 0xbc2b, 0x7aa7, 0x59e5, 0x7aa7, 0x59e5, 0x7aa7, 0x7aa7, 0x7aa7, 0x59e5, 0x7aa7, 0x7aa7, 0x9369, 0x9369,
    0x9369, 0x7aa7, 0x59e5, 0xbc2b, 0x7aa7, 0x59e5, 0x7aa7, 0x59e5, 0x7aa7, 0x7aa7, 0x7aa7, 0x59e5, 0x7aa7, 0x7aa7, 0x9369, 0x9369,
    0x9369, 0x7aa7, 0x59e5, 0xbc2b, 0x7aa7, 0x59e5, 0x7aa7, 0x59e5, 0x7aa7, 0x7aa7, 0x7aa7, 0x59e5, 0x7aa7, 0x7aa7, 0x9369, 0x9369,
    0x9369, 0x7aa7, 0x59e5, 0xbc2b, 0x7aa7, 0x59e5, 0x7aa7, 0x59e5, 0x7aa7, 0x7aa7, 0x7aa7, 0x59e5, 0x7aa7, 0x7aa7, 0x9369, 0x9369,
    0x9369, 0x7aa7, 0x59e5, 0xbc2b, 0x7aa7, 0x59e5, 0x7aa7, 0x59e5, 0x7aa7, 0x7aa7, 0x7aa7, 0x59e5, 0x7aa7, 0x7aa7, 0x9369, 0x9369,
    0x9369, 0x7aa7, 0x59e5, 0xbc2b, 0x7aa7, 0x59e5, 0x7aa7, 0x59e5, 0x7aa7, 0x7aa7, 0x7aa7, 0x59e5, 0x7aa7, 0x7aa7, 0x9369, 0x9369,
    0x9369, 0x7aa7, 0x59e5, 0xbc2b, 0x7aa7, 0x59e5, 0x7aa7, 0x59e5, 0x7aa7, 0x7aa7, 0x7aa7, 0x59e5, 0x7aa7, 0x7aa7, 0x9369, 0x9369,
    0x9369, 0x7aa7, 0x59e5, 0xbc2b, 0x7aa7, 0x59e5, 0x7aa7, 0x59e5, 0x7aa7, 0x7aa7, 0x7aa7, 0x59e5, 0x7aa7, 0x7aa7, 0x9369, 0x9369,
    0x9369, 0x7aa7, 0xbc2b, 0x9369, 0x9369, 0x7aa7, 0x8430, 0x9369, 0x9369, 0x9369, 0x7aa7, 0x7aa7, 0x9369, 0x9369, 0x7aa7, 0x59e5,
    0x9369, 0x7aa7, 0xbc2b, 0x9369, 0x9369, 0x7aa7, 0x8430, 0x9369, 0x9369, 0x9369, 0x7aa7, 0x7aa7, 0x9369, 0x9369, 0x7aa7, 0x59e5,
    0x9369, 0x7aa7, 0xbc2b, 0x9369, 0x9369, 0x7aa7, 0x8430, 0x9369, 0x9369, 0x9369, 0x7aa7, 0x7aa7, 0x9369, 0x9369, 0x7aa7, 0x59e5,
    0x9369, 0x7aa7, 0xbc2b, 0x9369, 0x9369, 0x7aa7, 0x8430, 0x9369, 0x9369, 0x9369, 0x7aa7, 0x7aa7, 0x9369, 0x9369, 0x7aa7, 0x59e5,
    0x9369, 0x7aa7, 0xbc2b, 0x9369, 0x9369, 0x7aa7, 0x8430, 0x9369, 0x9369, 0x9369, 0x7aa7, 0x7aa7, 0x9369, 0x9369, 0x7aa7, 0x59e5,
    0x9369, 0x7aa7, 0xbc2b, 0x9369, 0x9369, 0x7aa7, 0x8430, 0x9369, 0x9369, 0x9369, 0x7aa7, 0x7aa7, 0x9369, 0x9369, 0x7aa7, 0x59e5,
    0x9369, 0x7aa7, 0xbc2b, 0x9369, 0x9369, 0x7aa7, 0x8430, 0x9369, 0x9369, 0x9369, 0x7aa7, 0x7aa7, 0x9369, 0x9369, 0x7aa7, 0x59e5,
    0x9369, 0x7aa7, 0xbc2b, 0x9369, 0x9369, 0x7aa7, 0x8430, 0x9369, 0x9369, 0x9369, 0x7aa7, 0x7aa7, 0x9369, 0x9369, 0x7aa7, 0x59e5,
    0x9369, 0x7aa7, 0xbc2b, 0x9369, 0x9369, 0x7aa7, 0x8430, 0x9369, 0x9369, 0x9369, 0x7aa7, 0x7aa7, 0x9369, 0x9369, 0x7aa7, 0x59e5,
    0x9369, 0x7aa7, 0xbc2b, 0x9369, 0x9369, 0x7aa7, 0x8430, 0x9369, 0x9369, 0x9369, 0x7aa7, 0x7aa7, 0x9369, 0x9369, 0x7aa7, 0x59e5,
    0x9369, 0x7aa7, 0xbc2b, 0x9369, 0x9369, 0x7aa7, 0x8430, 0x9369, 0x9369, 0x9369, 0x7aa7, 0x7aa7, 0x9369, 0x9369, 0x7aa7, 0x59e5,
    0x9369, 0x7aa7, 0xbc2b, 0x9369, 0x9369, 0x7aa7, 0x8430, 0x9369, 0x9369, 0x9369, 0x7aa7, 0x7aa7, 0x9369, 0x9369, 0x7aa7, 0x59e5,
    0x9369, 0x7aa7, 0xbc2b, 0x9369, 0x9369, 0x7aa7, 0x8430, 0x9369, 0x9369, 0x9369, 0x7aa7, 0x7aa7, 0x9369, 0x9369, 0x7aa7, 0x59e5,
    0x9369, 0x7aa7, 0xbc2b, 0x9369, 0x9369, 0x7aa7, 0x8430, 0x9369, 0x9369, 0x9369, 0x7aa7, 0x7aa7, 0x9369, 0x9369, 0x7aa7, 0x59e5,
    0x9369, 0x7aa7, 0xbc2b, 0x9369, 0x9369, 0x7aa7, 0x8430, 0x9369, 0x9369, 0x9369, 0x7aa7, 0x7aa7, 0x9369, 0x9369, 0x7aa7, 0x59e5,
    0x9369, 0x7aa7, 0xbc2b, 0x9369, 0x9369, 0x7aa7, 0x8430, 0x9369, 0x9369, 0x9369, 0x7aa7, 0x7aa7, 0x9369, 0x9369, 0x7aa7, 0x59e5,
    0x9369, 0x7aa7, 0xbc2b, 0x9369, 0x9369, 0x7aa7, 0x8430, 0x9369, 0x9369, 0x9369, 0x7aa7, 0x7aa7, 0x9369, 0x9369, 0x7aa7, 0x59e5,
    0x9369, 0x7aa7, 0xbc2b, 0x9369, 0x9369, 0x7aa7, 0x8430, 0x9369, 0x9369, 0x9369, 0x7aa7, 0x7aa7, 0x9369, 0x9369, 0x7aa7, 0x59e5,
    0x9369, 0x7aa7, 0xbc2b, 0x9369, 0x9369, 0x7aa7, 0x8430, 0x9369, 0x9369, 0x9369, 0x7aa7, 0x7aa7, 0x9369, 0x9369, 0x7aa7, 0x59e5,
    0x9369, 0x7aa7, 0xbc2b, 0x9369, 0x9369, 0x7aa7, 0x8430, 0x9369, 0x9369, 0x9369, 0x7aa7, 0x7aa7, 0x9369, 0x9369, 0x7aa7, 0x59e5,
    0xbc2b, 0x9369, 0x9369, 0x7aa7, 0x7aa7, 0xbc2b, 0x9369, 0x9369, 0x7aa7, 0x7aa7, 0x59e5, 0x7aa7, 0x7aa7, 0xbc2b, 0x7aa7, 0xbc2b,
    0xbc2b, 0x9369, 0x9369, 0x7aa7, 0x7aa7, 0xbc2b, 0x9369, 0x9369, 0x7aa7, 0x7aa7, 0x59e5, 0x7aa7, 0x7aa7, 0xbc2b, 0x7aa7, 0xbc2b,
    0xbc2b, 0x9369, 0x9369, 0x7aa7, 0x7aa7, 0xbc2b, 0x9369, 0x9369, 0x7aa7, 0x7aa7, 0x59e5, 0x7aa7, 0x7aa7, 0xbc2b, 0x7aa7, 0xbc2b,
    0xbc2b, 0x9369, 0x9369, 0x7aa7, 0x7aa7, 0xbc2b, 0x9369, 0x9369, 0x7aa7, 0x7aa7, 0x59e5, 0x7aa7, 0x7aa7, 0xbc2b, 0x7aa7, 0xbc2b,
    0xbc2b, 0x9369, 0x9369, 0x7aa7, 0x7aa7, 0xbc2b, 0x9369, 0x9369, 0x7aa7, 0x7aa7, 0x59e5, 0x7aa7, 0x7aa7, 0xbc2b, 0x7aa7, 0xbc2b,
    0xbc2b, 0x9369, 0x9369, 0x7aa7, 0x7aa7, 0xbc2b, 0x9369, 0x9369, 0x7aa7, 0x7aa7, 0x59e5, 0x7aa7, 0x7aa7, 0xbc2b, 0x7aa7, 0xbc2b,
    0xbc2b, 0x9369, 0x9369, 0x7aa7, 0x7aa7, 0xbc2b, 0x9369, 0x9369, 0x7aa7, 0x7aa7, 0x59e5, 0x7aa7, 0x7aa7, 0xbc2b, 0x7aa7, 0xbc2b,
    0xbc2b, 0x9369, 0x9369, 0x7aa7, 0x7aa7, 0xbc2b, 0x9369, 0x9369, 0x7aa7, 0x7aa7, 0x59e5, 0x7aa7, 0x7aa7, 0xbc2b, 0x7aa7, 0xbc2b,
    0xbc2b, 0x9369, 0x9369, 0x7aa7, 0x7aa7, 0xbc2b, 0x9369, 0x9369, 0x7aa7, 0x7aa7, 0x59e5, 0x7aa7, 0x7aa7, 0xbc2b, 0x7aa7, 0xbc2b,
    0xbc2b, 0x9369, 0x9369, 0x7aa7, 0x7aa7, 0xbc2b, 0x9369, 0x9369, 0x7aa7, 0x7aa7, 0x59e5, 0x7aa7, 0x7aa7, 0xbc2b, 0x7aa7, 0xbc2b,
    0xbc2b, 0x9369, 0x9369, 0x7aa7, 0x7aa7, 0xbc2b, 0x9369, 0x9369, 0x7aa7, 0x7aa7, 0x59e5, 0x7aa7, 0x7aa7, 0xbc2b, 0x7aa7, 0xbc2b,
    0xbc2b, 0x9369, 0x9369, 0x7aa7, 0x7aa7, 0xbc2b, 0x9369, 0x9369, 0x7aa7, 0x7aa7, 0x59e5, 0x7aa7, 0x7aa7, 0xbc2b, 0x7aa7, 0xbc2b,
    0xbc2b, 0x9369, 0x9369, 0x7aa7, 0x7aa7, 0xbc2b, 0x9369, 0x9369, 0x7aa7, 0x7aa7, 0x59e5, 0x7aa7, 0x7aa7, 0xbc2b, 0x7aa7, 0xbc2b,
    0xbc2b, 0x9369, 0x9369, 0x7aa7, 0x7aa7, 0xbc2b, 0x9369, 0x9369, 0x7aa7, 0x7aa7, 0x59e5, 0x7aa7, 0x7aa7, 0xbc2b, 0x7aa7, 0xbc2b,
    0xbc2b, 0x9369, 0x9369, 0x7aa7, 0x7aa7, 0xbc2b, 0x9369, 0x9369, 0x7aa7, 0x7aa7, 0x59e5, 0x7aa7, 0x7aa7, 0xbc2b, 0x7aa7, 0xbc2b,
    0xbc2b, 0x9369, 0x9369, 0x7aa7, 0x7aa7, 0xbc2b, 0x9369, 0x9369, 0x7aa7, 0x7aa7, 0x59e5, 0x7aa7, 0x7aa7, 0xbc2b, 0x7aa7, 0xbc2b,
    0xbc2b, 0x9369, 0x9369, 0x7aa7, 0x7aa7, 0xbc2b, 0x9369, 0x9369, 0x7aa7, 0x7aa7, 0x59e5, 0x7aa7, 0x7aa7, 0xbc2b, 0x7aa7, 0xbc2b,
    0xbc2b, 0x9369, 0x9369, 0x7aa7, 0x7aa7, 0xbc2b, 0x9369, 0x9369, 0x7aa7, 0x7aa7, 0x59e5, 0x7aa7, 0x7aa7, 0xbc2b, 0x7aa7, 0xbc2b,
    0xbc2b, 0x9369, 0x9369, 0x7aa7, 0x7aa7, 0xbc2b, 0x9369, 0x9369, 0x7aa7, 0x7aa7, 0x59e5, 0x7aa7, 0x7aa7, 0xbc2b, 0x7aa7, 0xbc2b,
    0xbc2b, 0x9369, 0x9369, 0x7aa7, 0x7aa7, 0xbc2b, 0x9369, 0x9369, 0x7aa7, 0x7aa7, 0x59e5, 0x7aa7, 0x7aa7, 0xbc2b, 0x7aa7, 0xbc2b,
    0x7aa7, 0x9369, 0x59e5, 0x7aa7, 0x7aa7, 0x9369, 0x8430, 0x59e5, 0x7aa7, 0xbc2b, 0x9369, 0x7aa7, 0x7aa7, 0x9369, 0x59e5, 0x59e5,
    0x7aa7, 0x9369, 0x59e5, 0x7aa7, 0x7aa7, 0x9369, 0x8430, 0x59e5, 0x7aa7, 0xbc2b, 0x9369, 0x7aa7, 0x7aa7, 0x9369, 0x59e5, 0x59e5,
    0x7aa7, 0x9369, 0x59e5, 0x7aa7, 0x7aa7, 0x9369, 0x8430, 0x59e5, 0x7aa7, 0xbc2b, 0x9369, 0x7aa7, 0x7aa7, 0x9369, 0x59e5, 0x59e5,
    0x7aa7, 0x9369, 0x59e5, 0x7aa7, 0x7aa7, 0x9369, 0x8430, 0x59e5, 0x7aa7, 0xbc2b, 0x9369, 0x7aa7, 0x7aa7, 0x9369, 0x59e5, 0x59e5,
    0x7aa7, 0x9369, 0x59e5, 0x7aa7, 0x7aa7, 0x9369, 0x8430, 0x59e5, 0x7aa7, 0xbc2b, 0x9369, 0x7aa7, 0x7aa7, 0x9369, 0x59e5, 0x59e5,
    0x7aa7, 0x9369, 0x59e5, 0x7aa7, 0x7aa7, 0x9369, 0x8430, 0x59e5, 0x7aa7, 0xbc2b, 0x9369, 0x7aa7, 0x7aa7, 0x9369, 0x59e5, 0x59e5,
    0x7aa7, 0x9369, 0x59e5, 0x7aa7, 0x7aa7, 0x9369, 0x8430, 0x59e5, 0x7aa7, 0xbc2b, 0x9369, 0x7aa7, 0x7aa7, 0x9369, 0x59e5, 0x59e5,
    0x7aa7, 0x9369, 0x59e5, 0x7aa7, 0x7aa7, 0x9369, 0x8430, 0x59e5, 0x7aa7, 0xbc2b, 0x9369, 0x7aa7, 0x7aa7, 0x9369, 0x59e5, 0x59e5,
    0x7aa7, 0x9369, 0x59e5, 0x7aa7, 0x7aa7, 0x9369, 0x8430, 0x59e5, 0x7aa7, 0xbc2b, 0x9369, 0x7aa7, 0x7aa7, 0x9369, 0x59e5, 0x59e5,
    0x7aa7, 0x9369, 0x59e5, 0x7aa7, 0x7aa7, 0x9369, 0x8430, 0x59e5, 0x7aa7, 0xbc2b, 0x9369, 0x7aa7, 0x7aa7, 0x9369, 0x59e5, 0x59e5,
    0x7aa7, 0x9369, 0x59e5, 0x7aa7, 0x7aa7, 0x9369, 0x8430, 0x59e5, 0x7aa7, 0xbc2b, 0x9369, 0x7aa7, 0x7aa7, 0x9369, 0x59e5, 0x59e5,
    0x7aa7, 0x9369, 0x59e5, 0x7aa7, 0x7aa7, 0x9369, 0x8430, 0x59e5, 0x7aa7, 0xbc2b, 0x9369, 0x7aa7, 0x7aa7, 0x9369, 0x59e5, 0x59e5,
    0x7aa7, 0x9369, 0x59e5, 0x7aa7, 0x7aa7, 0x9369, 0x8430, 0x59e5, 0x7aa7, 0xbc2b, 0x9369, 0x7aa7, 0x7aa7, 0x9369, 0x59e5, 0x59e5,
    0x7aa7, 0x9369, 0x59e5, 0x7aa7, 0x7aa7, 0x9369, 0x8430, 0x59e5, 0x7aa7, 0xbc2b, 0x9369, 0x7aa7, 0x7aa7, 0x9369, 0x59e5, 0x59e5,
    0x7aa7, 0x9369, 0x59e5, 0x7aa7, 0x7aa7, 0x9369, 0x8430, 0x59e5, 0x7aa7, 0xbc2b, 0x9369, 0x7aa7, 0x7aa7, 0x9369, 0x59e5, 0x59e5,
    0x7aa7, 0x9369, 0x59e5, 0x7aa7, 0x7aa7, 0x9369, 0x8430, 0x59e5, 0x7aa7, 0xbc2b, 0x9369, 0x7aa7, 0x7aa7, 0x9369, 0x59e5, 0x59e5,
    0x7aa7, 0x9369, 0x59e5, 0x7aa7, 0x7aa7, 0x9369, 0x8430, 0x59e5, 0x7aa7, 0xbc2b, 0x9369, 0x7aa7, 0x7aa7, 0x9369, 0x59e5, 0x59e5,
    0x7aa7, 0x9369, 0x59e5, 0x7aa7, 0x7aa7, 0x9369, 0x8430, 0x59e5, 0x7aa7, 0xbc2b, 0x9369, 0x7aa7, 0x7aa7, 0x9369, 0x59e5, 0x59e5,
    0x7aa7, 0x9369, 0x59e5, 0x7aa7, 0x7aa7, 0x9369, 0x8430, 0x59e5, 0x7aa7, 0xbc2b, 0x9369, 0x7aa7, 0x7aa7, 0x9369, 0x59e5, 0x59e5,
    0x7aa7, 0x9369, 0x59e5, 0x7aa7, 0x7aa7, 0x9369, 0x8430, 0x59e5, 0x7aa7, 0xbc2b, 0x9369, 0x7aa7, 0x7aa7, 0x9369, 0x59e5, 0x59e5,
    0xbc2b, 0x7aa7, 0x7aa7, 0x59e5, 0xbc2b, 0x7aa7, 0x7aa7, 0x7aa7, 0xbc2b, 0x7aa7, 0x7aa7, 0x7aa7, 0x59e5, 0x59e5, 0xbc2b, 0x7aa7,
    0xbc2b, 0x7aa7, 0x7aa7, 0x59e5, 0xbc2b, 0x7aa7, 0x7aa7, 0x7aa7, 0xbc2b, 0x7aa7, 0x7aa7, 0x7aa7, 0x59e5, 0x59e5, 0xbc2b, 0x7aa7,
    0xbc2b, 0x7aa7, 0x7aa7, 0x59e5, 0xbc2b, 0x7aa7, 0x7aa7, 0x7aa7, 0xbc2b, 0x7aa7, 0x7aa7, 0x7aa7, 0x59e5, 0x59e5, 0xbc2b, 0x7aa7,
    0xbc2b, 0x7aa7, 0x7aa7, 0x59e5, 0xbc2b, 0x7aa7, 0x7aa7, 0x7aa7, 0xbc2b, 0x7aa7, 0x7aa7, 0x7aa7, 0x59e5, 0x59e5, 0xbc2b, 0x7aa7,
    0xbc2b, 0x7aa7, 0x7aa7, 0x59e5, 0xbc2b, 0x7aa7, 0x7aa7, 0x7aa7, 0xbc2b, 0x7aa7, 0x7aa7, 0x7aa7, 0x59e5, 0x59e5, 0xbc2b, 0x7aa7,
    0xbc2b, 0x7aa7, 0x7aa7, 0x59e5, 0xbc2b, 0x7aa7, 0x7aa7, 0x7aa7, 0xbc2b, 0x7aa7, 0x7aa7, 0x7aa7, 0x59e5, 0x59e5, 0xbc2b, 0x7aa7,
    0xbc2b, 0x7aa7, 0x7aa7, 0x59e5, 0xbc2b, 0x7aa7, 0x7aa7, 0x7aa7, 0xbc2b, 0x7aa7, 0x7aa7, 0x7aa7, 0x59e5, 0x59e5, 0xbc2b, 0x7aa7,
    0xbc2b, 0x7aa7, 0x7aa7, 0x59e5, 0xbc2b, 0x7aa7, 0x7aa7, 0x7aa7, 0xbc2b, 0x7aa7, 0x7aa7, 0x7aa7, 0x59e5, 0x59e5, 0xbc2b, 0x7aa7,
    0xbc2b, 0x7aa7, 0x7aa7, 0x59e5, 0xbc2b, 0x7aa7, 0x7aa7, 0x7aa7, 0xbc2b, 0x7aa7, 0x7aa7, 0x7aa7, 0x59e5, 0x59e5, 0xbc2b, 0x7aa7,
    0xbc2b, 0x7aa7, 0x7aa7, 0x59e5, 0xbc2b, 0x7aa7, 0x7aa7, 0x7aa7, 0xbc2b, 0x7aa7, 0x7aa7, 0x7aa7, 0x59e5, 0x59e5, 0xbc2b, 0x7aa7,
    0xbc2b, 0x7aa7, 0x7aa7, 0x59e5, 0xbc2b, 0x7aa7, 0x7aa7, 0x7aa7, 0xbc2b, 0x7aa7, 0x7aa7, 0x7aa7, 0x59e5, 0x59e5, 0xbc2b, 0x7aa7,
    0xbc2b, 0x7aa7, 0x7aa7, 0x59e5, 0xbc2b, 0x7aa7, 0x7aa7, 0x7aa7, 0xbc2b, 0x7aa7, 0x7aa7, 0x7aa7, 0x59e5, 0x59e5, 0xbc2b, 0x7aa7,
    0xbc2b, 0x7aa7, 0x7aa7, 0x59e5, 0xbc2b, 0x7aa7, 0x7aa7, 0x7aa7, 0xbc2b, 0x7aa7, 0x7aa7, 0x7aa7, 0x59e5, 0x59e5, 0xbc2b, 0x7aa7,
    0xbc2b, 0x7aa7, 0x7aa7, 0x59e5, 0xbc2b, 0x7aa7, 0x7aa7, 0x7aa7, 0xbc2b, 0x7aa7, 0x7aa7, 0x7aa7, 0x59e5, 0x59e5, 0xbc2b, 0x7aa7,
    0xbc2b, 0x7aa7, 0x7aa7, 0x59e5, 0xbc2b, 0x7aa7, 0x7aa7, 0x7aa7, 0xbc2b, 0x7aa7, 0x7aa7, 0x7aa7, 0x59e5, 0x59e5, 0xbc2b, 0x7aa7,
    0xbc2b, 0x7aa7, 0x7aa7, 0x59e5, 0xbc2b, 0x7aa7, 0x7aa7, 0x7aa7, 0xbc2b, 0x7aa7, 0x7aa7, 0x7aa7, 0x59e5, 0x59e5, 0xbc2b, 0x7aa7,
    0xbc2b, 0x7aa7, 0x7aa7, 0x59e5, 0xbc2b, 0x7aa7, 0x7aa7, 0x7aa7, 0xbc2b, 0x7aa7, 0x7aa7, 0x7aa7, 0x59e5, 0x59e5, 0xbc2b, 0x7aa7,
    0xbc2b, 0x7aa7, 0x7aa7, 0x59e5, 0xbc2b, 0x7aa7, 0x7aa7, 0x7aa7, 0xbc2b, 0x7aa7, 0x7aa7, 0x7aa7, 0x59e5, 0x59e5, 0xbc2b, 0x7aa7,
    0xbc2b, 0x7aa7, 0x7aa7, 0x59e5, 0xbc2b, 0x7aa7, 0x7aa7, 0x7aa7, 0xbc2b, 0x7aa7, 0x7aa7, 0x7aa7, 0x59e5, 0x59e5, 0xbc2b, 0x7aa7,
    0xbc2b, 0x7aa7, 0x7aa7, 0x59e5, 0xbc2b, 0x7aa7, 0x7aa7, 0x7aa7, 0xbc2b, 0x7aa7, 0x7aa7, 0x7aa7, 0x59e5, 0x59e5, 0xbc2b, 0x7aa7,
    0x9369, 0x6b6d, 0xbc2b, 0x7aa7, 0x9369, 0x59e5, 0x7aa7, 0xbc2b, 0x9369, 0x9369, 0x7aa7, 0x9369, 0x7aa7, 0xbc2b, 0x9369, 0x7aa7,
    0x9369, 0x6b6d, 0xbc2b, 0x7aa7, 0x9369, 0x59e5, 0x7aa7, 0xbc2b, 0x9369, 0x9369, 0x7aa7, 0x9369, 0x7aa7, 0xbc2b, 0x9369, 0x7aa7,
    0x9369, 0x6b6d, 0xbc2b, 0x7aa7, 0x9369, 0x59e5, 0x7aa7, 0xbc2b, 0x9369, 0x9369, 0x7aa7, 0x9369, 0x7aa7, 0xbc2b, 0x9369, 0x7aa7,
    0x9369, 0x6b6d, 0xbc2b, 0x7aa7, 0x9369, 0x59e5, 0x7aa7, 0xbc2b, 0x9369, 0x9369, 0x7aa7, 0x9369, 0x7aa7, 0xbc2b, 0x9369, 0x7aa7,
    0x9369, 0x6b6d, 0xbc2b, 0x7aa7, 0x9369, 0x59e5, 0x7aa7, 0xbc2b, 0x9369, 0x9369, 0x7aa7, 0x9369, 0x7aa7, 0xbc2b, 0x9369, 0x7aa7,
    0x9369, 0x6b6d, 0xbc2b, 0x7aa7, 0x9369, 0x59e5, 0x7aa7, 0xbc2b, 0x9369, 0x9369, 0x7aa7, 0x9369, 0x7aa7, 0xbc2b, 0x9369, 0x7aa7,
    0x9369, 0x6b6d, 0xbc2b, 0x7aa7, 0x9369, 0x59e5, 0x7aa7, 0xbc2b, 0x9369, 0x9369, 0x7aa7, 0x9369, 0x7aa7, 0xbc2b, 0x9369, 0x7aa7,
    0x9369, 0x6b6d, 0xbc2b, 0x7aa7, 0x9369, 0x59e5, 0x7aa7, 0xbc2b, 0x9369, 0x9369, 0x7aa7, 0x9369, 0x7aa7, 0xbc2b, 0x9369, 0x7aa7,
    0x9369, 0x6b6d, 0xbc2b, 0x7aa7, 0x9369, 0x59e5, 0x7aa7, 0xbc2b, 0x9369, 0x9369, 0x7aa7, 0x9369, 0x7aa7, 0xbc2b, 0x9369, 0x7aa7,
    0x9369, 0x6b6d, 0xbc2b, 0x7aa7, 0x9369, 0x59e5, 0x7aa7, 0xbc2b, 0x9369, 0x9369, 0x7aa7, 0x9369, 0x7aa7, 0xbc2b, 0x9369, 0x7aa7,
    0x9369, 0x6b6d, 0xbc2b, 0x7aa7, 0x9369, 0x59e5, 0x7aa7, 0xbc2b, 0x9369, 0x9369, 0x7aa7, 0x9369, 0x7aa7, 0xbc2b, 0x9369, 0x7aa7,
    0x9369, 0x6b6d, 0xbc2b, 0x7aa7, 0x9369, 0x59e5, 0x7aa7, 0xbc2b, 0x9369, 0x9369, 0x7aa7, 0x9369, 0x7aa7, 0xbc2b, 0x9369, 0x7aa7,
    0x9369, 0x6b6d, 0xbc2b, 0x7aa7, 0x9369, 0x59e5, 0x7aa7, 0xbc2b, 0x9369, 0x9369, 0x7aa7, 0x9369, 0x7aa7, 0xbc2b, 0x9369, 0x7aa7,
    0x9369, 0x6b6d, 0xbc2b, 0x7aa7, 0x9369, 0x59e5, 0x7aa7, 0xbc2b, 0x9369, 0x9369, 0x7aa7, 0x9369, 0x7aa7, 0xbc2b, 0x9369, 0x7aa7,
    0x9369, 0x6b6d, 0xbc2b, 0x7aa7, 0x9369, 0x59e5, 0x7aa7, 0xbc2b, 0x9369, 0x9369, 0x7aa7, 0x9369, 0x7aa7, 0xbc2b, 0x9369, 0x7aa7,
    0x9369, 0x6b6d, 0xbc2b, 0x7aa7, 0x9369, 0x59e5, 0x7aa7, 0xbc2b, 0x9369, 0x9369, 0x7aa7, 0x9369, 0x7aa7, 0xbc2b, 0x9369, 0x7aa7,
    0x9369, 0x6b6d, 0xbc2b, 0x7aa7, 0x9369, 0x59e5, 0x7aa7, 0xbc2b, 0x9369, 0x9369, 0x7aa7, 0x9369, 0x7aa7, 0xbc2b, 0x9369, 0x7aa7,
    0x9369, 0x6b6d, 0xbc2b, 0x7aa7, 0x9369, 0x59e5, 0x7aa7, 0xbc2b, 0x9369, 0x9369, 0x7aa7, 0x9369, 0x7aa7, 0xbc2b, 0x9369, 0x7aa7,
    0x9369, 0x6b6d, 0xbc2b, 0x7aa7, 0x9369, 0x59e5, 0x7aa7, 0xbc2b, 0x9369, 0x9369, 0x7aa7, 0x9369, 0x7aa7, 0xbc2b, 0x9369, 0x7aa7,
    0x9369, 0x6b6d, 0xbc2b, 0x7aa7, 0x9369, 0x59e5, 0x7aa7, 0xbc2b, 0x9369, 0x9369, 0x7aa7, 0x9369, 0x7aa7, 0xbc2b, 0x9369, 0x7aa7,
    0x9369, 0x7aa7, 0x9369, 0xbc2b, 0x59e5, 0x9369, 0x7aa7, 0x7aa7, 0x9369, 0x59e5, 0x7aa7, 0x6b6d, 0x7aa7, 0x9369, 0x59e5, 0x7aa7,
    0x9369, 0x7aa7, 0x9369, 0xbc2b, 0x59e5, 0x9369, 0x7aa7, 0x7aa7, 0x9369, 0x59e5, 0x7aa7, 0x6b6d, 0x7aa7, 0x9369, 0x59e5, 0x7aa7,
    0x9369, 0x7aa7, 0x9369, 0xbc2b, 0x59e5, 0x9369, 0x7aa7, 0x7aa7, 0x9369, 0x59e5, 0x7aa7, 0x6b6d, 0x7aa7, 0x9369, 0x59e5, 0x7aa7,
    0x9369, 0x7aa7, 0x9369, 0xbc2b, 0x59e5, 0x9369, 0x7aa7, 0x7aa7, 0x9369, 0x59e5, 0x7aa7, 0x6b6d, 0x7aa7, 0x9369, 0x59e5, 0x7aa7,
    0x9369, 0x7aa7, 0x9369, 0xbc2b, 0x59e5, 0x9369, 0x7aa7, 0x7aa7, 0x9369, 0x59e5, 0x7aa7, 0x6b6d, 0x7aa7, 0x9369, 0x59e5, 0x7aa7,
    0x9369, 0x7aa7, 0x9369, 0xbc2b, 0x59e5, 0x9369, 0x7aa7, 0x7aa7, 0x9369, 0x59e5, 0x7aa7, 0x6b6d, 0x7aa7, 0x9369, 0x59e5, 0x7aa7,
    0x9369, 0x7aa7, 0x9369, 0xbc2b, 0x59e5, 0x9369, 0x7aa7, 0x7aa7, 0x9369, 0x59e5, 0x7aa7, 0x6b6d, 0x7aa7, 0x9369, 0x59e5, 0x7aa7,
    0x9369, 0x7aa7, 0x9369, 0xbc2b, 0x59e5, 0x9369, 0x7aa7, 0x7aa7, 0x9369, 0x59e5, 0x7aa7, 0x6b6d, 0x7aa7, 0x9369, 0x59e5, 0x7aa7,
    0x9369, 0x7aa7, 0x9369, 0xbc2b, 0x59e5, 0x9369, 0x7aa7, 0x7aa7, 0x9369, 0x59e5, 0x7aa7, 0x6b6d, 0x7aa7, 0x9369, 0x59e5, 0x7aa7,
    0x9369, 0x7aa7, 0x9369, 0xbc2b, 0x59e5, 0x9369, 0x7aa7, 0x7aa7, 0x9369, 0x59e5, 0x7aa7, 0x6b6d, 0x7aa7, 0x9369, 0x59e5, 0x7aa7,
    0x9369, 0x7aa7, 0x9369, 0xbc2b, 0x59e5, 0x9369, 0x7aa7, 0x7aa7, 0x9369, 0x59e5, 0x7aa7, 0x6b6d, 0x7aa7, 0x9369, 0x59e5, 0x7aa7,
    0x9369, 0x7aa7, 0x9369, 0xbc2b, 0x59e5, 0x9369, 0x7aa7, 0x7aa7, 0x9369, 0x59e5, 0x7aa7, 0x6b6d, 0x7aa7, 0x9369, 0x59e5, 0x7aa7,
    0x9369, 0x7aa7, 0x9369, 0xbc2b, 0x59e5, 0x9369, 0x7aa7, 0x7aa7, 0x9369, 0x59e5, 0x7aa7, 0x6b6d, 0x7aa7, 0x9369, 0x59e5, 0x7aa7,
    0x9369, 0x7aa7, 0x9369, 0xbc2b, 0x59e5, 0x9369, 0x7aa7, 0x7aa7, 0x9369, 0x59e5, 0x7aa7, 0x6b6d, 0x7aa7, 0x9369, 0x59e5, 0x7aa7,
    0x9369, 0x7aa7, 0x9369, 0xbc2b, 0x59e5, 0x9369, 0x7aa7, 0x7aa7, 0x9369, 0x59e5, 0x7aa7, 0x6b6d, 0x7aa7, 0x9369, 0x59e5, 0x7aa7,
    0x9369, 0x7aa7, 0x9369, 0xbc2b, 0x59e5, 0x9369, 0x7aa7, 0x7aa7, 0x9369, 0x59e5, 0x7aa7, 0x6b6d, 0x7aa7, 0x9369, 0x59e5, 0x7aa7,
    0x9369, 0x7aa7, 0x9369, 0xbc2b, 0x59e5, 0x9369, 0x7aa7, 0x7aa7, 0x9369, 0x59e5, 0x7aa7, 0x6b6d, 0x7aa7, 0x9369, 0x59e5, 0x7aa7,
    0x9369, 0x7aa7, 0x9369, 0xbc2b, 0x59e5, 0x9369, 0x7aa7, 0x7aa7, 0x9369, 0x59e5, 0x7aa7, 0x6b6d, 0x7aa7, 0x9369, 0x59e5, 0x7aa7,
    0x9369, 0x7aa7, 0x9369, 0xbc2b, 0x59e5, 0x9369, 0x7aa7, 0x7aa7, 0x9369, 0x59e5, 0x7aa7, 0x6b6d, 0x7aa7, 0x9369, 0x59e5, 0x7aa7,
    0x9369, 0x7aa7, 0x9369, 0xbc2b, 0x59e5, 0x9369, 0x7aa7, 0x7aa7, 0x9369, 0x59e5, 0x7aa7, 0x6b6d, 0x7aa7, 0x9369, 0x59e5, 0x7aa7,
    0x7aa7, 0x59e5, 0x9369, 0x9369, 0x7aa7, 0x9369, 0x59e5, 0x59e5, 0x59e5, 0x7aa7, 0x7aa7, 0x59e5, 0x7aa7, 0x7aa7, 0x7aa7, 0xbc2b,
    0x7aa7, 0x59e5, 0x9369, 0x9369, 0x7aa7, 0x9369, 0x59e5, 0x59e5, 0x59e5, 0x7aa7, 0x7aa7, 0x59e5, 0x7aa7, 0x7aa7, 0x7aa7, 0xbc2b,
    0x7aa7, 0x59e5, 0x9369, 0x9369, 0x7aa7, 0x9369, 0x59e5, 0x59e5, 0x59e5, 0x7aa7, 0x7aa7, 0x59e5, 0x7aa7, 0x7aa7, 0x7aa7, 0xbc2b,
    0x7aa7, 0x59e5, 0x9369, 0x9369, 0x7aa7, 0x9369, 0x59e5, 0x59e5, 0x59e5, 0x7aa7, 0x7aa7, 0x59e5, 0x7aa7, 0x7aa7, 0x7aa7, 0xbc2b,
    0x7aa7, 0x59e5, 0x9369, 0x9369, 0x7aa7, 0x9369, 0x59e5, 0x59e5, 0x59e5, 0x7aa7, 0x7aa7, 0x59e5, 0x7aa7, 0x7aa7, 0x7aa7, 0xbc2b,
    0x7aa7, 0x59e5, 0x9369, 0x9369, 0x7aa7, 0x9369, 0x59e5, 0x59e5, 0x59e5, 0x7aa7, 0x7aa7, 0x59e5, 0x7aa7, 0x7aa7, 0x7aa7, 0xbc2b,
    0x7aa7, 0x59e5, 0x9369, 0x9369, 0x7aa7, 0x9369, 0x59e5, 0x59e5, 0x59e5, 0x7aa7, 0x7aa7, 0x59e5, 0x7aa7, 0x7aa7, 0x7aa7, 0xbc2b,
    0x7aa7, 0x59e5, 0x9369, 0x9369, 0x7aa7, 0x9369, 0x59e5, 0x59e5, 0x59e5, 0x7aa7, 0x7aa7, 0x59e5, 0x7aa7, 0x7aa7, 0x7aa7, 0xbc2b,
    0x7aa7, 0x59e5, 0x9369, 0x9369, 0x7aa7, 0x9369, 0x59e5, 0x59e5, 0x59e5, 0x7aa7, 0x7aa7, 0x59e5, 0x7aa7, 0x7aa7, 0x7aa7, 0xbc2b,
    0x7aa7, 0x59e5, 0x9369, 0x9369, 0x7aa7, 0x9369, 0x59e5, 0x59e5, 0x59e5, 0x7aa7, 0x7aa7, 0x59e5, 0x7aa7, 0x7aa7, 0x7aa7, 0xbc2b,
    0x7aa7, 0x59e5, 0x9369, 0x9369, 0x7aa7, 0x9369, 0x59e5, 0x59e5, 0x59e5, 0x7aa7, 0x7aa7, 0x59e5, 0x7aa7, 0x7aa7, 0x7aa7, 0xbc2b,
    0x7aa7, 0x59e5, 0x9369, 0x9369, 0x7aa7, 0x9369, 0x59e5, 0x59e5, 0x59e5, 0x7aa7, 0x7aa7, 0x59e5, 0x7aa7, 0x7aa7, 0x7aa7, 0xbc2b,
    0x7aa7, 0x59e5, 0x9369, 0x9369, 0x7aa7, 0x9369, 0x59e5, 0x59e5, 0x59e5, 0x7aa7, 0x7aa7, 0x59e5, 0x7aa7, 0x7aa7, 0x7aa7, 0xbc2b,
    0x7aa7, 0x59e5, 0x9369, 0x9369, 0x7aa7, 0x9369, 0x59e5, 0x59e5, 0x59e5, 0x7aa7, 0x7aa7, 0x59e5, 0x7aa7, 0x7aa7, 0x7aa7, 0xbc2b,
    0x7aa7, 0x59e5, 0x9369, 0x9369, 0x7aa7, 0x9369, 0x59e5, 0x59e5, 0x59e5, 0x7aa7, 0x7aa7, 0x59e5, 0x7aa7, 0x7aa7, 0x7aa7, 0xbc2b,
    0x7aa7, 0x59e5, 0x9369, 0x9369, 0x7aa7, 0x9369, 0x59e5, 0x59e5, 0x59e5, 0x7aa7, 0x7aa7, 0x59e5, 0x7aa7, 0x7aa7, 0x7aa7, 0xbc2b,
    0x7aa7, 0x59e5, 0x9369, 0x9369, 0x7aa7, 0x9369, 0x59e5, 0x59e5, 0x59e5, 0x7aa7, 0x7aa7, 0x59e5, 0x7aa7, 0x7aa7, 0x7aa7, 0xbc2b,
    0x7aa7, 0x59e5, 0x9369, 0x9369, 0x7aa7, 0x9369, 0x59e5, 0x59e5, 0x59e5, 0x7aa7, 0x7aa7, 0x59e5, 0x7aa7, 0x7aa7, 0x7aa7, 0xbc2b,
    0x7aa7, 0x59e5, 0x9369, 0x9369, 0x7aa7, 0x9369, 0x59e5, 0x59e5, 0x59e5, 0x7aa7, 0x7aa7, 0x59e5, 0x7aa7, 0x7aa7, 0x7aa7, 0xbc2b,
    0x7aa7, 0x59e5, 0x9369, 0x9369, 0x7aa7, 0x9369, 0x59e5, 0x59e5, 0x59e5, 0x7aa7, 0x7aa7, 0x59e5, 0x7aa7, 0x7aa7, 0x7aa7, 0xbc2b,
    0xbc2b, 0x59e5, 0x7aa7, 0x7aa7, 0x8430, 0x7aa7, 0x7aa7, 0xbc2b, 0xbc2b, 0x7aa7, 0xbc2b, 0xbc2b, 0x7aa7, 0x9369, 0x7aa7, 0x9369,
    0xbc2b, 0x59e5, 0x7aa7, 0x7aa7, 0x8430, 0x7aa7, 0x7aa7, 0xbc2b, 0xbc2b, 0x7aa7, 0xbc2b, 0xbc2b, 0x7aa7, 0x9369, 0x7aa7, 0x9369,
    0xbc2b, 0x59e5, 0x7aa7, 0x7aa7, 0x8430, 0x7aa7, 0x7aa7, 0xbc2b, 0xbc2b, 0x7aa7, 0xbc2b, 0xbc2b, 0x7aa7, 0x9369, 0x7aa7, 0x9369,
    0xbc2b, 0x59e5, 0x7aa7, 0x7aa7, 0x8430, 0x7aa7, 0x7aa7, 0xbc2b, 0xbc2b, 0x7aa7, 0xbc2b, 0xbc2b, 0x7aa7, 0x9369, 0x7aa7, 0x9369,
    0xbc2b, 0x59e5, 0x7aa7, 0x7aa7, 0x8430, 0x7aa7, 0x7aa7, 0xbc2b, 0xbc2b, 0x7aa7, 0xbc2b, 0xbc2b, 0x7aa7, 0x9369, 0x7aa7, 0x9369,
    0xbc2b, 0x59e5, 0x7aa7, 0x7aa7, 0x8430, 0x7aa7, 0x7aa7, 0xbc2b, 0xbc2b, 0x7aa7, 0xbc2b, 0xbc2b, 0x7aa7, 0x9369, 0x7aa7, 0x9369,
    0xbc2b, 0x59e5, 0x7aa7, 0x7aa7, 0x8430, 0x7aa7, 0x7aa7, 0xbc2b, 0xbc2b, 0x7aa7, 0xbc2b, 0xbc2b, 0x7aa7, 0x9369, 0x7aa7, 0x9369,
    0xbc2b, 0x59e5, 0x7aa7, 0x7aa7, 0x8430, 0x7aa7, 0x7aa7, 0xbc2b, 0xbc2b, 0x7aa7, 0xbc2b, 0xbc2b, 0x7aa7, 0x9369, 0x7aa7, 0x9369,
    0xbc2b, 0x59e5, 0x7aa7, 0x7aa7, 0x8430, 0x7aa7, 0x7aa7, 0xbc2b, 0xbc2b, 0x7aa7, 0xbc2b, 0xbc2b, 0x7aa7, 0x9369, 0x7aa7, 0x9369,
    0xbc2b, 0x59e5, 0x7aa7, 0x7aa7, 0x8430, 0x7aa7, 0x7aa7, 0xbc2b, 0xbc2b, 0x7aa7, 0xbc2b, 0xbc2b, 0x7aa7, 0x9369, 0x7aa7, 0x9369,
    0xbc2b, 0x59e5, 0x7aa7, 0x7aa7, 0x8430, 0x7aa7, 0x7aa7, 0xbc2b, 0xbc2b, 0x7aa7, 0xbc2b, 0xbc2b, 0x7aa7, 0x9369, 0x7aa7, 0x9369,
    0xbc2b, 0x59e5, 0x7aa7, 0x7aa7, 0x8430, 0x7aa7, 0x7aa7, 0xbc2b, 0xbc2b, 0x7aa7, 0xbc2b, 0xbc2b, 0x7aa7, 0x9369, 0x7aa7, 0x9369,
    0xbc2b, 0x59e5, 0x7aa7, 0x7aa7, 0x8430, 0x7aa7, 0x7aa7, 0xbc2b, 0xbc2b, 0x7aa7, 0xbc2b, 0xbc2b, 0x7aa7, 0x9369, 0x7aa7, 0x9369,
    0xbc2b, 0x59e5, 0x7aa7, 0x7aa7, 0x8430, 0x7aa7, 0x7aa7, 0xbc2b, 0xbc2b, 0x7aa7, 0xbc2b, 0xbc2b, 0x7aa7, 0x9369, 0x7aa7, 0x9369,
    0xbc2b, 0x59e5, 0x7aa7, 0x7aa7, 0x8430, 0x7aa7, 0x7aa7, 0xbc2b, 0xbc2b, 0x7aa7, 0xbc2b, 0xbc2b, 0x7aa7, 0x9369, 0x7aa7, 0x9369,
    0xbc2b, 0x59e5, 0x7aa7, 0x7aa7, 0x8430, 0x7aa7, 0x7aa7, 0xbc2b, 0xbc2b, 0x7aa7, 0xbc2b, 0xbc2b, 0x7aa7, 0x9369, 0x7aa7, 0x9369,
    0xbc2b, 0x59e5, 0x7aa7, 0x7aa7, 0x8430, 0x7aa7, 0x7aa7, 0xbc2b, 0xbc2b, 0x7aa7, 0xbc2b, 0xbc2b, 0x7aa7, 0x9369, 0x7aa7, 0x9369,
    0xbc2b, 0x59e5, 0x7aa7, 0x7aa7, 0x8430, 0x7aa7, 0x7aa7, 0xbc2b, 0xbc2b, 0x7aa7, 0xbc2b, 0xbc2b, 0x7aa7, 0x9369, 0x7aa7, 0x9369,
    0xbc2b, 0x59e5, 0x7aa7, 0x7aa7, 0x8430, 0x7aa7, 0x7aa7, 0xbc2b, 0xbc2b, 0x7aa7, 0xbc2b, 0xbc2b, 0x7aa7, 0x9369, 0x7aa7, 0x9369,
    0xbc2b, 0x59e5, 0x7aa7, 0x7aa7, 0x8430, 0x7aa7, 0x7aa7, 0xbc2b, 0xbc2b, 0x7aa7, 0xbc2b, 0xbc2b, 0x7aa7, 0x9369, 0x7aa7, 0x9369,
    0xbc2b, 0x7aa7, 0xbc2b, 0xbc2b, 0x9369, 0x9369, 0x7aa7, 0x7aa7, 0x9369, 0x59e5, 0x9369, 0x9369, 0x7aa7, 0x7aa7, 0x9369, 0x9369,
    0xbc2b, 0x7aa7, 0xbc2b, 0xbc2b, 0x9369, 0x9369, 0x7aa7, 0x7aa7, 0x9369, 0x59e5, 0x9369, 0x9369, 0x7aa7, 0x7aa7, 0x9369, 0x9369,
    0xbc2b, 0x7aa7, 0xbc2b, 0xbc2b, 0x9369, 0x9369, 0x7aa7, 0x7aa7, 0x9369, 0x59e5, 0x9369, 0x9369, 0x7aa7, 0x7aa7, 0x9369, 0x9369,
    0xbc2b, 0x7aa7, 0xbc2b, 0xbc2b, 0x9369, 0x9369, 0x7aa7, 0x7aa7, 0x9369, 0x59e5, 0x9369, 0x9369, 0x7aa7, 0x7aa7, 0x9369, 0x9369,
    0xbc2b, 0x7aa7, 0xbc2b, 0xbc2b, 0x9369, 0x9369, 0x7aa7, 0x7aa7, 0x9369, 0x59e5, 0x9369, 0x9369, 0x7aa7, 0x7aa7, 0x9369, 0x9369,
    0xbc2b, 0x7aa7, 0xbc2b, 0xbc2b, 0x9369, 0x9369, 0x7aa7, 0x7aa7, 0x9369, 0x59e5, 0x9369, 0x9369, 0x7aa7, 0x7aa7, 0x9369, 0x9369,
    0xbc2b, 0x7aa7, 0xbc2b, 0xbc2b, 0x9369, 0x9369, 0x7aa7, 0x7aa7, 0x9369, 0x59e5, 0x9369, 0x9369, 0x7aa7, 0x7aa7, 0x9369, 0x9369,
    0xbc2b, 0x7aa7, 0xbc2b, 0xbc2b, 0x9369, 0x9369, 0x7aa7, 0x7aa7, 0x9369, 0x59e5, 0x9369, 0x9369, 0x7aa7, 0x7aa7, 0x9369, 0x9369,
    0xbc2b, 0x7aa7, 0xbc2b, 0xbc2b, 0x9369, 0x9369, 0x7aa7, 0x7aa7, 0x9369, 0x59e5, 0x9369, 0x9369, 0x7aa7, 0x7aa7, 0x9369, 0x9369,
    0xbc2b, 0x7aa7, 0xbc2b, 0xbc2b, 0x9369, 0x9369, 0x7aa7, 0x7aa7, 0x9369, 0x59e5, 0x9369, 0x9369, 0x7aa7, 0x7aa7, 0x9369, 0x9369,
    0xbc2b, 0x7aa7, 0xbc2b, 0xbc2b, 0x9369, 0x9369, 0x7aa7, 0x7aa7, 0x9369, 0x59e5, 0x9369, 0x9369, 0x7aa7, 0x7aa7, 0x9369, 0x9369,
    0xbc2b, 0x7aa7, 0xbc2b, 0xbc2b, 0x9369, 0x9369, 0x7aa7, 0x7aa7, 0x9369, 0x59e5, 0x9369, 0x9369, 0x7aa7, 0x7aa7, 0x9369, 0x9369,
    0xbc2b, 0x7aa7, 0xbc2b, 0xbc2b, 0x9369, 0x9369, 0x7aa7, 0x7aa7, 0x9369, 0x59e5, 0x9369, 0x9369, 0x7aa7, 0x7aa7, 0x9369, 0x9369,
    0xbc2b, 0x7aa7, 0xbc2b, 0xbc2b, 0x9369, 0x9369, 0x7aa7, 0x7aa7, 0x9369, 0x59e5, 0x9369, 0x9369, 0x7aa7, 0x7aa7, 0x9369, 0x9369,
    0xbc2b, 0x7aa7, 0xbc2b, 0xbc2b, 0x9369, 0x9369, 0x7aa7, 0x7aa7, 0x9369, 0x59e5, 0x9369, 0x9369, 0x7aa7, 0x7aa7, 0x9369, 0x9369,
    0xbc2b, 0x7aa7, 0xbc2b, 0xbc2b, 0x9369, 0x9369, 0x7aa7, 0x7aa7, 0x9369, 0x59e5, 0x9369, 0x9369, 0x7aa7, 0x7aa7, 0x9369, 0x9369,
    0xbc2b, 0x7aa7, 0xbc2b, 0xbc2b, 0x9369, 0x9369, 0x7aa7, 0x7aa7, 0x9369, 0x59e5, 0x9369, 0x9369, 0x7aa7, 0x7aa7, 0x9369, 0x9369,
    0xbc2b, 0x7aa7, 0xbc2b, 0xbc2b, 0x9369, 0x9369, 0x7aa7, 0x7aa7, 0x9369, 0x59e5, 0x9369, 0x9369, 0x7aa7, 0x7aa7, 0x9369, 0x9369,
    0xbc2b, 0x7aa7, 0xbc2b, 0xbc2b, 0x9369, 0x9369, 0x7aa7, 0x7aa7, 0x9369, 0x59e5, 0x9369, 0x9369, 0x7aa7, 0x7aa7, 0x9369, 0x9369,
    0xbc2b, 0x7aa7, 0xbc2b, 0xbc2b, 0x9369, 0x9369, 0x7aa7, 0x7aa7, 0x9369, 0x59e5, 0x9369, 0x9369, 0x7aa7, 0x7aa7, 0x9369, 0x9369,
    0x9369, 0x7aa7, 0x7aa7, 0x9369, 0x7aa7, 0x9369, 0x7aa7, 0x59e5, 0x7aa7, 0x9369, 0x9369, 0x7aa7, 0x7aa7, 0x7aa7, 0x59e5, 0x7aa7,
    0x9369, 0x7aa7, 0x7aa7, 0x9369, 0x7aa7, 0x9369, 0x7aa7, 0x59e5, 0x7aa7, 0x9369, 0x9369, 0x7aa7, 0x7aa7, 0x7aa7, 0x59e5, 0x7aa7,
    0x9369, 0x7aa7, 0x7aa7, 0x9369, 0x7aa7, 0x9369, 0x7aa7, 0x59e5, 0x7aa7, 0x9369, 0x9369, 0x7aa7, 0x7aa7, 0x7aa7, 0x59e5, 0x7aa7,
    0x9369, 0x7aa7, 0x7aa7, 0x9369, 0x7aa7, 0x9369, 0x7aa7, 0x59e5, 0x7aa7, 0x9369, 0x9369, 0x7aa7, 0x7aa7, 0x7aa7, 0x59e5, 0x7aa7,
    0x9369, 0x7aa7, 0x7aa7, 0x9369, 0x7aa7, 0x9369, 0x7aa7, 0x59e5, 0x7aa7, 0x9369, 0x9369, 0x7aa7, 0x7aa7, 0x7aa7, 0x59e5, 0x7aa7,
    0x9369, 0x7aa7, 0x7aa7, 0x9369, 0x7aa7, 0x9369, 0x7aa7, 0x59e5, 0x7aa7, 0x9369, 0x9369, 0x7aa7, 0x7aa7, 0x7aa7, 0x59e5, 0x7aa7,
    0x9369, 0x7aa7, 0x7aa7, 0x9369, 0x7aa7, 0x9369, 0x7aa7, 0x59e5, 0x7aa7, 0x9369, 0x9369, 0x7aa7, 0x7aa7, 0x7aa7, 0x59e5, 0x7aa7,
    0x9369, 0x7aa7, 0x7aa7, 0x9369, 0x7aa7, 0x9369, 0x7aa7, 0x59e5, 0x7aa7, 0x9369, 0x9369, 0x7aa7, 0x7aa7, 0x7aa7, 0x59e5, 0x7aa7,
    0x9369, 0x7aa7, 0x7aa7, 0x9369, 0x7aa7, 0x9369, 0x7aa7, 0x59e5, 0x7aa7, 0x9369, 0x9369, 0x7aa7, 0x7aa7, 0x7aa7, 0x59e5, 0x7aa7,
    0x9369, 0x7aa7, 0x7aa7, 0x9369, 0x7aa7, 0x9369, 0x7aa7, 0x59e5, 0x7aa7, 0x9369, 0x9369, 0x7aa7, 0x7aa7, 0x7aa7, 0x59e5, 0x7aa7,
    0x9369, 0x7aa7, 0x7aa7, 0x9369, 0x7aa7, 0x9369, 0x7aa7, 0x59e5, 0x7aa7, 0x9369, 0x9369, 0x7aa7, 0x7aa7, 0x7aa7, 0x59e5, 0x7aa7,
    0x9369, 0x7aa7, 0x7aa7, 0x9369, 0x7aa7, 0x9369, 0x7aa7, 0x59e5, 0x7aa7, 0x9369, 0x9369, 0x7aa7, 0x7aa7, 0x7aa7, 0x59e5, 0x7aa7,
    0x9369, 0x7aa7, 0x7aa7, 0x9369, 0x7aa7, 0x9369, 0x7aa7, 0x59e5, 0x7aa7, 0x9369, 0x9369, 0x7aa7, 0x7aa7, 0x7aa7, 0x59e5, 0x7aa7,
    0x9369, 0x7aa7, 0x7aa7, 0x9369, 0x7aa7, 0x9369, 0x7aa7, 0x59e5, 0x7aa7, 0x9369, 0x9369, 0x7aa7, 0x7aa7, 0x7aa7, 0x59e5, 0x7aa7,
    0x9369, 0x7aa7, 0x7aa7, 0x9369, 0x7aa7, 0x9369, 0x7aa7, 0x59e5, 0x7aa7, 0x9369, 0x9369, 0x7aa7, 0x7aa7, 0x7aa7, 0x59e5, 0x7aa7,
    0x9369, 0x7aa7, 0x7aa7, 0x9369, 0x7aa7, 0x9369, 0x7aa7, 0x59e5, 0x7aa7, 0x9369, 0x9369, 0x7aa7, 0x7aa7, 0x7aa7, 0x59e5, 0x7aa7,
    0x9369, 0x7aa7, 0x7aa7, 0x9369, 0x7aa7, 0x9369, 0x7aa7, 0x59e5, 0x7aa7, 0x9369, 0x9369, 0x7aa7, 0x7aa7, 0x7aa7, 0x59e5, 0x7aa7,
    0x9369, 0x7aa7, 0x7aa7, 0x9369, 0x7aa7, 0x9369, 0x7aa7, 0x59e5, 0x7aa7, 0x9369, 0x9369, 0x7aa7, 0x7aa7, 0x7aa7, 0x59e5, 0x7aa7,
    0x9369, 0x7aa7, 0x7aa7, 0x9369, 0x7aa7, 0x9369, 0x7aa7, 0x59e5, 0x7aa7, 0x9369, 0x9369, 0x7aa7, 0x7aa7, 0x7aa7, 0x59e5, 0x7aa7,
    0x9369, 0x7aa7, 0x7aa7, 0x9369, 0x7aa7, 0x9369, 0x7aa7, 0x59e5, 0x7aa7, 0x9369, 0x9369, 0x7aa7, 0x7aa7, 0x7aa7, 0x59e5, 0x7aa7,
    0x9369, 0x9369, 0x59e5, 0x7aa7, 0x7aa7, 0x59e5, 0x59e5, 0x7aa7, 0x7aa7, 0x7aa7, 0x7aa7, 0x7aa7, 0xbc2b, 0xbc2b, 0x7aa7, 0x9369,
    0x9369, 0x9369, 0x59e5, 0x7aa7, 0x7aa7, 0x59e5, 0x59e5, 0x7aa7, 0x7aa7, 0x7aa7, 0x7aa7, 0x7aa7, 0xbc2b, 0xbc2b, 0x7aa7, 0x9369,
    0x9369, 0x9369, 0x59e5, 0x7aa7, 0x7aa7, 0x59e5, 0x59e5, 0x7aa7, 0x7aa7, 0x7aa7, 0x7aa7, 0x7aa7, 0xbc2b, 0xbc2b, 0x7aa7, 0x9369,
    0x9369, 0x9369, 0x59e5, 0x7aa7, 0x7aa7, 0x59e5, 0x59e5, 0x7aa7, 0x7aa7, 0x7aa7, 0x7aa7, 0x7aa7, 0xbc2b, 0xbc2b, 0x7aa7, 0x9369,
    0x9369, 0x9369, 0x59e5, 0x7aa7, 0x7aa7, 0x59e5, 0x59e5, 0x7aa7, 0x7aa7, 0x7aa7, 0x7aa7, 0x7aa7, 0xbc2b, 0xbc2b, 0x7aa7, 0x9369,
    0x9369, 0x9369, 0x59e5, 0x7aa7, 0x7aa7, 0x59e5, 0x59e5, 0x7aa7, 0x7aa7, 0x7aa7, 0x7aa7, 0x7aa7, 0xbc2b, 0xbc2b, 0x7aa7, 0x9369,
    0x9369, 0x9369, 0x59e5, 0x7aa7, 0x7aa7, 0x59e5, 0x59e5, 0x7aa7, 0x7aa7, 0x7aa7, 0x7aa7, 0x7aa7, 0xbc2b, 0xbc2b, 0x7aa7, 0x9369,
    0x9369, 0x9369, 0x59e5, 0x7aa7, 0x7aa7, 0x59e5, 0x59e5, 0x7aa7, 0x7aa7, 0x7aa7, 0x7aa7, 0x7aa7, 0xbc2b, 0xbc2b, 0x7aa7, 0x9369,
    0x9369, 0x9369, 0x59e5, 0x7aa7, 0x7aa7, 0x59e5, 0x59e5, 0x7aa7, 0x7aa7, 0x7aa7, 0x7aa7, 0x7aa7, 0xbc2b, 0xbc2b, 0x7aa7, 0x9369,
    0x9369, 0x9369, 0x59e5, 0x7aa7, 0x7aa7, 0x59e5, 0x59e5, 0x7aa7, 0x7aa7, 0x7aa7, 0x7aa7, 0x7aa7, 0xbc2b, 0xbc2b, 0x7aa7, 0x9369,
    0x9369, 0x9369, 0x59e5, 0x7aa7, 0x7aa7, 0x59e5, 0x59e5, 0x7aa7, 0x7aa7, 0x7aa7, 0x7aa7, 0x7aa7, 0xbc2b, 0xbc2b, 0x7aa7, 0x9369,
    0x9369, 0x9369, 0x59e5, 0x7aa7, 0x7aa7, 0x59e5, 0x59e5, 0x7aa7, 0x7aa7, 0x7aa7, 0x7aa7, 0x7aa7, 0xbc2b, 0xbc2b, 0x7aa7, 0x9369,
    0x9369, 0x9369, 0x59e5, 0x7aa7, 0x7aa7, 0x59e5, 0x59e5, 0x7aa7, 0x7aa7, 0x7aa7, 0x7aa7, 0x7aa7, 0xbc2b, 0xbc2b, 0x7aa7, 0x9369,
    0x9369, 0x9369, 0x59e5, 0x7aa7, 0x7aa7, 0x59e5, 0x59e5, 0x7aa7, 0x7aa7, 0x7aa7, 0x7aa7, 0x7aa7, 0xbc2b, 0xbc2b, 0x7aa7, 0x9369,
    0x9369, 0x9369, 0x59e5, 0x7aa7, 0x7aa7, 0x59e5, 0x59e5, 0x7aa7, 0x7aa7, 0x7aa7, 0x7aa7, 0x7aa7, 0xbc2b, 0xbc2b, 0x7aa7, 0x9369,
    0x9369, 0x9369, 0x59e5, 0x7aa7, 0x7aa7, 0x59e5, 0x59e5, 0x7aa7, 0x7aa7, 0x7aa7, 0x7aa7, 0x7aa7, 0xbc2b, 0xbc2b, 0x7aa7, 0x9369,
    0x9369, 0x9369, 0x59e5, 0x7aa7, 0x7aa7, 0x59e5, 0x59e5, 0x7aa7, 0x7aa7, 0x7aa7, 0x7aa7, 0x7aa7, 0xbc2b, 0xbc2b, 0x7aa7, 0x9369,
    0x9369, 0x9369, 0x59e5, 0x7aa7, 0x7aa7, 0x59e5, 0x59e5, 0x7aa7, 0x7aa7, 0x7aa7, 0x7aa7, 0x7aa7, 0xbc2b, 0xbc2b, 0x7aa7, 0x9369,
    0x9369, 0x9369, 0x59e5, 0x7aa7, 0x7aa7, 0x59e5, 0x59e5, 0x7aa7, 0x7aa7, 0x7aa7, 0x7aa7, 0x7aa7, 0xbc2b, 0xbc2b, 0x7aa7, 0x9369,
    0x9369, 0x9369, 0x59e5, 0x7aa7, 0x7aa7, 0x59e5, 0x59e5, 0x7aa7, 0x7aa7, 0x7aa7, 0x7aa7, 0x7aa7, 0xbc2b, 0xbc2b, 0x7aa7, 0x9369,
    0x9369, 0x9369, 0x7aa7, 0xbc2b, 0xbc2b, 0x7aa7, 0xbc2b, 0x9369, 0x59e5, 0xbc2b, 0xbc2b, 0x7aa7, 0x9369, 0x9369, 0x8430, 0x7aa7,
    0x9369, 0x9369, 0x7aa7, 0xbc2b, 0xbc2b, 0x7aa7, 0xbc2b, 0x9369, 0x59e5, 0xbc2b, 0xbc2b, 0x7aa7, 0x9369, 0x9369, 0x8430, 0x7aa7,
    0x9369, 0x9369, 0x7aa7, 0xbc2b, 0xbc2b, 0x7aa7, 0xbc2b, 0x9369, 0x59e5, 0xbc2b, 0xbc2b, 0x7aa7, 0x9369, 0x9369, 0x8430, 0x7aa7,
    0x9369, 0x9369, 0x7aa7, 0xbc2b, 0xbc2b, 0x7aa7, 0xbc2b, 0x9369, 0x59e5, 0xbc2b, 0xbc2b, 0x7aa7, 0x9369, 0x9369, 0x8430, 0x7aa7,
    0x9369, 0x9369, 0x7aa7, 0xbc2b, 0xbc2b, 0x7aa7, 0xbc2b, 0x9369, 0x59e5, 0xbc2b, 0xbc2b, 0x7aa7, 0x9369, 0x9369, 0x8430, 0x7aa7,
    0x9369, 0x9369, 0x7aa7, 0xbc2b, 0xbc2b, 0x7aa7, 0xbc2b, 0x9369, 0x59e5, 0xbc2b, 0xbc2b, 0x7aa7, 0x9369, 0x9369, 0x8430, 0x7aa7,
    0x9369, 0x9369, 0x7aa7, 0xbc2b, 0xbc2b, 0x7aa7, 0xbc2b, 0x9369, 0x59e5, 0xbc2b, 0xbc2b, 0x7aa7, 0x9369, 0x9369, 0x8430, 0x7aa7,
    0x9369, 0x9369, 0x7aa7, 0xbc2b, 0xbc2b, 0x7aa7, 0xbc2b, 0x9369, 0x59e5, 0xbc2b, 0xbc2b, 0x7aa7, 0x9369, 0x9369, 0x8430, 0x7aa7,
    0x9369, 0x9369, 0x7aa7, 0xbc2b, 0xbc2b, 0x7aa7, 0xbc2b, 0x9369, 0x59e5, 0xbc2b, 0xbc2b, 0x7aa7, 0x9369, 0x9369, 0x8430, 0x7aa7,
    0x9369, 0x9369, 0x7aa7, 0xbc2b, 0xbc2b, 0x7aa7, 0xbc2b, 0x9369, 0x59e5, 0xbc2b, 0xbc2b, 0x7aa7, 0x9369, 0x9369, 0x8430, 0x7aa7,
    0x9369, 0x9369, 0x7aa7, 0xbc2b, 0xbc2b, 0x7aa7, 0xbc2b, 0x9369, 0x59e5, 0xbc2b, 0xbc2b, 0x7aa7, 0x9369, 0x9369, 0x8430, 0x7aa7,
    0x9369, 0x9369, 0x7aa7, 0xbc2b, 0xbc2b, 0x7aa7, 0xbc2b, 0x9369, 0x59e5, 0xbc2b, 0xbc2b, 0x7aa7, 0x9369, 0x9369, 0x8430, 0x7aa7,
    0x9369, 0x9369, 0x7aa7, 0xbc2b, 0xbc2b, 0x7aa7, 0xbc2b, 0x9369, 0x59e5, 0xbc2b, 0xbc2b, 0x7aa7, 0x9369, 0x9369, 0x8430, 0x7aa7,
    0x9369, 0x9369, 0x7aa7, 0xbc2b, 0xbc2b, 0x7aa7, 0xbc2b, 0x9369, 0x59e5, 0xbc2b, 0xbc2b, 0x7aa7, 0x9369, 0x9369, 0x8430, 0x7aa7,
    0x9369, 0x9369, 0x7aa7, 0xbc2b, 0xbc2b, 0x7aa7, 0xbc2b, 0x9369, 0x59e5, 0xbc2b, 0xbc2b, 0x7aa7, 0x9369, 0x9369, 0x8430, 0x7aa7,
    0x9369, 0x9369, 0x7aa7, 0xbc2b, 0xbc2b, 0x7aa7, 0xbc2b, 0x9369, 0x59e5, 0xbc2b, 0xbc2b, 0x7aa7, 0x9369, 0x9369, 0x8430, 0x7aa7,
    0x9369, 0x9369, 0x7aa7, 0xbc2b, 0xbc2b, 0x7aa7, 0xbc2b, 0x9369, 0x59e5, 0xbc2b, 0xbc2b, 0x7aa7, 0x9369, 0x9369, 0x8430, 0x7aa7,
    0x9369, 0x9369, 0x7aa7, 0xbc2b, 0xbc2b, 0x7aa7, 0xbc2b, 0x9369, 0x59e5, 0xbc2b, 0xbc2b, 0x7aa7, 0x9369, 0x9369, 0x8430, 0x7aa7,
    0x9369, 0x9369, 0x7aa7, 0xbc2b, 0xbc2b, 0x7aa7, 0xbc2b, 0x9369, 0x59e5, 0xbc2b, 0xbc2b, 0x7aa7, 0x9369, 0x9369, 0x8430, 0x7aa7,
    0x9369, 0x9369, 0x7aa7, 0xbc2b, 0xbc2b, 0x7aa7, 0xbc2b, 0x9369, 0x59e5, 0xbc2b, 0xbc2b, 0x7aa7, 0x9369, 0x9369, 0x8430, 0x7aa7,
    0x9369, 0x7aa7, 0x7aa7, 0x9369, 0x9369, 0xbc2b, 0x7aa7, 0x9369, 0x6b6d, 0x9369, 0x9369, 0x7aa7, 0x59e5, 0x9369, 0x7aa7, 0x59e5,
    0x9369, 0x7aa7, 0x7aa7, 0x9369, 0x9369, 0xbc2b, 0x7aa7, 0x9369, 0x6b6d, 0x9369, 0x9369, 0x7aa7, 0x59e5, 0x9369, 0x7aa7, 0x59e5,
    0x9369, 0x7aa7, 0x7aa7, 0x9369, 0x9369, 0xbc2b, 0x7aa7, 0x9369, 0x6b6d, 0x9369, 0x9369, 0x7aa7, 0x59e5, 0x9369, 0x7aa7, 0x59e5,
    0x9369, 0x7aa7, 0x7aa7, 0x9369, 0x9369, 0xbc2b, 0x7aa7, 0x9369, 0x6b6d, 0x9369, 0x9369, 0x7aa7, 0x59e5, 0x9369, 0x7aa7, 0x59e5,
    0x9369, 0x7aa7, 0x7aa7, 0x9369, 0x9369, 0xbc2b, 0x7aa7, 0x9369, 0x6b6d, 0x9369, 0x9369, 0x7aa7, 0x59e5, 0x9369, 0x7aa7, 0x59e5,
    0x9369, 0x7aa7, 0x7aa7, 0x9369, 0x9369, 0xbc2b, 0x7aa7, 0x9369, 0x6b6d, 0x9369, 0x9369, 0x7aa7, 0x59e5, 0x9369, 0x7aa7, 0x59e5,
    0x9369, 0x7aa7, 0x7aa7, 0x9369, 0x9369, 0xbc2b, 0x7aa7, 0x9369, 0x6b6d, 0x9369, 0x9369, 0x7aa7, 0x59e5, 0x9369, 0x7aa7, 0x59e5,
    0x9369, 0x7aa7, 0x7aa7, 0x9369, 0x9369, 0xbc2b, 0x7aa7, 0x9369, 0x6b6d, 0x9369, 0x9369, 0x7aa7, 0x59e5, 0x9369, 0x7aa7, 0x59e5,
    0x9369, 0x7aa7, 0x7aa7, 0x9369, 0x9369, 0xbc2b, 0x7aa7, 0x9369, 0x6b6d, 0x9369, 0x9369, 0x7aa7, 0x59e5, 0x9369, 0x7aa7, 0x59e5,
    0x9369, 0x7aa7, 0x7aa7, 0x9369, 0x9369, 0xbc2b, 0x7aa7, 0x9369, 0x6b6d, 0x9369, 0x9369, 0x7aa7, 0x59e5, 0x9369, 0x7aa7, 0x59e5,
    0x9369, 0x7aa7, 0x7aa7, 0x9369, 0x9369, 0xbc2b, 0x7aa7, 0x9369, 0x6b6d, 0x9369, 0x9369, 0x7aa7, 0x59e5, 0x9369, 0x7aa7, 0x59e5,
    0x9369, 0x7aa7, 0x7aa7, 0x9369, 0x9369, 0xbc2b, 0x7aa7, 0x9369, 0x6b6d, 0x9369, 0x9369, 0x7aa7, 0x59e5, 0x9369, 0x7aa7, 0x59e5,
    0x9369, 0x7aa7, 0x7aa7, 0x9369, 0x9369, 0xbc2b, 0x7aa7, 0x9369, 0x6b6d, 0x9369, 0x9369, 0x7aa7, 0x59e5, 0x9369, 0x7aa7, 0x59e5,
    0x9369, 0x7aa7, 0x7aa7, 0x9369, 0x9369, 0xbc2b, 0x7aa7, 0x9369, 0x6b6d, 0x9369, 0x9369, 0x7aa7, 0x59e5, 0x9369, 0x7aa7, 0x59e5,
    0x9369, 0x7aa7, 0x7aa7, 0x9369, 0x9369, 0xbc2b, 0x7aa7, 0x9369, 0x6b6d, 0x9369, 0x9369, 0x7aa7, 0x59e5, 0x9369, 0x7aa7, 0x59e5,
    0x9369, 0x7aa7, 0x7aa7, 0x9369, 0x9369, 0xbc2b, 0x7aa7, 0x9369, 0x6b6d, 0x9369, 0x9369, 0x7aa7, 0x59e5, 0x9369, 0x7aa7, 0x59e5,
    0x9369, 0x7aa7, 0x7aa7, 0x9369, 0x9369, 0xbc2b, 0x7aa7, 0x9369, 0x6b6d, 0x9369, 0x9369, 0x7aa7, 0x59e5, 0x9369, 0x7aa7, 0x59e5,
    0x9369, 0x7aa7, 0x7aa7, 0x9369, 0x9369, 0xbc2b, 0x7aa7, 0x9369, 0x6b6d, 0x9369, 0x9369, 0x7aa7, 0x59e5, 0x9369, 0x7aa7, 0x59e5,
    0x9369, 0x7aa7, 0x7aa7, 0x9369, 0x9369, 0xbc2b, 0x7aa7, 0x9369, 0x6b6d, 0x9369, 0x9369, 0x7aa7, 0x59e5, 0x9369, 0x7aa7, 0x59e5,
    0x9369, 0x7aa7, 0x7aa7, 0x9369, 0x9369, 0xbc2b, 0x7aa7, 0x9369, 0x6b6d, 0x9369, 0x9369, 0x7aa7, 0x59e5, 0x9369, 0x7aa7, 0x59e5,
    0x7aa7, 0x59e5, 0x9369, 0x7aa7, 0x9369, 0x9369, 0xbc2b, 0x7aa7, 0x7aa7, 0x7aa7, 0x7aa7, 0x7aa7, 0x7aa7, 0x7aa7, 0xbc2b, 0xbc2b,
    0x7aa7, 0x59e5, 0x9369, 0x7aa7, 0x9369, 0x9369, 0xbc2b, 0x7aa7, 0x7aa7, 0x7aa7, 0x7aa7, 0x7aa7, 0x7aa7, 0x7aa7, 0xbc2b, 0xbc2b,
    0x7aa7, 0x59e5, 0x9369, 0x7aa7, 0x9369, 0x9369, 0xbc2b, 0x7aa7, 0x7aa7, 0x7aa7, 0x7aa7, 0x7aa7, 0x7aa7, 0x7aa7, 0xbc2b, 0xbc2b,
    0x7aa7, 0x59e5, 0x9369, 0x7aa7, 0x9369, 0x9369, 0xbc2b, 0x7aa7, 0x7aa7, 0x7aa7, 0x7aa7, 0x7aa7, 0x7aa7, 0x7aa7, 0xbc2b, 0xbc2b,
    0x7aa7, 0x59e5, 0x9369, 0x7aa7, 0x9369, 0x9369, 0xbc2b, 0x7aa7, 0x7aa7, 0x7aa7, 0x7aa7, 0x7aa7, 0x7aa7, 0x7aa7, 0xbc2b, 0xbc2b,
    0x7aa7, 0x59e5, 0x9369, 0x7aa7, 0x9369, 0x9369, 0xbc2b, 0x7aa7, 0x7aa7, 0x7aa7, 0x7aa7, 0x7aa7, 0x7aa7, 0x7aa7, 0xbc2b, 0xbc2b,
    0x7aa7, 0x59e5, 0x9369, 0x7aa7, 0x9369, 0x9369, 0xbc2b, 0x7aa7, 0x7aa7, 0x7aa7, 0x7aa7, 0x7aa7, 0x7aa7, 0x7aa7, 0xbc2b, 0xbc2b,
    0x7aa7, 0x59e5, 0x9369, 0x7aa7, 0x9369, 0x9369, 0xbc2b, 0x7aa7, 0x7aa7, 0x7aa7, 0x7aa7, 0x7aa7, 0x7aa7, 0x7aa7, 0xbc2b, 0xbc2b,
    0x7aa7, 0x59e5, 0x9369, 0x7aa7, 0x9369, 0x9369, 0xbc2b, 0x7aa7, 0x7aa7, 0x7aa7, 0x7aa7, 0x7aa7, 0x7aa7, 0x7aa7, 0xbc2b, 0xbc2b,
    0x7aa7, 0x59e5, 0x9369, 0x7aa7, 0x9369, 0x9369, 0xbc2b, 0x7aa7, 0x7aa7, 0x7aa7, 0x7aa7, 0x7aa7, 0x7aa7, 0x7aa7, 0xbc2b, 0xbc2b,
    0x7aa7, 0x59e5, 0x9369, 0x7aa7, 0x9369, 0x9369, 0xbc2b, 0x7aa7, 0x7aa7, 0x7aa7, 0x7aa7, 0x7aa7, 0x7aa7, 0x7aa7, 0xbc2b, 0xbc2b,
    0x7aa7, 0x59e5, 0x9369, 0x7aa7, 0x9369, 0x9369, 0xbc2b, 0x7aa7, 0x7aa7, 0x7aa7, 0x7aa7, 0x7aa7, 0x7aa7, 0x7aa7, 0xbc2b, 0xbc2b,
    0x7aa7, 0x59e5, 0x9369, 0x7aa7, 0x9369, 0x9369, 0xbc2b, 0x7aa7, 0x7aa7, 0x7aa7, 0x7aa7, 0x7aa7, 0x7aa7, 0x7aa7, 0xbc2b, 0xbc2b,
    0x7aa7, 0x59e5, 0x9369, 0x7aa7, 0x9369, 0x9369, 0xbc2b, 0x7aa7, 0x7aa7, 0x7aa7, 0x7aa7, 0x7aa7, 0x7aa7, 0x7aa7, 0xbc2b, 0xbc2b,
    0x7aa7, 0x59e5, 0x9369, 0x7aa7, 0x9369, 0x9369, 0xbc2b, 0x7aa7, 0x7aa7, 0x7aa7, 0x7aa7, 0x7aa7, 0x7aa7, 0x7aa7, 0xbc2b, 0xbc2b,
    0x7aa7, 0x59e5, 0x9369, 0x7aa7, 0x9369, 0x9369, 0xbc2b, 0x7aa7, 0x7aa7, 0x7aa7, 0x7aa7, 0x7aa7, 0x7aa7, 0x7aa7, 0xbc2b, 0xbc2b,
    0x7aa7, 0x59e5, 0x9369, 0x7aa7, 0x9369, 0x9369, 0xbc2b, 0x7aa7, 0x7aa7, 0x7aa7, 0x7aa7, 0x7aa7, 0x7aa7, 0x7aa7, 0xbc2b, 0xbc2b,
    0x7aa7, 0x59e5, 0x9369, 0x7aa7, 0x9369, 0x9369, 0xbc2b, 0x7aa7, 0x7aa7, 0x7aa7, 0x7aa7, 0x7aa7, 0x7aa7, 0x7aa7, 0xbc2b, 0xbc2b,
    0x7aa7, 0x59e5, 0x9369, 0x7aa7, 0x9369, 0x9369, 0xbc2b, 0x7aa7, 0x7aa7, 0x7aa7, 0x7aa7, 0x7aa7, 0x7aa7, 0x7aa7, 0xbc2b, 0xbc2b,
    0x7aa7, 0x59e5, 0x9369, 0x7aa7, 0x9369, 0x9369, 0xbc2b, 0x7aa7, 0x7aa7, 0x7aa7, 0x7aa7, 0x7aa7, 0x7aa7, 0x7aa7, 0xbc2b, 0xbc2b,
    0x7aa7, 0x9369, 0x7aa7, 0x7aa7, 0x72c8, 0x7aa7, 0x9369, 0x9369, 0x7aa7, 0x59e5, 0xbc2b, 0x59e5, 0x7aa7, 0xbc2b, 0x9369, 0x9369,
    0x7aa7, 0x9369, 0x7aa7, 0x7aa7, 0x72c8, 0x7aa7, 0x9369, 0x9369, 0x7aa7, 0x59e5, 0xbc2b, 0x59e5, 0x7aa7, 0xbc2b, 0x9369, 0x9369,
    0x7aa7, 0x9369, 0x7aa7, 0x7aa7, 0x72c8, 0x7aa7, 0x9369, 0x9369, 0x7aa7, 0x59e5, 0xbc2b, 0x59e5, 0x7aa7, 0xbc2b, 0x9369, 0x9369,
    0x7aa7, 0x9369, 0x7aa7, 0x7aa7, 0x72c8, 0x7aa7, 0x9369, 0x9369, 0x7aa7, 0x59e5, 0xbc2b, 0x59e5, 0x7aa7, 0xbc2b, 0x9369, 0x9369,
    0x7aa7, 0x9369, 0x7aa7, 0x7aa7, 0x72c8, 0x7aa7, 0x9369, 0x9369, 0x7aa7, 0x59e5, 0xbc2b, 0x59e5, 0x7aa7, 0xbc2b, 0x9369, 0x9369,
    0x7aa7, 0x9369, 0x7aa7, 0x7aa7, 0x72c8, 0x7aa7, 0x9369, 0x9369, 0x7aa7, 0x59e5, 0xbc2b, 0x59e5, 0x7aa7, 0xbc2b, 0x9369, 0x9369,
    0x7aa7, 0x9369, 0x7aa7, 0x7aa7, 0x72c8, 0x7aa7, 0x9369, 0x9369, 0x7aa7, 0x59e5, 0xbc2b, 0x59e5, 0x7aa7, 0xbc2b, 0x9369, 0x9369,
    0x7aa7, 0x9369, 0x7aa7, 0x7aa7, 0x72c8, 0x7aa7, 0x9369, 0x9369, 0x7aa7, 0x59e5, 0xbc2b, 0x59e5, 0x7aa7, 0xbc2b, 0x9369, 0x9369,
    0x7aa7, 0x9369, 0x7aa7, 0x7aa7, 0x72c8, 0x7aa7, 0x9369, 0x9369, 0x7aa7, 0x59e5, 0xbc2b, 0x59e5, 0x7aa7, 0xbc2b, 0x9369, 0x9369,
    0x7aa7, 0x9369, 0x7aa7, 0x7aa7, 0x72c8, 0x7aa7, 0x9369, 0x9369, 0x7aa7, 0x59e5, 0xbc2b, 0x59e5, 0x7aa7, 0xbc2b, 0x9369, 0x9369,
    0x7aa7, 0x9369, 0x7aa7, 0x7aa7, 0x72c8, 0x7aa7, 0x9369, 0x9369, 0x7aa7, 0x59e5, 0xbc2b, 0x59e5, 0x7aa7, 0xbc2b, 0x9369, 0x9369,
    0x7aa7, 0x9369, 0x7aa7, 0x7aa7, 0x72c8, 0x7aa7, 0x9369, 0x9369, 0x7aa7, 0x59e5, 0xbc2b, 0x59e5, 0x7aa7, 0xbc2b, 0x9369, 0x9369,
    0x7aa7, 0x9369, 0x7aa7, 0x7aa7, 0x72c8, 0x7aa7, 0x9369, 0x9369, 0x7aa7, 0x59e5, 0xbc2b, 0x59e5, 0x7aa7, 0xbc2b, 0x9369, 0x9369,
    0x7aa7, 0x9369, 0x7aa7, 0x7aa7, 0x72c8, 0x7aa7, 0x9369, 0x9369, 0x7aa7, 0x59e5, 0xbc2b, 0x59e5, 0x7aa7, 0xbc2b, 0x9369, 0x9369,
    0x7aa7, 0x9369, 0x7aa7, 0x7aa7, 0x72c8, 0x7aa7, 0x9369, 0x9369, 0x7aa7, 0x59e5, 0xbc2b, 0x59e5, 0x7aa7, 0xbc2b, 0x9369, 0x9369,
    0x7aa7, 0x9369, 0x7aa7, 0x7aa7, 0x72c8, 0x7aa7, 0x9369, 0x9369, 0x7aa7, 0x59e5, 0xbc2b, 0x59e5, 0x7aa7, 0xbc2b, 0x9369, 0x9369,
    0x7aa7, 0x9369, 0x7aa7, 0x7aa7, 0x72c8, 0x7aa7, 0x9369, 0x9369, 0x7aa7, 0x59e5, 0xbc2b, 0x59e5, 0x7aa7, 0xbc2b, 0x9369, 0x9369,
    0x7aa7, 0x9369, 0x7aa7, 0x7aa7, 0x72c8, 0x7aa7, 0x9369, 0x9369, 0x7aa7, 0x59e5, 0xbc2b, 0x59e5, 0x7aa7, 0xbc2b, 0x9369, 0x9369,
    0x7aa7, 0x9369, 0x7aa7, 0x7aa7, 0x72c8, 0x7aa7, 0x9369, 0x9369, 0x7aa7, 0x59e5, 0xbc2b, 0x59e5, 0x7aa7, 0xbc2b, 0x9369, 0x9369,
    0x7aa7, 0x9369, 0x7aa7, 0x7aa7, 0x72c8, 0x7aa7, 0x9369, 0x9369, 0x7aa7, 0x59e5, 0xbc2b, 0x59e5, 0x7aa7, 0xbc2b, 0x9369, 0x9369,
    0x9369, 0x7aa7, 0x59e5, 0xbc2b, 0x7aa7, 0x59e5, 0x7aa7, 0x59e5, 0x7aa7, 0x7aa7, 0x7aa7, 0x59e5, 0x7aa7, 0x7aa7, 0x9369, 0x9369,
    0x9369, 0x7aa7, 0x59e5, 0xbc2b, 0x7aa7, 0x59e5, 0x7aa7, 0x59e5, 0x7aa7, 0x7aa7, 0x7aa7, 0x59e5, 0x7aa7, 0x7aa7, 0x9369, 0x9369,
    0x9369, 0x7aa7, 0x59e5, 0xbc2b, 0x7aa7, 0x59e5, 0x7aa7, 0x59e5, 0x7aa7, 0x7aa7, 0x7aa7, 0x59e5, 0x7aa7, 0x7aa7, 0x9369, 0x9369,
    0x9369, 0x7aa7, 0x59e5, 0xbc2b, 0x7aa7, 0x59e5, 0x7aa7, 0x59e5, 0x7aa7, 0x7aa7, 0x7aa7, 0x59e5, 0x7aa7, 0x7aa7, 0x9369, 0x9369,
    0x9369, 0x7aa7, 0x59e5, 0xbc2b, 0x7aa7, 0x59e5, 0x7aa7, 0x59e5, 0x7aa7, 0x7aa7, 0x7aa7, 0x59e5, 0x7aa7, 0x7aa7, 0x9369, 0x9369,
    0x9369, 0x7aa7, 0x59e5, 0xbc2b, 0x7aa7, 0x59e5, 0x7aa7, 0x59e5, 0x7aa7, 0x7aa7, 0x7aa7, 0x59e5, 0x7aa7, 0x7aa7, 0x9369, 0x9369,
    0x9369, 0x7aa7, 0x59e5, 0xbc2b, 0x7aa7, 0x59e5, 0x7aa7, 0x59e5, 0x7aa7, 0x7aa7, 0x7aa7, 0x59e5, 0x7aa7, 0x7aa7, 0x9369, 0x9369,
    0x9369, 0x7aa7, 0x59e5, 0xbc2b, 0x7aa7, 0x59e5, 0x7aa7, 0x59e5, 0x7aa7, 0x7aa7, 0x7aa7, 0x59e5, 0x7aa7, 0x7aa7, 0x9369, 0x9369,
    0x9369, 0x7aa7, 0x59e5, 0xbc2b, 0x7aa7, 0x59e5, 0x7aa7, 0x59e5, 0x7aa7, 0x7aa7, 0x7aa7, 0x59e5, 0x7aa7, 0x7aa7, 0x9369, 0x9369,
    0x9369, 0x7aa7, 0x59e5, 0xbc2b, 0x7aa7, 0x59e5, 0x7aa7, 0x59e5, 0x7aa7, 0x7aa7, 0x7aa7, 0x59e5, 0x7aa7, 0x7aa7, 0x9369, 0x9369,
    0x9369, 0x7aa7, 0x59e5, 0xbc2b, 0x7aa7, 0x59e5, 0x7aa7, 0x59e5, 0x7aa7, 0x7aa7, 0x7aa7, 0x59e5, 0x7aa7, 0x7aa7, 0x9369, 0x9369,
    0x9369, 0x7aa7, 0x59e5, 0xbc2b, 0x7aa7, 0x59e5, 0x7aa7, 0x59e5, 0x7aa7, 0x7aa7, 0x7aa7, 0x59e5, 0x7aa7, 0x7aa7, 0x9369, 0x9369,
    0x9369, 0x7aa7, 0x59e5, 0xbc2b, 0x7aa7, 0x59e5, 0x7aa7, 0x59e5, 0x7aa7, 0x7aa7, 0x7aa7, 0x59e5, 0x7aa7, 0x7aa7, 0x9369, 0x9369,
    0x9369, 0x7aa7, 0x59e5, 0xbc2b, 0x7aa7, 0x59e5, 0x7aa7, 0x59e5, 0x7aa7, 0x7aa7, 0x7aa7, 0x59e5, 0x7aa7, 0x7aa7, 0x9369, 0x9369,
    0x9369, 0x7aa7, 0x59e5, 0xbc2b, 0x7aa7, 0x59e5, 0x7aa7, 0x59e5, 0x7aa7, 0x7aa7, 0x7aa7, 0x59e5, 0x7aa7, 0x7aa7, 0x9369, 0x9369,
    0x9369, 0x7aa7, 0x59e5, 0xbc2b, 0x7aa7, 0x59e5, 0x7aa7, 0x59e5, 0x7aa7, 0x7aa7, 0x7aa7, 0x59e5, 0x7aa7, 0x7aa7, 0x9369, 0x9369,
    0x9369, 0x7aa7, 0x59e5, 0xbc2b, 0x7aa7, 0x59e5, 0x7aa7, 0x59e5, 0x7aa7, 0x7aa7, 0x7aa7, 0x59e5, 0x7aa7, 0x7aa7, 0x9369, 0x9369,
    0x9369, 0x7aa7, 0x59e5, 0xbc2b, 0x7aa7, 0x59e5, 0x7aa7, 0x59e5, 0x7aa7, 0x7aa7, 0x7aa7, 0x59e5, 0x7aa7, 0x7aa7, 0x9369, 0x9369,
    0x9369, 0x7aa7, 0x59e5, 0xbc2b, 0x7aa7, 0x59e5, 0x7aa7, 0x59e5, 0x7aa7, 0x7aa7, 0x7aa7, 0x59e5, 0x7aa7, 0x7aa7, 0x9369, 0x9369,
    0x9369, 0x7aa7, 0x59e5, 0xbc2b, 0x7aa7, 0x59e5, 0x7aa7, 0x59e5, 0x7aa7, 0x7aa7, 0x7aa7, 0x59e5, 0x7aa7, 0x7aa7, 0x9369, 0x9369,
    0x9369, 0x7aa7, 0xbc2b, 0x9369, 0x9369, 0x7aa7, 0x8430, 0x9369, 0x9369, 0x9369, 0x7aa7, 0x7aa7, 0x9369, 0x9369, 0x7aa7, 0x59e5,
    0x9369, 0x7aa7, 0xbc2b, 0x9369, 0x9369, 0x7aa7, 0x8430, 0x9369, 0x9369, 0x9369, 0x7aa7, 0x7aa7, 0x9369, 0x9369, 0x7aa7, 0x59e5,
    0x9369, 0x7aa7, 0xbc2b, 0x9369, 0x9369, 0x7aa7, 0x8430, 0x9369, 0x9369, 0x9369, 0x7aa7, 0x7aa7, 0x9369, 0x9369, 0x7aa7, 0x59e5,
    0x9369, 0x7aa7, 0xbc2b, 0x9369, 0x9369, 0x7aa7, 0x8430, 0x9369, 0x9369, 0x9369, 0x7aa7, 0x7aa7, 0x9369, 0x9369, 0x7aa7, 0x59e5,
    0x9369, 0x7aa7, 0xbc2b, 0x9369, 0x9369, 0x7aa7, 0x8430, 0x9369, 0x9369, 0x9369, 0x7aa7, 0x7aa7, 0x9369, 0x9369, 0x7aa7, 0x59e5,
    0x9369, 0x7aa7, 0xbc2b, 0x9369, 0x9369, 0x7aa7, 0x8430, 0x9369, 0x9369, 0x9369, 0x7aa7, 0x7aa7, 0x9369, 0x9369, 0x7aa7, 0x59e5,
    0x9369, 0x7aa7, 0xbc2b, 0x9369, 0x9369, 0x7aa7, 0x8430, 0x9369, 0x9369, 0x9369, 0x7aa7, 0x7aa7, 0x9369, 0x9369, 0x7aa7, 0x59e5,
    0x9369, 0x7aa7, 0xbc2b, 0x9369, 0x9369, 0x7aa7, 0x8430, 0x9369, 0x9369, 0x9369, 0x7aa7, 0x7aa7, 0x9369, 0x9369, 0x7aa7, 0x59e5,
    0x9369, 0x7aa7, 0xbc2b, 0x9369, 0x9369, 0x7aa7, 0x8430, 0x9369, 0x9369, 0x9369, 0x7aa7, 0x7aa7, 0x9369, 0x9369, 0x7aa7, 0x59e5,
    0x9369, 0x7aa7, 0xbc2b, 0x9369, 0x9369, 0x7aa7, 0x8430, 0x9369, 0x9369, 0x9369, 0x7aa7, 0x7aa7, 0x9369, 0x9369, 0x7aa7, 0x59e5,
    0x9369, 0x7aa7, 0xbc2b, 0x9369, 0x9369, 0x7aa7, 0x8430, 0x9369, 0x9369, 0x9369, 0x7aa7, 0x7aa7, 0x9369, 0x9369, 0x7aa7, 0x59e5,
    0x9369, 0x7aa7, 0xbc2b, 0x9369, 0x9369, 0x7aa7, 0x8430, 0x9369, 0x9369, 0x9369, 0x7aa7, 0x7aa7, 0x9369, 0x9369, 0x7aa7, 0x59e5,
    0x9369, 0x7aa7, 0xbc2b, 0x9369, 0x9369, 0x7aa7, 0x8430, 0x9369, 0x9369, 0x9369, 0x7aa7, 0x7aa7, 0x9369, 0x9369, 0x7aa7, 0x59e5,
    0x9369, 0x7aa7, 0xbc2b, 0x9369, 0x9369, 0x7aa7, 0x8430, 0x9369, 0x9369, 0x9369, 0x7aa7, 0x7aa7, 0x9369, 0x9369, 0x7aa7, 0x59e5,
    0x9369, 0x7aa7, 0xbc2b, 0x9369, 0x9369, 0x7aa7, 0x8430, 0x9369, 0x9369, 0x9369, 0x7aa7, 0x7aa7, 0x9369, 0x9369, 0x7aa7, 0x59e5,
    0x9369, 0x7aa7, 0xbc2b, 0x9369, 0x9369, 0x7aa7, 0x8430, 0x9369, 0x9369, 0x9369, 0x7aa7, 0x7aa7, 0x9369, 0x9369, 0x7aa7, 0x59e5,
    0x9369, 0x7aa7, 0xbc2b, 0x9369, 0x9369, 0x7aa7, 0x8430, 0x9369, 0x9369, 0x9369, 0x7aa7, 0x7aa7, 0x9369, 0x9369, 0x7aa7, 0x59e5,
    0x9369, 0x7aa7, 0xbc2b, 0x9369, 0x9369, 0x7aa7, 0x8430, 0x9369, 0x9369, 0x9369, 0x7aa7, 0x7aa7, 0x9369, 0x9369, 0x7aa7, 0x59e5,
    0x9369, 0x7aa7, 0xbc2b, 0x9369, 0x9369, 0x7aa7, 0x8430, 0x9369, 0x9369, 0x9369, 0x7aa7, 0x7aa7, 0x9369, 0x9369, 0x7aa7, 0x59e5,
    0x9369, 0x7aa7, 0xbc2b, 0x9369, 0x9369, 0x7aa7, 0x8430, 0x9369, 0x9369, 0x9369, 0x7aa7, 0x7aa7, 0x9369, 0x9369, 0x7aa7, 0x59e5,
    0xbc2b, 0x9369, 0x9369, 0x7aa7, 0x7aa7, 0xbc2b, 0x9369, 0x9369, 0x7aa7, 0x7aa7, 0x59e5, 0x7aa7, 0x7aa7, 0xbc2b, 0x7aa7, 0xbc2b,
    0xbc2b, 0x9369, 0x9369, 0x7aa7, 0x7aa7, 0xbc2b, 0x9369, 0x9369, 0x7aa7, 0x7aa7, 0x59e5, 0x7aa7, 0x7aa7, 0xbc2b, 0x7aa7, 0xbc2b,
    0xbc2b, 0x9369, 0x9369, 0x7aa7, 0x7aa7, 0xbc2b, 0x9369, 0x9369, 0x7aa7, 0x7aa7, 0x59e5, 0x7aa7, 0x7aa7, 0xbc2b, 0x7aa7, 0xbc2b,
    0xbc2b, 0x9369, 0x9369, 0x7aa7, 0x7aa7, 0xbc2b, 0x9369, 0x9369, 0x7aa7, 0x7aa7, 0x59e5, 0x7aa7, 0x7aa7, 0xbc2b, 0x7aa7, 0xbc2b,
    0xbc2b, 0x9369, 0x9369, 0x7aa7, 0x7aa7, 0xbc2b, 0x9369, 0x9369, 0x7aa7, 0x7aa7, 0x59e5, 0x7aa7, 0x7aa7, 0xbc2b, 0x7aa7, 0xbc2b,
    0xbc2b, 0x9369, 0x9369, 0x7aa7, 0x7aa7, 0xbc2b, 0x9369, 0x9369, 0x7aa7, 0x7aa7, 0x59e5, 0x7aa7, 0x7aa7, 0xbc2b, 0x7aa7, 0xbc2b,
    0xbc2b, 0x9369, 0x9369, 0x7aa7, 0x7aa7, 0xbc2b, 0x9369, 0x9369, 0x7aa7, 0x7aa7, 0x59e5, 0x7aa7, 0x7aa7, 0xbc2b, 0x7aa7, 0xbc2b,
    0xbc2b, 0x9369, 0x9369, 0x7aa7, 0x7aa7, 0xbc2b, 0x9369, 0x9369, 0x7aa7, 0x7aa7, 0x59e5, 0x7aa7, 0x7aa7, 0xbc2b, 0x7aa7, 0xbc2b,
    0xbc2b, 0x9369, 0x9369, 0x7aa7, 0x7aa7, 0xbc2b, 0x9369, 0x9369, 0x7aa7, 0x7aa7, 0x59e5, 0x7aa7, 0x7aa7, 0xbc2b, 0x7aa7, 0xbc2b,
    0xbc2b, 0x9369, 0x9369, 0x7aa7, 0x7aa7, 0xbc2b, 0x9369, 0x9369, 0x7aa7, 0x7aa7, 0x59e5, 0x7aa7, 0x7aa7, 0xbc2b, 0x7aa7, 0xbc2b,
    0xbc2b, 0x9369, 0x9369, 0x7aa7, 0x7aa7, 0xbc2b, 0x9369, 0x9369, 0x7aa7, 0x7aa7, 0x59e5, 0x7aa7, 0x7aa7, 0xbc2b, 0x7aa7, 0xbc2b,
    0xbc2b, 0x9369, 0x9369, 0x7aa7, 0x7aa7, 0xbc2b, 0x9369, 0x9369, 0x7aa7, 0x7aa7, 0x59e5, 0x7aa7, 0x7aa7, 0xbc2b, 0x7aa7, 0xbc2b,
    0xbc2b, 0x9369, 0x9369, 0x7aa7, 0x7aa7, 0xbc2b, 0x9369, 0x9369, 0x7aa7, 0x7aa7, 0x59e5, 0x7aa7, 0x7aa7, 0xbc2b, 0x7aa7, 0xbc2b,
    0xbc2b, 0x9369, 0x9369, 0x7aa7, 0x7aa7, 0xbc2b, 0x9369, 0x9369, 0x7aa7, 0x7aa7, 0x59e5, 0x7aa7, 0x7aa7, 0xbc2b, 0x7aa7, 0xbc2b,
    0xbc2b, 0x9369, 0x9369, 0x7aa7, 0x7aa7, 0xbc2b, 0x9369, 0x9369, 0x7aa7, 0x7aa7, 0x59e5, 0x7aa7, 0x7aa7, 0xbc2b, 0x7aa7, 0xbc2b,
    0xbc2b, 0x9369, 0x9369, 0x7aa7, 0x7aa7, 0xbc2b, 0x9369, 0x9369, 0x7aa7, 0x7aa7, 0x59e5, 0x7aa7, 0x7aa7, 0xbc2b, 0x7aa7, 0xbc2b,
    0xbc2b, 0x9369, 0x9369, 0x7aa7, 0x7aa7, 0xbc2b, 0x9369, 0x9369, 0x7aa7, 0x7aa7, 0x59e5, 0x7aa7, 0x7aa7, 0xbc2b, 0x7aa7, 0xbc2b,
    0xbc2b, 0x9369, 0x9369, 0x7aa7, 0x7aa7, 0xbc2b, 0x9369, 0x9369, 0x7aa7, 0x7aa7, 0x59e5, 0x7aa7, 0x7aa7, 0xbc2b, 0x7aa7, 0xbc2b,
    0xbc2b, 0x9369, 0x9369, 0x7aa7, 0x7aa7, 0xbc2b, 0x9369, 0x9369, 0x7aa7, 0x7aa7, 0x59e5, 0x7aa7, 0x7aa7, 0xbc2b, 0x7aa7, 0xbc2b,
    0xbc2b, 0x9369, 0x9369, 0x7aa7, 0x7aa7, 0xbc2b, 0x9369, 0x9369, 0x7aa7, 0x7aa7, 0x59e5, 0x7aa7, 0x7aa7, 0xbc2b, 0x7aa7, 0xbc2b,
    0x7aa7, 0x9369, 0x59e5, 0x7aa7, 0x7aa7, 0x9369, 0x8430, 0x59e5, 0x7aa7, 0xbc2b, 0x9369, 0x7aa7, 0x7aa7, 0x9369, 0x59e5, 0x59e5,
    0x7aa7, 0x9369, 0x59e5, 0x7aa7, 0x7aa7, 0x9369, 0x8430, 0x59e5, 0x7aa7, 0xbc2b, 0x9369, 0x7aa7, 0x7aa7, 0x9369, 0x59e5, 0x59e5,
    0x7aa7, 0x9369, 0x59e5, 0x7aa7, 0x7aa7, 0x9369, 0x8430, 0x59e5, 0x7aa7, 0xbc2b, 0x9369, 0x7aa7, 0x7aa7, 0x9369, 0x59e5, 0x59e5,
    0x7aa7, 0x9369, 0x59e5, 0x7aa7, 0x7aa7, 0x9369, 0x8430, 0x59e5, 0x7aa7, 0xbc2b, 0x9369, 0x7aa7, 0x7aa7, 0x9369, 0x59e5, 0x59e5,
    0x7aa7, 0x9369, 0x59e5, 0x7aa7, 0x7aa7, 0x9369, 0x8430, 0x59e5, 0x7aa7, 0xbc2b, 0x9369, 0x7aa7, 0x7aa7, 0x9369, 0x59e5, 0x59e5,
    0x7aa7, 0x9369, 0x59e5, 0x7aa7, 0x7aa7, 0x9369, 0x8430, 0x59e5, 0x7aa7, 0xbc2b, 0x9369, 0x7aa7, 0x7aa7, 0x9369, 0x59e5, 0x59e5,
    0x7aa7, 0x9369, 0x59e5, 0x7aa7, 0x7aa7, 0x9369, 0x8430, 0x59e5, 0x7aa7, 0xbc2b, 0x9369, 0x7aa7, 0x7aa7, 0x9369, 0x59e5, 0x59e5,
    0x7aa7, 0x9369, 0x59e5, 0x7aa7, 0x7aa7, 0x9369, 0x8430, 0x59e5, 0x7aa7, 0xbc2b, 0x9369, 0x7aa7, 0x7aa7, 0x9369, 0x59e5, 0x59e5,
    0x7aa7, 0x9369, 0x59e5, 0x7aa7, 0x7aa7, 0x9369, 0x8430, 0x59e5, 0x7aa7, 0xbc2b, 0x9369, 0x7aa7, 0x7aa7, 0x9369, 0x59e5, 0x59e5,
    0x7aa7, 0x9369, 0x59e5, 0x7aa7, 0x7aa7, 0x9369, 0x8430, 0x59e5, 0x7aa7, 0xbc2b, 0x9369, 0x7aa7, 0x7aa7, 0x9369, 0x59e5, 0x59e5,
    0x7aa7, 0x9369, 0x59e5, 0x7aa7, 0x7aa7, 0x9369, 0x8430, 0x59e5, 0x7aa7, 0xbc2b, 0x9369, 0x7aa7, 0x7aa7, 0x9369, 0x59e5, 0x59e5,
    0x7aa7, 0x9369, 0x59e5, 0x7aa7, 0x7aa7, 0x9369, 0x8430, 0x59e5, 0x7aa7, 0xbc2b, 0x9369, 0x7aa7, 0x7aa7, 0x9369, 0x59e5, 0x59e5,
    0x7aa7, 0x9369, 0x59e5, 0x7aa7, 0x7aa7, 0x9369, 0x8430, 0x59e5, 0x7aa7, 0xbc2b, 0x9369, 0x7aa7, 0x7aa7, 0x9369, 0x59e5, 0x59e5,
    0x7aa7, 0x9369, 0x59e5, 0x7aa7, 0x7aa7, 0x9369, 0x8430, 0x59e5, 0x7aa7, 0xbc2b, 0x9369, 0x7aa7, 0x7aa7, 0x9369, 0x59e5, 0x59e5,
    0x7aa7, 0x9369, 0x59e5, 0x7aa7, 0x7aa7, 0x9369, 0x8430, 0x59e5, 0x7aa7, 0xbc2b, 0x9369, 0x7aa7, 0x7aa7, 0x9369, 0x59e5, 0x59e5,
    0x7aa7, 0x9369, 0x59e5, 0x7aa7, 0x7aa7, 0x9369, 0x8430, 0x59e5, 0x7aa7, 0xbc2b, 0x9369, 0x7aa7, 0x7aa7, 0x9369, 0x59e5, 0x59e5,
    0x7aa7, 0x9369, 0x59e5, 0x7aa7, 0x7aa7, 0x9369, 0x8430, 0x59e5, 0x7aa7, 0xbc2b, 0x9369, 0x7aa7, 0x7aa7, 0x9369, 0x59e5, 0x59e5,
    0x7aa7, 0x9369, 0x59e5, 0x7aa7, 0x7aa7, 0x9369, 0x8430, 0x59e5, 0x7aa7, 0xbc2b, 0x9369, 0x7aa7, 0x7aa7, 0x9369, 0x59e5, 0x59e5,
    0x7aa7, 0x9369, 0x59e5, 0x7aa7, 0x7aa7, 0x9369, 0x8430, 0x59e5, 0x7aa7, 0xbc2b, 0x9369, 0x7aa7, 0x7aa7, 0x9369, 0x59e5, 0x59e5,
    0x7aa7, 0x9369, 0x59e5, 0x7aa7, 0x7aa7, 0x9369, 0x8430, 0x59e5, 0x7aa7, 0xbc2b, 0x9369, 0x7aa7, 0x7aa7, 0x9369, 0x59e5, 0x59e5,
    0xbc2b, 0x7aa7, 0x7aa7, 0x59e5, 0xbc2b, 0x7aa7, 0x7aa7, 0x7aa7, 0xbc2b, 0x7aa7, 0x7aa7, 0x7aa7, 0x59e5, 0x59e5, 0xbc2b, 0x7aa7,
    0xbc2b, 0x7aa7, 0x7aa7, 0x59e5, 0xbc2b, 0x7aa7, 0x7aa7, 0x7aa7, 0xbc2b, 0x7aa7, 0x7aa7, 0x7aa7, 0x59e5, 0x59e5, 0xbc2b, 0x7aa7,
    0xbc2b, 0x7aa7, 0x7aa7, 0x59e5, 0xbc2b, 0x7aa7, 0x7aa7, 0x7aa7, 0xbc2b, 0x7aa7, 0x7aa7, 0x7aa7, 0x59e5, 0x59e5, 0xbc2b, 0x7aa7,
    0xbc2b, 0x7aa7, 0x7aa7, 0x59e5, 0xbc2b, 0x7aa7, 0x7aa7, 0x7aa7, 0xbc2b, 0x7aa7, 0x7aa7, 0x7aa7, 0x59e5, 0x59e5, 0xbc2b, 0x7aa7,
    0xbc2b, 0x7aa7, 0x7aa7, 0x59e5, 0xbc2b, 0x7aa7, 0x7aa7, 0x7aa7, 0xbc2b, 0x7aa7, 0x7aa7, 0x7aa7, 0x59e5, 0x59e5, 0xbc2b, 0x7aa7,
    0xbc2b, 0x7aa7, 0x7aa7, 0x59e5, 0xbc2b, 0x7aa7, 0x7aa7, 0x7aa7, 0xbc2b, 0x7aa7, 0x7aa7, 0x7aa7, 0x59e5, 0x59e5, 0xbc2b, 0x7aa7,
    0xbc2b, 0x7aa7, 0x7aa7, 0x59e5, 0xbc2b, 0x7aa7, 0x7aa7, 0x7aa7, 0xbc2b, 0x7aa7, 0x7aa7, 0x7aa7, 0x59e5, 0x59e5, 0xbc2b, 0x7aa7,
    0xbc2b, 0x7aa7, 0x7aa7, 0x59e5, 0xbc2b, 0x7aa7, 0x7aa7, 0x7aa7, 0xbc2b, 0x7aa7, 0x7aa7, 0x7aa7, 0x59e5, 0x59e5, 0xbc2b, 0x7aa7,
    0xbc2b, 0x7aa7, 0x7aa7, 0x59e5, 0xbc2b, 0x7aa7, 0x7aa7, 0x7aa7, 0xbc2b, 0x7aa7, 0x7aa7, 0x7aa7, 0x59e5, 0x59e5, 0xbc2b, 0x7aa7,
    0xbc2b, 0x7aa7, 0x7aa7, 0x59e5, 0xbc2b, 0x7aa7, 0x7aa7, 0x7aa7, 0xbc2b, 0x7aa7, 0x7aa7, 0x7aa7, 0x59e5, 0x59e5, 0xbc2b, 0x7aa7,
    0xbc2b, 0x7aa7, 0x7aa7, 0x59e5, 0xbc2b, 0x7aa7, 0x7aa7, 0x7aa7, 0xbc2b, 0x7aa7, 0x7aa7, 0x7aa7, 0x59e5, 0x59e5, 0xbc2b, 0x7aa7,
    0xbc2b, 0x7aa7, 0x7aa7, 0x59e5, 0xbc2b, 0x7aa7, 0x7aa7, 0x7aa7, 0xbc2b, 0x7aa7, 0x7aa7, 0x7aa7, 0x59e5, 0x59e5, 0xbc2b, 0x7aa7,
    0xbc2b, 0x7aa7, 0x7aa7, 0x59e5, 0xbc2b, 0x7aa7, 0x7aa7, 0x7aa7, 0xbc2b, 0x7aa7, 0x7aa7, 0x7aa7, 0x59e5, 0x59e5, 0xbc2b, 0x7aa7,
    0xbc2b, 0x7aa7, 0x7aa7, 0x59e5, 0xbc2b, 0x7aa7, 0x7aa7, 0x7aa7, 0xbc2b, 0x7aa7, 0x7aa7, 0x7aa7, 0x59e5, 0x59e5, 0xbc2b, 0x7aa7,
    0xbc2b, 0x7aa7, 0x7aa7, 0x59e5, 0xbc2b, 0x7aa7, 0x7aa7, 0x7aa7, 0xbc2b, 0x7aa7, 0x7aa7, 0x7aa7, 0x59e5, 0x59e5, 0xbc2b, 0x7aa7,
    0xbc2b, 0x7aa7, 0x7aa7, 0x59e5, 0xbc2b, 0x7aa7, 0x7aa7, 0x7aa7, 0xbc2b, 0x7aa7, 0x7aa7, 0x7aa7, 0x59e5, 0x59e5, 0xbc2b, 0x7aa7,
    0xbc2b, 0x7aa7, 0x7aa7, 0x59e5, 0xbc2b, 0x7aa7, 0x7aa7, 0x7aa7, 0xbc2b, 0x7aa7, 0x7aa7, 0x7aa7, 0x59e5, 0x59e5, 0xbc2b, 0x7aa7,
    0xbc2b, 0x7aa7, 0x7aa7, 0x59e5, 0xbc2b, 0x7aa7, 0x7aa7, 0x7aa7, 0xbc2b, 0x7aa7, 0x7aa7, 0x7aa7, 0x59e5, 0x59e5, 0xbc2b, 0x7aa7,
    0xbc2b, 0x7aa7, 0x7aa7, 0x59e5, 0xbc2b, 0x7aa7, 0x7aa7, 0x7aa7, 0xbc2b, 0x7aa7, 0x7aa7, 0x7aa7, 0x59e5, 0x59e5, 0xbc2b, 0x7aa7,
    0xbc2b, 0x7aa7, 0x7aa7, 0x59e5, 0xbc2b, 0x7aa7, 0x7aa7, 0x7aa7, 0xbc2b, 0x7aa7, 0x7aa7, 0x7aa7, 0x59e5, 0x59e5, 0xbc2b, 0x7aa7,
    0x9369, 0x6b6d, 0xbc2b, 0x7aa7, 0x9369, 0x59e5, 0x7aa7, 0xbc2b, 0x9369, 0x9369, 0x7aa7, 0x9369, 0x7aa7, 0xbc2b, 0x9369, 0x7aa7,
    0x9369, 0x6b6d, 0xbc2b, 0x7aa7, 0x9369, 0x59e5, 0x7aa7, 0xbc2b, 0x9369, 0x9369, 0x7aa7, 0x9369, 0x7aa7, 0xbc2b, 0x9369, 0x7aa7,
    0x9369, 0x6b6d, 0xbc2b, 0x7aa7, 0x9369, 0x59e5, 0x7aa7, 0xbc2b, 0x9369, 0x9369, 0x7aa7, 0x9369, 0x7aa7, 0xbc2b, 0x9369, 0x7aa7,
    0x9369, 0x6b6d, 0xbc2b, 0x7aa7, 0x9369, 0x59e5, 0x7aa7, 0xbc2b, 0x9369, 0x9369, 0x7aa7, 0x9369, 0x7aa7, 0xbc2b, 0x9369, 0x7aa7,
    0x9369, 0x6b6d, 0xbc2b, 0x7aa7, 0x9369, 0x59e5, 0x7aa7, 0xbc2b, 0x9369, 0x9369, 0x7aa7, 0x9369, 0x7aa7, 0xbc2b, 0x9369, 0x7aa7,
    0x9369, 0x6b6d, 0xbc2b, 0x7aa7, 0x9369, 0x59e5, 0x7aa7, 0xbc2b, 0x9369, 0x9369, 0x7aa7, 0x9369, 0x7aa7, 0xbc2b, 0x9369, 0x7aa7,
    0x9369, 0x6b6d, 0xbc2b, 0x7aa7, 0x9369, 0x59e5, 0x7aa7, 0xbc2b, 0x9369, 0x9369, 0x7aa7, 0x9369, 0x7aa7, 0xbc2b, 0x9369, 0x7aa7,
    0x9369, 0x6b6d, 0xbc2b, 0x7aa7, 0x9369, 0x59e5, 0x7aa7, 0xbc2b, 0x9369, 0x9369, 0x7aa7, 0x9369, 0x7aa7, 0xbc2b, 0x9369, 0x7aa7,
    0x9369, 0x6b6d, 0xbc2b, 0x7aa7, 0x9369, 0x59e5, 0x7aa7, 0xbc2b, 0x9369, 0x9369, 0x7aa7, 0x9369, 0x7aa7, 0xbc2b, 0x9369, 0x7aa7,
    0x9369, 0x6b6d, 0xbc2b, 0x7aa7, 0x9369, 0x59e5, 0x7aa7, 0xbc2b, 0x9369, 0x9369, 0x7aa7, 0x9369, 0x7aa7, 0xbc2b, 0x9369, 0x7aa7,
    0x9369, 0x6b6d, 0xbc2b, 0x7aa7, 0x9369, 0x59e5, 0x7aa7, 0xbc2b, 0x9369, 0x9369, 0x7aa7, 0x9369, 0x7aa7, 0xbc2b, 0x9369, 0x7aa7,
    0x9369, 0x6b6d, 0xbc2b, 0x7aa7, 0x9369, 0x59e5, 0x7aa7, 0xbc2b, 0x9369, 0x9369, 0x7aa7, 0x9369, 0x7aa7, 0xbc2b, 0x9369, 0x7aa7,
    0x9369, 0x6b6d, 0xbc2b, 0x7aa7, 0x9369, 0x59e5, 0x7aa7, 0xbc2b, 0x9369, 0x9369, 0x7aa7, 0x9369, 0x7aa7, 0xbc2b, 0x9369, 0x7aa7,
    0x9369, 0x6b6d, 0xbc2b, 0x7aa7, 0x9369, 0x59e5, 0x7aa7, 0xbc2b, 0x9369, 0x9369, 0x7aa7, 0x9369, 0x7aa7, 0xbc2b, 0x9369, 0x7aa7,
    0x9369, 0x6b6d, 0xbc2b, 0x7aa7, 0x9369, 0x59e5, 0x7aa7, 0xbc2b, 0x9369, 0x9369, 0x7aa7, 0x9369, 0x7aa7, 0xbc2b, 0x9369, 0x7aa7,
    0x9369, 0x6b6d, 0xbc2b, 0x7aa7, 0x9369, 0x59e5, 0x7aa7, 0xbc2b, 0x9369, 0x9369, 0x7aa7, 0x9369, 0x7aa7, 0xbc2b, 0x9369, 0x7aa7,
    0x9369, 0x6b6d, 0xbc2b, 0x7aa7, 0x9369, 0x59e5, 0x7aa7, 0xbc2b, 0x9369, 0x9369, 0x7aa7, 0x9369, 0x7aa7, 0xbc2b, 0x9369, 0x7aa7,
    0x9369, 0x6b6d, 0xbc2b, 0x7aa7, 0x9369, 0x59e5, 0x7aa7, 0xbc2b, 0x9369, 0x9369, 0x7aa7, 0x9369, 0x7aa7, 0xbc2b, 0x9369, 0x7aa7,
    0x9369, 0x6b6d, 0xbc2b, 0x7aa7, 0x9369, 0x59e5, 0x7aa7, 0xbc2b, 0x9369, 0x9369, 0x7aa7, 0x9369, 0x7aa7, 0xbc2b, 0x9369, 0x7aa7,
    0x9369, 0x6b6d, 0xbc2b, 0x7aa7, 0x9369, 0x59e5, 0x7aa7, 0xbc2b, 0x9369, 0x9369, 0x7aa7, 0x9369, 0x7aa7, 0xbc2b, 0x9369, 0x7aa7,
    0x9369, 0x7aa7, 0x9369, 0xbc2b, 0x59e5, 0x9369, 0x7aa7, 0x7aa7, 0x9369, 0x59e5, 0x7aa7, 0x6b6d, 0x7aa7, 0x9369, 0x59e5, 0x7aa7,
    0x9369, 0x7aa7, 0x9369, 0xbc2b, 0x59e5, 0x9369, 0x7aa7, 0x7aa7, 0x9369, 0x59e5, 0x7aa7, 0x6b6d, 0x7aa7, 0x9369, 0x59e5, 0x7aa7,
    0x9369, 0x7aa7, 0x9369, 0xbc2b, 0x59e5, 0x9369, 0x7aa7, 0x7aa7, 0x9369, 0x59e5, 0x7aa7, 0x6b6d, 0x7aa7, 0x9369, 0x59e5, 0x7aa7,
    0x9369, 0x7aa7, 0x9369, 0xbc2b, 0x59e5, 0x9369, 0x7aa7, 0x7aa7, 0x9369, 0x59e5, 0x7aa7, 0x6b6d, 0x7aa7, 0x9369, 0x59e5, 0x7aa7,
    0x9369, 0x7aa7, 0x9369, 0xbc2b, 0x59e5, 0x9369, 0x7aa7, 0x7aa7, 0x9369, 0x59e5, 0x7aa7, 0x6b6d, 0x7aa7, 0x9369, 0x59e5, 0x7aa7,
    0x9369, 0x7aa7, 0x9369, 0xbc2b, 0x59e5, 0x9369, 0x7aa7, 0x7aa7, 0x9369, 0x59e5, 0x7aa7, 0x6b6d, 0x7aa7, 0x9369, 0x59e5, 0x7aa7,
    0x9369, 0x7aa7, 0x9369, 0xbc2b, 0x59e5, 0x9369, 0x7aa7, 0x7aa7, 0x9369, 0x59e5, 0x7aa7, 0x6b6d, 0x7aa7, 0x9369, 0x59e5, 0x7aa7,
    0x9369, 0x7aa7, 0x9369, 0xbc2b, 0x59e5, 0x9369, 0x7aa7, 0x7aa7, 0x9369, 0x59e5, 0x7aa7, 0x6b6d, 0x7aa7, 0x9369, 0x59e5, 0x7aa7,
    0x9369, 0x7aa7, 0x9369, 0xbc2b, 0x59e5, 0x9369, 0x7aa7, 0x7aa7, 0x9369, 0x59e5, 0x7aa7, 0x6b6d, 0x7aa7, 0x9369, 0x59e5, 0x7aa7,
    0x9369, 0x7aa7, 0x9369, 0xbc2b, 0x59e5, 0x9369, 0x7aa7, 0x7aa7, 0x9369, 0x59e5, 0x7aa7, 0x6b6d, 0x7aa7, 0x9369, 0x59e5, 0x7aa7,
    0x9369, 0x7aa7, 0x9369, 0xbc2b, 0x59e5, 0x9369, 0x7aa7, 0x7aa7, 0x9369, 0x59e5, 0x7aa7, 0x6b6d, 0x7aa7, 0x9369, 0x59e5, 0x7aa7,
    0x9369, 0x7aa7, 0x9369, 0xbc2b, 0x59e5, 0x9369, 0x7aa7, 0x7aa7, 0x9369, 0x59e5, 0x7aa7, 0x6b6d, 0x7aa7, 0x9369, 0x59e5, 0x7aa7,
    0x9369, 0x7aa7, 0x9369, 0xbc2b, 0x59e5, 0x9369, 0x7aa7, 0x7aa7, 0x9369, 0x59e5, 0x7aa7, 0x6b6d, 0x7aa7, 0x9369, 0x59e5, 0x7aa7,
    0x9369, 0x7aa7, 0x9369, 0xbc2b, 0x59e5, 0x9369, 0x7aa7, 0x7aa7, 0x9369, 0x59e5, 0x7aa7, 0x6b6d, 0x7aa7, 0x9369, 0x59e5, 0x7aa7,
    0x9369, 0x7aa7, 0x9369, 0xbc2b, 0x59e5, 0x9369, 0x7aa7, 0x7aa7, 0x9369, 0x59e5, 0x7aa7, 0x6b6d, 0x7aa7, 0x9369, 0x59e5, 0x7aa7,
    0x9369, 0x7aa7, 0x9369, 0xbc2b, 0x59e5, 0x9369, 0x7aa7, 0x7aa7, 0x9369, 0x59e5, 0x7aa7, 0x6b6d, 0x7aa7, 0x9369, 0x59e5, 0x7aa7,
    0x9369, 0x7aa7, 0x9369, 0xbc2b, 0x59e5, 0x9369, 0x7aa7, 0x7aa7, 0x9369, 0x59e5, 0x7aa7, 0x6b6d, 0x7aa7, 0x9369, 0x59e5, 0x7aa7,
    0x9369, 0x7aa7, 0x9369, 0xbc2b, 0x59e5, 0x9369, 0x7aa7, 0x7aa7, 0x9369, 0x59e5, 0x7aa7, 0x6b6d, 0x7aa7, 0x9369, 0x59e5, 0x7aa7,
    0x9369, 0x7aa7, 0x9369, 0xbc2b, 0x59e5, 0x9369, 0x7aa7, 0x7aa7, 0x9369, 0x59e5, 0x7aa7, 0x6b6d, 0x7aa7, 0x9369, 0x59e5, 0x7aa7,
    0x9369, 0x7aa7, 0x9369, 0xbc2b, 0x59e5, 0x9369, 0x7aa7, 0x7aa7, 0x9369, 0x59e5, 0x7aa7, 0x6b6d, 0x7aa7, 0x9369, 0x59e5, 0x7aa7,
    0x7aa7, 0x59e5, 0x9369, 0x9369, 0x7aa7, 0x9369, 0x59e5, 0x59e5, 0x59e5, 0x7aa7, 0x7aa7, 0x59e5, 0x7aa7, 0x7aa7, 0x7aa7, 0xbc2b,
    0x7aa7, 0x59e5, 0x9369, 0x9369, 0x7aa7, 0x9369, 0x59e5, 0x59e5, 0x59e5, 0x7aa7, 0x7aa7, 0x59e5, 0x7aa7, 0x7aa7, 0x7aa7, 0xbc2b,
    0x7aa7, 0x59e5, 0x9369, 0x9369, 0x7aa7, 0x9369, 0x59e5, 0x59e5, 0x59e5, 0x7aa7, 0x7aa7, 0x59e5, 0x7aa7, 0x7aa7, 0x7aa7, 0xbc2b,
    0x7aa7, 0x59e5, 0x9369, 0x9369, 0x7aa7, 0x9369, 0x59e5, 0x59e5, 0x59e5, 0x7aa7, 0x7aa7, 0x59e5, 0x7aa7, 0x7aa7, 0x7aa7, 0xbc2b,
    0x7aa7, 0x59e5, 0x9369, 0x9369, 0x7aa7, 0x9369, 0x59e5, 0x59e5, 0x59e5, 0x7aa7, 0x7aa7, 0x59e5, 0x7aa7, 0x7aa7, 0x7aa7, 0xbc2b,
    0x7aa7, 0x59e5, 0x9369, 0x9369, 0x7aa7, 0x9369, 0x59e5, 0x59e5, 0x59e5, 0x7aa7, 0x7aa7, 0x59e5, 0x7aa7, 0x7aa7, 0x7aa7, 0xbc2b,
    0x7aa7, 0x59e5, 0x9369, 0x9369, 0x7aa7, 0x9369, 0x59e5, 0x59e5, 0x59e5, 0x7aa7, 0x7aa7, 0x59e5, 0x7aa7, 0x7aa7, 0x7aa7, 0xbc2b,
    0x7aa7, 0x59e5, 0x9369, 0x9369, 0x7aa7, 0x9369, 0x59e5, 0x59e5, 0x59e5, 0x7aa7, 0x7aa7, 0x59e5, 0x7aa7, 0x7aa7, 0x7aa7, 0xbc2b,
    0x7aa7, 0x59e5, 0x9369, 0x9369, 0x7aa7, 0x9369, 0x59e5, 0x59e5, 0x59e5, 0x7aa7, 0x7aa7, 0x59e5, 0x7aa7, 0x7aa7, 0x7aa7, 0xbc2b,
    0x7aa7, 0x59e5, 0x9369, 0x9369, 0x7aa7, 0x9369, 0x59e5, 0x59e5, 0x59e5, 0x7aa7, 0x7aa7, 0x59e5, 0x7aa7, 0x7aa7, 0x7aa7, 0xbc2b,
    0x7aa7, 0x59e5, 0x9369, 0x9369, 0x7aa7, 0x9369, 0x59e5, 0x59e5, 0x59e5, 0x7aa7, 0x7aa7, 0x59e5, 0x7aa7, 0x7aa7, 0x7aa7, 0xbc2b,
    0x7aa7, 0x59e5, 0x9369, 0x9369, 0x7aa7, 0x9369, 0x59e5, 0x59e5, 0x59e5, 0x7aa7, 0x7aa7, 0x59e5, 0x7aa7, 0x7aa7, 0x7aa7, 0xbc2b,
    0x7aa7, 0x59e5, 0x9369, 0x9369, 0x7aa7, 0x9369, 0x59e5, 0x59e5, 0x59e5, 0x7aa7, 0x7aa7, 0x59e5, 0x7aa7, 0x7aa7, 0x7aa7, 0xbc2b,
    0x7aa7, 0x59e5, 0x9369, 0x9369, 0x7aa7, 0x9369, 0x59e5, 0x59e5, 0x59e5, 0x7aa7, 0x7aa7, 0x59e5, 0x7aa7, 0x7aa7, 0x7aa7, 0xbc2b,
    0x7aa7, 0x59e5, 0x9369, 0x9369, 0x7aa7, 0x9369, 0x59e5, 0x59e5, 0x59e5, 0x7aa7, 0x7aa7, 0x59e5, 0x7aa7, 0x7aa7, 0x7aa7, 0xbc2b,
    0x7aa7, 0x59e5, 0x9369, 0x9369, 0x7aa7, 0x9369, 0x59e5, 0x59e5, 0x59e5, 0x7aa7, 0x7aa7, 0x59e5, 0x7aa7, 0x7aa7, 0x7aa7, 0xbc2b,
    0x7aa7, 0x59e5, 0x9369, 0x9369, 0x7aa7, 0x9369, 0x59e5, 0x59e5, 0x59e5, 0x7aa7, 0x7aa7, 0x59e5, 0x7aa7, 0x7aa7, 0x7aa7, 0xbc2b,
    0x7aa7, 0x59e5, 0x9369, 0x9369, 0x7aa7, 0x9369, 0x59e5, 0x59e5, 0x59e5, 0x7aa7, 0x7aa7, 0x59e5, 0x7aa7, 0x7aa7, 0x7aa7, 0xbc2b,
    0x7aa7, 0x59e5, 0x9369, 0x9369, 0x7aa7, 0x9369, 0x59e5, 0x59e5, 0x59e5, 0x7aa7, 0x7aa7, 0x59e5, 0x7aa7, 0x7aa7, 0x7aa7, 0xbc2b,
    0x7aa7, 0x59e5, 0x9369, 0x9369, 0x7aa7, 0x9369, 0x59e5, 0x59e5, 0x59e5, 0x7aa7, 0x7aa7, 0x59e5, 0x7aa7, 0x7aa7, 0x7aa7, 0xbc2b,
    0xbc2b, 0x59e5, 0x7aa7, 0x7aa7, 0x8430, 0x7aa7, 0x7aa7, 0xbc2b, 0xbc2b, 0x7aa7, 0xbc2b, 0xbc2b, 0x7aa7, 0x9369, 0x7aa7, 0x9369,
    0xbc2b, 0x59e5, 0x7aa7, 0x7aa7, 0x8430, 0x7aa7, 0x7aa7, 0xbc2b, 0xbc2b, 0x7aa7, 0xbc2b, 0xbc2b, 0x7aa7, 0x9369, 0x7aa7, 0x9369,
    0xbc2b, 0x59e5, 0x7aa7, 0x7aa7, 0x8430, 0x7aa7, 0x7aa7, 0xbc2b, 0xbc2b, 0x7aa7, 0xbc2b, 0xbc2b, 0x7aa7, 0x9369, 0x7aa7, 0x9369,
    0xbc2b, 0x59e5, 0x7aa7, 0x7aa7, 0x8430, 0x7aa7, 0x7aa7, 0xbc2b, 0xbc2b, 0x7aa7, 0xbc2b, 0xbc2b, 0x7aa7, 0x9369, 0x7aa7, 0x9369,
    0xbc2b, 0x59e5, 0x7aa7, 0x7aa7, 0x8430, 0x7aa7, 0x7aa7, 0xbc2b, 0xbc2b, 0x7aa7, 0xbc2b, 0xbc2b, 0x7aa7, 0x9369, 0x7aa7, 0x9369,
    0xbc2b, 0x59e5, 0x7aa7, 0x7aa7, 0x8430, 0x7aa7, 0x7aa7, 0xbc2b, 0xbc2b, 0x7aa7, 0xbc2b, 0xbc2b, 0x7aa7, 0x9369, 0x7aa7, 0x9369,
    0xbc2b, 0x59e5, 0x7aa7, 0x7aa7, 0x8430, 0x7aa7, 0x7aa7, 0xbc2b, 0xbc2b, 0x7aa7, 0xbc2b, 0xbc2b, 0x7aa7, 0x9369, 0x7aa7, 0x9369,
    0xbc2b, 0x59e5, 0x7aa7, 0x7aa7, 0x8430, 0x7aa7, 0x7aa7, 0xbc2b, 0xbc2b, 0x7aa7, 0xbc2b, 0xbc2b, 0x7aa7, 0x9369, 0x7aa7, 0x9369,
    0xbc2b, 0x59e5, 0x7aa7, 0x7aa7, 0x8430, 0x7aa7, 0x7aa7, 0xbc2b, 0xbc2b, 0x7aa7, 0xbc2b, 0xbc2b, 0x7aa7, 0x9369, 0x7aa7, 0x9369,
    0xbc2b, 0x59e5, 0x7aa7, 0x7aa7, 0x8430, 0x7aa7, 0x7aa7, 0xbc2b, 0xbc2b, 0x7aa7, 0xbc2b, 0xbc2b, 0x7aa7, 0x9369, 0x7aa7, 0x9369,
    0xbc2b, 0x59e5, 0x7aa7, 0x7aa7, 0x8430, 0x7aa7, 0x7aa7, 0xbc2b, 0xbc2b, 0x7aa7, 0xbc2b, 0xbc2b, 0x7aa7, 0x9369, 0x7aa7, 0x9369,
    0xbc2b, 0x59e5, 0x7aa7, 0x7aa7, 0x8430, 0x7aa7, 0x7aa7, 0xbc2b, 0xbc2b, 0x7aa7, 0xbc2b, 0xbc2b, 0x7aa7, 0x9369, 0x7aa7, 0x9369,
    0xbc2b, 0x59e5, 0x7aa7, 0x7aa7, 0x8430, 0x7aa7, 0x7aa7, 0xbc2b, 0xbc2b, 0x7aa7, 0xbc2b, 0xbc2b, 0x7aa7, 0x9369, 0x7aa7, 0x9369,
    0xbc2b, 0x59e5, 0x7aa7, 0x7aa7, 0x8430, 0x7aa7, 0x7aa7, 0xbc2b, 0xbc2b, 0x7aa7, 0xbc2b, 0xbc2b, 0x7aa7, 0x9369, 0x7aa7, 0x9369,
    0xbc2b, 0x59e5, 0x7aa7, 0x7aa7, 0x8430, 0x7aa7, 0x7aa7, 0xbc2b, 0xbc2b, 0x7aa7, 0xbc2b, 0xbc2b, 0x7aa7, 0x9369, 0x7aa7, 0x9369,
    0xbc2b, 0x59e5, 0x7aa7, 0x7aa7, 0x8430, 0x7aa7, 0x7aa7, 0xbc2b, 0xbc2b, 0x7aa7, 0xbc2b, 0xbc2b, 0x7aa7, 0x9369, 0x7aa7, 0x9369,
    0xbc2b, 0x59e5, 0x7aa7, 0x7aa7, 0x8430, 0x7aa7, 0x7aa7, 0xbc2b, 0xbc2b, 0x7aa7, 0xbc2b, 0xbc2b, 0x7aa7, 0x9369, 0x7aa7, 0x9369,
    0xbc2b, 0x59e5, 0x7aa7, 0x7aa7, 0x8430, 0x7aa7, 0x7aa7, 0xbc2b, 0xbc2b, 0x7aa7, 0xbc2b, 0xbc2b, 0x7aa7, 0x9369, 0x7aa7, 0x9369,
    0xbc2b, 0x59e5, 0x7aa7, 0x7aa7, 0x8430, 0x7aa7, 0x7aa7, 0xbc2b, 0xbc2b, 0x7aa7, 0xbc2b, 0xbc2b, 0x7aa7, 0x9369, 0x7aa7, 0x9369,
    0xbc2b, 0x59e5, 0x7aa7, 0x7aa7, 0x8430, 0x7aa7, 0x7aa7, 0xbc2b, 0xbc2b, 0x7aa7, 0xbc2b, 0xbc2b, 0x7aa7, 0x9369, 0x7aa7, 0x9369,
    0xbc2b, 0x7aa7, 0xbc2b, 0xbc2b, 0x9369, 0x9369, 0x7aa7, 0x7aa7, 0x9369, 0x59e5, 0x9369, 0x9369, 0x7aa7, 0x7aa7, 0x9369, 0x9369,
    0xbc2b, 0x7aa7, 0xbc2b, 0xbc2b, 0x9369, 0x9369, 0x7aa7, 0x7aa7, 0x9369, 0x59e5, 0x9369, 0x9369, 0x7aa7, 0x7aa7, 0x9369, 0x9369,
    0xbc2b, 0x7aa7, 0xbc2b, 0xbc2b, 0x9369, 0x9369, 0x7aa7, 0x7aa7, 0x9369, 0x59e5, 0x9369, 0x9369, 0x7aa7, 0x7aa7, 0x9369, 0x9369,
    0xbc2b, 0x7aa7, 0xbc2b, 0xbc2b, 0x9369, 0x9369, 0x7aa7, 0x7aa7, 0x9369, 0x59e5, 0x9369, 0x9369, 0x7aa7, 0x7aa7, 0x9369, 0x9369,
    0xbc2b, 0x7aa7, 0xbc2b, 0xbc2b, 0x9369, 0x9369, 0x7aa7, 0x7aa7, 0x9369, 0x59e5, 0x9369, 0x9369, 0x7aa7, 0x7aa7, 0x9369, 0x9369,
    0xbc2b, 0x7aa7, 0xbc2b, 0xbc2b, 0x9369, 0x9369, 0x7aa7, 0x7aa7, 0x9369, 0x59e5, 0x9369, 0x9369, 0x7aa7, 0x7aa7, 0x9369, 0x9369,
    0xbc2b, 0x7aa7, 0xbc2b, 0xbc2b, 0x9369, 0x9369, 0x7aa7, 0x7aa7, 0x9369, 0x59e5, 0x9369, 0x9369, 0x7aa7, 0x7aa7, 0x9369, 0x9369,
    0xbc2b, 0x7aa7, 0xbc2b, 0xbc2b, 0x9369, 0x9369, 0x7aa7, 0x7aa7, 0x9369, 0x59e5, 0x9369, 0x9369, 0x7aa7, 0x7aa7, 0x9369, 0x9369,
    0xbc2b, 0x7aa7, 0xbc2b, 0xbc2b, 0x9369, 0x9369, 0x7aa7, 0x7aa7, 0x9369, 0x59e5, 0x9369, 0x9369, 0x7aa7, 0x7aa7, 0x9369, 0x9369,
    0xbc2b, 0x7aa7, 0xbc2b, 0xbc2b, 0x9369, 0x9369, 0x7aa7, 0x7aa7, 0x9369, 0x59e5, 0x9369, 0x9369, 0x7aa7, 0x7aa7, 0x9369, 0x9369,
    0xbc2b, 0x7aa7, 0xbc2b, 0xbc2b, 0x9369, 0x9369, 0x7aa7, 0x7aa7, 0x9369, 0x59e5, 0x9369, 0x9369, 0x7aa7, 0x7aa7, 0x9369, 0x9369,
    0xbc2b, 0x7aa7, 0xbc2b, 0xbc2b, 0x9369, 0x9369, 0x7aa7, 0x7aa7, 0x9369, 0x59e5, 0x9369, 0x9369, 0x7aa7, 0x7aa7, 0x9369, 0x9369,
    0xbc2b, 0x7aa7, 0xbc2b, 0xbc2b, 0x9369, 0x9369, 0x7aa7, 0x7aa7, 0x9369, 0x59e5, 0x9369, 0x9369, 0x7aa7, 0x7aa7, 0x9369, 0x9369,
    0xbc2b, 0x7aa7, 0xbc2b, 0xbc2b, 0x9369, 0x9369, 0x7aa7, 0x7aa7, 0x9369, 0x59e5, 0x9369, 0x9369, 0x7aa7, 0x7aa7, 0x9369, 0x9369,
    0xbc2b, 0x7aa7, 0xbc2b, 0xbc2b, 0x9369, 0x9369, 0x7aa7, 0x7aa7, 0x9369, 0x59e5, 0x9369, 0x9369, 0x7aa7, 0x7aa7, 0x9369, 0x9369,
    0xbc2b, 0x7aa7, 0xbc2b, 0xbc2b, 0x9369, 0x9369, 0x7aa7, 0x7aa7, 0x9369, 0x59e5, 0x9369, 0x9369, 0x7aa7, 0x7aa7, 0x9369, 0x9369,
    0xbc2b, 0x7aa7, 0xbc2b, 0xbc2b, 0x9369, 0x9369, 0x7aa7, 0x7aa7, 0x9369, 0x59e5, 0x9369, 0x9369, 0x7aa7, 0x7aa7, 0x9369, 0x9369,
    0xbc2b, 0x7aa7, 0xbc2b, 0xbc2b, 0x9369, 0x9369, 0x7aa7, 0x7aa7, 0x9369, 0x59e5, 0x9369, 0x9369, 0x7aa7, 0x7aa7, 0x9369, 0x9369,
    0xbc2b, 0x7aa7, 0xbc2b, 0xbc2b, 0x9369, 0x9369, 0x7aa7, 0x7aa7, 0x9369, 0x59e5, 0x9369, 0x9369, 0x7aa7, 0x7aa7, 0x9369, 0x9369,
    0xbc2b, 0x7aa7, 0xbc2b, 0xbc2b, 0x9369, 0x9369, 0x7aa7, 0x7aa7, 0x9369, 0x59e5, 0x9369, 0x9369, 0x7aa7, 0x7aa7, 0x9369, 0x9369,
    0x9369, 0x7aa7, 0x7aa7, 0x9369, 0x7aa7, 0x9369, 0x7aa7, 0x59e5, 0x7aa7, 0x9369, 0x9369, 0x7aa7, 0x7aa7, 0x7aa7, 0x59e5, 0x7aa7,
    0x9369, 0x7aa7, 0x7aa7, 0x9369, 0x7aa7, 0x9369, 0x7aa7, 0x59e5, 0x7aa7, 0x9369, 0x9369, 0x7aa7, 0x7aa7, 0x7aa7, 0x59e5, 0x7aa7,
    0x9369, 0x7aa7, 0x7aa7, 0x9369, 0x7aa7, 0x9369, 0x7aa7, 0x59e5, 0x7aa7, 0x9369, 0x9369, 0x7aa7, 0x7aa7, 0x7aa7, 0x59e5, 0x7aa7,
    0x9369, 0x7aa7, 0x7aa7, 0x9369, 0x7aa7, 0x9369, 0x7aa7, 0x59e5, 0x7aa7, 0x9369, 0x9369, 0x7aa7, 0x7aa7, 0x7aa7, 0x59e5, 0x7aa7,
    0x9369, 0x7aa7, 0x7aa7, 0x9369, 0x7aa7, 0x9369, 0x7aa7, 0x59e5, 0x7aa7, 0x9369, 0x9369, 0x7aa7, 0x7aa7, 0x7aa7, 0x59e5, 0x7aa7,
    0x9369, 0x7aa7, 0x7aa7, 0x9369, 0x7aa7, 0x9369, 0x7aa7, 0x59e5, 0x7aa7, 0x9369, 0x9369, 0x7aa7, 0x7aa7, 0x7aa7, 0x59e5, 0x7aa7,
    0x9369, 0x7aa7, 0x7aa7, 0x9369, 0x7aa7, 0x9369, 0x7aa7, 0x59e5, 0x7aa7, 0x9369, 0x9369, 0x7aa7, 0x7aa7, 0x7aa7, 0x59e5, 0x7aa7,
    0x9369, 0x7aa7, 0x7aa7, 0x9369, 0x7aa7, 0x9369, 0x7aa7, 0x59e5, 0x7aa7, 0x9369, 0x9369, 0x7aa7, 0x7aa7, 0x7aa7, 0x59e5, 0x7aa7,
    0x9369, 0x7aa7, 0x7aa7, 0x9369, 0x7aa7, 0x9369, 0x7aa7, 0x59e5, 0x7aa7, 0x9369, 0x9369, 0x7aa7, 0x7aa7, 0x7aa7, 0x59e5, 0x7aa7,
    0x9369, 0x7aa7, 0x7aa7, 0x9369, 0x7aa7, 0x9369, 0x7aa7, 0x59e5, 0x7aa7, 0x9369, 0x9369, 0x7aa7, 0x7aa7, 0x7aa7, 0x59e5, 0x7aa7,
    0x9369, 0x7aa7, 0x7aa7, 0x9369, 0x7aa7, 0x9369, 0x7aa7, 0x59e5, 0x7aa7, 0x9369, 0x9369, 0x7aa7, 0x7aa7, 0x7aa7, 0x59e5, 0x7aa7,
    0x9369, 0x7aa7, 0x7aa7, 0x9369, 0x7aa7, 0x9369, 0x7aa7, 0x59e5, 0x7aa7, 0x9369, 0x9369, 0x7aa7, 0x7aa7, 0x7aa7, 0x59e5, 0x7aa7,
    0x9369, 0x7aa7, 0x7aa7, 0x9369, 0x7aa7, 0x9369, 0x7aa7, 0x59e5, 0x7aa7, 0x9369, 0x9369, 0x7aa7, 0x7aa7, 0x7aa7, 0x59e5, 0x7aa7,
    0x9369, 0x7aa7, 0x7aa7, 0x9369, 0x7aa7, 0x9369, 0x7aa7, 0x59e5, 0x7aa7, 0x9369, 0x9369, 0x7aa7, 0x7aa7, 0x7aa7, 0x59e5, 0x7aa7,
    0x9369, 0x7aa7, 0x7aa7, 0x9369, 0x7aa7, 0x9369, 0x7aa7, 0x59e5, 0x7aa7, 0x9369, 0x9369, 0x7aa7, 0x7aa7, 0x7aa7, 0x59e5, 0x7aa7,
    0x9369, 0x7aa7, 0x7aa7, 0x9369, 0x7aa7, 0x9369, 0x7aa7, 0x59e5, 0x7aa7, 0x9369, 0x9369, 0x7aa7, 0x7aa7, 0x7aa7, 0x59e5, 0x7aa7,
    0x9369, 0x7aa7, 0x7aa7, 0x9369, 0x7aa7, 0x9369, 0x7aa7, 0x59e5, 0x7aa7, 0x9369, 0x9369, 0x7aa7, 0x7aa7, 0x7aa7, 0x59e5, 0x7aa7,
    0x9369, 0x7aa7, 0x7aa7, 0x9369, 0x7aa7, 0x9369, 0x7aa7, 0x59e5, 0x7aa7, 0x9369, 0x9369, 0x7aa7, 0x7aa7, 0x7aa7, 0x59e5, 0x7aa7,
    0x9369, 0x7aa7, 0x7aa7, 0x9369, 0x7aa7, 0x9369, 0x7aa7, 0x59e5, 0x7aa7, 0x9369, 0x9369, 0x7aa7, 0x7aa7, 0x7aa7, 0x59e5, 0x7aa7,
    0x9369, 0x7aa7, 0x7aa7, 0x9369, 0x7aa7, 0x9369, 0x7aa7, 0x59e5, 0x7aa7, 0x9369, 0x9369, 0x7aa7, 0x7aa7, 0x7aa7, 0x59e5, 0x7aa7,
    0x9369, 0x9369, 0x59e5, 0x7aa7, 0x7aa7, 0x59e5, 0x59e5, 0x7aa7, 0x7aa7, 0x7aa7, 0x7aa7, 0x7aa7, 0xbc2b, 0xbc2b, 0x7aa7, 0x9369,
    0x9369, 0x9369, 0x59e5, 0x7aa7, 0x7aa7, 0x59e5, 0x59e5, 0x7aa7, 0x7aa7, 0x7aa7, 0x7aa7, 0x7aa7, 0xbc2b, 0xbc2b, 0x7aa7, 0x9369,
    0x9369, 0x9369, 0x59e5, 0x7aa7, 0x7aa7, 0x59e5, 0x59e5, 0x7aa7, 0x7aa7, 0x7aa7, 0x7aa7, 0x7aa7, 0xbc2b, 0xbc2b, 0x7aa7, 0x9369,
    0x9369, 0x9369, 0x59e5, 0x7aa7, 0x7aa7, 0x59e5, 0x59e5, 0x7aa7, 0x7aa7, 0x7aa7, 0x7aa7, 0x7aa7, 0xbc2b, 0xbc2b, 0x7aa7, 0x9369,
    0x9369, 0x9369, 0x59e5, 0x7aa7, 0x7aa7, 0x59e5, 0x59e5, 0x7aa7, 0x7aa7, 0x7aa7, 0x7aa7, 0x7aa7, 0xbc2b, 0xbc2b, 0x7aa7, 0x9369,
    0x9369, 0x9369, 0x59e5, 0x7aa7, 0x7aa7, 0x59e5, 0x59e5, 0x7aa7, 0x7aa7, 0x7aa7, 0x7aa7, 0x7aa7, 0xbc2b, 0xbc2b, 0x7aa7, 0x9369,
    0x9369, 0x9369, 0x59e5, 0x7aa7, 0x7aa7, 0x59e5, 0x59e5, 0x7aa7, 0x7aa7, 0x7aa7, 0x7aa7, 0x7aa7, 0xbc2b, 0xbc2b, 0x7aa7, 0x9369,
    0x9369, 0x9369, 0x59e5, 0x7aa7, 0x7aa7, 0x59e5, 0x59e5, 0x7aa7, 0x7aa7, 0x7aa7, 0x7aa7, 0x7aa7, 0xbc2b, 0xbc2b, 0x7aa7, 0x9369,
    0x9369, 0x9369, 0x59e5, 0x7aa7, 0x7aa7, 0x59e5, 0x59e5, 0x7aa7, 0x7aa7, 0x7aa7, 0x7aa7, 0x7aa7, 0xbc2b, 0xbc2b, 0x7aa7, 0x9369,
    0x9369, 0x9369, 0x59e5, 0x7aa7, 0x7aa7, 0x59e5, 0x59e5, 0x7aa7, 0x7aa7, 0x7aa7, 0x7aa7, 0x7aa7, 0xbc2b, 0xbc2b, 0x7aa7, 0x9369,
    0x9369, 0x9369, 0x59e5, 0x7aa7, 0x7aa7, 0x59e5, 0x59e5, 0x7aa7, 0x7aa7, 0x7aa7, 0x7aa7, 0x7aa7, 0xbc2b, 0xbc2b, 0x7aa7, 0x9369,
    0x9369, 0x9369, 0x59e5, 0x7aa7, 0x7aa7, 0x59e5, 0x59e5, 0x7aa7, 0x7aa7, 0x7aa7, 0x7aa7, 0x7aa7, 0xbc2b, 0xbc2b, 0x7aa7, 0x9369,
    0x9369, 0x9369, 0x59e5, 0x7aa7, 0x7aa7, 0x59e5, 0x59e5, 0x7aa7, 0x7aa7, 0x7aa7, 0x7aa7, 0x7aa7, 0xbc2b, 0xbc2b, 0x7aa7, 0x9369,
    0x9369, 0x9369, 0x59e5, 0x7aa7, 0x7aa7, 0x59e5, 0x59e5, 0x7aa7, 0x7aa7, 0x7aa7, 0x7aa7, 0x7aa7, 0xbc2b, 0xbc2b, 0x7aa7, 0x9369,
    0x9369, 0x9369, 0x59e5, 0x7aa7, 0x7aa7, 0x59e5, 0x59e5, 0x7aa7, 0x7aa7, 0x7aa7, 0x7aa7, 0x7aa7, 0xbc2b, 0xbc2b, 0x7aa7, 0x9369,
    0x9369, 0x9369, 0x59e5, 0x7aa7, 0x7aa7, 0x59e5, 0x59e5, 0x7aa7, 0x7aa7, 0x7aa7, 0x7aa7, 0x7aa7, 0xbc2b, 0xbc2b, 0x7aa7, 0x9369,
    0x9369, 0x9369, 0x59e5, 0x7aa7, 0x7aa7, 0x59e5, 0x59e5, 0x7aa7, 0x7aa7, 0x7aa7, 0x7aa7, 0x7aa7, 0xbc2b, 0xbc2b, 0x7aa7, 0x9369,
    0x9369, 0x9369, 0x59e5, 0x7aa7, 0x7aa7, 0x59e5, 0x59e5, 0x7aa7, 0x7aa7, 0x7aa7, 0x7aa7, 0x7aa7, 0xbc2b, 0xbc2b, 0x7aa7, 0x9369,
    0x9369, 0x9369, 0x59e5, 0x7aa7, 0x7aa7, 0x59e5, 0x59e5, 0x7aa7, 0x7aa7, 0x7aa7, 0x7aa7, 0x7aa7, 0xbc2b, 0xbc2b, 0x7aa7, 0x9369,
    0x9369, 0x9369, 0x59e5, 0x7aa7, 0x7aa7, 0x59e5, 0x59e5, 0x7aa7, 0x7aa7, 0x7aa7, 0x7aa7, 0x7aa7, 0xbc2b, 0xbc2b, 0x7aa7, 0x9369,
    0x9369, 0x9369, 0x7aa7, 0xbc2b, 0xbc2b, 0x7aa7, 0xbc2b, 0x9369, 0x59e5, 0xbc2b, 0xbc2b, 0x7aa7, 0x9369, 0x9369, 0x8430, 0x7aa7,
    0x9369, 0x9369, 0x7aa7, 0xbc2b, 0xbc2b, 0x7aa7, 0xbc2b, 0x9369, 0x59e5, 0xbc2b, 0xbc2b, 0x7aa7, 0x9369, 0x9369, 0x8430, 0x7aa7,
    0x9369, 0x9369, 0x7aa7, 0xbc2b, 0xbc2b, 0x7aa7, 0xbc2b, 0x9369, 0x59e5, 0xbc2b, 0xbc2b, 0x7aa7, 0x9369, 0x9369, 0x8430, 0x7aa7,
    0x9369, 0x9369, 0x7aa7, 0xbc2b, 0xbc2b, 0x7aa7, 0xbc2b, 0x9369, 0x59e5, 0xbc2b, 0xbc2b, 0x7aa7, 0x9369, 0x9369, 0x8430, 0x7aa7,
    0x9369, 0x9369, 0x7aa7, 0xbc2b, 0xbc2b, 0x7aa7, 0xbc2b, 0x9369, 0x59e5, 0xbc2b, 0xbc2b, 0x7aa7, 0x9369, 0x9369, 0x8430, 0x7aa7,
    0x9369, 0x9369, 0x7aa7, 0xbc2b, 0xbc2b, 0x7aa7, 0xbc2b, 0x9369, 0x59e5, 0xbc2b, 0xbc2b, 0x7aa7, 0x9369, 0x9369, 0x8430, 0x7aa7,
    0x9369, 0x9369, 0x7aa7, 0xbc2b, 0xbc2b, 0x7aa7, 0xbc2b, 0x9369, 0x59e5, 0xbc2b, 0xbc2b, 0x7aa7, 0x9369, 0x9369, 0x8430, 0x7aa7,
    0x9369, 0x9369, 0x7aa7, 0xbc2b, 0xbc2b, 0x7aa7, 0xbc2b, 0x9369, 0x59e5, 0xbc2b, 0xbc2b, 0x7aa7, 0x9369, 0x9369, 0x8430, 0x7aa7,
    0x9369, 0x9369, 0x7aa7, 0xbc2b, 0xbc2b, 0x7aa7, 0xbc2b, 0x9369, 0x59e5, 0xbc2b, 0xbc2b, 0x7aa7, 0x9369, 0x9369, 0x8430, 0x7aa7,
    0x9369, 0x9369, 0x7aa7, 0xbc2b, 0xbc2b, 0x7aa7, 0xbc2b, 0x9369, 0x59e5, 0xbc2b, 0xbc2b, 0x7aa7, 0x9369, 0x9369, 0x8430, 0x7aa7,
    0x9369, 0x9369, 0x7aa7, 0xbc2b, 0xbc2b, 0x7aa7, 0xbc2b, 0x9369, 0x59e5, 0xbc2b, 0xbc2b, 0x7aa7, 0x9369, 0x9369, 0x8430, 0x7aa7,
    0x9369, 0x9369, 0x7aa7, 0xbc2b, 0xbc2b, 0x7aa7, 0xbc2b, 0x9369, 0x59e5, 0xbc2b, 0xbc2b, 0x7aa7, 0x9369, 0x9369, 0x8430, 0x7aa7,
    0x9369, 0x9369, 0x7aa7, 0xbc2b, 0xbc2b, 0x7aa7, 0xbc2b, 0x9369, 0x59e5, 0xbc2b, 0xbc2b, 0x7aa7, 0x9369, 0x9369, 0x8430, 0x7aa7,
    0x9369, 0x9369, 0x7aa7, 0xbc2b, 0xbc2b, 0x7aa7, 0xbc2b, 0x9369, 0x59e5, 0xbc2b, 0xbc2b, 0x7aa7, 0x9369, 0x9369, 0x8430, 0x7aa7,
    0x9369, 0x9369, 0x7aa7, 0xbc2b, 0xbc2b, 0x7aa7, 0xbc2b, 0x9369, 0x59e5, 0xbc2b, 0xbc2b, 0x7aa7, 0x9369, 0x9369, 0x8430, 0x7aa7,
    0x9369, 0x9369, 0x7aa7, 0xbc2b, 0xbc2b, 0x7aa7, 0xbc2b, 0x9369, 0x59e5, 0xbc2b, 0xbc2b, 0x7aa7, 0x9369, 0x9369, 0x8430, 0x7aa7,
    0x9369, 0x9369, 0x7aa7, 0xbc2b, 0xbc2b, 0x7aa7, 0xbc2b, 0x9369, 0x59e5, 0xbc2b, 0xbc2b, 0x7aa7, 0x9369, 0x9369, 0x8430, 0x7aa7,
    0x9369, 0x9369, 0x7aa7, 0xbc2b, 0xbc2b, 0x7aa7, 0xbc2b, 0x9369, 0x59e5, 0xbc2b, 0xbc2b, 0x7aa7, 0x9369, 0x9369, 0x8430, 0x7aa7,
    0x9369, 0x9369, 0x7aa7, 0xbc2b, 0xbc2b, 0x7aa7, 0xbc2b, 0x9369, 0x59e5, 0xbc2b, 0xbc2b, 0x7aa7, 0x9369, 0x9369, 0x8430, 0x7aa7,
    0x9369, 0x9369, 0x7aa7, 0xbc2b, 0xbc2b, 0x7aa7, 0xbc2b, 0x9369, 0x59e5, 0xbc2b, 0xbc2b, 0x7aa7, 0x9369, 0x9369, 0x8430, 0x7aa7,
    0x9369, 0x7aa7, 0x7aa7, 0x9369, 0x9369, 0xbc2b, 0x7aa7, 0x9369, 0x6b6d, 0x9369, 0x9369, 0x7aa7, 0x59e5, 0x9369, 0x7aa7, 0x59e5,
    0x9369, 0x7aa7, 0x7aa7, 0x9369, 0x9369, 0xbc2b, 0x7aa7, 0x9369, 0x6b6d, 0x9369, 0x9369, 0x7aa7, 0x59e5, 0x9369, 0x7aa7, 0x59e5,
    0x9369, 0x7aa7, 0x7aa7, 0x9369, 0x9369, 0xbc2b, 0x7aa7, 0x9369, 0x6b6d, 0x9369, 0x9369, 0x7aa7, 0x59e5, 0x9369, 0x7aa7, 0x59e5,
    0x9369, 0x7aa7, 0x7aa7, 0x9369, 0x9369, 0xbc2b, 0x7aa7, 0x9369, 0x6b6d, 0x9369, 0x9369, 0x7aa7, 0x59e5, 0x9369, 0x7aa7, 0x59e5,
    0x9369, 0x7aa7, 0x7aa7, 0x9369, 0x9369, 0xbc2b, 0x7aa7, 0x9369, 0x6b6d, 0x9369, 0x9369, 0x7aa7, 0x59e5, 0x9369, 0x7aa7, 0x59e5,
    0x9369, 0x7aa7, 0x7aa7, 0x9369, 0x9369, 0xbc2b, 0x7aa7, 0x9369, 0x6b6d, 0x9369, 0x9369, 0x7aa7, 0x59e5, 0x9369, 0x7aa7, 0x59e5,
    0x9369, 0x7aa7, 0x7aa7, 0x9369, 0x9369, 0xbc2b, 0x7aa7, 0x9369, 0x6b6d, 0x9369, 0x9369, 0x7aa7, 0x59e5, 0x9369, 0x7aa7, 0x59e5,
    0x9369, 0x7aa7, 0x7aa7, 0x9369, 0x9369, 0xbc2b, 0x7aa7, 0x9369, 0x6b6d, 0x9369, 0x9369, 0x7aa7, 0x59e5, 0x9369, 0x7aa7, 0x59e5,
    0x9369, 0x7aa7, 0x7aa7, 0x9369, 0x9369, 0xbc2b, 0x7aa7, 0x9369, 0x6b6d, 0x9369, 0x9369, 0x7aa7, 0x59e5, 0x9369, 0x7aa7, 0x59e5,
    0x9369, 0x7aa7, 0x7aa7, 0x9369, 0x9369, 0xbc2b, 0x7aa7, 0x9369, 0x6b6d, 0x9369, 0x9369, 0x7aa7, 0x59e5, 0x9369, 0x7aa7, 0x59e5,
    0x9369, 0x7aa7, 0x7aa7, 0x9369, 0x9369, 0xbc2b, 0x7aa7, 0x9369, 0x6b6d, 0x9369, 0x9369, 0x7aa7, 0x59e5, 0x9369, 0x7aa7, 0x59e5,
    0x9369, 0x7aa7, 0x7aa7, 0x9369, 0x9369, 0xbc2b, 0x7aa7, 0x9369, 0x6b6d, 0x9369, 0x9369, 0x7aa7, 0x59e5, 0x9369, 0x7aa7, 0x59e5,
    0x9369, 0x7aa7, 0x7aa7, 0x9369, 0x9369, 0xbc2b, 0x7aa7, 0x9369, 0x6b6d, 0x9369, 0x9369, 0x7aa7, 0x59e5, 0x9369, 0x7aa7, 0x59e5,
    0x9369, 0x7aa7, 0x7aa7, 0x9369, 0x9369, 0xbc2b, 0x7aa7, 0x9369, 0x6b6d, 0x9369, 0x9369, 0x7aa7, 0x59e5, 0x9369, 0x7aa7, 0x59e5,
    0x9369, 0x7aa7, 0x7aa7, 0x9369, 0x9369, 0xbc2b, 0x7aa7, 0x9369, 0x6b6d, 0x9369, 0x9369, 0x7aa7, 0x59e5, 0x9369, 0x7aa7, 0x59e5,
    0x9369, 0x7aa7, 0x7aa7, 0x9369, 0x9369, 0xbc2b, 0x7aa7, 0x9369, 0x6b6d, 0x9369, 0x9369, 0x7aa7, 0x59e5, 0x9369, 0x7aa7, 0x59e5,
    0x9369, 0x7aa7, 0x7aa7, 0x9369, 0x9369, 0xbc2b, 0x7aa7, 0x9369, 0x6b6d, 0x9369, 0x9369, 0x7aa7, 0x59e5, 0x9369, 0x7aa7, 0x59e5,
    0x9369, 0x7aa7, 0x7aa7, 0x9369, 0x9369, 0xbc2b, 0x7aa7, 0x9369, 0x6b6d, 0x9369, 0x9369, 0x7aa7, 0x59e5, 0x9369, 0x7aa7, 0x59e5,
    0x9369, 0x7aa7, 0x7aa7, 0x9369, 0x9369, 0xbc2b, 0x7aa7, 0x9369, 0x6b6d, 0x9369, 0x9369, 0x7aa7, 0x59e5, 0x9369, 0x7aa7, 0x59e5,
    0x9369, 0x7aa7, 0x7aa7, 0x9369, 0x9369, 0xbc2b, 0x7aa7, 0x9369, 0x6b6d, 0x9369, 0x9369, 0x7aa7, 0x59e5, 0x9369, 0x7aa7, 0x59e5,
    0x7aa7, 0x59e5, 0x9369, 0x7aa7, 0x9369, 0x9369, 0xbc2b, 0x7aa7, 0x7aa7, 0x7aa7, 0x7aa7, 0x7aa7, 0x7aa7, 0x7aa7, 0xbc2b, 0xbc2b,
    0x7aa7, 0x59e5, 0x9369, 0x7aa7, 0x9369, 0x9369, 0xbc2b, 0x7aa7, 0x7aa7, 0x7aa7, 0x7aa7, 0x7aa7, 0x7aa7, 0x7aa7, 0xbc2b, 0xbc2b,
    0x7aa7, 0x59e5, 0x9369, 0x7aa7, 0x9369, 0x9369, 0xbc2b, 0x7aa7, 0x7aa7, 0x7aa7, 0x7aa7, 0x7aa7, 0x7aa7, 0x7aa7, 0xbc2b, 0xbc2b,
    0x7aa7, 0x59e5, 0x9369, 0x7aa7, 0x9369, 0x9369, 0xbc2b, 0x7aa7, 0x7aa7, 0x7aa7, 0x7aa7, 0x7aa7, 0x7aa7, 0x7aa7, 0xbc2b, 0xbc2b,
    0x7aa7, 0x59e5, 0x9369, 0x7aa7, 0x9369, 0x9369, 0xbc2b, 0x7aa7, 0x7aa7, 0x7aa7, 0x7aa7, 0x7aa7, 0x7aa7, 0x7aa7, 0xbc2b, 0xbc2b,
    0x7aa7, 0x59e5, 0x9369, 0x7aa7, 0x9369, 0x9369, 0xbc2b, 0x7aa7, 0x7aa7, 0x7aa7, 0x7aa7, 0x7aa7, 0x7aa7, 0x7aa7, 0xbc2b, 0xbc2b,
    0x7aa7, 0x59e5, 0x9369, 0x7aa7, 0x9369, 0x9369, 0xbc2b, 0x7aa7, 0x7aa7, 0x7aa7, 0x7aa7, 0x7aa7, 0x7aa7, 0x7aa7, 0xbc2b, 0xbc2b,
    0x7aa7, 0x59e5, 0x9369, 0x7aa7, 0x9369, 0x9369, 0xbc2b, 0x7aa7, 0x7aa7, 0x7aa7, 0x7aa7, 0x7aa7, 0x7aa7, 0x7aa7, 0xbc2b, 0xbc2b,
    0x7aa7, 0x59e5, 0x9369, 0x7aa7, 0x9369, 0x9369, 0xbc2b, 0x7aa7, 0x7aa7, 0x7aa7, 0x7aa7, 0x7aa7, 0x7aa7, 0x7aa7, 0xbc2b, 0xbc2b,
    0x7aa7, 0x59e5, 0x9369, 0x7aa7, 0x9369, 0x9369, 0xbc2b, 0x7aa7, 0x7aa7, 0x7aa7, 0x7aa7, 0x7aa7, 0x7aa7, 0x7aa7, 0xbc2b, 0xbc2b,
    0x7aa7, 0x59e5, 0x9369, 0x7aa7, 0x9369, 0x9369, 0xbc2b, 0x7aa7, 0x7aa7, 0x7aa7, 0x7aa7, 0x7aa7, 0x7aa7, 0x7aa7, 0xbc2b, 0xbc2b,
    0x7aa7, 0x59e5, 0x9369, 0x7aa7, 0x9369, 0x9369, 0xbc2b, 0x7aa7, 0x7aa7, 0x7aa7, 0x7aa7, 0x7aa7, 0x7aa7, 0x7aa7, 0xbc2b, 0xbc2b,
    0x7aa7, 0x59e5, 0x9369, 0x7aa7, 0x9369, 0x9369, 0xbc2b, 0x7aa7, 0x7aa7, 0x7aa7, 0x7aa7, 0x7aa7, 0x7aa7, 0x7aa7, 0xbc2b, 0xbc2b,
    0x7aa7, 0x59e5, 0x9369, 0x7aa7, 0x9369, 0x9369, 0xbc2b, 0x7aa7, 0x7aa7, 0x7aa7, 0x7aa7, 0x7aa7, 0x7aa7, 0x7aa7, 0xbc2b, 0xbc2b,
    0x7aa7, 0x59e5, 0x9369, 0x7aa7, 0x9369, 0x9369, 0xbc2b, 0x7aa7, 0x7aa7, 0x7aa7, 0x7aa7, 0x7aa7, 0x7aa7, 0x7aa7, 0xbc2b, 0xbc2b,
    0x7aa7, 0x59e5, 0x9369, 0x7aa7, 0x9369, 0x9369, 0xbc2b, 0x7aa7, 0x7aa7, 0x7aa7, 0x7aa7, 0x7aa7, 0x7aa7, 0x7aa7, 0xbc2b, 0xbc2b,
    0x7aa7, 0x59e5, 0x9369, 0x7aa7, 0x9369, 0x9369, 0xbc2b, 0x7aa7, 0x7aa7, 0x7aa7, 0x7aa7, 0x7aa7, 0x7aa7, 0x7aa7, 0xbc2b, 0xbc2b,
    0x7aa7, 0x59e5, 0x9369, 0x7aa7, 0x9369, 0x9369, 0xbc2b, 0x7aa7, 0x7aa7, 0x7aa7, 0x7aa7, 0x7aa7, 0x7aa7, 0x7aa7, 0xbc2b, 0xbc2b,
    0x7aa7, 0x59e5, 0x9369, 0x7aa7, 0x9369, 0x9369, 0xbc2b, 0x7aa7, 0x7aa7, 0x7aa7, 0x7aa7, 0x7aa7, 0x7aa7, 0x7aa7, 0xbc2b, 0xbc2b,
    0x7aa7, 0x59e5, 0x9369, 0x7aa7, 0x9369, 0x9369, 0xbc2b, 0x7aa7, 0x7aa7, 0x7aa7, 0x7aa7, 0x7aa7, 0x7aa7, 0x7aa7, 0xbc2b, 0xbc2b,
    0x7aa7, 0x9369, 0x7aa7, 0x7aa7, 0x72c8, 0x7aa7, 0x9369, 0x9369, 0x7aa7, 0x59e5, 0xbc2b, 0x59e5, 0x7aa7, 0xbc2b, 0x9369, 0x9369,
    0x7aa7, 0x9369, 0x7aa7, 0x7aa7, 0x72c8, 0x7aa7, 0x9369, 0x9369, 0x7aa7, 0x59e5, 0xbc2b, 0x59e5, 0x7aa7, 0xbc2b, 0x9369, 0x9369,
    0x7aa7, 0x9369, 0x7aa7, 0x7aa7, 0x72c8, 0x7aa7, 0x9369, 0x9369, 0x7aa7, 0x59e5, 0xbc2b, 0x59e5, 0x7aa7, 0xbc2b, 0x9369, 0x9369,
    0x7aa7, 0x9369, 0x7aa7, 0x7aa7, 0x72c8, 0x7aa7, 0x9369, 0x9369, 0x7aa7, 0x59e5, 0xbc2b, 0x59e5, 0x7aa7, 0xbc2b, 0x9369, 0x9369,
    0x7aa7, 0x9369, 0x7aa7, 0x7aa7, 0x72c8, 0x7aa7, 0x9369, 0x9369, 0x7aa7, 0x59e5, 0xbc2b, 0x59e5, 0x7aa7, 0xbc2b, 0x9369, 0x9369,
    0x7aa7, 0x9369, 0x7aa7, 0x7aa7, 0x72c8, 0x7aa7, 0x9369, 0x9369, 0x7aa7, 0x59e5, 0xbc2b, 0x59e5, 0x7aa7, 0xbc2b, 0x9369, 0x9369,
    0x7aa7, 0x9369, 0x7aa7, 0x7aa7, 0x72c8, 0x7aa7, 0x9369, 0x9369, 0x7aa7, 0x59e5, 0xbc2b, 0x59e5, 0x7aa7, 0xbc2b, 0x9369, 0x9369,
    0x7aa7, 0x9369, 0x7aa7, 0x7aa7, 0x72c8, 0x7aa7, 0x9369, 0x9369, 0x7aa7, 0x59e5, 0xbc2b, 0x59e5, 0x7aa7, 0xbc2b, 0x9369, 0x9369,
    0x7aa7, 0x9369, 0x7aa7, 0x7aa7, 0x72c8, 0x7aa7, 0x9369, 0x9369, 0x7aa7, 0x59e5, 0xbc2b, 0x59e5, 0x7aa7, 0xbc2b, 0x9369, 0x9369,
    0x7aa7, 0x9369, 0x7aa7, 0x7aa7, 0x72c8, 0x7aa7, 0x9369, 0x9369, 0x7aa7, 0x59e5, 0xbc2b, 0x59e5, 0x7aa7, 0xbc2b, 0x9369, 0x9369,
    0x7aa7, 0x9369, 0x7aa7, 0x7aa7, 0x72c8, 0x7aa7, 0x9369, 0x9369, 0x7aa7, 0x59e5, 0xbc2b, 0x59e5, 0x7aa7, 0xbc2b, 0x9369, 0x9369,
    0x7aa7, 0x9369, 0x7aa7, 0x7aa7, 0x72c8, 0x7aa7, 0x9369, 0x9369, 0x7aa7, 0x59e5, 0xbc2b, 0x59e5, 0x7aa7, 0xbc2b, 0x9369, 0x9369,
    0x7aa7, 0x9369, 0x7aa7, 0x7aa7, 0x72c8, 0x7aa7, 0x9369, 0x9369, 0x7aa7, 0x59e5, 0xbc2b, 0x59e5, 0x7aa7, 0xbc2b, 0x9369, 0x9369,
    0x7aa7, 0x9369, 0x7aa7, 0x7aa7, 0x72c8, 0x7aa7, 0x9369, 0x9369, 0x7aa7, 0x59e5, 0xbc2b, 0x59e5, 0x7aa7, 0xbc2b, 0x9369, 0x9369,
    0x7aa7, 0x9369, 0x7aa7, 0x7aa7, 0x72c8, 0x7aa7, 0x9369, 0x9369, 0x7aa7, 0x59e5, 0xbc2b, 0x59e5, 0x7aa7, 0xbc2b, 0x9369, 0x9369,
    0x7aa7, 0x9369, 0x7aa7, 0x7aa7, 0x72c8, 0x7aa7, 0x9369, 0x9369, 0x7aa7, 0x59e5, 0xbc2b, 0x59e5, 0x7aa7, 0xbc2b, 0x9369, 0x9369,
    0x7aa7, 0x9369, 0x7aa7, 0x7aa7, 0x72c8, 0x7aa7, 0x9369, 0x9369, 0x7aa7, 0x59e5, 0xbc2b, 0x59e5, 0x7aa7, 0xbc2b, 0x9369, 0x9369,
    0x7aa7, 0x9369, 0x7aa7, 0x7aa7, 0x72c8, 0x7aa7, 0x9369, 0x9369, 0x7aa7, 0x59e5, 0xbc2b, 0x59e5, 0x7aa7, 0xbc2b, 0x9369, 0x9369,
    0x7aa7, 0x9369, 0x7aa7, 0x7aa7, 0x72c8, 0x7aa7, 0x9369, 0x9369, 0x7aa7, 0x59e5, 0xbc2b, 0x59e5, 0x7aa7, 0xbc2b, 0x9369, 0x9369,
    0x7aa7, 0x9369, 0x7aa7, 0x7aa7, 0x72c8, 0x7aa7, 0x9369, 0x9369, 0x7aa7, 0x59e5, 0xbc2b, 0x59e5, 0x7aa7, 0xbc2b, 0x9369, 0x9369,
    0x9369, 0x7aa7, 0x59e5, 0xbc2b, 0x7aa7, 0x59e5, 0x7aa7, 0x59e5, 0x7aa7, 0x7aa7, 0x7aa7, 0x59e5, 0x7aa7, 0x7aa7, 0x9369, 0x9369,
    0x9369, 0x7aa7, 0x59e5, 0xbc2b, 0x7aa7, 0x59e5, 0x7aa7, 0x59e5, 0x7aa7, 0x7aa7, 0x7aa7, 0x59e5, 0x7aa7, 0x7aa7, 0x9369, 0x9369,
    0x9369, 0x7aa7, 0x59e5, 0xbc2b, 0x7aa7, 0x59e5, 0x7aa7, 0x59e5, 0x7aa7, 0x7aa7, 0x7aa7, 0x59e5, 0x7aa7, 0x7aa7, 0x9369, 0x9369,
    0x9369, 0x7aa7, 0x59e5, 0xbc2b, 0x7aa7, 0x59e5, 0x7aa7, 0x59e5, 0x7aa7, 0x7aa7, 0x7aa7, 0x59e5, 0x7aa7, 0x7aa7, 0x9369, 0x9369,
    0x9369, 0x7aa7, 0x59e5, 0xbc2b, 0x7aa7, 0x59e5, 0x7aa7, 0x59e5, 0x7aa7, 0x7aa7, 0x7aa7, 0x59e5, 0x7aa7, 0x7aa7, 0x9369, 0x9369,
    0x9369, 0x7aa7, 0x59e5, 0xbc2b, 0x7aa7, 0x59e5, 0x7aa7, 0x59e5, 0x7aa7, 0x7aa7, 0x7aa7, 0x59e5, 0x7aa7, 0x7aa7, 0x9369, 0x9369,
    0x9369, 0x7aa7, 0x59e5, 0xbc2b, 0x7aa7, 0x59e5, 0x7aa7, 0x59e5, 0x7aa7, 0x7aa7, 0x7aa7, 0x59e5, 0x7aa7, 0x7aa7, 0x9369, 0x9369,
    0x9369, 0x7aa7, 0x59e5, 0xbc2b, 0x7aa7, 0x59e5, 0x7aa7, 0x59e5, 0x7aa7, 0x7aa7, 0x7aa7, 0x59e5, 0x7aa7, 0x7aa7, 0x9369, 0x9369,
    0x9369, 0x7aa7, 0x59e5, 0xbc2b, 0x7aa7, 0x59e5, 0x7aa7, 0x59e5, 0x7aa7, 0x7aa7, 0x7aa7, 0x59e5, 0x7aa7, 0x7aa7, 0x9369, 0x9369,
    0x9369, 0x7aa7, 0x59e5, 0xbc2b, 0x7aa7, 0x59e5, 0x7aa7, 0x59e5, 0x7aa7, 0x7aa7, 0x7aa7, 0x59e5, 0x7aa7, 0x7aa7, 0x9369, 0x9369,
    0x9369, 0x7aa7, 0x59e5, 0xbc2b, 0x7aa7, 0x59e5, 0x7aa7, 0x59e5, 0x7aa7, 0x7aa7, 0x7aa7, 0x59e5, 0x7aa7, 0x7aa7, 0x9369, 0x9369,
    0x9369, 0x7aa7, 0x59e5, 0xbc2b, 0x7aa7, 0x59e5, 0x7aa7, 0x59e5, 0x7aa7, 0x7aa7, 0x7aa7, 0x59e5, 0x7aa7, 0x7aa7, 0x9369, 0x9369,
    0x9369, 0x7aa7, 0x59e5, 0xbc2b, 0x7aa7, 0x59e5, 0x7aa7, 0x59e5, 0x7aa7, 0x7aa7, 0x7aa7, 0x59e5, 0x7aa7, 0x7aa7, 0x9369, 0x9369,
    0x9369, 0x7aa7, 0x59e5, 0xbc2b, 0x7aa7, 0x59e5, 0x7aa7, 0x59e5, 0x7aa7, 0x7aa7, 0x7aa7, 0x59e5, 0x7aa7, 0x7aa7, 0x9369, 0x9369,
    0x9369, 0x7aa7, 0x59e5, 0xbc2b, 0x7aa7, 0x59e5, 0x7aa7, 0x59e5, 0x7aa7, 0x7aa7, 0x7aa7, 0x59e5, 0x7aa7, 0x7aa7, 0x9369, 0x9369,
    0x9369, 0x7aa7, 0x59e5, 0xbc2b, 0x7aa7, 0x59e5, 0x7aa7, 0x59e5, 0x7aa7, 0x7aa7, 0x7aa7, 0x59e5, 0x7aa7, 0x7aa7, 0x9369, 0x9369,
    0x9369, 0x7aa7, 0x59e5, 0xbc2b, 0x7aa7, 0x59e5, 0x7aa7, 0x59e5, 0x7aa7, 0x7aa7, 0x7aa7, 0x59e5, 0x7aa7, 0x7aa7, 0x9369, 0x9369,
    0x9369, 0x7aa7, 0x59e5, 0xbc2b, 0x7aa7, 0x59e5, 0x7aa7, 0x59e5, 0x7aa7, 0x7aa7, 0x7aa7, 0x59e5, 0x7aa7, 0x7aa7, 0x9369, 0x9369,
    0x9369, 0x7aa7, 0x59e5, 0xbc2b, 0x7aa7, 0x59e5, 0x7aa7, 0x59e5, 0x7aa7, 0x7aa7, 0x7aa7, 0x59e5, 0x7aa7, 0x7aa7, 0x9369, 0x9369,
    0x9369, 0x7aa7, 0x59e5, 0xbc2b, 0x7aa7, 0x59e5, 0x7aa7, 0x59e5, 0x7aa7, 0x7aa7, 0x7aa7, 0x59e5, 0x7aa7, 0x7aa7, 0x9369, 0x9369,
    0x9369, 0x7aa7, 0xbc2b, 0x9369, 0x9369, 0x7aa7, 0x8430, 0x9369, 0x9369, 0x9369, 0x7aa7, 0x7aa7, 0x9369, 0x9369, 0x7aa7, 0x59e5,
    0x9369, 0x7aa7, 0xbc2b, 0x9369, 0x9369, 0x7aa7, 0x8430, 0x9369, 0x9369, 0x9369, 0x7aa7, 0x7aa7, 0x9369, 0x9369, 0x7aa7, 0x59e5,
    0x9369, 0x7aa7, 0xbc2b, 0x9369, 0x9369, 0x7aa7, 0x8430, 0x9369, 0x9369, 0x9369, 0x7aa7, 0x7aa7, 0x9369, 0x9369, 0x7aa7, 0x59e5,
    0x9369, 0x7aa7, 0xbc2b, 0x9369, 0x9369, 0x7aa7, 0x8430, 0x9369, 0x9369, 0x9369, 0x7aa7, 0x7aa7, 0x9369, 0x9369, 0x7aa7, 0x59e5,
    0x9369, 0x7aa7, 0xbc2b, 0x9369, 0x9369, 0x7aa7, 0x8430, 0x9369, 0x9369, 0x9369, 0x7aa7, 0x7aa7, 0x9369, 0x9369, 0x7aa7, 0x59e5,
    0x9369, 0x7aa7, 0xbc2b, 0x9369, 0x9369, 0x7aa7, 0x8430, 0x9369, 0x9369, 0x9369, 0x7aa7, 0x7aa7, 0x9369, 0x9369, 0x7aa7, 0x59e5,
    0x9369, 0x7aa7, 0xbc2b, 0x9369, 0x9369, 0x7aa7, 0x8430, 0x9369, 0x9369, 0x9369, 0x7aa7, 0x7aa7, 0x9369, 0x9369, 0x7aa7, 0x59e5,
    0x9369, 0x7aa7, 0xbc2b, 0x9369, 0x9369, 0x7aa7, 0x8430, 0x9369, 0x9369, 0x9369, 0x7aa7, 0x7aa7, 0x9369, 0x9369, 0x7aa7, 0x59e5,
    0x9369, 0x7aa7, 0xbc2b, 0x9369, 0x9369, 0x7aa7, 0x8430, 0x9369, 0x9369, 0x9369, 0x7aa7, 0x7aa7, 0x9369, 0x9369, 0x7aa7, 0x59e5,
    0x9369, 0x7aa7, 0xbc2b, 0x9369, 0x9369, 0x7aa7, 0x8430, 0x9369, 0x9369, 0x9369, 0x7aa7, 0x7aa7, 0x9369, 0x9369, 0x7aa7, 0x59e5,
    0x9369, 0x7aa7, 0xbc2b, 0x9369, 0x9369, 0x7aa7, 0x8430, 0x9369, 0x9369, 0x9369, 0x7aa7, 0x7aa7, 0x9369, 0x9369, 0x7aa7, 0x59e5,
    0x9369, 0x7aa7, 0xbc2b, 0x9369, 0x9369, 0x7aa7, 0x8430, 0x9369, 0x9369, 0x9369, 0x7aa7, 0x7aa7, 0x9369, 0x9369, 0x7aa7, 0x59e5,
    0x9369, 0x7aa7, 0xbc2b, 0x9369, 0x9369, 0x7aa7, 0x8430, 0x9369, 0x9369, 0x9369, 0x7aa7, 0x7aa7, 0x9369, 0x9369, 0x7aa7, 0x59e5,
    0x9369, 0x7aa7, 0xbc2b, 0x9369, 0x9369, 0x7aa7, 0x8430, 0x9369, 0x9369, 0x9369, 0x7aa7, 0x7aa7, 0x9369, 0x9369, 0x7aa7, 0x59e5,
    0x9369, 0x7aa7, 0xbc2b, 0x9369, 0x9369, 0x7aa7, 0x8430, 0x9369, 0x9369, 0x9369, 0x7aa7, 0x7aa7, 0x9369, 0x9369, 0x7aa7, 0x59e5,
    0x9369, 0x7aa7, 0xbc2b, 0x9369, 0x9369, 0x7aa7, 0x8430, 0x9369, 0x9369, 0x9369, 0x7aa7, 0x7aa7, 0x9369, 0x9369, 0x7aa7, 0x59e5,
    0x9369, 0x7aa7, 0xbc2b, 0x9369, 0x9369, 0x7aa7, 0x8430, 0x9369, 0x9369, 0x9369, 0x7aa7, 0x7aa7, 0x9369, 0x9369, 0x7aa7, 0x59e5,
    0x9369, 0x7aa7, 0xbc2b, 0x9369, 0x9369, 0x7aa7, 0x8430, 0x9369, 0x9369, 0x9369, 0x7aa7, 0x7aa7, 0x9369, 0x9369, 0x7aa7, 0x59e5,
    0x9369, 0x7aa7, 0xbc2b, 0x9369, 0x9369, 0x7aa7, 0x8430, 0x9369, 0x9369, 0x9369, 0x7aa7, 0x7aa7, 0x9369, 0x9369, 0x7aa7, 0x59e5,
    0x9369, 0x7aa7, 0xbc2b, 0x9369, 0x9369, 0x7aa7, 0x8430, 0x9369, 0x9369, 0x9369, 0x7aa7, 0x7aa7, 0x9369, 0x9369, 0x7aa7, 0x59e5,
    0xbc2b, 0x9369, 0x9369, 0x7aa7, 0x7aa7, 0xbc2b, 0x9369, 0x9369, 0x7aa7, 0x7aa7, 0x59e5, 0x7aa7, 0x7aa7, 0xbc2b, 0x7aa7, 0xbc2b,
    0xbc2b, 0x9369, 0x9369, 0x7aa7, 0x7aa7, 0xbc2b, 0x9369, 0x9369, 0x7aa7, 0x7aa7, 0x59e5, 0x7aa7, 0x7aa7, 0xbc2b, 0x7aa7, 0xbc2b,
    0xbc2b, 0x9369, 0x9369, 0x7aa7, 0x7aa7, 0xbc2b, 0x9369, 0x9369, 0x7aa7, 0x7aa7, 0x59e5, 0x7aa7, 0x7aa7, 0xbc2b, 0x7aa7, 0xbc2b,
    0xbc2b, 0x9369, 0x9369, 0x7aa7, 0x7aa7, 0xbc2b, 0x9369, 0x9369, 0x7aa7, 0x7aa7, 0x59e5, 0x7aa7, 0x7aa7, 0xbc2b, 0x7aa7, 0xbc2b,
    0xbc2b, 0x9369, 0x9369, 0x7aa7, 0x7aa7, 0xbc2b, 0x9369, 0x9369, 0x7aa7, 0x7aa7, 0x59e5, 0x7aa7, 0x7aa7, 0xbc2b, 0x7aa7, 0xbc2b,
    0xbc2b, 0x9369, 0x9369, 0x7aa7, 0x7aa7, 0xbc2b, 0x9369, 0x9369, 0x7aa7, 0x7aa7, 0x59e5, 0x7aa7, 0x7aa7, 0xbc2b, 0x7aa7, 0xbc2b,
    0xbc2b, 0x9369, 0x9369, 0x7aa7, 0x7aa7, 0xbc2b, 0x9369, 0x9369, 0x7aa7, 0x7aa7, 0x59e5, 0x7aa7, 0x7aa7, 0xbc2b, 0x7aa7, 0xbc2b,
    0xbc2b, 0x9369, 0x9369, 0x7aa7, 0x7aa7, 0xbc2b, 0x9369, 0x9369, 0x7aa7, 0x7aa7, 0x59e5, 0x7aa7, 0x7aa7, 0xbc2b, 0x7aa7, 0xbc2b,
    0xbc2b, 0x9369, 0x9369, 0x7aa7, 0x7aa7, 0xbc2b, 0x9369, 0x9369, 0x7aa7, 0x7aa7, 0x59e5, 0x7aa7, 0x7aa7, 0xbc2b, 0x7aa7, 0xbc2b,
    0xbc2b, 0x9369, 0x9369, 0x7aa7, 0x7aa7, 0xbc2b, 0x9369, 0x9369, 0x7aa7, 0x7aa7, 0x59e5, 0x7aa7, 0x7aa7, 0xbc2b, 0x7aa7, 0xbc2b,
    0xbc2b, 0x9369, 0x9369, 0x7aa7, 0x7aa7, 0xbc2b, 0x9369, 0x9369, 0x7aa7, 0x7aa7, 0x59e5, 0x7aa7, 0x7aa7, 0xbc2b, 0x7aa7, 0xbc2b,
    0xbc2b, 0x9369, 0x9369, 0x7aa7, 0x7aa7, 0xbc2b, 0x9369, 0x9369, 0x7aa7, 0x7aa7, 0x59e5, 0x7aa7, 0x7aa7, 0xbc2b, 0x7aa7, 0xbc2b,
    0xbc2b, 0x9369, 0x9369, 0x7aa7, 0x7aa7, 0xbc2b, 0x9369, 0x9369, 0x7aa7, 0x7aa7, 0x59e5, 0x7aa7, 0x7aa7, 0xbc2b, 0x7aa7, 0xbc2b,
    0xbc2b, 0x9369, 0x9369, 0x7aa7, 0x7aa7, 0xbc2b, 0x9369, 0x9369, 0x7aa7, 0x7aa7, 0x59e5, 0x7aa7, 0x7aa7, 0xbc2b, 0x7aa7, 0xbc2b,
    0xbc2b, 0x9369, 0x9369, 0x7aa7, 0x7aa7, 0xbc2b, 0x9369, 0x9369, 0x7aa7, 0x7aa7, 0x59e5, 0x7aa7, 0x7aa7, 0xbc2b, 0x7aa7, 0xbc2b,
    0xbc2b, 0x9369, 0x9369, 0x7aa7, 0x7aa7, 0xbc2b, 0x9369, 0x9369, 0x7aa7, 0x7aa7, 0x59e5, 0x7aa7, 0x7aa7, 0xbc2b, 0x7aa7, 0xbc2b,
    0xbc2b, 0x9369, 0x9369, 0x7aa7, 0x7aa7, 0xbc2b, 0x9369, 0x9369, 0x7aa7, 0x7aa7, 0x59e5, 0x7aa7, 0x7aa7, 0xbc2b, 0x7aa7, 0xbc2b,
    0xbc2b, 0x9369, 0x9369, 0x7aa7, 0x7aa7, 0xbc2b, 0x9369, 0x9369, 0x7aa7, 0x7aa7, 0x59e5, 0x7aa7, 0x7aa7, 0xbc2b, 0x7aa7, 0xbc2b,
    0xbc2b, 0x9369, 0x9369, 0x7aa7, 0x7aa7, 0xbc2b, 0x9369, 0x9369, 0x7aa7, 0x7aa7, 0x59e5, 0x7aa7, 0x7aa7, 0xbc2b, 0x7aa7, 0xbc2b,
    0xbc2b, 0x9369, 0x9369, 0x7aa7, 0x7aa7, 0xbc2b, 0x9369, 0x9369, 0x7aa7, 0x7aa7, 0x59e5, 0x7aa7, 0x7aa7, 0xbc2b, 0x7aa7, 0xbc2b,
    0x7aa7, 0x9369, 0x59e5, 0x7aa7, 0x7aa7, 0x9369, 0x8430, 0x59e5, 0x7aa7, 0xbc2b, 0x9369, 0x7aa7, 0x7aa7, 0x9369, 0x59e5, 0x59e5,
    0x7aa7, 0x9369, 0x59e5, 0x7aa7, 0x7aa7, 0x9369, 0x8430, 0x59e5, 0x7aa7, 0xbc2b, 0x9369, 0x7aa7, 0x7aa7, 0x9369, 0x59e5, 0x59e5,
    0x7aa7, 0x9369, 0x59e5, 0x7aa7, 0x7aa7, 0x9369, 0x8430, 0x59e5, 0x7aa7, 0xbc2b, 0x9369, 0x7aa7, 0x7aa7, 0x9369, 0x59e5, 0x59e5,
    0x7aa7, 0x9369, 0x59e5, 0x7aa7, 0x7aa7, 0x9369, 0x8430, 0x59e5, 0x7aa7, 0xbc2b, 0x9369, 0x7aa7, 0x7aa7, 0x9369, 0x59e5, 0x59e5,
    0x7aa7, 0x9369, 0x59e5, 0x7aa7, 0x7aa7, 0x9369, 0x8430, 0x59e5, 0x7aa7, 0xbc2b, 0x9369, 0x7aa7, 0x7aa7, 0x9369, 0x59e5, 0x59e5,
    0x7aa7, 0x9369, 0x59e5, 0x7aa7, 0x7aa7, 0x9369, 0x8430, 0x59e5, 0x7aa7, 0xbc2b, 0x9369, 0x7aa7, 0x7aa7, 0x9369, 0x59e5, 0x59e5,
    0x7aa7, 0x9369, 0x59e5, 0x7aa7, 0x7aa7, 0x9369, 0x8430, 0x59e5, 0x7aa7, 0xbc2b, 0x9369, 0x7aa7, 0x7aa7, 0x9369, 0x59e5, 0x59e5,
    0x7aa7, 0x9369, 0x59e5, 0x7aa7, 0x7aa7, 0x9369, 0x8430, 0x59e5, 0x7aa7, 0xbc2b, 0x9369, 0x7aa7, 0x7aa7, 0x9369, 0x59e5, 0x59e5,
    0x7aa7, 0x9369, 0x59e5, 0x7aa7, 0x7aa7, 0x9369, 0x8430, 0x59e5, 0x7aa7, 0xbc2b, 0x9369, 0x7aa7, 0x7aa7, 0x9369, 0x59e5, 0x59e5,
    0x7aa7, 0x9369, 0x59e5, 0x7aa7, 0x7aa7, 0x9369, 0x8430, 0x59e5, 0x7aa7, 0xbc2b, 0x9369, 0x7aa7, 0x7aa7, 0x9369, 0x59e5, 0x59e5,
    0x7aa7, 0x9369, 0x59e5, 0x7aa7, 0x7aa7, 0x9369, 0x8430, 0x59e5, 0x7aa7, 0xbc2b, 0x9369, 0x7aa7, 0x7aa7, 0x9369, 0x59e5, 0x59e5,
    0x7aa7, 0x9369, 0x59e5, 0x7aa7, 0x7aa7, 0x9369, 0x8430, 0x59e5, 0x7aa7, 0xbc2b, 0x9369, 0x7aa7, 0x7aa7, 0x9369, 0x59e5, 0x59e5,
    0x7aa7, 0x9369, 0x59e5, 0x7aa7, 0x7aa7, 0x9369, 0x8430, 0x59e5, 0x7aa7, 0xbc2b, 0x9369, 0x7aa7, 0x7aa7, 0x9369, 0x59e5, 0x59e5,
    0x7aa7, 0x9369, 0x59e5, 0x7aa7, 0x7aa7, 0x9369, 0x8430, 0x59e5, 0x7aa7, 0xbc2b, 0x9369, 0x7aa7, 0x7aa7, 0x9369, 0x59e5, 0x59e5,
    0x7aa7, 0x9369, 0x59e5, 0x7aa7, 0x7aa7, 0x9369, 0x8430, 0x59e5, 0x7aa7, 0xbc2b, 0x9369, 0x7aa7, 0x7aa7, 0x9369, 0x59e5, 0x59e5,
    0x7aa7, 0x9369, 0x59e5, 0x7aa7, 0x7aa7, 0x9369, 0x8430, 0x59e5, 0x7aa7, 0xbc2b, 0x9369, 0x7aa7, 0x7aa7, 0x9369, 0x59e5, 0x59e5,
    0x7aa7, 0x9369, 0x59e5, 0x7aa7, 0x7aa7, 0x9369, 0x8430, 0x59e5, 0x7aa7, 0xbc2b, 0x9369, 0x7aa7, 0x7aa7, 0x9369, 0x59e5, 0x59e5,
    0x7aa7, 0x9369, 0x59e5, 0x7aa7, 0x7aa7, 0x9369, 0x8430, 0x59e5, 0x7aa7, 0xbc2b, 0x9369, 0x7aa7, 0x7aa7, 0x9369, 0x59e5, 0x59e5,
    0x7aa7, 0x9369, 0x59e5, 0x7aa7, 0x7aa7, 0x9369, 0x8430, 0x59e5, 0x7aa7, 0xbc2b, 0x9369, 0x7aa7, 0x7aa7, 0x9369, 0x59e5, 0x59e5,
    0x7aa7, 0x9369, 0x59e5, 0x7aa7, 0x7aa7, 0x9369, 0x8430, 0x59e5, 0x7aa7, 0xbc2b, 0x9369, 0x7aa7, 0x7aa7, 0x9369, 0x59e5, 0x59e5,
    0xbc2b, 0x7aa7, 0x7aa7, 0x59e5, 0xbc2b, 0x7aa7, 0x7aa7, 0x7aa7, 0xbc2b, 0x7aa7, 0x7aa7, 0x7aa7, 0x59e5, 0x59e5, 0xbc2b, 0x7aa7,
    0xbc2b, 0x7aa7, 0x7aa7, 0x59e5, 0xbc2b, 0x7aa7, 0x7aa7, 0x7aa7, 0xbc2b, 0x7aa7, 0x7aa7, 0x7aa7, 0x59e5, 0x59e5, 0xbc2b, 0x7aa7,
    0xbc2b, 0x7aa7, 0x7aa7, 0x59e5, 0xbc2b, 0x7aa7, 0x7aa7, 0x7aa7, 0xbc2b, 0x7aa7, 0x7aa7, 0x7aa7, 0x59e5, 0x59e5, 0xbc2b, 0x7aa7,
    0xbc2b, 0x7aa7, 0x7aa7, 0x59e5, 0xbc2b, 0x7aa7, 0x7aa7, 0x7aa7, 0xbc2b, 0x7aa7, 0x7aa7, 0x7aa7, 0x59e5, 0x59e5, 0xbc2b, 0x7aa7,
    0xbc2b, 0x7aa7, 0x7aa7, 0x59e5, 0xbc2b, 0x7aa7, 0x7aa7, 0x7aa7, 0xbc2b, 0x7aa7, 0x7aa7, 0x7aa7, 0x59e5, 0x59e5, 0xbc2b, 0x7aa7,
    0xbc2b, 0x7aa7, 0x7aa7, 0x59e5, 0xbc2b, 0x7aa7, 0x7aa7, 0x7aa7, 0xbc2b, 0x7aa7, 0x7aa7, 0x7aa7, 0x59e5, 0x59e5, 0xbc2b, 0x7aa7,
    0xbc2b, 0x7aa7, 0x7aa7, 0x59e5, 0xbc2b, 0x7aa7, 0x7aa7, 0x7aa7, 0xbc2b, 0x7aa7, 0x7aa7, 0x7aa7, 0x59e5, 0x59e5, 0xbc2b, 0x7aa7,
    0xbc2b, 0x7aa7, 0x7aa7, 0x59e5, 0xbc2b, 0x7aa7, 0x7aa7, 0x7aa7, 0xbc2b, 0x7aa7, 0x7aa7, 0x7aa7, 0x59e5, 0x59e5, 0xbc2b, 0x7aa7,
    0xbc2b, 0x7aa7, 0x7aa7, 0x59e5, 0xbc2b, 0x7aa7, 0x7aa7, 0x7aa7, 0xbc2b, 0x7aa7, 0x7aa7, 0x7aa7, 0x59e5, 0x59e5, 0xbc2b, 0x7aa7,
    0xbc2b, 0x7aa7, 0x7aa7, 0x59e5, 0xbc2b, 0x7aa7, 0x7aa7, 0x7aa7, 0xbc2b, 0x7aa7, 0x7aa7, 0x7aa7, 0x59e5, 0x59e5, 0xbc2b, 0x7aa7,
    0xbc2b, 0x7aa7, 0x7aa7, 0x59e5, 0xbc2b, 0x7aa7, 0x7aa7, 0x7aa7, 0xbc2b, 0x7aa7, 0x7aa7, 0x7aa7, 0x59e5, 0x59e5, 0xbc2b, 0x7aa7,
    0xbc2b, 0x7aa7, 0x7aa7, 0x59e5, 0xbc2b, 0x7aa7, 0x7aa7, 0x7aa7, 0xbc2b, 0x7aa7, 0x7aa7, 0x7aa7, 0x59e5, 0x59e5, 0xbc2b, 0x7aa7,
    0xbc2b, 0x7aa7, 0x7aa7, 0x59e5, 0xbc2b, 0x7aa7, 0x7aa7, 0x7aa7, 0xbc2b, 0x7aa7, 0x7aa7, 0x7aa7, 0x59e5, 0x59e5, 0xbc2b, 0x7aa7,
    0xbc2b, 0x7aa7, 0x7aa7, 0x59e5, 0xbc2b, 0x7aa7, 0x7aa7, 0x7aa7, 0xbc2b, 0x7aa7, 0x7aa7, 0x7aa7, 0x59e5, 0x59e5, 0xbc2b, 0x7aa7,
    0xbc2b, 0x7aa7, 0x7aa7, 0x59e5, 0xbc2b, 0x7aa7, 0x7aa7, 0x7aa7, 0xbc2b, 0x7aa7, 0x7aa7, 0x7aa7, 0x59e5, 0x59e5, 0xbc2b, 0x7aa7,
    0xbc2b, 0x7aa7, 0x7aa7, 0x59e5, 0xbc2b, 0x7aa7, 0x7aa7, 0x7aa7, 0xbc2b, 0x7aa7, 0x7aa7, 0x7aa7, 0x59e5, 0x59e5, 0xbc2b, 0x7aa7,
    0xbc2b, 0x7aa7, 0x7aa7, 0x59e5, 0xbc2b, 0x7aa7, 0x7aa7, 0x7aa7, 0xbc2b, 0x7aa7, 0x7aa7, 0x7aa7, 0x59e5, 0x59e5, 0xbc2b, 0x7aa7,
    0xbc2b, 0x7aa7, 0x7aa7, 0x59e5, 0xbc2b, 0x7aa7, 0x7aa7, 0x7aa7, 0xbc2b, 0x7aa7, 0x7aa7, 0x7aa7, 0x59e5, 0x59e5, 0xbc2b, 0x7aa7,
    0xbc2b, 0x7aa7, 0x7aa7, 0x59e5, 0xbc2b, 0x7aa7, 0x7aa7, 0x7aa7, 0xbc2b, 0x7aa7, 0x7aa7, 0x7aa7, 0x59e5, 0x59e5, 0xbc2b, 0x7aa7,
    0xbc2b, 0x7aa7, 0x7aa7, 0x59e5, 0xbc2b, 0x7aa7, 0x7aa7, 0x7aa7, 0xbc2b, 0x7aa7, 0x7aa7, 0x7aa7, 0x59e5, 0x59e5, 0xbc2b, 0x7aa7,
    0x9369, 0x6b6d, 0xbc2b, 0x7aa7, 0x9369, 0x59e5, 0x7aa7, 0xbc2b, 0x9369, 0x9369, 0x7aa7, 0x9369, 0x7aa7, 0xbc2b, 0x9369, 0x7aa7,
    0x9369, 0x6b6d, 0xbc2b, 0x7aa7, 0x9369, 0x59e5, 0x7aa7, 0xbc2b, 0x9369, 0x9369, 0x7aa7, 0x9369, 0x7aa7, 0xbc2b, 0x9369, 0x7aa7,
    0x9369, 0x6b6d, 0xbc2b, 0x7aa7, 0x9369, 0x59e5, 0x7aa7, 0xbc2b, 0x9369, 0x9369, 0x7aa7, 0x9369, 0x7aa7, 0xbc2b, 0x9369, 0x7aa7,
    0x9369, 0x6b6d, 0xbc2b, 0x7aa7, 0x9369, 0x59e5, 0x7aa7, 0xbc2b, 0x9369, 0x9369, 0x7aa7, 0x9369, 0x7aa7, 0xbc2b, 0x9369, 0x7aa7,
    0x9369, 0x6b6d, 0xbc2b, 0x7aa7, 0x9369, 0x59e5, 0x7aa7, 0xbc2b, 0x9369, 0x9369, 0x7aa7, 0x9369, 0x7aa7, 0xbc2b, 0x9369, 0x7aa7,
    0x9369, 0x6b6d, 0xbc2b, 0x7aa7, 0x9369, 0x59e5, 0x7aa7, 0xbc2b, 0x9369, 0x9369, 0x7aa7, 0x9369, 0x7aa7, 0xbc2b, 0x9369, 0x7aa7,
    0x9369, 0x6b6d, 0xbc2b, 0x7aa7, 0x9369, 0x59e5, 0x7aa7, 0xbc2b, 0x9369, 0x9369, 0x7aa7, 0x9369, 0x7aa7, 0xbc2b, 0x9369, 0x7aa7,
    0x9369, 0x6b6d, 0xbc2b, 0x7aa7, 0x9369, 0x59e5, 0x7aa7, 0xbc2b, 0x9369, 0x9369, 0x7aa7, 0x9369, 0x7aa7, 0xbc2b, 0x9369, 0x7aa7,
    0x9369, 0x6b6d, 0xbc2b, 0x7aa7, 0x9369, 0x59e5, 0x7aa7, 0xbc2b, 0x9369, 0x9369, 0x7aa7, 0x9369, 0x7aa7, 0xbc2b, 0x9369, 0x7aa7,
    0x9369, 0x6b6d, 0xbc2b, 0x7aa7, 0x9369, 0x59e5, 0x7aa7, 0xbc2b, 0x9369, 0x9369, 0x7aa7, 0x9369, 0x7aa7, 0xbc2b, 0x9369, 0x7aa7,
    0x9369, 0x6b6d, 0xbc2b, 0x7aa7, 0x9369, 0x59e5, 0x7aa7, 0xbc2b, 0x9369, 0x9369, 0x7aa7, 0x9369, 0x7aa7, 0xbc2b, 0x9369, 0x7aa7,
    0x9369, 0x6b6d, 0xbc2b, 0x7aa7, 0x9369, 0x59e5, 0x7aa7, 0xbc2b, 0x9369, 0x9369, 0x7aa7, 0x9369, 0x7aa7, 0xbc2b, 0x9369, 0x7aa7,
    0x9369, 0x6b6d, 0xbc2b, 0x7aa7, 0x9369, 0x59e5, 0x7aa7, 0xbc2b, 0x9369, 0x9369, 0x7aa7, 0x9369, 0x7aa7, 0xbc2b, 0x9369, 0x7aa7,
    0x9369, 0x6b6d, 0xbc2b, 0x7aa7, 0x9369, 0x59e5, 0x7aa7, 0xbc2b, 0x9369, 0x9369, 0x7aa7, 0x9369, 0x7aa7, 0xbc2b, 0x9369, 0x7aa7,
    0x9369, 0x6b6d, 0xbc2b, 0x7aa7, 0x9369, 0x59e5, 0x7aa7, 0xbc2b, 0x9369, 0x9369, 0x7aa7, 0x9369, 0x7aa7, 0xbc2b, 0x9369, 0x7aa7,
    0x9369, 0x6b6d, 0xbc2b, 0x7aa7, 0x9369, 0x59e5, 0x7aa7, 0xbc2b, 0x9369, 0x9369, 0x7aa7, 0x9369, 0x7aa7, 0xbc2b, 0x9369, 0x7aa7,
    0x9369, 0x6b6d, 0xbc2b, 0x7aa7, 0x9369, 0x59e5, 0x7aa7, 0xbc2b, 0x9369, 0x9369, 0x7aa7, 0x9369, 0x7aa7, 0xbc2b, 0x9369, 0x7aa7,
    0x9369, 0x6b6d, 0xbc2b, 0x7aa7, 0x9369, 0x59e5, 0x7aa7, 0xbc2b, 0x9369, 0x9369, 0x7aa7, 0x9369, 0x7aa7, 0xbc2b, 0x9369, 0x7aa7,
    0x9369, 0x6b6d, 0xbc2b, 0x7aa7, 0x9369, 0x59e5, 0x7aa7, 0xbc2b, 0x9369, 0x9369, 0x7aa7, 0x9369, 0x7aa7, 0xbc2b, 0x9369, 0x7aa7,
    0x9369, 0x6b6d, 0xbc2b, 0x7aa7, 0x9369, 0x59e5, 0x7aa7, 0xbc2b, 0x9369, 0x9369, 0x7aa7, 0x9369, 0x7aa7, 0xbc2b, 0x9369, 0x7aa7,
    0x9369, 0x7aa7, 0x9369, 0xbc2b, 0x59e5, 0x9369, 0x7aa7, 0x7aa7, 0x9369, 0x59e5, 0x7aa7, 0x6b6d, 0x7aa7, 0x9369, 0x59e5, 0x7aa7,
    0x9369, 0x7aa7, 0x9369, 0xbc2b, 0x59e5, 0x9369, 0x7aa7, 0x7aa7, 0x9369, 0x59e5, 0x7aa7, 0x6b6d, 0x7aa7, 0x9369, 0x59e5, 0x7aa7,
    0x9369, 0x7aa7, 0x9369, 0xbc2b, 0x59e5, 0x9369, 0x7aa7, 0x7aa7, 0x9369, 0x59e5, 0x7aa7, 0x6b6d, 0x7aa7, 0x9369, 0x59e5, 0x7aa7,
    0x9369, 0x7aa7, 0x9369, 0xbc2b, 0x59e5, 0x9369, 0x7aa7, 0x7aa7, 0x9369, 0x59e5, 0x7aa7, 0x6b6d, 0x7aa7, 0x9369, 0x59e5, 0x7aa7,
    0x9369, 0x7aa7, 0x9369, 0xbc2b, 0x59e5, 0x9369, 0x7aa7, 0x7aa7, 0x9369, 0x59e5, 0x7aa7, 0x6b6d, 0x7aa7, 0x9369, 0x59e5, 0x7aa7,
    0x9369, 0x7aa7, 0x9369, 0xbc2b, 0x59e5, 0x9369, 0x7aa7, 0x7aa7, 0x9369, 0x59e5, 0x7aa7, 0x6b6d, 0x7aa7, 0x9369, 0x59e5, 0x7aa7,
    0x9369, 0x7aa7, 0x9369, 0xbc2b, 0x59e5, 0x9369, 0x7aa7, 0x7aa7, 0x9369, 0x59e5, 0x7aa7, 0x6b6d, 0x7aa7, 0x9369, 0x59e5, 0x7aa7,
    0x9369, 0x7aa7, 0x9369, 0xbc2b, 0x59e5, 0x9369, 0x7aa7, 0x7aa7, 0x9369, 0x59e5, 0x7aa7, 0x6b6d, 0x7aa7, 0x9369, 0x59e5, 0x7aa7,
    0x9369, 0x7aa7, 0x9369, 0xbc2b, 0x59e5, 0x9369, 0x7aa7, 0x7aa7, 0x9369, 0x59e5, 0x7aa7, 0x6b6d, 0x7aa7, 0x9369, 0x59e5, 0x7aa7,
    0x9369, 0x7aa7, 0x9369, 0xbc2b, 0x59e5, 0x9369, 0x7aa7, 0x7aa7, 0x9369, 0x59e5, 0x7aa7, 0x6b6d, 0x7aa7, 0x9369, 0x59e5, 0x7aa7,
    0x9369, 0x7aa7, 0x9369, 0xbc2b, 0x59e5, 0x9369, 0x7aa7, 0x7aa7, 0x9369, 0x59e5, 0x7aa7, 0x6b6d, 0x7aa7, 0x9369, 0x59e5, 0x7aa7,
    0x9369, 0x7aa7, 0x9369, 0xbc2b, 0x59e5, 0x9369, 0x7aa7, 0x7aa7, 0x9369, 0x59e5, 0x7aa7, 0x6b6d, 0x7aa7, 0x9369, 0x59e5, 0x7aa7,
    0x9369, 0x7aa7, 0x9369, 0xbc2b, 0x59e5, 0x9369, 0x7aa7, 0x7aa7, 0x9369, 0x59e5, 0x7aa7, 0x6b6d, 0x7aa7, 0x9369, 0x59e5, 0x7aa7,
    0x9369, 0x7aa7, 0x9369, 0xbc2b, 0x59e5, 0x9369, 0x7aa7, 0x7aa7, 0x9369, 0x59e5, 0x7aa7, 0x6b6d, 0x7aa7, 0x9369, 0x59e5, 0x7aa7,
    0x9369, 0x7aa7, 0x9369, 0xbc2b, 0x59e5, 0x9369, 0x7aa7, 0x7aa7, 0x9369, 0x59e5, 0x7aa7, 0x6b6d, 0x7aa7, 0x9369, 0x59e5, 0x7aa7,
    0x9369, 0x7aa7, 0x9369, 0xbc2b, 0x59e5, 0x9369, 0x7aa7, 0x7aa7, 0x9369, 0x59e5, 0x7aa7, 0x6b6d, 0x7aa7, 0x9369, 0x59e5, 0x7aa7,
    0x9369, 0x7aa7, 0x9369, 0xbc2b, 0x59e5, 0x9369, 0x7aa7, 0x7aa7, 0x9369, 0x59e5, 0x7aa7, 0x6b6d, 0x7aa7, 0x9369, 0x59e5, 0x7aa7,
    0x9369, 0x7aa7, 0x9369, 0xbc2b, 0x59e5, 0x9369, 0x7aa7, 0x7aa7, 0x9369, 0x59e5, 0x7aa7, 0x6b6d, 0x7aa7, 0x9369, 0x59e5, 0x7aa7,
    0x9369, 0x7aa7, 0x9369, 0xbc2b, 0x59e5, 0x9369, 0x7aa7, 0x7aa7, 0x9369, 0x59e5, 0x7aa7, 0x6b6d, 0x7aa7, 0x9369, 0x59e5, 0x7aa7,
    0x9369, 0x7aa7, 0x9369, 0xbc2b, 0x59e5, 0x9369, 0x7aa7, 0x7aa7, 0x9369, 0x59e5, 0x7aa7, 0x6b6d, 0x7aa7, 0x9369, 0x59e5, 0x7aa7,
    0x7aa7, 0x59e5, 0x9369, 0x9369, 0x7aa7, 0x9369, 0x59e5, 0x59e5, 0x59e5, 0x7aa7, 0x7aa7, 0x59e5, 0x7aa7, 0x7aa7, 0x7aa7, 0xbc2b,
    0x7aa7, 0x59e5, 0x9369, 0x9369, 0x7aa7, 0x9369, 0x59e5, 0x59e5, 0x59e5, 0x7aa7, 0x7aa7, 0x59e5, 0x7aa7, 0x7aa7, 0x7aa7, 0xbc2b,
    0x7aa7, 0x59e5, 0x9369, 0x9369, 0x7aa7, 0x9369, 0x59e5, 0x59e5, 0x59e5, 0x7aa7, 0x7aa7, 0x59e5, 0x7aa7, 0x7aa7, 0x7aa7, 0xbc2b,
    0x7aa7, 0x59e5, 0x9369, 0x9369, 0x7aa7, 0x9369, 0x59e5, 0x59e5, 0x59e5, 0x7aa7, 0x7aa7, 0x59e5, 0x7aa7, 0x7aa7, 0x7aa7, 0xbc2b,
    0x7aa7, 0x59e5, 0x9369, 0x9369, 0x7aa7, 0x9369, 0x59e5, 0x59e5, 0x59e5, 0x7aa7, 0x7aa7, 0x59e5, 0x7aa7, 0x7aa7, 0x7aa7, 0xbc2b,
    0x7aa7, 0x59e5, 0x9369, 0x9369, 0x7aa7, 0x9369, 0x59e5, 0x59e5, 0x59e5, 0x7aa7, 0x7aa7, 0x59e5, 0x7aa7, 0x7aa7, 0x7aa7, 0xbc2b,
    0x7aa7, 0x59e5, 0x9369, 0x9369, 0x7aa7, 0x9369, 0x59e5, 0x59e5, 0x59e5, 0x7aa7, 0x7aa7, 0x59e5, 0x7aa7, 0x7aa7, 0x7aa7, 0xbc2b,
    0x7aa7, 0x59e5, 0x9369, 0x9369, 0x7aa7, 0x9369, 0x59e5, 0x59e5, 0x59e5, 0x7aa7, 0x7aa7, 0x59e5, 0x7aa7, 0x7aa7, 0x7aa7, 0xbc2b,
    0x7aa7, 0x59e5, 0x9369, 0x9369, 0x7aa7, 0x9369, 0x59e5, 0x59e5, 0x59e5, 0x7aa7, 0x7aa7, 0x59e5, 0x7aa7, 0x7aa7, 0x7aa7, 0xbc2b,
    0x7aa7, 0x59e5, 0x9369, 0x9369, 0x7aa7, 0x9369, 0x59e5, 0x59e5, 0x59e5, 0x7aa7, 0x7aa7, 0x59e5, 0x7aa7, 0x7aa7, 0x7aa7, 0xbc2b,
    0x7aa7, 0x59e5, 0x9369, 0x9369, 0x7aa7, 0x9369, 0x59e5, 0x59e5, 0x59e5, 0x7aa7, 0x7aa7, 0x59e5, 0x7aa7, 0x7aa7, 0x7aa7, 0xbc2b,
    0x7aa7, 0x59e5, 0x9369, 0x9369, 0x7aa7, 0x9369, 0x59e5, 0x59e5, 0x59e5, 0x7aa7, 0x7aa7, 0x59e5, 0x7aa7, 0x7aa7, 0x7aa7, 0xbc2b,
    0x7aa7, 0x59e5, 0x9369, 0x9369, 0x7aa7, 0x9369, 0x59e5, 0x59e5, 0x59e5, 0x7aa7, 0x7aa7, 0x59e5, 0x7aa7, 0x7aa7, 0x7aa7, 0xbc2b,
    0x7aa7, 0x59e5, 0x9369, 0x9369, 0x7aa7, 0x9369, 0x59e5, 0x59e5, 0x59e5, 0x7aa7, 0x7aa7, 0x59e5, 0x7aa7, 0x7aa7, 0x7aa7, 0xbc2b,
    0x7aa7, 0x59e5, 0x9369, 0x9369, 0x7aa7, 0x9369, 0x59e5, 0x59e5, 0x59e5, 0x7aa7, 0x7aa7, 0x59e5, 0x7aa7, 0x7aa7, 0x7aa7, 0xbc2b,
    0x7aa7, 0x59e5, 0x9369, 0x9369, 0x7aa7, 0x9369, 0x59e5, 0x59e5, 0x59e5, 0x7aa7, 0x7aa7, 0x59e5, 0x7aa7, 0x7aa7, 0x7aa7, 0xbc2b,
    0x7aa7, 0x59e5, 0x9369, 0x9369, 0x7aa7, 0x9369, 0x59e5, 0x59e5, 0x59e5, 0x7aa7, 0x7aa7, 0x59e5, 0x7aa7, 0x7aa7, 0x7aa7, 0xbc2b,
    0x7aa7, 0x59e5, 0x9369, 0x9369, 0x7aa7, 0x9369, 0x59e5, 0x59e5, 0x59e5, 0x7aa7, 0x7aa7, 0x59e5, 0x7aa7, 0x7aa7, 0x7aa7, 0xbc2b,
    0x7aa7, 0x59e5, 0x9369, 0x9369, 0x7aa7, 0x9369, 0x59e5, 0x59e5, 0x59e5, 0x7aa7, 0x7aa7, 0x59e5, 0x7aa7, 0x7aa7, 0x7aa7, 0xbc2b,
    0x7aa7, 0x59e5, 0x9369, 0x9369, 0x7aa7, 0x9369, 0x59e5, 0x59e5, 0x59e5, 0x7aa7, 0x7aa7, 0x59e5, 0x7aa7, 0x7aa7, 0x7aa7, 0xbc2b,
    0xbc2b, 0x59e5, 0x7aa7, 0x7aa7, 0x8430, 0x7aa7, 0x7aa7, 0xbc2b, 0xbc2b, 0x7aa7, 0xbc2b, 0xbc2b, 0x7aa7, 0x9369, 0x7aa7, 0x9369,
    0xbc2b, 0x59e5, 0x7aa7, 0x7aa7, 0x8430, 0x7aa7, 0x7aa7, 0xbc2b, 0xbc2b, 0x7aa7, 0xbc2b, 0xbc2b, 0x7aa7, 0x9369, 0x7aa7, 0x9369,
    0xbc2b, 0x59e5, 0x7aa7, 0x7aa7, 0x8430, 0x7aa7, 0x7aa7, 0xbc2b, 0xbc2b, 0x7aa7, 0xbc2b, 0xbc2b, 0x7aa7, 0x9369, 0x7aa7, 0x9369,
    0xbc2b, 0x59e5, 0x7aa7, 0x7aa7, 0x8430, 0x7aa7, 0x7aa7, 0xbc2b, 0xbc2b, 0x7aa7, 0xbc2b, 0xbc2b, 0x7aa7, 0x9369, 0x7aa7, 0x9369,
    0xbc2b, 0x59e5, 0x7aa7, 0x7aa7, 0x8430, 0x7aa7, 0x7aa7, 0xbc2b, 0xbc2b, 0x7aa7, 0xbc2b, 0xbc2b, 0x7aa7, 0x9369, 0x7aa7, 0x9369,
    0xbc2b, 0x59e5, 0x7aa7, 0x7aa7, 0x8430, 0x7aa7, 0x7aa7, 0xbc2b, 0xbc2b, 0x7aa7, 0xbc2b, 0xbc2b, 0x7aa7, 0x9369, 0x7aa7, 0x9369,
    0xbc2b, 0x59e5, 0x7aa7, 0x7aa7, 0x8430, 0x7aa7, 0x7aa7, 0xbc2b, 0xbc2b, 0x7aa7, 0xbc2b, 0xbc2b, 0x7aa7, 0x9369, 0x7aa7, 0x9369,
    0xbc2b, 0x59e5, 0x7aa7, 0x7aa7, 0x8430, 0x7aa7, 0x7aa7, 0xbc2b, 0xbc2b, 0x7aa7, 0xbc2b, 0xbc2b, 0x7aa7, 0x9369, 0x7aa7, 0x9369,
    0xbc2b, 0x59e5, 0x7aa7, 0x7aa7, 0x8430, 0x7aa7, 0x7aa7, 0xbc2b, 0xbc2b, 0x7aa7, 0xbc2b, 0xbc2b, 0x7aa7, 0x9369, 0x7aa7, 0x9369,
    0xbc2b, 0x59e5, 0x7aa7, 0x7aa7, 0x8430, 0x7aa7, 0x7aa7, 0xbc2b, 0xbc2b, 0x7aa7, 0xbc2b, 0xbc2b, 0x7aa7, 0x9369, 0x7aa7, 0x9369,
    0xbc2b, 0x59e5, 0x7aa7, 0x7aa7, 0x8430, 0x7aa7, 0x7aa7, 0xbc2b, 0xbc2b, 0x7aa7, 0xbc2b, 0xbc2b, 0x7aa7, 0x9369, 0x7aa7, 0x9369,
    0xbc2b, 0x59e5, 0x7aa7, 0x7aa7, 0x8430, 0x7aa7, 0x7aa7, 0xbc2b, 0xbc2b, 0x7aa7, 0xbc2b, 0xbc2b, 0x7aa7, 0x9369, 0x7aa7, 0x9369,
    0xbc2b, 0x59e5, 0x7aa7, 0x7aa7, 0x8430, 0x7aa7, 0x7aa7, 0xbc2b, 0xbc2b, 0x7aa7, 0xbc2b, 0xbc2b, 0x7aa7, 0x9369, 0x7aa7, 0x9369,
    0xbc2b, 0x59e5, 0x7aa7, 0x7aa7, 0x8430, 0x7aa7, 0x7aa7, 0xbc2b, 0xbc2b, 0x7aa7, 0xbc2b, 0xbc2b, 0x7aa7, 0x9369, 0x7aa7, 0x9369,
    0xbc2b, 0x59e5, 0x7aa7, 0x7aa7, 0x8430, 0x7aa7, 0x7aa7, 0xbc2b, 0xbc2b, 0x7aa7, 0xbc2b, 0xbc2b, 0x7aa7, 0x9369, 0x7aa7, 0x9369,
    0xbc2b, 0x59e5, 0x7aa7, 0x7aa7, 0x8430, 0x7aa7, 0x7aa7, 0xbc2b, 0xbc2b, 0x7aa7, 0xbc2b, 0xbc2b, 0x7aa7, 0x9369, 0x7aa7, 0x9369,
    0xbc2b, 0x59e5, 0x7aa7, 0x7aa7, 0x8430, 0x7aa7, 0x7aa7, 0xbc2b, 0xbc2b, 0x7aa7, 0xbc2b, 0xbc2b, 0x7aa7, 0x9369, 0x7aa7, 0x9369,
    0xbc2b, 0x59e5, 0x7aa7, 0x7aa7, 0x8430, 0x7aa7, 0x7aa7, 0xbc2b, 0xbc2b, 0x7aa7, 0xbc2b, 0xbc2b, 0x7aa7, 0x9369, 0x7aa7, 0x9369,
    0xbc2b, 0x59e5, 0x7aa7, 0x7aa7, 0x8430, 0x7aa7, 0x7aa7, 0xbc2b, 0xbc2b, 0x7aa7, 0xbc2b, 0xbc2b, 0x7aa7, 0x9369, 0x7aa7, 0x9369,
    0xbc2b, 0x59e5, 0x7aa7, 0x7aa7, 0x8430, 0x7aa7, 0x7aa7, 0xbc2b, 0xbc2b, 0x7aa7, 0xbc2b, 0xbc2b, 0x7aa7, 0x9369, 0x7aa7, 0x9369,
    0xbc2b, 0x7aa7, 0xbc2b, 0xbc2b, 0x9369, 0x9369, 0x7aa7, 0x7aa7, 0x9369, 0x59e5, 0x9369, 0x9369, 0x7aa7, 0x7aa7, 0x9369, 0x9369,
    0xbc2b, 0x7aa7, 0xbc2b, 0xbc2b, 0x9369, 0x9369, 0x7aa7, 0x7aa7, 0x9369, 0x59e5, 0x9369, 0x9369, 0x7aa7, 0x7aa7, 0x9369, 0x9369,
    0xbc2b, 0x7aa7, 0xbc2b, 0xbc2b, 0x9369, 0x9369, 0x7aa7, 0x7aa7, 0x9369, 0x59e5, 0x9369, 0x9369, 0x7aa7, 0x7aa7, 0x9369, 0x9369,
    0xbc2b, 0x7aa7, 0xbc2b, 0xbc2b, 0x9369, 0x9369, 0x7aa7, 0x7aa7, 0x9369, 0x59e5, 0x9369, 0x9369, 0x7aa7, 0x7aa7, 0x9369, 0x9369,
    0xbc2b, 0x7aa7, 0xbc2b, 0xbc2b, 0x9369, 0x9369, 0x7aa7, 0x7aa7, 0x9369, 0x59e5, 0x9369, 0x9369, 0x7aa7, 0x7aa7, 0x9369, 0x9369,
    0xbc2b, 0x7aa7, 0xbc2b, 0xbc2b, 0x9369, 0x9369, 0x7aa7, 0x7aa7, 0x9369, 0x59e5, 0x9369, 0x9369, 0x7aa7, 0x7aa7, 0x9369, 0x9369,
    0xbc2b, 0x7aa7, 0xbc2b, 0xbc2b, 0x9369, 0x9369, 0x7aa7, 0x7aa7, 0x9369, 0x59e5, 0x9369, 0x9369, 0x7aa7, 0x7aa7, 0x9369, 0x9369,
    0xbc2b, 0x7aa7, 0xbc2b, 0xbc2b, 0x9369, 0x9369, 0x7aa7, 0x7aa7, 0x9369, 0x59e5, 0x9369, 0x9369, 0x7aa7, 0x7aa7, 0x9369, 0x9369,
    0xbc2b, 0x7aa7, 0xbc2b, 0xbc2b, 0x9369, 0x9369, 0x7aa7, 0x7aa7, 0x9369, 0x59e5, 0x9369, 0x9369, 0x7aa7, 0x7aa7, 0x9369, 0x9369,
    0xbc2b, 0x7aa7, 0xbc2b, 0xbc2b, 0x9369, 0x9369, 0x7aa7, 0x7aa7, 0x9369, 0x59e5, 0x9369, 0x9369, 0x7aa7, 0x7aa7, 0x9369, 0x9369,
    0xbc2b, 0x7aa7, 0xbc2b, 0xbc2b, 0x9369, 0x9369, 0x7aa7, 0x7aa7, 0x9369, 0x59e5, 0x9369, 0x9369, 0x7aa7, 0x7aa7, 0x9369, 0x9369,
    0xbc2b, 0x7aa7, 0xbc2b, 0xbc2b, 0x9369, 0x9369, 0x7aa7, 0x7aa7, 0x9369, 0x59e5, 0x9369, 0x9369, 0x7aa7, 0x7aa7, 0x9369, 0x9369,
    0xbc2b, 0x7aa7, 0xbc2b, 0xbc2b, 0x9369, 0x9369, 0x7aa7, 0x7aa7, 0x9369, 0x59e5, 0x9369, 0x9369, 0x7aa7, 0x7aa7, 0x9369, 0x9369,
    0xbc2b, 0x7aa7, 0xbc2b, 0xbc2b, 0x9369, 0x9369, 0x7aa7, 0x7aa7, 0x9369, 0x59e5, 0x9369, 0x9369, 0x7aa7, 0x7aa7, 0x9369, 0x9369,
    0xbc2b, 0x7aa7, 0xbc2b, 0xbc2b, 0x9369, 0x9369, 0x7aa7, 0x7aa7, 0x9369, 0x59e5, 0x9369, 0x9369, 0x7aa7, 0x7aa7, 0x9369, 0x9369,
    0xbc2b, 0x7aa7, 0xbc2b, 0xbc2b, 0x9369, 0x9369, 0x7aa7, 0x7aa7, 0x9369, 0x59e5, 0x9369, 0x9369, 0x7aa7, 0x7aa7, 0x9369, 0x9369,
    0xbc2b, 0x7aa7, 0xbc2b, 0xbc2b, 0x9369, 0x9369, 0x7aa7, 0x7aa7, 0x9369, 0x59e5, 0x9369, 0x9369, 0x7aa7, 0x7aa7, 0x9369, 0x9369,
    0xbc2b, 0x7aa7, 0xbc2b, 0xbc2b, 0x9369, 0x9369, 0x7aa7, 0x7aa7, 0x9369, 0x59e5, 0x9369, 0x9369, 0x7aa7, 0x7aa7, 0x9369, 0x9369,
    0xbc2b, 0x7aa7, 0xbc2b, 0xbc2b, 0x9369, 0x9369, 0x7aa7, 0x7aa7, 0x9369, 0x59e5, 0x9369, 0x9369, 0x7aa7, 0x7aa7, 0x9369, 0x9369,
    0xbc2b, 0x7aa7, 0xbc2b, 0xbc2b, 0x9369, 0x9369, 0x7aa7, 0x7aa7, 0x9369, 0x59e5, 0x9369, 0x9369, 0x7aa7, 0x7aa7, 0x9369, 0x9369,
    0x9369, 0x7aa7, 0x7aa7, 0x9369, 0x7aa7, 0x9369, 0x7aa7, 0x59e5, 0x7aa7, 0x9369, 0x9369, 0x7aa7, 0x7aa7, 0x7aa7, 0x59e5, 0x7aa7,
    0x9369, 0x7aa7, 0x7aa7, 0x9369, 0x7aa7, 0x9369, 0x7aa7, 0x59e5, 0x7aa7, 0x9369, 0x9369, 0x7aa7, 0x7aa7, 0x7aa7, 0x59e5, 0x7aa7,
    0x9369, 0x7aa7, 0x7aa7, 0x9369, 0x7aa7, 0x9369, 0x7aa7, 0x59e5, 0x7aa7, 0x9369, 0x9369, 0x7aa7, 0x7aa7, 0x7aa7, 0x59e5, 0x7aa7,
    0x9369, 0x7aa7, 0x7aa7, 0x9369, 0x7aa7, 0x9369, 0x7aa7, 0x59e5, 0x7aa7, 0x9369, 0x9369, 0x7aa7, 0x7aa7, 0x7aa7, 0x59e5, 0x7aa7,
    0x9369, 0x7aa7, 0x7aa7, 0x9369, 0x7aa7, 0x9369, 0x7aa7, 0x59e5, 0x7aa7, 0x9369, 0x9369, 0x7aa7, 0x7aa7, 0x7aa7, 0x59e5, 0x7aa7,
    0x9369, 0x7aa7, 0x7aa7, 0x9369, 0x7aa7, 0x9369, 0x7aa7, 0x59e5, 0x7aa7, 0x9369, 0x9369, 0x7aa7, 0x7aa7, 0x7aa7, 0x59e5, 0x7aa7,
    0x9369, 0x7aa7, 0x7aa7, 0x9369, 0x7aa7, 0x9369, 0x7aa7, 0x59e5, 0x7aa7, 0x9369, 0x9369, 0x7aa7, 0x7aa7, 0x7aa7, 0x59e5, 0x7aa7,
    0x9369, 0x7aa7, 0x7aa7, 0x9369, 0x7aa7, 0x9369, 0x7aa7, 0x59e5, 0x7aa7, 0x9369, 0x9369, 0x7aa7, 0x7aa7, 0x7aa7, 0x59e5, 0x7aa7,
    0x9369, 0x7aa7, 0x7aa7, 0x9369, 0x7aa7, 0x9369, 0x7aa7, 0x59e5, 0x7aa7, 0x9369, 0x9369, 0x7aa7, 0x7aa7, 0x7aa7, 0x59e5, 0x7aa7,
    0x9369, 0x7aa7, 0x7aa7, 0x9369, 0x7aa7, 0x9369, 0x7aa7, 0x59e5, 0x7aa7, 0x9369, 0x9369, 0x7aa7, 0x7aa7, 0x7aa7, 0x59e5, 0x7aa7,
    0x9369, 0x7aa7, 0x7aa7, 0x9369, 0x7aa7, 0x9369, 0x7aa7, 0x59e5, 0x7aa7, 0x9369, 0x9369, 0x7aa7, 0x7aa7, 0x7aa7, 0x59e5, 0x7aa7,
    0x9369, 0x7aa7, 0x7aa7, 0x9369, 0x7aa7, 0x9369, 0x7aa7, 0x59e5, 0x7aa7, 0x9369, 0x9369, 0x7aa7, 0x7aa7, 0x7aa7, 0x59e5, 0x7aa7,
    0x9369, 0x7aa7, 0x7aa7, 0x9369, 0x7aa7, 0x9369, 0x7aa7, 0x59e5, 0x7aa7, 0x9369, 0x9369, 0x7aa7, 0x7aa7, 0x7aa7, 0x59e5, 0x7aa7,
    0x9369, 0x7aa7, 0x7aa7, 0x9369, 0x7aa7, 0x9369, 0x7aa7, 0x59e5, 0x7aa7, 0x9369, 0x9369, 0x7aa7, 0x7aa7, 0x7aa7, 0x59e5, 0x7aa7,
    0x9369, 0x7aa7, 0x7aa7, 0x9369, 0x7aa7, 0x9369, 0x7aa7, 0x59e5, 0x7aa7, 0x9369, 0x9369, 0x7aa7, 0x7aa7, 0x7aa7, 0x59e5, 0x7aa7,
    0x9369, 0x7aa7, 0x7aa7, 0x9369, 0x7aa7, 0x9369, 0x7aa7, 0x59e5, 0x7aa7, 0x9369, 0x9369, 0x7aa7, 0x7aa7, 0x7aa7, 0x59e5, 0x7aa7,
    0x9369, 0x7aa7, 0x7aa7, 0x9369, 0x7aa7, 0x9369, 0x7aa7, 0x59e5, 0x7aa7, 0x9369, 0x9369, 0x7aa7, 0x7aa7, 0x7aa7, 0x59e5, 0x7aa7,
    0x9369, 0x7aa7, 0x7aa7, 0x9369, 0x7aa7, 0x9369, 0x7aa7, 0x59e5, 0x7aa7, 0x9369, 0x9369, 0x7aa7, 0x7aa7, 0x7aa7, 0x59e5, 0x7aa7,
    0x9369, 0x7aa7, 0x7aa7, 0x9369, 0x7aa7, 0x9369, 0x7aa7, 0x59e5, 0x7aa7, 0x9369, 0x9369, 0x7aa7, 0x7aa7, 0x7aa7, 0x59e5, 0x7aa7,
    0x9369, 0x7aa7, 0x7aa7, 0x9369, 0x7aa7, 0x9369, 0x7aa7, 0x59e5, 0x7aa7, 0x9369, 0x9369, 0x7aa7, 0x7aa7, 0x7aa7, 0x59e5, 0x7aa7,
    0x9369, 0x9369, 0x59e5, 0x7aa7, 0x7aa7, 0x59e5, 0x59e5, 0x7aa7, 0x7aa7, 0x7aa7, 0x7aa7, 0x7aa7, 0xbc2b, 0xbc2b, 0x7aa7, 0x9369,
    0x9369, 0x9369, 0x59e5, 0x7aa7, 0x7aa7, 0x59e5, 0x59e5, 0x7aa7, 0x7aa7, 0x7aa7, 0x7aa7, 0x7aa7, 0xbc2b, 0xbc2b, 0x7aa7, 0x9369,
    0x9369, 0x9369, 0x59e5, 0x7aa7, 0x7aa7, 0x59e5, 0x59e5, 0x7aa7, 0x7aa7, 0x7aa7, 0x7aa7, 0x7aa7, 0xbc2b, 0xbc2b, 0x7aa7, 0x9369,
    0x9369, 0x9369, 0x59e5, 0x7aa7, 0x7aa7, 0x59e5, 0x59e5, 0x7aa7, 0x7aa7, 0x7aa7, 0x7aa7, 0x7aa7, 0xbc2b, 0xbc2b, 0x7aa7, 0x9369,
    0x9369, 0x9369, 0x59e5, 0x7aa7, 0x7aa7, 0x59e5, 0x59e5, 0x7aa7, 0x7aa7, 0x7aa7, 0x7aa7, 0x7aa7, 0xbc2b, 0xbc2b, 0x7aa7, 0x9369,
    0x9369, 0x9369, 0x59e5, 0x7aa7, 0x7aa7, 0x59e5, 0x59e5, 0x7aa7, 0x7aa7, 0x7aa7, 0x7aa7, 0x7aa7, 0xbc2b, 0xbc2b, 0x7aa7, 0x9369,
    0x9369, 0x9369, 0x59e5, 0x7aa7, 0x7aa7, 0x59e5, 0x59e5, 0x7aa7, 0x7aa7, 0x7aa7, 0x7aa7, 0x7aa7, 0xbc2b, 0xbc2b, 0x7aa7, 0x9369,
    0x9369, 0x9369, 0x59e5, 0x7aa7, 0x7aa7, 0x59e5, 0x59e5, 0x7aa7, 0x7aa7, 0x7aa7, 0x7aa7, 0x7aa7, 0xbc2b, 0xbc2b, 0x7aa7, 0x9369,
    0x9369, 0x9369, 0x59e5, 0x7aa7, 0x7aa7, 0x59e5, 0x59e5, 0x7aa7, 0x7aa7, 0x7aa7, 0x7aa7, 0x7aa7, 0xbc2b, 0xbc2b, 0x7aa7, 0x9369,
    0x9369, 0x9369, 0x59e5, 0x7aa7, 0x7aa7, 0x59e5, 0x59e5, 0x7aa7, 0x7aa7, 0x7aa7, 0x7aa7, 0x7aa7, 0xbc2b, 0xbc2b, 0x7aa7, 0x9369,
    0x9369, 0x9369, 0x59e5, 0x7aa7, 0x7aa7, 0x59e5, 0x59e5, 0x7aa7, 0x7aa7, 0x7aa7, 0x7aa7, 0x7aa7, 0xbc2b, 0xbc2b, 0x7aa7, 0x9369,
    0x9369, 0x9369, 0x59e5, 0x7aa7, 0x7aa7, 0x59e5, 0x59e5, 0x7aa7, 0x7aa7, 0x7aa7, 0x7aa7, 0x7aa7, 0xbc2b, 0xbc2b, 0x7aa7, 0x9369,
    0x9369, 0x9369, 0x59e5, 0x7aa7, 0x7aa7, 0x59e5, 0x59e5, 0x7aa7, 0x7aa7, 0x7aa7, 0x7aa7, 0x7aa7, 0xbc2b, 0xbc2b, 0x7aa7, 0x9369,
    0x9369, 0x9369, 0x59e5, 0x7aa7, 0x7aa7, 0x59e5, 0x59e5, 0x7aa7, 0x7aa7, 0x7aa7, 0x7aa7, 0x7aa7, 0xbc2b, 0xbc2b, 0x7aa7, 0x9369,
    0x9369, 0x9369, 0x59e5, 0x7aa7, 0x7aa7, 0x59e5, 0x59e5, 0x7aa7, 0x7aa7, 0x7aa7, 0x7aa7, 0x7aa7, 0xbc2b, 0xbc2b, 0x7aa7, 0x9369,
    0x9369, 0x9369, 0x59e5, 0x7aa7, 0x7aa7, 0x59e5, 0x59e5, 0x7aa7, 0x7aa7, 0x7aa7, 0x7aa7, 0x7aa7, 0xbc2b, 0xbc2b, 0x7aa7, 0x9369,
    0x9369, 0x9369, 0x59e5, 0x7aa7, 0x7aa7, 0x59e5, 0x59e5, 0x7aa7, 0x7aa7, 0x7aa7, 0x7aa7, 0x7aa7, 0xbc2b, 0xbc2b, 0x7aa7, 0x9369,
    0x9369, 0x9369, 0x59e5, 0x7aa7, 0x7aa7, 0x59e5, 0x59e5, 0x7aa7, 0x7aa7, 0x7aa7, 0x7aa7, 0x7aa7, 0xbc2b, 0xbc2b, 0x7aa7, 0x9369,
    0x9369, 0x9369, 0x59e5, 0x7aa7, 0x7aa7, 0x59e5, 0x59e5, 0x7aa7, 0x7aa7, 0x7aa7, 0x7aa7, 0x7aa7, 0xbc2b, 0xbc2b, 0x7aa7, 0x9369,
    0x9369, 0x9369, 0x59e5, 0x7aa7, 0x7aa7, 0x59e5, 0x59e5, 0x7aa7, 0x7aa7, 0x7aa7, 0x7aa7, 0x7aa7, 0xbc2b, 0xbc2b, 0x7aa7, 0x9369,
    0x9369, 0x9369, 0x7aa7, 0xbc2b, 0xbc2b, 0x7aa7, 0xbc2b, 0x9369, 0x59e5, 0xbc2b, 0xbc2b, 0x7aa7, 0x9369, 0x9369, 0x8430, 0x7aa7,
    0x9369, 0x9369, 0x7aa7, 0xbc2b, 0xbc2b, 0x7aa7, 0xbc2b, 0x9369, 0x59e5, 0xbc2b, 0xbc2b, 0x7aa7, 0x9369, 0x9369, 0x8430, 0x7aa7,
    0x9369, 0x9369, 0x7aa7, 0xbc2b, 0xbc2b, 0x7aa7, 0xbc2b, 0x9369, 0x59e5, 0xbc2b, 0xbc2b, 0x7aa7, 0x9369, 0x9369, 0x8430, 0x7aa7,
    0x9369, 0x9369, 0x7aa7, 0xbc2b, 0xbc2b, 0x7aa7, 0xbc2b, 0x9369, 0x59e5, 0xbc2b, 0xbc2b, 0x7aa7, 0x9369, 0x9369, 0x8430, 0x7aa7,
    0x9369, 0x9369, 0x7aa7, 0xbc2b, 0xbc2b, 0x7aa7, 0xbc2b, 0x9369, 0x59e5, 0xbc2b, 0xbc2b, 0x7aa7, 0x9369, 0x9369, 0x8430, 0x7aa7,
    0x9369, 0x9369, 0x7aa7, 0xbc2b, 0xbc2b, 0x7aa7, 0xbc2b, 0x9369, 0x59e5, 0xbc2b, 0xbc2b, 0x7aa7, 0x9369, 0x9369, 0x8430, 0x7aa7,
    0x9369, 0x9369, 0x7aa7, 0xbc2b, 0xbc2b, 0x7aa7, 0xbc2b, 0x9369, 0x59e5, 0xbc2b, 0xbc2b, 0x7aa7, 0x9369, 0x9369, 0x8430, 0x7aa7,
    0x9369, 0x9369, 0x7aa7, 0xbc2b, 0xbc2b, 0x7aa7, 0xbc2b, 0x9369, 0x59e5, 0xbc2b, 0xbc2b, 0x7aa7, 0x9369, 0x9369, 0x8430, 0x7aa7,
    0x9369, 0x9369, 0x7aa7, 0xbc2b, 0xbc2b, 0x7aa7, 0xbc2b, 0x9369, 0x59e5, 0xbc2b, 0xbc2b, 0x7aa7, 0x9369, 0x9369, 0x8430, 0x7aa7,
    0x9369, 0x9369, 0x7aa7, 0xbc2b, 0xbc2b, 0x7aa7, 0xbc2b, 0x9369, 0x59e5, 0xbc2b, 0xbc2b, 0x7aa7, 0x9369, 0x9369, 0x8430, 0x7aa7,
    0x9369, 0x9369, 0x7aa7, 0xbc2b, 0xbc2b, 0x7aa7, 0xbc2b, 0x9369, 0x59e5, 0xbc2b, 0xbc2b, 0x7aa7, 0x9369, 0x9369, 0x8430, 0x7aa7,
    0x9369, 0x9369, 0x7aa7, 0xbc2b, 0xbc2b, 0x7aa7, 0xbc2b, 0x9369, 0x59e5, 0xbc2b, 0xbc2b, 0x7aa7, 0x9369, 0x9369, 0x8430, 0x7aa7,
    0x9369, 0x9369, 0x7aa7, 0xbc2b, 0xbc2b, 0x7aa7, 0xbc2b, 0x9369, 0x59e5, 0xbc2b, 0xbc2b, 0x7aa7, 0x9369, 0x9369, 0x8430, 0x7aa7,
    0x9369, 0x9369, 0x7aa7, 0xbc2b, 0xbc2b, 0x7aa7, 0xbc2b, 0x9369, 0x59e5, 0xbc2b, 0xbc2b, 0x7aa7, 0x9369, 0x9369, 0x8430, 0x7aa7,
    0x9369, 0x9369, 0x7aa7, 0xbc2b, 0xbc2b, 0x7aa7, 0xbc2b, 0x9369, 0x59e5, 0xbc2b, 0xbc2b, 0x7aa7, 0x9369, 0x9369, 0x8430, 0x7aa7,
    0x9369, 0x9369, 0x7aa7, 0xbc2b, 0xbc2b, 0x7aa7, 0xbc2b, 0x9369, 0x59e5, 0xbc2b, 0xbc2b, 0x7aa7, 0x9369, 0x9369, 0x8430, 0x7aa7,
    0x9369, 0x9369, 0x7aa7, 0xbc2b, 0xbc2b, 0x7aa7, 0xbc2b, 0x9369, 0x59e5, 0xbc2b, 0xbc2b, 0x7aa7, 0x9369, 0x9369, 0x8430, 0x7aa7,
    0x9369, 0x9369, 0x7aa7, 0xbc2b, 0xbc2b, 0x7aa7, 0xbc2b, 0x9369, 0x59e5, 0xbc2b, 0xbc2b, 0x7aa7, 0x9369, 0x9369, 0x8430, 0x7aa7,
    0x9369, 0x9369, 0x7aa7, 0xbc2b, 0xbc2b, 0x7aa7, 0xbc2b, 0x9369, 0x59e5, 0xbc2b, 0xbc2b, 0x7aa7, 0x9369, 0x9369, 0x8430, 0x7aa7,
    0x9369, 0x9369, 0x7aa7, 0xbc2b, 0xbc2b, 0x7aa7, 0xbc2b, 0x9369, 0x59e5, 0xbc2b, 0xbc2b, 0x7aa7, 0x9369, 0x9369, 0x8430, 0x7aa7,
    0x9369, 0x7aa7, 0x7aa7, 0x9369, 0x9369, 0xbc2b, 0x7aa7, 0x9369, 0x6b6d, 0x9369, 0x9369, 0x7aa7, 0x59e5, 0x9369, 0x7aa7, 0x59e5,
    0x9369, 0x7aa7, 0x7aa7, 0x9369, 0x9369, 0xbc2b, 0x7aa7, 0x9369, 0x6b6d, 0x9369, 0x9369, 0x7aa7, 0x59e5, 0x9369, 0x7aa7, 0x59e5,
    0x9369, 0x7aa7, 0x7aa7, 0x9369, 0x9369, 0xbc2b, 0x7aa7, 0x9369, 0x6b6d, 0x9369, 0x9369, 0x7aa7, 0x59e5, 0x9369, 0x7aa7, 0x59e5,
    0x9369, 0x7aa7, 0x7aa7, 0x9369, 0x9369, 0xbc2b, 0x7aa7, 0x9369, 0x6b6d, 0x9369, 0x9369, 0x7aa7, 0x59e5, 0x9369, 0x7aa7, 0x59e5,
    0x9369, 0x7aa7, 0x7aa7, 0x9369, 0x9369, 0xbc2b, 0x7aa7, 0x9369, 0x6b6d, 0x9369, 0x9369, 0x7aa7, 0x59e5, 0x9369, 0x7aa7, 0x59e5,
    0x9369, 0x7aa7, 0x7aa7, 0x9369, 0x9369, 0xbc2b, 0x7aa7, 0x9369, 0x6b6d, 0x9369, 0x9369, 0x7aa7, 0x59e5, 0x9369, 0x7aa7, 0x59e5,
    0x9369, 0x7aa7, 0x7aa7, 0x9369, 0x9369, 0xbc2b, 0x7aa7, 0x9369, 0x6b6d, 0x9369, 0x9369, 0x7aa7, 0x59e5, 0x9369, 0x7aa7, 0x59e5,
    0x9369, 0x7aa7, 0x7aa7, 0x9369, 0x9369, 0xbc2b, 0x7aa7, 0x9369, 0x6b6d, 0x9369, 0x9369, 0x7aa7, 0x59e5, 0x9369, 0x7aa7, 0x59e5,
    0x9369, 0x7aa7, 0x7aa7, 0x9369, 0x9369, 0xbc2b, 0x7aa7, 0x9369, 0x6b6d, 0x9369, 0x9369, 0x7aa7, 0x59e5, 0x9369, 0x7aa7, 0x59e5,
    0x9369, 0x7aa7, 0x7aa7, 0x9369, 0x9369, 0xbc2b, 0x7aa7, 0x9369, 0x6b6d, 0x9369, 0x9369, 0x7aa7, 0x59e5, 0x9369, 0x7aa7, 0x59e5,
    0x9369, 0x7aa7, 0x7aa7, 0x9369, 0x9369, 0xbc2b, 0x7aa7, 0x9369, 0x6b6d, 0x9369, 0x9369, 0x7aa7, 0x59e5, 0x9369, 0x7aa7, 0x59e5,
    0x9369, 0x7aa7, 0x7aa7, 0x9369, 0x9369, 0xbc2b, 0x7aa7, 0x9369, 0x6b6d, 0x9369, 0x9369, 0x7aa7, 0x59e5, 0x9369, 0x7aa7, 0x59e5,
    0x9369, 0x7aa7, 0x7aa7, 0x9369, 0x9369, 0xbc2b, 0x7aa7, 0x9369, 0x6b6d, 0x9369, 0x9369, 0x7aa7, 0x59e5, 0x9369, 0x7aa7, 0x59e5,
    0x9369, 0x7aa7, 0x7aa7, 0x9369, 0x9369, 0xbc2b, 0x7aa7, 0x9369, 0x6b6d, 0x9369, 0x9369, 0x7aa7, 0x59e5, 0x9369, 0x7aa7, 0x59e5,
    0x9369, 0x7aa7, 0x7aa7, 0x9369, 0x9369, 0xbc2b, 0x7aa7, 0x9369, 0x6b6d, 0x9369, 0x9369, 0x7aa7, 0x59e5, 0x9369, 0x7aa7, 0x59e5,
    0x9369, 0x7aa7, 0x7aa7, 0x9369, 0x9369, 0xbc2b, 0x7aa7, 0x9369, 0x6b6d, 0x9369, 0x9369, 0x7aa7, 0x59e5, 0x9369, 0x7aa7, 0x59e5,
    0x9369, 0x7aa7, 0x7aa7, 0x9369, 0x9369, 0xbc2b, 0x7aa7, 0x9369, 0x6b6d, 0x9369, 0x9369, 0x7aa7, 0x59e5, 0x9369, 0x7aa7, 0x59e5,
    0x9369, 0x7aa7, 0x7aa7, 0x9369, 0x9369, 0xbc2b, 0x7aa7, 0x9369, 0x6b6d, 0x9369, 0x9369, 0x7aa7, 0x59e5, 0x9369, 0x7aa7, 0x59e5,
    0x9369, 0x7aa7, 0x7aa7, 0x9369, 0x9369, 0xbc2b, 0x7aa7, 0x9369, 0x6b6d, 0x9369, 0x9369, 0x7aa7, 0x59e5, 0x9369, 0x7aa7, 0x59e5,
    0x9369, 0x7aa7, 0x7aa7, 0x9369, 0x9369, 0xbc2b, 0x7aa7, 0x9369, 0x6b6d, 0x9369, 0x9369, 0x7aa7, 0x59e5, 0x9369, 0x7aa7, 0x59e5,
    0x7aa7, 0x59e5, 0x9369, 0x7aa7, 0x9369, 0x9369, 0xbc2b, 0x7aa7, 0x7aa7, 0x7aa7, 0x7aa7, 0x7aa7, 0x7aa7, 0x7aa7, 0xbc2b, 0xbc2b,
    0x7aa7, 0x59e5, 0x9369, 0x7aa7, 0x9369, 0x9369, 0xbc2b, 0x7aa7, 0x7aa7, 0x7aa7, 0x7aa7, 0x7aa7, 0x7aa7, 0x7aa7, 0xbc2b, 0xbc2b,
    0x7aa7, 0x59e5, 0x9369, 0x7aa7, 0x9369, 0x9369, 0xbc2b, 0x7aa7, 0x7aa7, 0x7aa7, 0x7aa7, 0x7aa7, 0x7aa7, 0x7aa7, 0xbc2b, 0xbc2b,
    0x7aa7, 0x59e5, 0x9369, 0x7aa7, 0x9369, 0x9369, 0xbc2b, 0x7aa7, 0x7aa7, 0x7aa7, 0x7aa7, 0x7aa7, 0x7aa7, 0x7aa7, 0xbc2b, 0xbc2b,
    0x7aa7, 0x59e5, 0x9369, 0x7aa7, 0x9369, 0x9369, 0xbc2b, 0x7aa7, 0x7aa7, 0x7aa7, 0x7aa7, 0x7aa7, 0x7aa7, 0x7aa7, 0xbc2b, 0xbc2b,
    0x7aa7, 0x59e5, 0x9369, 0x7aa7, 0x9369, 0x9369, 0xbc2b, 0x7aa7, 0x7aa7, 0x7aa7, 0x7aa7, 0x7aa7, 0x7aa7, 0x7aa7, 0xbc2b, 0xbc2b,
    0x7aa7, 0x59e5, 0x9369, 0x7aa7, 0x9369, 0x9369, 0xbc2b, 0x7aa7, 0x7aa7, 0x7aa7, 0x7aa7, 0x7aa7, 0x7aa7, 0x7aa7, 0xbc2b, 0xbc2b,
    0x7aa7, 0x59e5, 0x9369, 0x7aa7, 0x9369, 0x9369, 0xbc2b, 0x7aa7, 0x7aa7, 0x7aa7, 0x7aa7, 0x7aa7, 0x7aa7, 0x7aa7, 0xbc2b, 0xbc2b,
    0x7aa7, 0x59e5, 0x9369, 0x7aa7, 0x9369, 0x9369, 0xbc2b, 0x7aa7, 0x7aa7, 0x7aa7, 0x7aa7, 0x7aa7, 0x7aa7, 0x7aa7, 0xbc2b, 0xbc2b,
    0x7aa7, 0x59e5, 0x9369, 0x7aa7, 0x9369, 0x9369, 0xbc2b, 0x7aa7, 0x7aa7, 0x7aa7, 0x7aa7, 0x7aa7, 0x7aa7, 0x7aa7, 0xbc2b, 0xbc2b,
    0x7aa7, 0x59e5, 0x9369, 0x7aa7, 0x9369, 0x9369, 0xbc2b, 0x7aa7, 0x7aa7, 0x7aa7, 0x7aa7, 0x7aa7, 0x7aa7, 0x7aa7, 0xbc2b, 0xbc2b,
    0x7aa7, 0x59e5, 0x9369, 0x7aa7, 0x9369, 0x9369, 0xbc2b, 0x7aa7, 0x7aa7, 0x7aa7, 0x7aa7, 0x7aa7, 0x7aa7, 0x7aa7, 0xbc2b, 0xbc2b,
    0x7aa7, 0x59e5, 0x9369, 0x7aa7, 0x9369, 0x9369, 0xbc2b, 0x7aa7, 0x7aa7, 0x7aa7, 0x7aa7, 0x7aa7, 0x7aa7, 0x7aa7, 0xbc2b, 0xbc2b,
    0x7aa7, 0x59e5, 0x9369, 0x7aa7, 0x9369, 0x9369, 0xbc2b, 0x7aa7, 0x7aa7, 0x7aa7, 0x7aa7, 0x7aa7, 0x7aa7, 0x7aa7, 0xbc2b, 0xbc2b,
    0x7aa7, 0x59e5, 0x9369, 0x7aa7, 0x9369, 0x9369, 0xbc2b, 0x7aa7, 0x7aa7, 0x7aa7, 0x7aa7, 0x7aa7, 0x7aa7, 0x7aa7, 0xbc2b, 0xbc2b,
    0x7aa7, 0x59e5, 0x9369, 0x7aa7, 0x9369, 0x9369, 0xbc2b, 0x7aa7, 0x7aa7, 0x7aa7, 0x7aa7, 0x7aa7, 0x7aa7, 0x7aa7, 0xbc2b, 0xbc2b,
    0x7aa7, 0x59e5, 0x9369, 0x7aa7, 0x9369, 0x9369, 0xbc2b, 0x7aa7, 0x7aa7, 0x7aa7, 0x7aa7, 0x7aa7, 0x7aa7, 0x7aa7, 0xbc2b, 0xbc2b,
    0x7aa7, 0x59e5, 0x9369, 0x7aa7, 0x9369, 0x9369, 0xbc2b, 0x7aa7, 0x7aa7, 0x7aa7, 0x7aa7, 0x7aa7, 0x7aa7, 0x7aa7, 0xbc2b, 0xbc2b,
    0x7aa7, 0x59e5, 0x9369, 0x7aa7, 0x9369, 0x9369, 0xbc2b, 0x7aa7, 0x7aa7, 0x7aa7, 0x7aa7, 0x7aa7, 0x7aa7, 0x7aa7, 0xbc2b, 0xbc2b,
    0x7aa7, 0x59e5, 0x9369, 0x7aa7, 0x9369, 0x9369, 0xbc2b, 0x7aa7, 0x7aa7, 0x7aa7, 0x7aa7, 0x7aa7, 0x7aa7, 0x7aa7, 0xbc2b, 0xbc2b,
    0x7aa7, 0x9369, 0x7aa7, 0x7aa7, 0x72c8, 0x7aa7, 0x9369, 0x9369, 0x7aa7, 0x59e5, 0xbc2b, 0x59e5, 0x7aa7, 0xbc2b, 0x9369, 0x9369,
    0x7aa7, 0x9369, 0x7aa7, 0x7aa7, 0x72c8, 0x7aa7, 0x9369, 0x9369, 0x7aa7, 0x59e5, 0xbc2b, 0x59e5, 0x7aa7, 0xbc2b, 0x9369, 0x9369,
    0x7aa7, 0x9369, 0x7aa7, 0x7aa7, 0x72c8, 0x7aa7, 0x9369, 0x9369, 0x7aa7, 0x59e5, 0xbc2b, 0x59e5, 0x7aa7, 0xbc2b, 0x9369, 0x9369,
    0x7aa7, 0x9369, 0x7aa7, 0x7aa7, 0x72c8, 0x7aa7, 0x9369, 0x9369, 0x7aa7, 0x59e5, 0xbc2b, 0x59e5, 0x7aa7, 0xbc2b, 0x9369, 0x9369,
    0x7aa7, 0x9369, 0x7aa7, 0x7aa7, 0x72c8, 0x7aa7, 0x9369, 0x9369, 0x7aa7, 0x59e5, 0xbc2b, 0x59e5, 0x7aa7, 0xbc2b, 0x9369, 0x9369,
    0x7aa7, 0x9369, 0x7aa7, 0x7aa7, 0x72c8, 0x7aa7, 0x9369, 0x9369, 0x7aa7, 0x59e5, 0xbc2b, 0x59e5, 0x7aa7, 0xbc2b, 0x9369, 0x9369,
    0x7aa7, 0x9369, 0x7aa7, 0x7aa7, 0x72c8, 0x7aa7, 0x9369, 0x9369, 0x7aa7, 0x59e5, 0xbc2b, 0x59e5, 0x7aa7, 0xbc2b, 0x9369, 0x9369,
    0x7aa7, 0x9369, 0x7aa7, 0x7aa7, 0x72c8, 0x7aa7, 0x9369, 0x9369, 0x7aa7, 0x59e5, 0xbc2b, 0x59e5, 0x7aa7, 0xbc2b, 0x9369, 0x9369,
    0x7aa7, 0x9369, 0x7aa7, 0x7aa7, 0x72c8, 0x7aa7, 0x9369, 0x9369, 0x7aa7, 0x59e5, 0xbc2b, 0x59e5, 0x7aa7, 0xbc2b, 0x9369, 0x9369,
    0x7aa7, 0x9369, 0x7aa7, 0x7aa7, 0x72c8, 0x7aa7, 0x9369, 0x9369, 0x7aa7, 0x59e5, 0xbc2b, 0x59e5, 0x7aa7, 0xbc2b, 0x9369, 0x9369,
    0x7aa7, 0x9369, 0x7aa7, 0x7aa7, 0x72c8, 0x7aa7, 0x9369, 0x9369, 0x7aa7, 0x59e5, 0xbc2b, 0x59e5, 0x7aa7, 0xbc2b, 0x9369, 0x9369,
    0x7aa7, 0x9369, 0x7aa7, 0x7aa7, 0x72c8, 0x7aa7, 0x9369, 0x9369, 0x7aa7, 0x59e5, 0xbc2b, 0x59e5, 0x7aa7, 0xbc2b, 0x9369, 0x9369,
    0x7aa7, 0x9369, 0x7aa7, 0x7aa7, 0x72c8, 0x7aa7, 0x9369, 0x9369, 0x7aa7, 0x59e5, 0xbc2b, 0x59e5, 0x7aa7, 0xbc2b, 0x9369, 0x9369,
    0x7aa7, 0x9369, 0x7aa7, 0x7aa7, 0x72c8, 0x7aa7, 0x9369, 0x9369, 0x7aa7, 0x59e5, 0xbc2b, 0x59e5, 0x7aa7, 0xbc2b, 0x9369, 0x9369,
    0x7aa7, 0x9369, 0x7aa7, 0x7aa7, 0x72c8, 0x7aa7, 0x9369, 0x9369, 0x7aa7, 0x59e5, 0xbc2b, 0x59e5, 0x7aa7, 0xbc2b, 0x9369, 0x9369,
    0x7aa7, 0x9369, 0x7aa7, 0x7aa7, 0x72c8, 0x7aa7, 0x9369, 0x9369, 0x7aa7, 0x59e5, 0xbc2b, 0x59e5, 0x7aa7, 0xbc2b, 0x9369, 0x9369,
    0x7aa7, 0x9369, 0x7aa7, 0x7aa7, 0x72c8, 0x7aa7, 0x9369, 0x9369, 0x7aa7, 0x59e5, 0xbc2b, 0x59e5, 0x7aa7, 0xbc2b, 0x9369, 0x9369,
    0x7aa7, 0x9369, 0x7aa7, 0x7aa7, 0x72c8, 0x7aa7, 0x9369, 0x9369, 0x7aa7, 0x59e5, 0xbc2b, 0x59e5, 0x7aa7, 0xbc2b, 0x9369, 0x9369,
    0x7aa7, 0x9369, 0x7aa7, 0x7aa7, 0x72c8, 0x7aa7, 0x9369, 0x9369, 0x7aa7, 0x59e5, 0xbc2b, 0x59e5, 0x7aa7, 0xbc2b, 0x9369, 0x9369,
    0x7aa7, 0x9369, 0x7aa7, 0x7aa7, 0x72c8, 0x7aa7, 0x9369, 0x9369, 0x7aa7, 0x59e5, 0xbc2b, 0x59e5, 0x7aa7, 0xbc2b, 0x9369, 0x9369,
    0x9369, 0x7aa7, 0x59e5, 0xbc2b, 0x7aa7, 0x59e5, 0x7aa7, 0x59e5, 0x7aa7, 0x7aa7, 0x7aa7, 0x59e5, 0x7aa7, 0x7aa7, 0x9369, 0x9369,
    0x9369, 0x7aa7, 0x59e5, 0xbc2b, 0x7aa7, 0x59e5, 0x7aa7, 0x59e5, 0x7aa7, 0x7aa7, 0x7aa7, 0x59e5, 0x7aa7, 0x7aa7, 0x9369, 0x9369,
    0x9369, 0x7aa7, 0x59e5, 0xbc2b, 0x7aa7, 0x59e5, 0x7aa7, 0x59e5, 0x7aa7, 0x7aa7, 0x7aa7, 0x59e5, 0x7aa7, 0x7aa7, 0x9369, 0x9369,
    0x9369, 0x7aa7, 0x59e5, 0xbc2b, 0x7aa7, 0x59e5, 0x7aa7, 0x59e5, 0x7aa7, 0x7aa7, 0x7aa7, 0x59e5, 0x7aa7, 0x7aa7, 0x9369, 0x9369,
    0x9369, 0x7aa7, 0x59e5, 0xbc2b, 0x7aa7, 0x59e5, 0x7aa7, 0x59e5, 0x7aa7, 0x7aa7, 0x7aa7, 0x59e5, 0x7aa7, 0x7aa7, 0x9369, 0x9369,
    0x9369, 0x7aa7, 0x59e5, 0xbc2b, 0x7aa7, 0x59e5, 0x7aa7, 0x59e5, 0x7aa7, 0x7aa7, 0x7aa7, 0x59e5, 0x7aa7, 0x7aa7, 0x9369, 0x9369,
    0x9369, 0x7aa7, 0x59e5, 0xbc2b, 0x7aa7, 0x59e5, 0x7aa7, 0x59e5, 0x7aa7, 0x7aa7, 0x7aa7, 0x59e5, 0x7aa7, 0x7aa7, 0x9369, 0x9369,
    0x9369, 0x7aa7, 0x59e5, 0xbc2b, 0x7aa7, 0x59e5, 0x7aa7, 0x59e5, 0x7aa7, 0x7aa7, 0x7aa7, 0x59e5, 0x7aa7, 0x7aa7, 0x9369, 0x9369,
    0x9369, 0x7aa7, 0x59e5, 0xbc2b, 0x7aa7, 0x59e5, 0x7aa7, 0x59e5, 0x7aa7, 0x7aa7, 0x7aa7, 0x59e5, 0x7aa7, 0x7aa7, 0x9369, 0x9369,
    0x9369, 0x7aa7, 0x59e5, 0xbc2b, 0x7aa7, 0x59e5, 0x7aa7, 0x59e5, 0x7aa7, 0x7aa7, 0x7aa7, 0x59e5, 0x7aa7, 0x7aa7, 0x9369, 0x9369,
    0x9369, 0x7aa7, 0x59e5, 0xbc2b, 0x7aa7, 0x59e5, 0x7aa7, 0x59e5, 0x7aa7, 0x7aa7, 0x7aa7, 0x59e5, 0x7aa7, 0x7aa7, 0x9369, 0x9369,
    0x9369, 0x7aa7, 0x59e5, 0xbc2b, 0x7aa7, 0x59e5, 0x7aa7, 0x59e5, 0x7aa7, 0x7aa7, 0x7aa7, 0x59e5, 0x7aa7, 0x7aa7, 0x9369, 0x9369,
    0x9369, 0x7aa7, 0x59e5, 0xbc2b, 0x7aa7, 0x59e5, 0x7aa7, 0x59e5, 0x7aa7, 0x7aa7, 0x7aa7, 0x59e5, 0x7aa7, 0x7aa7, 0x9369, 0x9369,
    0x9369, 0x7aa7, 0x59e5, 0xbc2b, 0x7aa7, 0x59e5, 0x7aa7, 0x59e5, 0x7aa7, 0x7aa7, 0x7aa7, 0x59e5, 0x7aa7, 0x7aa7, 0x9369, 0x9369,
    0x9369, 0x7aa7, 0x59e5, 0xbc2b, 0x7aa7, 0x59e5, 0x7aa7, 0x59e5, 0x7aa7, 0x7aa7, 0x7aa7, 0x59e5, 0x7aa7, 0x7aa7, 0x9369, 0x9369,
    0x9369, 0x7aa7, 0x59e5, 0xbc2b, 0x7aa7, 0x59e5, 0x7aa7, 0x59e5, 0x7aa7, 0x7aa7, 0x7aa7, 0x59e5, 0x7aa7, 0x7aa7, 0x9369, 0x9369,
    0x9369, 0x7aa7, 0x59e5, 0xbc2b, 0x7aa7, 0x59e5, 0x7aa7, 0x59e5, 0x7aa7, 0x7aa7, 0x7aa7, 0x59e5, 0x7aa7, 0x7aa7, 0x9369, 0x9369,
    0x9369, 0x7aa7, 0x59e5, 0xbc2b, 0x7aa7, 0x59e5, 0x7aa7, 0x59e5, 0x7aa7, 0x7aa7, 0x7aa7, 0x59e5, 0x7aa7, 0x7aa7, 0x9369, 0x9369,
    0x9369, 0x7aa7, 0x59e5, 0xbc2b, 0x7aa7, 0x59e5, 0x7aa7, 0x59e5, 0x7aa7, 0x7aa7, 0x7aa7, 0x59e5, 0x7aa7, 0x7aa7, 0x9369, 0x9369,
    0x9369, 0x7aa7, 0x59e5, 0xbc2b, 0x7aa7, 0x59e5, 0x7aa7, 0x59e5, 0x7aa7, 0x7aa7, 0x7aa7, 0x59e5, 0x7aa7, 0x7aa7, 0x9369, 0x9369,
    0x9369, 0x7aa7, 0xbc2b, 0x9369, 0x9369, 0x7aa7, 0x8430, 0x9369, 0x9369, 0x9369, 0x7aa7, 0x7aa7, 0x9369, 0x9369, 0x7aa7, 0x59e5,
    0x9369, 0x7aa7, 0xbc2b, 0x9369, 0x9369, 0x7aa7, 0x8430, 0x9369, 0x9369, 0x9369, 0x7aa7, 0x7aa7, 0x9369, 0x9369, 0x7aa7, 0x59e5,
    0x9369, 0x7aa7, 0xbc2b, 0x9369, 0x9369, 0x7aa7, 0x8430, 0x9369, 0x9369, 0x9369, 0x7aa7, 0x7aa7, 0x9369, 0x9369, 0x7aa7, 0x59e5,
    0x9369, 0x7aa7, 0xbc2b, 0x9369, 0x9369, 0x7aa7, 0x8430, 0x9369, 0x9369, 0x9369, 0x7aa7, 0x7aa7, 0x9369, 0x9369, 0x7aa7, 0x59e5,
    0x9369, 0x7aa7, 0xbc2b, 0x9369, 0x9369, 0x7aa7, 0x8430, 0x9369, 0x9369, 0x9369, 0x7aa7, 0x7aa7, 0x9369, 0x9369, 0x7aa7, 0x59e5,
    0x9369, 0x7aa7, 0xbc2b, 0x9369, 0x9369, 0x7aa7, 0x8430, 0x9369, 0x9369, 0x9369, 0x7aa7, 0x7aa7, 0x9369, 0x9369, 0x7aa7, 0x59e5,
    0x9369, 0x7aa7, 0xbc2b, 0x9369, 0x9369, 0x7aa7, 0x8430, 0x9369, 0x9369, 0x9369, 0x7aa7, 0x7aa7, 0x9369, 0x9369, 0x7aa7, 0x59e5,
    0x9369, 0x7aa7, 0xbc2b, 0x9369, 0x9369, 0x7aa7, 0x8430, 0x9369, 0x9369, 0x9369, 0x7aa7, 0x7aa7, 0x9369, 0x9369, 0x7aa7, 0x59e5,
    0x9369, 0x7aa7, 0xbc2b, 0x9369, 0x9369, 0x7aa7, 0x8430, 0x9369, 0x9369, 0x9369, 0x7aa7, 0x7aa7, 0x9369, 0x9369, 0x7aa7, 0x59e5,
    0x9369, 0x7aa7, 0xbc2b, 0x9369, 0x9369, 0x7aa7, 0x8430, 0x9369, 0x9369, 0x9369, 0x7aa7, 0x7aa7, 0x9369, 0x9369, 0x7aa7, 0x59e5,
    0x9369, 0x7aa7, 0xbc2b, 0x9369, 0x9369, 0x7aa7, 0x8430, 0x9369, 0x9369, 0x9369, 0x7aa7, 0x7aa7, 0x9369, 0x9369, 0x7aa7, 0x59e5,
    0x9369, 0x7aa7, 0xbc2b, 0x9369, 0x9369, 0x7aa7, 0x8430, 0x9369, 0x9369, 0x9369, 0x7aa7, 0x7aa7, 0x9369, 0x9369, 0x7aa7, 0x59e5,
    0x9369, 0x7aa7, 0xbc2b, 0x9369, 0x9369, 0x7aa7, 0x8430, 0x9369, 0x9369, 0x9369, 0x7aa7, 0x7aa7, 0x9369, 0x9369, 0x7aa7, 0x59e5,
    0x9369, 0x7aa7, 0xbc2b, 0x9369, 0x9369, 0x7aa7, 0x8430, 0x9369, 0x9369, 0x9369, 0x7aa7, 0x7aa7, 0x9369, 0x9369, 0x7aa7, 0x59e5,
    0x9369, 0x7aa7, 0xbc2b, 0x9369, 0x9369, 0x7aa7, 0x8430, 0x9369, 0x9369, 0x9369, 0x7aa7, 0x7aa7, 0x9369, 0x9369, 0x7aa7, 0x59e5,
    0x9369, 0x7aa7, 0xbc2b, 0x9369, 0x9369, 0x7aa7, 0x8430, 0x9369, 0x9369, 0x9369, 0x7aa7, 0x7aa7, 0x9369, 0x9369, 0x7aa7, 0x59e5,
    0x9369, 0x7aa7, 0xbc2b, 0x9369, 0x9369, 0x7aa7, 0x8430, 0x9369, 0x9369, 0x9369, 0x7aa7, 0x7aa7, 0x9369, 0x9369, 0x7aa7, 0x59e5,
    0x9369, 0x7aa7, 0xbc2b, 0x9369, 0x9369, 0x7aa7, 0x8430, 0x9369, 0x9369, 0x9369, 0x7aa7, 0x7aa7, 0x9369, 0x9369, 0x7aa7, 0x59e5,
    0x9369, 0x7aa7, 0xbc2b, 0x9369, 0x9369, 0x7aa7, 0x8430, 0x9369, 0x9369, 0x9369, 0x7aa7, 0x7aa7, 0x9369, 0x9369, 0x7aa7, 0x59e5,
    0x9369, 0x7aa7, 0xbc2b, 0x9369, 0x9369, 0x7aa7, 0x8430, 0x9369, 0x9369, 0x9369, 0x7aa7, 0x7aa7, 0x9369, 0x9369, 0x7aa7, 0x59e5
};

static TEXTURE loading{
.width = 320,
.height = 240,
.has_transparency = false,
.transparent_color = 0,
.bitmap = loading_data };
