// Generated from the Minecraft 1.17.1 GUI textures -- do not edit by hand.
// Source: textures/gui/. Regenerate: python3 tools/textures/gen_gui_textures.py
static uint16_t menu_button_data[] = {
    0x0841, 0x0841, 0x0841, 0x0841, 0x0841, 0x0841, 0x0841, 0x0841, 0x0841, 0x0841, 0x0841, 0x0841,
    0x0841, 0x0841, 0x0841, 0x0841, 0x0841, 0x0841, 0x0841, 0x0841, 0x0841, 0x0841, 0x0841, 0x0841,
    0x0841, 0x0841, 0x0841, 0x0841, 0x0841, 0x0841, 0x0841, 0x0841, 0x0841, 0x0841, 0x0841, 0x0841,
    0x0841, 0x0841, 0x0841, 0x0841, 0x0841, 0x0841, 0x0841, 0x0841, 0x0841, 0x0841, 0x0841, 0x0841,
    0x0841, 0x0841, 0x0841, 0x0841, 0x0841, 0x0841, 0x0841, 0x0841, 0x0841, 0x0841, 0x0841, 0x0841,
    0x0841, 0x0841, 0x0841, 0x0841, 0x0841, 0x0841, 0x0841, 0x0841, 0x0841, 0x0841, 0x0841, 0x0841,
    0x0841, 0x0841, 0x0841, 0x0841, 0x0841, 0x0841, 0x0841, 0x0841, 0x0841, 0x0841, 0x0841, 0x0841,
    0x0841, 0x0841, 0x0841, 0x0841, 0x0841, 0x0841, 0x0841, 0x0841, 0x0841, 0x0841, 0x0841, 0x0841,
    0x0841, 0x0841, 0x0841, 0x0841, 0x0841, 0x0841, 0x0841, 0x0841, 0x0841, 0x0841, 0x0841, 0x0841,
    0x0841, 0x0841, 0x0841, 0x0841, 0x0841, 0x0841, 0x0841, 0x0841, 0x0841, 0x0841, 0x0841, 0x0841,
    0x0841, 0x0841, 0x0841, 0x0841, 0x0841, 0x0841, 0x0841, 0x0841, 0x0841, 0x0841, 0x0841, 0x0841,
    0x0841, 0x0841, 0x0841, 0x0841, 0x0841, 0x0841, 0x0841, 0x0841, 0x0841, 0x0841, 0x0841, 0x0841,
    0x0841, 0x0841, 0x0841, 0x0841, 0x0841, 0x0841, 0x0841, 0x0841, 0x0841, 0x0841, 0x0841, 0x0841,
    0x0841, 0x0841, 0x0841, 0x0841, 0x0841, 0x0841, 0x0841, 0x0841, 0x0841, 0x0841, 0x0841, 0x0841,
    0x0841, 0x0841, 0x0841, 0x0841, 0x0841, 0x0841, 0x0841, 0x0841, 0x0841, 0x0841, 0x0841, 0x0841,
    0x0841, 0x0841, 0x0841, 0x0841, 0x0841, 0x0841, 0x0841, 0x0841, 0x0841, 0x0841, 0x0841, 0x0841,
    0x0841, 0x0841, 0x0841, 0x0841, 0x0841, 0x0841, 0x0841, 0x0841, 0x0841, 0x2945, 0x2945, 0x2945,
    0x2965, 0x2965, 0x2965, 0x2965, 0x2965, 0x2965, 0x2965, 0x2965, 0x2945, 0x2945, 0x2965, 0x2965,
    0x2965, 0x2965, 0x2965, 0x2965, 0x2965, 0x2965, 0x2965, 0x2965, 0x2945, 0x2124, 0x2945, 0x2965,
    0x2965, 0x2965, 0x2945, 0x2965, 0x2965, 0x2945, 0x2124, 0x2945, 0x2945, 0x2945, 0x2965, 0x2965,
    0x2965, 0x2965, 0x2965, 0x2965, 0x2965, 0x2965, 0x2965, 0x2965, 0x2965, 0x2965, 0x2965, 0x3186,
    0x2965, 0x2965, 0x2965, 0x2945, 0x2965, 0x2965, 0x2965, 0x2965, 0x2965, 0x2965, 0x2965, 0x2965,
    0x2965, 0x2945, 0x2965, 0x2945, 0x2124, 0x2945, 0x2965, 0x2965, 0x2965, 0x2965, 0x2965, 0x2965,
    0x3186, 0x2965, 0x2965, 0x2965, 0x2965, 0x2965, 0x2965, 0x2965, 0x2965, 0x3186, 0x2965, 0x2965,
    0x2965, 0x2965, 0x2965, 0x2965, 0x2945, 0x2124, 0x2124, 0x2965, 0x2965, 0x2965, 0x2965, 0x2965,
    0x2965, 0x2965, 0x2965, 0x2965, 0x2965, 0x2965, 0x2965, 0x2965, 0x2965, 0x2945, 0x2945, 0x2945,
    0x2945, 0x2945, 0x2965, 0x2965, 0x2965, 0x2965, 0x2965, 0x2965, 0x2965, 0x2965, 0x3186, 0x3186,
    0x2965, 0x2965, 0x2965, 0x2965, 0x2965, 0x2965, 0x2965, 0x2965, 0x2945, 0x2965, 0x2965, 0x2965,
    0x2965, 0x2965, 0x2965, 0x2965, 0x2965, 0x2965, 0x2965, 0x2965, 0x2965, 0x2965, 0x2965, 0x2965,
    0x2965, 0x2965, 0x2945, 0x2945, 0x2945, 0x2945, 0x2965, 0x2965, 0x2965, 0x2965, 0x2965, 0x2965,
    0x2965, 0x2965, 0x2965, 0x2965, 0x2965, 0x2965, 0x2965, 0x2965, 0x2965, 0x2965, 0x2965, 0x2965,
    0x2965, 0x2965, 0x2965, 0x2965, 0x2965, 0x2965, 0x2965, 0x2965, 0x2965, 0x2965, 0x2965, 0x2965,
    0x2965, 0x2965, 0x2965, 0x2965, 0x2965, 0x2965, 0x2965, 0x2965, 0x2965, 0x2965, 0x2945, 0x2945,
    0x2945, 0x2965, 0x2965, 0x0841, 0x0841, 0x2965, 0x2965, 0x2965, 0x2965, 0x2965, 0x2965, 0x2965,
    0x2945, 0x2945, 0x2965, 0x2945, 0x2965, 0x2965, 0x2965, 0x2965, 0x2965, 0x2965, 0x2965, 0x2965,
    0x2965, 0x2945, 0x2945, 0x2945, 0x2945, 0x2945, 0x2945, 0x2965, 0x2965, 0x2945, 0x2965, 0x2965,
    0x2965, 0x2965, 0x2965, 0x2945, 0x2945, 0x2945, 0x2945, 0x2945, 0x2965, 0x2965, 0x2945, 0x2945,
    0x2945, 0x2945, 0x2965, 0x2965, 0x2965, 0x2945, 0x2965, 0x2965, 0x2965, 0x2965, 0x2945, 0x2945,
    0x3186, 0x2965, 0x2965, 0x2965, 0x2965, 0x2965, 0x2965, 0x2965, 0x2945, 0x2945, 0x2965, 0x2965,
    0x2965, 0x2965, 0x2945, 0x2965, 0x2965, 0x2945, 0x2965, 0x2965, 0x2945, 0x2965, 0x2945, 0x2945,
    0x2945, 0x2965, 0x3186, 0x2965, 0x2965, 0x2945, 0x2945, 0x2945, 0x2965, 0x2965, 0x2945, 0x2945,
    0x2945, 0x2965, 0x2965, 0x2965, 0x2965, 0x2965, 0x2965, 0x2965, 0x2945, 0x2945, 0x2965, 0x2965,
    0x2965, 0x2965, 0x2965, 0x2965, 0x2965, 0x2945, 0x2965, 0x2965, 0x2965, 0x2945, 0x2945, 0x2965,
    0x2965, 0x2965, 0x2965, 0x2945, 0x2945, 0x2945, 0x2945, 0x2965, 0x2965, 0x2965, 0x2965, 0x2965,
    0x2945, 0x2945, 0x2965, 0x2965, 0x2965, 0x2965, 0x2965, 0x2965, 0x2965, 0x2965, 0x2965, 0x2965,
    0x2965, 0x2945, 0x2945, 0x2945, 0x2965, 0x2965, 0x2965, 0x2965, 0x3186, 0x2965, 0x2965, 0x2965,
    0x2965, 0x2965, 0x2965, 0x2965, 0x2945, 0x2965, 0x2965, 0x2945, 0x2945, 0x3186, 0x2965, 0x2945,
    0x2965, 0x2965, 0x2965, 0x2965, 0x2965, 0x2965, 0x2945, 0x2965, 0x2965, 0x2965, 0x2965, 0x2965,
    0x2965, 0x2965, 0x2965, 0x2965, 0x2965, 0x2965, 0x2965, 0x2945, 0x2965, 0x3186, 0x2965, 0x2965,
    0x2965, 0x2965, 0x2965, 0x2965, 0x2965, 0x2965, 0x2965, 0x2965, 0x2945, 0x2124, 0x2124, 0x0841,
    0x0841, 0x2945, 0x2945, 0x2945, 0x2965, 0x2965, 0x2965, 0x2945, 0x2965, 0x2965, 0x2965, 0x2965,
    0x2965, 0x2965, 0x2965, 0x2965, 0x2945, 0x2945, 0x2945, 0x2965, 0x2965, 0x2965, 0x2965, 0x2965,
    0x2965, 0x2965, 0x2965, 0x2965, 0x2965, 0x2965, 0x2965, 0x2965, 0x2965, 0x2965, 0x2965, 0x2945,
    0x2945, 0x2945, 0x2124, 0x2945, 0x2965, 0x2965, 0x2945, 0x2945, 0x2965, 0x2965, 0x2965, 0x2965,
    0x2965, 0x2965, 0x2965, 0x2965, 0x3186, 0x2965, 0x2945, 0x2945, 0x2945, 0x2945, 0x2945, 0x2945,
    0x2945, 0x2965, 0x2965, 0x2945, 0x2945, 0x2945, 0x2965, 0x2965, 0x2965, 0x2965, 0x2965, 0x2965,
    0x2945, 0x2965, 0x2965, 0x2965, 0x2965, 0x2965, 0x2965, 0x2965, 0x2965, 0x3186, 0x2965, 0x2945,
    0x2945, 0x2965, 0x2965, 0x2945, 0x2124, 0x2945, 0x2945, 0x2945, 0x2945, 0x2965, 0x2945, 0x2945,
    0x2945, 0x2965, 0x2965, 0x2965, 0x2965, 0x2965, 0x2965, 0x3186, 0x3186, 0x2965, 0x2945, 0x2945,
    0x2945, 0x2965, 0x2965, 0x2965, 0x2945, 0x2965, 0x2965, 0x2945, 0x2945, 0x2965, 0x2965, 0x2965,
    0x2965, 0x2965, 0x2965, 0x2965, 0x2965, 0x2965, 0x2965, 0x2965, 0x2945, 0x2945, 0x2945, 0x2965,
    0x2965, 0x2965, 0x2965, 0x2965, 0x2945, 0x2945, 0x2965, 0x2965, 0x2965, 0x2965, 0x2965, 0x2945,
    0x2124, 0x2945, 0x2965, 0x2965, 0x2965, 0x2945, 0x2124, 0x2945, 0x2945, 0x2965, 0x2965, 0x2965,
    0x2945, 0x2945, 0x2945, 0x2945, 0x2945, 0x2965, 0x2945, 0x2965, 0x2965, 0x2965, 0x2965, 0x2945,
    0x2965, 0x2965, 0x2965, 0x2965, 0x2945, 0x2945, 0x2965, 0x2965, 0x2965, 0x2965, 0x2965, 0x2965,
    0x2965, 0x3186, 0x2965, 0x2965, 0x2965, 0x2965, 0x2965, 0x2965, 0x2965, 0x2965, 0x2965, 0x2965,
    0x2965, 0x2965, 0x2965, 0x2965, 0x2965, 0x2945, 0x2945, 0x0841, 0x0841, 0x2965, 0x2965, 0x2965,
    0x2945, 0x2945, 0x2965, 0x2965, 0x2965, 0x2965, 0x2965, 0x2965, 0x2945, 0x2945, 0x2945, 0x2945,
    0x2124, 0x2945, 0x2965, 0x2945, 0x2945, 0x2945, 0x2945, 0x2124, 0x2945, 0x2945, 0x2965, 0x2965,
    0x2965, 0x2965, 0x2965, 0x2965, 0x2965, 0x2965, 0x2945, 0x2945, 0x2965, 0x2965, 0x2965, 0x2965,
    0x2965, 0x2965, 0x2965, 0x2965, 0x2945, 0x2945, 0x2965, 0x2965, 0x2945, 0x2945, 0x2124, 0x2945,
    0x2965, 0x2945, 0x2945, 0x2945, 0x2965, 0x2945, 0x2965, 0x2945, 0x2945, 0x2945, 0x2965, 0x2965,
    0x2965, 0x2965, 0x2945, 0x2945, 0x2945, 0x2965, 0x2945, 0x2945, 0x2965, 0x2965, 0x2965, 0x3186,
    0x2965, 0x2965, 0x2945, 0x2945, 0x2965, 0x2965, 0x2965, 0x2965, 0x2945, 0x2945, 0x2945, 0x2945,
    0x2945, 0x2945, 0x2965, 0x2965, 0x2945, 0x2965, 0x2965, 0x2965, 0x2945, 0x2945, 0x2945, 0x2965,
    0x2965, 0x2965, 0x2965, 0x2965, 0x2945, 0x2945, 0x2965, 0x2965, 0x2965, 0x2965, 0x2965, 0x2965,
    0x2965, 0x2965, 0x2965, 0x2965, 0x2965, 0x2965, 0x2965, 0x2945, 0x2965, 0x2965, 0x2945, 0x2945,
    0x2945, 0x2945, 0x2965, 0x2965, 0x2965, 0x2965, 0x2965, 0x2965, 0x2965, 0x2965, 0x2965, 0x2945,
    0x2945, 0x2945, 0x2965, 0x2965, 0x2965, 0x2965, 0x2965, 0x2965, 0x2965, 0x2965, 0x2965, 0x2965,
    0x2965, 0x2965, 0x2945, 0x2965, 0x2965, 0x2965, 0x2965, 0x2965, 0x2945, 0x2945, 0x2945, 0x2965,
    0x2965, 0x2965, 0x2965, 0x2945, 0x2124, 0x2945, 0x2945, 0x2965, 0x2965, 0x2965, 0x2945, 0x2945,
    0x2965, 0x2965, 0x2965, 0x2965, 0x2965, 0x2965, 0x2965, 0x2945, 0x2945, 0x2965, 0x2965, 0x2965,
    0x2945, 0x2945, 0x2945, 0x2965, 0x2965, 0x2965, 0x2945, 0x2945, 0x3186, 0x2965, 0x2965, 0x2965,
    0x2945, 0x2945, 0x2945, 0x0841, 0x0841, 0x2965, 0x2965, 0x2965, 0x2965, 0x2945, 0x2965, 0x2965,
    0x2965, 0x2945, 0x2945, 0x2945, 0x2965, 0x2965, 0x2965, 0x2965, 0x2965, 0x2965, 0x2965, 0x2965,
    0x2965, 0x2965, 0x2965, 0x2965, 0x2965, 0x2945, 0x2965, 0x2965, 0x2945, 0x2945, 0x2945, 0x2945,
    0x2945, 0x2965, 0x2965, 0x2965, 0x3186, 0x2965, 0x2965, 0x2965, 0x2945, 0x2945, 0x2965, 0x2965,
    0x2945, 0x2965, 0x2945, 0x2124, 0x2945, 0x2945, 0x2945, 0x2945, 0x2945, 0x2945, 0x2124, 0x2945,
    0x2965, 0x2965, 0x2965, 0x2965, 0x2965, 0x2965, 0x2965, 0x2965, 0x2965, 0x2945, 0x2945, 0x2965,
    0x2965, 0x2945, 0x2945, 0x2965, 0x2965, 0x2965, 0x3186, 0x2965, 0x2965, 0x2965, 0x2945, 0x2965,
    0x2965, 0x2965, 0x2965, 0x2965, 0x2945, 0x2945, 0x2945, 0x2945, 0x2965, 0x2965, 0x2965, 0x2945,
    0x2945, 0x2965, 0x2965, 0x2965, 0x2965, 0x2945, 0x2945, 0x2945, 0x2945, 0x2965, 0x2965, 0x2945,
    0x2965, 0x2965, 0x2945, 0x2965, 0x2965, 0x2965, 0x3186, 0x2965, 0x2945, 0x2945, 0x2945, 0x2945,
    0x2965, 0x2965, 0x2965, 0x2965, 0x2945, 0x2945, 0x2945, 0x2965, 0x2965, 0x2965, 0x2965, 0x2965,
    0x2965, 0x2965, 0x2945, 0x2965, 0x2945, 0x2945, 0x2945, 0x2945, 0x2965, 0x2965, 0x2965, 0x2965,
    0x2945, 0x2945, 0x2945, 0x2965, 0x2965, 0x2965, 0x2965, 0x2945, 0x2124, 0x2945, 0x2965, 0x2965,
    0x2965, 0x2965, 0x2945, 0x2965, 0x2965, 0x2965, 0x2965, 0x2965, 0x2965, 0x2965, 0x2945, 0x2945,
    0x2965, 0x2965, 0x2965, 0x2965, 0x2965, 0x2965, 0x2965, 0x2965, 0x2945, 0x2965, 0x2965, 0x2945,
    0x2945, 0x2124, 0x2945, 0x2945, 0x2945, 0x2945, 0x2945, 0x2945, 0x2945, 0x2945, 0x2945, 0x2945,
    0x2965, 0x2965, 0x2965, 0x2945, 0x2945, 0x2965, 0x2945, 0x2945, 0x2945, 0x2945, 0x2945, 0x0841,
    0x0841, 0x2945, 0x2945, 0x2965, 0x2965, 0x2965, 0x2965, 0x2965, 0x2965, 0x2945, 0x2945, 0x2965,
    0x2965, 0x2965, 0x2965, 0x2945, 0x2945, 0x2965, 0x2965, 0x2965, 0x2965, 0x2945, 0x2945, 0x2965,
    0x2965, 0x2965, 0x2945, 0x2124, 0x2945, 0x2965, 0x2965, 0x2965, 0x2965, 0x2965, 0x2965, 0x2965,
    0x2965, 0x2965, 0x2965, 0x2965, 0x2965, 0x2945, 0x2945, 0x2965, 0x2965, 0x2965, 0x2965, 0x2965,
    0x2965, 0x2965, 0x2945, 0x2965, 0x2965, 0x2965, 0x2965, 0x2965, 0x2945, 0x2945, 0x2945, 0x2965,
    0x2965, 0x2965, 0x2945, 0x2945, 0x2124, 0x2945, 0x2965, 0x2965, 0x2965, 0x2965, 0x2965, 0x2945,
    0x2965, 0x2965, 0x2965, 0x2965, 0x2965, 0x2965, 0x2965, 0x2945, 0x2965, 0x2945, 0x2965, 0x2965,
    0x2965, 0x2965, 0x2965, 0x2945, 0x2945, 0x2945, 0x2945, 0x2965, 0x2965, 0x2965, 0x2965, 0x2945,
    0x2965, 0x2965, 0x2945, 0x2945, 0x2945, 0x2965, 0x2965, 0x2965, 0x2965, 0x2965, 0x2965, 0x2945,
    0x2945, 0x2965, 0x2945, 0x2945, 0x2945, 0x2945, 0x2965, 0x2965, 0x2945, 0x2945, 0x2945, 0x2945,
    0x2965, 0x2965, 0x2965, 0x2965, 0x2965, 0x2965, 0x2965, 0x2965, 0x2965, 0x2965, 0x2965, 0x2965,
    0x2965, 0x2965, 0x2965, 0x2945, 0x2945, 0x2945, 0x2965, 0x3186, 0x2965, 0x2965, 0x2965, 0x2945,
    0x2945, 0x2965, 0x2945, 0x2965, 0x2965, 0x2965, 0x2945, 0x2965, 0x2965, 0x2945, 0x2945, 0x2945,
    0x2945, 0x2945, 0x2124, 0x2945, 0x2945, 0x2945, 0x2945, 0x2945, 0x2945, 0x2945, 0x2945, 0x2965,
    0x2965, 0x2965, 0x2945, 0x2965, 0x2965, 0x2965, 0x2965, 0x2945, 0x2945, 0x2945, 0x2124, 0x2945,
    0x2965, 0x2965, 0x2945, 0x2965, 0x2965, 0x2965, 0x2945, 0x2945, 0x2965, 0x2965, 0x2945, 0x2945,
    0x2945, 0x2945, 0x2965, 0x2945, 0x2945, 0x2945, 0x2945, 0x0841, 0x0841, 0x2945, 0x2945, 0x2945,
    0x2965, 0x2965, 0x2965, 0x2965, 0x2965, 0x2965, 0x2965, 0x2965, 0x2945, 0x2945, 0x2965, 0x2965,
    0x2965, 0x2965, 0x2965, 0x2965, 0x2965, 0x2965, 0x2965, 0x2965, 0x2945, 0x2124, 0x2945, 0x2965,
    0x2965, 0x2965, 0x2945, 0x2965, 0x2965, 0x2945, 0x2124, 0x2945, 0x2945, 0x2945, 0x2965, 0x2965,
    0x2965, 0x2965, 0x2965, 0x2965, 0x2965, 0x2965, 0x2965, 0x2965, 0x2965, 0x2965, 0x2965, 0x3186,
    0x2965, 0x2965, 0x2965, 0x2945, 0x2965, 0x2965, 0x2965, 0x2965, 0x2965, 0x2965, 0x2965, 0x2965,
    0x2965, 0x2945, 0x2965, 0x2945, 0x2124, 0x2945, 0x2965, 0x2965, 0x2965, 0x2965, 0x2965, 0x2965,
    0x3186, 0x2965, 0x2965, 0x2965, 0x2965, 0x2965, 0x2965, 0x2965, 0x2965, 0x3186, 0x2965, 0x2965,
    0x2965, 0x2965, 0x2965, 0x2965, 0x2945, 0x2124, 0x2124, 0x2965, 0x2965, 0x2965, 0x2965, 0x2965,
    0x2965, 0x2965, 0x2965, 0x2965, 0x2965, 0x2965, 0x2965, 0x2965, 0x2965, 0x2945, 0x2945, 0x2945,
    0x2945, 0x2945, 0x2965, 0x2965, 0x2965, 0x2965, 0x2965, 0x2965, 0x2965, 0x2965, 0x3186, 0x3186,
    0x2965, 0x2965, 0x2965, 0x2965, 0x2965, 0x2965, 0x2965, 0x2965, 0x2945, 0x2965, 0x2965, 0x2965,
    0x2965, 0x2965, 0x2965, 0x2965, 0x2965, 0x2965, 0x2965, 0x2965, 0x2965, 0x2965, 0x2965, 0x2965,
    0x2965, 0x2965, 0x2945, 0x2945, 0x2945, 0x2945, 0x2965, 0x2965, 0x2965, 0x2965, 0x2965, 0x2965,
    0x2965, 0x2965, 0x2965, 0x2965, 0x2965, 0x2965, 0x2965, 0x2965, 0x2965, 0x2965, 0x2965, 0x2965,
    0x2965, 0x2965, 0x2965, 0x2965, 0x2965, 0x2965, 0x2965, 0x2965, 0x2965, 0x2965, 0x2965, 0x2965,
    0x2965, 0x2965, 0x2965, 0x2965, 0x2965, 0x2965, 0x2965, 0x2965, 0x2965, 0x2965, 0x2945, 0x2945,
    0x2945, 0x2965, 0x2965, 0x0841, 0x0841, 0x2945, 0x2945, 0x2945, 0x2945, 0x2945, 0x2945, 0x2965,
    0x2965, 0x2965, 0x2965, 0x2965, 0x2965, 0x2945, 0x2945, 0x2945, 0x2945, 0x2965, 0x2965, 0x2965,
    0x2965, 0x2965, 0x2965, 0x2965, 0x2945, 0x2965, 0x2945, 0x2945, 0x2965, 0x2945, 0x2945, 0x2945,
    0x2945, 0x2965, 0x2965, 0x3186, 0x2965, 0x2945, 0x2965, 0x2965, 0x2965, 0x2965, 0x2965, 0x2965,
    0x2945, 0x2965, 0x2965, 0x2945, 0x2965, 0x2945, 0x2945, 0x2945, 0x2965, 0x2965, 0x2965, 0x2965,
    0x2945, 0x2945, 0x2965, 0x2965, 0x2965, 0x2965, 0x2965, 0x2945, 0x2945, 0x2945, 0x2965, 0x2965,
    0x2965, 0x2945, 0x2945, 0x2945, 0x2945, 0x2945, 0x2945, 0x2945, 0x2965, 0x2965, 0x2965, 0x2965,
    0x2965, 0x2965, 0x2965, 0x2965, 0x2965, 0x2965, 0x2965, 0x2965, 0x2965, 0x2965, 0x2965, 0x2945,
    0x2945, 0x2945, 0x2965, 0x2965, 0x2965, 0x2965, 0x2965, 0x2965, 0x2945, 0x2945, 0x2945, 0x2945,
    0x2945, 0x2124, 0x2945, 0x2945, 0x2965, 0x2965, 0x2965, 0x2965, 0x2965, 0x2965, 0x2965, 0x2945,
    0x2945, 0x2945, 0x2965, 0x2945, 0x2945, 0x2945, 0x2945, 0x2945, 0x2965, 0x2965, 0x2965, 0x2945,
    0x2945, 0x2945, 0x2965, 0x2965, 0x2965, 0x2965, 0x2965, 0x2965, 0x2965, 0x2965, 0x2965, 0x2965,
    0x2965, 0x2965, 0x2124, 0x2945, 0x2965, 0x2965, 0x2965, 0x2965, 0x2965, 0x2965, 0x2965, 0x2945,
    0x2965, 0x2965, 0x2965, 0x2965, 0x2965, 0x2965, 0x2965, 0x2965, 0x2965, 0x2965, 0x2945, 0x2945,
    0x2945, 0x2945, 0x2945, 0x2965, 0x2965, 0x2945, 0x2945, 0x2945, 0x2965, 0x2965, 0x2965, 0x2945,
    0x2965, 0x2945, 0x2124, 0x2124, 0x2945, 0x2945, 0x2965, 0x3186, 0x2965, 0x2945, 0x2945, 0x2965,
    0x2965, 0x2965, 0x2965, 0x2945, 0x2965, 0x3186, 0x2965, 0x2945, 0x2945, 0x2965, 0x2965, 0x0841,
    0x0841, 0x2965, 0x2965, 0x2965, 0x2965, 0x2945, 0x2965, 0x2965, 0x2965, 0x2965, 0x2965, 0x2965,
    0x2965, 0x2965, 0x2965, 0x2965, 0x2965, 0x2965, 0x2945, 0x2945, 0x2965, 0x2965, 0x2965, 0x2945,
    0x2945, 0x2945, 0x2965, 0x2965, 0x3186, 0x2965, 0x2965, 0x2965, 0x2965, 0x2965, 0x2965, 0x2965,
    0x2965, 0x3186, 0x3186, 0x2965, 0x2965, 0x2945, 0x2945, 0x2945, 0x2945, 0x2965, 0x2965, 0x2965,
    0x31a6, 0x3186, 0x2965, 0x2965, 0x2945, 0x2945, 0x2965, 0x2945, 0x2965, 0x2965, 0x2965, 0x2965,
    0x2965, 0x2965, 0x2965, 0x2945, 0x2945, 0x2945, 0x2945, 0x2945, 0x2945, 0x2965, 0x2965, 0x2965,
    0x2965, 0x2965, 0x2965, 0x2965, 0x2965, 0x2945, 0x2965, 0x2965, 0x2965, 0x2965, 0x2965, 0x2965,
    0x2965, 0x2965, 0x2945, 0x2945, 0x2945, 0x2965, 0x2965, 0x2965, 0x2965, 0x2945, 0x2124, 0x2945,
    0x2965, 0x2965, 0x2965, 0x2965, 0x2965, 0x2965, 0x2965, 0x2965, 0x2965, 0x2965, 0x2945, 0x2945,
    0x2945, 0x2945, 0x2965, 0x2945, 0x2965, 0x2965, 0x2965, 0x2965, 0x2965, 0x2965, 0x2945, 0x2124,
    0x2965, 0x3186, 0x2965, 0x2965, 0x2965, 0x2965, 0x3186, 0x2965, 0x2965, 0x2965, 0x2965, 0x2965,
    0x2965, 0x2945, 0x2945, 0x2945, 0x2965, 0x2965, 0x2965, 0x2965, 0x2965, 0x2965, 0x2965, 0x2965,
    0x2965, 0x2965, 0x2965, 0x2965, 0x2965, 0x2965, 0x2945, 0x2945, 0x2945, 0x2965, 0x2965, 0x2965,
    0x2965, 0x2945, 0x2945, 0x2965, 0x2965, 0x2965, 0x2965, 0x2965, 0x2965, 0x2965, 0x3186, 0x2965,
    0x2965, 0x2965, 0x2965, 0x2965, 0x2965, 0x2965, 0x2945, 0x2945, 0x2945, 0x2965, 0x2965, 0x2945,
    0x2965, 0x2965, 0x2965, 0x2945, 0x2965, 0x2945, 0x2945, 0x2945, 0x2965, 0x2965, 0x3186, 0x2965,
    0x2965, 0x2965, 0x2965, 0x2965, 0x2965, 0x2124, 0x2124, 0x0841, 0x0841, 0x2945, 0x2945, 0x2965,
    0x3186, 0x2965, 0x2965, 0x3186, 0x2965, 0x2965, 0x2965, 0x2945, 0x2965, 0x2965, 0x2965, 0x2965,
    0x2945, 0x2965, 0x3186, 0x2965, 0x2965, 0x2965, 0x2965, 0x2965, 0x2945, 0x2945, 0x2965, 0x2965,
    0x2965, 0x2945, 0x2965, 0x2965, 0x2945, 0x2965, 0x2965, 0x2965, 0x2965, 0x2965, 0x2965, 0x2945,
    0x2965, 0x2965, 0x2965, 0x2965, 0x2965, 0x2945, 0x2945, 0x2965, 0x2965, 0x2965, 0x2965, 0x2965,
    0x2965, 0x2965, 0x2965, 0x2965, 0x3186, 0x2965, 0x2124, 0x2945, 0x2965, 0x2965, 0x2965, 0x2965,
    0x2965, 0x2945, 0x2965, 0x2965, 0x2965, 0x3186, 0x2965, 0x2965, 0x2965, 0x2965, 0x2945, 0x2945,
    0x2945, 0x2965, 0x3186, 0x2965, 0x3186, 0x31a6, 0x2965, 0x2965, 0x2965, 0x2965, 0x3186, 0x2965,
    0x2965, 0x2965, 0x2965, 0x2965, 0x2965, 0x2965, 0x2965, 0x2965, 0x2945, 0x2945, 0x2965, 0x3186,
    0x2965, 0x2965, 0x2965, 0x2965, 0x2965, 0x2965, 0x2945, 0x2965, 0x2945, 0x2945, 0x2945, 0x2945,
    0x2945, 0x2965, 0x2965, 0x2965, 0x2945, 0x2945, 0x2945, 0x2965, 0x2965, 0x2945, 0x2945, 0x2945,
    0x2965, 0x2965, 0x2965, 0x2965, 0x2945, 0x2945, 0x2965, 0x2945, 0x2965, 0x2965, 0x2965, 0x2945,
    0x2965, 0x2965, 0x2965, 0x2945, 0x2965, 0x2965, 0x2965, 0x2965, 0x2965, 0x2965, 0x2965, 0x2965,
    0x2965, 0x2965, 0x2965, 0x2945, 0x2945, 0x2965, 0x2965, 0x2965, 0x2945, 0x2124, 0x2945, 0x2945,
    0x2124, 0x2945, 0x2965, 0x2965, 0x2965, 0x2965, 0x2945, 0x2945, 0x2945, 0x2965, 0x2965, 0x2965,
    0x2945, 0x2965, 0x2965, 0x2965, 0x2965, 0x2945, 0x2965, 0x2945, 0x2124, 0x2945, 0x2945, 0x2945,
    0x2945, 0x2965, 0x2965, 0x2965, 0x2965, 0x2965, 0x2965, 0x2965, 0x2965, 0x2965, 0x2965, 0x2945,
    0x2945, 0x2945, 0x2945, 0x0841, 0x0841, 0x2965, 0x2965, 0x2965, 0x2965, 0x2965, 0x2965, 0x2965,
    0x2945, 0x2945, 0x2945, 0x2965, 0x2945, 0x2124, 0x2945, 0x2965, 0x2965, 0x2945, 0x2945, 0x2945,
    0x2965, 0x2965, 0x2965, 0x2965, 0x2965, 0x2965, 0x2945, 0x2965, 0x2965, 0x3186, 0x3186, 0x2965,
    0x2965, 0x2965, 0x2965, 0x2965, 0x2965, 0x2965, 0x2965, 0x2965, 0x2965, 0x2965, 0x2965, 0x2965,
    0x2945, 0x2965, 0x2965, 0x2965, 0x2965, 0x2965, 0x2965, 0x2965, 0x2965, 0x2965, 0x2965, 0x2965,
    0x2965, 0x2965, 0x2965, 0x2965, 0x2965, 0x2965, 0x2965, 0x2965, 0x2965, 0x2945, 0x2965, 0x2965,
    0x2965, 0x2965, 0x2965, 0x2965, 0x2965, 0x2965, 0x2965, 0x2965, 0x2965, 0x2965, 0x2965, 0x2945,
    0x2945, 0x2945, 0x2945, 0x2965, 0x2945, 0x2945, 0x2965, 0x2965, 0x2965, 0x2965, 0x2945, 0x2945,
    0x2965, 0x2965, 0x2965, 0x2965, 0x2965, 0x2965, 0x2965, 0x2965, 0x2965, 0x2965, 0x2965, 0x2965,
    0x2965, 0x2945, 0x2945, 0x2965, 0x2965, 0x2965, 0x2965, 0x2945, 0x2945, 0x2965, 0x2965, 0x2965,
    0x2965, 0x2945, 0x2945, 0x2945, 0x2945, 0x2945, 0x2945, 0x2945, 0x2945, 0x2965, 0x2945, 0x2965,
    0x2945, 0x2945, 0x2945, 0x2965, 0x2945, 0x2965, 0x2965, 0x2965, 0x2965, 0x2965, 0x2965, 0x2965,
    0x2965, 0x2965, 0x2965, 0x2965, 0x2945, 0x2945, 0x2965, 0x2965, 0x2965, 0x2965, 0x2945, 0x2945,
    0x2945, 0x2945, 0x2945, 0x2965, 0x2965, 0x2945, 0x2965, 0x2945, 0x2965, 0x2965, 0x2945, 0x2965,
    0x2965, 0x2965, 0x2945, 0x2965, 0x2965, 0x2965, 0x2965, 0x2965, 0x2965, 0x2965, 0x2965, 0x2965,
    0x2945, 0x2945, 0x2945, 0x2965, 0x2965, 0x2945, 0x2945, 0x2945, 0x2965, 0x2945, 0x2965, 0x2945,
    0x2945, 0x2945, 0x2945, 0x2945, 0x2965, 0x2965, 0x2965, 0x2965, 0x2965, 0x2965, 0x2965, 0x0841,
    0x0841, 0x2965, 0x2965, 0x2965, 0x2965, 0x2965, 0x2965, 0x2965, 0x2965, 0x2945, 0x2945, 0x2945,
    0x2945, 0x2945, 0x2124, 0x2124, 0x2965, 0x2965, 0x2965, 0x2945, 0x2965, 0x2965, 0x2965, 0x2965,
    0x2965, 0x2945, 0x2945, 0x2945, 0x2965, 0x2965, 0x2965, 0x2965, 0x2945, 0x2945, 0x2945, 0x2945,
    0x2965, 0x2965, 0x2965, 0x2965, 0x2965, 0x2965, 0x2965, 0x2965, 0x2965, 0x2965, 0x2965, 0x2965,
    0x2965, 0x2965, 0x2965, 0x2965, 0x2965, 0x2965, 0x2965, 0x2965, 0x2965, 0x2965, 0x2965, 0x2965,
    0x3186, 0x2965, 0x2965, 0x2965, 0x2965, 0x2965, 0x2965, 0x2965, 0x2965, 0x2965, 0x2965, 0x2965,
    0x2965, 0x2965, 0x2965, 0x2965, 0x2945, 0x2945, 0x2965, 0x2965, 0x2965, 0x2965, 0x2965, 0x2965,
    0x2945, 0x2965, 0x2965, 0x2965, 0x2945, 0x2965, 0x2945, 0x2965, 0x2965, 0x2965, 0x2965, 0x2945,
    0x2965, 0x2965, 0x2945, 0x2124, 0x2945, 0x2965, 0x2945, 0x2945, 0x2945, 0x2945, 0x2965, 0x2965,
    0x2965, 0x2965, 0x2965, 0x2945, 0x2945, 0x2945, 0x2965, 0x2945, 0x2945, 0x2965, 0x2965, 0x2965,
    0x2965, 0x2965, 0x2965, 0x2965, 0x2965, 0x2965, 0x2965, 0x2965, 0x2965, 0x2965, 0x2945, 0x2965,
    0x2965, 0x2965, 0x2945, 0x2945, 0x2965, 0x2965, 0x2945, 0x2965, 0x2945, 0x2945, 0x2965, 0x2965,
    0x2965, 0x2945, 0x2945, 0x2965, 0x2965, 0x2965, 0x3186, 0x2965, 0x2965, 0x2945, 0x2124, 0x2945,
    0x2965, 0x2965, 0x2945, 0x2965, 0x2965, 0x3186, 0x2965, 0x2965, 0x2965, 0x2965, 0x2965, 0x2965,
    0x2965, 0x2965, 0x2965, 0x2945, 0x2945, 0x2945, 0x2965, 0x2945, 0x2945, 0x2945, 0x2965, 0x2965,
    0x2965, 0x2965, 0x2965, 0x2965, 0x2965, 0x2945, 0x2945, 0x2945, 0x2945, 0x2965, 0x2945, 0x2945,
    0x2945, 0x2965, 0x2965, 0x2965, 0x2965, 0x2945, 0x2945, 0x0841, 0x0841, 0x2965, 0x2965, 0x2965,
    0x2965, 0x2945, 0x2945, 0x2965, 0x2965, 0x2965, 0x2945, 0x2945, 0x2965, 0x2965, 0x2965, 0x2965,
    0x2965, 0x2945, 0x2945, 0x2945, 0x2965, 0x2965, 0x2965, 0x2965, 0x2965, 0x2965, 0x2965, 0x2945,
    0x2945, 0x2965, 0x2945, 0x2945, 0x2965, 0x2965, 0x2965, 0x2965, 0x2965, 0x2945, 0x2945, 0x3186,
    0x2945, 0x2945, 0x2945, 0x2945, 0x2965, 0x2945, 0x2965, 0x2965, 0x2965, 0x2965, 0x2945, 0x2945,
    0x2945, 0x2965, 0x2965, 0x2945, 0x2945, 0x2945, 0x2945, 0x2965, 0x2965, 0x2945, 0x2945, 0x2945,
    0x2965, 0x2965, 0x2965, 0x2965, 0x2965, 0x2965, 0x2965, 0x2945, 0x2945, 0x2965, 0x2965, 0x2965,
    0x2965, 0x2965, 0x2965, 0x2965, 0x2965, 0x2965, 0x2945, 0x2945, 0x2945, 0x2965, 0x2965, 0x2945,
    0x2945, 0x2945, 0x2965, 0x2945, 0x2124, 0x2945, 0x2965, 0x2965, 0x2965, 0x2965, 0x2965, 0x2965,
    0x2965, 0x2965, 0x2945, 0x2965, 0x2965, 0x2965, 0x2965, 0x2965, 0x2965, 0x2945, 0x2124, 0x2945,
    0x2124, 0x2945, 0x2965, 0x2965, 0x2965, 0x2965, 0x2965, 0x2965, 0x2965, 0x2965, 0x2965, 0x2965,
    0x2965, 0x2965, 0x2965, 0x2965, 0x2945, 0x2945, 0x2965, 0x2945, 0x2945, 0x2945, 0x2124, 0x2945,
    0x2965, 0x2965, 0x2965, 0x2965, 0x2965, 0x2965, 0x2965, 0x2965, 0x2945, 0x2945, 0x2945, 0x2945,
    0x2945, 0x2965, 0x3186, 0x2965, 0x2965, 0x2965, 0x2965, 0x2965, 0x2965, 0x2945, 0x2945, 0x2965,
    0x2965, 0x2945, 0x2945, 0x2945, 0x2945, 0x2945, 0x2945, 0x2945, 0x2945, 0x2965, 0x2945, 0x2965,
    0x2945, 0x2945, 0x2965, 0x2965, 0x2945, 0x2945, 0x2965, 0x3186, 0x2965, 0x2965, 0x2965, 0x2965,
    0x2945, 0x2965, 0x2945, 0x2124, 0x2945, 0x2945, 0x2965, 0x2945, 0x2945, 0x2945, 0x2945, 0x2124,
    0x2945, 0x2945, 0x2945, 0x0841, 0x0841, 0x2965, 0x2965, 0x2965, 0x2965, 0x2965, 0x2965, 0x2945,
    0x2965, 0x2965, 0x2965, 0x2965, 0x2965, 0x2945, 0x2965, 0x2965, 0x2965, 0x2965, 0x2965, 0x2965,
    0x2965, 0x2945, 0x2965, 0x2965, 0x2965, 0x2965, 0x2965, 0x2965, 0x2965, 0x2965, 0x2945, 0x2965,
    0x2965, 0x2945, 0x2945, 0x2965, 0x2965, 0x2965, 0x2945, 0x2124, 0x2945, 0x2945, 0x2965, 0x2965,
    0x2965, 0x2965, 0x2965, 0x2965, 0x2965, 0x2945, 0x2965, 0x2965, 0x2965, 0x2965, 0x2945, 0x2945,
    0x2965, 0x2965, 0x2965, 0x2965, 0x2945, 0x2945, 0x2945, 0x2945, 0x2965, 0x2965, 0x2965, 0x2965,
    0x2965, 0x2965, 0x2965, 0x2965, 0x2945, 0x2945, 0x2945, 0x2965, 0x2965, 0x2965, 0x2965, 0x2945,
    0x2945, 0x2965, 0x2965, 0x2965, 0x2965, 0x2965, 0x2965, 0x2965, 0x2965, 0x2965, 0x2965, 0x2965,
    0x2965, 0x2965, 0x2965, 0x2945, 0x2965, 0x2945, 0x2965, 0x2945, 0x2124, 0x2965, 0x3186, 0x2965,
    0x2965, 0x2965, 0x2965, 0x2965, 0x3186, 0x2965, 0x2965, 0x2965, 0x2945, 0x2945, 0x2945, 0x2945,
    0x2124, 0x2124, 0x2945, 0x2965, 0x2965, 0x2965, 0x2965, 0x2965, 0x2965, 0x2965, 0x2965, 0x2965,
    0x2965, 0x2945, 0x2945, 0x2945, 0x2945, 0x2965, 0x2945, 0x2945, 0x2965, 0x2965, 0x2945, 0x2945,
    0x2965, 0x2965, 0x2965, 0x2965, 0x2945, 0x2945, 0x2965, 0x2945, 0x2945, 0x2945, 0x2965, 0x2965,
    0x2965, 0x2945, 0x2945, 0x2965, 0x2965, 0x2965, 0x2965, 0x2945, 0x2945, 0x2965, 0x2965, 0x3186,
    0x3186, 0x2965, 0x2965, 0x2945, 0x2945, 0x2945, 0x2965, 0x2965, 0x2965, 0x2965, 0x2965, 0x2965,
    0x2965, 0x2965, 0x2965, 0x2945, 0x2965, 0x2965, 0x2945, 0x2945, 0x2945, 0x2945, 0x2945, 0x2945,
    0x2945, 0x2945, 0x2945, 0x2965, 0x2965, 0x2945, 0x2965, 0x3186, 0x2965, 0x2965, 0x2965, 0x0841,
    0x0841, 0x2965, 0x2965, 0x2965, 0x2965, 0x2965, 0x2965, 0x2965, 0x2965, 0x2965, 0x2945, 0x2965,
    0x2945, 0x2945, 0x2945, 0x2965, 0x2965, 0x2945, 0x2945, 0x2945, 0x2965, 0x2965, 0x2965, 0x2945,
    0x2945, 0x2965, 0x2965, 0x3186, 0x2965, 0x2965, 0x2945, 0x2945, 0x2965, 0x2965, 0x2965, 0x2945,
    0x2945, 0x2945, 0x2965, 0x2965, 0x2965, 0x2945, 0x2965, 0x2965, 0x3186, 0x2965, 0x2965, 0x2965,
    0x2965, 0x2965, 0x2965, 0x2945, 0x2945, 0x2945, 0x2965, 0x2965, 0x2965, 0x2965, 0x2965, 0x2965,
    0x2965, 0x2965, 0x2965, 0x2965, 0x2965, 0x2965, 0x2965, 0x2965, 0x2965, 0x2965, 0x2945, 0x2965,
    0x2965, 0x2965, 0x2965, 0x2965, 0x2965, 0x2945, 0x2945, 0x2965, 0x2945, 0x2945, 0x2965, 0x2965,
    0x2965, 0x2965, 0x2965, 0x2965, 0x2945, 0x2945, 0x2945, 0x2945, 0x2945, 0x2945, 0x2965, 0x2945,
    0x2965, 0x2965, 0x2945, 0x2965, 0x2965, 0x2124, 0x2945, 0x2945, 0x2945, 0x2965, 0x2965, 0x2965,
    0x2965, 0x2965, 0x2945, 0x2965, 0x2965, 0x2965, 0x2965, 0x2965, 0x2965, 0x2965, 0x2965, 0x2965,
    0x2965, 0x2965, 0x2965, 0x2965, 0x2965, 0x2945, 0x2945, 0x2945, 0x2945, 0x2124, 0x2124, 0x2965,
    0x2965, 0x2965, 0x2965, 0x2965, 0x2965, 0x2965, 0x2965, 0x2965, 0x2945, 0x2965, 0x2965, 0x2965,
    0x2945, 0x2945, 0x2945, 0x2945, 0x2945, 0x2965, 0x2965, 0x2965, 0x2965, 0x2965, 0x3186, 0x2965,
    0x2945, 0x2965, 0x2965, 0x2965, 0x2965, 0x2965, 0x2965, 0x2965, 0x2945, 0x2945, 0x2965, 0x2965,
    0x2965, 0x2965, 0x2945, 0x2945, 0x2945, 0x2945, 0x2965, 0x2945, 0x2945, 0x2945, 0x2945, 0x2945,
    0x2945, 0x2945, 0x2945, 0x2945, 0x2965, 0x3186, 0x2965, 0x2965, 0x2945, 0x2965, 0x2965, 0x3186,
    0x2965, 0x2965, 0x2965, 0x2965, 0x2965, 0x2965, 0x2965, 0x0841, 0x0841, 0x2965, 0x2965, 0x2945,
    0x2945, 0x2965, 0x2945, 0x2945, 0x2124, 0x2945, 0x2965, 0x2965, 0x2965, 0x2945, 0x2945, 0x2965,
    0x31a6, 0x2965, 0x2965, 0x2945, 0x2945, 0x2965, 0x2965, 0x2965, 0x2945, 0x2965, 0x2965, 0x2965,
    0x2965, 0x2965, 0x2965, 0x2945, 0x2124, 0x2945, 0x2945, 0x2945, 0x2965, 0x2124, 0x2945, 0x2965,
    0x2945, 0x2945, 0x2945, 0x2965, 0x2965, 0x2965, 0x2945, 0x2945, 0x2124, 0x2945, 0x2965, 0x2965,
    0x2945, 0x2945, 0x2945, 0x2965, 0x3186, 0x2965, 0x2965, 0x2965, 0x2965, 0x2965, 0x2965, 0x2965,
    0x2965, 0x2965, 0x2965, 0x2965, 0x2965, 0x2965, 0x2965, 0x2965, 0x2965, 0x2965, 0x2965, 0x2945,
    0x2945, 0x2945, 0x2945, 0x2965, 0x2965, 0x2965, 0x2945, 0x2945, 0x2965, 0x2965, 0x2965, 0x2965,
    0x2965, 0x2965, 0x2965, 0x2965, 0x2965, 0x2965, 0x2965, 0x2965, 0x2965, 0x2965, 0x2965, 0x2965,
    0x2965, 0x2965, 0x2965, 0x2945, 0x2965, 0x2965, 0x2965, 0x2965, 0x2965, 0x2965, 0x2965, 0x2965,
    0x2965, 0x2965, 0x2965, 0x2945, 0x2965, 0x2965, 0x2965, 0x2945, 0x2945, 0x2124, 0x2945, 0x2965,
    0x2965, 0x2965, 0x2965, 0x2965, 0x2965, 0x2965, 0x2965, 0x2965, 0x2965, 0x2945, 0x2945, 0x2965,
    0x2965, 0x2965, 0x2965, 0x2965, 0x2965, 0x2965, 0x2965, 0x2965, 0x2965, 0x3186, 0x2965, 0x2965,
    0x2965, 0x2945, 0x2945, 0x2965, 0x2965, 0x2945, 0x2965, 0x2965, 0x2965, 0x2965, 0x2945, 0x2945,
    0x2965, 0x2965, 0x2945, 0x2945, 0x2945, 0x2965, 0x2965, 0x2965, 0x2965, 0x2945, 0x2965, 0x2965,
    0x2945, 0x2945, 0x2945, 0x2945, 0x2945, 0x2965, 0x2965, 0x2965, 0x2945, 0x2945, 0x2965, 0x2965,
    0x2965, 0x2945, 0x2945, 0x2945, 0x2945, 0x2945, 0x2965, 0x2965, 0x2965, 0x2965, 0x2965, 0x2965,
    0x2965, 0x2965, 0x2965, 0x0841, 0x0841, 0x2945, 0x2945, 0x2945, 0x2965, 0x2965, 0x2965, 0x2965,
    0x2965, 0x2965, 0x2965, 0x2965, 0x2945, 0x2945, 0x2965, 0x2965, 0x2965, 0x2965, 0x2965, 0x2965,
    0x2965, 0x2965, 0x2965, 0x2965, 0x2945, 0x2124, 0x2945, 0x2965, 0x2965, 0x2965, 0x2945, 0x2965,
    0x2965, 0x2945, 0x2124, 0x2945, 0x2945, 0x2945, 0x2965, 0x2965, 0x2965, 0x2965, 0x2965, 0x2965,
    0x2965, 0x2965, 0x2965, 0x2965, 0x2965, 0x2965, 0x2965, 0x3186, 0x2965, 0x2965, 0x2965, 0x2945,
    0x2965, 0x2965, 0x2965, 0x2965, 0x2965, 0x2965, 0x2965, 0x2965, 0x2965, 0x2945, 0x2965, 0x2945,
    0x2124, 0x2945, 0x2965, 0x2965, 0x2965, 0x2965, 0x2965, 0x2965, 0x3186, 0x2965, 0x2965, 0x2965,
    0x2965, 0x2965, 0x2965, 0x2965, 0x2965, 0x3186, 0x2965, 0x2965, 0x2965, 0x2965, 0x2965, 0x2965,
    0x2945, 0x2124, 0x2124, 0x2965, 0x2965, 0x2965, 0x2965, 0x2965, 0x2965, 0x2965, 0x2965, 0x2965,
    0x2965, 0x2965, 0x2965, 0x2965, 0x2965, 0x2945, 0x2945, 0x2945, 0x2945, 0x2945, 0x2965, 0x2965,
    0x2965, 0x2965, 0x2965, 0x2965, 0x2965, 0x2965, 0x3186, 0x3186, 0x2965, 0x2965, 0x2965, 0x2965,
    0x2965, 0x2965, 0x2965, 0x2965, 0x2945, 0x2965, 0x2965, 0x2965, 0x2965, 0x2965, 0x2965, 0x2965,
    0x2965, 0x2965, 0x2965, 0x2965, 0x2965, 0x2965, 0x2965, 0x2965, 0x2965, 0x2965, 0x2945, 0x2945,
    0x2945, 0x2945, 0x2965, 0x2965, 0x2965, 0x2965, 0x2965, 0x2965, 0x2965, 0x2965, 0x2965, 0x2965,
    0x2965, 0x2965, 0x2965, 0x2965, 0x2965, 0x2965, 0x2965, 0x2965, 0x2965, 0x2965, 0x2965, 0x2965,
    0x2965, 0x2965, 0x2965, 0x2965, 0x2965, 0x2965, 0x2965, 0x2965, 0x2965, 0x2965, 0x2965, 0x2965,
    0x2965, 0x2965, 0x2965, 0x2965, 0x2965, 0x2965, 0x2945, 0x2945, 0x2945, 0x2965, 0x2965, 0x0841,
    0x0841, 0x2945, 0x2945, 0x2945, 0x2945, 0x2945, 0x2945, 0x2965, 0x2965, 0x2965, 0x2965, 0x2965,
    0x2965, 0x2945, 0x2945, 0x2945, 0x2945, 0x2965, 0x2965, 0x2965, 0x2965, 0x2965, 0x2965, 0x2965,
    0x2945, 0x2965, 0x2945, 0x2945, 0x2965, 0x2945, 0x2945, 0x2945, 0x2945, 0x2965, 0x2965, 0x3186,
    0x2965, 0x2945, 0x2965, 0x2965, 0x2965, 0x2965, 0x2965, 0x2965, 0x2945, 0x2965, 0x2965, 0x2945,
    0x2965, 0x2945, 0x2945, 0x2945, 0x2965, 0x2965, 0x2965, 0x2965, 0x2945, 0x2945, 0x2965, 0x2965,
    0x2965, 0x2965, 0x2965, 0x2945, 0x2945, 0x2945, 0x2965, 0x2965, 0x2965, 0x2945, 0x2945, 0x2945,
    0x2945, 0x2945, 0x2945, 0x2945, 0x2965, 0x2965, 0x2965, 0x2965, 0x2965, 0x2965, 0x2965, 0x2965,
    0x2965, 0x2965, 0x2965, 0x2965, 0x2965, 0x2965, 0x2965, 0x2945, 0x2945, 0x2945, 0x2965, 0x2965,
    0x2965, 0x2965, 0x2965, 0x2965, 0x2945, 0x2945, 0x2945, 0x2945, 0x2945, 0x2124, 0x2945, 0x2945,
    0x2965, 0x2965, 0x2965, 0x2965, 0x2965, 0x2965, 0x2965, 0x2945, 0x2945, 0x2945, 0x2965, 0x2945,
    0x2945, 0x2945, 0x2945, 0x2945, 0x2965, 0x2965, 0x2965, 0x2945, 0x2945, 0x2945, 0x2965, 0x2965,
    0x2965, 0x2965, 0x2965, 0x2965, 0x2965, 0x2965, 0x2965, 0x2965, 0x2965, 0x2965, 0x2124, 0x2945,
    0x2965, 0x2965, 0x2965, 0x2965, 0x2965, 0x2965, 0x2965, 0x2945, 0x2965, 0x2965, 0x2965, 0x2965,
    0x2965, 0x2965, 0x2965, 0x2965, 0x2965, 0x2965, 0x2945, 0x2945, 0x2945, 0x2945, 0x2945, 0x2965,
    0x2965, 0x2945, 0x2945, 0x2945, 0x2965, 0x2965, 0x2965, 0x2945, 0x2965, 0x2945, 0x2124, 0x2124,
    0x2945, 0x2945, 0x2965, 0x3186, 0x2965, 0x2945, 0x2945, 0x2965, 0x2965, 0x2965, 0x2965, 0x2945,
    0x2965, 0x3186, 0x2965, 0x2945, 0x2945, 0x2965, 0x2965, 0x0841, 0x0841, 0x0841, 0x0841, 0x0841,
    0x0841, 0x0841, 0x0841, 0x0841, 0x0841, 0x0841, 0x0841, 0x0841, 0x0841, 0x0841, 0x0841, 0x0841,
    0x0841, 0x0841, 0x0841, 0x0841, 0x0841, 0x0841, 0x0841, 0x0841, 0x0841, 0x0841, 0x0841, 0x0841,
    0x0841, 0x0841, 0x0841, 0x0841, 0x0841, 0x0841, 0x0841, 0x0841, 0x0841, 0x0841, 0x0841, 0x0841,
    0x0841, 0x0841, 0x0841, 0x0841, 0x0841, 0x0841, 0x0841, 0x0841, 0x0841, 0x0841, 0x0841, 0x0841,
    0x0841, 0x0841, 0x0841, 0x0841, 0x0841, 0x0841, 0x0841, 0x0841, 0x0841, 0x0841, 0x0841, 0x0841,
    0x0841, 0x0841, 0x0841, 0x0841, 0x0841, 0x0841, 0x0841, 0x0841, 0x0841, 0x0841, 0x0841, 0x0841,
    0x0841, 0x0841, 0x0841, 0x0841, 0x0841, 0x0841, 0x0841, 0x0841, 0x0841, 0x0841, 0x0841, 0x0841,
    0x0841, 0x0841, 0x0841, 0x0841, 0x0841, 0x0841, 0x0841, 0x0841, 0x0841, 0x0841, 0x0841, 0x0841,
    0x0841, 0x0841, 0x0841, 0x0841, 0x0841, 0x0841, 0x0841, 0x0841, 0x0841, 0x0841, 0x0841, 0x0841,
    0x0841, 0x0841, 0x0841, 0x0841, 0x0841, 0x0841, 0x0841, 0x0841, 0x0841, 0x0841, 0x0841, 0x0841,
    0x0841, 0x0841, 0x0841, 0x0841, 0x0841, 0x0841, 0x0841, 0x0841, 0x0841, 0x0841, 0x0841, 0x0841,
    0x0841, 0x0841, 0x0841, 0x0841, 0x0841, 0x0841, 0x0841, 0x0841, 0x0841, 0x0841, 0x0841, 0x0841,
    0x0841, 0x0841, 0x0841, 0x0841, 0x0841, 0x0841, 0x0841, 0x0841, 0x0841, 0x0841, 0x0841, 0x0841,
    0x0841, 0x0841, 0x0841, 0x0841, 0x0841, 0x0841, 0x0841, 0x0841, 0x0841, 0x0841, 0x0841, 0x0841,
    0x0841, 0x0841, 0x0841, 0x0841, 0x0841, 0x0841, 0x0841, 0x0841, 0x0841, 0x0841, 0x0841, 0x0841,
    0x0841, 0x0841, 0x0841, 0x0841, 0x0841, 0x0841, 0x0841, 0x0841, 0x0841, 0x0841, 0x0841, 0x0841,
    0x0841, 0x0841, 0x0841, 0x0841, 0x0841, 0x0841, 0x0841, 0x0841, 0x0841, 0x0841, 0x0841, 0x0841,
    0x0841, 0x0841, 0x0841, 0x0841, 0x0841, 0x0841, 0x0841, 0x0841, 0x0841, 0x0841, 0x0841, 0x0841,
    0x0841, 0x0841, 0x0841, 0x0841, 0x0841, 0x0841, 0x0841, 0x0841, 0x0841, 0x0841, 0x0841, 0x0841,
    0x0841, 0x0841, 0x0841, 0x0841, 0x0841, 0x0841, 0x0841, 0x0841, 0x0841, 0x0841, 0x0841, 0x0841,
    0x0841, 0x0841, 0x0841, 0x0841, 0x0841, 0x0841, 0x0841, 0x0841, 0x0841, 0x0841, 0x0841, 0x0841,
    0x0841, 0x0841, 0x0841, 0x0841, 0x0841, 0x0841, 0x0841, 0x0841, 0x0841, 0x0841, 0x0841, 0x0841,
    0x0841, 0x0841, 0x0841, 0x0841, 0x0841, 0x0841, 0x0841, 0x0841, 0x0841, 0x0841, 0x0841, 0x0841,
    0x0841, 0x0841, 0x0841, 0x0841, 0x0841, 0x0841, 0x0841, 0x0841, 0x0841, 0x0841, 0x0841, 0x0841,
    0x0841, 0x0841, 0x0841, 0x0841, 0x0841, 0x0841, 0x0841, 0x0841, 0x0841, 0x0841, 0x0841, 0x0841,
    0x0841, 0x0841, 0x0841, 0x0841, 0x0841, 0x0841, 0x0841, 0x0841, 0x0841, 0x0841, 0x0841, 0x0841,
    0x0841, 0x0841, 0x0841, 0x0841, 0x0841, 0x0841, 0x0841, 0x0841, 0x0841, 0x0841, 0x0841, 0x0841,
    0x0841, 0x0841, 0x0841, 0x0841, 0x0841, 0x0841, 0x0841, 0x0841, 0x0841, 0x0841, 0x0841, 0x0841,
    0x0841, 0x0841, 0x0841, 0x0841, 0x0841, 0x0841, 0x0841, 0x0841, 0x0841, 0x0841, 0x0841, 0x0841,
    0x0841, 0x0841, 0x0841, 0x0841, 0x0841, 0x0841, 0x0841, 0x0841, 0x0841, 0x0841, 0x0841, 0x0841,
    0x0841, 0x0841, 0x0841, 0x0841, 0x0841, 0x0841, 0x0841, 0x0841, 0x0841, 0x0841, 0x0841, 0x0841,
    0x0841, 0x0841, 0x0841, 0x0841, 0x0841, 0x0841, 0x0841, 0x0841, 0x0841, 0x0841, 0x0841, 0x0841,
    0x0841, 0x0841, 0x0841, 0x0841, 0x0841, 0x0841, 0x0841, 0x0841, 0x0841, 0x0841, 0x0841, 0x0841,
    0x0841, 0xad55, 0xad55, 0xad55, 0xad55, 0xad55, 0xa534, 0xa534, 0xad55, 0xad55, 0xad55, 0xad55,
    0xad55, 0xad55, 0xad55, 0xad55, 0xad55, 0xad55, 0xad55, 0xad55, 0xad55, 0xad55, 0xad55, 0xad55,
    0xad55, 0xa534, 0xad55, 0xad55, 0xad55, 0xad55, 0xad55, 0xad55, 0xad55, 0xad55, 0xad55, 0xad55,
    0xad55, 0xad55, 0xad55, 0xad55, 0xad55, 0xad55, 0xad55, 0xad55, 0xad55, 0xad55, 0xad55, 0xad55,
    0xad55, 0xad55, 0xad55, 0xad55, 0xad55, 0xad55, 0xad75, 0xad55, 0xad55, 0xad55, 0xad55, 0xa534,
    0xad55, 0xad55, 0xad55, 0xad55, 0xad55, 0xad55, 0xa534, 0xad55, 0xad55, 0xad55, 0xad75, 0xad55,
    0xad55, 0xad55, 0xad55, 0xad55, 0xad75, 0xad75, 0xad55, 0xa534, 0xa534, 0xad55, 0xad55, 0xa534,
    0xad55, 0xad55, 0xad55, 0xad55, 0xa534, 0xad55, 0xad55, 0xad55, 0xad55, 0xad55, 0xad55, 0xad55,
    0xad55, 0xad55, 0xad55, 0xad55, 0xad55, 0xad55, 0xad55, 0xad55, 0xad55, 0xad55, 0xad55, 0xad55,
    0xad55, 0xad55, 0xad55, 0xad55, 0xad55, 0xad55, 0xad55, 0xad55, 0xad55, 0xad55, 0xad55, 0xa534,
    0xad55, 0xad55, 0xad55, 0xa534, 0xad55, 0xad55, 0xad75, 0xad75, 0xad55, 0xad55, 0xad75, 0xad55,
    0xad55, 0xad55, 0xad55, 0xad55, 0xa534, 0xad55, 0xad55, 0xad55, 0xa534, 0xad55, 0xad55, 0xad55,
    0xa534, 0xa534, 0xa534, 0xa534, 0xad55, 0xad55, 0xad55, 0xad55, 0xad55, 0xad55, 0xad55, 0xad55,
    0xad55, 0xad55, 0xad55, 0xad55, 0xad55, 0xad55, 0xad55, 0xa534, 0xa534, 0xad55, 0xad55, 0xad55,
    0xad55, 0xa534, 0xad55, 0xad55, 0xad55, 0xad55, 0xad55, 0xad55, 0xad75, 0xad55, 0xad55, 0xad55,
    0xad55, 0xad55, 0xad55, 0xad55, 0xad55, 0xad55, 0xa534, 0xad55, 0xad55, 0xa534, 0xad55, 0xad55,
    0xad55, 0xad55, 0xad55, 0xad55, 0xad55, 0xad55, 0x6b6d, 0x0841, 0x0841, 0xad55, 0x6b6d, 0x6b6d,
    0x6b6d, 0x6b6d, 0x6b6d, 0x6b6d, 0x6b6d, 0x6b6d, 0x738e, 0x6b6d, 0x6b6d, 0x6b6d, 0x6b6d, 0x6b6d,
    0x6b6d, 0x738e, 0x6b6d, 0x6b6d, 0x6b6d, 0x6b6d, 0x6b6d, 0x6b4d, 0x6b6d, 0x6b6d, 0x6b6d, 0x738e,
    0x738e, 0x6b6d, 0x6b6d, 0x6b6d, 0x6b6d, 0x738e, 0x738e, 0x6b6d, 0x6b6d, 0x6b6d, 0x6b4d, 0x6b6d,
    0x6b6d, 0x6b6d, 0x6b6d, 0x6b4d, 0x6b4d, 0x6b6d, 0x6b6d, 0x6b6d, 0x6b6d, 0x6b6d, 0x6b6d, 0x6b6d,
    0x738e, 0x6b6d, 0x6b6d, 0x6b4d, 0x73ae, 0x738e, 0x6b6d, 0x6b6d, 0x738e, 0x73ae, 0x738e, 0x6b6d,
    0x6b6d, 0x6b6d, 0x738e, 0x738e, 0x738e, 0x6b6d, 0x6b6d, 0x6b6d, 0x6b6d, 0x6b6d, 0x6b6d, 0x6b6d,
    0x6b6d, 0x6b6d, 0x6b6d, 0x6b4d, 0x6b6d, 0x738e, 0x73ae, 0x73ae, 0x6b6d, 0x6b6d, 0x6b6d, 0x6b6d,
    0x6b6d, 0x738e, 0x6b6d, 0x6b4d, 0x6b6d, 0x6b6d, 0x6b6d, 0x738e, 0x6b6d, 0x6b6d, 0x738e, 0x738e,
    0x6b4d, 0x6b6d, 0x6b6d, 0x6b6d, 0x6b6d, 0x6b6d, 0x6b6d, 0x6b6d, 0x6b6d, 0x6b6d, 0x6b6d, 0x738e,
    0x738e, 0x6b4d, 0x6b6d, 0x738e, 0x6b6d, 0x6b6d, 0x6b6d, 0x6b6d, 0x6b6d, 0x6b6d, 0x6b4d, 0x6b6d,
    0x73ae, 0x738e, 0x6b6d, 0x6b6d, 0x6b4d, 0x6b6d, 0x6b6d, 0x738e, 0x738e, 0x738e, 0x6b6d, 0x6b6d,
    0x6b6d, 0x6b6d, 0x6b6d, 0x738e, 0x6b6d, 0x6b6d, 0x6b6d, 0x6b6d, 0x6b6d, 0x73ae, 0x738e, 0x738e,
    0x73ae, 0x738e, 0x6b6d, 0x6b6d, 0x738e, 0x738e, 0x738e, 0x6b6d, 0x6b6d, 0x6b6d, 0x6b6d, 0x6b6d,
    0x6b6d, 0x73ae, 0x6b6d, 0x6b4d, 0x6b6d, 0x6b6d, 0x6b6d, 0x6b6d, 0x738e, 0x738e, 0x6b6d, 0x6b6d,
    0x6b6d, 0x738e, 0x6b6d, 0x6b6d, 0x6b6d, 0x6b6d, 0x738e, 0x738e, 0x6b6d, 0x6b6d, 0x6b6d, 0x6b6d,
    0x73ae, 0x73ae, 0x738e, 0x6b6d, 0x6b6d, 0x6b6d, 0x6b6d, 0x738e, 0x6b6d, 0x738e, 0x738e, 0x73ae,
    0x6b6d, 0x6b4d, 0x528a, 0x0841, 0x0841, 0xad55, 0x6b6d, 0x6b4d, 0x6b6d, 0x6b6d, 0x6b6d, 0x6b6d,
    0x738e, 0x6b6d, 0x6b6d, 0x6b6d, 0x6b6d, 0x738e, 0x73ae, 0x6b6d, 0x6b6d, 0x6b4d, 0x6b6d, 0x6b6d,
    0x738e, 0x738e, 0x6b6d, 0x738e, 0x6b6d, 0x6b6d, 0x6b6d, 0x6b6d, 0x6b6d, 0x6b6d, 0x6b6d, 0x6b6d,
    0x738e, 0x6b6d, 0x6b6d, 0x6b6d, 0x6b6d, 0x6b4d, 0x6b4d, 0x6b4d, 0x738e, 0x6b6d, 0x6b6d, 0x6b4d,
    0x738e, 0x6b6d, 0x6b6d, 0x6b6d, 0x6b6d, 0x6b6d, 0x6b6d, 0x738e, 0x73ae, 0x6b6d, 0x6b6d, 0x6b4d,
    0x6b4d, 0x6b4d, 0x6b4d, 0x6b4d, 0x6b6d, 0x6b6d, 0x6b6d, 0x6b6d, 0x6b4d, 0x6b6d, 0x6b6d, 0x6b6d,
    0x6b6d, 0x6b6d, 0x738e, 0x738e, 0x6b6d, 0x738e, 0x738e, 0x6b6d, 0x738e, 0x73ae, 0x738e, 0x6b6d,
    0x738e, 0x7bcf, 0x6b6d, 0x6b4d, 0x6b6d, 0x6b6d, 0x6b6d, 0x6b6d, 0x6b4d, 0x6b6d, 0x6b6d, 0x6b6d,
    0x6b6d, 0x6b6d, 0x6b6d, 0x6b6d, 0x6b6d, 0x6b6d, 0x738e, 0x738e, 0x738e, 0x6b6d, 0x738e, 0x73ae,
    0x73ae, 0x738e, 0x6b6d, 0x6b4d, 0x6b6d, 0x6b6d, 0x6b6d, 0x738e, 0x6b6d, 0x738e, 0x6b6d, 0x6b6d,
    0x6b4d, 0x738e, 0x73ae, 0x6b6d, 0x6b6d, 0x6b6d, 0x6b6d, 0x6b6d, 0x6b6d, 0x6b6d, 0x6b6d, 0x6b6d,
    0x6b6d, 0x6b6d, 0x6b6d, 0x738e, 0x73ae, 0x738e, 0x6b6d, 0x6b6d, 0x6b6d, 0x6b6d, 0x738e, 0x6b6d,
    0x738e, 0x73ae, 0x738e, 0x6b6d, 0x6b4d, 0x6b6d, 0x738e, 0x6b6d, 0x6b6d, 0x6b6d, 0x6b4d, 0x6b6d,
    0x6b6d, 0x738e, 0x73ae, 0x738e, 0x6b6d, 0x6b4d, 0x6b6d, 0x6b6d, 0x6b6d, 0x6b6d, 0x6b6d, 0x6b6d,
    0x738e, 0x6b6d, 0x6b6d, 0x6b6d, 0x6b6d, 0x738e, 0x738e, 0x6b6d, 0x6b4d, 0x6b6d, 0x6b6d, 0x6b6d,
    0x738e, 0x6b6d, 0x6b6d, 0x6b6d, 0x738e, 0x73ae, 0x738e, 0x6b6d, 0x6b6d, 0x6b6d, 0x6b6d, 0x6b6d,
    0x6b6d, 0x6b6d, 0x6b6d, 0x6b6d, 0x738e, 0x6b6d, 0x6b6d, 0x6b6d, 0x6b6d, 0x6b6d, 0x52aa, 0x0841,
    0x0841, 0xad55, 0x6b6d, 0x738e, 0x6b6d, 0x6b6d, 0x6b6d, 0x738e, 0x6b6d, 0x6b6d, 0x6b6d, 0x6b6d,
    0x6b6d, 0x6b6d, 0x6b6d, 0x6b6d, 0x632c, 0x6b6d, 0x6b6d, 0x6b6d, 0x6b4d, 0x6b6d, 0x6b6d, 0x632c,
    0x6b4d, 0x6b6d, 0x738e, 0x738e, 0x738e, 0x6b6d, 0x6b6d, 0x6b6d, 0x6b6d, 0x6b6d, 0x6b6d, 0x6b6d,
    0x73ae, 0x738e, 0x6b6d, 0x6b6d, 0x6b6d, 0x6b6d, 0x738e, 0x6b6d, 0x6b4d, 0x6b6d, 0x6b6d, 0x6b6d,
    0x6b6d, 0x6b6d, 0x6b4d, 0x6b6d, 0x6b6d, 0x6b6d, 0x6b4d, 0x6b6d, 0x6b6d, 0x6b6d, 0x6b6d, 0x6b6d,
    0x6b6d, 0x6b6d, 0x6b6d, 0x6b6d, 0x6b6d, 0x6b6d, 0x6b6d, 0x6b4d, 0x6b6d, 0x738e, 0x6b6d, 0x6b6d,
    0x6b6d, 0x6b6d, 0x73ae, 0x73ae, 0x73ae, 0x6b6d, 0x6b4d, 0x6b6d, 0x6b6d, 0x738e, 0x73ae, 0x6b6d,
    0x6b6d, 0x6b6d, 0x6b6d, 0x6b4d, 0x6b4d, 0x6b6d, 0x6b6d, 0x6b6d, 0x6b6d, 0x6b6d, 0x6b6d, 0x6b6d,
    0x6b6d, 0x6b4d, 0x6b6d, 0x6b6d, 0x6b6d, 0x6b6d, 0x6b6d, 0x6b6d, 0x6b6d, 0x6b6d, 0x6b6d, 0x6b6d,
    0x6b6d, 0x738e, 0x73ae, 0x738e, 0x738e, 0x73ae, 0x738e, 0x738e, 0x738e, 0x6b6d, 0x6b6d, 0x6b6d,
    0x6b6d, 0x738e, 0x6b6d, 0x6b6d, 0x6b6d, 0x6b6d, 0x6b6d, 0x6b6d, 0x6b6d, 0x6b6d, 0x6b6d, 0x6b6d,
    0x6b6d, 0x6b6d, 0x738e, 0x6b6d, 0x6b6d, 0x6b4d, 0x6b6d, 0x738e, 0x6b6d, 0x6b6d, 0x6b6d, 0x6b6d,
    0x6b6d, 0x738e, 0x73ae, 0x738e, 0x6b6d, 0x6b6d, 0x6b6d, 0x6b6d, 0x6b6d, 0x738e, 0x73ae, 0x738e,
    0x6b6d, 0x6b4d, 0x6b6d, 0x6b6d, 0x6b6d, 0x6b6d, 0x6b6d, 0x6b6d, 0x632c, 0x6b4d, 0x6b6d, 0x6b6d,
    0x738e, 0x6b6d, 0x6b6d, 0x6b6d, 0x6b6d, 0x6b6d, 0x738e, 0x6b6d, 0x6b6d, 0x738e, 0x73ae, 0x6b6d,
    0x6b6d, 0x6b6d, 0x738e, 0x738e, 0x6b4d, 0x6b6d, 0x6b6d, 0x738e, 0x738e, 0x738e, 0x6b6d, 0x6b6d,
    0x7bcf, 0x738e, 0x738e, 0x73ae, 0x6b6d, 0x6b4d, 0x52aa, 0x0841, 0x0841, 0xad55, 0x6b6d, 0x738e,
    0x738e, 0x6b4d, 0x6b6d, 0x738e, 0x6b6d, 0x6b6d, 0x6b4d, 0x6b6d, 0x6b6d, 0x6b6d, 0x6b6d, 0x738e,
    0x738e, 0x738e, 0x738e, 0x6b6d, 0x6b6d, 0x6b6d, 0x6b6d, 0x6b6d, 0x6b6d, 0x6b6d, 0x6b6d, 0x738e,
    0x6b6d, 0x6b6d, 0x6b4d, 0x6b4d, 0x6b4d, 0x738e, 0x73ae, 0x738e, 0x73ae, 0x738e, 0x6b6d, 0x6b6d,
    0x6b6d, 0x6b6d, 0x6b6d, 0x6b6d, 0x6b6d, 0x6b6d, 0x6b6d, 0x6b4d, 0x6b6d, 0x6b6d, 0x6b4d, 0x6b4d,
    0x6b6d, 0x6b6d, 0x6b4d, 0x6b6d, 0x6b6d, 0x738e, 0x6b6d, 0x6b6d, 0x6b6d, 0x6b6d, 0x738e, 0x73ae,
    0x6b6d, 0x6b6d, 0x6b6d, 0x6b6d, 0x6b6d, 0x6b6d, 0x6b6d, 0x738e, 0x738e, 0x738e, 0x7bcf, 0x738e,
    0x6b6d, 0x6b6d, 0x6b6d, 0x6b6d, 0x738e, 0x6b6d, 0x6b6d, 0x6b6d, 0x6b6d, 0x6b4d, 0x6b6d, 0x6b6d,
    0x6b6d, 0x6b6d, 0x6b6d, 0x6b4d, 0x6b6d, 0x6b6d, 0x6b6d, 0x6b6d, 0x6b6d, 0x6b6d, 0x6b4d, 0x6b4d,
    0x6b6d, 0x6b6d, 0x6b6d, 0x6b6d, 0x73ae, 0x6b6d, 0x6b6d, 0x6b6d, 0x738e, 0x738e, 0x73ae, 0x738e,
    0x6b6d, 0x6b4d, 0x6b4d, 0x6b6d, 0x6b6d, 0x6b6d, 0x6b6d, 0x6b6d, 0x6b6d, 0x6b4d, 0x6b6d, 0x6b6d,
    0x738e, 0x738e, 0x738e, 0x6b6d, 0x6b6d, 0x6b6d, 0x6b6d, 0x6b6d, 0x6b6d, 0x6b4d, 0x6b6d, 0x6b6d,
    0x6b6d, 0x6b6d, 0x738e, 0x6b6d, 0x6b6d, 0x6b6d, 0x6b6d, 0x6b6d, 0x6b6d, 0x6b6d, 0x6b6d, 0x6b6d,
    0x6b4d, 0x6b6d, 0x6b6d, 0x6b6d, 0x6b6d, 0x6b6d, 0x6b6d, 0x6b6d, 0x738e, 0x738e, 0x6b6d, 0x6b6d,
    0x6b6d, 0x738e, 0x6b6d, 0x6b6d, 0x6b6d, 0x6b6d, 0x6b6d, 0x6b6d, 0x6b6d, 0x6b6d, 0x6b6d, 0x6b6d,
    0x6b6d, 0x738e, 0x6b6d, 0x6b4d, 0x6b6d, 0x6b4d, 0x6b6d, 0x6b6d, 0x6b6d, 0x6b6d, 0x6b4d, 0x6b6d,
    0x6b6d, 0x6b6d, 0x6b6d, 0x6b6d, 0x6b6d, 0x6b6d, 0x6b6d, 0x6b4d, 0x6b6d, 0x6b6d, 0x6b6d, 0x6b4d,
    0x6b6d, 0x6b6d, 0x5acb, 0x0841, 0x0841, 0xa534, 0x6b6d, 0x6b6d, 0x6b6d, 0x6b6d, 0x6b6d, 0x738e,
    0x6b6d, 0x6b4d, 0x6b6d, 0x6b6d, 0x6b6d, 0x6b6d, 0x6b6d, 0x6b6d, 0x6b4d, 0x6b6d, 0x6b6d, 0x6b6d,
    0x6b6d, 0x6b6d, 0x6b6d, 0x738e, 0x6b6d, 0x6b6d, 0x6b6d, 0x6b4d, 0x6b4d, 0x6b6d, 0x738e, 0x738e,
    0x6b6d, 0x6b6d, 0x738e, 0x738e, 0x73ae, 0x738e, 0x738e, 0x73ae, 0x6b6d, 0x6b4d, 0x6b6d, 0x6b6d,
    0x6b6d, 0x6b6d, 0x6b6d, 0x738e, 0x738e, 0x738e, 0x6b6d, 0x6b6d, 0x73ae, 0x6b6d, 0x6b6d, 0x738e,
    0x6b4d, 0x6b4d, 0x6b6d, 0x6b6d, 0x6b6d, 0x6b6d, 0x6b6d, 0x6b4d, 0x632c, 0x6b6d, 0x6b6d, 0x6b6d,
    0x6b6d, 0x738e, 0x6b6d, 0x6b6d, 0x738e, 0x73ae, 0x738e, 0x6b6d, 0x738e, 0x73ae, 0x6b6d, 0x6b6d,
    0x6b6d, 0x6b6d, 0x6b6d, 0x6b6d, 0x738e, 0x73ae, 0x738e, 0x6b6d, 0x6b6d, 0x6b6d, 0x6b6d, 0x6b6d,
    0x6b6d, 0x6b6d, 0x6b6d, 0x6b6d, 0x6b6d, 0x6b6d, 0x6b6d, 0x6b4d, 0x6b6d, 0x6b6d, 0x738e, 0x73ae,
    0x738e, 0x6b6d, 0x6b6d, 0x6b6d, 0x6b6d, 0x6b6d, 0x6b6d, 0x6b4d, 0x6b6d, 0x6b6d, 0x6b6d, 0x6b6d,
    0x6b6d, 0x6b6d, 0x6b6d, 0x6b6d, 0x6b6d, 0x6b6d, 0x6b6d, 0x6b6d, 0x6b6d, 0x6b6d, 0x6b6d, 0x6b6d,
    0x6b6d, 0x738e, 0x738e, 0x6b6d, 0x738e, 0x738e, 0x6b6d, 0x6b6d, 0x6b4d, 0x6b6d, 0x738e, 0x73ae,
    0x73ae, 0x73ae, 0x738e, 0x6b6d, 0x6b4d, 0x6b6d, 0x6b6d, 0x6b6d, 0x6b6d, 0x6b6d, 0x6b4d, 0x6b6d,
    0x6b6d, 0x6b6d, 0x6b4d, 0x6b4d, 0x6b6d, 0x6b6d, 0x632c, 0x6b4d, 0x6b6d, 0x6b4d, 0x6b6d, 0x6b6d,
    0x6b4d, 0x6b4d, 0x6b6d, 0x6b6d, 0x6b6d, 0x6b6d, 0x6b6d, 0x6b6d, 0x6b6d, 0x6b6d, 0x6b6d, 0x6b6d,
    0x6b4d, 0x6b4d, 0x6b4d, 0x6b6d, 0x6b6d, 0x6b6d, 0x6b6d, 0x6b6d, 0x738e, 0x738e, 0x6b4d, 0x6b6d,
    0x6b6d, 0x6b6d, 0x6b6d, 0x6b6d, 0x6b4d, 0x6b6d, 0x6b6d, 0x6b6d, 0x6b6d, 0x6b6d, 0x52aa, 0x0841,
    0x0841, 0xad55, 0x6b6d, 0x6b6d, 0x6b6d, 0x738e, 0x738e, 0x738e, 0x738e, 0x738e, 0x73ae, 0x6b6d,
    0x6b6d, 0x6b6d, 0x6b6d, 0x6b6d, 0x6b6d, 0x6b6d, 0x6b6d, 0x6b6d, 0x6b6d, 0x738e, 0x6b6d, 0x6b6d,
    0x6b6d, 0x6b4d, 0x6b6d, 0x6b6d, 0x6b6d, 0x738e, 0x6b6d, 0x6b6d, 0x6b6d, 0x6b6d, 0x632c, 0x6b4d,
    0x6b4d, 0x6b6d, 0x6b6d, 0x6b6d, 0x738e, 0x73ae, 0x738e, 0x6b6d, 0x6b6d, 0x6b6d, 0x6b6d, 0x6b6d,
    0x6b6d, 0x738e, 0x73ae, 0x7bcf, 0x738e, 0x6b6d, 0x6b6d, 0x6b6d, 0x6b6d, 0x738e, 0x738e, 0x73ae,
    0x738e, 0x6b6d, 0x738e, 0x73ae, 0x6b6d, 0x6b6d, 0x738e, 0x6b6d, 0x632c, 0x6b6d, 0x738e, 0x73ae,
    0x738e, 0x6b6d, 0x6b6d, 0x738e, 0x73ae, 0x738e, 0x6b6d, 0x6b6d, 0x6b6d, 0x6b6d, 0x6b6d, 0x6b6d,
    0x738e, 0x73ae, 0x738e, 0x73ae, 0x738e, 0x738e, 0x6b6d, 0x6b6d, 0x6b6d, 0x6b4d, 0x6b4d, 0x738e,
    0x738e, 0x738e, 0x6b6d, 0x6b6d, 0x6b6d, 0x6b6d, 0x6b6d, 0x6b6d, 0x6b6d, 0x738e, 0x738e, 0x738e,
    0x6b6d, 0x6b6d, 0x6b6d, 0x6b4d, 0x6b6d, 0x6b6d, 0x6b6d, 0x6b6d, 0x6b6d, 0x738e, 0x73ae, 0x738e,
    0x6b6d, 0x738e, 0x73ae, 0x7bcf, 0x738e, 0x6b6d, 0x6b6d, 0x6b6d, 0x6b6d, 0x738e, 0x6b6d, 0x6b6d,
    0x6b6d, 0x6b6d, 0x6b6d, 0x6b6d, 0x6b6d, 0x6b6d, 0x738e, 0x6b6d, 0x6b6d, 0x6b6d, 0x6b6d, 0x6b6d,
    0x6b6d, 0x6b6d, 0x6b6d, 0x738e, 0x73ae, 0x738e, 0x6b6d, 0x6b6d, 0x6b6d, 0x6b6d, 0x6b6d, 0x738e,
    0x6b6d, 0x738e, 0x6b6d, 0x6b6d, 0x738e, 0x738e, 0x6b6d, 0x6b6d, 0x6b6d, 0x738e, 0x738e, 0x738e,
    0x738e, 0x6b6d, 0x6b6d, 0x6b6d, 0x738e, 0x738e, 0x6b6d, 0x6b6d, 0x738e, 0x738e, 0x73ae, 0x738e,
    0x6b6d, 0x6b6d, 0x6b6d, 0x6b6d, 0x6b6d, 0x6b6d, 0x6b6d, 0x738e, 0x738e, 0x6b6d, 0x6b6d, 0x6b6d,
    0x6b6d, 0x6b6d, 0x6b6d, 0x6b4d, 0x6b6d, 0x6b6d, 0x52aa, 0x0841, 0x0841, 0xad55, 0x6b6d, 0x6b6d,
    0x6b6d, 0x6b4d, 0x6b6d, 0x6b6d, 0x6b6d, 0x6b6d, 0x738e, 0x738e, 0x6b6d, 0x6b6d, 0x6b6d, 0x6b6d,
    0x6b6d, 0x6b6d, 0x6b6d, 0x6b6d, 0x6b6d, 0x6b6d, 0x6b6d, 0x6b6d, 0x6b6d, 0x6b6d, 0x6b6d, 0x6b6d,
    0x6b6d, 0x6b6d, 0x6b4d, 0x6b6d, 0x6b6d, 0x6b6d, 0x738e, 0x73ae, 0x738e, 0x6b6d, 0x6b6d, 0x738e,
    0x6b6d, 0x6b6d, 0x738e, 0x738e, 0x6b6d, 0x6b6d, 0x6b6d, 0x6b6d, 0x738e, 0x6b6d, 0x6b4d, 0x6b6d,
    0x6b6d, 0x6b6d, 0x738e, 0x6b6d, 0x6b6d, 0x6b6d, 0x73ae, 0x738e, 0x6b6d, 0x6b6d, 0x6b6d, 0x6b6d,
    0x6b6d, 0x6b6d, 0x6b6d, 0x6b6d, 0x6b6d, 0x6b6d, 0x6b4d, 0x6b4d, 0x6b6d, 0x6b6d, 0x6b4d, 0x6b6d,
    0x6b6d, 0x6b6d, 0x6b6d, 0x6b6d, 0x6b6d, 0x6b6d, 0x6b6d, 0x738e, 0x6b6d, 0x6b6d, 0x6b6d, 0x6b6d,
    0x6b6d, 0x6b6d, 0x6b6d, 0x6b6d, 0x6b6d, 0x6b6d, 0x6b6d, 0x6b6d, 0x738e, 0x738e, 0x738e, 0x6b6d,
    0x6b6d, 0x6b6d, 0x6b6d, 0x6b6d, 0x6b6d, 0x632c, 0x6b4d, 0x6b4d, 0x6b6d, 0x738e, 0x738e, 0x6b6d,
    0x738e, 0x73ae, 0x738e, 0x6b6d, 0x6b6d, 0x6b6d, 0x6b6d, 0x6b6d, 0x6b4d, 0x6b4d, 0x6b6d, 0x6b6d,
    0x738e, 0x738e, 0x6b6d, 0x6b6d, 0x6b6d, 0x6b6d, 0x6b6d, 0x738e, 0x738e, 0x73ae, 0x738e, 0x6b6d,
    0x6b6d, 0x6b6d, 0x6b6d, 0x6b6d, 0x6b6d, 0x6b6d, 0x6b4d, 0x6b6d, 0x738e, 0x738e, 0x738e, 0x6b6d,
    0x6b6d, 0x6b6d, 0x6b6d, 0x6b6d, 0x6b6d, 0x738e, 0x738e, 0x6b6d, 0x6b6d, 0x6b6d, 0x6b6d, 0x6b6d,
    0x6b6d, 0x6b6d, 0x6b4d, 0x6b6d, 0x6b6d, 0x6b6d, 0x6b6d, 0x6b6d, 0x6b6d, 0x6b6d, 0x6b6d, 0x6b6d,
    0x6b6d, 0x6b6d, 0x6b6d, 0x6b6d, 0x6b6d, 0x6b6d, 0x632c, 0x6b4d, 0x6b6d, 0x6b6d, 0x738e, 0x73ae,
    0x738e, 0x6b6d, 0x6b6d, 0x6b6d, 0x6b6d, 0x6b6d, 0x738e, 0x6b6d, 0x738e, 0x73ae, 0x6b6d, 0x6b4d,
    0x6b6d, 0x6b6d, 0x52aa, 0x0841, 0x0841, 0xad55, 0x6b6d, 0x6b6d, 0x6b6d, 0x6b6d, 0x738e, 0x6b6d,
    0x6b6d, 0x6b6d, 0x6b6d, 0x6b6d, 0x738e, 0x73ae, 0x738e, 0x6b6d, 0x6b6d, 0x6b6d, 0x6b6d, 0x6b6d,
    0x6b6d, 0x738e, 0x6b6d, 0x6b6d, 0x6b4d, 0x6b6d, 0x738e, 0x738e, 0x73ae, 0x73ae, 0x6b6d, 0x6b6d,
    0x73ae, 0x73ae, 0x738e, 0x738e, 0x738e, 0x73ae, 0x7bcf, 0x738e, 0x738e, 0x6b4d, 0x6b6d, 0x6b6d,
    0x6b6d, 0x738e, 0x738e, 0x738e, 0x7bcf, 0x7bcf, 0x73ae, 0x738e, 0x6b6d, 0x6b6d, 0x6b6d, 0x6b6d,
    0x73ae, 0x738e, 0x738e, 0x73ae, 0x6b6d, 0x6b6d, 0x6b6d, 0x6b6d, 0x6b6d, 0x6b6d, 0x6b4d, 0x6b6d,
    0x6b6d, 0x738e, 0x6b6d, 0x738e, 0x738e, 0x6b6d, 0x6b6d, 0x6b6d, 0x6b6d, 0x6b6d, 0x6b6d, 0x6b6d,
    0x6b6d, 0x6b6d, 0x6b6d, 0x6b6d, 0x6b6d, 0x6b6d, 0x6b6d, 0x6b4d, 0x6b4d, 0x6b6d, 0x6b6d, 0x6b6d,
    0x6b6d, 0x6b6d, 0x6b4d, 0x6b6d, 0x6b6d, 0x6b6d, 0x738e, 0x6b6d, 0x6b6d, 0x6b6d, 0x6b6d, 0x6b6d,
    0x6b6d, 0x6b6d, 0x6b6d, 0x6b4d, 0x6b6d, 0x6b6d, 0x6b6d, 0x6b6d, 0x6b6d, 0x738e, 0x73ae, 0x738e,
    0x6b6d, 0x6b6d, 0x6b6d, 0x6b4d, 0x6b6d, 0x73ae, 0x738e, 0x6b6d, 0x6b6d, 0x738e, 0x7bcf, 0x738e,
    0x6b6d, 0x738e, 0x73ae, 0x738e, 0x6b6d, 0x6b6d, 0x6b6d, 0x6b6d, 0x738e, 0x6b6d, 0x6b6d, 0x738e,
    0x738e, 0x738e, 0x6b6d, 0x6b6d, 0x738e, 0x738e, 0x6b6d, 0x6b6d, 0x6b6d, 0x6b6d, 0x6b6d, 0x6b6d,
    0x6b6d, 0x6b6d, 0x738e, 0x73ae, 0x738e, 0x6b6d, 0x6b4d, 0x6b6d, 0x738e, 0x73ae, 0x73ae, 0x73ae,
    0x738e, 0x738e, 0x73ae, 0x738e, 0x6b6d, 0x6b6d, 0x6b6d, 0x6b6d, 0x6b6d, 0x6b6d, 0x6b6d, 0x6b6d,
    0x6b6d, 0x6b6d, 0x6b6d, 0x6b6d, 0x738e, 0x6b6d, 0x6b6d, 0x6b6d, 0x6b6d, 0x6b6d, 0x6b4d, 0x6b6d,
    0x6b6d, 0x738e, 0x73ae, 0x738e, 0x6b6d, 0x6b6d, 0x6b6d, 0x6b6d, 0x6b6d, 0x6b4d, 0x4a69, 0x0841,
    0x0841, 0xad55, 0x6b6d, 0x738e, 0x73ae, 0x738e, 0x738e, 0x73ae, 0x738e, 0x6b6d, 0x6b6d, 0x6b6d,
    0x6b6d, 0x738e, 0x738e, 0x738e, 0x6b6d, 0x738e, 0x73ae, 0x738e, 0x6b6d, 0x6b6d, 0x6b6d, 0x6b6d,
    0x6b6d, 0x6b4d, 0x738e, 0x6b6d, 0x6b6d, 0x6b6d, 0x6b6d, 0x6b6d, 0x6b6d, 0x6b6d, 0x6b6d, 0x6b6d,
    0x738e, 0x6b6d, 0x6b6d, 0x6b6d, 0x6b6d, 0x6b6d, 0x6b6d, 0x6b6d, 0x738e, 0x6b6d, 0x6b4d, 0x738e,
    0x738e, 0x6b6d, 0x738e, 0x73ae, 0x738e, 0x6b6d, 0x6b6d, 0x738e, 0x73ae, 0x6b6d, 0x6b4d, 0x6b6d,
    0x6b6d, 0x6b6d, 0x6b6d, 0x6b6d, 0x6b6d, 0x6b6d, 0x6b6d, 0x6b6d, 0x738e, 0x73ae, 0x738e, 0x6b6d,
    0x6b6d, 0x6b6d, 0x6b6d, 0x6b6d, 0x6b6d, 0x738e, 0x73ae, 0x73ae, 0x7bcf, 0x7bcf, 0x73ae, 0x6b6d,
    0x6b6d, 0x738e, 0x73ae, 0x738e, 0x6b6d, 0x6b6d, 0x6b6d, 0x6b6d, 0x6b6d, 0x6b6d, 0x6b6d, 0x6b6d,
    0x6b6d, 0x6b4d, 0x6b6d, 0x73ae, 0x738e, 0x6b6d, 0x738e, 0x73ae, 0x738e, 0x6b6d, 0x6b6d, 0x6b6d,
    0x6b6d, 0x6b6d, 0x6b6d, 0x6b6d, 0x6b6d, 0x6b6d, 0x6b6d, 0x738e, 0x6b6d, 0x6b4d, 0x6b6d, 0x738e,
    0x6b6d, 0x6b6d, 0x6b6d, 0x6b6d, 0x6b6d, 0x73ae, 0x738e, 0x6b6d, 0x6b6d, 0x6b6d, 0x738e, 0x6b6d,
    0x6b6d, 0x6b6d, 0x6b6d, 0x6b6d, 0x6b6d, 0x6b6d, 0x738e, 0x6b6d, 0x73ae, 0x738e, 0x6b6d, 0x738e,
    0x6b6d, 0x6b6d, 0x738e, 0x6b6d, 0x6b6d, 0x6b6d, 0x6b6d, 0x6b6d, 0x6b6d, 0x738e, 0x6b6d, 0x6b6d,
    0x6b6d, 0x632c, 0x6b6d, 0x6b6d, 0x6b4d, 0x6b6d, 0x738e, 0x6b6d, 0x738e, 0x738e, 0x6b6d, 0x6b6d,
    0x6b6d, 0x6b6d, 0x738e, 0x6b6d, 0x6b6d, 0x6b6d, 0x6b6d, 0x6b6d, 0x6b6d, 0x6b6d, 0x6b6d, 0x6b6d,
    0x632c, 0x6b6d, 0x6b6d, 0x6b6d, 0x6b6d, 0x6b6d, 0x6b6d, 0x6b6d, 0x6b6d, 0x6b6d, 0x6b6d, 0x6b6d,
    0x738e, 0x6b6d, 0x6b6d, 0x6b6d, 0x6b6d, 0x6b6d, 0x52aa, 0x0841, 0x0841, 0xad55, 0x6b6d, 0x6b6d,
    0x6b6d, 0x6b6d, 0x738e, 0x6b6d, 0x6b6d, 0x6b6d, 0x6b6d, 0x6b6d, 0x6b6d, 0x632c, 0x6b6d, 0x6b6d,
    0x6b6d, 0x6b6d, 0x6b4d, 0x6b6d, 0x738e, 0x738e, 0x6b6d, 0x6b6d, 0x738e, 0x6b6d, 0x6b6d, 0x6b6d,
    0x738e, 0x73ae, 0x7bcf, 0x738e, 0x6b6d, 0x738e, 0x738e, 0x738e, 0x738e, 0x6b6d, 0x6b6d, 0x6b6d,
    0x6b6d, 0x6b6d, 0x6b6d, 0x6b6d, 0x6b6d, 0x6b6d, 0x738e, 0x6b6d, 0x6b6d, 0x6b6d, 0x6b6d, 0x6b6d,
    0x6b6d, 0x6b6d, 0x6b6d, 0x6b6d, 0x6b6d, 0x6b6d, 0x738e, 0x6b6d, 0x6b6d, 0x6b6d, 0x6b6d, 0x738e,
    0x6b6d, 0x6b6d, 0x6b6d, 0x738e, 0x6b6d, 0x738e, 0x738e, 0x738e, 0x6b6d, 0x738e, 0x6b6d, 0x6b6d,
    0x6b6d, 0x738e, 0x6b6d, 0x6b6d, 0x6b4d, 0x6b4d, 0x6b6d, 0x6b6d, 0x6b6d, 0x6b4d, 0x6b6d, 0x738e,
    0x738e, 0x73ae, 0x6b6d, 0x6b6d, 0x6b6d, 0x6b6d, 0x738e, 0x73ae, 0x738e, 0x6b6d, 0x6b6d, 0x6b6d,
    0x6b6d, 0x6b6d, 0x6b6d, 0x6b6d, 0x6b6d, 0x6b6d, 0x6b6d, 0x6b6d, 0x73ae, 0x738e, 0x738e, 0x6b6d,
    0x6b6d, 0x73ae, 0x738e, 0x6b6d, 0x6b6d, 0x6b6d, 0x6b4d, 0x6b6d, 0x6b6d, 0x6b6d, 0x6b4d, 0x6b4d,
    0x6b6d, 0x738e, 0x6b4d, 0x6b6d, 0x6b6d, 0x6b4d, 0x6b6d, 0x6b6d, 0x6b6d, 0x6b6d, 0x6b6d, 0x6b6d,
    0x6b6d, 0x6b6d, 0x6b6d, 0x6b6d, 0x738e, 0x6b6d, 0x6b6d, 0x738e, 0x6b4d, 0x6b6d, 0x6b6d, 0x6b6d,
    0x6b6d, 0x6b6d, 0x6b6d, 0x6b6d, 0x6b6d, 0x6b6d, 0x6b6d, 0x6b6d, 0x738e, 0x6b4d, 0x73ae, 0x6b6d,
    0x6b6d, 0x738e, 0x6b6d, 0x6b6d, 0x6b6d, 0x6b6d, 0x6b6d, 0x6b6d, 0x6b6d, 0x6b6d, 0x738e, 0x738e,
    0x738e, 0x738e, 0x73ae, 0x738e, 0x6b6d, 0x6b4d, 0x6b6d, 0x6b6d, 0x6b6d, 0x6b6d, 0x6b6d, 0x6b6d,
    0x6b6d, 0x6b6d, 0x6b6d, 0x6b6d, 0x6b6d, 0x6b6d, 0x6b6d, 0x6b6d, 0x738e, 0x738e, 0x6b6d, 0x6b6d,
    0x738e, 0x73ae, 0x5acb, 0x0841, 0x0841, 0xad55, 0x6b6d, 0x6b6d, 0x6b6d, 0x738e, 0x738e, 0x738e,
    0x6b6d, 0x6b6d, 0x6b4d, 0x6b4d, 0x6b6d, 0x6b6d, 0x632c, 0x6b4d, 0x6b6d, 0x73ae, 0x738e, 0x6b6d,
    0x738e, 0x6b6d, 0x6b6d, 0x6b6d, 0x6b6d, 0x6b4d, 0x6b6d, 0x6b6d, 0x6b6d, 0x738e, 0x73ae, 0x738e,
    0x6b6d, 0x6b4d, 0x6b6d, 0x6b6d, 0x6b6d, 0x6b6d, 0x6b6d, 0x6b6d, 0x6b6d, 0x6b6d, 0x6b6d, 0x6b6d,
    0x6b6d, 0x6b6d, 0x6b6d, 0x6b6d, 0x738e, 0x738e, 0x738e, 0x6b6d, 0x73ae, 0x738e, 0x6b6d, 0x6b6d,
    0x6b6d, 0x6b6d, 0x6b6d, 0x738e, 0x7bcf, 0x738e, 0x73ae, 0x738e, 0x738e, 0x738e, 0x738e, 0x6b6d,
    0x6b6d, 0x6b6d, 0x738e, 0x6b6d, 0x738e, 0x738e, 0x738e, 0x6b6d, 0x6b6d, 0x6b6d, 0x6b6d, 0x738e,
    0x73ae, 0x738e, 0x738e, 0x6b6d, 0x6b6d, 0x738e, 0x738e, 0x6b6d, 0x6b6d, 0x6b6d, 0x6b6d, 0x6b6d,
    0x738e, 0x738e, 0x6b6d, 0x6b6d, 0x6b6d, 0x6b6d, 0x6b6d, 0x632c, 0x6b6d, 0x738e, 0x6b4d, 0x6b4d,
    0x6b4d, 0x6b6d, 0x6b6d, 0x738e, 0x6b6d, 0x6b6d, 0x738e, 0x6b6d, 0x6b4d, 0x6b6d, 0x6b6d, 0x6b6d,
    0x6b6d, 0x6b6d, 0x738e, 0x6b6d, 0x6b6d, 0x6b6d, 0x6b6d, 0x738e, 0x738e, 0x6b6d, 0x6b6d, 0x738e,
    0x6b6d, 0x6b6d, 0x6b6d, 0x738e, 0x738e, 0x738e, 0x6b6d, 0x6b6d, 0x6b6d, 0x6b6d, 0x6b6d, 0x6b6d,
    0x6b6d, 0x6b6d, 0x6b6d, 0x6b6d, 0x6b6d, 0x6b6d, 0x6b4d, 0x738e, 0x738e, 0x73ae, 0x73ae, 0x73ae,
    0x6b6d, 0x6b6d, 0x632c, 0x6b6d, 0x6b6d, 0x6b6d, 0x6b6d, 0x6b6d, 0x738e, 0x7bcf, 0x73ae, 0x738e,
    0x73ae, 0x73ae, 0x738e, 0x6b6d, 0x738e, 0x6b6d, 0x6b6d, 0x6b6d, 0x6b6d, 0x6b6d, 0x6b6d, 0x6b6d,
    0x6b4d, 0x6b6d, 0x6b6d, 0x738e, 0x6b6d, 0x6b6d, 0x6b6d, 0x6b6d, 0x6b6d, 0x6b6d, 0x6b6d, 0x6b4d,
    0x6b6d, 0x6b6d, 0x6b6d, 0x6b6d, 0x6b6d, 0x6b6d, 0x738e, 0x6b6d, 0x6b6d, 0x6b6d, 0x4a69, 0x0841,
    0x0841, 0xad55, 0x738e, 0x6b6d, 0x6b6d, 0x6b6d, 0x6b4d, 0x738e, 0x6b6d, 0x6b6d, 0x6b6d, 0x6b6d,
    0x6b6d, 0x738e, 0x6b6d, 0x6b6d, 0x6b6d, 0x6b6d, 0x6b4d, 0x6b6d, 0x6b6d, 0x6b6d, 0x738e, 0x738e,
    0x738e, 0x6b6d, 0x738e, 0x6b4d, 0x6b6d, 0x738e, 0x6b6d, 0x6b6d, 0x6b6d, 0x738e, 0x738e, 0x738e,
    0x6b6d, 0x6b6d, 0x6b6d, 0x73ae, 0x6b4d, 0x6b6d, 0x6b4d, 0x6b4d, 0x6b6d, 0x6b6d, 0x6b6d, 0x6b6d,
    0x738e, 0x6b6d, 0x6b6d, 0x6b4d, 0x6b6d, 0x6b6d, 0x6b6d, 0x6b6d, 0x6b6d, 0x6b4d, 0x6b6d, 0x6b6d,
    0x6b6d, 0x6b6d, 0x6b4d, 0x6b6d, 0x6b6d, 0x6b6d, 0x6b6d, 0x6b6d, 0x6b6d, 0x6b6d, 0x6b6d, 0x6b6d,
    0x6b4d, 0x6b6d, 0x6b6d, 0x6b6d, 0x6b6d, 0x6b6d, 0x6b6d, 0x6b6d, 0x6b6d, 0x6b6d, 0x6b6d, 0x6b4d,
    0x6b6d, 0x6b6d, 0x6b6d, 0x6b6d, 0x6b4d, 0x6b6d, 0x6b6d, 0x6b4d, 0x632c, 0x6b6d, 0x738e, 0x73ae,
    0x738e, 0x6b6d, 0x6b6d, 0x738e, 0x738e, 0x738e, 0x6b6d, 0x6b6d, 0x6b6d, 0x738e, 0x6b6d, 0x6b6d,
    0x6b6d, 0x6b6d, 0x6b4d, 0x6b6d, 0x6b4d, 0x6b6d, 0x738e, 0x6b6d, 0x6b6d, 0x6b6d, 0x6b6d, 0x738e,
    0x738e, 0x738e, 0x738e, 0x73ae, 0x6b6d, 0x6b6d, 0x6b6d, 0x6b6d, 0x6b6d, 0x6b6d, 0x738e, 0x6b6d,
    0x6b4d, 0x6b4d, 0x632c, 0x6b6d, 0x6b6d, 0x6b6d, 0x6b6d, 0x6b6d, 0x738e, 0x738e, 0x738e, 0x6b6d,
    0x6b6d, 0x6b6d, 0x6b6d, 0x6b4d, 0x6b6d, 0x738e, 0x73ae, 0x738e, 0x6b6d, 0x6b6d, 0x738e, 0x6b6d,
    0x6b6d, 0x6b6d, 0x6b6d, 0x738e, 0x6b6d, 0x6b4d, 0x6b6d, 0x6b6d, 0x6b4d, 0x6b6d, 0x6b6d, 0x6b6d,
    0x6b6d, 0x6b6d, 0x6b4d, 0x6b6d, 0x6b6d, 0x6b6d, 0x6b6d, 0x6b6d, 0x6b6d, 0x6b6d, 0x738e, 0x7bcf,
    0x738e, 0x738e, 0x73ae, 0x738e, 0x6b6d, 0x738e, 0x6b6d, 0x630c, 0x6b4d, 0x6b6d, 0x6b6d, 0x6b6d,
    0x6b4d, 0x6b6d, 0x6b4d, 0x632c, 0x6b4d, 0x6b6d, 0x52aa, 0x0841, 0x0841, 0xad55, 0x738e, 0x73ae,
    0x738e, 0x6b6d, 0x6b6d, 0x6b6d, 0x6b6d, 0x6b6d, 0x6b6d, 0x6b6d, 0x6b6d, 0x6b6d, 0x738e, 0x738e,
    0x6b6d, 0x6b6d, 0x6b6d, 0x6b6d, 0x6b6d, 0x6b6d, 0x6b6d, 0x6b6d, 0x6b6d, 0x6b6d, 0x6b6d, 0x6b6d,
    0x738e, 0x6b6d, 0x6b6d, 0x6b6d, 0x6b6d, 0x6b6d, 0x6b6d, 0x6b6d, 0x6b6d, 0x6b6d, 0x6b6d, 0x632c,
    0x6b4d, 0x6b6d, 0x6b6d, 0x6b6d, 0x6b6d, 0x6b6d, 0x6b6d, 0x6b6d, 0x6b6d, 0x6b6d, 0x6b6d, 0x6b6d,
    0x6b6d, 0x6b6d, 0x6b6d, 0x6b6d, 0x738e, 0x6b6d, 0x6b6d, 0x6b6d, 0x6b6d, 0x6b4d, 0x6b6d, 0x6b6d,
    0x6b6d, 0x6b6d, 0x6b6d, 0x6b6d, 0x6b6d, 0x738e, 0x73ae, 0x6b6d, 0x6b6d, 0x6b6d, 0x6b4d, 0x73ae,
    0x738e, 0x6b6d, 0x6b6d, 0x6b6d, 0x6b4d, 0x6b6d, 0x738e, 0x738e, 0x6b6d, 0x6b6d, 0x6b6d, 0x6b6d,
    0x738e, 0x738e, 0x738e, 0x6b6d, 0x6b6d, 0x738e, 0x6b6d, 0x6b6d, 0x738e, 0x6b6d, 0x6b6d, 0x6b6d,
    0x6b4d, 0x6b6d, 0x73ae, 0x73ae, 0x738e, 0x6b6d, 0x6b6d, 0x738e, 0x7bcf, 0x738e, 0x73ae, 0x738e,
    0x6b6d, 0x6b4d, 0x6b4d, 0x6b6d, 0x6b4d, 0x632c, 0x6b6d, 0x738e, 0x738e, 0x73ae, 0x738e, 0x6b6d,
    0x6b6d, 0x738e, 0x73ae, 0x73ae, 0x6b6d, 0x6b4d, 0x6b6d, 0x6b4d, 0x6b6d, 0x738e, 0x6b6d, 0x6b6d,
    0x738e, 0x6b6d, 0x6b6d, 0x6b6d, 0x6b6d, 0x6b6d, 0x6b6d, 0x6b6d, 0x6b6d, 0x6b6d, 0x6b6d, 0x6b6d,
    0x6b4d, 0x6b6d, 0x6b6d, 0x6b6d, 0x6b6d, 0x6b6d, 0x6b6d, 0x6b6d, 0x6b6d, 0x6b6d, 0x6b6d, 0x6b6d,
    0x6b6d, 0x738e, 0x738e, 0x7bcf, 0x7bcf, 0x6b6d, 0x6b6d, 0x6b6d, 0x6b4d, 0x6b6d, 0x738e, 0x6b6d,
    0x6b6d, 0x6b6d, 0x6b6d, 0x73ae, 0x738e, 0x738e, 0x738e, 0x6b6d, 0x6b6d, 0x738e, 0x6b6d, 0x6b4d,
    0x6b6d, 0x6b6d, 0x6b6d, 0x6b6d, 0x6b6d, 0x6b4d, 0x6b6d, 0x6b6d, 0x6b6d, 0x6b6d, 0x738e, 0x73ae,
    0x738e, 0x738e, 0x52aa, 0x0841, 0x0841, 0xad55, 0x6b6d, 0x6b6d, 0x6b6d, 0x738e, 0x6b6d, 0x6b6d,
    0x6b6d, 0x6b6d, 0x6b6d, 0x6b6d, 0x6b6d, 0x6b4d, 0x6b6d, 0x6b6d, 0x6b6d, 0x6b6d, 0x6b6d, 0x6b6d,
    0x738e, 0x738e, 0x6b6d, 0x6b6d, 0x6b6d, 0x738e, 0x738e, 0x73ae, 0x738e, 0x738e, 0x6b6d, 0x6b6d,
    0x6b6d, 0x6b6d, 0x6b6d, 0x6b6d, 0x6b4d, 0x6b6d, 0x6b6d, 0x6b6d, 0x6b6d, 0x6b6d, 0x6b6d, 0x738e,
    0x73ae, 0x738e, 0x73ae, 0x738e, 0x738e, 0x738e, 0x6b6d, 0x6b6d, 0x6b4d, 0x6b6d, 0x6b6d, 0x6b6d,
    0x738e, 0x738e, 0x738e, 0x738e, 0x6b6d, 0x6b6d, 0x73ae, 0x6b6d, 0x738e, 0x6b6d, 0x6b6d, 0x738e,
    0x6b6d, 0x6b6d, 0x6b6d, 0x6b6d, 0x738e, 0x6b6d, 0x6b6d, 0x6b6d, 0x738e, 0x6b6d, 0x6b6d, 0x6b6d,
    0x6b6d, 0x6b4d, 0x6b6d, 0x738e, 0x738e, 0x6b6d, 0x738e, 0x738e, 0x6b4d, 0x6b6d, 0x6b6d, 0x6b6d,
    0x6b6d, 0x6b6d, 0x6b6d, 0x6b6d, 0x6b6d, 0x6b6d, 0x6b6d, 0x6b6d, 0x6b6d, 0x6b4d, 0x6b6d, 0x6b4d,
    0x6b6d, 0x738e, 0x6b6d, 0x6b6d, 0x6b6d, 0x6b6d, 0x6b6d, 0x6b6d, 0x738e, 0x73ae, 0x738e, 0x6b6d,
    0x6b6d, 0x738e, 0x738e, 0x6b6d, 0x6b6d, 0x6b6d, 0x6b6d, 0x738e, 0x738e, 0x6b6d, 0x6b4d, 0x6b6d,
    0x6b6d, 0x632c, 0x6b4d, 0x738e, 0x738e, 0x6b6d, 0x738e, 0x6b6d, 0x6b6d, 0x6b6d, 0x738e, 0x6b6d,
    0x6b6d, 0x6b6d, 0x6b6d, 0x6b6d, 0x6b6d, 0x6b4d, 0x6b6d, 0x6b6d, 0x6b4d, 0x6b6d, 0x738e, 0x738e,
    0x6b6d, 0x738e, 0x73ae, 0x738e, 0x6b6d, 0x6b6d, 0x6b6d, 0x738e, 0x6b6d, 0x6b6d, 0x738e, 0x6b6d,
    0x6b6d, 0x6b6d, 0x6b6d, 0x6b6d, 0x6b6d, 0x6b6d, 0x6b6d, 0x6b6d, 0x6b4d, 0x6b6d, 0x6b6d, 0x6b6d,
    0x6b6d, 0x6b4d, 0x6b4d, 0x6b6d, 0x6b6d, 0x6b6d, 0x6b6d, 0x6b6d, 0x738e, 0x73ae, 0x738e, 0x738e,
    0x6b6d, 0x6b6d, 0x738e, 0x73ae, 0x73ae, 0x738e, 0x6b6d, 0x6b6d, 0x738e, 0x73ae, 0x52aa, 0x0841,
    0x0841, 0xad55, 0x6b6d, 0x6b6d, 0x6b6d, 0x6b6d, 0x6b6d, 0x6b6d, 0x632c, 0x6b6d, 0x6b6d, 0x738e,
    0x738e, 0x6b6d, 0x6b6d, 0x738e, 0x7bcf, 0x738e, 0x6b6d, 0x6b6d, 0x6b4d, 0x6b6d, 0x73ae, 0x738e,
    0x6b6d, 0x6b6d, 0x73ae, 0x738e, 0x73ae, 0x738e, 0x6b6d, 0x6b6d, 0x6b4d, 0x6b4d, 0x6b6d, 0x6b6d,
    0x6b6d, 0x6b4d, 0x6b6d, 0x6b6d, 0x6b6d, 0x6b4d, 0x6b6d, 0x6b6d, 0x6b6d, 0x6b6d, 0x6b6d, 0x6b4d,
    0x630c, 0x6b4d, 0x738e, 0x738e, 0x6b6d, 0x6b4d, 0x6b6d, 0x738e, 0x73ae, 0x738e, 0x738e, 0x6b6d,
    0x6b6d, 0x6b6d, 0x6b6d, 0x738e, 0x738e, 0x738e, 0x6b6d, 0x6b6d, 0x6b6d, 0x738e, 0x6b6d, 0x6b6d,
    0x738e, 0x73ae, 0x738e, 0x6b6d, 0x6b6d, 0x6b6d, 0x6b6d, 0x738e, 0x73ae, 0x6b6d, 0x6b6d, 0x6b4d,
    0x738e, 0x6b6d, 0x6b6d, 0x738e, 0x73ae, 0x73ae, 0x738e, 0x6b6d, 0x738e, 0x6b6d, 0x6b6d, 0x6b6d,
    0x6b6d, 0x738e, 0x73ae, 0x738e, 0x6b6d, 0x6b6d, 0x6b6d, 0x6b6d, 0x6b6d, 0x6b6d, 0x6b6d, 0x738e,
    0x738e, 0x738e, 0x738e, 0x73ae, 0x73ae, 0x738e, 0x6b6d, 0x6b6d, 0x6b6d, 0x6b6d, 0x6b6d, 0x6b6d,
    0x6b6d, 0x6b4d, 0x6b6d, 0x6b6d, 0x6b6d, 0x738e, 0x73ae, 0x738e, 0x6b6d, 0x6b6d, 0x738e, 0x6b6d,
    0x6b6d, 0x6b6d, 0x6b6d, 0x6b6d, 0x6b6d, 0x6b6d, 0x6b6d, 0x6b6d, 0x6b6d, 0x738e, 0x6b6d, 0x6b6d,
    0x738e, 0x73ae, 0x73ae, 0x738e, 0x6b6d, 0x6b4d, 0x6b6d, 0x6b6d, 0x6b6d, 0x6b6d, 0x6b6d, 0x6b6d,
    0x6b6d, 0x6b6d, 0x6b6d, 0x6b4d, 0x6b6d, 0x6b6d, 0x6b6d, 0x6b4d, 0x6b6d, 0x6b6d, 0x738e, 0x6b6d,
    0x6b6d, 0x6b6d, 0x738e, 0x6b6d, 0x6b4d, 0x6b6d, 0x6b6d, 0x6b4d, 0x6b6d, 0x6b6d, 0x6b6d, 0x738e,
    0x6b6d, 0x6b6d, 0x73ae, 0x738e, 0x738e, 0x6b6d, 0x6b4d, 0x6b6d, 0x6b4d, 0x6b6d, 0x6b6d, 0x6b6d,
    0x6b6d, 0x6b6d, 0x6b6d, 0x738e, 0x73ae, 0x738e, 0x5acb, 0x0841, 0x0841, 0x738e, 0x52aa, 0x52aa,
    0x52aa, 0x528a, 0x52aa, 0x52aa, 0x528a, 0x52aa, 0x528a, 0x528a, 0x4a69, 0x528a, 0x52aa, 0x52aa,
    0x52aa, 0x52aa, 0x52aa, 0x52aa, 0x52aa, 0x52aa, 0x52aa, 0x52aa, 0x5acb, 0x5acb, 0x528a, 0x528a,
    0x52aa, 0x52aa, 0x52aa, 0x4a69, 0x4a69, 0x4a69, 0x528a, 0x5aeb, 0x630c, 0x5acb, 0x52aa, 0x52aa,
    0x52aa, 0x5acb, 0x5acb, 0x52aa, 0x52aa, 0x52aa, 0x52aa, 0x52aa, 0x52aa, 0x52aa, 0x528a, 0x52aa,
    0x52aa, 0x52aa, 0x52aa, 0x52aa, 0x52aa, 0x528a, 0x528a, 0x52aa, 0x52aa, 0x5acb, 0x52aa, 0x4a69,
    0x52aa, 0x5acb, 0x5acb, 0x52aa, 0x52aa, 0x52aa, 0x52aa, 0x5acb, 0x52aa, 0x52aa, 0x52aa, 0x52aa,
    0x52aa, 0x528a, 0x52aa, 0x52aa, 0x5acb, 0x52aa, 0x52aa, 0x5acb, 0x52aa, 0x52aa, 0x528a, 0x52aa,
    0x5acb, 0x5acb, 0x4a69, 0x528a, 0x52aa, 0x52aa, 0x5acb, 0x5acb, 0x52aa, 0x52aa, 0x528a, 0x4a69,
    0x5acb, 0x52aa, 0x52aa, 0x52aa, 0x52aa, 0x52aa, 0x52aa, 0x5acb, 0x5acb, 0x52aa, 0x52aa, 0x528a,
    0x528a, 0x5acb, 0x5aeb, 0x52aa, 0x52aa, 0x5acb, 0x5acb, 0x5acb, 0x528a, 0x528a, 0x52aa, 0x52aa,
    0x52aa, 0x5acb, 0x5acb, 0x5acb, 0x5acb, 0x52aa, 0x52aa, 0x52aa, 0x52aa, 0x52aa, 0x528a, 0x52aa,
    0x5acb, 0x5aeb, 0x5acb, 0x52aa, 0x528a, 0x52aa, 0x5acb, 0x5acb, 0x5acb, 0x5acb, 0x52aa, 0x52aa,
    0x52aa, 0x528a, 0x52aa, 0x52aa, 0x630c, 0x5acb, 0x52aa, 0x52aa, 0x528a, 0x52aa, 0x52aa, 0x52aa,
    0x4a69, 0x528a, 0x528a, 0x52aa, 0x528a, 0x528a, 0x52aa, 0x52aa, 0x52aa, 0x528a, 0x528a, 0x4a69,
    0x528a, 0x52aa, 0x52aa, 0x52aa, 0x52aa, 0x52aa, 0x5acb, 0x52aa, 0x52aa, 0x52aa, 0x52aa, 0x528a,
    0x52aa, 0x5acb, 0x5acb, 0x5aeb, 0x5acb, 0x52aa, 0x5acb, 0x52aa, 0x52aa, 0x52aa, 0x52aa, 0x52aa,
    0x52aa, 0x52aa, 0x52aa, 0x0841, 0x0841, 0x6b6d, 0x52aa, 0x52aa, 0x5acb, 0x5aeb, 0x5acb, 0x52aa,
    0x52aa, 0x528a, 0x52aa, 0x52aa, 0x52aa, 0x52aa, 0x52aa, 0x52aa, 0x52aa, 0x5acb, 0x52aa, 0x52aa,
    0x52aa, 0x52aa, 0x528a, 0x4a69, 0x52aa, 0x5acb, 0x52aa, 0x528a, 0x52aa, 0x52aa, 0x52aa, 0x528a,
    0x5acb, 0x52aa, 0x52aa, 0x5acb, 0x52aa, 0x528a, 0x528a, 0x52aa, 0x52aa, 0x52aa, 0x52aa, 0x52aa,
    0x52aa, 0x52aa, 0x52aa, 0x52aa, 0x52aa, 0x52aa, 0x528a, 0x5acb, 0x52aa, 0x52aa, 0x52aa, 0x52aa,
    0x5acb, 0x528a, 0x528a, 0x5acb, 0x52aa, 0x4a69, 0x528a, 0x52aa, 0x4a69, 0x528a, 0x52aa, 0x52aa,
    0x528a, 0x528a, 0x52aa, 0x52aa, 0x52aa, 0x5acb, 0x5acb, 0x52aa, 0x528a, 0x52aa, 0x5acb, 0x52aa,
    0x52aa, 0x52aa, 0x52aa, 0x5acb, 0x52aa, 0x52aa, 0x52aa, 0x52aa, 0x4a69, 0x528a, 0x52aa, 0x528a,
    0x528a, 0x528a, 0x528a, 0x52aa, 0x52aa, 0x528a, 0x4a69, 0x52aa, 0x52aa, 0x52aa, 0x52aa, 0x5acb,
    0x52aa, 0x52aa, 0x52aa, 0x52aa, 0x528a, 0x52aa, 0x5acb, 0x52aa, 0x528a, 0x52aa, 0x52aa, 0x528a,
    0x52aa, 0x52aa, 0x52aa, 0x52aa, 0x52aa, 0x52aa, 0x52aa, 0x52aa, 0x52aa, 0x52aa, 0x52aa, 0x5acb,
    0x52aa, 0x52aa, 0x52aa, 0x5acb, 0x52aa, 0x52aa, 0x52aa, 0x52aa, 0x52aa, 0x528a, 0x528a, 0x52aa,
    0x52aa, 0x5acb, 0x52aa, 0x52aa, 0x5acb, 0x528a, 0x52aa, 0x52aa, 0x5acb, 0x52aa, 0x5acb, 0x5acb,
    0x5aeb, 0x5acb, 0x52aa, 0x52aa, 0x52aa, 0x52aa, 0x5acb, 0x52aa, 0x52aa, 0x528a, 0x52aa, 0x5acb,
    0x5acb, 0x52aa, 0x52aa, 0x528a, 0x528a, 0x5acb, 0x5acb, 0x52aa, 0x5acb, 0x528a, 0x528a, 0x4a69,
    0x528a, 0x528a, 0x52aa, 0x52aa, 0x52aa, 0x52aa, 0x52aa, 0x52aa, 0x52aa, 0x52aa, 0x52aa, 0x528a,
    0x52aa, 0x52aa, 0x52aa, 0x52aa, 0x52aa, 0x5acb, 0x52aa, 0x52aa, 0x5acb, 0x52aa, 0x528a, 0x0841,
    0x0841, 0x0841, 0x0841, 0x0841, 0x0841, 0x0841, 0x0841, 0x0841, 0x0841, 0x0841, 0x0841, 0x0841,
    0x0841, 0x0841, 0x0841, 0x0841, 0x0841, 0x0841, 0x0841, 0x0841, 0x0841, 0x0841, 0x0841, 0x0841,
    0x0841, 0x0841, 0x0841, 0x0841, 0x0841, 0x0841, 0x0841, 0x0841, 0x0841, 0x0841, 0x0841, 0x0841,
    0x0841, 0x0841, 0x0841, 0x0841, 0x0841, 0x0841, 0x0841, 0x0841, 0x0841, 0x0841, 0x0841, 0x0841,
    0x0841, 0x0841, 0x0841, 0x0841, 0x0841, 0x0841, 0x0841, 0x0841, 0x0841, 0x0841, 0x0841, 0x0841,
    0x0841, 0x0841, 0x0841, 0x0841, 0x0841, 0x0841, 0x0841, 0x0841, 0x0841, 0x0841, 0x0841, 0x0841,
    0x0841, 0x0841, 0x0841, 0x0841, 0x0841, 0x0841, 0x0841, 0x0841, 0x0841, 0x0841, 0x0841, 0x0841,
    0x0841, 0x0841, 0x0841, 0x0841, 0x0841, 0x0841, 0x0841, 0x0841, 0x0841, 0x0841, 0x0841, 0x0841,
    0x0841, 0x0841, 0x0841, 0x0841, 0x0841, 0x0841, 0x0841, 0x0841, 0x0841, 0x0841, 0x0841, 0x0841,
    0x0841, 0x0841, 0x0841, 0x0841, 0x0841, 0x0841, 0x0841, 0x0841, 0x0841, 0x0841, 0x0841, 0x0841,
    0x0841, 0x0841, 0x0841, 0x0841, 0x0841, 0x0841, 0x0841, 0x0841, 0x0841, 0x0841, 0x0841, 0x0841,
    0x0841, 0x0841, 0x0841, 0x0841, 0x0841, 0x0841, 0x0841, 0x0841, 0x0841, 0x0841, 0x0841, 0x0841,
    0x0841, 0x0841, 0x0841, 0x0841, 0x0841, 0x0841, 0x0841, 0x0841, 0x0841, 0x0841, 0x0841, 0x0841,
    0x0841, 0x0841, 0x0841, 0x0841, 0x0841, 0x0841, 0x0841, 0x0841, 0x0841, 0x0841, 0x0841, 0x0841,
    0x0841, 0x0841, 0x0841, 0x0841, 0x0841, 0x0841, 0x0841, 0x0841, 0x0841, 0x0841, 0x0841, 0x0841,
    0x0841, 0x0841, 0x0841, 0x0841, 0x0841, 0x0841, 0x0841, 0x0841, 0x0841, 0x0841, 0x0841, 0x0841,
    0x0841, 0x0841, 0x0841, 0x0841, 0x0841, 0x0841, 0x0841, 0x0841, 0xffff, 0xffff, 0xffff, 0xffff,
    0xffff, 0xffff, 0xffff, 0xffff, 0xffff, 0xffff, 0xffff, 0xffff, 0xffff, 0xffff, 0xffff, 0xffff,
    0xffff, 0xffff, 0xffff, 0xffff, 0xffff, 0xffff, 0xffff, 0xffff, 0xffff, 0xffff, 0xffff, 0xffff,
    0xffff, 0xffff, 0xffff, 0xffff, 0xffff, 0xffff, 0xffff, 0xffff, 0xffff, 0xffff, 0xffff, 0xffff,
    0xffff, 0xffff, 0xffff, 0xffff, 0xffff, 0xffff, 0xffff, 0xffff, 0xffff, 0xffff, 0xffff, 0xffff,
    0xffff, 0xffff, 0xffff, 0xffff, 0xffff, 0xffff, 0xffff, 0xffff, 0xffff, 0xffff, 0xffff, 0xffff,
    0xffff, 0xffff, 0xffff, 0xffff, 0xffff, 0xffff, 0xffff, 0xffff, 0xffff, 0xffff, 0xffff, 0xffff,
    0xffff, 0xffff, 0xffff, 0xffff, 0xffff, 0xffff, 0xffff, 0xffff, 0xffff, 0xffff, 0xffff, 0xffff,
    0xffff, 0xffff, 0xffff, 0xffff, 0xffff, 0xffff, 0xffff, 0xffff, 0xffff, 0xffff, 0xffff, 0xffff,
    0xffff, 0xffff, 0xffff, 0xffff, 0xffff, 0xffff, 0xffff, 0xffff, 0xffff, 0xffff, 0xffff, 0xffff,
    0xffff, 0xffff, 0xffff, 0xffff, 0xffff, 0xffff, 0xffff, 0xffff, 0xffff, 0xffff, 0xffff, 0xffff,
    0xffff, 0xffff, 0xffff, 0xffff, 0xffff, 0xffff, 0xffff, 0xffff, 0xffff, 0xffff, 0xffff, 0xffff,
    0xffff, 0xffff, 0xffff, 0xffff, 0xffff, 0xffff, 0xffff, 0xffff, 0xffff, 0xffff, 0xffff, 0xffff,
    0xffff, 0xffff, 0xffff, 0xffff, 0xffff, 0xffff, 0xffff, 0xffff, 0xffff, 0xffff, 0xffff, 0xffff,
    0xffff, 0xffff, 0xffff, 0xffff, 0xffff, 0xffff, 0xffff, 0xffff, 0xffff, 0xffff, 0xffff, 0xffff,
    0xffff, 0xffff, 0xffff, 0xffff, 0xffff, 0xffff, 0xffff, 0xffff, 0xffff, 0xffff, 0xffff, 0xffff,
    0xffff, 0xffff, 0xffff, 0xffff, 0xffff, 0xffff, 0xffff, 0xffff, 0xffff, 0xffff, 0xffff, 0xffff,
    0xffff, 0xffff, 0xffff, 0xffff, 0xffff, 0xad75, 0xad75, 0xad75, 0xad75, 0xad75, 0xad75, 0xad75,
    0xad75, 0xad75, 0xad75, 0xad75, 0xad75, 0xad75, 0xad75, 0xb596, 0xad75, 0xad75, 0xad75, 0xad75,
    0xb596, 0xad75, 0xb596, 0xad75, 0xad75, 0xad75, 0xad75, 0xad75, 0xad75, 0xad75, 0xad75, 0xad75,
    0xad75, 0xad75, 0xad75, 0xad75, 0xad75, 0xad75, 0xad75, 0xad75, 0xad75, 0xad75, 0xad75, 0xad75,
    0xad75, 0xad75, 0xad75, 0xad75, 0xad75, 0xad75, 0xad75, 0xad75, 0xad75, 0xad75, 0xb596, 0xad75,
    0xad75, 0xad75, 0xad75, 0xad75, 0xad75, 0xad75, 0xad75, 0xad75, 0xad75, 0xad75, 0xad75, 0xad75,
    0xad75, 0xad75, 0xb596, 0xad75, 0xad75, 0xad75, 0xad75, 0xad75, 0xb596, 0xb596, 0xad75, 0xad75,
    0xad75, 0xad75, 0xad75, 0xad75, 0xad75, 0xad75, 0xad75, 0xad75, 0xad75, 0xad75, 0xad75, 0xad75,
    0xad75, 0xad75, 0xad75, 0xad75, 0xad75, 0xad75, 0xad75, 0xad75, 0xad75, 0xad75, 0xad75, 0xb596,
    0xad75, 0xad75, 0xad75, 0xad75, 0xad75, 0xad75, 0xad75, 0xad75, 0xad75, 0xad75, 0xad75, 0xad75,
    0xad75, 0xad75, 0xad75, 0xad75, 0xad75, 0xad75, 0xad75, 0xad75, 0xad75, 0xad75, 0xb596, 0xb596,
    0xad75, 0xad75, 0xb596, 0xad75, 0xad75, 0xad75, 0xad75, 0xb596, 0xad75, 0xad75, 0xad75, 0xad75,
    0xad75, 0xad75, 0xad75, 0xad75, 0xad75, 0xad75, 0xad75, 0xad55, 0xad75, 0xad75, 0xad75, 0xad75,
    0xad75, 0xad75, 0xad75, 0xad75, 0xad75, 0xad75, 0xb596, 0xad75, 0xad75, 0xad75, 0xad75, 0xad75,
    0xad75, 0xad75, 0xad75, 0xad75, 0xad75, 0xad75, 0xad75, 0xad75, 0xad75, 0xad75, 0xad75, 0xad75,
    0xb596, 0xad75, 0xb596, 0xad75, 0xad75, 0xad75, 0xad75, 0xad75, 0xad75, 0xad75, 0xad75, 0xad75,
    0xad75, 0xad75, 0xad75, 0xad75, 0xad75, 0xad75, 0xad75, 0xad75, 0xad75, 0xad75, 0x73ae, 0xffff,
    0xffff, 0xad75, 0x73ae, 0x73ae, 0x73ae, 0x73ae, 0x73ae, 0x73ae, 0x73ae, 0x738e, 0x73ae, 0x738e,
    0x73ae, 0x73ae, 0x73ae, 0x73ae, 0x73ae, 0x73ae, 0x73ae, 0x73ae, 0x73ae, 0x738e, 0x738e, 0x6b6d,
    0x738e, 0x73ae, 0x738e, 0x73ae, 0x73ae, 0x738e, 0x73ae, 0x73ae, 0x73ae, 0x7bcf, 0x73ae, 0x738e,
    0x73ae, 0x73ae, 0x738e, 0x73ae, 0x73ae, 0x73ae, 0x73ae, 0x738e, 0x6b6d, 0x738e, 0x73ae, 0x73ae,
    0x73ae, 0x738e, 0x73ae, 0x73ae, 0x73ae, 0x73ae, 0x73ae, 0x738e, 0x7bcf, 0x73ae, 0x73ae, 0x73ae,
    0x73ae, 0x7bcf, 0x73ae, 0x73ae, 0x73ae, 0x738e, 0x73ae, 0x73ae, 0x73ae, 0x73ae, 0x738e, 0x73ae,
    0x73ae, 0x738e, 0x73ae, 0x73ae, 0x738e, 0x73ae, 0x738e, 0x6b6d, 0x738e, 0x73ae, 0x7bcf, 0x7bcf,
    0x73ae, 0x738e, 0x738e, 0x738e, 0x73ae, 0x73ae, 0x738e, 0x738e, 0x738e, 0x73ae, 0x73ae, 0x73ae,
    0x73ae, 0x73ae, 0x73ae, 0x73ae, 0x738e, 0x738e, 0x73ae, 0x73ae, 0x73ae, 0x73ae, 0x73ae, 0x73ae,
    0x73ae, 0x738e, 0x73ae, 0x73ae, 0x7bcf, 0x738e, 0x73ae, 0x73ae, 0x73ae, 0x73ae, 0x73ae, 0x738e,
    0x738e, 0x738e, 0x738e, 0x73ae, 0x7bcf, 0x73ae, 0x73ae, 0x73ae, 0x738e, 0x73ae, 0x73ae, 0x73ae,
    0x73ae, 0x73ae, 0x73ae, 0x73ae, 0x73ae, 0x73ae, 0x73ae, 0x73ae, 0x73ae, 0x738e, 0x738e, 0x738e,
    0x73ae, 0x7bcf, 0x73ae, 0x73ae, 0x7bef, 0x73ae, 0x73ae, 0x73ae, 0x7bcf, 0x73ae, 0x73ae, 0x73ae,
    0x738e, 0x73ae, 0x73ae, 0x73ae, 0x73ae, 0x7bcf, 0x73ae, 0x738e, 0x73ae, 0x73ae, 0x73ae, 0x73ae,
    0x73ae, 0x73ae, 0x73ae, 0x73ae, 0x73ae, 0x7bcf, 0x73ae, 0x73ae, 0x73ae, 0x73ae, 0x7bcf, 0x7bcf,
    0x73ae, 0x73ae, 0x73ae, 0x73ae, 0x7bcf, 0x7bcf, 0x73ae, 0x73ae, 0x73ae, 0x73ae, 0x73ae, 0x73ae,
    0x73ae, 0x73ae, 0x73ae, 0x7bcf, 0x738e, 0x6b6d, 0x52aa, 0xffff, 0xffff, 0xad75, 0x73ae, 0x738e,
    0x73ae, 0x73ae, 0x73ae, 0x738e, 0x73ae, 0x73ae, 0x73ae, 0x73ae, 0x73ae, 0x73ae, 0x7bcf, 0x73ae,
    0x738e, 0x6b6d, 0x738e, 0x73ae, 0x73ae, 0x7bcf, 0x73ae, 0x73ae, 0x73ae, 0x73ae, 0x73ae, 0x73ae,
    0x73ae, 0x73ae, 0x73ae, 0x73ae, 0x73ae, 0x73ae, 0x73ae, 0x73ae, 0x73ae, 0x738e, 0x6b6d, 0x738e,
    0x73ae, 0x73ae, 0x738e, 0x738e, 0x73ae, 0x73ae, 0x73ae, 0x73ae, 0x73ae, 0x73ae, 0x73ae, 0x73ae,
    0x7bcf, 0x73ae, 0x738e, 0x738e, 0x6b6d, 0x738e, 0x738e, 0x738e, 0x73ae, 0x73ae, 0x73ae, 0x738e,
    0x6b6d, 0x73ae, 0x73ae, 0x73ae, 0x73ae, 0x73ae, 0x73ae, 0x7bcf, 0x738e, 0x7bcf, 0x73ae, 0x73ae,
    0x73ae, 0x7bcf, 0x73ae, 0x73ae, 0x73ae, 0x7bef, 0x73ae, 0x738e, 0x738e, 0x73ae, 0x73ae, 0x738e,
    0x6b6d, 0x738e, 0x73ae, 0x738e, 0x73ae, 0x73ae, 0x73ae, 0x738e, 0x738e, 0x73ae, 0x7bcf, 0x73ae,
    0x73ae, 0x73ae, 0x73ae, 0x7bef, 0x7bef, 0x73ae, 0x738e, 0x738e, 0x738e, 0x73ae, 0x73ae, 0x73ae,
    0x73ae, 0x73ae, 0x73ae, 0x738e, 0x738e, 0x73ae, 0x7bcf, 0x73ae, 0x73ae, 0x73ae, 0x73ae, 0x73ae,
    0x73ae, 0x73ae, 0x73ae, 0x73ae, 0x73ae, 0x738e, 0x73ae, 0x73ae, 0x7bcf, 0x73ae, 0x73ae, 0x73ae,
    0x73ae, 0x738e, 0x73ae, 0x73ae, 0x73ae, 0x7bcf, 0x73ae, 0x738e, 0x6b6d, 0x738e, 0x73ae, 0x73ae,
    0x73ae, 0x738e, 0x6b6d, 0x738e, 0x738e, 0x73ae, 0x7bcf, 0x73ae, 0x738e, 0x738e, 0x738e, 0x738e,
    0x73ae, 0x73ae, 0x738e, 0x73ae, 0x73ae, 0x73ae, 0x73ae, 0x738e, 0x73ae, 0x73ae, 0x7bcf, 0x73ae,
    0x738e, 0x73ae, 0x73ae, 0x73ae, 0x73ae, 0x73ae, 0x73ae, 0x73ae, 0x73ae, 0x7bef, 0x73ae, 0x73ae,
    0x73ae, 0x73ae, 0x73ae, 0x73ae, 0x73ae, 0x73ae, 0x73ae, 0x73ae, 0x73ae, 0x73ae, 0x73ae, 0x73ae,
    0x73ae, 0x738e, 0x5acb, 0xffff, 0xffff, 0xad75, 0x73ae, 0x73ae, 0x738e, 0x73ae, 0x73ae, 0x73ae,
    0x73ae, 0x73ae, 0x73ae, 0x73ae, 0x738e, 0x738e, 0x73ae, 0x738e, 0x6b4d, 0x738e, 0x73ae, 0x738e,
    0x738e, 0x738e, 0x738e, 0x6b6d, 0x6b6d, 0x73ae, 0x73ae, 0x7bcf, 0x73ae, 0x73ae, 0x73ae, 0x73ae,
    0x73ae, 0x73ae, 0x73ae, 0x738e, 0x7bcf, 0x73ae, 0x73ae, 0x73ae, 0x73ae, 0x73ae, 0x73ae, 0x73ae,
    0x738e, 0x73ae, 0x73ae, 0x73ae, 0x738e, 0x738e, 0x6b6d, 0x738e, 0x73ae, 0x738e, 0x6b6d, 0x738e,
    0x73ae, 0x73ae, 0x73ae, 0x73ae, 0x738e, 0x73ae, 0x73ae, 0x73ae, 0x73ae, 0x73ae, 0x738e, 0x738e,
    0x73ae, 0x73ae, 0x738e, 0x738e, 0x73ae, 0x73ae, 0x7bcf, 0x7bcf, 0x7bcf, 0x73ae, 0x738e, 0x738e,
    0x73ae, 0x73ae, 0x7bcf, 0x73ae, 0x738e, 0x73ae, 0x73ae, 0x738e, 0x6b6d, 0x738e, 0x73ae, 0x73ae,
    0x73ae, 0x73ae, 0x73ae, 0x73ae, 0x73ae, 0x738e, 0x73ae, 0x73ae, 0x73ae, 0x73ae, 0x73ae, 0x73ae,
    0x738e, 0x73ae, 0x73ae, 0x73ae, 0x73ae, 0x73ae, 0x7bcf, 0x73ae, 0x73ae, 0x7bcf, 0x73ae, 0x7bcf,
    0x73ae, 0x73ae, 0x73ae, 0x738e, 0x73ae, 0x73ae, 0x738e, 0x738e, 0x738e, 0x73ae, 0x73ae, 0x73ae,
    0x73ae, 0x73ae, 0x73ae, 0x73ae, 0x73ae, 0x73ae, 0x7bcf, 0x738e, 0x738e, 0x738e, 0x73ae, 0x73ae,
    0x73ae, 0x73ae, 0x73ae, 0x73ae, 0x73ae, 0x73ae, 0x7bcf, 0x73ae, 0x73ae, 0x73ae, 0x738e, 0x73ae,
    0x73ae, 0x73ae, 0x7bcf, 0x73ae, 0x73ae, 0x738e, 0x738e, 0x73ae, 0x73ae, 0x73ae, 0x73ae, 0x738e,
    0x6b6d, 0x6b6d, 0x738e, 0x73ae, 0x7bcf, 0x73ae, 0x738e, 0x73ae, 0x73ae, 0x73ae, 0x73ae, 0x73ae,
    0x73ae, 0x73ae, 0x7bcf, 0x73ae, 0x738e, 0x73ae, 0x73ae, 0x73ae, 0x738e, 0x73ae, 0x73ae, 0x73ae,
    0x7bcf, 0x73ae, 0x738e, 0x73ae, 0x7bef, 0x73ae, 0x73ae, 0x7bcf, 0x738e, 0x6b6d, 0x5acb, 0xffff,
    0xffff, 0xad75, 0x73ae, 0x73ae, 0x73ae, 0x738e, 0x73ae, 0x73ae, 0x73ae, 0x738e, 0x738e, 0x73ae,
    0x73ae, 0x73ae, 0x73ae, 0x7bcf, 0x73ae, 0x73ae, 0x73ae, 0x73ae, 0x73ae, 0x73ae, 0x73ae, 0x73ae,
    0x73ae, 0x738e, 0x73ae, 0x73ae, 0x738e, 0x738e, 0x738e, 0x738e, 0x738e, 0x73ae, 0x7bcf, 0x73ae,
    0x7bef, 0x73ae, 0x73ae, 0x73ae, 0x73ae, 0x738e, 0x73ae, 0x73ae, 0x738e, 0x73ae, 0x738e, 0x6b6d,
    0x738e, 0x738e, 0x6b6d, 0x738e, 0x73ae, 0x738e, 0x6b6d, 0x738e, 0x73ae, 0x73ae, 0x73ae, 0x73ae,
    0x73ae, 0x73ae, 0x73ae, 0x7bcf, 0x73ae, 0x738e, 0x738e, 0x73ae, 0x73ae, 0x73ae, 0x738e, 0x7bcf,
    0x73ae, 0x7bcf, 0x8410, 0x7bcf, 0x73ae, 0x73ae, 0x738e, 0x73ae, 0x73ae, 0x73ae, 0x73ae, 0x73ae,
    0x73ae, 0x738e, 0x738e, 0x73ae, 0x73ae, 0x73ae, 0x73ae, 0x738e, 0x73ae, 0x73ae, 0x73ae, 0x73ae,
    0x73ae, 0x73ae, 0x738e, 0x738e, 0x738e, 0x73ae, 0x73ae, 0x738e, 0x7bcf, 0x73ae, 0x73ae, 0x73ae,
    0x7bcf, 0x73ae, 0x7bcf, 0x73ae, 0x73ae, 0x6b6d, 0x6b6d, 0x738e, 0x73ae, 0x73ae, 0x73ae, 0x73ae,
    0x73ae, 0x738e, 0x738e, 0x73ae, 0x73ae, 0x7bcf, 0x73ae, 0x73ae, 0x73ae, 0x73ae, 0x738e, 0x73ae,
    0x738e, 0x6b6d, 0x738e, 0x73ae, 0x73ae, 0x73ae, 0x7bcf, 0x73ae, 0x73ae, 0x73ae, 0x738e, 0x73ae,
    0x73ae, 0x73ae, 0x73ae, 0x738e, 0x6b6d, 0x738e, 0x73ae, 0x73ae, 0x73ae, 0x73ae, 0x738e, 0x73ae,
    0x7bcf, 0x73ae, 0x73ae, 0x73ae, 0x73ae, 0x73ae, 0x738e, 0x73ae, 0x73ae, 0x73ae, 0x73ae, 0x73ae,
    0x73ae, 0x73ae, 0x73ae, 0x73ae, 0x73ae, 0x73ae, 0x73ae, 0x738e, 0x738e, 0x6b6d, 0x738e, 0x73ae,
    0x738e, 0x738e, 0x738e, 0x738e, 0x738e, 0x738e, 0x738e, 0x73ae, 0x73ae, 0x73ae, 0x73ae, 0x738e,
    0x73ae, 0x73ae, 0x73ae, 0x738e, 0x738e, 0x73ae, 0x5aeb, 0xffff, 0xffff, 0xad75, 0x73ae, 0x73ae,
    0x73ae, 0x73ae, 0x73ae, 0x73ae, 0x73ae, 0x738e, 0x73ae, 0x73ae, 0x73ae, 0x73ae, 0x73ae, 0x73ae,
    0x738e, 0x73ae, 0x73ae, 0x73ae, 0x73ae, 0x73ae, 0x738e, 0x73ae, 0x73ae, 0x73ae, 0x738e, 0x6b6d,
    0x738e, 0x73ae, 0x73ae, 0x73ae, 0x73ae, 0x73ae, 0x73ae, 0x73ae, 0x7bcf, 0x73ae, 0x73ae, 0x7bcf,
    0x73ae, 0x738e, 0x73ae, 0x73ae, 0x73ae, 0x73ae, 0x73ae, 0x73ae, 0x73ae, 0x73ae, 0x738e, 0x73ae,
    0x7bcf, 0x73ae, 0x73ae, 0x73ae, 0x738e, 0x738e, 0x738e, 0x73ae, 0x73ae, 0x73ae, 0x73ae, 0x738e,
    0x6b4d, 0x738e, 0x73ae, 0x73ae, 0x73ae, 0x73ae, 0x73ae, 0x738e, 0x73ae, 0x7bcf, 0x73ae, 0x73ae,
    0x73ae, 0x7bcf, 0x73ae, 0x738e, 0x73ae, 0x73ae, 0x73ae, 0x73ae, 0x73ae, 0x7bcf, 0x73ae, 0x738e,
    0x738e, 0x738e, 0x73ae, 0x73ae, 0x73ae, 0x73ae, 0x73ae, 0x738e, 0x73ae, 0x73ae, 0x738e, 0x6b6d,
    0x738e, 0x73ae, 0x73ae, 0x7bcf, 0x73ae, 0x73ae, 0x73ae, 0x738e, 0x738e, 0x73ae, 0x73ae, 0x738e,
    0x738e, 0x73ae, 0x73ae, 0x73ae, 0x738e, 0x73ae, 0x738e, 0x738e, 0x73ae, 0x73ae, 0x73ae, 0x73ae,
    0x73ae, 0x73ae, 0x73ae, 0x73ae, 0x73ae, 0x73ae, 0x7bcf, 0x73ae, 0x73ae, 0x73ae, 0x73ae, 0x738e,
    0x738e, 0x73ae, 0x73ae, 0x7bef, 0x7bcf, 0x7bcf, 0x73ae, 0x738e, 0x738e, 0x73ae, 0x738e, 0x73ae,
    0x73ae, 0x73ae, 0x738e, 0x73ae, 0x73ae, 0x738e, 0x6b6d, 0x738e, 0x73ae, 0x738e, 0x6b4d, 0x738e,
    0x738e, 0x738e, 0x738e, 0x73ae, 0x738e, 0x738e, 0x738e, 0x73ae, 0x73ae, 0x73ae, 0x73ae, 0x73ae,
    0x73ae, 0x73ae, 0x73ae, 0x738e, 0x738e, 0x738e, 0x6b6d, 0x738e, 0x73ae, 0x73ae, 0x738e, 0x73ae,
    0x73ae, 0x7bcf, 0x738e, 0x738e, 0x73ae, 0x73ae, 0x738e, 0x738e, 0x6b6d, 0x73ae, 0x73ae, 0x738e,
    0x73ae, 0x738e, 0x5aeb, 0xffff, 0xffff, 0xad75, 0x73ae, 0x738e, 0x73ae, 0x73ae, 0x7bcf, 0x7bcf,
    0x73ae, 0x73ae, 0x7bcf, 0x73ae, 0x738e, 0x73ae, 0x73ae, 0x73ae, 0x73ae, 0x73ae, 0x73ae, 0x73ae,
    0x73ae, 0x73ae, 0x73ae, 0x73ae, 0x738e, 0x6b6d, 0x738e, 0x73ae, 0x73ae, 0x73ae, 0x738e, 0x73ae,
    0x73ae, 0x738e, 0x6b4d, 0x738e, 0x738e, 0x738e, 0x73ae, 0x73ae, 0x73ae, 0x7bcf, 0x73ae, 0x73ae,
    0x73ae, 0x73ae, 0x73ae, 0x73ae, 0x73ae, 0x73ae, 0x7bcf, 0x7bef, 0x7bcf, 0x73ae, 0x73ae, 0x73ae,
    0x73ae, 0x73ae, 0x7bcf, 0x7bcf, 0x73ae, 0x73ae, 0x73ae, 0x7bcf, 0x73ae, 0x738e, 0x73ae, 0x738e,
    0x6b6d, 0x738e, 0x73ae, 0x7bcf, 0x73ae, 0x73ae, 0x73ae, 0x73ae, 0x7bef, 0x7bcf, 0x73ae, 0x73ae,
    0x73ae, 0x73ae, 0x73ae, 0x73ae, 0x73ae, 0x7bcf, 0x73ae, 0x7bcf, 0x73ae, 0x73ae, 0x73ae, 0x73ae,
    0x738e, 0x6b6d, 0x6b6d, 0x73ae, 0x73ae, 0x73ae, 0x73ae, 0x73ae, 0x73ae, 0x73ae, 0x73ae, 0x73ae,
    0x73ae, 0x73ae, 0x73ae, 0x7bcf, 0x73ae, 0x738e, 0x738e, 0x738e, 0x73ae, 0x73ae, 0x73ae, 0x73ae,
    0x73ae, 0x73ae, 0x7bcf, 0x73ae, 0x73ae, 0x73ae, 0x7bcf, 0x8410, 0x73ae, 0x73ae, 0x73ae, 0x73ae,
    0x73ae, 0x73ae, 0x73ae, 0x73ae, 0x738e, 0x73ae, 0x73ae, 0x73ae, 0x73ae, 0x73ae, 0x73ae, 0x73ae,
    0x73ae, 0x73ae, 0x73ae, 0x73ae, 0x73ae, 0x73ae, 0x73ae, 0x73ae, 0x7bcf, 0x73ae, 0x738e, 0x738e,
    0x738e, 0x73ae, 0x73ae, 0x73ae, 0x73ae, 0x73ae, 0x73ae, 0x73ae, 0x7bcf, 0x73ae, 0x73ae, 0x73ae,
    0x73ae, 0x73ae, 0x7bcf, 0x73ae, 0x7bcf, 0x73ae, 0x73ae, 0x73ae, 0x73ae, 0x73ae, 0x73ae, 0x73ae,
    0x73ae, 0x73ae, 0x7bcf, 0x73ae, 0x73ae, 0x73ae, 0x73ae, 0x73ae, 0x73ae, 0x73ae, 0x73ae, 0x73ae,
    0x7bcf, 0x73ae, 0x73ae, 0x73ae, 0x73ae, 0x73ae, 0x73ae, 0x738e, 0x738e, 0x73ae, 0x5aeb, 0xffff,
    0xffff, 0xad75, 0x738e, 0x73ae, 0x738e, 0x6b6d, 0x73ae, 0x73ae, 0x73ae, 0x73ae, 0x73ae, 0x7bcf,
    0x73ae, 0x738e, 0x738e, 0x738e, 0x73ae, 0x73ae, 0x73ae, 0x73ae, 0x73ae, 0x73ae, 0x73ae, 0x73ae,
    0x738e, 0x73ae, 0x738e, 0x73ae, 0x73ae, 0x73ae, 0x738e, 0x738e, 0x738e, 0x73ae, 0x73ae, 0x7bef,
    0x73ae, 0x738e, 0x73ae, 0x73ae, 0x73ae, 0x73ae, 0x73ae, 0x7bcf, 0x73ae, 0x73ae, 0x73ae, 0x73ae,
    0x73ae, 0x73ae, 0x738e, 0x738e, 0x73ae, 0x73ae, 0x73ae, 0x73ae, 0x738e, 0x73ae, 0x7bcf, 0x73ae,
    0x73ae, 0x73ae, 0x73ae, 0x73ae, 0x738e, 0x73ae, 0x73ae, 0x73ae, 0x73ae, 0x73ae, 0x738e, 0x6b6d,
    0x738e, 0x738e, 0x738e, 0x738e, 0x73ae, 0x73ae, 0x73ae, 0x73ae, 0x73ae, 0x73ae, 0x73ae, 0x73ae,
    0x73ae, 0x73ae, 0x73ae, 0x73ae, 0x73ae, 0x73ae, 0x73ae, 0x738e, 0x738e, 0x738e, 0x73ae, 0x73ae,
    0x73ae, 0x73ae, 0x73ae, 0x73ae, 0x738e, 0x738e, 0x738e, 0x73ae, 0x738e, 0x6b6d, 0x738e, 0x6b6d,
    0x73ae, 0x7bcf, 0x73ae, 0x73ae, 0x73ae, 0x7bcf, 0x73ae, 0x738e, 0x738e, 0x738e, 0x73ae, 0x738e,
    0x6b6d, 0x6b6d, 0x738e, 0x738e, 0x73ae, 0x73ae, 0x73ae, 0x73ae, 0x738e, 0x738e, 0x73ae, 0x7bcf,
    0x73ae, 0x7bcf, 0x73ae, 0x73ae, 0x73ae, 0x73ae, 0x73ae, 0x73ae, 0x73ae, 0x73ae, 0x6b6d, 0x73ae,
    0x7bcf, 0x73ae, 0x73ae, 0x73ae, 0x73ae, 0x73ae, 0x73ae, 0x738e, 0x73ae, 0x7bcf, 0x73ae, 0x73ae,
    0x73ae, 0x73ae, 0x73ae, 0x73ae, 0x73ae, 0x73ae, 0x738e, 0x738e, 0x73ae, 0x738e, 0x73ae, 0x73ae,
    0x73ae, 0x73ae, 0x738e, 0x738e, 0x73ae, 0x73ae, 0x73ae, 0x738e, 0x73ae, 0x738e, 0x6b4d, 0x6b6d,
    0x738e, 0x73ae, 0x73ae, 0x7bef, 0x73ae, 0x738e, 0x73ae, 0x73ae, 0x73ae, 0x73ae, 0x73ae, 0x73ae,
    0x73ae, 0x7bcf, 0x73ae, 0x738e, 0x738e, 0x73ae, 0x5aeb, 0xffff, 0xffff, 0xb596, 0x73ae, 0x73ae,
    0x73ae, 0x73ae, 0x73ae, 0x73ae, 0x73ae, 0x73ae, 0x73ae, 0x73ae, 0x73ae, 0x7bcf, 0x73ae, 0x73ae,
    0x73ae, 0x73ae, 0x73ae, 0x738e, 0x73ae, 0x73ae, 0x73ae, 0x738e, 0x6b6d, 0x738e, 0x73ae, 0x73ae,
    0x7bcf, 0x7bcf, 0x73ae, 0x73ae, 0x7bcf, 0x7bcf, 0x73ae, 0x73ae, 0x73ae, 0x7bcf, 0x7bef, 0x73ae,
    0x73ae, 0x738e, 0x738e, 0x738e, 0x738e, 0x73ae, 0x73ae, 0x7bcf, 0x8410, 0x7bef, 0x7bcf, 0x73ae,
    0x738e, 0x738e, 0x73ae, 0x73ae, 0x7bcf, 0x73ae, 0x73ae, 0x7bcf, 0x73ae, 0x73ae, 0x73ae, 0x73ae,
    0x738e, 0x738e, 0x738e, 0x738e, 0x738e, 0x73ae, 0x73ae, 0x73ae, 0x73ae, 0x73ae, 0x73ae, 0x73ae,
    0x73ae, 0x738e, 0x73ae, 0x73ae, 0x73ae, 0x73ae, 0x73ae, 0x73ae, 0x73ae, 0x73ae, 0x73ae, 0x738e,
    0x738e, 0x73ae, 0x73ae, 0x73ae, 0x73ae, 0x738e, 0x6b6d, 0x738e, 0x73ae, 0x73ae, 0x7bcf, 0x73ae,
    0x73ae, 0x73ae, 0x73ae, 0x73ae, 0x73ae, 0x73ae, 0x738e, 0x6b6d, 0x738e, 0x738e, 0x73ae, 0x738e,
    0x73ae, 0x73ae, 0x7bcf, 0x73ae, 0x73ae, 0x73ae, 0x738e, 0x6b6d, 0x73ae, 0x7bcf, 0x73ae, 0x73ae,
    0x73ae, 0x73ae, 0x7bef, 0x73ae, 0x73ae, 0x73ae, 0x7bcf, 0x73ae, 0x73ae, 0x738e, 0x738e, 0x738e,
    0x73ae, 0x73ae, 0x73ae, 0x73ae, 0x73ae, 0x73ae, 0x73ae, 0x73ae, 0x73ae, 0x73ae, 0x73ae, 0x73ae,
    0x73ae, 0x73ae, 0x73ae, 0x738e, 0x73ae, 0x73ae, 0x73ae, 0x7bcf, 0x73ae, 0x738e, 0x738e, 0x73ae,
    0x73ae, 0x7bcf, 0x7bcf, 0x7bcf, 0x7bcf, 0x73ae, 0x7bef, 0x73ae, 0x73ae, 0x73ae, 0x73ae, 0x73ae,
    0x73ae, 0x73ae, 0x73ae, 0x738e, 0x73ae, 0x73ae, 0x73ae, 0x73ae, 0x73ae, 0x73ae, 0x73ae, 0x738e,
    0x73ae, 0x738e, 0x738e, 0x738e, 0x73ae, 0x73ae, 0x7bef, 0x73ae, 0x73ae, 0x73ae, 0x73ae, 0x73ae,
    0x73ae, 0x6b6d, 0x52aa, 0xffff, 0xffff, 0xad75, 0x73ae, 0x73ae, 0x7bef, 0x73ae, 0x7bcf, 0x7bef,
    0x73ae, 0x73ae, 0x73ae, 0x738e, 0x73ae, 0x73ae, 0x73ae, 0x7bcf, 0x738e, 0x73ae, 0x7bef, 0x73ae,
    0x73ae, 0x73ae, 0x73ae, 0x73ae, 0x738e, 0x738e, 0x73ae, 0x73ae, 0x73ae, 0x73ae, 0x73ae, 0x73ae,
    0x738e, 0x73ae, 0x73ae, 0x73ae, 0x73ae, 0x73ae, 0x73ae, 0x738e, 0x73ae, 0x73ae, 0x73ae, 0x73ae,
    0x73ae, 0x73ae, 0x738e, 0x73ae, 0x73ae, 0x73ae, 0x73ae, 0x7bcf, 0x73ae, 0x73ae, 0x73ae, 0x73ae,
    0x7bef, 0x73ae, 0x6b6d, 0x738e, 0x73ae, 0x73ae, 0x73ae, 0x73ae, 0x73ae, 0x738e, 0x73ae, 0x73ae,
    0x73ae, 0x7bef, 0x73ae, 0x73ae, 0x73ae, 0x73ae, 0x738e, 0x73ae, 0x738e, 0x73ae, 0x7bef, 0x7bcf,
    0x7bef, 0x8410, 0x7bcf, 0x73ae, 0x73ae, 0x73ae, 0x7bef, 0x73ae, 0x73ae, 0x73ae, 0x73ae, 0x73ae,
    0x73ae, 0x73ae, 0x73ae, 0x73ae, 0x73ae, 0x738e, 0x73ae, 0x7bcf, 0x73ae, 0x73ae, 0x73ae, 0x7bcf,
    0x73ae, 0x73ae, 0x738e, 0x73ae, 0x73ae, 0x738e, 0x738e, 0x738e, 0x73ae, 0x73ae, 0x73ae, 0x7bcf,
    0x73ae, 0x6b6d, 0x73ae, 0x73ae, 0x73ae, 0x73ae, 0x738e, 0x73ae, 0x73ae, 0x7bcf, 0x7bcf, 0x73ae,
    0x738e, 0x738e, 0x73ae, 0x73ae, 0x73ae, 0x73ae, 0x73ae, 0x73ae, 0x73ae, 0x73ae, 0x73ae, 0x738e,
    0x7bcf, 0x73ae, 0x73ae, 0x73ae, 0x73ae, 0x73ae, 0x73ae, 0x73ae, 0x73ae, 0x73ae, 0x73ae, 0x73ae,
    0x738e, 0x73ae, 0x73ae, 0x73ae, 0x738e, 0x6b4d, 0x738e, 0x738e, 0x6b6d, 0x738e, 0x73ae, 0x73ae,
    0x73ae, 0x7bcf, 0x738e, 0x738e, 0x738e, 0x73ae, 0x73ae, 0x73ae, 0x738e, 0x73ae, 0x73ae, 0x73ae,
    0x73ae, 0x738e, 0x73ae, 0x738e, 0x6b4d, 0x738e, 0x73ae, 0x738e, 0x73ae, 0x73ae, 0x73ae, 0x73ae,
    0x73ae, 0x73ae, 0x73ae, 0x73ae, 0x7bcf, 0x73ae, 0x73ae, 0x738e, 0x738e, 0x738e, 0x5aeb, 0xffff,
    0xffff, 0xad75, 0x73ae, 0x73ae, 0x73ae, 0x73ae, 0x73ae, 0x73ae, 0x738e, 0x738e, 0x73ae, 0x73ae,
    0x738e, 0x6b6d, 0x738e, 0x73ae, 0x73ae, 0x738e, 0x6b6d, 0x738e, 0x73ae, 0x73ae, 0x73ae, 0x73ae,
    0x73ae, 0x73ae, 0x73ae, 0x73ae, 0x73ae, 0x7bef, 0x7bef, 0x73ae, 0x73ae, 0x73ae, 0x7bcf, 0x73ae,
    0x7bcf, 0x73ae, 0x73ae, 0x73ae, 0x73ae, 0x73ae, 0x73ae, 0x73ae, 0x738e, 0x73ae, 0x73ae, 0x73ae,
    0x73ae, 0x73ae, 0x73ae, 0x73ae, 0x73ae, 0x73ae, 0x73ae, 0x73ae, 0x73ae, 0x73ae, 0x73ae, 0x73ae,
    0x73ae, 0x73ae, 0x73ae, 0x73ae, 0x73ae, 0x738e, 0x73ae, 0x73ae, 0x73ae, 0x73ae, 0x7bcf, 0x73ae,
    0x73ae, 0x73ae, 0x73ae, 0x73ae, 0x73ae, 0x73ae, 0x73ae, 0x73ae, 0x738e, 0x738e, 0x73ae, 0x73ae,
    0x738e, 0x738e, 0x73ae, 0x7bcf, 0x73ae, 0x7bcf, 0x738e, 0x738e, 0x73ae, 0x73ae, 0x73ae, 0x7bcf,
    0x73ae, 0x73ae, 0x73ae, 0x73ae, 0x73ae, 0x73ae, 0x73ae, 0x73ae, 0x73ae, 0x738e, 0x73ae, 0x73ae,
    0x7bcf, 0x73ae, 0x73ae, 0x738e, 0x738e, 0x7bcf, 0x73ae, 0x73ae, 0x73ae, 0x738e, 0x6b6d, 0x738e,
    0x738e, 0x73ae, 0x738e, 0x6b6d, 0x73ae, 0x73ae, 0x738e, 0x73ae, 0x738e, 0x738e, 0x73ae, 0x73ae,
    0x738e, 0x73ae, 0x73ae, 0x73ae, 0x73ae, 0x73ae, 0x73ae, 0x73ae, 0x73ae, 0x73ae, 0x73ae, 0x73ae,
    0x6b6d, 0x738e, 0x73ae, 0x73ae, 0x73ae, 0x73ae, 0x73ae, 0x738e, 0x73ae, 0x73ae, 0x738e, 0x73ae,
    0x73ae, 0x6b6d, 0x7bcf, 0x738e, 0x73ae, 0x73ae, 0x738e, 0x73ae, 0x73ae, 0x73ae, 0x738e, 0x73ae,
    0x73ae, 0x73ae, 0x73ae, 0x73ae, 0x73ae, 0x73ae, 0x7bcf, 0x73ae, 0x738e, 0x738e, 0x738e, 0x73ae,
    0x73ae, 0x738e, 0x738e, 0x738e, 0x73ae, 0x738e, 0x73ae, 0x73ae, 0x738e, 0x73ae, 0x73ae, 0x738e,
    0x7bcf, 0x73ae, 0x73ae, 0x73ae, 0x73ae, 0x7bcf, 0x5aeb, 0xffff, 0xffff, 0xad75, 0x73ae, 0x73ae,
    0x73ae, 0x73ae, 0x73ae, 0x73ae, 0x73ae, 0x738e, 0x6b6d, 0x6b6d, 0x738e, 0x738e, 0x6b4d, 0x6b6d,
    0x73ae, 0x7bcf, 0x73ae, 0x738e, 0x73ae, 0x73ae, 0x73ae, 0x73ae, 0x73ae, 0x738e, 0x738e, 0x738e,
    0x73ae, 0x73ae, 0x7bcf, 0x73ae, 0x73ae, 0x738e, 0x738e, 0x738e, 0x73ae, 0x73ae, 0x73ae, 0x73ae,
    0x73ae, 0x73ae, 0x73ae, 0x73ae, 0x73ae, 0x73ae, 0x73ae, 0x73ae, 0x73ae, 0x73ae, 0x73ae, 0x73ae,
    0x7bcf, 0x73ae, 0x73ae, 0x73ae, 0x73ae, 0x73ae, 0x73ae, 0x73ae, 0x7bef, 0x7bcf, 0x7bcf, 0x73ae,
    0x73ae, 0x73ae, 0x73ae, 0x73ae, 0x73ae, 0x73ae, 0x73ae, 0x73ae, 0x7bcf, 0x73ae, 0x73ae, 0x73ae,
    0x738e, 0x73ae, 0x73ae, 0x73ae, 0x7bcf, 0x7bcf, 0x73ae, 0x73ae, 0x738e, 0x73ae, 0x73ae, 0x73ae,
    0x738e, 0x73ae, 0x738e, 0x73ae, 0x73ae, 0x7bcf, 0x73ae, 0x738e, 0x73ae, 0x73ae, 0x738e, 0x6b6d,
    0x73ae, 0x73ae, 0x6b6d, 0x6b6d, 0x738e, 0x738e, 0x73ae, 0x73ae, 0x73ae, 0x73ae, 0x7bcf, 0x73ae,
    0x738e, 0x73ae, 0x73ae, 0x738e, 0x738e, 0x73ae, 0x73ae, 0x73ae, 0x73ae, 0x73ae, 0x73ae, 0x7bcf,
    0x73ae, 0x73ae, 0x73ae, 0x73ae, 0x73ae, 0x73ae, 0x738e, 0x73ae, 0x73ae, 0x73ae, 0x738e, 0x73ae,
    0x73ae, 0x73ae, 0x73ae, 0x73ae, 0x738e, 0x738e, 0x73ae, 0x73ae, 0x73ae, 0x738e, 0x738e, 0x73ae,
    0x73ae, 0x7bcf, 0x7bef, 0x7bcf, 0x73ae, 0x738e, 0x6b4d, 0x738e, 0x73ae, 0x73ae, 0x738e, 0x73ae,
    0x73ae, 0x7bef, 0x7bcf, 0x73ae, 0x7bcf, 0x7bcf, 0x7bcf, 0x73ae, 0x73ae, 0x73ae, 0x73ae, 0x73ae,
    0x738e, 0x73ae, 0x73ae, 0x738e, 0x738e, 0x73ae, 0x73ae, 0x73ae, 0x73ae, 0x73ae, 0x73ae, 0x73ae,
    0x73ae, 0x73ae, 0x738e, 0x6b6d, 0x738e, 0x73ae, 0x738e, 0x738e, 0x73ae, 0x73ae, 0x73ae, 0x73ae,
    0x73ae, 0x738e, 0x52aa, 0xffff, 0xffff, 0xad75, 0x73ae, 0x73ae, 0x73ae, 0x738e, 0x738e, 0x73ae,
    0x73ae, 0x73ae, 0x738e, 0x73ae, 0x73ae, 0x73ae, 0x73ae, 0x73ae, 0x73ae, 0x738e, 0x738e, 0x738e,
    0x73ae, 0x73ae, 0x7bcf, 0x73ae, 0x73ae, 0x73ae, 0x73ae, 0x738e, 0x738e, 0x73ae, 0x73ae, 0x738e,
    0x73ae, 0x73ae, 0x73ae, 0x73ae, 0x73ae, 0x73ae, 0x73ae, 0x7bcf, 0x738e, 0x738e, 0x738e, 0x738e,
    0x73ae, 0x738e, 0x73ae, 0x73ae, 0x73ae, 0x73ae, 0x738e, 0x6b6d, 0x738e, 0x73ae, 0x73ae, 0x73ae,
    0x738e, 0x738e, 0x73ae, 0x73ae, 0x73ae, 0x738e, 0x738e, 0x73ae, 0x73ae, 0x73ae, 0x73ae, 0x73ae,
    0x73ae, 0x73ae, 0x73ae, 0x738e, 0x738e, 0x73ae, 0x73ae, 0x73ae, 0x73ae, 0x73ae, 0x73ae, 0x73ae,
    0x73ae, 0x73ae, 0x738e, 0x6b6d, 0x738e, 0x73ae, 0x73ae, 0x73ae, 0x738e, 0x738e, 0x73ae, 0x738e,
    0x6b4d, 0x738e, 0x73ae, 0x7bcf, 0x73ae, 0x73ae, 0x73ae, 0x73ae, 0x73ae, 0x73ae, 0x73ae, 0x73ae,
    0x73ae, 0x73ae, 0x73ae, 0x73ae, 0x73ae, 0x738e, 0x6b6d, 0x738e, 0x6b6d, 0x738e, 0x73ae, 0x73ae,
    0x73ae, 0x73ae, 0x73ae, 0x73ae, 0x7bcf, 0x73ae, 0x73ae, 0x7bcf, 0x73ae, 0x73ae, 0x73ae, 0x73ae,
    0x73ae, 0x738e, 0x73ae, 0x738e, 0x6b6d, 0x738e, 0x6b4d, 0x738e, 0x73ae, 0x73ae, 0x73ae, 0x73ae,
    0x73ae, 0x7bcf, 0x73ae, 0x73ae, 0x73ae, 0x738e, 0x738e, 0x738e, 0x738e, 0x73ae, 0x7bef, 0x73ae,
    0x73ae, 0x73ae, 0x73ae, 0x73ae, 0x73ae, 0x73ae, 0x738e, 0x73ae, 0x73ae, 0x738e, 0x73ae, 0x738e,
    0x738e, 0x738e, 0x738e, 0x738e, 0x738e, 0x73ae, 0x738e, 0x73ae, 0x738e, 0x73ae, 0x73ae, 0x73ae,
    0x738e, 0x73ae, 0x73ae, 0x7bef, 0x73ae, 0x73ae, 0x7bcf, 0x73ae, 0x73ae, 0x73ae, 0x738e, 0x6b4d,
    0x6b6d, 0x73ae, 0x73ae, 0x738e, 0x738e, 0x738e, 0x738e, 0x6b4d, 0x6b6d, 0x73ae, 0x5aeb, 0xffff,
    0xffff, 0xad75, 0x7bcf, 0x7bcf, 0x73ae, 0x73ae, 0x73ae, 0x738e, 0x73ae, 0x73ae, 0x73ae, 0x73ae,
    0x73ae, 0x73ae, 0x7bcf, 0x7bcf, 0x73ae, 0x73ae, 0x73ae, 0x73ae, 0x73ae, 0x73ae, 0x73ae, 0x73ae,
    0x73ae, 0x73ae, 0x73ae, 0x73ae, 0x73ae, 0x73ae, 0x738e, 0x73ae, 0x73ae, 0x738e, 0x73ae, 0x73ae,
    0x73ae, 0x73ae, 0x738e, 0x6b4d, 0x738e, 0x73ae, 0x73ae, 0x73ae, 0x73ae, 0x73ae, 0x73ae, 0x73ae,
    0x73ae, 0x738e, 0x73ae, 0x73ae, 0x73ae, 0x73ae, 0x73ae, 0x738e, 0x73ae, 0x73ae, 0x73ae, 0x73ae,
    0x73ae, 0x738e, 0x738e, 0x738e, 0x73ae, 0x73ae, 0x73ae, 0x73ae, 0x73ae, 0x73ae, 0x7bcf, 0x73ae,
    0x738e, 0x738e, 0x738e, 0x7bcf, 0x73ae, 0x73ae, 0x73ae, 0x738e, 0x6b6d, 0x73ae, 0x7bcf, 0x73ae,
    0x73ae, 0x73ae, 0x73ae, 0x73ae, 0x7bcf, 0x73ae, 0x73ae, 0x73ae, 0x73ae, 0x73ae, 0x73ae, 0x73ae,
    0x73ae, 0x738e, 0x73ae, 0x738e, 0x6b6d, 0x73ae, 0x7bef, 0x7bcf, 0x73ae, 0x73ae, 0x73ae, 0x73ae,
    0x7bef, 0x7bcf, 0x7bcf, 0x73ae, 0x73ae, 0x738e, 0x6b6d, 0x738e, 0x6b6d, 0x6b6d, 0x738e, 0x73ae,
    0x73ae, 0x7bcf, 0x73ae, 0x73ae, 0x73ae, 0x73ae, 0x7bcf, 0x7bcf, 0x73ae, 0x738e, 0x738e, 0x738e,
    0x73ae, 0x73ae, 0x738e, 0x738e, 0x73ae, 0x73ae, 0x738e, 0x73ae, 0x73ae, 0x73ae, 0x73ae, 0x73ae,
    0x738e, 0x738e, 0x73ae, 0x738e, 0x738e, 0x738e, 0x73ae, 0x73ae, 0x73ae, 0x73ae, 0x738e, 0x73ae,
    0x73ae, 0x73ae, 0x73ae, 0x73ae, 0x738e, 0x73ae, 0x73ae, 0x7bef, 0x7bef, 0x73ae, 0x73ae, 0x73ae,
    0x738e, 0x738e, 0x73ae, 0x73ae, 0x73ae, 0x73ae, 0x73ae, 0x7bcf, 0x73ae, 0x73ae, 0x73ae, 0x738e,
    0x73ae, 0x73ae, 0x73ae, 0x6b6d, 0x738e, 0x738e, 0x738e, 0x73ae, 0x738e, 0x738e, 0x738e, 0x73ae,
    0x73ae, 0x738e, 0x73ae, 0x7bef, 0x73ae, 0x73ae, 0x5aeb, 0xffff, 0xffff, 0xad75, 0x73ae, 0x73ae,
    0x73ae, 0x73ae, 0x73ae, 0x73ae, 0x73ae, 0x73ae, 0x73ae, 0x73ae, 0x738e, 0x6b6d, 0x738e, 0x73ae,
    0x73ae, 0x73ae, 0x738e, 0x73ae, 0x73ae, 0x7bcf, 0x73ae, 0x73ae, 0x738e, 0x73ae, 0x73ae, 0x7bef,
    0x7bcf, 0x73ae, 0x738e, 0x73ae, 0x73ae, 0x73ae, 0x73ae, 0x738e, 0x6b6d, 0x738e, 0x73ae, 0x73ae,
    0x73ae, 0x738e, 0x73ae, 0x73ae, 0x7bcf, 0x73ae, 0x7bcf, 0x73ae, 0x73ae, 0x73ae, 0x73ae, 0x738e,
    0x738e, 0x738e, 0x73ae, 0x73ae, 0x73ae, 0x7bcf, 0x73ae, 0x73ae, 0x73ae, 0x73ae, 0x7bcf, 0x73ae,
    0x73ae, 0x73ae, 0x73ae, 0x73ae, 0x73ae, 0x73ae, 0x738e, 0x73ae, 0x73ae, 0x73ae, 0x73ae, 0x73ae,
    0x73ae, 0x738e, 0x73ae, 0x73ae, 0x738e, 0x738e, 0x73ae, 0x7bcf, 0x73ae, 0x73ae, 0x73ae, 0x73ae,
    0x738e, 0x738e, 0x73ae, 0x738e, 0x73ae, 0x73ae, 0x73ae, 0x73ae, 0x73ae, 0x73ae, 0x738e, 0x73ae,
    0x73ae, 0x6b6d, 0x738e, 0x6b6d, 0x738e, 0x73ae, 0x73ae, 0x73ae, 0x73ae, 0x73ae, 0x738e, 0x73ae,
    0x73ae, 0x7bcf, 0x73ae, 0x73ae, 0x73ae, 0x73ae, 0x73ae, 0x73ae, 0x73ae, 0x73ae, 0x73ae, 0x73ae,
    0x73ae, 0x73ae, 0x738e, 0x738e, 0x738e, 0x6b4d, 0x6b6d, 0x7bcf, 0x73ae, 0x73ae, 0x73ae, 0x73ae,
    0x73ae, 0x73ae, 0x73ae, 0x73ae, 0x738e, 0x73ae, 0x73ae, 0x73ae, 0x73ae, 0x738e, 0x73ae, 0x738e,
    0x738e, 0x73ae, 0x7bcf, 0x73ae, 0x73ae, 0x73ae, 0x7bef, 0x73ae, 0x738e, 0x73ae, 0x73ae, 0x73ae,
    0x73ae, 0x73ae, 0x7bcf, 0x73ae, 0x738e, 0x73ae, 0x73ae, 0x73ae, 0x73ae, 0x73ae, 0x738e, 0x738e,
    0x6b6d, 0x738e, 0x73ae, 0x738e, 0x738e, 0x738e, 0x738e, 0x73ae, 0x73ae, 0x738e, 0x738e, 0x738e,
    0x7bcf, 0x7bcf, 0x73ae, 0x73ae, 0x738e, 0x73ae, 0x73ae, 0x7bef, 0x7bcf, 0x73ae, 0x73ae, 0x73ae,
    0x73ae, 0x7bcf, 0x5aeb, 0xffff, 0xffff, 0xad75, 0x73ae, 0x738e, 0x738e, 0x73ae, 0x73ae, 0x738e,
    0x6b4d, 0x738e, 0x73ae, 0x7bcf, 0x73ae, 0x738e, 0x738e, 0x73ae, 0x8410, 0x73ae, 0x73ae, 0x738e,
    0x6b6d, 0x73ae, 0x7bcf, 0x73ae, 0x738e, 0x73ae, 0x7bcf, 0x73ae, 0x7bcf, 0x73ae, 0x73ae, 0x738e,
    0x6b6d, 0x738e, 0x738e, 0x738e, 0x73ae, 0x6b6d, 0x738e, 0x73ae, 0x738e, 0x738e, 0x738e, 0x73ae,
    0x73ae, 0x73ae, 0x73ae, 0x6b6d, 0x6b4d, 0x738e, 0x7bcf, 0x73ae, 0x738e, 0x738e, 0x73ae, 0x7bcf,
    0x7bcf, 0x73ae, 0x73ae, 0x73ae, 0x73ae, 0x73ae, 0x73ae, 0x73ae, 0x7bcf, 0x73ae, 0x73ae, 0x73ae,
    0x73ae, 0x73ae, 0x73ae, 0x73ae, 0x73ae, 0x7bcf, 0x73ae, 0x738e, 0x738e, 0x738e, 0x73ae, 0x73ae,
    0x7bcf, 0x73ae, 0x738e, 0x738e, 0x73ae, 0x73ae, 0x73ae, 0x73ae, 0x7bcf, 0x7bcf, 0x73ae, 0x73ae,
    0x73ae, 0x73ae, 0x73ae, 0x73ae, 0x73ae, 0x73ae, 0x7bcf, 0x73ae, 0x73ae, 0x73ae, 0x73ae, 0x738e,
    0x73ae, 0x73ae, 0x73ae, 0x73ae, 0x7bcf, 0x73ae, 0x73ae, 0x7bcf, 0x7bcf, 0x73ae, 0x73ae, 0x738e,
    0x73ae, 0x73ae, 0x73ae, 0x73ae, 0x738e, 0x6b6d, 0x738e, 0x73ae, 0x73ae, 0x73ae, 0x7bcf, 0x73ae,
    0x73ae, 0x73ae, 0x73ae, 0x73ae, 0x73ae, 0x73ae, 0x738e, 0x73ae, 0x73ae, 0x73ae, 0x73ae, 0x73ae,
    0x73ae, 0x73ae, 0x73ae, 0x73ae, 0x73ae, 0x7bef, 0x7bcf, 0x7bcf, 0x73ae, 0x738e, 0x73ae, 0x73ae,
    0x73ae, 0x73ae, 0x73ae, 0x73ae, 0x73ae, 0x73ae, 0x738e, 0x738e, 0x73ae, 0x73ae, 0x738e, 0x738e,
    0x73ae, 0x73ae, 0x73ae, 0x73ae, 0x73ae, 0x738e, 0x73ae, 0x73ae, 0x738e, 0x738e, 0x738e, 0x738e,
    0x738e, 0x73ae, 0x73ae, 0x73ae, 0x73ae, 0x738e, 0x7bcf, 0x73ae, 0x73ae, 0x73ae, 0x738e, 0x738e,
    0x738e, 0x738e, 0x73ae, 0x73ae, 0x73ae, 0x73ae, 0x73ae, 0x73ae, 0x7bcf, 0x73ae, 0x5aeb, 0xffff,
    0xffff, 0x7bcf, 0x5aeb, 0x5aeb, 0x5acb, 0x52aa, 0x5aeb, 0x5aeb, 0x5acb, 0x5acb, 0x5acb, 0x5acb,
    0x528a, 0x5acb, 0x5aeb, 0x5aeb, 0x5aeb, 0x5aeb, 0x5aeb, 0x5aeb, 0x5aeb, 0x5aeb, 0x5aeb, 0x5aeb,
    0x630c, 0x630c, 0x52aa, 0x5acb, 0x5aeb, 0x5aeb, 0x5acb, 0x52aa, 0x52aa, 0x52aa, 0x5acb, 0x630c,
    0x632c, 0x630c, 0x5aeb, 0x5aeb, 0x5aeb, 0x5aeb, 0x5aeb, 0x5aeb, 0x5acb, 0x5aeb, 0x5aeb, 0x5aeb,
    0x5aeb, 0x5acb, 0x52aa, 0x5acb, 0x5acb, 0x5aeb, 0x5aeb, 0x5aeb, 0x5aeb, 0x5acb, 0x5acb, 0x5aeb,
    0x5aeb, 0x5aeb, 0x5acb, 0x52aa, 0x5acb, 0x5aeb, 0x630c, 0x5aeb, 0x5aeb, 0x5acb, 0x5aeb, 0x630c,
    0x5aeb, 0x5aeb, 0x5aeb, 0x5aeb, 0x5acb, 0x5acb, 0x5acb, 0x5aeb, 0x630c, 0x5acb, 0x5aeb, 0x5aeb,
    0x5aeb, 0x5acb, 0x52aa, 0x5acb, 0x5aeb, 0x630c, 0x52aa, 0x52aa, 0x5acb, 0x5aeb, 0x5aeb, 0x630c,
    0x5aeb, 0x5aeb, 0x5acb, 0x52aa, 0x5aeb, 0x5aeb, 0x5aeb, 0x5aeb, 0x5aeb, 0x5aeb, 0x5aeb, 0x5aeb,
    0x5aeb, 0x5aeb, 0x5acb, 0x52aa, 0x52aa, 0x5aeb, 0x630c, 0x5aeb, 0x5aeb, 0x630c, 0x5aeb, 0x5aeb,
    0x5acb, 0x5acb, 0x5aeb, 0x5aeb, 0x5acb, 0x630c, 0x630c, 0x630c, 0x5aeb, 0x5aeb, 0x5aeb, 0x5aeb,
    0x5acb, 0x5acb, 0x52aa, 0x5acb, 0x5aeb, 0x630c, 0x5aeb, 0x5acb, 0x52aa, 0x5acb, 0x5aeb, 0x5aeb,
    0x5aeb, 0x5aeb, 0x5aeb, 0x5aeb, 0x5acb, 0x52aa, 0x5acb, 0x5aeb, 0x632c, 0x630c, 0x5aeb, 0x5acb,
    0x5acb, 0x5acb, 0x5aeb, 0x5acb, 0x52aa, 0x5acb, 0x5acb, 0x5acb, 0x5acb, 0x5acb, 0x5aeb, 0x5aeb,
    0x5aeb, 0x5acb, 0x5acb, 0x52aa, 0x5acb, 0x5aeb, 0x5aeb, 0x5aeb, 0x5aeb, 0x5aeb, 0x5aeb, 0x5aeb,
    0x5aeb, 0x5aeb, 0x5acb, 0x5acb, 0x5aeb, 0x5aeb, 0x5aeb, 0x630c, 0x630c, 0x5aeb, 0x5aeb, 0x5aeb,
    0x5aeb, 0x5aeb, 0x5aeb, 0x5aeb, 0x5aeb, 0x5aeb, 0x5aeb, 0xffff, 0xffff, 0x738e, 0x5aeb, 0x5aeb,
    0x630c, 0x632c, 0x5aeb, 0x5aeb, 0x5acb, 0x5acb, 0x5acb, 0x5acb, 0x5aeb, 0x5aeb, 0x5acb, 0x5aeb,
    0x5aeb, 0x5aeb, 0x5aeb, 0x5aeb, 0x5aeb, 0x5aeb, 0x5acb, 0x52aa, 0x5acb, 0x630c, 0x5aeb, 0x52aa,
    0x5acb, 0x5aeb, 0x5aeb, 0x5acb, 0x5aeb, 0x5aeb, 0x5aeb, 0x630c, 0x5acb, 0x52aa, 0x52aa, 0x5acb,
    0x5aeb, 0x5aeb, 0x5aeb, 0x5aeb, 0x5aeb, 0x5aeb, 0x5aeb, 0x5aeb, 0x5aeb, 0x5acb, 0x52aa, 0x5aeb,
    0x5aeb, 0x5aeb, 0x5aeb, 0x5aeb, 0x5aeb, 0x5acb, 0x52aa, 0x5aeb, 0x5acb, 0x528a, 0x5acb, 0x5acb,
    0x52aa, 0x52aa, 0x5aeb, 0x5acb, 0x52aa, 0x5acb, 0x5aeb, 0x5aeb, 0x5aeb, 0x630c, 0x5aeb, 0x5aeb,
    0x5acb, 0x5aeb, 0x5aeb, 0x5aeb, 0x5aeb, 0x5aeb, 0x5aeb, 0x5aeb, 0x5aeb, 0x5aeb, 0x5acb, 0x5aeb,
    0x52aa, 0x5acb, 0x5aeb, 0x5acb, 0x52aa, 0x5acb, 0x52aa, 0x5acb, 0x5aeb, 0x5acb, 0x528a, 0x5aeb,
    0x5aeb, 0x5aeb, 0x5aeb, 0x5aeb, 0x5aeb, 0x5aeb, 0x5aeb, 0x5aeb, 0x5acb, 0x5aeb, 0x630c, 0x5aeb,
    0x5acb, 0x5aeb, 0x5acb, 0x52aa, 0x5acb, 0x5aeb, 0x5acb, 0x5aeb, 0x5aeb, 0x5aeb, 0x5aeb, 0x5aeb,
    0x5aeb, 0x5aeb, 0x5aeb, 0x5aeb, 0x5aeb, 0x5aeb, 0x5aeb, 0x630c, 0x5aeb, 0x5aeb, 0x5aeb, 0x5aeb,
    0x5acb, 0x52aa, 0x5acb, 0x5acb, 0x5acb, 0x630c, 0x5aeb, 0x5aeb, 0x5aeb, 0x52aa, 0x5acb, 0x5aeb,
    0x5aeb, 0x5aeb, 0x630c, 0x5aeb, 0x630c, 0x5aeb, 0x5aeb, 0x5aeb, 0x5aeb, 0x5aeb, 0x630c, 0x5aeb,
    0x5acb, 0x52aa, 0x5aeb, 0x630c, 0x5aeb, 0x5aeb, 0x5acb, 0x52aa, 0x52aa, 0x5aeb, 0x5aeb, 0x5aeb,
    0x5aeb, 0x52aa, 0x5acb, 0x52aa, 0x52aa, 0x5acb, 0x5aeb, 0x5aeb, 0x5aeb, 0x5aeb, 0x5aeb, 0x5aeb,
    0x5aeb, 0x5acb, 0x5acb, 0x5acb, 0x5aeb, 0x5aeb, 0x5aeb, 0x5aeb, 0x5aeb, 0x5aeb, 0x5aeb, 0x5aeb,
    0x5aeb, 0x5aeb, 0x52aa, 0xffff, 0xffff, 0xffff, 0xffff, 0xffff, 0xffff, 0xffff, 0xffff, 0xffff,
    0xffff, 0xffff, 0xffff, 0xffff, 0xffff, 0xffff, 0xffff, 0xffff, 0xffff, 0xffff, 0xffff, 0xffff,
    0xffff, 0xffff, 0xffff, 0xffff, 0xffff, 0xffff, 0xffff, 0xffff, 0xffff, 0xffff, 0xffff, 0xffff,
    0xffff, 0xffff, 0xffff, 0xffff, 0xffff, 0xffff, 0xffff, 0xffff, 0xffff, 0xffff, 0xffff, 0xffff,
    0xffff, 0xffff, 0xffff, 0xffff, 0xffff, 0xffff, 0xffff, 0xffff, 0xffff, 0xffff, 0xffff, 0xffff,
    0xffff, 0xffff, 0xffff, 0xffff, 0xffff, 0xffff, 0xffff, 0xffff, 0xffff, 0xffff, 0xffff, 0xffff,
    0xffff, 0xffff, 0xffff, 0xffff, 0xffff, 0xffff, 0xffff, 0xffff, 0xffff, 0xffff, 0xffff, 0xffff,
    0xffff, 0xffff, 0xffff, 0xffff, 0xffff, 0xffff, 0xffff, 0xffff, 0xffff, 0xffff, 0xffff, 0xffff,
    0xffff, 0xffff, 0xffff, 0xffff, 0xffff, 0xffff, 0xffff, 0xffff, 0xffff, 0xffff, 0xffff, 0xffff,
    0xffff, 0xffff, 0xffff, 0xffff, 0xffff, 0xffff, 0xffff, 0xffff, 0xffff, 0xffff, 0xffff, 0xffff,
    0xffff, 0xffff, 0xffff, 0xffff, 0xffff, 0xffff, 0xffff, 0xffff, 0xffff, 0xffff, 0xffff, 0xffff,
    0xffff, 0xffff, 0xffff, 0xffff, 0xffff, 0xffff, 0xffff, 0xffff, 0xffff, 0xffff, 0xffff, 0xffff,
    0xffff, 0xffff, 0xffff, 0xffff, 0xffff, 0xffff, 0xffff, 0xffff, 0xffff, 0xffff, 0xffff, 0xffff,
    0xffff, 0xffff, 0xffff, 0xffff, 0xffff, 0xffff, 0xffff, 0xffff, 0xffff, 0xffff, 0xffff, 0xffff,
    0xffff, 0xffff, 0xffff, 0xffff, 0xffff, 0xffff, 0xffff, 0xffff, 0xffff, 0xffff, 0xffff, 0xffff,
    0xffff, 0xffff, 0xffff, 0xffff, 0xffff, 0xffff, 0xffff, 0xffff, 0xffff, 0xffff, 0xffff, 0xffff,
    0xffff, 0xffff, 0xffff, 0xffff, 0xffff, 0xffff, 0xffff, 0xffff, 0xffff, 0xffff, 0xffff, 0xffff
};

static TEXTURE menu_button{
    200, 60,
    false, 0,
    menu_button_data
};
