// Generated from the Minecraft 1.17.1 block textures -- do not edit by hand.
// Regenerate: python3 tools/textures/gen_block_textures.py
COLOR texdata_terrain3[] = {
    0x94b2, 0xc618, 0x9492, 0x8430, 0x8430, 0x8c71, 0x7bef, 0x8c71, 0x9cf3, 0x94b2, 0x8c51, 0x8430, 0x8c51, 0xa534, 0x738e, 0x8c71,
    0x8c71, 0x8c71, 0x8c71, 0x8c71, 0x7bef, 0x73ae, 0x73ae, 0x7bef, 0x73ae, 0x6b4d, 0x73ae, 0x73ae, 0x7bef, 0x7bef, 0x7bef, 0x7bef,
    0xbc2b, 0x9369, 0x9369, 0x7aa7, 0x7aa7, 0xbc2b, 0x9369, 0x9369, 0x7aa7, 0x7aa7, 0x59e5, 0x7aa7, 0x7aa7, 0xbc2b, 0x7aa7, 0xbc2b,
    0x75a9, 0x75a9, 0x7589, 0x6527, 0x6527, 0x6d68, 0x5ce6, 0x6d68, 0x7dea, 0x75a9, 0x6d48, 0x6527, 0x6d47, 0x6506, 0x5484, 0x6d68,
    0xbcab, 0xac6a, 0xbcab, 0xc4ec, 0xc4ec, 0xc4ec, 0xc4ec, 0xc4ec, 0xbcab, 0xc4ec, 0xc4ec, 0xc4ec, 0xc4ec, 0xc4ec, 0xbcab, 0x93a8,
    0x0000, 0x0000, 0x0000, 0x0000, 0x0000, 0x0000, 0x0000, 0x0000, 0x0000, 0x0000, 0x0000, 0x0000, 0x0000, 0x0000, 0x0000, 0x0000,
    0x0000, 0x0000, 0x0000, 0x0000, 0x0000, 0x0000, 0x0000, 0x0000, 0x0000, 0x0000, 0x0000, 0x0000, 0x0000, 0x0000, 0x0000, 0x0000,
    0xb309, 0xb309, 0x9aa8, 0x8b6c, 0xc34a, 0xc34a, 0xc34a, 0xb309, 0xb309, 0xb309, 0x9aa8, 0xa42f, 0xc34a, 0xb309, 0xb309, 0xb309,
    0xea03, 0xea03, 0xd963, 0xb0a4, 0xea03, 0xea03, 0xd963, 0xb0a4, 0xea03, 0xea03, 0xd963, 0xb0a4, 0xea03, 0xea03, 0xd963, 0xb0a4,
    0xd963, 0xea03, 0xea03, 0xd963, 0xd963, 0xea03, 0xea03, 0xd963, 0xd963, 0xea03, 0xea03, 0xd963, 0xd963, 0xea03, 0xea03, 0xd963,
    0xb0a4, 0xd963, 0xd963, 0xb0a4, 0xb0a4, 0xd963, 0xd963, 0xb0a4, 0xb0a4, 0xd963, 0xd963, 0xb0a4, 0xb0a4, 0xd963, 0xd963, 0xb0a4,
    0xc67a, 0x0000, 0x0000, 0x0000, 0x0000, 0x0000, 0x0000, 0x0000, 0xffff, 0x0000, 0x0000, 0x0000, 0x0000, 0x0000, 0x0000, 0xc67a,
    0x0000, 0x0000, 0x0000, 0x0000, 0x0000, 0x0000, 0x0000, 0x0000, 0x0000, 0x0000, 0x0000, 0x0000, 0x0000, 0x0000, 0x0000, 0x0000,
    0x0000, 0x0000, 0x0000, 0x0000, 0x0000, 0x0000, 0x0000, 0x0000, 0x0000, 0x0000, 0x0000, 0x0000, 0x0000, 0x0000, 0x0000, 0x0000,
    0x0000, 0x0000, 0x0000, 0x0000, 0x0000, 0x0000, 0x0000, 0x0000, 0x0000, 0x0000, 0x0000, 0x0000, 0x0000, 0x0000, 0x0000, 0x0000,
    0x0000, 0x0000, 0x0000, 0x0000, 0x0000, 0x0000, 0x0000, 0x0000, 0x0000, 0x0000, 0x0000, 0x0000, 0x0000, 0x0000, 0x0000, 0x0000,
    0x94b2, 0x8c71, 0xa514, 0x94b2, 0x9cd3, 0x8410, 0x9cd3, 0x8410, 0x7bef, 0xad55, 0xa534, 0x9492, 0xc618, 0x8c71, 0x8430, 0x8c51,
    0x7bef, 0x7bef, 0x73ae, 0x7bef, 0x73ae, 0x7bef, 0x7bef, 0x7bef, 0x7bef, 0x7bef, 0x7bef, 0x6b4d, 0x6b4d, 0x73ae, 0x7bef, 0x73ae,
    0x7aa7, 0x9369, 0x59e5, 0x7aa7, 0x7aa7, 0x9369, 0x8430, 0x59e5, 0x7aa7, 0xbc2b, 0x9369, 0x7aa7, 0xbc2b, 0x9369, 0x59e5, 0x59e5,
    0x75a9, 0x6d68, 0x8dcb, 0x858a, 0x858a, 0x59e5, 0x6d47, 0x6507, 0x5ce6, 0x960c, 0x95ec, 0x7589, 0x6506, 0x6d68, 0x6527, 0x6d48,
    0xbcab, 0xbcab, 0xac6a, 0xac6a, 0x93a8, 0x9c29, 0xac6a, 0xbcab, 0xbcab, 0xbcab, 0xac6a, 0xac6a, 0xbcab, 0xbcab, 0x9c29, 0x9c29,
    0x0000, 0x0000, 0x0000, 0x0000, 0x0000, 0x0000, 0x0000, 0x0000, 0x0000, 0x0000, 0x0000, 0x0000, 0x0000, 0x0000, 0x0000, 0x0000,
    0x0000, 0x0000, 0x0000, 0x0000, 0x0000, 0x0000, 0x0000, 0x0000, 0x0000, 0x0000, 0x0000, 0x0000, 0x0000, 0x0000, 0x0000, 0x0000,
    0x9aa8, 0x9aa8, 0x8a87, 0xa42f, 0x7a26, 0x8a87, 0x9aa8, 0x9aa8, 0x9aa8, 0x9aa8, 0x8a87, 0xa42f, 0x7a26, 0x9aa8, 0x9aa8, 0x9aa8,
    0xd963, 0xd963, 0xb0a4, 0x9162, 0xd963, 0xd963, 0xb0a4, 0x9162, 0xd963, 0xd963, 0xb0a4, 0x9162, 0xd963, 0xd963, 0xb0a4, 0x9162,
    0xea03, 0x8c71, 0x8c71, 0xb0a4, 0xea03, 0x8c71, 0x8c71, 0xb0a4, 0xea03, 0x8c71, 0x8c71, 0xb0a4, 0xea03, 0x8c71, 0x8c71, 0xb0a4,
    0xd963, 0x8c71, 0x8c71, 0x9162, 0xd963, 0x8c71, 0x8c71, 0x9162, 0xd963, 0x8c71, 0x8c71, 0x9162, 0xd963, 0x8c71, 0x8c71, 0x9162,
    0x0000, 0xffff, 0x0000, 0x0000, 0x0000, 0x0000, 0xc67a, 0xe75d, 0xffff, 0xe75d, 0xc67a, 0x0000, 0x0000, 0x0000, 0xffff, 0x0000,
    0x0000, 0x0000, 0x0000, 0x0000, 0x0000, 0x0000, 0x0000, 0x0000, 0x0000, 0x0000, 0x0000, 0x0000, 0x0000, 0x0000, 0x0000, 0x0000,
    0x0000, 0x0000, 0x0000, 0x0000, 0x0000, 0x0000, 0x0000, 0x0000, 0x0000, 0x0000, 0x0000, 0x0000, 0x0000, 0x0000, 0x0000, 0x0000,
    0x0000, 0x0000, 0x0000, 0x0000, 0x0000, 0x0000, 0x0000, 0x0000, 0x0000, 0x0000, 0x0000, 0x0000, 0x0000, 0x0000, 0x0000, 0x0000,
    0x0000, 0x0000, 0x0000, 0x0000, 0x0000, 0x0000, 0x0000, 0x0000, 0x0000, 0x0000, 0x0000, 0x0000, 0x0000, 0x0000, 0x0000, 0x0000,
    0xa514, 0x8c71, 0x7bef, 0x8430, 0x8c51, 0x8c51, 0x9492, 0x9492, 0x94b2, 0x9cf3, 0xad55, 0xad75, 0x8430, 0x73ae, 0x8410, 0xb5b6,
    0x7bef, 0x73ae, 0x6b4d, 0x6b4d, 0x73ae, 0x73ae, 0x73ae, 0x6b4d, 0x73ae, 0x73ae, 0x73ae, 0x7bef, 0x7bef, 0x7bef, 0x7bef, 0x7bef,
    0xbc2b, 0x7aa7, 0x7aa7, 0x59e5, 0xbc2b, 0x7aa7, 0x7aa7, 0x7aa7, 0xbc2b, 0x7aa7, 0x7aa7, 0x7aa7, 0x59e5, 0x59e5, 0xbc2b, 0x7aa7,
    0x8deb, 0x59e5, 0x9e4d, 0x6527, 0x6d47, 0x59e5, 0x7588, 0x59e5, 0x75a9, 0x7dea, 0x960c, 0x962c, 0x59e5, 0x54a5, 0x6506, 0x59e5,
    0xac6a, 0xbcab, 0xbcab, 0xbcab, 0xac6a, 0xbcab, 0xac6a, 0x9c29, 0x9c29, 0x9c29, 0x9c29, 0xac6a, 0xac6a, 0xbcab, 0xbcab, 0x93a8,
    0x0000, 0x0000, 0x0000, 0x0000, 0x0000, 0x0000, 0x0000, 0x0000, 0x0000, 0x0000, 0x0000, 0x0000, 0x0000, 0x0000, 0x0000, 0x0000,
    0x0000, 0x0000, 0x0000, 0x0000, 0x0000, 0x0000, 0x0000, 0x0000, 0x0000, 0x0000, 0x0000, 0x0000, 0x0000, 0x0000, 0x0000, 0x0000,
    0x7a26, 0x71e6, 0x71e6, 0xacb1, 0x71e6, 0x71e6, 0x8a87, 0x8a87, 0x7a26, 0x71e6, 0x71e6, 0xa42f, 0x71e6, 0x8a87, 0x7a26, 0x7a26,
    0xd963, 0xd963, 0xb0a4, 0x9162, 0xd963, 0xd963, 0xb0a4, 0x9162, 0xd963, 0xd963, 0xb0a4, 0x9162, 0xd963, 0xd963, 0xb0a4, 0x9162,
    0xea03, 0x8c71, 0x52aa, 0x9162, 0xea03, 0x8c71, 0x52aa, 0x1083, 0x1083, 0x52aa, 0x8c71, 0x9162, 0x1083, 0x1083, 0x8c71, 0x9162,
    0xd963, 0x8c71, 0x8c71, 0x9162, 0xd963, 0x8c71, 0x8c71, 0x9162, 0xd963, 0x8c71, 0x8c71, 0x9162, 0xd963, 0x8c71, 0x8c71, 0x9162,
    0x0000, 0x0000, 0xe75d, 0xc67a, 0xffff, 0xc67a, 0x0000, 0x0000, 0xffff, 0x0000, 0x0000, 0xffff, 0x0000, 0xffff, 0x0000, 0x0000,
    0x0000, 0x0000, 0x0000, 0x0000, 0x0000, 0x0000, 0x0000, 0x0000, 0x0000, 0x0000, 0x0000, 0x0000, 0x0000, 0x0000, 0x0000, 0x0000,
    0x0000, 0x0000, 0x0000, 0x0000, 0x0000, 0x0000, 0x0000, 0x0000, 0x0000, 0x0000, 0x0000, 0x0000, 0x0000, 0x0000, 0x0000, 0x0000,
    0x0000, 0x0000, 0x0000, 0x0000, 0x0000, 0x0000, 0x0000, 0x0000, 0x0000, 0x0000, 0x0000, 0x0000, 0x0000, 0x0000, 0x0000, 0x0000,
    0x0000, 0x0000, 0x0000, 0x0000, 0x0000, 0x0000, 0x0000, 0x0000, 0x0000, 0x0000, 0x0000, 0x0000, 0x0000, 0x0000, 0x0000, 0x0000,
    0x73ae, 0x8430, 0x8c51, 0x94b2, 0x9492, 0x9cd3, 0x7bef, 0x9492, 0x7bef, 0x8410, 0x8c71, 0x94b2, 0x8c71, 0x8c51, 0xa534, 0x7bef,
    0x7bef, 0x7bef, 0x8c71, 0x8c71, 0x7bef, 0x8c71, 0x7bef, 0x7bef, 0x8c71, 0x8c71, 0x7bef, 0x7bef, 0x7bef, 0x73ae, 0x73ae, 0x73ae,
    0x9369, 0x6b6d, 0xbc2b, 0x7aa7, 0x9369, 0x59e5, 0x7aa7, 0xbc2b, 0x9369, 0x9369, 0x7aa7, 0x9369, 0x7aa7, 0xbc2b, 0x9369, 0x7aa7,
    0x59e5, 0x6b6d, 0x59e5, 0x59e5, 0x7588, 0x59e5, 0x59e5, 0x59e5, 0x5ce6, 0x59e5, 0x6d68, 0x59e5, 0x7aa7, 0x59e5, 0x59e5, 0x7aa7,
    0x93a8, 0x7b06, 0x7b06, 0x93a8, 0x93a8, 0x7b06, 0x6285, 0x6285, 0x7b06, 0x7b06, 0x6285, 0x7b06, 0x6285, 0x6285, 0x7b06, 0x6285,
    0x0000, 0x0000, 0x0000, 0x0000, 0x0000, 0x0000, 0x0000, 0x0000, 0x0000, 0x0000, 0x0000, 0x0000, 0x0000, 0x0000, 0x0000, 0x0000,
    0x0000, 0x0000, 0x0000, 0x0000, 0x0000, 0x0000, 0x0000, 0x0000, 0x0000, 0x0000, 0x0000, 0x0000, 0x0000, 0x0000, 0x0000, 0x0000,
    0x8b6c, 0x8b6c, 0xa42f, 0xacb1, 0xa42f, 0x8b6c, 0x8b6c, 0x8b6c, 0x8b6c, 0xa42f, 0xa42f, 0xacb1, 0xa42f, 0x8b6c, 0x8b6c, 0x8b6c,
    0xd963, 0xd963, 0xb0a4, 0x9162, 0xd963, 0xd963, 0xb0a4, 0x9162, 0xd963, 0xd963, 0xb0a4, 0x9162, 0xd963, 0xd963, 0xb0a4, 0x9162,
    0xb0a4, 0xb0a4, 0x9162, 0x52aa, 0xb0a4, 0x1083, 0x9162, 0x9162, 0xb0a4, 0xb0a4, 0x1083, 0x1083, 0xb0a4, 0xb0a4, 0x9162, 0x9162,
    0x9162, 0x9162, 0x9162, 0x9162, 0x9162, 0x9162, 0x9162, 0x9162, 0x9162, 0x9162, 0x9162, 0x9162, 0x9162, 0x9162, 0x9162, 0x9162,
    0x0000, 0x0000, 0x0000, 0xe75d, 0x0000, 0x0000, 0x0000, 0xffff, 0xc67a, 0x0000, 0x0000, 0x0000, 0xe75d, 0x0000, 0x0000, 0x0000,
    0x0000, 0x0000, 0x0000, 0x0000, 0x0000, 0x0000, 0x0000, 0x0000, 0x0000, 0x0000, 0x0000, 0x0000, 0x0000, 0x0000, 0x0000, 0x0000,
    0x0000, 0x0000, 0x0000, 0x0000, 0x0000, 0x0000, 0x0000, 0x0000, 0x0000, 0x0000, 0x0000, 0x0000, 0x0000, 0x0000, 0x0000, 0x0000,
    0x0000, 0x0000, 0x0000, 0x0000, 0x0000, 0x0000, 0x0000, 0x0000, 0x0000, 0x0000, 0x0000, 0x0000, 0x0000, 0x0000, 0x0000, 0x0000,
    0x0000, 0x0000, 0x0000, 0x0000, 0x0000, 0x0000, 0x0000, 0x0000, 0x0000, 0x0000, 0x0000, 0x0000, 0x0000, 0x0000, 0x0000, 0x0000,
    0xa514, 0x8410, 0xad75, 0x8410, 0xad75, 0xad75, 0x8c51, 0xad75, 0xbdd7, 0x73ae, 0x8410, 0xa534, 0xad55, 0x7bef, 0x8c51, 0x8c71,
    0x73ae, 0x7bef, 0x7bef, 0x73ae, 0x73ae, 0x73ae, 0x7bef, 0x73ae, 0x7bef, 0x8c71, 0x8c71, 0x8c71, 0x8c71, 0x73ae, 0x7bef, 0x7bef,
    0x9369, 0x7aa7, 0x9369, 0xbc2b, 0x59e5, 0x9369, 0x7aa7, 0x7aa7, 0x9369, 0x59e5, 0x7aa7, 0x6b6d, 0x7aa7, 0x9369, 0x59e5, 0x7aa7,
    0x9369, 0x7aa7, 0x9369, 0xbc2b, 0x59e5, 0x9369, 0x7aa7, 0x7aa7, 0x59e5, 0x59e5, 0x59e5, 0x6b6d, 0x7aa7, 0x9369, 0x59e5, 0x7aa7,
    0xbcab, 0xc4ec, 0x9c29, 0xc4ec, 0xc4ec, 0xc4ec, 0xc4ec, 0x9c29, 0xc4ec, 0xc4ec, 0xc4ec, 0xbcab, 0xac6a, 0xac6a, 0x9c29, 0xbcab,
    0x0000, 0x0000, 0x0000, 0x0000, 0x0000, 0x0000, 0x0000, 0x0000, 0x0000, 0x0000, 0x0000, 0x0000, 0x0000, 0x0000, 0x0000, 0x0000,
    0x0000, 0x0000, 0x0000, 0x0000, 0x0000, 0x0000, 0x0000, 0x0000, 0x0000, 0x0000, 0x0000, 0x0000, 0x0000, 0x0000, 0x0000, 0x0000,
    0xc34a, 0xc34a, 0xb309, 0xb309, 0x9aa8, 0xb309, 0x9aa8, 0xa42f, 0xc34a, 0xb309, 0xb309, 0xb309, 0x9aa8, 0xb309, 0x9aa8, 0x8b6c,
    0xd963, 0xd963, 0xb0a4, 0x9162, 0xd963, 0xd963, 0xb0a4, 0x9162, 0xd963, 0xd963, 0xb0a4, 0x9162, 0xd963, 0xd963, 0xb0a4, 0x9162,
    0xd963, 0xea03, 0xea03, 0x1083, 0x1083, 0xea03, 0xea03, 0xd963, 0xd963, 0xea03, 0xea03, 0x1083, 0xd963, 0xea03, 0xea03, 0xd963,
    0xb0a4, 0xd963, 0xd963, 0xb0a4, 0xb0a4, 0xd963, 0xd963, 0xb0a4, 0xb0a4, 0xd963, 0xd963, 0xb0a4, 0xb0a4, 0xd963, 0xd963, 0xb0a4,
    0x0000, 0x0000, 0x0000, 0xc67a, 0xffff, 0x0000, 0xffff, 0xc67a, 0x0000, 0xe75d, 0x0000, 0xe75d, 0x0000, 0xffff, 0x0000, 0x0000,
    0x0000, 0x0000, 0x0000, 0x0000, 0x0000, 0x0000, 0x0000, 0x0000, 0x0000, 0x0000, 0x0000, 0x0000, 0x0000, 0x0000, 0x0000, 0x0000,
    0x0000, 0x0000, 0x0000, 0x0000, 0x0000, 0x0000, 0x0000, 0x0000, 0x0000, 0x0000, 0x0000, 0x0000, 0x0000, 0x0000, 0x0000, 0x0000,
    0x0000, 0x0000, 0x0000, 0x0000, 0x0000, 0x0000, 0x0000, 0x0000, 0x0000, 0x0000, 0x0000, 0x0000, 0x0000, 0x0000, 0x0000, 0x0000,
    0x0000, 0x0000, 0x0000, 0x0000, 0x0000, 0x0000, 0x0000, 0x0000, 0x0000, 0x0000, 0x0000, 0x0000, 0x0000, 0x0000, 0x0000, 0x0000,
    0x9cd3, 0x9cd3, 0x7bcf, 0xa534, 0x8410, 0x94b2, 0x94b2, 0x9cd3, 0x8430, 0x94b2, 0x8c51, 0x8410, 0x7bcf, 0x8c51, 0x8c71, 0x94b2,
    0x7bef, 0x8c71, 0x7bef, 0x7bef, 0x7bef, 0x7bef, 0x7bef, 0x7bef, 0x7bef, 0x73ae, 0x73ae, 0x6b4d, 0x73ae, 0x6b4d, 0x73ae, 0x8c71,
    0x7aa7, 0x59e5, 0x9369, 0x9369, 0x7aa7, 0x9369, 0x59e5, 0x59e5, 0x59e5, 0x7aa7, 0x7aa7, 0x59e5, 0x7aa7, 0x7aa7, 0x7aa7, 0xbc2b,
    0x7aa7, 0x59e5, 0x9369, 0x9369, 0x7aa7, 0x9369, 0x59e5, 0x59e5, 0x59e5, 0x7aa7, 0x7aa7, 0x59e5, 0x7aa7, 0x7aa7, 0x7aa7, 0xbc2b,
    0xac6a, 0xbcab, 0xbcab, 0xac6a, 0x9c29, 0xac6a, 0x9c29, 0x93a8, 0x9c29, 0xac6a, 0xac6a, 0xbcab, 0xbcab, 0xbcab, 0xbcab, 0xac6a,
    0x0000, 0x0000, 0x0000, 0x0000, 0x0000, 0x0000, 0x0000, 0x0000, 0x0000, 0x0000, 0x0000, 0x0000, 0x0000, 0x0000, 0x0000, 0x0000,
    0x0000, 0x0000, 0x0000, 0x0000, 0x0000, 0x0000, 0x0000, 0x0000, 0x0000, 0x0000, 0x0000, 0x0000, 0x0000, 0x0000, 0x0000, 0x0000,
    0x7a26, 0x9aa8, 0x9aa8, 0x9aa8, 0x9aa8, 0x8a87, 0x7a26, 0xa42f, 0x7a26, 0x8a87, 0x8a87, 0x8a87, 0x8a87, 0x8a87, 0x7a26, 0xa42f,
    0xffff, 0xce79, 0xdedb, 0xdedb, 0xce79, 0xce79, 0xdedb, 0xdedb, 0xdedb, 0xce79, 0xce79, 0xdedb, 0xdedb, 0xdedb, 0xdedb, 0xffff,
    0xea03, 0x8c71, 0x8c71, 0xb0a4, 0xea03, 0x8c71, 0x1083, 0xb0a4, 0x52aa, 0x8c71, 0x52aa, 0xb0a4, 0x1083, 0x8c71, 0x8c71, 0xb0a4,
    0xd963, 0x8c71, 0x8c71, 0x9162, 0xd963, 0x8c71, 0x8c71, 0x9162, 0xd963, 0x8c71, 0x8c71, 0x9162, 0xd963, 0x8c71, 0x8c71, 0x9162,
    0x0000, 0x0000, 0xc67a, 0x0000, 0x0000, 0xe75d, 0x0000, 0xffff, 0x0000, 0x0000, 0xe75d, 0x0000, 0x0000, 0x0000, 0xe75d, 0x0000,
    0x0000, 0x0000, 0x0000, 0x0000, 0x0000, 0x0000, 0x0000, 0x0000, 0xe985, 0x9903, 0x0000, 0x0000, 0x0000, 0x0000, 0x0000, 0x0000,
    0x0000, 0x0000, 0x0000, 0x0000, 0x0000, 0x0000, 0x0000, 0x0000, 0x0000, 0x0000, 0x0000, 0x0000, 0x0000, 0x0000, 0x0000, 0x0000,
    0x0000, 0x0000, 0x0000, 0x0000, 0x0000, 0x0000, 0x0000, 0x0000, 0x0000, 0x0000, 0x0000, 0x0000, 0x0000, 0x0000, 0x0000, 0x0000,
    0x0000, 0x0000, 0x0000, 0x0000, 0x0000, 0x0000, 0x0000, 0x0000, 0x0000, 0x0000, 0x0000, 0x0000, 0x0000, 0x0000, 0x0000, 0x0000,
    0x7bef, 0x9cf3, 0xa534, 0x9492, 0x9492, 0x8410, 0x8c51, 0x7bef, 0x8430, 0x8430, 0xb5b6, 0xad75, 0x9492, 0xa534, 0x94b2, 0x8c71,
    0x73ae, 0x7bef, 0x7bef, 0x8c71, 0x8c71, 0x8c71, 0x73ae, 0x8c71, 0x8c71, 0x73ae, 0x73ae, 0x73ae, 0x7bef, 0x7bef, 0x7bef, 0x7bef,
    0xbc2b, 0x7aa7, 0x7aa7, 0x7aa7, 0x8430, 0x7aa7, 0x7aa7, 0xbc2b, 0xbc2b, 0x7aa7, 0xbc2b, 0xbc2b, 0x7aa7, 0x9369, 0x7aa7, 0x9369,
    0xbc2b, 0x7aa7, 0x7aa7, 0x7aa7, 0x8430, 0x7aa7, 0x7aa7, 0xbc2b, 0xbc2b, 0x7aa7, 0xbc2b, 0xbc2b, 0x7aa7, 0x9369, 0x7aa7, 0x9369,
    0x9c29, 0x9c29, 0xac6a, 0xbcab, 0xac6a, 0xac6a, 0xac6a, 0x93a8, 0xbcab, 0xbcab, 0xbcab, 0xac6a, 0xac6a, 0x9c29, 0x9c29, 0x9c29,
    0x0000, 0x0000, 0x0000, 0x0000, 0x0000, 0x0000, 0x0000, 0x0000, 0x0000, 0x0000, 0x0000, 0x0000, 0x0000, 0x0000, 0x0000, 0x0000,
    0x0000, 0x0000, 0x0000, 0x0000, 0x0000, 0x0000, 0x0000, 0x0000, 0x0000, 0x0000, 0x0000, 0x0000, 0x0000, 0x0000, 0x0000, 0x0000,
    0x7a26, 0x8a87, 0x9aa8, 0x7a26, 0x7a26, 0x7a26, 0x71e6, 0xacb1, 0x71e6, 0x71e6, 0x7a26, 0x8a87, 0x8a87, 0x7a26, 0x71e6, 0xa42f,
    0xffff, 0xdedb, 0x31aa, 0x31aa, 0x18c7, 0xdedb, 0x31aa, 0xce79, 0xce79, 0x18c7, 0xdedb, 0x31aa, 0x31aa, 0x18c7, 0xce79, 0xffff,
    0xea03, 0x8c71, 0x52aa, 0x52aa, 0x52aa, 0x8c71, 0x1083, 0x1083, 0x1083, 0x1083, 0x8c71, 0x9162, 0x52aa, 0x1083, 0x8c71, 0x9162,
    0xd963, 0x8c71, 0x8c71, 0x9162, 0xd963, 0x8c71, 0x8c71, 0x9162, 0xd963, 0x8c71, 0x8c71, 0x9162, 0xd963, 0x8c71, 0x8c71, 0x9162,
    0x0000, 0x0000, 0xe75d, 0x0000, 0xc67a, 0x0000, 0xffff, 0xe75d, 0x0000, 0xffff, 0x0000, 0xe75d, 0x0000, 0x0000, 0xc67a, 0x0000,
    0x0000, 0x0000, 0x0000, 0x0000, 0x0000, 0x0000, 0xe985, 0xb925, 0x9903, 0xe985, 0xb925, 0x0000, 0x0000, 0x0000, 0x0000, 0x0000,
    0x0000, 0x0000, 0x0000, 0x0000, 0x0000, 0x0000, 0x0000, 0x0000, 0x0000, 0x0000, 0x0000, 0x0000, 0x0000, 0x0000, 0x0000, 0x0000,
    0x0000, 0x0000, 0x0000, 0x0000, 0x0000, 0x0000, 0x0000, 0x0000, 0x0000, 0x0000, 0x0000, 0x0000, 0x0000, 0x0000, 0x0000, 0x0000,
    0x0000, 0x0000, 0x0000, 0x0000, 0x0000, 0x0000, 0x0000, 0x0000, 0x0000, 0x0000, 0x0000, 0x0000, 0x0000, 0x0000, 0x0000, 0x0000,
    0x8c71, 0x8430, 0x9cf3, 0x8c51, 0x9492, 0x7bef, 0xa534, 0x8430, 0x94b2, 0xad75, 0x8430, 0x8410, 0x8c71, 0xa514, 0x7bef, 0xad55,
    0x73ae, 0x73ae, 0x6b4d, 0x6b4d, 0x73ae, 0x6b4d, 0x73ae, 0x73ae, 0x7bef, 0x7bef, 0x73ae, 0x73ae, 0x73ae, 0x7bef, 0x7bef, 0x7bef,
    0x7aa7, 0x7aa7, 0xbc2b, 0xbc2b, 0x9369, 0x9369, 0x7aa7, 0x7aa7, 0x9369, 0x59e5, 0x9369, 0x9369, 0x7aa7, 0x7aa7, 0x9369, 0x9369,
    0x7aa7, 0x7aa7, 0xbc2b, 0xbc2b, 0x9369, 0x9369, 0x7aa7, 0x7aa7, 0x9369, 0x59e5, 0x9369, 0x9369, 0x7aa7, 0x7aa7, 0x9369, 0x9369,
    0x6285, 0x6285, 0x7b06, 0x7b06, 0x93a8, 0x7b06, 0x6285, 0x6285, 0x6285, 0x6285, 0x7b06, 0x7b06, 0x7b06, 0x93a8, 0x7b06, 0x6285,
    0x0000, 0x0000, 0x0000, 0x0000, 0x0000, 0x0000, 0x0000, 0x0000, 0x0000, 0x0000, 0x0000, 0x0000, 0x0000, 0x0000, 0x0000, 0x0000,
    0x0000, 0x0000, 0x0000, 0x0000, 0x0000, 0x0000, 0x0000, 0x0000, 0x0000, 0x0000, 0x0000, 0x0000, 0x0000, 0x0000, 0x0000, 0x0000,
    0xa42f, 0x8b6c, 0x8b6c, 0x8b6c, 0x8b6c, 0xa42f, 0xa42f, 0xacb1, 0xa42f, 0xa42f, 0x8b6c, 0x8b6c, 0x8b6c, 0x8b6c, 0xa42f, 0xacb1,
    0xdedb, 0xbd96, 0xce79, 0x18c7, 0xce79, 0xce79, 0x31aa, 0x31aa, 0xce79, 0x31aa, 0xce79, 0xdedb, 0x31aa, 0xdedb, 0xdedb, 0xdedb,
    0xb0a4, 0xb0a4, 0x9162, 0x9162, 0xb0a4, 0x52aa, 0x1083, 0x1083, 0x1083, 0x52aa, 0x52aa, 0x52aa, 0xb0a4, 0x1083, 0x9162, 0x9162,
    0x9162, 0x9162, 0x9162, 0x9162, 0x9162, 0x9162, 0x9162, 0x9162, 0x9162, 0x9162, 0x9162, 0x9162, 0x9162, 0x9162, 0x9162, 0x9162,
    0xc67a, 0xe75d, 0xe75d, 0xffff, 0xe75d, 0xffff, 0xffff, 0xffff, 0xe75d, 0x0000, 0x0000, 0x0000, 0xffff, 0x0000, 0x0000, 0xc67a,
    0x0000, 0x0000, 0x0000, 0x0000, 0x0000, 0xe985, 0xb925, 0x7100, 0xb925, 0xe985, 0x9903, 0x0000, 0x0000, 0x0000, 0x0000, 0x0000,
    0x0000, 0x0000, 0x0000, 0x0000, 0x0000, 0x0000, 0x0000, 0xff69, 0xff69, 0x0000, 0x0000, 0x0000, 0x0000, 0x0000, 0x0000, 0x0000,
    0x0000, 0x0000, 0x0000, 0x0000, 0x0000, 0x0000, 0x0000, 0x0000, 0x0000, 0x0000, 0x0000, 0x0000, 0x0000, 0x0000, 0x0000, 0x0000,
    0x0000, 0x0000, 0x0000, 0x0000, 0x0000, 0x0000, 0x0000, 0x0000, 0x0000, 0x0000, 0x0000, 0x0000, 0x0000, 0x0000, 0x0000, 0x0000,
    0xa534, 0x9cd3, 0xb5b6, 0xad55, 0xad75, 0x8410, 0xad75, 0x9cf3, 0xb596, 0xad55, 0x8410, 0x9492, 0x8430, 0x9492, 0x9cf3, 0x7bef,
    0x8c71, 0x8c71, 0x8c71, 0x7bef, 0x8c71, 0x7bef, 0x7bef, 0x8c71, 0x8c71, 0x8c71, 0x7bef, 0x7bef, 0x7bef, 0x7bef, 0x7bef, 0x73ae,
    0x9369, 0x7aa7, 0x7aa7, 0x9369, 0x7aa7, 0x9369, 0x7aa7, 0x59e5, 0x7aa7, 0x9369, 0x9369, 0x7aa7, 0x7aa7, 0x7aa7, 0x59e5, 0x7aa7,
    0x9369, 0x7aa7, 0x7aa7, 0x9369, 0x7aa7, 0x9369, 0x7aa7, 0x59e5, 0x7aa7, 0x9369, 0x9369, 0x7aa7, 0x7aa7, 0x7aa7, 0x59e5, 0x7aa7,
    0xbcab, 0xc4ec, 0xc4ec, 0xbcab, 0xac6a, 0xac6a, 0xc4ec, 0xc4ec, 0xc4ec, 0xc4ec, 0xc4ec, 0xc4ec, 0xc4ec, 0xc4ec, 0xbcab, 0x9c29,
    0x0000, 0x0000, 0x0000, 0x0000, 0x0000, 0x0000, 0x0000, 0x0000, 0x0000, 0x0000, 0x0000, 0x0000, 0x0000, 0x0000, 0x0000, 0x0000,
    0x0000, 0x0000, 0x0000, 0x0000, 0x0000, 0x0000, 0x0000, 0x0000, 0x0000, 0x0000, 0x0000, 0x0000, 0x0000, 0x0000, 0x0000, 0x0000,
    0xb309, 0xb309, 0x9aa8, 0xa42f, 0xc34a, 0xc34a, 0xc34a, 0xb309, 0x9aa8, 0xb309, 0x9aa8, 0xa42f, 0xc34a, 0xc34a, 0xb309, 0xb309,
    0xffff, 0xce79, 0xdedb, 0x31aa, 0xdedb, 0xdedb, 0x31aa, 0xdedb, 0x31aa, 0x31aa, 0xce79, 0xce79, 0x18c7, 0xce79, 0xbd96, 0xdedb,
    0xd963, 0xea03, 0xea03, 0xd963, 0x52aa, 0x1083, 0x1083, 0x1083, 0x1083, 0x1083, 0x1083, 0xd963, 0x1083, 0xea03, 0xea03, 0xd963,
    0xb0a4, 0xd963, 0xd963, 0xb0a4, 0xb0a4, 0xd963, 0xd963, 0xb0a4, 0xb0a4, 0xd963, 0xd963, 0xb0a4, 0xb0a4, 0xd963, 0xd963, 0xb0a4,
    0x0000, 0xc67a, 0x0000, 0x0000, 0xffff, 0x0000, 0x0000, 0xe75d, 0xffff, 0xffff, 0xe75d, 0xe75d, 0xc67a, 0xe75d, 0xffff, 0xc67a,
    0x0000, 0x0000, 0x0000, 0x0000, 0x0000, 0xe985, 0xe985, 0xe985, 0xe985, 0x9903, 0x0000, 0x0000, 0x0000, 0x0000, 0x0000, 0x0000,
    0x0000, 0x0000, 0x0000, 0x0000, 0x0000, 0x0000, 0xff69, 0xfea7, 0xf4e4, 0xff69, 0x0000, 0x0000, 0x0000, 0x0000, 0x0000, 0x0000,
    0x0000, 0x0000, 0x0000, 0x0000, 0x0000, 0x0000, 0x0000, 0x0000, 0x0000, 0x0000, 0x0000, 0x0000, 0x0000, 0x0000, 0x0000, 0x0000,
    0x0000, 0x0000, 0x0000, 0x0000, 0x0000, 0x0000, 0x0000, 0x0000, 0x0000, 0x0000, 0x0000, 0x0000, 0x0000, 0x0000, 0x0000, 0x0000,
    0x94b2, 0x8410, 0xb5b6, 0x8c71, 0x8c71, 0x9cd3, 0xad55, 0x8410, 0x8430, 0x9492, 0x9492, 0xad55, 0x8c71, 0xb596, 0x8c71, 0x8410,
    0x7bef, 0x7bef, 0x8c71, 0x7bef, 0x7bef, 0x7bef, 0x8c71, 0x8c71, 0x8c71, 0x7bef, 0x7bef, 0x8c71, 0x8c71, 0x8c71, 0x8c71, 0x7bef,
    0x7aa7, 0x9369, 0x59e5, 0x7aa7, 0x7aa7, 0x59e5, 0x59e5, 0x7aa7, 0x7aa7, 0x7aa7, 0x7aa7, 0x7aa7, 0xbc2b, 0xbc2b, 0x7aa7, 0x9369,
    0x7aa7, 0x9369, 0x59e5, 0x7aa7, 0x7aa7, 0x59e5, 0x59e5, 0x7aa7, 0x7aa7, 0x7aa7, 0x7aa7, 0x7aa7, 0xbc2b, 0xbc2b, 0x7aa7, 0x9369,
    0xbcab, 0xac6a, 0xbcab, 0xbcab, 0xbcab, 0xbcab, 0xac6a, 0x9c29, 0x9c29, 0x9c29, 0xac6a, 0x9c29, 0xac6a, 0x9c29, 0x9c29, 0x93a8,
    0x0000, 0x0000, 0x0000, 0x0000, 0x0000, 0x0000, 0x0000, 0x0000, 0x0000, 0x0000, 0x0000, 0x0000, 0x0000, 0x0000, 0x0000, 0x0000,
    0x0000, 0x0000, 0x0000, 0x0000, 0x0000, 0x0000, 0x0000, 0x0000, 0x0000, 0x0000, 0x0000, 0x0000, 0x0000, 0x0000, 0x0000, 0x0000,
    0x9aa8, 0x9aa8, 0x8a87, 0xa42f, 0x8a87, 0x9aa8, 0x9aa8, 0x9aa8, 0x9aa8, 0x9aa8, 0x7a26, 0xa42f, 0x8a87, 0x9aa8, 0x9aa8, 0x9aa8,
    0xffff, 0xdedb, 0xce79, 0x18c7, 0xce79, 0xdedb, 0x31aa, 0xce79, 0xce79, 0x18c7, 0xce79, 0xce79, 0x18c7, 0xdedb, 0xce79, 0xffff,
    0xea03, 0x8c71, 0x52aa, 0x52aa, 0x1083, 0x8c71, 0x1083, 0x1083, 0x1083, 0x52aa, 0x52aa, 0xb0a4, 0x1083, 0x8c71, 0x8c71, 0xb0a4,
    0xd963, 0x8c71, 0x8c71, 0x9162, 0xd963, 0x8c71, 0x8c71, 0x9162, 0xd963, 0x8c71, 0x8c71, 0x9162, 0xd963, 0x8c71, 0x8c71, 0x9162,
    0x0000, 0x0000, 0xc67a, 0x0000, 0x0000, 0xc67a, 0xe75d, 0xffff, 0x0000, 0xc67a, 0x0000, 0x0000, 0xffff, 0x0000, 0x0000, 0xe75d,
    0x0000, 0x0000, 0x0000, 0x0000, 0x0000, 0x0000, 0xb925, 0x2224, 0x22c4, 0x0000, 0x0000, 0x0000, 0x0000, 0x0000, 0x0000, 0x0000,
    0x0000, 0x0000, 0x0000, 0x0000, 0x0000, 0xff69, 0xf4e4, 0xff69, 0xbb44, 0xfea7, 0xff69, 0x0000, 0x0000, 0x0000, 0x0000, 0x0000,
    0x0000, 0x0000, 0x0000, 0x0000, 0x0000, 0x0000, 0x0000, 0x0000, 0x0000, 0x0000, 0x0000, 0x0000, 0x0000, 0x0000, 0x0000, 0x0000,
    0x0000, 0x0000, 0x0000, 0x0000, 0x0000, 0x0000, 0x0000, 0x0000, 0x0000, 0x0000, 0x0000, 0x0000, 0x0000, 0x0000, 0x0000, 0x0000,
    0x9cd3, 0x9cf3, 0x94b2, 0xa534, 0x8410, 0xb5b6, 0x8c71, 0x9492, 0xc618, 0x7bcf, 0xa534, 0x8410, 0x8c71, 0x8c51, 0x94b2, 0x8c71,
    0x6b4d, 0x7bef, 0x73ae, 0x7bef, 0x73ae, 0x73ae, 0x6b4d, 0x6b4d, 0x73ae, 0x7bef, 0x73ae, 0x7bef, 0x7bef, 0x73ae, 0x73ae, 0x73ae,
    0x7aa7, 0x9369, 0x7aa7, 0xbc2b, 0xbc2b, 0x7aa7, 0xbc2b, 0x9369, 0x59e5, 0xbc2b, 0xbc2b, 0x59e5, 0x9369, 0x9369, 0x8430, 0x7aa7,
    0x7aa7, 0x9369, 0x7aa7, 0xbc2b, 0xbc2b, 0x7aa7, 0xbc2b, 0x9369, 0x59e5, 0xbc2b, 0xbc2b, 0x59e5, 0x9369, 0x9369, 0x8430, 0x7aa7,
    0xc4ec, 0xbcab, 0xac6a, 0xac6a, 0x9c29, 0x9c29, 0x9c29, 0x9c29, 0xac6a, 0xac6a, 0xac6a, 0xac6a, 0x9c29, 0x9c29, 0xbcab, 0x9c29,
    0x0000, 0x0000, 0x0000, 0x0000, 0x0000, 0x0000, 0x0000, 0x0000, 0x0000, 0x0000, 0x0000, 0x0000, 0x0000, 0x0000, 0x0000, 0x0000,
    0x0000, 0x0000, 0x0000, 0x0000, 0x0000, 0x0000, 0x0000, 0x0000, 0x0000, 0x0000, 0x0000, 0x0000, 0x0000, 0x0000, 0x0000, 0x0000,
    0x7a26, 0x7a26, 0x71e6, 0xa42f, 0x7a26, 0x7a26, 0x8a87, 0x8a87, 0x7a26, 0x7a26, 0x71e6, 0xacb1, 0x7a26, 0x8a87, 0x8a87, 0x8a87,
    0xbd96, 0xbd96, 0xbd96, 0xbd96, 0xbd96, 0xbd96, 0xbd96, 0xbd96, 0xbd96, 0xbd96, 0xbd96, 0xbd96, 0xbd96, 0xbd96, 0xbd96, 0xbd96,
    0xea03, 0x8c71, 0x52aa, 0x9162, 0xea03, 0x1083, 0x8c71, 0x1083, 0x1083, 0x52aa, 0x8c71, 0x1083, 0x52aa, 0x52aa, 0x8c71, 0x9162,
    0xd963, 0x8c71, 0x8c71, 0x9162, 0xd963, 0x8c71, 0x8c71, 0x9162, 0xd963, 0x8c71, 0x8c71, 0x9162, 0xd963, 0x8c71, 0x8c71, 0x9162,
    0x0000, 0x0000, 0xffff, 0x0000, 0x0000, 0xe75d, 0x0000, 0xffff, 0x0000, 0x0000, 0xffff, 0x0000, 0xffff, 0x0000, 0xe75d, 0x0000,
    0x0000, 0x0000, 0x0000, 0x0000, 0x0000, 0x0000, 0x0000, 0x0000, 0x4c65, 0x0000, 0x0000, 0x0000, 0x0000, 0x0000, 0x0000, 0x0000,
    0x0000, 0x0000, 0x0000, 0x0000, 0x0000, 0x0000, 0xff69, 0xbb44, 0xfea7, 0xff69, 0x0000, 0x0000, 0x0000, 0x0000, 0x0000, 0x0000,
    0x0000, 0x0000, 0x0000, 0x0000, 0x0000, 0x0000, 0x0000, 0x0000, 0x0000, 0x0000, 0x0000, 0x0000, 0x0000, 0x0000, 0x0000, 0x0000,
    0x0000, 0x0000, 0x0000, 0x0000, 0x0000, 0x0000, 0x0000, 0x0000, 0x0000, 0x0000, 0x0000, 0x0000, 0x0000, 0x0000, 0x0000, 0x0000,
    0x8430, 0xad75, 0x8430, 0xa514, 0x94b2, 0x8430, 0x9492, 0x8c51, 0x94b2, 0x9492, 0x8c71, 0x7bcf, 0xb596, 0x7bef, 0x7bef, 0x8c51,
    0x7bef, 0x7bef, 0x7bef, 0x7bef, 0x7bef, 0x8c71, 0x8c71, 0x7bef, 0x7bef, 0x7bef, 0x7bef, 0x7bef, 0x8c71, 0x8c71, 0x7bef, 0x8c71,
    0x9369, 0x7aa7, 0x7aa7, 0x9369, 0x9369, 0xbc2b, 0x7aa7, 0x9369, 0x6b6d, 0x9369, 0x9369, 0x7aa7, 0x59e5, 0x9369, 0x7aa7, 0x59e5,
    0x9369, 0x7aa7, 0x7aa7, 0x9369, 0x9369, 0xbc2b, 0x7aa7, 0x9369, 0x6b6d, 0x9369, 0x9369, 0x7aa7, 0x59e5, 0x9369, 0x7aa7, 0x59e5,
    0x6285, 0x6285, 0x7b06, 0x93a8, 0x93a8, 0x7b06, 0x6285, 0x6285, 0x6285, 0x7b06, 0x93a8, 0x7b06, 0x7b06, 0x6285, 0x6285, 0x6285,
    0x0000, 0x0000, 0x0000, 0x0000, 0x0000, 0x0000, 0x0000, 0x0000, 0x0000, 0x0000, 0x0000, 0x0000, 0x0000, 0x0000, 0x0000, 0x0000,
    0x0000, 0x0000, 0x0000, 0x0000, 0x0000, 0x0000, 0x0000, 0x0000, 0x0000, 0x0000, 0x0000, 0x0000, 0x0000, 0x0000, 0x0000, 0x0000,
    0x8b6c, 0xa42f, 0xa42f, 0xacb1, 0xa42f, 0x8b6c, 0x8b6c, 0x8b6c, 0x8b6c, 0x8b6c, 0xa42f, 0xacb1, 0xa42f, 0x8b6c, 0x8b6c, 0x8b6c,
    0xb0a4, 0xb0a4, 0x9162, 0x9162, 0xb0a4, 0xb0a4, 0x9162, 0x9162, 0xb0a4, 0xb0a4, 0x9162, 0x9162, 0xb0a4, 0xb0a4, 0x9162, 0x9162,
    0xb0a4, 0xb0a4, 0x9162, 0x9162, 0x52aa, 0x1083, 0x9162, 0x52aa, 0x52aa, 0xb0a4, 0x1083, 0x9162, 0xb0a4, 0xb0a4, 0x9162, 0x9162,
    0x9162, 0x9162, 0x9162, 0x9162, 0x9162, 0x9162, 0x9162, 0x9162, 0x9162, 0x9162, 0x9162, 0x9162, 0x9162, 0x9162, 0x9162, 0x9162,
    0x0000, 0x0000, 0x0000, 0xe75d, 0x0000, 0xffff, 0x0000, 0xe75d, 0x0000, 0xc67a, 0xffff, 0xffff, 0x0000, 0x0000, 0xc67a, 0x0000,
    0x0000, 0x0000, 0x0000, 0x0000, 0x0000, 0x0000, 0x0000, 0x0000, 0x4c65, 0x0000, 0x0000, 0x0000, 0x0000, 0x0000, 0x0000, 0x0000,
    0x0000, 0x0000, 0x0000, 0x0000, 0x0000, 0x0000, 0x0000, 0x13e0, 0x13e0, 0x0000, 0x0000, 0x0000, 0x0000, 0x0000, 0x0000, 0x0000,
    0x0000, 0x0000, 0x0000, 0x0000, 0x0000, 0x0000, 0x0000, 0x0000, 0x0000, 0x0000, 0x0000, 0x0000, 0x0000, 0x0000, 0x0000, 0x0000,
    0x0000, 0x0000, 0x0000, 0x0000, 0x0000, 0x0000, 0x0000, 0x0000, 0x0000, 0x0000, 0x0000, 0x0000, 0x0000, 0x0000, 0x0000, 0x0000,
    0xbdd7, 0x94b2, 0x8410, 0x8c51, 0x9cd3, 0x9492, 0x8430, 0x7bcf, 0x8c51, 0x9492, 0x8c51, 0x7bef, 0x9cf3, 0xa534, 0x7bcf, 0x94b2,
    0x7bef, 0x73ae, 0x73ae, 0x73ae, 0x7bef, 0x8c71, 0x7bef, 0x73ae, 0x73ae, 0x7bef, 0x7bef, 0x6b4d, 0x6b4d, 0x73ae, 0x6b4d, 0x73ae,
    0x7aa7, 0x59e5, 0x9369, 0x7aa7, 0x9369, 0x9369, 0xbc2b, 0x7aa7, 0x7aa7, 0x7aa7, 0x7aa7, 0x7aa7, 0x7aa7, 0x7aa7, 0xbc2b, 0xbc2b,
    0x7aa7, 0x59e5, 0x9369, 0x7aa7, 0x9369, 0x9369, 0xbc2b, 0x7aa7, 0x7aa7, 0x7aa7, 0x7aa7, 0x7aa7, 0x7aa7, 0x7aa7, 0xbc2b, 0xbc2b,
    0xc4ec, 0x9c29, 0xbcab, 0xc4ec, 0xc4ec, 0xbcab, 0xbcab, 0x9c29, 0xc4ec, 0xc4ec, 0xc4ec, 0x9c29, 0xc4ec, 0xbcab, 0xc4ec, 0xc4ec,
    0x0000, 0x0000, 0x0000, 0x0000, 0x0000, 0x0000, 0x0000, 0x0000, 0x0000, 0x0000, 0x0000, 0x0000, 0x0000, 0x0000, 0x0000, 0x0000,
    0x0000, 0x0000, 0x0000, 0x0000, 0x0000, 0x0000, 0x0000, 0x0000, 0x0000, 0x0000, 0x0000, 0x0000, 0x0000, 0x0000, 0x0000, 0x0000,
    0x9aa8, 0xb309, 0xb309, 0xb309, 0x9aa8, 0xb309, 0x9aa8, 0x8b6c, 0xc34a, 0xb309, 0xb309, 0xb309, 0x9aa8, 0xb309, 0x9aa8, 0xa42f,
    0xd963, 0xd963, 0xb0a4, 0x9162, 0xd963, 0xd963, 0xb0a4, 0x9162, 0xd963, 0xd963, 0xb0a4, 0x9162, 0xd963, 0xd963, 0xb0a4, 0x9162,
    0xd963, 0xea03, 0xea03, 0x52aa, 0xd963, 0xea03, 0x1083, 0xd963, 0x1083, 0x1083, 0xea03, 0x52aa, 0x52aa, 0xea03, 0xea03, 0xd963,
    0xb0a4, 0xd963, 0xd963, 0xb0a4, 0xb0a4, 0xd963, 0xd963, 0xb0a4, 0xb0a4, 0xd963, 0xd963, 0xb0a4, 0xb0a4, 0xd963, 0xd963, 0xb0a4,
    0x0000, 0x0000, 0x0000, 0xc67a, 0xe75d, 0x0000, 0xc67a, 0xe75d, 0xc67a, 0x0000, 0x0000, 0x0000, 0xe75d, 0xc67a, 0x0000, 0x0000,
    0x0000, 0x0000, 0x0000, 0x0000, 0x0000, 0x0000, 0x0000, 0x0000, 0x4c65, 0x0000, 0x0000, 0x0000, 0x0000, 0x0000, 0x0000, 0x0000,
    0x0000, 0x0000, 0x0000, 0x0000, 0x0000, 0x13e0, 0x4c65, 0x5545, 0x4c65, 0x0000, 0x0000, 0x0000, 0x0000, 0x0000, 0x0000, 0x0000,
    0x0000, 0x0000, 0x0000, 0x0000, 0x0000, 0x0000, 0x0000, 0x0000, 0x0000, 0x0000, 0x0000, 0x0000, 0x0000, 0x0000, 0x0000, 0x0000,
    0x0000, 0x0000, 0x0000, 0x0000, 0x0000, 0x0000, 0x0000, 0x0000, 0x0000, 0x0000, 0x0000, 0x0000, 0x0000, 0x0000, 0x0000, 0x0000,
    0x8410, 0xad55, 0x73ae, 0x9492, 0x7bef, 0x9cd3, 0x8410, 0xc618, 0xa514, 0x9492, 0xad55, 0x9cd3, 0xa514, 0x8c51, 0xad55, 0xad75,
    0x8c71, 0x8c71, 0x7bef, 0x73ae, 0x73ae, 0x7bef, 0x7bef, 0x73ae, 0x73ae, 0x73ae, 0x7bef, 0x7bef, 0x73ae, 0x73ae, 0x73ae, 0x8c71,
    0x7aa7, 0x9369, 0x7aa7, 0x7aa7, 0x72c8, 0x7aa7, 0x9369, 0x9369, 0x7aa7, 0x59e5, 0xbc2b, 0x59e5, 0x7aa7, 0xbc2b, 0x9369, 0x9369,
    0x7aa7, 0x9369, 0x7aa7, 0x7aa7, 0x72c8, 0x7aa7, 0x9369, 0x9369, 0x7aa7, 0x59e5, 0xbc2b, 0x59e5, 0x7aa7, 0xbc2b, 0x9369, 0x9369,
    0xac6a, 0xac6a, 0xbcab, 0xbcab, 0x9c29, 0x9c29, 0xac6a, 0x9c29, 0x9c29, 0xbcab, 0xbcab, 0xac6a, 0xbcab, 0xac6a, 0xac6a, 0xac6a,
    0x0000, 0x0000, 0x0000, 0x0000, 0x0000, 0x0000, 0x0000, 0x0000, 0x0000, 0x0000, 0x0000, 0x0000, 0x0000, 0x0000, 0x0000, 0x0000,
    0x0000, 0x0000, 0x0000, 0x0000, 0x0000, 0x0000, 0x0000, 0x0000, 0x0000, 0x0000, 0x0000, 0x0000, 0x0000, 0x0000, 0x0000, 0x0000,
    0x7a26, 0x9aa8, 0x9aa8, 0x9aa8, 0x9aa8, 0x9aa8, 0x8a87, 0xa42f, 0x8a87, 0x9aa8, 0x9aa8, 0x9aa8, 0x9aa8, 0x9aa8, 0x7a26, 0xa42f,
    0xd963, 0xd963, 0xb0a4, 0x9162, 0xd963, 0xd963, 0xb0a4, 0x9162, 0xd963, 0xd963, 0xb0a4, 0x9162, 0xd963, 0xd963, 0xb0a4, 0x9162,
    0xea03, 0x8c71, 0x52aa, 0xb0a4, 0xea03, 0x8c71, 0x52aa, 0xb0a4, 0xea03, 0x52aa, 0x8c71, 0xb0a4, 0xea03, 0x52aa, 0x8c71, 0xb0a4,
    0xd963, 0x8c71, 0x8c71, 0x9162, 0xd963, 0x8c71, 0x8c71, 0x9162, 0xd963, 0x8c71, 0x8c71, 0x9162, 0xd963, 0x8c71, 0x8c71, 0x9162,
    0x0000, 0x0000, 0xffff, 0x0000, 0x0000, 0xffff, 0xe75d, 0x0000, 0x0000, 0x0000, 0xc67a, 0xe75d, 0xffff, 0xe75d, 0x0000, 0x0000,
    0x0000, 0x0000, 0x0000, 0x0000, 0x0000, 0x2224, 0x22c4, 0x0000, 0x2b85, 0x0000, 0x22c4, 0x22c4, 0x0000, 0x0000, 0x0000, 0x0000,
    0x0000, 0x0000, 0x0000, 0x0000, 0x0000, 0x0000, 0x13e0, 0x5545, 0x4c65, 0x4c65, 0x13e0, 0x0000, 0x0000, 0x0000, 0x0000, 0x0000,
    0x0000, 0x0000, 0x0000, 0x0000, 0x0000, 0x0000, 0x0000, 0x0000, 0x0000, 0x0000, 0x0000, 0x0000, 0x0000, 0x0000, 0x0000, 0x0000,
    0x0000, 0x0000, 0x0000, 0x0000, 0x0000, 0x0000, 0x0000, 0x0000, 0x0000, 0x0000, 0x0000, 0x0000, 0x0000, 0x0000, 0x0000, 0x0000,
    0xa514, 0xa514, 0xc618, 0x7bcf, 0xb596, 0xad55, 0x94b2, 0x9492, 0x7bef, 0x94b2, 0x94b2, 0x8430, 0xad55, 0x9cf3, 0x8c51, 0x7bcf,
    0x7bef, 0x73ae, 0x73ae, 0x7bef, 0x7bef, 0x7bef, 0x7bef, 0x7bef, 0x7bef, 0x7bef, 0x7bef, 0x7bef, 0x8c71, 0x8c71, 0x8c71, 0x8c71,
    0x9369, 0x7aa7, 0x59e5, 0xbc2b, 0x7aa7, 0x59e5, 0x7aa7, 0x59e5, 0xbc2b, 0xbc2b, 0x7aa7, 0x9369, 0x7aa7, 0x7aa7, 0x9369, 0x9369,
    0x9369, 0x7aa7, 0x59e5, 0xbc2b, 0x7aa7, 0x59e5, 0x7aa7, 0x59e5, 0xbc2b, 0xbc2b, 0x7aa7, 0x9369, 0x7aa7, 0x7aa7, 0x9369, 0x9369,
    0xac6a, 0x9c29, 0x9c29, 0xac6a, 0xbcab, 0xac6a, 0x9c29, 0x93a8, 0xbcab, 0xbcab, 0xac6a, 0x9c29, 0x9c29, 0x9c29, 0x9c29, 0x9c29,
    0x0000, 0x0000, 0x0000, 0x0000, 0x0000, 0x0000, 0x0000, 0x0000, 0x0000, 0x0000, 0x0000, 0x0000, 0x0000, 0x0000, 0x0000, 0x0000,
    0x0000, 0x0000, 0x0000, 0x0000, 0x0000, 0x0000, 0x0000, 0x0000, 0x0000, 0x0000, 0x0000, 0x0000, 0x0000, 0x0000, 0x0000, 0x0000,
    0x71e6, 0x7a26, 0x7a26, 0x7a26, 0x7a26, 0x7a26, 0x71e6, 0xacb1, 0x71e6, 0x7a26, 0x7a26, 0x7a26, 0x7a26, 0x7a26, 0x71e6, 0xacb1,
    0xd963, 0xd963, 0xb0a4, 0x9162, 0xd963, 0xd963, 0xb0a4, 0x9162, 0xd963, 0xd963, 0xb0a4, 0x9162, 0xd963, 0xd963, 0xb0a4, 0x9162,
    0xea03, 0x8c71, 0x8c71, 0x9162, 0xea03, 0x8c71, 0x8c71, 0x9162, 0xea03, 0x8c71, 0x8c71, 0x9162, 0xea03, 0x8c71, 0x8c71, 0x9162,
    0xd963, 0x8c71, 0x8c71, 0x9162, 0xd963, 0x8c71, 0x8c71, 0x9162, 0xd963, 0x8c71, 0x8c71, 0x9162, 0xd963, 0x8c71, 0x8c71, 0x9162,
    0x0000, 0xffff, 0x0000, 0x0000, 0x0000, 0x0000, 0xc67a, 0xe75d, 0xe75d, 0xc67a, 0x0000, 0x0000, 0x0000, 0x0000, 0xffff, 0x0000,
    0x0000, 0x0000, 0x0000, 0x0000, 0x0000, 0x0000, 0x2224, 0x0000, 0x2224, 0x2224, 0x0000, 0x0000, 0x0000, 0x0000, 0x0000, 0x0000,
    0x0000, 0x0000, 0x0000, 0x0000, 0x0000, 0x0000, 0x0000, 0x5545, 0x13e0, 0x13e0, 0x0000, 0x0000, 0x0000, 0x0000, 0x0000, 0x0000,
    0x0000, 0x0000, 0x0000, 0x0000, 0x0000, 0x0000, 0x0000, 0x0000, 0x0000, 0x0000, 0x0000, 0x0000, 0x0000, 0x0000, 0x0000, 0x0000,
    0x0000, 0x0000, 0x0000, 0x0000, 0x0000, 0x0000, 0x0000, 0x0000, 0x0000, 0x0000, 0x0000, 0x0000, 0x0000, 0x0000, 0x0000, 0x0000,
    0x8430, 0x94b2, 0x8c51, 0x8c51, 0xa534, 0x9cd3, 0x94b2, 0x9492, 0x8c71, 0xbdf7, 0x7bef, 0xad55, 0x8430, 0x9492, 0x8c51, 0x9cf3,
    0x7bef, 0x7bef, 0x7bef, 0x7bef, 0x7bef, 0x7bef, 0x73ae, 0x73ae, 0x7bef, 0x8c71, 0x8c71, 0x7bef, 0x7bef, 0x73ae, 0x7bef, 0x7bef,
    0x9369, 0x7aa7, 0xbc2b, 0x9369, 0x9369, 0x7aa7, 0x8430, 0x7aa7, 0x9369, 0x9369, 0x7aa7, 0x7aa7, 0x9369, 0x9369, 0x7aa7, 0x59e5,
    0x9369, 0x7aa7, 0xbc2b, 0x9369, 0x9369, 0x7aa7, 0x8430, 0x7aa7, 0x9369, 0x9369, 0x7aa7, 0x7aa7, 0x9369, 0x9369, 0x7aa7, 0x59e5,
    0x6285, 0x7b06, 0x7b06, 0x6285, 0x6285, 0x7b06, 0x93a8, 0x93a8, 0x93a8, 0x7b06, 0x6285, 0x7b06, 0x6285, 0x6285, 0x6285, 0x6285,
    0x0000, 0x0000, 0x0000, 0x0000, 0x0000, 0x0000, 0x0000, 0x0000, 0x0000, 0x0000, 0x0000, 0x0000, 0x0000, 0x0000, 0x0000, 0x0000,
    0x0000, 0x0000, 0x0000, 0x0000, 0x0000, 0x0000, 0x0000, 0x0000, 0x0000, 0x0000, 0x0000, 0x0000, 0x0000, 0x0000, 0x0000, 0x0000,
    0xa42f, 0x8b6c, 0x8b6c, 0x8b6c, 0x8b6c, 0x8b6c, 0xa42f, 0xacb1, 0xa42f, 0xa42f, 0x8b6c, 0x8b6c, 0x8b6c, 0xa42f, 0xacb1, 0xacb1,
    0xb0a4, 0xb0a4, 0xb0a4, 0x9162, 0xb0a4, 0xb0a4, 0xb0a4, 0x9162, 0xb0a4, 0xb0a4, 0xb0a4, 0x9162, 0xb0a4, 0xb0a4, 0xb0a4, 0x9162,
    0xb0a4, 0xb0a4, 0x9162, 0x9162, 0xb0a4, 0xb0a4, 0x9162, 0x9162, 0xb0a4, 0xb0a4, 0x9162, 0x9162, 0xb0a4, 0xb0a4, 0x9162, 0x9162,
    0x9162, 0x9162, 0x9162, 0x9162, 0x9162, 0x9162, 0x9162, 0x9162, 0x9162, 0x9162, 0x9162, 0x9162, 0x9162, 0x9162, 0x9162, 0x9162,
    0xc67a, 0x0000, 0x0000, 0x0000, 0x0000, 0x0000, 0xffff, 0x0000, 0x0000, 0x0000, 0x0000, 0x0000, 0x0000, 0x0000, 0x0000, 0xc67a,
    0x0000, 0x0000, 0x0000, 0x0000, 0x0000, 0x0000, 0x0000, 0x2224, 0x22c4, 0x2224, 0x0000, 0x0000, 0x0000, 0x0000, 0x0000, 0x0000,
    0x0000, 0x0000, 0x0000, 0x0000, 0x0000, 0x0000, 0x0000, 0x4c65, 0x13e0, 0x0000, 0x0000, 0x0000, 0x0000, 0x0000, 0x0000, 0x0000,
    0x0000, 0x0000, 0x0000, 0x0000, 0x0000, 0x0000, 0x0000, 0x0000, 0x0000, 0x0000, 0x0000, 0x0000, 0x0000, 0x0000, 0x0000, 0x0000,
    0x0000, 0x0000, 0x0000, 0x0000, 0x0000, 0x0000, 0x0000, 0x0000, 0x0000, 0x0000, 0x0000, 0x0000, 0x0000, 0x0000, 0x0000, 0x0000,
    0x6b6d, 0x630c, 0xa534, 0xa534, 0x528a, 0x630c, 0x630c, 0xa534, 0xb5b6, 0xa534, 0x8c31, 0x630c, 0x8c31, 0xb5b6, 0xa534, 0x8c31,
    0x630c, 0x3186, 0x3186, 0x3186, 0x3186, 0x52aa, 0x94b2, 0x630c, 0x52aa, 0x94b2, 0x52aa, 0x3186, 0x3186, 0x52aa, 0x3186, 0x52aa,
    0xe737, 0xde74, 0xde74, 0xe6d6, 0xde74, 0xd632, 0xe6d6, 0xde74, 0xe6d6, 0xde74, 0xd632, 0xe6d6, 0xde74, 0xe6d6, 0xd632, 0xe6d6,
    0x0000, 0x0000, 0x0000, 0x0000, 0x0000, 0x0000, 0x0000, 0x0000, 0x0000, 0x0000, 0x0000, 0x0000, 0x0000, 0x0000, 0x0000, 0x0000,
    0x72c6, 0x49e4, 0x9388, 0x72c6, 0x72c6, 0x3943, 0x9388, 0x72c6, 0x72c6, 0x3943, 0x72c6, 0x9388, 0x49e4, 0x9388, 0x72c6, 0x5a45,
    0x5a45, 0x49e4, 0x5a45, 0x72c6, 0x5a45, 0x49e4, 0x5a45, 0x5a45, 0x72c6, 0x49e4, 0x5a45, 0x5a45, 0x49e4, 0x5a45, 0x5a45, 0x5a45,
    0xd679, 0xc618, 0xc618, 0xd679, 0xd679, 0xd679, 0xd679, 0xd679, 0xd679, 0xd679, 0xd679, 0xc618, 0xc618, 0xc618, 0xc618, 0xd679,
    0xf664, 0xf664, 0xf664, 0xf664, 0xfde4, 0xfde4, 0xf664, 0xf664, 0xf664, 0xfde4, 0xfde4, 0xfde4, 0xfde4, 0xf664, 0xf664, 0xd4a6,
    0x4f7c, 0x4f7c, 0x4f7c, 0x4f7c, 0x3f1c, 0x3f1c, 0x4f7c, 0x4f7c, 0x4f7c, 0x3f1c, 0x3f1c, 0x3f1c, 0x3f1c, 0x4f7c, 0x4f7c, 0x1618,
    0x0000, 0x0000, 0x0000, 0x0000, 0x0000, 0x0000, 0x0000, 0x0000, 0x0000, 0x0000, 0x0000, 0x0000, 0x0000, 0x0000, 0x0000, 0x0000,
    0x0000, 0x0000, 0x0000, 0x0000, 0x0000, 0x0000, 0x0000, 0x0000, 0x0000, 0x0000, 0x0000, 0x0000, 0x0000, 0x0000, 0x0000, 0x0000,
    0x0000, 0x0000, 0x0000, 0x0000, 0x0000, 0x0000, 0x0000, 0x0000, 0x0000, 0x0000, 0x0000, 0x0000, 0x0000, 0x0000, 0x0000, 0x0000,
    0x0000, 0x0000, 0x0000, 0x0000, 0x0000, 0x0000, 0x0000, 0x0000, 0x0000, 0x0000, 0x0000, 0x0000, 0x0000, 0x0000, 0x0000, 0x0000,
    0x0000, 0x0000, 0x0000, 0x0000, 0x0000, 0x0000, 0x0000, 0x0000, 0x0000, 0x0000, 0x0000, 0x0000, 0x0000, 0x0000, 0x0000, 0x0000,
    0x0000, 0x0000, 0x0000, 0x0000, 0x0000, 0x0000, 0x0000, 0x0000, 0x0000, 0x0000, 0x0000, 0x0000, 0x0000, 0x0000, 0x0000, 0x0000,
    0x0000, 0x0000, 0x0000, 0x0000, 0x0000, 0x0000, 0x0000, 0x0000, 0x0000, 0x0000, 0x0000, 0x0000, 0x0000, 0x0000, 0x0000, 0x0000,
    0x630c, 0xa534, 0xb5b6, 0x8c31, 0x8c31, 0x528a, 0xb5b6, 0xb5b6, 0xa534, 0x8c31, 0x8c31, 0x528a, 0x630c, 0x8c31, 0x6b6d, 0x8c31,
    0x3186, 0x630c, 0x630c, 0x94b2, 0x630c, 0x94b2, 0x630c, 0x94b2, 0x3186, 0x94b2, 0x94b2, 0x630c, 0x2104, 0x3186, 0x52aa, 0x3186,
    0xd632, 0xde74, 0xde74, 0xd632, 0xde74, 0xd632, 0xd632, 0xe6d6, 0xd5d1, 0xd632, 0xe737, 0xde74, 0xef59, 0xd5d1, 0xde74, 0xe737,
    0x0000, 0x0000, 0x0000, 0x0000, 0x0000, 0x0000, 0x0000, 0x0000, 0x0000, 0x0000, 0x0000, 0x0000, 0x0000, 0x0000, 0x0000, 0x0000,
    0x72c6, 0x49e4, 0x9bc9, 0x5a45, 0x72c6, 0x3943, 0x9bc9, 0x5a45, 0x72c6, 0x3943, 0x72c6, 0x9388, 0x49e4, 0x72c6, 0x72c6, 0x5a45,
    0x49e4, 0xbcab, 0xbcab, 0xbcab, 0xbcab, 0xac6a, 0xbcab, 0xac6a, 0xc4ec, 0xac6a, 0xac6a, 0xbcab, 0xbcab, 0xbcab, 0xbcab, 0x49e4,
    0xc618, 0xf79e, 0xf79e, 0xf79e, 0xf79e, 0xf79e, 0xef7d, 0xef7d, 0xef7d, 0xef5d, 0xe73c, 0xe73c, 0xe73c, 0xe73c, 0xe73c, 0xc618,
    0xf664, 0xfff2, 0xfff7, 0xfff7, 0xff69, 0xff69, 0xfff2, 0xfff2, 0xfff2, 0xff69, 0xff69, 0xfec7, 0xfec7, 0xfff2, 0xfff2, 0xd4a6,
    0x4f7c, 0xd7fe, 0xffff, 0xffff, 0x9ffd, 0x9ffd, 0xd7fe, 0xd7fe, 0xd7fe, 0x9ffd, 0x9ffd, 0x67bc, 0x67bc, 0xd7fe, 0xd7fe, 0x1618,
    0x0000, 0x0000, 0x0000, 0x0000, 0x0000, 0x0000, 0x0000, 0x0000, 0x0000, 0x0000, 0x0000, 0x0000, 0x0000, 0x0000, 0x0000, 0x0000,
    0x0000, 0x0000, 0x0000, 0x0000, 0x0000, 0x0000, 0x0000, 0x0000, 0x0000, 0x0000, 0x0000, 0x0000, 0x0000, 0x0000, 0x0000, 0x0000,
    0x0000, 0x0000, 0x0000, 0x0000, 0x0000, 0x0000, 0x0000, 0x0000, 0x0000, 0x0000, 0x0000, 0x0000, 0x0000, 0x0000, 0x0000, 0x0000,
    0x0000, 0x0000, 0x0000, 0x0000, 0x0000, 0x0000, 0x0000, 0x0000, 0x0000, 0x0000, 0x0000, 0x0000, 0x0000, 0x0000, 0x0000, 0x0000,
    0x0000, 0x0000, 0x0000, 0x0000, 0x0000, 0x0000, 0x0000, 0x0000, 0x0000, 0x0000, 0x0000, 0x0000, 0x0000, 0x0000, 0x0000, 0x0000,
    0x0000, 0x0000, 0x0000, 0x0000, 0x0000, 0x0000, 0x0000, 0x0000, 0x0000, 0x0000, 0x0000, 0x0000, 0x0000, 0x0000, 0x0000, 0x0000,
    0x0000, 0x0000, 0x0000, 0x0000, 0x0000, 0x0000, 0x0000, 0x0000, 0x0000, 0x0000, 0x0000, 0x0000, 0x0000, 0x0000, 0x0000, 0x0000,
    0x630c, 0xa534, 0x8c31, 0xa534, 0x6b6d, 0x630c, 0xa534, 0x8c31, 0x8c31, 0xa534, 0x6b6d, 0x630c, 0x528a, 0x630c, 0x8c31, 0x6b6d,
    0x3186, 0x2104, 0x3186, 0x3186, 0x2104, 0x3186, 0x3186, 0x3186, 0x94b2, 0x3186, 0x52aa, 0x52aa, 0x52aa, 0x94b2, 0x52aa, 0x630c,
    0xe6d6, 0xde74, 0xd5d1, 0xd632, 0xd632, 0xe737, 0xde74, 0xde74, 0xde74, 0xde74, 0xde74, 0xd632, 0xde74, 0xd632, 0xd632, 0xde74,
    0x0000, 0x0000, 0x0000, 0x0000, 0x0000, 0x0000, 0x0000, 0x0000, 0x0000, 0x0000, 0x0000, 0x0000, 0x0000, 0x0000, 0x0000, 0x0000,
    0x72c6, 0x3943, 0x5a45, 0x5a45, 0x72c6, 0x3943, 0x9bc9, 0x5a45, 0x72c6, 0x49e4, 0x72c6, 0x49e4, 0x49e4, 0x72c6, 0x72c6, 0x5a45,
    0x5a45, 0xbcab, 0x7b06, 0x7b06, 0x93a8, 0x93a8, 0x9c29, 0x93a8, 0x9c29, 0x9c29, 0x9c29, 0x9c29, 0x93a8, 0x93a8, 0xc4ec, 0x5a45,
    0xc618, 0xe73c, 0xe73c, 0xe73c, 0xe73c, 0xe73c, 0xe73c, 0xe73c, 0xe73c, 0xe73c, 0xe73c, 0xe73c, 0xe73c, 0xe73c, 0xe73c, 0xbdd7,
    0xf664, 0xfff7, 0xfec7, 0xfec7, 0xff09, 0xfff2, 0xff69, 0xff69, 0xfec7, 0xf664, 0xfde4, 0xfde4, 0xf664, 0xff09, 0xfff2, 0xd4a6,
    0x4f7c, 0xffff, 0x67bc, 0x67bc, 0x77de, 0xd7fe, 0x9ffd, 0x9ffd, 0x67bc, 0x4f7c, 0x3f1c, 0x3f1c, 0x4f7c, 0x77de, 0xd7fe, 0x1618,
    0x0000, 0x0000, 0x0000, 0x0000, 0x0000, 0x0000, 0x0000, 0x0000, 0x0000, 0x0000, 0x0000, 0x0000, 0x0000, 0x0000, 0x0000, 0x0000,
    0x0000, 0x0000, 0x0000, 0x0000, 0x0000, 0x0000, 0x0000, 0x0000, 0x0000, 0x0000, 0x0000, 0x0000, 0x0000, 0x0000, 0x0000, 0x0000,
    0x0000, 0x0000, 0x0000, 0x0000, 0x0000, 0x0000, 0x0000, 0x0000, 0x0000, 0x0000, 0x0000, 0x0000, 0x0000, 0x0000, 0x0000, 0x0000,
    0x0000, 0x0000, 0x0000, 0x0000, 0x0000, 0x0000, 0x0000, 0x0000, 0x0000, 0x0000, 0x0000, 0x0000, 0x0000, 0x0000, 0x0000, 0x0000,
    0x0000, 0x0000, 0x0000, 0x0000, 0x0000, 0x0000, 0x0000, 0x0000, 0x0000, 0x0000, 0x0000, 0x0000, 0x0000, 0x0000, 0x0000, 0x0000,
    0x0000, 0x0000, 0x0000, 0x0000, 0x0000, 0x0000, 0x0000, 0x0000, 0x0000, 0x0000, 0x0000, 0x0000, 0x0000, 0x0000, 0x0000, 0x0000,
    0x0000, 0x0000, 0x0000, 0x0000, 0x0000, 0x0000, 0x0000, 0x0000, 0x0000, 0x0000, 0x0000, 0x0000, 0x0000, 0x0000, 0x0000, 0x0000,
    0x630c, 0x630c, 0x8c31, 0x6b6d, 0x630c, 0x630c, 0x8c31, 0x6b6d, 0x8c31, 0x6b6d, 0x630c, 0x8c31, 0xa534, 0x8c31, 0x630c, 0x528a,
    0x52aa, 0x94b2, 0x630c, 0x630c, 0x52aa, 0x2104, 0x52aa, 0x94b2, 0x52aa, 0x52aa, 0x3186, 0x3186, 0x3186, 0x3186, 0x3186, 0x52aa,
    0xde74, 0xe6d6, 0xe6d6, 0xd632, 0xde74, 0xd632, 0xe6d6, 0xd632, 0xe6d6, 0xe6d6, 0xd632, 0xe6d6, 0xde74, 0xd632, 0xde74, 0xde74,
    0x0000, 0x0000, 0x0000, 0x0000, 0x0000, 0x0000, 0x0000, 0x0000, 0x0000, 0x0000, 0x0000, 0x0000, 0x0000, 0x0000, 0x0000, 0x0000,
    0x9388, 0x3943, 0x72c6, 0x5a45, 0x72c6, 0x49e4, 0x72c6, 0x5a45, 0x72c6, 0x5a45, 0x72c6, 0x3943, 0x49e4, 0x72c6, 0x9388, 0x5a45,
    0x5a45, 0xbcab, 0x7b06, 0xc4ec, 0xc4ec, 0xbcab, 0xbcab, 0xbcab, 0xbcab, 0xac6a, 0xbcab, 0xbcab, 0xbcab, 0x93a8, 0xbcab, 0x5a45,
    0xb596, 0xdefb, 0xdefb, 0xdefb, 0xdefb, 0xdefb, 0xdefb, 0xdefb, 0xe71c, 0xe71c, 0xe71c, 0xd6ba, 0xd6ba, 0xd6ba, 0xd6ba, 0xb596,
    0xf664, 0xfff7, 0xfec7, 0xff09, 0xfff2, 0xff69, 0xff69, 0xff09, 0xfec7, 0xf664, 0xf664, 0xf664, 0xff09, 0xff09, 0xff69, 0xd4a6,
    0x4f7c, 0xffff, 0x67bc, 0x77de, 0xd7fe, 0x9ffd, 0x9ffd, 0x77de, 0x67bc, 0x4f7c, 0x4f7c, 0x4f7c, 0x77de, 0x77de, 0x9ffd, 0x1618,
    0x0000, 0x0000, 0x0000, 0x0000, 0x0000, 0x0000, 0x0000, 0x0000, 0x0000, 0x0000, 0x0000, 0x0000, 0x0000, 0x0000, 0x0000, 0x0000,
    0x0000, 0x0000, 0x0000, 0x0000, 0x0000, 0x0000, 0x0000, 0x0000, 0x0000, 0x0000, 0x0000, 0x0000, 0x0000, 0x0000, 0x0000, 0x0000,
    0x0000, 0x0000, 0x0000, 0x0000, 0x0000, 0x0000, 0x0000, 0x0000, 0x0000, 0x0000, 0x0000, 0x0000, 0x0000, 0x0000, 0x0000, 0x0000,
    0x0000, 0x0000, 0x0000, 0x0000, 0x0000, 0x0000, 0x0000, 0x0000, 0x0000, 0x0000, 0x0000, 0x0000, 0x0000, 0x0000, 0x0000, 0x0000,
    0x0000, 0x0000, 0x0000, 0x0000, 0x0000, 0x0000, 0x0000, 0x0000, 0x0000, 0x0000, 0x0000, 0x0000, 0x0000, 0x0000, 0x0000, 0x0000,
    0x0000, 0x0000, 0x0000, 0x0000, 0x0000, 0x0000, 0x0000, 0x0000, 0x0000, 0x0000, 0x0000, 0x0000, 0x0000, 0x0000, 0x0000, 0x0000,
    0x0000, 0x0000, 0x0000, 0x0000, 0x0000, 0x0000, 0x0000, 0x0000, 0x0000, 0x0000, 0x0000, 0x0000, 0x0000, 0x0000, 0x0000, 0x0000,
    0x528a, 0x6b6d, 0x630c, 0x8c31, 0xb5b6, 0xa534, 0x630c, 0x8c31, 0x630c, 0x630c, 0xb5b6, 0xa534, 0xa534, 0xa534, 0x8c31, 0x630c,
    0x2104, 0x3186, 0x94b2, 0x3186, 0x3186, 0x3186, 0x3186, 0x52aa, 0x3186, 0x3186, 0x630c, 0x94b2, 0x94b2, 0x630c, 0x630c, 0x3186,
    0xd632, 0xde74, 0xef59, 0xde74, 0xd632, 0xe6d6, 0xde74, 0xe6d6, 0xde74, 0xe6d6, 0xde74, 0xde74, 0xd632, 0xde74, 0xde74, 0xe6d6,
    0x0000, 0x0000, 0x0000, 0x0000, 0x0000, 0x0000, 0x0000, 0x0000, 0x0000, 0x0000, 0x0000, 0x0000, 0x0000, 0x0000, 0x0000, 0x0000,
    0x9388, 0x49e4, 0x72c6, 0x5a45, 0x72c6, 0x3943, 0x72c6, 0x5a45, 0x9bc9, 0x5a45, 0x72c6, 0x5a45, 0x72c6, 0x49e4, 0x9388, 0x72c6,
    0x5a45, 0xac6a, 0x93a8, 0xbcab, 0xac6a, 0xac6a, 0xac6a, 0xac6a, 0xac6a, 0xac6a, 0xac6a, 0xac6a, 0xbcab, 0x9c29, 0xac6a, 0x5a45,
    0xc618, 0xf79e, 0xf79e, 0xf79e, 0xf79e, 0xf79e, 0xf79e, 0xef7d, 0xef7d, 0xef7d, 0xe73c, 0xe73c, 0xe73c, 0xe73c, 0xe73c, 0xbdd7,
    0xfde4, 0xff69, 0xff09, 0xff69, 0xff69, 0xff69, 0xff09, 0xfec7, 0xf664, 0xf664, 0xfec7, 0xff09, 0xff09, 0xfec7, 0xff69, 0xd4a6,
    0x3f1c, 0x9ffd, 0x77de, 0x9ffd, 0x9ffd, 0x9ffd, 0x77de, 0x67bc, 0x4f7c, 0x4f7c, 0x67bc, 0x77de, 0x77de, 0x67bc, 0x9ffd, 0x1618,
    0x0000, 0x0000, 0x0000, 0x0000, 0x0000, 0x0000, 0x0000, 0x0000, 0x0000, 0x0000, 0x0000, 0x0000, 0x0000, 0x0000, 0x0000, 0x0000,
    0x0000, 0x0000, 0x0000, 0x0000, 0x0000, 0x0000, 0x0000, 0x0000, 0x0000, 0x0000, 0x0000, 0x0000, 0x0000, 0x0000, 0x0000, 0x0000,
    0x0000, 0x0000, 0x0000, 0x0000, 0x0000, 0x0000, 0x0000, 0x0000, 0x0000, 0x0000, 0x0000, 0x0000, 0x0000, 0x0000, 0x0000, 0x0000,
    0x0000, 0x0000, 0x0000, 0x0000, 0x0000, 0x0000, 0x0000, 0x0000, 0x0000, 0x0000, 0x0000, 0x0000, 0x0000, 0x0000, 0x0000, 0x0000,
    0x0000, 0x0000, 0x0000, 0x0000, 0x0000, 0x0000, 0x0000, 0x0000, 0x0000, 0x0000, 0x0000, 0x0000, 0x0000, 0x0000, 0x0000, 0x0000,
    0x0000, 0x0000, 0x0000, 0x0000, 0x0000, 0x0000, 0x0000, 0x0000, 0x0000, 0x0000, 0x0000, 0x0000, 0x0000, 0x0000, 0x0000, 0x0000,
    0x0000, 0x0000, 0x0000, 0x0000, 0x0000, 0x0000, 0x0000, 0x0000, 0x0000, 0x0000, 0x0000, 0x0000, 0x0000, 0x0000, 0x0000, 0x0000,
    0xb5b6, 0x6b6d, 0xa534, 0xb5b6, 0x8c31, 0x8c31, 0x6b6d, 0x630c, 0x528a, 0x8c31, 0x8c31, 0xb5b6, 0xa534, 0x8c31, 0x6b6d, 0x8c31,
    0x3186, 0x52aa, 0x52aa, 0x52aa, 0x3186, 0x52aa, 0x52aa, 0x3186, 0x3186, 0x2104, 0x52aa, 0x52aa, 0x3186, 0x3186, 0x2104, 0x3186,
    0xde74, 0xd632, 0xde74, 0xde74, 0xe6d6, 0xe6d6, 0xe6d6, 0xde74, 0xd632, 0xde74, 0xe6d6, 0xd632, 0xde74, 0xde74, 0xd632, 0xde74,
    0x0000, 0x0000, 0x0000, 0x0000, 0x0000, 0x0000, 0x0000, 0x0000, 0x0000, 0x0000, 0x0000, 0x0000, 0x0000, 0x0000, 0x0000, 0x0000,
    0x9388, 0x72c6, 0x49e4, 0x72c6, 0x9388, 0x49e4, 0x72c6, 0x49e4, 0x9bc9, 0x5a45, 0x9388, 0x49e4, 0x72c6, 0x49e4, 0x9388, 0x72c6,
    0x49e4, 0xbcab, 0x9c29, 0xbcab, 0xac6a, 0x93a8, 0x93a8, 0x9c29, 0x9c29, 0x93a8, 0x93a8, 0xac6a, 0xbcab, 0x93a8, 0xac6a, 0x49e4,
    0xc618, 0xe73c, 0xe73c, 0xe73c, 0xe73c, 0xe73c, 0xe73c, 0xe73c, 0xe73c, 0xe73c, 0xe73c, 0xe73c, 0xe73c, 0xe73c, 0xe73c, 0xbdd7,
    0xfde4, 0xff69, 0xff69, 0xff69, 0xff69, 0xff09, 0xfec7, 0xf664, 0xf664, 0xfec7, 0xff69, 0xff69, 0xfec7, 0xf664, 0xfde4, 0xcc64,
    0x3f1c, 0x9ffd, 0x9ffd, 0x9ffd, 0x9ffd, 0x77de, 0x67bc, 0x4f7c, 0x4f7c, 0x67bc, 0x9ffd, 0x9ffd, 0x67bc, 0x4f7c, 0x3f1c, 0x0dd7,
    0x0000, 0x0000, 0x0000, 0x0000, 0x0000, 0x0000, 0x0000, 0x0000, 0x0000, 0x0000, 0x0000, 0x0000, 0x0000, 0x0000, 0x0000, 0x0000,
    0x0000, 0x0000, 0x0000, 0x0000, 0x0000, 0x0000, 0x0000, 0x0000, 0x0000, 0x0000, 0x0000, 0x0000, 0x0000, 0x0000, 0x0000, 0x0000,
    0x0000, 0x0000, 0x0000, 0x0000, 0x0000, 0x0000, 0x0000, 0x0000, 0x0000, 0x0000, 0x0000, 0x0000, 0x0000, 0x0000, 0x0000, 0x0000,
    0x0000, 0x0000, 0x0000, 0x0000, 0x0000, 0x0000, 0x0000, 0x0000, 0x0000, 0x0000, 0x0000, 0x0000, 0x0000, 0x0000, 0x0000, 0x0000,
    0x0000, 0x0000, 0x0000, 0x0000, 0x0000, 0x0000, 0x0000, 0x0000, 0x0000, 0x0000, 0x0000, 0x0000, 0x0000, 0x0000, 0x0000, 0x0000,
    0x0000, 0x0000, 0x0000, 0x0000, 0x0000, 0x0000, 0x0000, 0x0000, 0x0000, 0x0000, 0x0000, 0x0000, 0x0000, 0x0000, 0x0000, 0x0000,
    0x0000, 0x0000, 0x0000, 0x0000, 0x0000, 0x0000, 0x0000, 0x0000, 0x0000, 0x0000, 0x0000, 0x0000, 0x0000, 0x0000, 0x0000, 0x0000,
    0xa534, 0x8c31, 0x630c, 0x8c31, 0xa534, 0x8c31, 0x8c31, 0x6b6d, 0x630c, 0x630c, 0x6b6d, 0xa534, 0x8c31, 0x6b6d, 0x630c, 0xb5b6,
    0x94b2, 0x94b2, 0x630c, 0x52aa, 0x630c, 0x94b2, 0x94b2, 0x630c, 0x52aa, 0x630c, 0x94b2, 0x94b2, 0x630c, 0x94b2, 0x3186, 0x2104,
    0xd632, 0xe737, 0xde74, 0xd632, 0xd632, 0xef59, 0xd632, 0xde74, 0xd632, 0xd632, 0xd5d1, 0xde74, 0xde74, 0xd632, 0xde74, 0xd632,
    0x0000, 0x0000, 0x0000, 0x0000, 0x0000, 0x0000, 0x0000, 0x0000, 0x0000, 0x0000, 0x0000, 0x0000, 0x0000, 0x0000, 0x0000, 0x0000,
    0x5a45, 0x72c6, 0x49e4, 0x72c6, 0x9388, 0x5a45, 0x5a45, 0x72c6, 0x9388, 0x72c6, 0x9388, 0x72c6, 0x72c6, 0x49e4, 0x9388, 0x72c6,
    0x5a45, 0xac6a, 0x93a8, 0xac6a, 0xac6a, 0x7b06, 0xac6a, 0xac6a, 0xac6a, 0xac6a, 0x93a8, 0xac6a, 0xac6a, 0x93a8, 0xbcab, 0x5a45,
    0xb596, 0xdefb, 0xdefb, 0xdefb, 0xdefb, 0xdefb, 0xe71c, 0xe71c, 0xe71c, 0xe71c, 0xd6ba, 0xd6ba, 0xd6ba, 0xd6ba, 0xd6ba, 0xb596,
    0xf664, 0xfff2, 0xff69, 0xff69, 0xff09, 0xff09, 0xff09, 0xfec7, 0xfec7, 0xff69, 0xff69, 0xfec7, 0xf664, 0xfde4, 0xfde4, 0xcc64,
    0x4f7c, 0xd7fe, 0x9ffd, 0x9ffd, 0x77de, 0x77de, 0x77de, 0x67bc, 0x67bc, 0x9ffd, 0x9ffd, 0x67bc, 0x4f7c, 0x3f1c, 0x3f1c, 0x0dd7,
    0x0000, 0x0000, 0x0000, 0x0000, 0x0000, 0x0000, 0x0000, 0x0000, 0x0000, 0x0000, 0x0000, 0x0000, 0x0000, 0x0000, 0x0000, 0x0000,
    0x0000, 0x0000, 0x0000, 0x0000, 0x0000, 0x0000, 0x0000, 0x0000, 0x0000, 0x0000, 0x0000, 0x0000, 0x0000, 0x0000, 0x0000, 0x0000,
    0x0000, 0x0000, 0x0000, 0x0000, 0x0000, 0x0000, 0x0000, 0x0000, 0x0000, 0x0000, 0x0000, 0x0000, 0x0000, 0x0000, 0x0000, 0x0000,
    0x0000, 0x0000, 0x0000, 0x0000, 0x0000, 0x0000, 0x0000, 0x0000, 0x0000, 0x0000, 0x0000, 0x0000, 0x0000, 0x0000, 0x0000, 0x0000,
    0x0000, 0x0000, 0x0000, 0x0000, 0x0000, 0x0000, 0x0000, 0x0000, 0x0000, 0x0000, 0x0000, 0x0000, 0x0000, 0x0000, 0x0000, 0x0000,
    0x0000, 0x0000, 0x0000, 0x0000, 0x0000, 0x0000, 0x0000, 0x0000, 0x0000, 0x0000, 0x0000, 0x0000, 0x0000, 0x0000, 0x0000, 0x0000,
    0x0000, 0x0000, 0x0000, 0x0000, 0x0000, 0x0000, 0x0000, 0x0000, 0x0000, 0x0000, 0x0000, 0x0000, 0x0000, 0x0000, 0x0000, 0x0000,
    0x8c31, 0x8c31, 0x6b6d, 0x6b6d, 0x8c31, 0x8c31, 0x6b6d, 0x630c, 0x8c31, 0xb5b6, 0xa534, 0x630c, 0x6b6d, 0x8c31, 0x630c, 0x8c31,
    0x52aa, 0x52aa, 0x52aa, 0x3186, 0x52aa, 0x52aa, 0x52aa, 0x3186, 0x3186, 0x2104, 0x3186, 0x3186, 0x52aa, 0x3186, 0x630c, 0x52aa,
    0xde74, 0xd632, 0xde74, 0xde74, 0xd632, 0xde74, 0xde74, 0xd632, 0xde74, 0xd632, 0xd632, 0xd632, 0xde74, 0xe737, 0xde74, 0xd632,
    0x0000, 0x0000, 0x0000, 0x0000, 0x0000, 0x0000, 0x0000, 0x0000, 0x0000, 0x0000, 0x0000, 0x0000, 0x0000, 0x0000, 0x0000, 0x0000,
    0x5a45, 0x72c6, 0x3943, 0x72c6, 0x9388, 0x72c6, 0x5a45, 0x9388, 0x72c6, 0x72c6, 0x9388, 0x5a45, 0x72c6, 0x5a45, 0x9388, 0x72c6,
    0x5a45, 0xac6a, 0x9c29, 0xbcab, 0xac6a, 0x93a8, 0xac6a, 0x9c29, 0x9c29, 0xac6a, 0x9c29, 0xac6a, 0xbcab, 0x9c29, 0xac6a, 0x5a45,
    0xc618, 0xf79e, 0xf79e, 0xef7d, 0xef7d, 0xef7d, 0xef7d, 0xef7d, 0xe73c, 0xe73c, 0xe73c, 0xe73c, 0xe73c, 0xe73c, 0xe73c, 0xbdd7,
    0xf664, 0xfff2, 0xff69, 0xff09, 0xff09, 0xff09, 0xfec7, 0xfec7, 0xff09, 0xff09, 0xfec7, 0xf664, 0xf664, 0xfde4, 0xf664, 0xcc64,
    0x4f7c, 0xd7fe, 0x9ffd, 0x77de, 0x77de, 0x77de, 0x67bc, 0x67bc, 0x77de, 0x77de, 0x67bc, 0x4f7c, 0x4f7c, 0x3f1c, 0x4f7c, 0x0dd7,
    0x0000, 0x0000, 0x0000, 0x0000, 0x0000, 0x0000, 0x0000, 0x0000, 0x0000, 0x0000, 0x0000, 0x0000, 0x0000, 0x0000, 0x0000, 0x0000,
    0x0000, 0x0000, 0x0000, 0x0000, 0x0000, 0x0000, 0x0000, 0x0000, 0x0000, 0x0000, 0x0000, 0x0000, 0x0000, 0x0000, 0x0000, 0x0000,
    0x0000, 0x0000, 0x0000, 0x0000, 0x0000, 0x0000, 0x0000, 0x0000, 0x0000, 0x0000, 0x0000, 0x0000, 0x0000, 0x0000, 0x0000, 0x0000,
    0x0000, 0x0000, 0x0000, 0x0000, 0x0000, 0x0000, 0x0000, 0x0000, 0x0000, 0x0000, 0x0000, 0x0000, 0x0000, 0x0000, 0x0000, 0x0000,
    0x0000, 0x0000, 0x0000, 0x0000, 0x0000, 0x0000, 0x0000, 0x0000, 0x0000, 0x0000, 0x0000, 0x0000, 0x0000, 0x0000, 0x0000, 0x0000,
    0x0000, 0x0000, 0x0000, 0x0000, 0x0000, 0x0000, 0x0000, 0x0000, 0x0000, 0x0000, 0x0000, 0x0000, 0x0000, 0x0000, 0x0000, 0x0000,
    0x0000, 0x0000, 0x0000, 0x0000, 0x0000, 0x0000, 0x0000, 0x0000, 0x0000, 0x0000, 0x0000, 0x0000, 0x0000, 0x0000, 0x0000, 0x0000,
    0x6b6d, 0x630c, 0xb5b6, 0xa534, 0x6b6d, 0x6b6d, 0x630c, 0x8c31, 0xb5b6, 0x8c31, 0x8c31, 0x8c31, 0x630c, 0x630c, 0x528a, 0x6b6d,
    0x630c, 0x94b2, 0x94b2, 0x52aa, 0x3186, 0x3186, 0x52aa, 0x52aa, 0x630c, 0x94b2, 0x94b2, 0x630c, 0x94b2, 0x94b2, 0x94b2, 0x94b2,
    0xd632, 0xde74, 0xe6d6, 0xde74, 0xde74, 0xe6d6, 0xd632, 0xd5d1, 0xd632, 0xe6d6, 0xd632, 0xde74, 0xe6d6, 0xde74, 0xd632, 0xde74,
    0x0000, 0x0000, 0x0000, 0x0000, 0x0000, 0x0000, 0x0000, 0x0000, 0x0000, 0x0000, 0x0000, 0x0000, 0x0000, 0x0000, 0x0000, 0x0000,
    0x72c6, 0x49e4, 0x3943, 0x9bc9, 0x72c6, 0x72c6, 0x5a45, 0x9388, 0x72c6, 0x5a45, 0x9388, 0x5a45, 0x9388, 0x5a45, 0x9388, 0x72c6,
    0x5a45, 0xac6a, 0x9c29, 0xbcab, 0xac6a, 0x93a8, 0xac6a, 0x9c29, 0x93a8, 0xac6a, 0x93a8, 0xac6a, 0xbcab, 0x93a8, 0xac6a, 0x5a45,
    0xc618, 0xe73c, 0xe73c, 0xe73c, 0xe73c, 0xe73c, 0xe73c, 0xe73c, 0xe73c, 0xe73c, 0xe73c, 0xe73c, 0xe73c, 0xe73c, 0xe73c, 0xbdd7,
    0xfde4, 0xff69, 0xff09, 0xff09, 0xff09, 0xfec7, 0xfec7, 0xff09, 0xff09, 0xfec7, 0xfec7, 0xf664, 0xf664, 0xf664, 0xfec7, 0xd4a6,
    0x3f1c, 0x9ffd, 0x77de, 0x77de, 0x77de, 0x67bc, 0x67bc, 0x77de, 0x77de, 0x67bc, 0x67bc, 0x4f7c, 0x4f7c, 0x4f7c, 0x67bc, 0x1618,
    0x0000, 0x0000, 0x0000, 0x0000, 0x0000, 0x0000, 0x0000, 0x0000, 0x0000, 0x0000, 0x0000, 0x0000, 0x0000, 0x0000, 0x0000, 0x0000,
    0x0000, 0x0000, 0x0000, 0x0000, 0x0000, 0x0000, 0x0000, 0x0000, 0x0000, 0x0000, 0x0000, 0x0000, 0x0000, 0x0000, 0x0000, 0x0000,
    0x0000, 0x0000, 0x0000, 0x0000, 0x0000, 0x0000, 0x0000, 0x0000, 0x0000, 0x0000, 0x0000, 0x0000, 0x0000, 0x0000, 0x0000, 0x0000,
    0x0000, 0x0000, 0x0000, 0x0000, 0x0000, 0x0000, 0x0000, 0x0000, 0x0000, 0x0000, 0x0000, 0x0000, 0x0000, 0x0000, 0x0000, 0x0000,
    0x0000, 0x0000, 0x0000, 0x0000, 0x0000, 0x0000, 0xcccf, 0xcccf, 0xcccf, 0x936a, 0x0000, 0x0000, 0x0000, 0x0000, 0x0000, 0x0000,
    0x0000, 0x0000, 0x0000, 0x0000, 0x0000, 0x0000, 0x0000, 0x0000, 0x0000, 0x0000, 0x0000, 0x0000, 0x0000, 0x0000, 0x0000, 0x0000,
    0x0000, 0x0000, 0x0000, 0x0000, 0x0000, 0x0000, 0x0000, 0x0000, 0x0000, 0x0000, 0x0000, 0x0000, 0x0000, 0x0000, 0x0000, 0x0000,
    0x630c, 0xb5b6, 0xa534, 0x8c31, 0x6b6d, 0x8c31, 0x6b6d, 0x6b6d, 0x8c31, 0x8c31, 0x630c, 0x6b6d, 0x630c, 0x8c31, 0xa534, 0x630c,
    0x52aa, 0x3186, 0x3186, 0x2104, 0x3186, 0x52aa, 0x3186, 0x52aa, 0x3186, 0x630c, 0x52aa, 0x3186, 0x3186, 0x3186, 0x94b2, 0x630c,
    0xe737, 0xde74, 0xd632, 0xde74, 0xde74, 0xde74, 0xd632, 0xd632, 0xde74, 0xd5d1, 0xde74, 0xd632, 0xde74, 0xde74, 0xe6d6, 0xd632,
    0x0000, 0x0000, 0x0000, 0x0000, 0x0000, 0x0000, 0x0000, 0x0000, 0x0000, 0x0000, 0x0000, 0x0000, 0x0000, 0x0000, 0x0000, 0x0000,
    0x72c6, 0x72c6, 0x49e4, 0x9bc9, 0x72c6, 0x72c6, 0x5a45, 0x72c6, 0x72c6, 0x5a45, 0x9388, 0x49e4, 0x9388, 0x72c6, 0x3943, 0x72c6,
    0x49e4, 0xac6a, 0x9c29, 0xbcab, 0xac6a, 0x93a8, 0xac6a, 0xac6a, 0xac6a, 0xac6a, 0x9c29, 0xac6a, 0xac6a, 0x93a8, 0xac6a, 0x49e4,
    0xb596, 0xdefb, 0xdefb, 0xdefb, 0xdefb, 0xdefb, 0xdefb, 0xdefb, 0xdefb, 0xe71c, 0xe71c, 0xe71c, 0xd6ba, 0xd6ba, 0xd6ba, 0xb596,
    0xfde4, 0xff69, 0xff09, 0xff09, 0xfec7, 0xfec7, 0xff09, 0xff09, 0xfec7, 0xfec7, 0xfec7, 0xfec7, 0xf664, 0xff09, 0xfec7, 0xd4a6,
    0x3f1c, 0x9ffd, 0x77de, 0x77de, 0x67bc, 0x67bc, 0x77de, 0x77de, 0x67bc, 0x67bc, 0x67bc, 0x67bc, 0x4f7c, 0x77de, 0x67bc, 0x1618,
    0x0000, 0x0000, 0x0000, 0x0000, 0x0000, 0x0000, 0x0000, 0x0000, 0x0000, 0x0000, 0x0000, 0x0000, 0x0000, 0x0000, 0x0000, 0x0000,
    0x0000, 0x0000, 0x0000, 0x0000, 0x0000, 0x0000, 0x0000, 0x0000, 0x0000, 0x0000, 0x0000, 0x0000, 0x0000, 0x0000, 0x0000, 0x0000,
    0x0000, 0x0000, 0x0000, 0x0000, 0x0000, 0x0000, 0x0000, 0x0000, 0x0000, 0x0000, 0x0000, 0x0000, 0x0000, 0x0000, 0x0000, 0x0000,
    0x0000, 0x0000, 0x0000, 0x0000, 0x0000, 0x0000, 0x9e7a, 0xf945, 0xf945, 0xf945, 0x0000, 0x0000, 0x0000, 0x0000, 0x0000, 0x0000,
    0x0000, 0x0000, 0x0000, 0x0000, 0x0000, 0xcccf, 0xcccf, 0xcccf, 0xcccf, 0x936a, 0x72a8, 0x0000, 0x0000, 0x0000, 0x0000, 0x0000,
    0x0000, 0x0000, 0x0000, 0x0000, 0x0000, 0x0000, 0x0000, 0x0000, 0x0000, 0x0000, 0x0000, 0x0000, 0x0000, 0x0000, 0x0000, 0x0000,
    0x0000, 0x0000, 0x0000, 0x0000, 0x0000, 0x0000, 0x0000, 0x0000, 0x0000, 0x0000, 0x0000, 0x0000, 0x0000, 0x0000, 0x0000, 0x0000,
    0x8c31, 0x6b6d, 0x8c31, 0x6b6d, 0x8c31, 0x630c, 0x630c, 0x528a, 0x630c, 0x6b6d, 0x6b6d, 0x630c, 0x528a, 0xa534, 0xa534, 0xb5b6,
    0x630c, 0x630c, 0x94b2, 0x3186, 0x630c, 0x94b2, 0x94b2, 0x3186, 0x2104, 0x3186, 0x94b2, 0x94b2, 0x94b2, 0x630c, 0x3186, 0x3186,
    0xde74, 0xd5d1, 0xde74, 0xe6d6, 0xde74, 0xd632, 0xde74, 0xe6d6, 0xde74, 0xde74, 0xe6d6, 0xde74, 0xd5d1, 0xd632, 0xde74, 0xe6d6,
    0x0000, 0x0000, 0x0000, 0x0000, 0x0000, 0x0000, 0x0000, 0x0000, 0x0000, 0x0000, 0x0000, 0x0000, 0x0000, 0x0000, 0x0000, 0x0000,
    0x72c6, 0x72c6, 0x72c6, 0x9388, 0x72c6, 0x5a45, 0x72c6, 0x3943, 0x72c6, 0x5a45, 0x72c6, 0x49e4, 0x9388, 0x72c6, 0x3943, 0x72c6,
    0x5a45, 0xac6a, 0x93a8, 0xbcab, 0xac6a, 0x93a8, 0x93a8, 0x7b06, 0x93a8, 0x9c29, 0x9c29, 0xac6a, 0xbcab, 0x9c29, 0xac6a, 0x5a45,
    0xc618, 0xf79e, 0xf79e, 0xf79e, 0xf79e, 0xf79e, 0xf79e, 0xef7d, 0xef7d, 0xef7d, 0xef7d, 0xe73c, 0xe73c, 0xe73c, 0xe73c, 0xbdd7,
    0xfde4, 0xfec7, 0xff09, 0xfec7, 0xfec7, 0xff69, 0xff69, 0xfec7, 0xfec7, 0xfec7, 0xfec7, 0xfec7, 0xff69, 0xff09, 0xf664, 0xcc64,
    0x3f1c, 0x67bc, 0x77de, 0x67bc, 0x67bc, 0x9ffd, 0x9ffd, 0x67bc, 0x67bc, 0x67bc, 0x67bc, 0x67bc, 0x9ffd, 0x77de, 0x4f7c, 0x0dd7,
    0x0000, 0x0000, 0x0000, 0x0000, 0x0000, 0x0000, 0x0000, 0x0000, 0x0000, 0x0000, 0x0000, 0x0000, 0x0000, 0x0000, 0x0000, 0x0000,
    0x0000, 0x0000, 0x0000, 0x0000, 0x0000, 0x0000, 0x0000, 0x0000, 0x0000, 0x0000, 0x0000, 0x0000, 0x0000, 0x0000, 0x0000, 0x0000,
    0x0000, 0x0000, 0x0000, 0x0000, 0x0000, 0x0000, 0x0000, 0x0000, 0x0000, 0x0000, 0x0000, 0x0000, 0x0000, 0x0000, 0x0000, 0x0000,
    0x0000, 0x0000, 0x0000, 0x0000, 0x0000, 0xe082, 0xf945, 0xf945, 0xf945, 0xe082, 0xe082, 0x0000, 0x0000, 0x0000, 0x0000, 0x0000,
    0x0000, 0x0000, 0x0000, 0x0000, 0x936a, 0xcccf, 0xcccf, 0x936a, 0x936a, 0x936a, 0x936a, 0x72a8, 0x0000, 0x0000, 0x0000, 0x0000,
    0x0000, 0x0000, 0x0000, 0x0000, 0x0000, 0x0000, 0x0000, 0x0000, 0x0000, 0x0000, 0x0000, 0x0000, 0x0000, 0x0000, 0x0000, 0x0000,
    0x0000, 0x0000, 0x0000, 0x0000, 0x0000, 0x0000, 0x0000, 0x0000, 0x0000, 0x0000, 0x0000, 0x0000, 0x0000, 0x0000, 0x0000, 0x0000,
    0x8c31, 0x6b6d, 0x6b6d, 0x630c, 0x630c, 0x6b6d, 0x8c31, 0xb5b6, 0xa534, 0x630c, 0x630c, 0x528a, 0x8c31, 0xb5b6, 0xb5b6, 0x8c31,
    0x2104, 0x52aa, 0x52aa, 0x52aa, 0x3186, 0x3186, 0x52aa, 0x630c, 0x94b2, 0x94b2, 0x52aa, 0x630c, 0x630c, 0x94b2, 0x94b2, 0x2104,
    0xd632, 0xd632, 0xde74, 0xde74, 0xe6d6, 0xde74, 0xd632, 0xde74, 0xe6d6, 0xe6d6, 0xd632, 0xd632, 0xd632, 0xde74, 0xd632, 0xde74,
    0x0000, 0x0000, 0x0000, 0x0000, 0x0000, 0x0000, 0x0000, 0x0000, 0x0000, 0x0000, 0x0000, 0x0000, 0x0000, 0x0000, 0x0000, 0x0000,
    0x72c6, 0x49e4, 0x72c6, 0x9388, 0x72c6, 0x5a45, 0x72c6, 0x3943, 0x9bc9, 0x72c6, 0x72c6, 0x3943, 0x9bc9, 0x72c6, 0x49e4, 0x72c6,
    0x5a45, 0xac6a, 0x9c29, 0xbcab, 0xac6a, 0xac6a, 0xac6a, 0xac6a, 0xac6a, 0xac6a, 0xac6a, 0xac6a, 0xbcab, 0x93a8, 0xac6a, 0x5a45,
    0xc618, 0xe73c, 0xe73c, 0xe73c, 0xe73c, 0xe73c, 0xe73c, 0xe73c, 0xe73c, 0xe73c, 0xe73c, 0xe73c, 0xe73c, 0xe73c, 0xe73c, 0xbdd7,
    0xfde4, 0xf664, 0xfec7, 0xfec7, 0xff69, 0xff69, 0xfec7, 0xf664, 0xf664, 0xfec7, 0xf664, 0xff69, 0xff69, 0xfec7, 0xf664, 0xcc64,
    0x3f1c, 0x4f7c, 0x67bc, 0x67bc, 0x9ffd, 0x9ffd, 0x67bc, 0x4f7c, 0x4f7c, 0x67bc, 0x4f7c, 0x9ffd, 0x9ffd, 0x67bc, 0x4f7c, 0x0dd7,
    0x0000, 0x0000, 0x0000, 0x0000, 0x0000, 0x0000, 0x0000, 0x0000, 0x0000, 0x0000, 0x0000, 0x0000, 0x0000, 0x0000, 0x0000, 0x0000,
    0x0000, 0x0000, 0x0000, 0x0000, 0x0000, 0x0000, 0x0000, 0x0000, 0x0000, 0x0000, 0x0000, 0x0000, 0x0000, 0x0000, 0x0000, 0x0000,
    0x0000, 0x0000, 0x0000, 0x0000, 0x0000, 0x0000, 0x0000, 0x0000, 0x0000, 0x0000, 0x0000, 0x0000, 0x0000, 0x0000, 0x0000, 0x0000,
    0x0000, 0x0000, 0x0000, 0x0000, 0xe082, 0xe082, 0xf945, 0xf945, 0xe082, 0xe082, 0x9575, 0xe082, 0x0000, 0x0000, 0x0000, 0x0000,
    0x0000, 0x0000, 0x0000, 0x0000, 0x6a67, 0x936a, 0x72a8, 0x6a67, 0x6a67, 0x72a8, 0x72a8, 0x6a67, 0x0000, 0x0000, 0x0000, 0x0000,
    0x0000, 0x0000, 0x0000, 0x0000, 0x0000, 0x0000, 0x0000, 0x0000, 0x0000, 0x0000, 0x0000, 0x0000, 0x0000, 0x0000, 0x0000, 0x0000,
    0x0000, 0x0000, 0x0000, 0x0000, 0x0000, 0x0000, 0x0000, 0x0000, 0x0000, 0x0000, 0x0000, 0x0000, 0x0000, 0x0000, 0x0000, 0x0000,
    0x6b6d, 0x8c31, 0xb5b6, 0xa534, 0x6b6d, 0x630c, 0xb5b6, 0xa534, 0x8c31, 0xa534, 0x6b6d, 0x630c, 0x8c31, 0x8c31, 0x6b6d, 0x8c31,
    0x52aa, 0x3186, 0x3186, 0x3186, 0x630c, 0x52aa, 0x3186, 0x3186, 0x630c, 0x94b2, 0x3186, 0x3186, 0x3186, 0x3186, 0x3186, 0x52aa,
    0xd632, 0xde74, 0xd632, 0xe6d6, 0xd632, 0xe6d6, 0xde74, 0xd632, 0xe737, 0xef59, 0xe6d6, 0xde74, 0xd632, 0xd632, 0xde74, 0xe6d6,
    0x0000, 0x0000, 0x0000, 0x0000, 0x0000, 0x0000, 0x0000, 0x0000, 0x0000, 0x0000, 0x0000, 0x0000, 0x0000, 0x0000, 0x0000, 0x0000,
    0x9bc9, 0x49e4, 0x72c6, 0x72c6, 0x9388, 0x5a45, 0x9388, 0x3943, 0x9bc9, 0x5a45, 0x72c6, 0x3943, 0x72c6, 0x72c6, 0x5a45, 0x72c6,
    0x49e4, 0xbcab, 0x9c29, 0xbcab, 0xbcab, 0xac6a, 0xbcab, 0xbcab, 0xbcab, 0xbcab, 0xbcab, 0xc4ec, 0xbcab, 0x93a8, 0xac6a, 0x49e4,
    0xb596, 0xdefb, 0xdefb, 0xdefb, 0xdefb, 0xdefb, 0xdefb, 0xe71c, 0xe71c, 0xe71c, 0xe71c, 0xd6ba, 0xd6ba, 0xd6ba, 0xd6ba, 0xb596,
    0xfde4, 0xf664, 0xfec7, 0xff69, 0xff69, 0xfec7, 0xf664, 0xfde4, 0xfde4, 0xf664, 0xff09, 0xff09, 0xfec7, 0xf664, 0xfec7, 0xd4a6,
    0x3f1c, 0x4f7c, 0x67bc, 0x9ffd, 0x9ffd, 0x67bc, 0x4f7c, 0x3f1c, 0x3f1c, 0x4f7c, 0x77de, 0x77de, 0x67bc, 0x4f7c, 0x67bc, 0x1618,
    0x0000, 0x0000, 0x0000, 0x0000, 0x0000, 0x0000, 0x0000, 0x0000, 0x0000, 0x0000, 0x0000, 0x0000, 0x0000, 0x0000, 0x0000, 0x0000,
    0x0000, 0x0000, 0x0000, 0x0000, 0x0000, 0x0000, 0x0000, 0x0000, 0x0000, 0x0000, 0x0000, 0x0000, 0x0000, 0x0000, 0x0000, 0x0000,
    0x0000, 0x0000, 0x0000, 0x0000, 0x0000, 0x0000, 0x0000, 0x0000, 0x0000, 0x0000, 0x0000, 0x0000, 0x0000, 0x0000, 0x0000, 0x0000,
    0x0000, 0x0000, 0x0000, 0x0000, 0x9575, 0xc0e4, 0xe082, 0xe082, 0xc0e4, 0xc0e4, 0xa883, 0xa883, 0x0000, 0x0000, 0x0000, 0x0000,
    0x0000, 0x0000, 0x0000, 0x0000, 0x0000, 0x0000, 0x0000, 0x62a9, 0x49e6, 0x0000, 0x0000, 0x0000, 0x0000, 0x0000, 0x0000, 0x0000,
    0x0000, 0x0000, 0x0000, 0x0000, 0x0000, 0x0000, 0x0000, 0x0000, 0x0000, 0x0000, 0x0000, 0x0000, 0x0000, 0x0000, 0x0000, 0x0000,
    0x0000, 0x0000, 0x0000, 0x0000, 0x0000, 0x0000, 0x0000, 0x0000, 0x0000, 0x0000, 0x0000, 0x0000, 0x0000, 0x0000, 0x0000, 0x0000,
    0x630c, 0xb5b6, 0xa534, 0x8c31, 0x8c31, 0x630c, 0xa534, 0x8c31, 0x6b6d, 0x8c31, 0x8c31, 0x6b6d, 0x630c, 0x630c, 0x8c31, 0x6b6d,
    0x630c, 0x94b2, 0x630c, 0x94b2, 0x52aa, 0x2104, 0x52aa, 0x3186, 0x3186, 0x3186, 0x2104, 0x3186, 0x52aa, 0x630c, 0x94b2, 0x94b2,
    0xe6d6, 0xde74, 0xe6d6, 0xde74, 0xe6d6, 0xd5d1, 0xde74, 0xe6d6, 0xde74, 0xe6d6, 0xde74, 0xe6d6, 0xde74, 0xde74, 0xd632, 0xde74,
    0x0000, 0x0000, 0x0000, 0x0000, 0x0000, 0x0000, 0x0000, 0x0000, 0x0000, 0x0000, 0x0000, 0x0000, 0x0000, 0x0000, 0x0000, 0x0000,
    0x9bc9, 0x72c6, 0x49e4, 0x72c6, 0x9388, 0x72c6, 0x72c6, 0x49e4, 0x9388, 0x5a45, 0x72c6, 0x49e4, 0x72c6, 0x72c6, 0x72c6, 0x72c6,
    0x5a45, 0xbcab, 0x9c29, 0x93a8, 0x9c29, 0x93a8, 0x93a8, 0x93a8, 0x93a8, 0x93a8, 0x93a8, 0x93a8, 0x93a8, 0x93a8, 0xbcab, 0x5a45,
    0xc618, 0xf79e, 0xf79e, 0xf79e, 0xf79e, 0xef7d, 0xef7d, 0xef7d, 0xef7d, 0xe73c, 0xe73c, 0xe73c, 0xe73c, 0xe73c, 0xe73c, 0xbdd7,
    0xfde4, 0xfde4, 0xff09, 0xff09, 0xfec7, 0xf664, 0xfde4, 0xfde4, 0xf664, 0xfec7, 0xfec7, 0xfec7, 0xf664, 0xf664, 0xff09, 0xd4a6,
    0x3f1c, 0x3f1c, 0x77de, 0x77de, 0x67bc, 0x4f7c, 0x3f1c, 0x3f1c, 0x4f7c, 0x67bc, 0x67bc, 0x67bc, 0x4f7c, 0x4f7c, 0x77de, 0x1618,
    0x0000, 0x0000, 0x0000, 0x0000, 0x0000, 0x0000, 0x0000, 0x0000, 0x0000, 0x0000, 0x0000, 0x0000, 0x0000, 0x0000, 0x0000, 0x0000,
    0x0000, 0x0000, 0x0000, 0x0000, 0x0000, 0x0000, 0x0000, 0x0000, 0x0000, 0x0000, 0x0000, 0x0000, 0x0000, 0x0000, 0x0000, 0x0000,
    0x0000, 0x0000, 0x0000, 0x0000, 0x0000, 0x0000, 0x0000, 0x0000, 0x0000, 0x0000, 0x0000, 0x0000, 0x0000, 0x0000, 0x0000, 0x0000,
    0x0000, 0x0000, 0x0000, 0x0000, 0x0000, 0x0000, 0x0000, 0xce2f, 0xad0c, 0x0000, 0x0000, 0x0000, 0x0000, 0x0000, 0x0000, 0x0000,
    0x0000, 0x0000, 0x0000, 0x0000, 0x0000, 0x0000, 0x0000, 0xb4af, 0x62a9, 0x0000, 0x0000, 0x0000, 0x0000, 0x0000, 0x0000, 0x0000,
    0x0000, 0x0000, 0x0000, 0x0000, 0x0000, 0x0000, 0x0000, 0x0000, 0x0000, 0x0000, 0x0000, 0x0000, 0x0000, 0x0000, 0x0000, 0x0000,
    0x0000, 0x0000, 0x0000, 0x0000, 0x0000, 0x0000, 0x0000, 0x0000, 0x0000, 0x0000, 0x0000, 0x0000, 0x0000, 0x0000, 0x0000, 0x0000,
    0xa534, 0xa534, 0x8c31, 0x6b6d, 0x8c31, 0x6b6d, 0x630c, 0x6b6d, 0x8c31, 0x8c31, 0x6b6d, 0x630c, 0xa534, 0x8c31, 0x630c, 0x630c,
    0x630c, 0x630c, 0x52aa, 0x3186, 0x3186, 0x52aa, 0x3186, 0x3186, 0x52aa, 0x630c, 0x94b2, 0x94b2, 0x52aa, 0x3186, 0x3186, 0x52aa,
    0xde74, 0xe6d6, 0xde74, 0xe6d6, 0xef59, 0xe6d6, 0xe6d6, 0xde74, 0xe6d6, 0xde74, 0xe6d6, 0xde74, 0xd5d1, 0xe6d6, 0xde74, 0xde74,
    0x0000, 0x0000, 0x0000, 0x0000, 0x0000, 0x0000, 0x0000, 0x0000, 0x0000, 0x0000, 0x0000, 0x0000, 0x0000, 0x0000, 0x0000, 0x0000,
    0x9388, 0x72c6, 0x49e4, 0x9388, 0x72c6, 0x72c6, 0x9388, 0x3943, 0x72c6, 0x49e4, 0x72c6, 0x49e4, 0x49e4, 0x9388, 0x72c6, 0x72c6,
    0x5a45, 0xbcab, 0xbcab, 0xbcab, 0xac6a, 0xac6a, 0xbcab, 0xac6a, 0xac6a, 0xc4ec, 0xac6a, 0xac6a, 0xbcab, 0xbcab, 0xbcab, 0x5a45,
    0xc618, 0xe73c, 0xe73c, 0xe73c, 0xe73c, 0xe73c, 0xe73c, 0xe73c, 0xe73c, 0xe73c, 0xe73c, 0xe73c, 0xe73c, 0xe73c, 0xe73c, 0xbdd7,
    0xfde4, 0xf664, 0xfde4, 0xf664, 0xf664, 0xfde4, 0xfde4, 0xf664, 0xfec7, 0xfec7, 0xf664, 0xf664, 0xfec7, 0xff09, 0xff69, 0xcc64,
    0x3f1c, 0x4f7c, 0x3f1c, 0x4f7c, 0x4f7c, 0x3f1c, 0x3f1c, 0x4f7c, 0x67bc, 0x67bc, 0x4f7c, 0x4f7c, 0x67bc, 0x77de, 0x9ffd, 0x0dd7,
    0x0000, 0x0000, 0x0000, 0x0000, 0x0000, 0x0000, 0x0000, 0x0000, 0x0000, 0x0000, 0x0000, 0x0000, 0x0000, 0x0000, 0x0000, 0x0000,
    0x0000, 0x0000, 0x0000, 0x0000, 0x0000, 0x0000, 0x0000, 0x0000, 0x0000, 0x0000, 0x0000, 0x0000, 0x0000, 0x0000, 0x0000, 0x0000,
    0x0000, 0x0000, 0x0000, 0x0000, 0x0000, 0x0000, 0x0000, 0x0000, 0x0000, 0x0000, 0x0000, 0x0000, 0x0000, 0x0000, 0x0000, 0x0000,
    0x0000, 0x0000, 0x0000, 0x0000, 0x0000, 0x0000, 0x0000, 0xef59, 0xce2f, 0x0000, 0x0000, 0x0000, 0x0000, 0x0000, 0x0000, 0x0000,
    0x0000, 0x0000, 0x0000, 0x0000, 0x0000, 0x0000, 0x0000, 0xcccf, 0xb4af, 0x0000, 0x0000, 0x0000, 0x0000, 0x0000, 0x0000, 0x0000,
    0x0000, 0x0000, 0x0000, 0x0000, 0x0000, 0x0000, 0x0000, 0x0000, 0x0000, 0x0000, 0x0000, 0x0000, 0x0000, 0x0000, 0x0000, 0x0000,
    0x0000, 0x0000, 0x0000, 0x0000, 0x0000, 0x0000, 0x0000, 0x0000, 0x0000, 0x0000, 0x0000, 0x0000, 0x0000, 0x0000, 0x0000, 0x0000,
    0x630c, 0x8c31, 0x630c, 0x630c, 0x6b6d, 0x8c31, 0x6b6d, 0x630c, 0x6b6d, 0x630c, 0x630c, 0x8c31, 0xb5b6, 0xa534, 0x8c31, 0x6b6d,
    0x3186, 0x2104, 0x3186, 0x3186, 0x2104, 0x94b2, 0x94b2, 0x630c, 0x3186, 0x52aa, 0x630c, 0x2104, 0x3186, 0x3186, 0x52aa, 0x630c,
    0xe6d6, 0xde74, 0xe6d6, 0xde74, 0xe6d6, 0xe6d6, 0xde74, 0xe6d6, 0xde74, 0xd632, 0xde74, 0xde74, 0xe6d6, 0xde74, 0xe6d6, 0xde74,
    0x0000, 0x0000, 0x0000, 0x0000, 0x0000, 0x0000, 0x0000, 0x0000, 0x0000, 0x0000, 0x0000, 0x0000, 0x0000, 0x0000, 0x0000, 0x0000,
    0x9388, 0x72c6, 0x49e4, 0x9388, 0x49e4, 0x72c6, 0x9388, 0x49e4, 0x72c6, 0x49e4, 0x72c6, 0x72c6, 0x49e4, 0x9388, 0x72c6, 0x5a45,
    0x5a45, 0x49e4, 0x5a45, 0x5a45, 0x5a45, 0x49e4, 0x5a45, 0x5a45, 0x72c6, 0x49e4, 0x5a45, 0x5a45, 0x49e4, 0x72c6, 0x5a45, 0x5a45,
    0xc618, 0xc618, 0xc618, 0xc618, 0xc618, 0xc618, 0xc618, 0xbdd7, 0xbdd7, 0xc618, 0xbdd7, 0xbdd7, 0xbdd7, 0xbdd7, 0xbdd7, 0xbdd7,
    0xd4a6, 0xd4a6, 0xcc64, 0xd4a6, 0xd4a6, 0xcc64, 0xcc64, 0xcc64, 0xd4a6, 0xd4a6, 0xcc64, 0xcc64, 0xd4a6, 0xd4a6, 0xcc64, 0xcc64,
    0x1618, 0x1618, 0x0dd7, 0x1618, 0x1618, 0x0dd7, 0x0dd7, 0x0dd7, 0x1618, 0x1618, 0x0dd7, 0x0dd7, 0x1618, 0x1618, 0x0dd7, 0x0dd7,
    0x0000, 0x0000, 0x0000, 0x0000, 0x0000, 0x0000, 0x0000, 0x0000, 0x0000, 0x0000, 0x0000, 0x0000, 0x0000, 0x0000, 0x0000, 0x0000,
    0x0000, 0x0000, 0x0000, 0x0000, 0x0000, 0x0000, 0x0000, 0x0000, 0x0000, 0x0000, 0x0000, 0x0000, 0x0000, 0x0000, 0x0000, 0x0000,
    0x0000, 0x0000, 0x0000, 0x0000, 0x0000, 0x0000, 0x0000, 0x0000, 0x0000, 0x0000, 0x0000, 0x0000, 0x0000, 0x0000, 0x0000, 0x0000,
    0x0000, 0x0000, 0x0000, 0x0000, 0x0000, 0x0000, 0x0000, 0xef59, 0xd695, 0x0000, 0x0000, 0x0000, 0x0000, 0x0000, 0x0000, 0x0000,
    0x0000, 0x0000, 0x0000, 0x0000, 0x0000, 0x0000, 0x0000, 0xcccf, 0xb4af, 0x0000, 0x0000, 0x0000, 0x0000, 0x0000, 0x0000, 0x0000,
    0x0000, 0x0000, 0x0000, 0x0000, 0x0000, 0x0000, 0x0000, 0x0000, 0x0000, 0x0000, 0x0000, 0x0000, 0x0000, 0x0000, 0x0000, 0x0000,
    0x0000, 0x0000, 0x0000, 0x0000, 0x0000, 0x0000, 0x0000, 0x0000, 0x0000, 0x0000, 0x0000, 0x0000, 0x0000, 0x0000, 0x0000, 0x0000,
    0x8c71, 0x8c71, 0x8c71, 0x8c71, 0x73ae, 0x73ae, 0x73ae, 0x7bef, 0x73ae, 0x6b4d, 0x73ae, 0x73ae, 0x7bef, 0x7bef, 0x7bef, 0x7bef,
    0x8c71, 0x7bef, 0x7bef, 0x7bef, 0x7bef, 0x73ae, 0x73ae, 0x7bef, 0x73ae, 0x6b4d, 0x73ae, 0x73ae, 0x73ae, 0x73ae, 0x8c71, 0x8c71,
    0x8c71, 0x8c71, 0x8c71, 0x8c71, 0x7bef, 0x73ae, 0x73ae, 0x7bef, 0x73ae, 0x6b4d, 0x73ae, 0x73ae, 0x7bef, 0x7bef, 0x7bef, 0x7bef,
    0xb46a, 0x9c29, 0x9c29, 0x9ba8, 0x9ba8, 0x7b07, 0x9ba8, 0x9ba8, 0x9ba8, 0x9c29, 0x9c29, 0x9c29, 0x9c29, 0x9ba8, 0x9c29, 0xb46a,
    0x0000, 0x0000, 0x0000, 0x0000, 0x0000, 0x0000, 0x0000, 0x0000, 0x0000, 0x0000, 0x0000, 0x0000, 0x0000, 0x0000, 0x0000, 0x0000,
    0x0000, 0x0000, 0x0000, 0x0000, 0x0000, 0x0000, 0x0000, 0x0000, 0x0000, 0x0000, 0x0000, 0x0000, 0x0000, 0x0000, 0x0000, 0x0000,
    0x0000, 0x0000, 0x0000, 0x0000, 0x0000, 0x0000, 0x0000, 0x0000, 0x0000, 0x0000, 0x0000, 0x0000, 0x0000, 0x0000, 0x0000, 0x0000,
    0x0000, 0x0000, 0x0000, 0x0000, 0x0000, 0x0000, 0x0000, 0x0000, 0x0000, 0x0000, 0x0000, 0x0000, 0x0000, 0x0000, 0x0000, 0x0000,
    0x0000, 0x0000, 0x0000, 0x0000, 0x0000, 0x0000, 0x0000, 0x0000, 0x0000, 0x0000, 0x0000, 0x0000, 0x0000, 0x0000, 0x0000, 0x0000,
    0x0000, 0x0000, 0x0000, 0x0000, 0x0000, 0x0000, 0x0000, 0x0000, 0x0000, 0x0000, 0x0000, 0x0000, 0x0000, 0x0000, 0x0000, 0x0000,
    0x0000, 0x0000, 0x0000, 0x0000, 0x0000, 0x0000, 0x0000, 0x0000, 0x0000, 0x0000, 0x0000, 0x0000, 0x0000, 0x0000, 0x0000, 0x0000,
    0x18a1, 0x0840, 0x0840, 0x18a1, 0x4101, 0x71c4, 0x71c4, 0x71c4, 0x71c4, 0x71c4, 0x71c4, 0x4101, 0x18a1, 0x0840, 0x18a1, 0x18a1,
    0x5269, 0x5269, 0x5269, 0x5269, 0x39c7, 0x5269, 0x5269, 0x5269, 0x39c7, 0x39c7, 0x39c7, 0x5269, 0x39c7, 0x39c7, 0x5269, 0x5269,
    0x5269, 0x5269, 0x5269, 0x5269, 0x39c7, 0x5269, 0x5269, 0x5269, 0x39c7, 0x39c7, 0x39c7, 0x5269, 0x39c7, 0x39c7, 0x5269, 0x5269,
    0x0000, 0x0000, 0x0000, 0x0000, 0x0000, 0x0000, 0x0000, 0x0000, 0x0000, 0x0000, 0x0000, 0x0000, 0x0000, 0x0000, 0x0000, 0x0000,
    0x0000, 0x0000, 0x0000, 0x0000, 0x0000, 0x0000, 0x0000, 0x0000, 0x0000, 0x0000, 0x0000, 0x0000, 0x0000, 0x0000, 0x0000, 0x0000,
    0x7bef, 0x7bef, 0x73ae, 0x7bef, 0x9b84, 0x7bef, 0x7bef, 0x6b4d, 0x7bef, 0x7bef, 0x7bef, 0x6b4d, 0x6b4d, 0x5aeb, 0x7bef, 0x73ae,
    0x7bef, 0x7bef, 0x73ae, 0x6b4d, 0x6b4d, 0x7bef, 0x7bef, 0x8c71, 0x8c71, 0x7bef, 0x7329, 0x8baa, 0x8baa, 0x7329, 0x7bef, 0x73ae,
    0x7bef, 0x7bef, 0x73ae, 0x7bef, 0x73ae, 0x7bef, 0x5aeb, 0x5aeb, 0x5aeb, 0x7bef, 0x7bef, 0x6b4d, 0x6b4d, 0x5aeb, 0x7bef, 0x73ae,
    0xb46a, 0x2902, 0x2902, 0x2902, 0x3142, 0x3142, 0x2902, 0x2902, 0x2902, 0x3142, 0x3142, 0x20e2, 0x32d1, 0x2a6f, 0x2902, 0xb46a,
    0x0000, 0x0000, 0x0000, 0x0000, 0x0000, 0x0000, 0x0000, 0x0000, 0x0000, 0x0000, 0x0000, 0x0000, 0x0000, 0x0000, 0x0000, 0x0000,
    0x0000, 0x0000, 0x0000, 0x0000, 0x0000, 0x0000, 0x0000, 0x0000, 0x0000, 0x0000, 0x0000, 0x0000, 0x0000, 0x0000, 0x0000, 0x0000,
    0x0000, 0x0000, 0x0000, 0x0000, 0x0000, 0x0000, 0x0000, 0x0000, 0x0000, 0x0000, 0x0000, 0x0000, 0x0000, 0x0000, 0x0000, 0x0000,
    0x0000, 0x0000, 0x0000, 0x0000, 0x0000, 0x0000, 0x0000, 0x0000, 0x0000, 0x0000, 0x0000, 0x0000, 0x0000, 0x0000, 0x0000, 0x0000,
    0x0000, 0x0000, 0x0000, 0x0000, 0x0000, 0x0000, 0x0000, 0x0000, 0x0000, 0x0000, 0x0000, 0x0000, 0x0000, 0x0000, 0x0000, 0x0000,
    0x0000, 0x0000, 0x0000, 0x0000, 0x0000, 0x0000, 0x0000, 0x0000, 0x0000, 0x0000, 0x0000, 0x0000, 0x0000, 0x0000, 0x0000, 0x0000,
    0x0000, 0x0000, 0x0000, 0x0000, 0x0000, 0x0000, 0x0000, 0x0000, 0x0000, 0x0000, 0x0000, 0x0000, 0x0000, 0x0000, 0x0000, 0x0000,
    0x0840, 0xbccc, 0xbccc, 0x4101, 0x9ac6, 0xab47, 0xab47, 0xab47, 0xab47, 0xab47, 0xab47, 0x9ac6, 0x4101, 0xbccc, 0xbccc, 0x0840,
    0x5269, 0x6b4d, 0x6b4d, 0x73ae, 0x73ae, 0x6b4d, 0x73ae, 0x6b4d, 0x73ae, 0x73ae, 0x6b4d, 0x73ae, 0x6b4d, 0x73ae, 0x5acb, 0x5269,
    0x5269, 0x5acb, 0x6b4d, 0x6b4d, 0x73ae, 0x6b4d, 0x8430, 0x73ae, 0x6b4d, 0x6b4d, 0x6b4d, 0x73ae, 0x6b4d, 0x6b4d, 0x5acb, 0x5269,
    0x0000, 0x0000, 0x0000, 0x0000, 0x0000, 0x0000, 0x0000, 0x0000, 0x0000, 0x0000, 0x0000, 0x0000, 0x0000, 0x0000, 0x0000, 0x0000,
    0x0000, 0x0000, 0x0000, 0x0000, 0x0000, 0x0000, 0x0000, 0x0000, 0x0000, 0x0000, 0x0000, 0x0000, 0x0000, 0x0000, 0x0000, 0x0000,
    0x7bef, 0x73ae, 0x6b4d, 0x6b4d, 0x8c71, 0x6b4d, 0x5aeb, 0x9b84, 0x6b4d, 0x73ae, 0x73ae, 0x5aeb, 0x5aeb, 0x9b84, 0x9b84, 0x7bef,
    0x7bef, 0x73ae, 0x8baa, 0xac6e, 0x8baa, 0x73ae, 0x7bef, 0x6b4d, 0x73ae, 0x73ae, 0x7bef, 0x8baa, 0xac6e, 0x7bef, 0x7bef, 0x7bef,
    0x7bef, 0x73ae, 0x6b4d, 0x6b4d, 0x73ae, 0x5aeb, 0x2124, 0x39e6, 0x31a6, 0x5aeb, 0x73ae, 0x7bef, 0x2965, 0x31a6, 0x7bef, 0x7bef,
    0xb46a, 0x3142, 0x4183, 0x4183, 0x9082, 0x9082, 0x4183, 0x4183, 0x4183, 0xacc1, 0x8be1, 0x4183, 0x3314, 0x2a6f, 0x3142, 0xb46a,
    0x0000, 0x0000, 0x0000, 0x0000, 0x0000, 0x0000, 0x0000, 0x0000, 0x0000, 0x0000, 0x0000, 0x0000, 0x0000, 0x0000, 0x0000, 0x0000,
    0x0000, 0x0000, 0x0000, 0x0000, 0x0000, 0x0000, 0x0000, 0x0000, 0x0000, 0x0000, 0x0000, 0x0000, 0x0000, 0x0000, 0x0000, 0x0000,
    0x0000, 0x0000, 0x0000, 0x0000, 0x0000, 0x0000, 0x0000, 0x0000, 0x0000, 0x0000, 0x0000, 0x0000, 0x0000, 0x0000, 0x0000, 0x0000,
    0x0000, 0x0000, 0x0000, 0x0000, 0x0000, 0x0000, 0x0000, 0x0000, 0x0000, 0x0000, 0x0000, 0x0000, 0x0000, 0x0000, 0x0000, 0x0000,
    0x0000, 0x0000, 0x0000, 0x0000, 0x0000, 0x0000, 0x0000, 0x0000, 0x0000, 0x0000, 0x0000, 0x0000, 0x0000, 0x0000, 0x0000, 0x0000,
    0x0000, 0x0000, 0x0000, 0x0000, 0x0000, 0x0000, 0x0000, 0x0000, 0x0000, 0x0000, 0x0000, 0x0000, 0x0000, 0x0000, 0x0000, 0x0000,
    0x0000, 0x0000, 0x0000, 0x0000, 0x0000, 0x0000, 0x0000, 0x0000, 0x0000, 0x0000, 0x0000, 0x0000, 0x0000, 0x0000, 0x0000, 0x0000,
    0x0840, 0xbccc, 0x4101, 0xab47, 0xab47, 0xab47, 0xab47, 0xab47, 0xab47, 0xab47, 0xab47, 0xab47, 0xab47, 0x4101, 0xbccc, 0x0840,
    0x39c7, 0x5acb, 0x73ae, 0x9492, 0x73ae, 0x8430, 0x6b4d, 0x73ae, 0x8430, 0x9492, 0x8430, 0x9492, 0x73ae, 0x6b4d, 0x73ae, 0x5269,
    0x5269, 0x5acb, 0x73ae, 0x9492, 0x9492, 0x5acb, 0x6b4d, 0x5acb, 0x8430, 0x8430, 0x73ae, 0x6b4d, 0x8430, 0x8430, 0x73ae, 0x5269,
    0x0000, 0x0000, 0x0000, 0x0000, 0x0000, 0x0000, 0x0000, 0x0000, 0x0000, 0x0000, 0x0000, 0x0000, 0x0000, 0x0000, 0x0000, 0x0000,
    0x0000, 0x0000, 0x0000, 0x0000, 0x0000, 0x0000, 0x0000, 0x0000, 0x0000, 0x0000, 0x0000, 0x0000, 0x0000, 0x0000, 0x0000, 0x0000,
    0x7bef, 0x8c71, 0x8c71, 0x7bef, 0x6b4d, 0x5aeb, 0x9b84, 0xece1, 0x9b84, 0x73ae, 0x7bef, 0x5aeb, 0x9b84, 0xece1, 0x9b84, 0x73ae,
    0x7bef, 0x8baa, 0xac6e, 0xdd72, 0x8c71, 0x7bef, 0x73ae, 0x6b4d, 0x6b4d, 0x6b4d, 0x73ae, 0x7bef, 0x7bef, 0x73ae, 0x73ae, 0x73ae,
    0x7bef, 0x5aeb, 0x73ae, 0x73ae, 0x7bef, 0x2965, 0x39e6, 0x31a6, 0x4a47, 0x2965, 0x2124, 0x7bef, 0x7bef, 0x73ae, 0x73ae, 0x73ae,
    0x9ba8, 0x9082, 0x7180, 0x7180, 0xb8a2, 0x9082, 0x4183, 0x4183, 0x7462, 0xb5b6, 0x8c51, 0x9082, 0x3314, 0x2a6f, 0x146d, 0x9ba8,
    0x0000, 0x0000, 0x0000, 0x0000, 0x0000, 0x0000, 0x0000, 0x0000, 0x0000, 0x0000, 0x0000, 0x0000, 0x0000, 0x0000, 0x0000, 0x0000,
    0x0000, 0x0000, 0x0000, 0x0000, 0x0000, 0x0000, 0x0000, 0x0000, 0x0000, 0x0000, 0x0000, 0x0000, 0x0000, 0x0000, 0x0000, 0x0000,
    0x0000, 0x0000, 0x0000, 0x0000, 0x0000, 0x0000, 0x0000, 0x0000, 0x0000, 0x0000, 0x0000, 0x0000, 0x0000, 0x0000, 0x0000, 0x0000,
    0x0000, 0x0000, 0x0000, 0x0000, 0x0000, 0x0000, 0x0000, 0x0000, 0x0000, 0x0000, 0x0000, 0x0000, 0x0000, 0x0000, 0x0000, 0x0000,
    0x0000, 0x0000, 0x0000, 0x0000, 0x0000, 0x0000, 0x0000, 0x0000, 0x0000, 0x0000, 0x0000, 0x0000, 0x0000, 0x0000, 0x0000, 0x0000,
    0x0000, 0x0000, 0x0000, 0x0000, 0x0000, 0x0000, 0x0000, 0x0000, 0x0000, 0x0000, 0x0000, 0x0000, 0x0000, 0x0000, 0x0000, 0x0000,
    0x0000, 0x0000, 0x0000, 0x0000, 0x0000, 0x0000, 0x0000, 0x0000, 0x0000, 0x0000, 0x0000, 0x0000, 0x0000, 0x0000, 0x0000, 0x0000,
    0x18a1, 0x4101, 0xab47, 0x51c4, 0x4943, 0x51c4, 0x51c4, 0x51c4, 0x4943, 0x4943, 0x4943, 0x4943, 0x51c4, 0xab47, 0x4101, 0x18a1,
    0x5269, 0x6b4d, 0x8430, 0x8430, 0x39c7, 0x2104, 0x2104, 0x2104, 0x2104, 0x2104, 0x2104, 0x39c7, 0x8430, 0x73ae, 0x6b4d, 0x5269,
    0x5269, 0x6b4d, 0x8430, 0x8430, 0x8430, 0x9492, 0x5acb, 0x6b4d, 0x73ae, 0x9492, 0x8430, 0x8430, 0x6b4d, 0x8430, 0x8430, 0x5269,
    0x0000, 0x0000, 0x0000, 0x0000, 0x0000, 0x0000, 0x0000, 0x0000, 0x0000, 0x0000, 0x0000, 0x0000, 0x0000, 0x0000, 0x0000, 0x0000,
    0x0000, 0x0000, 0x0000, 0x0000, 0x0000, 0x0000, 0x0000, 0x0000, 0x0000, 0x0000, 0x0000, 0x0000, 0x0000, 0x0000, 0x0000, 0x0000,
    0x73ae, 0x7bef, 0x7bef, 0x6b4d, 0x5aeb, 0x9b84, 0xece1, 0xff69, 0x9b84, 0x6b4d, 0x8c71, 0x8c71, 0xece1, 0xece1, 0xa514, 0x7bef,
    0x73ae, 0x8c71, 0x8c71, 0x8c71, 0x73ae, 0x6b4d, 0x6b4d, 0x8baa, 0x8baa, 0xac6e, 0xac6e, 0x8baa, 0x6b4d, 0x6b4d, 0x73ae, 0x7bef,
    0x73ae, 0x2124, 0x31a6, 0x73ae, 0x73ae, 0x73ae, 0x5aeb, 0x2965, 0x2124, 0x2124, 0x5aeb, 0x73ae, 0x73ae, 0x73ae, 0x7bef, 0x7bef,
    0xcd2d, 0xb8a2, 0x7180, 0x7180, 0xb8a2, 0x9082, 0x3314, 0x2902, 0x7462, 0xacc1, 0x8be1, 0x9082, 0x3314, 0x2a6f, 0x146d, 0xcd2d,
    0x0000, 0x0000, 0x0000, 0x0000, 0x0000, 0x0000, 0x0000, 0x0000, 0x0000, 0x0000, 0x0000, 0x0000, 0x0000, 0x0000, 0x0000, 0x0000,
    0x0000, 0x0000, 0x0000, 0x0000, 0x0000, 0x0000, 0x0000, 0x0000, 0x0000, 0x0000, 0x0000, 0x0000, 0x0000, 0x0000, 0x0000, 0x0000,
    0x0000, 0x0000, 0x0000, 0x0000, 0x0000, 0x0000, 0x0000, 0x0000, 0x0000, 0x0000, 0x0000, 0x0000, 0x0000, 0x0000, 0x0000, 0x0000,
    0x0000, 0x0000, 0x0000, 0x0000, 0x0000, 0x0000, 0x0000, 0x0000, 0x0000, 0x0000, 0x0000, 0x0000, 0x0000, 0x0000, 0x0000, 0x0000,
    0x0000, 0x0000, 0x0000, 0x0000, 0x0000, 0x0000, 0x0000, 0x0000, 0x0000, 0x0000, 0x0000, 0x0000, 0x0000, 0x0000, 0x0000, 0x0000,
    0x0000, 0x0000, 0x0000, 0x0000, 0x0000, 0x0000, 0x0000, 0x0000, 0x0000, 0x0000, 0x0000, 0x0000, 0x0000, 0x0000, 0x0000, 0x0000,
    0x0000, 0x0000, 0x0000, 0x0000, 0x0000, 0x0000, 0x0000, 0x0000, 0x0000, 0x0000, 0x0000, 0x0000, 0x0000, 0x0000, 0x0000, 0x0000,
    0x4101, 0x9ac6, 0xab47, 0x51c4, 0x9ac6, 0xab47, 0x51c4, 0xab47, 0xab47, 0x4943, 0xab47, 0xab47, 0x51c4, 0xab47, 0x9ac6, 0x4101,
    0x5269, 0x73ae, 0x8430, 0x39c7, 0x1082, 0x1082, 0x1082, 0x1082, 0x1082, 0x1082, 0x1082, 0x1082, 0x39c7, 0x73ae, 0x5acb, 0x39c7,
    0x5269, 0x5acb, 0x73ae, 0x8430, 0x8430, 0x73ae, 0x5acb, 0x73ae, 0x6b4d, 0x8430, 0x9492, 0x8430, 0x5acb, 0x73ae, 0x6b4d, 0x39c7,
    0x0000, 0x0000, 0x0000, 0x0000, 0x0000, 0x0000, 0x0000, 0x0000, 0x0000, 0x0000, 0x0000, 0x0000, 0x0000, 0x0000, 0x0000, 0x0000,
    0x0000, 0x0000, 0x0000, 0x0000, 0x0000, 0x0000, 0x0000, 0x0000, 0x0000, 0x0000, 0x0000, 0x0000, 0x0000, 0x0000, 0x0000, 0x0000,
    0x7bef, 0x8c71, 0x7bef, 0x6b4d, 0xece1, 0xff69, 0xff69, 0xfff6, 0xece1, 0x73ae, 0x73ae, 0x6b4d, 0xa514, 0xa514, 0x73ae, 0x8c71,
    0x7bef, 0x8c71, 0x7bef, 0x7bef, 0x8baa, 0xac6e, 0xdd72, 0xdd72, 0xe615, 0xdd72, 0xac6e, 0x7bef, 0x73ae, 0x8baa, 0xac6e, 0x8c71,
    0x7bef, 0x8c71, 0x8c71, 0x7bef, 0x73ae, 0x7bef, 0x8c71, 0x8c71, 0x8c71, 0x73ae, 0x73ae, 0x5aeb, 0x5aeb, 0x6b4d, 0x73ae, 0x8c71,
    0xb46a, 0xb8a2, 0x7180, 0x6140, 0xb8a2, 0x7180, 0x3314, 0x7462, 0x5b81, 0xacc1, 0x7462, 0x7180, 0x3314, 0x32d1, 0x146d, 0xb46a,
    0x0000, 0x0000, 0x0000, 0x0000, 0x0000, 0x0000, 0x0000, 0x0000, 0x0000, 0x0000, 0x0000, 0x0000, 0x0000, 0x0000, 0x0000, 0x0000,
    0x0000, 0x0000, 0x0000, 0x0000, 0x0000, 0x0000, 0x0000, 0x0000, 0x0000, 0x0000, 0x0000, 0x0000, 0x0000, 0x0000, 0x0000, 0x0000,
    0x0000, 0x0000, 0x0000, 0x0000, 0x0000, 0x0000, 0x0000, 0x0000, 0x0000, 0x0000, 0x0000, 0x0000, 0x0000, 0x0000, 0x0000, 0x0000,
    0x0000, 0x0000, 0x0000, 0x0000, 0x0000, 0x0000, 0x0000, 0x0000, 0x0000, 0x0000, 0x0000, 0x0000, 0x0000, 0x0000, 0x0000, 0x0000,
    0x0000, 0x0000, 0x0000, 0x0000, 0x0000, 0x0000, 0x0000, 0x0000, 0x0000, 0x0000, 0x0000, 0x0000, 0x0000, 0x0000, 0x0000, 0x0000,
    0x0000, 0x0000, 0x0000, 0x0000, 0x0000, 0x0000, 0x0000, 0x0000, 0x0000, 0x0000, 0x0000, 0x0000, 0x0000, 0x0000, 0x0000, 0x0000,
    0x0000, 0x0000, 0x0000, 0x0000, 0x0000, 0x0000, 0x0000, 0x0000, 0x0000, 0x0000, 0x0000, 0x0000, 0x0000, 0x0000, 0x0000, 0x0000,
    0x71c4, 0xab47, 0xab47, 0x51c4, 0xab47, 0xab47, 0x4943, 0x9ac6, 0xab47, 0x51c4, 0x9ac6, 0xab47, 0x51c4, 0xab47, 0xab47, 0x71c4,
    0x39c7, 0x73ae, 0x6b4d, 0x1082, 0x1082, 0x1082, 0x2104, 0x2104, 0x2104, 0x2104, 0x1082, 0x1082, 0x1082, 0x9492, 0x5acb, 0x39c7,
    0x39c7, 0x5acb, 0x5acb, 0x6b4d, 0x6b4d, 0x5acb, 0x8430, 0x9492, 0x8430, 0x6b4d, 0x73ae, 0x8430, 0x6b4d, 0x5269, 0x5269, 0x39c7,
    0x0000, 0x0000, 0x0000, 0x0000, 0x0000, 0x0000, 0x0000, 0x0000, 0x0000, 0x0000, 0x0000, 0x0000, 0x0000, 0x0000, 0x0000, 0x0000,
    0x0000, 0x0000, 0x0000, 0x0000, 0x0000, 0x0000, 0x0000, 0x0000, 0x0000, 0x0000, 0x0000, 0x0000, 0x0000, 0x0000, 0x0000, 0x0000,
    0x73ae, 0x7bef, 0x7bef, 0x8c71, 0xa514, 0xece1, 0xff69, 0xece1, 0x9b84, 0xa514, 0x73ae, 0x73ae, 0x7bef, 0x7bef, 0x7bef, 0x7bef,
    0x73ae, 0x7bef, 0x7bef, 0x8c71, 0x8c71, 0x8c71, 0xac6e, 0xdd72, 0xdd72, 0x8c71, 0x7bef, 0x73ae, 0x7bef, 0x8c71, 0x8c71, 0x7bef,
    0x73ae, 0x8c71, 0x7bef, 0x73ae, 0x5aeb, 0x73ae, 0x73ae, 0x73ae, 0x7bef, 0x73ae, 0x39e6, 0x2965, 0x39e6, 0x5aeb, 0x7bef, 0x7bef,
    0xb46a, 0x9082, 0x6140, 0x4183, 0x9082, 0x7180, 0x2a6f, 0x5b81, 0x3142, 0x8be1, 0x7462, 0x7180, 0x2a6f, 0x32d1, 0x0b4a, 0x9c29,
    0x0000, 0x0000, 0x0000, 0x0000, 0x0000, 0x0000, 0x0000, 0x0000, 0x0000, 0x0000, 0x0000, 0x0000, 0x0000, 0x0000, 0x0000, 0x0000,
    0x0000, 0x0000, 0x0000, 0x0000, 0x0000, 0x0000, 0x0000, 0x0000, 0x0000, 0x0000, 0x0000, 0x0000, 0x0000, 0x0000, 0x0000, 0x0000,
    0x0000, 0x0000, 0x0000, 0x0000, 0x0000, 0x0000, 0x0000, 0x0000, 0x0000, 0x0000, 0x0000, 0x0000, 0x0000, 0x0000, 0x0000, 0x0000,
    0x0000, 0x0000, 0x0000, 0x0000, 0x0000, 0x0000, 0x0000, 0x0000, 0x0000, 0x0000, 0x0000, 0x0000, 0x0000, 0x0000, 0x0000, 0x0000,
    0x0000, 0x0000, 0x0000, 0x0000, 0x0000, 0x0000, 0x0000, 0x0000, 0x0000, 0x0000, 0x0000, 0x0000, 0x0000, 0x0000, 0x0000, 0x0000,
    0x0000, 0x0000, 0x0000, 0x0000, 0x0000, 0x0000, 0x0000, 0x0000, 0x0000, 0x0000, 0x0000, 0x0000, 0x0000, 0x0000, 0x0000, 0x0000,
    0x0000, 0x0000, 0x0000, 0x0000, 0x0000, 0x0000, 0x0000, 0x0000, 0x0000, 0x0000, 0x0000, 0x0000, 0x0000, 0x0000, 0x0000, 0x0000,
    0x71c4, 0xab47, 0xab47, 0x51c4, 0x51c4, 0x4943, 0x51c4, 0x51c4, 0x4943, 0x51c4, 0x51c4, 0x4943, 0x51c4, 0xab47, 0xab47, 0x71c4,
    0x5269, 0x73ae, 0x6b4d, 0x1082, 0x1082, 0x39c7, 0x39c7, 0x39c7, 0x39c7, 0x39c7, 0x39c7, 0x1082, 0x1082, 0x9492, 0x5acb, 0x5269,
    0x5269, 0x6b4d, 0x9492, 0x9492, 0x73ae, 0x6b4d, 0x8430, 0x8430, 0x9492, 0x8430, 0x6b4d, 0x6b4d, 0x73ae, 0x73ae, 0x5acb, 0x5269,
    0x0000, 0x0000, 0x0000, 0x0000, 0x0000, 0x0000, 0x0000, 0x0000, 0x0000, 0x0000, 0x0000, 0x0000, 0x0000, 0x0000, 0x0000, 0x0000,
    0x0000, 0x0000, 0x0000, 0x0000, 0x0000, 0x0000, 0x0000, 0x0000, 0x0000, 0x0000, 0x0000, 0x0000, 0x0000, 0x0000, 0x0000, 0x0000,
    0x73ae, 0x73ae, 0x6b4d, 0x6b4d, 0x73ae, 0xa514, 0xece1, 0xa514, 0xa514, 0x7bef, 0x73ae, 0x73ae, 0x73ae, 0xece1, 0x9b84, 0x7bef,
    0x73ae, 0x73ae, 0x7bef, 0x6b4d, 0x6b4d, 0x73ae, 0x8c71, 0x8c71, 0x8c71, 0x7bef, 0x73ae, 0x6b4d, 0x6b4d, 0x7bef, 0x7bef, 0x7bef,
    0x73ae, 0x5aeb, 0x73ae, 0x5aeb, 0x2124, 0x39e6, 0x2965, 0x5aeb, 0x7bef, 0x7bef, 0x5aeb, 0x39e6, 0x4a47, 0x7bef, 0x8c71, 0x8c71,
    0x9ba8, 0xb46a, 0xbccc, 0xbccc, 0xcd2d, 0xcd2d, 0xcd2d, 0xbccc, 0xb46a, 0xb46a, 0xbccc, 0xbccc, 0xbccc, 0xb46a, 0xb46a, 0x9ba8,
    0x0000, 0x0000, 0x0000, 0x0000, 0x0000, 0x0000, 0x0000, 0x0000, 0x0000, 0x0000, 0x0000, 0x0000, 0x0000, 0x0000, 0x0000, 0x0000,
    0x0000, 0x0000, 0x0000, 0x0000, 0x0000, 0x0000, 0x0000, 0x0000, 0x0000, 0x0000, 0x0000, 0x0000, 0x0000, 0x0000, 0x0000, 0x0000,
    0x0000, 0x0000, 0x0000, 0x0000, 0x0000, 0x0000, 0x0000, 0x0000, 0x0000, 0x0000, 0x0000, 0x0000, 0x0000, 0x0000, 0x0000, 0x0000,
    0x0000, 0x0000, 0x0000, 0x0000, 0x0000, 0x0000, 0x0000, 0x0000, 0x0000, 0x0000, 0x0000, 0x0000, 0x0000, 0x0000, 0x0000, 0x0000,
    0x0000, 0x0000, 0x0000, 0x0000, 0x0000, 0x0000, 0x0000, 0x0000, 0x0000, 0x0000, 0x0000, 0x0000, 0x0000, 0x0000, 0x0000, 0x0000,
    0x0000, 0x0000, 0x0000, 0x0000, 0x0000, 0x0000, 0x0000, 0x0000, 0x0000, 0x0000, 0x0000, 0x0000, 0x0000, 0x0000, 0x0000, 0x0000,
    0x0000, 0x0000, 0x0000, 0x0000, 0x0000, 0x0000, 0x0000, 0x0000, 0x0000, 0x0000, 0x0000, 0x0000, 0x0000, 0x0000, 0x0000, 0x0000,
    0x71c4, 0xab47, 0xab47, 0x51c4, 0xab47, 0xab47, 0x51c4, 0xab47, 0xab47, 0x51c4, 0xab47, 0xab47, 0x51c4, 0xab47, 0xab47, 0x71c4,
    0x39c7, 0x73ae, 0x9492, 0xad55, 0xad55, 0xb596, 0xb596, 0xb596, 0xb596, 0xb596, 0xb596, 0xad55, 0xad55, 0x9492, 0x73ae, 0x39c7,
    0x39c7, 0x73ae, 0x8430, 0x8430, 0x9492, 0x6b4d, 0x8430, 0x8430, 0x73ae, 0x5acb, 0x9492, 0x8430, 0x8430, 0x8430, 0x73ae, 0x39c7,
    0x0000, 0x0000, 0x0000, 0x0000, 0x0000, 0x0000, 0x0000, 0x0000, 0x0000, 0x0000, 0x0000, 0x0000, 0x0000, 0x0000, 0x0000, 0x0000,
    0x0000, 0x0000, 0x0000, 0x0000, 0x0000, 0x0000, 0x0000, 0x0000, 0x0000, 0x0000, 0x0000, 0x0000, 0x0000, 0x0000, 0x0000, 0x0000,
    0x8c71, 0x6b4d, 0x9b84, 0xece1, 0x8c71, 0xa514, 0x9b84, 0xa514, 0x8c71, 0x8c71, 0x7bef, 0x7bef, 0x6b4d, 0x7bef, 0x7bef, 0x73ae,
    0x8c71, 0x8c71, 0x6b4d, 0x8baa, 0xac6e, 0x6b4d, 0x6b4d, 0x73ae, 0x7bef, 0x7329, 0x8baa, 0xac6e, 0x7329, 0x73ae, 0x7bef, 0x73ae,
    0x8c71, 0x73ae, 0x7bef, 0x2124, 0x39e6, 0x4a47, 0x31a6, 0x2965, 0x7bef, 0x73ae, 0x7bef, 0x73ae, 0x73ae, 0x73ae, 0x7bef, 0x73ae,
    0xb46a, 0x9ba8, 0x9ba8, 0x9c29, 0x9c29, 0x7b07, 0x9c29, 0x9ba8, 0x9ba8, 0x9c29, 0x9c29, 0x9c29, 0x9ba8, 0x9ba8, 0x7b07, 0xb46a,
    0x0000, 0x0000, 0x0000, 0x0000, 0x0000, 0x0000, 0x0000, 0x0000, 0x0000, 0x0000, 0x0000, 0x0000, 0x0000, 0x0000, 0x0000, 0x0000,
    0x0000, 0x0000, 0x0000, 0x0000, 0x0000, 0x0000, 0x0000, 0x0000, 0x0000, 0x0000, 0x0000, 0x0000, 0x0000, 0x0000, 0x0000, 0x0000,
    0x0000, 0x0000, 0x0000, 0x0000, 0x0000, 0x0000, 0x0000, 0x0000, 0x0000, 0x0000, 0x0000, 0x0000, 0x0000, 0x0000, 0x0000, 0x0000,
    0x0000, 0x0000, 0x0000, 0x0000, 0x0000, 0x0000, 0x0000, 0x0000, 0x0000, 0x0000, 0x0000, 0x0000, 0x0000, 0x0000, 0x0000, 0x0000,
    0x0000, 0x0000, 0x0000, 0x0000, 0x0000, 0x0000, 0x0000, 0x0000, 0x0000, 0x0000, 0x0000, 0x0000, 0x0000, 0x0000, 0x0000, 0x0000,
    0x0000, 0x0000, 0x0000, 0x0000, 0x0000, 0x0000, 0x0000, 0x0000, 0x0000, 0x0000, 0x0000, 0x0000, 0x0000, 0x0000, 0x0000, 0x0000,
    0x0000, 0x0000, 0x0000, 0x0000, 0x0000, 0x0000, 0x0000, 0x0000, 0x0000, 0x0000, 0x0000, 0x0000, 0x0000, 0x0000, 0x0000, 0x0000,
    0x71c4, 0xab47, 0xab47, 0x51c4, 0xab47, 0xab47, 0x51c4, 0xab47, 0xab47, 0x51c4, 0xab47, 0xab47, 0x51c4, 0xab47, 0xab47, 0x71c4,
    0x39c7, 0x73ae, 0x8430, 0x73ae, 0x6b4d, 0x5acb, 0x73ae, 0x6b4d, 0x5acb, 0x6b4d, 0x73ae, 0x6b4d, 0x73ae, 0x6b4d, 0x6b4d, 0x5269,
    0x39c7, 0x6b4d, 0x73ae, 0x73ae, 0x6b4d, 0x5acb, 0x5acb, 0x73ae, 0x5acb, 0x9492, 0x8430, 0x8430, 0x8430, 0x73ae, 0x6b4d, 0x5269,
    0x0000, 0x0000, 0x0000, 0x0000, 0x0000, 0x0000, 0x0000, 0x0000, 0x0000, 0x0000, 0x0000, 0x0000, 0x0000, 0x0000, 0x0000, 0x0000,
    0x0000, 0x0000, 0x0000, 0x0000, 0x0000, 0x0000, 0x0000, 0x0000, 0x0000, 0x0000, 0x0000, 0x0000, 0x0000, 0x0000, 0x0000, 0x0000,
    0x7bef, 0x73ae, 0xece1, 0xff69, 0xa514, 0x7bef, 0xa514, 0x8c71, 0x8c71, 0x7bef, 0x5aeb, 0x5aeb, 0x5aeb, 0x6b4d, 0x8c71, 0x7bef,
    0x7bef, 0x8c71, 0x7329, 0xac6e, 0xac6e, 0xdd72, 0xdd72, 0x8c71, 0x7bef, 0x8c71, 0xac6e, 0xdd72, 0x8c71, 0x8c71, 0x8c71, 0x7bef,
    0x7bef, 0x8c71, 0x73ae, 0x5aeb, 0x2965, 0x31a6, 0x5aeb, 0x73ae, 0x73ae, 0x8c71, 0x8c71, 0x7bef, 0x7bef, 0x5aeb, 0x5aeb, 0x7bef,
    0xb46a, 0x3142, 0x3142, 0x20e2, 0x20e2, 0x3142, 0x5b81, 0x5341, 0x3142, 0x2902, 0x20e2, 0x3142, 0x3142, 0x20e2, 0x2902, 0xb46a,
    0x0000, 0x0000, 0x0000, 0x0000, 0x0000, 0x0000, 0x0000, 0x0000, 0x0000, 0x0000, 0x0000, 0x0000, 0x0000, 0x0000, 0x0000, 0x0000,
    0x0000, 0x0000, 0x0000, 0x0000, 0x0000, 0x0000, 0x0000, 0x0000, 0x0000, 0x0000, 0x0000, 0x0000, 0x0000, 0x0000, 0x0000, 0x0000,
    0x0000, 0x0000, 0x0000, 0x0000, 0x0000, 0x0000, 0x0000, 0x0000, 0x0000, 0x0000, 0x0000, 0x0000, 0x0000, 0x0000, 0x0000, 0x0000,
    0x0000, 0x0000, 0x0000, 0x0000, 0x0000, 0x0000, 0x0000, 0x0000, 0x0000, 0x0000, 0x0000, 0x0000, 0x0000, 0x0000, 0x0000, 0x0000,
    0x0000, 0x0000, 0x0000, 0x0000, 0x0000, 0x0000, 0x0000, 0x0000, 0x0000, 0x0000, 0x0000, 0x0000, 0x0000, 0x0000, 0x0000, 0x0000,
    0x0000, 0x0000, 0x0000, 0x0000, 0x0000, 0x0000, 0x0000, 0x0000, 0x0000, 0x0000, 0x0000, 0x0000, 0x0000, 0x0000, 0x0000, 0x0000,
    0x0000, 0x0000, 0x0000, 0x0000, 0x0000, 0x0000, 0x0000, 0x0000, 0x0000, 0x0000, 0x0000, 0x0000, 0x0000, 0x0000, 0x0000, 0x0000,
    0x71c4, 0xab47, 0xab47, 0x4943, 0x4943, 0x4943, 0x51c4, 0x4943, 0x4943, 0x51c4, 0x51c4, 0x4943, 0x51c4, 0xab47, 0xab47, 0x71c4,
    0x5269, 0xc638, 0xb596, 0xc638, 0xc638, 0xc638, 0xc638, 0xc638, 0xc638, 0xc638, 0xc638, 0xc638, 0xc638, 0xc638, 0xad55, 0x5269,
    0x5269, 0xc638, 0xb596, 0xc638, 0xc638, 0xc638, 0xc638, 0xc638, 0xc638, 0xc638, 0xc638, 0xc638, 0xc638, 0xc638, 0xad55, 0x5269,
    0x0000, 0x0000, 0x0000, 0x0000, 0x0000, 0x0000, 0x0000, 0x0000, 0x0000, 0x0000, 0x0000, 0x0000, 0x0000, 0x0000, 0x0000, 0x0000,
    0x0000, 0x0000, 0x0000, 0x0000, 0x0000, 0x0000, 0x0000, 0x0000, 0x0000, 0x0000, 0x0000, 0x0000, 0x0000, 0x0000, 0x0000, 0x0000,
    0x6b4d, 0x8c71, 0xa514, 0xa514, 0x8c71, 0x73ae, 0x6b4d, 0x6b4d, 0x73ae, 0x5aeb, 0x9b84, 0x9b84, 0xece1, 0x6b4d, 0x6b4d, 0x73ae,
    0x6b4d, 0x7bef, 0x8c71, 0x8c71, 0xdd72, 0xe615, 0x8c71, 0x6b4d, 0x73ae, 0x7bef, 0x8c71, 0x8c71, 0x7bef, 0x73ae, 0x73ae, 0x73ae,
    0x6b4d, 0x7bef, 0x8c71, 0x73ae, 0x5aeb, 0x5aeb, 0x7bef, 0x73ae, 0x7bef, 0x73ae, 0x73ae, 0x73ae, 0x5aeb, 0x2124, 0x39e6, 0x6b4d,
    0xb46a, 0xb8a2, 0x9082, 0x3142, 0x3314, 0x2a6f, 0x7462, 0x5b81, 0x9082, 0x4183, 0x4183, 0x5b81, 0x5341, 0x4183, 0x3142, 0xb46a,
    0x0000, 0x0000, 0x0000, 0x0000, 0x0000, 0x0000, 0x0000, 0x0000, 0x0000, 0x0000, 0x0000, 0x0000, 0x0000, 0x0000, 0x0000, 0x0000,
    0x0000, 0x0000, 0x0000, 0x0000, 0x0000, 0x0000, 0x0000, 0x0000, 0x0000, 0x0000, 0x0000, 0x0000, 0x0000, 0x0000, 0x0000, 0x0000,
    0x0000, 0x0000, 0x0000, 0x0000, 0x0000, 0x0000, 0x0000, 0x0000, 0x0000, 0x0000, 0x0000, 0x0000, 0x0000, 0x0000, 0x0000, 0x0000,
    0x0000, 0x0000, 0x0000, 0x0000, 0x0000, 0x0000, 0x0000, 0x0000, 0x0000, 0x0000, 0x0000, 0x0000, 0x0000, 0x0000, 0x0000, 0x0000,
    0x0000, 0x0000, 0x0000, 0x0000, 0x0000, 0x0000, 0x0000, 0x0000, 0x0000, 0x0000, 0x0000, 0x0000, 0x0000, 0x0000, 0x0000, 0x0000,
    0x0000, 0x0000, 0x0000, 0x0000, 0x0000, 0x0000, 0x0000, 0x0000, 0x0000, 0x0000, 0x0000, 0x0000, 0x0000, 0x0000, 0x0000, 0x0000,
    0x0000, 0x0000, 0x0000, 0x0000, 0x0000, 0x0000, 0x0000, 0x0000, 0x0000, 0x0000, 0x0000, 0x0000, 0x0000, 0x0000, 0x0000, 0x0000,
    0x71c4, 0xab47, 0xab47, 0x4943, 0x9ac6, 0xab47, 0x4943, 0xab47, 0x9ac6, 0x4943, 0xab47, 0xab47, 0x51c4, 0xab47, 0xab47, 0x71c4,
    0x5269, 0xad55, 0xad55, 0xad55, 0xb596, 0xad55, 0x8430, 0x8430, 0x8430, 0x8430, 0xad55, 0xb596, 0xad55, 0xb596, 0x9cf3, 0x39c7,
    0x5269, 0x9cf3, 0xad55, 0xad55, 0xb596, 0xad55, 0xb596, 0xb596, 0xb596, 0xb596, 0xb596, 0xb596, 0x9cf3, 0xb596, 0x9cf3, 0x39c7,
    0x0000, 0x0000, 0x0000, 0x0000, 0x0000, 0x0000, 0x0000, 0x0000, 0x0000, 0x0000, 0x0000, 0x0000, 0x0000, 0x0000, 0x0000, 0x0000,
    0x0000, 0x0000, 0x0000, 0x0000, 0x0000, 0x0000, 0x0000, 0x0000, 0x0000, 0x0000, 0x0000, 0x0000, 0x0000, 0x0000, 0x0000, 0x0000,
    0x7bef, 0x7bef, 0x6b4d, 0x6b4d, 0x6b4d, 0x8c71, 0x8c71, 0x7bef, 0x6b4d, 0x9b84, 0xece1, 0xece1, 0xfff6, 0xff69, 0x9b84, 0x6b4d,
    0x7bef, 0x7bef, 0x7bef, 0x7bef, 0x8c71, 0x8c71, 0x7bef, 0x8c71, 0x7bef, 0x7bef, 0x7bef, 0x7329, 0x8baa, 0x8c71, 0x7bef, 0x8c71,
    0x7bef, 0x7bef, 0x5aeb, 0x5aeb, 0x73ae, 0x5aeb, 0x7bef, 0x7bef, 0x73ae, 0x7bef, 0x5aeb, 0x5aeb, 0x73ae, 0x73ae, 0x73ae, 0x73ae,
    0x9ba8, 0xb5b6, 0x8c51, 0x0b4a, 0x3314, 0x2a6f, 0x7462, 0x5b81, 0x9082, 0xb8a2, 0x2902, 0x7462, 0x5b81, 0x146d, 0x0b4a, 0x7b07,
    0x0000, 0x0000, 0x0000, 0x0000, 0x0000, 0x0000, 0x0000, 0x0000, 0x0000, 0x0000, 0x0000, 0x0000, 0x0000, 0x0000, 0x0000, 0x0000,
    0x0000, 0x0000, 0x0000, 0x0000, 0x0000, 0x0000, 0x0000, 0x0000, 0x0000, 0x0000, 0x0000, 0x0000, 0x0000, 0x0000, 0x0000, 0x0000,
    0x0000, 0x0000, 0x0000, 0x0000, 0x0000, 0x0000, 0x0000, 0x0000, 0x0000, 0x0000, 0x0000, 0x0000, 0x0000, 0x0000, 0x0000, 0x0000,
    0x0000, 0x0000, 0x0000, 0x0000, 0x0000, 0x0000, 0x0000, 0x0000, 0x0000, 0x0000, 0x0000, 0x0000, 0x0000, 0x0000, 0x0000, 0x0000,
    0x0000, 0x0000, 0x0000, 0x0000, 0x0000, 0x0000, 0x0000, 0x0000, 0x0000, 0x0000, 0x0000, 0x0000, 0x0000, 0x0000, 0x0000, 0x0000,
    0x0000, 0x0000, 0x0000, 0x0000, 0x0000, 0x0000, 0x0000, 0x0000, 0x0000, 0x0000, 0x0000, 0x0000, 0x0000, 0x0000, 0x0000, 0x0000,
    0x0000, 0x0000, 0x0000, 0x0000, 0x0000, 0x0000, 0x0000, 0x0000, 0x0000, 0x0000, 0x0000, 0x0000, 0x0000, 0x0000, 0x0000, 0x0000,
    0x4101, 0x9ac6, 0xab47, 0x51c4, 0x9ac6, 0xab47, 0x4943, 0xab47, 0xab47, 0x4943, 0x9ac6, 0xab47, 0x51c4, 0xab47, 0x9ac6, 0x4101,
    0x5269, 0x9cf3, 0xad55, 0x9492, 0x5acb, 0x2104, 0x1082, 0x1082, 0x1082, 0x1082, 0x2104, 0x5acb, 0x9492, 0xad55, 0x9cf3, 0x5269,
    0x39c7, 0x9cf3, 0x9cf3, 0xad55, 0xad55, 0xad55, 0xad55, 0xad55, 0xad55, 0xad55, 0xad55, 0xad55, 0xad55, 0xad55, 0x9492, 0x5269,
    0x0000, 0x0000, 0x0000, 0x0000, 0x0000, 0x0000, 0x0000, 0x0000, 0x0000, 0x0000, 0x0000, 0x0000, 0x0000, 0x0000, 0x0000, 0x0000,
    0x0000, 0x0000, 0x0000, 0x0000, 0x0000, 0x0000, 0x0000, 0x0000, 0x0000, 0x0000, 0x0000, 0x0000, 0x0000, 0x0000, 0x0000, 0x0000,
    0x7bef, 0x73ae, 0x9b84, 0x9b84, 0xece1, 0x73ae, 0x7bef, 0x9b84, 0x73ae, 0xa514, 0xece1, 0xff69, 0xff69, 0xa514, 0xa514, 0x73ae,
    0x7bef, 0x73ae, 0x6b4d, 0x73ae, 0x8baa, 0xac6e, 0x8c71, 0x73ae, 0x7329, 0x8baa, 0xac6e, 0xdd72, 0xdd72, 0xac6e, 0x8baa, 0x73ae,
    0x7bef, 0x5aeb, 0x2124, 0x4a47, 0x31a6, 0x2124, 0x2124, 0x8c71, 0x8c71, 0x5aeb, 0x4a47, 0x39e6, 0x2124, 0x73ae, 0x6b4d, 0x6b4d,
    0xcd2d, 0xb8a2, 0x9082, 0x0b4a, 0x3314, 0x2a6f, 0x4a49, 0x39e7, 0x7180, 0xb8a2, 0x9082, 0x7462, 0x5b81, 0xb5b6, 0x8c51, 0xcd2d,
    0x0000, 0x0000, 0x0000, 0x0000, 0x0000, 0x0000, 0x0000, 0x0000, 0x0000, 0x0000, 0x0000, 0x0000, 0x0000, 0x0000, 0x0000, 0x0000,
    0x0000, 0x0000, 0x0000, 0x0000, 0x0000, 0x0000, 0x0000, 0x0000, 0x0000, 0x0000, 0x0000, 0x0000, 0x0000, 0x0000, 0x0000, 0x0000,
    0x0000, 0x0000, 0x0000, 0x0000, 0x0000, 0x0000, 0x0000, 0x0000, 0x0000, 0x0000, 0x0000, 0x0000, 0x0000, 0x0000, 0x0000, 0x0000,
    0x0000, 0x0000, 0x0000, 0x0000, 0x0000, 0x0000, 0x0000, 0x0000, 0x0000, 0x0000, 0x0000, 0x0000, 0x0000, 0x0000, 0x0000, 0x0000,
    0x0000, 0x0000, 0x0000, 0x0000, 0x0000, 0x0000, 0x0000, 0x0000, 0x0000, 0x0000, 0x0000, 0x0000, 0x0000, 0x0000, 0x0000, 0x0000,
    0x0000, 0x0000, 0x0000, 0x0000, 0x0000, 0x0000, 0x0000, 0x0000, 0x0000, 0x0000, 0x0000, 0x0000, 0x0000, 0x0000, 0x0000, 0x0000,
    0x0000, 0x0000, 0x0000, 0x0000, 0x0000, 0x0000, 0x0000, 0x0000, 0x0000, 0x0000, 0x0000, 0x0000, 0x0000, 0x0000, 0x0000, 0x0000,
    0x18a1, 0x4101, 0xab47, 0x51c4, 0x51c4, 0x4943, 0x51c4, 0x51c4, 0x51c4, 0x51c4, 0x51c4, 0x51c4, 0x51c4, 0xab47, 0x4101, 0x18a1,
    0x5269, 0x9492, 0x9492, 0x5269, 0x1082, 0x1082, 0x1082, 0x1082, 0x1082, 0x1082, 0x1082, 0x1082, 0x5269, 0x73ae, 0x9cf3, 0x5269,
    0x39c7, 0x9492, 0x9cf3, 0x9cf3, 0x9cf3, 0x9cf3, 0xad55, 0x9cf3, 0xad55, 0xad55, 0xad55, 0xad55, 0xad55, 0x9cf3, 0x9492, 0x5269,
    0x0000, 0x0000, 0x0000, 0x0000, 0x0000, 0x0000, 0x0000, 0x0000, 0x0000, 0x0000, 0x0000, 0x0000, 0x0000, 0x0000, 0x0000, 0x0000,
    0x0000, 0x0000, 0x0000, 0x0000, 0x0000, 0x0000, 0x0000, 0x0000, 0x0000, 0x0000, 0x0000, 0x0000, 0x0000, 0x0000, 0x0000, 0x0000,
    0x8c71, 0x9b84, 0xece1, 0xff69, 0xfff6, 0xff69, 0x8c71, 0xa514, 0x73ae, 0x7bef, 0x9b84, 0xece1, 0xa514, 0x73ae, 0x73ae, 0x8c71,
    0x8c71, 0x8baa, 0xac6e, 0x73ae, 0x7bef, 0x8c71, 0x7bef, 0x73ae, 0x8c71, 0xac6e, 0xdd72, 0xe615, 0xac6e, 0x8c71, 0x8c71, 0x7bef,
    0x8c71, 0x73ae, 0x5aeb, 0x39e6, 0x2124, 0x5aeb, 0x73ae, 0x73ae, 0x73ae, 0x5aeb, 0x31a6, 0x2124, 0x5aeb, 0x73ae, 0x73ae, 0x7bef,
    0xb46a, 0xb8a2, 0x7180, 0x0b4a, 0x3314, 0x32d1, 0x4a49, 0x39e7, 0x3142, 0x9082, 0xb8a2, 0x7462, 0x5b81, 0x146d, 0x0b4a, 0xb46a,
    0x0000, 0x0000, 0x0000, 0x0000, 0x0000, 0x0000, 0x0000, 0x0000, 0x0000, 0x0000, 0x0000, 0x0000, 0x0000, 0x0000, 0x0000, 0x0000,
    0x0000, 0x0000, 0x0000, 0x0000, 0x0000, 0x0000, 0x0000, 0x0000, 0x0000, 0x0000, 0x0000, 0x0000, 0x0000, 0x0000, 0x0000, 0x0000,
    0x0000, 0x0000, 0x0000, 0x0000, 0x0000, 0x0000, 0x0000, 0x0000, 0x0000, 0x0000, 0x0000, 0x0000, 0x0000, 0x0000, 0x0000, 0x0000,
    0x0000, 0x0000, 0x0000, 0x0000, 0x0000, 0x0000, 0x0000, 0x0000, 0x0000, 0x0000, 0x0000, 0x0000, 0x0000, 0x0000, 0x0000, 0x0000,
    0x0000, 0x0000, 0x0000, 0x0000, 0x0000, 0x0000, 0x0000, 0x0000, 0x0000, 0x0000, 0x0000, 0x0000, 0x0000, 0x0000, 0x0000, 0x0000,
    0x0000, 0x0000, 0x0000, 0x0000, 0x0000, 0x0000, 0x0000, 0x0000, 0x0000, 0x0000, 0x0000, 0x0000, 0x0000, 0x0000, 0x0000, 0x0000,
    0x0000, 0x0000, 0x0000, 0x0000, 0x0000, 0x0000, 0x0000, 0x0000, 0x0000, 0x0000, 0x0000, 0x0000, 0x0000, 0x0000, 0x0000, 0x0000,
    0x0840, 0xbccc, 0x4101, 0xab47, 0xab47, 0xab47, 0xab47, 0xab47, 0xab47, 0xab47, 0xab47, 0xab47, 0xab47, 0x4101, 0xbccc, 0x0840,
    0x5269, 0x73ae, 0x9492, 0x1082, 0x1082, 0x1082, 0x2104, 0x2104, 0x2104, 0x2104, 0x1082, 0x1082, 0x1082, 0x9cf3, 0x9492, 0x5269,
    0x5269, 0x7bef, 0x9492, 0x9cf3, 0x9492, 0x9cf3, 0x9cf3, 0x9cf3, 0x9cf3, 0xad55, 0x9cf3, 0x9492, 0x9cf3, 0x9492, 0x7bef, 0x5269,
    0x0000, 0x0000, 0x0000, 0x0000, 0x0000, 0x0000, 0x0000, 0x0000, 0x0000, 0x0000, 0x0000, 0x0000, 0x0000, 0x0000, 0x0000, 0x0000,
    0x0000, 0x0000, 0x0000, 0x0000, 0x0000, 0x0000, 0x0000, 0x0000, 0x0000, 0x0000, 0x0000, 0x0000, 0x0000, 0x0000, 0x0000, 0x0000,
    0x7bef, 0x73ae, 0xa514, 0xece1, 0xff69, 0x8c71, 0x7bef, 0x7bef, 0x7bef, 0x7bef, 0xa514, 0xa514, 0x8c71, 0x8c71, 0xece1, 0x8c71,
    0x7bef, 0x8c71, 0x8baa, 0x7329, 0x73ae, 0x7bef, 0x7bef, 0x7bef, 0x7bef, 0x8c71, 0x8c71, 0x8c71, 0x8c71, 0x7bef, 0x7bef, 0x7bef,
    0x7bef, 0x73ae, 0x73ae, 0x73ae, 0x7bef, 0x7bef, 0x31a6, 0x2965, 0x7bef, 0x7bef, 0x5aeb, 0x7bef, 0x7bef, 0x7bef, 0x8c71, 0x8c71,
    0x9c29, 0x9082, 0x7180, 0x6aa6, 0x2a6f, 0x32d1, 0x5b81, 0x5b81, 0x6aa6, 0x7180, 0x9082, 0x5b81, 0x5341, 0x0b4a, 0x2a6f, 0xb46a,
    0x0000, 0x0000, 0x0000, 0x0000, 0x0000, 0x0000, 0x0000, 0x0000, 0x0000, 0x0000, 0x0000, 0x0000, 0x0000, 0x0000, 0x0000, 0x0000,
    0x0000, 0x0000, 0x0000, 0x0000, 0x0000, 0x0000, 0x0000, 0x0000, 0x0000, 0x0000, 0x0000, 0x0000, 0x0000, 0x0000, 0x0000, 0x0000,
    0x0000, 0x0000, 0x0000, 0x0000, 0x0000, 0x0000, 0x0000, 0x0000, 0x0000, 0x0000, 0x0000, 0x0000, 0x0000, 0x0000, 0x0000, 0x0000,
    0x0000, 0x0000, 0x0000, 0x0000, 0x0000, 0x0000, 0x0000, 0x0000, 0x0000, 0x0000, 0x0000, 0x0000, 0x0000, 0x0000, 0x0000, 0x0000,
    0x0000, 0x0000, 0x0000, 0x0000, 0x0000, 0x0000, 0x0000, 0x0000, 0x0000, 0x0000, 0x0000, 0x0000, 0x0000, 0x0000, 0x0000, 0x0000,
    0x0000, 0x0000, 0x0000, 0x0000, 0x0000, 0x0000, 0x0000, 0x0000, 0x0000, 0x0000, 0x0000, 0x0000, 0x0000, 0x0000, 0x0000, 0x0000,
    0x0000, 0x0000, 0x0000, 0x0000, 0x0000, 0x0000, 0x0000, 0x0000, 0x0000, 0x0000, 0x0000, 0x0000, 0x0000, 0x0000, 0x0000, 0x0000,
    0x18a1, 0xbccc, 0xbccc, 0x4101, 0x9ac6, 0xab47, 0xab47, 0xab47, 0xab47, 0xab47, 0xab47, 0x9ac6, 0x4101, 0xbccc, 0xbccc, 0x18a1,
    0x39c7, 0x9492, 0x73ae, 0x1082, 0x2104, 0x2104, 0x2104, 0x2104, 0x2104, 0x2104, 0x2104, 0x2104, 0x1082, 0x73ae, 0x9cf3, 0x39c7,
    0x5269, 0x6b4d, 0x6b4d, 0x73ae, 0x73ae, 0x6b4d, 0x73ae, 0x73ae, 0x73ae, 0x73ae, 0x73ae, 0x73ae, 0x6b4d, 0x6b4d, 0x6b4d, 0x5269,
    0x0000, 0x0000, 0x0000, 0x0000, 0x0000, 0x0000, 0x0000, 0x0000, 0x0000, 0x0000, 0x0000, 0x0000, 0x0000, 0x0000, 0x0000, 0x0000,
    0x0000, 0x0000, 0x0000, 0x0000, 0x0000, 0x0000, 0x0000, 0x0000, 0x0000, 0x0000, 0x0000, 0x0000, 0x0000, 0x0000, 0x0000, 0x0000,
    0x7bef, 0x7bef, 0x7bef, 0x8c71, 0xa514, 0x7bef, 0x73ae, 0x73ae, 0x7bef, 0x8c71, 0x8c71, 0x7bef, 0x7bef, 0x73ae, 0x7bef, 0x7bef,
    0x7bef, 0x7bef, 0x8c71, 0x8c71, 0x7bef, 0x7bef, 0x73ae, 0x73ae, 0x7bef, 0x7bef, 0x8c71, 0x8c71, 0x7bef, 0x73ae, 0x7bef, 0x7bef,
    0x7bef, 0x7bef, 0x73ae, 0x73ae, 0x73ae, 0x7bef, 0x8c71, 0x73ae, 0x7bef, 0x8c71, 0x8c71, 0x7bef, 0x7bef, 0x73ae, 0x7bef, 0x7bef,
    0xb46a, 0xbccc, 0xbccc, 0xcd2d, 0xcd2d, 0xcd2d, 0xbccc, 0xb46a, 0xb46a, 0xbccc, 0xbccc, 0xbccc, 0xbccc, 0xb46a, 0xb46a, 0xb46a,
    0x0000, 0x0000, 0x0000, 0x0000, 0x0000, 0x0000, 0x0000, 0x0000, 0x0000, 0x0000, 0x0000, 0x0000, 0x0000, 0x0000, 0x0000, 0x0000,
    0x0000, 0x0000, 0x0000, 0x0000, 0x0000, 0x0000, 0x0000, 0x0000, 0x0000, 0x0000, 0x0000, 0x0000, 0x0000, 0x0000, 0x0000, 0x0000,
    0x0000, 0x0000, 0x0000, 0x0000, 0x0000, 0x0000, 0x0000, 0x0000, 0x0000, 0x0000, 0x0000, 0x0000, 0x0000, 0x0000, 0x0000, 0x0000,
    0x0000, 0x0000, 0x0000, 0x0000, 0x0000, 0x0000, 0x0000, 0x0000, 0x0000, 0x0000, 0x0000, 0x0000, 0x0000, 0x0000, 0x0000, 0x0000,
    0x0000, 0x0000, 0x0000, 0x0000, 0x0000, 0x0000, 0x0000, 0x0000, 0x0000, 0x0000, 0x0000, 0x0000, 0x0000, 0x0000, 0x0000, 0x0000,
    0x0000, 0x0000, 0x0000, 0x0000, 0x0000, 0x0000, 0x0000, 0x0000, 0x0000, 0x0000, 0x0000, 0x0000, 0x0000, 0x0000, 0x0000, 0x0000,
    0x0000, 0x0000, 0x0000, 0x0000, 0x0000, 0x0000, 0x0000, 0x0000, 0x0000, 0x0000, 0x0000, 0x0000, 0x0000, 0x0000, 0x0000, 0x0000,
    0x18a1, 0x18a1, 0x0840, 0x18a1, 0x4101, 0x71c4, 0x71c4, 0x71c4, 0x71c4, 0x71c4, 0x71c4, 0x4101, 0x18a1, 0x0840, 0x0840, 0x18a1,
    0x39c7, 0x6b4d, 0x39c7, 0x39c7, 0x39c7, 0x5269, 0x5269, 0x5269, 0x5269, 0x5269, 0x5269, 0x39c7, 0x39c7, 0x39c7, 0x6b4d, 0x39c7,
    0x5269, 0x5269, 0x5269, 0x5269, 0x39c7, 0x5269, 0x5269, 0x5269, 0x39c7, 0x39c7, 0x39c7, 0x39c7, 0x5269, 0x5269, 0x5269, 0x5269,
    0x0000, 0x0000, 0x0000, 0x0000, 0x0000, 0x0000, 0x0000, 0x0000, 0x0000, 0x0000, 0x0000, 0x0000, 0x0000, 0x0000, 0x0000, 0x0000,
    0x0000, 0x0000, 0x0000, 0x0000, 0x0000, 0x0000, 0x0000, 0x0000, 0x0000, 0x0000, 0x0000, 0x0000, 0x0000, 0x0000, 0x0000, 0x0000,
    0xce69, 0xce69, 0xce69, 0x9c67, 0x9c67, 0xc5e9, 0xce69, 0xb569, 0xce69, 0xc5e9, 0xce69, 0xc5e9, 0xb569, 0x9c67, 0xce69, 0xe70a,
    0xd75d, 0xd75d, 0xd75d, 0xd75d, 0xd75d, 0xd75d, 0xd75d, 0xd75d, 0xd75d, 0xd75d, 0xd75d, 0xd75d, 0xd75d, 0xd75d, 0xd75d, 0xae9b,
    0x8c71, 0x7bef, 0x7bef, 0x8c71, 0x7bef, 0x73ae, 0x73ae, 0x7bef, 0x73ae, 0x632c, 0x73ae, 0x73ae, 0x7bef, 0x8c71, 0x8c71, 0x8c71,
    0x9471, 0x9471, 0x9471, 0x9471, 0x7bef, 0x73ae, 0x73ae, 0x7bef, 0x73ae, 0x6b4d, 0x73ae, 0x73ae, 0x7bef, 0x7bef, 0x7bef, 0x7bef,
    0x6b2d, 0x6b2d, 0x0000, 0xbdf7, 0x0000, 0x9cd3, 0x9cd3, 0x0000, 0x73ae, 0x73ae, 0x6b2d, 0x9cd3, 0x0000, 0x0000, 0xbdf7, 0x73ae,
    0x6b2d, 0x6b2d, 0x9492, 0xbdf7, 0x9492, 0x9cd3, 0x9cd3, 0x8c71, 0x73ae, 0x73ae, 0x6b2d, 0x9cd3, 0x9cd3, 0xbdf7, 0xbdf7, 0x73ae,
    0x0000, 0x0000, 0x0000, 0x0000, 0x0000, 0x0000, 0x0000, 0x0000, 0x0000, 0x0000, 0x0000, 0x0000, 0x0000, 0x0000, 0x0000, 0x0000,
    0x0000, 0x0000, 0x0000, 0x0000, 0x0000, 0x0000, 0x0000, 0x0000, 0x0000, 0x0000, 0x0000, 0x0000, 0x0000, 0x0000, 0x0000, 0x0000,
    0x0000, 0x0000, 0x0000, 0x0000, 0x0000, 0x0000, 0x0000, 0x0000, 0x0000, 0x0000, 0x0000, 0x0000, 0x0000, 0x0000, 0x0000, 0x0000,
    0x0000, 0x0000, 0x0000, 0x0000, 0x0000, 0x0000, 0x0000, 0x0000, 0x0000, 0x0000, 0x0000, 0x0000, 0x0000, 0x0000, 0x0000, 0x0000,
    0x0000, 0x0000, 0x0000, 0x0000, 0x0000, 0x0000, 0x0000, 0x0000, 0x0000, 0x0000, 0x0000, 0x0000, 0x0000, 0x0000, 0x0000, 0x0000,
    0x18a1, 0xac6a, 0xbcab, 0xc4ec, 0xc4ec, 0x3902, 0x71c4, 0x4943, 0x4943, 0x71c4, 0x3902, 0xc4ec, 0xc4ec, 0xc4ec, 0xbcab, 0x18a1,
    0x18a1, 0xac6a, 0xbcab, 0xc4ec, 0xc4ec, 0x3902, 0x71c4, 0x4943, 0x4943, 0x71c4, 0x3902, 0xc4ec, 0xc4ec, 0xc4ec, 0xbcab, 0x18a1,
    0x0000, 0x0000, 0x0000, 0x0000, 0x0000, 0x0000, 0x0000, 0x0000, 0x0000, 0x0000, 0x0000, 0x0000, 0x0000, 0x0000, 0x0000, 0x0000,
    0x5269, 0x5269, 0x5269, 0x5269, 0x39c7, 0x5269, 0x5269, 0x5269, 0x39c7, 0x39c7, 0x39c7, 0x5269, 0x39c7, 0x39c7, 0x5269, 0x5269,
    0x0000, 0x0000, 0x0000, 0x0000, 0x0000, 0x0000, 0x0000, 0x0000, 0x0000, 0x0000, 0x0000, 0x0000, 0x0000, 0x0000, 0x0000, 0x0000,
    0xc5e9, 0xe70a, 0xce69, 0xc5e9, 0xc5e9, 0xce69, 0xce69, 0xc5e9, 0x9c67, 0xb569, 0xce69, 0xce69, 0xc5e9, 0x9c67, 0xce69, 0xce69,
    0xd75d, 0x0000, 0x0000, 0x0000, 0x0000, 0x0000, 0x0000, 0x0000, 0x0000, 0x0000, 0x0000, 0x0000, 0x0000, 0x0000, 0x0000, 0xae9b,
    0x7bef, 0x7bef, 0x73ae, 0x7bef, 0x632c, 0x8c71, 0x8c71, 0x8c71, 0x8c71, 0x7bef, 0x7bef, 0x73ae, 0x632c, 0x632c, 0x73ae, 0x7bef,
    0x7bef, 0x7bef, 0x73ae, 0x7bef, 0x73ae, 0x7bef, 0x7bef, 0x7bef, 0x7bef, 0x7bef, 0x7bef, 0x6b4d, 0x6b4d, 0x73ae, 0x7bef, 0x73ae,
    0x9cd3, 0x0000, 0x0000, 0x0000, 0x6b2d, 0x6b2d, 0x73ae, 0x9cd3, 0x0000, 0x9cd3, 0x73ae, 0x9cd3, 0x0000, 0xbdf7, 0x9cd3, 0xbdf7,
    0x9cd3, 0x83f0, 0x73ae, 0x8c31, 0x6b2d, 0x6b2d, 0x73ae, 0x9cd3, 0x9cd3, 0x9cd3, 0x73ae, 0x9cd3, 0xad55, 0xbdf7, 0x9cd3, 0xbdf7,
    0x0000, 0x0000, 0x0000, 0x0000, 0x0000, 0x0000, 0x0000, 0x0000, 0x0000, 0x0000, 0x0000, 0x0000, 0x0000, 0x0000, 0x0000, 0x0000,
    0x0000, 0x0000, 0x0000, 0x0000, 0x0000, 0x0000, 0x0000, 0x0000, 0x0000, 0x0000, 0x0000, 0x0000, 0x0000, 0x0000, 0x0000, 0x0000,
    0x0000, 0x0000, 0x0000, 0x0000, 0x0000, 0x0000, 0x0000, 0x0000, 0x0000, 0x0000, 0x0000, 0x0000, 0x0000, 0x0000, 0x0000, 0x0000,
    0x0000, 0x0000, 0x0000, 0x0000, 0x0000, 0x0000, 0x0000, 0x0000, 0x0000, 0x0000, 0x0000, 0x0000, 0x0000, 0x0000, 0x0000, 0x0000,
    0x0000, 0x0000, 0x0000, 0x0000, 0x0000, 0x0000, 0x0000, 0x0000, 0x0000, 0x0000, 0x0000, 0x0000, 0x0000, 0x0000, 0x0000, 0x0000,
    0x18a1, 0xbcab, 0xac6a, 0xac6a, 0x93a8, 0x9c29, 0x3902, 0x4943, 0x4943, 0x3902, 0xac6a, 0xac6a, 0xbcab, 0xbcab, 0x9c29, 0x18a1,
    0x18a1, 0xbcab, 0xac6a, 0xac6a, 0x93a8, 0x9c29, 0x3902, 0x4943, 0x4943, 0x3902, 0xac6a, 0xac6a, 0xbcab, 0xbcab, 0x9c29, 0x18a1,
    0x0000, 0x0000, 0x0000, 0x0000, 0x0000, 0x0000, 0x0000, 0x0000, 0x0000, 0x0000, 0x0000, 0x0000, 0x0000, 0x0000, 0x0000, 0x0000,
    0x5269, 0x5acb, 0x5acb, 0x5acb, 0x6b4d, 0x8430, 0x8430, 0x73ae, 0x5acb, 0x6b4d, 0x6b4d, 0x73ae, 0x8430, 0x6b4d, 0x5acb, 0x5269,
    0x0000, 0x0000, 0x0000, 0x0000, 0x0000, 0x0000, 0x0000, 0x0000, 0x0000, 0x0000, 0x0000, 0x0000, 0x0000, 0x0000, 0x0000, 0x0000,
    0xb569, 0xce69, 0xc5e9, 0x9c67, 0xc5e9, 0xe70a, 0xc5e9, 0xc5e9, 0x9c67, 0x9c67, 0xe70a, 0xe70a, 0xc5e9, 0xc5e9, 0xc5e9, 0xc5e9,
    0xd75d, 0x0000, 0x0000, 0x0000, 0xd75d, 0x0000, 0x0000, 0x0000, 0x0000, 0x0000, 0x0000, 0x0000, 0x0000, 0x0000, 0x0000, 0x7d76,
    0x7bef, 0x73ae, 0x632c, 0x632c, 0x1e9a, 0x8c71, 0x7bef, 0x632c, 0x632c, 0x73ae, 0x73ae, 0x632c, 0x773a, 0x24b3, 0x7bef, 0x7bef,
    0x7bef, 0x73ae, 0x6b4d, 0x6b4d, 0x73ae, 0x6b4d, 0x6aeb, 0x6aeb, 0x73ae, 0x73ae, 0x73ae, 0x7bef, 0x7bef, 0x7bef, 0x7bef, 0x7bef,
    0x0000, 0x0000, 0x73ae, 0x73ae, 0x0000, 0x9cd3, 0x9cd3, 0x73ae, 0xbdf7, 0x0000, 0x9cd3, 0x0000, 0x0000, 0xbdf7, 0xbdf7, 0xbdf7,
    0x9cd3, 0x8430, 0x73ae, 0x73ae, 0x73ae, 0x9cd3, 0x9cd3, 0x73ae, 0xbdf7, 0x94b2, 0x9cd3, 0x9cd3, 0xbdf7, 0xbdf7, 0xbdf7, 0xbdf7,
    0x0000, 0x0000, 0x0000, 0x0000, 0x0000, 0x0000, 0x0000, 0x0000, 0x0000, 0x0000, 0x0000, 0x0000, 0x0000, 0x0000, 0x0000, 0x0000,
    0x0000, 0x0000, 0x0000, 0x0000, 0x0000, 0x0000, 0x0000, 0x0000, 0x0000, 0x0000, 0x0000, 0x0000, 0x0000, 0x0000, 0x0000, 0x0000,
    0x0000, 0x0000, 0x0000, 0x0000, 0x0000, 0x0000, 0x0000, 0x0000, 0x0000, 0x0000, 0x0000, 0x0000, 0x0000, 0x0000, 0x0000, 0x0000,
    0x0000, 0x0000, 0x0000, 0x0000, 0x0000, 0x0000, 0x0000, 0x0000, 0x0000, 0x0000, 0x0000, 0x0000, 0x0000, 0x0000, 0x0000, 0x0000,
    0x0000, 0x0000, 0x0000, 0x0000, 0x0000, 0x0000, 0x0000, 0x0000, 0x0000, 0x0000, 0x0000, 0x0000, 0x0000, 0x0000, 0x0000, 0x0000,
    0x18a1, 0xbcab, 0xbcab, 0xbcab, 0xac6a, 0xbcab, 0xac6a, 0x2102, 0x2102, 0x9c29, 0x9c29, 0xac6a, 0xac6a, 0xbcab, 0xbcab, 0x18a1,
    0x18a1, 0xbcab, 0xbcab, 0xbcab, 0xac6a, 0xbcab, 0xac6a, 0x3902, 0x3902, 0x9c29, 0x9c29, 0xac6a, 0xac6a, 0xbcab, 0xbcab, 0x18a1,
    0x0000, 0x0000, 0x0000, 0x0000, 0x0000, 0x0000, 0x0000, 0x0000, 0x0000, 0x0000, 0x0000, 0x0000, 0x0000, 0x0000, 0x0000, 0x0000,
    0x5269, 0x5acb, 0x73ae, 0x9492, 0x9492, 0x73ae, 0x73ae, 0x5acb, 0x8430, 0x9492, 0x8430, 0x6b4d, 0x8430, 0x8430, 0x73ae, 0x5269,
    0x0000, 0x0000, 0x0000, 0x0000, 0x0000, 0x0000, 0x0000, 0x0000, 0x0000, 0x0000, 0x0000, 0x0000, 0x0000, 0x0000, 0x0000, 0x0000,
    0x9c67, 0xce69, 0xc5e9, 0xce69, 0xce69, 0xc5e9, 0xc5e9, 0xce69, 0xc5e9, 0xc5e9, 0xe70a, 0xe70a, 0xb569, 0xce69, 0xce69, 0xb569,
    0xd75d, 0x0000, 0x0000, 0xd75d, 0x0000, 0x0000, 0x0000, 0x0000, 0x0000, 0x0000, 0x0000, 0x0000, 0x0000, 0x0000, 0x0000, 0x7d76,
    0x8c71, 0x8c71, 0x8c71, 0x7bef, 0x8d76, 0x8c71, 0x632c, 0x773a, 0x24b3, 0x8d76, 0x8c71, 0x7bef, 0x8d76, 0x8c71, 0x73ae, 0x73ae,
    0x7bef, 0x7bef, 0x7bef, 0x73ae, 0x6b4d, 0x9020, 0x9020, 0x9020, 0x6b4d, 0x6b4d, 0x73ae, 0x73ae, 0x7bef, 0x73ae, 0x73ae, 0x73ae,
    0x0000, 0x9cd3, 0x73ae, 0x6b2d, 0x6b2d, 0x0000, 0xbdf7, 0x9cd3, 0xbdf7, 0x6b2d, 0x0000, 0x0000, 0x0000, 0x0000, 0xbdf7, 0x0000,
    0x9cd3, 0x9cd3, 0x73ae, 0x6b2d, 0x6b2d, 0x9492, 0xbdf7, 0x9cd3, 0xbdf7, 0x6b2d, 0x83f0, 0x6b2d, 0x9cd3, 0xad95, 0xbdf7, 0xbdf7,
    0x0000, 0x0000, 0x0000, 0x0000, 0x0000, 0x0000, 0x0000, 0x0000, 0x0000, 0x0000, 0x0000, 0x0000, 0x0000, 0x0000, 0x0000, 0x0000,
    0x0000, 0x0000, 0x0000, 0x0000, 0x0000, 0x0000, 0x0000, 0x0000, 0x0000, 0x0000, 0x0000, 0x0000, 0x0000, 0x0000, 0x0000, 0x0000,
    0x0000, 0x0000, 0x0000, 0x0000, 0x0000, 0x0000, 0x0000, 0x0000, 0x0000, 0x0000, 0x0000, 0x0000, 0x0000, 0x0000, 0x0000, 0x0000,
    0x0000, 0x0000, 0x0000, 0x0000, 0x0000, 0x0000, 0x0000, 0x0000, 0x0000, 0x0000, 0x0000, 0x0000, 0x0000, 0x0000, 0x0000, 0x0000,
    0x0000, 0x0000, 0x0000, 0x0000, 0x0000, 0x0000, 0x0000, 0x0000, 0x0000, 0x0000, 0x0000, 0x0000, 0x0000, 0x0000, 0x0000, 0x0000,
    0x18a1, 0x7b06, 0x7b06, 0x93a8, 0x93a8, 0x7b06, 0x6285, 0x18a1, 0x18a1, 0x7b06, 0x6285, 0x7b06, 0x6285, 0x6285, 0x7b06, 0x18a1,
    0x18a1, 0x7b06, 0x7b06, 0x93a8, 0x93a8, 0x7b06, 0x6285, 0x18a1, 0x18a1, 0x7b06, 0x6285, 0x4101, 0x4101, 0x4101, 0x7b06, 0x18a1,
    0x0000, 0x0000, 0x0000, 0x0000, 0x0000, 0x0000, 0x0000, 0x0000, 0x0000, 0x0000, 0x0000, 0x0000, 0x0000, 0x0000, 0x0000, 0x0000,
    0x5269, 0x6b4d, 0x9492, 0x8430, 0x9492, 0x9492, 0x5acb, 0x73ae, 0x9492, 0x9492, 0x9492, 0x8430, 0x6b4d, 0x73ae, 0x73ae, 0x5269,
    0x0000, 0x0000, 0x0000, 0x0000, 0x0000, 0x0000, 0x0000, 0x0000, 0x0000, 0x0000, 0x0000, 0x0000, 0x0000, 0x0000, 0x0000, 0x0000,
    0x9c67, 0xc5e9, 0xc5e9, 0xce69, 0xe70a, 0xce69, 0xce69, 0xc5e9, 0xe70a, 0xce69, 0xce69, 0xce69, 0xc5e9, 0xce69, 0xce69, 0x9c67,
    0xd75d, 0x0000, 0xae9b, 0x0000, 0x0000, 0x0000, 0x0000, 0x0000, 0x0000, 0x0000, 0x0000, 0x0000, 0x0000, 0x0000, 0x0000, 0x7d76,
    0x73ae, 0x7bef, 0x7bef, 0x7bef, 0x73ae, 0x632c, 0x632c, 0x8c71, 0x8d76, 0x7bef, 0x73ae, 0x7bef, 0x8c71, 0x73ae, 0x7bef, 0x7bef,
    0x73ae, 0x7bef, 0x73ae, 0xc820, 0x9020, 0xc820, 0xf800, 0xfaeb, 0xc020, 0x9000, 0x7bef, 0x73ae, 0x6aeb, 0x73ae, 0x7bef, 0x7bef,
    0x9cd3, 0x73ae, 0x9cd3, 0x73ae, 0x0000, 0x0000, 0x9cd3, 0xbdf7, 0x0000, 0x0000, 0x0000, 0x6b2d, 0x9cd3, 0x9cd3, 0x0000, 0x0000,
    0x9cd3, 0x73ae, 0x9cd3, 0x73ae, 0x6b6d, 0xad55, 0x9cd3, 0xbdf7, 0x9cf3, 0x6b2d, 0x6b2d, 0x6b2d, 0x9cd3, 0x9cd3, 0xa534, 0xad75,
    0x0000, 0x0000, 0x0000, 0x0000, 0x0000, 0x0000, 0x0000, 0x0000, 0x0000, 0x0000, 0x0000, 0x0000, 0x0000, 0x0000, 0x0000, 0x0000,
    0x0000, 0x0000, 0x0000, 0x0000, 0x0000, 0x0000, 0x0000, 0x0000, 0x0000, 0x0000, 0x0000, 0x0000, 0x0000, 0x0000, 0x0000, 0x0000,
    0x0000, 0x0000, 0x0000, 0x0000, 0x0000, 0x0000, 0x0000, 0x0000, 0x0000, 0x0000, 0x0000, 0x0000, 0x0000, 0x0000, 0x0000, 0x0000,
    0x0000, 0x0000, 0x0000, 0x0000, 0x0000, 0x0000, 0x0000, 0x0000, 0x0000, 0x0000, 0x0000, 0x0000, 0x0000, 0x0000, 0x0000, 0x0000,
    0x0000, 0x0000, 0x0000, 0x0000, 0x0000, 0x0000, 0x0000, 0x0000, 0x0000, 0x0000, 0x0000, 0x0000, 0x0000, 0x0000, 0x0000, 0x0000,
    0x18a1, 0xc4ec, 0x9c29, 0xc4ec, 0xc4ec, 0xc4ec, 0xc4ec, 0x4943, 0x4943, 0xc4ec, 0xc4ec, 0xbcab, 0xac6a, 0xac6a, 0x9c29, 0x18a1,
    0x18a1, 0xc4ec, 0x9c29, 0xc4ec, 0xc4ec, 0xc4ec, 0xc4ec, 0x4943, 0x4943, 0xc4ec, 0xc4ec, 0x28e1, 0xac6a, 0x28e1, 0x9c29, 0x18a1,
    0x0000, 0x0000, 0x0000, 0x0000, 0x0000, 0x0000, 0x0000, 0x0000, 0x0000, 0x0000, 0x0000, 0x0000, 0x0000, 0x0000, 0x0000, 0x0000,
    0x5269, 0x73ae, 0x8430, 0x9492, 0x8430, 0x73ae, 0x5acb, 0x6b4d, 0x73ae, 0x9492, 0x9492, 0x9492, 0x5acb, 0x73ae, 0x6b4d, 0x39c7,
    0x0000, 0x0000, 0x0000, 0x0000, 0x0000, 0x0000, 0x0000, 0x0000, 0x0000, 0x0000, 0x0000, 0x0000, 0x0000, 0x0000, 0x0000, 0x0000,
    0xe70a, 0xce69, 0xc5e9, 0xce69, 0xc5e9, 0xce69, 0xce69, 0xe70a, 0xce69, 0xce69, 0x9c67, 0xc5e9, 0xce69, 0xc5e9, 0xe70a, 0xc5e9,
    0xd75d, 0x0000, 0x0000, 0x0000, 0x0000, 0x0000, 0x0000, 0x0000, 0x0000, 0x0000, 0x0000, 0x0000, 0x0000, 0x0000, 0x0000, 0x8e19,
    0x7bef, 0x8c71, 0x7bef, 0x73ae, 0x632c, 0xd7fe, 0x773a, 0x632c, 0x7bef, 0x73ae, 0xd7fe, 0x773a, 0x73ae, 0x632c, 0x73ae, 0x8c71,
    0x7bef, 0x9471, 0x73ae, 0x9471, 0xc020, 0xf800, 0xfc51, 0xf800, 0xbc92, 0x9471, 0x7bef, 0x7bef, 0xc820, 0xf0e3, 0x73ae, 0x9471,
    0x9cd3, 0x9cd3, 0x73ae, 0x0000, 0x0000, 0xbdf7, 0x73ae, 0x6b2d, 0x6b2d, 0x6b2d, 0x0000, 0x0000, 0x6b2d, 0x73ae, 0x9cd3, 0x0000,
    0x9cd3, 0x9cd3, 0x73ae, 0x736e, 0xbdf7, 0xbdf7, 0x73ae, 0x6b2d, 0x6b2d, 0x6b2d, 0x6b6d, 0x6b2d, 0x6b2d, 0x73ae, 0x9cd3, 0xad55,
    0x0000, 0x0000, 0x0000, 0x0000, 0x0000, 0x0000, 0x0000, 0x0000, 0x0000, 0x0000, 0x0000, 0x0000, 0x0000, 0x0000, 0x0000, 0x0000,
    0x0000, 0x0000, 0x0000, 0x0000, 0x0000, 0x0000, 0x0000, 0x0000, 0x0000, 0x0000, 0x0000, 0x0000, 0x0000, 0x0000, 0x0000, 0x0000,
    0x0000, 0x0000, 0x0000, 0x0000, 0x0000, 0x0000, 0x0000, 0x0000, 0x0000, 0x0000, 0x0000, 0x0000, 0x0000, 0x0000, 0x0000, 0x0000,
    0x0000, 0x0000, 0x0000, 0x0000, 0x0000, 0x0000, 0x0000, 0x0000, 0x0000, 0x0000, 0x0000, 0x0000, 0x0000, 0x0000, 0x0000, 0x0000,
    0x0000, 0x0000, 0x0000, 0x0000, 0x0000, 0x0000, 0x0000, 0x0000, 0x0000, 0x0000, 0x0000, 0x0000, 0x0000, 0x0000, 0x0000, 0x0000,
    0x18a1, 0xbcab, 0xbcab, 0x4101, 0x9c29, 0x4101, 0x9c29, 0x3902, 0x3902, 0xac6a, 0xac6a, 0xbcab, 0xbcab, 0xbcab, 0xbcab, 0x18a1,
    0x18a1, 0xbcab, 0xbcab, 0x4101, 0x9c29, 0xac6a, 0x9c29, 0x3902, 0x3902, 0xac6a, 0xac6a, 0x28e1, 0x28e1, 0x28e1, 0xbcab, 0x18a1,
    0x0000, 0x0000, 0x0000, 0x0000, 0x0000, 0x0000, 0x0000, 0x0000, 0x0000, 0x0000, 0x0000, 0x0000, 0x0000, 0x0000, 0x0000, 0x0000,
    0x39c7, 0x6b4d, 0x5acb, 0x6b4d, 0x6b4d, 0x5acb, 0x8430, 0x73ae, 0x6b4d, 0x6b4d, 0x73ae, 0x8430, 0x5acb, 0x5acb, 0x5269, 0x39c7,
    0x0000, 0x0000, 0x0000, 0x0000, 0x0000, 0x0000, 0x0000, 0x0000, 0x0000, 0x0000, 0x0000, 0x0000, 0x0000, 0x0000, 0x0000, 0x0000,
    0xce69, 0xce69, 0x9c67, 0xc5e9, 0xce69, 0xce69, 0xce69, 0xce69, 0xb569, 0xc5e9, 0xce69, 0xc5e9, 0xb569, 0xb569, 0xce69, 0xce69,
    0xd75d, 0x0000, 0x0000, 0x0000, 0x0000, 0x0000, 0x0000, 0x0000, 0x0000, 0x0000, 0x0000, 0x0000, 0x0000, 0x0000, 0x0000, 0x7d76,
    0x73ae, 0x73ae, 0x8c71, 0xd7fe, 0x773a, 0x1e9a, 0x1e9a, 0x24b3, 0x8d76, 0x7bef, 0x1e9a, 0x24b3, 0x7bef, 0x7bef, 0x7bef, 0x7bef,
    0x73ae, 0x7bef, 0x7bef, 0x7bef, 0x9471, 0xbc92, 0xbc92, 0xbc92, 0x9471, 0x73ae, 0x7bef, 0x73ae, 0x7bef, 0x9471, 0x7bef, 0x7bef,
    0x73ae, 0x73ae, 0x0000, 0x6b2d, 0xbdf7, 0x9cd3, 0xbdf7, 0x9cd3, 0x0000, 0x73ae, 0x73ae, 0x0000, 0x9cd3, 0x9cd3, 0x73ae, 0xbdf7,
    0x73ae, 0x73ae, 0x6b6d, 0x6b2d, 0xbdf7, 0x9cd3, 0xbdf7, 0x9cd3, 0x73ae, 0x73ae, 0x73ae, 0x8c71, 0x9cd3, 0x9cd3, 0x73ae, 0xbdf7,
    0x0000, 0x0000, 0x0000, 0x0000, 0x0000, 0x0000, 0x0000, 0x0000, 0x0000, 0x0000, 0x0000, 0x0000, 0x0000, 0x0000, 0x0000, 0x0000,
    0x0000, 0x0000, 0x0000, 0x0000, 0x0000, 0x0000, 0x0000, 0x0000, 0x0000, 0x0000, 0x0000, 0x0000, 0x0000, 0x0000, 0x0000, 0x0000,
    0x0000, 0x0000, 0x0000, 0x0000, 0x0000, 0x0000, 0x0000, 0x0000, 0x0000, 0x0000, 0x0000, 0x0000, 0x0000, 0x0000, 0x0000, 0x0000,
    0x0000, 0x0000, 0x0000, 0x0000, 0x0000, 0x0000, 0x0000, 0x0000, 0x0000, 0x0000, 0x0000, 0x0000, 0x0000, 0x0000, 0x0000, 0x0000,
    0x0000, 0x0000, 0x0000, 0x0000, 0x0000, 0x0000, 0x0000, 0x0000, 0x0000, 0x0000, 0x0000, 0x0000, 0x0000, 0x0000, 0x0000, 0x0000,
    0x18a1, 0x9c29, 0xac6a, 0x28e1, 0xac6a, 0x28e1, 0xac6a, 0x3902, 0x3902, 0xbcab, 0xbcab, 0xac6a, 0xac6a, 0x9c29, 0x9c29, 0x18a1,
    0x18a1, 0x9c29, 0xac6a, 0x28e1, 0xac6a, 0xac6a, 0xac6a, 0x3902, 0x3902, 0xbcab, 0xbcab, 0xb5b6, 0xb5b6, 0xb5b6, 0x9c29, 0x18a1,
    0x0000, 0x0000, 0x0000, 0x0000, 0x0000, 0x0000, 0x0000, 0x0000, 0x0000, 0x0000, 0x0000, 0x0000, 0x0000, 0x0000, 0x0000, 0x0000,
    0x5269, 0x5acb, 0x8430, 0x9492, 0x6b4d, 0x8430, 0x9492, 0x9492, 0x9492, 0x8430, 0x5acb, 0x5acb, 0x8430, 0x8430, 0x6b4d, 0x5269,
    0x0000, 0x0000, 0x0000, 0x0000, 0x0000, 0x0000, 0x0000, 0x0000, 0x0000, 0x0000, 0x0000, 0x0000, 0x0000, 0x0000, 0x0000, 0x0000,
    0xc5e9, 0xe70a, 0xc5e9, 0xc5e9, 0xb569, 0xb569, 0xc5e9, 0xce69, 0xce69, 0xce69, 0xce69, 0xe70a, 0x9c67, 0xb569, 0xce69, 0xe70a,
    0xd75d, 0x0000, 0x0000, 0x0000, 0x0000, 0x0000, 0x0000, 0x0000, 0x0000, 0x0000, 0x0000, 0x0000, 0x0000, 0x0000, 0x0000, 0x8e19,
    0x8c71, 0x632c, 0x632c, 0x8c71, 0x8d76, 0xa514, 0x8d76, 0x8d76, 0x632c, 0x632c, 0x8c71, 0x8d76, 0x7bef, 0x8c71, 0xa514, 0xa514,
    0x73ae, 0x6aeb, 0x6aeb, 0x6b4d, 0x73ae, 0x6b4d, 0x73ae, 0x73ae, 0x7bef, 0x7bef, 0x73ae, 0x6aeb, 0x6aeb, 0x6aeb, 0x7bef, 0x7bef,
    0x73ae, 0x6b2d, 0x6b2d, 0x0000, 0xbdf7, 0xbdf7, 0xbdf7, 0x0000, 0x6b2d, 0x6b2d, 0x73ae, 0x9cd3, 0x0000, 0xbdf7, 0x73ae, 0x9cd3,
    0x73ae, 0x6b2d, 0x6b2d, 0x7bcf, 0xbdf7, 0xbdf7, 0xbdf7, 0x94b2, 0x6b2d, 0x6b2d, 0x73ae, 0x9cd3, 0xa514, 0xbdf7, 0x73ae, 0x9cd3,
    0x0000, 0x0000, 0x0000, 0x0000, 0x0000, 0x0000, 0x0000, 0x0000, 0x0000, 0x0000, 0x0000, 0x0000, 0x0000, 0x0000, 0x0000, 0x0000,
    0x0000, 0x0000, 0x0000, 0x0000, 0x0000, 0x0000, 0x0000, 0x0000, 0x0000, 0x0000, 0x0000, 0x0000, 0x0000, 0x0000, 0x0000, 0x0000,
    0x0000, 0x0000, 0x0000, 0x0000, 0x0000, 0x0000, 0x0000, 0x0000, 0x0000, 0x0000, 0x0000, 0x0000, 0x0000, 0x0000, 0x0000, 0x0000,
    0x0000, 0x0000, 0x0000, 0x0000, 0x0000, 0x0000, 0x0000, 0x0000, 0x0000, 0x0000, 0x0000, 0x0000, 0x0000, 0x0000, 0x0000, 0x0000,
    0x0000, 0x0000, 0x0000, 0x0000, 0x0000, 0x0000, 0x0000, 0x0000, 0x0000, 0x0000, 0x0000, 0x0000, 0x0000, 0x0000, 0x0000, 0x0000,
    0x18a1, 0x6285, 0x7b06, 0x7b06, 0xdedb, 0x7b06, 0x6285, 0x18a1, 0x18a1, 0x6285, 0x7b06, 0x7b06, 0x7b06, 0x93a8, 0x7b06, 0x18a1,
    0x18a1, 0x6285, 0x7b06, 0x28e1, 0x93a8, 0x7b06, 0x6285, 0x18a1, 0x18a1, 0x6285, 0x7b06, 0xffff, 0xdedb, 0xdedb, 0x7b06, 0x18a1,
    0x0000, 0x0000, 0x0000, 0x0000, 0x0000, 0x0000, 0x0000, 0x0000, 0x0000, 0x0000, 0x0000, 0x0000, 0x0000, 0x0000, 0x0000, 0x0000,
    0x39c7, 0x73ae, 0x9492, 0x9492, 0x8430, 0x6b4d, 0x9492, 0x9492, 0x9492, 0x6b4d, 0x8430, 0x9492, 0x9492, 0x9492, 0x73ae, 0x39c7,
    0x0000, 0x0000, 0x0000, 0x0000, 0x0000, 0x0000, 0x0000, 0x0000, 0x0000, 0x0000, 0x0000, 0x0000, 0x0000, 0x0000, 0x0000, 0x0000,
    0xb569, 0xce69, 0xce69, 0xb569, 0xb569, 0x9c67, 0xc5e9, 0xc5e9, 0xc5e9, 0xce69, 0xe70a, 0xe70a, 0xce69, 0xce69, 0xce69, 0xc5e9,
    0xd75d, 0x0000, 0x0000, 0x0000, 0x0000, 0x0000, 0x0000, 0x0000, 0x0000, 0x0000, 0x0000, 0x0000, 0x0000, 0x0000, 0x0000, 0x8e19,
    0x632c, 0x773a, 0x1e9a, 0x8d76, 0x8c71, 0x7bef, 0x73ae, 0x632c, 0xd7fe, 0x773a, 0x73ae, 0x7bef, 0x7bef, 0x7bef, 0x8c71, 0x73ae,
    0x73ae, 0xf0e3, 0xfaeb, 0x9020, 0x9471, 0x7bef, 0x7bef, 0x9471, 0x9471, 0x9020, 0xc820, 0x9020, 0xc820, 0xfaeb, 0xf0e3, 0x73ae,
    0xbdf7, 0x9cd3, 0x0000, 0x6b2d, 0x6b2d, 0xbdf7, 0x9cd3, 0x9cd3, 0x0000, 0x73ae, 0x9cd3, 0x73ae, 0x9cd3, 0x0000, 0x9cd3, 0x73ae,
    0xbdf7, 0x9cd3, 0x7baf, 0x6b2d, 0x6b2d, 0xbdf7, 0x9cd3, 0x9cd3, 0x8410, 0x73ae, 0x9cd3, 0x73ae, 0x9cd3, 0xa534, 0x9cd3, 0x73ae,
    0x0000, 0x0000, 0x0000, 0x0000, 0x0000, 0x0000, 0x0000, 0x0000, 0x0000, 0x0000, 0x0000, 0x0000, 0x0000, 0x0000, 0x0000, 0x0000,
    0x0000, 0x0000, 0x0000, 0x0000, 0x0000, 0x0000, 0x0000, 0x0000, 0x0000, 0x0000, 0x0000, 0x0000, 0x0000, 0x0000, 0x0000, 0x0000,
    0x0000, 0x0000, 0x0000, 0x0000, 0x0000, 0x0000, 0x0000, 0x0000, 0x0000, 0x0000, 0x0000, 0x0000, 0x0000, 0x0000, 0x0000, 0x0000,
    0x0000, 0x0000, 0x0000, 0x0000, 0x0000, 0x0000, 0x0000, 0x0000, 0x0000, 0x0000, 0x0000, 0x0000, 0x0000, 0x0000, 0x0000, 0x0000,
    0x0000, 0x0000, 0x0000, 0x0000, 0x0000, 0x0000, 0x0000, 0x0000, 0x0000, 0x0000, 0x0000, 0x0000, 0x0000, 0x0000, 0x0000, 0x0000,
    0x18a1, 0xc4ec, 0xc4ec, 0xdedb, 0xac6a, 0xdedb, 0xc4ec, 0x4943, 0x4943, 0xc4ec, 0xc4ec, 0xc4ec, 0xc4ec, 0xc4ec, 0xbcab, 0x18a1,
    0x18a1, 0xc4ec, 0xc4ec, 0x28e1, 0xac6a, 0xac6a, 0xc4ec, 0x4943, 0x4943, 0xc4ec, 0xc4ec, 0xffff, 0xdedb, 0xdedb, 0xbcab, 0x18a1,
    0x0000, 0x0000, 0x0000, 0x0000, 0x0000, 0x0000, 0x0000, 0x0000, 0x0000, 0x0000, 0x0000, 0x0000, 0x0000, 0x0000, 0x0000, 0x0000,
    0x39c7, 0x9492, 0x9492, 0x9492, 0x9492, 0x73ae, 0x73ae, 0x8430, 0x6b4d, 0x8430, 0x9492, 0x9492, 0x9492, 0x73ae, 0x8430, 0x5269,
    0x0000, 0x0000, 0x0000, 0x0000, 0x0000, 0x0000, 0x0000, 0x0000, 0x0000, 0x0000, 0x0000, 0x0000, 0x0000, 0x0000, 0x0000, 0x0000,
    0xc5e9, 0xce69, 0xe70a, 0xb569, 0x9c67, 0xc5e9, 0xc5e9, 0xc5e9, 0x9c67, 0xce69, 0xce69, 0xce69, 0xce69, 0xce69, 0xc5e9, 0xc5e9,
    0xd75d, 0x0000, 0x0000, 0x0000, 0x0000, 0x0000, 0x0000, 0x0000, 0x0000, 0x0000, 0x0000, 0x0000, 0x0000, 0x0000, 0x0000, 0x8e19,
    0x7bef, 0x8d76, 0x8d76, 0x7bef, 0x632c, 0x7bef, 0x73ae, 0x773a, 0x1e9a, 0x24b3, 0x24b3, 0x8d76, 0x8c71, 0xa514, 0xa514, 0x7bef,
    0x7bef, 0x9020, 0xf0e3, 0x7bef, 0x7bef, 0x7bef, 0x9471, 0x9471, 0x9471, 0x7bef, 0xbc92, 0xfaeb, 0xfc51, 0xf0e3, 0xbc92, 0x7bef,
    0xbdf7, 0x0000, 0x0000, 0x0000, 0x6b2d, 0x6b2d, 0x6b2d, 0x73ae, 0x9cd3, 0x0000, 0x9cd3, 0x9cd3, 0x9cd3, 0x0000, 0xbdf7, 0x9cd3,
    0xbdf7, 0xa534, 0x9cd3, 0x6b2d, 0x6b2d, 0x6b2d, 0x6b2d, 0x73ae, 0x9cd3, 0x9cd3, 0x9cd3, 0x9cd3, 0x9cd3, 0xad55, 0xbdf7, 0x9cd3,
    0x0000, 0x0000, 0x0000, 0x0000, 0x0000, 0x0000, 0x0000, 0x0000, 0x0000, 0x0000, 0x0000, 0x0000, 0x0000, 0x0000, 0x0000, 0x0000,
    0x0000, 0x0000, 0x0000, 0x0000, 0x0000, 0x0000, 0x0000, 0x0000, 0x0000, 0x0000, 0x0000, 0x0000, 0x0000, 0x0000, 0x0000, 0x0000,
    0x0000, 0x0000, 0x0000, 0x0000, 0x0000, 0x0000, 0x0000, 0x0000, 0x0000, 0x0000, 0x0000, 0x0000, 0x0000, 0x0000, 0x0000, 0x0000,
    0x0000, 0x0000, 0x0000, 0x0000, 0x0000, 0x0000, 0x0000, 0x0000, 0x0000, 0x0000, 0x0000, 0x0000, 0x0000, 0x0000, 0x0000, 0x0000,
    0x0000, 0x0000, 0x0000, 0x0000, 0x0000, 0x0000, 0x0000, 0x0000, 0x0000, 0x0000, 0x0000, 0x0000, 0x0000, 0x0000, 0x0000, 0x0000,
    0x18a1, 0xac6a, 0xbcab, 0xb5b6, 0xbcab, 0xb5b6, 0xac6a, 0x3902, 0x3902, 0x9c29, 0xac6a, 0x9c29, 0xac6a, 0x9c29, 0x9c29, 0x18a1,
    0x18a1, 0xac6a, 0xdedb, 0xdedb, 0xdedb, 0xbcab, 0xac6a, 0x3902, 0x3902, 0x9c29, 0xac6a, 0x9c29, 0xdedb, 0xdedb, 0x9c29, 0x18a1,
    0x0000, 0x0000, 0x0000, 0x0000, 0x0000, 0x0000, 0x0000, 0x0000, 0x0000, 0x0000, 0x0000, 0x0000, 0x0000, 0x0000, 0x0000, 0x0000,
    0x5269, 0x9492, 0x9492, 0x9492, 0x9492, 0x8430, 0x6b4d, 0x6b4d, 0x8430, 0x6b4d, 0x73ae, 0x8430, 0x8430, 0x8430, 0x5269, 0x5269,
    0x0000, 0x0000, 0x0000, 0x0000, 0x0000, 0x0000, 0x0000, 0x0000, 0x0000, 0x0000, 0x0000, 0x0000, 0x0000, 0x0000, 0x0000, 0x0000,
    0xce69, 0xc5e9, 0xc5e9, 0xc5e9, 0xb569, 0xc5e9, 0xce69, 0xe70a, 0xce69, 0xce69, 0x9c67, 0xb569, 0xe70a, 0xc5e9, 0x9c67, 0xc5e9,
    0xd75d, 0x0000, 0x0000, 0x0000, 0x0000, 0x0000, 0x0000, 0x0000, 0x0000, 0x0000, 0x0000, 0x0000, 0x0000, 0x0000, 0x0000, 0x8e19,
    0x632c, 0x7bef, 0x73ae, 0x7bef, 0x1e9a, 0x73ae, 0x632c, 0x8c71, 0x8d76, 0x8d76, 0x8c71, 0x632c, 0x632c, 0x73ae, 0x73ae, 0x73ae,
    0x6b4d, 0x7bef, 0x73ae, 0x7bef, 0x73ae, 0x73ae, 0x6b4d, 0x6b4d, 0x73ae, 0x7bef, 0x73ae, 0xbc92, 0xbc92, 0xbc92, 0x73ae, 0x73ae,
    0x0000, 0x9cd3, 0x9cd3, 0x0000, 0x6b2d, 0x0000, 0x9cd3, 0x9cd3, 0x73ae, 0xbdf7, 0x0000, 0x9cd3, 0x0000, 0x0000, 0x0000, 0xbdf7,
    0xad95, 0x9cd3, 0x9cd3, 0x7baf, 0x6b2d, 0x7baf, 0x9cd3, 0x9cd3, 0x73ae, 0xbdf7, 0xa534, 0x9cd3, 0x9cd3, 0xad55, 0xbdf7, 0xbdf7,
    0x0000, 0x0000, 0x0000, 0x0000, 0x0000, 0x0000, 0x0000, 0x0000, 0x0000, 0x0000, 0x0000, 0x0000, 0x0000, 0x0000, 0x0000, 0x0000,
    0x0000, 0x0000, 0x0000, 0x0000, 0x0000, 0x0000, 0x0000, 0x0000, 0x0000, 0x0000, 0x0000, 0x0000, 0x0000, 0x0000, 0x0000, 0x0000,
    0x0000, 0x0000, 0x0000, 0x0000, 0x0000, 0x0000, 0x0000, 0x0000, 0x0000, 0x0000, 0x0000, 0x0000, 0x0000, 0x0000, 0x0000, 0x0000,
    0x0000, 0x0000, 0x0000, 0x0000, 0x0000, 0x0000, 0x0000, 0x0000, 0x0000, 0x0000, 0x0000, 0x0000, 0x0000, 0x0000, 0x0000, 0x0000,
    0x0000, 0x0000, 0x0000, 0x0000, 0x0000, 0x0000, 0x0000, 0x0000, 0x0000, 0x0000, 0x0000, 0x0000, 0x0000, 0x0000, 0x0000, 0x0000,
    0x18a1, 0xbcab, 0xac6a, 0xac6a, 0x9c29, 0x9c29, 0x9c29, 0x3902, 0x3902, 0xac6a, 0xac6a, 0xac6a, 0x9c29, 0x9c29, 0xbcab, 0x18a1,
    0x18a1, 0xbcab, 0xb5b6, 0xdedb, 0xffff, 0x9c29, 0x9c29, 0x3902, 0x3902, 0xac6a, 0xac6a, 0xac6a, 0xffff, 0xdedb, 0xbcab, 0x18a1,
    0x0000, 0x0000, 0x0000, 0x0000, 0x0000, 0x0000, 0x0000, 0x0000, 0x0000, 0x0000, 0x0000, 0x0000, 0x0000, 0x0000, 0x0000, 0x0000,
    0x5269, 0x73ae, 0x9492, 0x9492, 0x9492, 0x73ae, 0x8430, 0x9492, 0x9492, 0x9492, 0x8430, 0x6b4d, 0x5acb, 0x5acb, 0x6b4d, 0x39c7,
    0x0000, 0x0000, 0x0000, 0x0000, 0x0000, 0x0000, 0x0000, 0x0000, 0x0000, 0x0000, 0x0000, 0x0000, 0x0000, 0x0000, 0x0000, 0x0000,
    0xc5e9, 0x9c67, 0xc5e9, 0xce69, 0xce69, 0xc5e9, 0xe70a, 0xe70a, 0xce69, 0xe70a, 0xb569, 0xc5e9, 0xc5e9, 0xce69, 0xc5e9, 0xce69,
    0xd75d, 0x0000, 0x0000, 0x0000, 0x0000, 0x0000, 0x0000, 0x0000, 0x0000, 0x0000, 0x0000, 0x0000, 0x0000, 0x0000, 0x0000, 0x8e19,
    0x7bef, 0x7bef, 0x7bef, 0x7bef, 0x7bef, 0x8c71, 0x8c71, 0x8c71, 0x8c71, 0x73ae, 0x632c, 0x773a, 0x24b3, 0x8c71, 0x8c71, 0x7bef,
    0x7bef, 0x7bef, 0x7bef, 0x6b4d, 0x6b4d, 0x6aeb, 0x6aeb, 0x6aeb, 0x7bef, 0x7bef, 0x7bef, 0x7bef, 0x9471, 0x9471, 0x7bef, 0x9471,
    0xbdf7, 0x73ae, 0x6b2d, 0x6b2d, 0x0000, 0x0000, 0x0000, 0xbdf7, 0x9cd3, 0xbdf7, 0x0000, 0x73ae, 0x9cd3, 0x0000, 0x0000, 0x0000,
    0xbdf7, 0x73ae, 0x6b2d, 0x6b2d, 0x7baf, 0x9cd3, 0xad55, 0xbdf7, 0x9cd3, 0xbdf7, 0x8c31, 0x73ae, 0x9cd3, 0xad55, 0xb5b6, 0xbdf7,
    0x0000, 0x0000, 0x0000, 0x0000, 0x0000, 0x0000, 0x0000, 0x0000, 0x0000, 0x0000, 0x0000, 0x0000, 0x0000, 0x0000, 0x0000, 0x0000,
    0x0000, 0x0000, 0x0000, 0x0000, 0x0000, 0x0000, 0x0000, 0x0000, 0x0000, 0x0000, 0x0000, 0x0000, 0x0000, 0x0000, 0x0000, 0x0000,
    0x0000, 0x0000, 0x0000, 0x0000, 0x0000, 0x0000, 0x0000, 0x0000, 0x0000, 0x0000, 0x0000, 0x0000, 0x0000, 0x0000, 0x0000, 0x0000,
    0x0000, 0x0000, 0x0000, 0x0000, 0x0000, 0x0000, 0x0000, 0x0000, 0x0000, 0x0000, 0x0000, 0x0000, 0x0000, 0x0000, 0x0000, 0x0000,
    0x0000, 0x0000, 0x0000, 0x0000, 0x0000, 0x0000, 0x0000, 0x0000, 0x0000, 0x0000, 0x0000, 0x0000, 0x0000, 0x0000, 0x0000, 0x0000,
    0x18a1, 0x6285, 0x7b06, 0x93a8, 0x93a8, 0x7b06, 0x6285, 0x1061, 0x1061, 0x7b06, 0x93a8, 0x7b06, 0x7b06, 0x6285, 0x6285, 0x18a1,
    0x18a1, 0x6285, 0x7b06, 0x93a8, 0x93a8, 0x7b06, 0x6285, 0x1061, 0x1061, 0x7b06, 0x93a8, 0x7b06, 0x7b06, 0xdedb, 0x6285, 0x18a1,
    0x0000, 0x0000, 0x0000, 0x0000, 0x0000, 0x0000, 0x0000, 0x0000, 0x0000, 0x0000, 0x0000, 0x0000, 0x0000, 0x0000, 0x0000, 0x0000,
    0x39c7, 0x5acb, 0x73ae, 0x8430, 0x73ae, 0x6b4d, 0x9492, 0x9492, 0x9492, 0x9492, 0x9492, 0x8430, 0x6b4d, 0x9492, 0x73ae, 0x5269,
    0x0000, 0x0000, 0x0000, 0x0000, 0x0000, 0x0000, 0x0000, 0x0000, 0x0000, 0x0000, 0x0000, 0x0000, 0x0000, 0x0000, 0x0000, 0x0000,
    0xc5e9, 0x9c67, 0xb569, 0xc5e9, 0xe70a, 0xce69, 0xce69, 0xce69, 0xce69, 0xc5e9, 0xce69, 0xc5e9, 0xb569, 0xe70a, 0xce69, 0xc5e9,
    0xae9b, 0x0000, 0x0000, 0x0000, 0x0000, 0x0000, 0x0000, 0x0000, 0x0000, 0x0000, 0x0000, 0x0000, 0x0000, 0xd75d, 0x0000, 0x8e19,
    0x7bef, 0x73ae, 0x8c71, 0x632c, 0x632c, 0x7bef, 0x8c71, 0x73ae, 0x773a, 0xd7fe, 0x773a, 0x1e9a, 0x1e9a, 0x24b3, 0x8c71, 0x73ae,
    0x7bef, 0x73ae, 0x73ae, 0x9020, 0xf0e3, 0xc820, 0xf0e3, 0x9020, 0x6aeb, 0x7bef, 0x7bef, 0xc820, 0xf0e3, 0x9471, 0x6b4d, 0x73ae,
    0x73ae, 0x9cd3, 0x9cd3, 0x0000, 0x9cd3, 0x9cd3, 0x0000, 0x0000, 0xbdf7, 0x0000, 0x6b2d, 0x6b2d, 0x73ae, 0xbdf7, 0x0000, 0xbdf7,
    0x73ae, 0x9cd3, 0x9cd3, 0x94b2, 0x9cd3, 0x9cd3, 0x83f0, 0xbdf7, 0xbdf7, 0x9492, 0x6b2d, 0x6b2d, 0x73ae, 0xbdf7, 0xad95, 0xbdf7,
    0x0000, 0x0000, 0x0000, 0x0000, 0x0000, 0x0000, 0x0000, 0x0000, 0x0000, 0x0000, 0x0000, 0x0000, 0x0000, 0x0000, 0x0000, 0x0000,
    0x0000, 0x0000, 0x0000, 0x0000, 0x0000, 0x0000, 0x0000, 0x0000, 0x0000, 0x0000, 0x0000, 0x0000, 0x0000, 0x0000, 0x0000, 0x0000,
    0x0000, 0x0000, 0x0000, 0x0000, 0x0000, 0x0000, 0x0000, 0x0000, 0x0000, 0x0000, 0x0000, 0x0000, 0x0000, 0x0000, 0x0000, 0x0000,
    0x0000, 0x0000, 0x0000, 0x0000, 0x0000, 0x0000, 0x0000, 0x0000, 0x0000, 0x0000, 0x0000, 0x0000, 0x0000, 0x0000, 0x0000, 0x0000,
    0x0000, 0x0000, 0x0000, 0x0000, 0x0000, 0x0000, 0x0000, 0x0000, 0x0000, 0x0000, 0x0000, 0x0000, 0x0000, 0x0000, 0x0000, 0x0000,
    0x18a1, 0x9c29, 0xbcab, 0xc4ec, 0xc4ec, 0xbcab, 0xbcab, 0x4943, 0x4943, 0xc4ec, 0xc4ec, 0x9c29, 0xc4ec, 0xbcab, 0xc4ec, 0x18a1,
    0x18a1, 0x9c29, 0xbcab, 0xc4ec, 0xc4ec, 0xbcab, 0xbcab, 0x4943, 0x4943, 0xc4ec, 0xc4ec, 0x9c29, 0xc4ec, 0xffff, 0xc4ec, 0x18a1,
    0x0000, 0x0000, 0x0000, 0x0000, 0x0000, 0x0000, 0x0000, 0x0000, 0x0000, 0x0000, 0x0000, 0x0000, 0x0000, 0x0000, 0x0000, 0x0000,
    0x39c7, 0x8430, 0x5acb, 0x5acb, 0x6b4d, 0x5acb, 0x73ae, 0x8430, 0x9492, 0x9492, 0x9492, 0x73ae, 0x8430, 0x8430, 0x8430, 0x5269,
    0x0000, 0x0000, 0x0000, 0x0000, 0x0000, 0x0000, 0x0000, 0x0000, 0x0000, 0x0000, 0x0000, 0x0000, 0x0000, 0x0000, 0x0000, 0x0000,
    0xc5e9, 0xc5e9, 0xce69, 0xce69, 0xc5e9, 0x9c67, 0xc5e9, 0x9c67, 0x9c67, 0xce69, 0xce69, 0xc5e9, 0xce69, 0xce69, 0xb569, 0x9c67,
    0xd75d, 0x0000, 0x0000, 0x0000, 0x0000, 0x0000, 0x0000, 0x0000, 0x0000, 0x0000, 0x0000, 0x0000, 0xd75d, 0x0000, 0x0000, 0x8e19,
    0x8c71, 0x8c71, 0x8d76, 0x773a, 0x24b3, 0x632c, 0x73ae, 0x7bef, 0xa514, 0x24b3, 0x1e9a, 0x8d76, 0x8d76, 0x8c71, 0x7bef, 0x7bef,
    0x9471, 0x9471, 0x7bef, 0x9471, 0xfaeb, 0xfc51, 0xbc92, 0x9471, 0x73ae, 0x73ae, 0x7bef, 0x9471, 0x9471, 0x73ae, 0x73ae, 0x9471,
    0x9cd3, 0xbdf7, 0x0000, 0xbdf7, 0x73ae, 0x6b2d, 0x6b2d, 0x0000, 0x0000, 0x6b2d, 0x0000, 0x9cd3, 0xbdf7, 0x73ae, 0x9cd3, 0xbdf7,
    0x9cd3, 0xbdf7, 0xb596, 0xbdf7, 0x73ae, 0x6b2d, 0x6b2d, 0x6b2d, 0x8c31, 0x6b2d, 0x7baf, 0x9cd3, 0xbdf7, 0x73ae, 0x9cd3, 0xbdf7,
    0x0000, 0x0000, 0x0000, 0x0000, 0x0000, 0x0000, 0x0000, 0x0000, 0x0000, 0x0000, 0x0000, 0x0000, 0x0000, 0x0000, 0x0000, 0x0000,
    0x0000, 0x0000, 0x0000, 0x0000, 0x0000, 0x0000, 0x0000, 0x0000, 0x0000, 0x0000, 0x0000, 0x0000, 0x0000, 0x0000, 0x0000, 0x0000,
    0x0000, 0x0000, 0x0000, 0x0000, 0x0000, 0x0000, 0x0000, 0x0000, 0x0000, 0x0000, 0x0000, 0x0000, 0x0000, 0x0000, 0x0000, 0x0000,
    0x0000, 0x0000, 0x0000, 0x0000, 0x0000, 0x0000, 0x0000, 0x0000, 0x0000, 0x0000, 0x0000, 0x0000, 0x0000, 0x0000, 0x0000, 0x0000,
    0x0000, 0x0000, 0x0000, 0x0000, 0x0000, 0x0000, 0x0000, 0x0000, 0x0000, 0x0000, 0x0000, 0x0000, 0x0000, 0x0000, 0x0000, 0x0000,
    0x18a1, 0xac6a, 0xbcab, 0xbcab, 0x9c29, 0x9c29, 0xac6a, 0x3902, 0x3902, 0xbcab, 0xbcab, 0xac6a, 0xbcab, 0xac6a, 0xac6a, 0x18a1,
    0x18a1, 0xac6a, 0xbcab, 0xbcab, 0x9c29, 0x9c29, 0xac6a, 0x3902, 0x3902, 0xbcab, 0xbcab, 0xac6a, 0xbcab, 0xac6a, 0xac6a, 0x18a1,
    0x0000, 0x0000, 0x0000, 0x0000, 0x0000, 0x0000, 0x0000, 0x0000, 0x0000, 0x0000, 0x0000, 0x0000, 0x0000, 0x0000, 0x0000, 0x0000,
    0x5269, 0x73ae, 0x9492, 0x5acb, 0x5acb, 0x73ae, 0x5acb, 0x6b4d, 0x73ae, 0x73ae, 0x73ae, 0x6b4d, 0x8430, 0x8430, 0x73ae, 0x5269,
    0x0000, 0x0000, 0x0000, 0x0000, 0x0000, 0x0000, 0x0000, 0x0000, 0x0000, 0x0000, 0x0000, 0x0000, 0x0000, 0x0000, 0x0000, 0x0000,
    0xce69, 0xe70a, 0xe70a, 0xce69, 0xc5e9, 0xc5e9, 0xc5e9, 0xb569, 0x9c67, 0xc5e9, 0xe70a, 0xce69, 0xce69, 0xc5e9, 0x9c67, 0x9c67,
    0xae9b, 0x0000, 0x0000, 0x0000, 0x0000, 0x0000, 0x0000, 0x0000, 0x0000, 0x0000, 0x0000, 0x0000, 0x0000, 0x0000, 0x0000, 0xae9b,
    0x7bef, 0x73ae, 0x73ae, 0x8d76, 0x8c71, 0x8c71, 0x8c71, 0x7bef, 0x7bef, 0x8c71, 0x8d76, 0x7bef, 0x73ae, 0x73ae, 0x73ae, 0x7bef,
    0x7bef, 0x73ae, 0x73ae, 0x7bef, 0x9471, 0xbc92, 0x9471, 0x7bef, 0x7bef, 0x7bef, 0x7bef, 0x7bef, 0x9471, 0x9471, 0x9471, 0x9471,
    0xbdf7, 0x0000, 0xbdf7, 0x9cd3, 0xbdf7, 0x9cd3, 0x0000, 0x0000, 0x73ae, 0x73ae, 0x0000, 0x0000, 0xbdf7, 0x9cd3, 0xbdf7, 0x0000,
    0xbdf7, 0xbdf7, 0xbdf7, 0x9cd3, 0xbdf7, 0x9cd3, 0x83f0, 0x6b6d, 0x73ae, 0x73ae, 0x73ae, 0xad55, 0xbdf7, 0x9cd3, 0xbdf7, 0xad95,
    0x0000, 0x0000, 0x0000, 0x0000, 0x0000, 0x0000, 0x0000, 0x0000, 0x0000, 0x0000, 0x0000, 0x0000, 0x0000, 0x0000, 0x0000, 0x0000,
    0x0000, 0x0000, 0x0000, 0x0000, 0x0000, 0x0000, 0x0000, 0x0000, 0x0000, 0x0000, 0x0000, 0x0000, 0x0000, 0x0000, 0x0000, 0x0000,
    0x0000, 0x0000, 0x0000, 0x0000, 0x0000, 0x0000, 0x0000, 0x0000, 0x0000, 0x0000, 0x0000, 0x0000, 0x0000, 0x0000, 0x0000, 0x0000,
    0x0000, 0x0000, 0x0000, 0x0000, 0x0000, 0x0000, 0x0000, 0x0000, 0x0000, 0x0000, 0x0000, 0x0000, 0x0000, 0x0000, 0x0000, 0x0000,
    0x0000, 0x0000, 0x0000, 0x0000, 0x0000, 0x0000, 0x0000, 0x0000, 0x0000, 0x0000, 0x0000, 0x0000, 0x0000, 0x0000, 0x0000, 0x0000,
    0x18a1, 0x9c29, 0x9c29, 0xac6a, 0xbcab, 0xac6a, 0x9c29, 0x3902, 0x3902, 0xbcab, 0xac6a, 0x9c29, 0x9c29, 0x9c29, 0x9c29, 0x18a1,
    0x18a1, 0x9c29, 0x9c29, 0xac6a, 0xbcab, 0xac6a, 0x9c29, 0x3902, 0x3902, 0xbcab, 0xac6a, 0x9c29, 0x9c29, 0x9c29, 0x9c29, 0x18a1,
    0x0000, 0x0000, 0x0000, 0x0000, 0x0000, 0x0000, 0x0000, 0x0000, 0x0000, 0x0000, 0x0000, 0x0000, 0x0000, 0x0000, 0x0000, 0x0000,
    0x5269, 0x5acb, 0x73ae, 0x6b4d, 0x73ae, 0x8430, 0x73ae, 0x5269, 0x5acb, 0x6b4d, 0x6b4d, 0x5acb, 0x6b4d, 0x73ae, 0x6b4d, 0x5269,
    0x0000, 0x0000, 0x0000, 0x0000, 0x0000, 0x0000, 0x0000, 0x0000, 0x0000, 0x0000, 0x0000, 0x0000, 0x0000, 0x0000, 0x0000, 0x0000,
    0xce69, 0xe70a, 0xe70a, 0xb569, 0x9c67, 0xc5e9, 0xe70a, 0xce69, 0xc5e9, 0xc5e9, 0x9c67, 0xc5e9, 0xc5e9, 0xc5e9, 0xc5e9, 0xb569,
    0xae9b, 0xae9b, 0x8e19, 0xae9b, 0x8e19, 0x8e19, 0x8e19, 0x8e19, 0x8e19, 0x8e19, 0x8e19, 0x8e19, 0x8e19, 0x8e19, 0xae9b, 0xae9b,
    0x7bef, 0x7bef, 0x7bef, 0x7bef, 0x7bef, 0x7bef, 0x73ae, 0x8c71, 0x7bef, 0x7bef, 0x7bef, 0x7bef, 0x7bef, 0x7bef, 0x8c71, 0x8c71,
    0x7bef, 0x7bef, 0x7bef, 0x7bef, 0x7bef, 0x7bef, 0x73ae, 0x73ae, 0x7bef, 0x9471, 0x9471, 0x7bef, 0x7bef, 0x73ae, 0x7bef, 0x7bef,
    0x9cd3, 0x0000, 0xbdf7, 0xbdf7, 0xbdf7, 0x0000, 0x0000, 0x6b2d, 0x6b2d, 0x6b2d, 0x73ae, 0x0000, 0x0000, 0xbdf7, 0x0000, 0x9cd3,
    0x9cd3, 0xad55, 0xbdf7, 0xbdf7, 0xbdf7, 0xad55, 0x6b2d, 0x6b2d, 0x6b2d, 0x6b2d, 0x73ae, 0x73ae, 0xbdf7, 0xbdf7, 0xad95, 0x9cd3,
    0x0000, 0x0000, 0x0000, 0x0000, 0x0000, 0x0000, 0x0000, 0x0000, 0x0000, 0x0000, 0x0000, 0x0000, 0x0000, 0x0000, 0x0000, 0x0000,
    0x0000, 0x0000, 0x0000, 0x0000, 0x0000, 0x0000, 0x0000, 0x0000, 0x0000, 0x0000, 0x0000, 0x0000, 0x0000, 0x0000, 0x0000, 0x0000,
    0x0000, 0x0000, 0x0000, 0x0000, 0x0000, 0x0000, 0x0000, 0x0000, 0x0000, 0x0000, 0x0000, 0x0000, 0x0000, 0x0000, 0x0000, 0x0000,
    0x0000, 0x0000, 0x0000, 0x0000, 0x0000, 0x0000, 0x0000, 0x0000, 0x0000, 0x0000, 0x0000, 0x0000, 0x0000, 0x0000, 0x0000, 0x0000,
    0x0000, 0x0000, 0x0000, 0x0000, 0x0000, 0x0000, 0x0000, 0x0000, 0x0000, 0x0000, 0x0000, 0x0000, 0x0000, 0x0000, 0x0000, 0x0000,
    0x18a1, 0x7b06, 0x7b06, 0x6285, 0x6285, 0x7b06, 0x93a8, 0x18a1, 0x18a1, 0x7b06, 0x6285, 0x7b06, 0x6285, 0x6285, 0x6285, 0x18a1,
    0x18a1, 0x7b06, 0x7b06, 0x6285, 0x6285, 0x7b06, 0x93a8, 0x18a1, 0x18a1, 0x7b06, 0x6285, 0x7b06, 0x6285, 0x6285, 0x6285, 0x18a1,
    0x0000, 0x0000, 0x0000, 0x0000, 0x0000, 0x0000, 0x0000, 0x0000, 0x0000, 0x0000, 0x0000, 0x0000, 0x0000, 0x0000, 0x0000, 0x0000,
    0x5269, 0x5269, 0x5269, 0x5269, 0x39c7, 0x5269, 0x5269, 0x5269, 0x39c7, 0x39c7, 0x39c7, 0x39c7, 0x5269, 0x5269, 0x5269, 0x5269,
    0x0000, 0x0000, 0x0000, 0x0000, 0x0000, 0x0000, 0x0000, 0x0000, 0x0000, 0x0000, 0x0000, 0x0000, 0x0000, 0x0000, 0x0000, 0x0000,
    0x2923, 0x2923, 0x3164, 0x3964, 0x3164, 0x3164, 0x3964, 0x3164, 0x3164, 0x3164, 0x3164, 0x3164, 0x3164, 0x3164, 0x3164, 0x3164,
    0x18e2, 0x18e2, 0x3164, 0x3164, 0x3184, 0x3184, 0x3184, 0x3184, 0x3164, 0x3164, 0x3184, 0x3184, 0x3184, 0x3184, 0x3164, 0x41c5,
    0x18e2, 0x18e2, 0x3164, 0x3164, 0x3184, 0x3184, 0x3184, 0x3184, 0x3164, 0x3164, 0x3184, 0x3184, 0x3184, 0x3184, 0x3164, 0x41c5,
    0x0000, 0x0000, 0x0000, 0x0000, 0x0000, 0x0000, 0x0000, 0x0000, 0x0000, 0x0000, 0x0000, 0x0000, 0x0000, 0x0000, 0x0000, 0x0000,
    0x0000, 0x0000, 0x0000, 0x0000, 0x9ba8, 0x7b07, 0x6aa6, 0x6aa6, 0x6aa6, 0x6aa6, 0x6aa6, 0x7b07, 0xbccc, 0x0000, 0x0000, 0x0000,
    0xbcab, 0xac6a, 0xbcab, 0xc4ec, 0xc4ec, 0xc4ec, 0xc4ec, 0xc4ec, 0xbcab, 0xc4ec, 0xc4ec, 0xc4ec, 0xc4ec, 0xc4ec, 0xbcab, 0x93a8,
    0x6aa6, 0x9ba8, 0x80c3, 0x9104, 0xb185, 0xa944, 0xb185, 0xb185, 0xa124, 0xa124, 0xb185, 0xb9c6, 0xa124, 0x80c3, 0x9104, 0x9ba8,
    0x6aa6, 0x9ba8, 0x80c3, 0x9104, 0xb185, 0xa944, 0xb185, 0xb185, 0xa124, 0xa124, 0xb185, 0xb9c6, 0xa124, 0x80c3, 0x9104, 0x9ba8,
    0x0000, 0x0000, 0x0000, 0x0000, 0x0000, 0x0000, 0x0000, 0x0000, 0x0000, 0x0000, 0x0000, 0x0000, 0x0000, 0x0000, 0x0000, 0x0000,
    0x0000, 0x0000, 0x0000, 0x0000, 0x0000, 0x0000, 0x0000, 0x0000, 0x0000, 0x0000, 0x0000, 0x0000, 0x0000, 0x0000, 0x0000, 0x0000,
    0x0000, 0x0000, 0x0000, 0x0000, 0x0000, 0x0000, 0x0000, 0x0000, 0x0000, 0x0000, 0x0000, 0x0000, 0x0000, 0x0000, 0x0000, 0x0000,
    0x0000, 0x0000, 0x0000, 0x0000, 0x0000, 0x0000, 0x0000, 0x0000, 0x0000, 0x0000, 0x0000, 0x0000, 0x0000, 0x0000, 0x0000, 0x0000,
    0x0000, 0x0000, 0x0000, 0x0000, 0x0000, 0x0000, 0x0000, 0x0000, 0x0000, 0x0000, 0x0000, 0x0000, 0x0000, 0x0000, 0x0000, 0x0000,
    0x0000, 0x0000, 0x0000, 0x0000, 0x0000, 0x0000, 0x0000, 0x0000, 0x0000, 0x0000, 0x0000, 0x0000, 0x0000, 0x0000, 0x0000, 0x0000,
    0x0000, 0x0000, 0x0000, 0x0000, 0x0000, 0x0000, 0x0000, 0x0000, 0x0000, 0x0000, 0x0000, 0x0000, 0x0000, 0x0000, 0x0000, 0x0000,
    0x0000, 0x0000, 0x0000, 0x0000, 0x0000, 0x0000, 0x0000, 0x0000, 0x0000, 0x0000, 0x0000, 0x0000, 0x0000, 0x0000, 0x0000, 0x0000,
    0x2923, 0x2923, 0x3164, 0x3964, 0x3164, 0x3164, 0x3964, 0x3164, 0x3164, 0x3164, 0x3164, 0x3164, 0x3164, 0x3164, 0x3164, 0x3164,
    0x18e2, 0x18e2, 0x3164, 0x3164, 0x3184, 0x3184, 0x3184, 0x3184, 0x3164, 0x3164, 0x3184, 0x3184, 0x3184, 0x3184, 0x3164, 0x41c5,
    0x18e2, 0x18e2, 0x3164, 0x3164, 0x3184, 0x3184, 0x3184, 0x3184, 0x3164, 0x3164, 0x3184, 0x3184, 0x3184, 0x3184, 0x3164, 0x41c5,
    0x0000, 0x0000, 0x0000, 0x0000, 0x0000, 0x0000, 0x0000, 0x0000, 0x0000, 0x0000, 0x0000, 0x0000, 0x0000, 0x0000, 0x0000, 0x0000,
    0x0000, 0x0000, 0x0000, 0x0000, 0x9ba8, 0x9ba8, 0xb46a, 0x9ba8, 0x9ba8, 0x9ba8, 0xb46a, 0x9ba8, 0xb46a, 0x0000, 0x0000, 0x0000,
    0xbcab, 0xbcab, 0xac6a, 0xac6a, 0x93a8, 0x9c29, 0xac6a, 0xbcab, 0xbcab, 0xbcab, 0xac6a, 0xac6a, 0xbcab, 0xbcab, 0x9c29, 0x9c29,
    0x6aa6, 0x9ba8, 0x9104, 0x80c3, 0xb185, 0xa944, 0xa944, 0xa124, 0xa944, 0xb185, 0xb9c6, 0xb9c6, 0xa124, 0x80c3, 0x9104, 0x9ba8,
    0x6aa6, 0x9ba8, 0x9104, 0x80c3, 0xb185, 0xa944, 0xa944, 0xa124, 0xa944, 0xb185, 0xb9c6, 0xb9c6, 0xa124, 0x80c3, 0x9104, 0x9ba8,
    0x0000, 0x0000, 0x0000, 0x0000, 0x0000, 0x0000, 0x0000, 0x0000, 0x0000, 0x0000, 0x0000, 0x0000, 0x0000, 0x0000, 0x0000, 0x0000,
    0x0000, 0x0000, 0x0000, 0x0000, 0x0000, 0x0000, 0x0000, 0x0000, 0x0000, 0x0000, 0x0000, 0x0000, 0x0000, 0x0000, 0x0000, 0x0000,
    0x0000, 0x0000, 0x0000, 0x0000, 0x0000, 0x0000, 0x0000, 0x0000, 0x0000, 0x0000, 0x0000, 0x0000, 0x0000, 0x0000, 0x0000, 0x0000,
    0x0000, 0x0000, 0x0000, 0x0000, 0x0000, 0x0000, 0x0000, 0x0000, 0x0000, 0x0000, 0x0000, 0x0000, 0x0000, 0x0000, 0x0000, 0x0000,
    0x0000, 0x0000, 0x0000, 0x0000, 0x0000, 0x0000, 0x0000, 0x0000, 0x0000, 0x0000, 0x0000, 0x0000, 0x0000, 0x0000, 0x0000, 0x0000,
    0x0000, 0x0000, 0x0000, 0x0000, 0x0000, 0x0000, 0x0000, 0x0000, 0x0000, 0x0000, 0x0000, 0x0000, 0x0000, 0x0000, 0x0000, 0x0000,
    0x0000, 0x0000, 0x0000, 0x0000, 0x0000, 0x0000, 0x0000, 0x0000, 0x0000, 0x0000, 0x0000, 0x0000, 0x0000, 0x0000, 0x0000, 0x0000,
    0x0000, 0x0000, 0x0000, 0x0000, 0x0000, 0x0000, 0x0000, 0x0000, 0x0000, 0x0000, 0x0000, 0x0000, 0x0000, 0x0000, 0x0000, 0x0000,
    0x3184, 0x3184, 0x8305, 0x7ae4, 0x7ae4, 0x9365, 0x9365, 0x7ae4, 0x9365, 0x9365, 0x9365, 0x7ae4, 0x9325, 0x9365, 0x8305, 0x3184,
    0x2923, 0x2923, 0x9325, 0x9325, 0x9304, 0x7ae4, 0x7ae4, 0x9365, 0x7ae4, 0x7ae4, 0x9365, 0x9365, 0x7ae4, 0x7ae4, 0x7ae4, 0x41e6,
    0x2923, 0x2923, 0x9325, 0x9325, 0x9304, 0x7ae4, 0x7ae4, 0x9365, 0x7ae4, 0x7ae4, 0x9365, 0x9365, 0x7ae4, 0x7ae4, 0x7ae4, 0x41e6,
    0x0000, 0x0000, 0x0000, 0x0000, 0x0000, 0x0000, 0x0000, 0x0000, 0x0000, 0x0000, 0x0000, 0x0000, 0x0000, 0x0000, 0x0000, 0x0000,
    0x0000, 0x0000, 0x0000, 0x0000, 0xad96, 0xad96, 0xad96, 0xad96, 0xad96, 0xad96, 0xad96, 0xad96, 0xad96, 0x0000, 0x0000, 0x0000,
    0xac6a, 0xbcab, 0xbcab, 0xbcab, 0xac6a, 0xbcab, 0xac6a, 0x9c29, 0x9c29, 0x9c29, 0x9c29, 0xac6a, 0xac6a, 0xbcab, 0xbcab, 0x93a8,
    0x6aa6, 0xb46a, 0x9104, 0x9104, 0xb185, 0xb185, 0xa944, 0xb185, 0xb9c6, 0xb9c6, 0xb9c6, 0xb9c6, 0xb185, 0x80c3, 0x9104, 0xb46a,
    0x6aa6, 0xb46a, 0x9104, 0x9104, 0xb185, 0xb185, 0xa944, 0xb185, 0xb9c6, 0xb9c6, 0xb9c6, 0xb9c6, 0xb185, 0x80c3, 0x9104, 0xb46a,
    0x0000, 0x0000, 0x0000, 0x0000, 0x0000, 0x0000, 0x0000, 0x0000, 0x0000, 0x0000, 0x0000, 0x0000, 0x0000, 0x0000, 0x0000, 0x0000,
    0x0000, 0x0000, 0x0000, 0x0000, 0x0000, 0x0000, 0x0000, 0x0000, 0x0000, 0x0000, 0x0000, 0x0000, 0x0000, 0x0000, 0x0000, 0x0000,
    0x0000, 0x0000, 0x0000, 0x0000, 0x0000, 0x0000, 0x0000, 0x0000, 0x0000, 0x0000, 0x0000, 0x0000, 0x0000, 0x0000, 0x0000, 0x0000,
    0x0000, 0x0000, 0x0000, 0x0000, 0x0000, 0x0000, 0x0000, 0x0000, 0x0000, 0x0000, 0x0000, 0x0000, 0x0000, 0x0000, 0x0000, 0x0000,
    0x0000, 0x0000, 0x0000, 0x0000, 0x0000, 0x0000, 0x0000, 0x0000, 0x0000, 0x0000, 0x0000, 0x0000, 0x0000, 0x0000, 0x0000, 0x0000,
    0x0000, 0x0000, 0x0000, 0x0000, 0x0000, 0x0000, 0x0000, 0x0000, 0x0000, 0x0000, 0x0000, 0x0000, 0x0000, 0x0000, 0x0000, 0x0000,
    0x0000, 0x0000, 0x0000, 0x0000, 0x0000, 0x0000, 0x0000, 0x0000, 0x0000, 0x0000, 0x0000, 0x0000, 0x0000, 0x0000, 0x0000, 0x0000,
    0x0000, 0x0000, 0x0000, 0x0000, 0x0000, 0x0000, 0x0000, 0x0000, 0x0000, 0x0000, 0x0000, 0x0000, 0x0000, 0x0000, 0x0000, 0x0000,
    0x3184, 0x3184, 0x9365, 0x4960, 0x4960, 0x3920, 0x4960, 0x3920, 0x3920, 0x3920, 0x3920, 0x3920, 0x3920, 0x4140, 0x9365, 0x3184,
    0x2923, 0x2923, 0xa363, 0xa344, 0xa344, 0xa344, 0xa363, 0xa363, 0xa363, 0xa363, 0xa363, 0xa363, 0xa363, 0xa363, 0xa344, 0x41e6,
    0x2923, 0x2923, 0xa363, 0xa344, 0xa344, 0xa344, 0xa363, 0xa363, 0xa363, 0xa363, 0xa363, 0xa363, 0xa363, 0xa363, 0xa344, 0x41e6,
    0x0000, 0x0000, 0x0000, 0x0000, 0x0000, 0x0000, 0x0000, 0x0000, 0x0000, 0x0000, 0x0000, 0x0000, 0x0000, 0x0000, 0x0000, 0x0000,
    0x0000, 0x0000, 0x0000, 0x0000, 0xdefb, 0xdefb, 0xef7d, 0xef7d, 0xef7d, 0xef7d, 0xef7d, 0xdefb, 0xc69a, 0x0000, 0x0000, 0x0000,
    0x93a8, 0x7b06, 0x7b06, 0x93a8, 0x93a8, 0x7b06, 0x6285, 0x6285, 0x7b06, 0x7b06, 0x6285, 0x7b06, 0x6285, 0x6285, 0x7b06, 0x6285,
    0x6aa6, 0x9ba8, 0x9104, 0x9104, 0xa944, 0xb185, 0xb9c6, 0xb9c6, 0xb9c6, 0xb9c6, 0xb185, 0xb9c6, 0xa944, 0x9104, 0x9104, 0x9ba8,
    0x6aa6, 0x9ba8, 0x9104, 0x9104, 0xa944, 0xb185, 0xb9c6, 0xb9c6, 0xb9c6, 0xb9c6, 0xb185, 0xb9c6, 0xa944, 0x9104, 0x9104, 0x9ba8,
    0x0000, 0x0000, 0x0000, 0x0000, 0x0000, 0x0000, 0x0000, 0x0000, 0x0000, 0x0000, 0x0000, 0x0000, 0x0000, 0x0000, 0x0000, 0x0000,
    0x0000, 0x0000, 0x0000, 0x0000, 0x0000, 0x0000, 0x0000, 0x0000, 0x0000, 0x0000, 0x0000, 0x0000, 0x0000, 0x0000, 0x0000, 0x0000,
    0x0000, 0x0000, 0x0000, 0x0000, 0x0000, 0x0000, 0x0000, 0x0000, 0x0000, 0x0000, 0x0000, 0x0000, 0x0000, 0x0000, 0x0000, 0x0000,
    0x0000, 0x0000, 0x0000, 0x0000, 0x0000, 0x0000, 0x0000, 0x0000, 0x0000, 0x0000, 0x0000, 0x0000, 0x0000, 0x0000, 0x0000, 0x0000,
    0x0000, 0x0000, 0x0000, 0x0000, 0x0000, 0x0000, 0x0000, 0x0000, 0x0000, 0x0000, 0x0000, 0x0000, 0x0000, 0x0000, 0x0000, 0x0000,
    0x0000, 0x0000, 0x0000, 0x0000, 0x0000, 0x0000, 0x0000, 0x0000, 0x0000, 0x0000, 0x0000, 0x0000, 0x0000, 0x0000, 0x0000, 0x0000,
    0x0000, 0x0000, 0x0000, 0x0000, 0x0000, 0x0000, 0x0000, 0x0000, 0x0000, 0x0000, 0x0000, 0x0000, 0x0000, 0x0000, 0x0000, 0x0000,
    0x0000, 0x0000, 0x0000, 0x0000, 0x0000, 0x0000, 0x0000, 0x0000, 0x0000, 0x0000, 0x0000, 0x0000, 0x0000, 0x0000, 0x0000, 0x0000,
    0x3164, 0x3164, 0x8b04, 0x4120, 0x4120, 0x4120, 0x4120, 0x4120, 0x4120, 0x4120, 0x4120, 0x4120, 0x4120, 0x4120, 0x8b04, 0x3164,
    0x2923, 0x2923, 0xabc5, 0xa363, 0xa384, 0xabc5, 0xabc5, 0xabc5, 0xa384, 0xa384, 0xa384, 0x8b43, 0x8b43, 0x8b43, 0x8b43, 0x41e6,
    0x2923, 0x2923, 0xabc5, 0xa363, 0xa384, 0xabc5, 0x73ae, 0x73ae, 0x9492, 0x9492, 0xa384, 0x8b43, 0x8b43, 0x8b43, 0x8b43, 0x41e6,
    0x0000, 0x0000, 0x0000, 0x0000, 0x0000, 0x0000, 0x0000, 0x0000, 0x0000, 0x0000, 0x0000, 0x0000, 0x0000, 0x0000, 0x0000, 0x0000,
    0x0000, 0x0000, 0x0000, 0x0000, 0xdefb, 0xef7d, 0xef7d, 0xef7d, 0xef7d, 0xef7d, 0xef7d, 0xef7d, 0xdefb, 0x0000, 0x0000, 0x0000,
    0xbcab, 0xc4ec, 0x9c29, 0xc4ec, 0xc4ec, 0xc4ec, 0xc4ec, 0x9c29, 0xc4ec, 0xc4ec, 0xc4ec, 0xbcab, 0xac6a, 0xac6a, 0x9c29, 0xbcab,
    0xbcab, 0xac6a, 0xbcab, 0xc4ec, 0xc4ec, 0xc4ec, 0xc4ec, 0xc4ec, 0xbcab, 0xc4ec, 0xc4ec, 0xc4ec, 0xc4ec, 0xc4ec, 0xbcab, 0x93a8,
    0x6aa6, 0xb46a, 0x80c3, 0x9104, 0xa944, 0xb185, 0xb185, 0xb185, 0xb185, 0xb185, 0xb185, 0xb185, 0xa944, 0x9104, 0x9104, 0xb46a,
    0x0000, 0x0000, 0x0000, 0x0000, 0x0000, 0x0000, 0x0000, 0x0000, 0x0000, 0x0000, 0x0000, 0x0000, 0x0000, 0x0000, 0x0000, 0x0000,
    0x0000, 0x0000, 0x0000, 0x0000, 0x0000, 0x0000, 0x0000, 0x0000, 0x0000, 0x0000, 0x0000, 0x0000, 0x0000, 0x0000, 0x0000, 0x0000,
    0x0000, 0x0000, 0x0000, 0x0000, 0x0000, 0x0000, 0x0000, 0x0000, 0x0000, 0x0000, 0x0000, 0x0000, 0x0000, 0x0000, 0x0000, 0x0000,
    0x0000, 0x0000, 0x0000, 0x0000, 0x0000, 0x0000, 0x0000, 0x0000, 0x0000, 0x0000, 0x0000, 0x0000, 0x0000, 0x0000, 0x0000, 0x0000,
    0x0000, 0x0000, 0x0000, 0x0000, 0x0000, 0x0000, 0x0000, 0x0000, 0x0000, 0x0000, 0x0000, 0x0000, 0x0000, 0x0000, 0x0000, 0x0000,
    0x0000, 0x0000, 0x0000, 0x0000, 0x0000, 0x0000, 0x0000, 0x0000, 0x0000, 0x0000, 0x0000, 0x0000, 0x0000, 0x0000, 0x0000, 0x0000,
    0x0000, 0x0000, 0x0000, 0x0000, 0x0000, 0x0000, 0x0000, 0x0000, 0x0000, 0x0000, 0x0000, 0x0000, 0x0000, 0x0000, 0x0000, 0x0000,
    0x0000, 0x0000, 0x0000, 0x0000, 0x0000, 0x0000, 0x0000, 0x0000, 0x0000, 0x0000, 0x0000, 0x0000, 0x0000, 0x0000, 0x0000, 0x0000,
    0x3184, 0x3184, 0x9325, 0x4140, 0x4960, 0x4960, 0x3920, 0x3920, 0x3920, 0x3920, 0x3920, 0x4140, 0x4140, 0x4140, 0x9325, 0x3164,
    0x3164, 0x3164, 0x41e6, 0x41e6, 0x41e6, 0x41e6, 0x41e6, 0x41c5, 0x41e6, 0x41e6, 0x41e6, 0x41e6, 0x41c5, 0x41c5, 0x41c5, 0x41e6,
    0x3164, 0x3164, 0x41e6, 0x41e6, 0x41e6, 0x41e6, 0x73ae, 0x73ae, 0x9492, 0x9492, 0x41e6, 0x41e6, 0x41c5, 0x41c5, 0x41c5, 0x41e6,
    0x0000, 0x0000, 0x0000, 0x0000, 0x0000, 0x0000, 0x0000, 0x0000, 0x0000, 0x0000, 0x0000, 0x0000, 0x0000, 0x0000, 0x0000, 0x0000,
    0x9c29, 0x9ba8, 0xc69a, 0xdefb, 0xdefb, 0xef7d, 0xdefb, 0xc69a, 0xc69a, 0xc69a, 0xdefb, 0xef7d, 0xdefb, 0xdefb, 0xc69a, 0x9ba8,
    0xac6a, 0xbcab, 0xbcab, 0xac6a, 0x9c29, 0xac6a, 0x9c29, 0x93a8, 0x9c29, 0xac6a, 0xac6a, 0xbcab, 0xbcab, 0xbcab, 0xbcab, 0xac6a,
    0xbcab, 0xbcab, 0xac6a, 0xac6a, 0x93a8, 0x9c29, 0xac6a, 0xbcab, 0xbcab, 0xbcab, 0xac6a, 0xac6a, 0xbcab, 0xbcab, 0x9c29, 0x9c29,
    0x6aa6, 0xbccc, 0x80c3, 0x9104, 0xa944, 0xb185, 0xb185, 0xb185, 0xb185, 0xb185, 0xa944, 0xb185, 0xa944, 0xa124, 0x9104, 0xbccc,
    0x0000, 0x0000, 0x0000, 0x0000, 0x0000, 0x0000, 0x0000, 0x0000, 0x0000, 0x0000, 0x0000, 0x0000, 0x0000, 0x0000, 0x0000, 0x0000,
    0x0000, 0x0000, 0x0000, 0x0000, 0x0000, 0x0000, 0x0000, 0x0000, 0x0000, 0x0000, 0x0000, 0x0000, 0x0000, 0x0000, 0x0000, 0x0000,
    0x0000, 0x0000, 0x0000, 0x0000, 0x0000, 0x0000, 0x0000, 0x0000, 0x0000, 0x0000, 0x0000, 0x0000, 0x0000, 0x0000, 0x0000, 0x0000,
    0x0000, 0x0000, 0x0000, 0x0000, 0x0000, 0x0000, 0x0000, 0x0000, 0x0000, 0x0000, 0x0000, 0x0000, 0x0000, 0x0000, 0x0000, 0x0000,
    0x0000, 0x0000, 0x0000, 0x0000, 0x0000, 0x0000, 0x0000, 0x0000, 0x0000, 0x0000, 0x0000, 0x0000, 0x0000, 0x0000, 0x0000, 0x0000,
    0x0000, 0x0000, 0x0000, 0x0000, 0x0000, 0x0000, 0x0000, 0x0000, 0x0000, 0x0000, 0x0000, 0x0000, 0x0000, 0x0000, 0x0000, 0x0000,
    0x0000, 0x0000, 0x0000, 0x0000, 0x0000, 0x0000, 0x0000, 0x0000, 0x0000, 0x0000, 0x0000, 0x0000, 0x0000, 0x0000, 0x0000, 0x0000,
    0x0000, 0x0000, 0x0000, 0x0000, 0x0000, 0x0000, 0x0000, 0x0000, 0x0000, 0x0000, 0x0000, 0x0000, 0x0000, 0x0000, 0x0000, 0x0000,
    0x3164, 0x3164, 0x7ae4, 0x3920, 0x3920, 0x4960, 0x4140, 0x4140, 0x3920, 0x3920, 0x3920, 0x3920, 0x4120, 0x4960, 0x7ae4, 0x3164,
    0x20e2, 0x20e2, 0x2923, 0x2103, 0x2923, 0x2923, 0x2923, 0x2923, 0x2923, 0x2923, 0x2923, 0x2923, 0x2923, 0x2923, 0x2923, 0x2923,
    0x20e2, 0x20e2, 0x2923, 0x2103, 0x2923, 0x2923, 0x73ae, 0x73ae, 0xa534, 0xa534, 0x2923, 0x2923, 0x2923, 0x2923, 0x2923, 0x2923,
    0x0000, 0x0000, 0x0000, 0x0000, 0x0000, 0x0000, 0x0000, 0x0000, 0x0000, 0x0000, 0x0000, 0x0000, 0x0000, 0x0000, 0x0000, 0x0000,
    0x7b07, 0xbccc, 0xc69a, 0xef7d, 0xef7d, 0xc618, 0xdefb, 0xef7d, 0xef7d, 0xef7d, 0xdefb, 0xc618, 0xef7d, 0xef7d, 0xc69a, 0xbccc,
    0x9c29, 0x9c29, 0xac6a, 0xbcab, 0xac6a, 0xac6a, 0xac6a, 0x93a8, 0xbcab, 0xbcab, 0xbcab, 0xac6a, 0xac6a, 0x9c29, 0x9c29, 0x9c29,
    0xac6a, 0xbcab, 0xbcab, 0xbcab, 0xac6a, 0xbcab, 0xac6a, 0x9c29, 0x9c29, 0x9c29, 0x9c29, 0xac6a, 0xac6a, 0xbcab, 0xbcab, 0x93a8,
    0x6aa6, 0xb46a, 0x80c3, 0xa124, 0xa124, 0xa944, 0xb185, 0xb185, 0xb185, 0xb185, 0xb185, 0xa944, 0xb9c6, 0xa124, 0x9104, 0xb46a,
    0x0000, 0x0000, 0x0000, 0x0000, 0x0000, 0x0000, 0x0000, 0x0000, 0x0000, 0x0000, 0x0000, 0x0000, 0x0000, 0x0000, 0x0000, 0x0000,
    0x0000, 0x0000, 0x0000, 0x0000, 0x0000, 0x0000, 0x0000, 0x0000, 0x0000, 0x0000, 0x0000, 0x0000, 0x0000, 0x0000, 0x0000, 0x0000,
    0x0000, 0x0000, 0x0000, 0x0000, 0x0000, 0x0000, 0x0000, 0x0000, 0x0000, 0x0000, 0x0000, 0x0000, 0x0000, 0x0000, 0x0000, 0x0000,
    0x0000, 0x0000, 0x0000, 0x0000, 0x0000, 0x0000, 0x0000, 0x0000, 0x0000, 0x0000, 0x0000, 0x0000, 0x0000, 0x0000, 0x0000, 0x0000,
    0x0000, 0x0000, 0x0000, 0x0000, 0x0000, 0x0000, 0x0000, 0x0000, 0x0000, 0x0000, 0x0000, 0x0000, 0x0000, 0x0000, 0x0000, 0x0000,
    0x0000, 0x0000, 0x0000, 0x0000, 0x0000, 0x0000, 0x0000, 0x0000, 0x0000, 0x0000, 0x0000, 0x0000, 0x0000, 0x0000, 0x0000, 0x0000,
    0x0000, 0x0000, 0x0000, 0x0000, 0x0000, 0x0000, 0x0000, 0x0000, 0x0000, 0x0000, 0x0000, 0x0000, 0x0000, 0x0000, 0x0000, 0x0000,
    0x0000, 0x0000, 0x0000, 0x0000, 0x0000, 0x0000, 0x0000, 0x0000, 0x0000, 0x0000, 0x0000, 0x0000, 0x0000, 0x0000, 0x0000, 0x0000,
    0x3184, 0x3184, 0x9365, 0x4960, 0x4960, 0x4120, 0x3920, 0x4960, 0x4960, 0x4960, 0x4140, 0x4140, 0x4140, 0x4960, 0x9365, 0x3164,
    0x2923, 0x2923, 0x8305, 0x9365, 0x9325, 0x7ae4, 0x9365, 0x9365, 0x7ae4, 0x7ae4, 0x9365, 0x9365, 0x7ae4, 0x7ae4, 0x7ae4, 0x41e6,
    0x2923, 0x2923, 0x8305, 0x9365, 0x9325, 0x7ae4, 0x73ae, 0x73ae, 0xa534, 0xa534, 0x9365, 0x9365, 0x7ae4, 0x7ae4, 0x7ae4, 0x41e6,
    0x0000, 0x0000, 0x0000, 0x0000, 0x0000, 0x0000, 0x0000, 0x0000, 0x0000, 0x0000, 0x0000, 0x0000, 0x0000, 0x0000, 0x0000, 0x0000,
    0x6aa6, 0xbccc, 0xc69a, 0xef7d, 0xef7d, 0xc618, 0xef7d, 0xffff, 0xffff, 0xffff, 0xef7d, 0xc618, 0xef7d, 0xef7d, 0xc69a, 0xbccc,
    0x6285, 0x6285, 0x7b06, 0x7b06, 0x93a8, 0x7b06, 0x6285, 0x6285, 0x6285, 0x6285, 0x7b06, 0x7b06, 0x7b06, 0x93a8, 0x7b06, 0x6285,
    0x93a8, 0x7b06, 0x7b06, 0x93a8, 0x93a8, 0x7b06, 0x6285, 0x6285, 0x7b06, 0x7b06, 0x6285, 0x7b06, 0x6285, 0x6285, 0x7b06, 0x6285,
    0x6aa6, 0x9ba8, 0x80c3, 0xa124, 0xa124, 0xa944, 0xb185, 0xb185, 0xb185, 0xb185, 0xa124, 0xa944, 0xb9c6, 0xa124, 0x9104, 0x9ba8,
    0x0000, 0x0000, 0x0000, 0x0000, 0x0000, 0x0000, 0x0000, 0x0000, 0x0000, 0x0000, 0x0000, 0x0000, 0x0000, 0x0000, 0x0000, 0x0000,
    0x0000, 0x0000, 0x0000, 0x0000, 0x0000, 0x0000, 0x0000, 0x0000, 0x0000, 0x0000, 0x0000, 0x0000, 0x0000, 0x0000, 0x0000, 0x0000,
    0x0000, 0x0000, 0x0000, 0x0000, 0x0000, 0x0000, 0x0000, 0x0000, 0x0000, 0x0000, 0x0000, 0x0000, 0x0000, 0x0000, 0x0000, 0x0000,
    0x0000, 0x0000, 0x0000, 0x0000, 0x0000, 0x0000, 0x0000, 0x0000, 0x0000, 0x0000, 0x0000, 0x0000, 0x0000, 0x0000, 0x0000, 0x0000,
    0x0000, 0x0000, 0x0000, 0x0000, 0x0000, 0x0000, 0x0000, 0x0000, 0x0000, 0x0000, 0x0000, 0x0000, 0x0000, 0x0000, 0x0000, 0x0000,
    0x0000, 0x0000, 0x0000, 0x0000, 0x0000, 0x0000, 0x0000, 0x0000, 0x0000, 0x0000, 0x0000, 0x0000, 0x0000, 0x0000, 0x0000, 0x0000,
    0x0000, 0x0000, 0x0000, 0x0000, 0x0000, 0x0000, 0x0000, 0x0000, 0x0000, 0x0000, 0x0000, 0x0000, 0x0000, 0x0000, 0x0000, 0x0000,
    0x0000, 0x0000, 0x0000, 0x0000, 0x0000, 0x0000, 0x0000, 0x0000, 0x0000, 0x0000, 0x0000, 0x0000, 0x0000, 0x0000, 0x0000, 0x0000,
    0x3164, 0x3164, 0x9304, 0x4120, 0x4120, 0x4120, 0x4120, 0x4120, 0x4120, 0x4120, 0x4120, 0x4120, 0x4120, 0x4120, 0x9304, 0x3164,
    0x2923, 0x2923, 0x9365, 0xa384, 0x8b43, 0x8b43, 0x8b43, 0x8b43, 0x8b43, 0x8b43, 0xabc5, 0x8b43, 0xabc5, 0xabc5, 0xabc5, 0x41e6,
    0x2923, 0x2923, 0x9365, 0xa384, 0x8b43, 0x8b43, 0x8430, 0x8430, 0xc618, 0xc618, 0xabc5, 0x8b43, 0xabc5, 0xabc5, 0xabc5, 0x41e6,
    0x0000, 0x0000, 0x0000, 0x0000, 0x0000, 0x0000, 0x0000, 0x0000, 0x0000, 0x0000, 0x0000, 0x0000, 0x0000, 0x0000, 0x0000, 0x0000,
    0x6aa6, 0xb46a, 0xc69a, 0xef7d, 0xdefb, 0xc618, 0xffff, 0xffff, 0xffff, 0xffff, 0xffff, 0xc618, 0xdefb, 0xef7d, 0xc69a, 0xb46a,
    0xbcab, 0xc4ec, 0xc4ec, 0xbcab, 0xac6a, 0xac6a, 0xc4ec, 0xc4ec, 0xc4ec, 0xc4ec, 0xc4ec, 0xc4ec, 0xc4ec, 0xc4ec, 0xbcab, 0x9c29,
    0xbcab, 0xc4ec, 0x9c29, 0xc4ec, 0xc4ec, 0xc4ec, 0xc4ec, 0x9c29, 0xc4ec, 0xc4ec, 0xc4ec, 0xbcab, 0xac6a, 0xac6a, 0x9c29, 0xbcab,
    0x6aa6, 0x9ba8, 0x80c3, 0xa124, 0xa944, 0xa124, 0xb185, 0xb185, 0xb185, 0xb185, 0xa944, 0xa944, 0xb9c6, 0xa124, 0x9104, 0x9ba8,
    0x0000, 0x0000, 0x0000, 0x0000, 0x0000, 0x0000, 0x0000, 0x0000, 0x0000, 0x0000, 0x0000, 0x0000, 0x0000, 0x0000, 0x0000, 0x0000,
    0x0000, 0x0000, 0x0000, 0x0000, 0x0000, 0x0000, 0x0000, 0x0000, 0x0000, 0x0000, 0x0000, 0x0000, 0x0000, 0x0000, 0x0000, 0x0000,
    0x0000, 0x0000, 0x0000, 0x0000, 0x0000, 0x0000, 0x0000, 0x0000, 0x0000, 0x0000, 0x0000, 0x0000, 0x0000, 0x0000, 0x0000, 0x0000,
    0x0000, 0x0000, 0x0000, 0x0000, 0x0000, 0x0000, 0x0000, 0x0000, 0x0000, 0x0000, 0x0000, 0x0000, 0x0000, 0x0000, 0x0000, 0x0000,
    0x0000, 0x0000, 0x0000, 0x0000, 0x0000, 0x0000, 0x0000, 0x0000, 0x0000, 0x0000, 0x0000, 0x0000, 0x0000, 0x0000, 0x0000, 0x0000,
    0x0000, 0x0000, 0x0000, 0x0000, 0x0000, 0x0000, 0x0000, 0x0000, 0x0000, 0x0000, 0x0000, 0x0000, 0x0000, 0x0000, 0x0000, 0x0000,
    0x0000, 0x0000, 0x0000, 0x0000, 0x0000, 0x0000, 0x0000, 0x0000, 0x0000, 0x0000, 0x0000, 0x0000, 0x0000, 0x0000, 0x0000, 0x0000,
    0x0000, 0x0000, 0x0000, 0x0000, 0x0000, 0x0000, 0x0000, 0x0000, 0x0000, 0x0000, 0x0000, 0x0000, 0x0000, 0x0000, 0x0000, 0x0000,
    0x3164, 0x3164, 0x9304, 0x4120, 0x4120, 0x4120, 0x4120, 0x4120, 0x4120, 0x4120, 0x4120, 0x4120, 0x4120, 0x4120, 0x9304, 0x3164,
    0x2923, 0x2923, 0x8b04, 0xa344, 0xa363, 0xa363, 0xa363, 0xa363, 0xa363, 0xa363, 0xa344, 0xa344, 0xa344, 0xa363, 0xa363, 0x41e5,
    0x2923, 0x2923, 0x8b04, 0xa344, 0xa363, 0xa363, 0x8430, 0x8430, 0xc618, 0xc618, 0xa344, 0xa344, 0xa344, 0xa363, 0xa363, 0x41e5,
    0x0000, 0x0000, 0x0000, 0x0000, 0x0000, 0x0000, 0x0000, 0x0000, 0x0000, 0x0000, 0x0000, 0x0000, 0x0000, 0x0000, 0x0000, 0x0000,
    0x6aa6, 0xb46a, 0xc69a, 0xdefb, 0xc69a, 0xc618, 0xdefb, 0xef7d, 0xef7d, 0xef7d, 0xdefb, 0xc618, 0xdefb, 0xdefb, 0xc69a, 0xb46a,
    0xbcab, 0xac6a, 0xbcab, 0xbcab, 0xbcab, 0xbcab, 0xac6a, 0x9c29, 0x9c29, 0x9c29, 0xac6a, 0x9c29, 0xac6a, 0x9c29, 0x9c29, 0x93a8,
    0xac6a, 0xbcab, 0xbcab, 0xac6a, 0x9c29, 0xac6a, 0x9c29, 0x93a8, 0x9c29, 0xac6a, 0xac6a, 0xbcab, 0xbcab, 0xbcab, 0xbcab, 0xac6a,
    0x6aa6, 0xb46a, 0x80c3, 0xa124, 0xa944, 0xa944, 0xa944, 0xb185, 0xb185, 0xb185, 0xb185, 0xa944, 0xb9c6, 0xa124, 0x9104, 0xb46a,
    0x0000, 0x0000, 0x0000, 0x0000, 0x0000, 0x0000, 0x0000, 0x0000, 0x0000, 0x0000, 0x0000, 0x0000, 0x0000, 0x0000, 0x0000, 0x0000,
    0x0000, 0x0000, 0x0000, 0x0000, 0x0000, 0x0000, 0x0000, 0x0000, 0x0000, 0x0000, 0x0000, 0x0000, 0x0000, 0x0000, 0x0000, 0x0000,
    0x0000, 0x0000, 0x0000, 0x0000, 0x0000, 0x0000, 0x0000, 0x0000, 0x0000, 0x0000, 0x0000, 0x0000, 0x0000, 0x0000, 0x0000, 0x0000,
    0x0000, 0x0000, 0x0000, 0x0000, 0x0000, 0x0000, 0x0000, 0x0000, 0x0000, 0x0000, 0x0000, 0x0000, 0x0000, 0x0000, 0x0000, 0x0000,
    0x0000, 0x0000, 0x0000, 0x0000, 0x0000, 0x0000, 0x0000, 0x0000, 0x0000, 0x0000, 0x0000, 0x0000, 0x0000, 0x0000, 0x0000, 0x0000,
    0x0000, 0x0000, 0x0000, 0x0000, 0x0000, 0x0000, 0x0000, 0x0000, 0x0000, 0x0000, 0x0000, 0x0000, 0x0000, 0x0000, 0x0000, 0x0000,
    0x0000, 0x0000, 0x0000, 0x0000, 0x0000, 0x0000, 0x0000, 0x0000, 0x0000, 0x0000, 0x0000, 0x0000, 0x0000, 0x0000, 0x0000, 0x0000,
    0x0000, 0x0000, 0x0000, 0x0000, 0x0000, 0x0000, 0x0000, 0x0000, 0x0000, 0x0000, 0x0000, 0x0000, 0x0000, 0x0000, 0x0000, 0x0000,
    0x3184, 0x3184, 0x9365, 0x4140, 0x4960, 0x4960, 0x4960, 0x3920, 0x3920, 0x3920, 0x3920, 0x4120, 0x4960, 0x4960, 0x9365, 0x3184,
    0x2923, 0x2923, 0x9325, 0xa384, 0xa384, 0xa384, 0x8b43, 0x8b43, 0x8b43, 0x8b43, 0x8b43, 0xabc5, 0xabc5, 0xa384, 0xa384, 0x41e6,
    0x2923, 0x2923, 0x9325, 0xa384, 0xa384, 0xa384, 0xa534, 0xa534, 0xce79, 0xce79, 0x8b43, 0xabc5, 0xabc5, 0xa384, 0xa384, 0x41e6,
    0x0000, 0x0000, 0x0000, 0x0000, 0x0000, 0x0000, 0x0000, 0x0000, 0x0000, 0x0000, 0x0000, 0x0000, 0x0000, 0x0000, 0x0000, 0x0000,
    0x6aa6, 0x9ba8, 0xad96, 0xad96, 0xad96, 0xad96, 0xad96, 0xad96, 0xad96, 0xad96, 0xad96, 0xad96, 0xad96, 0xad96, 0xad96, 0x9ba8,
    0xc4ec, 0xbcab, 0xac6a, 0xac6a, 0x9c29, 0x9c29, 0x9c29, 0x9c29, 0xac6a, 0xac6a, 0xac6a, 0xac6a, 0x9c29, 0x9c29, 0xbcab, 0x9c29,
    0x9c29, 0x9c29, 0xac6a, 0xbcab, 0xac6a, 0xac6a, 0xac6a, 0x93a8, 0xbcab, 0xbcab, 0xbcab, 0xac6a, 0xac6a, 0x9c29, 0x9c29, 0x9c29,
    0x6aa6, 0xb46a, 0x80c3, 0xa124, 0xb185, 0xa944, 0xa944, 0xa944, 0xb185, 0xb185, 0xb185, 0xb185, 0xb9c6, 0xa124, 0x9104, 0xb46a,
    0x0000, 0x0000, 0x0000, 0x0000, 0x0000, 0x0000, 0x0000, 0x0000, 0x0000, 0x0000, 0x0000, 0x0000, 0x0000, 0x0000, 0x0000, 0x0000,
    0x0000, 0x0000, 0x0000, 0x0000, 0x0000, 0x0000, 0x0000, 0x0000, 0x0000, 0x0000, 0x0000, 0x0000, 0x0000, 0x0000, 0x0000, 0x0000,
    0x0000, 0x0000, 0x0000, 0x0000, 0x0000, 0x0000, 0x0000, 0x0000, 0x0000, 0x0000, 0x0000, 0x0000, 0x0000, 0x0000, 0x0000, 0x0000,
    0x0000, 0x0000, 0x0000, 0x0000, 0x0000, 0x0000, 0x0000, 0x0000, 0x0000, 0x0000, 0x0000, 0x0000, 0x0000, 0x0000, 0x0000, 0x0000,
    0x0000, 0x0000, 0x0000, 0x0000, 0x0000, 0x0000, 0x0000, 0x0000, 0x0000, 0x0000, 0x0000, 0x0000, 0x0000, 0x0000, 0x0000, 0x0000,
    0x0000, 0x0000, 0x0000, 0x0000, 0x0000, 0x0000, 0x0000, 0x0000, 0x0000, 0x0000, 0x0000, 0x0000, 0x0000, 0x0000, 0x0000, 0x0000,
    0x0000, 0x0000, 0x0000, 0x0000, 0x0000, 0x0000, 0x0000, 0x0000, 0x0000, 0x0000, 0x0000, 0x0000, 0x0000, 0x0000, 0x0000, 0x0000,
    0x0000, 0x0000, 0x0000, 0x0000, 0x0000, 0x0000, 0x0000, 0x0000, 0x0000, 0x0000, 0x0000, 0x0000, 0x0000, 0x0000, 0x0000, 0x0000,
    0x3164, 0x3164, 0x7ae4, 0x4140, 0x4140, 0x4140, 0x4960, 0x3920, 0x4140, 0x4140, 0x4140, 0x4140, 0x4140, 0x3920, 0x7ae4, 0x3164,
    0x2923, 0x2923, 0x7ae4, 0xabc5, 0xa363, 0x8b43, 0x8b43, 0x8b43, 0xa384, 0xa384, 0xa384, 0xabc5, 0x8b43, 0x8b43, 0x8b43, 0x41c5,
    0x2923, 0x2923, 0x7ae4, 0xabc5, 0xa363, 0x8b43, 0xa534, 0xa534, 0xce79, 0xce79, 0xa384, 0xabc5, 0x8b43, 0x8b43, 0x8b43, 0x41c5,
    0x0000, 0x0000, 0x0000, 0x0000, 0x0000, 0x0000, 0x0000, 0x0000, 0x0000, 0x0000, 0x0000, 0x0000, 0x0000, 0x0000, 0x0000, 0x0000,
    0x6aa6, 0xb46a, 0x80c3, 0x9104, 0x9104, 0x9104, 0x9104, 0x9104, 0x80c3, 0x80c3, 0x80c3, 0xa124, 0x9104, 0x80c3, 0x9104, 0xb46a,
    0x6285, 0x6285, 0x7b06, 0x93a8, 0x93a8, 0x7b06, 0x6285, 0x6285, 0x6285, 0x7b06, 0x93a8, 0x7b06, 0x7b06, 0x6285, 0x6285, 0x6285,
    0x6285, 0x6285, 0x7b06, 0x7b06, 0x93a8, 0x7b06, 0x6285, 0x6285, 0x6285, 0x6285, 0x7b06, 0x7b06, 0x7b06, 0x93a8, 0x7b06, 0x6285,
    0x6aa6, 0xbccc, 0x80c3, 0xa124, 0xb9c6, 0xa124, 0xb185, 0xb185, 0xb185, 0xb185, 0xa944, 0xb9c6, 0xb185, 0xa124, 0x80c3, 0xbccc,
    0x0000, 0x0000, 0x0000, 0x0000, 0x0000, 0x0000, 0x0000, 0x0000, 0x0000, 0x0000, 0x0000, 0x0000, 0x0000, 0x0000, 0x0000, 0x0000,
    0x0000, 0x0000, 0x0000, 0x0000, 0x0000, 0x0000, 0x0000, 0x0000, 0x0000, 0x0000, 0x0000, 0x0000, 0x0000, 0x0000, 0x0000, 0x0000,
    0x0000, 0x0000, 0x0000, 0x0000, 0x0000, 0x0000, 0x0000, 0x0000, 0x0000, 0x0000, 0x0000, 0x0000, 0x0000, 0x0000, 0x0000, 0x0000,
    0x0000, 0x0000, 0x0000, 0x0000, 0x0000, 0x0000, 0x0000, 0x0000, 0x0000, 0x0000, 0x0000, 0x0000, 0x0000, 0x0000, 0x0000, 0x0000,
    0x0000, 0x0000, 0x0000, 0x0000, 0x0000, 0x0000, 0x0000, 0x0000, 0x0000, 0x0000, 0x0000, 0x0000, 0x0000, 0x0000, 0x0000, 0x0000,
    0x0000, 0x0000, 0x0000, 0x0000, 0x0000, 0x0000, 0x0000, 0x0000, 0x0000, 0x0000, 0x0000, 0x0000, 0x0000, 0x0000, 0x0000, 0x0000,
    0x0000, 0x0000, 0x0000, 0x0000, 0x0000, 0x0000, 0x0000, 0x0000, 0x0000, 0x0000, 0x0000, 0x0000, 0x0000, 0x0000, 0x0000, 0x0000,
    0x0000, 0x0000, 0x0000, 0x0000, 0x0000, 0x0000, 0x0000, 0x0000, 0x0000, 0x0000, 0x0000, 0x0000, 0x0000, 0x0000, 0x0000, 0x0000,
    0x3184, 0x3184, 0x7ae4, 0x3920, 0x3920, 0x4960, 0x4960, 0x3920, 0x4960, 0x4960, 0x3920, 0x3920, 0x4120, 0x4140, 0x9325, 0x3184,
    0x2923, 0x2923, 0x9365, 0xabc5, 0xa384, 0xa384, 0xa384, 0xabc5, 0xabc5, 0xabc5, 0x8b43, 0xa363, 0xabc5, 0xabc5, 0xabc5, 0x41e6,
    0x2923, 0x2923, 0x9365, 0xabc5, 0xa384, 0xa384, 0xa384, 0xabc5, 0xabc5, 0xabc5, 0x8b43, 0xa363, 0xabc5, 0xabc5, 0xabc5, 0x41e6,
    0x0000, 0x0000, 0x0000, 0x0000, 0x0000, 0x0000, 0x0000, 0x0000, 0x0000, 0x0000, 0x0000, 0x0000, 0x0000, 0x0000, 0x0000, 0x0000,
    0x6aa6, 0xbccc, 0x9104, 0xa124, 0xa124, 0xa124, 0x9104, 0x9104, 0x9104, 0x9104, 0xa124, 0xb9c6, 0xa124, 0x9104, 0x9104, 0xbccc,
    0xc4ec, 0x9c29, 0xbcab, 0xc4ec, 0xc4ec, 0xbcab, 0xbcab, 0x9c29, 0xc4ec, 0xc4ec, 0xc4ec, 0x9c29, 0xc4ec, 0xbcab, 0xc4ec, 0xc4ec,
    0xbcab, 0xc4ec, 0xc4ec, 0xbcab, 0xac6a, 0xac6a, 0xc4ec, 0xc4ec, 0xc4ec, 0xc4ec, 0xc4ec, 0xc4ec, 0xc4ec, 0xc4ec, 0xbcab, 0x9c29,
    0x6aa6, 0xbccc, 0x80c3, 0xa124, 0xb9c6, 0xb185, 0xa944, 0xb185, 0xb185, 0xa944, 0xa944, 0xb185, 0xa944, 0xa124, 0x80c3, 0xbccc,
    0x0000, 0x0000, 0x0000, 0x0000, 0x0000, 0x0000, 0x0000, 0x0000, 0x0000, 0x0000, 0x0000, 0x0000, 0x0000, 0x0000, 0x0000, 0x0000,
    0x0000, 0x0000, 0x0000, 0x0000, 0x0000, 0x0000, 0x0000, 0x0000, 0x0000, 0x0000, 0x0000, 0x0000, 0x0000, 0x0000, 0x0000, 0x0000,
    0x0000, 0x0000, 0x0000, 0x0000, 0x0000, 0x0000, 0x0000, 0x0000, 0x0000, 0x0000, 0x0000, 0x0000, 0x0000, 0x0000, 0x0000, 0x0000,
    0x0000, 0x0000, 0x0000, 0x0000, 0x0000, 0x0000, 0x0000, 0x0000, 0x0000, 0x0000, 0x0000, 0x0000, 0x0000, 0x0000, 0x0000, 0x0000,
    0x0000, 0x0000, 0x0000, 0x0000, 0x0000, 0x0000, 0x0000, 0x0000, 0x0000, 0x0000, 0x0000, 0x0000, 0x0000, 0x0000, 0x0000, 0x0000,
    0x0000, 0x0000, 0x0000, 0x0000, 0x0000, 0x0000, 0x0000, 0x0000, 0x0000, 0x0000, 0x0000, 0x0000, 0x0000, 0x0000, 0x0000, 0x0000,
    0x0000, 0x0000, 0x0000, 0x0000, 0x0000, 0x0000, 0x0000, 0x0000, 0x0000, 0x0000, 0x0000, 0x0000, 0x0000, 0x0000, 0x0000, 0x0000,
    0x0000, 0x0000, 0x0000, 0x0000, 0x0000, 0x0000, 0x0000, 0x0000, 0x0000, 0x0000, 0x0000, 0x0000, 0x0000, 0x0000, 0x0000, 0x0000,
    0x3164, 0x3164, 0x8b04, 0x4120, 0x4120, 0x4120, 0x4120, 0x4120, 0x4120, 0x4120, 0x4120, 0x4120, 0x4120, 0x4120, 0x9304, 0x3164,
    0x2923, 0x2923, 0x82c4, 0x8b04, 0x8b04, 0x8b04, 0x9304, 0x9304, 0x9304, 0x9304, 0x8b04, 0x8b04, 0x8b04, 0x8b04, 0x8b04, 0x41e5,
    0x2923, 0x2923, 0x82c4, 0x8b04, 0x8b04, 0x8b04, 0x9304, 0x9304, 0x9304, 0x9304, 0x8b04, 0x8b04, 0x8b04, 0x8b04, 0x8b04, 0x41e5,
    0x0000, 0x0000, 0x0000, 0x0000, 0x0000, 0x0000, 0x0000, 0x0000, 0x0000, 0x0000, 0x0000, 0x0000, 0x0000, 0x0000, 0x0000, 0x0000,
    0x6aa6, 0xb46a, 0x9104, 0xa124, 0xb9c6, 0xb9c6, 0xb9c6, 0xa124, 0xa124, 0xa124, 0xa124, 0x9104, 0x9104, 0xa124, 0x9104, 0xb46a,
    0xac6a, 0xac6a, 0xbcab, 0xbcab, 0x9c29, 0x9c29, 0xac6a, 0x9c29, 0x9c29, 0xbcab, 0xbcab, 0xac6a, 0xbcab, 0xac6a, 0xac6a, 0xac6a,
    0xbcab, 0xac6a, 0xbcab, 0xbcab, 0xbcab, 0xbcab, 0xac6a, 0x9c29, 0x9c29, 0x9c29, 0xac6a, 0x9c29, 0xac6a, 0x9c29, 0x9c29, 0x93a8,
    0x7b07, 0xbccc, 0x80c3, 0x9104, 0xb9c6, 0xb9c6, 0xb9c6, 0xb9c6, 0xb185, 0xb185, 0xa124, 0xa944, 0xa944, 0x9104, 0x80c3, 0xbccc,
    0x0000, 0x0000, 0x0000, 0x0000, 0x0000, 0x0000, 0x0000, 0x0000, 0x0000, 0x0000, 0x0000, 0x0000, 0x0000, 0x0000, 0x0000, 0x0000,
    0x0000, 0x0000, 0x0000, 0x0000, 0x0000, 0x0000, 0x0000, 0x0000, 0x0000, 0x0000, 0x0000, 0x0000, 0x0000, 0x0000, 0x0000, 0x0000,
    0x0000, 0x0000, 0x0000, 0x0000, 0x0000, 0x0000, 0x0000, 0x0000, 0x0000, 0x0000, 0x0000, 0x0000, 0x0000, 0x0000, 0x0000, 0x0000,
    0x0000, 0x0000, 0x0000, 0x0000, 0x0000, 0x0000, 0x0000, 0x0000, 0x0000, 0x0000, 0x0000, 0x0000, 0x0000, 0x0000, 0x0000, 0x0000,
    0x0000, 0x0000, 0x0000, 0x0000, 0x0000, 0x0000, 0x0000, 0x0000, 0x0000, 0x0000, 0x0000, 0x0000, 0x0000, 0x0000, 0x0000, 0x0000,
    0x0000, 0x0000, 0x0000, 0x0000, 0x0000, 0x0000, 0x0000, 0x0000, 0x0000, 0x0000, 0x0000, 0x0000, 0x0000, 0x0000, 0x0000, 0x0000,
    0x0000, 0x0000, 0x0000, 0x0000, 0x0000, 0x0000, 0x0000, 0x0000, 0x0000, 0x0000, 0x0000, 0x0000, 0x0000, 0x0000, 0x0000, 0x0000,
    0x0000, 0x0000, 0x0000, 0x0000, 0x0000, 0x0000, 0x0000, 0x0000, 0x0000, 0x0000, 0x0000, 0x0000, 0x0000, 0x0000, 0x0000, 0x0000,
    0x3184, 0x3184, 0x8305, 0x9304, 0x9325, 0x9325, 0x7ae4, 0x7ae4, 0x7ae4, 0x7ae4, 0x7ae4, 0x7ae4, 0x9325, 0x7ae4, 0x8305, 0x3164,
    0x2923, 0x2923, 0x72c6, 0x72c6, 0x72c6, 0x72a5, 0x6a85, 0x6a85, 0x6a85, 0x6a85, 0x72c6, 0x72c6, 0x72c6, 0x72a5, 0x72c6, 0x41e6,
    0x2923, 0x2923, 0x72c6, 0x72c6, 0x72c6, 0x72a5, 0x6a85, 0x6a85, 0x6a85, 0x6a85, 0x72c6, 0x72c6, 0x72c6, 0x72a5, 0x72c6, 0x41e6,
    0x0000, 0x0000, 0x0000, 0x0000, 0x0000, 0x0000, 0x0000, 0x0000, 0x0000, 0x0000, 0x0000, 0x0000, 0x0000, 0x0000, 0x0000, 0x0000,
    0x6aa6, 0xb46a, 0x70a3, 0x70a3, 0x80c3, 0x9104, 0x9104, 0x80c3, 0x80c3, 0x80c3, 0x80c3, 0x80c3, 0x80c3, 0x70a3, 0x70a3, 0xb46a,
    0xac6a, 0x9c29, 0x9c29, 0xac6a, 0xbcab, 0xac6a, 0x9c29, 0x93a8, 0xbcab, 0xbcab, 0xac6a, 0x9c29, 0x9c29, 0x9c29, 0x9c29, 0x9c29,
    0xc4ec, 0xbcab, 0xac6a, 0xac6a, 0x9c29, 0x9c29, 0x9c29, 0x9c29, 0xac6a, 0xac6a, 0xac6a, 0xac6a, 0x9c29, 0x9c29, 0xbcab, 0x9c29,
    0x9ba8, 0xb46a, 0x80c3, 0x9104, 0xa944, 0xb185, 0xb185, 0xa944, 0xa944, 0xb185, 0xa944, 0xb185, 0xa124, 0x9104, 0x80c3, 0xb46a,
    0x0000, 0x0000, 0x0000, 0x0000, 0x0000, 0x0000, 0x0000, 0x0000, 0x0000, 0x0000, 0x0000, 0x0000, 0x0000, 0x0000, 0x0000, 0x0000,
    0x0000, 0x0000, 0x0000, 0x0000, 0x0000, 0x0000, 0x0000, 0x0000, 0x0000, 0x0000, 0x0000, 0x0000, 0x0000, 0x0000, 0x0000, 0x0000,
    0x0000, 0x0000, 0x0000, 0x0000, 0x0000, 0x0000, 0x0000, 0x0000, 0x0000, 0x0000, 0x0000, 0x0000, 0x0000, 0x0000, 0x0000, 0x0000,
    0x0000, 0x0000, 0x0000, 0x0000, 0x0000, 0x0000, 0x0000, 0x0000, 0x0000, 0x0000, 0x0000, 0x0000, 0x0000, 0x0000, 0x0000, 0x0000,
    0x0000, 0x0000, 0x0000, 0x0000, 0x0000, 0x0000, 0x0000, 0x0000, 0x0000, 0x0000, 0x0000, 0x0000, 0x0000, 0x0000, 0x0000, 0x0000,
    0x0000, 0x0000, 0x0000, 0x0000, 0x0000, 0x0000, 0x0000, 0x0000, 0x0000, 0x0000, 0x0000, 0x0000, 0x0000, 0x0000, 0x0000, 0x0000,
    0x0000, 0x0000, 0x0000, 0x0000, 0x0000, 0x0000, 0x0000, 0x0000, 0x0000, 0x0000, 0x0000, 0x0000, 0x0000, 0x0000, 0x0000, 0x0000,
    0x0000, 0x0000, 0x0000, 0x0000, 0x0000, 0x0000, 0x0000, 0x0000, 0x0000, 0x0000, 0x0000, 0x0000, 0x0000, 0x0000, 0x0000, 0x0000,
    0x2923, 0x2923, 0x3164, 0x3164, 0x3164, 0x3184, 0x3184, 0x3184, 0x3164, 0x3164, 0x3184, 0x3184, 0x3184, 0x3184, 0x3184, 0x2923,
    0x18e2, 0x18e2, 0x3164, 0x3164, 0x3184, 0x3184, 0x3184, 0x3184, 0x3164, 0x3164, 0x3184, 0x3184, 0x3184, 0x3184, 0x3164, 0x41c5,
    0x18e2, 0x18e2, 0x3164, 0x3164, 0x3184, 0x3184, 0x3184, 0x3184, 0x3164, 0x3164, 0x3184, 0x3184, 0x3184, 0x3184, 0x3164, 0x41c5,
    0x0000, 0x0000, 0x0000, 0x0000, 0x0000, 0x0000, 0x0000, 0x0000, 0x0000, 0x0000, 0x0000, 0x0000, 0x0000, 0x0000, 0x0000, 0x0000,
    0x6aa6, 0x9ba8, 0x80c3, 0xa124, 0xa944, 0xa124, 0xa124, 0xa944, 0xa944, 0xa124, 0xa124, 0xa944, 0xa944, 0xa124, 0x9104, 0x9ba8,
    0x6285, 0x7b06, 0x7b06, 0x6285, 0x6285, 0x7b06, 0x93a8, 0x93a8, 0x93a8, 0x7b06, 0x6285, 0x7b06, 0x6285, 0x6285, 0x6285, 0x6285,
    0x6285, 0x6285, 0x7b06, 0x93a8, 0x93a8, 0x7b06, 0x6285, 0x6285, 0x6285, 0x7b06, 0x93a8, 0x7b06, 0x7b06, 0x6285, 0x6285, 0x6285,
    0x9c29, 0x9ba8, 0x80c3, 0x80c3, 0xa124, 0xa124, 0xb185, 0xb185, 0xa944, 0xa944, 0xb185, 0xa124, 0xa124, 0x80c3, 0x80c3, 0x9ba8,
    0x0000, 0x0000, 0x0000, 0x0000, 0x0000, 0x0000, 0x0000, 0x0000, 0x0000, 0x0000, 0x0000, 0x0000, 0x0000, 0x0000, 0x0000, 0x0000,
    0x0000, 0x0000, 0x0000, 0x0000, 0x0000, 0x0000, 0x0000, 0x0000, 0x0000, 0x0000, 0x0000, 0x0000, 0x0000, 0x0000, 0x0000, 0x0000,
    0x0000, 0x0000, 0x0000, 0x0000, 0x0000, 0x0000, 0x0000, 0x0000, 0x0000, 0x0000, 0x0000, 0x0000, 0x0000, 0x0000, 0x0000, 0x0000,
    0x0000, 0x0000, 0x0000, 0x0000, 0x0000, 0x0000, 0x0000, 0x0000, 0x0000, 0x0000, 0x0000, 0x0000, 0x0000, 0x0000, 0x0000, 0x0000,
    0x0000, 0x0000, 0x0000, 0x0000, 0x0000, 0x0000, 0x0000, 0x0000, 0x0000, 0x0000, 0x0000, 0x0000, 0x0000, 0x0000, 0x0000, 0x0000,
    0x0000, 0x0000, 0x0000, 0x0000, 0x0000, 0x0000, 0x0000, 0x0000, 0x0000, 0x0000, 0x0000, 0x0000, 0x0000, 0x0000, 0x0000, 0x0000,
    0x0000, 0x0000, 0x0000, 0x0000, 0x0000, 0x0000, 0x0000, 0x0000, 0x0000, 0x0000, 0x0000, 0x0000, 0x0000, 0x0000, 0x0000, 0x0000,
    0x0000, 0x0000, 0x0000, 0x0000, 0x0000, 0x0000, 0x0000, 0x0000, 0x0000, 0x0000, 0x0000, 0x0000, 0x0000, 0x0000, 0x0000, 0x0000,
    0x0000, 0x0000, 0x0000, 0x0000, 0x0000, 0x0000, 0x0000, 0x0000, 0x0000, 0x0000, 0x0000, 0x0000, 0x0000, 0x0000, 0x0000, 0x0000,
    0xbcab, 0xa409, 0xa409, 0xbcab, 0xbcab, 0xbcab, 0xbcab, 0xa409, 0xbcab, 0xbcab, 0xbcab, 0xbcab, 0xa409, 0xbcab, 0xbcab, 0x93a8,
    0x0000, 0x0000, 0x0000, 0x0000, 0x0000, 0x0000, 0x0000, 0x0000, 0x0000, 0x0000, 0x0000, 0x0000, 0x0000, 0x0000, 0x0000, 0x0000,
    0x0000, 0x0000, 0x0000, 0x0000, 0x0000, 0x0000, 0x0000, 0x0000, 0x0000, 0x0000, 0x0000, 0x0000, 0x0000, 0x0000, 0x0000, 0x0000,
    0x0000, 0x0000, 0x0000, 0x0000, 0x0000, 0x0000, 0x0000, 0x0000, 0x0000, 0x0000, 0x0000, 0x0000, 0x0000, 0x0000, 0x0000, 0x0000,
    0x0000, 0x0000, 0x0000, 0x0000, 0x0000, 0x0000, 0x0000, 0x0000, 0x0000, 0x0000, 0x0000, 0x0000, 0x0000, 0x0000, 0x0000, 0x0000,
    0x0000, 0x0000, 0x0000, 0x0000, 0x0000, 0x0000, 0x0000, 0x0000, 0x0000, 0x0000, 0x0000, 0x0000, 0x0000, 0x0000, 0x0000, 0x0000,
    0x0000, 0x0000, 0x0000, 0x0000, 0x0000, 0x0000, 0x0000, 0x0000, 0x0000, 0x0000, 0x0000, 0x0000, 0x0000, 0x0000, 0x0000, 0x0000,
    0x0000, 0x0000, 0x0000, 0x0000, 0x0000, 0x0000, 0x0000, 0x0000, 0x0000, 0x0000, 0x0000, 0x0000, 0x0000, 0x0000, 0x0000, 0x0000,
    0x0000, 0x0000, 0x0000, 0x0000, 0x0000, 0x0000, 0x0000, 0x0000, 0x0000, 0x0000, 0x0000, 0x0000, 0x0000, 0x0000, 0x0000, 0x0000,
    0x0000, 0x0000, 0x0000, 0x0000, 0x0000, 0x0000, 0x0000, 0x0000, 0x0000, 0x0000, 0x0000, 0x0000, 0x0000, 0x0000, 0x0000, 0x0000,
    0x0000, 0x0000, 0x0000, 0x0000, 0x0000, 0x0000, 0x0000, 0x0000, 0x0000, 0x0000, 0x0000, 0x0000, 0x0000, 0x0000, 0x0000, 0x0000,
    0x0000, 0x0000, 0x0000, 0x0000, 0x0000, 0x0000, 0x0000, 0x0000, 0x0000, 0x0000, 0x0000, 0x0000, 0x0000, 0x0000, 0x0000, 0x0000,
    0x0000, 0x0000, 0x0000, 0x0000, 0x0000, 0x0000, 0x0000, 0x0000, 0x0000, 0x0000, 0x0000, 0x0000, 0x0000, 0x0000, 0x0000, 0x0000,
    0x0000, 0x0000, 0x0000, 0x0000, 0x0000, 0x0000, 0x0000, 0x0000, 0x0000, 0x0000, 0x0000, 0x0000, 0x0000, 0x0000, 0x0000, 0x0000,
    0x0000, 0x0000, 0x0000, 0x0000, 0x0000, 0x0000, 0xddcc, 0x0000, 0x0000, 0x0000, 0x0000, 0x0000, 0x0000, 0x0000, 0x0000, 0x0000,
    0x0000, 0x0000, 0x0000, 0x0000, 0x0000, 0x0000, 0x0000, 0x0000, 0x0000, 0x0000, 0x0000, 0x0000, 0x0000, 0x0000, 0x0000, 0x0000,
    0xa409, 0x93a8, 0x93a8, 0x93a8, 0x93a8, 0x93a8, 0x93a8, 0x93a8, 0x93a8, 0x93a8, 0x93a8, 0x93a8, 0x93a8, 0x93a8, 0x93a8, 0x6285,
    0x0000, 0x0000, 0x0000, 0x0000, 0x0000, 0x0000, 0x0000, 0x0000, 0x0000, 0x0000, 0x0000, 0x0000, 0x0000, 0x0000, 0x0000, 0x0000,
    0x0000, 0x0000, 0x0000, 0x0000, 0x0000, 0x0000, 0x0000, 0x0000, 0x0000, 0x0000, 0x0000, 0x0000, 0x0000, 0x0000, 0x0000, 0x0000,
    0x0000, 0x0000, 0x0000, 0x0000, 0x0000, 0x0000, 0x0000, 0x0000, 0x0000, 0x0000, 0x0000, 0x0000, 0x0000, 0x0000, 0x0000, 0x0000,
    0x0000, 0x0000, 0x0000, 0x0000, 0x0000, 0x0000, 0x0000, 0x0000, 0x0000, 0x0000, 0x0000, 0x0000, 0x0000, 0x0000, 0x0000, 0x0000,
    0x0000, 0x0000, 0x0000, 0x0000, 0x0000, 0x0000, 0x0000, 0x0000, 0x0000, 0x0000, 0x0000, 0x0000, 0x0000, 0x0000, 0x0000, 0x0000,
    0x0000, 0x0000, 0x0000, 0x0000, 0x0000, 0x0000, 0x0000, 0x0000, 0x0000, 0x0000, 0x0000, 0x0000, 0x0000, 0x0000, 0x0000, 0x0000,
    0x0000, 0x0000, 0x0000, 0x0000, 0x0000, 0x0000, 0x0000, 0x0000, 0x0000, 0x0000, 0x0000, 0x0000, 0x0000, 0x0000, 0x0000, 0x0000,
    0x0000, 0x0000, 0x0000, 0x0000, 0x0000, 0x0000, 0x0000, 0x0000, 0x0000, 0x0000, 0x0000, 0x0000, 0x0000, 0x0000, 0x0000, 0x0000,
    0x0000, 0x0000, 0x0000, 0x0000, 0x0000, 0x0000, 0x0000, 0x0000, 0x0000, 0x0000, 0x0000, 0x0000, 0x0000, 0x0000, 0x0000, 0x0000,
    0x0000, 0x0000, 0x0000, 0x0000, 0x0000, 0x0000, 0x0000, 0x0000, 0x0000, 0x0000, 0x0000, 0x0000, 0x0000, 0x0000, 0x0000, 0x0000,
    0x0000, 0x0000, 0x0000, 0x0000, 0x0000, 0x0000, 0x0000, 0x0000, 0x0000, 0x0000, 0x0000, 0x0000, 0x0000, 0x0000, 0x0000, 0x0000,
    0x0000, 0x0000, 0x0000, 0x0000, 0x0000, 0x0000, 0x0000, 0x4ba2, 0x0000, 0x0000, 0x0000, 0x0000, 0x0000, 0x0000, 0x0000, 0x0000,
    0x0000, 0x0000, 0x0000, 0x0000, 0x0000, 0x0000, 0xddcc, 0x9cc1, 0x0000, 0x0000, 0x0000, 0x0000, 0x0000, 0x0000, 0x0000, 0x0000,
    0x0000, 0xcd8b, 0xddcc, 0x0000, 0x0000, 0x0000, 0xcd8b, 0xddcc, 0x0000, 0x0000, 0x0000, 0x0000, 0x0000, 0x0000, 0x0000, 0x0000,
    0x0000, 0x0000, 0x0000, 0x0000, 0x0000, 0x0000, 0x0000, 0x0000, 0x0000, 0x0000, 0x0000, 0x0000, 0x0000, 0x0000, 0x0000, 0x0000,
    0xbcab, 0x93a8, 0x51e4, 0x6285, 0x6285, 0x6285, 0x6285, 0x93a8, 0x51e4, 0x6285, 0x6285, 0x6285, 0x6285, 0x93a8, 0x93a8, 0x6285,
    0x0000, 0x0000, 0x0000, 0x0000, 0x0000, 0x0000, 0x0000, 0x0000, 0x0000, 0x0000, 0x0000, 0x0000, 0x0000, 0x0000, 0x0000, 0x0000,
    0x0000, 0x0000, 0x0000, 0x0000, 0x0000, 0x0000, 0x0000, 0x0000, 0x0000, 0x0000, 0x0000, 0x0000, 0x0000, 0x0000, 0x0000, 0x0000,
    0x0000, 0x0000, 0x0000, 0x0000, 0x0000, 0x0000, 0x0000, 0x0000, 0x0000, 0x0000, 0x0000, 0x0000, 0x0000, 0x0000, 0x0000, 0x0000,
    0x0000, 0x0000, 0x0000, 0x0000, 0x0000, 0x0000, 0x0000, 0x0000, 0x0000, 0x0000, 0x0000, 0x0000, 0x0000, 0x0000, 0x0000, 0x0000,
    0x0000, 0x0000, 0x0000, 0x0000, 0x0000, 0x0000, 0x0000, 0x0000, 0x0000, 0x0000, 0x0000, 0x0000, 0x0000, 0x0000, 0x0000, 0x0000,
    0x0000, 0x0000, 0x0000, 0x0000, 0x0000, 0x0000, 0x0000, 0x0000, 0x0000, 0x0000, 0x0000, 0x0000, 0x0000, 0x0000, 0x0000, 0x0000,
    0x0000, 0x0000, 0x0000, 0x0000, 0x0000, 0x0000, 0x0000, 0x0000, 0x0000, 0x0000, 0x0000, 0x0000, 0x0000, 0x0000, 0x0000, 0x0000,
    0x0000, 0x0000, 0x0000, 0x0000, 0x0000, 0x0000, 0x0000, 0x0000, 0x0000, 0x0000, 0x0000, 0x0000, 0x0000, 0x0000, 0x0000, 0x0000,
    0x0000, 0x0000, 0x0000, 0x0000, 0x0000, 0x0000, 0x0000, 0x0000, 0x0000, 0x0000, 0x0000, 0x0000, 0x0000, 0x0000, 0x0000, 0x0000,
    0x0000, 0x0000, 0x0000, 0x0000, 0x0000, 0x0000, 0x0000, 0x0000, 0x0000, 0x0000, 0x0000, 0x0000, 0x0000, 0x0000, 0x0000, 0x0000,
    0x0000, 0x0000, 0x0000, 0x0000, 0x0000, 0x0000, 0x0000, 0x0000, 0x0000, 0x0000, 0x0000, 0x0000, 0x0000, 0x0000, 0x0000, 0x0000,
    0x0000, 0x0000, 0x0000, 0x0000, 0x0000, 0x0000, 0x4ba2, 0x4ba2, 0x0000, 0x0000, 0x0000, 0x0000, 0x0000, 0x0000, 0x0000, 0x0000,
    0x0000, 0x0000, 0x9cc1, 0x0000, 0x0000, 0x0000, 0x9cc1, 0xcd8b, 0x0000, 0x0000, 0x0000, 0x0000, 0x0000, 0x0000, 0x0000, 0x0000,
    0x0000, 0xddcc, 0xa4aa, 0x0000, 0x0000, 0x0000, 0xddcc, 0xcd8b, 0x0000, 0x0000, 0x0000, 0xddcc, 0x0000, 0x0000, 0x0000, 0x0000,
    0x0000, 0x0000, 0x0000, 0x0000, 0x0000, 0x0000, 0x0000, 0x0000, 0x0000, 0x0000, 0x0000, 0x0000, 0x0000, 0x0000, 0x0000, 0x0000,
    0xbcab, 0x93a8, 0x6285, 0x0000, 0x0000, 0x0000, 0x0000, 0xa409, 0x6285, 0x0000, 0x0000, 0x0000, 0x0000, 0xa409, 0x93a8, 0x51e4,
    0x0000, 0x0000, 0x0000, 0x0000, 0x0000, 0x0000, 0x0000, 0x0000, 0x0000, 0x0000, 0x0000, 0x0000, 0x0000, 0x0000, 0x0000, 0x0000,
    0x0000, 0x0000, 0x0000, 0x0000, 0x0000, 0x0000, 0x0000, 0x0000, 0x0000, 0x0000, 0x0000, 0x0000, 0x0000, 0x0000, 0x0000, 0x0000,
    0x0000, 0x0000, 0x0000, 0x0000, 0x0000, 0x0000, 0x0000, 0x0000, 0x0000, 0x0000, 0x0000, 0x0000, 0x0000, 0x0000, 0x0000, 0x0000,
    0x0000, 0x0000, 0x0000, 0x0000, 0x0000, 0x0000, 0x0000, 0x0000, 0x0000, 0x0000, 0x0000, 0x0000, 0x0000, 0x0000, 0x0000, 0x0000,
    0x0000, 0x0000, 0x0000, 0x0000, 0x0000, 0x0000, 0x0000, 0x0000, 0x0000, 0x0000, 0x0000, 0x0000, 0x0000, 0x0000, 0x0000, 0x0000,
    0x0000, 0x0000, 0x0000, 0x0000, 0x0000, 0x0000, 0x0000, 0x0000, 0x0000, 0x0000, 0x0000, 0x0000, 0x0000, 0x0000, 0x0000, 0x0000,
    0x0000, 0x0000, 0x0000, 0x0000, 0x0000, 0x0000, 0x0000, 0x0000, 0x0000, 0x0000, 0x0000, 0x0000, 0x0000, 0x0000, 0x0000, 0x0000,
    0x0000, 0x0000, 0x0000, 0x0000, 0x0000, 0x0000, 0x0000, 0x0000, 0x0000, 0x0000, 0x0000, 0x0000, 0x0000, 0x0000, 0x0000, 0x0000,
    0x0000, 0x0000, 0x0000, 0x0000, 0x0000, 0x0000, 0x0000, 0x0000, 0x0000, 0x0000, 0x0000, 0x0000, 0x0000, 0x0000, 0x0000, 0x0000,
    0x0000, 0x0000, 0x0000, 0x0000, 0x0000, 0x0000, 0x0000, 0x0000, 0x0000, 0x0000, 0x0000, 0x0000, 0x0000, 0x0000, 0x0000, 0x0000,
    0x0000, 0x0000, 0x0000, 0x0000, 0x0000, 0x0000, 0x0000, 0x0000, 0x0000, 0x0000, 0x0000, 0x0000, 0x0000, 0x0000, 0x0000, 0x0000,
    0x0000, 0x0000, 0x0000, 0x0000, 0x0000, 0x0000, 0x4ba2, 0x4ba2, 0x0000, 0x0000, 0x0000, 0x0000, 0x0000, 0x0000, 0x0000, 0x0000,
    0x0000, 0x9cc1, 0x9cc1, 0x0000, 0x0000, 0x0000, 0x7b46, 0x5b41, 0x7b46, 0x7b46, 0x0000, 0x0000, 0x0000, 0x0000, 0x0000, 0x0000,
    0x0000, 0xa4aa, 0xcd8b, 0x0000, 0x0000, 0x0000, 0x73a5, 0xa4aa, 0x73a5, 0x0000, 0xddcc, 0xcd8b, 0x0000, 0x0000, 0x0000, 0x0000,
    0x0000, 0x0000, 0x0000, 0x0000, 0x0000, 0x0000, 0x0000, 0x0000, 0x0000, 0x0000, 0x0000, 0x0000, 0x0000, 0x0000, 0x0000, 0x0000,
    0x8452, 0x93a8, 0x6285, 0x0000, 0x0000, 0x0000, 0x0000, 0xb46a, 0x6285, 0x0000, 0x0000, 0x0000, 0x0000, 0xb46a, 0x93a8, 0x7b06,
    0x0000, 0x0000, 0x0000, 0x0000, 0x0000, 0x0000, 0x0000, 0x0000, 0x0000, 0x0000, 0x0000, 0x0000, 0x0000, 0x0000, 0x0000, 0x0000,
    0x0000, 0x0000, 0x0000, 0x0000, 0x0000, 0x0000, 0x0000, 0x0000, 0x0000, 0x0000, 0x0000, 0x0000, 0x0000, 0x0000, 0x0000, 0x0000,
    0x0000, 0x0000, 0x0000, 0x0000, 0x0000, 0x0000, 0x0000, 0x0000, 0x0000, 0x0000, 0x0000, 0x0000, 0x0000, 0x0000, 0x0000, 0x0000,
    0x0000, 0x0000, 0x0000, 0x0000, 0x0000, 0x0000, 0x0000, 0x0000, 0x0000, 0x0000, 0x0000, 0x0000, 0x0000, 0x0000, 0x0000, 0x0000,
    0x0000, 0x0000, 0x0000, 0x0000, 0x0000, 0x0000, 0x0000, 0x0000, 0x0000, 0x0000, 0x0000, 0x0000, 0x0000, 0x0000, 0x0000, 0x0000,
    0x0000, 0x0000, 0x0000, 0x0000, 0x0000, 0x0000, 0x0000, 0x0000, 0x0000, 0x0000, 0x0000, 0x0000, 0x0000, 0x0000, 0x0000, 0x0000,
    0x0000, 0x0000, 0x0000, 0x0000, 0x0000, 0x0000, 0x0000, 0x0000, 0x0000, 0x0000, 0x0000, 0x0000, 0x0000, 0x0000, 0x0000, 0x0000,
    0x0000, 0x0000, 0x0000, 0x0000, 0x0000, 0x0000, 0x0000, 0x0000, 0x0000, 0x0000, 0x0000, 0x0000, 0x0000, 0x0000, 0x0000, 0x0000,
    0x0000, 0x0000, 0x0000, 0x0000, 0x0000, 0x0000, 0x0000, 0x0000, 0x0000, 0x0000, 0x0000, 0x0000, 0x0000, 0x0000, 0x0000, 0x0000,
    0x0000, 0x0000, 0x0000, 0x0000, 0x0000, 0x0000, 0x0000, 0x0000, 0x0000, 0x0000, 0x0000, 0x0000, 0x0000, 0x0000, 0x0000, 0x0000,
    0x0000, 0x0000, 0x0000, 0x0000, 0x0000, 0x0000, 0x0000, 0x4ba2, 0x0000, 0x0000, 0x0000, 0x0000, 0x0000, 0x0000, 0x0000, 0x0000,
    0x0000, 0x0000, 0x4ba2, 0x0000, 0x0000, 0x0000, 0x0000, 0x4ba2, 0x0c40, 0x0c40, 0x0000, 0x0000, 0x0000, 0x0000, 0x0000, 0x0000,
    0x0000, 0x9cc1, 0x9cc1, 0x0000, 0x0000, 0x0000, 0x0000, 0x9cc1, 0x9cc1, 0x7b46, 0x0000, 0x7b46, 0x0000, 0x0000, 0x0000, 0x0000,
    0x0000, 0xa4aa, 0x73a5, 0xa4aa, 0x0000, 0x0000, 0xa4aa, 0xcd8b, 0xcd8b, 0xa4aa, 0xcd8b, 0xddcc, 0x0000, 0x0000, 0xddcc, 0x0000,
    0x0000, 0x0000, 0x0000, 0x0000, 0x0000, 0x0000, 0x0000, 0x0000, 0x0000, 0x0000, 0x0000, 0x0000, 0x0000, 0x0000, 0x0000, 0x0000,
    0x6b6d, 0x93a8, 0x6285, 0x0000, 0x0000, 0x0000, 0x0000, 0xa409, 0x6285, 0x0000, 0x0000, 0x0000, 0x0000, 0xa409, 0x93a8, 0x6285,
    0x0000, 0x0000, 0x0000, 0x0000, 0x0000, 0x0000, 0x0000, 0x0000, 0x0000, 0x0000, 0x0000, 0x0000, 0x0000, 0x0000, 0x0000, 0x0000,
    0x0000, 0x0000, 0x0000, 0x0000, 0x0000, 0x0000, 0x0000, 0x0000, 0x0000, 0x0000, 0x0000, 0x0000, 0x0000, 0x0000, 0x0000, 0x0000,
    0x0000, 0x0000, 0x0000, 0x0000, 0x0000, 0x0000, 0x0000, 0x0000, 0x0000, 0x0000, 0x0000, 0x0000, 0x0000, 0x0000, 0x0000, 0x0000,
    0x0000, 0x0000, 0x0000, 0x0000, 0x0000, 0x0000, 0x0000, 0x0000, 0x0000, 0x0000, 0x0000, 0x0000, 0x0000, 0x0000, 0x0000, 0x0000,
    0x0000, 0x0000, 0x0000, 0x0000, 0x0000, 0x0000, 0x0000, 0x0000, 0x0000, 0x0000, 0x0000, 0x0000, 0x0000, 0x0000, 0x0000, 0x0000,
    0x0000, 0x0000, 0x0000, 0x0000, 0x0000, 0x0000, 0x0000, 0x0000, 0x0000, 0x0000, 0x0000, 0x0000, 0x0000, 0x0000, 0x0000, 0x0000,
    0x0000, 0x0000, 0x0000, 0x0000, 0x0000, 0x0000, 0x0000, 0x0000, 0x0000, 0x0000, 0x0000, 0x0000, 0x0000, 0x0000, 0x0000, 0x0000,
    0x0000, 0x0000, 0x0000, 0x0000, 0x0000, 0x0000, 0x0000, 0x0000, 0x0000, 0x0000, 0x0000, 0x0000, 0x0000, 0x0000, 0x0000, 0x0000,
    0x0000, 0x0000, 0x0000, 0x0000, 0x0000, 0x0000, 0x0000, 0x0000, 0x0000, 0x0000, 0x0000, 0x0000, 0x0000, 0x0000, 0x0000, 0x0000,
    0x0000, 0x0000, 0x0000, 0x0000, 0x0000, 0x0000, 0x0000, 0x0000, 0x0000, 0x0000, 0x0000, 0x0000, 0x0000, 0x0000, 0x0000, 0x0000,
    0x0000, 0x0000, 0x0000, 0x0000, 0x0000, 0x0000, 0x4ba2, 0x0563, 0x0000, 0x0000, 0x0000, 0x0000, 0x0000, 0x0000, 0x0000, 0x0000,
    0x0000, 0x4ba2, 0x0563, 0x0000, 0x0000, 0x0000, 0x0000, 0x8ba7, 0x4ba2, 0x0000, 0x0000, 0x0000, 0x0000, 0x0000, 0x0000, 0x0000,
    0x0000, 0x0000, 0x7b46, 0x9cc1, 0x9cc1, 0x0000, 0x0000, 0xcd8b, 0x5b41, 0x0000, 0x7b46, 0xcd8b, 0x0000, 0x0000, 0x0000, 0x0000,
    0x0000, 0x0000, 0xa4aa, 0xcd8b, 0xa4aa, 0x0000, 0x0000, 0xa4aa, 0xa4aa, 0xcd8b, 0x0000, 0xa4aa, 0xa4aa, 0xddcc, 0xcd8b, 0x0000,
    0x0000, 0x0000, 0x0000, 0x0000, 0x0000, 0x0000, 0x0000, 0xfec0, 0xfc60, 0x0000, 0x0000, 0x0000, 0x0000, 0x0000, 0x0000, 0x0000,
    0xa409, 0x93a8, 0x7b06, 0xa409, 0xb46a, 0xb46a, 0xa409, 0xa409, 0x7b06, 0xa409, 0xb46a, 0xb46a, 0xa409, 0xa409, 0x93a8, 0x6285,
    0x0000, 0x0000, 0x0000, 0x0000, 0x0000, 0x0000, 0x0000, 0x0000, 0x0000, 0x0000, 0x0000, 0x0000, 0x0000, 0x0000, 0x0000, 0x0000,
    0x0000, 0x0000, 0x0000, 0x0000, 0x0000, 0x0000, 0x0000, 0x0000, 0x0000, 0x0000, 0x0000, 0x0000, 0x0000, 0x0000, 0x0000, 0x0000,
    0x0000, 0x0000, 0x0000, 0x0000, 0x0000, 0x0000, 0x0000, 0x0000, 0x0000, 0x0000, 0x0000, 0x0000, 0x0000, 0x0000, 0x0000, 0x0000,
    0x0000, 0x0000, 0x0000, 0x0000, 0x0000, 0x0000, 0x0000, 0x0000, 0x0000, 0x0000, 0x0000, 0x0000, 0x0000, 0x0000, 0x0000, 0x0000,
    0x0000, 0x0000, 0x0000, 0x0000, 0x0000, 0x0000, 0x0000, 0x0000, 0x0000, 0x0000, 0x0000, 0x0000, 0x0000, 0x0000, 0x0000, 0x0000,
    0x0000, 0x0000, 0x0000, 0x0000, 0x0000, 0x0000, 0x0000, 0x0000, 0x0000, 0x0000, 0x0000, 0x0000, 0x0000, 0x0000, 0x0000, 0x0000,
    0x0000, 0x0000, 0x0000, 0x0000, 0x0000, 0x0000, 0x0000, 0x0000, 0x0000, 0x0000, 0x0000, 0x0000, 0x0000, 0x0000, 0x0000, 0x0000,
    0x0000, 0x0000, 0x0000, 0x0000, 0x0000, 0x0000, 0x0000, 0x0000, 0x0000, 0x0000, 0x0000, 0x0000, 0x0000, 0x0000, 0x0000, 0x0000,
    0x0000, 0x0000, 0x0000, 0x0000, 0x0000, 0x0000, 0x0000, 0x0000, 0x0000, 0x0000, 0x0000, 0x0000, 0x0000, 0x0000, 0x0000, 0x0000,
    0x0000, 0x0000, 0x0000, 0x0000, 0x0000, 0x0000, 0x0000, 0x0000, 0x0000, 0x0000, 0x0000, 0x0000, 0x0000, 0x0000, 0x0000, 0x0000,
    0x0000, 0x0000, 0x0000, 0x0000, 0x0000, 0x0000, 0x0000, 0x1665, 0x0563, 0x0c40, 0x0000, 0x0000, 0x0000, 0x0000, 0x0000, 0x0000,
    0x0000, 0x0000, 0x1665, 0x0563, 0x0c40, 0x0000, 0x0000, 0x9cc1, 0x0000, 0x0000, 0x0000, 0x0000, 0x0000, 0x0000, 0x0000, 0x0000,
    0x0000, 0x0000, 0x5b41, 0x7b46, 0x0000, 0x0000, 0x0000, 0x9cc1, 0x0000, 0x0000, 0x0000, 0xddcc, 0xcd8b, 0x9cc1, 0x0000, 0x0000,
    0x0000, 0x0000, 0xcd8b, 0x8c26, 0x8c26, 0x0000, 0x0000, 0xcd8b, 0x0000, 0x0000, 0x0000, 0x8c26, 0x73a5, 0xcd8b, 0xddcc, 0x73a5,
    0x0000, 0x0000, 0x0000, 0x0000, 0x0000, 0x0000, 0x0000, 0xfff2, 0xffff, 0x0000, 0x0000, 0x0000, 0x0000, 0x0000, 0x0000, 0x0000,
    0xbcab, 0x93a8, 0x51e4, 0x6285, 0x6285, 0x6285, 0x6285, 0x93a8, 0x51e4, 0x6285, 0x6285, 0x6285, 0x6285, 0x93a8, 0x93a8, 0x51e4,
    0x0000, 0x0000, 0x0000, 0x0000, 0x0000, 0x0000, 0x0000, 0x0000, 0x0000, 0x0000, 0x0000, 0x0000, 0x0000, 0x0000, 0x0000, 0x0000,
    0x0000, 0x0000, 0x0000, 0x0000, 0x0000, 0x0000, 0x0000, 0x0000, 0x0000, 0x0000, 0x0000, 0x0000, 0x0000, 0x0000, 0x0000, 0x0000,
    0x0000, 0x0000, 0x0000, 0x0000, 0x0000, 0x0000, 0x0000, 0x0000, 0x0000, 0x0000, 0x0000, 0x0000, 0x0000, 0x0000, 0x0000, 0x0000,
    0x0000, 0x0000, 0x0000, 0x0000, 0x0000, 0x0000, 0x0000, 0x0000, 0x0000, 0x0000, 0x0000, 0x0000, 0x0000, 0x0000, 0x0000, 0x0000,
    0x0000, 0x0000, 0x0000, 0x0000, 0x0000, 0x0000, 0x0000, 0x0000, 0x0000, 0x0000, 0x0000, 0x0000, 0x0000, 0x0000, 0x0000, 0x0000,
    0x0000, 0x0000, 0x0000, 0x0000, 0x0000, 0x0000, 0x0000, 0x0000, 0x0000, 0x0000, 0x0000, 0x0000, 0x0000, 0x0000, 0x0000, 0x0000,
    0x0000, 0x0000, 0x0000, 0x0000, 0x0000, 0x0000, 0x0000, 0x0000, 0x0000, 0x0000, 0x0000, 0x0000, 0x0000, 0x0000, 0x0000, 0x0000,
    0x0000, 0x0000, 0x0000, 0x0000, 0x0000, 0x0000, 0x0000, 0x0000, 0x0000, 0x0000, 0x0000, 0x0000, 0x0000, 0x0000, 0x0000, 0x0000,
    0x0000, 0x0000, 0x0000, 0x0000, 0x0000, 0x0000, 0x0000, 0x0000, 0x0000, 0x0000, 0x0000, 0x0000, 0x0000, 0x0000, 0x0000, 0x0000,
    0x0000, 0x0000, 0x0000, 0x0000, 0x0000, 0x0000, 0x0000, 0x0563, 0x0000, 0x0000, 0x0000, 0x0000, 0x0000, 0x0000, 0x0000, 0x0000,
    0x0000, 0x0000, 0x0563, 0x0000, 0x0000, 0x0000, 0x0000, 0x0563, 0x0c40, 0x0000, 0x0000, 0x0000, 0x0000, 0x0000, 0x0000, 0x0000,
    0x0000, 0x0000, 0x0563, 0x0c40, 0x0000, 0x0000, 0x0000, 0x8ba7, 0x0000, 0x0000, 0x0000, 0x0563, 0x0000, 0x0000, 0x0000, 0x0000,
    0x0000, 0x0000, 0x9cc1, 0x0000, 0x5b41, 0xcd8b, 0xddcc, 0x9cc1, 0x0000, 0x0000, 0x0000, 0xcd8b, 0x9cc1, 0x0000, 0x9cc1, 0x0000,
    0x8c26, 0x0000, 0xa4aa, 0x8c26, 0xa4aa, 0x0000, 0xddcc, 0xcd8b, 0x0000, 0x8c26, 0x0000, 0xa4aa, 0x0000, 0xa4aa, 0xa4aa, 0x0000,
    0x0000, 0x0000, 0x0000, 0x0000, 0x0000, 0x0000, 0x0000, 0x9bea, 0x6aa6, 0x0000, 0x0000, 0x0000, 0x0000, 0x0000, 0x0000, 0x0000,
    0xbcab, 0x93a8, 0x6285, 0x0000, 0x0000, 0x0000, 0x0000, 0xa409, 0x6285, 0x0000, 0x0000, 0x0000, 0x0000, 0xa409, 0x93a8, 0x7b06,
    0x0000, 0x0000, 0x0000, 0x0000, 0x0000, 0x0000, 0x0000, 0x0000, 0x0000, 0x0000, 0x0000, 0x0000, 0x0000, 0x0000, 0x0000, 0x0000,
    0x0000, 0x0000, 0x0000, 0x0000, 0x0000, 0x0000, 0x0000, 0x0000, 0x0000, 0x0000, 0x0000, 0x0000, 0x0000, 0x0000, 0x0000, 0x0000,
    0x0000, 0x0000, 0x0000, 0x0000, 0x0000, 0x0000, 0x0000, 0x0000, 0x0000, 0x0000, 0x0000, 0x0000, 0x0000, 0x0000, 0x0000, 0x0000,
    0x0000, 0x0000, 0x0000, 0x0000, 0x0000, 0x0000, 0x0000, 0x0000, 0x0000, 0x0000, 0x0000, 0x0000, 0x0000, 0x0000, 0x0000, 0x0000,
    0x0000, 0x0000, 0x0000, 0x0000, 0x0000, 0x0000, 0x0000, 0x0000, 0x0000, 0x0000, 0x0000, 0x0000, 0x0000, 0x0000, 0x0000, 0x0000,
    0x0000, 0x0000, 0x0000, 0x0000, 0x0000, 0x0000, 0x0000, 0x0000, 0x0000, 0x0000, 0x0000, 0x0000, 0x0000, 0x0000, 0x0000, 0x0000,
    0x0000, 0x0000, 0x0000, 0x0000, 0x0000, 0x0000, 0x0000, 0x0000, 0x0000, 0x0000, 0x0000, 0x0000, 0x0000, 0x0000, 0x0000, 0x0000,
    0x0000, 0x0000, 0x0000, 0x0000, 0x0000, 0x0000, 0x0000, 0x0000, 0x0000, 0x0000, 0x0000, 0x0000, 0x0000, 0x0000, 0x0000, 0x0000,
    0x0000, 0x0000, 0x0000, 0x0000, 0x0000, 0x0000, 0x0000, 0x0000, 0x0000, 0x0000, 0x0000, 0x0000, 0x0000, 0x0000, 0x0000, 0x0000,
    0x0000, 0x0000, 0x0000, 0x0000, 0x0000, 0x0000, 0x0000, 0x1665, 0x0563, 0x0563, 0x0000, 0x0000, 0x0000, 0x0000, 0x0000, 0x0000,
    0x0000, 0x0000, 0x1665, 0x0563, 0x0563, 0x0000, 0x0000, 0x0563, 0x0000, 0x0000, 0x0000, 0x0000, 0x0000, 0x0000, 0x0000, 0x0000,
    0x0000, 0x0000, 0x0563, 0x0000, 0x0000, 0x9cc1, 0x9cc1, 0x9cc1, 0x0000, 0x0000, 0x0000, 0x1665, 0x0563, 0x0563, 0x0000, 0x0000,
    0x5b41, 0x0000, 0x5b41, 0x0000, 0x5b41, 0x9cc1, 0xcd8b, 0xcd8b, 0x0000, 0x5b41, 0x0000, 0xcd8b, 0x0000, 0x8ba7, 0x9cc1, 0x0000,
    0xcd8b, 0xddcc, 0xa4aa, 0x8c26, 0xcd8b, 0x8c26, 0xcd8b, 0xa4aa, 0x0000, 0x8c26, 0x0000, 0x8c26, 0x0000, 0xa4aa, 0xcd8b, 0x0000,
    0x0000, 0x0000, 0x0000, 0x0000, 0x0000, 0x0000, 0x0000, 0x93a8, 0x5225, 0x0000, 0x0000, 0x0000, 0x0000, 0x0000, 0x0000, 0x0000,
    0xa409, 0x93a8, 0x6285, 0x0000, 0x0000, 0x0000, 0x0000, 0xb46a, 0x6285, 0x0000, 0x0000, 0x0000, 0x0000, 0xb46a, 0x93a8, 0x6285,
    0x0000, 0x0000, 0x0000, 0x0000, 0x0000, 0x0000, 0x0000, 0x0000, 0x0000, 0x0000, 0x0000, 0x0000, 0x0000, 0x0000, 0x0000, 0x0000,
    0x0000, 0x0000, 0x0000, 0x0000, 0x0000, 0x0000, 0x0000, 0x0000, 0x0000, 0x0000, 0x0000, 0x0000, 0x0000, 0x0000, 0x0000, 0x0000,
    0x0000, 0x0000, 0x0000, 0x0000, 0x0000, 0x0000, 0x0000, 0x0000, 0x0000, 0x0000, 0x0000, 0x0000, 0x0000, 0x0000, 0x0000, 0x0000,
    0x0000, 0x0000, 0x0000, 0x0000, 0x0000, 0x0000, 0x0000, 0x0000, 0x0000, 0x0000, 0x0000, 0x0000, 0x0000, 0x0000, 0x0000, 0x0000,
    0x0000, 0x0000, 0x0000, 0x0000, 0x0000, 0x0000, 0x0000, 0x0000, 0x0000, 0x0000, 0x0000, 0x0000, 0x0000, 0x0000, 0x0000, 0x0000,
    0x0000, 0x0000, 0x0000, 0x0000, 0x0000, 0x0000, 0x0000, 0x0000, 0x0000, 0x0000, 0x0000, 0x0000, 0x0000, 0x0000, 0x0000, 0x0000,
    0x0000, 0x0000, 0x0000, 0x0000, 0x0000, 0x0000, 0x0000, 0x0000, 0x0000, 0x0000, 0x0000, 0x0000, 0x0000, 0x0000, 0x0000, 0x0000,
    0x0000, 0x0000, 0x0000, 0x0000, 0x0000, 0x0000, 0x0000, 0x0000, 0x0000, 0x0000, 0x0000, 0x0000, 0x0000, 0x0000, 0x0000, 0x0000,
    0x0000, 0x0000, 0x0000, 0x0000, 0x0000, 0x0000, 0x0000, 0x0000, 0x0c40, 0x0000, 0x0000, 0x0000, 0x0000, 0x0000, 0x0000, 0x0000,
    0x0000, 0x0000, 0x0000, 0x0c40, 0x0000, 0x0000, 0x0000, 0x0563, 0x0c40, 0x0000, 0x0000, 0x0000, 0x0000, 0x0000, 0x0000, 0x0000,
    0x0000, 0x0000, 0x0563, 0x0c40, 0x0000, 0x0563, 0x0563, 0x0c40, 0x0000, 0x0000, 0x0000, 0x0000, 0x0c40, 0x0000, 0x0000, 0x0000,
    0x0563, 0x0563, 0x0c40, 0x0000, 0x0340, 0x4ba2, 0x9cc1, 0x9cc1, 0x0000, 0x5b41, 0x0000, 0x0563, 0x0c40, 0x0000, 0x0000, 0x0000,
    0xcd8b, 0xcd8b, 0x9cc1, 0x5b41, 0x7b46, 0x0000, 0x5b41, 0x9cc1, 0x0000, 0xcd8b, 0xcd8b, 0x9cc1, 0x7b46, 0x9cc1, 0x8ba7, 0x7b46,
    0xa4aa, 0xcd8b, 0xcd8b, 0x0000, 0xa4aa, 0x8c26, 0x73a5, 0xa4aa, 0x0000, 0xcd8b, 0xddcc, 0xa4aa, 0x0000, 0x0000, 0xcd8b, 0x0000,
    0x0000, 0x0000, 0x0000, 0x0000, 0x0000, 0x0000, 0x0000, 0x9bea, 0x41a4, 0x0000, 0x0000, 0x0000, 0x0000, 0x0000, 0x0000, 0x0000,
    0xbcab, 0x93a8, 0x6285, 0x0000, 0x0000, 0x0000, 0x0000, 0xa409, 0x6285, 0x0000, 0x0000, 0x0000, 0x0000, 0xa409, 0x93a8, 0x6285,
    0x0000, 0x0000, 0x0000, 0x0000, 0x0000, 0x0000, 0x0000, 0x0000, 0x0000, 0x0000, 0x0000, 0x0000, 0x0000, 0x0000, 0x0000, 0x0000,
    0x0000, 0x0000, 0x0000, 0x0000, 0x0000, 0x0000, 0x0000, 0x0000, 0x0000, 0x0000, 0x0000, 0x0000, 0x0000, 0x0000, 0x0000, 0x0000,
    0x0000, 0x0000, 0x0000, 0x0000, 0x0000, 0x0000, 0x0000, 0x0000, 0x0000, 0x0000, 0x0000, 0x0000, 0x0000, 0x0000, 0x0000, 0x0000,
    0x0000, 0x0000, 0x0000, 0x0000, 0x0000, 0x0000, 0x0000, 0x0000, 0x0000, 0x0000, 0x0000, 0x0000, 0x0000, 0x0000, 0x0000, 0x0000,
    0x0000, 0x0000, 0x0000, 0x0000, 0x0000, 0x0000, 0x0000, 0x0000, 0x0000, 0x0000, 0x0000, 0x0000, 0x0000, 0x0000, 0x0000, 0x0000,
    0x0000, 0x0000, 0x0000, 0x0000, 0x0000, 0x0000, 0x0000, 0x0000, 0x0000, 0x0000, 0x0000, 0x0000, 0x0000, 0x0000, 0x0000, 0x0000,
    0x0000, 0x0000, 0x0000, 0x0000, 0x0000, 0x0000, 0x0000, 0x0000, 0x0000, 0x0000, 0x0000, 0x0000, 0x0000, 0x0000, 0x0000, 0x0000,
    0x0000, 0x0000, 0x0000, 0x0000, 0x0000, 0x0000, 0x0000, 0x0000, 0x0000, 0x0000, 0x0000, 0x0000, 0x0000, 0x0000, 0x0000, 0x0000,
    0x0000, 0x0000, 0x0000, 0x0000, 0x0000, 0x0000, 0x0000, 0x1665, 0x0563, 0x0000, 0x0000, 0x0000, 0x0000, 0x0000, 0x0000, 0x0000,
    0x0000, 0x0000, 0x1665, 0x0563, 0x0000, 0x0563, 0x0563, 0x0c40, 0x0000, 0x0000, 0x0000, 0x0000, 0x0000, 0x0000, 0x0000, 0x0000,
    0x0563, 0x0563, 0x0c40, 0x0000, 0x0340, 0x13a3, 0x0c40, 0x4ba2, 0x0000, 0x0000, 0x0000, 0x1665, 0x0563, 0x0000, 0x0000, 0x0000,
    0x13a3, 0x0c40, 0x4ba2, 0x0000, 0x5b41, 0x0000, 0x8ba7, 0x9cc1, 0x0000, 0x0563, 0x0563, 0x0c40, 0x0000, 0x4ba2, 0x4ba2, 0x0000,
    0x7b46, 0xcd8b, 0x9cc1, 0x5b41, 0x7b46, 0x0000, 0x0000, 0x9cc1, 0x0000, 0x7b46, 0x9cc1, 0x7b46, 0x0000, 0x7b46, 0x9cc1, 0x0000,
    0x8c26, 0x8c26, 0xa4aa, 0x0000, 0xa4aa, 0x73a5, 0x0000, 0xa4aa, 0x0000, 0xa4aa, 0xa4aa, 0xcd8b, 0x0000, 0x0000, 0xcd8b, 0x0000,
    0x0000, 0x0000, 0x0000, 0x0000, 0x0000, 0x0000, 0x0000, 0x9bea, 0x5225, 0x0000, 0x0000, 0x0000, 0x0000, 0x0000, 0x0000, 0x0000,
    0xbcab, 0x93a8, 0x7b06, 0xa409, 0xb46a, 0xb46a, 0xa409, 0xa409, 0x7b06, 0xa409, 0xb46a, 0xb46a, 0xa409, 0xa409, 0x93a8, 0x51e4,
    0x0000, 0x0000, 0x0000, 0x0000, 0x0000, 0x0000, 0x0000, 0x0000, 0x0000, 0x0000, 0x0000, 0x0000, 0x0000, 0x0000, 0x0000, 0x0000,
    0x0000, 0x0000, 0x0000, 0x0000, 0x0000, 0x0000, 0x0000, 0x0000, 0x0000, 0x0000, 0x0000, 0x0000, 0x0000, 0x0000, 0x0000, 0x0000,
    0x0000, 0x0000, 0x0000, 0x0000, 0x0000, 0x0000, 0x0000, 0x0000, 0x0000, 0x0000, 0x0000, 0x0000, 0x0000, 0x0000, 0x0000, 0x0000,
    0x0000, 0x0000, 0x0000, 0x0000, 0x0000, 0x0000, 0x0000, 0x0000, 0x0000, 0x0000, 0x0000, 0x0000, 0x0000, 0x0000, 0x0000, 0x0000,
    0x0000, 0x0000, 0x0000, 0x0000, 0x0000, 0x0000, 0x0000, 0x0000, 0x0000, 0x0000, 0x0000, 0x0000, 0x0000, 0x0000, 0x0000, 0x0000,
    0x0000, 0x0000, 0x0000, 0x0000, 0x0000, 0x0000, 0x0000, 0x0000, 0x0000, 0x0000, 0x0000, 0x0000, 0x0000, 0x0000, 0x0000, 0x0000,
    0x0000, 0x0000, 0x0000, 0x0000, 0x0000, 0x0000, 0x0000, 0x0000, 0x0000, 0x0000, 0x0000, 0x0000, 0x0000, 0x0000, 0x0000, 0x0000,
    0x0000, 0x0000, 0x0000, 0x0000, 0x0000, 0x0000, 0x0000, 0x0c40, 0x0000, 0x0000, 0x0000, 0x0000, 0x0000, 0x0000, 0x0000, 0x0000,
    0x0000, 0x0000, 0x0c40, 0x0000, 0x0000, 0x0c40, 0x0563, 0x0c40, 0x0563, 0x0000, 0x0000, 0x0000, 0x0000, 0x0000, 0x0000, 0x0000,
    0x0c40, 0x0563, 0x0c40, 0x0563, 0x0340, 0x0000, 0x0c40, 0x0c40, 0x0000, 0x0000, 0x0000, 0x0c40, 0x0000, 0x0000, 0x0000, 0x0000,
    0x0000, 0x0c40, 0x0c40, 0x0000, 0x0340, 0x0000, 0x4ba2, 0x8ba7, 0x0000, 0x0c40, 0x0563, 0x0c40, 0x0563, 0x0000, 0x0340, 0x0000,
    0x5b41, 0x4ba2, 0x8ba7, 0x0000, 0x5b41, 0x5b41, 0x0000, 0x9cc1, 0x0000, 0x5b41, 0x0c40, 0x0c40, 0x0000, 0x4ba2, 0x4ba2, 0x0340,
    0x5b41, 0x5b41, 0x9cc1, 0x0000, 0x7b46, 0x5b41, 0x0000, 0xcd8b, 0x0000, 0x7b46, 0x7b46, 0x5b41, 0x0000, 0x8ba7, 0x8ba7, 0x0000,
    0x8c26, 0x8c26, 0xa4aa, 0x0000, 0x8c26, 0x0000, 0x0000, 0xcd8b, 0x0000, 0x8c26, 0x8c26, 0xcd8b, 0x0000, 0x0000, 0xa4aa, 0x0000,
    0x0000, 0x0000, 0x0000, 0x0000, 0x0000, 0x0000, 0x0000, 0x93a8, 0x5225, 0x0000, 0x0000, 0x0000, 0x0000, 0x0000, 0x0000, 0x0000,
    0xbcab, 0x93a8, 0xa409, 0xa409, 0xa409, 0x93a8, 0x7b06, 0x7b06, 0xa409, 0xa409, 0xa409, 0x93a8, 0x7b06, 0x7b06, 0x93a8, 0x7b06,
    0x0000, 0x0000, 0x0000, 0x0000, 0x0000, 0x0000, 0x0000, 0x0000, 0x0000, 0x0000, 0x0000, 0x0000, 0x0000, 0x0000, 0x0000, 0x0000,
    0x0000, 0x0000, 0x0000, 0x0000, 0x0000, 0x0000, 0x0000, 0x0000, 0x0000, 0x0000, 0x0000, 0x0000, 0x0000, 0x0000, 0x0000, 0x0000,
    0x0000, 0x0000, 0x0000, 0x0000, 0x0000, 0x0000, 0x0000, 0x0000, 0x0000, 0x0000, 0x0000, 0x0000, 0x0000, 0x0000, 0x0000, 0x0000,
    0x0000, 0x0000, 0x0000, 0x0000, 0x0000, 0x0000, 0x0000, 0x0000, 0x0000, 0x0000, 0x0000, 0x0000, 0x0000, 0x0000, 0x0000, 0x0000,
    0x0000, 0x0000, 0x0000, 0x0000, 0x0000, 0x0000, 0x0000, 0x0000, 0x0000, 0x0000, 0x0000, 0x0000, 0x0000, 0x0000, 0x0000, 0x0000,
    0x0000, 0x0000, 0x0000, 0x0000, 0x0000, 0x0000, 0x0000, 0x0000, 0x0000, 0x0000, 0x0000, 0x0000, 0x0000, 0x0000, 0x0000, 0x0000,
    0x0000, 0x0000, 0x0000, 0x0000, 0x0000, 0x0000, 0x0000, 0x0000, 0x0000, 0x0000, 0x0000, 0x0000, 0x0000, 0x0000, 0x0000, 0x0000,
    0x0000, 0x0000, 0x0000, 0x0000, 0x0000, 0x0000, 0x0000, 0x0563, 0x0c40, 0x0000, 0x0000, 0x0000, 0x0000, 0x0000, 0x0000, 0x0000,
    0x0000, 0x0000, 0x0563, 0x0c40, 0x0000, 0x0000, 0x0563, 0x0c40, 0x0000, 0x0000, 0x0000, 0x0000, 0x0000, 0x0000, 0x0000, 0x0000,
    0x0000, 0x0563, 0x0c40, 0x0000, 0x0340, 0x0000, 0x13a3, 0x13a3, 0x0000, 0x0000, 0x0000, 0x0563, 0x0c40, 0x0000, 0x0340, 0x0000,
    0x0340, 0x13a3, 0x13a3, 0x0000, 0x0340, 0x0000, 0x0000, 0x9cc1, 0x0000, 0x0340, 0x0563, 0x0c40, 0x0000, 0x0340, 0x0340, 0x0000,
    0x5b41, 0x5b41, 0x9cc1, 0x0000, 0x5b41, 0x5b41, 0x0000, 0x8ba7, 0x0000, 0x5b41, 0x13a3, 0x13a3, 0x0000, 0x0340, 0x0c40, 0x0000,
    0x7b46, 0x5b41, 0x9cc1, 0x0000, 0x7b46, 0x5b41, 0x0000, 0xddcc, 0x0000, 0x7b46, 0x0000, 0x9cc1, 0x0000, 0x0000, 0x8ba7, 0x0000,
    0x8c26, 0x0000, 0xcd8b, 0x0000, 0x73a5, 0x0000, 0x8c26, 0xcd8b, 0x0000, 0x8c26, 0x0000, 0xa4aa, 0x73a5, 0x0000, 0xa4aa, 0xcd8b,
    0x0000, 0x0000, 0x0000, 0x0000, 0x0000, 0x0000, 0x0000, 0x6aa6, 0x3983, 0x0000, 0x0000, 0x0000, 0x0000, 0x0000, 0x0000, 0x0000,
    0xbcab, 0x93a8, 0x51e4, 0x6285, 0x6285, 0x6285, 0x6285, 0x93a8, 0x51e4, 0x6285, 0x6285, 0x6285, 0x6285, 0x93a8, 0x93a8, 0x6285,
    0x0000, 0x0000, 0x0000, 0x0000, 0x0000, 0x0000, 0x0000, 0x0000, 0x0000, 0x0000, 0x0000, 0x0000, 0x0000, 0x0000, 0x0000, 0x0000,
    0x0000, 0x0000, 0x0000, 0x0000, 0x0000, 0x0000, 0x0000, 0x0000, 0x0000, 0x0000, 0x0000, 0x0000, 0x0000, 0x0000, 0x0000, 0x0000,
    0x0000, 0x0000, 0x0000, 0x0000, 0x0000, 0x0000, 0x0000, 0x0000, 0x0000, 0x0000, 0x0000, 0x0000, 0x0000, 0x0000, 0x0000, 0x0000,
    0x0000, 0x0000, 0x0000, 0x0000, 0x0000, 0x0000, 0x0000, 0x0000, 0x0000, 0x0000, 0x0000, 0x0000, 0x0000, 0x0000, 0x0000, 0x0000,
    0x0000, 0x0000, 0x0000, 0x0000, 0x0000, 0x0000, 0x0000, 0x0000, 0x0000, 0x0000, 0x0000, 0x0000, 0x0000, 0x0000, 0x0000, 0x0000,
    0x0000, 0x0000, 0x0000, 0x0000, 0x0000, 0x0000, 0x0000, 0x0000, 0x0000, 0x0000, 0x0000, 0x0000, 0x0000, 0x0000, 0x0000, 0x0000,
    0x0000, 0x0000, 0x0000, 0x0000, 0x0000, 0x0000, 0x0c40, 0x0000, 0x0000, 0x0000, 0x0000, 0x0000, 0x0000, 0x0000, 0x0000, 0x0000,
    0x0000, 0x0c40, 0x0000, 0x0000, 0x0000, 0x0000, 0x0c40, 0x0c40, 0x0000, 0x0000, 0x0000, 0x0000, 0x0000, 0x0000, 0x0000, 0x0000,
    0x0000, 0x0c40, 0x0c40, 0x0000, 0x0000, 0x0000, 0x0c40, 0x13a3, 0x0000, 0x0000, 0x0c40, 0x0000, 0x0000, 0x0000, 0x0000, 0x0000,
    0x0000, 0x0c40, 0x13a3, 0x0000, 0x0340, 0x0000, 0x0000, 0x4ba2, 0x0000, 0x0340, 0x0c40, 0x0c40, 0x0000, 0x0000, 0x0340, 0x0000,
    0x0340, 0x0000, 0x4ba2, 0x0000, 0x0340, 0x0340, 0x0000, 0x9cc1, 0x0000, 0x0340, 0x0c40, 0x13a3, 0x0000, 0x0340, 0x0340, 0x0000,
    0x5b41, 0x0340, 0x9cc1, 0x0000, 0x5b41, 0x0000, 0x5b41, 0x9cc1, 0x9cc1, 0x0340, 0x0000, 0x4ba2, 0x0340, 0x0000, 0x0340, 0x0000,
    0x7b46, 0x0000, 0x5b41, 0x9cc1, 0x7b46, 0x0000, 0x7b46, 0xcd8b, 0x9cc1, 0xcd8b, 0x0000, 0x9cc1, 0x5b41, 0x0000, 0x8ba7, 0x8ba7,
    0x73a5, 0x0000, 0xddcc, 0x0000, 0x5b41, 0x0000, 0x8c26, 0xa4aa, 0xcd8b, 0x0000, 0x0000, 0x73a5, 0xa4aa, 0x0000, 0x8c26, 0xa4aa,
    0x0000, 0x0000, 0x0000, 0x0000, 0x0000, 0x0000, 0x0000, 0x9bea, 0x3963, 0x0000, 0x0000, 0x0000, 0x0000, 0x0000, 0x0000, 0x0000,
    0xa409, 0x93a8, 0x6285, 0x93a8, 0x93a8, 0x93a8, 0x93a8, 0xa409, 0x6285, 0x93a8, 0x93a8, 0x8452, 0x8452, 0x6b6f, 0x93a8, 0x6285,
    0x0000, 0x0000, 0x0000, 0x0000, 0x0000, 0x0000, 0x0000, 0x0000, 0x0000, 0x0000, 0x0000, 0x0000, 0x0000, 0x0000, 0x0000, 0x0000,
    0x0000, 0x0000, 0x0000, 0x0000, 0x0000, 0x0000, 0x0000, 0x0000, 0x0000, 0x0000, 0x0000, 0x0000, 0x0000, 0x0000, 0x0000, 0x0000,
    0x0000, 0x0000, 0x0000, 0x0000, 0x0000, 0x0000, 0x0000, 0x0000, 0x0000, 0x0000, 0x0000, 0x0000, 0x0000, 0x0000, 0x0000, 0x0000,
    0x0000, 0x0000, 0x0000, 0x0000, 0x0000, 0x0000, 0x0000, 0x0000, 0x0000, 0x0000, 0x0000, 0x0000, 0x0000, 0x0000, 0x0000, 0x0000,
    0x0000, 0x0000, 0x0000, 0x0000, 0x0000, 0x0000, 0x0000, 0x0000, 0x0000, 0x0000, 0x0000, 0x0000, 0x0000, 0x0000, 0x0000, 0x0000,
    0x0000, 0x0000, 0x0000, 0x0000, 0x0000, 0x0000, 0x0000, 0x0000, 0x0000, 0x0000, 0x0000, 0x0000, 0x0000, 0x0000, 0x0000, 0x0000,
    0x0000, 0x0000, 0x0000, 0x0000, 0x0000, 0x0000, 0x0000, 0x0563, 0x0c40, 0x0000, 0x0000, 0x0340, 0x0000, 0x0000, 0x0000, 0x0000,
    0x0000, 0x0000, 0x0563, 0x0c40, 0x0000, 0x0000, 0x0c40, 0x0340, 0x0000, 0x0000, 0x0000, 0x0340, 0x0000, 0x0000, 0x0000, 0x0000,
    0x0000, 0x0c40, 0x0340, 0x0000, 0x0340, 0x0000, 0x0000, 0x13a3, 0x0000, 0x0000, 0x0000, 0x0563, 0x0c40, 0x0000, 0x0340, 0x0000,
    0x0340, 0x0000, 0x13a3, 0x0000, 0x0340, 0x0340, 0x0000, 0x5b41, 0x0000, 0x0340, 0x0c40, 0x0340, 0x0000, 0x0340, 0x0340, 0x0000,
    0x5b41, 0x5b41, 0x8ba7, 0x0000, 0x5b41, 0x5b41, 0x0000, 0x9cc1, 0x4ba2, 0x5b41, 0x0340, 0x13a3, 0x0340, 0x0000, 0x5b41, 0x0000,
    0x0340, 0x0000, 0x9cc1, 0x4ba2, 0x0340, 0x0000, 0x5b41, 0x9cc1, 0x8ba7, 0x0340, 0x0000, 0x8ba7, 0x0340, 0x0000, 0x0340, 0x0000,
    0x7b46, 0x0000, 0xcd8b, 0x5b41, 0x5b41, 0x0000, 0x7b46, 0x9cc1, 0x5b41, 0x5b41, 0x0000, 0x9cc1, 0x7b46, 0x0000, 0x5b41, 0x8ba7,
    0x5b41, 0x0000, 0xcd8b, 0xa4aa, 0xcd8b, 0x0000, 0x73a5, 0x5b41, 0xa4aa, 0xcd8b, 0x0000, 0xcd8b, 0x73a5, 0x0000, 0x8c26, 0x0000,
    0x0000, 0x0000, 0x0000, 0x0000, 0x0000, 0x0000, 0x0000, 0x6aa6, 0x3142, 0x0000, 0x0000, 0x0000, 0x0000, 0x0000, 0x0000, 0x0000,
    0x8452, 0x7b06, 0x6285, 0x7b06, 0x7b06, 0x7b06, 0x7b06, 0xa409, 0x6285, 0x7b06, 0x7b06, 0x6b6f, 0x51e4, 0x7b06, 0x7b06, 0x51e4,
    0x0000, 0x0000, 0x0000, 0x0000, 0x0000, 0x0000, 0x0000, 0x0000, 0x0000, 0x0000, 0x0000, 0x0000, 0x0000, 0x0000, 0x0000, 0x0000,
    0x0000, 0x0000, 0x0000, 0x0000, 0x0000, 0x0000, 0x0000, 0x0000, 0x0000, 0x0000, 0x0000, 0x0000, 0x0000, 0x0000, 0x0000, 0x0000,
    0x0000, 0x0000, 0x0000, 0x0000, 0x0000, 0x0000, 0x0000, 0x0000, 0x0000, 0x0000, 0x0000, 0x0000, 0x0000, 0x0000, 0x0000, 0x0000,
    0x0000, 0x0000, 0x0000, 0x0000, 0x0000, 0x0000, 0x0000, 0x0000, 0x0000, 0x0000, 0x0000, 0x0000, 0x0000, 0x0000, 0x0000, 0x0000,
    0x0000, 0x0000, 0x0000, 0x0000, 0x0000, 0x0000, 0x0000, 0x0000, 0x0000, 0x0000, 0x0000, 0x0000, 0x0000, 0x0000, 0x0000, 0x0000,
    0x0000, 0x0000, 0x0000, 0x0000, 0x0000, 0x0000, 0x0000, 0x0000, 0x0000, 0x0000, 0x0000, 0x0000, 0x0000, 0x0000, 0x0000, 0x0000,
    0x0000, 0x0000, 0x13a3, 0x0000, 0x0000, 0x0000, 0x0000, 0x0340, 0x0000, 0x0000, 0x0000, 0x13a3, 0x0000, 0x0000, 0x0000, 0x0000,
    0x0000, 0x0000, 0x0340, 0x0000, 0x0340, 0x0000, 0x0000, 0x0340, 0x0000, 0x0000, 0x0000, 0x0340, 0x0000, 0x0000, 0x0340, 0x0000,
    0x0340, 0x0000, 0x0340, 0x0000, 0x0340, 0x0340, 0x0000, 0x13a3, 0x0000, 0x0340, 0x0000, 0x0340, 0x0000, 0x0340, 0x0340, 0x0000,
    0x0340, 0x0340, 0x13a3, 0x0000, 0x0340, 0x0340, 0x0340, 0x5b41, 0x0000, 0x0340, 0x0000, 0x0340, 0x0340, 0x0340, 0x0340, 0x0000,
    0x5b41, 0x0000, 0x8ba7, 0x0000, 0x5b41, 0x0000, 0x5b41, 0x8ba7, 0x0000, 0x5b41, 0x0000, 0x13a3, 0x5b41, 0x0000, 0x5b41, 0x0000,
    0x0340, 0x0000, 0x8ba7, 0x0000, 0x0340, 0x0000, 0x0340, 0x8ba7, 0x0000, 0x0340, 0x0000, 0x8ba7, 0x0340, 0x0000, 0x0340, 0x0340,
    0x5b41, 0x0000, 0x9cc1, 0x0000, 0x5b41, 0x0000, 0x5b41, 0x5b41, 0x0000, 0x5b41, 0x0000, 0x5b41, 0x5b41, 0x0000, 0x5b41, 0x0000,
    0x5b41, 0x0000, 0xa4aa, 0x73a5, 0x5b41, 0x0000, 0x73a5, 0x5b41, 0x0000, 0x5b41, 0x0000, 0xa4aa, 0x5b41, 0x0000, 0x5b41, 0x0000,
    0x0000, 0x0000, 0x0000, 0x0000, 0x0000, 0x0000, 0x0000, 0x0000, 0x0000, 0x0000, 0x0000, 0x0000, 0x0000, 0x0000, 0x0000, 0x0000,
    0x6b6f, 0x93a8, 0x6285, 0x93a8, 0x93a8, 0x7b06, 0x7b06, 0xb46a, 0x6285, 0x93a8, 0x93a8, 0x51e4, 0x51e4, 0xb46a, 0x93a8, 0x7b06,
    0x0000, 0x0000, 0x0000, 0x0000, 0x0000, 0x0000, 0x0000, 0x0000, 0x0000, 0x0000, 0x0000, 0x0000, 0x0000, 0x0000, 0x0000, 0x0000,
    0x0000, 0x0000, 0x0000, 0x0000, 0x0000, 0x0000, 0x0000, 0x0000, 0x0000, 0x0000, 0x0000, 0x0000, 0x0000, 0x0000, 0x0000, 0x0000,
    0x0000, 0x0000, 0x0000, 0x0000, 0x0000, 0x0000, 0x0000, 0x0000, 0x0000, 0x0000, 0x0000, 0x0000, 0x0000, 0x0000, 0x0000, 0x0000,
    0x0000, 0x0000, 0x0000, 0x0000, 0x0000, 0x0000, 0x0000, 0x0000, 0x0000, 0x0000, 0x0000, 0x0000, 0x0000, 0x0000, 0x0000, 0x0000,
    0xc362, 0xc362, 0xc362, 0xab02, 0xc362, 0xe443, 0xc362, 0xc362, 0xab02, 0xc362, 0xc362, 0xc362, 0xab02, 0xc362, 0xc362, 0xab02,
    0x50a2, 0x5104, 0x50a2, 0x50c3, 0x6145, 0x50c3, 0x7186, 0x7186, 0x6145, 0x6145, 0x40a2, 0x6145, 0x6145, 0x7186, 0x6145, 0x5104,
    0x0000, 0x0000, 0x0000, 0x0000, 0x0000, 0x0000, 0x0000, 0x0000, 0x0000, 0x0000, 0x0000, 0x0000, 0x0000, 0x0000, 0x0000, 0x0000,
    0xfece, 0xcc2a, 0x8285, 0x6a24, 0x6a24, 0xcc2a, 0xfece, 0xcc2a, 0xcc2a, 0x6a24, 0x8285, 0xffff, 0xff9b, 0xcc2a, 0x8285, 0x8b47,
    0x0000, 0x0000, 0x0000, 0x0000, 0x0000, 0x0000, 0x0000, 0x0000, 0x0000, 0x0000, 0x0000, 0x0000, 0x0000, 0x0000, 0x0000, 0x0000,
    0x0000, 0x0000, 0x0000, 0x0000, 0x0000, 0x0000, 0x0000, 0x0000, 0x0000, 0x0000, 0x0000, 0x0000, 0x0000, 0x0000, 0x0000, 0x0000,
    0x0000, 0x0000, 0x0000, 0x0000, 0x0000, 0x0000, 0x0000, 0x0000, 0x0000, 0x0000, 0x0000, 0x0000, 0x0000, 0x0000, 0x0000, 0x0000,
    0x0000, 0x0000, 0x0000, 0x0000, 0x0000, 0x0000, 0x0000, 0x0000, 0x0000, 0x0000, 0x0000, 0x0000, 0x0000, 0x0000, 0x0000, 0x0000,
    0x0000, 0x0000, 0x0000, 0x0000, 0x0000, 0x0000, 0x0000, 0x0000, 0x0000, 0x0000, 0x0000, 0x0000, 0x0000, 0x0000, 0x0000, 0x0000,
    0x0000, 0x0000, 0x0000, 0x0000, 0x0000, 0x0000, 0x0000, 0x0000, 0x0000, 0x0000, 0x0000, 0x0000, 0x0000, 0x0000, 0x0000, 0x0000,
    0x0000, 0x0000, 0x0000, 0x0000, 0x0000, 0x0000, 0x0000, 0x0000, 0x0000, 0x0000, 0x0000, 0x0000, 0x0000, 0x0000, 0x0000, 0x0000,
    0xa409, 0x93a8, 0x7b06, 0xa409, 0xb46a, 0xb46a, 0xb46a, 0xa409, 0x7b06, 0xa409, 0xb46a, 0xb46a, 0xb46a, 0xa409, 0x93a8, 0x6285,
    0x0000, 0x0000, 0x0000, 0x0000, 0x0000, 0x0000, 0x0000, 0x0000, 0x0000, 0x0000, 0x0000, 0x0000, 0x0000, 0x0000, 0x0000, 0x0000,
    0x0000, 0x0000, 0x0000, 0x0000, 0x0000, 0x0000, 0x0000, 0x0000, 0x0000, 0x0000, 0x0000, 0x0000, 0x0000, 0x0000, 0x0000, 0x0000,
    0x0000, 0x0000, 0x0000, 0x0000, 0x0000, 0x0000, 0x0000, 0x0000, 0x0000, 0x0000, 0x0000, 0x0000, 0x0000, 0x0000, 0x0000, 0x0000,
    0x0000, 0x0000, 0x0000, 0x0000, 0x0000, 0x0000, 0x0000, 0x0000, 0x0000, 0x0000, 0x0000, 0x0000, 0x0000, 0x0000, 0x0000, 0x0000,
    0xc362, 0xc362, 0xe443, 0xe443, 0xab02, 0xe443, 0xe443, 0xe443, 0xab02, 0xe443, 0xe443, 0xe443, 0xab02, 0xe443, 0xab02, 0xc362,
    0x5104, 0x6145, 0x6145, 0x5104, 0x50c3, 0x40a2, 0x50c3, 0x6145, 0x7186, 0x50c3, 0x50a2, 0x40a2, 0x6145, 0x6145, 0x50c3, 0x50a2,
    0x0000, 0x0000, 0x0000, 0x0000, 0x0000, 0x0000, 0x0000, 0x0000, 0x0000, 0x0000, 0x0000, 0x0000, 0x0000, 0x0000, 0x0000, 0x0000,
    0xff9b, 0xfece, 0xcc2a, 0x6a24, 0x7264, 0x7264, 0x8285, 0xcc2a, 0x6a24, 0x8b47, 0xcc2a, 0xff9b, 0xff9b, 0xfece, 0xcc2a, 0x6a24,
    0x0000, 0x0000, 0x0000, 0x0000, 0x0000, 0x0000, 0x0000, 0x0000, 0x0000, 0x0000, 0x0000, 0x0000, 0x0000, 0x0000, 0x0000, 0x0000,
    0x0000, 0x0000, 0x0000, 0x0000, 0x0000, 0x0000, 0x0000, 0x0000, 0x0000, 0x0000, 0x0000, 0x0000, 0x0000, 0x0000, 0x0000, 0x0000,
    0x0000, 0x0000, 0x0000, 0x0000, 0x0000, 0x0000, 0x0000, 0x0000, 0x0000, 0x0000, 0x0000, 0x0000, 0x0000, 0x0000, 0x0000, 0x0000,
    0x0000, 0x0000, 0x0000, 0x0000, 0x0000, 0x0000, 0x0000, 0x0000, 0x0000, 0x0000, 0x0000, 0x0000, 0x0000, 0x0000, 0x0000, 0x0000,
    0x0000, 0x0000, 0x0000, 0x0000, 0x0000, 0x0000, 0x0000, 0x0000, 0x0000, 0x0000, 0x0000, 0x0000, 0x0000, 0x0000, 0x0000, 0x0000,
    0x0000, 0x0000, 0x0000, 0x0000, 0x0000, 0x0000, 0x0000, 0x0000, 0x0000, 0x0000, 0x0000, 0x0000, 0x0000, 0x0000, 0x0000, 0x0000,
    0x0000, 0x0000, 0x0000, 0x0000, 0x0000, 0x0000, 0x0000, 0x0000, 0x0000, 0x0000, 0x0000, 0x0000, 0x0000, 0x0000, 0x0000, 0x0000,
    0xa409, 0x93a8, 0xa409, 0xa409, 0x93a8, 0x93a8, 0x7b06, 0x7b06, 0x93a8, 0x93a8, 0x93a8, 0x7b06, 0x7b06, 0x93a8, 0x93a8, 0x6285,
    0x0000, 0x0000, 0x0000, 0x0000, 0x0000, 0x0000, 0x0000, 0x0000, 0x0000, 0x0000, 0x0000, 0x0000, 0x0000, 0x0000, 0x0000, 0x0000,
    0x0000, 0x0000, 0x0000, 0x0000, 0x0000, 0x0000, 0x0000, 0x0000, 0x0000, 0x0000, 0x0000, 0x0000, 0x0000, 0x0000, 0x0000, 0x0000,
    0x0000, 0x0000, 0x0000, 0x0000, 0x0000, 0x0000, 0x0000, 0x0000, 0x0000, 0x0000, 0x0000, 0x0000, 0x0000, 0x0000, 0x0000, 0x0000,
    0x0000, 0x0000, 0x0000, 0x0000, 0x0000, 0x0000, 0x0000, 0x0000, 0x0000, 0x0000, 0x0000, 0x0000, 0x0000, 0x0000, 0x0000, 0x0000,
    0xc362, 0xe443, 0xe443, 0xe443, 0xe443, 0xc362, 0xe443, 0xe529, 0xc362, 0xe529, 0xe529, 0xe443, 0xc362, 0xc362, 0xe443, 0xc362,
    0x7186, 0x6145, 0x7186, 0x6145, 0x5104, 0x40a2, 0x50a2, 0x50c3, 0x6145, 0x5104, 0x50c3, 0x50a2, 0x6145, 0x50c3, 0x6145, 0x7186,
    0x0000, 0x0000, 0x0000, 0x0000, 0x0000, 0x0000, 0x0000, 0x0000, 0x0000, 0x0000, 0x0000, 0x0000, 0x0000, 0x0000, 0x0000, 0x0000,
    0x8285, 0xcc2a, 0x6a24, 0x8b47, 0x8285, 0x8285, 0x6a24, 0x7264, 0x7264, 0x8b47, 0x7264, 0x6a24, 0xfece, 0xcc2a, 0x6a24, 0x8b47,
    0x0000, 0x0000, 0x0000, 0x0000, 0x0000, 0x0000, 0x0000, 0x0000, 0x0000, 0x0000, 0x0000, 0x0000, 0x0000, 0x0000, 0x0000, 0x0000,
    0x0000, 0x0000, 0x0000, 0x0000, 0x0000, 0x0000, 0x0000, 0x0000, 0x0000, 0x0000, 0x0000, 0x0000, 0x0000, 0x0000, 0x0000, 0x0000,
    0x0000, 0x0000, 0x0000, 0x0000, 0x0000, 0x0000, 0x0000, 0x0000, 0x0000, 0x0000, 0x0000, 0x0000, 0x0000, 0x0000, 0x0000, 0x0000,
    0x0000, 0x0000, 0x0000, 0x0000, 0x0000, 0x0000, 0x0000, 0x0000, 0x0000, 0x0000, 0x0000, 0x0000, 0x0000, 0x0000, 0x0000, 0x0000,
    0x0000, 0x0000, 0x0000, 0x0000, 0x0000, 0x0000, 0x0000, 0x0000, 0x0000, 0x0000, 0x0000, 0x0000, 0x0000, 0x0000, 0x0000, 0x0000,
    0x0000, 0x0000, 0x0000, 0x0000, 0x0000, 0x0000, 0x0000, 0x0000, 0x0000, 0x0000, 0x0000, 0x0000, 0x0000, 0x0000, 0x0000, 0x0000,
    0x0000, 0x0000, 0x0000, 0x0000, 0x0000, 0x0000, 0x0000, 0x0000, 0x0000, 0x0000, 0x0000, 0x0000, 0x0000, 0x0000, 0x0000, 0x0000,
    0xbcab, 0x93a8, 0x51e4, 0x6285, 0x6285, 0x6285, 0x6285, 0x93a8, 0x51e4, 0x6285, 0x6285, 0x6285, 0x6285, 0xa409, 0x93a8, 0x51e4,
    0x0000, 0x0000, 0x0000, 0x0000, 0x0000, 0x0000, 0x0000, 0x0000, 0x0000, 0x0000, 0x0000, 0x0000, 0x0000, 0x0000, 0x0000, 0x0000,
    0x0000, 0x0000, 0x0000, 0x0000, 0x0000, 0x0000, 0x0000, 0x0000, 0x0000, 0x0000, 0x0000, 0x0000, 0x0000, 0x0000, 0x0000, 0x0000,
    0x0000, 0x0000, 0x0000, 0x0000, 0x0000, 0x0000, 0x0000, 0x0000, 0x0000, 0x0000, 0x0000, 0x0000, 0x0000, 0x0000, 0x0000, 0x0000,
    0x0000, 0x0000, 0x0000, 0x0000, 0x0000, 0x0000, 0x0000, 0x0000, 0x0000, 0x0000, 0x0000, 0x0000, 0x0000, 0x0000, 0x0000, 0x0000,
    0xc362, 0xc362, 0xc362, 0xe529, 0xe443, 0xab02, 0xe443, 0xe443, 0xab02, 0xe443, 0xc362, 0xab02, 0xe529, 0xe443, 0xab02, 0xab02,
    0x8208, 0x7186, 0x6145, 0x7186, 0x6145, 0x50c3, 0x5104, 0x7186, 0x6145, 0x7186, 0x7186, 0x5104, 0x50a2, 0x6145, 0x50c3, 0x6145,
    0x0000, 0x0000, 0x0000, 0x0000, 0x0000, 0x0000, 0x0000, 0x0000, 0x0000, 0x0000, 0x0000, 0x0000, 0x0000, 0x0000, 0x0000, 0x0000,
    0x8b47, 0x6a24, 0x8b47, 0xcc2a, 0xfece, 0xcc2a, 0x8285, 0x6a24, 0x7264, 0xffff, 0xfece, 0x7264, 0x6a24, 0x6a24, 0x8b47, 0x8b47,
    0x0000, 0x0000, 0x0000, 0x0000, 0x0000, 0x0000, 0x0000, 0x0000, 0x0000, 0x0000, 0x0000, 0x0000, 0x0000, 0x0000, 0x0000, 0x0000,
    0x0000, 0x0000, 0x0000, 0x0000, 0x0000, 0x0000, 0x0000, 0x0000, 0x0000, 0x0000, 0x0000, 0x0000, 0x0000, 0x0000, 0x0000, 0x0000,
    0x0000, 0x0000, 0x0000, 0x0000, 0x0000, 0x0000, 0x0000, 0x0000, 0x0000, 0x0000, 0x0000, 0x0000, 0x0000, 0x0000, 0x0000, 0x0000,
    0x0000, 0x0000, 0x0000, 0x0000, 0x0000, 0x0000, 0x0000, 0x0000, 0x0000, 0x0000, 0x0000, 0x0000, 0x0000, 0x0000, 0x0000, 0x0000,
    0x0000, 0x0000, 0x0000, 0x0000, 0x0000, 0x0000, 0x0000, 0x0000, 0x0000, 0x0000, 0x0000, 0x0000, 0x0000, 0x0000, 0x0000, 0x0000,
    0x0000, 0x0000, 0x0000, 0x0000, 0x0000, 0x0000, 0x0000, 0x0000, 0x0000, 0x0000, 0x0000, 0x0000, 0x0000, 0x0000, 0x0000, 0x0000,
    0x0000, 0x0000, 0x0000, 0x0000, 0x0000, 0x0000, 0x0000, 0x0000, 0x0000, 0x0000, 0x0000, 0x0000, 0x0000, 0x0000, 0x0000, 0x0000,
    0xbcab, 0x93a8, 0x6285, 0x93a8, 0x93a8, 0x93a8, 0x93a8, 0xa409, 0x6285, 0x93a8, 0x93a8, 0x93a8, 0x93a8, 0xa409, 0x93a8, 0x7b06,
    0x0000, 0x0000, 0x0000, 0x0000, 0x0000, 0x0000, 0x0000, 0x0000, 0x0000, 0x0000, 0x0000, 0x0000, 0x0000, 0x0000, 0x0000, 0x0000,
    0x0000, 0x0000, 0x0000, 0x0000, 0x0000, 0x0000, 0x0000, 0x0000, 0x0000, 0x0000, 0x0000, 0x0000, 0x0000, 0x0000, 0x0000, 0x0000,
    0x0000, 0x0000, 0x0000, 0x0000, 0x0000, 0x0000, 0x0000, 0x0000, 0x0000, 0x0000, 0x0000, 0x0000, 0x0000, 0x0000, 0x0000, 0x0000,
    0x0000, 0x0000, 0x0000, 0x0000, 0x0000, 0x0000, 0x0000, 0x0000, 0x0000, 0x0000, 0x0000, 0x0000, 0x0000, 0x0000, 0x0000, 0x0000,
    0xc362, 0xe443, 0xe443, 0xab02, 0xe443, 0xa2a1, 0xc362, 0xc362, 0xa2a1, 0xc362, 0xab02, 0xc362, 0xe443, 0xc362, 0xe443, 0xc362,
    0x7186, 0x8208, 0x7186, 0x6145, 0x50c3, 0x6145, 0x7186, 0x8208, 0x8208, 0x6145, 0x7186, 0x7186, 0x50c3, 0x7186, 0x6145, 0x5104,
    0x0000, 0x0000, 0x0000, 0x0000, 0x0000, 0x0000, 0x0000, 0x0000, 0x0000, 0x0000, 0x0000, 0x0000, 0x0000, 0x0000, 0x0000, 0x0000,
    0x6a24, 0x7264, 0xcc2a, 0xffff, 0xff9b, 0xff9b, 0xcc2a, 0x6a24, 0xfece, 0xff9b, 0xff9b, 0xcc2a, 0x7264, 0x8b47, 0xff9b, 0xfece,
    0x0000, 0x0000, 0x0000, 0x0000, 0x0000, 0x0000, 0x0000, 0x0000, 0x0000, 0x0000, 0x0000, 0x0000, 0x0000, 0x0000, 0x0000, 0x0000,
    0x0000, 0x0000, 0x0000, 0x0000, 0x0000, 0x0000, 0x0000, 0x0000, 0x0000, 0x0000, 0x0000, 0x0000, 0x0000, 0x0000, 0x0000, 0x0000,
    0x0000, 0x0000, 0x0000, 0x0000, 0x0000, 0x0000, 0x0000, 0x0000, 0x0000, 0x0000, 0x0000, 0x0000, 0x0000, 0x0000, 0x0000, 0x0000,
    0x0000, 0x0000, 0x0000, 0x0000, 0x0000, 0x0000, 0x0000, 0x0000, 0x0000, 0x0000, 0x0000, 0x0000, 0x0000, 0x0000, 0x0000, 0x0000,
    0x0000, 0x0000, 0x0000, 0x0000, 0x0000, 0x0000, 0x0000, 0x0000, 0x0000, 0x0000, 0x0000, 0x0000, 0x0000, 0x0000, 0x0000, 0x0000,
    0x0000, 0x0000, 0x0000, 0x0000, 0x0000, 0x0000, 0x0000, 0x0000, 0x0000, 0x0000, 0x0000, 0x0000, 0x0000, 0x0000, 0x0000, 0x0000,
    0x0000, 0x0000, 0x0000, 0x0000, 0x0000, 0x0000, 0x0000, 0x0000, 0x0000, 0x0000, 0x0000, 0x0000, 0x0000, 0x0000, 0x0000, 0x0000,
    0xbcab, 0x93a8, 0x6285, 0x93a8, 0x93a8, 0x93a8, 0x7b06, 0xb46a, 0x6285, 0x93a8, 0x93a8, 0x93a8, 0x7b06, 0xb46a, 0x93a8, 0x6285,
    0x0000, 0x0000, 0x0000, 0x0000, 0x0000, 0x0000, 0x0000, 0x0000, 0x0000, 0x0000, 0x0000, 0x0000, 0x0000, 0x0000, 0x0000, 0x0000,
    0x0000, 0x0000, 0x0000, 0x0000, 0x0000, 0x0000, 0x0000, 0xf800, 0xf800, 0x0000, 0x0000, 0x0000, 0x0000, 0x0000, 0x0000, 0x0000,
    0x0000, 0x0000, 0x0000, 0x0000, 0x0000, 0x0000, 0x0000, 0x0000, 0x0000, 0x0000, 0x0000, 0x0000, 0x0000, 0x0000, 0x0000, 0x0000,
    0x0000, 0x0000, 0x0000, 0x0000, 0x0000, 0x0000, 0x0000, 0x0000, 0x0000, 0x0000, 0x0000, 0x0000, 0x0000, 0x0000, 0x0000, 0x0000,
    0xc362, 0xe443, 0xe529, 0xe443, 0xa2a1, 0xe540, 0xb420, 0x61a0, 0xa2a1, 0xa2a1, 0xc362, 0xe443, 0xab02, 0xe443, 0xe529, 0xc362,
    0x50a2, 0x7186, 0x6145, 0x5104, 0x50a2, 0x7186, 0x8208, 0x8208, 0x7186, 0x7186, 0x6145, 0x50c3, 0x6145, 0x6145, 0x7186, 0x6145,
    0x0000, 0x0000, 0x0000, 0x0000, 0x0000, 0x0000, 0x0000, 0x0000, 0x0000, 0x0000, 0x0000, 0x0000, 0x0000, 0x0000, 0x0000, 0x0000,
    0x6a24, 0x8285, 0xfece, 0xff9b, 0xff9b, 0xfece, 0xfece, 0x8285, 0xcc2a, 0xfece, 0xcc2a, 0x8285, 0x8b47, 0xff9b, 0xffff, 0xfece,
    0x0000, 0x0000, 0x0000, 0x0000, 0x0000, 0x0000, 0x0000, 0x0000, 0x0000, 0x0000, 0x0000, 0x0000, 0x0000, 0x0000, 0x0000, 0x0000,
    0x0000, 0x0000, 0x0000, 0x0000, 0x0000, 0x0000, 0x0000, 0x0000, 0x0000, 0x0000, 0x0000, 0x0000, 0x0000, 0x0000, 0x0000, 0x0000,
    0x0000, 0x0000, 0x0000, 0x0000, 0x0000, 0x0000, 0x0000, 0x0000, 0x0000, 0x0000, 0x0000, 0x0000, 0x0000, 0x0000, 0x0000, 0x0000,
    0x0000, 0x0000, 0x0000, 0x0000, 0x0000, 0x0000, 0x0000, 0x0000, 0x0000, 0x0000, 0x0000, 0x0000, 0x0000, 0x0000, 0x0000, 0x0000,
    0x0000, 0x0000, 0x0000, 0x0000, 0x0000, 0x0000, 0x0000, 0x0000, 0x0000, 0x0000, 0x0000, 0x0000, 0x0000, 0x0000, 0x0000, 0x0000,
    0x0000, 0x0000, 0x0000, 0x0000, 0x0000, 0x0000, 0x0000, 0x0000, 0x0000, 0x0000, 0x0000, 0x0000, 0x0000, 0x0000, 0x0000, 0x0000,
    0x0000, 0x0000, 0x0000, 0x0000, 0x0000, 0x0000, 0x0000, 0x7bef, 0x738e, 0x0000, 0x0000, 0x0000, 0x0000, 0x0000, 0x0000, 0x0000,
    0xbcab, 0x93a8, 0x6285, 0x93a8, 0x93a8, 0x7b06, 0x7b06, 0xb46a, 0x6285, 0x93a8, 0x93a8, 0x7b06, 0x7b06, 0xb46a, 0x93a8, 0x6285,
    0x0000, 0x0000, 0x0000, 0x0000, 0x0000, 0x0000, 0x0000, 0x0000, 0x0000, 0x0000, 0x0000, 0x0000, 0x0000, 0x0000, 0x0000, 0x0000,
    0x0000, 0x0000, 0x0000, 0x0000, 0x0000, 0x0000, 0xf800, 0xfec0, 0xfc60, 0xf800, 0x0000, 0x0000, 0x0000, 0x0000, 0x0000, 0x0000,
    0x0000, 0x0000, 0x0000, 0x0000, 0x0000, 0x0000, 0x0000, 0x0000, 0x0000, 0x0000, 0x0000, 0x0000, 0x0000, 0x0000, 0x0000, 0x0000,
    0x0000, 0x0000, 0x0000, 0x0000, 0x0000, 0x0000, 0x0000, 0x0000, 0x0000, 0x0000, 0x0000, 0x0000, 0x0000, 0x0000, 0x0000, 0x0000,
    0xe443, 0xe443, 0xe529, 0xe443, 0xc362, 0xb420, 0xe540, 0xb420, 0x61a0, 0xc362, 0xa2a1, 0xab02, 0xc362, 0xe443, 0xe529, 0xc362,
    0x50a2, 0x6145, 0x7186, 0x50c3, 0x40a2, 0x7186, 0x6145, 0x7186, 0x7186, 0x6145, 0x50c3, 0x50a2, 0x6145, 0x7186, 0x8208, 0x7186,
    0x0000, 0x0000, 0x0000, 0x0000, 0x0000, 0x0000, 0x0000, 0x0000, 0x0000, 0x0000, 0x0000, 0x0000, 0x0000, 0x0000, 0x0000, 0x0000,
    0x7264, 0x6a24, 0x6a24, 0xcc2a, 0xfece, 0xfece, 0xcc2a, 0x6a24, 0x8285, 0x6a24, 0x7264, 0x8b47, 0x8285, 0xcc2a, 0xfece, 0x6a24,
    0x0000, 0x0000, 0x0000, 0x0000, 0x0000, 0x0000, 0x0000, 0x0000, 0x0000, 0x0000, 0x0000, 0x0000, 0x0000, 0x0000, 0x0000, 0x0000,
    0x0000, 0x0000, 0x0000, 0x0000, 0x0000, 0x0000, 0x0000, 0x0000, 0x0000, 0x0000, 0x0000, 0x0000, 0x0000, 0x0000, 0x0000, 0x0000,
    0x0000, 0x0000, 0x0000, 0x0000, 0x0000, 0x0000, 0x0000, 0x0000, 0x0000, 0x0000, 0x0000, 0x0000, 0x0000, 0x0000, 0x0000, 0x0000,
    0x0000, 0x0000, 0x0000, 0x0000, 0x0000, 0x0000, 0x0000, 0x0000, 0x0000, 0x0000, 0x0000, 0x0000, 0x0000, 0x0000, 0x0000, 0x0000,
    0x0000, 0x0000, 0x0000, 0x0000, 0x0000, 0x0000, 0x0000, 0x0000, 0x0000, 0x0000, 0x0000, 0x0000, 0x0000, 0x0000, 0x0000, 0x0000,
    0x0000, 0x0000, 0x0000, 0x0000, 0x0000, 0x0000, 0x0000, 0x0000, 0x0000, 0x0000, 0x0000, 0x0000, 0x0000, 0x0000, 0x0000, 0x0000,
    0x0000, 0x0000, 0x0000, 0x0000, 0x0000, 0x0000, 0x0000, 0x8410, 0x738e, 0x0000, 0x0000, 0x0000, 0x0000, 0x0000, 0x0000, 0x0000,
    0xbcab, 0x93a8, 0x7b06, 0xa409, 0xb46a, 0xb46a, 0xb46a, 0xa409, 0x7b06, 0xa409, 0xb46a, 0xb46a, 0xb46a, 0xa409, 0x7b06, 0x51e4,
    0x0000, 0x0000, 0x0000, 0x0000, 0x0000, 0x0000, 0x0000, 0x0000, 0x0000, 0x0000, 0x0000, 0x0000, 0x0000, 0x0000, 0x0000, 0x0000,
    0x0000, 0x0000, 0x0000, 0x0000, 0x0000, 0x0000, 0xf800, 0xfff2, 0xffff, 0xf800, 0x0000, 0x0000, 0x0000, 0x0000, 0x0000, 0x0000,
    0x0000, 0x0000, 0x0000, 0x0000, 0x0000, 0x0000, 0x0000, 0x0000, 0x0000, 0x0000, 0x0000, 0x0000, 0x0000, 0x0000, 0x0000, 0x0000,
    0x0000, 0x0000, 0x0000, 0x0000, 0x0000, 0x0000, 0x0000, 0x0000, 0x0000, 0x0000, 0x0000, 0x0000, 0x0000, 0x0000, 0x0000, 0x0000,
    0xc362, 0xe443, 0xab02, 0xa2a1, 0xa2a1, 0x61a0, 0xb420, 0xe540, 0xe540, 0xa2a1, 0xc362, 0xc362, 0xe443, 0xe443, 0xc362, 0xab02,
    0x7186, 0x5104, 0x50a2, 0x40a2, 0x50c3, 0x6145, 0x7186, 0x6145, 0x50a2, 0x50a2, 0x7186, 0x6145, 0x50c3, 0x6145, 0x8208, 0x8208,
    0x0000, 0x0000, 0x0000, 0x0000, 0x0000, 0x0000, 0x0000, 0x0000, 0x0000, 0x0000, 0x0000, 0x0000, 0x0000, 0x0000, 0x0000, 0x0000,
    0xfece, 0x8b47, 0x7264, 0x6a24, 0x8285, 0xcc2a, 0x6a24, 0x7264, 0x6a24, 0x8b47, 0xfece, 0x8285, 0x8b47, 0x8285, 0x6a24, 0xcc2a,
    0x0000, 0x0000, 0x0000, 0x0000, 0x0000, 0x0000, 0x0000, 0x0000, 0x0000, 0x0000, 0x0000, 0x0000, 0x0000, 0x0000, 0x0000, 0x0000,
    0x0000, 0x0000, 0x0000, 0x0000, 0x0000, 0x0000, 0x0000, 0x0000, 0x0000, 0x0000, 0x0000, 0x0000, 0x0000, 0x0000, 0x0000, 0x0000,
    0x0000, 0x0000, 0x0000, 0x0000, 0x0000, 0x0000, 0x0000, 0x0000, 0x0000, 0x0000, 0x0000, 0x0000, 0x0000, 0x0000, 0x0000, 0x0000,
    0x0000, 0x0000, 0x0000, 0x0000, 0x0000, 0x0000, 0x0000, 0x0000, 0x0000, 0x0000, 0x0000, 0x0000, 0x0000, 0x0000, 0x0000, 0x0000,
    0x0000, 0x0000, 0x0000, 0x0000, 0x0000, 0x0000, 0x0000, 0x0000, 0x0000, 0x0000, 0x0000, 0x0000, 0x0000, 0x0000, 0x0000, 0x0000,
    0x0000, 0x0000, 0x0000, 0x0000, 0x0000, 0x0000, 0x0000, 0x0000, 0x0000, 0x0000, 0x0000, 0x0000, 0x0000, 0x0000, 0x0000, 0x0000,
    0x0000, 0x0000, 0x0000, 0x0000, 0x0000, 0x0000, 0x0000, 0x93a8, 0x6aa6, 0x0000, 0x0000, 0x0000, 0x0000, 0x0000, 0x0000, 0x0000,
    0xa409, 0x93a8, 0xa409, 0xa409, 0xa409, 0x93a8, 0x7b06, 0x7b06, 0x93a8, 0xa409, 0xa409, 0x93a8, 0x7b06, 0x7b06, 0x7b06, 0x7b06,
    0x0000, 0x0000, 0x0000, 0x0000, 0x0000, 0x0000, 0x0000, 0x0000, 0x0000, 0x0000, 0x0000, 0x0000, 0x0000, 0x0000, 0x0000, 0x0000,
    0x0000, 0x0000, 0x0000, 0x0000, 0x0000, 0x0000, 0x0000, 0xf800, 0xa800, 0x0000, 0x0000, 0x0000, 0x0000, 0x0000, 0x0000, 0x0000,
    0x0000, 0x0000, 0x0000, 0x0000, 0x0000, 0x0000, 0x0000, 0x0000, 0x0000, 0x0000, 0x0000, 0x0000, 0x0000, 0x0000, 0x0000, 0x0000,
    0x0000, 0x0000, 0x0000, 0x0000, 0x0000, 0x0000, 0x0000, 0x0000, 0x0000, 0x0000, 0x0000, 0x0000, 0x0000, 0x0000, 0x0000, 0x0000,
    0xab02, 0xc362, 0xe443, 0xe443, 0xc362, 0xa2a1, 0x61a0, 0xb420, 0xb420, 0x61a0, 0xa2a1, 0xa2a1, 0xa2a1, 0xab02, 0xe443, 0xc362,
    0x6145, 0x50c3, 0x6145, 0x7186, 0x6145, 0x50c3, 0x50c3, 0x50a2, 0x6145, 0x6145, 0x7186, 0x7186, 0x6145, 0x50a2, 0x6145, 0x7186,
    0x0000, 0x0000, 0x0000, 0x0000, 0x0000, 0x0000, 0x0000, 0x0000, 0x0000, 0x0000, 0x0000, 0x0000, 0x0000, 0x0000, 0x0000, 0x0000,
    0xff9b, 0xfece, 0x8285, 0x8b47, 0x6a24, 0x8285, 0x7264, 0x8b47, 0x8285, 0xffff, 0xff9b, 0xfece, 0x6a24, 0x7264, 0xfece, 0xffff,
    0x0000, 0x0000, 0x0000, 0x0000, 0x0000, 0x0000, 0x0000, 0x0000, 0x0000, 0x0000, 0x0000, 0x0000, 0x0000, 0x0000, 0x0000, 0x0000,
    0x0000, 0x0000, 0x0000, 0x0000, 0x0000, 0x0000, 0x0000, 0x0000, 0x0000, 0x0000, 0x0000, 0x0000, 0x0000, 0x0000, 0x0000, 0x0000,
    0x0000, 0x0000, 0x0000, 0x0000, 0x0000, 0x0000, 0x0000, 0x0000, 0x0000, 0x0000, 0x0000, 0x0000, 0x0000, 0x0000, 0x0000, 0x0000,
    0x0000, 0x0000, 0x0000, 0x0000, 0x0000, 0x0000, 0x0000, 0x0000, 0x0000, 0x0000, 0x0000, 0x0000, 0x0000, 0x0000, 0x0000, 0x0000,
    0x0000, 0x0000, 0x0000, 0x0000, 0x0000, 0x0000, 0x0000, 0x0000, 0x0000, 0x0000, 0x0000, 0x0000, 0x0000, 0x0000, 0x0000, 0x0000,
    0x0000, 0x0000, 0x0000, 0x0000, 0x0000, 0x0000, 0x0000, 0x0000, 0x0000, 0x0000, 0x0000, 0x0000, 0x0000, 0x0000, 0x0000, 0x0000,
    0x0000, 0x0000, 0x0000, 0x0000, 0x0000, 0x0000, 0x0000, 0x9bea, 0x41a4, 0x0000, 0x0000, 0x0000, 0x0000, 0x0000, 0x0000, 0x0000,
    0xbcab, 0x93a8, 0x51e4, 0x6285, 0x6285, 0x6285, 0x6285, 0x93a8, 0x7b06, 0x6285, 0x6285, 0x6285, 0x6285, 0xa409, 0x93a8, 0x6285,
    0x0000, 0x0000, 0x0000, 0x0000, 0x0000, 0x0000, 0x0000, 0x0000, 0x0000, 0x0000, 0x0000, 0x0000, 0x0000, 0x0000, 0x0000, 0x0000,
    0x0000, 0x0000, 0x0000, 0x0000, 0x0000, 0x0000, 0x0000, 0x93a8, 0x5225, 0x0000, 0x0000, 0x0000, 0x0000, 0x0000, 0x0000, 0x0000,
    0x0000, 0x0000, 0x0000, 0x0000, 0x0000, 0x0000, 0x0000, 0x0000, 0x0000, 0x0000, 0x0000, 0x0000, 0x0000, 0x0000, 0x0000, 0x0000,
    0x0000, 0x0000, 0x0000, 0x0000, 0x0000, 0x0000, 0x0000, 0x0000, 0x0000, 0x0000, 0x0000, 0x0000, 0x0000, 0x0000, 0x0000, 0x0000,
    0xc362, 0xe529, 0xe443, 0xab02, 0xa2a1, 0xc362, 0xc362, 0x61a0, 0x61a0, 0xa2a1, 0xc362, 0xc362, 0xe443, 0xe443, 0xe443, 0xe443,
    0x50c3, 0x6145, 0x7186, 0x8208, 0x7186, 0x6145, 0x40a2, 0x50c3, 0x6145, 0x7186, 0x6145, 0x7186, 0x7186, 0x50a2, 0x50a2, 0x50c3,
    0x0000, 0x0000, 0x0000, 0x0000, 0x0000, 0x0000, 0x0000, 0x0000, 0x0000, 0x0000, 0x0000, 0x0000, 0x0000, 0x0000, 0x0000, 0x0000,
    0xff9b, 0xcc2a, 0xcc2a, 0x8285, 0xff9b, 0xfece, 0xcc2a, 0x8b47, 0xcc2a, 0xff9b, 0xff9b, 0xcc2a, 0x6a24, 0x8b47, 0x8b47, 0xfece,
    0x0000, 0x0000, 0x0000, 0x0000, 0x0000, 0x0000, 0x0000, 0x0000, 0x0000, 0x0000, 0x0000, 0x0000, 0x0000, 0x0000, 0x0000, 0x0000,
    0x0000, 0x0000, 0x0000, 0x0000, 0x0000, 0x0000, 0x0000, 0x0000, 0x0000, 0x0000, 0x0000, 0x0000, 0x0000, 0x0000, 0x0000, 0x0000,
    0x0000, 0x0000, 0x0000, 0x0000, 0x0000, 0x0000, 0x0000, 0x0000, 0x0000, 0x0000, 0x0000, 0x0000, 0x0000, 0x0000, 0x0000, 0x0000,
    0x0000, 0x0000, 0x0000, 0x0000, 0x0000, 0x0000, 0x0000, 0x0000, 0x0000, 0x0000, 0x0000, 0x0000, 0x0000, 0x0000, 0x0000, 0x0000,
    0x0000, 0x0000, 0x0000, 0x0000, 0x0000, 0x0000, 0x0000, 0x0000, 0x0000, 0x0000, 0x0000, 0x0000, 0x0000, 0x0000, 0x0000, 0x0000,
    0x0000, 0x0000, 0x0000, 0x0000, 0x0000, 0x0000, 0x0000, 0x0000, 0x0000, 0x0000, 0x0000, 0x0000, 0x0000, 0x0000, 0x0000, 0x0000,
    0x0000, 0x0000, 0x0000, 0x0000, 0x0000, 0x0000, 0x0000, 0x9bea, 0x5225, 0x0000, 0x0000, 0x0000, 0x0000, 0x0000, 0x0000, 0x0000,
    0x8452, 0x93a8, 0x6285, 0x93a8, 0x93a8, 0x93a8, 0x93a8, 0xa409, 0x6285, 0x93a8, 0x93a8, 0x93a8, 0x93a8, 0xa409, 0x93a8, 0x6285,
    0x0000, 0x0000, 0x0000, 0x0000, 0x0000, 0x0000, 0x0000, 0x0000, 0x0000, 0x0000, 0x0000, 0x0000, 0x0000, 0x0000, 0x0000, 0x0000,
    0x0000, 0x0000, 0x0000, 0x0000, 0x0000, 0x0000, 0x0000, 0x9bea, 0x41a4, 0x0000, 0x0000, 0x0000, 0x0000, 0x0000, 0x0000, 0x0000,
    0x0000, 0x0000, 0x0000, 0x0000, 0x0000, 0x0000, 0x0000, 0x0000, 0x0000, 0x0000, 0x0000, 0x0000, 0x0000, 0x0000, 0x0000, 0x0000,
    0x0000, 0x0000, 0x0000, 0x0000, 0x0000, 0x0000, 0x0000, 0x0000, 0x0000, 0x0000, 0x0000, 0x0000, 0x0000, 0x0000, 0x0000, 0x0000,
    0xe443, 0xe529, 0xab02, 0xe443, 0xe443, 0xc362, 0xa2a1, 0xc362, 0xa2a1, 0xc362, 0xa2a1, 0xe443, 0xab02, 0xab02, 0xe443, 0xc362,
    0x5104, 0x7186, 0x6145, 0x7186, 0x7186, 0x6145, 0x40a2, 0x50c3, 0x7186, 0x8208, 0x7186, 0x7186, 0x50c3, 0x40a2, 0x40a2, 0x50c3,
    0x0000, 0x0000, 0x0000, 0x0000, 0x0000, 0x0000, 0x0000, 0x0000, 0x0000, 0x0000, 0x0000, 0x0000, 0x0000, 0x0000, 0x0000, 0x0000,
    0xcc2a, 0x8285, 0x6a24, 0xcc2a, 0xfece, 0xcc2a, 0x8285, 0x8285, 0x6a24, 0xcc2a, 0xfece, 0x8285, 0x6a24, 0x7264, 0x8b47, 0x6a24,
    0x0000, 0x0000, 0x0000, 0x0000, 0x0000, 0x0000, 0x0000, 0x0000, 0x0000, 0x0000, 0x0000, 0x0000, 0x0000, 0x0000, 0x0000, 0x0000,
    0x0000, 0x0000, 0x0000, 0x0000, 0x0000, 0x0000, 0x0000, 0x0000, 0x0000, 0x0000, 0x0000, 0x0000, 0x0000, 0x0000, 0x0000, 0x0000,
    0x0000, 0x0000, 0x0000, 0x0000, 0x0000, 0x0000, 0x0000, 0x0000, 0x0000, 0x0000, 0x0000, 0x0000, 0x0000, 0x0000, 0x0000, 0x0000,
    0x0000, 0x0000, 0x0000, 0x0000, 0x0000, 0x0000, 0x0000, 0x0000, 0x0000, 0x0000, 0x0000, 0x0000, 0x0000, 0x0000, 0x0000, 0x0000,
    0x0000, 0x0000, 0x0000, 0x0000, 0x0000, 0x0000, 0x0000, 0x0000, 0x0000, 0x0000, 0x0000, 0x0000, 0x0000, 0x0000, 0x0000, 0x0000,
    0x0000, 0x0000, 0x0000, 0x0000, 0x0000, 0x0000, 0x0000, 0x0000, 0x0000, 0x0000, 0x0000, 0x0000, 0x0000, 0x0000, 0x0000, 0x0000,
    0x0000, 0x0000, 0x0000, 0x0000, 0x0000, 0x0000, 0x0000, 0x93a8, 0x5225, 0x0000, 0x0000, 0x0000, 0x0000, 0x0000, 0x0000, 0x0000,
    0x6b6f, 0x93a8, 0x6285, 0x93a8, 0x93a8, 0x93a8, 0x7b06, 0xb46a, 0x6285, 0x93a8, 0x93a8, 0x93a8, 0x7b06, 0xb46a, 0x93a8, 0x51e4,
    0x0000, 0x0000, 0x0000, 0x0000, 0x0000, 0x0000, 0x0000, 0x0000, 0x0000, 0x0000, 0x0000, 0x0000, 0x0000, 0x0000, 0x0000, 0x0000,
    0x0000, 0x0000, 0x0000, 0x0000, 0x0000, 0x0000, 0x0000, 0x9bea, 0x5225, 0x0000, 0x0000, 0x0000, 0x0000, 0x0000, 0x0000, 0x0000,
    0x0000, 0x0000, 0x0000, 0x0000, 0x0000, 0x0000, 0x0000, 0x0000, 0x0000, 0x0000, 0x0000, 0x0000, 0x0000, 0x0000, 0x0000, 0x0000,
    0x0000, 0x0000, 0x0000, 0x0000, 0x0000, 0x0000, 0x0000, 0x0000, 0x0000, 0x0000, 0x0000, 0x0000, 0x0000, 0x0000, 0x0000, 0x0000,
    0xc362, 0xe443, 0xc362, 0xe443, 0xe443, 0xab02, 0xc362, 0xc362, 0xab02, 0xc362, 0xe443, 0xa2a1, 0xe443, 0xc362, 0xab02, 0xc362,
    0x6145, 0x50c3, 0x50c3, 0x7186, 0x6145, 0x50c3, 0x50a2, 0x40a2, 0x50c3, 0x7186, 0x6145, 0x50a2, 0x40a2, 0x50c3, 0x5104, 0x50c3,
    0x0000, 0x0000, 0x0000, 0x0000, 0x0000, 0x0000, 0x0000, 0x0000, 0x0000, 0x0000, 0x0000, 0x0000, 0x0000, 0x0000, 0x0000, 0x0000,
    0x6a24, 0x6a24, 0x8b47, 0x8285, 0x6a24, 0x8b47, 0xfece, 0xff9b, 0x8b47, 0x6a24, 0xcc2a, 0x6a24, 0x7264, 0x8285, 0x8b47, 0x7264,
    0x0000, 0x0000, 0x0000, 0x0000, 0x0000, 0x0000, 0x0000, 0x0000, 0x0000, 0x0000, 0x0000, 0x0000, 0x0000, 0x0000, 0x0000, 0x0000,
    0x0000, 0x0000, 0x0000, 0x0000, 0x0000, 0x0000, 0x0000, 0x0000, 0x0000, 0x0000, 0x0000, 0x0000, 0x0000, 0x0000, 0x0000, 0x0000,
    0x0000, 0x0000, 0x0000, 0x0000, 0x0000, 0x0000, 0x0000, 0x0000, 0x0000, 0x0000, 0x0000, 0x0000, 0x0000, 0x0000, 0x0000, 0x0000,
    0x0000, 0x0000, 0x0000, 0x0000, 0x0000, 0x0000, 0x0000, 0x0000, 0x0000, 0x0000, 0x0000, 0x0000, 0x0000, 0x0000, 0x0000, 0x0000,
    0x0000, 0x0000, 0x0000, 0x0000, 0x0000, 0x0000, 0x0000, 0x0000, 0x0000, 0x0000, 0x0000, 0x0000, 0x0000, 0x0000, 0x0000, 0x0000,
    0x0000, 0x0000, 0x0000, 0x0000, 0x0000, 0x0000, 0x0000, 0x0000, 0x0000, 0x0000, 0x0000, 0x0000, 0x0000, 0x0000, 0x0000, 0x0000,
    0x0000, 0x0000, 0x0000, 0x0000, 0x0000, 0x0000, 0x0000, 0x93a8, 0x5225, 0x0000, 0x0000, 0x0000, 0x0000, 0x0000, 0x0000, 0x0000,
    0xa409, 0x93a8, 0x6285, 0x93a8, 0x93a8, 0x7b06, 0x7b06, 0xb46a, 0x6285, 0x93a8, 0x93a8, 0x7b06, 0x7b06, 0xb46a, 0x93a8, 0x7b06,
    0x0000, 0x0000, 0x0000, 0x0000, 0x0000, 0x0000, 0x0000, 0x0000, 0x0000, 0x0000, 0x0000, 0x0000, 0x0000, 0x0000, 0x0000, 0x0000,
    0x0000, 0x0000, 0x0000, 0x0000, 0x0000, 0x0000, 0x0000, 0x93a8, 0x5225, 0x0000, 0x0000, 0x0000, 0x0000, 0x0000, 0x0000, 0x0000,
    0x0000, 0x0000, 0x0000, 0x0000, 0x0000, 0x0000, 0x0000, 0x0000, 0x0000, 0x0000, 0x0000, 0x0000, 0x0000, 0x0000, 0x0000, 0x0000,
    0x0000, 0x0000, 0x0000, 0x0000, 0x0000, 0x0000, 0x0000, 0x0000, 0x0000, 0x0000, 0x0000, 0x0000, 0x0000, 0x0000, 0x0000, 0x0000,
    0xc362, 0xab02, 0xe529, 0xe443, 0xab02, 0xe443, 0xe443, 0xe443, 0xab02, 0xe443, 0xe443, 0xc362, 0xab02, 0xe443, 0xab02, 0xc362,
    0x50a2, 0x6145, 0x7186, 0x6145, 0x50c3, 0x7186, 0x6145, 0x50a2, 0x50c3, 0x50c3, 0x50a2, 0x7186, 0x6145, 0x7186, 0x6145, 0x50a2,
    0x0000, 0x0000, 0x0000, 0x0000, 0x0000, 0x0000, 0x0000, 0x0000, 0x0000, 0x0000, 0x0000, 0x0000, 0x0000, 0x0000, 0x0000, 0x0000,
    0x7264, 0x8b47, 0xfece, 0xcc2a, 0x6a24, 0x7264, 0xff9b, 0xffff, 0xfece, 0xcc2a, 0x6a24, 0x8b47, 0xff9b, 0xfece, 0x8285, 0x6a24,
    0x0000, 0x0000, 0x0000, 0x0000, 0x0000, 0x0000, 0x0000, 0x0000, 0x0000, 0x0000, 0x0000, 0x0000, 0x0000, 0x0000, 0x0000, 0x0000,
    0x0000, 0x0000, 0x0000, 0x0000, 0x0000, 0x0000, 0x0000, 0x0000, 0x0000, 0x0000, 0x0000, 0x0000, 0x0000, 0x0000, 0x0000, 0x0000,
    0x0000, 0x0000, 0x0000, 0x0000, 0x0000, 0x0000, 0x0000, 0x0000, 0x0000, 0x0000, 0x0000, 0x0000, 0x0000, 0x0000, 0x0000, 0x0000,
    0x0000, 0x0000, 0x0000, 0x0000, 0x0000, 0x0000, 0x0000, 0x0000, 0x0000, 0x0000, 0x0000, 0x0000, 0x0000, 0x0000, 0x0000, 0x0000,
    0x0000, 0x0000, 0x0000, 0x0000, 0x0000, 0x0000, 0x0000, 0x0000, 0x0000, 0x0000, 0x0000, 0x0000, 0x0000, 0x0000, 0x0000, 0x0000,
    0x0000, 0x0000, 0x0000, 0x0000, 0x0000, 0x0000, 0x0000, 0x0000, 0x0000, 0x0000, 0x0000, 0x0000, 0x0000, 0x0000, 0x0000, 0x0000,
    0x0000, 0x0000, 0x0000, 0x0000, 0x0000, 0x0000, 0x0000, 0x6aa6, 0x3983, 0x0000, 0x0000, 0x0000, 0x0000, 0x0000, 0x0000, 0x0000,
    0xa409, 0x93a8, 0x7b06, 0xa409, 0xb46a, 0xb46a, 0xb46a, 0xa409, 0x7b06, 0xa409, 0xb46a, 0xb46a, 0xb46a, 0xa409, 0x7b06, 0x6285,
    0x0000, 0x0000, 0x0000, 0x0000, 0x0000, 0x0000, 0x0000, 0x0000, 0x0000, 0x0000, 0x0000, 0x0000, 0x0000, 0x0000, 0x0000, 0x0000,
    0x0000, 0x0000, 0x0000, 0x0000, 0x0000, 0x0000, 0x0000, 0x6aa6, 0x3983, 0x0000, 0x0000, 0x0000, 0x0000, 0x0000, 0x0000, 0x0000,
    0x0000, 0x0000, 0x0000, 0x0000, 0x0000, 0x0000, 0x0000, 0x0000, 0x0000, 0x0000, 0x0000, 0x0000, 0x0000, 0x0000, 0x0000, 0x0000,
    0x0000, 0x0000, 0x0000, 0x0000, 0x0000, 0x0000, 0x0000, 0x0000, 0x0000, 0x0000, 0x0000, 0x0000, 0x0000, 0x0000, 0x0000, 0x0000,
    0xab02, 0xc362, 0xe443, 0xe443, 0xc362, 0xe529, 0xe529, 0xc362, 0xe443, 0xe443, 0xe443, 0xe443, 0xab02, 0xe443, 0xe443, 0xab02,
    0x5104, 0x7186, 0x6145, 0x7186, 0x7186, 0x8208, 0x7186, 0x50a2, 0x50c3, 0x50c3, 0x5104, 0x6145, 0x7186, 0x8208, 0x7186, 0x50a2,
    0x0000, 0x0000, 0x0000, 0x0000, 0x0000, 0x0000, 0x0000, 0x0000, 0x0000, 0x0000, 0x0000, 0x0000, 0x0000, 0x0000, 0x0000, 0x0000,
    0x8b47, 0xfece, 0xffff, 0xff9b, 0xff9b, 0x6a24, 0x8b47, 0xfece, 0xcc2a, 0x8285, 0x7264, 0xfece, 0xffff, 0xff9b, 0xcc2a, 0x6a24,
    0x0000, 0x0000, 0x0000, 0x0000, 0x0000, 0x0000, 0x0000, 0x0000, 0x0000, 0x0000, 0x0000, 0x0000, 0x0000, 0x0000, 0x0000, 0x0000,
    0x0000, 0x0000, 0x0000, 0x0000, 0x0000, 0x0000, 0x0000, 0x0000, 0x0000, 0x0000, 0x0000, 0x0000, 0x0000, 0x0000, 0x0000, 0x0000,
    0x0000, 0x0000, 0x0000, 0x0000, 0x0000, 0x0000, 0x0000, 0x0000, 0x0000, 0x0000, 0x0000, 0x0000, 0x0000, 0x0000, 0x0000, 0x0000,
    0x0000, 0x0000, 0x0000, 0x0000, 0x0000, 0x0000, 0x0000, 0x0000, 0x0000, 0x0000, 0x0000, 0x0000, 0x0000, 0x0000, 0x0000, 0x0000,
    0x0000, 0x0000, 0x0000, 0x0000, 0x0000, 0x0000, 0x0000, 0x0000, 0x0000, 0x0000, 0x0000, 0x0000, 0x0000, 0x0000, 0x0000, 0x0000,
    0x0000, 0x0000, 0x0000, 0x0000, 0x0000, 0x0000, 0x0000, 0x0000, 0x0000, 0x0000, 0x0000, 0x0000, 0x0000, 0x0000, 0x0000, 0x0000,
    0x0000, 0x0000, 0x0000, 0x0000, 0x0000, 0x0000, 0x0000, 0x9bea, 0x3963, 0x0000, 0x0000, 0x0000, 0x0000, 0x0000, 0x0000, 0x0000,
    0xbcab, 0x7b06, 0x7b06, 0x93a8, 0xa409, 0xa409, 0x93a8, 0x7b06, 0x7b06, 0x93a8, 0xa409, 0xa409, 0x93a8, 0x7b06, 0x7b06, 0x6285,
    0x0000, 0x0000, 0x0000, 0x0000, 0x0000, 0x0000, 0x0000, 0x0000, 0x0000, 0x0000, 0x0000, 0x0000, 0x0000, 0x0000, 0x0000, 0x0000,
    0x0000, 0x0000, 0x0000, 0x0000, 0x0000, 0x0000, 0x0000, 0x9bea, 0x3963, 0x0000, 0x0000, 0x0000, 0x0000, 0x0000, 0x0000, 0x0000,
    0x0000, 0x0000, 0x0000, 0x0000, 0x0000, 0x0000, 0x0000, 0x0000, 0x0000, 0x0000, 0x0000, 0x0000, 0x0000, 0x0000, 0x0000, 0x0000,
    0x0000, 0x0000, 0x0000, 0x0000, 0x0000, 0x0000, 0x0000, 0x0000, 0x0000, 0x0000, 0x0000, 0x0000, 0x0000, 0x0000, 0x0000, 0x0000,
    0xc362, 0xe443, 0xe443, 0xab02, 0xe529, 0xe529, 0xe443, 0xab02, 0xc362, 0xe443, 0xe529, 0xe529, 0xab02, 0xc362, 0xe443, 0xab02,
    0x50c3, 0x6145, 0x7186, 0x7186, 0x8208, 0x6145, 0x50c3, 0x5104, 0x50c3, 0x40a2, 0x6145, 0x7186, 0x6145, 0x7186, 0x6145, 0x6145,
    0x0000, 0x0000, 0x0000, 0x0000, 0x0000, 0x0000, 0x0000, 0x0000, 0x0000, 0x0000, 0x0000, 0x0000, 0x0000, 0x0000, 0x0000, 0x0000,
    0x8b47, 0xcc2a, 0xff9b, 0xfece, 0xcc2a, 0x8285, 0x6a24, 0x7264, 0x6a24, 0x6a24, 0x8b47, 0x8285, 0xcc2a, 0x8285, 0x6a24, 0x7264,
    0x0000, 0x0000, 0x0000, 0x0000, 0x0000, 0x0000, 0x0000, 0x0000, 0x0000, 0x0000, 0x0000, 0x0000, 0x0000, 0x0000, 0x0000, 0x0000,
    0x0000, 0x0000, 0x0000, 0x0000, 0x0000, 0x0000, 0x0000, 0x0000, 0x0000, 0x0000, 0x0000, 0x0000, 0x0000, 0x0000, 0x0000, 0x0000,
    0x0000, 0x0000, 0x0000, 0x0000, 0x0000, 0x0000, 0x0000, 0x0000, 0x0000, 0x0000, 0x0000, 0x0000, 0x0000, 0x0000, 0x0000, 0x0000,
    0x0000, 0x0000, 0x0000, 0x0000, 0x0000, 0x0000, 0x0000, 0x0000, 0x0000, 0x0000, 0x0000, 0x0000, 0x0000, 0x0000, 0x0000, 0x0000,
    0x0000, 0x0000, 0x0000, 0x0000, 0x0000, 0x0000, 0x0000, 0x0000, 0x0000, 0x0000, 0x0000, 0x0000, 0x0000, 0x0000, 0x0000, 0x0000,
    0x0000, 0x0000, 0x0000, 0x0000, 0x0000, 0x0000, 0x0000, 0x0000, 0x0000, 0x0000, 0x0000, 0x0000, 0x0000, 0x0000, 0x0000, 0x0000,
    0x0000, 0x0000, 0x0000, 0x0000, 0x0000, 0x0000, 0x0000, 0x6aa6, 0x3142, 0x0000, 0x0000, 0x0000, 0x0000, 0x0000, 0x0000, 0x0000,
    0x6285, 0x51e4, 0x51e4, 0x51e4, 0x51e4, 0x51e4, 0x51e4, 0x51e4, 0x51e4, 0x51e4, 0x51e4, 0x51e4, 0x51e4, 0x51e4, 0x51e4, 0x51e4,
    0x0000, 0x0000, 0x0000, 0x0000, 0x0000, 0x0000, 0x0000, 0x0000, 0x0000, 0x0000, 0x0000, 0x0000, 0x0000, 0x0000, 0x0000, 0x0000,
    0x0000, 0x0000, 0x0000, 0x0000, 0x0000, 0x0000, 0x0000, 0x6aa6, 0x3142, 0x0000, 0x0000, 0x0000, 0x0000, 0x0000, 0x0000, 0x0000,
    0x0000, 0x0000, 0x0000, 0x0000, 0x0000, 0x0000, 0x0000, 0x0000, 0x0000, 0x0000, 0x0000, 0x0000, 0x0000, 0x0000, 0x0000, 0x0000,
    0x0000, 0x0000, 0x0000, 0x0000, 0x0000, 0x0000, 0x0000, 0x0000, 0x0000, 0x0000, 0x0000, 0x0000, 0x0000, 0x0000, 0x0000, 0x0000,
    0xab02, 0xc362, 0xc362, 0xab02, 0xc362, 0xc362, 0xe443, 0xab02, 0xc362, 0xc362, 0xe443, 0xc362, 0xc362, 0xc362, 0xc362, 0xab02,
    0x50c3, 0x50c3, 0x6145, 0x7186, 0x7186, 0x50c3, 0x6145, 0x7186, 0x5104, 0x40a2, 0x50c3, 0x6145, 0x7186, 0x7186, 0x6145, 0x6145,
    0x0000, 0x0000, 0x0000, 0x0000, 0x0000, 0x0000, 0x0000, 0x0000, 0x0000, 0x0000, 0x0000, 0x0000, 0x0000, 0x0000, 0x0000, 0x0000,
    0x8b47, 0x7264, 0xfece, 0xcc2a, 0x8285, 0x7264, 0xff9b, 0xfece, 0x8285, 0x7264, 0x7264, 0x6a24, 0x6a24, 0x6a24, 0x7264, 0x8b47,
    0x0000, 0x0000, 0x0000, 0x0000, 0x0000, 0x0000, 0x0000, 0x0000, 0x0000, 0x0000, 0x0000, 0x0000, 0x0000, 0x0000, 0x0000, 0x0000,
    0x0000, 0x0000, 0x0000, 0x0000, 0x0000, 0x0000, 0x0000, 0x0000, 0x0000, 0x0000, 0x0000, 0x0000, 0x0000, 0x0000, 0x0000, 0x0000,
    0x0000, 0x0000, 0x0000, 0x0000, 0x0000, 0x0000, 0x0000, 0x0000, 0x0000, 0x0000, 0x0000, 0x0000, 0x0000, 0x0000, 0x0000, 0x0000,
    0x0000, 0x0000, 0x0000, 0x0000, 0x0000, 0x0000, 0x0000, 0x0000, 0x0000, 0x0000, 0x0000, 0x0000, 0x0000, 0x0000, 0x0000, 0x0000,
    0x0000, 0x0000, 0x0000, 0x0000, 0x0000, 0x0000, 0x0000, 0x0000, 0x0000, 0x0000, 0x0000, 0x0000, 0x0000, 0x0000, 0x0000, 0x0000,
    0x0000, 0x0000, 0x0000, 0x0000, 0x0000, 0x0000, 0x0000, 0x0000, 0x0000, 0x0000, 0x0000, 0x0000, 0x0000, 0x0000, 0x0000, 0x0000,
    0x0000, 0x0000, 0x0000, 0x0000, 0x0000, 0x0000, 0x0000, 0x0000, 0x0000, 0x0000, 0x0000, 0x0000, 0x0000, 0x0000, 0x0000, 0x0000,
    0x0862, 0x0882, 0x0862, 0x0862, 0x10a3, 0x18c3, 0x0862, 0x0862, 0x10c3, 0x18c3, 0x0841, 0x0862, 0x10a3, 0x10a3, 0x0862, 0x0842,
    0x39e8, 0x39e8, 0x39e8, 0x39e8, 0x3a08, 0x4249, 0x39e8, 0x39e8, 0x4229, 0x4249, 0x31c7, 0x39e8, 0x3a29, 0x3a29, 0x39e8, 0x39c7,
    0x0000, 0x0000, 0x0000, 0x0000, 0x0000, 0x0000, 0x0000, 0x0000, 0x0000, 0x0000, 0x0000, 0x0000, 0x0000, 0x0000, 0x0000, 0x0000,
    0x0000, 0x0000, 0x0000, 0x0000, 0x0000, 0x0000, 0x0000, 0x0000, 0x0000, 0x0000, 0x0000, 0x0000, 0x0000, 0x0000, 0x0000, 0x0000,
    0xf7ff, 0xffff, 0xffff, 0xffff, 0xffff, 0xf7ff, 0xf7ff, 0xffff, 0xf7ff, 0xffff, 0xffff, 0xffff, 0xffff, 0xf7ff, 0xf7ff, 0xf7ff,
    0xc362, 0xc362, 0xc362, 0xa2a1, 0xc362, 0xc362, 0xc362, 0xa2a1, 0xab02, 0xc362, 0xc362, 0xc362, 0xab02, 0xa2a1, 0xc362, 0xa2a1,
    0xc3a2, 0xc3a2, 0xc3a2, 0xa2c1, 0xc3a2, 0xc3a2, 0xc3a2, 0xa2c1, 0xa302, 0xc3a2, 0xc3a2, 0xc3a2, 0xa302, 0xa2c1, 0xc3a2, 0xa2c1,
    0x0000, 0x0000, 0x0000, 0x0000, 0x0000, 0x0000, 0x0000, 0x0000, 0x0000, 0x0000, 0x0000, 0x0000, 0x0000, 0x0000, 0x0000, 0x0000,
    0x0000, 0x0000, 0x0000, 0x0000, 0x0000, 0x0000, 0x0000, 0x0000, 0x0000, 0x0000, 0x0000, 0x0000, 0x0000, 0x0000, 0x0000, 0x0000,
    0x0000, 0x0000, 0x0000, 0x0000, 0x0000, 0x0000, 0x0000, 0x0000, 0x0000, 0x0000, 0x0000, 0x0000, 0x0000, 0x0000, 0x0000, 0x0000,
    0x0000, 0x0000, 0x0000, 0x0000, 0x0000, 0x0000, 0x0000, 0x0000, 0x0000, 0x0000, 0x0000, 0x0000, 0x0000, 0x0000, 0x0000, 0x0000,
    0x0000, 0x0000, 0x0000, 0x0000, 0x0000, 0x0000, 0x0000, 0x0000, 0x0000, 0x0000, 0x0000, 0x0000, 0x0000, 0x0000, 0x0000, 0x0000,
    0x0000, 0x0000, 0x0000, 0x0000, 0x0000, 0x0000, 0x0000, 0x0000, 0x0000, 0x0000, 0x0000, 0x0000, 0x0000, 0x0000, 0x0000, 0x0000,
    0x0000, 0x0000, 0x0000, 0x0000, 0x0000, 0x0000, 0x0000, 0x0000, 0x0000, 0x0000, 0x0000, 0x0000, 0x0000, 0x0000, 0x0000, 0x0000,
    0x0000, 0x0000, 0x0000, 0x0000, 0x0000, 0x0000, 0x0000, 0x0000, 0x0000, 0x0000, 0x0000, 0x0000, 0x0000, 0x0000, 0x0000, 0x0000,
    0x0000, 0x0000, 0x0000, 0x0000, 0x0000, 0x0000, 0x0000, 0x0000, 0x0000, 0x0000, 0x0000, 0x0000, 0x0000, 0x0000, 0x0000, 0x0000,
    0x10a3, 0x10a3, 0x2125, 0x2125, 0x18c3, 0x18c3, 0x1082, 0x1082, 0x0862, 0x0842, 0x0862, 0x1082, 0x0041, 0x0862, 0x0882, 0x1082,
    0x3a08, 0x4229, 0x426a, 0x426a, 0x4249, 0x4249, 0x3a08, 0x3a08, 0x39e8, 0x39c7, 0x39e8, 0x3a08, 0x31c7, 0x39c7, 0x39e8, 0x3a08,
    0x0000, 0x0000, 0x0000, 0x0000, 0x0000, 0x0000, 0x0000, 0x0000, 0x0000, 0x0000, 0x0000, 0x0000, 0x0000, 0x0000, 0x0000, 0x0000,
    0x0000, 0x0000, 0x0000, 0x0000, 0x0000, 0x0000, 0x0000, 0x0000, 0x0000, 0x0000, 0x0000, 0x0000, 0x0000, 0x0000, 0x0000, 0x0000,
    0xffff, 0xffff, 0xffff, 0xffff, 0xffff, 0xffff, 0xf7ff, 0xf7ff, 0xf7ff, 0xffff, 0xffff, 0xffff, 0xf7ff, 0xffff, 0xf7ff, 0xffff,
    0xe443, 0xe443, 0xe443, 0xa2a1, 0xc362, 0xe443, 0xe443, 0xc362, 0xa2a1, 0xe443, 0xe443, 0xc362, 0xa2a1, 0xe443, 0xe443, 0xa2a1,
    0xe483, 0xe483, 0xe483, 0xa2c1, 0xc3a2, 0xe483, 0xe483, 0xc3a2, 0xa2c1, 0xe483, 0xe483, 0xc3a2, 0xa2c1, 0xe483, 0xe483, 0xa2c1,
    0x0000, 0x0000, 0x0000, 0x0000, 0x0000, 0x0000, 0x0000, 0x0000, 0x0000, 0x0000, 0x0000, 0x0000, 0x0000, 0x0000, 0x0000, 0x0000,
    0x0000, 0xf759, 0xf759, 0xffbb, 0xffbb, 0xffff, 0xffff, 0xffff, 0xffff, 0xffff, 0xffff, 0xffbb, 0xffbb, 0xf759, 0xf759, 0x0000,
    0x0000, 0x0000, 0x0000, 0x0000, 0x0000, 0x0000, 0x0000, 0x0000, 0x0000, 0x0000, 0x0000, 0x0000, 0x0000, 0x0000, 0x0000, 0x0000,
    0x0000, 0x0000, 0x0000, 0x0000, 0x0000, 0x0000, 0x0000, 0x0000, 0x0000, 0x0000, 0x0000, 0x0000, 0x0000, 0x0000, 0x0000, 0x0000,
    0x0000, 0x79c3, 0x79c3, 0x8a04, 0x8a04, 0xa244, 0x8a04, 0x8a04, 0x79c3, 0x8a04, 0x8a04, 0x8a04, 0x8a04, 0x79c3, 0x79c3, 0x0000,
    0x0000, 0x0000, 0x0000, 0x0000, 0x0000, 0x0000, 0x0000, 0x0000, 0x0000, 0x0000, 0x0000, 0x0000, 0x0000, 0x0000, 0x0000, 0x0000,
    0x0000, 0x0000, 0x0000, 0x0000, 0x0000, 0x0000, 0x0000, 0x0000, 0x0000, 0x0000, 0x0000, 0x0000, 0x0000, 0x0000, 0x0000, 0x0000,
    0x0000, 0x0000, 0x0000, 0x0000, 0x0000, 0x0000, 0x0000, 0x0000, 0x0000, 0x0000, 0x0000, 0x0000, 0x0000, 0x0000, 0x0000, 0x0000,
    0x0000, 0x0000, 0x0000, 0x0000, 0x0000, 0x0000, 0x0000, 0x0000, 0x0000, 0x0000, 0x0000, 0x0000, 0x0000, 0x0000, 0x0000, 0x0000,
    0x18c3, 0x18e4, 0x1082, 0x1082, 0x2104, 0x18e4, 0x10a3, 0x1082, 0x18c3, 0x18e4, 0x18c3, 0x18c3, 0x2104, 0x2125, 0x18c3, 0x10a3,
    0x4249, 0x4269, 0x3a08, 0x3a08, 0x426a, 0x4269, 0x3a29, 0x3a08, 0x4249, 0x4269, 0x4249, 0x4249, 0x426a, 0x426a, 0x4249, 0x4229,
    0x0000, 0x0000, 0x0000, 0x0000, 0x0000, 0x0000, 0x0000, 0x0000, 0x0000, 0x0000, 0x0000, 0x0000, 0x0000, 0x0000, 0x0000, 0x0000,
    0x0000, 0x0000, 0x0000, 0x0000, 0x0000, 0x0000, 0x0000, 0x0000, 0x0000, 0x0000, 0x0000, 0x0000, 0x0000, 0x0000, 0x0000, 0x0000,
    0xffff, 0xffff, 0xffff, 0xffff, 0xf7ff, 0xf7ff, 0xf7ff, 0xf7ff, 0xf7ff, 0xffff, 0xffff, 0xf7ff, 0xffff, 0xffff, 0xffff, 0xffff,
    0xe443, 0xe529, 0xe529, 0xa2a1, 0xab02, 0xe529, 0xe529, 0xe443, 0xa2a1, 0xe529, 0xe529, 0xe529, 0xa2a1, 0xc362, 0xe529, 0xa2a1,
    0xc3a2, 0xe529, 0xe529, 0xa2c1, 0x2800, 0x2800, 0xc3a2, 0xe529, 0xa2c1, 0xc3a2, 0x2800, 0xe483, 0xa2c1, 0xc3a2, 0xe529, 0xa2c1,
    0x0000, 0x0000, 0x0000, 0x0000, 0x0000, 0x0000, 0x0000, 0x0000, 0x0000, 0x0000, 0x0000, 0x0000, 0x0000, 0x0000, 0x0000, 0x0000,
    0x0000, 0xf759, 0xffbb, 0xffff, 0xffff, 0xffff, 0xffff, 0xffff, 0xffff, 0xffff, 0xffff, 0xd105, 0xffff, 0xffbb, 0xf759, 0x0000,
    0x0000, 0x0000, 0x0000, 0x0000, 0x0000, 0x0000, 0x0000, 0x0000, 0x0000, 0x0000, 0x0000, 0x0000, 0x0000, 0x0000, 0x0000, 0x0000,
    0x0000, 0x0000, 0x0000, 0x0000, 0x0000, 0x0000, 0x0000, 0x0000, 0x0000, 0x0000, 0x0000, 0x0000, 0x0000, 0x0000, 0x0000, 0x0000,
    0x0000, 0x79c3, 0x8a04, 0x8a04, 0x8a04, 0x8a04, 0x8a04, 0x8a04, 0x8a04, 0x8a04, 0x8a04, 0x8a04, 0xa244, 0x8a04, 0x79c3, 0x0000,
    0x0000, 0x0000, 0x0000, 0x0000, 0x0000, 0x0000, 0x0000, 0x0000, 0x0000, 0x0000, 0x0000, 0x0000, 0x0000, 0x0000, 0x0000, 0x0000,
    0x0000, 0x0000, 0x0000, 0x0000, 0x0000, 0x0000, 0x0000, 0x0000, 0x0000, 0x0000, 0x0000, 0x0000, 0x0000, 0x0000, 0x0000, 0x0000,
    0x0000, 0x0000, 0x0000, 0x0000, 0x0000, 0x0000, 0x0000, 0x0000, 0x0000, 0x0000, 0x0000, 0x0000, 0x0000, 0x0000, 0x0000, 0x0000,
    0x0000, 0x0000, 0x0000, 0x0000, 0x0000, 0x0000, 0x0000, 0x0000, 0x0000, 0x0000, 0x0000, 0x0000, 0x0000, 0x0000, 0x0000, 0x0000,
    0x10a3, 0x0882, 0x18c3, 0x18e4, 0x1082, 0x0882, 0x10a3, 0x18e4, 0x0862, 0x1082, 0x18e4, 0x18e4, 0x10a3, 0x0882, 0x2125, 0x18e4,
    0x3a08, 0x39e8, 0x4249, 0x4269, 0x3a08, 0x3a08, 0x3a08, 0x4269, 0x39e8, 0x3a08, 0x4269, 0x4269, 0x3a08, 0x39e8, 0x426a, 0x4249,
    0x0000, 0x0000, 0x0000, 0x0000, 0x0000, 0x0000, 0x0000, 0x0000, 0x0000, 0x0000, 0x0000, 0x0000, 0x0000, 0x0000, 0x0000, 0x0000,
    0x0000, 0x0000, 0x0000, 0x0000, 0x0000, 0x0000, 0x0000, 0x0000, 0x0000, 0x0000, 0x0000, 0x0000, 0x0000, 0x0000, 0x0000, 0x0000,
    0xffff, 0xffff, 0xf7ff, 0xf7ff, 0xf7ff, 0xf7ff, 0xf7ff, 0xffff, 0xffff, 0xffff, 0xf7ff, 0xf7ff, 0xf7ff, 0xffff, 0xffff, 0xffff,
    0xa2a1, 0xe443, 0xe529, 0xab02, 0xa2a1, 0xe529, 0xe529, 0xe529, 0xa2a1, 0xe443, 0xe529, 0xe529, 0xc362, 0xa2a1, 0xe529, 0xc362,
    0xa2c1, 0xe483, 0xe529, 0xa302, 0x2800, 0x4080, 0x2800, 0xe529, 0xa2c1, 0x2800, 0x2800, 0x2800, 0xc3a2, 0xa2c1, 0xe529, 0xc3a2,
    0x0000, 0x0000, 0x0000, 0x0000, 0x0000, 0x0000, 0x0000, 0x0000, 0x0000, 0x0000, 0x0000, 0x0000, 0x0000, 0x0000, 0x0000, 0x0000,
    0x0000, 0xffbb, 0xffff, 0xffff, 0xf38b, 0xe9a6, 0xf759, 0xf759, 0xffbb, 0xffbb, 0xffff, 0xffff, 0xffff, 0xffff, 0xffbb, 0x0000,
    0x0000, 0x0000, 0x0000, 0x0000, 0x0000, 0x0000, 0x0000, 0x0000, 0x0000, 0x0000, 0x0000, 0x0000, 0x0000, 0x0000, 0x0000, 0x0000,
    0x0000, 0x0000, 0x0000, 0x0000, 0x0000, 0x0000, 0x0000, 0x0000, 0x0000, 0x0000, 0x0000, 0x0000, 0x0000, 0x0000, 0x0000, 0x0000,
    0x0000, 0x8a04, 0x8a04, 0x8a04, 0x79c3, 0x79c3, 0x69a4, 0x79c3, 0x8a04, 0x8a04, 0x8a04, 0x79c3, 0x8a04, 0x79c3, 0x8a04, 0x0000,
    0x0000, 0x0000, 0x0000, 0x0000, 0x0000, 0x0000, 0x0000, 0x0000, 0x0000, 0x0000, 0x0000, 0x0000, 0x0000, 0x0000, 0x0000, 0x0000,
    0x0000, 0x0000, 0x0000, 0x0000, 0x0000, 0x0000, 0x0000, 0x0000, 0x0000, 0x0000, 0x0000, 0x0000, 0x0000, 0x0000, 0x0000, 0x0000,
    0x0000, 0x0000, 0x0000, 0x0000, 0x0000, 0x0000, 0x0000, 0x0000, 0x0000, 0x0000, 0x0000, 0x0000, 0x0000, 0x0000, 0x0000, 0x0000,
    0x0000, 0x0000, 0x0000, 0x0000, 0x0000, 0x0000, 0x0000, 0x0000, 0x0000, 0x0000, 0x0000, 0x0000, 0x0000, 0x0000, 0x0000, 0x0000,
    0x10a3, 0x1082, 0x0862, 0x10a3, 0x18c3, 0x18c3, 0x0841, 0x0841, 0x0862, 0x10a3, 0x0862, 0x0862, 0x18c3, 0x18c3, 0x0862, 0x0841,
    0x4229, 0x3a08, 0x39e8, 0x3a08, 0x4249, 0x4249, 0x31c7, 0x31c7, 0x39e8, 0x3a29, 0x39e8, 0x39e7, 0x4249, 0x4249, 0x39e8, 0x31c7,
    0x0000, 0x0000, 0x0000, 0x0000, 0x0000, 0x0000, 0x0000, 0x0000, 0x0000, 0x0000, 0x0000, 0x0000, 0x0000, 0x0000, 0x0000, 0x0000,
    0x0000, 0x0000, 0x0000, 0x0000, 0x0000, 0x0000, 0x0000, 0x0000, 0x0000, 0x0000, 0x0000, 0x0000, 0x0000, 0x0000, 0x0000, 0x0000,
    0xffff, 0xffff, 0xf7ff, 0xf7ff, 0xf7ff, 0xf7ff, 0xf7ff, 0xffff, 0xffff, 0xf7ff, 0xf7ff, 0xf7ff, 0xffff, 0xffff, 0xffff, 0xffff,
    0xa2a1, 0xe443, 0xe443, 0xc362, 0xa2a1, 0xe443, 0xe443, 0xe443, 0xa2a1, 0xe443, 0xe443, 0xe443, 0xe443, 0xa2a1, 0xe443, 0xc362,
    0xa2c1, 0xe483, 0xe483, 0x2800, 0x4080, 0x4080, 0x4080, 0xe483, 0xa2c1, 0x2800, 0x4080, 0x4080, 0x2800, 0xa2c1, 0xe483, 0xc3a2,
    0x0000, 0x0000, 0x0000, 0x0000, 0x0000, 0x0000, 0x0000, 0x0000, 0x0000, 0x0000, 0x0000, 0x0000, 0x0000, 0x0000, 0x0000, 0x0000,
    0x0000, 0xffbb, 0xffff, 0xffff, 0xe9a6, 0xd105, 0xffbb, 0xffff, 0xffff, 0xffff, 0xffbb, 0xffff, 0xffff, 0xffff, 0xffbb, 0x0000,
    0x0000, 0x0000, 0x0000, 0x0000, 0x0000, 0x0000, 0x0000, 0x0000, 0x0000, 0x0000, 0x0000, 0x0000, 0x0000, 0x0000, 0x0000, 0x0000,
    0x0000, 0x0000, 0x0000, 0x0000, 0x0000, 0x0000, 0x0000, 0x0000, 0x0000, 0x0000, 0x0000, 0x0000, 0x0000, 0x0000, 0x0000, 0x0000,
    0x0000, 0x8a04, 0xa244, 0x79c3, 0x8a04, 0x79c3, 0x79c3, 0x79c3, 0x79c3, 0x69a4, 0x79c3, 0x79c3, 0x79c3, 0x8a04, 0x8a04, 0x0000,
    0x0000, 0x0000, 0x0000, 0x0000, 0x0000, 0x0000, 0x0000, 0x0000, 0x0000, 0x0000, 0x0000, 0x0000, 0x0000, 0x0000, 0x0000, 0x0000,
    0x0000, 0x0000, 0x0000, 0x0000, 0x0000, 0x0000, 0x0000, 0x0000, 0x0000, 0x0000, 0x0000, 0x0000, 0x0000, 0x0000, 0x0000, 0x0000,
    0x0000, 0x0000, 0x0000, 0x0000, 0x0000, 0x0000, 0x0000, 0x0000, 0x0000, 0x0000, 0x0000, 0x0000, 0x0000, 0x0000, 0x0000, 0x0000,
    0x0000, 0x0000, 0x0000, 0x0000, 0x0000, 0x0000, 0x0000, 0x0000, 0x0000, 0x0000, 0x0000, 0x0000, 0x0000, 0x0000, 0x0000, 0x0000,
    0x0862, 0x0841, 0x0862, 0x18e4, 0x0862, 0x0841, 0x0862, 0x0882, 0x0862, 0x0841, 0x0882, 0x1082, 0x0842, 0x0862, 0x0862, 0x1082,
    0x39c7, 0x31c7, 0x39e8, 0x4269, 0x39e8, 0x31c7, 0x39e8, 0x39e8, 0x39e8, 0x31c7, 0x39e8, 0x3a08, 0x31c7, 0x39e8, 0x39e8, 0x3a08,
    0x0000, 0x0000, 0x0000, 0x0000, 0x0000, 0x0000, 0x0000, 0x0000, 0x0000, 0x0000, 0x0000, 0x0000, 0x0000, 0x0000, 0x0000, 0x0000,
    0x0000, 0x0000, 0x0000, 0x0000, 0x0000, 0x0000, 0x0000, 0x0000, 0x0000, 0x0000, 0x0000, 0x0000, 0x0000, 0x0000, 0x0000, 0x0000,
    0xf7ff, 0xf7ff, 0xf7ff, 0xf7ff, 0xf7ff, 0xffff, 0xf7ff, 0xffff, 0xffff, 0xf7ff, 0xf7ff, 0xf7ff, 0xffff, 0xffff, 0xf7ff, 0xffff,
    0xa2a1, 0xe443, 0xe443, 0xc362, 0xa2a1, 0xe443, 0xe443, 0xe443, 0xa2a1, 0xe443, 0xe443, 0xe443, 0xe443, 0xa2a1, 0xe443, 0xe443,
    0xa2c1, 0xe483, 0xe483, 0x2800, 0x4080, 0x4080, 0x4080, 0xe483, 0xa2c1, 0x2800, 0x4080, 0x4080, 0x4080, 0xa2c1, 0xe483, 0xe483,
    0x0000, 0x0000, 0x0000, 0x0000, 0x0000, 0x0000, 0x0000, 0x0000, 0x0000, 0x0000, 0x0000, 0x0000, 0x0000, 0x0000, 0x0000, 0x0000,
    0x0000, 0xffff, 0xffff, 0xf759, 0xffbb, 0xffff, 0xffff, 0xffff, 0xffff, 0xffff, 0xffff, 0xb106, 0xffff, 0xffff, 0xffff, 0x0000,
    0x0000, 0x0000, 0x0000, 0x0000, 0x0000, 0x0000, 0x0000, 0x0000, 0x0000, 0x0000, 0x0000, 0x0000, 0x0000, 0x0000, 0x0000, 0x0000,
    0x0000, 0x0000, 0x0000, 0x0000, 0x0000, 0x0000, 0x0000, 0x0000, 0x0000, 0x0000, 0x0000, 0x0000, 0x0000, 0x0000, 0x0000, 0x0000,
    0x0000, 0x8a04, 0x8a04, 0x79c3, 0x79c3, 0x69a4, 0x79c3, 0x79c3, 0x79c3, 0x79c3, 0x79c3, 0x79c3, 0x69a4, 0x8a04, 0x8a04, 0x0000,
    0x0000, 0x0000, 0x0000, 0x0000, 0x0000, 0x0000, 0x0000, 0x0000, 0x0000, 0x0000, 0x0000, 0x0000, 0x0000, 0x0000, 0x0000, 0x0000,
    0x0000, 0x0000, 0x0000, 0x0000, 0x0000, 0x0000, 0x0000, 0x0000, 0x0000, 0x0000, 0x0000, 0x0000, 0x0000, 0x0000, 0x0000, 0x0000,
    0x0000, 0x0000, 0x0000, 0x0000, 0x0000, 0x0000, 0x0000, 0x0000, 0x0000, 0x0000, 0x0000, 0x0000, 0x0000, 0x0000, 0x0000, 0x0000,
    0x0000, 0x0000, 0x0000, 0x0000, 0x0000, 0x0000, 0x0000, 0x0000, 0x0000, 0x0000, 0x0000, 0x0000, 0x0000, 0x0000, 0x0000, 0x0000,
    0x2125, 0x2125, 0x18c3, 0x18c3, 0x10a3, 0x10a3, 0x1082, 0x10a3, 0x18c3, 0x2125, 0x10c3, 0x1082, 0x2125, 0x2125, 0x18c3, 0x10a3,
    0x426a, 0x426a, 0x4249, 0x4249, 0x3a08, 0x3a08, 0x3a08, 0x3a29, 0x4249, 0x426a, 0x4229, 0x3a08, 0x426a, 0x426a, 0x4249, 0x3a29,
    0x0000, 0x0000, 0x0000, 0x0000, 0x0000, 0x0000, 0x0000, 0x5000, 0x4800, 0x0000, 0x0000, 0x0000, 0x0000, 0x0000, 0x0000, 0x0000,
    0x0000, 0x0000, 0x0000, 0x0000, 0x0000, 0x0000, 0x0000, 0x0000, 0x0000, 0x0000, 0x0000, 0x0000, 0x0000, 0x0000, 0x0000, 0x0000,
    0xf7ff, 0xffff, 0xffff, 0xf7ff, 0xf7ff, 0xf7ff, 0xffff, 0xffff, 0xf7ff, 0xffff, 0xf7ff, 0xffff, 0xffff, 0xffff, 0xf7ff, 0xf7ff,
    0xa2a1, 0xe443, 0xe443, 0xe443, 0xa2a1, 0xe443, 0xe443, 0xe443, 0xa2a1, 0xe443, 0xe443, 0xe443, 0xe443, 0xa2a1, 0xe443, 0xe443,
    0xa2c1, 0xe483, 0xe483, 0x2800, 0x4080, 0x4080, 0x4080, 0xc3a2, 0xa2c1, 0x2800, 0x4080, 0x4080, 0x4080, 0x4080, 0xe483, 0xe483,
    0x0000, 0x0000, 0x0000, 0x0000, 0x0000, 0x0000, 0x0000, 0x0000, 0x0000, 0x0000, 0x0000, 0x0000, 0x0000, 0x0000, 0x0000, 0x0000,
    0x0000, 0xffff, 0xffff, 0xf759, 0xffff, 0xffff, 0xffbb, 0xd105, 0xd105, 0xffbb, 0xffff, 0xffff, 0xffbb, 0xffff, 0xffff, 0x0000,
    0x0000, 0x0000, 0x0000, 0x0000, 0x0000, 0x0000, 0x0000, 0x0000, 0x0000, 0x0000, 0x0000, 0x0000, 0x0000, 0x0000, 0x0000, 0x0000,
    0x0000, 0x0000, 0x0000, 0x0000, 0x0000, 0x0000, 0x0000, 0x0000, 0x0000, 0x0000, 0x0000, 0x0000, 0x0000, 0x0000, 0x0000, 0x0000,
    0x0000, 0x8a04, 0x79c3, 0x79c3, 0x79c3, 0x79c3, 0x79c3, 0x8a04, 0x79c3, 0x79c3, 0x8a04, 0x79c3, 0x79c3, 0x8a04, 0xa244, 0x0000,
    0x0000, 0x0000, 0x0000, 0x0000, 0x0000, 0x0000, 0x0000, 0x0000, 0x0000, 0x0000, 0x0000, 0x0000, 0x0000, 0x0000, 0x0000, 0x0000,
    0x0000, 0x0000, 0x0000, 0x0000, 0x0000, 0x0000, 0x0000, 0x0000, 0x0000, 0x0000, 0x0000, 0x0000, 0x0000, 0x0000, 0x0000, 0x0000,
    0x0000, 0x0000, 0x0000, 0x0000, 0x0000, 0x0000, 0x0000, 0x0000, 0x0000, 0x0000, 0x0000, 0x0000, 0x0000, 0x0000, 0x0000, 0x0000,
    0x0000, 0x0000, 0x0000, 0x0000, 0x0000, 0x0000, 0x0000, 0x0000, 0x0000, 0x0000, 0x0000, 0x0000, 0x0000, 0x0000, 0x0000, 0x0000,
    0x0882, 0x0882, 0x2125, 0x2125, 0x18c3, 0x10c3, 0x18e4, 0x18e4, 0x0862, 0x0862, 0x18c3, 0x18e4, 0x10c3, 0x10a3, 0x18e4, 0x18e4,
    0x39e8, 0x39e8, 0x426a, 0x426a, 0x4249, 0x4229, 0x4269, 0x4249, 0x39e8, 0x39e8, 0x4249, 0x4269, 0x4229, 0x4229, 0x4269, 0x4249,
    0x0000, 0x0000, 0x0000, 0x0000, 0x0000, 0x0000, 0x0000, 0x4800, 0x2800, 0x0000, 0x0000, 0x0000, 0x0000, 0x0000, 0x0000, 0x0000,
    0x0000, 0x0000, 0x0000, 0x0000, 0x0000, 0x0000, 0x0000, 0x0000, 0x0000, 0x0000, 0x0000, 0x0000, 0x0000, 0x0000, 0x0000, 0x0000,
    0xffff, 0xffff, 0xf7ff, 0xffff, 0xf7ff, 0xf7ff, 0xf7ff, 0xffff, 0xffff, 0xf7ff, 0xffff, 0xffff, 0xffff, 0xf7ff, 0xf7ff, 0xf7ff,
    0xa2a1, 0xe443, 0xe443, 0xe443, 0xa2a1, 0xe443, 0xe443, 0xe443, 0xa2a1, 0xe443, 0xe443, 0xe443, 0xc362, 0xa2a1, 0xe443, 0xe443,
    0xa2c1, 0xe483, 0xe483, 0xe529, 0x4080, 0x4080, 0xe483, 0xc3a2, 0xa2c1, 0xe529, 0x4080, 0x4080, 0x4080, 0x4080, 0xe529, 0xe483,
    0x0000, 0x0000, 0x0000, 0x0000, 0x0000, 0x0000, 0x0000, 0x0000, 0x0000, 0x0000, 0x0000, 0x0000, 0x0000, 0x0000, 0x0000, 0x0000,
    0x0000, 0xffff, 0xd105, 0xffbb, 0xffff, 0xffff, 0xd105, 0xf38b, 0xe9a6, 0xd105, 0xffff, 0xffff, 0xffbb, 0xffff, 0xffff, 0x0000,
    0x0000, 0x0000, 0x0000, 0x0000, 0x0000, 0x0000, 0x0000, 0x0000, 0x0000, 0x0000, 0x0000, 0x0000, 0x0000, 0x0000, 0x0000, 0x0000,
    0x0000, 0x0000, 0x0000, 0x0000, 0x0000, 0x0000, 0x0000, 0x0000, 0x0000, 0x0000, 0x0000, 0x0000, 0x0000, 0x0000, 0x0000, 0x0000,
    0x0000, 0x8a04, 0x8a04, 0x79c3, 0x69a4, 0x79c3, 0x79c3, 0x79c3, 0x79c3, 0x79c3, 0x79c3, 0x69a4, 0x79c3, 0x8a04, 0x8a04, 0x0000,
    0x0000, 0x0000, 0x0000, 0x0000, 0x0000, 0x0000, 0x0000, 0x0000, 0x0000, 0x0000, 0x0000, 0x0000, 0x0000, 0x0000, 0x0000, 0x0000,
    0x0000, 0x0000, 0x0000, 0x0000, 0x0000, 0x0000, 0x0000, 0x0000, 0x0000, 0x0000, 0x0000, 0x0000, 0x0000, 0x0000, 0x0000, 0x0000,
    0x0000, 0x0000, 0x0000, 0x0000, 0x0000, 0x0000, 0x0000, 0x0000, 0x0000, 0x0000, 0x0000, 0x0000, 0x0000, 0x0000, 0x0000, 0x0000,
    0x0000, 0x0000, 0x0000, 0x0000, 0x0000, 0x0000, 0x0000, 0x0000, 0x0000, 0x0000, 0x0000, 0x0000, 0x0000, 0x0000, 0x0000, 0x0000,
    0x18c3, 0x18c3, 0x0862, 0x0862, 0x18e4, 0x10c3, 0x0862, 0x0882, 0x0862, 0x1082, 0x0862, 0x0842, 0x10a3, 0x1082, 0x0862, 0x0862,
    0x4249, 0x4249, 0x39c7, 0x39e8, 0x4249, 0x4229, 0x39e8, 0x3a08, 0x39e8, 0x3a08, 0x39e8, 0x31c7, 0x3a08, 0x3a08, 0x39e8, 0x39e7,
    0x0000, 0x0000, 0x0000, 0x0000, 0x0000, 0x0000, 0x0000, 0x9bea, 0x6aa6, 0x0000, 0x0000, 0x0000, 0x0000, 0x0000, 0x0000, 0x0000,
    0x0000, 0x0000, 0x0000, 0x0000, 0x0000, 0x0000, 0x0000, 0x0000, 0x0000, 0x0000, 0x0000, 0x0000, 0x0000, 0x0000, 0x0000, 0x0000,
    0xffff, 0xffff, 0xffff, 0xf7ff, 0xf7ff, 0xffff, 0xffff, 0xf7ff, 0xf7ff, 0xf7ff, 0xffff, 0xffff, 0xf7ff, 0xf7ff, 0xf7ff, 0xffff,
    0xa2a1, 0xe443, 0xe443, 0xe443, 0xa2a1, 0xe443, 0xe443, 0xe443, 0xa2a1, 0xe443, 0xe443, 0xe443, 0xc362, 0xa2a1, 0xe443, 0xe443,
    0xa2c1, 0xe483, 0xe483, 0xe483, 0xe529, 0xe483, 0xc3a2, 0xe529, 0xc3a2, 0xe483, 0xe529, 0xe529, 0xe483, 0xe529, 0xe483, 0xe483,
    0x0000, 0x0000, 0x0000, 0x0000, 0x0000, 0x0000, 0x0000, 0x0000, 0x0000, 0x0000, 0x0000, 0x0000, 0x0000, 0x0000, 0x0000, 0x0000,
    0x0000, 0xffff, 0xffff, 0xffbb, 0xffff, 0xffff, 0xd105, 0xe9a6, 0xd105, 0xb106, 0xffbb, 0xffff, 0xf759, 0xffff, 0xffff, 0x0000,
    0x0000, 0xf759, 0xffbb, 0xffff, 0xffff, 0xffff, 0xffff, 0xffff, 0xffff, 0xffff, 0xffff, 0xffff, 0xffff, 0xffbb, 0xf759, 0x0000,
    0x0000, 0x0000, 0x0000, 0x0000, 0x0000, 0x0000, 0x0000, 0x0000, 0x0000, 0x0000, 0x0000, 0x0000, 0x0000, 0x0000, 0x0000, 0x0000,
    0x0000, 0x8a04, 0xa244, 0x79c3, 0x79c3, 0x79c3, 0x79c3, 0x69a4, 0x79c3, 0x79c3, 0x79c3, 0x79c3, 0x8a04, 0x8a04, 0x8a04, 0x0000,
    0x0000, 0x0000, 0x0000, 0x0000, 0x0000, 0x0000, 0x0000, 0x0000, 0x0000, 0x0000, 0x0000, 0x0000, 0x0000, 0x0000, 0x0000, 0x0000,
    0x0000, 0x0000, 0x0000, 0x0000, 0x0000, 0x0000, 0x0000, 0x0000, 0x0000, 0x0000, 0x0000, 0x0000, 0x0000, 0x0000, 0x0000, 0x0000,
    0x0000, 0x0000, 0x0000, 0x0000, 0x0000, 0x0000, 0x0000, 0x0000, 0x0000, 0x0000, 0x0000, 0x0000, 0x0000, 0x0000, 0x0000, 0x0000,
    0x0000, 0x0000, 0x0000, 0x0000, 0x0000, 0x0000, 0x0000, 0x0000, 0x0000, 0x0000, 0x0000, 0x0000, 0x0000, 0x0000, 0x0000, 0x0000,
    0x0862, 0x1082, 0x1082, 0x18c3, 0x0841, 0x0841, 0x1082, 0x10a3, 0x0862, 0x10a3, 0x2125, 0x2125, 0x1082, 0x18c3, 0x2125, 0x2125,
    0x39e8, 0x3a08, 0x3a08, 0x4249, 0x31c7, 0x31c7, 0x3a08, 0x4229, 0x39e8, 0x4229, 0x426a, 0x426a, 0x3a08, 0x4249, 0x426a, 0x426a,
    0x0000, 0x0000, 0x0000, 0x0000, 0x0000, 0x0000, 0x0000, 0x93a8, 0x5225, 0x0000, 0x0000, 0x0000, 0x0000, 0x0000, 0x0000, 0x0000,
    0x0000, 0x0000, 0x0000, 0x0000, 0x0000, 0x0000, 0x0000, 0x0000, 0x0000, 0x0000, 0x0000, 0x0000, 0x0000, 0x0000, 0x0000, 0x0000,
    0xffff, 0xf7ff, 0xf7ff, 0xf7ff, 0xf7ff, 0xffff, 0xf7ff, 0xf7ff, 0xf7ff, 0xf7ff, 0xf7ff, 0xffff, 0xf7ff, 0xf7ff, 0xf7ff, 0xffff,
    0xa2a1, 0xe443, 0xe443, 0xe443, 0xa2a1, 0xe443, 0xe443, 0xe443, 0x79e1, 0xe443, 0xe443, 0xe443, 0xa2a1, 0xc362, 0xe443, 0xe443,
    0xa2c1, 0xe483, 0xe483, 0x2800, 0xa2c1, 0x2800, 0xc3a2, 0xe483, 0x2800, 0xc3a2, 0xc3a2, 0x2800, 0xa2c1, 0x2800, 0xe483, 0xe483,
    0x0000, 0x0000, 0x0000, 0x0000, 0x0000, 0x0000, 0x0000, 0x0000, 0x0000, 0x0000, 0x0000, 0x0000, 0x0000, 0x0000, 0x0000, 0x0000,
    0x0000, 0xffff, 0xffff, 0xffff, 0xffbb, 0xffff, 0xffbb, 0xd105, 0xb106, 0xffbb, 0xffff, 0xffbb, 0xf759, 0xb106, 0xffff, 0x0000,
    0x0000, 0xf759, 0xffbb, 0xffff, 0xffff, 0xffff, 0xffff, 0xffff, 0xffff, 0xffff, 0xffff, 0xffff, 0xffff, 0xffbb, 0xf759, 0x0000,
    0x0000, 0x0000, 0x0000, 0x0000, 0x0000, 0x0000, 0x0000, 0x0000, 0x0000, 0x0000, 0x0000, 0x0000, 0x0000, 0x0000, 0x0000, 0x0000,
    0x0000, 0x8a04, 0x8a04, 0x8a04, 0x79c3, 0x79c3, 0x79c3, 0x79c3, 0x79c3, 0x79c3, 0x8a04, 0x79c3, 0x8a04, 0x8a04, 0x79c3, 0x0000,
    0x0000, 0x0000, 0x0000, 0x0000, 0x0000, 0x0000, 0x0000, 0x0000, 0x0000, 0x0000, 0x0000, 0x0000, 0x0000, 0x0000, 0x0000, 0x0000,
    0x0000, 0x0000, 0x0000, 0x0000, 0x0000, 0x0000, 0x0000, 0x0000, 0x0000, 0x0000, 0x0000, 0x0000, 0x0000, 0x0000, 0x0000, 0x0000,
    0x0000, 0x0000, 0x0000, 0x0000, 0x0000, 0x0000, 0x0000, 0x0000, 0x0000, 0x0000, 0x0000, 0x0000, 0x0000, 0x0000, 0x0000, 0x0000,
    0x0000, 0x0000, 0x0000, 0x0000, 0x0000, 0x0000, 0x0000, 0x0000, 0x0000, 0x0000, 0x0000, 0x0000, 0x0000, 0x0000, 0x0000, 0x0000,
    0x18e4, 0x18e4, 0x18c3, 0x18c3, 0x2125, 0x18e4, 0x18c3, 0x10c3, 0x18e4, 0x18c3, 0x1082, 0x10a3, 0x10a3, 0x10a3, 0x0862, 0x10a3,
    0x4249, 0x4269, 0x4249, 0x4249, 0x426a, 0x4269, 0x4249, 0x4229, 0x4269, 0x4249, 0x3a08, 0x3a29, 0x4229, 0x3a08, 0x39e8, 0x3a08,
    0x0000, 0x0000, 0x0000, 0x0000, 0x0000, 0x0000, 0x0000, 0x9bea, 0x41a4, 0x0000, 0x0000, 0x0000, 0x0000, 0x0000, 0x0000, 0x0000,
    0x0000, 0x0000, 0x0000, 0x0000, 0x0000, 0x0000, 0x0000, 0x0000, 0x0000, 0x0000, 0x0000, 0x0000, 0x0000, 0x0000, 0x0000, 0x0000,
    0xf7ff, 0xffff, 0xf7ff, 0xf7ff, 0xffff, 0xffff, 0xffff, 0xf7ff, 0xf7ff, 0xf7ff, 0xffff, 0xf7ff, 0xffff, 0xf7ff, 0xf7ff, 0xf7ff,
    0xa2a1, 0xe443, 0xe443, 0xc362, 0xa2a1, 0xe443, 0xe443, 0xc362, 0x79e1, 0xe443, 0xe443, 0xe443, 0xa2a1, 0xe443, 0xe443, 0xe443,
    0xa2c1, 0xe483, 0x2800, 0x2800, 0x2800, 0x2800, 0x4080, 0x2800, 0x2800, 0x4080, 0x2800, 0x2800, 0x4080, 0x2800, 0xe483, 0xe483,
    0x0000, 0x0000, 0x0000, 0x0000, 0x0000, 0x0000, 0x0000, 0x0000, 0x0000, 0x0000, 0x0000, 0x0000, 0x0000, 0x0000, 0x0000, 0x0000,
    0x0000, 0xffff, 0xffff, 0xffff, 0xffff, 0xffbb, 0xf759, 0xf759, 0xffbb, 0xffff, 0xffff, 0xffbb, 0xf759, 0xffff, 0xffff, 0x0000,
    0x0000, 0xf759, 0xf759, 0xffbb, 0xffff, 0xffff, 0xffff, 0xffbb, 0xffbb, 0xffff, 0xffff, 0xffff, 0xffbb, 0xf759, 0xf759, 0x0000,
    0x0000, 0x0000, 0x0000, 0x0000, 0x0000, 0x0000, 0x0000, 0x0000, 0x0000, 0x0000, 0x0000, 0x0000, 0x0000, 0x0000, 0x0000, 0x0000,
    0x0000, 0x79c3, 0x8a04, 0x8a04, 0x8a04, 0x69a4, 0x79c3, 0x79c3, 0x79c3, 0x79c3, 0x79c3, 0x69a4, 0x79c3, 0x8a04, 0x8a04, 0x0000,
    0x0000, 0x0000, 0x0000, 0x0000, 0x0000, 0x0000, 0x0000, 0x0000, 0x0000, 0x0000, 0x0000, 0x0000, 0x0000, 0x0000, 0x0000, 0x0000,
    0x0000, 0x0000, 0x0000, 0x0000, 0x0000, 0x0000, 0x0000, 0x0000, 0x0000, 0x0000, 0x0000, 0x0000, 0x0000, 0x0000, 0x0000, 0x0000,
    0x0000, 0x0000, 0x0000, 0x0000, 0x0000, 0x0000, 0x0000, 0x0000, 0x0000, 0x0000, 0x0000, 0x0000, 0x0000, 0x0000, 0x0000, 0x0000,
    0x0000, 0x0000, 0x0000, 0x0000, 0x0000, 0x0000, 0x0000, 0x0000, 0x0000, 0x0000, 0x0000, 0x0000, 0x0000, 0x0000, 0x0000, 0x0000,
    0x0862, 0x0862, 0x10a3, 0x10a3, 0x0882, 0x0882, 0x18c3, 0x18c3, 0x0862, 0x0862, 0x0862, 0x10a3, 0x0841, 0x0841, 0x1082, 0x10a3,
    0x39e8, 0x39e8, 0x4229, 0x4229, 0x39e8, 0x3a08, 0x4249, 0x4249, 0x39e8, 0x39e8, 0x39e8, 0x4229, 0x31c7, 0x31c7, 0x3a08, 0x4229,
    0x0000, 0x0000, 0x0000, 0x0000, 0x0000, 0x0000, 0x0000, 0x9bea, 0x5225, 0x0000, 0x0000, 0x0000, 0x0000, 0x0000, 0x0000, 0x0000,
    0x0000, 0x0000, 0x0000, 0x0000, 0x0000, 0x0000, 0x0000, 0x0000, 0x0000, 0x0000, 0x0000, 0x0000, 0x0000, 0x0000, 0x0000, 0x0000,
    0xffff, 0xf7ff, 0xffff, 0xffff, 0xffff, 0xffff, 0xf7ff, 0xf7ff, 0xf7ff, 0xf7ff, 0xf7ff, 0xf7ff, 0xf7ff, 0xffff, 0xffff, 0xf7ff,
    0xa2a1, 0xe443, 0xe443, 0xc362, 0x79e1, 0xe443, 0xe443, 0xc362, 0x79e1, 0xe443, 0xe443, 0xe443, 0xa2a1, 0xe443, 0xe443, 0xe443,
    0xa2c1, 0xe483, 0x2800, 0x4080, 0x4080, 0x4080, 0x4080, 0x4080, 0x4080, 0x4080, 0x4080, 0x4080, 0x4080, 0x4080, 0x4080, 0xe483,
    0x0000, 0x0000, 0x0000, 0x0000, 0x0000, 0x0000, 0x0000, 0x0000, 0x0000, 0x0000, 0x0000, 0x0000, 0x0000, 0x0000, 0x0000, 0x0000,
    0x0000, 0xffbb, 0xffff, 0xf38b, 0xd105, 0xffff, 0xffff, 0xffff, 0xffff, 0xffff, 0xffff, 0xf759, 0xffbb, 0xffff, 0xffff, 0x0000,
    0x0000, 0xe697, 0xf759, 0x8a04, 0xa244, 0xffbb, 0xf759, 0xa244, 0xa244, 0xffbb, 0xf759, 0x8a04, 0xa244, 0xf759, 0xe697, 0x0000,
    0x0000, 0x0000, 0x0000, 0x0000, 0x0000, 0x0000, 0x0000, 0x0000, 0x0000, 0x0000, 0x0000, 0x0000, 0x0000, 0x0000, 0x0000, 0x0000,
    0x0000, 0x8a04, 0x8a04, 0x79c3, 0x79c3, 0x79c3, 0x79c3, 0x8a04, 0x79c3, 0x69a4, 0x79c3, 0x79c3, 0x79c3, 0x8a04, 0xa244, 0x0000,
    0x0000, 0x0000, 0x0000, 0x0000, 0x0000, 0x0000, 0x0000, 0x0000, 0x0000, 0x0000, 0x0000, 0x0000, 0x0000, 0x0000, 0x0000, 0x0000,
    0x0000, 0x0000, 0x0000, 0x0000, 0x0000, 0x0000, 0x0000, 0x0000, 0x0000, 0x0000, 0x0000, 0x0000, 0x0000, 0x0000, 0x0000, 0x0000,
    0x0000, 0x0000, 0x0000, 0x0000, 0x0000, 0x0000, 0x0000, 0x0000, 0x0000, 0x0000, 0x0000, 0x0000, 0x0000, 0x0000, 0x0000, 0x0000,
    0x0000, 0x0000, 0x0000, 0x0000, 0x0000, 0x0000, 0x0000, 0x0000, 0x0000, 0x0000, 0x0000, 0x0000, 0x0000, 0x0000, 0x0000, 0x0000,
    0x0882, 0x0882, 0x0841, 0x0841, 0x18e4, 0x2104, 0x0862, 0x0841, 0x10a3, 0x18c3, 0x10a3, 0x18c3, 0x2125, 0x2125, 0x10a3, 0x0842,
    0x3a08, 0x39e8, 0x31c7, 0x31c7, 0x4249, 0x426a, 0x39e7, 0x31c7, 0x3a08, 0x4249, 0x3a29, 0x4249, 0x426a, 0x426a, 0x4229, 0x31c7,
    0x0000, 0x0000, 0x0000, 0x0000, 0x0000, 0x0000, 0x0000, 0x93a8, 0x5225, 0x0000, 0x0000, 0x0000, 0x0000, 0x0000, 0x0000, 0x0000,
    0x0000, 0x0000, 0x0000, 0x0000, 0x0000, 0x0000, 0x0000, 0x0000, 0x0000, 0x0000, 0x0000, 0x0000, 0x0000, 0x0000, 0x0000, 0x0000,
    0xffff, 0xffff, 0xffff, 0xffff, 0xf7ff, 0xf7ff, 0xf7ff, 0xf7ff, 0xf7ff, 0xf7ff, 0xf7ff, 0xf7ff, 0xffff, 0xffff, 0xffff, 0xffff,
    0xa2a1, 0xc362, 0xe443, 0xc362, 0x79e1, 0xe443, 0xc362, 0xc362, 0x79e1, 0xe443, 0xe443, 0xc362, 0x79e1, 0xe443, 0xc362, 0xc362,
    0xa2c1, 0xc3a2, 0xe483, 0x2800, 0x4080, 0xe529, 0x4080, 0x4080, 0xc3a2, 0x4080, 0x4080, 0x4080, 0xc3a2, 0x4080, 0x4080, 0xc3a2,
    0x0000, 0x0000, 0x0000, 0x0000, 0x0000, 0x0000, 0x0000, 0x0000, 0x0000, 0x0000, 0x0000, 0x0000, 0x0000, 0x0000, 0x0000, 0x0000,
    0x0000, 0xffbb, 0xffff, 0xe9a6, 0xb106, 0xf759, 0xffbb, 0xffff, 0xffff, 0xffbb, 0xf38b, 0xffff, 0xffff, 0xffff, 0xffbb, 0x0000,
    0x0000, 0x79c3, 0xa244, 0xbac3, 0xbac3, 0xa244, 0xbac3, 0xc304, 0xc304, 0xbac3, 0xbac3, 0x79c3, 0xa244, 0xa244, 0x79c3, 0x0000,
    0x0000, 0x0000, 0x0000, 0x0000, 0x0000, 0x0000, 0x0000, 0x0000, 0x0000, 0x0000, 0x0000, 0x0000, 0x0000, 0x0000, 0x0000, 0x0000,
    0x0000, 0x8a04, 0x8a04, 0x8a04, 0x79c3, 0x79c3, 0x79c3, 0x79c3, 0x79c3, 0x8a04, 0x8a04, 0x79c3, 0x8a04, 0x8a04, 0x8a04, 0x0000,
    0x0000, 0x0000, 0x0000, 0x0000, 0x0000, 0x0000, 0x0000, 0x0000, 0x0000, 0x0000, 0x0000, 0x0000, 0x0000, 0x0000, 0x0000, 0x0000,
    0x0000, 0x0000, 0x0000, 0x0000, 0x0000, 0x0000, 0x0000, 0x0000, 0x0000, 0x0000, 0x0000, 0x0000, 0x0000, 0x0000, 0x0000, 0x0000,
    0x0000, 0x0000, 0x0000, 0x0000, 0x0000, 0x0000, 0x0000, 0x0000, 0x0000, 0x0000, 0x0000, 0x0000, 0x0000, 0x0000, 0x0000, 0x0000,
    0x0000, 0x0000, 0x0000, 0x0000, 0x0000, 0x0000, 0x0000, 0x0000, 0x0000, 0x0000, 0x0000, 0x0000, 0x0000, 0x0000, 0x0000, 0x0000,
    0x18c3, 0x10c3, 0x2104, 0x2125, 0x18e4, 0x18c3, 0x10a3, 0x1082, 0x0841, 0x1082, 0x18c3, 0x18e4, 0x1082, 0x1082, 0x18e4, 0x2125,
    0x4249, 0x4229, 0x426a, 0x426a, 0x4249, 0x4249, 0x3a29, 0x3a08, 0x31c7, 0x3a08, 0x4249, 0x4269, 0x3a08, 0x3a08, 0x4269, 0x426a,
    0x0000, 0x0000, 0x0000, 0x0000, 0x0000, 0x0000, 0x0000, 0x6aa6, 0x3983, 0x0000, 0x0000, 0x0000, 0x0000, 0x0000, 0x0000, 0x0000,
    0x0000, 0x0000, 0x0000, 0x0000, 0x0000, 0x0000, 0x0000, 0x0000, 0x0000, 0x0000, 0x0000, 0x0000, 0x0000, 0x0000, 0x0000, 0x0000,
    0xffff, 0xffff, 0xffff, 0xf7ff, 0xf7ff, 0xf7ff, 0xf7ff, 0xf7ff, 0xf7ff, 0xf7ff, 0xffff, 0xf7ff, 0xffff, 0xffff, 0xf7ff, 0xf7ff,
    0xa2a1, 0xc362, 0xe443, 0x79e1, 0xc362, 0xc362, 0xc362, 0xc362, 0x79e1, 0xc362, 0xc362, 0xc362, 0x79e1, 0xc362, 0xc362, 0xa2a1,
    0xa2c1, 0xc3a2, 0xe483, 0x2800, 0xe483, 0xe483, 0x4080, 0xe483, 0xa2c1, 0xe483, 0xe483, 0x4080, 0x79e1, 0xe483, 0xe483, 0xa2c1,
    0x0000, 0x0000, 0x0000, 0x0000, 0x0000, 0x0000, 0x0000, 0x0000, 0x0000, 0x0000, 0x0000, 0x0000, 0x0000, 0x0000, 0x0000, 0x0000,
    0x0000, 0xf759, 0xffbb, 0xffff, 0xffff, 0xffff, 0xf759, 0xf759, 0xffbb, 0xffff, 0xffff, 0xffff, 0xffff, 0xffbb, 0xf759, 0x0000,
    0x0000, 0x79c3, 0x8a04, 0xbac3, 0xc304, 0xc304, 0xc304, 0xc304, 0xc304, 0xa244, 0xc304, 0xc304, 0xbac3, 0x8a04, 0x79c3, 0x0000,
    0x0000, 0x0000, 0x0000, 0x0000, 0x0000, 0x0000, 0x0000, 0x0000, 0x0000, 0x0000, 0x0000, 0x0000, 0x0000, 0x0000, 0x0000, 0x0000,
    0x0000, 0x79c3, 0x8a04, 0x79c3, 0x8a04, 0x8a04, 0xa244, 0x8a04, 0x8a04, 0x8a04, 0x8a04, 0x8a04, 0x8a04, 0x8a04, 0x79c3, 0x0000,
    0x0000, 0x0000, 0x0000, 0x0000, 0x0000, 0x0000, 0x0000, 0x0000, 0x0000, 0x0000, 0x0000, 0x0000, 0x0000, 0x0000, 0x0000, 0x0000,
    0x0000, 0x0000, 0x0000, 0x0000, 0x0000, 0x0000, 0x0000, 0x0000, 0x0000, 0x0000, 0x0000, 0x0000, 0x0000, 0x0000, 0x0000, 0x0000,
    0x0000, 0x0000, 0x0000, 0x0000, 0x0000, 0x0000, 0x0000, 0x0000, 0x0000, 0x0000, 0x0000, 0x0000, 0x0000, 0x0000, 0x0000, 0x0000,
    0x0000, 0x0000, 0x0000, 0x0000, 0x0000, 0x0000, 0x0000, 0x0000, 0x0000, 0x0000, 0x0000, 0x0000, 0x0000, 0x0000, 0x0000, 0x0000,
    0x2104, 0x18e4, 0x10a3, 0x1082, 0x18e4, 0x10a3, 0x10a3, 0x18c3, 0x2125, 0x18c3, 0x0862, 0x0862, 0x10a3, 0x18c3, 0x0882, 0x0862,
    0x426a, 0x426a, 0x3a08, 0x3a08, 0x4269, 0x3a29, 0x4229, 0x4249, 0x426a, 0x4249, 0x39e8, 0x39e8, 0x3a29, 0x4249, 0x3a08, 0x39e8,
    0x0000, 0x0000, 0x0000, 0x0000, 0x0000, 0x0000, 0x0000, 0x9bea, 0x3963, 0x0000, 0x0000, 0x0000, 0x0000, 0x0000, 0x0000, 0x0000,
    0x0000, 0x0000, 0x0000, 0x0000, 0x0000, 0x0000, 0x0000, 0x0000, 0x0000, 0x0000, 0x0000, 0x0000, 0x0000, 0x0000, 0x0000, 0x0000,
    0xf7ff, 0xffff, 0xffff, 0xf7ff, 0xf7ff, 0xf7ff, 0xf7ff, 0xf7ff, 0xf7ff, 0xffff, 0xffff, 0xffff, 0xffff, 0xf7ff, 0xf7ff, 0xf7ff,
    0x79e1, 0xa2a1, 0xc362, 0x79e1, 0xa2a1, 0xc362, 0xa2a1, 0xa2a1, 0x79e1, 0xc362, 0xc362, 0xa2a1, 0x79e1, 0xa2a1, 0xc362, 0x79e1,
    0x79e1, 0xa2c1, 0xc3a2, 0x79e1, 0xc3a2, 0xc3a2, 0xa2c1, 0xa2c1, 0xa2c1, 0xc3a2, 0xa2c1, 0xa2c1, 0x79e1, 0xa2c1, 0xc3a2, 0x79e1,
    0x0000, 0x0000, 0x0000, 0x0000, 0x0000, 0x0000, 0x0000, 0x0000, 0x0000, 0x0000, 0x0000, 0x0000, 0x0000, 0x0000, 0x0000, 0x0000,
    0x0000, 0xf759, 0xf759, 0xffbb, 0xffbb, 0xffff, 0xffff, 0xffff, 0xffff, 0xffff, 0xffff, 0xffff, 0xffbb, 0xffbb, 0xf759, 0x0000,
    0x0000, 0x79c3, 0xa244, 0xbac3, 0x8a04, 0xc304, 0xc304, 0xbac3, 0xc304, 0xc304, 0xc304, 0xbac3, 0xbac3, 0xa244, 0x79c3, 0x0000,
    0x0000, 0x0000, 0x0000, 0x0000, 0x0000, 0x0000, 0x0000, 0x0000, 0x0000, 0x0000, 0x0000, 0x0000, 0x0000, 0x0000, 0x0000, 0x0000,
    0x0000, 0x79c3, 0x79c3, 0x8a04, 0x8a04, 0x8a04, 0x8a04, 0x8a04, 0x79c3, 0x8a04, 0xa244, 0x8a04, 0x8a04, 0x79c3, 0x79c3, 0x0000,
    0x0000, 0x0000, 0x0000, 0x0000, 0x0000, 0x0000, 0x0000, 0x0000, 0x0000, 0x0000, 0x0000, 0x0000, 0x0000, 0x0000, 0x0000, 0x0000,
    0x0000, 0x0000, 0x0000, 0x0000, 0x0000, 0x0000, 0x0000, 0x0000, 0x0000, 0x0000, 0x0000, 0x0000, 0x0000, 0x0000, 0x0000, 0x0000,
    0x0000, 0x0000, 0x0000, 0x0000, 0x0000, 0x0000, 0x0000, 0x0000, 0x0000, 0x0000, 0x0000, 0x0000, 0x0000, 0x0000, 0x0000, 0x0000,
    0x0000, 0x0000, 0x0000, 0x0000, 0x0000, 0x0000, 0x0000, 0x0000, 0x0000, 0x0000, 0x0000, 0x0000, 0x0000, 0x0000, 0x0000, 0x0000,
    0x0842, 0x0862, 0x18e4, 0x10a3, 0x0862, 0x0882, 0x18e4, 0x2104, 0x1082, 0x0882, 0x10c3, 0x18e4, 0x0862, 0x0862, 0x18c3, 0x18e4,
    0x39c7, 0x39e8, 0x4249, 0x3a29, 0x39e8, 0x3a08, 0x4269, 0x426a, 0x3a08, 0x39e8, 0x4229, 0x4249, 0x39e8, 0x39e8, 0x4249, 0x4269,
    0x0000, 0x0000, 0x0000, 0x0000, 0x0000, 0x0000, 0x0000, 0x6aa6, 0x3142, 0x0000, 0x0000, 0x0000, 0x0000, 0x0000, 0x0000, 0x0000,
    0x0000, 0x0000, 0x0000, 0x0000, 0x0000, 0x0000, 0x0000, 0x0000, 0x0000, 0x0000, 0x0000, 0x0000, 0x0000, 0x0000, 0x0000, 0x0000,
    0xf7ff, 0xf7ff, 0xf7ff, 0xffff, 0xf7ff, 0xf7ff, 0xf7ff, 0xf7ff, 0xffff, 0xffff, 0xffff, 0xffff, 0xf7ff, 0xf7ff, 0xf7ff, 0xf7ff,
    0x79e1, 0xa2a1, 0xa2a1, 0x79e1, 0xa2a1, 0xa2a1, 0xa2a1, 0xa2a1, 0x79e1, 0xa2a1, 0xa2a1, 0x79e1, 0x79e1, 0xa2a1, 0xa2a1, 0x79e1,
    0x79e1, 0xa2c1, 0xa2c1, 0x79e1, 0xa2c1, 0xc3a2, 0xa2c1, 0xa2c1, 0x79e1, 0xa2c1, 0xa2c1, 0x79e1, 0x79e1, 0xa2c1, 0xa2c1, 0x79e1,
    0x0000, 0x0000, 0x0000, 0x0000, 0x0000, 0x0000, 0x0000, 0x0000, 0x0000, 0x0000, 0x0000, 0x0000, 0x0000, 0x0000, 0x0000, 0x0000,
    0x0000, 0x0000, 0x0000, 0x0000, 0x0000, 0x0000, 0x0000, 0x0000, 0x0000, 0x0000, 0x0000, 0x0000, 0x0000, 0x0000, 0x0000, 0x0000,
    0x0000, 0x79c3, 0x79c3, 0x8a04, 0x8a04, 0x8a04, 0x8a04, 0x8a04, 0x8a04, 0x8a04, 0x8a04, 0x8a04, 0x8a04, 0x79c3, 0x79c3, 0x0000,
    0x0000, 0x0000, 0x0000, 0x0000, 0x0000, 0x0000, 0x0000, 0x0000, 0x0000, 0x0000, 0x0000, 0x0000, 0x0000, 0x0000, 0x0000, 0x0000,
    0x0000, 0x0000, 0x0000, 0x0000, 0x0000, 0x0000, 0x0000, 0x0000, 0x0000, 0x0000, 0x0000, 0x0000, 0x0000, 0x0000, 0x0000, 0x0000,
    0x0000, 0x0000, 0x0000, 0x0000, 0x0000, 0x0000, 0x0000, 0x0000, 0x0000, 0x0000, 0x0000, 0x0000, 0x0000, 0x0000, 0x0000, 0x0000,
    0x0000, 0x0000, 0x0000, 0x0000, 0x0000, 0x0000, 0x0000, 0x0000, 0x0000, 0x0000, 0x0000, 0x0000, 0x0000, 0x0000, 0x0000, 0x0000,
    0x0000, 0x0000, 0x0000, 0x0000, 0x0000, 0x0000, 0x0000, 0x0000, 0x0000, 0x0000, 0x0000, 0x0000, 0x0000, 0x0000, 0x0000, 0x0000,
    0x0000, 0x0000, 0x0000, 0x0000, 0x0000, 0x0000, 0x0000, 0x0000, 0x0000, 0x0000, 0x0000, 0x0000, 0x0000, 0x0000, 0x0000, 0x0000,
    0x9104, 0x9924, 0x9104, 0x9104, 0x9924, 0xa944, 0x9104, 0x9104, 0xa144, 0xa144, 0x9104, 0x9104, 0xa124, 0xa124, 0x9104, 0x9104,
    0xe3b3, 0xebf4, 0xe392, 0xe3b3, 0xf455, 0xf4f7, 0xe3d3, 0xebd3, 0xf4b6, 0xf4d6, 0xdb52, 0xe393, 0xf475, 0xf475, 0xe393, 0xdb72,
    0x8c71, 0x8c71, 0x8c71, 0x8c71, 0x7bef, 0x73ae, 0x73ae, 0x7bef, 0x73ae, 0x6b4d, 0x73ae, 0x73ae, 0x7bef, 0x7bef, 0x7bef, 0x7bef,
    0x0000, 0x0000, 0x0000, 0x0000, 0x0000, 0x0000, 0x0000, 0x0000, 0x0000, 0x0000, 0x0000, 0x0000, 0x0000, 0x0000, 0x0000, 0x0000,
    0x0000, 0x0000, 0x0000, 0x0000, 0x0000, 0x0000, 0x0000, 0x0000, 0x0000, 0x0000, 0x0000, 0x0000, 0x0000, 0x0000, 0x0000, 0x0000,
    0x0000, 0x0000, 0x0000, 0x0000, 0x0000, 0x0000, 0x0000, 0x0000, 0x0000, 0x0000, 0x0000, 0x0000, 0x0000, 0x0000, 0x0000, 0x0000,
    0x0000, 0x0000, 0x0000, 0x0000, 0x0000, 0x0000, 0x0000, 0x0000, 0x0000, 0x0000, 0x0000, 0x0000, 0x0000, 0x0000, 0x0000, 0x0000,
    0x0000, 0x0000, 0x0000, 0x0000, 0x0000, 0x0000, 0x0000, 0x0000, 0x0000, 0x0000, 0x0000, 0x0000, 0x0000, 0x0000, 0x0000, 0x0000,
    0x0000, 0x0000, 0x0000, 0x0000, 0x0000, 0x0000, 0x0000, 0x0000, 0x0000, 0x0000, 0x0000, 0x0000, 0x0000, 0x0000, 0x0000, 0x0000,
    0x0000, 0x0000, 0x0000, 0x0000, 0x0000, 0x0000, 0x0000, 0x0000, 0x0000, 0x0000, 0x0000, 0x0000, 0x0000, 0x0000, 0x0000, 0x0000,
    0x0000, 0x0000, 0x0000, 0x0000, 0x0000, 0x0000, 0x0000, 0x0000, 0x0000, 0x0000, 0x0000, 0x0000, 0x0000, 0x0000, 0x0000, 0x0000,
    0x0000, 0x0000, 0x0000, 0x0000, 0x0000, 0x0000, 0x0000, 0x0000, 0x0000, 0x0000, 0x0000, 0x0000, 0x0000, 0x0000, 0x0000, 0x0000,
    0x0000, 0x0000, 0x0000, 0x0000, 0x0000, 0x0000, 0x0000, 0x0000, 0x0000, 0x0000, 0x0000, 0x0000, 0x0000, 0x0000, 0x0000, 0x0000,
    0x0000, 0x0000, 0x0000, 0x0000, 0x0000, 0x0000, 0x0000, 0x0000, 0x0000, 0x0000, 0x0000, 0x0000, 0x0000, 0x0000, 0x0000, 0x0000,
    0x0000, 0x0000, 0x0000, 0x0000, 0x0000, 0x0000, 0x0000, 0x0000, 0x0000, 0x0000, 0x0000, 0x0000, 0x0000, 0x0000, 0x0000, 0x0000,
    0x0000, 0x0000, 0x0000, 0x0000, 0x0000, 0x0000, 0x0000, 0x0000, 0x0000, 0x0000, 0x0000, 0x0000, 0x0000, 0x0000, 0x0000, 0x0000,
    0x9924, 0xa144, 0xb9a5, 0xb9a5, 0xa944, 0xa144, 0x9924, 0x9924, 0x9104, 0x9104, 0x9104, 0x9924, 0x8904, 0x9104, 0x9924, 0x9924,
    0xf475, 0xf4b6, 0xf599, 0xf599, 0xf517, 0xf4d6, 0xf434, 0xec14, 0xe3b3, 0xdb72, 0xebd3, 0xec14, 0xd332, 0xdb72, 0xebf4, 0xf434,
    0x7bef, 0x7bef, 0x73ae, 0x7bef, 0x73ae, 0x7bef, 0x7bef, 0x7bef, 0x7bef, 0x7bef, 0x7bef, 0x6b4d, 0x6b4d, 0x73ae, 0x7bef, 0x73ae,
    0x0000, 0x0000, 0x0000, 0x0000, 0x0000, 0x0000, 0x0000, 0x0000, 0x0000, 0x0000, 0x0000, 0x0000, 0x0000, 0x0000, 0x0000, 0x0000,
    0x0000, 0x0000, 0x0000, 0x0000, 0x0000, 0x0000, 0x0000, 0x0000, 0x0000, 0x0000, 0x0000, 0x0000, 0x0000, 0x0000, 0x0000, 0x0000,
    0x0000, 0x0000, 0x0000, 0x0000, 0x0000, 0x0000, 0x0000, 0x0000, 0x0000, 0x0000, 0x0000, 0x0000, 0x0000, 0x0000, 0x0000, 0x0000,
    0x0000, 0x0000, 0x0000, 0x0000, 0x0000, 0x0000, 0x0000, 0x0000, 0x0000, 0x0000, 0x0000, 0x0000, 0x0000, 0x0000, 0x0000, 0x0000,
    0x0000, 0x0000, 0x0000, 0x0000, 0x0000, 0x0000, 0x0000, 0x0000, 0x0000, 0x0000, 0x0000, 0x0000, 0x0000, 0x0000, 0x0000, 0x0000,
    0x0000, 0x0000, 0x0000, 0x0000, 0x0000, 0x0000, 0x0000, 0x0000, 0x0000, 0x0000, 0x0000, 0x0000, 0x0000, 0x0000, 0x0000, 0x0000,
    0x0000, 0x0000, 0x0000, 0x0000, 0x0000, 0x0000, 0x0000, 0x0000, 0x0000, 0x0000, 0x0000, 0x0000, 0x0000, 0x0000, 0x0000, 0x0000,
    0x0000, 0x0000, 0x0000, 0x0000, 0x0000, 0x0000, 0x0000, 0x0000, 0x0000, 0x0000, 0x0000, 0x0000, 0x0000, 0x0000, 0x0000, 0x0000,
    0x0000, 0x0000, 0x0000, 0x0000, 0xd655, 0xd655, 0xd655, 0xd655, 0xd655, 0xd655, 0xd655, 0xd655, 0x0000, 0x0000, 0x0000, 0x0000,
    0x0000, 0x0000, 0x0000, 0x0000, 0x0000, 0x0000, 0x0000, 0x0000, 0x0000, 0x0000, 0x0000, 0x0000, 0x0000, 0x0000, 0x0000, 0x0000,
    0x0000, 0x0000, 0x0000, 0x0000, 0x0000, 0x0000, 0x0000, 0x0000, 0x0000, 0x0000, 0x0000, 0x0000, 0x0000, 0x0000, 0x0000, 0x0000,
    0x0000, 0x0000, 0x0000, 0x0000, 0x0000, 0x0000, 0x0000, 0x0000, 0x0000, 0x0000, 0x0000, 0x0000, 0x0000, 0x0000, 0x0000, 0x0000,
    0x0000, 0x0000, 0x0000, 0x0000, 0x0000, 0x0000, 0x0000, 0x0000, 0x0000, 0x0000, 0x0000, 0x0000, 0x0000, 0x0000, 0x0000, 0x0000,
    0xa944, 0xa964, 0x9924, 0x9924, 0xa964, 0xa964, 0xa124, 0x9924, 0xa144, 0xa964, 0xa144, 0xa144, 0xa964, 0xb9a5, 0xa144, 0xa144,
    0xf517, 0xf538, 0xec14, 0xf455, 0xf578, 0xf538, 0xf495, 0xec14, 0xf4d6, 0xf538, 0xf4d6, 0xf4d6, 0xf598, 0xf599, 0xf4d6, 0xf4b6,
    0x7bef, 0x73ae, 0x6b4d, 0x6b4d, 0x73ae, 0x73ae, 0x73ae, 0x6b4d, 0x73ae, 0x73ae, 0x73ae, 0x7bef, 0x7bef, 0x7bef, 0x7bef, 0x7bef,
    0x0000, 0x0000, 0x0000, 0x0000, 0x0000, 0x0000, 0x0000, 0x0000, 0x0000, 0x0000, 0x0000, 0x0000, 0x0000, 0x0000, 0x0000, 0x0000,
    0x0000, 0x0000, 0x0000, 0x0000, 0x0000, 0x0000, 0x0000, 0x0000, 0x0000, 0x0000, 0x0000, 0x0000, 0x0000, 0x0000, 0x0000, 0x0000,
    0x0000, 0x0000, 0x0000, 0x0000, 0x0000, 0x0000, 0x0000, 0x0000, 0x0000, 0x0000, 0x0000, 0x0000, 0x0000, 0x0000, 0x0000, 0x0000,
    0x0000, 0x0000, 0x0000, 0x0000, 0x0000, 0x0000, 0x0000, 0x0000, 0x0000, 0x0000, 0x0000, 0x0000, 0x0000, 0x0000, 0x0000, 0x0000,
    0x0000, 0x0000, 0x0000, 0x0000, 0x0000, 0x0000, 0x0000, 0x0000, 0x0000, 0x0000, 0x0000, 0x0000, 0x0000, 0x0000, 0x0000, 0x0000,
    0x0000, 0x0000, 0x0000, 0x0000, 0x0000, 0x0000, 0x0000, 0x0000, 0x0000, 0x0000, 0x0000, 0x0000, 0x0000, 0x0000, 0x0000, 0x0000,
    0x0000, 0x0000, 0x0000, 0x0000, 0x0000, 0x0000, 0x0000, 0x0000, 0x0000, 0x0000, 0x0000, 0x0000, 0x0000, 0x0000, 0x0000, 0x0000,
    0x0000, 0x0000, 0x0000, 0x0000, 0x0000, 0x0000, 0x0000, 0x0000, 0x0000, 0x0000, 0x0000, 0x0000, 0x0000, 0x0000, 0x0000, 0x0000,
    0x0000, 0x0000, 0xd655, 0xd655, 0xf738, 0xffdc, 0xffdc, 0xffdc, 0xffdc, 0xffdc, 0xffdc, 0xf738, 0xd655, 0xd655, 0x0000, 0x0000,
    0x0000, 0x0000, 0x0000, 0x0000, 0x0000, 0x0000, 0x0000, 0x0000, 0x0000, 0x0000, 0x0000, 0x0000, 0x0000, 0x0000, 0x0000, 0x0000,
    0x0000, 0x0000, 0x0000, 0x0000, 0x0000, 0x0000, 0x0000, 0x0000, 0x0000, 0x0000, 0x0000, 0x0000, 0x0000, 0x0000, 0x0000, 0x0000,
    0x0000, 0x0000, 0x0000, 0x0000, 0x0000, 0x0000, 0x0000, 0x0000, 0x0000, 0x0000, 0x0000, 0x0000, 0x0000, 0x0000, 0x0000, 0x0000,
    0x0000, 0x0000, 0x0000, 0x0000, 0x0000, 0x0000, 0x0000, 0x0000, 0x0000, 0x0000, 0x0000, 0x0000, 0x0000, 0x0000, 0x0000, 0x0000,
    0x9924, 0x9924, 0xa944, 0xa964, 0x9924, 0x9924, 0x9924, 0xa964, 0x9104, 0x9924, 0xa964, 0xa964, 0x9924, 0x9924, 0xb9a5, 0xa944,
    0xf475, 0xebf4, 0xf4f6, 0xf538, 0xec14, 0xec14, 0xf455, 0xf538, 0xe3d3, 0xf434, 0xf538, 0xf538, 0xf475, 0xebf4, 0xf599, 0xf537,
    0x7bef, 0x7bef, 0x8c71, 0x8c71, 0x7bef, 0x8c71, 0x7bef, 0x7bef, 0x8c71, 0x8c71, 0x7bef, 0x7bef, 0x7bef, 0x73ae, 0x73ae, 0x73ae,
    0x0000, 0x0000, 0x0000, 0x0000, 0x0000, 0x0000, 0x0000, 0x0000, 0x0000, 0x0000, 0x0000, 0x0000, 0x0000, 0x0000, 0x0000, 0x0000,
    0x0000, 0x0000, 0x0000, 0x0000, 0x0000, 0x0000, 0x0000, 0x0000, 0x0000, 0x0000, 0x0000, 0x0000, 0x0000, 0x0000, 0x0000, 0x0000,
    0x0000, 0x0000, 0x0000, 0x0000, 0x0000, 0x0000, 0x0000, 0x0000, 0x0000, 0x0000, 0x0000, 0x0000, 0x0000, 0x0000, 0x0000, 0x0000,
    0x0000, 0x0000, 0x0000, 0x0000, 0x0000, 0x0000, 0x0000, 0x0000, 0x0000, 0x0000, 0x0000, 0x0000, 0x0000, 0x0000, 0x0000, 0x0000,
    0x0000, 0x0000, 0x0000, 0x0000, 0x0000, 0x0000, 0x0000, 0x0000, 0x0000, 0x0000, 0x0000, 0x0000, 0x0000, 0x0000, 0x0000, 0x0000,
    0x0000, 0x0000, 0x0000, 0x0000, 0x0000, 0x0000, 0x0000, 0x0000, 0x0000, 0x0000, 0x0000, 0x0000, 0x0000, 0x0000, 0x0000, 0x0000,
    0x0000, 0x0000, 0x0000, 0x0000, 0x0000, 0x0000, 0x0000, 0x0000, 0x0000, 0x0000, 0x0000, 0x0000, 0x0000, 0x0000, 0x0000, 0x0000,
    0x0000, 0x0000, 0x0000, 0x0000, 0x0000, 0x0000, 0x0000, 0x0000, 0x0000, 0x0000, 0x0000, 0x0000, 0x0000, 0x0000, 0x0000, 0x0000,
    0x0000, 0xd655, 0xf738, 0xffff, 0xffff, 0xb106, 0xffff, 0xd105, 0xd105, 0xffff, 0xffff, 0xffff, 0xffff, 0xf738, 0xd655, 0x0000,
    0x0000, 0x0000, 0x0000, 0x0000, 0x0000, 0x0000, 0x0000, 0x0000, 0x0000, 0x0000, 0x0000, 0x0000, 0x0000, 0x0000, 0x0000, 0x0000,
    0x0000, 0x0000, 0x0000, 0x0000, 0x0000, 0x0000, 0x0000, 0x0000, 0x0000, 0x0000, 0x0000, 0x0000, 0x0000, 0x0000, 0x0000, 0x0000,
    0x0000, 0x0000, 0x0000, 0x0000, 0x0000, 0x0000, 0x0000, 0x0000, 0x0000, 0x0000, 0x0000, 0x0000, 0x0000, 0x0000, 0x0000, 0x0000,
    0x0000, 0x0000, 0x0000, 0x0000, 0x0000, 0x0000, 0x0000, 0x0000, 0x0000, 0x0000, 0x0000, 0x0000, 0x0000, 0x0000, 0x0000, 0x0000,
    0xa144, 0x9924, 0x9104, 0x9924, 0xa944, 0xa944, 0x9104, 0x8904, 0x9904, 0xa124, 0x9104, 0x9104, 0xa944, 0xa944, 0x9104, 0x9104,
    0xf4b6, 0xf434, 0xe3d3, 0xf475, 0xf4f7, 0xf4f6, 0xdb52, 0xdb32, 0xebf3, 0xf475, 0xebd3, 0xdb72, 0xf4f7, 0xf4f7, 0xe393, 0xdb52,
    0x73ae, 0x7bef, 0x7bef, 0x73ae, 0x73ae, 0x73ae, 0x7bef, 0x73ae, 0x7bef, 0x8c71, 0x8c71, 0x8c71, 0x8c71, 0x73ae, 0x7bef, 0x7bef,
    0x0000, 0x0000, 0x0000, 0x0000, 0x0000, 0x0000, 0x0000, 0x0000, 0x0000, 0x0000, 0x0000, 0x0000, 0x0000, 0x0000, 0x0000, 0x0000,
    0x0000, 0x0000, 0x0000, 0x0000, 0x0000, 0x0000, 0x0000, 0x0000, 0x0000, 0x0000, 0x0000, 0x0000, 0x0000, 0x0000, 0x0000, 0x0000,
    0x0000, 0x0000, 0x0000, 0x0000, 0x0000, 0x0000, 0x0000, 0x0000, 0x0000, 0x0000, 0x0000, 0x0000, 0x0000, 0x0000, 0x0000, 0x0000,
    0x0000, 0x0000, 0x0000, 0x0000, 0x0000, 0x0000, 0x0000, 0x0000, 0x0000, 0x0000, 0x0000, 0x0000, 0x0000, 0x0000, 0x0000, 0x0000,
    0x0000, 0x0000, 0x0000, 0x0000, 0x0000, 0x0000, 0x0000, 0x0000, 0x0000, 0x0000, 0x0000, 0x0000, 0x0000, 0x0000, 0x0000, 0x0000,
    0x0000, 0x0000, 0x0000, 0x0000, 0x0000, 0x0000, 0x0000, 0x0000, 0x0000, 0x0000, 0x0000, 0x0000, 0x0000, 0x0000, 0x0000, 0x0000,
    0x0000, 0x0000, 0x0000, 0x0000, 0x0000, 0x0000, 0x0000, 0x0000, 0x0000, 0x0000, 0x0000, 0x0000, 0x0000, 0x0000, 0x0000, 0x0000,
    0x0000, 0x0000, 0x0000, 0x0000, 0x0000, 0x0000, 0x0000, 0x0000, 0x0000, 0x0000, 0x0000, 0x0000, 0x0000, 0x0000, 0x0000, 0x0000,
    0xd655, 0xf738, 0xffff, 0xb106, 0xffff, 0xffdc, 0xd105, 0xf38b, 0xe9a6, 0xd105, 0xffff, 0xb106, 0xffff, 0xffff, 0xf738, 0xd655,
    0x0000, 0x0000, 0x0000, 0x0000, 0x0000, 0x0000, 0x0000, 0x0000, 0x0000, 0x0000, 0x0000, 0x0000, 0x0000, 0x0000, 0x0000, 0x0000,
    0x0000, 0x0000, 0x0000, 0x0000, 0x0000, 0x0000, 0x0000, 0x0000, 0x0000, 0x0000, 0x0000, 0x0000, 0x0000, 0x0000, 0x0000, 0x0000,
    0x0000, 0x0000, 0x0000, 0x0000, 0x0000, 0x0000, 0x0000, 0x0000, 0x0000, 0x0000, 0x0000, 0x0000, 0x0000, 0x0000, 0x0000, 0x0000,
    0x0000, 0x0000, 0x0000, 0x0000, 0x0000, 0x0000, 0x0000, 0x0000, 0x0000, 0x0000, 0x0000, 0x0000, 0x0000, 0x0000, 0x0000, 0x0000,
    0x9104, 0x9104, 0x9104, 0xa964, 0x9104, 0x8904, 0x9104, 0x9924, 0x9104, 0x8904, 0x9924, 0x9924, 0x9104, 0x9104, 0x9104, 0x9924,
    0xdb72, 0xdb52, 0xe3d3, 0xf538, 0xe3d3, 0xdb32, 0xe3b3, 0xebf4, 0xe3d3, 0xdb32, 0xebf4, 0xec14, 0xdb72, 0xebd3, 0xe3b3, 0xec14,
    0x7bef, 0x8c71, 0x7bef, 0x7bef, 0x7bef, 0x7bef, 0x7bef, 0x7bef, 0x7bef, 0x73ae, 0x73ae, 0x6b4d, 0x73ae, 0x6b4d, 0x73ae, 0x8c71,
    0x0000, 0x0000, 0x0000, 0x0000, 0x0000, 0x0000, 0x0000, 0x0000, 0x0000, 0x0000, 0x0000, 0x0000, 0x0000, 0x0000, 0x0000, 0x0000,
    0x0000, 0x0000, 0x0000, 0x0000, 0x0000, 0x0000, 0x0000, 0x0000, 0x0000, 0x0000, 0x0000, 0x0000, 0x0000, 0x0000, 0x0000, 0x0000,
    0x0000, 0x0000, 0x0000, 0x0000, 0x0000, 0x0000, 0x0000, 0x0000, 0x0000, 0x0000, 0x0000, 0x0000, 0x0000, 0x0000, 0x0000, 0x0000,
    0x0000, 0x0000, 0x0000, 0x0000, 0x0000, 0x0000, 0x0000, 0x0000, 0x0000, 0x0000, 0x0000, 0x0000, 0x0000, 0x0000, 0x0000, 0x0000,
    0x0000, 0x0000, 0x0000, 0x0000, 0x0000, 0x0000, 0x0000, 0x0000, 0x0000, 0x0000, 0x0000, 0x0000, 0x0000, 0x0000, 0x0000, 0x0000,
    0x0000, 0x0000, 0x0000, 0x0000, 0x0000, 0x0000, 0x0000, 0x0000, 0x0000, 0x0000, 0x0000, 0x0000, 0x0000, 0x0000, 0x0000, 0x0000,
    0x0000, 0x0000, 0x0000, 0x0000, 0x0000, 0x0000, 0x0000, 0x0000, 0x0000, 0x0000, 0x0000, 0x0000, 0x0000, 0x0000, 0x0000, 0x0000,
    0x0000, 0x0000, 0x0000, 0x0000, 0x0000, 0x0000, 0x0000, 0x0000, 0x0000, 0x0000, 0x0000, 0x0000, 0x0000, 0x0000, 0x0000, 0x0000,
    0xd655, 0xffdc, 0xffff, 0xffff, 0xffdc, 0xffff, 0xd655, 0xe9a6, 0xd105, 0xd655, 0xffff, 0xffdc, 0xffff, 0xe9a6, 0xffdc, 0xd655,
    0x0000, 0x0000, 0x0000, 0x0000, 0x0000, 0x0000, 0x0000, 0x0000, 0x0000, 0x0000, 0x0000, 0x0000, 0x0000, 0x0000, 0x0000, 0x0000,
    0x0000, 0x0000, 0x0000, 0x0000, 0x0000, 0x0000, 0x0000, 0x0000, 0x0000, 0x0000, 0x0000, 0x0000, 0x0000, 0x0000, 0x0000, 0x0000,
    0x0000, 0x0000, 0x0000, 0x0000, 0x0000, 0x0000, 0x0000, 0x0000, 0x0000, 0x0000, 0x0000, 0x0000, 0x0000, 0x0000, 0x0000, 0x0000,
    0x0000, 0x0000, 0x0000, 0x0000, 0x0000, 0x0000, 0x0000, 0x0000, 0x0000, 0x0000, 0x0000, 0x0000, 0x0000, 0x0000, 0x0000, 0x0000,
    0xb9a5, 0xb9a5, 0xa944, 0xa944, 0x9924, 0x9924, 0x9924, 0xa124, 0xa944, 0xb9a5, 0xa144, 0x9924, 0xb9a5, 0xb9a5, 0xa144, 0xa124,
    0xf599, 0xf599, 0xf517, 0xf4f6, 0xf455, 0xf455, 0xf434, 0xf475, 0xf517, 0xf599, 0xf4b6, 0xf434, 0xf599, 0xf599, 0xf4d6, 0xf495,
    0x73ae, 0x7bef, 0x7bef, 0x8c71, 0x8c71, 0x8c71, 0x73ae, 0x8c71, 0x8c71, 0x73ae, 0x73ae, 0x73ae, 0x7bef, 0x7bef, 0x7bef, 0x7bef,
    0x0000, 0x0000, 0x0000, 0x0000, 0x0000, 0x0000, 0x0000, 0x0000, 0x0000, 0x0000, 0x0000, 0x0000, 0x0000, 0x0000, 0x0000, 0x0000,
    0x0000, 0x0000, 0x0000, 0x0000, 0x0000, 0x0000, 0x0000, 0x0000, 0x0000, 0x0000, 0x0000, 0x0000, 0x0000, 0x0000, 0x0000, 0x0000,
    0x0000, 0x0000, 0x0000, 0x0000, 0x0000, 0x0000, 0x0000, 0x0000, 0x0000, 0x0000, 0x0000, 0x0000, 0x0000, 0x0000, 0x0000, 0x0000,
    0x0000, 0x0000, 0x0000, 0x0000, 0x0000, 0x0000, 0x0000, 0x0000, 0x0000, 0x0000, 0x0000, 0x0000, 0x0000, 0x0000, 0x0000, 0x0000,
    0x0000, 0x0000, 0x0000, 0x0000, 0x0000, 0x0000, 0x0000, 0x0000, 0x0000, 0x0000, 0x0000, 0x0000, 0x0000, 0x0000, 0x0000, 0x0000,
    0x0000, 0x0000, 0x0000, 0x0000, 0x0000, 0x0000, 0x0000, 0x0000, 0x0000, 0x0000, 0x0000, 0x0000, 0x0000, 0x0000, 0x0000, 0x0000,
    0x0000, 0x0000, 0x0000, 0x0000, 0x0000, 0x0000, 0x0000, 0x0000, 0x0000, 0x0000, 0x0000, 0x0000, 0x0000, 0x0000, 0x0000, 0x0000,
    0x0000, 0x0000, 0x0000, 0x0000, 0x0000, 0x0000, 0x0000, 0x0000, 0x0000, 0x0000, 0x0000, 0x0000, 0x0000, 0x0000, 0x0000, 0x0000,
    0xd655, 0xf738, 0xffff, 0xffff, 0xe9a6, 0xffdc, 0xf738, 0xd655, 0xd655, 0xffdc, 0xffdc, 0xffff, 0xffff, 0xffdc, 0xf738, 0xd655,
    0x0000, 0x0000, 0x0000, 0x0000, 0x0000, 0x0000, 0x0000, 0x0000, 0x0000, 0x0000, 0x0000, 0x0000, 0x0000, 0x0000, 0x0000, 0x0000,
    0x0000, 0x0000, 0x0000, 0x0000, 0x0000, 0x0000, 0x0000, 0x0000, 0x0000, 0x0000, 0x0000, 0x0000, 0x0000, 0x0000, 0x0000, 0x0000,
    0x0000, 0x0000, 0x0000, 0x0000, 0x0000, 0x0000, 0x0000, 0x0000, 0x0000, 0x0000, 0x0000, 0x0000, 0x0000, 0x0000, 0x0000, 0x0000,
    0x0000, 0x0000, 0x0000, 0x0000, 0x0000, 0x0000, 0x0000, 0x0000, 0x0000, 0x0000, 0x0000, 0x0000, 0x0000, 0x0000, 0x0000, 0x0000,
    0x9924, 0x9924, 0xb9a5, 0xb9a5, 0xa144, 0xa144, 0xa964, 0xa944, 0x9104, 0x9104, 0xa944, 0xa964, 0xa144, 0xa144, 0xa964, 0xa944,
    0xebf4, 0xebf4, 0xf599, 0xf599, 0xf4d6, 0xf4b6, 0xf538, 0xf537, 0xe3b3, 0xebd3, 0xf4f6, 0xf538, 0xf4b6, 0xf4b6, 0xf558, 0xf537,
    0x73ae, 0x73ae, 0x6b4d, 0x6b4d, 0x73ae, 0x6b4d, 0x73ae, 0x73ae, 0x7bef, 0x7bef, 0x73ae, 0x73ae, 0x73ae, 0x7bef, 0x7bef, 0x7bef,
    0x0000, 0x0000, 0x0000, 0x0000, 0x0000, 0x0000, 0x0000, 0x0000, 0x0000, 0x0000, 0x0000, 0x0000, 0x0000, 0x0000, 0x0000, 0x0000,
    0x0000, 0x0000, 0x0000, 0x0000, 0x0000, 0x0000, 0x0000, 0x0000, 0x0000, 0x0000, 0x0000, 0x0000, 0x0000, 0x0000, 0x0000, 0x0000,
    0x0000, 0x0000, 0x0000, 0x0000, 0x0000, 0x0000, 0x0000, 0x0000, 0x0000, 0x0000, 0x0000, 0x0000, 0x0000, 0x0000, 0x0000, 0x0000,
    0x0000, 0x0000, 0x0000, 0x0000, 0x0000, 0x0000, 0x0000, 0x0000, 0x0000, 0x0000, 0x0000, 0x0000, 0x0000, 0x0000, 0x0000, 0x0000,
    0x0000, 0x0000, 0x0000, 0x0000, 0x0000, 0x0000, 0x0000, 0x0000, 0x0000, 0x0000, 0x0000, 0x0000, 0x0000, 0x0000, 0x0000, 0x0000,
    0x0000, 0x0000, 0x0000, 0x0000, 0x0000, 0x0000, 0x0000, 0x0000, 0x0000, 0x0000, 0x0000, 0x0000, 0x0000, 0x0000, 0x0000, 0x0000,
    0x0000, 0x0000, 0x0000, 0x0000, 0x0000, 0x0000, 0x0000, 0x0000, 0x0000, 0x0000, 0x0000, 0x0000, 0x0000, 0x0000, 0x0000, 0x0000,
    0x0000, 0x0000, 0x0000, 0x0000, 0x0000, 0x0000, 0x0000, 0x0000, 0x0000, 0x0000, 0x0000, 0x0000, 0x0000, 0x0000, 0x0000, 0x0000,
    0xd655, 0xf738, 0xffdc, 0xffdc, 0xffff, 0xffff, 0xffff, 0xffff, 0xffff, 0xffff, 0xe9a6, 0xffff, 0xffdc, 0xf738, 0xf738, 0xd655,
    0x0000, 0x0000, 0x0000, 0x0000, 0x0000, 0x0000, 0x0000, 0x0000, 0x0000, 0x0000, 0x0000, 0x0000, 0x0000, 0x0000, 0x0000, 0x0000,
    0x0000, 0x0000, 0x0000, 0x0000, 0x0000, 0x0000, 0x0000, 0x0000, 0x0000, 0x0000, 0x0000, 0x0000, 0x0000, 0x0000, 0x0000, 0x0000,
    0x0000, 0x0000, 0x0000, 0x0000, 0x0000, 0x0000, 0x0000, 0x0000, 0x0000, 0x0000, 0x0000, 0x0000, 0x0000, 0x0000, 0x0000, 0x0000,
    0x0000, 0x0000, 0x0000, 0x0000, 0x0000, 0x0000, 0x0000, 0x0000, 0x0000, 0x0000, 0x0000, 0x0000, 0x0000, 0x0000, 0x0000, 0x0000,
    0xa144, 0xa144, 0x9104, 0x9904, 0xa944, 0xa144, 0x9104, 0x9924, 0x9904, 0x9924, 0x9104, 0x9104, 0x9924, 0x9924, 0x9104, 0x9104,
    0xf4d6, 0xf4d6, 0xdb72, 0xebf3, 0xf537, 0xf4b6, 0xe3d3, 0xec14, 0xebf3, 0xec14, 0xebd3, 0xdb72, 0xf455, 0xf434, 0xe392, 0xdb72,
    0x8c71, 0x8c71, 0x8c71, 0x7bef, 0x8c71, 0x7bef, 0x7bef, 0x8c71, 0x8c71, 0x8c71, 0x7bef, 0x7bef, 0x7bef, 0x7bef, 0x7bef, 0x73ae,
    0x0000, 0x0000, 0x0000, 0x0000, 0x0000, 0x0000, 0x0000, 0x0000, 0x0000, 0x0000, 0x0000, 0x0000, 0x0000, 0x0000, 0x0000, 0x0000,
    0x0000, 0x0000, 0x0000, 0x0000, 0x0000, 0x0000, 0x0000, 0x0000, 0x0000, 0x0000, 0x0000, 0x0000, 0x0000, 0x0000, 0x0000, 0x0000,
    0x0000, 0x0000, 0x0000, 0x0000, 0x0000, 0x0000, 0x0000, 0x0000, 0x0000, 0x0000, 0x0000, 0x0000, 0x0000, 0x0000, 0x0000, 0x0000,
    0x0000, 0x0000, 0x0000, 0x0000, 0x0000, 0x0000, 0x0000, 0x0000, 0x0000, 0x0000, 0x0000, 0x0000, 0x0000, 0x0000, 0x0000, 0x0000,
    0x0000, 0x0000, 0x0000, 0x0000, 0x0000, 0x0000, 0x0000, 0x0000, 0x0000, 0x0000, 0x0000, 0x0000, 0x0000, 0x0000, 0x0000, 0x0000,
    0x0000, 0x0000, 0x0000, 0x0000, 0x0000, 0x0000, 0x0000, 0x0000, 0x0000, 0x0000, 0x0000, 0x0000, 0x0000, 0x0000, 0x0000, 0x0000,
    0x0000, 0x0000, 0x0000, 0x0000, 0x0000, 0x0000, 0x0000, 0x0000, 0x0000, 0x0000, 0x0000, 0x0000, 0x0000, 0x0000, 0x0000, 0x0000,
    0x0000, 0x0000, 0x0000, 0x0000, 0x0000, 0x0000, 0x0000, 0x0000, 0x0000, 0x0000, 0x0000, 0x0000, 0x0000, 0x0000, 0x0000, 0x0000,
    0x6983, 0xf738, 0xffdc, 0xffdc, 0xffdc, 0xffdc, 0xffdc, 0xffdc, 0xf738, 0xffdc, 0xf738, 0xf738, 0xf738, 0xf738, 0xd655, 0x6983,
    0x0000, 0x0000, 0x0000, 0x0000, 0x0000, 0x0000, 0x0000, 0x0000, 0x0000, 0x0000, 0x0000, 0x0000, 0x0000, 0x0000, 0x0000, 0x0000,
    0x0000, 0x0000, 0x0000, 0x0000, 0x0000, 0x0000, 0x0000, 0x0000, 0x0000, 0x0000, 0x0000, 0x0000, 0x0000, 0x0000, 0x0000, 0x0000,
    0x0000, 0x0000, 0x0000, 0x0000, 0x0000, 0x0000, 0x0000, 0x0000, 0x0000, 0x0000, 0x0000, 0x0000, 0x0000, 0x0000, 0x0000, 0x0000,
    0x0000, 0x0000, 0x0000, 0x0000, 0x0000, 0x0000, 0x0000, 0x0000, 0x0000, 0x0000, 0x0000, 0x0000, 0x0000, 0x0000, 0x0000, 0x0000,
    0x9904, 0x9924, 0x9924, 0xa944, 0x8904, 0x9104, 0x9924, 0xa124, 0x9104, 0xa144, 0xb9a5, 0xb9a5, 0x9924, 0xa144, 0xb9a5, 0xb9a5,
    0xebf3, 0xf434, 0xec14, 0xf517, 0xdb32, 0xdb52, 0xf434, 0xf496, 0xe3d3, 0xf4b6, 0xf599, 0xf599, 0xf455, 0xf4d6, 0xf599, 0xf599,
    0x7bef, 0x7bef, 0x8c71, 0x7bef, 0x7bef, 0x7bef, 0x8c71, 0x8c71, 0x8c71, 0x7bef, 0x7bef, 0x8c71, 0x8c71, 0x8c71, 0x8c71, 0x7bef,
    0x0000, 0x0000, 0x0000, 0x0000, 0x0000, 0x0000, 0x0000, 0x0000, 0x0000, 0x0000, 0x0000, 0x0000, 0x0000, 0x0000, 0x0000, 0x0000,
    0x0000, 0x0000, 0x0000, 0x0000, 0x0000, 0x0000, 0x0000, 0x0000, 0x0000, 0x0000, 0x0000, 0x0000, 0x0000, 0x0000, 0x0000, 0x0000,
    0x0000, 0x0000, 0x0000, 0x0000, 0x0000, 0x0000, 0x0000, 0x0000, 0x0000, 0x0000, 0x0000, 0x0000, 0x0000, 0x0000, 0x0000, 0x0000,
    0x0000, 0x0000, 0x0000, 0x0000, 0x0000, 0x0000, 0x0000, 0x0000, 0x0000, 0x0000, 0x0000, 0x0000, 0x0000, 0x0000, 0x0000, 0x0000,
    0x0000, 0x0000, 0x0000, 0x0000, 0x0000, 0x0000, 0x0000, 0x0000, 0x0000, 0x0000, 0x0000, 0x0000, 0x0000, 0x0000, 0x0000, 0x0000,
    0x0000, 0x0000, 0x0000, 0x0000, 0x0000, 0x0000, 0x0000, 0x0000, 0x0000, 0x0000, 0x0000, 0x0000, 0x0000, 0x0000, 0x0000, 0x0000,
    0x0000, 0x0000, 0x0000, 0x0000, 0x0000, 0x0000, 0x0000, 0x0000, 0x0000, 0x0000, 0x0000, 0x0000, 0x0000, 0x0000, 0x0000, 0x0000,
    0x0000, 0x0000, 0x0000, 0x0000, 0x0000, 0x0000, 0x0000, 0x0000, 0x0000, 0x0000, 0x0000, 0x0000, 0x0000, 0x0000, 0x0000, 0x0000,
    0x6983, 0x9243, 0xf738, 0xffdc, 0xffdc, 0xffdc, 0xffdc, 0xffdc, 0xf738, 0xf738, 0xf738, 0xf738, 0xf738, 0xd655, 0x6983, 0x38e1,
    0x0000, 0x0000, 0x0000, 0x0000, 0x0000, 0x0000, 0x0000, 0x0000, 0x0000, 0x0000, 0x0000, 0x0000, 0x0000, 0x0000, 0x0000, 0x0000,
    0x0000, 0x0000, 0x0000, 0x0000, 0x0000, 0x0000, 0x0000, 0x0000, 0x0000, 0x0000, 0x0000, 0x0000, 0x0000, 0x0000, 0x0000, 0x0000,
    0x0000, 0x0000, 0x0000, 0x0000, 0x0000, 0x0000, 0x0000, 0x0000, 0x0000, 0x0000, 0x0000, 0x0000, 0x0000, 0x0000, 0x0000, 0x0000,
    0x0000, 0x0000, 0x0000, 0x0000, 0x0000, 0x0000, 0x0000, 0x0000, 0x0000, 0x0000, 0x0000, 0x0000, 0x0000, 0x0000, 0x0000, 0x0000,
    0xa944, 0xa964, 0xa144, 0xa144, 0xb9a5, 0xa964, 0xa144, 0xa144, 0xa964, 0xa944, 0x9924, 0xa124, 0xa144, 0x9924, 0x9104, 0x9924,
    0xf537, 0xf558, 0xf4d6, 0xf4d6, 0xf599, 0xf538, 0xf4d6, 0xf4b6, 0xf558, 0xf517, 0xec14, 0xf475, 0xf4b6, 0xf455, 0xe393, 0xf475,
    0x6b4d, 0x7bef, 0x73ae, 0x7bef, 0x73ae, 0x73ae, 0x6b4d, 0x6b4d, 0x73ae, 0x7bef, 0x73ae, 0x7bef, 0x7bef, 0x73ae, 0x73ae, 0x73ae,
    0x0000, 0x0000, 0x0000, 0x0000, 0x0000, 0x0000, 0x0000, 0x0000, 0x0000, 0x0000, 0x0000, 0x0000, 0x0000, 0x0000, 0x0000, 0x0000,
    0x0000, 0x0000, 0x0000, 0x0000, 0x0000, 0x0000, 0x0000, 0x0000, 0x0000, 0x0000, 0x0000, 0x0000, 0x0000, 0x0000, 0x0000, 0x0000,
    0x0000, 0x0000, 0x0000, 0x0000, 0x0000, 0x0000, 0x0000, 0x0000, 0x0000, 0x0000, 0x0000, 0x0000, 0x0000, 0x0000, 0x0000, 0x0000,
    0x0000, 0x0000, 0x0000, 0x0000, 0x0000, 0x0000, 0x0000, 0x0000, 0x0000, 0x0000, 0x0000, 0x0000, 0x0000, 0x0000, 0x0000, 0x0000,
    0x0000, 0x0000, 0x0000, 0x0000, 0x0000, 0x0000, 0x0000, 0x0000, 0x0000, 0x0000, 0x0000, 0x0000, 0x0000, 0x0000, 0x0000, 0x0000,
    0x0000, 0x0000, 0x0000, 0x0000, 0x0000, 0x0000, 0x0000, 0x0000, 0x0000, 0x0000, 0x0000, 0x0000, 0x0000, 0x0000, 0x0000, 0x0000,
    0x0000, 0x0000, 0x0000, 0x0000, 0x0000, 0x0000, 0x0000, 0x0000, 0x0000, 0x0000, 0x0000, 0x0000, 0x0000, 0x0000, 0x0000, 0x0000,
    0x0000, 0x0000, 0x0000, 0x0000, 0x0000, 0x0000, 0x0000, 0x0000, 0x0000, 0x0000, 0x0000, 0x0000, 0x0000, 0x0000, 0x0000, 0x0000,
    0x6983, 0x8a04, 0xa284, 0xf738, 0xffdc, 0xffdc, 0xffdc, 0xf738, 0xf738, 0xf738, 0xffdc, 0xf738, 0xa284, 0x8a04, 0x6983, 0x38e1,
    0x0000, 0x0000, 0x0000, 0x0000, 0x0000, 0x0000, 0x0000, 0x0000, 0x0000, 0x0000, 0x0000, 0x0000, 0x0000, 0x0000, 0x0000, 0x0000,
    0x0000, 0x0000, 0x0000, 0x0000, 0x0000, 0x0000, 0x0000, 0x0000, 0x0000, 0x0000, 0x0000, 0x0000, 0x0000, 0x0000, 0x0000, 0x0000,
    0x0000, 0x0000, 0x0000, 0x0000, 0x0000, 0x0000, 0x0000, 0x0000, 0x0000, 0x0000, 0x0000, 0x0000, 0x0000, 0x0000, 0x0000, 0x0000,
    0x0000, 0x0000, 0x0000, 0x0000, 0x0000, 0x0000, 0x0000, 0x0000, 0x0000, 0x0000, 0x0000, 0x0000, 0x0000, 0x0000, 0x0000, 0x0000,
    0x9104, 0x9104, 0xa124, 0xa124, 0x9924, 0x9924, 0xa944, 0xa144, 0x9104, 0x9104, 0x9904, 0xa144, 0x9104, 0x9104, 0x9924, 0xa144,
    0xe393, 0xe3d3, 0xf496, 0xf496, 0xebf4, 0xec14, 0xf4f7, 0xf4d6, 0xe3b3, 0xe3d3, 0xebf3, 0xf4b6, 0xdb52, 0xdb52, 0xec14, 0xf4b6,
    0x7bef, 0x7bef, 0x7bef, 0x7bef, 0x7bef, 0x8c71, 0x8c71, 0x7bef, 0x7bef, 0x7bef, 0x7bef, 0x7bef, 0x8c71, 0x8c71, 0x7bef, 0x8c71,
    0x0000, 0x0000, 0x0000, 0x0000, 0x0000, 0x0000, 0x0000, 0x0000, 0x0000, 0x0000, 0x0000, 0x0000, 0x0000, 0x0000, 0x0000, 0x0000,
    0x0000, 0x0000, 0x0000, 0x0000, 0x0000, 0x0000, 0x0000, 0x0000, 0x0000, 0x0000, 0x0000, 0x0000, 0x0000, 0x0000, 0x0000, 0x0000,
    0x0000, 0x0000, 0x0000, 0x0000, 0x0000, 0x0000, 0x0000, 0x0000, 0x0000, 0x0000, 0x0000, 0x0000, 0x0000, 0x0000, 0x0000, 0x0000,
    0x0000, 0x0000, 0x0000, 0x0000, 0x0000, 0x0000, 0x0000, 0x0000, 0x0000, 0x0000, 0x0000, 0x0000, 0x0000, 0x0000, 0x0000, 0x0000,
    0x0000, 0x0000, 0x0000, 0x0000, 0x0000, 0x0000, 0x0000, 0x0000, 0x0000, 0x0000, 0x0000, 0x0000, 0x0000, 0x0000, 0x0000, 0x0000,
    0x0000, 0x0000, 0x0000, 0x0000, 0x0000, 0x0000, 0x0000, 0x0000, 0x0000, 0x0000, 0x0000, 0x0000, 0x0000, 0x0000, 0x0000, 0x0000,
    0x0000, 0x0000, 0x0000, 0x0000, 0x0000, 0x0000, 0x0000, 0x0000, 0x0000, 0x0000, 0x0000, 0x0000, 0x0000, 0x0000, 0x0000, 0x0000,
    0x0000, 0x0000, 0x0000, 0x0000, 0x0000, 0x0000, 0x0000, 0x0000, 0x0000, 0x0000, 0x0000, 0x0000, 0x0000, 0x0000, 0x0000, 0x0000,
    0x6983, 0x9243, 0xbae4, 0xbae4, 0xa284, 0xf738, 0xa284, 0xbae4, 0xa284, 0x8a04, 0xf738, 0x8a04, 0xa284, 0xa284, 0x6983, 0x38e1,
    0x0000, 0x0000, 0x0000, 0x0000, 0x0000, 0x0000, 0x0000, 0x0000, 0x0000, 0x0000, 0x0000, 0x0000, 0x0000, 0x0000, 0x0000, 0x0000,
    0x0000, 0x0000, 0x0000, 0x0000, 0x0000, 0x0000, 0x0000, 0x0000, 0x0000, 0x0000, 0x0000, 0x0000, 0x0000, 0x0000, 0x0000, 0x0000,
    0x0000, 0x0000, 0x0000, 0x0000, 0x0000, 0x0000, 0x0000, 0x0000, 0x0000, 0x0000, 0x0000, 0x0000, 0x0000, 0x0000, 0x0000, 0x0000,
    0x0000, 0x0000, 0x0000, 0x0000, 0x0000, 0x0000, 0x0000, 0x0000, 0x0000, 0x0000, 0x0000, 0x0000, 0x0000, 0x0000, 0x0000, 0x0000,
    0x9924, 0x9924, 0x8904, 0x9104, 0xa944, 0xa964, 0x9104, 0x8904, 0x9924, 0xa944, 0xa124, 0xa144, 0xb9a5, 0xb9a5, 0xa144, 0x9104,
    0xec14, 0xebf4, 0xdb32, 0xdb52, 0xf537, 0xf578, 0xdb72, 0xdb32, 0xf455, 0xf4f7, 0xf475, 0xf4d6, 0xf599, 0xf599, 0xf4b6, 0xdb72,
    0x7bef, 0x73ae, 0x73ae, 0x73ae, 0x7bef, 0x8c71, 0x7bef, 0x73ae, 0x73ae, 0x7bef, 0x7bef, 0x6b4d, 0x6b4d, 0x73ae, 0x6b4d, 0x73ae,
    0x0000, 0x0000, 0x0000, 0x0000, 0x0000, 0x0000, 0x0000, 0x0000, 0x0000, 0x0000, 0x0000, 0x0000, 0x0000, 0x0000, 0x0000, 0x0000,
    0x0000, 0x0000, 0x0000, 0x0000, 0x0000, 0x0000, 0x0000, 0x0000, 0x0000, 0x0000, 0x0000, 0x0000, 0x0000, 0x0000, 0x0000, 0x0000,
    0x0000, 0x0000, 0x0000, 0x0000, 0x0000, 0x0000, 0x0000, 0x0000, 0x0000, 0x0000, 0x0000, 0x0000, 0x0000, 0x0000, 0x0000, 0x0000,
    0x0000, 0x0000, 0x0000, 0x0000, 0x0000, 0x0000, 0x0000, 0x0000, 0x0000, 0x0000, 0x0000, 0x0000, 0x0000, 0x0000, 0x0000, 0x0000,
    0x0000, 0x0000, 0x0000, 0x0000, 0x0000, 0x0000, 0x0000, 0x0000, 0x0000, 0x0000, 0x0000, 0x0000, 0x0000, 0x0000, 0x0000, 0x0000,
    0x0000, 0x0000, 0x0000, 0x0000, 0x0000, 0x0000, 0x0000, 0x0000, 0x0000, 0x0000, 0x0000, 0x0000, 0x0000, 0x0000, 0x0000, 0x0000,
    0x0000, 0x0000, 0x0000, 0x0000, 0x0000, 0x0000, 0x0000, 0x0000, 0x0000, 0x0000, 0x0000, 0x0000, 0x0000, 0x0000, 0x0000, 0x0000,
    0x0000, 0x0000, 0x0000, 0x0000, 0x0000, 0x0000, 0x0000, 0x0000, 0x0000, 0x0000, 0x0000, 0x0000, 0x0000, 0x0000, 0x0000, 0x0000,
    0x0000, 0x6983, 0x9243, 0xc304, 0xbae4, 0xc304, 0xbae4, 0xc304, 0xbae4, 0xaac4, 0xaac4, 0xa284, 0xa284, 0x8a04, 0x38e1, 0x0000,
    0x0000, 0x0000, 0x0000, 0x0000, 0x0000, 0x0000, 0x0000, 0x0000, 0x0000, 0x0000, 0x0000, 0x0000, 0x0000, 0x0000, 0x0000, 0x0000,
    0x0000, 0x0000, 0x0000, 0x0000, 0x0000, 0x0000, 0x0000, 0x0000, 0x0000, 0x0000, 0x0000, 0x0000, 0x0000, 0x0000, 0x0000, 0x0000,
    0x0000, 0x0000, 0x0000, 0x0000, 0x0000, 0x0000, 0x0000, 0x0000, 0x0000, 0x0000, 0x0000, 0x0000, 0x0000, 0x0000, 0x0000, 0x0000,
    0x0000, 0x0000, 0x0000, 0x0000, 0x0000, 0x0000, 0x0000, 0x0000, 0x0000, 0x0000, 0x0000, 0x0000, 0x0000, 0x0000, 0x0000, 0x0000,
    0xa144, 0xa144, 0xa964, 0xb9a5, 0xa944, 0xa144, 0xa124, 0x9924, 0x8904, 0x9924, 0xa144, 0xa964, 0x9924, 0x9924, 0xa964, 0xb9a5,
    0xf4d6, 0xf4b6, 0xf598, 0xf599, 0xf537, 0xf4d6, 0xf475, 0xec14, 0xdb32, 0xf455, 0xf4d6, 0xf538, 0xf434, 0xf455, 0xf538, 0xf599,
    0x8c71, 0x8c71, 0x7bef, 0x73ae, 0x73ae, 0x7bef, 0x7bef, 0x73ae, 0x73ae, 0x73ae, 0x7bef, 0x7bef, 0x73ae, 0x73ae, 0x73ae, 0x8c71,
    0x0000, 0x0000, 0x0000, 0x0000, 0x0000, 0x0000, 0x0000, 0x0000, 0x0000, 0x0000, 0x0000, 0x0000, 0x0000, 0x0000, 0x0000, 0x0000,
    0x0000, 0x0000, 0x0000, 0x0000, 0x0000, 0x0000, 0x0000, 0x0000, 0x0000, 0x0000, 0x0000, 0x0000, 0x0000, 0x0000, 0x0000, 0x0000,
    0x0000, 0x0000, 0x0000, 0x0000, 0x0000, 0x0000, 0x0000, 0x0000, 0x0000, 0x0000, 0x0000, 0x0000, 0x0000, 0x0000, 0x0000, 0x0000,
    0x0000, 0x0000, 0x0000, 0x0000, 0x0000, 0x0000, 0x0000, 0x0000, 0x0000, 0x0000, 0x0000, 0x0000, 0x0000, 0x0000, 0x0000, 0x0000,
    0x0000, 0x0000, 0x0000, 0x0000, 0x0000, 0x0000, 0x0000, 0x0000, 0x0000, 0x0000, 0x0000, 0x0000, 0x0000, 0x0000, 0x0000, 0x0000,
    0x0000, 0x0000, 0x0000, 0x0000, 0x0000, 0x0000, 0x0000, 0x0000, 0x0000, 0x0000, 0x0000, 0x0000, 0x0000, 0x0000, 0x0000, 0x0000,
    0x0000, 0x0000, 0x0000, 0x0000, 0x0000, 0x0000, 0x0000, 0x0000, 0x0000, 0x0000, 0x0000, 0x0000, 0x0000, 0x0000, 0x0000, 0x0000,
    0x0000, 0x0000, 0x0000, 0x0000, 0x0000, 0x0000, 0x0000, 0x0000, 0x0000, 0x0000, 0x0000, 0x0000, 0x0000, 0x0000, 0x0000, 0x0000,
    0x0000, 0x0000, 0x6983, 0x6983, 0xbae4, 0xc304, 0xc304, 0xc304, 0xbae4, 0xc304, 0xa284, 0x8a04, 0x38e1, 0x38e1, 0x0000, 0x0000,
    0x0000, 0x0000, 0x0000, 0x0000, 0x0000, 0x0000, 0x0000, 0x0000, 0x0000, 0x0000, 0x0000, 0x0000, 0x0000, 0x0000, 0x0000, 0x0000,
    0x0000, 0x0000, 0x0000, 0x0000, 0x0000, 0x0000, 0x0000, 0x0000, 0x0000, 0x0000, 0x0000, 0x0000, 0x0000, 0x0000, 0x0000, 0x0000,
    0x0000, 0x0000, 0x0000, 0x0000, 0x0000, 0x0000, 0x0000, 0x0000, 0x0000, 0x0000, 0x0000, 0x0000, 0x0000, 0x0000, 0x0000, 0x0000,
    0x0000, 0x0000, 0x0000, 0x0000, 0x0000, 0x0000, 0x0000, 0x0000, 0x0000, 0x0000, 0x0000, 0x0000, 0x0000, 0x0000, 0x0000, 0x0000,
    0xa964, 0xa964, 0x9924, 0x9924, 0xa964, 0xa124, 0xa144, 0xa944, 0xb9a5, 0xa944, 0x9104, 0x9904, 0xa124, 0xa144, 0x9924, 0x9104,
    0xf578, 0xf578, 0xf475, 0xf434, 0xf538, 0xf475, 0xf4b6, 0xf4f6, 0xf599, 0xf517, 0xebd3, 0xebf3, 0xf495, 0xf4d6, 0xec14, 0xe3b3,
    0x7bef, 0x73ae, 0x73ae, 0x7bef, 0x7bef, 0x7bef, 0x7bef, 0x7bef, 0x7bef, 0x7bef, 0x7bef, 0x7bef, 0x8c71, 0x8c71, 0x8c71, 0x8c71,
    0x0000, 0x0000, 0x0000, 0x0000, 0x0000, 0x0000, 0x0000, 0x0000, 0x0000, 0x0000, 0x0000, 0x0000, 0x0000, 0x0000, 0x0000, 0x0000,
    0x0000, 0x0000, 0x0000, 0x0000, 0x0000, 0x0000, 0x0000, 0x0000, 0x0000, 0x0000, 0x0000, 0x0000, 0x0000, 0x0000, 0x0000, 0x0000,
    0x0000, 0x0000, 0x0000, 0x0000, 0x0000, 0x0000, 0x0000, 0x0000, 0x0000, 0x0000, 0x0000, 0x0000, 0x0000, 0x0000, 0x0000, 0x0000,
    0x0000, 0x0000, 0x0000, 0x0000, 0x0000, 0x0000, 0x0000, 0x0000, 0x0000, 0x0000, 0x0000, 0x0000, 0x0000, 0x0000, 0x0000, 0x0000,
    0x0000, 0x0000, 0x0000, 0x0000, 0x0000, 0x0000, 0x0000, 0x0000, 0x0000, 0x0000, 0x0000, 0x0000, 0x0000, 0x0000, 0x0000, 0x0000,
    0x0000, 0x0000, 0x0000, 0x0000, 0x0000, 0x0000, 0x0000, 0x0000, 0x0000, 0x0000, 0x0000, 0x0000, 0x0000, 0x0000, 0x0000, 0x0000,
    0x0000, 0x0000, 0x0000, 0x0000, 0x0000, 0x0000, 0x0000, 0x0000, 0x0000, 0x0000, 0x0000, 0x0000, 0x0000, 0x0000, 0x0000, 0x0000,
    0x0000, 0x0000, 0x0000, 0x0000, 0x0000, 0x0000, 0x0000, 0x0000, 0x0000, 0x0000, 0x0000, 0x0000, 0x0000, 0x0000, 0x0000, 0x0000,
    0x0000, 0x0000, 0x0000, 0x0000, 0x38e1, 0x38e1, 0x38e1, 0x38e1, 0x38e1, 0x38e1, 0x38e1, 0x38e1, 0x0000, 0x0000, 0x0000, 0x0000,
    0x0000, 0x0000, 0x0000, 0x0000, 0x0000, 0x0000, 0x0000, 0x0000, 0x0000, 0x0000, 0x0000, 0x0000, 0x0000, 0x0000, 0x0000, 0x0000,
    0x0000, 0x0000, 0x0000, 0x0000, 0x0000, 0x0000, 0x0000, 0x0000, 0x0000, 0x0000, 0x0000, 0x0000, 0x0000, 0x0000, 0x0000, 0x0000,
    0x0000, 0x0000, 0x0000, 0x0000, 0x0000, 0x0000, 0x0000, 0x0000, 0x0000, 0x0000, 0x0000, 0x0000, 0x0000, 0x0000, 0x0000, 0x0000,
    0x0000, 0x0000, 0x0000, 0x0000, 0x0000, 0x0000, 0x0000, 0x0000, 0x0000, 0x0000, 0x0000, 0x0000, 0x0000, 0x0000, 0x0000, 0x0000,
    0x9104, 0x9104, 0xa944, 0xa124, 0x9104, 0x9924, 0xa964, 0xa964, 0x9924, 0x9924, 0xa144, 0xa944, 0x9104, 0x9104, 0xa944, 0xa964,
    0xdb72, 0xe3d3, 0xf537, 0xf495, 0xe3b3, 0xec14, 0xf538, 0xf598, 0xf434, 0xebf4, 0xf4b6, 0xf537, 0xe3b3, 0xe3d3, 0xf517, 0xf538,
    0x7bef, 0x7bef, 0x7bef, 0x7bef, 0x7bef, 0x7bef, 0x73ae, 0x73ae, 0x7bef, 0x8c71, 0x8c71, 0x7bef, 0x7bef, 0x73ae, 0x7bef, 0x7bef,
    0x0000, 0x0000, 0x0000, 0x0000, 0x0000, 0x0000, 0x0000, 0x0000, 0x0000, 0x0000, 0x0000, 0x0000, 0x0000, 0x0000, 0x0000, 0x0000,
    0x0000, 0x0000, 0x0000, 0x0000, 0x0000, 0x0000, 0x0000, 0x0000, 0x0000, 0x0000, 0x0000, 0x0000, 0x0000, 0x0000, 0x0000, 0x0000,
    0x0000, 0x0000, 0x0000, 0x0000, 0x0000, 0x0000, 0x0000, 0x0000, 0x0000, 0x0000, 0x0000, 0x0000, 0x0000, 0x0000, 0x0000, 0x0000,
    0x0000, 0x0000, 0x0000, 0x0000, 0x0000, 0x0000, 0x0000, 0x0000, 0x0000, 0x0000, 0x0000, 0x0000, 0x0000, 0x0000, 0x0000, 0x0000,
    0x0000, 0x0000, 0x0000, 0x0000, 0x0000, 0x0000, 0x0000, 0x0000, 0x0000, 0x0000, 0x0000, 0x0000, 0x0000, 0x0000, 0x0000, 0x0000,
    0x0000, 0x0000, 0x0000, 0x0000, 0x0000, 0x0000, 0x0000, 0x0000, 0x0000, 0x0000, 0x0000, 0x0000, 0x0000, 0x0000, 0x0000, 0x0000,
    0x0000, 0x0000, 0x0000, 0x0000, 0x0000, 0x0000, 0x0000, 0x0000, 0x0000, 0x0000, 0x0000, 0x0000, 0x0000, 0x0000, 0x0000, 0x0000,
    0x0000, 0x0000, 0x0000, 0x0000, 0x0000, 0x0000, 0x0000, 0x0000, 0x0000, 0x0000, 0x0000, 0x0000, 0x0000, 0x0000, 0x0000, 0x0000,
    0x0000, 0x0000, 0x0000, 0x0000, 0x0000, 0x0000, 0x0000, 0x0000, 0x0000, 0x0000, 0x0000, 0x0000, 0x0000, 0x0000, 0x0000, 0x0000,
    0x0000, 0x0000, 0x0000, 0x0000, 0x0000, 0x0000, 0x0000, 0x0000, 0x0000, 0x0000, 0x0000, 0x0000, 0x0000, 0x0000, 0x0000, 0x0000,
    0x0000, 0x0000, 0x0000, 0x0000, 0x0000, 0x0000, 0x0000, 0x0000, 0x0000, 0x0000, 0x0000, 0x0000, 0x0000, 0x0000, 0x0000, 0x0000,
    0x0000, 0x0000, 0x0000, 0x0000, 0x0000, 0x0000, 0x0000, 0x0000, 0x0000, 0x0000, 0x0000, 0x0000, 0x0000, 0x0000, 0x0000, 0x0000,
    0x0000, 0x0000, 0x0000, 0x0000, 0x0000, 0x0000, 0x0000, 0x0000, 0x0000, 0x0000, 0x0000, 0x0000, 0x0000, 0x0000, 0x0000, 0x0000,
    0x4b04, 0x5323, 0x4b04, 0x4b04, 0x5343, 0x5ba2, 0x4b04, 0x4b23, 0x5383, 0x5b83, 0x4ae4, 0x4b04, 0x5363, 0x5363, 0x4b04, 0x4ae4,
    0x6563, 0x6d83, 0x6563, 0x6563, 0x6da3, 0x7e03, 0x6583, 0x6583, 0x75e3, 0x75e3, 0x6543, 0x6563, 0x75c3, 0x75c3, 0x6563, 0x6563,
    0x8c71, 0x8c71, 0x8c71, 0x8c71, 0x7bef, 0x73ae, 0x73ae, 0x7bef, 0x73ae, 0x6b4d, 0x73ae, 0x73ae, 0x7bef, 0x7bef, 0x7bef, 0x7bef,
    0x0000, 0x0000, 0x0000, 0x0000, 0x0000, 0x0000, 0x0000, 0x0000, 0x0000, 0x0000, 0x0000, 0x0000, 0x0000, 0x0000, 0x0000, 0x0000,
    0x0000, 0x0000, 0x0000, 0x0000, 0x0000, 0x0000, 0x0000, 0x0000, 0x0000, 0x0000, 0x0000, 0x0000, 0x0000, 0x0000, 0x0000, 0x0000,
    0x0000, 0x0000, 0x0000, 0x0000, 0x0000, 0x0000, 0x0000, 0x0000, 0x0000, 0x0000, 0x0000, 0x0000, 0x0000, 0x0000, 0x0000, 0x0000,
    0x0000, 0x0000, 0x0000, 0x0000, 0x0000, 0x0000, 0x0000, 0x0000, 0x0000, 0x0000, 0x0000, 0x0000, 0x0000, 0x0000, 0x0000, 0x0000,
    0x0000, 0x0000, 0x0000, 0x0000, 0x0000, 0x0000, 0x0000, 0x0000, 0x0000, 0x0000, 0x0000, 0x0000, 0x0000, 0x0000, 0x0000, 0x0000,
    0x0000, 0x0000, 0x0000, 0x0000, 0x0000, 0x0000, 0x0000, 0x0000, 0x0000, 0x0000, 0x0000, 0x0000, 0x0000, 0x0000, 0x0000, 0x0000,
    0x0000, 0x0000, 0x0000, 0x0000, 0x0000, 0x0000, 0x0000, 0x0000, 0x0000, 0x0000, 0x0000, 0x0000, 0x0000, 0x0000, 0x0000, 0x0000,
    0x0000, 0x0000, 0x0000, 0x0000, 0x0000, 0x0000, 0x0000, 0x0000, 0x0000, 0x0000, 0x0000, 0x0000, 0x0000, 0x0000, 0x0000, 0x0000,
    0x0000, 0x0000, 0x0000, 0x0000, 0x0000, 0x0000, 0x0000, 0x0000, 0x0000, 0x0000, 0x0000, 0x0000, 0x0000, 0x0000, 0x0000, 0x0000,
    0x0000, 0x0000, 0x0000, 0x0000, 0x0000, 0x0000, 0x0000, 0x0000, 0x0000, 0x0000, 0x0000, 0x0000, 0x0000, 0x0000, 0x0000, 0x0000,
    0x0000, 0x0000, 0x0000, 0x0000, 0x0000, 0x0000, 0x0000, 0x0000, 0x0000, 0x0000, 0x0000, 0x0000, 0x0000, 0x0000, 0x0000, 0x0000,
    0x0000, 0x0000, 0x0000, 0x0000, 0x0000, 0x0000, 0x0000, 0x0000, 0x0000, 0x0000, 0x0000, 0x0000, 0x0000, 0x0000, 0x0000, 0x0000,
    0x0000, 0x0000, 0x0000, 0x0000, 0x0000, 0x0000, 0x0000, 0x0000, 0x0000, 0x0000, 0x0000, 0x0000, 0x0000, 0x0000, 0x0000, 0x0000,
    0x5363, 0x5383, 0x6423, 0x6423, 0x5ba2, 0x5b83, 0x5343, 0x5343, 0x4b04, 0x4ae4, 0x4b23, 0x5343, 0x4ac4, 0x4ae4, 0x5323, 0x5343,
    0x6dc3, 0x75e3, 0x8664, 0x8664, 0x7e03, 0x75e3, 0x6da3, 0x6da3, 0x6563, 0x6563, 0x6583, 0x6da3, 0x5d43, 0x6563, 0x6d83, 0x6da3,
    0x7bef, 0x7bef, 0x73ae, 0x7bef, 0x73ae, 0x7bef, 0x7bef, 0x7bef, 0x7bef, 0x7bef, 0x7bef, 0x6b4d, 0x6b4d, 0x73ae, 0x7bef, 0x73ae,
    0x0000, 0x0000, 0x0000, 0x0000, 0x0000, 0x0000, 0x0000, 0x0000, 0x0000, 0x0000, 0x0000, 0x0000, 0x0000, 0x0000, 0x0000, 0x0000,
    0x0000, 0x0000, 0x0000, 0x0000, 0x0000, 0x0000, 0x0000, 0x0000, 0x0000, 0x0000, 0x0000, 0x0000, 0x0000, 0x0000, 0x0000, 0x0000,
    0x0000, 0x0000, 0x0000, 0x0000, 0x0000, 0x0000, 0x0000, 0x0000, 0x0000, 0x0000, 0x0000, 0x0000, 0x0000, 0x0000, 0x0000, 0x0000,
    0x0000, 0x0000, 0x0000, 0x0000, 0x0000, 0x0000, 0x0000, 0x0000, 0x0000, 0x0000, 0x0000, 0x0000, 0x0000, 0x0000, 0x0000, 0x0000,
    0x0000, 0x0000, 0x0000, 0x0000, 0x0000, 0x0000, 0x0000, 0x0000, 0x0000, 0x0000, 0x0000, 0x0000, 0x0000, 0x0000, 0x0000, 0x0000,
    0x0000, 0x0000, 0x0000, 0x0000, 0x0000, 0x0000, 0x0000, 0x0000, 0x0000, 0x0000, 0x0000, 0x0000, 0x0000, 0x0000, 0x0000, 0x0000,
    0x0000, 0x0000, 0x0000, 0x0000, 0x0000, 0x0000, 0x0000, 0x0000, 0x0000, 0x0000, 0x0000, 0x0000, 0x0000, 0x0000, 0x0000, 0x0000,
    0x0000, 0x0000, 0x0000, 0x0000, 0x0000, 0x0000, 0x0000, 0x0000, 0x0000, 0x0000, 0x0000, 0x0000, 0x0000, 0x0000, 0x0000, 0x0000,
    0x0000, 0x0000, 0x0000, 0x0000, 0x0000, 0x0000, 0x0000, 0x0000, 0x0000, 0x0000, 0x0000, 0x0000, 0x0000, 0x0000, 0x0000, 0x0000,
    0x0000, 0x0000, 0x0000, 0x0000, 0x0000, 0x0000, 0x0000, 0x0000, 0x0000, 0x0000, 0x0000, 0x0000, 0x0000, 0x0000, 0x0000, 0x0000,
    0x0000, 0x0000, 0x0000, 0x0000, 0x0000, 0x0000, 0x0000, 0x0000, 0x0000, 0x0000, 0x0000, 0x0000, 0x0000, 0x0000, 0x0000, 0x0000,
    0x0000, 0x0000, 0x0000, 0x0000, 0x0000, 0x0000, 0x0000, 0x0000, 0x0000, 0x0000, 0x0000, 0x0000, 0x0000, 0x0000, 0x0000, 0x0000,
    0x0000, 0x0000, 0x0000, 0x0000, 0x0000, 0x0000, 0x0000, 0x0000, 0x0000, 0x0000, 0x0000, 0x0000, 0x0000, 0x0000, 0x0000, 0x0000,
    0x5ba2, 0x5bc2, 0x5343, 0x5343, 0x5bc2, 0x5bc2, 0x5363, 0x5343, 0x5b83, 0x5bc2, 0x5b83, 0x5b83, 0x5be2, 0x6423, 0x5b83, 0x5383,
    0x7e03, 0x7e03, 0x6da3, 0x6da3, 0x7e23, 0x7e03, 0x75c3, 0x6da3, 0x75e3, 0x7e03, 0x75e3, 0x75e3, 0x7e23, 0x8664, 0x75e3, 0x75e3,
    0x7bef, 0x73ae, 0x6b4d, 0x6b4d, 0x73ae, 0x73ae, 0x73ae, 0x6b4d, 0x73ae, 0x73ae, 0x73ae, 0x7bef, 0x7bef, 0x7bef, 0x7bef, 0x7bef,
    0x0000, 0x0000, 0x0000, 0x0000, 0x0000, 0x0000, 0x0000, 0x0000, 0x0000, 0x0000, 0x0000, 0x0000, 0x0000, 0x0000, 0x0000, 0x0000,
    0x0000, 0x0000, 0x0000, 0x0000, 0x0000, 0x0000, 0x0000, 0x0000, 0x0000, 0x0000, 0x0000, 0x0000, 0x0000, 0x0000, 0x0000, 0x0000,
    0x0000, 0x0000, 0x0000, 0x0000, 0x0000, 0x0000, 0x0000, 0x0000, 0x0000, 0x0000, 0x0000, 0x0000, 0x0000, 0x0000, 0x0000, 0x0000,
    0x0000, 0x0000, 0x0000, 0x0000, 0x0000, 0x0000, 0x0000, 0x0000, 0x0000, 0x0000, 0x0000, 0x0000, 0x0000, 0x0000, 0x0000, 0x0000,
    0x0000, 0x0000, 0x0000, 0x0000, 0x0000, 0x0000, 0x0000, 0x0000, 0x0000, 0x0000, 0x0000, 0x0000, 0x0000, 0x0000, 0x0000, 0x0000,
    0x0000, 0x0000, 0x0000, 0x0000, 0x0000, 0x0000, 0x0000, 0x0000, 0x0000, 0x0000, 0x0000, 0x0000, 0x0000, 0x0000, 0x0000, 0x0000,
    0x0000, 0x0000, 0x0000, 0x0000, 0x0000, 0x0000, 0x0000, 0x0000, 0x0000, 0x0000, 0x0000, 0x0000, 0x0000, 0x0000, 0x0000, 0x0000,
    0x0000, 0x0000, 0x0000, 0x0000, 0x0000, 0x0000, 0x0000, 0x0000, 0x0000, 0x0000, 0x0000, 0x0000, 0x0000, 0x0000, 0x0000, 0x0000,
    0x0000, 0x0000, 0x0000, 0x0000, 0x0000, 0x0000, 0x0000, 0x0000, 0x0000, 0x0000, 0x0000, 0x0000, 0x0000, 0x0000, 0x0000, 0x0000,
    0x0000, 0x0000, 0x0000, 0x0000, 0x0000, 0x0000, 0x0000, 0x0000, 0x0000, 0x0000, 0x0000, 0x0000, 0x0000, 0x0000, 0x0000, 0x0000,
    0x0000, 0x0000, 0x0000, 0x0000, 0x0000, 0x0000, 0x0000, 0x0000, 0x0000, 0x0000, 0x0000, 0x0000, 0x0000, 0x0000, 0x0000, 0x0000,
    0x0000, 0x0000, 0x0000, 0x0000, 0x0000, 0x0000, 0x0000, 0x0000, 0x0000, 0x0000, 0x0000, 0x0000, 0x0000, 0x0000, 0x0000, 0x0000,
    0x0000, 0x0000, 0x0000, 0x0000, 0x0000, 0x0000, 0x0000, 0x0000, 0x0000, 0x0000, 0x0000, 0x0000, 0x0000, 0x0000, 0x0000, 0x0000,
    0x5363, 0x5323, 0x5ba2, 0x5bc2, 0x5343, 0x5323, 0x5343, 0x5bc2, 0x4b04, 0x5343, 0x5bc2, 0x5bc2, 0x5363, 0x5323, 0x6423, 0x5bc2,
    0x6dc3, 0x6d83, 0x75e3, 0x7e03, 0x6da3, 0x6d83, 0x6da3, 0x7e03, 0x6583, 0x6da3, 0x7e03, 0x7e03, 0x6dc3, 0x6d83, 0x8664, 0x7e03,
    0x7bef, 0x7bef, 0x8c71, 0x8c71, 0x7bef, 0x8c71, 0x7bef, 0x7bef, 0x8c71, 0x8c71, 0x7bef, 0x7bef, 0x7bef, 0x73ae, 0x73ae, 0x73ae,
    0x0000, 0x0000, 0x0000, 0x0000, 0x0000, 0x0000, 0x0000, 0x0000, 0x0000, 0x0000, 0x0000, 0x0000, 0x0000, 0x0000, 0x0000, 0x0000,
    0x0000, 0x0000, 0x0000, 0x0000, 0x0000, 0x0000, 0x0000, 0x0000, 0x0000, 0x0000, 0x0000, 0x0000, 0x0000, 0x0000, 0x0000, 0x0000,
    0x0000, 0x0000, 0x0000, 0x0000, 0x0000, 0x0000, 0x0000, 0x0000, 0x0000, 0x0000, 0x0000, 0x0000, 0x0000, 0x0000, 0x0000, 0x0000,
    0x0000, 0x0000, 0x0000, 0x0000, 0x0000, 0x0000, 0x0000, 0x0000, 0x0000, 0x0000, 0x0000, 0x0000, 0x0000, 0x0000, 0x0000, 0x0000,
    0x0000, 0x0000, 0x0000, 0x0000, 0x0000, 0x0000, 0x0000, 0x0000, 0x0000, 0x0000, 0x0000, 0x0000, 0x0000, 0x0000, 0x0000, 0x0000,
    0x0000, 0x0000, 0x0000, 0x0000, 0x0000, 0x0000, 0x0000, 0x0000, 0x0000, 0x0000, 0x0000, 0x0000, 0x0000, 0x0000, 0x0000, 0x0000,
    0x0000, 0x0000, 0x0000, 0x0000, 0x0000, 0x0000, 0x0000, 0x0000, 0x0000, 0x0000, 0x0000, 0x0000, 0x0000, 0x0000, 0x0000, 0x0000,
    0x0000, 0x0000, 0x0000, 0x0000, 0x0000, 0x0000, 0x0000, 0x0000, 0x0000, 0x0000, 0x0000, 0x0000, 0x0000, 0x0000, 0x0000, 0x0000,
    0x0000, 0x0000, 0x0000, 0x0000, 0x0000, 0x0000, 0x0000, 0x0000, 0x0000, 0x0000, 0x0000, 0x0000, 0x0000, 0x0000, 0x0000, 0x0000,
    0x0000, 0x0000, 0x0000, 0x0000, 0x0000, 0x0000, 0x0000, 0x0000, 0x0000, 0x0000, 0x0000, 0x0000, 0x0000, 0x0000, 0x0000, 0x0000,
    0x0000, 0x0000, 0x0000, 0x0000, 0x0000, 0x0000, 0x0000, 0x0000, 0x0000, 0x0000, 0x0000, 0x0000, 0x0000, 0x0000, 0x0000, 0x0000,
    0x0000, 0x0000, 0x0000, 0x0000, 0x0000, 0x0000, 0x0000, 0x0000, 0x0000, 0x0000, 0x0000, 0x0000, 0x0000, 0x0000, 0x0000, 0x0000,
    0x0000, 0x0000, 0x0000, 0x0000, 0x0000, 0x0000, 0x0000, 0x0000, 0x0000, 0x0000, 0x0000, 0x0000, 0x0000, 0x0000, 0x0000, 0x0000,
    0x5383, 0x5343, 0x4b04, 0x5363, 0x5ba2, 0x5ba2, 0x4ae4, 0x4ae4, 0x4b23, 0x5363, 0x4b23, 0x4ae4, 0x5ba2, 0x5ba2, 0x4b04, 0x4ae4,
    0x75e3, 0x6da3, 0x6583, 0x6dc3, 0x7e03, 0x75e3, 0x6543, 0x5d43, 0x6583, 0x75c3, 0x6583, 0x6563, 0x7e03, 0x7e03, 0x6563, 0x6543,
    0x73ae, 0x7bef, 0x7bef, 0x73ae, 0x73ae, 0x73ae, 0x7bef, 0x73ae, 0x7bef, 0x8c71, 0x8c71, 0x8c71, 0x8c71, 0x73ae, 0x7bef, 0x7bef,
    0x0000, 0x0000, 0x0000, 0x0000, 0x0000, 0x0000, 0x0000, 0x0000, 0x0000, 0x0000, 0x0000, 0x0000, 0x0000, 0x0000, 0x0000, 0x0000,
    0x0000, 0x0000, 0x0000, 0x0000, 0x0000, 0x0000, 0x0000, 0x0000, 0x0000, 0x0000, 0x0000, 0x0000, 0x0000, 0x0000, 0x0000, 0x0000,
    0x0000, 0x0000, 0x0000, 0x0000, 0x0000, 0x0000, 0x0000, 0x0000, 0x0000, 0x0000, 0x0000, 0x0000, 0x0000, 0x0000, 0x0000, 0x0000,
    0x0000, 0x0000, 0x0000, 0x0000, 0x0000, 0x0000, 0x0000, 0x0000, 0x0000, 0x0000, 0x0000, 0x0000, 0x0000, 0x0000, 0x0000, 0x0000,
    0x0000, 0x0000, 0x0000, 0x0000, 0x0000, 0x0000, 0x0000, 0x0000, 0x0000, 0x0000, 0x0000, 0x0000, 0x0000, 0x0000, 0x0000, 0x0000,
    0x0000, 0x0000, 0x0000, 0x0000, 0x0000, 0x0000, 0x0000, 0x0000, 0x0000, 0x0000, 0x0000, 0x0000, 0x0000, 0x0000, 0x0000, 0x0000,
    0x0000, 0x0000, 0x0000, 0x0000, 0x0000, 0x0000, 0x0000, 0x0000, 0x0000, 0x0000, 0x0000, 0x0000, 0x0000, 0x0000, 0x0000, 0x0000,
    0x0000, 0x0000, 0x0000, 0x0000, 0x0000, 0x0000, 0x0000, 0x0000, 0x0000, 0x0000, 0x0000, 0x0000, 0x0000, 0x0000, 0x0000, 0x0000,
    0x0000, 0x0000, 0x0000, 0x0000, 0x0000, 0x0000, 0x0000, 0x0000, 0x0000, 0x0000, 0x0000, 0x0000, 0x0000, 0x0000, 0x0000, 0x0000,
    0x0000, 0x0000, 0x0000, 0x0000, 0x0000, 0x0000, 0x0000, 0x0000, 0x0000, 0x0000, 0x0000, 0x0000, 0x0000, 0x0000, 0x0000, 0x0000,
    0x0000, 0x0000, 0x0000, 0x0000, 0x0000, 0x0000, 0x0000, 0x0000, 0x0000, 0x0000, 0x0000, 0x0000, 0x0000, 0x0000, 0x0000, 0x0000,
    0x0000, 0x0000, 0x0000, 0x0000, 0x0000, 0x0000, 0x0000, 0x0000, 0x0000, 0x0000, 0x0000, 0x0000, 0x0000, 0x0000, 0x0000, 0x0000,
    0x0000, 0x0000, 0x0000, 0x0000, 0x0000, 0x0000, 0x0000, 0x0000, 0x0000, 0x0000, 0x0000, 0x0000, 0x0000, 0x0000, 0x0000, 0x0000,
    0x4ae4, 0x4ae4, 0x4b04, 0x5bc2, 0x4b04, 0x4ae4, 0x4b04, 0x5323, 0x4b04, 0x4ae4, 0x5323, 0x5343, 0x4ae4, 0x4b23, 0x4b04, 0x5323,
    0x6563, 0x6543, 0x6583, 0x7e03, 0x6583, 0x5d43, 0x6563, 0x6d83, 0x6583, 0x5d43, 0x6d83, 0x6da3, 0x6563, 0x6583, 0x6563, 0x6d83,
    0x7bef, 0x8c71, 0x7bef, 0x7bef, 0x7bef, 0x7bef, 0x7bef, 0x7bef, 0x7bef, 0x73ae, 0x73ae, 0x6b4d, 0x73ae, 0x6b4d, 0x73ae, 0x8c71,
    0x0000, 0x0000, 0x0000, 0x0000, 0x0000, 0x0000, 0x0000, 0x0000, 0x0000, 0x0000, 0x0000, 0x0000, 0x0000, 0x0000, 0x0000, 0x0000,
    0x0000, 0x0000, 0x0000, 0x0000, 0x0000, 0x0000, 0x0000, 0x0000, 0x0000, 0x0000, 0x0000, 0x0000, 0x0000, 0x0000, 0x0000, 0x0000,
    0x0000, 0x0000, 0x0000, 0x0000, 0x0000, 0x0000, 0x0000, 0x0000, 0x0000, 0x0000, 0x0000, 0x0000, 0x0000, 0x0000, 0x0000, 0x0000,
    0x0000, 0x0000, 0x0000, 0x0000, 0x0000, 0x0000, 0x0000, 0x0000, 0x0000, 0x0000, 0x0000, 0x0000, 0x0000, 0x0000, 0x0000, 0x0000,
    0x0000, 0x0000, 0x0000, 0x0000, 0x0000, 0x0000, 0x0000, 0x0000, 0x0000, 0x0000, 0x0000, 0x0000, 0x0000, 0x0000, 0x0000, 0x0000,
    0x0000, 0x0000, 0x0000, 0x0000, 0x0000, 0x0000, 0x0000, 0x0000, 0x0000, 0x0000, 0x0000, 0x0000, 0x0000, 0x0000, 0x0000, 0x0000,
    0x0000, 0x0000, 0x0000, 0x0000, 0x0000, 0x0000, 0x0000, 0x0000, 0x0000, 0x0000, 0x0000, 0x0000, 0x0000, 0x0000, 0x0000, 0x0000,
    0x0000, 0x0000, 0x0000, 0x0000, 0x0000, 0x0000, 0x0000, 0x0000, 0x0000, 0x0000, 0x0000, 0x0000, 0x0000, 0x0000, 0x0000, 0x0000,
    0x0000, 0x0000, 0x0000, 0x0000, 0x0000, 0x0000, 0x0000, 0x0000, 0x0000, 0x0000, 0x0000, 0x0000, 0x0000, 0x0000, 0x0000, 0x0000,
    0x0000, 0x0000, 0x0000, 0x0000, 0x0000, 0x0000, 0x0000, 0x0000, 0x0000, 0x0000, 0x0000, 0x0000, 0x0000, 0x0000, 0x0000, 0x0000,
    0x0000, 0x0000, 0x0000, 0x0000, 0x0000, 0x0000, 0x0000, 0x0000, 0x0000, 0x0000, 0x0000, 0x0000, 0x0000, 0x0000, 0x0000, 0x0000,
    0x0000, 0x0000, 0x0000, 0x0000, 0x0000, 0x0000, 0x0000, 0x0000, 0x0000, 0x0000, 0x0000, 0x0000, 0x0000, 0x0000, 0x0000, 0x0000,
    0x0000, 0x0000, 0x0000, 0x0000, 0x0000, 0x0000, 0x0000, 0x0000, 0x0000, 0x0000, 0x0000, 0x0000, 0x0000, 0x0000, 0x0000, 0x0000,
    0x6423, 0x6423, 0x5ba2, 0x5ba2, 0x5343, 0x5343, 0x5343, 0x5363, 0x5ba2, 0x6423, 0x5383, 0x5343, 0x6423, 0x6423, 0x5b83, 0x5363,
    0x8664, 0x8664, 0x7e03, 0x75e3, 0x6da3, 0x6da3, 0x6da3, 0x75c3, 0x7e03, 0x8664, 0x75e3, 0x6da3, 0x8664, 0x8664, 0x75e3, 0x75c3,
    0x73ae, 0x7bef, 0x7bef, 0x8c71, 0x8c71, 0x8c71, 0x73ae, 0x8c71, 0x8c71, 0x73ae, 0x73ae, 0x73ae, 0x7bef, 0x7bef, 0x7bef, 0x7bef,
    0x0000, 0x0000, 0x0000, 0x0000, 0x0000, 0x0000, 0x0000, 0x0000, 0x0000, 0x0000, 0x0000, 0x0000, 0x0000, 0x0000, 0x0000, 0x0000,
    0x0000, 0x0000, 0x0000, 0x0000, 0x0000, 0x0000, 0x0000, 0x0000, 0x0000, 0x0000, 0x0000, 0x0000, 0x0000, 0x0000, 0x0000, 0x0000,
    0x0000, 0x0000, 0x0000, 0x0000, 0x0000, 0x0000, 0x0000, 0x0000, 0x0000, 0x0000, 0x0000, 0x0000, 0x0000, 0x0000, 0x0000, 0x0000,
    0x0000, 0x0000, 0x0000, 0x0000, 0x0000, 0x0000, 0x0000, 0x0000, 0x0000, 0x0000, 0x0000, 0x0000, 0x0000, 0x0000, 0x0000, 0x0000,
    0x0000, 0x0000, 0x0000, 0x0000, 0x0000, 0x0000, 0x0000, 0x0000, 0x0000, 0x0000, 0x0000, 0x0000, 0x0000, 0x0000, 0x0000, 0x0000,
    0x0000, 0x0000, 0x0000, 0x0000, 0x0000, 0x0000, 0x0000, 0x0000, 0x0000, 0x0000, 0x0000, 0x0000, 0x0000, 0x0000, 0x0000, 0x0000,
    0x0000, 0x0000, 0x0000, 0x0000, 0x0000, 0x0000, 0x0000, 0x0000, 0x0000, 0x0000, 0x0000, 0x0000, 0x0000, 0x0000, 0x0000, 0x0000,
    0x0000, 0x0000, 0x0000, 0x0000, 0x0000, 0x0000, 0x0000, 0x0000, 0x0000, 0x0000, 0x0000, 0x0000, 0x0000, 0x0000, 0x0000, 0x0000,
    0x0000, 0x0000, 0x0000, 0x0000, 0x0000, 0x0000, 0x0000, 0x0000, 0x0000, 0x0000, 0x0000, 0x0000, 0x0000, 0x0000, 0x0000, 0x0000,
    0x0000, 0x0000, 0x0000, 0x0000, 0x0000, 0x0000, 0x0000, 0x0000, 0x0000, 0x0000, 0x0000, 0x0000, 0x0000, 0x0000, 0x0000, 0x0000,
    0x0000, 0x0000, 0x0000, 0x0000, 0x0000, 0x0000, 0x0000, 0x0000, 0x0000, 0x0000, 0x0000, 0x0000, 0x0000, 0x0000, 0x0000, 0x0000,
    0x0000, 0x0000, 0x0000, 0x0000, 0x0000, 0x0000, 0x0000, 0x0000, 0x0000, 0x0000, 0x0000, 0x0000, 0x0000, 0x0000, 0x0000, 0x0000,
    0x0000, 0x0000, 0x0000, 0x0000, 0x0000, 0x0000, 0x0000, 0x0000, 0x0000, 0x0000, 0x0000, 0x0000, 0x0000, 0x0000, 0x0000, 0x0000,
    0x5323, 0x5323, 0x6423, 0x6423, 0x5b83, 0x5383, 0x5bc2, 0x5bc2, 0x4b04, 0x4b23, 0x5ba2, 0x5bc2, 0x5383, 0x5383, 0x5bc2, 0x5bc2,
    0x6d83, 0x6d83, 0x8664, 0x8664, 0x75e3, 0x75e3, 0x7e03, 0x7e03, 0x6563, 0x6583, 0x75e3, 0x7e03, 0x75e3, 0x75e3, 0x7e23, 0x7e03,
    0x73ae, 0x73ae, 0x6b4d, 0x6b4d, 0x73ae, 0x6b4d, 0x73ae, 0x73ae, 0x7bef, 0x7bef, 0x73ae, 0x73ae, 0x73ae, 0x7bef, 0x7bef, 0x7bef,
    0x0000, 0x0000, 0x0000, 0x0000, 0x0000, 0x0000, 0x0000, 0x0000, 0x0000, 0x0000, 0x0000, 0x0000, 0x0000, 0x0000, 0x0000, 0x0000,
    0x0000, 0x0000, 0x0000, 0x0000, 0x0000, 0x0000, 0x0000, 0x0000, 0x0000, 0x0000, 0x0000, 0x0000, 0x0000, 0x0000, 0x0000, 0x0000,
    0x0000, 0x0000, 0x0000, 0x0000, 0x0000, 0x0000, 0x0000, 0x0000, 0x0000, 0x0000, 0x0000, 0x0000, 0x0000, 0x0000, 0x0000, 0x0000,
    0x0000, 0x0000, 0x0000, 0x0000, 0x0000, 0x0000, 0x0000, 0x0000, 0x0000, 0x0000, 0x0000, 0x0000, 0x0000, 0x0000, 0x0000, 0x0000,
    0x0000, 0x0000, 0x0000, 0x0000, 0x0000, 0x0000, 0x0000, 0x0000, 0x0000, 0x0000, 0x0000, 0x0000, 0x0000, 0x0000, 0x0000, 0x0000,
    0x0000, 0x0000, 0x0000, 0x0000, 0x0000, 0x0000, 0x0000, 0x0000, 0x0000, 0x0000, 0x0000, 0x0000, 0x0000, 0x0000, 0x0000, 0x0000,
    0x0000, 0x0000, 0x0000, 0x0000, 0x0000, 0x0000, 0x0000, 0x0000, 0x0000, 0x0000, 0x0000, 0x0000, 0x0000, 0x0000, 0x0000, 0x0000,
    0x0000, 0x0000, 0x0000, 0x0000, 0x0000, 0x0000, 0x0000, 0x0000, 0x0000, 0x0000, 0x0000, 0x0000, 0x0000, 0x0000, 0x0000, 0x0000,
    0x0000, 0x0000, 0x0000, 0x0000, 0x0000, 0x0000, 0x0000, 0x0000, 0x0000, 0x0000, 0x0000, 0x0000, 0x0000, 0x0000, 0x0000, 0x0000,
    0x0000, 0x0000, 0x0000, 0x0000, 0x0000, 0x0000, 0x0000, 0x0000, 0x0000, 0x0000, 0x0000, 0x0000, 0x0000, 0x0000, 0x0000, 0x0000,
    0x0000, 0x0000, 0x0000, 0x0000, 0x0000, 0x0000, 0x0000, 0x0000, 0x0000, 0x0000, 0x0000, 0x0000, 0x0000, 0x0000, 0x0000, 0x0000,
    0x0000, 0x0000, 0x0000, 0x0000, 0x0000, 0x0000, 0x0000, 0x0000, 0x0000, 0x0000, 0x0000, 0x0000, 0x0000, 0x0000, 0x0000, 0x0000,
    0x0000, 0x0000, 0x0000, 0x0000, 0x0000, 0x0000, 0x0000, 0x0000, 0x0000, 0x0000, 0x0000, 0x0000, 0x0000, 0x0000, 0x0000, 0x0000,
    0x5b83, 0x5b83, 0x4ae4, 0x4b23, 0x5bc2, 0x5383, 0x4b04, 0x5323, 0x4b23, 0x5343, 0x4b23, 0x4ae4, 0x5343, 0x5343, 0x4b04, 0x4ae4,
    0x75e3, 0x75e3, 0x6563, 0x6583, 0x7e03, 0x75e3, 0x6583, 0x6d83, 0x6583, 0x6da3, 0x6583, 0x6563, 0x6da3, 0x6da3, 0x6563, 0x6563,
    0x8c71, 0x8c71, 0x8c71, 0x7bef, 0x8c71, 0x7bef, 0x7bef, 0x8c71, 0x8c71, 0x8c71, 0x7bef, 0x7bef, 0x7bef, 0x7bef, 0x7bef, 0x73ae,
    0x0000, 0x0000, 0x0000, 0x0000, 0x0000, 0x0000, 0x0000, 0x0000, 0x0000, 0x0000, 0x0000, 0x0000, 0x0000, 0x0000, 0x0000, 0x0000,
    0x0000, 0x0000, 0x0000, 0x0000, 0x0000, 0x0000, 0x0000, 0x0000, 0x0000, 0x0000, 0x0000, 0x0000, 0x0000, 0x0000, 0x0000, 0x0000,
    0x0000, 0x0000, 0x0000, 0x0000, 0x0000, 0x0000, 0x0000, 0x0000, 0x0000, 0x0000, 0x0000, 0x0000, 0x0000, 0x0000, 0x0000, 0x0000,
    0x0000, 0x0000, 0x0000, 0x0000, 0x0000, 0x0000, 0x0000, 0x0000, 0x0000, 0x0000, 0x0000, 0x0000, 0x0000, 0x0000, 0x0000, 0x0000,
    0x0000, 0x0000, 0x0000, 0x0000, 0x0000, 0x0000, 0x0000, 0x0000, 0x0000, 0x0000, 0x0000, 0x0000, 0x0000, 0x0000, 0x0000, 0x0000,
    0x0000, 0x0000, 0x0000, 0x0000, 0x0000, 0x0000, 0x0000, 0x0000, 0x0000, 0x0000, 0x0000, 0x0000, 0x0000, 0x0000, 0x0000, 0x0000,
    0x0000, 0x0000, 0x0000, 0x0000, 0x0000, 0x0000, 0x0000, 0x0000, 0x0000, 0x0000, 0x0000, 0x0000, 0x0000, 0x0000, 0x0000, 0x0000,
    0x0000, 0x0000, 0x0000, 0x0000, 0x0000, 0x0000, 0x0000, 0x0000, 0x0000, 0x0000, 0x0000, 0x0000, 0x0000, 0x0000, 0x0000, 0x0000,
    0x0000, 0x0000, 0x0000, 0x0000, 0x0000, 0x0000, 0x0000, 0x0000, 0x0000, 0x0000, 0x0000, 0x0000, 0x0000, 0x0000, 0x0000, 0x0000,
    0x0000, 0x0000, 0x0000, 0x0000, 0x0000, 0x0000, 0x0000, 0x0000, 0x0000, 0x0000, 0x0000, 0x0000, 0x0000, 0x0000, 0x0000, 0x0000,
    0x0000, 0x0000, 0x0000, 0x0000, 0x0000, 0x0000, 0x0000, 0x0000, 0x0000, 0x0000, 0x0000, 0x0000, 0x0000, 0x0000, 0x0000, 0x0000,
    0x0000, 0x0000, 0x0000, 0x0000, 0x0000, 0x0000, 0x0000, 0x0000, 0x0000, 0x0000, 0x0000, 0x0000, 0x0000, 0x0000, 0x0000, 0x0000,
    0x0000, 0x0000, 0x0000, 0x0000, 0x0000, 0x0000, 0x0000, 0x0000, 0x0000, 0x0000, 0x0000, 0x0000, 0x0000, 0x0000, 0x0000, 0x0000,
    0x4b23, 0x5343, 0x5323, 0x5ba2, 0x4ae4, 0x4ae4, 0x5343, 0x5363, 0x4b04, 0x5383, 0x6423, 0x6423, 0x5343, 0x5b83, 0x6423, 0x6423,
    0x6583, 0x6da3, 0x6d83, 0x7e03, 0x5d43, 0x6543, 0x6da3, 0x75c3, 0x6583, 0x75e3, 0x8664, 0x8664, 0x6da3, 0x75e3, 0x8664, 0x8664,
    0x7bef, 0x7bef, 0x8c71, 0x7bef, 0x7bef, 0x7bef, 0x8c71, 0x8c71, 0x8c71, 0x7bef, 0x7bef, 0x8c71, 0x8c71, 0x8c71, 0x8c71, 0x7bef,
    0x0000, 0x0000, 0x0000, 0x0000, 0x0000, 0x0000, 0x0000, 0x0000, 0x0000, 0x0000, 0x0000, 0x0000, 0x0000, 0x0000, 0x0000, 0x0000,
    0x0000, 0x0000, 0x0000, 0x0000, 0x0000, 0x0000, 0x0000, 0x0000, 0x0000, 0x0000, 0x0000, 0x0000, 0x0000, 0x0000, 0x0000, 0x0000,
    0x0000, 0x0000, 0x0000, 0x0000, 0x0000, 0x0000, 0x0000, 0x0000, 0x0000, 0x0000, 0x0000, 0x0000, 0x0000, 0x0000, 0x0000, 0x0000,
    0x0000, 0x0000, 0x0000, 0x0000, 0x0000, 0x0000, 0x0000, 0x0000, 0x0000, 0x0000, 0x0000, 0x0000, 0x0000, 0x0000, 0x0000, 0x0000,
    0x0000, 0x0000, 0x0000, 0x0000, 0x0000, 0x0000, 0x0000, 0x0000, 0x0000, 0x0000, 0x0000, 0x0000, 0x0000, 0x0000, 0x0000, 0x0000,
    0x0000, 0x0000, 0x0000, 0x0000, 0x0000, 0x0000, 0x0000, 0x0000, 0x0000, 0x0000, 0x0000, 0x0000, 0x0000, 0x0000, 0x0000, 0x0000,
    0x0000, 0x0000, 0x0000, 0x0000, 0x0000, 0x0000, 0x0000, 0x0000, 0x0000, 0x0000, 0x0000, 0x0000, 0x0000, 0x0000, 0x0000, 0x0000,
    0x0000, 0x0000, 0x0000, 0x0000, 0x0000, 0x0000, 0x0000, 0x0000, 0x0000, 0x0000, 0x0000, 0x0000, 0x0000, 0x0000, 0x0000, 0x0000,
    0x0000, 0x0000, 0x0000, 0x0000, 0x0000, 0x0000, 0x0000, 0x0000, 0x0000, 0x0000, 0x0000, 0x0000, 0x0000, 0x0000, 0x0000, 0x0000,
    0x0000, 0x0000, 0x0000, 0x0000, 0x0000, 0x0000, 0x0000, 0x0000, 0x0000, 0x0000, 0x0000, 0x0000, 0x0000, 0x0000, 0x0000, 0x0000,
    0x0000, 0x0000, 0x0000, 0x0000, 0x0000, 0x0000, 0x0000, 0x0000, 0x0000, 0x0000, 0x0000, 0x0000, 0x0000, 0x0000, 0x0000, 0x0000,
    0x0000, 0x0000, 0x0000, 0x0000, 0x0000, 0x0000, 0x0000, 0x0000, 0x0000, 0x0000, 0x0000, 0x0000, 0x0000, 0x0000, 0x0000, 0x0000,
    0x0000, 0x0000, 0x0000, 0x0000, 0x0000, 0x0000, 0x0000, 0x0000, 0x0000, 0x0000, 0x0000, 0x0000, 0x0000, 0x0000, 0x0000, 0x0000,
    0x5bc2, 0x5bc2, 0x5b83, 0x5b83, 0x6423, 0x5bc2, 0x5b83, 0x5383, 0x5bc2, 0x5ba2, 0x5343, 0x5363, 0x5383, 0x5343, 0x4b04, 0x5363,
    0x7e03, 0x7e23, 0x75e3, 0x75e3, 0x8664, 0x7e03, 0x75e3, 0x75e3, 0x7e23, 0x7e03, 0x6da3, 0x75c3, 0x75e3, 0x6da3, 0x6563, 0x6dc3,
    0x6b4d, 0x7bef, 0x73ae, 0x7bef, 0x73ae, 0x73ae, 0x6b4d, 0x6b4d, 0x73ae, 0x7bef, 0x73ae, 0x7bef, 0x7bef, 0x73ae, 0x73ae, 0x73ae,
    0x0000, 0x0000, 0x0000, 0x0000, 0x0000, 0x0000, 0x0000, 0x0000, 0x0000, 0x0000, 0x0000, 0x0000, 0x0000, 0x0000, 0x0000, 0x0000,
    0x0000, 0x0000, 0x0000, 0x0000, 0x0000, 0x0000, 0x0000, 0x0000, 0x0000, 0x0000, 0x0000, 0x0000, 0x0000, 0x0000, 0x0000, 0x0000,
    0x0000, 0x0000, 0x0000, 0x0000, 0x0000, 0x0000, 0x0000, 0x0000, 0x0000, 0x0000, 0x0000, 0x0000, 0x0000, 0x0000, 0x0000, 0x0000,
    0x0000, 0x0000, 0x0000, 0x0000, 0x0000, 0x0000, 0x0000, 0x0000, 0x0000, 0x0000, 0x0000, 0x0000, 0x0000, 0x0000, 0x0000, 0x0000,
    0x0000, 0x0000, 0x0000, 0x0000, 0x0000, 0x0000, 0x0000, 0x0000, 0x0000, 0x0000, 0x0000, 0x0000, 0x0000, 0x0000, 0x0000, 0x0000,
    0x0000, 0x0000, 0x0000, 0x0000, 0x0000, 0x0000, 0x0000, 0x0000, 0x0000, 0x0000, 0x0000, 0x0000, 0x0000, 0x0000, 0x0000, 0x0000,
    0x0000, 0x0000, 0x0000, 0x0000, 0x0000, 0x0000, 0x0000, 0x0000, 0x0000, 0x0000, 0x0000, 0x0000, 0x0000, 0x0000, 0x0000, 0x0000,
    0x0000, 0x0000, 0x0000, 0x0000, 0x0000, 0x0000, 0x0000, 0x0000, 0x0000, 0x0000, 0x0000, 0x0000, 0x0000, 0x0000, 0x0000, 0x0000,
    0x0000, 0x0000, 0x0000, 0x0000, 0x0000, 0x0000, 0x0000, 0x0000, 0x0000, 0x0000, 0x0000, 0x0000, 0x0000, 0x0000, 0x0000, 0x0000,
    0x0000, 0x0000, 0x0000, 0x0000, 0x0000, 0x0000, 0x0000, 0x0000, 0x0000, 0x0000, 0x0000, 0x0000, 0x0000, 0x0000, 0x0000, 0x0000,
    0x0000, 0x0000, 0x0000, 0x0000, 0x0000, 0x0000, 0x0000, 0x0000, 0x0000, 0x0000, 0x0000, 0x0000, 0x0000, 0x0000, 0x0000, 0x0000,
    0x0000, 0x0000, 0x0000, 0x0000, 0x0000, 0x0000, 0x0000, 0x0000, 0x0000, 0x0000, 0x0000, 0x0000, 0x0000, 0x0000, 0x0000, 0x0000,
    0x0000, 0x0000, 0x0000, 0x0000, 0x0000, 0x0000, 0x0000, 0x0000, 0x0000, 0x0000, 0x0000, 0x0000, 0x0000, 0x0000, 0x0000, 0x0000,
    0x4b04, 0x4b04, 0x5363, 0x5363, 0x5323, 0x5323, 0x5ba2, 0x5b83, 0x4b04, 0x4b04, 0x4b23, 0x5383, 0x4ae4, 0x4ae4, 0x5323, 0x5383,
    0x6563, 0x6583, 0x75c3, 0x75c3, 0x6d83, 0x6d83, 0x7e03, 0x75e3, 0x6563, 0x6583, 0x6583, 0x75e3, 0x6543, 0x5d43, 0x6d83, 0x75e3,
    0x7bef, 0x7bef, 0x7bef, 0x7bef, 0x7bef, 0x8c71, 0x8c71, 0x7bef, 0x7bef, 0x7bef, 0x7bef, 0x7bef, 0x8c71, 0x8c71, 0x7bef, 0x8c71,
    0x0000, 0x0000, 0x0000, 0x0000, 0x0000, 0x0000, 0x0000, 0x0000, 0x0000, 0x0000, 0x0000, 0x0000, 0x0000, 0x0000, 0x0000, 0x0000,
    0x0000, 0x0000, 0x0000, 0x0000, 0x0000, 0x0000, 0x0000, 0x0000, 0x0000, 0x0000, 0x0000, 0x0000, 0x0000, 0x0000, 0x0000, 0x0000,
    0x0000, 0x0000, 0x0000, 0x0000, 0x0000, 0x0000, 0x0000, 0x0000, 0x0000, 0x0000, 0x0000, 0x0000, 0x0000, 0x0000, 0x0000, 0x0000,
    0x0000, 0x0000, 0x0000, 0x0000, 0x0000, 0x0000, 0x0000, 0x0000, 0x0000, 0x0000, 0x0000, 0x0000, 0x0000, 0x0000, 0x0000, 0x0000,
    0x0000, 0x0000, 0x0000, 0x0000, 0x0000, 0x0000, 0x0000, 0x0000, 0x0000, 0x0000, 0x0000, 0x0000, 0x0000, 0x0000, 0x0000, 0x0000,
    0x0000, 0x0000, 0x0000, 0x0000, 0x0000, 0x0000, 0x0000, 0x0000, 0x0000, 0x0000, 0x0000, 0x0000, 0x0000, 0x0000, 0x0000, 0x0000,
    0x0000, 0x0000, 0x0000, 0x0000, 0x0000, 0x0000, 0x0000, 0x0000, 0x0000, 0x0000, 0x0000, 0x0000, 0x0000, 0x0000, 0x0000, 0x0000,
    0x0000, 0x0000, 0x0000, 0x0000, 0x0000, 0x0000, 0x0000, 0x0000, 0x0000, 0x0000, 0x0000, 0x0000, 0x0000, 0x0000, 0x0000, 0x0000,
    0x0000, 0x0000, 0x0000, 0x0000, 0x0000, 0x0000, 0x0000, 0x0000, 0x0000, 0x0000, 0x0000, 0x0000, 0x0000, 0x0000, 0x0000, 0x0000,
    0x0000, 0x0000, 0x0000, 0x0000, 0x0000, 0x0000, 0x0000, 0x0000, 0x0000, 0x0000, 0x0000, 0x0000, 0x0000, 0x0000, 0x0000, 0x0000,
    0x0000, 0x0000, 0x0000, 0x0000, 0x0000, 0x0000, 0x0000, 0x0000, 0x0000, 0x0000, 0x0000, 0x0000, 0x0000, 0x0000, 0x0000, 0x0000,
    0x0000, 0x0000, 0x0000, 0x0000, 0x0000, 0x0000, 0x0000, 0x0000, 0x0000, 0x0000, 0x0000, 0x0000, 0x0000, 0x0000, 0x0000, 0x0000,
    0x0000, 0x0000, 0x0000, 0x0000, 0x0000, 0x0000, 0x0000, 0x0000, 0x0000, 0x0000, 0x0000, 0x0000, 0x0000, 0x0000, 0x0000, 0x0000,
    0x5323, 0x5323, 0x4ae4, 0x4ae4, 0x5bc2, 0x5bc2, 0x4ae4, 0x4ae4, 0x5343, 0x5ba2, 0x5363, 0x5b83, 0x6423, 0x6423, 0x5383, 0x4ae4,
    0x6d83, 0x6d83, 0x5d43, 0x6543, 0x7e03, 0x7e23, 0x6563, 0x5d43, 0x6da3, 0x7e03, 0x75c3, 0x75e3, 0x8664, 0x8664, 0x75e3, 0x6563,
    0x7bef, 0x73ae, 0x73ae, 0x73ae, 0x7bef, 0x8c71, 0x7bef, 0x73ae, 0x73ae, 0x7bef, 0x7bef, 0x6b4d, 0x6b4d, 0x73ae, 0x6b4d, 0x73ae,
    0x0000, 0x0000, 0x0000, 0x0000, 0x0000, 0x0000, 0x0000, 0x0000, 0x0000, 0x0000, 0x0000, 0x0000, 0x0000, 0x0000, 0x0000, 0x0000,
    0x0000, 0x0000, 0x0000, 0x0000, 0x0000, 0x0000, 0x0000, 0x0000, 0x0000, 0x0000, 0x0000, 0x0000, 0x0000, 0x0000, 0x0000, 0x0000,
    0x0000, 0x0000, 0x0000, 0x0000, 0x0000, 0x0000, 0x0000, 0x0000, 0x0000, 0x0000, 0x0000, 0x0000, 0x0000, 0x0000, 0x0000, 0x0000,
    0x0000, 0x0000, 0x0000, 0x0000, 0x0000, 0x0000, 0x0000, 0x0000, 0x0000, 0x0000, 0x0000, 0x0000, 0x0000, 0x0000, 0x0000, 0x0000,
    0x0000, 0x0000, 0x0000, 0x0000, 0x0000, 0x0000, 0x0000, 0x0000, 0x0000, 0x0000, 0x0000, 0x0000, 0x0000, 0x0000, 0x0000, 0x0000,
    0x0000, 0x0000, 0x0000, 0x0000, 0x0000, 0x0000, 0x0000, 0x0000, 0x0000, 0x0000, 0x0000, 0x0000, 0x0000, 0x0000, 0x0000, 0x0000,
    0x0000, 0x0000, 0x0000, 0x0000, 0x0000, 0x0000, 0x0000, 0x0000, 0x0000, 0x0000, 0x0000, 0x0000, 0x0000, 0x0000, 0x0000, 0x0000,
    0x0000, 0x0000, 0x0000, 0x0000, 0x0000, 0x0000, 0x0000, 0x0000, 0x0000, 0x0000, 0x0000, 0x0000, 0x0000, 0x0000, 0x0000, 0x0000,
    0x0000, 0x0000, 0x0000, 0x0000, 0x0000, 0x0000, 0x0000, 0x0000, 0x0000, 0x0000, 0x0000, 0x0000, 0x0000, 0x0000, 0x0000, 0x0000,
    0x0000, 0x0000, 0x0000, 0x0000, 0x0000, 0x0000, 0x0000, 0x0000, 0x0000, 0x0000, 0x0000, 0x0000, 0x0000, 0x0000, 0x0000, 0x0000,
    0x0000, 0x0000, 0x0000, 0x0000, 0x0000, 0x0000, 0x0000, 0x0000, 0x0000, 0x0000, 0x0000, 0x0000, 0x0000, 0x0000, 0x0000, 0x0000,
    0x0000, 0x0000, 0x0000, 0x0000, 0x0000, 0x0000, 0x0000, 0x0000, 0x0000, 0x0000, 0x0000, 0x0000, 0x0000, 0x0000, 0x0000, 0x0000,
    0x0000, 0x0000, 0x0000, 0x0000, 0x0000, 0x0000, 0x0000, 0x0000, 0x0000, 0x0000, 0x0000, 0x0000, 0x0000, 0x0000, 0x0000, 0x0000,
    0x5b83, 0x5383, 0x5be2, 0x6423, 0x5bc2, 0x5b83, 0x5363, 0x5343, 0x4ae4, 0x5343, 0x5b83, 0x5bc2, 0x5343, 0x5343, 0x5bc2, 0x6423,
    0x75e3, 0x75e3, 0x7e23, 0x8664, 0x7e03, 0x75e3, 0x75c3, 0x6da3, 0x5d43, 0x6da3, 0x75e3, 0x7e03, 0x6da3, 0x6da3, 0x7e03, 0x8664,
    0x8c71, 0x8c71, 0x7bef, 0x73ae, 0x73ae, 0x7bef, 0x7bef, 0x73ae, 0x73ae, 0x73ae, 0x7bef, 0x7bef, 0x73ae, 0x73ae, 0x73ae, 0x8c71,
    0x0000, 0x0000, 0x0000, 0x0000, 0x0000, 0x0000, 0x0000, 0x0000, 0x0000, 0x0000, 0x0000, 0x0000, 0x0000, 0x0000, 0x0000, 0x0000,
    0x0000, 0x0000, 0x0000, 0x0000, 0x0000, 0x0000, 0x0000, 0x0000, 0x0000, 0x0000, 0x0000, 0x0000, 0x0000, 0x0000, 0x0000, 0x0000,
    0x0000, 0x0000, 0x0000, 0x0000, 0x0000, 0x0000, 0x0000, 0x0000, 0x0000, 0x0000, 0x0000, 0x0000, 0x0000, 0x0000, 0x0000, 0x0000,
    0x0000, 0x0000, 0x0000, 0x0000, 0x0000, 0x0000, 0x0000, 0x0000, 0x0000, 0x0000, 0x0000, 0x0000, 0x0000, 0x0000, 0x0000, 0x0000,
    0x0000, 0x0000, 0x0000, 0x0000, 0x0000, 0x0000, 0x0000, 0x0000, 0x0000, 0x0000, 0x0000, 0x0000, 0x0000, 0x0000, 0x0000, 0x0000,
    0x0000, 0x0000, 0x0000, 0x0000, 0x0000, 0x0000, 0x0000, 0x0000, 0x0000, 0x0000, 0x0000, 0x0000, 0x0000, 0x0000, 0x0000, 0x0000,
    0x0000, 0x0000, 0x0000, 0x0000, 0x0000, 0x0000, 0x0000, 0x0000, 0x0000, 0x0000, 0x0000, 0x0000, 0x0000, 0x0000, 0x0000, 0x0000,
    0x0000, 0x0000, 0x0000, 0x0000, 0x0000, 0x0000, 0x0000, 0x0000, 0x0000, 0x0000, 0x0000, 0x0000, 0x0000, 0x0000, 0x0000, 0x0000,
    0x0000, 0x0000, 0x0000, 0x0000, 0x0000, 0x0000, 0x0000, 0x0000, 0x0000, 0x0000, 0x0000, 0x0000, 0x0000, 0x0000, 0x0000, 0x0000,
    0x0000, 0x0000, 0x0000, 0x0000, 0x0000, 0x0000, 0x0000, 0x0000, 0x0000, 0x0000, 0x0000, 0x0000, 0x0000, 0x0000, 0x0000, 0x0000,
    0x0000, 0x0000, 0x0000, 0x0000, 0x0000, 0x0000, 0x0000, 0x0000, 0x0000, 0x0000, 0x0000, 0x0000, 0x0000, 0x0000, 0x0000, 0x0000,
    0x0000, 0x0000, 0x0000, 0x0000, 0x0000, 0x0000, 0x0000, 0x0000, 0x0000, 0x0000, 0x0000, 0x0000, 0x0000, 0x0000, 0x0000, 0x0000,
    0x0000, 0x0000, 0x0000, 0x0000, 0x0000, 0x0000, 0x0000, 0x0000, 0x0000, 0x0000, 0x0000, 0x0000, 0x0000, 0x0000, 0x0000, 0x0000,
    0x5bc2, 0x5bc2, 0x5363, 0x5343, 0x5bc2, 0x5363, 0x5383, 0x5ba2, 0x6423, 0x5ba2, 0x4b23, 0x4b23, 0x5363, 0x5b83, 0x5323, 0x4b04,
    0x7e23, 0x7e23, 0x6dc3, 0x6da3, 0x7e03, 0x75c3, 0x75e3, 0x75e3, 0x8664, 0x7e03, 0x6583, 0x6583, 0x75c3, 0x75e3, 0x6d83, 0x6563,
    0x7bef, 0x73ae, 0x73ae, 0x7bef, 0x7bef, 0x7bef, 0x7bef, 0x7bef, 0x7bef, 0x7bef, 0x7bef, 0x7bef, 0x8c71, 0x8c71, 0x8c71, 0x8c71,
    0x0000, 0x0000, 0x0000, 0x0000, 0x0000, 0x0000, 0x0000, 0x0000, 0x0000, 0x0000, 0x0000, 0x0000, 0x0000, 0x0000, 0x0000, 0x0000,
    0x0000, 0x0000, 0x0000, 0x0000, 0x0000, 0x0000, 0x0000, 0x0000, 0x0000, 0x0000, 0x0000, 0x0000, 0x0000, 0x0000, 0x0000, 0x0000,
    0x0000, 0x0000, 0x0000, 0x0000, 0x0000, 0x0000, 0x0000, 0x0000, 0x0000, 0x0000, 0x0000, 0x0000, 0x0000, 0x0000, 0x0000, 0x0000,
    0x0000, 0x0000, 0x0000, 0x0000, 0x0000, 0x0000, 0x0000, 0x0000, 0x0000, 0x0000, 0x0000, 0x0000, 0x0000, 0x0000, 0x0000, 0x0000,
    0x0000, 0x0000, 0x0000, 0x0000, 0x0000, 0x0000, 0x0000, 0x0000, 0x0000, 0x0000, 0x0000, 0x0000, 0x0000, 0x0000, 0x0000, 0x0000,
    0x0000, 0x0000, 0x0000, 0x0000, 0x0000, 0x0000, 0x0000, 0x0000, 0x0000, 0x0000, 0x0000, 0x0000, 0x0000, 0x0000, 0x0000, 0x0000,
    0x0000, 0x0000, 0x0000, 0x0000, 0x0000, 0x0000, 0x0000, 0x0000, 0x0000, 0x0000, 0x0000, 0x0000, 0x0000, 0x0000, 0x0000, 0x0000,
    0x0000, 0x0000, 0x0000, 0x0000, 0x0000, 0x0000, 0x0000, 0x0000, 0x0000, 0x0000, 0x0000, 0x0000, 0x0000, 0x0000, 0x0000, 0x0000,
    0x0000, 0x0000, 0x0000, 0x0000, 0x0000, 0x0000, 0x0000, 0x0000, 0x0000, 0x0000, 0x0000, 0x0000, 0x0000, 0x0000, 0x0000, 0x0000,
    0x0000, 0x0000, 0x0000, 0x0000, 0x0000, 0x0000, 0x0000, 0x0000, 0x0000, 0x0000, 0x0000, 0x0000, 0x0000, 0x0000, 0x0000, 0x0000,
    0x0000, 0x0000, 0x0000, 0x0000, 0x0000, 0x0000, 0x0000, 0x0000, 0x0000, 0x0000, 0x0000, 0x0000, 0x0000, 0x0000, 0x0000, 0x0000,
    0x0000, 0x0000, 0x0000, 0x0000, 0x0000, 0x0000, 0x0000, 0x0000, 0x0000, 0x0000, 0x0000, 0x0000, 0x0000, 0x0000, 0x0000, 0x0000,
    0x0000, 0x0000, 0x0000, 0x0000, 0x0000, 0x0000, 0x0000, 0x0000, 0x0000, 0x0000, 0x0000, 0x0000, 0x0000, 0x0000, 0x0000, 0x0000,
    0x4ae4, 0x4b04, 0x5bc2, 0x5363, 0x4b04, 0x5323, 0x5bc2, 0x5be2, 0x5343, 0x5323, 0x5383, 0x5bc2, 0x4b04, 0x4b04, 0x5ba2, 0x5bc2,
    0x6563, 0x6583, 0x7e03, 0x75c3, 0x6563, 0x6d83, 0x7e03, 0x7e23, 0x6da3, 0x6d83, 0x75e3, 0x7e03, 0x6563, 0x6583, 0x7e03, 0x7e03,
    0x7bef, 0x7bef, 0x7bef, 0x7bef, 0x7bef, 0x7bef, 0x73ae, 0x73ae, 0x7bef, 0x8c71, 0x8c71, 0x7bef, 0x7bef, 0x73ae, 0x7bef, 0x7bef,
    0x0000, 0x0000, 0x0000, 0x0000, 0x0000, 0x0000, 0x0000, 0x0000, 0x0000, 0x0000, 0x0000, 0x0000, 0x0000, 0x0000, 0x0000, 0x0000,
    0x0000, 0x0000, 0x0000, 0x0000, 0x0000, 0x0000, 0x0000, 0x0000, 0x0000, 0x0000, 0x0000, 0x0000, 0x0000, 0x0000, 0x0000, 0x0000,
    0x0000, 0x0000, 0x0000, 0x0000, 0x0000, 0x0000, 0x0000, 0x0000, 0x0000, 0x0000, 0x0000, 0x0000, 0x0000, 0x0000, 0x0000, 0x0000,
    0x0000, 0x0000, 0x0000, 0x0000, 0x0000, 0x0000, 0x0000, 0x0000, 0x0000, 0x0000, 0x0000, 0x0000, 0x0000, 0x0000, 0x0000, 0x0000,
    0x0000, 0x0000, 0x0000, 0x0000, 0x0000, 0x0000, 0x0000, 0x0000, 0x0000, 0x0000, 0x0000, 0x0000, 0x0000, 0x0000, 0x0000, 0x0000,
    0x0000, 0x0000, 0x0000, 0x0000, 0x0000, 0x0000, 0x0000, 0x0000, 0x0000, 0x0000, 0x0000, 0x0000, 0x0000, 0x0000, 0x0000, 0x0000,
    0x0000, 0x0000, 0x0000, 0x0000, 0x0000, 0x0000, 0x0000, 0x0000, 0x0000, 0x0000, 0x0000, 0x0000, 0x0000, 0x0000, 0x0000, 0x0000,
    0x0000, 0x0000, 0x0000, 0x0000, 0x0000, 0x0000, 0x0000, 0x0000, 0x0000, 0x0000, 0x0000, 0x0000, 0x0000, 0x0000, 0x0000, 0x0000,
    0x0000, 0x0000, 0x0000, 0x0000, 0x0000, 0x0000, 0x0000, 0x0000, 0x0000, 0x0000, 0x0000, 0x0000, 0x0000, 0x0000, 0x0000, 0x0000,
    0x0000, 0x0000, 0x0000, 0x0000, 0x0000, 0x0000, 0x0000, 0x0000, 0x0000, 0x0000, 0x0000, 0x0000, 0x0000, 0x0000, 0x0000, 0x0000,
    0x0000, 0x0000, 0x0000, 0x0000, 0x0000, 0x0000, 0x0000, 0x0000, 0x0000, 0x0000, 0x0000, 0x0000, 0x0000, 0x0000, 0x0000, 0x0000,
    0x0000, 0x0000, 0x0000, 0x0000, 0x0000, 0x0000, 0x0000, 0x0000, 0x0000, 0x0000, 0x0000, 0x0000, 0x0000, 0x0000, 0x0000, 0x0000,
    0x0000, 0x0000, 0x0000, 0x0000, 0x0000, 0x0000, 0x0000, 0x0000, 0x0000, 0x0000, 0x0000, 0x0000, 0x0000, 0x0000, 0x0000, 0x0000,
    0x6204, 0x6a04, 0x61e4, 0x61e4, 0x7224, 0x7a65, 0x6a04, 0x6a04, 0x7245, 0x7a65, 0x61e4, 0x61e4, 0x7245, 0x7245, 0x61e4, 0x61e4,
    0xf5c3, 0xf5e3, 0xf5a3, 0xf5c3, 0xfe24, 0xfe86, 0xf5c3, 0xf5c3, 0xfe45, 0xfe65, 0xf582, 0xf5a3, 0xfe24, 0xfe24, 0xf5a3, 0xf5a3,
    0x0000, 0x0000, 0x0000, 0x0000, 0x0000, 0x0000, 0x0000, 0x0000, 0x0000, 0x0000, 0x0000, 0x0000, 0x0000, 0x0000, 0x0000, 0x0000,
    0x0000, 0x0000, 0x0000, 0x0000, 0x0000, 0x0000, 0x0000, 0x0000, 0x0000, 0x0000, 0x0000, 0x0000, 0x0000, 0x0000, 0x0000, 0x0000,
    0x0000, 0x0000, 0x0000, 0x0000, 0x0000, 0x0000, 0x0000, 0x0000, 0xef5d, 0x0000, 0x0000, 0x0000, 0x0000, 0x0000, 0x0000, 0x0000,
    0x0000, 0x0000, 0x0000, 0x0000, 0x0000, 0x0000, 0x0000, 0x0000, 0x0000, 0x0000, 0x0000, 0x0000, 0x0000, 0x0000, 0x0000, 0x0000,
    0x0000, 0x0000, 0x0000, 0x0000, 0x0000, 0x0000, 0x0000, 0x0000, 0x0000, 0x0000, 0x0000, 0x0000, 0x0000, 0x0000, 0x0000, 0x0000,
    0x0000, 0x0000, 0x0000, 0x0000, 0x0000, 0x0000, 0x0000, 0x0000, 0x0000, 0x0000, 0x0000, 0x0000, 0x0000, 0x0000, 0x0000, 0x0000,
    0x0000, 0x0000, 0x0000, 0x0000, 0x0000, 0x0000, 0x0000, 0x0000, 0x0000, 0x0000, 0x0000, 0x0000, 0x0000, 0x0000, 0x0000, 0x0000,
    0x0000, 0x0000, 0x0000, 0x0000, 0x0000, 0x0000, 0x0000, 0x0000, 0x0000, 0x0000, 0x0000, 0x0000, 0x0000, 0x0000, 0x0000, 0x0000,
    0x0000, 0x0000, 0x0000, 0x0000, 0x0000, 0x0000, 0x0000, 0x0000, 0x0000, 0x0000, 0x0000, 0x0000, 0x0000, 0x0000, 0x0000, 0x0000,
    0x0000, 0x0000, 0x0000, 0x0000, 0x0000, 0x0000, 0x0000, 0x0000, 0x0000, 0x0000, 0x0000, 0x0000, 0x0000, 0x0000, 0x0000, 0x0000,
    0x0000, 0x0000, 0x0000, 0x0000, 0x0000, 0x0000, 0x0000, 0x0000, 0x0000, 0x0000, 0x0000, 0x0000, 0x0000, 0x0000, 0x0000, 0x0000,
    0x0000, 0x0000, 0x0000, 0x0000, 0x0000, 0x0000, 0x0000, 0x0000, 0x0000, 0x0000, 0x0000, 0x0000, 0x0000, 0x0000, 0x0000, 0x0000,
    0x0000, 0x0000, 0x0000, 0x0000, 0x0000, 0x0000, 0x0000, 0x0000, 0x0000, 0x0000, 0x0000, 0x0000, 0x0000, 0x0000, 0x0000, 0x0000,
    0x0000, 0x0000, 0x0000, 0x0000, 0x0000, 0x0000, 0x0000, 0x0000, 0x0000, 0x0000, 0x0000, 0x0000, 0x0000, 0x0000, 0x0000, 0x0000,
    0x7225, 0x7245, 0x82a6, 0x82a6, 0x7a65, 0x7a65, 0x6a24, 0x6a24, 0x61e4, 0x61e4, 0x6a04, 0x6a24, 0x61c3, 0x61e4, 0x6a04, 0x6a24,
    0xfe24, 0xfe45, 0xfec7, 0xfec7, 0xfe86, 0xfe65, 0xf604, 0xf604, 0xf5c3, 0xf5a3, 0xf5c3, 0xf604, 0xf582, 0xf5a3, 0xf5e3, 0xfe04,
    0x0000, 0x0000, 0x0000, 0x0000, 0x0000, 0x0000, 0x0000, 0x0000, 0x0000, 0x0000, 0x0000, 0x0000, 0x0000, 0x0000, 0x0000, 0x0000,
    0x0000, 0x0000, 0x0000, 0x0000, 0x0000, 0x0000, 0x0000, 0x0000, 0x0000, 0x0000, 0x0000, 0x0000, 0x0000, 0x0000, 0x0000, 0x0000,
    0x0000, 0x0000, 0x0000, 0x0000, 0x0000, 0x0000, 0x0000, 0x0000, 0x0000, 0x0000, 0x0000, 0x0000, 0x0000, 0x0000, 0x0000, 0x0000,
    0x0000, 0x0000, 0x0000, 0x0000, 0x0000, 0x0000, 0x0000, 0x0000, 0x0000, 0x0000, 0x0000, 0x0000, 0x0000, 0x0000, 0x0000, 0x0000,
    0x0000, 0x0000, 0x0000, 0x0000, 0x0000, 0x0000, 0x0000, 0x0000, 0x0000, 0x0000, 0x0000, 0x0000, 0x0000, 0x0000, 0x0000, 0x0000,
    0x0000, 0x0000, 0x0000, 0x0000, 0x0000, 0x0000, 0x0000, 0x0000, 0x0000, 0x0000, 0x0000, 0x0000, 0x0000, 0x0000, 0x0000, 0x0000,
    0x0000, 0x0000, 0x0000, 0x0000, 0x0000, 0x0000, 0x0000, 0x0000, 0x0000, 0x0000, 0x0000, 0x0000, 0x0000, 0x0000, 0x0000, 0x0000,
    0x0000, 0x0000, 0x0000, 0x0000, 0x0000, 0x0000, 0x0000, 0x0000, 0x0000, 0x0000, 0x0000, 0x0000, 0x0000, 0x0000, 0x0000, 0x0000,
    0x0000, 0x0000, 0x0000, 0x0000, 0x0000, 0x0000, 0x0000, 0x0000, 0x0000, 0x0000, 0x0000, 0x0000, 0x0000, 0x0000, 0x0000, 0x0000,
    0x0000, 0x0000, 0x0000, 0x0000, 0x0000, 0x0000, 0x0000, 0x0000, 0x0000, 0x0000, 0x0000, 0x0000, 0x0000, 0x0000, 0x0000, 0x0000,
    0x0000, 0x0000, 0x0000, 0x0000, 0x0000, 0x0000, 0x0000, 0x0000, 0x0000, 0x0000, 0x0000, 0x0000, 0x0000, 0x0000, 0x0000, 0x0000,
    0x0000, 0x0000, 0x0000, 0x0000, 0x0000, 0x0000, 0x0000, 0x0000, 0x0000, 0x0000, 0x0000, 0x0000, 0x0000, 0x0000, 0x0000, 0x0000,
    0x0000, 0x0000, 0x0000, 0x0000, 0x0000, 0x0000, 0x0000, 0x0000, 0x0000, 0x0000, 0x0000, 0x0000, 0x0000, 0x0000, 0x0000, 0x0000,
    0x0000, 0x0000, 0x0000, 0x0000, 0x0000, 0x0000, 0x0000, 0x0000, 0x0000, 0x0000, 0x0000, 0x0000, 0x0000, 0x0000, 0x0000, 0x0000,
    0x7a65, 0x7a85, 0x6a24, 0x6a24, 0x8286, 0x7a85, 0x7245, 0x6a24, 0x7a65, 0x7a85, 0x7a45, 0x7a45, 0x8286, 0x82a6, 0x7a65, 0x7245,
    0xfe86, 0xfea6, 0xf604, 0xfe04, 0xfea7, 0xfea6, 0xfe44, 0xf604, 0xfe65, 0xfea6, 0xfe65, 0xfe65, 0xfea7, 0xfec7, 0xfe65, 0xfe45,
    0x0000, 0x0000, 0x0000, 0x0000, 0x0000, 0x0000, 0x0000, 0x0000, 0x0000, 0x0000, 0x0000, 0x0000, 0x0000, 0x0000, 0x0000, 0x0000,
    0x0000, 0x0000, 0x0000, 0x0000, 0x0000, 0x0000, 0x0000, 0x0000, 0x0000, 0x0000, 0x0000, 0x0000, 0x0000, 0x0000, 0x0000, 0x0000,
    0x0000, 0x0000, 0x0000, 0x0000, 0x0000, 0x0000, 0x0000, 0x0000, 0xffff, 0x0000, 0x0000, 0x0000, 0x0000, 0x0000, 0x0000, 0x0000,
    0x0000, 0x0000, 0x0000, 0x0000, 0x0000, 0x0000, 0x0000, 0x0000, 0x0000, 0x0000, 0x0000, 0x0000, 0x0000, 0x0000, 0x0000, 0x0000,
    0x0000, 0x0000, 0x0000, 0x0000, 0x0000, 0x0000, 0x0000, 0x0000, 0x0000, 0x0000, 0x0000, 0x0000, 0x0000, 0x0000, 0x0000, 0x0000,
    0x0000, 0x0000, 0x0000, 0x0000, 0x0000, 0x0000, 0x0000, 0x0000, 0x0000, 0x0000, 0x0000, 0x0000, 0x0000, 0x0000, 0x0000, 0x0000,
    0x0000, 0x0000, 0x0000, 0x0000, 0x0000, 0x0000, 0x0000, 0x0000, 0x0000, 0x0000, 0x0000, 0x0000, 0x0000, 0x0000, 0x0000, 0x0000,
    0x0000, 0x0000, 0x0000, 0x0000, 0x0000, 0x0000, 0x0000, 0x0000, 0x0000, 0x0000, 0x0000, 0x0000, 0x0000, 0x0000, 0x0000, 0x0000,
    0x0000, 0x0000, 0x0000, 0x0000, 0x0000, 0x0000, 0x0000, 0x0000, 0x0000, 0x0000, 0x0000, 0x0000, 0x0000, 0x0000, 0x0000, 0x0000,
    0x0000, 0x0000, 0x0000, 0x0000, 0x0000, 0x0000, 0x0000, 0x0000, 0x0000, 0x0000, 0x0000, 0x0000, 0x0000, 0x0000, 0x0000, 0x0000,
    0x0000, 0x0000, 0x0000, 0x0000, 0x0000, 0x0000, 0x0000, 0x0000, 0x0000, 0x0000, 0x0000, 0x0000, 0x0000, 0x0000, 0x0000, 0x0000,
    0x0000, 0x0000, 0x0000, 0x0000, 0x0000, 0x0000, 0x0000, 0x0000, 0x0000, 0x0000, 0x0000, 0x0000, 0x0000, 0x0000, 0x0000, 0x0000,
    0x0000, 0x0000, 0x0000, 0x0000, 0x0000, 0x0000, 0x0000, 0x0000, 0x0000, 0x0000, 0x0000, 0x0000, 0x0000, 0x0000, 0x0000, 0x0000,
    0x0000, 0x0000, 0x0000, 0x0000, 0x0000, 0x0000, 0x0000, 0x0000, 0x0000, 0x0000, 0x0000, 0x0000, 0x0000, 0x0000, 0x0000, 0x0000,
    0x7225, 0x6a04, 0x7a65, 0x7a85, 0x6a24, 0x6a04, 0x7224, 0x7a85, 0x6a04, 0x6a24, 0x7a85, 0x7a85, 0x7225, 0x6a04, 0x82a6, 0x7a85,
    0xfe24, 0xf5e3, 0xfe65, 0xfea6, 0xf604, 0xf5e3, 0xfe24, 0xfea6, 0xf5c3, 0xf604, 0xfea6, 0xfea6, 0xfe24, 0xf5e3, 0xfec7, 0xfe86,
    0x0000, 0x0000, 0x0000, 0x0000, 0x0000, 0x0000, 0x0000, 0x0000, 0x0000, 0x0000, 0x0000, 0x0000, 0x0000, 0x0000, 0x0000, 0x0000,
    0x0000, 0x0000, 0x0000, 0x0000, 0x0000, 0x0000, 0x0000, 0x0000, 0x0000, 0x0000, 0x0000, 0x0000, 0x0000, 0x0000, 0x0000, 0x0000,
    0x0000, 0x0000, 0x0000, 0x0000, 0x0000, 0x0000, 0x0000, 0xef5d, 0xdedb, 0x0000, 0x0000, 0x0000, 0x0000, 0x0000, 0x0000, 0x0000,
    0x0000, 0x0000, 0x0000, 0x0000, 0x0000, 0x0000, 0x0000, 0x0000, 0x0000, 0x0000, 0x0000, 0x0000, 0x0000, 0x0000, 0x0000, 0x0000,
    0x0000, 0x0000, 0x0000, 0x0000, 0x0000, 0x0000, 0x0000, 0x0000, 0x0000, 0x0000, 0x0000, 0x0000, 0x0000, 0x0000, 0x0000, 0x0000,
    0x0000, 0x0000, 0x0000, 0x0000, 0x0000, 0x0000, 0x0000, 0x0000, 0x0000, 0x0000, 0x0000, 0x0000, 0x0000, 0x0000, 0x0000, 0x0000,
    0x0000, 0x0000, 0x0000, 0x0000, 0x0000, 0x0000, 0x0000, 0x0000, 0x0000, 0x0000, 0x0000, 0x0000, 0x0000, 0x0000, 0x0000, 0x0000,
    0x0000, 0x0000, 0x0000, 0x0000, 0x0000, 0x0000, 0x0000, 0x0000, 0x0000, 0x0000, 0x0000, 0x0000, 0x0000, 0x0000, 0x0000, 0x0000,
    0x0000, 0x0000, 0x0000, 0x0000, 0x0000, 0x0000, 0x0000, 0x0000, 0x0000, 0x0000, 0x0000, 0x0000, 0x0000, 0x0000, 0x0000, 0x0000,
    0x0000, 0x0000, 0x0000, 0x0000, 0x0000, 0x0000, 0x0000, 0x0000, 0x0000, 0x0000, 0x0000, 0x0000, 0x0000, 0x0000, 0x0000, 0x0000,
    0x0000, 0x0000, 0x0000, 0x0000, 0x0000, 0x0000, 0x0000, 0x0000, 0x0000, 0x0000, 0x0000, 0x0000, 0x0000, 0x0000, 0x0000, 0x0000,
    0x0000, 0x0000, 0x0000, 0x0000, 0x0000, 0x0000, 0x0000, 0x0000, 0x0000, 0x0000, 0x0000, 0x0000, 0x0000, 0x0000, 0x0000, 0x0000,
    0x0000, 0x0000, 0x0000, 0x0000, 0x0000, 0x0000, 0x0000, 0x0000, 0x0000, 0x0000, 0x0000, 0x0000, 0x0000, 0x0000, 0x0000, 0x0000,
    0x0000, 0x0000, 0x0000, 0x0000, 0x0000, 0x0000, 0x0000, 0x0000, 0x0000, 0x0000, 0x0000, 0x0000, 0x0000, 0x0000, 0x0000, 0x0000,
    0x7245, 0x6a24, 0x6a04, 0x7225, 0x7a65, 0x7a65, 0x61e4, 0x61e4, 0x6a04, 0x7245, 0x6a04, 0x61e4, 0x7a65, 0x7a65, 0x61e4, 0x61e4,
    0xfe45, 0xfe04, 0xf5c3, 0xfe24, 0xfe86, 0xfe65, 0xf582, 0xf582, 0xf5e3, 0xfe24, 0xf5c3, 0xf5a3, 0xfe86, 0xfe86, 0xf5a3, 0xf582,
    0x0000, 0x0000, 0x0000, 0x0000, 0x0000, 0x0000, 0x0000, 0x0000, 0x0000, 0x0000, 0x0000, 0x0000, 0x0000, 0x0000, 0x0000, 0x0000,
    0x0000, 0x0000, 0x0000, 0x0000, 0x0000, 0x0000, 0x0000, 0x0000, 0x0000, 0x0000, 0x0000, 0x0000, 0x0000, 0x0000, 0x0000, 0x0000,
    0x0000, 0x0000, 0x0000, 0x0000, 0x0000, 0x0000, 0x0000, 0xef5d, 0x0000, 0xdedb, 0x0000, 0x0000, 0x0000, 0x0000, 0x0000, 0x0000,
    0x0000, 0x0000, 0x0000, 0x0000, 0x0000, 0x0000, 0x0000, 0x0000, 0x0000, 0x0000, 0x0000, 0x0000, 0x0000, 0x0000, 0x0000, 0x0000,
    0x0000, 0x0000, 0x0000, 0x0000, 0x0000, 0x0000, 0x0000, 0x0000, 0x0000, 0x0000, 0x0000, 0x0000, 0x0000, 0x0000, 0x0000, 0x0000,
    0x0000, 0x0000, 0x0000, 0x0000, 0x0000, 0x0000, 0x0000, 0x0000, 0x0000, 0x0000, 0x0000, 0x0000, 0x0000, 0x0000, 0x0000, 0x0000,
    0x0000, 0x0000, 0x0000, 0x0000, 0x0000, 0x0000, 0x0000, 0x0000, 0x0000, 0x0000, 0x0000, 0x0000, 0x0000, 0x0000, 0x0000, 0x0000,
    0x0000, 0x0000, 0x0000, 0x0000, 0x0000, 0x0000, 0x0000, 0x0000, 0x0000, 0x0000, 0x0000, 0x0000, 0x0000, 0x0000, 0x0000, 0x0000,
    0x0000, 0x0000, 0x0000, 0x0000, 0x0000, 0x0000, 0x0000, 0x0000, 0x0000, 0x0000, 0x0000, 0x0000, 0x0000, 0x0000, 0x0000, 0x0000,
    0x0000, 0x0000, 0x0000, 0x0000, 0x0000, 0x0000, 0x0000, 0x0000, 0x0000, 0x0000, 0x0000, 0x0000, 0x0000, 0x0000, 0x0000, 0x0000,
    0x0000, 0x0000, 0x0000, 0x0000, 0x0000, 0x0000, 0x0000, 0x0000, 0x0000, 0x0000, 0x0000, 0x0000, 0x0000, 0x0000, 0x0000, 0x0000,
    0x0000, 0x0000, 0x0000, 0x0000, 0x0000, 0x0000, 0x0000, 0x0000, 0x0000, 0x0000, 0x0000, 0x0000, 0x0000, 0x0000, 0x0000, 0x0000,
    0x0000, 0x0000, 0x0000, 0x0000, 0x0000, 0x0000, 0x0000, 0x0000, 0x0000, 0x0000, 0x0000, 0x0000, 0x0000, 0x0000, 0x0000, 0x0000,
    0x0000, 0x0000, 0x0000, 0x0000, 0x0000, 0x0000, 0x0000, 0x0000, 0x0000, 0x0000, 0x0000, 0x0000, 0x0000, 0x0000, 0x0000, 0x0000,
    0x61e4, 0x61e4, 0x6a04, 0x7a85, 0x6a04, 0x61e4, 0x6204, 0x6a04, 0x6a04, 0x61e4, 0x6a04, 0x6a24, 0x61e4, 0x6a04, 0x61e4, 0x6a04,
    0xf5a3, 0xf582, 0xf5c3, 0xfea6, 0xf5c3, 0xf582, 0xf5c3, 0xf5e3, 0xf5c3, 0xf582, 0xf5e3, 0xf604, 0xf5a3, 0xf5c3, 0xf5c3, 0xf5e4,
    0x0000, 0x0000, 0x0000, 0x0000, 0x0000, 0x0000, 0x0000, 0x0000, 0x0000, 0x0000, 0x0000, 0x0000, 0x0000, 0x0000, 0x0000, 0x0000,
    0x0000, 0x0000, 0x0000, 0x0000, 0x0000, 0x0000, 0xffff, 0x0000, 0xffff, 0xdedb, 0x0000, 0x0000, 0x0000, 0x0000, 0x0000, 0x0000,
    0x0000, 0x0000, 0x0000, 0x0000, 0x0000, 0x0000, 0x0000, 0x0000, 0x0000, 0xdedb, 0x0000, 0x0000, 0x0000, 0x0000, 0x0000, 0x0000,
    0x0000, 0x0000, 0x0000, 0x0000, 0x0000, 0x0000, 0x0000, 0x0000, 0x0000, 0x0000, 0x0000, 0x0000, 0x0000, 0x0000, 0x0000, 0x0000,
    0x0000, 0x0000, 0x0000, 0x0000, 0x0000, 0x0000, 0x0000, 0x0000, 0x0000, 0x0000, 0x0000, 0x0000, 0x0000, 0x0000, 0x0000, 0x0000,
    0x0000, 0x0000, 0x0000, 0x0000, 0x0000, 0x0000, 0x0000, 0x0000, 0x0000, 0x0000, 0x0000, 0x0000, 0x0000, 0x0000, 0x0000, 0x0000,
    0x0000, 0x0000, 0x0000, 0x0000, 0x0000, 0x0000, 0x0000, 0x0000, 0x0000, 0x0000, 0x0000, 0x0000, 0x0000, 0x0000, 0x0000, 0x0000,
    0x0000, 0x0000, 0x0000, 0x0000, 0x0000, 0x0000, 0x0000, 0x0000, 0x0000, 0x0000, 0x0000, 0x0000, 0x0000, 0x0000, 0x0000, 0x0000,
    0x0000, 0x0000, 0x0000, 0x0000, 0x0000, 0x0000, 0x0000, 0x0000, 0x0000, 0x0000, 0x0000, 0x0000, 0x0000, 0x0000, 0x0000, 0x0000,
    0x0000, 0x0000, 0x0000, 0x0000, 0x0000, 0x0000, 0x0000, 0x0000, 0x0000, 0x0000, 0x0000, 0x0000, 0x0000, 0x0000, 0x0000, 0x0000,
    0x0000, 0x0000, 0x0000, 0x0000, 0x0000, 0x0000, 0x0000, 0x0000, 0x0000, 0x0000, 0x0000, 0x0000, 0x0000, 0x0000, 0x0000, 0x0000,
    0x0000, 0x0000, 0x0000, 0x0000, 0x0000, 0x0000, 0x0000, 0x0000, 0x0000, 0x0000, 0x0000, 0x0000, 0x0000, 0x0000, 0x0000, 0x0000,
    0x0000, 0x0000, 0x0000, 0x0000, 0x0000, 0x0000, 0x0000, 0x0000, 0x0000, 0x0000, 0x0000, 0x0000, 0x0000, 0x0000, 0x0000, 0x0000,
    0x0000, 0x0000, 0x0000, 0x0000, 0x0000, 0x0000, 0x0000, 0x0000, 0x0000, 0x0000, 0x0000, 0x0000, 0x0000, 0x0000, 0x0000, 0x0000,
    0x82a6, 0x82a6, 0x7a65, 0x7a65, 0x7224, 0x7224, 0x6a24, 0x7245, 0x7a65, 0x82a6, 0x7245, 0x6a24, 0x82a6, 0x82a6, 0x7a65, 0x7245,
    0xfec7, 0xfec7, 0xfe86, 0xfe65, 0xfe24, 0xfe24, 0xfe04, 0xfe24, 0xfe86, 0xfec7, 0xfe45, 0xf604, 0xfec7, 0xfec7, 0xfe65, 0xfe44,
    0x0000, 0x0000, 0x0000, 0x0000, 0x0000, 0x0000, 0x0000, 0x0000, 0x0000, 0x0000, 0x0000, 0x0000, 0x0000, 0x0000, 0x0000, 0x0000,
    0x0000, 0x0000, 0x0000, 0x0000, 0x0000, 0xdedb, 0xffff, 0xdedb, 0xef5d, 0xffff, 0xffff, 0x0000, 0x0000, 0x0000, 0x0000, 0x0000,
    0x0000, 0x0000, 0x0000, 0x0000, 0x0000, 0x0000, 0x0000, 0x0000, 0xef5d, 0xffff, 0x0000, 0x0000, 0x0000, 0x0000, 0x0000, 0x0000,
    0x0000, 0x0000, 0x0000, 0x0000, 0x0000, 0x0000, 0x0000, 0x0000, 0x0000, 0x0000, 0x0000, 0x0000, 0x0000, 0x0000, 0x0000, 0x0000,
    0x0000, 0x0000, 0x0000, 0x0000, 0x0000, 0x0000, 0x0000, 0x0000, 0x0000, 0x0000, 0x0000, 0x0000, 0x0000, 0x0000, 0x0000, 0x0000,
    0x0000, 0x0000, 0x0000, 0x0000, 0x0000, 0x0000, 0x0000, 0x0000, 0x0000, 0x0000, 0x0000, 0x0000, 0x0000, 0x0000, 0x0000, 0x0000,
    0x0000, 0x0000, 0x0000, 0x0000, 0x0000, 0x0000, 0x0000, 0x0000, 0x0000, 0x0000, 0x0000, 0x0000, 0x0000, 0x0000, 0x0000, 0x0000,
    0x0000, 0x0000, 0x0000, 0x0000, 0x0000, 0x0000, 0x0000, 0x0000, 0x0000, 0x0000, 0x0000, 0x0000, 0x0000, 0x0000, 0x0000, 0x0000,
    0x0000, 0x0000, 0x0000, 0x0000, 0x0000, 0x0000, 0x0000, 0x0000, 0x0000, 0x0000, 0x0000, 0x0000, 0x0000, 0x0000, 0x0000, 0x0000,
    0x0000, 0x0000, 0x0000, 0x0000, 0x0000, 0x0000, 0x0000, 0x0000, 0x0000, 0x0000, 0x0000, 0x0000, 0x0000, 0x0000, 0x0000, 0x0000,
    0x0000, 0x0000, 0x0000, 0x0000, 0x0000, 0x0000, 0x0000, 0x0000, 0x0000, 0x0000, 0x0000, 0x0000, 0x0000, 0x0000, 0x0000, 0x0000,
    0x0000, 0x0000, 0x0000, 0x0000, 0x0000, 0x0000, 0x0000, 0x0000, 0x0000, 0x0000, 0x0000, 0x0000, 0x0000, 0x0000, 0x0000, 0x0000,
    0x0000, 0x0000, 0x0000, 0x0000, 0x0000, 0x0000, 0x0000, 0x0000, 0x0000, 0x0000, 0x0000, 0x0000, 0x0000, 0x0000, 0x0000, 0x0000,
    0x0000, 0x0000, 0x0000, 0x0000, 0x0000, 0x0000, 0x0000, 0x0000, 0x0000, 0x0000, 0x0000, 0x0000, 0x0000, 0x0000, 0x0000, 0x0000,
    0x6a04, 0x6a04, 0x82a6, 0x82a6, 0x7a65, 0x7245, 0x7a85, 0x7a85, 0x61e4, 0x6a04, 0x7a65, 0x7a85, 0x7245, 0x7245, 0x7a85, 0x7a85,
    0xf5e3, 0xf5e3, 0xfec7, 0xfec7, 0xfe65, 0xfe45, 0xfea6, 0xfe86, 0xf5c3, 0xf5c3, 0xfe65, 0xfea6, 0xfe45, 0xfe45, 0xfea6, 0xfe86,
    0x0000, 0x0000, 0x0000, 0x0000, 0x0000, 0x0000, 0x0000, 0x0000, 0x0000, 0x0000, 0x0000, 0x0000, 0x0000, 0x0000, 0x0000, 0x0000,
    0x0000, 0x0000, 0x0000, 0x0000, 0x0000, 0x0000, 0xef5d, 0xef5d, 0x0000, 0xef5d, 0xef5d, 0xffff, 0x0000, 0x0000, 0x0000, 0x0000,
    0x0000, 0x0000, 0x0000, 0x0000, 0x0000, 0x0000, 0x0000, 0xef5d, 0x0000, 0x0000, 0x0000, 0x0000, 0x0000, 0x0000, 0x0000, 0x0000,
    0x0000, 0x0000, 0x0000, 0x0000, 0x0000, 0x0000, 0x0000, 0x0000, 0x0000, 0x0000, 0x0000, 0x0000, 0x0000, 0x0000, 0x0000, 0x0000,
    0x0000, 0x0000, 0x0000, 0x0000, 0x0000, 0x0000, 0x0000, 0x0000, 0x0000, 0x0000, 0x0000, 0x0000, 0x0000, 0x0000, 0x0000, 0x0000,
    0x0000, 0x0000, 0x0000, 0x0000, 0x0000, 0x0000, 0x0000, 0x0000, 0x0000, 0x0000, 0x0000, 0x0000, 0x0000, 0x0000, 0x0000, 0x0000,
    0x0000, 0x0000, 0x0000, 0x0000, 0x0000, 0x0000, 0x0000, 0x0000, 0x0000, 0x0000, 0x0000, 0x0000, 0x0000, 0x0000, 0x0000, 0x0000,
    0x0000, 0x0000, 0x0000, 0x0000, 0x0000, 0x0000, 0x0000, 0x0000, 0x0000, 0x0000, 0x0000, 0x0000, 0x0000, 0x0000, 0x0000, 0x0000,
    0x0000, 0x0000, 0x0000, 0x0000, 0x0000, 0x0000, 0x0000, 0x0000, 0x0000, 0x0000, 0x0000, 0x0000, 0x0000, 0x0000, 0x0000, 0x0000,
    0x0000, 0x0000, 0x0000, 0x0000, 0x0000, 0x0000, 0x0000, 0x0000, 0x0000, 0x0000, 0x0000, 0x0000, 0x0000, 0x0000, 0x0000, 0x0000,
    0x0000, 0x0000, 0x0000, 0x0000, 0x0000, 0x0000, 0x0000, 0x0000, 0x0000, 0x0000, 0x0000, 0x0000, 0x0000, 0x0000, 0x0000, 0x0000,
    0x0000, 0x0000, 0x0000, 0x0000, 0x0000, 0x0000, 0x0000, 0x0000, 0x0000, 0x0000, 0x0000, 0x0000, 0x0000, 0x0000, 0x0000, 0x0000,
    0x0000, 0x0000, 0x0000, 0x0000, 0x0000, 0x0000, 0x0000, 0x0000, 0x0000, 0x0000, 0x0000, 0x0000, 0x0000, 0x0000, 0x0000, 0x0000,
    0x0000, 0x0000, 0x0000, 0x0000, 0x0000, 0x0000, 0x0000, 0x0000, 0x0000, 0x0000, 0x0000, 0x0000, 0x0000, 0x0000, 0x0000, 0x0000,
    0x7a65, 0x7a45, 0x61e4, 0x6a04, 0x7a85, 0x7245, 0x6a04, 0x6a04, 0x6a04, 0x6a24, 0x6a04, 0x61e4, 0x7224, 0x6a24, 0x61e4, 0x61e4,
    0xfe65, 0xfe65, 0xf5a3, 0xf5e3, 0xfe86, 0xfe45, 0xf5c3, 0xf5e3, 0xf5e3, 0xf604, 0xf5c3, 0xf5a3, 0xfe24, 0xf604, 0xf5a3, 0xf5a3,
    0x0000, 0x0000, 0x0000, 0x0000, 0x0000, 0x0000, 0x0000, 0x0000, 0x0000, 0x0000, 0x0000, 0x0000, 0x0000, 0x0000, 0x0000, 0x0000,
    0x0000, 0x0000, 0x0000, 0x0000, 0x0000, 0xffff, 0xdedb, 0xef5d, 0xffff, 0xef5d, 0xffff, 0x0000, 0x0000, 0x0000, 0x0000, 0x0000,
    0x0000, 0x0000, 0x0000, 0x0000, 0x0000, 0x0000, 0x0000, 0x0000, 0xffff, 0x0000, 0x0000, 0x0000, 0x0000, 0x0000, 0x0000, 0x0000,
    0x0000, 0x0000, 0x0000, 0x0000, 0x0000, 0x0000, 0x0000, 0x0000, 0x0000, 0x0000, 0x0000, 0x0000, 0x0000, 0x0000, 0x0000, 0x0000,
    0x0000, 0x0000, 0x0000, 0x0000, 0x0000, 0x0000, 0x0000, 0x0000, 0x0000, 0x0000, 0x0000, 0x0000, 0x0000, 0x0000, 0x0000, 0x0000,
    0x0000, 0x0000, 0x0000, 0x0000, 0x0000, 0x0000, 0x0000, 0x0000, 0x0000, 0x0000, 0x0000, 0x0000, 0x0000, 0x0000, 0x0000, 0x0000,
    0x0000, 0x0000, 0x0000, 0x0000, 0x0000, 0x0000, 0x0000, 0x0000, 0x0000, 0x0000, 0x0000, 0x0000, 0x0000, 0x0000, 0x0000, 0x0000,
    0x0000, 0x0000, 0x0000, 0x0000, 0x0000, 0x0000, 0x0000, 0x0000, 0x0000, 0x0000, 0x0000, 0x0000, 0x0000, 0x0000, 0x0000, 0x0000,
    0x0000, 0x0000, 0x0000, 0x0000, 0x0000, 0x0000, 0x0000, 0x0000, 0x0000, 0x0000, 0x0000, 0x0000, 0x0000, 0x0000, 0x0000, 0x0000,
    0x0000, 0x0000, 0x0000, 0x0000, 0x0000, 0x0000, 0x0000, 0x0000, 0x0000, 0x0000, 0x0000, 0x0000, 0x0000, 0x0000, 0x0000, 0x0000,
    0x0000, 0x0000, 0x0000, 0x0000, 0x0000, 0x0000, 0x0000, 0x0000, 0x0000, 0x0000, 0x0000, 0x0000, 0x0000, 0x0000, 0x0000, 0x0000,
    0x0000, 0x0000, 0x0000, 0x0000, 0x0000, 0x0000, 0x0000, 0x0000, 0x0000, 0x0000, 0x0000, 0x0000, 0x0000, 0x0000, 0x0000, 0x0000,
    0x0000, 0x0000, 0x0000, 0x0000, 0x0000, 0x0000, 0x0000, 0x0000, 0x0000, 0x0000, 0x0000, 0x0000, 0x0000, 0x0000, 0x0000, 0x0000,
    0x0000, 0x0000, 0x0000, 0x0000, 0x0000, 0x0000, 0x0000, 0x0000, 0x0000, 0x0000, 0x0000, 0x0000, 0x0000, 0x0000, 0x0000, 0x0000,
    0x6a04, 0x6a24, 0x6a04, 0x7a65, 0x61e4, 0x61e4, 0x6a24, 0x7245, 0x6a04, 0x7245, 0x82a6, 0x82a6, 0x6a24, 0x7a45, 0x82a6, 0x82a6,
    0xf5e3, 0xf604, 0xf5e4, 0xfe86, 0xf582, 0xf582, 0xf604, 0xfe45, 0xf5c3, 0xfe45, 0xfec7, 0xfec7, 0xfe04, 0xfe65, 0xfec7, 0xfec7,
    0x0000, 0x0000, 0x0000, 0x0000, 0x0000, 0x0000, 0x0000, 0x0000, 0x0000, 0x0000, 0x0000, 0x0000, 0x0000, 0x0000, 0x0000, 0x0000,
    0x0000, 0x0000, 0x0000, 0x0000, 0x0000, 0xffff, 0xdedb, 0xffff, 0x0000, 0xdedb, 0xffff, 0x0000, 0x0000, 0x0000, 0x0000, 0x0000,
    0x0000, 0x0000, 0x0000, 0x0000, 0x0000, 0x0000, 0x0000, 0xffff, 0x0000, 0x0000, 0x0000, 0x0000, 0x0000, 0x0000, 0x0000, 0x0000,
    0x0000, 0x0000, 0x0000, 0x0000, 0x0000, 0x0000, 0x0000, 0x0000, 0x0000, 0x0000, 0x0000, 0x0000, 0x0000, 0x0000, 0x0000, 0x0000,
    0x0000, 0x0000, 0x0000, 0x0000, 0x0000, 0x0000, 0x0000, 0x0000, 0x0000, 0x0000, 0x0000, 0x0000, 0x0000, 0x0000, 0x0000, 0x0000,
    0x0000, 0x0000, 0x0000, 0x0000, 0x0000, 0x0000, 0x0000, 0x0000, 0x0000, 0x0000, 0x0000, 0x0000, 0x0000, 0x0000, 0x0000, 0x0000,
    0x0000, 0x0000, 0x0000, 0x0000, 0x0000, 0x0000, 0x0000, 0x0000, 0x0000, 0x0000, 0x0000, 0x0000, 0x0000, 0x0000, 0x0000, 0x0000,
    0x0000, 0x0000, 0x0000, 0x0000, 0x0000, 0x0000, 0x0000, 0x0000, 0x0000, 0x0000, 0x0000, 0x0000, 0x0000, 0x0000, 0x0000, 0x0000,
    0x0000, 0x0000, 0x0000, 0x0000, 0x0000, 0x0000, 0x0000, 0x0000, 0x0000, 0x0000, 0x0000, 0x0000, 0x0000, 0x0000, 0x0000, 0x0000,
    0x0000, 0x0000, 0x0000, 0x0000, 0x0000, 0x0000, 0x0000, 0x0000, 0x0000, 0x0000, 0x0000, 0x0000, 0x0000, 0x0000, 0x0000, 0x0000,
    0x0000, 0x0000, 0x0000, 0x0000, 0x0000, 0x0000, 0x0000, 0x0000, 0x0000, 0x0000, 0x0000, 0x0000, 0x0000, 0x0000, 0x0000, 0x0000,
    0x0000, 0x0000, 0x0000, 0x0000, 0x0000, 0x0000, 0x0000, 0x0000, 0x0000, 0x0000, 0x0000, 0x0000, 0x0000, 0x0000, 0x0000, 0x0000,
    0x0000, 0x0000, 0x0000, 0x0000, 0x0000, 0x0000, 0x0000, 0x0000, 0x0000, 0x0000, 0x0000, 0x0000, 0x0000, 0x0000, 0x0000, 0x0000,
    0x0000, 0x0000, 0x0000, 0x0000, 0x0000, 0x0000, 0x0000, 0x0000, 0x0000, 0x0000, 0x0000, 0x0000, 0x0000, 0x0000, 0x0000, 0x0000,
    0x7a85, 0x7a85, 0x7a65, 0x7a65, 0x82a6, 0x7a85, 0x7a65, 0x7245, 0x7a85, 0x7a65, 0x6a24, 0x7245, 0x7245, 0x7224, 0x61e4, 0x7225,
    0xfe86, 0xfea6, 0xfe65, 0xfe65, 0xfec7, 0xfea6, 0xfe65, 0xfe45, 0xfea6, 0xfe86, 0xf604, 0xfe24, 0xfe45, 0xfe24, 0xf5a3, 0xfe24,
    0x0000, 0x0000, 0x0000, 0x0000, 0x0000, 0x0000, 0x0000, 0x0000, 0x0000, 0x0000, 0x0000, 0x0000, 0x0000, 0x0000, 0x0000, 0x0000,
    0x0000, 0x0000, 0x0000, 0x0000, 0x0000, 0x0000, 0x0000, 0xdedb, 0xffff, 0x0000, 0xffff, 0x0000, 0x0000, 0x0000, 0x0000, 0x0000,
    0x0000, 0x0000, 0x0000, 0x0000, 0x0000, 0x0000, 0x0000, 0xdedb, 0xffff, 0x0000, 0x0000, 0x0000, 0x0000, 0x0000, 0x0000, 0x0000,
    0x0000, 0x0000, 0x0000, 0x0000, 0x0000, 0x0000, 0x0000, 0x0000, 0x0000, 0x0000, 0x0000, 0x0000, 0x0000, 0x0000, 0x0000, 0x0000,
    0x0000, 0x0000, 0x0000, 0x0000, 0x0000, 0x0000, 0x0000, 0x0000, 0x0000, 0x0000, 0x0000, 0x0000, 0x0000, 0x0000, 0x0000, 0x0000,
    0x0000, 0x0000, 0x0000, 0x0000, 0x0000, 0x0000, 0x0000, 0x0000, 0x0000, 0x0000, 0x0000, 0x0000, 0x0000, 0x0000, 0x0000, 0x0000,
    0x0000, 0x0000, 0x0000, 0x0000, 0x0000, 0x0000, 0x0000, 0x0000, 0x0000, 0x0000, 0x0000, 0x0000, 0x0000, 0x0000, 0x0000, 0x0000,
    0x0000, 0x0000, 0x0000, 0x0000, 0x0000, 0x0000, 0x0000, 0x0000, 0x0000, 0x0000, 0x0000, 0x0000, 0x0000, 0x0000, 0x0000, 0x0000,
    0x0000, 0x0000, 0x0000, 0x0000, 0x0000, 0x0000, 0x0000, 0x0000, 0x0000, 0x0000, 0x0000, 0x0000, 0x0000, 0x0000, 0x0000, 0x0000,
    0x0000, 0x0000, 0x0000, 0x0000, 0x0000, 0x0000, 0x0000, 0x0000, 0x0000, 0x0000, 0x0000, 0x0000, 0x0000, 0x0000, 0x0000, 0x0000,
    0x0000, 0x0000, 0x0000, 0x0000, 0x0000, 0x0000, 0x0000, 0x0000, 0x0000, 0x0000, 0x0000, 0x0000, 0x0000, 0x0000, 0x0000, 0x0000,
    0x0000, 0x0000, 0x0000, 0x0000, 0x0000, 0x0000, 0x0000, 0x0000, 0x0000, 0x0000, 0x0000, 0x0000, 0x0000, 0x0000, 0x0000, 0x0000,
    0x0000, 0x0000, 0x0000, 0x0000, 0x0000, 0x0000, 0x0000, 0x0000, 0x0000, 0x0000, 0x0000, 0x0000, 0x0000, 0x0000, 0x0000, 0x0000,
    0x0000, 0x0000, 0x0000, 0x0000, 0x0000, 0x0000, 0x0000, 0x0000, 0x0000, 0x0000, 0x0000, 0x0000, 0x0000, 0x0000, 0x0000, 0x0000,
    0x61e4, 0x6a04, 0x7245, 0x7245, 0x6a04, 0x6a04, 0x7a65, 0x7a45, 0x61e4, 0x6a04, 0x6a04, 0x7245, 0x61e4, 0x61e4, 0x6a04, 0x7245,
    0xf5a3, 0xf5c3, 0xfe45, 0xfe45, 0xf5e3, 0xf5e3, 0xfe86, 0xfe65, 0xf5c3, 0xf5c3, 0xf5e3, 0xfe45, 0xf582, 0xf582, 0xf5e4, 0xfe45,
    0x0000, 0x0000, 0x0000, 0x0000, 0x0000, 0x0000, 0x0000, 0x0000, 0x0000, 0x0000, 0x0000, 0x0000, 0x0000, 0x0000, 0x0000, 0x0000,
    0x0000, 0x0000, 0x0000, 0x0000, 0x0000, 0x0000, 0x0000, 0x0000, 0x0000, 0xffff, 0x0000, 0x0000, 0x0000, 0x0000, 0x0000, 0x0000,
    0x0000, 0x0000, 0x0000, 0x0000, 0x0000, 0x0000, 0xffff, 0x0000, 0x0000, 0x0000, 0x0000, 0x0000, 0x0000, 0x0000, 0x0000, 0x0000,
    0x0000, 0x0000, 0x0000, 0x0000, 0x0000, 0x0000, 0x0000, 0x0000, 0x0000, 0x0000, 0x0000, 0x0000, 0x0000, 0x0000, 0x0000, 0x0000,
    0x0000, 0x0000, 0x0000, 0x0000, 0x0000, 0x0000, 0x0000, 0x0000, 0x0000, 0x0000, 0x0000, 0x0000, 0x0000, 0x0000, 0x0000, 0x0000,
    0x0000, 0x0000, 0x0000, 0x0000, 0x0000, 0x0000, 0x0000, 0x0000, 0x0000, 0x0000, 0x0000, 0x0000, 0x0000, 0x0000, 0x0000, 0x0000,
    0x0000, 0x0000, 0x0000, 0x0000, 0x0000, 0x0000, 0x0000, 0x0000, 0x0000, 0x0000, 0x0000, 0x0000, 0x0000, 0x0000, 0x0000, 0x0000,
    0x0000, 0x0000, 0x0000, 0x0000, 0x0000, 0x0000, 0x0000, 0x0000, 0x0000, 0x0000, 0x0000, 0x0000, 0x0000, 0x0000, 0x0000, 0x0000,
    0x0000, 0x0000, 0x0000, 0x0000, 0x0000, 0x0000, 0x0000, 0x0000, 0x0000, 0x0000, 0x0000, 0x0000, 0x0000, 0x0000, 0x0000, 0x0000,
    0x0000, 0x0000, 0x0000, 0x0000, 0x0000, 0x0000, 0x0000, 0x0000, 0x0000, 0x0000, 0x0000, 0x0000, 0x0000, 0x0000, 0x0000, 0x0000,
    0x0000, 0x0000, 0x0000, 0x0000, 0x0000, 0x0000, 0x0000, 0x0000, 0x0000, 0x0000, 0x0000, 0x0000, 0x0000, 0x0000, 0x0000, 0x0000,
    0x0000, 0x0000, 0x0000, 0x0000, 0x0000, 0x0000, 0x0000, 0x0000, 0x0000, 0x0000, 0x0000, 0x0000, 0x0000, 0x0000, 0x0000, 0x0000,
    0x0000, 0x0000, 0x0000, 0x0000, 0x0000, 0x0000, 0x0000, 0x0000, 0x0000, 0x0000, 0x0000, 0x0000, 0x0000, 0x0000, 0x0000, 0x0000,
    0x0000, 0x0000, 0x0000, 0x0000, 0x0000, 0x0000, 0x0000, 0x0000, 0x0000, 0x0000, 0x0000, 0x0000, 0x0000, 0x0000, 0x0000, 0x0000,
    0x6a04, 0x6a04, 0x61e4, 0x61e4, 0x7a85, 0x8286, 0x61e4, 0x61e4, 0x7224, 0x7a65, 0x7245, 0x7a45, 0x82a6, 0x82a6, 0x7245, 0x61e4,
    0xf5e3, 0xf5e3, 0xf582, 0xf582, 0xfe86, 0xfea7, 0xf5a3, 0xf582, 0xfe24, 0xfe86, 0xfe24, 0xfe65, 0xfec7, 0xfec7, 0xfe45, 0xf5a3,
    0x0000, 0x0000, 0x0000, 0x0000, 0x0000, 0x0000, 0x0000, 0x0000, 0x0000, 0x0000, 0x0000, 0x0000, 0x0000, 0x0000, 0x0000, 0x0000,
    0x0000, 0x0000, 0x0000, 0x0000, 0x0000, 0x0000, 0x0000, 0x0000, 0x0000, 0x0000, 0x0000, 0x0000, 0x0000, 0x0000, 0x0000, 0x0000,
    0x0000, 0x0000, 0x0000, 0x0000, 0x0000, 0x0000, 0x0000, 0xdedb, 0xffff, 0x0000, 0x0000, 0x0000, 0x0000, 0x0000, 0x0000, 0x0000,
    0x0000, 0x0000, 0x0000, 0x0000, 0x0000, 0x0000, 0x0000, 0x0000, 0x0000, 0x0000, 0x0000, 0x0000, 0x0000, 0x0000, 0x0000, 0x0000,
    0x0000, 0x0000, 0x0000, 0x0000, 0x0000, 0x0000, 0x0000, 0x0000, 0x0000, 0x0000, 0x0000, 0x0000, 0x0000, 0x0000, 0x0000, 0x0000,
    0x0000, 0x0000, 0x0000, 0x0000, 0x0000, 0x0000, 0x0000, 0x0000, 0x0000, 0x0000, 0x0000, 0x0000, 0x0000, 0x0000, 0x0000, 0x0000,
    0x0000, 0x0000, 0x0000, 0x0000, 0x0000, 0x0000, 0x0000, 0x0000, 0x0000, 0x0000, 0x0000, 0x0000, 0x0000, 0x0000, 0x0000, 0x0000,
    0x0000, 0x0000, 0x0000, 0x0000, 0x0000, 0x0000, 0x0000, 0x0000, 0x0000, 0x0000, 0x0000, 0x0000, 0x0000, 0x0000, 0x0000, 0x0000,
    0x0000, 0x0000, 0x0000, 0x0000, 0x0000, 0x0000, 0x0000, 0x0000, 0x0000, 0x0000, 0x0000, 0x0000, 0x0000, 0x0000, 0x0000, 0x0000,
    0x0000, 0x0000, 0x0000, 0x0000, 0x0000, 0x0000, 0x0000, 0x0000, 0x0000, 0x0000, 0x0000, 0x0000, 0x0000, 0x0000, 0x0000, 0x0000,
    0x0000, 0x0000, 0x0000, 0x0000, 0x0000, 0x0000, 0x0000, 0x0000, 0x0000, 0x0000, 0x0000, 0x0000, 0x0000, 0x0000, 0x0000, 0x0000,
    0x0000, 0x0000, 0x0000, 0x0000, 0x0000, 0x0000, 0x0000, 0x0000, 0x0000, 0x0000, 0x0000, 0x0000, 0x0000, 0x0000, 0x0000, 0x0000,
    0x0000, 0x0000, 0x0000, 0x0000, 0x0000, 0x0000, 0x0000, 0x0000, 0x0000, 0x0000, 0x0000, 0x0000, 0x0000, 0x0000, 0x0000, 0x0000,
    0x0000, 0x0000, 0x0000, 0x0000, 0x0000, 0x0000, 0x0000, 0x0000, 0x0000, 0x0000, 0x0000, 0x0000, 0x0000, 0x0000, 0x0000, 0x0000,
    0x7a45, 0x7245, 0x8286, 0x82a6, 0x7a85, 0x7a65, 0x7245, 0x6a24, 0x61e4, 0x6a24, 0x7a45, 0x7a85, 0x6a24, 0x6a24, 0x7a85, 0x82a6,
    0xfe65, 0xfe45, 0xfea7, 0xfec7, 0xfe86, 0xfe65, 0xfe24, 0xf604, 0xf582, 0xfe04, 0xfe65, 0xfea6, 0xfe04, 0xfe04, 0xfea6, 0xfec7,
    0x0000, 0x0000, 0x0000, 0x0000, 0x0000, 0x0000, 0x0000, 0x0000, 0x0000, 0x0000, 0x0000, 0x0000, 0x0000, 0x0000, 0x0000, 0x0000,
    0x0000, 0x0000, 0x0000, 0x0000, 0x0000, 0x0000, 0x0000, 0x0000, 0x0000, 0x0000, 0x0000, 0x0000, 0x0000, 0x0000, 0x0000, 0x0000,
    0x0000, 0x0000, 0x0000, 0x0000, 0x0000, 0x0000, 0x0000, 0x0000, 0xffff, 0x0000, 0x0000, 0x0000, 0x0000, 0x0000, 0x0000, 0x0000,
    0x0000, 0x0000, 0x0000, 0x0000, 0x0000, 0x0000, 0x0000, 0x0000, 0x0000, 0x0000, 0x0000, 0x0000, 0x0000, 0x0000, 0x0000, 0x0000,
    0x0000, 0x0000, 0x0000, 0x0000, 0x0000, 0x0000, 0x0000, 0x0000, 0x0000, 0x0000, 0x0000, 0x0000, 0x0000, 0x0000, 0x0000, 0x0000,
    0x0000, 0x0000, 0x0000, 0x0000, 0x0000, 0x0000, 0x0000, 0x0000, 0x0000, 0x0000, 0x0000, 0x0000, 0x0000, 0x0000, 0x0000, 0x0000,
    0x0000, 0x0000, 0x0000, 0x0000, 0x0000, 0x0000, 0x0000, 0x0000, 0x0000, 0x0000, 0x0000, 0x0000, 0x0000, 0x0000, 0x0000, 0x0000,
    0x0000, 0x0000, 0x0000, 0x0000, 0x0000, 0x0000, 0x0000, 0x0000, 0x0000, 0x0000, 0x0000, 0x0000, 0x0000, 0x0000, 0x0000, 0x0000,
    0x0000, 0x0000, 0x0000, 0x0000, 0x0000, 0x0000, 0x0000, 0x0000, 0x0000, 0x0000, 0x0000, 0x0000, 0x0000, 0x0000, 0x0000, 0x0000,
    0x0000, 0x0000, 0x0000, 0x0000, 0x0000, 0x0000, 0x0000, 0x0000, 0x0000, 0x0000, 0x0000, 0x0000, 0x0000, 0x0000, 0x0000, 0x0000,
    0x0000, 0x0000, 0x0000, 0x0000, 0x0000, 0x0000, 0x0000, 0x0000, 0x0000, 0x0000, 0x0000, 0x0000, 0x0000, 0x0000, 0x0000, 0x0000,
    0x0000, 0x0000, 0x0000, 0x0000, 0x0000, 0x0000, 0x0000, 0x0000, 0x0000, 0x0000, 0x0000, 0x0000, 0x0000, 0x0000, 0x0000, 0x0000,
    0x0000, 0x0000, 0x0000, 0x0000, 0x0000, 0x0000, 0x0000, 0x0000, 0x0000, 0x0000, 0x0000, 0x0000, 0x0000, 0x0000, 0x0000, 0x0000,
    0x0000, 0x0000, 0x0000, 0x0000, 0x0000, 0x0000, 0x0000, 0x0000, 0x0000, 0x0000, 0x0000, 0x0000, 0x0000, 0x0000, 0x0000, 0x0000,
    0x8286, 0x8286, 0x7225, 0x6a24, 0x7a85, 0x7245, 0x7245, 0x7a65, 0x82a6, 0x7a65, 0x6a04, 0x6a04, 0x7245, 0x7a45, 0x6a04, 0x61e4,
    0xfea7, 0xfea7, 0xfe24, 0xf604, 0xfea6, 0xfe24, 0xfe45, 0xfe65, 0xfec7, 0xfe86, 0xf5c3, 0xf5e3, 0xfe44, 0xfe65, 0xf5e3, 0xf5c3,
    0x0000, 0x0000, 0x0000, 0x0000, 0x0000, 0x0000, 0x0000, 0x0000, 0x0000, 0x0000, 0x0000, 0x0000, 0x0000, 0x0000, 0x0000, 0x0000,
    0x0000, 0x0000, 0x0000, 0x0000, 0x0000, 0x0000, 0x0000, 0x0000, 0x0000, 0x0000, 0x0000, 0x0000, 0x0000, 0x0000, 0x0000, 0x0000,
    0x0000, 0x0000, 0x0000, 0x0000, 0x0000, 0x0000, 0x0000, 0x0000, 0xffff, 0x0000, 0x0000, 0x0000, 0x0000, 0x0000, 0x0000, 0x0000,
    0x0000, 0x0000, 0x0000, 0x0000, 0x0000, 0x0000, 0x0000, 0x0000, 0x0000, 0x0000, 0x0000, 0x0000, 0x0000, 0x0000, 0x0000, 0x0000,
    0x0000, 0x0000, 0x0000, 0x0000, 0x0000, 0x0000, 0x0000, 0x0000, 0x0000, 0x0000, 0x0000, 0x0000, 0x0000, 0x0000, 0x0000, 0x0000,
    0x0000, 0x0000, 0x0000, 0x0000, 0x0000, 0x0000, 0x0000, 0x0000, 0x0000, 0x0000, 0x0000, 0x0000, 0x0000, 0x0000, 0x0000, 0x0000,
    0x0000, 0x0000, 0x0000, 0x0000, 0x0000, 0x0000, 0x0000, 0x0000, 0x0000, 0x0000, 0x0000, 0x0000, 0x0000, 0x0000, 0x0000, 0x0000,
    0x0000, 0x0000, 0x0000, 0x0000, 0x0000, 0x0000, 0x0000, 0x0000, 0x0000, 0x0000, 0x0000, 0x0000, 0x0000, 0x0000, 0x0000, 0x0000,
    0x0000, 0x0000, 0x0000, 0x0000, 0x0000, 0x0000, 0x0000, 0x0000, 0x0000, 0x0000, 0x0000, 0x0000, 0x0000, 0x0000, 0x0000, 0x0000,
    0x0000, 0x0000, 0x0000, 0x0000, 0x0000, 0x0000, 0x0000, 0x0000, 0x0000, 0x0000, 0x0000, 0x0000, 0x0000, 0x0000, 0x0000, 0x0000,
    0x0000, 0x0000, 0x0000, 0x0000, 0x0000, 0x0000, 0x0000, 0x0000, 0x0000, 0x0000, 0x0000, 0x0000, 0x0000, 0x0000, 0x0000, 0x0000,
    0x0000, 0x0000, 0x0000, 0x0000, 0x0000, 0x0000, 0x0000, 0x0000, 0x0000, 0x0000, 0x0000, 0x0000, 0x0000, 0x0000, 0x0000, 0x0000,
    0x0000, 0x0000, 0x0000, 0x0000, 0x0000, 0x0000, 0x0000, 0x0000, 0x0000, 0x0000, 0x0000, 0x0000, 0x0000, 0x0000, 0x0000, 0x0000,
    0x0000, 0x0000, 0x0000, 0x0000, 0x0000, 0x0000, 0x0000, 0x0000, 0x0000, 0x0000, 0x0000, 0x0000, 0x0000, 0x0000, 0x0000, 0x0000,
    0x61e4, 0x6a04, 0x7a85, 0x7245, 0x61e4, 0x6a04, 0x7a85, 0x8286, 0x6a24, 0x6a04, 0x7245, 0x7a85, 0x61e4, 0x6a04, 0x7a65, 0x7a85,
    0xf5a3, 0xf5c3, 0xfe86, 0xfe44, 0xf5c3, 0xf5e3, 0xfea6, 0xfea7, 0xfe04, 0xf5e3, 0xfe45, 0xfe86, 0xf5c3, 0xf5c3, 0xfe86, 0xfea6,
    0x0000, 0x0000, 0x0000, 0x0000, 0x0000, 0x0000, 0x0000, 0x0000, 0x0000, 0x0000, 0x0000, 0x0000, 0x0000, 0x0000, 0x0000, 0x0000,
    0x0000, 0x0000, 0x0000, 0x0000, 0x0000, 0x0000, 0x0000, 0x0000, 0x0000, 0x0000, 0x0000, 0x0000, 0x0000, 0x0000, 0x0000, 0x0000,
    0x0000, 0x0000, 0x0000, 0x0000, 0x0000, 0x0000, 0x0000, 0xffff, 0x0000, 0x0000, 0x0000, 0x0000, 0x0000, 0x0000, 0x0000, 0x0000,
    0x0000, 0x0000, 0x0000, 0x0000, 0x0000, 0x0000, 0x0000, 0x0000, 0x0000, 0x0000, 0x0000, 0x0000, 0x0000, 0x0000, 0x0000, 0x0000,
    0x0000, 0x0000, 0x0000, 0x0000, 0x0000, 0x0000, 0x0000, 0x0000, 0x0000, 0x0000, 0x0000, 0x0000, 0x0000, 0x0000, 0x0000, 0x0000,
    0x0000, 0x0000, 0x0000, 0x0000, 0x0000, 0x0000, 0x0000, 0x0000, 0x0000, 0x0000, 0x0000, 0x0000, 0x0000, 0x0000, 0x0000, 0x0000,
    0x0000, 0x0000, 0x0000, 0x0000, 0x0000, 0x0000, 0x0000, 0x0000, 0x0000, 0x0000, 0x0000, 0x0000, 0x0000, 0x0000, 0x0000, 0x0000,
    0x0000, 0x0000, 0x0000, 0x0000, 0x0000, 0x0000, 0x0000, 0x0000, 0x0000, 0x0000, 0x0000, 0x0000, 0x0000, 0x0000, 0x0000, 0x0000,
    0x0000, 0x0000, 0x0000, 0x0000, 0x0000, 0x0000, 0x0000, 0x0000, 0x0000, 0x0000, 0x0000, 0x0000, 0x0000, 0x0000, 0x0000, 0x0000,
    0x0000, 0x0000, 0x0000, 0x0000, 0x0000, 0x0000, 0x0000, 0x0000, 0x0000, 0x0000, 0x0000, 0x0000, 0x0000, 0x0000, 0x0000, 0x0000,
    0x0000, 0x0000, 0x0000, 0x0000, 0x0000, 0x0000, 0x0000, 0x0000, 0x0000, 0x0000, 0x0000, 0x0000, 0x0000, 0x0000, 0x0000, 0x0000,
    0x0000, 0x0000, 0x0000, 0x0000, 0x0000, 0x0000, 0x0000, 0x0000, 0x0000, 0x0000, 0x0000, 0x0000, 0x0000, 0x0000, 0x0000, 0x0000,
    0x0000, 0x0000, 0x0000, 0x0000, 0x0000, 0x0000, 0x0000, 0x0000, 0x0000, 0x0000, 0x0000, 0x0000, 0x0000, 0x0000, 0x0000, 0x0000,
    0x0000, 0x0000, 0x0000, 0x0000, 0x0000, 0x0000, 0x0000, 0x0000, 0x0000, 0x0000, 0x0000, 0x0000, 0x0000, 0x0000, 0x0000, 0x0000,
    0x2992, 0x31b2, 0x2992, 0x2992, 0x31b3, 0x39f4, 0x3192, 0x3192, 0x31d4, 0x39f4, 0x2972, 0x2992, 0x31d3, 0x31d3, 0x2992, 0x2992,
    0x2cd9, 0x353a, 0x2cb9, 0x2cd9, 0x3d9b, 0x45fc, 0x2cfa, 0x2d1a, 0x3ddb, 0x45fb, 0x2479, 0x2cd9, 0x3d9b, 0x3d9b, 0x2cd9, 0x2499,
    0x0000, 0x0000, 0x0000, 0x0000, 0x0000, 0x0000, 0x0000, 0x0000, 0x0000, 0x0000, 0x0000, 0x0000, 0x0000, 0x0000, 0x0000, 0x0000,
    0x0000, 0x0000, 0x0000, 0x0000, 0x0000, 0x0000, 0x0000, 0x0000, 0x0000, 0x0000, 0x0000, 0x0000, 0x0000, 0x0000, 0x0000, 0x0000,
    0x0000, 0x0000, 0x0000, 0x0000, 0x0000, 0x0000, 0x0000, 0x0000, 0x0000, 0x0000, 0x0000, 0x0000, 0x0000, 0x0000, 0x0000, 0x0000,
    0x0000, 0x0000, 0x0000, 0x0000, 0x0000, 0x0000, 0x0000, 0x0000, 0x0000, 0x0000, 0x0000, 0x0000, 0x0000, 0x0000, 0x0000, 0x0000,
    0x0000, 0x0000, 0x0000, 0x0000, 0x0000, 0x0000, 0x0000, 0x0000, 0x0000, 0x0000, 0x0000, 0x0000, 0x0000, 0x0000, 0x0000, 0x0000,
    0x0000, 0x0000, 0x0000, 0x0000, 0x0000, 0x0000, 0x0000, 0x0000, 0x0000, 0x0000, 0x0000, 0x0000, 0x0000, 0x0000, 0x0000, 0x0000,
    0x0000, 0x0000, 0x0000, 0x0000, 0x0000, 0x0000, 0x0000, 0x0000, 0x0000, 0x0000, 0x0000, 0x0000, 0x0000, 0x0000, 0x0000, 0x0000,
    0x0000, 0x0000, 0x0000, 0x0000, 0x0000, 0x0000, 0x0000, 0x0000, 0x0000, 0x0000, 0x0000, 0x0000, 0x0000, 0x0000, 0x0000, 0x0000,
    0x0000, 0x0000, 0x0000, 0x0000, 0x0000, 0x0000, 0x0000, 0x0000, 0x0000, 0x0000, 0x0000, 0x0000, 0x0000, 0x0000, 0x0000, 0x0000,
    0x0000, 0x0000, 0x0000, 0x0000, 0x0000, 0x0000, 0x0000, 0x0000, 0x0000, 0x0000, 0x0000, 0x0000, 0x0000, 0x0000, 0x0000, 0x0000,
    0x0000, 0x0000, 0x0000, 0x0000, 0x0000, 0x0000, 0x0000, 0x0000, 0x0000, 0x0000, 0x0000, 0x0000, 0x0000, 0x0000, 0x0000, 0x0000,
    0x0000, 0x0000, 0x0000, 0x0000, 0x0000, 0x0000, 0x0000, 0x0000, 0x0000, 0x0000, 0x0000, 0x0000, 0x0000, 0x0000, 0x0000, 0x0000,
    0x0000, 0x0000, 0x0000, 0x0000, 0x0000, 0x0000, 0x0000, 0x0000, 0x0000, 0x0000, 0x0000, 0x0000, 0x0000, 0x0000, 0x0000, 0x0000,
    0x0000, 0x0000, 0x0000, 0x0000, 0x0000, 0x0000, 0x0000, 0x0000, 0x0000, 0x0000, 0x0000, 0x0000, 0x0000, 0x0000, 0x0000, 0x0000,
    0x31b3, 0x31d3, 0x3a76, 0x3a76, 0x39f4, 0x39f4, 0x31b3, 0x31b3, 0x2992, 0x2992, 0x3192, 0x31b3, 0x2971, 0x2992, 0x31b2, 0x31b3,
    0x3d9b, 0x3ddb, 0x4e3c, 0x4e3c, 0x461c, 0x45fb, 0x355a, 0x355a, 0x2cd9, 0x2499, 0x2d1a, 0x355a, 0x2458, 0x2c99, 0x353a, 0x357a,
    0x0000, 0x0000, 0x0000, 0x0000, 0x0000, 0x0000, 0x0000, 0x0000, 0x0000, 0x0000, 0x0000, 0x0000, 0x0000, 0x0000, 0x0000, 0x0000,
    0x0000, 0x0000, 0x0000, 0x0000, 0x0000, 0x0000, 0x0000, 0x0000, 0x0000, 0x0000, 0x0000, 0x0000, 0x0000, 0x0000, 0x0000, 0x0000,
    0x0000, 0x0000, 0x0000, 0x0000, 0x0000, 0x0000, 0x0000, 0x0000, 0x0000, 0x0000, 0x0000, 0x0000, 0x0000, 0x0000, 0x0000, 0x0000,
    0x0000, 0x0000, 0x0000, 0x0000, 0x0000, 0x0000, 0x0000, 0x0000, 0x0000, 0x0000, 0x0000, 0x0000, 0x0000, 0x0000, 0x0000, 0x0000,
    0x0000, 0x0000, 0x0000, 0x0000, 0x0000, 0x0000, 0x0000, 0x0000, 0x0000, 0x0000, 0x0000, 0x0000, 0x0000, 0x0000, 0x0000, 0x0000,
    0x0000, 0x0000, 0x0000, 0x0000, 0x0000, 0x0000, 0x0000, 0x0000, 0x0000, 0x0000, 0x0000, 0x0000, 0x0000, 0x0000, 0x0000, 0x0000,
    0x0000, 0x0000, 0x0000, 0x0000, 0x0000, 0x0000, 0x0000, 0x0000, 0x0000, 0x0000, 0x0000, 0x0000, 0x0000, 0x0000, 0x0000, 0x0000,
    0x0000, 0x0000, 0x0000, 0x0000, 0x0000, 0x0000, 0x0000, 0x0000, 0x0000, 0x0000, 0x0000, 0x0000, 0x0000, 0x0000, 0x0000, 0x0000,
    0x0000, 0x0000, 0x0000, 0x0000, 0x0000, 0x0000, 0x0000, 0x0000, 0x0000, 0x0000, 0x0000, 0x0000, 0x0000, 0x0000, 0x0000, 0x0000,
    0x0000, 0x0000, 0x0000, 0x0000, 0x0000, 0x0000, 0x0000, 0x0000, 0x0000, 0x0000, 0x0000, 0x0000, 0x0000, 0x0000, 0x0000, 0x0000,
    0x0000, 0x0000, 0x0000, 0x0000, 0x0000, 0x0000, 0x0000, 0x0000, 0x0000, 0x0000, 0x0000, 0x0000, 0x0000, 0x0000, 0x0000, 0x0000,
    0x0000, 0x0000, 0x0000, 0x0000, 0x0000, 0x0000, 0x0000, 0x0000, 0x0000, 0x0000, 0x0000, 0x0000, 0x0000, 0x0000, 0x0000, 0x0000,
    0x0000, 0x0000, 0x0000, 0x0000, 0x0000, 0x0000, 0x0000, 0x0000, 0x0000, 0x0000, 0x0000, 0x0000, 0x0000, 0x0000, 0x0000, 0x0000,
    0x0000, 0x0000, 0x0000, 0x0000, 0x0000, 0x0000, 0x0000, 0x0000, 0x0000, 0x0000, 0x0000, 0x0000, 0x0000, 0x0000, 0x0000, 0x0000,
    0x39f4, 0x3a14, 0x31b3, 0x31b3, 0x3a15, 0x3a14, 0x31d3, 0x31b3, 0x39f4, 0x3a14, 0x39d4, 0x39d4, 0x3a35, 0x3a76, 0x39f4, 0x31d3,
    0x461c, 0x4e1c, 0x355a, 0x357a, 0x4e3c, 0x4e1c, 0x3dbb, 0x355a, 0x45fb, 0x4e1c, 0x45db, 0x45db, 0x4e3c, 0x4e3c, 0x45fb, 0x3ddb,
    0x0000, 0x0000, 0x0000, 0x0000, 0x0000, 0x0000, 0x0000, 0x0000, 0x0000, 0x0000, 0x0000, 0x0000, 0x0000, 0x0000, 0x0000, 0x0000,
    0x0000, 0x0000, 0x0000, 0x0000, 0x0000, 0x0000, 0x0000, 0x0000, 0x0000, 0x0000, 0x0000, 0x0000, 0x0000, 0x0000, 0x0000, 0x0000,
    0x0000, 0x0000, 0x0000, 0x0000, 0x0000, 0x0000, 0x0000, 0x0000, 0x0000, 0x0000, 0x0000, 0x0000, 0x0000, 0x0000, 0x0000, 0x0000,
    0x0000, 0x0000, 0x0000, 0x0000, 0x0000, 0x0000, 0x0000, 0x0000, 0x0000, 0x0000, 0x0000, 0x0000, 0x0000, 0x0000, 0x0000, 0x0000,
    0x0000, 0x0000, 0x0000, 0x0000, 0x0000, 0x0000, 0x0000, 0x0000, 0x0000, 0x0000, 0x0000, 0x0000, 0x0000, 0x0000, 0x0000, 0x0000,
    0x0000, 0x0000, 0x0000, 0x0000, 0x0000, 0x0000, 0x0000, 0x0000, 0x0000, 0x0000, 0x0000, 0x0000, 0x0000, 0x0000, 0x0000, 0x0000,
    0x0000, 0x0000, 0x0000, 0x0000, 0x0000, 0x0000, 0x0000, 0x0000, 0x0000, 0x0000, 0x0000, 0x0000, 0x0000, 0x0000, 0x0000, 0x0000,
    0x0000, 0x0000, 0x0000, 0x0000, 0x0000, 0x0000, 0x0000, 0x0000, 0x0000, 0x0000, 0x0000, 0x0000, 0x0000, 0x0000, 0x0000, 0x0000,
    0x0000, 0x0000, 0x0000, 0x0000, 0x0000, 0x0000, 0x0000, 0x0000, 0x0000, 0x0000, 0x0000, 0x0000, 0x0000, 0x0000, 0x0000, 0x0000,
    0x0000, 0x0000, 0x0000, 0x0000, 0x0000, 0x0000, 0x0000, 0x0000, 0x0000, 0x0000, 0x0000, 0x0000, 0x0000, 0x0000, 0x0000, 0x0000,
    0x0000, 0x0000, 0x0000, 0x0000, 0x0000, 0x0000, 0x0000, 0x0000, 0x0000, 0x0000, 0x0000, 0x0000, 0x0000, 0x0000, 0x0000, 0x0000,
    0x0000, 0x0000, 0x0000, 0x0000, 0x0000, 0x0000, 0x0000, 0x0000, 0x0000, 0x0000, 0x0000, 0x0000, 0x0000, 0x0000, 0x0000, 0x0000,
    0x0000, 0x0000, 0x0000, 0x0000, 0x0000, 0x0000, 0x0000, 0x0000, 0x0000, 0x0000, 0x0000, 0x0000, 0x0000, 0x0000, 0x0000, 0x0000,
    0x0000, 0x0000, 0x0000, 0x0000, 0x0000, 0x0000, 0x0000, 0x0000, 0x0000, 0x0000, 0x0000, 0x0000, 0x0000, 0x0000, 0x0000, 0x0000,
    0x31b3, 0x31b2, 0x39f4, 0x3a14, 0x31b3, 0x31b2, 0x31b3, 0x3a14, 0x3192, 0x31b3, 0x3a14, 0x3a14, 0x31b3, 0x31b2, 0x3a76, 0x3a14,
    0x3d9b, 0x353a, 0x45fc, 0x4e1c, 0x355a, 0x353a, 0x3d9b, 0x4e1c, 0x2cfa, 0x355a, 0x4e1c, 0x4e1c, 0x3d9b, 0x353a, 0x4e3c, 0x4e1c,
    0x0000, 0x0000, 0x0000, 0x0000, 0x0000, 0x0000, 0x0000, 0x0000, 0x0000, 0x0000, 0x0000, 0x0000, 0x0000, 0x0000, 0x0000, 0x0000,
    0x0000, 0x0000, 0x0000, 0x0000, 0x0000, 0x0000, 0x0000, 0x0000, 0x0000, 0x0000, 0x0000, 0x0000, 0x0000, 0x0000, 0x0000, 0x0000,
    0x0000, 0x0000, 0x0000, 0x0000, 0x0000, 0x0000, 0x0000, 0x0000, 0x0000, 0x0000, 0x0000, 0x0000, 0x0000, 0x0000, 0x0000, 0x0000,
    0x0000, 0x0000, 0x0000, 0x0000, 0x0000, 0x0000, 0x0000, 0x0000, 0x0000, 0x0000, 0x0000, 0x0000, 0x0000, 0x0000, 0x0000, 0x0000,
    0x0000, 0x0000, 0x0000, 0x0000, 0x0000, 0x0000, 0x0000, 0x0000, 0x0000, 0x0000, 0x0000, 0x0000, 0x0000, 0x0000, 0x0000, 0x0000,
    0x0000, 0x0000, 0x0000, 0x0000, 0x0000, 0x0000, 0x0000, 0x0000, 0x0000, 0x0000, 0x0000, 0x0000, 0x0000, 0x0000, 0x0000, 0x0000,
    0x0000, 0x0000, 0x0000, 0x0000, 0x0000, 0x0000, 0x0000, 0x0000, 0x0000, 0x0000, 0x0000, 0x0000, 0x0000, 0x0000, 0x0000, 0x0000,
    0x0000, 0x0000, 0x0000, 0x0000, 0x0000, 0x0000, 0x0000, 0x0000, 0x0000, 0x0000, 0x0000, 0x0000, 0x0000, 0x0000, 0x0000, 0x0000,
    0x0000, 0x0000, 0x0000, 0x0000, 0x0000, 0x0000, 0x0000, 0x0000, 0x0000, 0x0000, 0x0000, 0x0000, 0x0000, 0x0000, 0x0000, 0x0000,
    0x0000, 0x0000, 0x0000, 0x0000, 0x0000, 0x0000, 0x0000, 0x0000, 0x0000, 0x0000, 0x0000, 0x0000, 0x0000, 0x0000, 0x0000, 0x0000,
    0x0000, 0x0000, 0x0000, 0x0000, 0x0000, 0x0000, 0x0000, 0x0000, 0x0000, 0x0000, 0x0000, 0x0000, 0x0000, 0x0000, 0x0000, 0x0000,
    0x0000, 0x0000, 0x0000, 0x0000, 0x0000, 0x0000, 0x0000, 0x0000, 0x0000, 0x0000, 0x0000, 0x0000, 0x0000, 0x0000, 0x0000, 0x0000,
    0x0000, 0x0000, 0x0000, 0x0000, 0x0000, 0x0000, 0x0000, 0x0000, 0x0000, 0x0000, 0x0000, 0x0000, 0x0000, 0x0000, 0x0000, 0x0000,
    0x0000, 0x0000, 0x0000, 0x0000, 0x0000, 0x0000, 0x0000, 0x0000, 0x0000, 0x0000, 0x0000, 0x0000, 0x0000, 0x0000, 0x0000, 0x0000,
    0x31d3, 0x31b3, 0x3192, 0x31b3, 0x39f4, 0x39f4, 0x2972, 0x2972, 0x3192, 0x31d3, 0x3192, 0x2992, 0x39f4, 0x39f4, 0x2992, 0x2972,
    0x3ddb, 0x357a, 0x2cfa, 0x3d9b, 0x45fc, 0x45fc, 0x2479, 0x2459, 0x351a, 0x3d9b, 0x2d1a, 0x2cb9, 0x45fc, 0x45fc, 0x2cd9, 0x2479,
    0x0000, 0x0000, 0x0000, 0x0000, 0x0000, 0x0000, 0x0000, 0x0000, 0x0000, 0x0000, 0x0000, 0x0000, 0x0000, 0x0000, 0x0000, 0x0000,
    0x0000, 0x0000, 0x0000, 0x0000, 0x0000, 0x0000, 0x0000, 0x0000, 0x0000, 0x0000, 0x0000, 0x0000, 0x0000, 0x0000, 0x0000, 0x0000,
    0x0000, 0x0000, 0x0000, 0x0000, 0x0000, 0x0000, 0x0000, 0x0000, 0x0000, 0x0000, 0x0000, 0x0000, 0x0000, 0x0000, 0x0000, 0x0000,
    0x0000, 0x0000, 0x0000, 0x0000, 0x0000, 0x0000, 0x0000, 0x0000, 0x0000, 0x0000, 0x0000, 0x0000, 0x0000, 0x0000, 0x0000, 0x0000,
    0x0000, 0x0000, 0x0000, 0x0000, 0x0000, 0x0000, 0x0000, 0x0000, 0x0000, 0x0000, 0x0000, 0x0000, 0x0000, 0x0000, 0x0000, 0x0000,
    0x0000, 0x0000, 0x0000, 0x0000, 0x0000, 0x0000, 0x0000, 0x0000, 0x0000, 0x0000, 0x0000, 0x0000, 0x0000, 0x0000, 0x0000, 0x0000,
    0x0000, 0x0000, 0x0000, 0x0000, 0x0000, 0x0000, 0x0000, 0x0000, 0x0000, 0x0000, 0x0000, 0x0000, 0x0000, 0x0000, 0x0000, 0x0000,
    0x0000, 0x0000, 0x0000, 0x0000, 0x0000, 0x0000, 0x0000, 0x0000, 0x0000, 0x0000, 0x0000, 0x0000, 0x0000, 0x0000, 0x0000, 0x0000,
    0x0000, 0x0000, 0x0000, 0x0000, 0x0000, 0x0000, 0x0000, 0x0000, 0x0000, 0x0000, 0x0000, 0x0000, 0x0000, 0x0000, 0x0000, 0x0000,
    0x0000, 0x0000, 0x0000, 0x0000, 0x0000, 0x0000, 0x0000, 0x0000, 0x0000, 0x0000, 0x0000, 0x0000, 0x0000, 0x0000, 0x0000, 0x0000,
    0x0000, 0x0000, 0x0000, 0x0000, 0x0000, 0x0000, 0x0000, 0x0000, 0x0000, 0x0000, 0x0000, 0x0000, 0x0000, 0x0000, 0x0000, 0x0000,
    0x0000, 0x0000, 0x0000, 0x0000, 0x0000, 0x0000, 0x0000, 0x0000, 0x0000, 0x0000, 0x0000, 0x0000, 0x0000, 0x0000, 0x0000, 0x0000,
    0x0000, 0x0000, 0x0000, 0x0000, 0x0000, 0x0000, 0x0000, 0x0000, 0x0000, 0x0000, 0x0000, 0x0000, 0x0000, 0x0000, 0x0000, 0x0000,
    0x0000, 0x0000, 0x0000, 0x0000, 0x0000, 0x0000, 0x0000, 0x0000, 0x0000, 0x0000, 0x0000, 0x0000, 0x0000, 0x0000, 0x0000, 0x0000,
    0x2992, 0x2972, 0x3192, 0x3a14, 0x3192, 0x2972, 0x2992, 0x31b2, 0x3192, 0x2972, 0x31b2, 0x31b3, 0x2992, 0x3192, 0x2992, 0x31b3,
    0x2c99, 0x2479, 0x2cfa, 0x4e1c, 0x2cfa, 0x2459, 0x2cd9, 0x353a, 0x2cfa, 0x2459, 0x353a, 0x355a, 0x2499, 0x2d1a, 0x2cd9, 0x353a,
    0x0000, 0x0000, 0x0000, 0x0000, 0x0000, 0x0000, 0x0000, 0x0000, 0x0000, 0x0000, 0x0000, 0x0000, 0x0000, 0x0000, 0x0000, 0x0000,
    0x0000, 0x0000, 0x0000, 0x0000, 0x0000, 0x0000, 0x0000, 0x0000, 0x0000, 0x0000, 0x0000, 0x0000, 0x0000, 0x0000, 0x0000, 0x0000,
    0x0000, 0x0000, 0x0000, 0x0000, 0x0000, 0x0000, 0x0000, 0x0000, 0x0000, 0x0000, 0x0000, 0x0000, 0x0000, 0x0000, 0x0000, 0x0000,
    0x0000, 0x0000, 0x0000, 0x0000, 0x0000, 0x0000, 0x0000, 0x0000, 0x0000, 0x0000, 0x0000, 0x0000, 0x0000, 0x0000, 0x0000, 0x0000,
    0x0000, 0x0000, 0x0000, 0x0000, 0x0000, 0x0000, 0x0000, 0x0000, 0x0000, 0x0000, 0x0000, 0x0000, 0x0000, 0x0000, 0x0000, 0x0000,
    0x0000, 0x0000, 0x0000, 0x0000, 0x0000, 0x0000, 0x0000, 0x0000, 0x0000, 0x0000, 0x0000, 0x0000, 0x0000, 0x0000, 0x0000, 0x0000,
    0x0000, 0x0000, 0x0000, 0x0000, 0x0000, 0x0000, 0x0000, 0x0000, 0x0000, 0x0000, 0x0000, 0x0000, 0x0000, 0x0000, 0x0000, 0x0000,
    0x0000, 0x0000, 0x0000, 0x0000, 0x0000, 0x0000, 0x0000, 0x0000, 0x0000, 0x0000, 0x0000, 0x0000, 0x0000, 0x0000, 0x0000, 0x0000,
    0x0000, 0x0000, 0x0000, 0x0000, 0x0000, 0x0000, 0x0000, 0x0000, 0x0000, 0x0000, 0x0000, 0x0000, 0x0000, 0x0000, 0x0000, 0x0000,
    0x0000, 0x0000, 0x0000, 0x0000, 0x0000, 0x0000, 0x0000, 0x0000, 0x0000, 0x0000, 0x0000, 0x0000, 0x0000, 0x0000, 0x0000, 0x0000,
    0x0000, 0x0000, 0x0000, 0x0000, 0x0000, 0x0000, 0x0000, 0x0000, 0x0000, 0x0000, 0x0000, 0x0000, 0x0000, 0x0000, 0x0000, 0x0000,
    0x0000, 0x0000, 0x0000, 0x0000, 0x0000, 0x0000, 0x0000, 0x0000, 0x0000, 0x0000, 0x0000, 0x0000, 0x0000, 0x0000, 0x0000, 0x0000,
    0x0000, 0x0000, 0x0000, 0x0000, 0x0000, 0x0000, 0x0000, 0x0000, 0x0000, 0x0000, 0x0000, 0x0000, 0x0000, 0x0000, 0x0000, 0x0000,
    0x0000, 0x0000, 0x0000, 0x0000, 0x0000, 0x0000, 0x0000, 0x0000, 0x0000, 0x0000, 0x0000, 0x0000, 0x0000, 0x0000, 0x0000, 0x0000,
    0x3a76, 0x3a76, 0x39f4, 0x39f4, 0x31b3, 0x31b3, 0x31b3, 0x31d3, 0x39f4, 0x3a76, 0x31d4, 0x31b3, 0x3a76, 0x3a76, 0x39f4, 0x31d3,
    0x4e3c, 0x4e3c, 0x45fc, 0x45fc, 0x3d9b, 0x3d9b, 0x357a, 0x3d9b, 0x461c, 0x4e3c, 0x3ddb, 0x355a, 0x4e3c, 0x4e3c, 0x45fb, 0x3dbb,
    0x0000, 0x0000, 0x0000, 0x0000, 0x0000, 0x0000, 0x0000, 0x0000, 0x0000, 0x0000, 0x0000, 0x0000, 0x0000, 0x0000, 0x0000, 0x0000,
    0x0000, 0x0000, 0x0000, 0x0000, 0x0000, 0x0000, 0x0000, 0x0000, 0x0000, 0x0000, 0x0000, 0x0000, 0x0000, 0x0000, 0x0000, 0x0000,
    0x0000, 0x0000, 0x0000, 0x0000, 0x0000, 0x0000, 0x0000, 0x0000, 0x0000, 0x0000, 0x0000, 0x0000, 0x0000, 0x0000, 0x0000, 0x0000,
    0x0000, 0x0000, 0x0000, 0x0000, 0x0000, 0x0000, 0x0000, 0x0000, 0x0000, 0x0000, 0x0000, 0x0000, 0x0000, 0x0000, 0x0000, 0x0000,
    0x0000, 0x0000, 0x0000, 0x0000, 0x0000, 0x0000, 0x0000, 0x0000, 0x0000, 0x0000, 0x0000, 0x0000, 0x0000, 0x0000, 0x0000, 0x0000,
    0x0000, 0x0000, 0x0000, 0x0000, 0x0000, 0x0000, 0x0000, 0x0000, 0x0000, 0x0000, 0x0000, 0x0000, 0x0000, 0x0000, 0x0000, 0x0000,
    0x0000, 0x0000, 0x0000, 0x0000, 0x0000, 0x0000, 0x0000, 0x0000, 0x0000, 0x0000, 0x0000, 0x0000, 0x0000, 0x0000, 0x0000, 0x0000,
    0x0000, 0x0000, 0x0000, 0x0000, 0x0000, 0x0000, 0x0000, 0x0000, 0x0000, 0x0000, 0x0000, 0x0000, 0x0000, 0x0000, 0x0000, 0x0000,
    0x0000, 0x0000, 0x0000, 0x0000, 0x0000, 0x0000, 0x0000, 0x0000, 0x0000, 0x0000, 0x0000, 0x0000, 0x0000, 0x0000, 0x0000, 0x0000,
    0x0000, 0x0000, 0x0000, 0x0000, 0x0000, 0x0000, 0x0000, 0x0000, 0x0000, 0x0000, 0x0000, 0x0000, 0x0000, 0x0000, 0x0000, 0x0000,
    0x0000, 0x0000, 0x0000, 0x0000, 0x0000, 0x0000, 0x0000, 0x0000, 0x0000, 0x0000, 0x0000, 0x0000, 0x0000, 0x0000, 0x0000, 0x0000,
    0x0000, 0x0000, 0x0000, 0x0000, 0x0000, 0x0000, 0x0000, 0x0000, 0x0000, 0x0000, 0x0000, 0x0000, 0x0000, 0x0000, 0x0000, 0x0000,
    0x0000, 0x0000, 0x0000, 0x0000, 0x0000, 0x0000, 0x0000, 0x0000, 0x0000, 0x0000, 0x0000, 0x0000, 0x0000, 0x0000, 0x0000, 0x0000,
    0x0000, 0x0000, 0x0000, 0x0000, 0x0000, 0x0000, 0x0000, 0x0000, 0x0000, 0x0000, 0x0000, 0x0000, 0x0000, 0x0000, 0x0000, 0x0000,
    0x31b2, 0x31b2, 0x3a76, 0x3a76, 0x39f4, 0x31d4, 0x3a14, 0x3a14, 0x2992, 0x3192, 0x39f4, 0x3a14, 0x31d4, 0x31d3, 0x3a14, 0x3a14,
    0x353a, 0x353a, 0x4e3c, 0x4e3c, 0x45fb, 0x3ddb, 0x4e1c, 0x4e1c, 0x2cd9, 0x2d1a, 0x45fc, 0x4e1c, 0x3ddb, 0x3ddb, 0x4e1c, 0x4e1c,
    0x0000, 0x0000, 0x0000, 0x0000, 0x0000, 0x0000, 0x0000, 0x0000, 0x0000, 0x0000, 0x0000, 0x0000, 0x0000, 0x0000, 0x0000, 0x0000,
    0x0000, 0x0000, 0x0000, 0x0000, 0x0000, 0x0000, 0x0000, 0x0000, 0x0000, 0x0000, 0x0000, 0x0000, 0x0000, 0x0000, 0x0000, 0x0000,
    0x0000, 0x0000, 0x0000, 0x0000, 0x0000, 0x0000, 0x0000, 0x0000, 0x0000, 0x0000, 0x0000, 0x0000, 0x0000, 0x0000, 0x0000, 0x0000,
    0x0000, 0x0000, 0x0000, 0x0000, 0x0000, 0x0000, 0x0000, 0x0000, 0x0000, 0x0000, 0x0000, 0x0000, 0x0000, 0x0000, 0x0000, 0x0000,
    0x0000, 0x0000, 0x0000, 0x0000, 0x0000, 0x0000, 0x0000, 0x0000, 0x0000, 0x0000, 0x0000, 0x0000, 0x0000, 0x0000, 0x0000, 0x0000,
    0x0000, 0x0000, 0x0000, 0x0000, 0x0000, 0x0000, 0x0000, 0x0000, 0x0000, 0x0000, 0x0000, 0x0000, 0x0000, 0x0000, 0x0000, 0x0000,
    0x0000, 0x0000, 0x0000, 0x0000, 0x0000, 0x0000, 0x0000, 0x0000, 0x0000, 0x0000, 0x0000, 0x0000, 0x0000, 0x0000, 0x0000, 0x0000,
    0x0000, 0x0000, 0x0000, 0x0000, 0x0000, 0x0000, 0x0000, 0x0000, 0x0000, 0x0000, 0x0000, 0x0000, 0x0000, 0x0000, 0x0000, 0x0000,
    0x0000, 0x0000, 0x0000, 0x0000, 0x0000, 0x0000, 0x0000, 0x0000, 0x0000, 0x0000, 0x0000, 0x0000, 0x0000, 0x0000, 0x0000, 0x0000,
    0x0000, 0x0000, 0x0000, 0x0000, 0x0000, 0x0000, 0x0000, 0x0000, 0x0000, 0x0000, 0x0000, 0x0000, 0x0000, 0x0000, 0x0000, 0x0000,
    0x0000, 0x0000, 0x0000, 0x0000, 0x0000, 0x0000, 0x0000, 0x0000, 0x0000, 0x0000, 0x0000, 0x0000, 0x0000, 0x0000, 0x0000, 0x0000,
    0x0000, 0x0000, 0x0000, 0x0000, 0x0000, 0x0000, 0x0000, 0x0000, 0x0000, 0x0000, 0x0000, 0x0000, 0x0000, 0x0000, 0x0000, 0x0000,
    0x0000, 0x0000, 0x0000, 0x0000, 0x0000, 0x0000, 0x0000, 0x0000, 0x0000, 0x0000, 0x0000, 0x0000, 0x0000, 0x0000, 0x0000, 0x0000,
    0x0000, 0x0000, 0x0000, 0x0000, 0x0000, 0x0000, 0x0000, 0x0000, 0x0000, 0x0000, 0x0000, 0x0000, 0x0000, 0x0000, 0x0000, 0x0000,
    0x39f4, 0x39d4, 0x2992, 0x3192, 0x3a14, 0x31d4, 0x3192, 0x31b2, 0x3192, 0x31b3, 0x3192, 0x2992, 0x31b3, 0x31b3, 0x2992, 0x2992,
    0x45fb, 0x45db, 0x2c99, 0x351a, 0x4e1c, 0x3ddb, 0x2cfa, 0x353a, 0x351a, 0x355a, 0x2d1a, 0x2499, 0x3d9b, 0x355a, 0x2cb9, 0x2cb9,
    0x0000, 0x0000, 0x0000, 0x0000, 0x0000, 0x0000, 0x0000, 0x0000, 0x0000, 0x0000, 0x0000, 0x0000, 0x0000, 0x0000, 0x0000, 0x0000,
    0x0000, 0x0000, 0x0000, 0x0000, 0x0000, 0x0000, 0x0000, 0x0000, 0x0000, 0x0000, 0x0000, 0x0000, 0x0000, 0x0000, 0x0000, 0x0000,
    0x0000, 0x0000, 0x0000, 0x0000, 0x0000, 0x0000, 0x0000, 0x0000, 0x0000, 0x0000, 0x0000, 0x0000, 0x0000, 0x0000, 0x0000, 0x0000,
    0x0000, 0x0000, 0x0000, 0x0000, 0x0000, 0x0000, 0x0000, 0x0000, 0x0000, 0x0000, 0x0000, 0x0000, 0x0000, 0x0000, 0x0000, 0x0000,
    0x0000, 0x0000, 0x0000, 0x0000, 0x0000, 0x0000, 0x0000, 0x0000, 0x0000, 0x0000, 0x0000, 0x0000, 0x0000, 0x0000, 0x0000, 0x0000,
    0x0000, 0x0000, 0x0000, 0x0000, 0x0000, 0x0000, 0x0000, 0x0000, 0x0000, 0x0000, 0x0000, 0x0000, 0x0000, 0x0000, 0x0000, 0x0000,
    0x0000, 0x0000, 0x0000, 0x0000, 0x0000, 0x0000, 0x0000, 0x0000, 0x0000, 0x0000, 0x0000, 0x0000, 0x0000, 0x0000, 0x0000, 0x0000,
    0x0000, 0x0000, 0x0000, 0x0000, 0x0000, 0x0000, 0x0000, 0x0000, 0x0000, 0x0000, 0x0000, 0x0000, 0x0000, 0x0000, 0x0000, 0x0000,
    0x0000, 0x0000, 0x0000, 0x0000, 0x0000, 0x0000, 0x0000, 0x0000, 0x0000, 0x0000, 0x0000, 0x0000, 0x0000, 0x0000, 0x0000, 0x0000,
    0x0000, 0x0000, 0x0000, 0x0000, 0x0000, 0x0000, 0x0000, 0x0000, 0x0000, 0x0000, 0x0000, 0x0000, 0x0000, 0x0000, 0x0000, 0x0000,
    0x0000, 0x0000, 0x0000, 0x0000, 0x0000, 0x0000, 0x0000, 0x0000, 0x0000, 0x0000, 0x0000, 0x0000, 0x0000, 0x0000, 0x0000, 0x0000,
    0x0000, 0x0000, 0x0000, 0x0000, 0x0000, 0x0000, 0x0000, 0x0000, 0x0000, 0x0000, 0x0000, 0x0000, 0x0000, 0x0000, 0x0000, 0x0000,
    0x0000, 0x0000, 0x0000, 0x0000, 0x0000, 0x0000, 0x0000, 0x0000, 0x0000, 0x0000, 0x0000, 0x0000, 0x0000, 0x0000, 0x0000, 0x0000,
    0x0000, 0x0000, 0x0000, 0x0000, 0x0000, 0x0000, 0x0000, 0x0000, 0x0000, 0x0000, 0x0000, 0x0000, 0x0000, 0x0000, 0x0000, 0x0000,
    0x3192, 0x31b3, 0x31b3, 0x39f4, 0x2972, 0x2972, 0x31b3, 0x31d3, 0x3192, 0x31d3, 0x3a76, 0x3a76, 0x31b3, 0x39d4, 0x3a76, 0x3a76,
    0x351a, 0x355a, 0x353a, 0x461c, 0x2479, 0x2479, 0x355a, 0x3dbb, 0x2cfa, 0x3ddb, 0x4e3c, 0x4e3c, 0x357a, 0x45db, 0x4e3c, 0x4e3c,
    0x0000, 0x0000, 0x0000, 0x0000, 0x0000, 0x0000, 0x0000, 0x0000, 0x0000, 0x0000, 0x0000, 0x0000, 0x0000, 0x0000, 0x0000, 0x0000,
    0x0000, 0x0000, 0x0000, 0x0000, 0x0000, 0x0000, 0x0000, 0x0000, 0x0000, 0x0000, 0x0000, 0x0000, 0x0000, 0x0000, 0x0000, 0x0000,
    0x0000, 0x0000, 0x0000, 0x0000, 0x0000, 0x0000, 0x0000, 0x0000, 0x0000, 0x0000, 0x0000, 0x0000, 0x0000, 0x0000, 0x0000, 0x0000,
    0x0000, 0x0000, 0x0000, 0x0000, 0x0000, 0x0000, 0x0000, 0x0000, 0x0000, 0x0000, 0x0000, 0x0000, 0x0000, 0x0000, 0x0000, 0x0000,
    0x0000, 0x0000, 0x0000, 0x0000, 0x0000, 0x0000, 0x0000, 0x0000, 0x0000, 0x0000, 0x0000, 0x0000, 0x0000, 0x0000, 0x0000, 0x0000,
    0x0000, 0x0000, 0x0000, 0x0000, 0x0000, 0x0000, 0x0000, 0x0000, 0x0000, 0x0000, 0x0000, 0x0000, 0x0000, 0x0000, 0x0000, 0x0000,
    0x0000, 0x0000, 0x0000, 0x0000, 0x0000, 0x0000, 0x0000, 0x0000, 0x0000, 0x0000, 0x0000, 0x0000, 0x0000, 0x0000, 0x0000, 0x0000,
    0x0000, 0x0000, 0x0000, 0x0000, 0x0000, 0x0000, 0x0000, 0x0000, 0x0000, 0x0000, 0x0000, 0x0000, 0x0000, 0x0000, 0x0000, 0x0000,
    0x0000, 0x0000, 0x0000, 0x0000, 0x0000, 0x0000, 0x0000, 0x0000, 0x0000, 0x0000, 0x0000, 0x0000, 0x0000, 0x0000, 0x0000, 0x0000,
    0x0000, 0x0000, 0x0000, 0x0000, 0x0000, 0x0000, 0x0000, 0x0000, 0x0000, 0x0000, 0x0000, 0x0000, 0x0000, 0x0000, 0x0000, 0x0000,
    0x0000, 0x0000, 0x0000, 0x0000, 0x0000, 0x0000, 0x0000, 0x0000, 0x0000, 0x0000, 0x0000, 0x0000, 0x0000, 0x0000, 0x0000, 0x0000,
    0x0000, 0x0000, 0x0000, 0x0000, 0x0000, 0x0000, 0x0000, 0x0000, 0x0000, 0x0000, 0x0000, 0x0000, 0x0000, 0x0000, 0x0000, 0x0000,
    0x0000, 0x0000, 0x0000, 0x0000, 0x0000, 0x0000, 0x0000, 0x0000, 0x0000, 0x0000, 0x0000, 0x0000, 0x0000, 0x0000, 0x0000, 0x0000,
    0x0000, 0x0000, 0x0000, 0x0000, 0x0000, 0x0000, 0x0000, 0x0000, 0x0000, 0x0000, 0x0000, 0x0000, 0x0000, 0x0000, 0x0000, 0x0000,
    0x3a14, 0x3a14, 0x39f4, 0x39f4, 0x3a76, 0x3a14, 0x39f4, 0x31d4, 0x3a14, 0x39f4, 0x31b3, 0x31d3, 0x31d3, 0x31b3, 0x2992, 0x31b3,
    0x4e1c, 0x4e1c, 0x45fb, 0x45fb, 0x4e3c, 0x4e1c, 0x45fb, 0x3ddb, 0x4e1c, 0x461c, 0x355a, 0x3d9b, 0x3ddb, 0x3d9b, 0x2cd9, 0x3d9b,
    0x0000, 0x0000, 0x0000, 0x0000, 0x0000, 0x0000, 0x0000, 0x0000, 0x0000, 0x0000, 0x0000, 0x0000, 0x0000, 0x0000, 0x0000, 0x0000,
    0x0000, 0x0000, 0x0000, 0x0000, 0x0000, 0x0000, 0x0000, 0x0000, 0x0000, 0x0000, 0x0000, 0x0000, 0x0000, 0x0000, 0x0000, 0x0000,
    0x0000, 0x0000, 0x0000, 0x0000, 0x0000, 0x0000, 0x0000, 0x0000, 0x0000, 0x0000, 0x0000, 0x0000, 0x0000, 0x0000, 0x0000, 0x0000,
    0x0000, 0x0000, 0x0000, 0x0000, 0x0000, 0x0000, 0x0000, 0x0000, 0x0000, 0x0000, 0x0000, 0x0000, 0x0000, 0x0000, 0x0000, 0x0000,
    0x0000, 0x0000, 0x0000, 0x0000, 0x0000, 0x0000, 0x0000, 0x0000, 0x0000, 0x0000, 0x0000, 0x0000, 0x0000, 0x0000, 0x0000, 0x0000,
    0x0000, 0x0000, 0x0000, 0x0000, 0x0000, 0x0000, 0x0000, 0x0000, 0x0000, 0x0000, 0x0000, 0x0000, 0x0000, 0x0000, 0x0000, 0x0000,
    0x0000, 0x0000, 0x0000, 0x0000, 0x0000, 0x0000, 0x0000, 0x0000, 0x0000, 0x0000, 0x0000, 0x0000, 0x0000, 0x0000, 0x0000, 0x0000,
    0x0000, 0x0000, 0x0000, 0x0000, 0x0000, 0x0000, 0x0000, 0x0000, 0x0000, 0x0000, 0x0000, 0x0000, 0x0000, 0x0000, 0x0000, 0x0000,
    0x0000, 0x0000, 0x0000, 0x0000, 0x0000, 0x0000, 0x0000, 0x0000, 0x0000, 0x0000, 0x0000, 0x0000, 0x0000, 0x0000, 0x0000, 0x0000,
    0x0000, 0x0000, 0x0000, 0x0000, 0x0000, 0x0000, 0x0000, 0x0000, 0x0000, 0x0000, 0x0000, 0x0000, 0x0000, 0x0000, 0x0000, 0x0000,
    0x0000, 0x0000, 0x0000, 0x0000, 0x0000, 0x0000, 0x0000, 0x0000, 0x0000, 0x0000, 0x0000, 0x0000, 0x0000, 0x0000, 0x0000, 0x0000,
    0x0000, 0x0000, 0x0000, 0x0000, 0x0000, 0x0000, 0x0000, 0x0000, 0x0000, 0x0000, 0x0000, 0x0000, 0x0000, 0x0000, 0x0000, 0x0000,
    0x0000, 0x0000, 0x0000, 0x0000, 0x0000, 0x0000, 0x0000, 0x0000, 0x0000, 0x0000, 0x0000, 0x0000, 0x0000, 0x0000, 0x0000, 0x0000,
    0x0000, 0x0000, 0x0000, 0x0000, 0x0000, 0x0000, 0x0000, 0x0000, 0x0000, 0x0000, 0x0000, 0x0000, 0x0000, 0x0000, 0x0000, 0x0000,
    0x2992, 0x3192, 0x31d3, 0x31d3, 0x31b2, 0x31b2, 0x39f4, 0x39d4, 0x2992, 0x3192, 0x3192, 0x31d3, 0x2972, 0x2972, 0x31b3, 0x31d3,
    0x2cd9, 0x2cfa, 0x3dbb, 0x3dbb, 0x353a, 0x353a, 0x45fc, 0x45db, 0x2cd9, 0x2cfa, 0x351a, 0x3ddb, 0x2479, 0x2479, 0x353a, 0x3ddb,
    0x0000, 0x0000, 0x0000, 0x0000, 0x0000, 0x0000, 0x0000, 0x0000, 0x0000, 0x0000, 0x0000, 0x0000, 0x0000, 0x0000, 0x0000, 0x0000,
    0x0000, 0x0000, 0x0000, 0x0000, 0x0000, 0x0000, 0x0000, 0x0000, 0x0000, 0x0000, 0x0000, 0x0000, 0x0000, 0x0000, 0x0000, 0x0000,
    0x0000, 0x0000, 0x0000, 0x0000, 0x0000, 0x0000, 0x0000, 0x0000, 0x0000, 0x0000, 0x0000, 0x0000, 0x0000, 0x0000, 0x0000, 0x0000,
    0x0000, 0x0000, 0x0000, 0x0000, 0x0000, 0x0000, 0x0000, 0x0000, 0x0000, 0x0000, 0x0000, 0x0000, 0x0000, 0x0000, 0x0000, 0x0000,
    0x0000, 0x0000, 0x0000, 0x0000, 0x0000, 0x0000, 0x0000, 0x0000, 0x0000, 0x0000, 0x0000, 0x0000, 0x0000, 0x0000, 0x0000, 0x0000,
    0x0000, 0x0000, 0x0000, 0x0000, 0x0000, 0x0000, 0x0000, 0x0000, 0x0000, 0x0000, 0x0000, 0x0000, 0x0000, 0x0000, 0x0000, 0x0000,
    0x0000, 0x0000, 0x0000, 0x0000, 0x0000, 0x0000, 0x0000, 0x0000, 0x0000, 0x0000, 0x0000, 0x0000, 0x0000, 0x0000, 0x0000, 0x0000,
    0x0000, 0x0000, 0x0000, 0x0000, 0x0000, 0x0000, 0x0000, 0x0000, 0x0000, 0x0000, 0x0000, 0x0000, 0x0000, 0x0000, 0x0000, 0x0000,
    0x0000, 0x0000, 0x0000, 0x0000, 0x0000, 0x0000, 0x0000, 0x0000, 0x0000, 0x0000, 0x0000, 0x0000, 0x0000, 0x0000, 0x0000, 0x0000,
    0x0000, 0x0000, 0x0000, 0x0000, 0x0000, 0x0000, 0x0000, 0x0000, 0x0000, 0x0000, 0x0000, 0x0000, 0x0000, 0x0000, 0x0000, 0x0000,
    0x0000, 0x0000, 0x0000, 0x0000, 0x0000, 0x0000, 0x0000, 0x0000, 0x0000, 0x0000, 0x0000, 0x0000, 0x0000, 0x0000, 0x0000, 0x0000,
    0x0000, 0x0000, 0x0000, 0x0000, 0x0000, 0x0000, 0x0000, 0x0000, 0x0000, 0x0000, 0x0000, 0x0000, 0x0000, 0x0000, 0x0000, 0x0000,
    0x0000, 0x0000, 0x0000, 0x0000, 0x0000, 0x0000, 0x0000, 0x0000, 0x0000, 0x0000, 0x0000, 0x0000, 0x0000, 0x0000, 0x0000, 0x0000,
    0x0000, 0x0000, 0x0000, 0x0000, 0x0000, 0x0000, 0x0000, 0x0000, 0x0000, 0x0000, 0x0000, 0x0000, 0x0000, 0x0000, 0x0000, 0x0000,
    0x31b2, 0x31b2, 0x2972, 0x2972, 0x3a14, 0x3a15, 0x2992, 0x2972, 0x31b3, 0x39f4, 0x31d3, 0x39d4, 0x3a76, 0x3a76, 0x31d3, 0x2992,
    0x353a, 0x353a, 0x2479, 0x2479, 0x4e1c, 0x4e3c, 0x2cb9, 0x2459, 0x3d9b, 0x45fc, 0x3d9b, 0x45db, 0x4e3c, 0x4e3c, 0x3ddb, 0x2499,
    0x0000, 0x0000, 0x0000, 0x0000, 0x0000, 0x0000, 0x0000, 0x0000, 0x0000, 0x0000, 0x0000, 0x0000, 0x0000, 0x0000, 0x0000, 0x0000,
    0x0000, 0x0000, 0x0000, 0x0000, 0x0000, 0x0000, 0x0000, 0x0000, 0x0000, 0x0000, 0x0000, 0x0000, 0x0000, 0x0000, 0x0000, 0x0000,
    0x0000, 0x0000, 0x0000, 0x0000, 0x0000, 0x0000, 0x0000, 0x0000, 0x0000, 0x0000, 0x0000, 0x0000, 0x0000, 0x0000, 0x0000, 0x0000,
    0x0000, 0x0000, 0x0000, 0x0000, 0x0000, 0x0000, 0x0000, 0x0000, 0x0000, 0x0000, 0x0000, 0x0000, 0x0000, 0x0000, 0x0000, 0x0000,
    0x0000, 0x0000, 0x0000, 0x0000, 0x0000, 0x0000, 0x0000, 0x0000, 0x0000, 0x0000, 0x0000, 0x0000, 0x0000, 0x0000, 0x0000, 0x0000,
    0x0000, 0x0000, 0x0000, 0x0000, 0x0000, 0x0000, 0x0000, 0x0000, 0x0000, 0x0000, 0x0000, 0x0000, 0x0000, 0x0000, 0x0000, 0x0000,
    0x0000, 0x0000, 0x0000, 0x0000, 0x0000, 0x0000, 0x0000, 0x0000, 0x0000, 0x0000, 0x0000, 0x0000, 0x0000, 0x0000, 0x0000, 0x0000,
    0x0000, 0x0000, 0x0000, 0x0000, 0x0000, 0x0000, 0x0000, 0x0000, 0x0000, 0x0000, 0x0000, 0x0000, 0x0000, 0x0000, 0x0000, 0x0000,
    0x0000, 0x0000, 0x0000, 0x0000, 0x0000, 0x0000, 0x0000, 0x0000, 0x0000, 0x0000, 0x0000, 0x0000, 0x0000, 0x0000, 0x0000, 0x0000,
    0x0000, 0x0000, 0x0000, 0x0000, 0x0000, 0x0000, 0x0000, 0x0000, 0x0000, 0x0000, 0x0000, 0x0000, 0x0000, 0x0000, 0x0000, 0x0000,
    0x0000, 0x0000, 0x0000, 0x0000, 0x0000, 0x0000, 0x0000, 0x0000, 0x0000, 0x0000, 0x0000, 0x0000, 0x0000, 0x0000, 0x0000, 0x0000,
    0x0000, 0x0000, 0x0000, 0x0000, 0x0000, 0x0000, 0x0000, 0x0000, 0x0000, 0x0000, 0x0000, 0x0000, 0x0000, 0x0000, 0x0000, 0x0000,
    0x0000, 0x0000, 0x0000, 0x0000, 0x0000, 0x0000, 0x0000, 0x0000, 0x0000, 0x0000, 0x0000, 0x0000, 0x0000, 0x0000, 0x0000, 0x0000,
    0x0000, 0x0000, 0x0000, 0x0000, 0x0000, 0x0000, 0x0000, 0x0000, 0x0000, 0x0000, 0x0000, 0x0000, 0x0000, 0x0000, 0x0000, 0x0000,
    0x39d4, 0x31d4, 0x3a35, 0x3a76, 0x3a14, 0x39f4, 0x31d3, 0x31b3, 0x2972, 0x31b3, 0x39d4, 0x3a14, 0x31b3, 0x31b3, 0x3a14, 0x3a76,
    0x45db, 0x3ddb, 0x4e3c, 0x4e3c, 0x4e1c, 0x45fb, 0x3d9b, 0x355a, 0x2479, 0x357a, 0x45db, 0x4e1c, 0x357a, 0x357a, 0x4e1c, 0x4e3c,
    0x0000, 0x0000, 0x0000, 0x0000, 0x0000, 0x0000, 0x0000, 0x0000, 0x0000, 0x0000, 0x0000, 0x0000, 0x0000, 0x0000, 0x0000, 0x0000,
    0x0000, 0x0000, 0x0000, 0x0000, 0x0000, 0x0000, 0x0000, 0x0000, 0x0000, 0x0000, 0x0000, 0x0000, 0x0000, 0x0000, 0x0000, 0x0000,
    0x0000, 0x0000, 0x0000, 0x0000, 0x0000, 0x0000, 0x0000, 0x0000, 0x0000, 0x0000, 0x0000, 0x0000, 0x0000, 0x0000, 0x0000, 0x0000,
    0x0000, 0x0000, 0x0000, 0x0000, 0x0000, 0x0000, 0x0000, 0x0000, 0x0000, 0x0000, 0x0000, 0x0000, 0x0000, 0x0000, 0x0000, 0x0000,
    0x0000, 0x0000, 0x0000, 0x0000, 0x0000, 0x0000, 0x0000, 0x0000, 0x0000, 0x0000, 0x0000, 0x0000, 0x0000, 0x0000, 0x0000, 0x0000,
    0x0000, 0x0000, 0x0000, 0x0000, 0x0000, 0x0000, 0x0000, 0x0000, 0x0000, 0x0000, 0x0000, 0x0000, 0x0000, 0x0000, 0x0000, 0x0000,
    0x0000, 0x0000, 0x0000, 0x0000, 0x0000, 0x0000, 0x0000, 0x0000, 0x0000, 0x0000, 0x0000, 0x0000, 0x0000, 0x0000, 0x0000, 0x0000,
    0x0000, 0x0000, 0x0000, 0x0000, 0x0000, 0x0000, 0x0000, 0x0000, 0x0000, 0x0000, 0x0000, 0x0000, 0x0000, 0x0000, 0x0000, 0x0000,
    0x0000, 0x0000, 0x0000, 0x0000, 0x0000, 0x0000, 0x0000, 0x0000, 0x0000, 0x0000, 0x0000, 0x0000, 0x0000, 0x0000, 0x0000, 0x0000,
    0x0000, 0x0000, 0x0000, 0x0000, 0x0000, 0x0000, 0x0000, 0x0000, 0x0000, 0x0000, 0x0000, 0x0000, 0x0000, 0x0000, 0x0000, 0x0000,
    0x0000, 0x0000, 0x0000, 0x0000, 0x0000, 0x0000, 0x0000, 0x0000, 0x0000, 0x0000, 0x0000, 0x0000, 0x0000, 0x0000, 0x0000, 0x0000,
    0x0000, 0x0000, 0x0000, 0x0000, 0x0000, 0x0000, 0x0000, 0x0000, 0x0000, 0x0000, 0x0000, 0x0000, 0x0000, 0x0000, 0x0000, 0x0000,
    0x0000, 0x0000, 0x0000, 0x0000, 0x0000, 0x0000, 0x0000, 0x0000, 0x0000, 0x0000, 0x0000, 0x0000, 0x0000, 0x0000, 0x0000, 0x0000,
    0x0000, 0x0000, 0x0000, 0x0000, 0x0000, 0x0000, 0x0000, 0x0000, 0x0000, 0x0000, 0x0000, 0x0000, 0x0000, 0x0000, 0x0000, 0x0000,
    0x3a15, 0x3a15, 0x31b3, 0x31b3, 0x3a14, 0x31d3, 0x31d3, 0x39f4, 0x3a76, 0x39f4, 0x3192, 0x3192, 0x31d3, 0x39d4, 0x31b2, 0x2992,
    0x4e3c, 0x4e1c, 0x3d9b, 0x355a, 0x4e1c, 0x3d9b, 0x3ddb, 0x45fc, 0x4e3c, 0x461c, 0x2d1a, 0x351a, 0x3dbb, 0x45db, 0x353a, 0x2cd9,
    0x0000, 0x0000, 0x0000, 0x0000, 0x0000, 0x0000, 0x0000, 0x0000, 0x0000, 0x0000, 0x0000, 0x0000, 0x0000, 0x0000, 0x0000, 0x0000,
    0x0000, 0x0000, 0x0000, 0x0000, 0x0000, 0x0000, 0x0000, 0x0000, 0x0000, 0x0000, 0x0000, 0x0000, 0x0000, 0x0000, 0x0000, 0x0000,
    0x0000, 0x0000, 0x0000, 0x0000, 0x0000, 0x0000, 0x0000, 0x0000, 0x0000, 0x0000, 0x0000, 0x0000, 0x0000, 0x0000, 0x0000, 0x0000,
    0x0000, 0x0000, 0x0000, 0x0000, 0x0000, 0x0000, 0x0000, 0x0000, 0x0000, 0x0000, 0x0000, 0x0000, 0x0000, 0x0000, 0x0000, 0x0000,
    0x0000, 0x0000, 0x0000, 0x0000, 0x0000, 0x0000, 0x0000, 0x0000, 0x0000, 0x0000, 0x0000, 0x0000, 0x0000, 0x0000, 0x0000, 0x0000,
    0x0000, 0x0000, 0x0000, 0x0000, 0x0000, 0x0000, 0x0000, 0x0000, 0x0000, 0x0000, 0x0000, 0x0000, 0x0000, 0x0000, 0x0000, 0x0000,
    0x0000, 0x0000, 0x0000, 0x0000, 0x0000, 0x0000, 0x0000, 0x0000, 0x0000, 0x0000, 0x0000, 0x0000, 0x0000, 0x0000, 0x0000, 0x0000,
    0x0000, 0x0000, 0x0000, 0x0000, 0x0000, 0x0000, 0x0000, 0x0000, 0x0000, 0x0000, 0x0000, 0x0000, 0x0000, 0x0000, 0x0000, 0x0000,
    0x0000, 0x0000, 0x0000, 0x0000, 0x0000, 0x0000, 0x0000, 0x0000, 0x0000, 0x0000, 0x0000, 0x0000, 0x0000, 0x0000, 0x0000, 0x0000,
    0x0000, 0x0000, 0x0000, 0x0000, 0x0000, 0x0000, 0x0000, 0x0000, 0x0000, 0x0000, 0x0000, 0x0000, 0x0000, 0x0000, 0x0000, 0x0000,
    0x0000, 0x0000, 0x0000, 0x0000, 0x0000, 0x0000, 0x0000, 0x0000, 0x0000, 0x0000, 0x0000, 0x0000, 0x0000, 0x0000, 0x0000, 0x0000,
    0x0000, 0x0000, 0x0000, 0x0000, 0x0000, 0x0000, 0x0000, 0x0000, 0x0000, 0x0000, 0x0000, 0x0000, 0x0000, 0x0000, 0x0000, 0x0000,
    0x0000, 0x0000, 0x0000, 0x0000, 0x0000, 0x0000, 0x0000, 0x0000, 0x0000, 0x0000, 0x0000, 0x0000, 0x0000, 0x0000, 0x0000, 0x0000,
    0x0000, 0x0000, 0x0000, 0x0000, 0x0000, 0x0000, 0x0000, 0x0000, 0x0000, 0x0000, 0x0000, 0x0000, 0x0000, 0x0000, 0x0000, 0x0000,
    0x2992, 0x3192, 0x3a14, 0x31d3, 0x2992, 0x31b2, 0x3a14, 0x3a35, 0x31b3, 0x31b2, 0x31d4, 0x3a14, 0x2992, 0x3192, 0x39f4, 0x3a14,
    0x2499, 0x2cfa, 0x4e1c, 0x3dbb, 0x2cd9, 0x353a, 0x4e1c, 0x4e3c, 0x357a, 0x353a, 0x3ddb, 0x4e1c, 0x2cd9, 0x2cfa, 0x461c, 0x4e1c,
    0x0000, 0x0000, 0x0000, 0x0000, 0x0000, 0x0000, 0x0000, 0x0000, 0x0000, 0x0000, 0x0000, 0x0000, 0x0000, 0x0000, 0x0000, 0x0000,
    0x0000, 0x0000, 0x0000, 0x0000, 0x0000, 0x0000, 0x0000, 0x0000, 0x0000, 0x0000, 0x0000, 0x0000, 0x0000, 0x0000, 0x0000, 0x0000,
    0x0000, 0x0000, 0x0000, 0x0000, 0x0000, 0x0000, 0x0000, 0x0000, 0x0000, 0x0000, 0x0000, 0x0000, 0x0000, 0x0000, 0x0000, 0x0000,
    0x0000, 0x0000, 0x0000, 0x0000, 0x0000, 0x0000, 0x0000, 0x0000, 0x0000, 0x0000, 0x0000, 0x0000, 0x0000, 0x0000, 0x0000, 0x0000,
    0x0000, 0x0000, 0x0000, 0x0000, 0x0000, 0x0000, 0x0000, 0x0000, 0x0000, 0x0000, 0x0000, 0x0000, 0x0000, 0x0000, 0x0000, 0x0000,
    0x0000, 0x0000, 0x0000, 0x0000, 0x0000, 0x0000, 0x0000, 0x0000, 0x0000, 0x0000, 0x0000, 0x0000, 0x0000, 0x0000, 0x0000, 0x0000,
    0x0000, 0x0000, 0x0000, 0x0000, 0x0000, 0x0000, 0x0000, 0x0000, 0x0000, 0x0000, 0x0000, 0x0000, 0x0000, 0x0000, 0x0000, 0x0000,
    0x0000, 0x0000, 0x0000, 0x0000, 0x0000, 0x0000, 0x0000, 0x0000, 0x0000, 0x0000, 0x0000, 0x0000, 0x0000, 0x0000, 0x0000, 0x0000,
    0x0000, 0x0000, 0x0000, 0x0000, 0x0000, 0x0000, 0x0000, 0x0000, 0x0000, 0x0000, 0x0000, 0x0000, 0x0000, 0x0000, 0x0000, 0x0000,
    0x0000, 0x0000, 0x0000, 0x0000, 0x0000, 0x0000, 0x0000, 0x0000, 0x0000, 0x0000, 0x0000, 0x0000, 0x0000, 0x0000, 0x0000, 0x0000,
    0x0000, 0x0000, 0x0000, 0x0000, 0x0000, 0x0000, 0x0000, 0x0000, 0x0000, 0x0000, 0x0000, 0x0000, 0x0000, 0x0000, 0x0000, 0x0000,
    0x0000, 0x0000, 0x0000, 0x0000, 0x0000, 0x0000, 0x0000, 0x0000, 0x0000, 0x0000, 0x0000, 0x0000, 0x0000, 0x0000, 0x0000, 0x0000,
    0x0000, 0x0000, 0x0000, 0x0000, 0x0000, 0x0000, 0x0000, 0x0000, 0x0000, 0x0000, 0x0000, 0x0000, 0x0000, 0x0000, 0x0000, 0x0000,
    0x0000, 0x0000, 0x0000, 0x0000, 0x0000, 0x0000, 0x0000, 0x0000, 0x0000, 0x0000, 0x0000, 0x0000, 0x0000, 0x0000, 0x0000, 0x0000,
    0x6914, 0x7134, 0x6914, 0x6914, 0x7135, 0x8176, 0x6914, 0x6934, 0x7955, 0x8176, 0x6113, 0x6914, 0x7955, 0x7955, 0x6914, 0x6913,
    0xb1d4, 0xb1f5, 0xa9b4, 0xb1b4, 0xba16, 0xc277, 0xb1d5, 0xb1d5, 0xc256, 0xc257, 0xa994, 0xa9b4, 0xba36, 0xba36, 0xa9b4, 0xa9b4,
    0x0000, 0x0000, 0x0000, 0x0000, 0x0000, 0x0000, 0x0000, 0x0000, 0x0000, 0x0000, 0x0000, 0x0000, 0x0000, 0x0000, 0x0000, 0x0000,
    0x0000, 0x0000, 0x0000, 0x0000, 0x0000, 0x0000, 0x0000, 0x0000, 0x0000, 0x0000, 0x0000, 0x0000, 0x0000, 0x0000, 0x0000, 0x0000,
    0x0000, 0x0000, 0x0000, 0x0000, 0x0000, 0x0000, 0x0000, 0x0000, 0x0000, 0x0000, 0x0000, 0x0000, 0x0000, 0x0000, 0x0000, 0x0000,
    0x4983, 0x4962, 0x4983, 0x51c3, 0x51c3, 0x51c3, 0x51c3, 0x51c3, 0x4983, 0x51c3, 0x51c3, 0x51c3, 0x51c3, 0x51c3, 0x4983, 0x3922,
    0xb46a, 0x9c29, 0x9c29, 0x9ba8, 0x9ba8, 0x7b07, 0x9ba8, 0x9ba8, 0x9ba8, 0x9c29, 0x9c29, 0x9c29, 0x9c29, 0x9ba8, 0x9c29, 0xb46a,
    0x0000, 0x0000, 0x0000, 0x0000, 0x0000, 0x0000, 0x0000, 0x0000, 0x0000, 0x0000, 0x0000, 0x0000, 0x0000, 0x0000, 0x0000, 0x0000,
    0x0000, 0x0000, 0x0000, 0x0000, 0x0000, 0x0000, 0x0000, 0x0000, 0x0000, 0x0000, 0x0000, 0x0000, 0x0000, 0x0000, 0x0000, 0x0000,
    0x0000, 0x0000, 0x0000, 0x0000, 0x0000, 0x0000, 0x0000, 0x0000, 0x0000, 0x0000, 0x0000, 0x0000, 0x0000, 0x0000, 0x0000, 0x0000,
    0x0000, 0x0000, 0x0000, 0x0000, 0x0000, 0x0000, 0x0000, 0x0000, 0x0000, 0x0000, 0x0000, 0x0000, 0x0000, 0x0000, 0x0000, 0x0000,
    0x0000, 0x0000, 0x0000, 0x0000, 0x0000, 0x0000, 0x0000, 0x0000, 0x0000, 0x0000, 0x0000, 0x0000, 0x0000, 0x0000, 0x0000, 0x0000,
    0x2ad5, 0x2a93, 0x2a93, 0x2a93, 0x2a72, 0x2a72, 0x2a72, 0x2a93, 0x2a93, 0x2a93, 0x2a93, 0x2a93, 0x2ad5, 0x3317, 0x32f7, 0x3317,
    0x0000, 0x0000, 0x0000, 0x0000, 0x0000, 0x0000, 0x0000, 0x0000, 0x0000, 0x0000, 0x0000, 0x0000, 0x0000, 0x0000, 0x0000, 0x0000,
    0x0000, 0x0000, 0x0000, 0x0000, 0x0000, 0x0000, 0x0000, 0x0000, 0x0000, 0x0000, 0x0000, 0x0000, 0x0000, 0x0000, 0x0000, 0x0000,
    0x0000, 0x0000, 0x0000, 0x0000, 0x0000, 0x0000, 0x0000, 0x0000, 0x0000, 0x0000, 0x0000, 0x0000, 0x0000, 0x0000, 0x0000, 0x0000,
    0x7955, 0x7955, 0x9219, 0x9219, 0x8176, 0x8176, 0x7134, 0x7134, 0x6914, 0x6913, 0x6934, 0x7134, 0x60f3, 0x6913, 0x7134, 0x7135,
    0xba16, 0xc236, 0xd31a, 0xd31a, 0xc277, 0xc257, 0xb9f5, 0xb1f5, 0xb1b4, 0xa9b4, 0xb1d5, 0xb1f5, 0xa993, 0xa9b4, 0xb1f5, 0xba15,
    0x0000, 0x0000, 0x0000, 0x0000, 0x0000, 0x0000, 0x0000, 0x0000, 0x0000, 0x0000, 0x0000, 0x0000, 0x0000, 0x0000, 0x0000, 0x0000,
    0x0000, 0x0000, 0x0000, 0x0000, 0x0000, 0x0000, 0x0000, 0x0000, 0x0000, 0x0000, 0x0000, 0x0000, 0x0000, 0x0000, 0x0000, 0x0000,
    0x0000, 0x0000, 0x0000, 0x0000, 0x0000, 0x0000, 0x0000, 0x0000, 0x0000, 0x0000, 0x0000, 0x0000, 0x0000, 0x0000, 0x0000, 0x0000,
    0x4983, 0x4983, 0x4962, 0x4962, 0x3922, 0x3942, 0x4962, 0x4983, 0x4983, 0x4983, 0x4962, 0x4962, 0x4983, 0x4983, 0x3942, 0x3942,
    0xb46a, 0x2902, 0x2902, 0x2902, 0x3142, 0x3142, 0x2902, 0x2902, 0x2902, 0x3142, 0x3142, 0x20e2, 0x32d1, 0x2a6f, 0x2902, 0xb46a,
    0x0000, 0x0000, 0x0000, 0x0000, 0x0000, 0x0000, 0x0000, 0x0000, 0x0000, 0x0000, 0x0000, 0x0000, 0x0000, 0x0000, 0x0000, 0x0000,
    0x0000, 0x0000, 0x0000, 0x0000, 0x0000, 0x0000, 0x0000, 0x0000, 0x0000, 0x0000, 0x0000, 0x0000, 0x0000, 0x0000, 0x0000, 0x0000,
    0x0000, 0x0000, 0x0000, 0x0000, 0x0000, 0x0000, 0x0000, 0x0000, 0x0000, 0x0000, 0x0000, 0x0000, 0x0000, 0x0000, 0x0000, 0x0000,
    0x0000, 0x0000, 0x0000, 0x0000, 0x0000, 0x0000, 0x0000, 0x0000, 0x0000, 0x0000, 0x0000, 0x0000, 0x0000, 0x0000, 0x0000, 0x0000,
    0x0000, 0x0000, 0x0000, 0x0000, 0x0000, 0x0000, 0x0000, 0x0000, 0x0000, 0x0000, 0x0000, 0x0000, 0x0000, 0x0000, 0x0000, 0x0000,
    0x2a72, 0x2a72, 0x2a72, 0x2a72, 0x2a93, 0x2a93, 0x2a93, 0x2a93, 0x2a93, 0x2a93, 0x2a72, 0x2a72, 0x2a72, 0x2a72, 0x2a72, 0x2a72,
    0x0000, 0x0000, 0x0000, 0x0000, 0x0000, 0x0000, 0x0000, 0x0000, 0x0000, 0x0000, 0x0000, 0x0000, 0x0000, 0x0000, 0x0000, 0x0000,
    0x0000, 0x0000, 0x0000, 0x0000, 0x0000, 0x0000, 0x0000, 0x0000, 0x0000, 0x0000, 0x0000, 0x0000, 0x0000, 0x0000, 0x0000, 0x0000,
    0x0000, 0x0000, 0x0000, 0x0000, 0x0000, 0x0000, 0x0000, 0x0000, 0x0000, 0x0000, 0x0000, 0x0000, 0x0000, 0x0000, 0x0000, 0x0000,
    0x8176, 0x8196, 0x7134, 0x7135, 0x8997, 0x8196, 0x7955, 0x7134, 0x8176, 0x8196, 0x7975, 0x7975, 0x89b7, 0x9219, 0x8176, 0x7955,
    0xc277, 0xca98, 0xb1f5, 0xba15, 0xd2d9, 0xca98, 0xba36, 0xb1f5, 0xc257, 0xca98, 0xc257, 0xc257, 0xd2d9, 0xd31a, 0xc257, 0xc236,
    0x0000, 0x0000, 0x0000, 0x0000, 0x0000, 0x0000, 0x0000, 0x0000, 0x0000, 0x0000, 0x0000, 0x0000, 0x0000, 0x0000, 0x0000, 0x0000,
    0x0000, 0x0000, 0x0000, 0x0000, 0x0000, 0x0000, 0x0000, 0x0000, 0x0000, 0x0000, 0x0000, 0x0000, 0x0000, 0x0000, 0x0000, 0x0000,
    0x0000, 0x0000, 0x0000, 0x0000, 0x0000, 0x0000, 0x0000, 0x0000, 0x0000, 0x0000, 0x0000, 0x0000, 0x0000, 0x0000, 0x0000, 0x0000,
    0x4962, 0x4983, 0x4983, 0x4983, 0x4962, 0x4983, 0x4962, 0x3942, 0x3942, 0x3942, 0x3942, 0x4962, 0x4962, 0x4983, 0x4983, 0x3922,
    0xb46a, 0x3142, 0x4183, 0x4183, 0x9082, 0x9082, 0x4183, 0x4183, 0x4183, 0xacc1, 0x8be1, 0x4183, 0x3314, 0x2a6f, 0x3142, 0xb46a,
    0x0000, 0x0000, 0x0000, 0x0000, 0x0000, 0x0000, 0x0000, 0x0000, 0x0000, 0x0000, 0x0000, 0x0000, 0x0000, 0x0000, 0x0000, 0x0000,
    0x0000, 0x0000, 0x0000, 0x0000, 0x0000, 0x0000, 0x0000, 0x0000, 0x0000, 0x0000, 0x0000, 0x0000, 0x0000, 0x0000, 0x0000, 0x0000,
    0x0000, 0x0000, 0x0000, 0x0000, 0x0000, 0x0000, 0x0000, 0x0000, 0x0000, 0x0000, 0x0000, 0x0000, 0x0000, 0x0000, 0x0000, 0x0000,
    0x0000, 0x0000, 0x0000, 0x0000, 0x0000, 0x0000, 0x0000, 0x0000, 0x0000, 0x0000, 0x0000, 0x0000, 0x0000, 0x0000, 0x0000, 0x0000,
    0x0000, 0x0000, 0x0000, 0x0000, 0x0000, 0x0000, 0x0000, 0x0000, 0x0000, 0x0000, 0x0000, 0x0000, 0x0000, 0x0000, 0x0000, 0x0000,
    0x2a93, 0x2a93, 0x2a72, 0x2a72, 0x2a72, 0x2a72, 0x2a72, 0x2a72, 0x2a93, 0x2a93, 0x2ad5, 0x2ad5, 0x2ad5, 0x2a93, 0x2a72, 0x2a72,
    0x0000, 0x0000, 0x0000, 0x0000, 0x0000, 0x0000, 0x0000, 0x0000, 0x0000, 0x0000, 0x0000, 0x0000, 0x0000, 0x0000, 0x0000, 0x0000,
    0x0000, 0x0000, 0x0000, 0x0000, 0x0000, 0x0000, 0x0000, 0x0000, 0x0000, 0x0000, 0x0000, 0x0000, 0x0000, 0x0000, 0x0000, 0x0000,
    0x0000, 0x0000, 0x0000, 0x0000, 0x0000, 0x0000, 0x0000, 0x0000, 0x0000, 0x0000, 0x0000, 0x0000, 0x0000, 0x0000, 0x0000, 0x0000,
    0x7955, 0x7134, 0x8176, 0x8196, 0x7134, 0x7134, 0x7135, 0x8196, 0x6914, 0x7134, 0x8196, 0x8196, 0x7955, 0x7134, 0x9219, 0x8176,
    0xba16, 0xb1f5, 0xc257, 0xca98, 0xb1f5, 0xb1f5, 0xba16, 0xca98, 0xb1d5, 0xb9f5, 0xca98, 0xca98, 0xba16, 0xb1f5, 0xd31a, 0xca97,
    0x0000, 0x0000, 0x0000, 0x0000, 0x0000, 0x0000, 0x0000, 0x0000, 0x0000, 0x0000, 0x0000, 0x0000, 0x0000, 0x0000, 0x0000, 0x0000,
    0x0000, 0x0000, 0x0000, 0x0000, 0x0000, 0x0000, 0x0000, 0x0000, 0x0000, 0x0000, 0x0000, 0x0000, 0x0000, 0x0000, 0x0000, 0x0000,
    0x0000, 0x0000, 0x0000, 0x0000, 0x0000, 0x0000, 0x0000, 0x0000, 0x0000, 0x0000, 0x0000, 0x0000, 0x0000, 0x0000, 0x0000, 0x0000,
    0x3922, 0x30e1, 0x30e1, 0x3922, 0x3922, 0x30e1, 0x28c1, 0x28c1, 0x30e1, 0x30e1, 0x28c1, 0x30e1, 0x28c1, 0x28c1, 0x30e1, 0x28c1,
    0x9ba8, 0x9082, 0x7180, 0x7180, 0xb8a2, 0x9082, 0x4183, 0x4183, 0x7462, 0xb5b6, 0x8c51, 0x9082, 0x3314, 0x2a6f, 0x146d, 0x9ba8,
    0x0000, 0x0000, 0x0000, 0x0000, 0x0000, 0x0000, 0x0000, 0x0000, 0x0000, 0x0000, 0x0000, 0x0000, 0x0000, 0x0000, 0x0000, 0x0000,
    0x0000, 0x0000, 0x0000, 0x0000, 0x0000, 0x0000, 0x0000, 0x0000, 0x0000, 0x0000, 0x0000, 0x0000, 0x0000, 0x0000, 0x0000, 0x0000,
    0x0000, 0x0000, 0x0000, 0x0000, 0x0000, 0x0000, 0x0000, 0x0000, 0x0000, 0x0000, 0x0000, 0x0000, 0x0000, 0x0000, 0x0000, 0x0000,
    0x0000, 0x0000, 0x0000, 0x0000, 0x0000, 0x0000, 0x0000, 0x0000, 0x0000, 0x0000, 0x0000, 0x0000, 0x0000, 0x0000, 0x0000, 0x0000,
    0x0000, 0x0000, 0x0000, 0x0000, 0x0000, 0x0000, 0x0000, 0x0000, 0x0000, 0x0000, 0x0000, 0x0000, 0x0000, 0x0000, 0x0000, 0x0000,
    0x2a93, 0x2a72, 0x2a72, 0x2a72, 0x2a93, 0x2ad5, 0x2ad5, 0x2a93, 0x2a93, 0x2a93, 0x2ad5, 0x2ad5, 0x2a93, 0x2a93, 0x2a93, 0x2a93,
    0x0000, 0x0000, 0x0000, 0x0000, 0x0000, 0x0000, 0x0000, 0x0000, 0x0000, 0x0000, 0x0000, 0x0000, 0x0000, 0x0000, 0x0000, 0x0000,
    0x0000, 0x0000, 0x0000, 0x0000, 0x0000, 0x0000, 0x0000, 0x0000, 0x0000, 0x0000, 0x0000, 0x0000, 0x0000, 0x0000, 0x0000, 0x0000,
    0x0000, 0x0000, 0x0000, 0x0000, 0x0000, 0x0000, 0x0000, 0x0000, 0x0000, 0x0000, 0x0000, 0x0000, 0x0000, 0x0000, 0x0000, 0x0000,
    0x7955, 0x7135, 0x6914, 0x7955, 0x8176, 0x8176, 0x6113, 0x6113, 0x6934, 0x7955, 0x6934, 0x6913, 0x8176, 0x8176, 0x6914, 0x6113,
    0xc236, 0xba15, 0xb1d5, 0xba16, 0xc277, 0xc257, 0xa994, 0xa994, 0xb1d5, 0xba36, 0xb1d5, 0xa9b4, 0xc277, 0xc277, 0xa9b4, 0xa994,
    0x0000, 0x0000, 0x0000, 0x0000, 0x0000, 0x0000, 0x0000, 0x0000, 0x0000, 0x0000, 0x0000, 0x0000, 0x0000, 0x0000, 0x0000, 0x0000,
    0x0000, 0x0000, 0x0000, 0x0000, 0x0000, 0x0000, 0x0000, 0x0000, 0x0000, 0x0000, 0x0000, 0x0000, 0x0000, 0x0000, 0x0000, 0x0000,
    0x0000, 0x0000, 0x0000, 0x0000, 0x0000, 0x0000, 0x0000, 0x0000, 0x0000, 0x0000, 0x0000, 0x0000, 0x0000, 0x0000, 0x0000, 0x0000,
    0x4983, 0x51c3, 0x3942, 0x51c3, 0x51c3, 0x51c3, 0x51c3, 0x3942, 0x51c3, 0x51c3, 0x51c3, 0x4983, 0x4962, 0x4962, 0x3942, 0x4983,
    0xcd2d, 0xb8a2, 0x7180, 0x7180, 0xb8a2, 0x9082, 0x3314, 0x2902, 0x7462, 0xacc1, 0x8be1, 0x9082, 0x3314, 0x2a6f, 0x146d, 0xcd2d,
    0x0000, 0x0000, 0x0000, 0x0000, 0x0000, 0x0000, 0x0000, 0x0000, 0x0000, 0x0000, 0x0000, 0x0000, 0x0000, 0x0000, 0x0000, 0x0000,
    0x0000, 0x0000, 0x0000, 0x0000, 0x0000, 0x0000, 0x0000, 0x0000, 0x0000, 0x0000, 0x0000, 0x0000, 0x0000, 0x0000, 0x0000, 0x0000,
    0x0000, 0x0000, 0x0000, 0x0000, 0x0000, 0x0000, 0x0000, 0x0000, 0x0000, 0x0000, 0x0000, 0x0000, 0x0000, 0x0000, 0x0000, 0x0000,
    0x0000, 0x0000, 0x0000, 0x0000, 0x0000, 0x0000, 0x0000, 0x0000, 0x0000, 0x0000, 0x0000, 0x0000, 0x0000, 0x0000, 0x0000, 0x0000,
    0x0000, 0x0000, 0x0000, 0x0000, 0x0000, 0x0000, 0x0000, 0x0000, 0x0000, 0x0000, 0x0000, 0x0000, 0x0000, 0x0000, 0x0000, 0x0000,
    0x2a72, 0x2a72, 0x2a93, 0x2a93, 0x2a93, 0x2a72, 0x2a72, 0x2a72, 0x2a72, 0x2a93, 0x2a72, 0x2a72, 0x2a72, 0x2a93, 0x2a93, 0x2a93,
    0x0000, 0x0000, 0x0000, 0x0000, 0x0000, 0x0000, 0x0000, 0x0000, 0x0000, 0x0000, 0x0000, 0x0000, 0x0000, 0x0000, 0x0000, 0x0000,
    0x0000, 0x0000, 0x0000, 0x0000, 0x0000, 0x0000, 0x0000, 0x0000, 0x0000, 0x0000, 0x0000, 0x0000, 0x0000, 0x0000, 0x0000, 0x0000,
    0x0000, 0x0000, 0x0000, 0x0000, 0x0000, 0x0000, 0x0000, 0x0000, 0x0000, 0x0000, 0x0000, 0x0000, 0x0000, 0x0000, 0x0000, 0x0000,
    0x6913, 0x6113, 0x6914, 0x8196, 0x6914, 0x6113, 0x6914, 0x7134, 0x6914, 0x6113, 0x7134, 0x7134, 0x6113, 0x6934, 0x6914, 0x7134,
    0xa9b4, 0xa994, 0xb1d5, 0xca98, 0xb1d5, 0xa994, 0xb1d4, 0xb1f5, 0xb1d5, 0xa994, 0xb1f5, 0xb1f5, 0xa994, 0xb1d5, 0xb1b4, 0xb1f5,
    0x0000, 0x0000, 0x0000, 0x0000, 0x0000, 0x0000, 0x0000, 0x0000, 0x0000, 0x0000, 0x0000, 0x0000, 0x0000, 0x0000, 0x0000, 0x0000,
    0x0000, 0x0000, 0x0000, 0x0000, 0x0000, 0x0000, 0x0000, 0x0000, 0x0000, 0x0000, 0x0000, 0x0000, 0x0000, 0x0000, 0x0000, 0x0000,
    0x0000, 0x0000, 0x0000, 0x0000, 0x0000, 0x0000, 0x0000, 0x0000, 0x0000, 0x0000, 0x0000, 0x0000, 0x0000, 0x0000, 0x0000, 0x0000,
    0x4962, 0x4983, 0x4983, 0x4962, 0x3942, 0x4962, 0x3942, 0x3922, 0x3942, 0x4962, 0x4962, 0x4983, 0x4983, 0x4983, 0x4983, 0x4962,
    0xb46a, 0xb8a2, 0x7180, 0x6140, 0xb8a2, 0x7180, 0x3314, 0x7462, 0x5b81, 0xacc1, 0x7462, 0x7180, 0x3314, 0x32d1, 0x146d, 0xb46a,
    0x0000, 0x0000, 0x0000, 0x0000, 0x0000, 0x0000, 0x0000, 0x0000, 0x0000, 0x0000, 0x0000, 0x0000, 0x0000, 0x0000, 0x0000, 0x0000,
    0x0000, 0x0000, 0x0000, 0x0000, 0x0000, 0x0000, 0x0000, 0x0000, 0x0000, 0x0000, 0x0000, 0x0000, 0x0000, 0x0000, 0x0000, 0x0000,
    0x0000, 0x0000, 0x0000, 0x0000, 0x0000, 0x0000, 0x0000, 0x0000, 0x0000, 0x0000, 0x0000, 0x0000, 0x0000, 0x0000, 0x0000, 0x0000,
    0x0000, 0x0000, 0x0000, 0x0000, 0x0000, 0x0000, 0x0000, 0x0000, 0x0000, 0x0000, 0x0000, 0x0000, 0x0000, 0x0000, 0x0000, 0x0000,
    0x0000, 0x0000, 0x0000, 0x0000, 0x0000, 0x0000, 0x0000, 0x0000, 0x0000, 0x0000, 0x0000, 0x0000, 0x0000, 0x0000, 0x0000, 0x0000,
    0x2a72, 0x2a72, 0x2a93, 0x2a72, 0x2a93, 0x2a93, 0x2ad5, 0x2a93, 0x2a93, 0x2a93, 0x2ad5, 0x2a93, 0x2a93, 0x2a72, 0x2a72, 0x2a72,
    0x0000, 0x0000, 0x0000, 0x0000, 0x0000, 0x0000, 0x0000, 0x0000, 0x0000, 0x0000, 0x0000, 0x0000, 0x0000, 0x0000, 0x0000, 0x0000,
    0x0000, 0x0000, 0x0000, 0x0000, 0x0000, 0x0000, 0x0000, 0x0000, 0x0000, 0x0000, 0x0000, 0x0000, 0x0000, 0x0000, 0x0000, 0x0000,
    0x0000, 0x0000, 0x0000, 0x0000, 0x0000, 0x0000, 0x0000, 0x0000, 0x0000, 0x0000, 0x0000, 0x0000, 0x0000, 0x0000, 0x0000, 0x0000,
    0x9219, 0x9219, 0x8176, 0x8176, 0x7135, 0x7135, 0x7135, 0x7955, 0x8176, 0x9219, 0x7955, 0x7134, 0x9219, 0x9219, 0x8176, 0x7955,
    0xd31a, 0xd31a, 0xc277, 0xc257, 0xba16, 0xba16, 0xba15, 0xba36, 0xc277, 0xd31a, 0xc256, 0xb9f5, 0xd31a, 0xd31a, 0xc257, 0xba36,
    0x0000, 0x0000, 0x0000, 0x0000, 0x0000, 0x0000, 0x0000, 0x0000, 0x0000, 0x0000, 0x0000, 0x0000, 0x0000, 0x0000, 0x0000, 0x0000,
    0x0000, 0x0000, 0x0000, 0x0000, 0x0000, 0x0000, 0x0000, 0x0000, 0x0000, 0x0000, 0x0000, 0x0000, 0x0000, 0x0000, 0x0000, 0x0000,
    0x0000, 0x0000, 0x0000, 0x0000, 0x0000, 0x0000, 0x0000, 0x0000, 0x0000, 0x0000, 0x0000, 0x0000, 0x0000, 0x0000, 0x0000, 0x0000,
    0x3942, 0x3942, 0x4962, 0x4983, 0x4962, 0x4962, 0x4962, 0x3922, 0x4983, 0x4983, 0x4983, 0x4962, 0x4962, 0x3942, 0x3942, 0x3942,
    0xb46a, 0x9082, 0x6140, 0x4183, 0x9082, 0x7180, 0x2a6f, 0x5b81, 0x3142, 0x8be1, 0x7462, 0x7180, 0x2a6f, 0x32d1, 0x0b4a, 0x9c29,
    0x0000, 0x0000, 0x0000, 0x0000, 0x0000, 0x0000, 0x0000, 0x0000, 0x0000, 0x0000, 0x0000, 0x0000, 0x0000, 0x0000, 0x0000, 0x0000,
    0x0000, 0x0000, 0x0000, 0x0000, 0x0000, 0x0000, 0x0000, 0x0000, 0x0000, 0x0000, 0x0000, 0x0000, 0x0000, 0x0000, 0x0000, 0x0000,
    0x0000, 0x0000, 0x0000, 0x0000, 0x0000, 0x0000, 0x0000, 0x0000, 0x0000, 0x0000, 0x0000, 0x0000, 0x0000, 0x0000, 0x0000, 0x0000,
    0x0000, 0x0000, 0x0000, 0x0000, 0x0000, 0x0000, 0x0000, 0x0000, 0x0000, 0x0000, 0x0000, 0x0000, 0x0000, 0x0000, 0x0000, 0x0000,
    0x0000, 0x0000, 0x0000, 0x0000, 0x0000, 0x0000, 0x0000, 0x0000, 0x0000, 0x0000, 0x0000, 0x0000, 0x0000, 0x0000, 0x0000, 0x0000,
    0x2ad5, 0x2a93, 0x2a93, 0x2a93, 0x2a93, 0x2a93, 0x2a93, 0x2a93, 0x2a93, 0x2a93, 0x2a93, 0x2a93, 0x3317, 0x3317, 0x3bbc, 0x2ad5,
    0x0000, 0x0000, 0x0000, 0x0000, 0x0000, 0x0000, 0x0000, 0x0000, 0x0000, 0x0000, 0x0000, 0x0000, 0x0000, 0x0000, 0x0000, 0x0000,
    0x0000, 0x0000, 0x0000, 0x0000, 0x0000, 0x0000, 0x0000, 0x0000, 0x0000, 0x0000, 0x0000, 0x0000, 0x0000, 0x0000, 0x0000, 0x0000,
    0x0000, 0x0000, 0x0000, 0x0000, 0x0000, 0x0000, 0x0000, 0x0000, 0x0000, 0x0000, 0x0000, 0x0000, 0x0000, 0x0000, 0x0000, 0x0000,
    0x7134, 0x7134, 0x9219, 0x9219, 0x8176, 0x7955, 0x8196, 0x8176, 0x6914, 0x6934, 0x8176, 0x8196, 0x7955, 0x7955, 0x8196, 0x8176,
    0xb1f5, 0xb1f5, 0xd31a, 0xd31a, 0xc257, 0xc256, 0xca98, 0xca97, 0xb1b4, 0xb1d5, 0xc257, 0xca98, 0xc256, 0xc236, 0xca98, 0xca97,
    0x0000, 0x0000, 0x0000, 0x0000, 0x0000, 0x0000, 0x0000, 0x0000, 0x0000, 0x0000, 0x0000, 0x0000, 0x0000, 0x0000, 0x0000, 0x0000,
    0x0000, 0x0000, 0x0000, 0x0000, 0x0000, 0x0000, 0x0000, 0x0000, 0x0000, 0x0000, 0x0000, 0x0000, 0x0000, 0x0000, 0x0000, 0x0000,
    0x0000, 0x0000, 0x0000, 0x0000, 0x0000, 0x0000, 0x0000, 0x0000, 0x0000, 0x0000, 0x0000, 0x0000, 0x0000, 0x0000, 0x0000, 0x0000,
    0x28c1, 0x28c1, 0x30e1, 0x30e1, 0x3922, 0x30e1, 0x28c1, 0x28c1, 0x28c1, 0x28c1, 0x30e1, 0x30e1, 0x30e1, 0x3922, 0x30e1, 0x28c1,
    0x9ba8, 0xb46a, 0xbccc, 0xbccc, 0xcd2d, 0xcd2d, 0xcd2d, 0xbccc, 0xb46a, 0xb46a, 0xbccc, 0xbccc, 0xbccc, 0xb46a, 0xb46a, 0x9ba8,
    0x0000, 0x0000, 0x0000, 0x0000, 0x0000, 0x0000, 0x0000, 0x0000, 0x0000, 0x0000, 0x0000, 0x0000, 0x0000, 0x0000, 0x0000, 0x0000,
    0x0000, 0x0000, 0x0000, 0x0000, 0x0000, 0x0000, 0x0000, 0x0000, 0x0000, 0x0000, 0x0000, 0x0000, 0x0000, 0x0000, 0x0000, 0x0000,
    0x0000, 0x0000, 0x0000, 0x0000, 0x0000, 0x0000, 0x0000, 0x0000, 0x0000, 0x0000, 0x0000, 0x0000, 0x0000, 0x0000, 0x0000, 0x0000,
    0x0000, 0x0000, 0x0000, 0x0000, 0x0000, 0x0000, 0x0000, 0x0000, 0x0000, 0x0000, 0x0000, 0x0000, 0x0000, 0x0000, 0x0000, 0x0000,
    0x0000, 0x0000, 0x0000, 0x0000, 0x0000, 0x0000, 0x0000, 0x0000, 0x0000, 0x0000, 0x0000, 0x0000, 0x0000, 0x0000, 0x0000, 0x0000,
    0x3317, 0x32f7, 0x3317, 0x2a93, 0x2a93, 0x2a93, 0x2ad5, 0x2a93, 0x2a93, 0x2a93, 0x2a93, 0x2a93, 0x2a93, 0x2a93, 0x2ad5, 0x2ad5,
    0x0000, 0x0000, 0x0000, 0x0000, 0x0000, 0x0000, 0x0000, 0x0000, 0x0000, 0x0000, 0x0000, 0x0000, 0x0000, 0x0000, 0x0000, 0x0000,
    0x0000, 0x0000, 0x0000, 0x0000, 0x0000, 0x0000, 0x0000, 0x0000, 0x0000, 0x0000, 0x0000, 0x0000, 0x0000, 0x0000, 0x0000, 0x0000,
    0x0000, 0x0000, 0x0000, 0x0000, 0x0000, 0x0000, 0x0000, 0x0000, 0x0000, 0x0000, 0x0000, 0x0000, 0x0000, 0x0000, 0x0000, 0x0000,
    0x8176, 0x7975, 0x6913, 0x6934, 0x8176, 0x7955, 0x6914, 0x7134, 0x6934, 0x7134, 0x6934, 0x6113, 0x7135, 0x7134, 0x6914, 0x6913,
    0xc257, 0xc257, 0xa9b4, 0xb1d5, 0xca97, 0xc256, 0xb1d5, 0xb1f5, 0xb1d5, 0xb1f5, 0xb1d5, 0xa994, 0xba16, 0xb9f5, 0xa9b4, 0xa9b4,
    0x0000, 0x0000, 0x0000, 0x0000, 0x0000, 0x0000, 0x0000, 0x0000, 0x0000, 0x0000, 0x0000, 0x0000, 0x0000, 0x0000, 0x0000, 0x0000,
    0x0000, 0x0000, 0x0000, 0x0000, 0x0000, 0x0000, 0x0000, 0x0000, 0x0000, 0x0000, 0x0000, 0x0000, 0x0000, 0x0000, 0x0000, 0x0000,
    0x0000, 0x0000, 0x0000, 0x0000, 0x0000, 0x0000, 0x0000, 0x0000, 0x0000, 0x0000, 0x0000, 0x0000, 0x0000, 0x0000, 0x0000, 0x0000,
    0x4983, 0x51c3, 0x51c3, 0x4983, 0x4962, 0x4962, 0x51c3, 0x51c3, 0x51c3, 0x51c3, 0x51c3, 0x51c3, 0x51c3, 0x51c3, 0x4983, 0x3942,
    0xb46a, 0x9ba8, 0x9ba8, 0x9c29, 0x9c29, 0x7b07, 0x9c29, 0x9ba8, 0x9ba8, 0x9c29, 0x9c29, 0x9c29, 0x9ba8, 0x9ba8, 0x7b07, 0xb46a,
    0x0000, 0x0000, 0x0000, 0x0000, 0x0000, 0x0000, 0x0000, 0x0000, 0x0000, 0x0000, 0x0000, 0x0000, 0x0000, 0x0000, 0x0000, 0x0000,
    0x0000, 0x0000, 0x0000, 0x0000, 0x0000, 0x0000, 0x0000, 0x0000, 0x0000, 0x0000, 0x0000, 0x0000, 0x0000, 0x0000, 0x0000, 0x0000,
    0x0000, 0x0000, 0x0000, 0x0000, 0x0000, 0x0000, 0x0000, 0x0000, 0x0000, 0x0000, 0x0000, 0x0000, 0x0000, 0x0000, 0x0000, 0x0000,
    0x0000, 0x0000, 0x0000, 0x0000, 0x0000, 0x0000, 0x0000, 0x0000, 0x0000, 0x0000, 0x0000, 0x0000, 0x0000, 0x0000, 0x0000, 0x0000,
    0x0000, 0x0000, 0x0000, 0x0000, 0x0000, 0x0000, 0x0000, 0x0000, 0x0000, 0x0000, 0x0000, 0x0000, 0x0000, 0x0000, 0x0000, 0x0000,
    0x3bbc, 0x3bbc, 0x3317, 0x2ad5, 0x3317, 0x3bbc, 0x3317, 0x2ad5, 0x2a93, 0x2ad5, 0x2a93, 0x2ad5, 0x2ad5, 0x2a93, 0x2a93, 0x3317,
    0x0000, 0x0000, 0x0000, 0x0000, 0x0000, 0x0000, 0x0000, 0x0000, 0x0000, 0x0000, 0x0000, 0x0000, 0x0000, 0x0000, 0x0000, 0x0000,
    0x0000, 0x0000, 0x0000, 0x0000, 0x0000, 0x0000, 0x0000, 0x0000, 0x0000, 0x0000, 0x0000, 0x0000, 0x0000, 0x0000, 0x0000, 0x0000,
    0x0000, 0x0000, 0x0000, 0x0000, 0x0000, 0x0000, 0x0000, 0x0000, 0x0000, 0x0000, 0x0000, 0x0000, 0x0000, 0x0000, 0x0000, 0x0000,
    0x6934, 0x7134, 0x7134, 0x8176, 0x6113, 0x6113, 0x7134, 0x7955, 0x6914, 0x7955, 0x9219, 0x9219, 0x7135, 0x7975, 0x9219, 0x9219,
    0xb1d5, 0xb9f5, 0xb1f5, 0xc277, 0xa994, 0xa994, 0xb9f5, 0xc236, 0xb1d5, 0xc236, 0xd31a, 0xd31a, 0xba15, 0xc257, 0xd31a, 0xd31a,
    0x0000, 0x0000, 0x0000, 0x0000, 0x0000, 0x0000, 0x0000, 0x0000, 0x0000, 0x0000, 0x0000, 0x0000, 0x0000, 0x0000, 0x0000, 0x0000,
    0x0000, 0x0000, 0x0000, 0x0000, 0x0000, 0x0000, 0x0000, 0x0000, 0x0000, 0x0000, 0x0000, 0x0000, 0x0000, 0x0000, 0x0000, 0x0000,
    0x0000, 0x0000, 0x0000, 0x0000, 0x0000, 0x0000, 0x0000, 0x0000, 0x0000, 0x0000, 0x0000, 0x0000, 0x0000, 0x0000, 0x0000, 0x0000,
    0x4983, 0x4962, 0x4983, 0x4983, 0x4983, 0x4983, 0x4962, 0x3942, 0x3942, 0x3942, 0x4962, 0x3942, 0x4962, 0x3942, 0x3942, 0x3922,
    0xb46a, 0x3142, 0x3142, 0x20e2, 0x20e2, 0x3142, 0x5b81, 0x5341, 0x3142, 0x2902, 0x20e2, 0x3142, 0x3142, 0x20e2, 0x2902, 0xb46a,
    0x0000, 0x0000, 0x0000, 0x0000, 0x0000, 0x0000, 0x0000, 0x0000, 0x0000, 0x0000, 0x0000, 0x0000, 0x0000, 0x0000, 0x0000, 0x0000,
    0x0000, 0x0000, 0x0000, 0x0000, 0x0000, 0x0000, 0x0000, 0x0000, 0x0000, 0x0000, 0x0000, 0x0000, 0x0000, 0x0000, 0x0000, 0x0000,
    0x0000, 0x0000, 0x0000, 0x0000, 0x0000, 0x0000, 0x0000, 0x0000, 0x0000, 0x0000, 0x0000, 0x0000, 0x0000, 0x0000, 0x0000, 0x0000,
    0x0000, 0x0000, 0x0000, 0x0000, 0x0000, 0x0000, 0x0000, 0x0000, 0x0000, 0x0000, 0x0000, 0x0000, 0x0000, 0x0000, 0x0000, 0x0000,
    0x0000, 0x0000, 0x0000, 0x0000, 0x0000, 0x0000, 0x0000, 0x0000, 0x0000, 0x0000, 0x0000, 0x0000, 0x0000, 0x0000, 0x0000, 0x0000,
    0x2a72, 0x2a72, 0x2a72, 0x2a72, 0x2a72, 0x2a72, 0x2a72, 0x2a72, 0x2a72, 0x2a72, 0x2a72, 0x2a72, 0x2a72, 0x2a93, 0x2a72, 0x2a72,
    0x0000, 0x0000, 0x0000, 0x0000, 0x0000, 0x0000, 0x0000, 0x0000, 0x0000, 0x0000, 0x0000, 0x0000, 0x0000, 0x0000, 0x0000, 0x0000,
    0x0000, 0x0000, 0x0000, 0x0000, 0x0000, 0x0000, 0x0000, 0x0000, 0x0000, 0x0000, 0x0000, 0x0000, 0x0000, 0x0000, 0x0000, 0x0000,
    0x0000, 0x0000, 0x0000, 0x0000, 0x0000, 0x0000, 0x0000, 0x0000, 0x0000, 0x0000, 0x0000, 0x0000, 0x0000, 0x0000, 0x0000, 0x0000,
    0x8176, 0x8196, 0x8176, 0x8176, 0x9219, 0x8196, 0x8176, 0x7955, 0x8196, 0x8176, 0x7134, 0x7955, 0x7955, 0x7135, 0x6914, 0x7955,
    0xca97, 0xca98, 0xc257, 0xc257, 0xd31a, 0xca98, 0xc257, 0xc256, 0xca98, 0xc277, 0xb1f5, 0xba36, 0xc236, 0xba16, 0xa9b4, 0xba16,
    0x0000, 0x0000, 0x0000, 0x0000, 0x0000, 0x0000, 0x0000, 0x0000, 0x0000, 0x0000, 0x0000, 0x0000, 0x0000, 0x0000, 0x0000, 0x0000,
    0x0000, 0x0000, 0x0000, 0x0000, 0x0000, 0x0000, 0x0000, 0x0000, 0x0000, 0x0000, 0x0000, 0x0000, 0x0000, 0x0000, 0x0000, 0x0000,
    0x0000, 0x0000, 0x0000, 0x0000, 0x0000, 0x0000, 0x0000, 0x0000, 0x0000, 0x0000, 0x0000, 0x0000, 0x0000, 0x0000, 0x0000, 0x0000,
    0x51c3, 0x4983, 0x4962, 0x4962, 0x3942, 0x3942, 0x3942, 0x3942, 0x4962, 0x4962, 0x4962, 0x4962, 0x3942, 0x3942, 0x4983, 0x3942,
    0xb46a, 0xb8a2, 0x9082, 0x3142, 0x3314, 0x2a6f, 0x7462, 0x5b81, 0x9082, 0x4183, 0x4183, 0x5b81, 0x5341, 0x4183, 0x3142, 0xb46a,
    0x0000, 0x0000, 0x0000, 0x0000, 0x0000, 0x0000, 0x0000, 0x0000, 0x0000, 0x0000, 0x0000, 0x0000, 0x0000, 0x0000, 0x0000, 0x0000,
    0x0000, 0x0000, 0x0000, 0x0000, 0x0000, 0x0000, 0x0000, 0x0000, 0x0000, 0x0000, 0x0000, 0x0000, 0x0000, 0x0000, 0x0000, 0x0000,
    0x0000, 0x0000, 0x0000, 0x0000, 0x0000, 0x0000, 0x0000, 0x0000, 0x0000, 0x0000, 0x0000, 0x0000, 0x0000, 0x0000, 0x0000, 0x0000,
    0x0000, 0x0000, 0x0000, 0x0000, 0x0000, 0x0000, 0x0000, 0x0000, 0x0000, 0x0000, 0x0000, 0x0000, 0x0000, 0x0000, 0x0000, 0x0000,
    0x0000, 0x0000, 0x0000, 0x0000, 0x0000, 0x0000, 0x0000, 0x0000, 0x0000, 0x0000, 0x0000, 0x0000, 0x0000, 0x0000, 0x0000, 0x0000,
    0x2a93, 0x2a72, 0x2a72, 0x2a72, 0x2a72, 0x2a93, 0x2a72, 0x2a72, 0x2a72, 0x2a93, 0x2a93, 0x2ad5, 0x2a93, 0x2a93, 0x2a93, 0x2a93,
    0x0000, 0x0000, 0x0000, 0x0000, 0x0000, 0x0000, 0x0000, 0x0000, 0x0000, 0x0000, 0x0000, 0x0000, 0x0000, 0x0000, 0x0000, 0x0000,
    0x0000, 0x0000, 0x0000, 0x0000, 0x0000, 0x0000, 0x0000, 0x0000, 0x0000, 0x0000, 0x0000, 0x0000, 0x0000, 0x0000, 0x0000, 0x0000,
    0x0000, 0x0000, 0x0000, 0x0000, 0x0000, 0x0000, 0x0000, 0x0000, 0x0000, 0x0000, 0x0000, 0x0000, 0x0000, 0x0000, 0x0000, 0x0000,
    0x6914, 0x6914, 0x7955, 0x7955, 0x7134, 0x7134, 0x8176, 0x7975, 0x6914, 0x6914, 0x6934, 0x7955, 0x6113, 0x6113, 0x7134, 0x7955,
    0xa9b4, 0xb1d5, 0xc236, 0xc236, 0xb1f5, 0xb1f5, 0xc277, 0xc257, 0xb1b4, 0xb1d5, 0xb1d5, 0xc236, 0xa994, 0xa994, 0xb1f5, 0xc236,
    0x0000, 0x0000, 0x0000, 0x0000, 0x0000, 0x0000, 0x0000, 0x0000, 0x0000, 0x0000, 0x0000, 0x0000, 0x0000, 0x0000, 0x0000, 0x0000,
    0x0000, 0x0000, 0x0000, 0x0000, 0x0000, 0x0000, 0x0000, 0x0000, 0x0000, 0x0000, 0x0000, 0x0000, 0x0000, 0x0000, 0x0000, 0x0000,
    0x0000, 0x0000, 0x0000, 0x0000, 0x0000, 0x0000, 0x0000, 0x0000, 0x0000, 0x0000, 0x0000, 0x0000, 0x0000, 0x0000, 0x0000, 0x0000,
    0x28c1, 0x28c1, 0x30e1, 0x3922, 0x3922, 0x30e1, 0x28c1, 0x28c1, 0x28c1, 0x30e1, 0x3922, 0x30e1, 0x30e1, 0x28c1, 0x28c1, 0x28c1,
    0x9ba8, 0xb5b6, 0x8c51, 0x0b4a, 0x3314, 0x2a6f, 0x7462, 0x5b81, 0x9082, 0xb8a2, 0x2902, 0x7462, 0x5b81, 0x146d, 0x0b4a, 0x7b07,
    0x0000, 0x0000, 0x0000, 0x0000, 0x0000, 0x0000, 0x0000, 0x0000, 0x0000, 0x0000, 0x0000, 0x0000, 0x0000, 0x0000, 0x0000, 0x0000,
    0x0000, 0x0000, 0x0000, 0x0000, 0x0000, 0x0000, 0x0000, 0x0000, 0x0000, 0x0000, 0x0000, 0x0000, 0x0000, 0x0000, 0x0000, 0x0000,
    0x0000, 0x0000, 0x0000, 0x0000, 0x0000, 0x0000, 0x0000, 0x0000, 0x0000, 0x0000, 0x0000, 0x0000, 0x0000, 0x0000, 0x0000, 0x0000,
    0x0000, 0x0000, 0x0000, 0x0000, 0x0000, 0x0000, 0x0000, 0x0000, 0x0000, 0x0000, 0x0000, 0x0000, 0x0000, 0x0000, 0x0000, 0x0000,
    0x0000, 0x0000, 0x0000, 0x0000, 0x0000, 0x0000, 0x0000, 0x0000, 0x0000, 0x0000, 0x0000, 0x0000, 0x0000, 0x0000, 0x0000, 0x0000,
    0x2a72, 0x2a72, 0x2a72, 0x2a72, 0x2a72, 0x2a72, 0x2a72, 0x2a72, 0x2a72, 0x2a72, 0x2a72, 0x2a72, 0x2a72, 0x2a72, 0x2a72, 0x2a93,
    0x0000, 0x0000, 0x0000, 0x0000, 0x0000, 0x0000, 0x0000, 0x0000, 0x0000, 0x0000, 0x0000, 0x0000, 0x0000, 0x0000, 0x0000, 0x0000,
    0x0000, 0x0000, 0x0000, 0x0000, 0x0000, 0x0000, 0x0000, 0x0000, 0x0000, 0x0000, 0x0000, 0x0000, 0x0000, 0x0000, 0x0000, 0x0000,
    0x0000, 0x0000, 0x0000, 0x0000, 0x0000, 0x0000, 0x0000, 0x0000, 0x0000, 0x0000, 0x0000, 0x0000, 0x0000, 0x0000, 0x0000, 0x0000,
    0x7134, 0x7134, 0x6113, 0x6113, 0x8176, 0x8997, 0x6913, 0x6113, 0x7135, 0x8176, 0x7955, 0x7975, 0x9219, 0x9219, 0x7955, 0x6113,
    0xb1f5, 0xb1f5, 0xa994, 0xa994, 0xca97, 0xd2d9, 0xa9b4, 0xa994, 0xba16, 0xc277, 0xba36, 0xc257, 0xd31a, 0xd31a, 0xc236, 0xa994,
    0x0000, 0x0000, 0x0000, 0x0000, 0x0000, 0x0000, 0x0000, 0x0000, 0x0000, 0x0000, 0x0000, 0x0000, 0x0000, 0x0000, 0x0000, 0x0000,
    0x0000, 0x0000, 0x0000, 0x0000, 0x0000, 0x0000, 0x0000, 0x0000, 0x0000, 0x0000, 0x0000, 0x0000, 0x0000, 0x0000, 0x0000, 0x0000,
    0x0000, 0x0000, 0x0000, 0x0000, 0x0000, 0x0000, 0x0000, 0x0000, 0x0000, 0x0000, 0x0000, 0x0000, 0x0000, 0x0000, 0x0000, 0x0000,
    0x51c3, 0x3942, 0x4983, 0x51c3, 0x51c3, 0x4983, 0x4983, 0x3942, 0x51c3, 0x51c3, 0x51c3, 0x3942, 0x51c3, 0x4983, 0x51c3, 0x51c3,
    0xcd2d, 0xb8a2, 0x9082, 0x0b4a, 0x3314, 0x2a6f, 0x4a49, 0x39e7, 0x7180, 0xb8a2, 0x9082, 0x7462, 0x5b81, 0xb5b6, 0x8c51, 0xcd2d,
    0x0000, 0x0000, 0x0000, 0x0000, 0x0000, 0x0000, 0x0000, 0x0000, 0x0000, 0x0000, 0x0000, 0x0000, 0x0000, 0x0000, 0x0000, 0x0000,
    0x0000, 0x0000, 0x0000, 0x0000, 0x0000, 0x0000, 0x0000, 0x0000, 0x0000, 0x0000, 0x0000, 0x0000, 0x0000, 0x0000, 0x0000, 0x0000,
    0x0000, 0x0000, 0x0000, 0x0000, 0x0000, 0x0000, 0x0000, 0x0000, 0x0000, 0x0000, 0x0000, 0x0000, 0x0000, 0x0000, 0x0000, 0x0000,
    0x0000, 0x0000, 0x0000, 0x0000, 0x0000, 0x0000, 0x0000, 0x0000, 0x0000, 0x0000, 0x0000, 0x0000, 0x0000, 0x0000, 0x0000, 0x0000,
    0x0000, 0x0000, 0x0000, 0x0000, 0x0000, 0x0000, 0x0000, 0x0000, 0x0000, 0x0000, 0x0000, 0x0000, 0x0000, 0x0000, 0x0000, 0x0000,
    0x2a72, 0x2a72, 0x2a72, 0x2a72, 0x2a72, 0x2a72, 0x2a72, 0x2a72, 0x2a72, 0x2a72, 0x2a72, 0x2a93, 0x2a72, 0x2a72, 0x2a72, 0x2a72,
    0x0000, 0x0000, 0x0000, 0x0000, 0x0000, 0x0000, 0x0000, 0x0000, 0x0000, 0x0000, 0x0000, 0x0000, 0x0000, 0x0000, 0x0000, 0x0000,
    0x0000, 0x0000, 0x0000, 0x0000, 0x0000, 0x0000, 0x0000, 0x0000, 0x0000, 0x0000, 0x0000, 0x0000, 0x0000, 0x0000, 0x0000, 0x0000,
    0x0000, 0x0000, 0x0000, 0x0000, 0x0000, 0x0000, 0x0000, 0x0000, 0x0000, 0x0000, 0x0000, 0x0000, 0x0000, 0x0000, 0x0000, 0x0000,
    0x7975, 0x7955, 0x89b7, 0x9219, 0x8176, 0x8176, 0x7955, 0x7134, 0x6113, 0x7135, 0x7975, 0x8196, 0x7135, 0x7135, 0x8196, 0x9219,
    0xc257, 0xc256, 0xd2d9, 0xd31a, 0xca97, 0xc257, 0xba36, 0xb1f5, 0xa994, 0xba15, 0xc257, 0xca98, 0xba15, 0xba15, 0xca98, 0xd31a,
    0x0000, 0x0000, 0x0000, 0x0000, 0x0000, 0x0000, 0x0000, 0x0000, 0x0000, 0x0000, 0x0000, 0x0000, 0x0000, 0x0000, 0x0000, 0x0000,
    0x0000, 0x0000, 0x0000, 0x0000, 0x0000, 0x0000, 0x0000, 0x0000, 0x0000, 0x0000, 0x0000, 0x0000, 0x0000, 0x0000, 0x0000, 0x0000,
    0x0000, 0x0000, 0x0000, 0x0000, 0x0000, 0x0000, 0x0000, 0x0000, 0x0000, 0x0000, 0x0000, 0x0000, 0x0000, 0x0000, 0x0000, 0x0000,
    0x4962, 0x4962, 0x4983, 0x4983, 0x3942, 0x3942, 0x4962, 0x3942, 0x3942, 0x4983, 0x4983, 0x4962, 0x4983, 0x4962, 0x4962, 0x4962,
    0xb46a, 0xb8a2, 0x7180, 0x0b4a, 0x3314, 0x32d1, 0x4a49, 0x39e7, 0x3142, 0x9082, 0xb8a2, 0x7462, 0x5b81, 0x146d, 0x0b4a, 0xb46a,
    0x0000, 0x0000, 0x0000, 0x0000, 0x0000, 0x0000, 0x0000, 0x0000, 0x0000, 0x0000, 0x0000, 0x0000, 0x0000, 0x0000, 0x0000, 0x0000,
    0x0000, 0x0000, 0x0000, 0x0000, 0x0000, 0x0000, 0x0000, 0x0000, 0x0000, 0x0000, 0x0000, 0x0000, 0x0000, 0x0000, 0x0000, 0x0000,
    0x0000, 0x0000, 0x0000, 0x0000, 0x0000, 0x0000, 0x0000, 0x0000, 0x0000, 0x0000, 0x0000, 0x0000, 0x0000, 0x0000, 0x0000, 0x0000,
    0x0000, 0x0000, 0x0000, 0x0000, 0x0000, 0x0000, 0x0000, 0x0000, 0x0000, 0x0000, 0x0000, 0x0000, 0x0000, 0x0000, 0x0000, 0x0000,
    0x0000, 0x0000, 0x0000, 0x0000, 0x0000, 0x0000, 0x0000, 0x0000, 0x0000, 0x0000, 0x0000, 0x0000, 0x0000, 0x0000, 0x0000, 0x0000,
    0x2a93, 0x2a72, 0x2a72, 0x2a72, 0x2a72, 0x2a93, 0x2a93, 0x2a93, 0x2a93, 0x2a93, 0x2ad5, 0x2ad5, 0x2a93, 0x2a72, 0x2a93, 0x2a72,
    0x0000, 0x0000, 0x0000, 0x0000, 0x0000, 0x0000, 0x0000, 0x0000, 0x0000, 0x0000, 0x0000, 0x0000, 0x0000, 0x0000, 0x0000, 0x0000,
    0x0000, 0x0000, 0x0000, 0x0000, 0x0000, 0x0000, 0x0000, 0x0000, 0x0000, 0x0000, 0x0000, 0x0000, 0x0000, 0x0000, 0x0000, 0x0000,
    0x0000, 0x0000, 0x0000, 0x0000, 0x0000, 0x0000, 0x0000, 0x0000, 0x0000, 0x0000, 0x0000, 0x0000, 0x0000, 0x0000, 0x0000, 0x0000,
    0x8997, 0x8996, 0x7955, 0x7134, 0x8196, 0x7955, 0x7955, 0x8176, 0x9219, 0x8176, 0x6934, 0x6934, 0x7955, 0x7975, 0x7134, 0x6914,
    0xd2d9, 0xcab8, 0xba16, 0xb9f5, 0xca98, 0xba36, 0xc236, 0xc257, 0xd31a, 0xc277, 0xb1d5, 0xb1d5, 0xba36, 0xc257, 0xb1f5, 0xb1b4,
    0x0000, 0x0000, 0x0000, 0x0000, 0x0000, 0x0000, 0x0000, 0x0000, 0x0000, 0x0000, 0x0000, 0x0000, 0x0000, 0x0000, 0x0000, 0x0000,
    0x0000, 0x0000, 0x0000, 0x0000, 0x0000, 0x0000, 0x0000, 0x0000, 0x0000, 0x0000, 0x0000, 0x0000, 0x0000, 0x0000, 0x0000, 0x0000,
    0x0000, 0x0000, 0x0000, 0x0000, 0x0000, 0x0000, 0x0000, 0x0000, 0x0000, 0x0000, 0x0000, 0x0000, 0x0000, 0x0000, 0x0000, 0x0000,
    0x4962, 0x3942, 0x3942, 0x4962, 0x4983, 0x4962, 0x3942, 0x3922, 0x4983, 0x4983, 0x4962, 0x3942, 0x3942, 0x3942, 0x3942, 0x3942,
    0x9c29, 0x9082, 0x7180, 0x6aa6, 0x2a6f, 0x32d1, 0x5b81, 0x5b81, 0x6aa6, 0x7180, 0x9082, 0x5b81, 0x5341, 0x0b4a, 0x2a6f, 0xb46a,
    0x0000, 0x0000, 0x0000, 0x0000, 0x0000, 0x0000, 0x0000, 0x0000, 0x0000, 0x0000, 0x0000, 0x0000, 0x0000, 0x0000, 0x0000, 0x0000,
    0x0000, 0x0000, 0x0000, 0x0000, 0x0000, 0x0000, 0x0000, 0x0000, 0x0000, 0x0000, 0x0000, 0x0000, 0x0000, 0x0000, 0x0000, 0x0000,
    0x0000, 0x0000, 0x0000, 0x0000, 0x0000, 0x0000, 0x0000, 0x0000, 0x0000, 0x0000, 0x0000, 0x0000, 0x0000, 0x0000, 0x0000, 0x0000,
    0x0000, 0x0000, 0x0000, 0x0000, 0x0000, 0x0000, 0x0000, 0x0000, 0x0000, 0x0000, 0x0000, 0x0000, 0x0000, 0x0000, 0x0000, 0x0000,
    0x0000, 0x0000, 0x0000, 0x0000, 0x0000, 0x0000, 0x0000, 0x0000, 0x0000, 0x0000, 0x0000, 0x0000, 0x0000, 0x0000, 0x0000, 0x0000,
    0x2a72, 0x2a72, 0x2a72, 0x2a72, 0x2a72, 0x2a72, 0x2a72, 0x2a93, 0x2a93, 0x2ad5, 0x3bbc, 0x3bbc, 0x32f7, 0x2ad5, 0x2a93, 0x2a72,
    0x0000, 0x0000, 0x0000, 0x0000, 0x0000, 0x0000, 0x0000, 0x0000, 0x0000, 0x0000, 0x0000, 0x0000, 0x0000, 0x0000, 0x0000, 0x0000,
    0x0000, 0x0000, 0x0000, 0x0000, 0x0000, 0x0000, 0x0000, 0x0000, 0x0000, 0x0000, 0x0000, 0x0000, 0x0000, 0x0000, 0x0000, 0x0000,
    0x0000, 0x0000, 0x0000, 0x0000, 0x0000, 0x0000, 0x0000, 0x0000, 0x0000, 0x0000, 0x0000, 0x0000, 0x0000, 0x0000, 0x0000, 0x0000,
    0x6913, 0x6914, 0x8176, 0x7955, 0x6914, 0x7134, 0x8196, 0x89b7, 0x7135, 0x7134, 0x7955, 0x8176, 0x6914, 0x6914, 0x8176, 0x8196,
    0xa9b4, 0xb1d5, 0xca97, 0xba36, 0xb1b4, 0xb1f5, 0xca98, 0xd2d9, 0xba15, 0xb1f5, 0xc256, 0xca97, 0xb1b4, 0xb1d5, 0xc277, 0xca98,
    0x0000, 0x0000, 0x0000, 0x0000, 0x0000, 0x0000, 0x0000, 0x0000, 0x0000, 0x0000, 0x0000, 0x0000, 0x0000, 0x0000, 0x0000, 0x0000,
    0x0000, 0x0000, 0x0000, 0x0000, 0x0000, 0x0000, 0x0000, 0x0000, 0x0000, 0x0000, 0x0000, 0x0000, 0x0000, 0x0000, 0x0000, 0x0000,
    0x0000, 0x0000, 0x0000, 0x0000, 0x0000, 0x0000, 0x0000, 0x0000, 0x0000, 0x0000, 0x0000, 0x0000, 0x0000, 0x0000, 0x0000, 0x0000,
    0x28c1, 0x30e1, 0x30e1, 0x28c1, 0x28c1, 0x30e1, 0x3922, 0x3922, 0x3922, 0x30e1, 0x28c1, 0x30e1, 0x28c1, 0x28c1, 0x28c1, 0x28c1,
    0xb46a, 0xbccc, 0xbccc, 0xcd2d, 0xcd2d, 0xcd2d, 0xbccc, 0xb46a, 0xb46a, 0xbccc, 0xbccc, 0xbccc, 0xbccc, 0xb46a, 0xb46a, 0xb46a,
    0x0000, 0x0000, 0x0000, 0x0000, 0x0000, 0x0000, 0x0000, 0x0000, 0x0000, 0x0000, 0x0000, 0x0000, 0x0000, 0x0000, 0x0000, 0x0000,
    0x0000, 0x0000, 0x0000, 0x0000, 0x0000, 0x0000, 0x0000, 0x0000, 0x0000, 0x0000, 0x0000, 0x0000, 0x0000, 0x0000, 0x0000, 0x0000,
    0x0000, 0x0000, 0x0000, 0x0000, 0x0000, 0x0000, 0x0000, 0x0000, 0x0000, 0x0000, 0x0000, 0x0000, 0x0000, 0x0000, 0x0000, 0x0000,
    0x0000, 0x0000, 0x0000, 0x0000, 0x0000, 0x0000, 0x0000, 0x0000, 0x0000, 0x0000, 0x0000, 0x0000, 0x0000, 0x0000, 0x0000, 0x0000,
    0x0000, 0x0000, 0x0000, 0x0000, 0x0000, 0x0000, 0x0000, 0x0000, 0x0000, 0x0000, 0x0000, 0x0000, 0x0000, 0x0000, 0x0000, 0x0000,
    0x2a93, 0x2ad5, 0x2a93, 0x2a93, 0x3317, 0x3b9b, 0x3b9b, 0x2ad5, 0x2a93, 0x2a93, 0x2ad5, 0x2a93, 0x2a93, 0x2a93, 0x2a93, 0x2a93,
    0x0000, 0x0000, 0x0000, 0x0000, 0x0000, 0x0000, 0x0000, 0x0000, 0x0000, 0x0000, 0x0000, 0x0000, 0x0000, 0x0000, 0x0000, 0x0000,
    0x0000, 0x0000, 0x0000, 0x0000, 0x0000, 0x0000, 0x0000, 0x0000, 0x0000, 0x0000, 0x0000, 0x0000, 0x0000, 0x0000, 0x0000, 0x0000,
    0x0000, 0x0000, 0x0000, 0x0000, 0x0000, 0x0000, 0x0000, 0x0000, 0x0000, 0x0000, 0x0000, 0x0000, 0x0000, 0x0000, 0x0000, 0x0000,
    0x13f1, 0x1411, 0x13f1, 0x13f1, 0x1452, 0x1492, 0x13f1, 0x1411, 0x1472, 0x1492, 0x13d1, 0x13f1, 0x1452, 0x1452, 0x13f1, 0x13d1,
    0xeb40, 0xeb61, 0xe320, 0xe340, 0xf382, 0xfbe3, 0xeb41, 0xeb41, 0xf3c2, 0xf3c3, 0xe300, 0xe320, 0xf3a2, 0xf3a2, 0xe320, 0xe320,
    0x30c2, 0x30c2, 0x30c2, 0x30c2, 0x30c2, 0x30c2, 0x30c2, 0x30c2, 0x30c2, 0x30c2, 0x30c2, 0x30c2, 0x30c2, 0x30c2, 0x30c2, 0x30c2,
    0x3902, 0x3902, 0x3902, 0x3902, 0x3902, 0x3902, 0x3902, 0x3902, 0x3902, 0x3902, 0x3902, 0x3902, 0x3902, 0x3902, 0x3902, 0x3902,
    0x0000, 0x0000, 0x0000, 0x0000, 0x0000, 0x0000, 0x0000, 0x0000, 0x0000, 0x0000, 0x0000, 0x0000, 0x0000, 0x0000, 0x0000, 0x0000,
    0xd610, 0xcdaf, 0xd610, 0xd651, 0xd651, 0xd651, 0xd651, 0xd651, 0xd610, 0xd651, 0xd651, 0xd651, 0xd651, 0xd651, 0xd610, 0xacee,
    0x0000, 0x0000, 0x0000, 0x0000, 0x0000, 0x0000, 0x0000, 0x0000, 0x0000, 0x0000, 0x0000, 0x0000, 0x0000, 0x0000, 0x0000, 0x0000,
    0x0000, 0x0000, 0x0000, 0x0000, 0x0000, 0x0000, 0x0000, 0x0000, 0x0000, 0x0000, 0x0000, 0x0000, 0x0000, 0x0000, 0x0000, 0x0000,
    0x0000, 0x0000, 0x0000, 0x0000, 0x0000, 0x0000, 0x0000, 0x0000, 0x0000, 0x0000, 0x0000, 0x0000, 0x0000, 0x0000, 0x0000, 0x0000,
    0x0000, 0x0000, 0x0000, 0x0000, 0x0000, 0x0000, 0x0000, 0x0000, 0x0000, 0x0000, 0x0000, 0x0000, 0x0000, 0x0000, 0x0000, 0x0000,
    0x0000, 0x0000, 0x0000, 0x0000, 0x0000, 0x0000, 0x0000, 0x0000, 0x0000, 0x0000, 0x0000, 0x0000, 0x0000, 0x0000, 0x0000, 0x0000,
    0x0000, 0x0000, 0x0000, 0x0000, 0x0000, 0x0000, 0x0000, 0x0000, 0x0000, 0x0000, 0x0000, 0x0000, 0x0000, 0x0000, 0x0000, 0x0000,
    0x0000, 0x0000, 0x0000, 0x0000, 0x0000, 0x0000, 0x0000, 0x0000, 0x0000, 0x0000, 0x0000, 0x0000, 0x0000, 0x0000, 0x0000, 0x0000,
    0x0000, 0x0000, 0x0000, 0x0000, 0x0000, 0x0000, 0x0000, 0x0000, 0x0000, 0x0000, 0x0000, 0x0000, 0x0000, 0x0000, 0x0000, 0x0000,
    0x0000, 0x0000, 0x0000, 0x0000, 0x0000, 0x0000, 0x0000, 0x0000, 0x0000, 0x0000, 0x0000, 0x0000, 0x0000, 0x0000, 0x0000, 0x0000,
    0x0000, 0x0000, 0x0000, 0x0000, 0x0000, 0x0000, 0x0000, 0x0000, 0x0000, 0x0000, 0x0000, 0x0000, 0x0000, 0x0000, 0x0000, 0x0000,
    0x1452, 0x1472, 0x14d3, 0x14d3, 0x14b2, 0x1492, 0x1431, 0x1431, 0x13f1, 0x13d1, 0x1411, 0x1431, 0x13b1, 0x13d1, 0x1411, 0x1431,
    0xf382, 0xf3c2, 0xfc85, 0xfc85, 0xfc03, 0xf3c3, 0xeb81, 0xeb61, 0xe340, 0xe320, 0xeb41, 0xeb61, 0xe300, 0xe320, 0xeb61, 0xeb81,
    0x30c2, 0x4163, 0x30c2, 0x5982, 0x8265, 0x8265, 0x5982, 0x30c2, 0x30c2, 0x5982, 0xa306, 0xab47, 0x5982, 0x30c2, 0x4163, 0x30c2,
    0x3902, 0x41a2, 0x3902, 0x9346, 0xe4c9, 0xe4c9, 0x9346, 0x3902, 0x3902, 0x9346, 0xe4c9, 0xe4c9, 0x9346, 0x3902, 0x41a2, 0x3902,
    0x0000, 0x0000, 0x0000, 0x0000, 0x0000, 0x0000, 0x0000, 0x0000, 0x0000, 0x0000, 0x0000, 0x0000, 0x0000, 0x0000, 0x0000, 0x0000,
    0xd610, 0xd610, 0xcdaf, 0xcdaf, 0xacee, 0xbd4e, 0xcdaf, 0xd610, 0xd610, 0xd610, 0xcdaf, 0xcdaf, 0xd610, 0xd610, 0xbd4e, 0xbd4e,
    0x0000, 0x0000, 0x0000, 0x0000, 0x0000, 0x0000, 0x0000, 0x0000, 0x0000, 0x0000, 0x0000, 0x0000, 0x0000, 0x0000, 0x0000, 0x0000,
    0x0000, 0x0000, 0x0000, 0x0000, 0x0000, 0x0000, 0x0000, 0x0000, 0x0000, 0x0000, 0x0000, 0x0000, 0x0000, 0x0000, 0x0000, 0x0000,
    0x0000, 0x0000, 0x0000, 0x0000, 0x0000, 0x0000, 0x0000, 0x0000, 0x0000, 0x0000, 0x0000, 0x0000, 0x0000, 0x0000, 0x0000, 0x0000,
    0x0000, 0x0000, 0x0000, 0x0000, 0x0000, 0x0000, 0x0000, 0x0000, 0x0000, 0x0000, 0x0000, 0x0000, 0x0000, 0x0000, 0x0000, 0x0000,
    0x0000, 0x0000, 0x0000, 0x0000, 0x0000, 0x0000, 0x0000, 0x0000, 0x0000, 0x0000, 0x0000, 0x0000, 0x0000, 0x0000, 0x0000, 0x0000,
    0x0000, 0x0000, 0x0000, 0x0000, 0x0000, 0x0000, 0x0000, 0x0000, 0x0000, 0x0000, 0x0000, 0x0000, 0x0000, 0x0000, 0x0000, 0x0000,
    0x0000, 0x0000, 0x0000, 0x0000, 0x0000, 0x0000, 0x0000, 0x0000, 0x0000, 0x0000, 0x0000, 0x0000, 0x0000, 0x0000, 0x0000, 0x0000,
    0x0000, 0x0000, 0x0000, 0x0000, 0x0000, 0x0000, 0x0000, 0x0000, 0x0000, 0x0000, 0x0000, 0x0000, 0x0000, 0x0000, 0x0000, 0x0000,
    0x0000, 0x0000, 0x0000, 0x0000, 0x0000, 0x0000, 0x0000, 0x0000, 0x0000, 0x0000, 0x0000, 0x0000, 0x0000, 0x0000, 0x0000, 0x0000,
    0x0000, 0x0000, 0x0000, 0x0000, 0x0000, 0x0000, 0x0000, 0x0000, 0x0000, 0x0000, 0x0000, 0x0000, 0x0000, 0x0000, 0x0000, 0x0000,
    0x14b2, 0x14b3, 0x1431, 0x1431, 0x14d3, 0x14b3, 0x1452, 0x1431, 0x1492, 0x14b3, 0x1472, 0x1472, 0x14d3, 0x14d3, 0x1492, 0x1472,
    0xfc03, 0xfc24, 0xeb61, 0xf382, 0xfc64, 0xfc24, 0xf3a2, 0xeb61, 0xf3c3, 0xfc24, 0xf3c3, 0xf3c3, 0xfc85, 0xfc85, 0xf3c3, 0xf3c2,
    0x30c2, 0x30c2, 0x5982, 0x8265, 0x92c6, 0x92c6, 0x8265, 0x4163, 0x30c2, 0x8265, 0x8265, 0x8265, 0x92a5, 0x5982, 0x30c2, 0x30c2,
    0x3902, 0x3902, 0x9346, 0xe4c9, 0xf6d6, 0xf5ee, 0xe4c9, 0x41a2, 0x3902, 0xe4c9, 0xf5ee, 0xf6d6, 0xe4c9, 0x9346, 0x3902, 0x3902,
    0x0000, 0x0000, 0x0000, 0x0000, 0x0000, 0x0000, 0x0000, 0x0000, 0x0000, 0x0000, 0x0000, 0x0000, 0x0000, 0x0000, 0x0000, 0x0000,
    0xcdaf, 0xd610, 0xd610, 0xd610, 0xcdaf, 0xd610, 0xcdaf, 0xbd4e, 0xbd4e, 0xbd4e, 0xbd4e, 0xcdaf, 0xcdaf, 0xd610, 0xd610, 0xacee,
    0x0000, 0x0000, 0x0000, 0x0000, 0x0000, 0x0000, 0x0000, 0x0000, 0x0000, 0x0000, 0x0000, 0x0000, 0x0000, 0x0000, 0x0000, 0x0000,
    0x0000, 0x0000, 0x0000, 0x0000, 0x0000, 0x0000, 0x0000, 0x0000, 0x0000, 0x0000, 0x0000, 0x0000, 0x0000, 0x0000, 0x0000, 0x0000,
    0x0000, 0x0000, 0x0000, 0x0000, 0x0000, 0x0000, 0x0000, 0x0000, 0x0000, 0x0000, 0x0000, 0x0000, 0x0000, 0x0000, 0x0000, 0x0000,
    0x0000, 0x0000, 0x0000, 0x0000, 0x0000, 0x0000, 0x0000, 0x0000, 0x0000, 0x0000, 0x0000, 0x0000, 0x0000, 0x0000, 0x0000, 0x0000,
    0x0000, 0x0000, 0x0000, 0x0000, 0x0000, 0x0000, 0x0000, 0x0000, 0x0000, 0x0000, 0x0000, 0x0000, 0x0000, 0x0000, 0x0000, 0x0000,
    0x0000, 0x0000, 0x0000, 0x0000, 0x0000, 0x0000, 0x0000, 0x0000, 0x0000, 0x0000, 0x0000, 0x0000, 0x0000, 0x0000, 0x0000, 0x0000,
    0x0000, 0x0000, 0x0000, 0x0000, 0x0000, 0x0000, 0x0000, 0x0000, 0x0000, 0x0000, 0x0000, 0x0000, 0x0000, 0x0000, 0x0000, 0x0000,
    0x0000, 0x0000, 0x0000, 0x0000, 0x0000, 0x0000, 0x0000, 0x0000, 0x0000, 0x0000, 0x0000, 0x0000, 0x0000, 0x0000, 0x0000, 0x0000,
    0x0000, 0x0000, 0x0000, 0x0000, 0x0000, 0x0000, 0x0000, 0x0000, 0x0000, 0x0000, 0x0000, 0x0000, 0x0000, 0x0000, 0x0000, 0x0000,
    0x0000, 0x0000, 0x0000, 0x0000, 0x0000, 0x0000, 0x0000, 0x0000, 0x0000, 0x0000, 0x0000, 0x0000, 0x0000, 0x0000, 0x0000, 0x0000,
    0x1452, 0x1411, 0x1492, 0x14b3, 0x1431, 0x1411, 0x1452, 0x14b3, 0x13f1, 0x1431, 0x14b3, 0x14b3, 0x1452, 0x1411, 0x14d3, 0x14b3,
    0xf382, 0xeb61, 0xfbe3, 0xfc24, 0xeb61, 0xeb61, 0xf382, 0xfc24, 0xeb41, 0xeb81, 0xfc24, 0xfc24, 0xf382, 0xeb61, 0xfc85, 0xfc03,
    0x30c2, 0x4163, 0x8265, 0xa306, 0x92a5, 0xa306, 0x5982, 0x30c2, 0x30c2, 0x5982, 0x92a5, 0x8265, 0x8265, 0x8265, 0x4163, 0x30c2,
    0x3902, 0x41a2, 0xe4c9, 0xf6d6, 0xf6d6, 0xe4c9, 0x9346, 0x3902, 0x3902, 0x9346, 0xe4c9, 0xf6d6, 0xf6d6, 0xe4c9, 0x41a2, 0x3902,
    0x0000, 0x0000, 0x0000, 0x0000, 0x0000, 0x0000, 0x0000, 0x0000, 0x0000, 0x0000, 0x0000, 0x0000, 0x0000, 0x0000, 0x0000, 0x0000,
    0xacee, 0xa4ac, 0xa4ac, 0xacee, 0xacee, 0xa4ac, 0x9c4c, 0x9c4c, 0xa4ac, 0xa4ac, 0x9c4c, 0xa4ac, 0x9c4c, 0x9c4c, 0xa4ac, 0x9c4c,
    0x0000, 0x0000, 0x0000, 0x0000, 0x0000, 0x0000, 0x0000, 0x0000, 0x0000, 0x0000, 0x0000, 0x0000, 0x0000, 0x0000, 0x0000, 0x0000,
    0x0000, 0x0000, 0x0000, 0x0000, 0x0000, 0x0000, 0x0000, 0x0000, 0x0000, 0x0000, 0x0000, 0x0000, 0x0000, 0x0000, 0x0000, 0x0000,
    0x0000, 0x0000, 0x0000, 0x0000, 0x0000, 0x0000, 0x0000, 0x0000, 0x0000, 0x0000, 0x0000, 0x0000, 0x0000, 0x0000, 0x0000, 0x0000,
    0x0000, 0x0000, 0x0000, 0x0000, 0x0000, 0x0000, 0x0000, 0x0000, 0x0000, 0x0000, 0x0000, 0x0000, 0x0000, 0x0000, 0x0000, 0x0000,
    0x0000, 0x0000, 0x0000, 0x0000, 0x0000, 0x0000, 0x0000, 0x0000, 0x0000, 0x0000, 0x0000, 0x0000, 0x0000, 0x0000, 0x0000, 0x0000,
    0x0000, 0x0000, 0x0000, 0x0000, 0x0000, 0x0000, 0x0000, 0x0000, 0x0000, 0x0000, 0x0000, 0x0000, 0x0000, 0x0000, 0x0000, 0x0000,
    0x0000, 0x0000, 0x0000, 0x0000, 0x0000, 0x0000, 0x0000, 0x0000, 0x0000, 0x0000, 0x0000, 0x0000, 0x0000, 0x0000, 0x0000, 0x0000,
    0x0000, 0x0000, 0x0000, 0x0000, 0x0000, 0x0000, 0x0000, 0x0000, 0x0000, 0x0000, 0x0000, 0x0000, 0x0000, 0x0000, 0x0000, 0x0000,
    0x0000, 0x0000, 0x0000, 0x0000, 0x0000, 0x0000, 0x0000, 0x0000, 0x0000, 0x0000, 0x0000, 0x0000, 0x0000, 0x0000, 0x0000, 0x0000,
    0x0000, 0x0000, 0x0000, 0x0000, 0x0000, 0x0000, 0x0000, 0x0000, 0x0000, 0x0000, 0x0000, 0x0000, 0x0000, 0x0000, 0x0000, 0x0000,
    0x1472, 0x1431, 0x13f1, 0x1452, 0x1492, 0x1492, 0x13d1, 0x13d1, 0x1411, 0x1452, 0x1411, 0x13d1, 0x1492, 0x1492, 0x13f1, 0x13d1,
    0xf3c2, 0xeb81, 0xeb41, 0xf382, 0xfbe3, 0xfbe3, 0xe300, 0xe300, 0xeb41, 0xf3a2, 0xeb41, 0xe320, 0xfbe3, 0xfbe3, 0xe320, 0xe300,
    0x30c2, 0x5982, 0xa306, 0xab47, 0xab47, 0x5982, 0x30c2, 0x5982, 0x92a5, 0x30c2, 0x5982, 0xa306, 0x8265, 0x8265, 0x5982, 0x30c2,
    0x3902, 0x9346, 0xf6d6, 0xf6d6, 0xe4c9, 0x9346, 0x3902, 0x9346, 0xe4c9, 0x3902, 0x9346, 0xe4c9, 0xf6d6, 0xf6d6, 0x9346, 0x3902,
    0x0000, 0x0000, 0x0000, 0x0000, 0x0000, 0x0000, 0x0000, 0x0000, 0x0000, 0x0000, 0x0000, 0x0000, 0x0000, 0x0000, 0x0000, 0x0000,
    0xd610, 0xd651, 0xbd4e, 0xd651, 0xd651, 0xd651, 0xd651, 0xbd4e, 0xd651, 0xd651, 0xd651, 0xd610, 0xcdaf, 0xcdaf, 0xbd4e, 0xd610,
    0x0000, 0x0000, 0x0000, 0x0000, 0x0000, 0x0000, 0x0000, 0x0000, 0x0000, 0x0000, 0x0000, 0x0000, 0x0000, 0x0000, 0x0000, 0x0000,
    0x0000, 0x0000, 0x0000, 0x0000, 0x0000, 0x0000, 0x0000, 0x0000, 0x0000, 0x0000, 0x0000, 0x0000, 0x0000, 0x0000, 0x0000, 0x0000,
    0x0000, 0x0000, 0x0000, 0x0000, 0x0000, 0x0000, 0x0000, 0x0000, 0x0000, 0x0000, 0x0000, 0x0000, 0x0000, 0x0000, 0x0000, 0x0000,
    0x0000, 0x0000, 0x0000, 0x0000, 0x0000, 0x0000, 0x0000, 0x0000, 0x0000, 0x0000, 0x0000, 0x0000, 0x0000, 0x0000, 0x0000, 0x0000,
    0x0000, 0x0000, 0x0000, 0x0000, 0x0000, 0x0000, 0x0000, 0x0000, 0x0000, 0x0000, 0x0000, 0x0000, 0x0000, 0x0000, 0x0000, 0x0000,
    0x0000, 0x0000, 0x0000, 0x0000, 0x0000, 0x0000, 0x0000, 0x0000, 0x0000, 0x0000, 0x0000, 0x0000, 0x0000, 0x0000, 0x0000, 0x0000,
    0x0000, 0x0000, 0x0000, 0x0000, 0x0000, 0x0000, 0x0000, 0x0000, 0x0000, 0x0000, 0x0000, 0x0000, 0x0000, 0x0000, 0x0000, 0x0000,
    0x0000, 0x0000, 0x0000, 0x0000, 0x0000, 0x0000, 0x0000, 0x0000, 0x0000, 0x0000, 0x0000, 0x0000, 0x0000, 0x0000, 0x0000, 0x0000,
    0x0000, 0x0000, 0x0000, 0x0000, 0x0000, 0x0000, 0x0000, 0x0000, 0x0000, 0x0000, 0x0000, 0x0000, 0x0000, 0x0000, 0x0000, 0x0000,
    0x0000, 0x0000, 0x0000, 0x0000, 0x0000, 0x0000, 0x0000, 0x0000, 0x0000, 0x0000, 0x0000, 0x0000, 0x0000, 0x0000, 0x0000, 0x0000,
    0x13d1, 0x13d1, 0x13f1, 0x14b3, 0x13f1, 0x13d1, 0x13f1, 0x1411, 0x13f1, 0x13d1, 0x1411, 0x1431, 0x13d1, 0x1411, 0x13f1, 0x1411,
    0xe320, 0xe300, 0xeb41, 0xfc24, 0xeb41, 0xe300, 0xeb40, 0xeb61, 0xeb41, 0xe300, 0xeb61, 0xeb61, 0xe320, 0xeb41, 0xe340, 0xeb61,
    0x30c2, 0x92c6, 0x92a5, 0xab47, 0x5982, 0x30c2, 0x92a5, 0x92c6, 0xa306, 0x92a5, 0x30c2, 0x5982, 0x8265, 0xab47, 0xab47, 0x30c2,
    0x3902, 0xe4c9, 0xf5ee, 0xe4c9, 0x9346, 0x3902, 0xe4c9, 0xf5ee, 0xf5ee, 0xe4c9, 0x3902, 0x9346, 0xe4c9, 0xf5ee, 0xe4c9, 0x3902,
    0x0000, 0x0000, 0x0000, 0x0000, 0x0000, 0x0000, 0x0000, 0x0000, 0x0000, 0x0000, 0x0000, 0x0000, 0x0000, 0x0000, 0x0000, 0x0000,
    0xcdaf, 0xd610, 0xd610, 0xcdaf, 0xbd4e, 0xcdaf, 0xbd4e, 0xacee, 0xbd4e, 0xcdaf, 0xcdaf, 0xd610, 0xd610, 0xd610, 0xd610, 0xcdaf,
    0x0000, 0x0000, 0x0000, 0x0000, 0x0000, 0x0000, 0x0000, 0x0000, 0x0000, 0x0000, 0x0000, 0x0000, 0x0000, 0x0000, 0x0000, 0x0000,
    0x0000, 0x0000, 0x0000, 0x0000, 0x0000, 0x0000, 0x0000, 0x0000, 0x0000, 0x0000, 0x0000, 0x0000, 0x0000, 0x0000, 0x0000, 0x0000,
    0x0000, 0x0000, 0x0000, 0x0000, 0x0000, 0x0000, 0x0000, 0x0000, 0x0000, 0x0000, 0x0000, 0x0000, 0x0000, 0x0000, 0x0000, 0x0000,
    0x0000, 0x0000, 0x0000, 0x0000, 0x0000, 0x0000, 0x0000, 0x0000, 0x0000, 0x0000, 0x0000, 0x0000, 0x0000, 0x0000, 0x0000, 0x0000,
    0x0000, 0x0000, 0x0000, 0x0000, 0x0000, 0x0000, 0x0000, 0x0000, 0x0000, 0x0000, 0x0000, 0x0000, 0x0000, 0x0000, 0x0000, 0x0000,
    0x0000, 0x0000, 0x0000, 0x0000, 0x0000, 0x0000, 0x0000, 0x0000, 0x0000, 0x0000, 0x0000, 0x0000, 0x0000, 0x0000, 0x0000, 0x0000,
    0x0000, 0x0000, 0x0000, 0x0000, 0x0000, 0x0000, 0x0000, 0x0000, 0x0000, 0x0000, 0x0000, 0x0000, 0x0000, 0x0000, 0x0000, 0x0000,
    0x0000, 0x0000, 0x0000, 0x0000, 0x0000, 0x0000, 0x0000, 0x0000, 0x0000, 0x0000, 0x0000, 0x0000, 0x0000, 0x0000, 0x0000, 0x0000,
    0x0000, 0x0000, 0x0000, 0x0000, 0x0000, 0x0000, 0x0000, 0x0000, 0x0000, 0x0000, 0x0000, 0x0000, 0x0000, 0x0000, 0x0000, 0x0000,
    0x0000, 0x0000, 0x0000, 0x0000, 0x0000, 0x0000, 0x0000, 0x0000, 0x0000, 0x0000, 0x0000, 0x0000, 0x0000, 0x0000, 0x0000, 0x0000,
    0x14d3, 0x14d3, 0x14b2, 0x1492, 0x1452, 0x1452, 0x1431, 0x1452, 0x14b2, 0x14d3, 0x1472, 0x1431, 0x14d3, 0x14d3, 0x1492, 0x1452,
    0xfc85, 0xfc85, 0xfbe3, 0xfbe3, 0xf382, 0xf382, 0xeb81, 0xf3a2, 0xfc03, 0xfc85, 0xf3c2, 0xeb81, 0xfc85, 0xfc85, 0xf3c3, 0xf3a2,
    0x30c2, 0x5982, 0x8265, 0x5982, 0x30c2, 0x92a5, 0xa306, 0x8265, 0x92c6, 0x8265, 0x8265, 0x30c2, 0x5982, 0xa306, 0x5982, 0x30c2,
    0x3902, 0x9346, 0xe4c9, 0x9346, 0x3902, 0xe4c9, 0xf6d6, 0xf6d6, 0xf6d6, 0xf5ee, 0xe4c9, 0x3902, 0x9346, 0xe4c9, 0x9346, 0x3902,
    0x0000, 0x0000, 0x0000, 0x0000, 0x0000, 0x0000, 0x0000, 0x0000, 0x0000, 0x0000, 0x0000, 0x0000, 0x0000, 0x0000, 0x0000, 0x0000,
    0xbd4e, 0xbd4e, 0xcdaf, 0xd610, 0xcdaf, 0xcdaf, 0xcdaf, 0xacee, 0xd610, 0xd610, 0xd610, 0xcdaf, 0xcdaf, 0xbd4e, 0xbd4e, 0xbd4e,
    0x0000, 0x0000, 0x0000, 0x0000, 0x0000, 0x0000, 0x0000, 0x0000, 0x0000, 0x0000, 0x0000, 0x0000, 0x0000, 0x0000, 0x0000, 0x0000,
    0x0000, 0x0000, 0x0000, 0x0000, 0x0000, 0x0000, 0x0000, 0x0000, 0x0000, 0x0000, 0x0000, 0x0000, 0x0000, 0x0000, 0x0000, 0x0000,
    0x0000, 0x0000, 0x0000, 0x0000, 0x0000, 0x0000, 0x0000, 0x0000, 0x0000, 0x0000, 0x0000, 0x0000, 0x0000, 0x0000, 0x0000, 0x0000,
    0x0000, 0x0000, 0x0000, 0x0000, 0x0000, 0x0000, 0x0000, 0x0000, 0x0000, 0x0000, 0x0000, 0x0000, 0x0000, 0x0000, 0x0000, 0x0000,
    0x0000, 0x0000, 0x0000, 0x0000, 0x0000, 0x0000, 0x0000, 0x0000, 0x0000, 0x0000, 0x0000, 0x0000, 0x0000, 0x0000, 0x0000, 0x0000,
    0x0000, 0x0000, 0x0000, 0x0000, 0x0000, 0x0000, 0x0000, 0x0000, 0x0000, 0x0000, 0x0000, 0x0000, 0x0000, 0x0000, 0x0000, 0x0000,
    0x0000, 0x0000, 0x0000, 0x0000, 0x0000, 0x0000, 0x0000, 0x0000, 0x0000, 0x0000, 0x0000, 0x0000, 0x0000, 0x0000, 0x0000, 0x0000,
    0x0000, 0x0000, 0x0000, 0x0000, 0x0000, 0x0000, 0x0000, 0x0000, 0x0000, 0x0000, 0x0000, 0x0000, 0x0000, 0x0000, 0x0000, 0x0000,
    0x0000, 0x0000, 0x0000, 0x0000, 0x0000, 0x0000, 0x0000, 0x0000, 0x0000, 0x0000, 0x0000, 0x0000, 0x0000, 0x0000, 0x0000, 0x0000,
    0x0000, 0x0000, 0x0000, 0x0000, 0x0000, 0x0000, 0x0000, 0x0000, 0x0000, 0x0000, 0x0000, 0x0000, 0x0000, 0x0000, 0x0000, 0x0000,
    0x1411, 0x1411, 0x14d3, 0x14d3, 0x1492, 0x1472, 0x14b3, 0x14b3, 0x13f1, 0x1411, 0x1492, 0x14b3, 0x1472, 0x1472, 0x14b3, 0x14b3,
    0xeb61, 0xeb61, 0xfc85, 0xfc85, 0xf3c3, 0xf3c2, 0xfc24, 0xfc03, 0xe340, 0xeb41, 0xfbe3, 0xfc24, 0xf3c2, 0xf3c2, 0xfc24, 0xfc03,
    0x30c2, 0x30c2, 0x4163, 0x30c2, 0x5982, 0xa306, 0x8265, 0x8265, 0x8265, 0x8265, 0x92a5, 0x5982, 0x30c2, 0x4163, 0x30c2, 0x30c2,
    0x3902, 0x3902, 0x41a2, 0x3902, 0x9346, 0xf5ee, 0xf6d6, 0xf6d6, 0xf6d6, 0xf5ee, 0xf5ee, 0xe4c9, 0x3902, 0x41a2, 0x3902, 0x3902,
    0x0000, 0x0000, 0x0000, 0x0000, 0x0000, 0x0000, 0x0000, 0x0000, 0x0000, 0x0000, 0x0000, 0x0000, 0x0000, 0x0000, 0x0000, 0x0000,
    0x9c4c, 0x9c4c, 0xa4ac, 0xa4ac, 0xacee, 0xa4ac, 0x9c4c, 0x9c4c, 0x9c4c, 0x9c4c, 0xa4ac, 0xa4ac, 0xa4ac, 0xacee, 0xa4ac, 0x9c4c,
    0x0000, 0x0000, 0x0000, 0x0000, 0x0000, 0x0000, 0x0000, 0x0000, 0x0000, 0x0000, 0x0000, 0x0000, 0x0000, 0x0000, 0x0000, 0x0000,
    0x0000, 0x0000, 0x0000, 0x0000, 0x0000, 0x0000, 0x0000, 0x0000, 0x0000, 0x0000, 0x0000, 0x0000, 0x0000, 0x0000, 0x0000, 0x0000,
    0x0000, 0x0000, 0x0000, 0x0000, 0x0000, 0x0000, 0x0000, 0x0000, 0x0000, 0x0000, 0x0000, 0x0000, 0x0000, 0x0000, 0x0000, 0x0000,
    0x0000, 0x0000, 0x0000, 0x0000, 0x0000, 0x0000, 0x0000, 0x0000, 0x0000, 0x0000, 0x0000, 0x0000, 0x0000, 0x0000, 0x0000, 0x0000,
    0x0000, 0x0000, 0x0000, 0x0000, 0x0000, 0x0000, 0x0000, 0x0000, 0x0000, 0x0000, 0x0000, 0x0000, 0x0000, 0x0000, 0x0000, 0x0000,
    0x0000, 0x0000, 0x0000, 0x0000, 0x0000, 0x0000, 0x0000, 0x0000, 0x0000, 0x0000, 0x0000, 0x0000, 0x0000, 0x0000, 0x0000, 0x0000,
    0x0000, 0x0000, 0x0000, 0x0000, 0x0000, 0x0000, 0x0000, 0x0000, 0x0000, 0x0000, 0x0000, 0x0000, 0x0000, 0x0000, 0x0000, 0x0000,
    0x0000, 0x0000, 0x0000, 0x0000, 0x0000, 0x0000, 0x0000, 0x0000, 0x0000, 0x0000, 0x0000, 0x0000, 0x0000, 0x0000, 0x0000, 0x0000,
    0x0000, 0x0000, 0x0000, 0x0000, 0x0000, 0x0000, 0x0000, 0x0000, 0x0000, 0x0000, 0x0000, 0x0000, 0x0000, 0x0000, 0x0000, 0x0000,
    0x0000, 0x0000, 0x0000, 0x0000, 0x0000, 0x0000, 0x0000, 0x0000, 0x0000, 0x0000, 0x0000, 0x0000, 0x0000, 0x0000, 0x0000, 0x0000,
    0x1492, 0x1472, 0x13d1, 0x1411, 0x14b3, 0x1472, 0x13f1, 0x1411, 0x1411, 0x1431, 0x1411, 0x13d1, 0x1452, 0x1431, 0x13f1, 0x13d1,
    0xf3c3, 0xf3c3, 0xe320, 0xeb41, 0xfc03, 0xf3c2, 0xeb41, 0xeb61, 0xeb41, 0xeb61, 0xeb41, 0xe320, 0xf382, 0xeb81, 0xe320, 0xe320,
    0x30c2, 0x30c2, 0x30c2, 0x30c2, 0x8265, 0x92c6, 0x8265, 0x8265, 0x92c6, 0xab47, 0xab47, 0x92a5, 0x30c2, 0x30c2, 0x30c2, 0x30c2,
    0x3902, 0x3902, 0x3902, 0x3902, 0xe4c9, 0xe4c9, 0xf5ee, 0xf6d6, 0xf5ee, 0xf5ee, 0xe4c9, 0xf5ee, 0x3902, 0x3902, 0x3902, 0x3902,
    0x0000, 0x0000, 0x0000, 0x0000, 0x0000, 0x0000, 0x0000, 0x0000, 0x0000, 0x0000, 0x0000, 0x0000, 0x0000, 0x0000, 0x0000, 0x0000,
    0xd610, 0xd651, 0xd651, 0xd610, 0xcdaf, 0xcdaf, 0xd651, 0xd651, 0xd651, 0xd651, 0xd651, 0xd651, 0xd651, 0xd651, 0xd610, 0xbd4e,
    0x0000, 0x0000, 0x0000, 0x0000, 0x0000, 0x0000, 0x0000, 0x0000, 0x0000, 0x0000, 0x0000, 0x0000, 0x0000, 0x0000, 0x0000, 0x0000,
    0x0000, 0x0000, 0x0000, 0x0000, 0x0000, 0x0000, 0x0000, 0x0000, 0x0000, 0x0000, 0x0000, 0x0000, 0x0000, 0x0000, 0x0000, 0x0000,
    0x0000, 0x0000, 0x0000, 0x0000, 0x0000, 0x0000, 0x0000, 0x0000, 0x0000, 0x0000, 0x0000, 0x0000, 0x0000, 0x0000, 0x0000, 0x0000,
    0x0000, 0x0000, 0x0000, 0x0000, 0x0000, 0x0000, 0x0000, 0x0000, 0x0000, 0x0000, 0x0000, 0x0000, 0x0000, 0x0000, 0x0000, 0x0000,
    0x0000, 0x0000, 0x0000, 0x0000, 0x0000, 0x0000, 0x0000, 0x0000, 0x0000, 0x0000, 0x0000, 0x0000, 0x0000, 0x0000, 0x0000, 0x0000,
    0x0000, 0x0000, 0x0000, 0x0000, 0x0000, 0x0000, 0x0000, 0x0000, 0x0000, 0x0000, 0x0000, 0x0000, 0x0000, 0x0000, 0x0000, 0x0000,
    0x0000, 0x0000, 0x0000, 0x0000, 0x0000, 0x0000, 0x0000, 0x0000, 0x0000, 0x0000, 0x0000, 0x0000, 0x0000, 0x0000, 0x0000, 0x0000,
    0x0000, 0x0000, 0x0000, 0x0000, 0x0000, 0x0000, 0x0000, 0x0000, 0x0000, 0x0000, 0x0000, 0x0000, 0x0000, 0x0000, 0x0000, 0x0000,
    0x0000, 0x0000, 0x0000, 0x0000, 0x0000, 0x0000, 0x0000, 0x0000, 0x0000, 0x0000, 0x0000, 0x0000, 0x0000, 0x0000, 0x0000, 0x0000,
    0x0000, 0x0000, 0x0000, 0x0000, 0x0000, 0x0000, 0x0000, 0x0000, 0x0000, 0x0000, 0x0000, 0x0000, 0x0000, 0x0000, 0x0000, 0x0000,
    0x1411, 0x1431, 0x1411, 0x14b2, 0x13d1, 0x13d1, 0x1431, 0x1472, 0x13f1, 0x1472, 0x14d3, 0x14d3, 0x1431, 0x1472, 0x14d3, 0x14d3,
    0xeb41, 0xeb81, 0xeb61, 0xfc03, 0xe300, 0xe300, 0xeb81, 0xf3a2, 0xeb41, 0xf3c2, 0xfc85, 0xfc85, 0xf382, 0xf3c3, 0xfc85, 0xfc85,
    0x30c2, 0xa306, 0x5982, 0x4163, 0x30c2, 0x92a5, 0xa306, 0x8265, 0xa306, 0xab47, 0x92a5, 0x30c2, 0x4163, 0x8265, 0x5982, 0x30c2,
    0x3902, 0xe4c9, 0x9346, 0x41a2, 0x3902, 0x9346, 0xe4c9, 0xf5ee, 0xf5ee, 0xe4c9, 0xf5ee, 0x3902, 0x41a2, 0xe4c9, 0x9346, 0x3902,
    0x0000, 0x0000, 0x0000, 0x0000, 0x0000, 0x0000, 0x0000, 0x0000, 0x0000, 0x0000, 0x0000, 0x0000, 0x0000, 0x0000, 0x0000, 0x0000,
    0xd610, 0xcdaf, 0xd610, 0xd610, 0xd610, 0xd610, 0xcdaf, 0xbd4e, 0xbd4e, 0xbd4e, 0xcdaf, 0xbd4e, 0xcdaf, 0xbd4e, 0xbd4e, 0xacee,
    0x0000, 0x0000, 0x0000, 0x0000, 0x0000, 0x0000, 0x0000, 0x0000, 0x0000, 0x0000, 0x0000, 0x0000, 0x0000, 0x0000, 0x0000, 0x0000,
    0x0000, 0x0000, 0x0000, 0x0000, 0x0000, 0x0000, 0x0000, 0x0000, 0x0000, 0x0000, 0x0000, 0x0000, 0x0000, 0x0000, 0x0000, 0x0000,
    0x0000, 0x0000, 0x0000, 0x0000, 0x0000, 0x0000, 0x0000, 0x0000, 0x0000, 0x0000, 0x0000, 0x0000, 0x0000, 0x0000, 0x0000, 0x0000,
    0x0000, 0x0000, 0x0000, 0x0000, 0x0000, 0x0000, 0x0000, 0x0000, 0x0000, 0x0000, 0x0000, 0x0000, 0x0000, 0x0000, 0x0000, 0x0000,
    0x0000, 0x0000, 0x0000, 0x0000, 0x0000, 0x0000, 0x0000, 0x0000, 0x0000, 0x0000, 0x0000, 0x0000, 0x0000, 0x0000, 0x0000, 0x0000,
    0x0000, 0x0000, 0x0000, 0x0000, 0x0000, 0x0000, 0x0000, 0x0000, 0x0000, 0x0000, 0x0000, 0x0000, 0x0000, 0x0000, 0x0000, 0x0000,
    0x0000, 0x0000, 0x0000, 0x0000, 0x0000, 0x0000, 0x0000, 0x0000, 0x0000, 0x0000, 0x0000, 0x0000, 0x0000, 0x0000, 0x0000, 0x0000,
    0x0000, 0x0000, 0x0000, 0x0000, 0x0000, 0x0000, 0x0000, 0x0000, 0x0000, 0x0000, 0x0000, 0x0000, 0x0000, 0x0000, 0x0000, 0x0000,
    0x0000, 0x0000, 0x0000, 0x0000, 0x0000, 0x0000, 0x0000, 0x0000, 0x0000, 0x0000, 0x0000, 0x0000, 0x0000, 0x0000, 0x0000, 0x0000,
    0x0000, 0x0000, 0x0000, 0x0000, 0x0000, 0x0000, 0x0000, 0x0000, 0x0000, 0x0000, 0x0000, 0x0000, 0x0000, 0x0000, 0x0000, 0x0000,
    0x14b3, 0x14b3, 0x1492, 0x1492, 0x14d3, 0x14b3, 0x1492, 0x1472, 0x14b3, 0x14b2, 0x1431, 0x1452, 0x1472, 0x1452, 0x13f1, 0x1452,
    0xfc03, 0xfc24, 0xf3c3, 0xf3c3, 0xfc85, 0xfc24, 0xf3c3, 0xf3c2, 0xfc24, 0xfc03, 0xeb61, 0xf3a2, 0xf3c2, 0xf382, 0xe320, 0xf382,
    0x30c2, 0x92c6, 0x8265, 0xa306, 0x4163, 0x30c2, 0x5982, 0x92c6, 0x8265, 0x5982, 0x30c2, 0x4163, 0x8265, 0x8265, 0x8265, 0x30c2,
    0x3902, 0xe4c9, 0xf5ee, 0xe4c9, 0x41a2, 0x3902, 0x9346, 0xe4c9, 0xe4c9, 0xf5ee, 0x3902, 0x41a2, 0xe4c9, 0xf5ee, 0xe4c9, 0x3902,
    0x0000, 0x0000, 0x0000, 0x0000, 0x0000, 0x0000, 0x0000, 0x0000, 0x0000, 0x0000, 0x0000, 0x0000, 0x0000, 0x0000, 0x0000, 0x0000,
    0xd651, 0xd610, 0xcdaf, 0xcdaf, 0xbd4e, 0xbd4e, 0xbd4e, 0xbd4e, 0xcdaf, 0xcdaf, 0xcdaf, 0xcdaf, 0xbd4e, 0xbd4e, 0xd610, 0xbd4e,
    0x0000, 0x0000, 0x0000, 0x0000, 0x0000, 0x0000, 0x0000, 0x0000, 0x0000, 0x0000, 0x0000, 0x0000, 0x0000, 0x0000, 0x0000, 0x0000,
    0x0000, 0x0000, 0x0000, 0x0000, 0x0000, 0x0000, 0x0000, 0x0000, 0x0000, 0x0000, 0x0000, 0x0000, 0x0000, 0x0000, 0x0000, 0x0000,
    0x0000, 0x0000, 0x0000, 0x0000, 0x0000, 0x0000, 0x0000, 0x0000, 0x0000, 0x0000, 0x0000, 0x0000, 0x0000, 0x0000, 0x0000, 0x0000,
    0x0000, 0x0000, 0x0000, 0x0000, 0x0000, 0x0000, 0x0000, 0x0000, 0x0000, 0x0000, 0x0000, 0x0000, 0x0000, 0x0000, 0x0000, 0x0000,
    0x0000, 0x0000, 0x0000, 0x0000, 0x0000, 0x0000, 0x0000, 0x0000, 0x0000, 0x0000, 0x0000, 0x0000, 0x0000, 0x0000, 0x0000, 0x0000,
    0x0000, 0x0000, 0x0000, 0x0000, 0x0000, 0x0000, 0x0000, 0x0000, 0x0000, 0x0000, 0x0000, 0x0000, 0x0000, 0x0000, 0x0000, 0x0000,
    0x0000, 0x0000, 0x0000, 0x0000, 0x0000, 0x0000, 0x0000, 0x0000, 0x0000, 0x0000, 0x0000, 0x0000, 0x0000, 0x0000, 0x0000, 0x0000,
    0x0000, 0x0000, 0x0000, 0x0000, 0x0000, 0x0000, 0x0000, 0x0000, 0x0000, 0x0000, 0x0000, 0x0000, 0x0000, 0x0000, 0x0000, 0x0000,
    0x0000, 0x0000, 0x0000, 0x0000, 0x0000, 0x0000, 0x0000, 0x0000, 0x0000, 0x0000, 0x0000, 0x0000, 0x0000, 0x0000, 0x0000, 0x0000,
    0x0000, 0x0000, 0x0000, 0x0000, 0x0000, 0x0000, 0x0000, 0x0000, 0x0000, 0x0000, 0x0000, 0x0000, 0x0000, 0x0000, 0x0000, 0x0000,
    0x13f1, 0x13f1, 0x1472, 0x1472, 0x1411, 0x1411, 0x1492, 0x1472, 0x13f1, 0x13f1, 0x1411, 0x1472, 0x13d1, 0x13d1, 0x1411, 0x1472,
    0xe320, 0xeb41, 0xf3a2, 0xf3a2, 0xeb61, 0xeb61, 0xfbe3, 0xf3c3, 0xe340, 0xeb41, 0xeb41, 0xf3c2, 0xe300, 0xe300, 0xeb61, 0xf3c2,
    0x30c2, 0x8265, 0x8265, 0x92c6, 0x8265, 0x4163, 0x30c2, 0x5982, 0x5982, 0x30c2, 0x4163, 0x8265, 0x8265, 0x92c6, 0x8265, 0x30c2,
    0x3902, 0xe4c9, 0xf6d6, 0xf6d6, 0xe4c9, 0x41a2, 0x3902, 0x9346, 0xe4c9, 0x3902, 0x41a2, 0xe4c9, 0xf6d6, 0xf6d6, 0xe4c9, 0x3902,
    0x0000, 0x0000, 0x0000, 0x0000, 0x0000, 0x0000, 0x0000, 0x0000, 0x0000, 0x0000, 0x0000, 0x0000, 0x0000, 0x0000, 0x0000, 0x0000,
    0x9c4c, 0x9c4c, 0xa4ac, 0xacee, 0xacee, 0xa4ac, 0x9c4c, 0x9c4c, 0x9c4c, 0xa4ac, 0xacee, 0xa4ac, 0xa4ac, 0x9c4c, 0x9c4c, 0x9c4c,
    0x0000, 0x0000, 0x0000, 0x0000, 0x0000, 0x0000, 0x0000, 0x0000, 0x0000, 0x0000, 0x0000, 0x0000, 0x0000, 0x0000, 0x0000, 0x0000,
    0x0000, 0x0000, 0x0000, 0x0000, 0x0000, 0x0000, 0x0000, 0x0000, 0x0000, 0x0000, 0x0000, 0x0000, 0x0000, 0x0000, 0x0000, 0x0000,
    0x0000, 0x0000, 0x0000, 0x0000, 0x0000, 0x0000, 0x0000, 0x0000, 0x0000, 0x0000, 0x0000, 0x0000, 0x0000, 0x0000, 0x0000, 0x0000,
    0x0000, 0x0000, 0x0000, 0x0000, 0x0000, 0x0000, 0x0000, 0x0000, 0x0000, 0x0000, 0x0000, 0x0000, 0x0000, 0x0000, 0x0000, 0x0000,
    0x0000, 0x0000, 0x0000, 0x0000, 0x0000, 0x0000, 0x0000, 0x0000, 0x0000, 0x0000, 0x0000, 0x0000, 0x0000, 0x0000, 0x0000, 0x0000,
    0x0000, 0x0000, 0x0000, 0x0000, 0x0000, 0x0000, 0x0000, 0x0000, 0x0000, 0x0000, 0x0000, 0x0000, 0x0000, 0x0000, 0x0000, 0x0000,
    0x0000, 0x0000, 0x0000, 0x0000, 0x0000, 0x0000, 0x0000, 0x0000, 0x0000, 0x0000, 0x0000, 0x0000, 0x0000, 0x0000, 0x0000, 0x0000,
    0x0000, 0x0000, 0x0000, 0x0000, 0x0000, 0x0000, 0x0000, 0x0000, 0x0000, 0x0000, 0x0000, 0x0000, 0x0000, 0x0000, 0x0000, 0x0000,
    0x0000, 0x0000, 0x0000, 0x0000, 0x0000, 0x0000, 0x0000, 0x0000, 0x0000, 0x0000, 0x0000, 0x0000, 0x0000, 0x0000, 0x0000, 0x0000,
    0x0000, 0x0000, 0x0000, 0x0000, 0x0000, 0x0000, 0x0000, 0x0000, 0x0000, 0x0000, 0x0000, 0x0000, 0x0000, 0x0000, 0x0000, 0x0000,
    0x1411, 0x1411, 0x13d1, 0x13d1, 0x14b3, 0x14d3, 0x13d1, 0x13d1, 0x1452, 0x1492, 0x1452, 0x1472, 0x14d3, 0x14d3, 0x1472, 0x13d1,
    0xeb61, 0xeb61, 0xe300, 0xe300, 0xfc03, 0xfc64, 0xe320, 0xe300, 0xf382, 0xfbe3, 0xf3a2, 0xf3c3, 0xfc85, 0xfc85, 0xf3c2, 0xe320,
    0x30c2, 0x5982, 0x92a5, 0xa306, 0x8265, 0x8265, 0x4163, 0x30c2, 0x30c2, 0x4163, 0x8265, 0x8265, 0xab47, 0x92a5, 0x5982, 0x30c2,
    0x3902, 0x9346, 0xe4c9, 0xf6d6, 0xf6d6, 0xe4c9, 0x41a2, 0x3902, 0x3902, 0x41a2, 0xe4c9, 0xf6d6, 0xf6d6, 0xe4c9, 0x9346, 0x3902,
    0x0000, 0x0000, 0x0000, 0x0000, 0x0000, 0x0000, 0x0000, 0x0000, 0x0000, 0x0000, 0x0000, 0x0000, 0x0000, 0x0000, 0x0000, 0x0000,
    0xd651, 0xbd4e, 0xd610, 0xd651, 0xd651, 0xd610, 0xd610, 0xbd4e, 0xd651, 0xd651, 0xd651, 0xbd4e, 0xd651, 0xd610, 0xd651, 0xd651,
    0x0000, 0x0000, 0x0000, 0x0000, 0x0000, 0x0000, 0x0000, 0x0000, 0x0000, 0x0000, 0x0000, 0x0000, 0x0000, 0x0000, 0x0000, 0x0000,
    0x0000, 0x0000, 0x0000, 0x0000, 0x0000, 0x0000, 0x0000, 0x0000, 0x0000, 0x0000, 0x0000, 0x0000, 0x0000, 0x0000, 0x0000, 0x0000,
    0x0000, 0x0000, 0x0000, 0x0000, 0x0000, 0x0000, 0x0000, 0x0000, 0x0000, 0x0000, 0x0000, 0x0000, 0x0000, 0x0000, 0x0000, 0x0000,
    0x0000, 0x0000, 0x0000, 0x0000, 0x0000, 0x0000, 0x0000, 0x0000, 0x0000, 0x0000, 0x0000, 0x0000, 0x0000, 0x0000, 0x0000, 0x0000,
    0x0000, 0x0000, 0x0000, 0x0000, 0x0000, 0x0000, 0x0000, 0x0000, 0x0000, 0x0000, 0x0000, 0x0000, 0x0000, 0x0000, 0x0000, 0x0000,
    0x0000, 0x0000, 0x0000, 0x0000, 0x0000, 0x0000, 0x0000, 0x0000, 0x0000, 0x0000, 0x0000, 0x0000, 0x0000, 0x0000, 0x0000, 0x0000,
    0x0000, 0x0000, 0x0000, 0x0000, 0x0000, 0x0000, 0x0000, 0x0000, 0x0000, 0x0000, 0x0000, 0x0000, 0x0000, 0x0000, 0x0000, 0x0000,
    0x0000, 0x0000, 0x0000, 0x0000, 0x0000, 0x0000, 0x0000, 0x0000, 0x0000, 0x0000, 0x0000, 0x0000, 0x0000, 0x0000, 0x0000, 0x0000,
    0x0000, 0x0000, 0x0000, 0x0000, 0x0000, 0x0000, 0x0000, 0x0000, 0x0000, 0x0000, 0x0000, 0x0000, 0x0000, 0x0000, 0x0000, 0x0000,
    0x0000, 0x0000, 0x0000, 0x0000, 0x0000, 0x0000, 0x0000, 0x0000, 0x0000, 0x0000, 0x0000, 0x0000, 0x0000, 0x0000, 0x0000, 0x0000,
    0x1472, 0x1472, 0x14d3, 0x14d3, 0x14b3, 0x1492, 0x1452, 0x1431, 0x13d1, 0x1431, 0x1472, 0x14b3, 0x1431, 0x1431, 0x14b3, 0x14d3,
    0xf3c3, 0xf3c2, 0xfc85, 0xfc85, 0xfc03, 0xf3c3, 0xf3a2, 0xeb61, 0xe300, 0xf382, 0xf3c3, 0xfc24, 0xeb81, 0xf382, 0xfc24, 0xfc85,
    0x30c2, 0x30c2, 0x5982, 0xab47, 0xab47, 0x8265, 0x5982, 0x4163, 0x30c2, 0x92c6, 0x8265, 0x92a5, 0xab47, 0x5982, 0x30c2, 0x30c2,
    0x3902, 0x3902, 0x9346, 0xe4c9, 0xf6d6, 0xf5ee, 0x9346, 0x41a2, 0x3902, 0xe4c9, 0xf5ee, 0xf6d6, 0xe4c9, 0x9346, 0x3902, 0x3902,
    0x0000, 0x0000, 0x0000, 0x0000, 0x0000, 0x0000, 0x0000, 0x0000, 0x0000, 0x0000, 0x0000, 0x0000, 0x0000, 0x0000, 0x0000, 0x0000,
    0xcdaf, 0xcdaf, 0xd610, 0xd610, 0xbd4e, 0xbd4e, 0xcdaf, 0xbd4e, 0xbd4e, 0xd610, 0xd610, 0xcdaf, 0xd610, 0xcdaf, 0xcdaf, 0xcdaf,
    0x0000, 0x0000, 0x0000, 0x0000, 0x0000, 0x0000, 0x0000, 0x0000, 0x0000, 0x0000, 0x0000, 0x0000, 0x0000, 0x0000, 0x0000, 0x0000,
    0x0000, 0x0000, 0x0000, 0x0000, 0x0000, 0x0000, 0x0000, 0x0000, 0x0000, 0x0000, 0x0000, 0x0000, 0x0000, 0x0000, 0x0000, 0x0000,
    0x0000, 0x0000, 0x0000, 0x0000, 0x0000, 0x0000, 0x0000, 0x0000, 0x0000, 0x0000, 0x0000, 0x0000, 0x0000, 0x0000, 0x0000, 0x0000,
    0x0000, 0x0000, 0x0000, 0x0000, 0x0000, 0x0000, 0x0000, 0x0000, 0x0000, 0x0000, 0x0000, 0x0000, 0x0000, 0x0000, 0x0000, 0x0000,
    0x0000, 0x0000, 0x0000, 0x0000, 0x0000, 0x0000, 0x0000, 0x0000, 0x0000, 0x0000, 0x0000, 0x0000, 0x0000, 0x0000, 0x0000, 0x0000,
    0x0000, 0x0000, 0x0000, 0x0000, 0x0000, 0x0000, 0x0000, 0x0000, 0x0000, 0x0000, 0x0000, 0x0000, 0x0000, 0x0000, 0x0000, 0x0000,
    0x0000, 0x0000, 0x0000, 0x0000, 0x0000, 0x0000, 0x0000, 0x0000, 0x0000, 0x0000, 0x0000, 0x0000, 0x0000, 0x0000, 0x0000, 0x0000,
    0x0000, 0x0000, 0x0000, 0x0000, 0x0000, 0x0000, 0x0000, 0x0000, 0x0000, 0x0000, 0x0000, 0x0000, 0x0000, 0x0000, 0x0000, 0x0000,
    0x0000, 0x0000, 0x0000, 0x0000, 0x0000, 0x0000, 0x0000, 0x0000, 0x0000, 0x0000, 0x0000, 0x0000, 0x0000, 0x0000, 0x0000, 0x0000,
    0x0000, 0x0000, 0x0000, 0x0000, 0x0000, 0x0000, 0x0000, 0x0000, 0x0000, 0x0000, 0x0000, 0x0000, 0x0000, 0x0000, 0x0000, 0x0000,
    0x14d3, 0x14d3, 0x1452, 0x1431, 0x14b3, 0x1452, 0x1472, 0x1492, 0x14d3, 0x14b2, 0x1411, 0x1411, 0x1452, 0x1472, 0x1411, 0x13f1,
    0xfc64, 0xfc44, 0xf382, 0xeb81, 0xfc24, 0xf3a2, 0xf3c2, 0xfbe3, 0xfc85, 0xfc03, 0xeb41, 0xeb41, 0xf3a2, 0xf3c3, 0xeb61, 0xe340,
    0x30c2, 0x4163, 0x30c2, 0x4163, 0x5982, 0x92c6, 0x8265, 0x30c2, 0x30c2, 0x5982, 0x8265, 0x5982, 0x4163, 0x30c2, 0x4163, 0x30c2,
    0x3902, 0x41a2, 0x3902, 0x41a2, 0x9346, 0xe4c9, 0xe4c9, 0x3902, 0x3902, 0x9346, 0xe4c9, 0x9346, 0x41a2, 0x3902, 0x41a2, 0x3902,
    0x0000, 0x0000, 0x0000, 0x0000, 0x0000, 0x0000, 0x0000, 0x0000, 0x0000, 0x0000, 0x0000, 0x0000, 0x0000, 0x0000, 0x0000, 0x0000,
    0xcdaf, 0xbd4e, 0xbd4e, 0xcdaf, 0xd610, 0xcdaf, 0xbd4e, 0xacee, 0xd610, 0xd610, 0xcdaf, 0xbd4e, 0xbd4e, 0xbd4e, 0xbd4e, 0xbd4e,
    0x0000, 0x0000, 0x0000, 0x0000, 0x0000, 0x0000, 0x0000, 0x0000, 0x0000, 0x0000, 0x0000, 0x0000, 0x0000, 0x0000, 0x0000, 0x0000,
    0x0000, 0x0000, 0x0000, 0x0000, 0x0000, 0x0000, 0x0000, 0x0000, 0x0000, 0x0000, 0x0000, 0x0000, 0x0000, 0x0000, 0x0000, 0x0000,
    0x0000, 0x0000, 0x0000, 0x0000, 0x0000, 0x0000, 0x0000, 0x0000, 0x0000, 0x0000, 0x0000, 0x0000, 0x0000, 0x0000, 0x0000, 0x0000,
    0x0000, 0x0000, 0x0000, 0x0000, 0x0000, 0x0000, 0x0000, 0x0000, 0x0000, 0x0000, 0x0000, 0x0000, 0x0000, 0x0000, 0x0000, 0x0000,
    0x0000, 0x0000, 0x0000, 0x0000, 0x0000, 0x0000, 0x0000, 0x0000, 0x0000, 0x0000, 0x0000, 0x0000, 0x0000, 0x0000, 0x0000, 0x0000,
    0x0000, 0x0000, 0x0000, 0x0000, 0x0000, 0x0000, 0x0000, 0x0000, 0x0000, 0x0000, 0x0000, 0x0000, 0x0000, 0x0000, 0x0000, 0x0000,
    0x0000, 0x0000, 0x0000, 0x0000, 0x0000, 0x0000, 0x0000, 0x0000, 0x0000, 0x0000, 0x0000, 0x0000, 0x0000, 0x0000, 0x0000, 0x0000,
    0x0000, 0x0000, 0x0000, 0x0000, 0x0000, 0x0000, 0x0000, 0x0000, 0x0000, 0x0000, 0x0000, 0x0000, 0x0000, 0x0000, 0x0000, 0x0000,
    0x0000, 0x0000, 0x0000, 0x0000, 0x0000, 0x0000, 0x0000, 0x0000, 0x0000, 0x0000, 0x0000, 0x0000, 0x0000, 0x0000, 0x0000, 0x0000,
    0x0000, 0x0000, 0x0000, 0x0000, 0x0000, 0x0000, 0x0000, 0x0000, 0x0000, 0x0000, 0x0000, 0x0000, 0x0000, 0x0000, 0x0000, 0x0000,
    0x13d1, 0x13f1, 0x14b3, 0x1452, 0x13f1, 0x1411, 0x14b3, 0x14d3, 0x1431, 0x1411, 0x1472, 0x14b3, 0x13f1, 0x13f1, 0x14b2, 0x14b3,
    0xe320, 0xeb41, 0xfc03, 0xf3a2, 0xe340, 0xeb61, 0xfc24, 0xfc85, 0xeb81, 0xeb61, 0xf3c2, 0xfc03, 0xe340, 0xeb41, 0xfc03, 0xfc24,
    0x30c2, 0x30c2, 0x30c2, 0x30c2, 0x30c2, 0x30c2, 0x30c2, 0x30c2, 0x30c2, 0x30c2, 0x30c2, 0x30c2, 0x30c2, 0x30c2, 0x30c2, 0x30c2,
    0x3902, 0x3902, 0x3902, 0x3902, 0x3902, 0x3902, 0x3902, 0x3902, 0x3902, 0x3902, 0x3902, 0x3902, 0x3902, 0x3902, 0x3902, 0x3902,
    0x0000, 0x0000, 0x0000, 0x0000, 0x0000, 0x0000, 0x0000, 0x0000, 0x0000, 0x0000, 0x0000, 0x0000, 0x0000, 0x0000, 0x0000, 0x0000,
    0x9c4c, 0xa4ac, 0xa4ac, 0x9c4c, 0x9c4c, 0xa4ac, 0xacee, 0xacee, 0xacee, 0xa4ac, 0x9c4c, 0xa4ac, 0x9c4c, 0x9c4c, 0x9c4c, 0x9c4c,
    0x0000, 0x0000, 0x0000, 0x0000, 0x0000, 0x0000, 0x0000, 0x0000, 0x0000, 0x0000, 0x0000, 0x0000, 0x0000, 0x0000, 0x0000, 0x0000,
    0x0000, 0x0000, 0x0000, 0x0000, 0x0000, 0x0000, 0x0000, 0x0000, 0x0000, 0x0000, 0x0000, 0x0000, 0x0000, 0x0000, 0x0000, 0x0000,
    0x0000, 0x0000, 0x0000, 0x0000, 0x0000, 0x0000, 0x0000, 0x0000, 0x0000, 0x0000, 0x0000, 0x0000, 0x0000, 0x0000, 0x0000, 0x0000,
    0x0000, 0x0000, 0x0000, 0x0000, 0x0000, 0x0000, 0x0000, 0x0000, 0x0000, 0x0000, 0x0000, 0x0000, 0x0000, 0x0000, 0x0000, 0x0000,
    0x0000, 0x0000, 0x0000, 0x0000, 0x0000, 0x0000, 0x0000, 0x0000, 0x0000, 0x0000, 0x0000, 0x0000, 0x0000, 0x0000, 0x0000, 0x0000,
    0x0000, 0x0000, 0x0000, 0x0000, 0x0000, 0x0000, 0x0000, 0x0000, 0x0000, 0x0000, 0x0000, 0x0000, 0x0000, 0x0000, 0x0000, 0x0000,
    0x0000, 0x0000, 0x0000, 0x0000, 0x0000, 0x0000, 0x0000, 0x0000, 0x0000, 0x0000, 0x0000, 0x0000, 0x0000, 0x0000, 0x0000, 0x0000,
    0x0000, 0x0000, 0x0000, 0x0000, 0x0000, 0x0000, 0x0000, 0x0000, 0x0000, 0x0000, 0x0000, 0x0000, 0x0000, 0x0000, 0x0000, 0x0000,
    0x0000, 0x0000, 0x0000, 0x0000, 0x0000, 0x0000, 0x0000, 0x0000, 0x0000, 0x0000, 0x0000, 0x0000, 0x0000, 0x0000, 0x0000, 0x0000,
    0x0000, 0x0000, 0x0000, 0x0000, 0x0000, 0x0000, 0x0000, 0x0000, 0x0000, 0x0000, 0x0000, 0x0000, 0x0000, 0x0000, 0x0000, 0x0000,
    0xdefc, 0xe73c, 0xd6fb, 0xdefb, 0xef5d, 0xf7be, 0xdf1c, 0xdf1c, 0xf79e, 0xf7be, 0xd6db, 0xdefb, 0xef7d, 0xef7d, 0xdefb, 0xd6db,
    0x0000, 0x0000, 0x0000, 0x0000, 0x0000, 0x0000, 0x0000, 0x0000, 0x0000, 0x0000, 0x0000, 0x0000, 0x0000, 0x0000, 0x0000, 0x0000,
    0x0000, 0x0000, 0x0000, 0x0000, 0x0000, 0x0000, 0x0000, 0x0000, 0x0000, 0x0000, 0x0000, 0x0000, 0x0000, 0x0000, 0x0000, 0x0000,
    0x0000, 0x0000, 0x0000, 0x0000, 0x0000, 0x0000, 0x0000, 0x0000, 0x0000, 0x0000, 0x0000, 0x0000, 0x0000, 0x0000, 0x0000, 0x0000,
    0x0000, 0x0000, 0x0000, 0x0000, 0x0000, 0x0000, 0x0000, 0x0000, 0x0000, 0x0000, 0x0000, 0x0000, 0x0000, 0x0000, 0x0000, 0x0000,
    0x0000, 0x0000, 0x0000, 0x0000, 0x0000, 0x0000, 0x0000, 0x0000, 0x0000, 0x0000, 0x0000, 0x0000, 0x0000, 0x0000, 0x0000, 0x0000,
    0x0000, 0x0000, 0x0000, 0x0000, 0x0000, 0x0000, 0x0000, 0x0000, 0x0000, 0x0000, 0x0000, 0x0000, 0x0000, 0x0000, 0x0000, 0x0000,
    0x0000, 0x0000, 0x0000, 0x0000, 0x0000, 0x0000, 0x0000, 0x0000, 0x0000, 0x0000, 0x0000, 0x0000, 0x0000, 0x0000, 0x0000, 0x0000,
    0x0000, 0x0000, 0x0000, 0x0000, 0x0000, 0x0000, 0x0000, 0x0000, 0x0000, 0x0000, 0x0000, 0x0000, 0x0000, 0x0000, 0x0000, 0x0000,
    0x0000, 0x0000, 0x0000, 0x0000, 0x0000, 0x0000, 0x0000, 0x0000, 0x0000, 0x0000, 0x0000, 0x0000, 0x0000, 0x0000, 0x0000, 0x0000,
    0x0000, 0x0000, 0x0000, 0x0000, 0x0000, 0x0000, 0x0000, 0x0000, 0x0000, 0x0000, 0x0000, 0x0000, 0x0000, 0x0000, 0x0000, 0x0000,
    0x0000, 0x0000, 0x0000, 0x0000, 0x0000, 0x0000, 0x0000, 0x0000, 0x0000, 0x0000, 0x0000, 0x0000, 0x0000, 0x0000, 0x0000, 0x0000,
    0xdb83, 0xd2a1, 0xd2a1, 0xdb63, 0xed07, 0xe4c6, 0xdbe4, 0xd2a1, 0xc9c0, 0xca21, 0xd281, 0xd2a1, 0xdb22, 0xdb63, 0xdb22, 0xdbc4,
    0x0000, 0x0000, 0x0000, 0x0000, 0x0000, 0x0000, 0x0000, 0x0000, 0x0000, 0x0000, 0x0000, 0x0000, 0x0000, 0x0000, 0x0000, 0x0000,
    0x0000, 0x0000, 0x0000, 0x0000, 0x0000, 0x0000, 0x0000, 0x0000, 0x0000, 0x0000, 0x0000, 0x0000, 0x0000, 0x0000, 0x0000, 0x0000,
    0x0000, 0x0000, 0x0000, 0x0000, 0x0000, 0x0000, 0x0000, 0x0000, 0x0000, 0x0000, 0x0000, 0x0000, 0x0000, 0x0000, 0x0000, 0x0000,
    0xef7d, 0xef9e, 0xffff, 0xffff, 0xffdf, 0xf7be, 0xe73d, 0xe73c, 0xdefb, 0xd6db, 0xdf1c, 0xe73c, 0xd6ba, 0xd6db, 0xe73c, 0xe75d,
    0x0000, 0x0000, 0x0000, 0x0000, 0x0000, 0x0000, 0x0000, 0x0000, 0x0000, 0x0000, 0x0000, 0x0000, 0x0000, 0x0000, 0x0000, 0x0000,
    0x0000, 0x0000, 0x0000, 0x0000, 0x0000, 0x0000, 0x0000, 0x0000, 0x0000, 0x0000, 0x0000, 0x0000, 0x0000, 0x0000, 0x0000, 0x0000,
    0x0000, 0x0000, 0x0000, 0x0000, 0x0000, 0x0000, 0x0000, 0x0000, 0x0000, 0x0000, 0x0000, 0x0000, 0x0000, 0x0000, 0x0000, 0x0000,
    0x0000, 0x0000, 0x0000, 0x0000, 0x0000, 0x0000, 0x0000, 0x0000, 0x0000, 0x0000, 0x0000, 0x0000, 0x0000, 0x0000, 0x0000, 0x0000,
    0x0000, 0x0000, 0x0000, 0x0000, 0x0000, 0x0000, 0x0000, 0x0000, 0x0000, 0x0000, 0x0000, 0x0000, 0x0000, 0x0000, 0x0000, 0x0000,
    0x0000, 0x0000, 0x0000, 0x0000, 0x0000, 0x0000, 0x0000, 0x0000, 0x0000, 0x0000, 0x0000, 0x0000, 0x0000, 0x0000, 0x0000, 0x0000,
    0x0000, 0x0000, 0x0000, 0x0000, 0x0000, 0x0000, 0x0000, 0x0000, 0x0000, 0x0000, 0x0000, 0x0000, 0x0000, 0x0000, 0x0000, 0x0000,
    0x0000, 0x0000, 0x0000, 0x0000, 0x0000, 0x0000, 0x0000, 0x0000, 0x0000, 0x0000, 0x0000, 0x0000, 0x0000, 0x0000, 0x0000, 0x0000,
    0x0000, 0x0000, 0x0000, 0x0000, 0x0000, 0x0000, 0x0000, 0x0000, 0x0000, 0x0000, 0x0000, 0x0000, 0x0000, 0x0000, 0x0000, 0x0000,
    0x0000, 0x0000, 0x0000, 0x0000, 0x0000, 0x0000, 0x0000, 0x0000, 0x0000, 0x0000, 0x0000, 0x0000, 0x0000, 0x0000, 0x0000, 0x0000,
    0x0000, 0x0000, 0x0000, 0x0000, 0x0000, 0x0000, 0x0000, 0x0000, 0x0000, 0x0000, 0x0000, 0x0000, 0x0000, 0x0000, 0x0000, 0x0000,
    0xdbc4, 0xdb22, 0xd302, 0xd2e2, 0xe404, 0xdb63, 0xdbc4, 0xd281, 0xd2a2, 0xdbc4, 0xe445, 0xd2a1, 0xd2e2, 0xe405, 0xe4a6, 0xe425,
    0x0000, 0x0000, 0x0000, 0x0000, 0x0000, 0x0000, 0x0000, 0x0000, 0x0000, 0x0000, 0x0000, 0x0000, 0x0000, 0x0000, 0x0000, 0x0000,
    0x0000, 0x0000, 0x0000, 0x0000, 0x0000, 0x0000, 0x0000, 0x0000, 0x0000, 0x0000, 0x0000, 0x0000, 0x0000, 0x0000, 0x0000, 0x0000,
    0x0000, 0x0000, 0x0000, 0x0000, 0x0000, 0x0000, 0x0000, 0x0000, 0x0000, 0x0000, 0x0000, 0x0000, 0x0000, 0x0000, 0x0000, 0x0000,
    0xffdf, 0xffdf, 0xe73c, 0xe75d, 0xffff, 0xffdf, 0xef7d, 0xe73c, 0xf7be, 0xffdf, 0xf7be, 0xf7be, 0xffff, 0xffff, 0xf7be, 0xef9e,
    0x0000, 0x0000, 0x0000, 0x0000, 0x0000, 0x0000, 0x0000, 0x0000, 0x0000, 0x0000, 0x0000, 0x0000, 0x0000, 0x0000, 0x0000, 0x0000,
    0x0000, 0x0000, 0x0000, 0x0000, 0x0000, 0x0000, 0x0000, 0x0000, 0x0000, 0x0000, 0x0000, 0x0000, 0x0000, 0x0000, 0x0000, 0x0000,
    0x0000, 0x0000, 0x0000, 0x0000, 0x0000, 0x0000, 0x0000, 0x0000, 0x0000, 0x0000, 0x0000, 0x0000, 0x0000, 0x0000, 0x0000, 0x0000,
    0x0000, 0x0000, 0x0000, 0x0000, 0x0000, 0x0000, 0x0000, 0x0000, 0x0000, 0x0000, 0x0000, 0x0000, 0x0000, 0x0000, 0x0000, 0x0000,
    0x0000, 0x0000, 0x0000, 0x0000, 0x0000, 0x0000, 0x0000, 0x0000, 0x0000, 0x0000, 0x0000, 0x0000, 0x0000, 0x0000, 0x0000, 0x0000,
    0x0000, 0x0000, 0x0000, 0x0000, 0x0000, 0x0000, 0x0000, 0x0000, 0x0000, 0x0000, 0x0000, 0x0000, 0x0000, 0x0000, 0x0000, 0x0000,
    0x0000, 0x0000, 0x0000, 0x0000, 0x0000, 0x0000, 0x0000, 0x0000, 0x0000, 0x0000, 0x0000, 0x0000, 0x0000, 0x0000, 0x0000, 0x0000,
    0x0000, 0x0000, 0x0000, 0x0000, 0x0000, 0x0000, 0x0000, 0x0000, 0x0000, 0x0000, 0x0000, 0x0000, 0x0000, 0x0000, 0x0000, 0x0000,
    0x0000, 0x0000, 0x0000, 0x0000, 0x0000, 0x0000, 0x0000, 0x0000, 0x0000, 0x0000, 0x0000, 0x0000, 0x0000, 0x0000, 0x0000, 0x0000,
    0x0000, 0x0000, 0x0000, 0x0000, 0x0000, 0x0000, 0x0000, 0x0000, 0x0000, 0x0000, 0x0000, 0x0000, 0x0000, 0x0000, 0x0000, 0x0000,
    0x0000, 0x0000, 0x0000, 0x0000, 0x0000, 0x0000, 0x0000, 0x0000, 0x0000, 0x0000, 0x0000, 0x0000, 0x0000, 0x0000, 0x0000, 0x0000,
    0xe3e4, 0xe404, 0xdb22, 0xd2a1, 0xd281, 0xc9e0, 0xd241, 0xd2c2, 0xd261, 0xdb83, 0xdbe4, 0xd281, 0xd2a1, 0xe465, 0xff4e, 0xeda9,
    0x0000, 0x0000, 0x0000, 0x0000, 0x0000, 0x0000, 0x0000, 0x0000, 0x0000, 0x0000, 0x0000, 0x0000, 0x0000, 0x0000, 0x0000, 0x0000,
    0x0000, 0x0000, 0x0000, 0x0000, 0x0000, 0x0000, 0x0000, 0x0000, 0x0000, 0x0000, 0x0000, 0x0000, 0x0000, 0x0000, 0x0000, 0x0000,
    0x0000, 0x0000, 0x0000, 0x0000, 0x0000, 0x0000, 0x0000, 0x0000, 0x0000, 0x0000, 0x0000, 0x0000, 0x0000, 0x0000, 0x0000, 0x0000,
    0xef7d, 0xe73c, 0xf7be, 0xffdf, 0xe73c, 0xe73c, 0xef5d, 0xffdf, 0xdf1c, 0xe73d, 0xffdf, 0xffdf, 0xef7d, 0xe73c, 0xffff, 0xffdf,
    0x0000, 0x0000, 0x0000, 0x0000, 0x0000, 0x0000, 0x0000, 0x0000, 0x0000, 0x0000, 0x0000, 0x0000, 0x0000, 0x0000, 0x0000, 0x0000,
    0x0000, 0x0000, 0x0000, 0x0000, 0x0000, 0x0000, 0x0000, 0x0000, 0x0000, 0x0000, 0x0000, 0x0000, 0x0000, 0x0000, 0x0000, 0x0000,
    0x0000, 0x0000, 0x0000, 0x0000, 0x0000, 0x0000, 0x0000, 0x0000, 0x0000, 0x0000, 0x0000, 0x0000, 0x0000, 0x0000, 0x0000, 0x0000,
    0x0000, 0x0000, 0x0000, 0x0000, 0x0000, 0x0000, 0x0000, 0x0000, 0x0000, 0x0000, 0x0000, 0x0000, 0x0000, 0x0000, 0x0000, 0x0000,
    0x0000, 0x0000, 0x0000, 0x0000, 0x0000, 0x0000, 0x0000, 0x0000, 0x0000, 0x0000, 0x0000, 0x0000, 0x0000, 0x0000, 0x0000, 0x0000,
    0x0000, 0x0000, 0x0000, 0x0000, 0x0000, 0x0000, 0x0000, 0x0000, 0x0000, 0x0000, 0x0000, 0x0000, 0x0000, 0x0000, 0x0000, 0x0000,
    0x0000, 0x0000, 0x0000, 0x0000, 0x0000, 0x0000, 0x0000, 0x0000, 0x0000, 0x0000, 0x0000, 0x0000, 0x0000, 0x0000, 0x0000, 0x0000,
    0x0000, 0x0000, 0x0000, 0x0000, 0x0000, 0x0000, 0x0000, 0x0000, 0x0000, 0x0000, 0x0000, 0x0000, 0x0000, 0x0000, 0x0000, 0x0000,
    0x0000, 0x0000, 0x0000, 0x0000, 0x0000, 0x0000, 0x0000, 0x0000, 0x0000, 0x0000, 0x0000, 0x0000, 0x0000, 0x0000, 0x0000, 0x0000,
    0x0000, 0x0000, 0x0000, 0x0000, 0x0000, 0x0000, 0x0000, 0x0000, 0x0000, 0x0000, 0x0000, 0x0000, 0x0000, 0x0000, 0x0000, 0x0000,
    0x0000, 0x0000, 0x0000, 0x0000, 0x0000, 0x0000, 0x0000, 0x0000, 0x0000, 0x0000, 0x0000, 0x0000, 0x0000, 0x0000, 0x0000, 0x0000,
    0xe3e4, 0xdb43, 0xd2a1, 0xd261, 0xca41, 0xca01, 0xd2e2, 0xdba3, 0xdb63, 0xd241, 0xca01, 0xd261, 0xdb22, 0xed89, 0xeda9, 0xed88,
    0x0000, 0x0000, 0x0000, 0x0000, 0x0000, 0x0000, 0x0000, 0x0000, 0x0000, 0x0000, 0x0000, 0x0000, 0x0000, 0x0000, 0x0000, 0x0000,
    0x0000, 0x0000, 0x0000, 0x0000, 0x0000, 0x0000, 0x0000, 0x0000, 0x0000, 0x0000, 0x0000, 0x0000, 0x0000, 0x0000, 0x0000, 0x0000,
    0x0000, 0x0000, 0x0000, 0x0000, 0x0000, 0x0000, 0x0000, 0x0000, 0x0000, 0x0000, 0x0000, 0x0000, 0x0000, 0x0000, 0x0000, 0x0000,
    0xef9e, 0xe75d, 0xdf1c, 0xef7d, 0xf7be, 0xf7be, 0xd6db, 0xd6bb, 0xdf1c, 0xef7d, 0xdf1c, 0xd6db, 0xf7be, 0xf7be, 0xdefb, 0xd6db,
    0x0000, 0x0000, 0x0000, 0x0000, 0x0000, 0x0000, 0x0000, 0x0000, 0x0000, 0x0000, 0x0000, 0x0000, 0x0000, 0x0000, 0x0000, 0x0000,
    0x0000, 0x0000, 0x0000, 0x0000, 0x0000, 0x0000, 0x0000, 0x0000, 0x0000, 0x0000, 0x0000, 0x0000, 0x0000, 0x0000, 0x0000, 0x0000,
    0x0000, 0x0000, 0x0000, 0x0000, 0x0000, 0x0000, 0x0000, 0x0000, 0x0000, 0x0000, 0x0000, 0x0000, 0x0000, 0x0000, 0x0000, 0x0000,
    0x0000, 0x0000, 0x0000, 0x0000, 0x0000, 0x0000, 0x0000, 0x0000, 0x0000, 0x0000, 0x0000, 0x0000, 0x0000, 0x0000, 0x0000, 0x0000,
    0x0000, 0x0000, 0x0000, 0x0000, 0x0000, 0x0000, 0x0000, 0x0000, 0x0000, 0x0000, 0x0000, 0x0000, 0x0000, 0x0000, 0x0000, 0x0000,
    0x0000, 0x0000, 0x0000, 0x0000, 0x0000, 0x0000, 0x0000, 0x0000, 0x0000, 0x0000, 0x0000, 0x0000, 0x0000, 0x0000, 0x0000, 0x0000,
    0x0000, 0x0000, 0x0000, 0x0000, 0x0000, 0x0000, 0x0000, 0x0000, 0x0000, 0x0000, 0x0000, 0x0000, 0x0000, 0x0000, 0x0000, 0x0000,
    0x0000, 0x0000, 0x0000, 0x0000, 0x0000, 0x0000, 0x0000, 0x0000, 0x0000, 0x0000, 0x0000, 0x0000, 0x0000, 0x0000, 0x0000, 0x0000,
    0x0000, 0x0000, 0x0000, 0x0000, 0x0000, 0x0000, 0x0000, 0x0000, 0x0000, 0x0000, 0x0000, 0x0000, 0x0000, 0x0000, 0x0000, 0x0000,
    0x0000, 0x0000, 0x0000, 0x0000, 0x0000, 0x0000, 0x0000, 0x0000, 0x0000, 0x0000, 0x0000, 0x0000, 0x0000, 0x0000, 0x0000, 0x0000,
    0x0000, 0x0000, 0x0000, 0x0000, 0x0000, 0x0000, 0x0000, 0x0000, 0x0000, 0x0000, 0x0000, 0x0000, 0x0000, 0x0000, 0x0000, 0x0000,
    0xdb83, 0xd281, 0xd2a1, 0xd261, 0xd261, 0xd2a1, 0xe404, 0xe466, 0xdbe4, 0xdb22, 0xdb02, 0xd261, 0xdb22, 0xed07, 0xe404, 0xe465,
    0x0000, 0x0000, 0x0000, 0x0000, 0x0000, 0x0000, 0x0000, 0x0000, 0x0000, 0x0000, 0x0000, 0x0000, 0x0000, 0x0000, 0x0000, 0x0000,
    0x0000, 0x0000, 0x0000, 0x0000, 0x0000, 0x0000, 0x0000, 0x0000, 0x0000, 0x0000, 0x0000, 0x0000, 0x0000, 0x0000, 0x0000, 0x0000,
    0x0000, 0x0000, 0x0000, 0x0000, 0x0000, 0x0000, 0x0000, 0x0000, 0x0000, 0x0000, 0x0000, 0x0000, 0x0000, 0x0000, 0x0000, 0x0000,
    0xd6db, 0xd6db, 0xdf1c, 0xffdf, 0xdf1c, 0xd6bb, 0xdefc, 0xe73c, 0xdf1c, 0xd6bb, 0xe73c, 0xe73c, 0xd6db, 0xdf1c, 0xdefb, 0xe73c,
    0x0000, 0x0000, 0x0000, 0x0000, 0x0000, 0x0000, 0x0000, 0x0000, 0x0000, 0x0000, 0x0000, 0x0000, 0x0000, 0x0000, 0x0000, 0x0000,
    0x0000, 0x0000, 0x0000, 0x0000, 0x0000, 0x0000, 0x0000, 0x0000, 0x0000, 0x0000, 0x0000, 0x0000, 0x0000, 0x0000, 0x0000, 0x0000,
    0x0000, 0x0000, 0x0000, 0x0000, 0x0000, 0x0000, 0x0000, 0x0000, 0x0000, 0x0000, 0x0000, 0x0000, 0x0000, 0x0000, 0x0000, 0x0000,
    0x0000, 0x0000, 0x0000, 0x0000, 0x0000, 0x0000, 0x0000, 0x0000, 0x0000, 0x0000, 0x0000, 0x0000, 0x0000, 0x0000, 0x0000, 0x0000,
    0x0000, 0x0000, 0x0000, 0x0000, 0x0000, 0x0000, 0x0000, 0x0000, 0x0000, 0x0000, 0x0000, 0x0000, 0x0000, 0x0000, 0x0000, 0x0000,
    0x0000, 0x0000, 0x0000, 0x0000, 0x0000, 0x0000, 0x0000, 0x0000, 0x0000, 0x0000, 0x0000, 0x0000, 0x0000, 0x0000, 0x0000, 0x0000,
    0x0000, 0x0000, 0x0000, 0x0000, 0x0000, 0x0000, 0x0000, 0x0000, 0x0000, 0x0000, 0x0000, 0x0000, 0x0000, 0x0000, 0x0000, 0x0000,
    0x0000, 0x0000, 0x0000, 0x0000, 0x0000, 0x0000, 0x0000, 0x0000, 0x0000, 0x0000, 0x0000, 0x0000, 0x0000, 0x0000, 0x0000, 0x0000,
    0x0000, 0x0000, 0x0000, 0x0000, 0x0000, 0x0000, 0x0000, 0x0000, 0x0000, 0x0000, 0x0000, 0x0000, 0x0000, 0x0000, 0x0000, 0x0000,
    0x0000, 0x0000, 0x0000, 0x0000, 0x0000, 0x0000, 0x0000, 0x0000, 0x0000, 0x0000, 0x0000, 0x0000, 0x0000, 0x0000, 0x0000, 0x0000,
    0x0000, 0x0000, 0x0000, 0x0000, 0x0000, 0x0000, 0x0000, 0x0000, 0x0000, 0x0000, 0x0000, 0x0000, 0x0000, 0x0000, 0x0000, 0x0000,
    0xdb43, 0xd281, 0xd2e2, 0xd281, 0xd2a1, 0xdb83, 0xe466, 0xe425, 0xd2e2, 0xd2e2, 0xe425, 0xdbc4, 0xd281, 0xdb43, 0xdb22, 0xdbc4,
    0x0000, 0x0000, 0x0000, 0x0000, 0x0000, 0x0000, 0x0000, 0x0000, 0x0000, 0x0000, 0x0000, 0x0000, 0x0000, 0x0000, 0x0000, 0x0000,
    0x0000, 0x0000, 0x0000, 0x0000, 0x0000, 0x0000, 0x0000, 0x0000, 0x0000, 0x0000, 0x0000, 0x0000, 0x0000, 0x0000, 0x0000, 0x0000,
    0x0000, 0x0000, 0x0000, 0x0000, 0x0000, 0x0000, 0x0000, 0x0000, 0x0000, 0x0000, 0x0000, 0x0000, 0x0000, 0x0000, 0x0000, 0x0000,
    0xffff, 0xffff, 0xf7df, 0xf7be, 0xef5d, 0xef5d, 0xe75d, 0xef7d, 0xffdf, 0xffff, 0xf79e, 0xe73d, 0xffff, 0xffff, 0xf7be, 0xef7d,
    0x0000, 0x0000, 0x0000, 0x0000, 0x0000, 0x0000, 0x0000, 0x0000, 0x0000, 0x0000, 0x0000, 0x0000, 0x0000, 0x0000, 0x0000, 0x0000,
    0x0000, 0x0000, 0x0000, 0x0000, 0x0000, 0x0000, 0x0000, 0x0000, 0x0000, 0x0000, 0x0000, 0x0000, 0x0000, 0x0000, 0x0000, 0x0000,
    0x0000, 0x0000, 0x0000, 0x0000, 0x0000, 0x0000, 0x0000, 0x0000, 0x0000, 0x0000, 0x0000, 0x0000, 0x0000, 0x0000, 0x0000, 0x0000,
    0x0000, 0x0000, 0x0000, 0x0000, 0x0000, 0x0000, 0x0000, 0x0000, 0x0000, 0x0000, 0x0000, 0x0000, 0x0000, 0x0000, 0x0000, 0x0000,
    0x0000, 0x0000, 0x0000, 0x0000, 0x0000, 0x0000, 0x0000, 0x0000, 0x0000, 0x0000, 0x0000, 0x0000, 0x0000, 0x0000, 0x0000, 0x0000,
    0x0000, 0x0000, 0x0000, 0x0000, 0x0000, 0x0000, 0x0000, 0x0000, 0x0000, 0x0000, 0x0000, 0x0000, 0x0000, 0x0000, 0x0000, 0x0000,
    0x0000, 0x0000, 0x0000, 0x0000, 0x0000, 0x0000, 0x0000, 0x0000, 0x0000, 0x0000, 0x0000, 0x0000, 0x0000, 0x0000, 0x0000, 0x0000,
    0x0000, 0x0000, 0x0000, 0x0000, 0x0000, 0x0000, 0x0000, 0x0000, 0x0000, 0x0000, 0x0000, 0x0000, 0x0000, 0x0000, 0x0000, 0x0000,
    0x0000, 0x0000, 0x0000, 0x0000, 0x0000, 0x0000, 0x0000, 0x0000, 0x0000, 0x0000, 0x0000, 0x0000, 0x0000, 0x0000, 0x0000, 0x0000,
    0x0000, 0x0000, 0x0000, 0x0000, 0x0000, 0x0000, 0x0000, 0x0000, 0x0000, 0x0000, 0x0000, 0x0000, 0x0000, 0x0000, 0x0000, 0x0000,
    0x0000, 0x0000, 0x0000, 0x0000, 0x0000, 0x0000, 0x0000, 0x0000, 0x0000, 0x0000, 0x0000, 0x0000, 0x0000, 0x0000, 0x0000, 0x0000,
    0xdb22, 0xd2c2, 0xdb43, 0xdb22, 0xdb63, 0xe4c6, 0xed48, 0xdb83, 0xca01, 0xdb63, 0xed28, 0xe425, 0xd241, 0xdb63, 0xdbe4, 0xdb43,
    0x0000, 0x0000, 0x0000, 0x0000, 0x0000, 0x0000, 0x0000, 0x0000, 0x0000, 0x0000, 0x0000, 0x0000, 0x0000, 0x0000, 0x0000, 0x0000,
    0x0000, 0x0000, 0x0000, 0x0000, 0x0000, 0x0000, 0x0000, 0x0000, 0x0000, 0x0000, 0x0000, 0x0000, 0x0000, 0x0000, 0x0000, 0x0000,
    0x0000, 0x0000, 0x0000, 0x0000, 0x0000, 0x0000, 0x0000, 0x0000, 0x0000, 0x0000, 0x0000, 0x0000, 0x0000, 0x0000, 0x0000, 0x0000,
    0xe73c, 0xe73c, 0xffff, 0xffff, 0xf7be, 0xf79e, 0xffdf, 0xffdf, 0xdefb, 0xdf1c, 0xf7be, 0xffdf, 0xf79e, 0xef9e, 0xffdf, 0xffdf,
    0x0000, 0x0000, 0x0000, 0x0000, 0x0000, 0x0000, 0x0000, 0x0000, 0x0000, 0x0000, 0x0000, 0x0000, 0x0000, 0x0000, 0x0000, 0x0000,
    0x0000, 0x0000, 0x0000, 0x0000, 0x0000, 0x0000, 0x0000, 0x0000, 0x0000, 0x0000, 0x0000, 0x0000, 0x0000, 0x0000, 0x0000, 0x0000,
    0x0000, 0x0000, 0x0000, 0x0000, 0x0000, 0x0000, 0x0000, 0x0000, 0x0000, 0x0000, 0x0000, 0x0000, 0x0000, 0x0000, 0x0000, 0x0000,
    0x0000, 0x0000, 0x0000, 0x0000, 0x0000, 0x0000, 0x0000, 0x0000, 0x0000, 0x0000, 0x0000, 0x0000, 0x0000, 0x0000, 0x0000, 0x0000,
    0x0000, 0x0000, 0x0000, 0x0000, 0x0000, 0x0000, 0x0000, 0x0000, 0x0000, 0x0000, 0x0000, 0x0000, 0x0000, 0x0000, 0x0000, 0x0000,
    0x0000, 0x0000, 0x0000, 0x0000, 0x0000, 0x0000, 0x0000, 0x0000, 0x0000, 0x0000, 0x0000, 0x0000, 0x0000, 0x0000, 0x0000, 0x0000,
    0x0000, 0x0000, 0x0000, 0x0000, 0x0000, 0x0000, 0x0000, 0x0000, 0x0000, 0x0000, 0x0000, 0x0000, 0x0000, 0x0000, 0x0000, 0x0000,
    0x0000, 0x0000, 0x0000, 0x0000, 0x0000, 0x0000, 0x0000, 0x0000, 0x0000, 0x0000, 0x0000, 0x0000, 0x0000, 0x0000, 0x0000, 0x0000,
    0x0000, 0x0000, 0x0000, 0x0000, 0x0000, 0x0000, 0x0000, 0x0000, 0x0000, 0x0000, 0x0000, 0x0000, 0x0000, 0x0000, 0x0000, 0x0000,
    0x0000, 0x0000, 0x0000, 0x0000, 0x0000, 0x0000, 0x0000, 0x0000, 0x0000, 0x0000, 0x0000, 0x0000, 0x0000, 0x0000, 0x0000, 0x0000,
    0x0000, 0x0000, 0x0000, 0x0000, 0x0000, 0x0000, 0x0000, 0x0000, 0x0000, 0x0000, 0x0000, 0x0000, 0x0000, 0x0000, 0x0000, 0x0000,
    0xd302, 0xd2c2, 0xd2c2, 0xd2a1, 0xdbe4, 0xedc9, 0xeda9, 0xe404, 0xca21, 0xd261, 0xdb63, 0xd281, 0xc9c0, 0xd281, 0xd281, 0xd2a1,
    0x0000, 0x0000, 0x0000, 0x0000, 0x0000, 0x0000, 0x0000, 0x0000, 0x0000, 0x0000, 0x0000, 0x0000, 0x0000, 0x0000, 0x0000, 0x0000,
    0x0000, 0x0000, 0x0000, 0x0000, 0x0000, 0x0000, 0x0000, 0x0000, 0x0000, 0x0000, 0x0000, 0x0000, 0x0000, 0x0000, 0x0000, 0x0000,
    0x0000, 0x0000, 0x0000, 0x0000, 0x0000, 0x0000, 0x0000, 0x0000, 0x0000, 0x0000, 0x0000, 0x0000, 0x0000, 0x0000, 0x0000, 0x0000,
    0xf7be, 0xf7be, 0xd6db, 0xdf1c, 0xffdf, 0xf79e, 0xdf1c, 0xe73c, 0xdf1c, 0xe73c, 0xdf1c, 0xd6db, 0xef5d, 0xe73d, 0xd6fb, 0xd6db,
    0x0000, 0x0000, 0x0000, 0x0000, 0x0000, 0x0000, 0x0000, 0x0000, 0x0000, 0x0000, 0x0000, 0x0000, 0x0000, 0x0000, 0x0000, 0x0000,
    0x0000, 0x0000, 0x0000, 0x0000, 0x0000, 0x0000, 0x0000, 0x0000, 0x0000, 0x0000, 0x0000, 0x0000, 0x0000, 0x0000, 0x0000, 0x0000,
    0x0000, 0x0000, 0x0000, 0x0000, 0x0000, 0x0000, 0x0000, 0x0000, 0x0000, 0x0000, 0x0000, 0x0000, 0x0000, 0x0000, 0x0000, 0x0000,
    0x0000, 0x0000, 0x0000, 0x0000, 0x0000, 0x0000, 0x0000, 0x0000, 0x0000, 0x0000, 0x0000, 0x0000, 0x0000, 0x0000, 0x0000, 0x0000,
    0x0000, 0x0000, 0x0000, 0x0000, 0x0000, 0x0000, 0x0000, 0x0000, 0x0000, 0x0000, 0x0000, 0x0000, 0x0000, 0x0000, 0x0000, 0x0000,
    0x0000, 0x0000, 0x0000, 0x0000, 0x0000, 0x0000, 0x0000, 0x0000, 0x0000, 0x0000, 0x0000, 0x0000, 0x0000, 0x0000, 0x0000, 0x0000,
    0x0000, 0x0000, 0x0000, 0x0000, 0x0000, 0x0000, 0x0000, 0x0000, 0x0000, 0x0000, 0x0000, 0x0000, 0x0000, 0x0000, 0x0000, 0x0000,
    0x0000, 0x0000, 0x0000, 0x0000, 0x0000, 0x0000, 0x0000, 0x0000, 0x0000, 0x0000, 0x0000, 0x0000, 0x0000, 0x0000, 0x0000, 0x0000,
    0x0000, 0x0000, 0x0000, 0x0000, 0x0000, 0x0000, 0x0000, 0x0000, 0x0000, 0x0000, 0x0000, 0x0000, 0x0000, 0x0000, 0x0000, 0x0000,
    0x0000, 0x0000, 0x0000, 0x0000, 0x0000, 0x0000, 0x0000, 0x0000, 0x0000, 0x0000, 0x0000, 0x0000, 0x0000, 0x0000, 0x0000, 0x0000,
    0x0000, 0x0000, 0x0000, 0x0000, 0x0000, 0x0000, 0x0000, 0x0000, 0x0000, 0x0000, 0x0000, 0x0000, 0x0000, 0x0000, 0x0000, 0x0000,
    0xdb83, 0xe465, 0xdb43, 0xd281, 0xd261, 0xe405, 0xe465, 0xdb63, 0xca21, 0xca01, 0xca01, 0xd281, 0xd281, 0xc9e0, 0xd241, 0xd2e2,
    0x0000, 0x0000, 0x0000, 0x0000, 0x0000, 0x0000, 0x0000, 0x0000, 0x0000, 0x0000, 0x0000, 0x0000, 0x0000, 0x0000, 0x0000, 0x0000,
    0x0000, 0x0000, 0x0000, 0x0000, 0x0000, 0x0000, 0x0000, 0x0000, 0x0000, 0x0000, 0x0000, 0x0000, 0x0000, 0x0000, 0x0000, 0x0000,
    0x0000, 0x0000, 0x0000, 0x0000, 0x0000, 0x0000, 0x0000, 0x0000, 0x0000, 0x0000, 0x0000, 0x0000, 0x0000, 0x0000, 0x0000, 0x0000,
    0xdf1c, 0xe73d, 0xe73c, 0xffdf, 0xd6bb, 0xd6db, 0xe73d, 0xef9e, 0xdf1c, 0xef9e, 0xffff, 0xffff, 0xe75d, 0xf7be, 0xffff, 0xffff,
    0x0000, 0x0000, 0x0000, 0x0000, 0x0000, 0x0000, 0x0000, 0x0000, 0x0000, 0x0000, 0x0000, 0x0000, 0x0000, 0x0000, 0x0000, 0x0000,
    0x0000, 0x0000, 0x0000, 0x0000, 0x0000, 0x0000, 0x0000, 0x0000, 0x0000, 0x0000, 0x0000, 0x0000, 0x0000, 0x0000, 0x0000, 0x0000,
    0x0000, 0x0000, 0x0000, 0x0000, 0x0000, 0x0000, 0x0000, 0x0000, 0x0000, 0x0000, 0x0000, 0x0000, 0x0000, 0x0000, 0x0000, 0x0000,
    0x0000, 0x0000, 0x0000, 0x0000, 0x0000, 0x0000, 0x0000, 0x0000, 0x0000, 0x0000, 0x0000, 0x0000, 0x0000, 0x0000, 0x0000, 0x0000,
    0x0000, 0x0000, 0x0000, 0x0000, 0x0000, 0x0000, 0x0000, 0x0000, 0x0000, 0x0000, 0x0000, 0x0000, 0x0000, 0x0000, 0x0000, 0x0000,
    0x0000, 0x0000, 0x0000, 0x0000, 0x0000, 0x0000, 0x0000, 0x0000, 0x0000, 0x0000, 0x0000, 0x0000, 0x0000, 0x0000, 0x0000, 0x0000,
    0x0000, 0x0000, 0x0000, 0x0000, 0x0000, 0x0000, 0x0000, 0x0000, 0x0000, 0x0000, 0x0000, 0x0000, 0x0000, 0x0000, 0x0000, 0x0000,
    0x0000, 0x0000, 0x0000, 0x0000, 0x0000, 0x0000, 0x0000, 0x0000, 0x0000, 0x0000, 0x0000, 0x0000, 0x0000, 0x0000, 0x0000, 0x0000,
    0x0000, 0x0000, 0x0000, 0x0000, 0x0000, 0x0000, 0x0000, 0x0000, 0x0000, 0x0000, 0x0000, 0x0000, 0x0000, 0x0000, 0x0000, 0x0000,
    0x0000, 0x0000, 0x0000, 0x0000, 0x0000, 0x0000, 0x0000, 0x0000, 0x0000, 0x0000, 0x0000, 0x0000, 0x0000, 0x0000, 0x0000, 0x0000,
    0x0000, 0x0000, 0x0000, 0x0000, 0x0000, 0x0000, 0x0000, 0x0000, 0x0000, 0x0000, 0x0000, 0x0000, 0x0000, 0x0000, 0x0000, 0x0000,
    0xe445, 0xe4a6, 0xe4a6, 0xdb22, 0xca41, 0xd281, 0xd302, 0xd241, 0xc9c0, 0xc9a0, 0xd241, 0xeda9, 0xed68, 0xd261, 0xd261, 0xdbe4,
    0x0000, 0x0000, 0x0000, 0x0000, 0x0000, 0x0000, 0x0000, 0x0000, 0x0000, 0x0000, 0x0000, 0x0000, 0x0000, 0x0000, 0x0000, 0x0000,
    0x0000, 0x0000, 0x0000, 0x0000, 0x0000, 0x0000, 0x0000, 0x0000, 0x0000, 0x0000, 0x0000, 0x0000, 0x0000, 0x0000, 0x0000, 0x0000,
    0x0000, 0x0000, 0x0000, 0x0000, 0x0000, 0x0000, 0x0000, 0x0000, 0x0000, 0x0000, 0x0000, 0x0000, 0x0000, 0x0000, 0x0000, 0x0000,
    0xffdf, 0xffdf, 0xf7be, 0xf7be, 0xffff, 0xffdf, 0xf7be, 0xf79e, 0xffdf, 0xffdf, 0xe73c, 0xef7d, 0xef9e, 0xef5d, 0xdefb, 0xef7d,
    0x0000, 0x0000, 0x0000, 0x0000, 0x0000, 0x0000, 0x0000, 0x0000, 0x0000, 0x0000, 0x0000, 0x0000, 0x0000, 0x0000, 0x0000, 0x0000,
    0x0000, 0x0000, 0x0000, 0x0000, 0x0000, 0x0000, 0x0000, 0x0000, 0x0000, 0x0000, 0x0000, 0x0000, 0x0000, 0x0000, 0x0000, 0x0000,
    0x0000, 0x0000, 0x0000, 0x0000, 0x0000, 0x0000, 0x0000, 0x0000, 0x0000, 0x0000, 0x0000, 0x0000, 0x0000, 0x0000, 0x0000, 0x0000,
    0x0000, 0x0000, 0x0000, 0x0000, 0x0000, 0x0000, 0x0000, 0x0000, 0x0000, 0x0000, 0x0000, 0x0000, 0x0000, 0x0000, 0x0000, 0x0000,
    0x0000, 0x0000, 0x0000, 0x0000, 0x0000, 0x0000, 0x0000, 0x0000, 0x0000, 0x0000, 0x0000, 0x0000, 0x0000, 0x0000, 0x0000, 0x0000,
    0x0000, 0x0000, 0x0000, 0x0000, 0x0000, 0x0000, 0x0000, 0x0000, 0x0000, 0x0000, 0x0000, 0x0000, 0x0000, 0x0000, 0x0000, 0x0000,
    0x0000, 0x0000, 0x0000, 0x0000, 0x0000, 0x0000, 0x0000, 0x0000, 0x0000, 0x0000, 0x0000, 0x0000, 0x0000, 0x0000, 0x0000, 0x0000,
    0x0000, 0x0000, 0x0000, 0x0000, 0x0000, 0x0000, 0x0000, 0x0000, 0x0000, 0x0000, 0x0000, 0x0000, 0x0000, 0x0000, 0x0000, 0x0000,
    0x0000, 0x0000, 0x0000, 0x0000, 0x0000, 0x0000, 0x0000, 0x0000, 0x0000, 0x0000, 0x0000, 0x0000, 0x0000, 0x0000, 0x0000, 0x0000,
    0x0000, 0x0000, 0x0000, 0x0000, 0x0000, 0x0000, 0x0000, 0x0000, 0x0000, 0x0000, 0x0000, 0x0000, 0x0000, 0x0000, 0x0000, 0x0000,
    0x0000, 0x0000, 0x0000, 0x0000, 0x0000, 0x0000, 0x0000, 0x0000, 0x0000, 0x0000, 0x0000, 0x0000, 0x0000, 0x0000, 0x0000, 0x0000,
    0xe465, 0xe465, 0xed68, 0xdb83, 0xd261, 0xd241, 0xc9c0, 0xc1a0, 0xc9e0, 0xca01, 0xd2e2, 0xf66b, 0xed68, 0xd261, 0xd241, 0xdba3,
    0x0000, 0x0000, 0x0000, 0x0000, 0x0000, 0x0000, 0x0000, 0x0000, 0x0000, 0x0000, 0x0000, 0x0000, 0x0000, 0x0000, 0x0000, 0x0000,
    0x0000, 0x0000, 0x0000, 0x0000, 0x0000, 0x0000, 0x0000, 0x0000, 0x0000, 0x0000, 0x0000, 0x0000, 0x0000, 0x0000, 0x0000, 0x0000,
    0x0000, 0x0000, 0x0000, 0x0000, 0x0000, 0x0000, 0x0000, 0x0000, 0x0000, 0x0000, 0x0000, 0x0000, 0x0000, 0x0000, 0x0000, 0x0000,
    0xdefb, 0xdf1c, 0xef9e, 0xef9e, 0xe73c, 0xe73c, 0xf7be, 0xf7be, 0xdefb, 0xdf1c, 0xdf1c, 0xef9e, 0xd6db, 0xd6db, 0xe73c, 0xef9e,
    0x0000, 0x0000, 0x0000, 0x0000, 0x0000, 0x0000, 0x0000, 0x0000, 0x0000, 0x0000, 0x0000, 0x0000, 0x0000, 0x0000, 0x0000, 0x0000,
    0x0000, 0x0000, 0x0000, 0x0000, 0x0000, 0x0000, 0x0000, 0x0000, 0x0000, 0x0000, 0x0000, 0x0000, 0x0000, 0x0000, 0x0000, 0x0000,
    0x0000, 0x0000, 0x0000, 0x0000, 0x0000, 0x0000, 0x0000, 0x0000, 0x0000, 0x0000, 0x0000, 0x0000, 0x0000, 0x0000, 0x0000, 0x0000,
    0x0000, 0x0000, 0x0000, 0x0000, 0x0000, 0x0000, 0x0000, 0x0000, 0x0000, 0x0000, 0x0000, 0x0000, 0x0000, 0x0000, 0x0000, 0x0000,
    0x0000, 0x0000, 0x0000, 0x0000, 0x0000, 0x0000, 0x0000, 0x0000, 0x0000, 0x0000, 0x0000, 0x0000, 0x0000, 0x0000, 0x0000, 0x0000,
    0x0000, 0x0000, 0x0000, 0x0000, 0x0000, 0x0000, 0x0000, 0x0000, 0x0000, 0x0000, 0x0000, 0x0000, 0x0000, 0x0000, 0x0000, 0x0000,
    0x0000, 0x0000, 0x0000, 0x0000, 0x0000, 0x0000, 0x0000, 0x0000, 0x0000, 0x0000, 0x0000, 0x0000, 0x0000, 0x0000, 0x0000, 0x0000,
    0x0000, 0x0000, 0x0000, 0x0000, 0x0000, 0x0000, 0x0000, 0x0000, 0x0000, 0x0000, 0x0000, 0x0000, 0x0000, 0x0000, 0x0000, 0x0000,
    0x0000, 0x0000, 0x0000, 0x0000, 0x0000, 0x0000, 0x0000, 0x0000, 0x0000, 0x0000, 0x0000, 0x0000, 0x0000, 0x0000, 0x0000, 0x0000,
    0x0000, 0x0000, 0x0000, 0x0000, 0x0000, 0x0000, 0x0000, 0x0000, 0x0000, 0x0000, 0x0000, 0x0000, 0x0000, 0x0000, 0x0000, 0x0000,
    0x0000, 0x0000, 0x0000, 0x0000, 0x0000, 0x0000, 0x0000, 0x0000, 0x0000, 0x0000, 0x0000, 0x0000, 0x0000, 0x0000, 0x0000, 0x0000,
    0xd281, 0xd2e2, 0xd302, 0xd2e2, 0xe425, 0xe4c7, 0xd261, 0xc9a0, 0xca21, 0xd261, 0xca41, 0xdb43, 0xd2e2, 0xc9e0, 0xd241, 0xd261,
    0x0000, 0x0000, 0x0000, 0x0000, 0x0000, 0x0000, 0x0000, 0x0000, 0x0000, 0x0000, 0x0000, 0x0000, 0x0000, 0x0000, 0x0000, 0x0000,
    0x0000, 0x0000, 0x0000, 0x0000, 0x0000, 0x0000, 0x0000, 0x0000, 0x0000, 0x0000, 0x0000, 0x0000, 0x0000, 0x0000, 0x0000, 0x0000,
    0x0000, 0x0000, 0x0000, 0x0000, 0x0000, 0x0000, 0x0000, 0x0000, 0x0000, 0x0000, 0x0000, 0x0000, 0x0000, 0x0000, 0x0000, 0x0000,
    0xe73c, 0xe73c, 0xd6bb, 0xd6db, 0xffdf, 0xffff, 0xd6db, 0xd6bb, 0xef5d, 0xf7be, 0xef7d, 0xf7be, 0xffff, 0xffff, 0xef9e, 0xd6db,
    0x0000, 0x0000, 0x0000, 0x0000, 0x0000, 0x0000, 0x0000, 0x0000, 0x0000, 0x0000, 0x0000, 0x0000, 0x0000, 0x0000, 0x0000, 0x0000,
    0x0000, 0x0000, 0x0000, 0x0000, 0x0000, 0x0000, 0x0000, 0x0000, 0x0000, 0x0000, 0x0000, 0x0000, 0x0000, 0x0000, 0x0000, 0x0000,
    0x0000, 0x0000, 0x0000, 0x0000, 0x0000, 0x0000, 0x0000, 0x0000, 0x0000, 0x0000, 0x0000, 0x0000, 0x0000, 0x0000, 0x0000, 0x0000,
    0x0000, 0x0000, 0x0000, 0x0000, 0x0000, 0x0000, 0x0000, 0x0000, 0x0000, 0x0000, 0x0000, 0x0000, 0x0000, 0x0000, 0x0000, 0x0000,
    0x0000, 0x0000, 0x0000, 0x0000, 0x0000, 0x0000, 0x0000, 0x0000, 0x0000, 0x0000, 0x0000, 0x0000, 0x0000, 0x0000, 0x0000, 0x0000,
    0x0000, 0x0000, 0x0000, 0x0000, 0x0000, 0x0000, 0x0000, 0x0000, 0x0000, 0x0000, 0x0000, 0x0000, 0x0000, 0x0000, 0x0000, 0x0000,
    0x0000, 0x0000, 0x0000, 0x0000, 0x0000, 0x0000, 0x0000, 0x0000, 0x0000, 0x0000, 0x0000, 0x0000, 0x0000, 0x0000, 0x0000, 0x0000,
    0x0000, 0x0000, 0x0000, 0x0000, 0x0000, 0x0000, 0x0000, 0x0000, 0x0000, 0x0000, 0x0000, 0x0000, 0x0000, 0x0000, 0x0000, 0x0000,
    0x0000, 0x0000, 0x0000, 0x0000, 0x0000, 0x0000, 0x0000, 0x0000, 0x0000, 0x0000, 0x0000, 0x0000, 0x0000, 0x0000, 0x0000, 0x0000,
    0x0000, 0x0000, 0x0000, 0x0000, 0x0000, 0x0000, 0x0000, 0x0000, 0x0000, 0x0000, 0x0000, 0x0000, 0x0000, 0x0000, 0x0000, 0x0000,
    0x0000, 0x0000, 0x0000, 0x0000, 0x0000, 0x0000, 0x0000, 0x0000, 0x0000, 0x0000, 0x0000, 0x0000, 0x0000, 0x0000, 0x0000, 0x0000,
    0xd2e2, 0xd2a1, 0xd261, 0xd2c2, 0xed07, 0xeda9, 0xd2a1, 0xca01, 0xd261, 0xd2e2, 0xdbc4, 0xd281, 0xc9c0, 0xc9c0, 0xd281, 0xdb22,
    0x0000, 0x0000, 0x0000, 0x0000, 0x0000, 0x0000, 0x0000, 0x0000, 0x0000, 0x0000, 0x0000, 0x0000, 0x0000, 0x0000, 0x0000, 0x0000,
    0x0000, 0x0000, 0x0000, 0x0000, 0x0000, 0x0000, 0x0000, 0x0000, 0x0000, 0x0000, 0x0000, 0x0000, 0x0000, 0x0000, 0x0000, 0x0000,
    0x0000, 0x0000, 0x0000, 0x0000, 0x0000, 0x0000, 0x0000, 0x0000, 0x0000, 0x0000, 0x0000, 0x0000, 0x0000, 0x0000, 0x0000, 0x0000,
    0xf7be, 0xf79e, 0xffff, 0xffff, 0xffdf, 0xf7be, 0xef7d, 0xe73c, 0xd6bb, 0xe75d, 0xf7be, 0xffdf, 0xe75d, 0xe75d, 0xffdf, 0xffff,
    0x0000, 0x0000, 0x0000, 0x0000, 0x0000, 0x0000, 0x0000, 0x0000, 0x0000, 0x0000, 0x0000, 0x0000, 0x0000, 0x0000, 0x0000, 0x0000,
    0x0000, 0x0000, 0x0000, 0x0000, 0x0000, 0x0000, 0x0000, 0x0000, 0x0000, 0x0000, 0x0000, 0x0000, 0x0000, 0x0000, 0x0000, 0x0000,
    0x0000, 0x0000, 0x0000, 0x0000, 0x0000, 0x0000, 0x0000, 0x0000, 0x0000, 0x0000, 0x0000, 0x0000, 0x0000, 0x0000, 0x0000, 0x0000,
    0x0000, 0x0000, 0x0000, 0x0000, 0x0000, 0x0000, 0x0000, 0x0000, 0x0000, 0x0000, 0x0000, 0x0000, 0x0000, 0x0000, 0x0000, 0x0000,
    0x0000, 0x0000, 0x0000, 0x0000, 0x0000, 0x0000, 0x0000, 0x0000, 0x0000, 0x0000, 0x0000, 0x0000, 0x0000, 0x0000, 0x0000, 0x0000,
    0x0000, 0x0000, 0x0000, 0x0000, 0x0000, 0x0000, 0x0000, 0x0000, 0x0000, 0x0000, 0x0000, 0x0000, 0x0000, 0x0000, 0x0000, 0x0000,
    0x0000, 0x0000, 0x0000, 0x0000, 0x0000, 0x0000, 0x0000, 0x0000, 0x0000, 0x0000, 0x0000, 0x0000, 0x0000, 0x0000, 0x0000, 0x0000,
    0x0000, 0x0000, 0x0000, 0x0000, 0x0000, 0x0000, 0x0000, 0x0000, 0x0000, 0x0000, 0x0000, 0x0000, 0x0000, 0x0000, 0x0000, 0x0000,
    0x0000, 0x0000, 0x0000, 0x0000, 0x0000, 0x0000, 0x0000, 0x0000, 0x0000, 0x0000, 0x0000, 0x0000, 0x0000, 0x0000, 0x0000, 0x0000,
    0x0000, 0x0000, 0x0000, 0x0000, 0x0000, 0x0000, 0x0000, 0x0000, 0x0000, 0x0000, 0x0000, 0x0000, 0x0000, 0x0000, 0x0000, 0x0000,
    0x0000, 0x0000, 0x0000, 0x0000, 0x0000, 0x0000, 0x0000, 0x0000, 0x0000, 0x0000, 0x0000, 0x0000, 0x0000, 0x0000, 0x0000, 0x0000,
    0xed68, 0xe425, 0xd2c2, 0xdb43, 0xdb22, 0xdb02, 0xc9e0, 0xca21, 0xd2e2, 0xdb22, 0xe425, 0xd281, 0xd261, 0xca21, 0xd2e2, 0xed48,
    0x0000, 0x0000, 0x0000, 0x0000, 0x0000, 0x0000, 0x0000, 0x0000, 0x0000, 0x0000, 0x0000, 0x0000, 0x0000, 0x0000, 0x0000, 0x0000,
    0x0000, 0x0000, 0x0000, 0x0000, 0x0000, 0x0000, 0x0000, 0x0000, 0x0000, 0x0000, 0x0000, 0x0000, 0x0000, 0x0000, 0x0000, 0x0000,
    0x0000, 0x0000, 0x0000, 0x0000, 0x0000, 0x0000, 0x0000, 0x0000, 0x0000, 0x0000, 0x0000, 0x0000, 0x0000, 0x0000, 0x0000, 0x0000,
    0xffff, 0xffff, 0xef7d, 0xe73d, 0xffdf, 0xef7d, 0xef9e, 0xf7be, 0xffff, 0xffdf, 0xdf1c, 0xdf1c, 0xef7d, 0xf7be, 0xe73c, 0xdefb,
    0x0000, 0x0000, 0x0000, 0x0000, 0x0000, 0x0000, 0x0000, 0x0000, 0x0000, 0x0000, 0x0000, 0x0000, 0x0000, 0x0000, 0x0000, 0x0000,
    0x0000, 0x0000, 0x0000, 0x0000, 0x0000, 0x0000, 0x0000, 0x0000, 0x0000, 0x0000, 0x0000, 0x0000, 0x0000, 0x0000, 0x0000, 0x0000,
    0x0000, 0x0000, 0x0000, 0x0000, 0x0000, 0x0000, 0x0000, 0x0000, 0x0000, 0x0000, 0x0000, 0x0000, 0x0000, 0x0000, 0x0000, 0x0000,
    0x0000, 0x0000, 0x0000, 0x0000, 0x0000, 0x0000, 0x0000, 0x0000, 0x0000, 0x0000, 0x0000, 0x0000, 0x0000, 0x0000, 0x0000, 0x0000,
    0x0000, 0x0000, 0x0000, 0x0000, 0x0000, 0x0000, 0x0000, 0x0000, 0x0000, 0x0000, 0x0000, 0x0000, 0x0000, 0x0000, 0x0000, 0x0000,
    0x0000, 0x0000, 0x0000, 0x0000, 0x0000, 0x0000, 0x0000, 0x0000, 0x0000, 0x0000, 0x0000, 0x0000, 0x0000, 0x0000, 0x0000, 0x0000,
    0x0000, 0x0000, 0x0000, 0x0000, 0x0000, 0x0000, 0x0000, 0x0000, 0x0000, 0x0000, 0x0000, 0x0000, 0x0000, 0x0000, 0x0000, 0x0000,
    0x0000, 0x0000, 0x0000, 0x0000, 0x0000, 0x0000, 0x0000, 0x0000, 0x0000, 0x0000, 0x0000, 0x0000, 0x0000, 0x0000, 0x0000, 0x0000,
    0x0000, 0x0000, 0x0000, 0x0000, 0x0000, 0x0000, 0x0000, 0x0000, 0x0000, 0x0000, 0x0000, 0x0000, 0x0000, 0x0000, 0x0000, 0x0000,
    0x0000, 0x0000, 0x0000, 0x0000, 0x0000, 0x0000, 0x0000, 0x0000, 0x0000, 0x0000, 0x0000, 0x0000, 0x0000, 0x0000, 0x0000, 0x0000,
    0x0000, 0x0000, 0x0000, 0x0000, 0x0000, 0x0000, 0x0000, 0x0000, 0x0000, 0x0000, 0x0000, 0x0000, 0x0000, 0x0000, 0x0000, 0x0000,
    0xedc9, 0xedc9, 0xdbe4, 0xe465, 0xd2e2, 0xd241, 0xc9c0, 0xc9e0, 0xd241, 0xd281, 0xd2e2, 0xdb22, 0xe445, 0xdb22, 0xd2a1, 0xe465,
    0x0000, 0x0000, 0x0000, 0x0000, 0x0000, 0x0000, 0x0000, 0x0000, 0x0000, 0x0000, 0x0000, 0x0000, 0x0000, 0x0000, 0x0000, 0x0000,
    0x0000, 0x0000, 0x0000, 0x0000, 0x0000, 0x0000, 0x0000, 0x0000, 0x0000, 0x0000, 0x0000, 0x0000, 0x0000, 0x0000, 0x0000, 0x0000,
    0x0000, 0x0000, 0x0000, 0x0000, 0x0000, 0x0000, 0x0000, 0x0000, 0x0000, 0x0000, 0x0000, 0x0000, 0x0000, 0x0000, 0x0000, 0x0000,
    0xd6db, 0xdf1c, 0xffdf, 0xef7d, 0xdefb, 0xe73c, 0xffdf, 0xffff, 0xe75d, 0xe73c, 0xf79e, 0xffdf, 0xdefb, 0xdf1c, 0xffdf, 0xffdf,
    0x0000, 0x0000, 0x0000, 0x0000, 0x0000, 0x0000, 0x0000, 0x0000, 0x0000, 0x0000, 0x0000, 0x0000, 0x0000, 0x0000, 0x0000, 0x0000,
    0x0000, 0x0000, 0x0000, 0x0000, 0x0000, 0x0000, 0x0000, 0x0000, 0x0000, 0x0000, 0x0000, 0x0000, 0x0000, 0x0000, 0x0000, 0x0000,
    0x0000, 0x0000, 0x0000, 0x0000, 0x0000, 0x0000, 0x0000, 0x0000, 0x0000, 0x0000, 0x0000, 0x0000, 0x0000, 0x0000, 0x0000, 0x0000,
    0x0000, 0x0000, 0x0000, 0x0000, 0x0000, 0x0000, 0x0000, 0x0000, 0x0000, 0x0000, 0x0000, 0x0000, 0x0000, 0x0000, 0x0000, 0x0000,
    0x0000, 0x0000, 0x0000, 0x0000, 0x0000, 0x0000, 0x0000, 0x0000, 0x0000, 0x0000, 0x0000, 0x0000, 0x0000, 0x0000, 0x0000, 0x0000,
    0x0000, 0x0000, 0x0000, 0x0000, 0x0000, 0x0000, 0x0000, 0x0000, 0x0000, 0x0000, 0x0000, 0x0000, 0x0000, 0x0000, 0x0000, 0x0000,
    0x0000, 0x0000, 0x0000, 0x0000, 0x0000, 0x0000, 0x0000, 0x0000, 0x0000, 0x0000, 0x0000, 0x0000, 0x0000, 0x0000, 0x0000, 0x0000,
    0x0000, 0x0000, 0x0000, 0x0000, 0x0000, 0x0000, 0x0000, 0x0000, 0x0000, 0x0000, 0x0000, 0x0000, 0x0000, 0x0000, 0x0000, 0x0000,
    0x0000, 0x0000, 0x0000, 0x0000, 0x0000, 0x0000, 0x0000, 0x0000, 0x0000, 0x0000, 0x0000, 0x0000, 0x0000, 0x0000, 0x0000, 0x0000,
    0x0000, 0x0000, 0x0000, 0x0000, 0x0000, 0x0000, 0x0000, 0x0000, 0x0000, 0x0000, 0x0000, 0x0000, 0x0000, 0x0000, 0x0000, 0x0000,
    0x0000, 0x0000, 0x0000, 0x0000, 0x0000, 0x0000, 0x0000, 0x0000, 0x0000, 0x0000, 0x0000, 0x0000, 0x0000, 0x0000, 0x0000, 0x0000,
    0xdbc4, 0xdbe4, 0xdba3, 0xe4e7, 0xe425, 0xdb43, 0xd2a1, 0xca21, 0xca01, 0xd241, 0xd2a1, 0xe3e4, 0xe4a6, 0xe405, 0xd2c2, 0xdb22,
    0x0000, 0x0000, 0x0000, 0x0000, 0x0000, 0x0000, 0x0000, 0x0000, 0x0000, 0x0000, 0x0000, 0x0000, 0x0000, 0x0000, 0x0000, 0x0000,
    0x0000, 0x0000, 0x0000, 0x0000, 0x0000, 0x0000, 0x0000, 0x0000, 0x0000, 0x0000, 0x0000, 0x0000, 0x0000, 0x0000, 0x0000, 0x0000,
    0x0000, 0x0000, 0x0000, 0x0000, 0x0000, 0x0000, 0x0000, 0x0000, 0x0000, 0x0000, 0x0000, 0x0000, 0x0000, 0x0000, 0x0000, 0x0000,
    0x0000, 0x0000, 0x0000, 0x0000, 0x0000, 0x0000, 0x0000, 0x0000, 0x0000, 0x0000, 0x0000, 0x0000, 0x0000, 0x0000, 0x0000, 0x0000,
    0x0000, 0x0000, 0x0000, 0x0000, 0x0000, 0x0000, 0x0000, 0x0000, 0x0000, 0x0000, 0x0000, 0x0000, 0x0000, 0x0000, 0x0000, 0x0000,
    0x0000, 0x0000, 0x0000, 0x0000, 0x0000, 0x0000, 0x0000, 0x0000, 0x0000, 0x0000, 0x0000, 0x0000, 0x0000, 0x0000, 0x0000, 0x0000,
    0x0000, 0x0000, 0x0000, 0x0000, 0x0000, 0x0000, 0x0000, 0x0000, 0x0000, 0x0000, 0x0000, 0x0000, 0x0000, 0x0000, 0x0000, 0x0000,
    0x0000, 0x0000, 0x0000, 0x0000, 0x0000, 0x0000, 0x0000, 0x0000, 0x0000, 0x0000, 0x0000, 0x0000, 0x0000, 0x0000, 0x0000, 0x0000,
    0x0000, 0x0000, 0x0000, 0x0000, 0x0000, 0x0000, 0x0000, 0x0000, 0x0000, 0x0000, 0x0000, 0x0000, 0x0000, 0x0000, 0x0000, 0x0000,
    0x0000, 0x0000, 0x0000, 0x0000, 0x0000, 0x0000, 0x0000, 0x0000, 0x0000, 0x0000, 0x0000, 0x0000, 0x0000, 0x0000, 0x0000, 0x0000,
    0x0000, 0x0000, 0x0000, 0x0000, 0x0000, 0x0000, 0x39e7, 0x0000, 0x9cd3, 0x0000, 0x0000, 0x0000, 0x0000, 0x0000, 0x9cd3, 0x0000,
    0x0000, 0x0000, 0x39e7, 0x0000, 0x0000, 0x0000, 0x39e7, 0x0000, 0x9cd3, 0x0000, 0x39e7, 0x0000, 0x39e7, 0x0000, 0x9cd3, 0x0000,
    0x0000, 0x0000, 0x0000, 0x0000, 0x0000, 0x0000, 0x0000, 0x0000, 0x0000, 0x0000, 0x0000, 0x0000, 0x0000, 0x0000, 0x0000, 0x0000,
    0x0000, 0x0000, 0x0000, 0x0000, 0x0000, 0x0000, 0x0000, 0x0000, 0x0000, 0x0000, 0x0000, 0x0000, 0x0000, 0x0000, 0x0000, 0x0000,
    0x0000, 0x0000, 0x0000, 0x0000, 0x0000, 0x0000, 0x0000, 0x0000, 0x0000, 0x0000, 0x0000, 0x0000, 0x0000, 0x0000, 0x0000, 0x0000,
    0x0000, 0x0000, 0x0000, 0x0000, 0x0000, 0x0000, 0x0000, 0x0000, 0x0000, 0x0000, 0x0000, 0x0000, 0x0000, 0x0000, 0x0000, 0x0000,
    0x0000, 0x0000, 0x0000, 0x0000, 0x0000, 0x0000, 0x0000, 0x0000, 0x0000, 0x0000, 0x0000, 0x0000, 0x0000, 0x0000, 0x0000, 0x0000,
    0x0000, 0x0000, 0x0000, 0x0000, 0x0000, 0x0000, 0x0000, 0x0000, 0x0000, 0x0000, 0x0000, 0x0000, 0x0000, 0x0000, 0x0000, 0x0000,
    0x0000, 0x0000, 0x0000, 0x0000, 0x0000, 0x0000, 0x0000, 0x0000, 0x0000, 0x0000, 0x0000, 0x0000, 0x0000, 0x0000, 0x0000, 0x0000,
    0x0000, 0x0000, 0x0000, 0x0000, 0x0000, 0x0000, 0x0000, 0x0000, 0x0000, 0x0000, 0x0000, 0x0000, 0x0000, 0x0000, 0x0000, 0x0000,
    0x0000, 0x0000, 0x0000, 0x0000, 0x0000, 0x0000, 0x0000, 0x0000, 0x0000, 0x0000, 0x0000, 0x0000, 0x0000, 0x0000, 0x0000, 0x0000,
    0x0000, 0x0000, 0x0000, 0x0000, 0x0000, 0x0000, 0x0000, 0x0000, 0x0000, 0x0000, 0x0000, 0x0000, 0x0000, 0x0000, 0x0000, 0x0000,
    0x0000, 0x0000, 0x0000, 0x0000, 0x0000, 0x0000, 0x0000, 0x0000, 0x0000, 0x0000, 0x0000, 0x0000, 0x0000, 0x0000, 0x0000, 0x0000,
    0x0000, 0x0000, 0x0000, 0x0000, 0x0000, 0x0000, 0x0000, 0x0000, 0x0000, 0x0000, 0x0000, 0x0000, 0x0000, 0x0000, 0x0000, 0x0000,
    0x0000, 0x0000, 0x0000, 0x0000, 0x0000, 0x39e7, 0x0000, 0x0000, 0x0000, 0x0000, 0x0000, 0x0000, 0x0000, 0x0000, 0x0000, 0x0000,
    0x0000, 0x0000, 0x0000, 0x0000, 0x39e7, 0x39e7, 0x0000, 0x0000, 0x0000, 0x0000, 0x0000, 0x0000, 0x0000, 0x0000, 0x0000, 0x0000,
    0x0000, 0x0000, 0x0000, 0x39e7, 0x39e7, 0x39e7, 0x9cd3, 0x0000, 0x0000, 0x0000, 0x39e7, 0x0000, 0x39e7, 0x0000, 0x0000, 0x0000,
    0x0000, 0x0000, 0x9cd3, 0x39e7, 0x39e7, 0x39e7, 0x9cd3, 0x0000, 0x0000, 0x0000, 0x39e7, 0x0000, 0x39e7, 0x0000, 0x0000, 0x0000,
    0x0000, 0x0000, 0x0000, 0x0000, 0x0000, 0x0000, 0x0000, 0x0000, 0x0000, 0x0000, 0x0000, 0x0000, 0x0000, 0x0000, 0x0000, 0x0000,
    0x0000, 0x0000, 0x0000, 0x0000, 0x0000, 0x0000, 0x0000, 0x0000, 0x0000, 0x0000, 0x0000, 0x0000, 0x0000, 0x0000, 0x0000, 0x0000,
    0x0000, 0x0000, 0x0000, 0x0000, 0x0000, 0x0000, 0x0000, 0x0000, 0x0000, 0x0000, 0x0000, 0x0000, 0x0000, 0x0000, 0x0000, 0x0000,
    0x0000, 0x0000, 0x0000, 0x0000, 0x0000, 0x0000, 0x0000, 0x0000, 0x0000, 0x0000, 0x0000, 0x0000, 0x0000, 0x0000, 0x0000, 0x0000,
    0x0000, 0x0000, 0x0000, 0x0000, 0x0000, 0x0000, 0x0000, 0x0000, 0x0000, 0x0000, 0x0000, 0x0000, 0x0000, 0x0000, 0x0000, 0x0000,
    0x0000, 0x0000, 0x0000, 0x0000, 0x0000, 0x0000, 0x0000, 0x0000, 0x0000, 0x0000, 0x0000, 0x0000, 0x0000, 0x0000, 0x0000, 0x0000,
    0x0000, 0x0000, 0x0000, 0x0000, 0x0000, 0x0000, 0x0000, 0x0000, 0x0000, 0x0000, 0x0000, 0x0000, 0x0000, 0x0000, 0x0000, 0x0000,
    0x0000, 0x0000, 0x0000, 0x0000, 0x0000, 0x0000, 0x0000, 0x0000, 0x0000, 0x0000, 0x0000, 0x0000, 0x0000, 0x0000, 0x0000, 0x0000,
    0x0000, 0x0000, 0x0000, 0x0000, 0x0000, 0x0000, 0x0000, 0x0000, 0x0000, 0x0000, 0x0000, 0x0000, 0x0000, 0x0000, 0x0000, 0x0000,
    0x0000, 0x0000, 0x0000, 0x0000, 0x0000, 0x0000, 0x0000, 0x0000, 0x0000, 0x0000, 0x0000, 0x0000, 0x0000, 0x0000, 0x0000, 0x0000,
    0x0000, 0x0000, 0x0000, 0x0000, 0x0000, 0x0000, 0x0000, 0x0000, 0x39e7, 0x0000, 0x0000, 0x0000, 0x0000, 0x0000, 0x0000, 0x0000,
    0x0000, 0x0000, 0x0000, 0x0000, 0x0000, 0x0000, 0x39e7, 0x0000, 0x39e7, 0x39e7, 0x0000, 0x0000, 0x0000, 0x0000, 0x0000, 0x0000,
    0x0000, 0x0000, 0x0000, 0x0000, 0x0000, 0x9cd3, 0x39e7, 0x0000, 0x39e7, 0x39e7, 0x0000, 0x0000, 0x0000, 0x0000, 0x0000, 0x0000,
    0x0000, 0x0000, 0x0000, 0x0000, 0x9cd3, 0x9cd3, 0x39e7, 0x0000, 0x39e7, 0x39e7, 0x0000, 0x0000, 0x0000, 0x0000, 0x0000, 0x0000,
    0x0000, 0x39e7, 0x0000, 0x9cd3, 0x9cd3, 0x9cd3, 0x39e7, 0x0000, 0x39e7, 0x39e7, 0x9cd3, 0x0000, 0x9cd3, 0x39e7, 0x0000, 0x0000,
    0x0000, 0x39e7, 0x0000, 0x9cd3, 0x9cd3, 0x9cd3, 0x39e7, 0x0000, 0x39e7, 0x39e7, 0x9cd3, 0x0000, 0x9cd3, 0x39e7, 0x0000, 0x0000,
    0x0000, 0x0000, 0x0000, 0x0000, 0x0000, 0x0000, 0x0000, 0x0000, 0x0000, 0x0000, 0x0000, 0x0000, 0x0000, 0x0000, 0x0000, 0x0000,
    0x0000, 0x0000, 0x0000, 0x0000, 0x0000, 0x0000, 0x0000, 0x0000, 0x0000, 0x0000, 0x0000, 0x0000, 0x0000, 0x0000, 0x0000, 0x0000,
    0x0000, 0x0000, 0x0000, 0x0000, 0x0000, 0x0000, 0x0000, 0x0000, 0x0000, 0x0000, 0x0000, 0x0000, 0x0000, 0x0000, 0x0000, 0x0000,
    0x0000, 0x0000, 0x0000, 0x0000, 0x0000, 0x0000, 0x0000, 0x0000, 0x0000, 0x0000, 0x0000, 0x0000, 0x0000, 0x0000, 0x0000, 0x0000,
    0x0000, 0x0000, 0x0000, 0x0000, 0x0000, 0x0000, 0x0000, 0x0000, 0x0000, 0x0000, 0x0000, 0x0000, 0x0000, 0x0000, 0x0000, 0x0000,
    0x0000, 0x0000, 0x0000, 0x0000, 0x0000, 0x0000, 0x0000, 0x0000, 0x0000, 0x0000, 0x0000, 0x0000, 0x0000, 0x0000, 0x0000, 0x0000,
    0x0000, 0x0000, 0x0000, 0x0000, 0x0000, 0x0000, 0x0000, 0x0000, 0x0000, 0x0000, 0x0000, 0x0000, 0x0000, 0x0000, 0x0000, 0x0000,
    0x0000, 0x0000, 0x0000, 0x0000, 0x0000, 0x0000, 0x0000, 0x0000, 0x0000, 0x0000, 0x0000, 0x0000, 0x0000, 0x0000, 0x0000, 0x0000,
    0x0000, 0x0000, 0x0000, 0x0000, 0x0000, 0x0000, 0x0000, 0x0000, 0x0000, 0x0000, 0x0000, 0x0000, 0x0000, 0x0000, 0x0000, 0x0000,
    0x0000, 0x0000, 0x0000, 0x0000, 0x0000, 0x0000, 0x0000, 0x39e7, 0x0000, 0x0000, 0x0000, 0x0000, 0x0000, 0x0000, 0x0000, 0x0000,
    0x0000, 0x0000, 0x0000, 0x0000, 0x0000, 0x0000, 0x0000, 0x39e7, 0x9cd3, 0x0000, 0x0000, 0x0000, 0x0000, 0x0000, 0x0000, 0x0000,
    0x0000, 0x0000, 0x0000, 0x0000, 0x0000, 0x0000, 0x9cd3, 0x39e7, 0x9cd3, 0x9cd3, 0x0000, 0x0000, 0x0000, 0x0000, 0x0000, 0x0000,
    0x0000, 0x0000, 0x0000, 0x0000, 0x0000, 0x0000, 0x9cd3, 0x39e7, 0x9cd3, 0x9cd3, 0x0000, 0x0000, 0x0000, 0x0000, 0x0000, 0x0000,
    0x0000, 0x0000, 0x39e7, 0x39e7, 0x0000, 0x0000, 0x9cd3, 0x39e7, 0x9cd3, 0x9cd3, 0x0000, 0x0000, 0x0000, 0x39e7, 0x0000, 0x0000,
    0x0000, 0x9cd3, 0x39e7, 0x39e7, 0x0000, 0x0000, 0x9cd3, 0x39e7, 0x9cd3, 0x9cd3, 0x0000, 0x0000, 0x0000, 0x39e7, 0x0000, 0x0000,
    0x0000, 0x9cd3, 0x39e7, 0x39e7, 0x0000, 0x0000, 0x9cd3, 0x39e7, 0x9cd3, 0x9cd3, 0x0000, 0x0000, 0x0000, 0x39e7, 0x0000, 0x0000,
    0x0000, 0x0000, 0x0000, 0x0000, 0x0000, 0x0000, 0x0000, 0x0000, 0x0000, 0x0000, 0x0000, 0x0000, 0x0000, 0x0000, 0x0000, 0x0000,
    0x0000, 0x0000, 0x0000, 0x0000, 0x0000, 0x0000, 0x0000, 0x0000, 0x0000, 0x0000, 0x0000, 0x0000, 0x0000, 0x0000, 0x0000, 0x0000,
    0x0000, 0x0000, 0x0000, 0x0000, 0x0000, 0x0000, 0x0000, 0x0000, 0x0000, 0x0000, 0x0000, 0x0000, 0x0000, 0x0000, 0x0000, 0x0000,
    0x0000, 0x0000, 0x0000, 0x0000, 0x0000, 0x0000, 0x0000, 0x0000, 0x0000, 0x0000, 0x0000, 0x0000, 0x0000, 0x0000, 0x0000, 0x0000,
    0x0000, 0x0000, 0x0000, 0x0000, 0x0000, 0x0000, 0x0000, 0x0000, 0x0000, 0x0000, 0x0000, 0x0000, 0x0000, 0x0000, 0x0000, 0x0000,
    0x0000, 0x0000, 0x0000, 0x0000, 0x0000, 0x0000, 0x0000, 0x0000, 0x0000, 0x0000, 0x0000, 0x0000, 0x0000, 0x0000, 0x0000, 0x0000,
    0x0000, 0x0000, 0x0000, 0x0000, 0x0000, 0x0000, 0x0000, 0x0000, 0x0000, 0x0000, 0x0000, 0x0000, 0x0000, 0x0000, 0x0000, 0x0000,
    0x0000, 0x0000, 0x0000, 0x0000, 0x0000, 0x0000, 0x0000, 0x0000, 0x0000, 0x0000, 0x0000, 0x0000, 0x0000, 0x0000, 0x0000, 0x0000,
    0x0000, 0x0000, 0x0000, 0x0000, 0x0000, 0x0000, 0x39e7, 0x0000, 0x0000, 0x0000, 0x0000, 0x0000, 0x0000, 0x0000, 0x0000, 0x0000,
    0x0000, 0x0000, 0x0000, 0x0000, 0x0000, 0x0000, 0x39e7, 0x9cd3, 0x0000, 0x0000, 0x0000, 0x0000, 0x0000, 0x0000, 0x0000, 0x0000,
    0x0000, 0x0000, 0x0000, 0x0000, 0x0000, 0x0000, 0x39e7, 0x9cd3, 0x0000, 0x39e7, 0x0000, 0x0000, 0x0000, 0x39e7, 0x0000, 0x0000,
    0x0000, 0x0000, 0x0000, 0x0000, 0x0000, 0x0000, 0x39e7, 0x9cd3, 0x0000, 0x39e7, 0x0000, 0x0000, 0x0000, 0x39e7, 0x39e7, 0x0000,
    0x0000, 0x0000, 0x0000, 0x0000, 0x39e7, 0x0000, 0x39e7, 0x9cd3, 0x0000, 0x39e7, 0x0000, 0x0000, 0x0000, 0x39e7, 0x39e7, 0x0000,
    0x0000, 0x0000, 0x9cd3, 0x9cd3, 0x39e7, 0x0000, 0x39e7, 0x9cd3, 0x0000, 0x39e7, 0x39e7, 0x0000, 0x0000, 0x39e7, 0x39e7, 0x0000,
    0x0000, 0x39e7, 0x9cd3, 0x9cd3, 0x39e7, 0x0000, 0x39e7, 0x9cd3, 0x0000, 0x39e7, 0x39e7, 0x0000, 0x0000, 0x39e7, 0x39e7, 0x0000,
    0x39e7, 0x39e7, 0x9cd3, 0x9cd3, 0x39e7, 0x0000, 0x39e7, 0x9cd3, 0x0000, 0x39e7, 0x39e7, 0x0000, 0x0000, 0x39e7, 0x39e7, 0x0000,
    0x0000, 0x0000, 0x0000, 0x0000, 0x0000, 0x0000, 0x0000, 0x0000, 0x0000, 0x0000, 0x0000, 0x0000, 0x0000, 0x0000, 0x0000, 0x0000,
    0x0000, 0x0000, 0x0000, 0x0000, 0x0000, 0x0000, 0x0000, 0x0000, 0x0000, 0x0000, 0x0000, 0x0000, 0x0000, 0x0000, 0x0000, 0x0000,
    0x0000, 0x0000, 0x0000, 0x0000, 0x0000, 0x0000, 0x0000, 0x0000, 0x0000, 0x0000, 0x0000, 0x0000, 0x0000, 0x0000, 0x0000, 0x0000,
    0x0000, 0x0000, 0x0000, 0x0000, 0x0000, 0x0000, 0x0000, 0x0000, 0x0000, 0x0000, 0x0000, 0x0000, 0x0000, 0x0000, 0x0000, 0x0000,
    0x0000, 0x0000, 0x0000, 0x0000, 0x0000, 0x0000, 0x0000, 0x0000, 0x0000, 0x0000, 0x0000, 0x0000, 0x0000, 0x0000, 0x0000, 0x0000,
    0x0000, 0x0000, 0x0000, 0x0000, 0x0000, 0x0000, 0x0000, 0x0000, 0x0000, 0x0000, 0x0000, 0x0000, 0x0000, 0x0000, 0x0000, 0x0000,
    0x0000, 0x0000, 0x0000, 0x0000, 0x0000, 0x0000, 0x0000, 0x0000, 0x0000, 0x0000, 0x0000, 0x0000, 0x0000, 0x0000, 0x0000, 0x0000,
    0x0000, 0x0000, 0x0000, 0x0000, 0x0000, 0x0000, 0x39e7, 0x0000, 0x0000, 0x0000, 0x0000, 0x0000, 0x0000, 0x0000, 0x0000, 0x0000,
    0x0000, 0x0000, 0x0000, 0x0000, 0x0000, 0x0000, 0x39e7, 0x0000, 0x0000, 0x0000, 0x0000, 0x0000, 0x0000, 0x0000, 0x0000, 0x0000,
    0x0000, 0x0000, 0x0000, 0x0000, 0x0000, 0x0000, 0x39e7, 0x0000, 0x0000, 0x39e7, 0x0000, 0x0000, 0x39e7, 0x0000, 0x0000, 0x0000,
    0x0000, 0x0000, 0x0000, 0x0000, 0x0000, 0x0000, 0x39e7, 0x0000, 0x0000, 0x39e7, 0x0000, 0x0000, 0x39e7, 0x9cd3, 0x0000, 0x0000,
    0x0000, 0x0000, 0x0000, 0x0000, 0x39e7, 0x0000, 0x39e7, 0x0000, 0x0000, 0x39e7, 0x0000, 0x0000, 0x39e7, 0x9cd3, 0x9cd3, 0x0000,
    0x0000, 0x0000, 0x0000, 0x0000, 0x39e7, 0x0000, 0x39e7, 0x0000, 0x0000, 0x39e7, 0x0000, 0x0000, 0x39e7, 0x9cd3, 0x9cd3, 0x0000,
    0x0000, 0x0000, 0x0000, 0x0000, 0x39e7, 0x0000, 0x39e7, 0x0000, 0x0000, 0x39e7, 0x9cd3, 0x0000, 0x39e7, 0x9cd3, 0x9cd3, 0x39e7,
    0x0000, 0x9cd3, 0x0000, 0x0000, 0x39e7, 0x0000, 0x39e7, 0x0000, 0x0000, 0x39e7, 0x9cd3, 0x0000, 0x39e7, 0x9cd3, 0x9cd3, 0x39e7,
    0x9cd3, 0x9cd3, 0x0000, 0x0000, 0x39e7, 0x0000, 0x39e7, 0x0000, 0x0000, 0x39e7, 0x9cd3, 0x0000, 0x39e7, 0x9cd3, 0x9cd3, 0x39e7,
    0x0000, 0x0000, 0x0000, 0x0000, 0x0000, 0x0000, 0x0000, 0x0000, 0x0000, 0x0000, 0x0000, 0x0000, 0x0000, 0x0000, 0x0000, 0x0000,
    0x0000, 0x0000, 0x0000, 0x0000, 0x0000, 0x0000, 0x0000, 0x0000, 0x0000, 0x0000, 0x0000, 0x0000, 0x0000, 0x0000, 0x0000, 0x0000,
    0x0000, 0x0000, 0x0000, 0x0000, 0x0000, 0x0000, 0x0000, 0x0000, 0x0000, 0x0000, 0x0000, 0x0000, 0x0000, 0x0000, 0x0000, 0x0000,
    0x0000, 0x0000, 0x0000, 0x0000, 0x0000, 0x0000, 0x0000, 0x0000, 0x0000, 0x0000, 0x0000, 0x0000, 0x0000, 0x0000, 0x0000, 0x0000,
    0x0000, 0x0000, 0x0000, 0x0000, 0x0000, 0x0000, 0x0000, 0x0000, 0x0000, 0x0000, 0x0000, 0x0000, 0x0000, 0x0000, 0x0000, 0x0000,
    0x0000, 0x0000, 0x0000, 0x0000, 0x0000, 0x0000, 0x0000, 0x0000, 0x0000, 0x0000, 0x0000, 0x0000, 0x0000, 0x0000, 0x0000, 0x0000,
    0x0000, 0x0000, 0x0000, 0x0000, 0x0000, 0x0000, 0x0000, 0x0000, 0x0000, 0x0000, 0x0000, 0x0000, 0x0000, 0x0000, 0x0000, 0x0000,
    0x0000, 0x0000, 0x0000, 0x0000, 0x0000, 0x0000, 0x39e7, 0x0000, 0x0000, 0x0000, 0x0000, 0x0000, 0x0000, 0x0000, 0x0000, 0x0000,
    0x0000, 0x0000, 0x0000, 0x0000, 0x0000, 0x0000, 0x39e7, 0x0000, 0x0000, 0x0000, 0x39e7, 0x39e7, 0x0000, 0x0000, 0x0000, 0x0000,
    0x0000, 0x0000, 0x0000, 0x0000, 0x0000, 0x39e7, 0x39e7, 0x0000, 0x0000, 0x9cd3, 0x39e7, 0x39e7, 0x9cd3, 0x0000, 0x0000, 0x0000,
    0x0000, 0x0000, 0x0000, 0x0000, 0x39e7, 0x39e7, 0x39e7, 0x0000, 0x0000, 0x9cd3, 0x39e7, 0x39e7, 0x9cd3, 0x0000, 0x0000, 0x0000,
    0x0000, 0x0000, 0x0000, 0x0000, 0x39e7, 0x39e7, 0x39e7, 0x0000, 0x0000, 0x9cd3, 0x39e7, 0x39e7, 0x9cd3, 0x0000, 0x0000, 0x0000,
    0x0000, 0x0000, 0x0000, 0x0000, 0x39e7, 0x39e7, 0x39e7, 0x0000, 0x0000, 0x9cd3, 0x39e7, 0x39e7, 0x9cd3, 0x0000, 0x0000, 0x0000,
    0x0000, 0x0000, 0x0000, 0x0000, 0x39e7, 0x39e7, 0x39e7, 0x0000, 0x0000, 0x9cd3, 0x39e7, 0x39e7, 0x9cd3, 0x0000, 0x0000, 0x9cd3,
    0x0000, 0x0000, 0x0000, 0x0000, 0x39e7, 0x39e7, 0x39e7, 0x0000, 0x0000, 0x9cd3, 0x39e7, 0x39e7, 0x9cd3, 0x0000, 0x0000, 0x9cd3,
    0x0000, 0x0000, 0x0000, 0x0000, 0x39e7, 0x39e7, 0x39e7, 0x0000, 0x0000, 0x9cd3, 0x39e7, 0x39e7, 0x9cd3, 0x0000, 0x0000, 0x9cd3,
    0x0000, 0x0000, 0x0000, 0x0000, 0x0000, 0x0000, 0x0000, 0x0000, 0x0000, 0x0000, 0x0000, 0x0000, 0x0000, 0x0000, 0x0000, 0x0000,
    0x0000, 0x0000, 0x0000, 0x0000, 0x0000, 0x0000, 0x0000, 0x0000, 0x0000, 0x0000, 0x0000, 0x0000, 0x0000, 0x0000, 0x0000, 0x0000,
    0x0000, 0x0000, 0x0000, 0x0000, 0x0000, 0x0000, 0x0000, 0x0000, 0x0000, 0x0000, 0x0000, 0x0000, 0x0000, 0x0000, 0x0000, 0x0000,
    0x0000, 0x0000, 0x0000, 0x0000, 0x0000, 0x0000, 0x0000, 0x0000, 0x0000, 0x0000, 0x0000, 0x0000, 0x0000, 0x0000, 0x0000, 0x0000,
    0x0000, 0x0000, 0x0000, 0x0000, 0x0000, 0x0000, 0x0000, 0x0000, 0x0000, 0x0000, 0x0000, 0x0000, 0x0000, 0x0000, 0x0000, 0x0000,
    0x0000, 0x0000, 0x0000, 0x0000, 0x0000, 0x0000, 0x0000, 0x0000, 0x0000, 0x0000, 0x0000, 0x0000, 0x0000, 0x0000, 0x0000, 0x0000,
    0x0000, 0x0000, 0x0000, 0x0000, 0x0000, 0x0000, 0x0000, 0x39e7, 0x0000, 0x0000, 0x0000, 0x0000, 0x0000, 0x0000, 0x0000, 0x0000,
    0x0000, 0x0000, 0x0000, 0x0000, 0x0000, 0x0000, 0x9cd3, 0x39e7, 0x0000, 0x39e7, 0x0000, 0x0000, 0x0000, 0x0000, 0x0000, 0x0000,
    0x0000, 0x0000, 0x0000, 0x0000, 0x0000, 0x0000, 0x9cd3, 0x39e7, 0x0000, 0x39e7, 0x9cd3, 0x9cd3, 0x0000, 0x0000, 0x0000, 0x0000,
    0x0000, 0x0000, 0x0000, 0x0000, 0x0000, 0x9cd3, 0x9cd3, 0x39e7, 0x0000, 0x39e7, 0x9cd3, 0x9cd3, 0x0000, 0x0000, 0x0000, 0x0000,
    0x0000, 0x0000, 0x0000, 0x39e7, 0x9cd3, 0x9cd3, 0x9cd3, 0x39e7, 0x0000, 0x39e7, 0x9cd3, 0x9cd3, 0x0000, 0x0000, 0x0000, 0x0000,
    0x0000, 0x0000, 0x0000, 0x39e7, 0x9cd3, 0x9cd3, 0x9cd3, 0x39e7, 0x0000, 0x39e7, 0x9cd3, 0x9cd3, 0x0000, 0x0000, 0x0000, 0x0000,
    0x0000, 0x0000, 0x0000, 0x39e7, 0x9cd3, 0x9cd3, 0x9cd3, 0x39e7, 0x0000, 0x39e7, 0x9cd3, 0x39e7, 0x0000, 0x0000, 0x0000, 0x0000,
    0x0000, 0x0000, 0x0000, 0x39e7, 0x9cd3, 0x9cd3, 0x9cd3, 0x39e7, 0x0000, 0x39e7, 0x9cd3, 0x39e7, 0x0000, 0x0000, 0x0000, 0x0000,
    0x0000, 0x0000, 0x0000, 0x39e7, 0x9cd3, 0x9cd3, 0x9cd3, 0x39e7, 0x0000, 0x39e7, 0x9cd3, 0x39e7, 0x0000, 0x0000, 0x0000, 0x0000,
    0x39e7, 0x39e7, 0x0000, 0x39e7, 0x9cd3, 0x9cd3, 0x9cd3, 0x39e7, 0x0000, 0x39e7, 0x9cd3, 0x39e7, 0x0000, 0x0000, 0x0000, 0x0000,
    0x0000, 0x0000, 0x0000, 0x0000, 0x0000, 0x0000, 0x0000, 0x0000, 0x0000, 0x0000, 0x0000, 0x0000, 0x0000, 0x0000, 0x0000, 0x0000,
    0x0000, 0x0000, 0x0000, 0x0000, 0x0000, 0x0000, 0x0000, 0x0000, 0x0000, 0x0000, 0x0000, 0x0000, 0x0000, 0x0000, 0x0000, 0x0000,
    0x0000, 0x0000, 0x0000, 0x0000, 0x0000, 0x0000, 0x0000, 0x0000, 0x0000, 0x0000, 0x0000, 0x0000, 0x0000, 0x0000, 0x0000, 0x0000,
    0x0000, 0x0000, 0x0000, 0x0000, 0x0000, 0x0000, 0x0000, 0x0000, 0x0000, 0x0000, 0x0000, 0x0000, 0x0000, 0x0000, 0x0000, 0x0000,
    0x0000, 0x0000, 0x0000, 0x0000, 0x0000, 0x0000, 0x0000, 0x0000, 0x0000, 0x0000, 0x0000, 0x0000, 0x0000, 0x0000, 0x0000, 0x0000,
    0x0000, 0x0000, 0x0000, 0x0000, 0x0000, 0x0000, 0x0000, 0x0000, 0x0000, 0x0000, 0x0000, 0x0000, 0x0000, 0x0000, 0x0000, 0x0000,
    0x0000, 0x0000, 0x0000, 0x0000, 0x0000, 0x0000, 0x0000, 0x9cd3, 0x39e7, 0x0000, 0x0000, 0x0000, 0x0000, 0x0000, 0x0000, 0x0000,
    0x0000, 0x0000, 0x0000, 0x0000, 0x0000, 0x0000, 0x0000, 0x9cd3, 0x39e7, 0x9cd3, 0x0000, 0x0000, 0x0000, 0x0000, 0x0000, 0x0000,
    0x0000, 0x0000, 0x0000, 0x0000, 0x0000, 0x0000, 0x0000, 0x9cd3, 0x39e7, 0x9cd3, 0x0000, 0x0000, 0x0000, 0x0000, 0x0000, 0x0000,
    0x0000, 0x0000, 0x0000, 0x0000, 0x0000, 0x0000, 0x0000, 0x9cd3, 0x39e7, 0x9cd3, 0x0000, 0x0000, 0x0000, 0x0000, 0x0000, 0x0000,
    0x0000, 0x0000, 0x0000, 0x9cd3, 0x0000, 0x0000, 0x0000, 0x9cd3, 0x39e7, 0x9cd3, 0x0000, 0x0000, 0x0000, 0x0000, 0x0000, 0x0000,
    0x0000, 0x0000, 0x39e7, 0x9cd3, 0x0000, 0x0000, 0x0000, 0x9cd3, 0x39e7, 0x9cd3, 0x0000, 0x0000, 0x0000, 0x0000, 0x0000, 0x0000,
    0x0000, 0x0000, 0x39e7, 0x9cd3, 0x0000, 0x0000, 0x0000, 0x9cd3, 0x39e7, 0x9cd3, 0x0000, 0x9cd3, 0x0000, 0x0000, 0x0000, 0x0000,
    0x0000, 0x0000, 0x39e7, 0x9cd3, 0x0000, 0x39e7, 0x0000, 0x9cd3, 0x39e7, 0x9cd3, 0x0000, 0x39e7, 0x0000, 0x0000, 0x0000, 0x0000,
    0x0000, 0x0000, 0x39e7, 0x9cd3, 0x0000, 0x39e7, 0x0000, 0x9cd3, 0x39e7, 0x9cd3, 0x0000, 0x39e7, 0x0000, 0x0000, 0x0000, 0x0000,
    0x9cd3, 0x9cd3, 0x39e7, 0x9cd3, 0x0000, 0x39e7, 0x0000, 0x9cd3, 0x39e7, 0x9cd3, 0x0000, 0x39e7, 0x0000, 0x0000, 0x0000, 0x39e7,
    0x0000, 0x0000, 0x0000, 0x0000, 0x0000, 0x0000, 0x0000, 0x0000, 0x0000, 0x0000, 0x0000, 0x0000, 0x0000, 0x0000, 0x0000, 0x0000,
    0x0000, 0x0000, 0x0000, 0x0000, 0x0000, 0x0000, 0x0000, 0x0000, 0x0000, 0x0000, 0x0000, 0x0000, 0x0000, 0x0000, 0x0000, 0x0000,
    0x0000, 0x0000, 0x0000, 0x0000, 0x0000, 0x0000, 0x0000, 0x0000, 0x0000, 0x0000, 0x0000, 0x0000, 0x0000, 0x0000, 0x0000, 0x0000,
    0x0000, 0x0000, 0x0000, 0x0000, 0x0000, 0x0000, 0x0000, 0x0000, 0x0000, 0x0000, 0x0000, 0x0000, 0x0000, 0x0000, 0x0000, 0x0000,
    0x0000, 0x0000, 0x0000, 0x0000, 0x0000, 0x0000, 0x0000, 0x0000, 0x0000, 0x0000, 0x0000, 0x0000, 0x0000, 0x0000, 0x0000, 0x0000,
    0x0000, 0x0000, 0x0000, 0x0000, 0x0000, 0x0000, 0x0000, 0x0000, 0x0000, 0x0000, 0x0000, 0x0000, 0x0000, 0x0000, 0x0000, 0x0000,
    0x0000, 0x0000, 0x0000, 0x0000, 0x0000, 0x0000, 0x0000, 0x0000, 0x9cd3, 0x0000, 0x0000, 0x0000, 0x0000, 0x0000, 0x0000, 0x0000,
    0x0000, 0x0000, 0x0000, 0x0000, 0x0000, 0x0000, 0x0000, 0x0000, 0x39e7, 0x0000, 0x0000, 0x0000, 0x0000, 0x0000, 0x0000, 0x0000,
    0x0000, 0x0000, 0x0000, 0x0000, 0x0000, 0x0000, 0x0000, 0x0000, 0x39e7, 0x0000, 0x0000, 0x0000, 0x0000, 0x0000, 0x0000, 0x0000,
    0x0000, 0x0000, 0x0000, 0x0000, 0x0000, 0x0000, 0x0000, 0x0000, 0x39e7, 0x0000, 0x0000, 0x0000, 0x0000, 0x0000, 0x0000, 0x0000,
    0x0000, 0x0000, 0x0000, 0x0000, 0x0000, 0x0000, 0x0000, 0x0000, 0x39e7, 0x0000, 0x0000, 0x0000, 0x0000, 0x0000, 0x0000, 0x0000,
    0x0000, 0x0000, 0x9cd3, 0x0000, 0x0000, 0x0000, 0x0000, 0x0000, 0x39e7, 0x0000, 0x0000, 0x0000, 0x0000, 0x0000, 0x0000, 0x0000,
    0x0000, 0x0000, 0x39e7, 0x0000, 0x39e7, 0x0000, 0x0000, 0x0000, 0x39e7, 0x0000, 0x0000, 0x0000, 0x0000, 0x0000, 0x0000, 0x0000,
    0x0000, 0x0000, 0x39e7, 0x0000, 0x39e7, 0x9cd3, 0x0000, 0x0000, 0x39e7, 0x0000, 0x0000, 0x9cd3, 0x39e7, 0x0000, 0x0000, 0x0000,
    0x0000, 0x0000, 0x39e7, 0x0000, 0x39e7, 0x9cd3, 0x0000, 0x0000, 0x39e7, 0x0000, 0x0000, 0x9cd3, 0x39e7, 0x0000, 0x39e7, 0x0000,
    0x0000, 0x0000, 0x39e7, 0x0000, 0x39e7, 0x9cd3, 0x0000, 0x0000, 0x39e7, 0x0000, 0x0000, 0x9cd3, 0x39e7, 0x0000, 0x39e7, 0x9cd3,
    0x0000, 0x0000, 0x0000, 0x0000, 0x0000, 0x0000, 0x0000, 0x0000, 0x0000, 0x0000, 0x0000, 0x0000, 0x0000, 0x0000, 0x0000, 0x0000,
    0x0000, 0x0000, 0x0000, 0x0000, 0x0000, 0x0000, 0x0000, 0x0000, 0x0000, 0x0000, 0x0000, 0x0000, 0x0000, 0x0000, 0x0000, 0x0000,
    0x0000, 0x0000, 0x0000, 0x0000, 0x0000, 0x0000, 0x0000, 0x0000, 0x0000, 0x0000, 0x0000, 0x0000, 0x0000, 0x0000, 0x0000, 0x0000,
    0x0000, 0x0000, 0x0000, 0x0000, 0x0000, 0x0000, 0x0000, 0x0000, 0x0000, 0x0000, 0x0000, 0x0000, 0x0000, 0x0000, 0x0000, 0x0000,
    0x0000, 0x0000, 0x0000, 0x0000, 0x0000, 0x0000, 0x0000, 0x0000, 0x0000, 0x0000, 0x0000, 0x0000, 0x0000, 0x0000, 0x0000, 0x0000,
    0x0000, 0x0000, 0x0000, 0x0000, 0x0000, 0x0000, 0x0000, 0x0000, 0x0000, 0x0000, 0x0000, 0x0000, 0x0000, 0x0000, 0x0000, 0x0000,
    0x0000, 0x0000, 0x0000, 0x0000, 0x0000, 0x0000, 0x0000, 0x0000, 0x0000, 0x0000, 0x0000, 0x0000, 0x0000, 0x0000, 0x0000, 0x0000,
    0x0000, 0x0000, 0x0000, 0x0000, 0x0000, 0x0000, 0x0000, 0x0000, 0x9cd3, 0x0000, 0x0000, 0x0000, 0x0000, 0x0000, 0x0000, 0x0000,
    0x0000, 0x0000, 0x0000, 0x0000, 0x0000, 0x0000, 0x0000, 0x0000, 0x39e7, 0x0000, 0x0000, 0x0000, 0x0000, 0x0000, 0x0000, 0x0000,
    0x0000, 0x0000, 0x0000, 0x0000, 0x0000, 0x0000, 0x0000, 0x0000, 0x39e7, 0x0000, 0x0000, 0x0000, 0x0000, 0x0000, 0x0000, 0x0000,
    0x0000, 0x0000, 0x0000, 0x0000, 0x0000, 0x0000, 0x0000, 0x0000, 0x39e7, 0x0000, 0x0000, 0x0000, 0x0000, 0x0000, 0x0000, 0x0000,
    0x0000, 0x0000, 0x0000, 0x0000, 0x0000, 0x39e7, 0x0000, 0x0000, 0x39e7, 0x0000, 0x0000, 0x0000, 0x0000, 0x0000, 0x0000, 0x0000,
    0x0000, 0x0000, 0x9cd3, 0x0000, 0x9cd3, 0x39e7, 0x0000, 0x0000, 0x39e7, 0x39e7, 0x0000, 0x0000, 0x0000, 0x0000, 0x0000, 0x0000,
    0x0000, 0x0000, 0x9cd3, 0x0000, 0x9cd3, 0x39e7, 0x0000, 0x0000, 0x39e7, 0x39e7, 0x0000, 0x0000, 0x9cd3, 0x0000, 0x0000, 0x0000,
    0x39e7, 0x0000, 0x9cd3, 0x0000, 0x9cd3, 0x39e7, 0x0000, 0x0000, 0x39e7, 0x39e7, 0x0000, 0x0000, 0x9cd3, 0x39e7, 0x9cd3, 0x0000,
    0x39e7, 0x0000, 0x9cd3, 0x0000, 0x9cd3, 0x39e7, 0x0000, 0x0000, 0x39e7, 0x39e7, 0x0000, 0x0000, 0x9cd3, 0x39e7, 0x9cd3, 0x0000,
    0x0000, 0x0000, 0x0000, 0x0000, 0x0000, 0x0000, 0x0000, 0x0000, 0x0000, 0x0000, 0x0000, 0x0000, 0x0000, 0x0000, 0x0000, 0x0000,
    0x0000, 0x0000, 0x0000, 0x0000, 0x0000, 0x0000, 0x0000, 0x0000, 0x0000, 0x0000, 0x0000, 0x0000, 0x0000, 0x0000, 0x0000, 0x0000,
    0x0000, 0x0000, 0x0000, 0x0000, 0x0000, 0x0000, 0x0000, 0x0000, 0x0000, 0x0000, 0x0000, 0x0000, 0x0000, 0x0000, 0x0000, 0x0000,
    0x0000, 0x0000, 0x0000, 0x0000, 0x0000, 0x0000, 0x0000, 0x0000, 0x0000, 0x0000, 0x0000, 0x0000, 0x0000, 0x0000, 0x0000, 0x0000,
    0x0000, 0x0000, 0x0000, 0x0000, 0x0000, 0x0000, 0x0000, 0x0000, 0x0000, 0x0000, 0x0000, 0x0000, 0x0000, 0x0000, 0x0000, 0x0000,
    0x0000, 0x0000, 0x0000, 0x0000, 0x0000, 0x0000, 0x0000, 0x0000, 0x0000, 0x0000, 0x0000, 0x0000, 0x0000, 0x0000, 0x0000, 0x0000,
    0x0000, 0x0000, 0x0000, 0x0000, 0x0000, 0x0000, 0x0000, 0x0000, 0x0000, 0x0000, 0x0000, 0x0000, 0x0000, 0x0000, 0x0000, 0x0000,
    0x0000, 0x0000, 0x0000, 0x0000, 0x0000, 0x0000, 0x0000, 0x0000, 0x0000, 0x0000, 0x0000, 0x0000, 0x0000, 0x0000, 0x0000, 0x0000,
    0x0000, 0x0000, 0x0000, 0x0000, 0x0000, 0x0000, 0x0000, 0x39e7, 0x9cd3, 0x0000, 0x0000, 0x0000, 0x0000, 0x0000, 0x0000, 0x0000,
    0x0000, 0x0000, 0x0000, 0x0000, 0x0000, 0x0000, 0x39e7, 0x39e7, 0x9cd3, 0x0000, 0x0000, 0x0000, 0x0000, 0x0000, 0x0000, 0x0000,
    0x0000, 0x0000, 0x0000, 0x0000, 0x0000, 0x39e7, 0x39e7, 0x39e7, 0x9cd3, 0x0000, 0x0000, 0x0000, 0x0000, 0x0000, 0x0000, 0x0000,
    0x0000, 0x0000, 0x0000, 0x0000, 0x0000, 0x39e7, 0x39e7, 0x39e7, 0x9cd3, 0x0000, 0x0000, 0x0000, 0x0000, 0x0000, 0x0000, 0x0000,
    0x0000, 0x0000, 0x0000, 0x0000, 0x0000, 0x39e7, 0x39e7, 0x39e7, 0x9cd3, 0x9cd3, 0x0000, 0x0000, 0x0000, 0x0000, 0x0000, 0x0000,
    0x0000, 0x0000, 0x0000, 0x0000, 0x0000, 0x39e7, 0x39e7, 0x39e7, 0x9cd3, 0x9cd3, 0x39e7, 0x39e7, 0x0000, 0x0000, 0x0000, 0x0000,
    0x9cd3, 0x39e7, 0x0000, 0x0000, 0x0000, 0x39e7, 0x39e7, 0x39e7, 0x9cd3, 0x9cd3, 0x39e7, 0x39e7, 0x0000, 0x39e7, 0x0000, 0x0000,
    0x9cd3, 0x39e7, 0x0000, 0x0000, 0x0000, 0x39e7, 0x39e7, 0x39e7, 0x9cd3, 0x9cd3, 0x39e7, 0x39e7, 0x0000, 0x39e7, 0x0000, 0x0000,
    0x0000, 0x0000, 0x0000, 0x0000, 0x0000, 0x0000, 0x0000, 0x0000, 0x0000, 0x0000, 0x0000, 0x0000, 0x0000, 0x0000, 0x0000, 0x0000,
    0x0000, 0x0000, 0x0000, 0x0000, 0x0000, 0x0000, 0x0000, 0x0000, 0x0000, 0x0000, 0x0000, 0x0000, 0x0000, 0x0000, 0x0000, 0x0000,
    0x0000, 0x0000, 0x0000, 0x0000, 0x0000, 0x0000, 0x0000, 0x0000, 0x0000, 0x0000, 0x0000, 0x0000, 0x0000, 0x0000, 0x0000, 0x0000,
    0x0000, 0x0000, 0x0000, 0x0000, 0x0000, 0x0000, 0x0000, 0x0000, 0x0000, 0x0000, 0x0000, 0x0000, 0x0000, 0x0000, 0x0000, 0x0000,
    0x0000, 0x0000, 0x0000, 0x0000, 0x0000, 0x0000, 0x0000, 0x0000, 0x0000, 0x0000, 0x0000, 0x0000, 0x0000, 0x0000, 0x0000, 0x0000,
    0x0000, 0x0000, 0x0000, 0x0000, 0x0000, 0x0000, 0x0000, 0x0000, 0x0000, 0x0000, 0x0000, 0x0000, 0x0000, 0x0000, 0x0000, 0x0000,
    0x0000, 0x0000, 0x0000, 0x0000, 0x0000, 0x0000, 0x0000, 0x0000, 0x0000, 0x0000, 0x0000, 0x0000, 0x0000, 0x0000, 0x0000, 0x0000,
    0x0000, 0x0000, 0x0000, 0x0000, 0x0000, 0x0000, 0x0000, 0x0000, 0x0000, 0x0000, 0x0000, 0x0000, 0x0000, 0x0000, 0x0000, 0x0000,
    0x0000, 0x0000, 0x0000, 0x0000, 0x0000, 0x0000, 0x0000, 0x9cd3, 0x0000, 0x0000, 0x0000, 0x0000, 0x0000, 0x0000, 0x0000, 0x0000,
    0x0000, 0x0000, 0x0000, 0x0000, 0x0000, 0x0000, 0x9cd3, 0x9cd3, 0x0000, 0x0000, 0x0000, 0x0000, 0x0000, 0x0000, 0x0000, 0x0000,
    0x0000, 0x0000, 0x0000, 0x0000, 0x0000, 0x9cd3, 0x9cd3, 0x9cd3, 0x39e7, 0x0000, 0x0000, 0x0000, 0x0000, 0x0000, 0x0000, 0x0000,
    0x0000, 0x0000, 0x0000, 0x0000, 0x39e7, 0x9cd3, 0x9cd3, 0x9cd3, 0x39e7, 0x0000, 0x0000, 0x0000, 0x0000, 0x0000, 0x0000, 0x0000,
    0x0000, 0x0000, 0x0000, 0x0000, 0x39e7, 0x9cd3, 0x9cd3, 0x9cd3, 0x39e7, 0x0000, 0x0000, 0x0000, 0x0000, 0x0000, 0x0000, 0x0000,
    0x0000, 0x39e7, 0x0000, 0x0000, 0x39e7, 0x9cd3, 0x9cd3, 0x9cd3, 0x39e7, 0x0000, 0x9cd3, 0x9cd3, 0x0000, 0x0000, 0x0000, 0x0000,
    0x0000, 0x39e7, 0x0000, 0x0000, 0x39e7, 0x9cd3, 0x9cd3, 0x9cd3, 0x39e7, 0x0000, 0x9cd3, 0x9cd3, 0x0000, 0x9cd3, 0x0000, 0x0000,
    0x0000, 0x39e7, 0x0000, 0x0000, 0x39e7, 0x9cd3, 0x9cd3, 0x9cd3, 0x39e7, 0x0000, 0x9cd3, 0x9cd3, 0x0000, 0x9cd3, 0x39e7, 0x39e7,
    0x0000, 0x0000, 0x0000, 0x0000, 0x0000, 0x0000, 0x0000, 0x0000, 0x0000, 0x0000, 0x0000, 0x0000, 0x0000, 0x0000, 0x0000, 0x0000,
    0x0000, 0x0000, 0x0000, 0x0000, 0x0000, 0x0000, 0x0000, 0x0000, 0x0000, 0x0000, 0x0000, 0x0000, 0x0000, 0x0000, 0x0000, 0x0000,
    0x0000, 0x0000, 0x0000, 0x0000, 0x0000, 0x0000, 0x0000, 0x0000, 0x0000, 0x0000, 0x0000, 0x0000, 0x0000, 0x0000, 0x0000, 0x0000,
    0x0000, 0x0000, 0x0000, 0x0000, 0x0000, 0x0000, 0x0000, 0x0000, 0x0000, 0x0000, 0x0000, 0x0000, 0x0000, 0x0000, 0x0000, 0x0000,
    0x0000, 0x0000, 0x0000, 0x0000, 0x0000, 0x0000, 0x0000, 0x0000, 0x0000, 0x0000, 0x0000, 0x0000, 0x0000, 0x0000, 0x0000, 0x0000,
    0x0000, 0x0000, 0x0000, 0x0000, 0x0000, 0x0000, 0x0000, 0x0000, 0x0000, 0x0000, 0x0000, 0x0000, 0x0000, 0x0000, 0x0000, 0x0000,
    0x0000, 0x0000, 0x0000, 0x0000, 0x0000, 0x0000, 0x0000, 0x0000, 0x0000, 0x0000, 0x0000, 0x0000, 0x0000, 0x0000, 0x0000, 0x0000,
    0x0000, 0x0000, 0x0000, 0x0000, 0x0000, 0x0000, 0x0000, 0x0000, 0x0000, 0x0000, 0x0000, 0x0000, 0x0000, 0x0000, 0x0000, 0x0000,
    0x0000, 0x0000, 0x0000, 0x0000, 0x0000, 0x0000, 0x0000, 0x0000, 0x0000, 0x0000, 0x0000, 0x0000, 0x0000, 0x0000, 0x0000, 0x0000,
    0x0000, 0x0000, 0x0000, 0x0000, 0x0000, 0x0000, 0x0000, 0x0000, 0x0000, 0x0000, 0x0000, 0x0000, 0x0000, 0x0000, 0x0000, 0x0000,
    0x0000, 0x0000, 0x0000, 0x0000, 0x0000, 0x0000, 0x0000, 0x0000, 0x9cd3, 0x0000, 0x0000, 0x0000, 0x0000, 0x0000, 0x0000, 0x0000,
    0x0000, 0x0000, 0x0000, 0x0000, 0x9cd3, 0x0000, 0x0000, 0x0000, 0x9cd3, 0x39e7, 0x0000, 0x0000, 0x0000, 0x0000, 0x0000, 0x0000,
    0x0000, 0x0000, 0x0000, 0x39e7, 0x9cd3, 0x0000, 0x0000, 0x0000, 0x9cd3, 0x39e7, 0x39e7, 0x39e7, 0x0000, 0x0000, 0x0000, 0x0000,
    0x0000, 0x9cd3, 0x39e7, 0x39e7, 0x9cd3, 0x0000, 0x0000, 0x0000, 0x9cd3, 0x39e7, 0x39e7, 0x39e7, 0x0000, 0x0000, 0x0000, 0x0000,
    0x0000, 0x9cd3, 0x39e7, 0x39e7, 0x9cd3, 0x0000, 0x0000, 0x0000, 0x9cd3, 0x39e7, 0x39e7, 0x39e7, 0x0000, 0x0000, 0x0000, 0x0000,
    0x0000, 0x9cd3, 0x39e7, 0x39e7, 0x9cd3, 0x0000, 0x0000, 0x0000, 0x9cd3, 0x39e7, 0x39e7, 0x39e7, 0x0000, 0x0000, 0x9cd3, 0x9cd3,
    0x0000, 0x0000, 0x0000, 0x0000, 0x0000, 0x0000, 0x0000, 0x0000, 0x0000, 0x0000, 0x0000, 0x0000, 0x0000, 0x0000, 0x0000, 0x0000,
    0x0000, 0x0000, 0x0000, 0x0000, 0x0000, 0x0000, 0x0000, 0x0000, 0x0000, 0x0000, 0x0000, 0x0000, 0x0000, 0x0000, 0x0000, 0x0000,
    0x0000, 0x0000, 0x0000, 0x0000, 0x0000, 0x0000, 0x0000, 0x0000, 0x0000, 0x0000, 0x0000, 0x0000, 0x0000, 0x0000, 0x0000, 0x0000,
    0x0000, 0x0000, 0x0000, 0x0000, 0x0000, 0x0000, 0x0000, 0x0000, 0x0000, 0x0000, 0x0000, 0x0000, 0x0000, 0x0000, 0x0000, 0x0000,
    0x0000, 0x0000, 0x0000, 0x0000, 0x0000, 0x0000, 0x0000, 0x0000, 0x0000, 0x0000, 0x0000, 0x0000, 0x0000, 0x0000, 0x0000, 0x0000,
    0x0000, 0x0000, 0x0000, 0x0000, 0x0000, 0x0000, 0x0000, 0x0000, 0x0000, 0x0000, 0x0000, 0x0000, 0x0000, 0x0000, 0x0000, 0x0000,
    0x0000, 0x0000, 0x0000, 0x0000, 0x0000, 0x0000, 0x0000, 0x0000, 0x0000, 0x0000, 0x0000, 0x0000, 0x0000, 0x0000, 0x0000, 0x0000,
    0x0000, 0x0000, 0x0000, 0x0000, 0x0000, 0x0000, 0x0000, 0x0000, 0x0000, 0x0000, 0x0000, 0x0000, 0x0000, 0x0000, 0x0000, 0x0000,
    0x0000, 0x0000, 0x0000, 0x0000, 0x0000, 0x0000, 0x0000, 0x0000, 0x0000, 0x0000, 0x0000, 0x0000, 0x0000, 0x0000, 0x0000, 0x0000,
    0x0000, 0x0000, 0x0000, 0x0000, 0x0000, 0x0000, 0x0000, 0x0000, 0x0000, 0x0000, 0x0000, 0x0000, 0x0000, 0x0000, 0x0000, 0x0000,
    0x0000, 0x0000, 0x0000, 0x0000, 0x0000, 0x0000, 0x0000, 0x0000, 0x0000, 0x0000, 0x0000, 0x0000, 0x0000, 0x0000, 0x0000, 0x0000,
    0x0000, 0x0000, 0x0000, 0x0000, 0x0000, 0x0000, 0x0000, 0x0000, 0x0000, 0x9cd3, 0x0000, 0x0000, 0x0000, 0x0000, 0x0000, 0x0000,
    0x0000, 0x0000, 0x0000, 0x9cd3, 0x0000, 0x0000, 0x0000, 0x0000, 0x0000, 0x9cd3, 0x9cd3, 0x9cd3, 0x0000, 0x0000, 0x0000, 0x0000,
    0x0000, 0x0000, 0x9cd3, 0x9cd3, 0x39e7, 0x0000, 0x0000, 0x0000, 0x39e7, 0x9cd3, 0x9cd3, 0x9cd3, 0x39e7, 0x0000, 0x0000, 0x0000,
    0x0000, 0x0000, 0x39e7, 0x9cd3, 0x39e7, 0x39e7, 0x0000, 0x0000, 0x39e7, 0x9cd3, 0x9cd3, 0x9cd3, 0x39e7, 0x39e7, 0x0000, 0x0000,
    0x0000, 0x0000, 0x39e7, 0x9cd3, 0x39e7, 0x39e7, 0x0000, 0x0000, 0x39e7, 0x9cd3, 0x9cd3, 0x9cd3, 0x39e7, 0x39e7, 0x0000, 0x0000,
    0x0000, 0x0000, 0x0000, 0x0000, 0x0000, 0x0000, 0x0000, 0x0000, 0x0000, 0x0000, 0x0000, 0x0000, 0x0000, 0x0000, 0x0000, 0x0000,
    0x0000, 0x0000, 0x0000, 0x0000, 0x0000, 0x0000, 0x0000, 0x0000, 0x0000, 0x0000, 0x0000, 0x0000, 0x0000, 0x0000, 0x0000, 0x0000,
    0x0000, 0x0000, 0x0000, 0x0000, 0x0000, 0x0000, 0x0000, 0x0000, 0x0000, 0x0000, 0x0000, 0x0000, 0x0000, 0x0000, 0x0000, 0x0000,
    0x0000, 0x0000, 0x0000, 0x0000, 0x0000, 0x0000, 0x0000, 0x0000, 0x0000, 0x0000, 0x0000, 0x0000, 0x0000, 0x0000, 0x0000, 0x0000,
    0x0000, 0x0000, 0x0000, 0x0000, 0x0000, 0x0000, 0x0000, 0x0000, 0x0000, 0x0000, 0x0000, 0x0000, 0x0000, 0x0000, 0x0000, 0x0000,
    0x0000, 0x0000, 0x0000, 0x0000, 0x0000, 0x0000, 0x0000, 0x0000, 0x0000, 0x0000, 0x0000, 0x0000, 0x0000, 0x0000, 0x0000, 0x0000,
    0x0000, 0x0000, 0x0000, 0x0000, 0x0000, 0x0000, 0x0000, 0x0000, 0x0000, 0x0000, 0x0000, 0x0000, 0x0000, 0x0000, 0x0000, 0x0000,
    0x0000, 0x0000, 0x0000, 0x0000, 0x0000, 0x0000, 0x0000, 0x0000, 0x0000, 0x0000, 0x0000, 0x0000, 0x0000, 0x0000, 0x0000, 0x0000,
    0x0000, 0x0000, 0x0000, 0x0000, 0x0000, 0x0000, 0x0000, 0x0000, 0x0000, 0x0000, 0x0000, 0x0000, 0x0000, 0x0000, 0x0000, 0x0000,
    0x0000, 0x0000, 0x0000, 0x0000, 0x0000, 0x0000, 0x0000, 0x0000, 0x0000, 0x0000, 0x0000, 0x0000, 0x0000, 0x0000, 0x0000, 0x0000,
    0x0000, 0x0000, 0x0000, 0x0000, 0x0000, 0x0000, 0x0000, 0x0000, 0x0000, 0x0000, 0x0000, 0x0000, 0x0000, 0x0000, 0x0000, 0x0000,
    0x0000, 0x0000, 0x0000, 0x0000, 0x0000, 0x0000, 0x0000, 0x0000, 0x0000, 0x0000, 0x0000, 0x0000, 0x0000, 0x0000, 0x0000, 0x0000,
    0x0000, 0x0000, 0x0000, 0x0000, 0x0000, 0x0000, 0x0000, 0x0000, 0x0000, 0x0000, 0x0000, 0x0000, 0x0000, 0x0000, 0x0000, 0x0000,
    0x0000, 0x0000, 0x0000, 0x0000, 0x9cd3, 0x0000, 0x0000, 0x0000, 0x9cd3, 0x0000, 0x0000, 0x0000, 0x9cd3, 0x0000, 0x0000, 0x0000,
    0x0000, 0x0000, 0x9cd3, 0x0000, 0x9cd3, 0x9cd3, 0x0000, 0x0000, 0x39e7, 0x0000, 0x0000, 0x0000, 0x9cd3, 0x9cd3, 0x39e7, 0x0000,
    0x0000, 0x0000, 0x39e7, 0x0000, 0x9cd3, 0x9cd3, 0x0000, 0x0000, 0x39e7, 0x0000, 0x0000, 0x0000, 0x9cd3, 0x9cd3, 0x39e7, 0x0000,
    0x0000, 0x0000, 0x0000, 0x0000, 0x0000, 0x0000, 0x0000, 0x0000, 0x0000, 0x0000, 0x0000, 0x0000, 0x0000, 0x0000, 0x0000, 0x0000,
    0x0000, 0x0000, 0x0000, 0x0000, 0x0000, 0x0000, 0x0000, 0x0000, 0x0000, 0x0000, 0x0000, 0x0000, 0x0000, 0x0000, 0x0000, 0x0000,
    0x0000, 0x0000, 0x0000, 0x0000, 0x0000, 0x0000, 0x0000, 0x0000, 0x0000, 0x0000, 0x0000, 0x0000, 0x0000, 0x0000, 0x0000, 0x0000,
    0x0000, 0x0000, 0x0000, 0x0000, 0x0000, 0x0000, 0x0000, 0x0000, 0x0000, 0x0000, 0x0000, 0x0000, 0x0000, 0x0000, 0x0000, 0x0000,
    0x0000, 0x0000, 0x0000, 0x0000, 0x0000, 0x0000, 0x0000, 0x0000, 0x0000, 0x0000, 0x0000, 0x0000, 0x0000, 0x0000, 0x0000, 0x0000,
    0x0000, 0x0000, 0x0000, 0x0000, 0x0000, 0x0000, 0x0000, 0x0000, 0x0000, 0x0000, 0x0000, 0x0000, 0x0000, 0x0000, 0x0000, 0x0000
};

static TEXTURE tex_terrain3 = {
    .width = 256,
    .height = 256,
    .has_transparency = false,
    .transparent_color = 0x0000,
    .bitmap = texdata_terrain3
};
