// Generated from the Minecraft 1.17.1 GUI textures -- do not edit by hand.
// Source: textures/gui/. Regenerate: python3 tools/textures/gen_gui_textures.py
static uint16_t title_backdrop_data[] = {
    0x41c5, 0x41c5, 0x49e5, 0x49e6, 0x49e6, 0x49e6, 0x5206, 0x5226, 0x5226, 0x5226, 0x5226, 0x5226,
    0x5226, 0x5226, 0x5226, 0x5226, 0x5226, 0x5226, 0x5226, 0x5a67, 0x6267, 0x6267, 0x41c5, 0x49e6,
    0x49e6, 0x49e6, 0x49c5, 0x41c5, 0x41c5, 0x41c5, 0x49e6, 0x49e6, 0x49e6, 0x49e6, 0x5206, 0x5a47,
    0x5206, 0x49e5, 0x49e5, 0x49e5, 0x49c5, 0x49c5, 0x49c5, 0x49c5, 0x41c5, 0x49e5, 0x49e6, 0x49e6,
    0x49e6, 0x49e5, 0x49e5, 0x49e5, 0x49c5, 0x49c5, 0x49c5, 0x41c5, 0x41a5, 0x41a5, 0x3985, 0x3984,
    0x3984, 0x41a5, 0x41a5, 0x41a5, 0x3984, 0x4184, 0x41a5, 0x41a5, 0x41a5, 0x41a5, 0x41a5, 0x4184,
    0x3964, 0x3964, 0x2923, 0x3123, 0x3143, 0x3123, 0x2923, 0x3984, 0x3984, 0x3984, 0x3964, 0x3164,
    0x3144, 0x3164, 0x3164, 0x3964, 0x3984, 0x3984, 0x3964, 0x3964, 0x3164, 0x3964, 0x3984, 0x3984,
    0x41a4, 0x41a5, 0x49c5, 0x49c5, 0x49e5, 0x49e5, 0x49e5, 0x49e5, 0x49e6, 0x4a06, 0x5206, 0x5206,
    0x5206, 0x5206, 0x5206, 0x5206, 0x5206, 0x5206, 0x5206, 0x5206, 0x5206, 0x5226, 0x5226, 0x5206,
    0x49e5, 0x49e5, 0x49e6, 0x49e6, 0x5206, 0x5226, 0x5226, 0x5226, 0x5226, 0x5226, 0x5226, 0x5a26,
    0x5a46, 0x5a46, 0x6267, 0x6287, 0x6287, 0x6287, 0x6287, 0x6287, 0x6287, 0x6287, 0x62a7, 0x62a7,
    0x7b29, 0x836a, 0x836a, 0x8bcb, 0x93cb, 0x93cb, 0x734a, 0x9c6e, 0xbd51, 0xa4cf, 0xb552, 0xc5b3,
    0xce14, 0xce35, 0xde76, 0x94b2, 0x630c, 0x632c, 0x630c, 0x6b6d, 0x6b6d, 0x840f, 0x8430, 0xd69a,
    0xc618, 0xce59, 0xbdd7, 0xc638, 0xce79, 0xfd50, 0xfc82, 0xfd84, 0xfc82, 0xfca2, 0xfd84, 0xfd64,
    0xff28, 0xffeb, 0xff49, 0xfe66, 0xfe45, 0xffea, 0xfd64, 0xfbc1, 0xfbc1, 0xfd64, 0xfda4, 0xffeb,
    0xfc62, 0xfc01, 0xfc02, 0xfd23, 0xffca, 0xfe06, 0xfbe1, 0xfca2, 0xfca2, 0xfc62, 0xfd04, 0xfde5,
    0xfe46, 0xffea, 0x8c71, 0x8c50, 0x94b2, 0x8c71, 0x8430, 0x7bef, 0x73ae, 0x7bcf, 0x7bcf, 0x5aeb,
    0x632c, 0x630b, 0x52aa, 0x5aca, 0x738d, 0xb595, 0x9cf3, 0x8c51, 0x8430, 0x736c, 0xa4d0, 0xb572,
    0xb572, 0xa4f0, 0x8c2e, 0x6b2c, 0xce14, 0xcdf4, 0xc5f4, 0xad11, 0xbd92, 0xc5b3, 0x62eb, 0x944f,
    0xbd92, 0xbd72, 0x62ca, 0x630b, 0xb594, 0xad33, 0xa512, 0xb573, 0x840d, 0x62ea, 0x5aa9, 0x4207,
    0x62c9, 0x62e9, 0x62a8, 0x62a8, 0x5a87, 0x4a26, 0x4a06, 0x39a5, 0x5247, 0x5247, 0x41e6, 0x4a26,
    0x4a06, 0x41e6, 0x3985, 0x3985, 0x3985, 0x3164, 0x2924, 0x2924, 0x2924, 0x3164, 0x3985, 0x4a06,
    0x4a06, 0x4a06, 0x49e6, 0x6ae8, 0x6ae8, 0x6ae8, 0x6ae8, 0x6ac8, 0x7309, 0x7309, 0x7309, 0x7b4a,
    0x7329, 0x6ae8, 0x6ae8, 0x6ae8, 0x6ae8, 0x6ae8, 0x6ae8, 0x7b29, 0x7b29, 0x7b29, 0x7b29, 0x7b29,
    0x7308, 0x6ac8, 0x6ac8, 0x6aa8, 0x62a8, 0x7309, 0x62a7, 0x62a7, 0x62a7, 0x6287, 0x6287, 0x6287,
    0x6287, 0x5a67, 0x5246, 0x5226, 0x5226, 0x5226, 0x5a46, 0x5246, 0x41c5, 0x41c5, 0x49e5, 0x49e6,
    0x49e6, 0x5206, 0x5226, 0x5226, 0x5226, 0x5226, 0x5226, 0x5226, 0x5226, 0x5226, 0x5226, 0x5226,
    0x5226, 0x5226, 0x5226, 0x5a67, 0x5226, 0x41c5, 0x41c5, 0x49e6, 0x49e6, 0x49e6, 0x49c5, 0x41c5,
    0x41c5, 0x41c5, 0x49e6, 0x49e6, 0x49e6, 0x49e6, 0x5a67, 0x5a47, 0x5206, 0x49e5, 0x49e5, 0x49e5,
    0x49c5, 0x49c5, 0x49c5, 0x49c5, 0x41c5, 0x5206, 0x49e6, 0x49e6, 0x49e6, 0x49e5, 0x49e5, 0x49e5,
    0x49c5, 0x49c5, 0x49c5, 0x41c5, 0x41a5, 0x41a5, 0x4185, 0x3984, 0x3984, 0x41a5, 0x41a5, 0x41a5,
    0x3984, 0x4184, 0x41a5, 0x41a5, 0x41a5, 0x41a5, 0x41a5, 0x4184, 0x3964, 0x3964, 0x2923, 0x3123,
    0x3143, 0x3123, 0x2923, 0x3143, 0x3144, 0x3164, 0x3964, 0x3164, 0x3144, 0x3164, 0x3164, 0x3964,
    0x3984, 0x3984, 0x3964, 0x3964, 0x3164, 0x3964, 0x3984, 0x3984, 0x41a4, 0x41a5, 0x49c5, 0x49c5,
    0x49e5, 0x49e5, 0x49e5, 0x49e5, 0x49e6, 0x4a06, 0x5206, 0x5206, 0x5206, 0x5206, 0x5206, 0x5206,
    0x5206, 0x5206, 0x5206, 0x5206, 0x5206, 0x5226, 0x5226, 0x5206, 0x49e5, 0x49e5, 0x49e6, 0x49e6,
    0x5206, 0x5226, 0x5226, 0x6267, 0x6287, 0x5a46, 0x5226, 0x5a46, 0x5a46, 0x5a46, 0x6267, 0x6287,
    0x6287, 0x6287, 0x6287, 0x6287, 0x6287, 0x62a7, 0x62a7, 0x62a7, 0x7b29, 0x836a, 0x838a, 0x8bcb,
    0x93cb, 0x93cb, 0x7329, 0xaccf, 0xbd71, 0xad11, 0xb572, 0xbd92, 0xce14, 0xce35, 0xcdf4, 0x738e,
    0x630c, 0x6b4d, 0x632c, 0x6b6d, 0x6b6d, 0x840f, 0x8430, 0xd69a, 0xbdf7, 0xc638, 0xc618, 0xc638,
    0xce59, 0xfd6a, 0xff88, 0xffec, 0xfd24, 0xfce3, 0xfd84, 0xfdc4, 0xfdc4, 0xfe05, 0xfc62, 0xfc82,
    0xfd43, 0xfe05, 0xfe66, 0xfd03, 0xfc42, 0xfc02, 0xfca3, 0xfc82, 0xfc42, 0xfca2, 0xfd03, 0xfd23,
    0xfd85, 0xfce3, 0xfce3, 0xfd24, 0xfc22, 0xfce3, 0xfde5, 0xfd84, 0xfec7, 0xfec7, 0x840f, 0x8c50,
    0x8c51, 0x8c71, 0x8430, 0x7bef, 0x73ae, 0x7bce, 0x7bce, 0x6b2c, 0x630c, 0x630b, 0x52aa, 0x5aca,
    0x738d, 0xb595, 0xad55, 0xad55, 0x9cf3, 0x734c, 0x8c0e, 0xb572, 0xd635, 0xad11, 0x83ee, 0x6b2b,
    0x7bad, 0x83ce, 0xa4f0, 0xc5d3, 0xc5d3, 0xc5b3, 0x62eb, 0x62ea, 0x62ea, 0x62ea, 0x62ca, 0x5aca,
    0x736c, 0x9c8f, 0x946f, 0x9cb0, 0x840d, 0x5268, 0x5aa9, 0x41c6, 0x62c9, 0x62e9, 0x62a8, 0x62a8,
    0x5a87, 0x4a26, 0x4a06, 0x39a5, 0x5247, 0x62a8, 0x6b09, 0x7329, 0x7329, 0x5a88, 0x3985, 0x3985,
    0x3985, 0x3164, 0x2924, 0x2924, 0x2924, 0x3164, 0x3985, 0x4a06, 0x4a06, 0x4a06, 0x4a06, 0x6ae8,
    0x6ae8, 0x6ae8, 0x6ae8, 0x5a87, 0x6287, 0x7309, 0x6ae8, 0x7309, 0x7329, 0x6ae8, 0x6ae8, 0x6ae8,
    0x6ae8, 0x6ae8, 0x6ae8, 0x7b29, 0x7b29, 0x7b29, 0x7b29, 0x7b29, 0x7308, 0x6ac8, 0x6ac8, 0x6ac8,
    0x62a8, 0x7309, 0x7308, 0x72e8, 0x72e8, 0x6ae8, 0x62a7, 0x6287, 0x6287, 0x5a67, 0x5246, 0x5226,
    0x5226, 0x5226, 0x5a46, 0x5246, 0x41c5, 0x41c5, 0x49e5, 0x49e6, 0x5206, 0x5226, 0x5226, 0x5226,
    0x5226, 0x5226, 0x5226, 0x5226, 0x5226, 0x5226, 0x5226, 0x5226, 0x5226, 0x5226, 0x5226, 0x5206,
    0x41c5, 0x41c5, 0x41c5, 0x49e6, 0x49e6, 0x49e6, 0x49c5, 0x41c5, 0x41c5, 0x41c5, 0x49e6, 0x49e6,
    0x5206, 0x5a67, 0x5a67, 0x5a47, 0x5206, 0x49e5, 0x49e5, 0x49e5, 0x49c5, 0x49c5, 0x49c5, 0x49c5,
    0x5a26, 0x5206, 0x49e6, 0x49e6, 0x49e6, 0x49e5, 0x49e5, 0x49e5, 0x49c5, 0x49c5, 0x49c5, 0x41c5,
    0x41a5, 0x41a5, 0x4185, 0x3984, 0x3984, 0x41a5, 0x41a5, 0x4185, 0x3984, 0x4184, 0x41a5, 0x41a5,
    0x41a5, 0x41a5, 0x41a5, 0x4184, 0x3964, 0x3964, 0x2923, 0x3123, 0x3143, 0x3123, 0x2923, 0x3143,
    0x3164, 0x3144, 0x3143, 0x3144, 0x3964, 0x3164, 0x3164, 0x3964, 0x3984, 0x3984, 0x3984, 0x3964,
    0x3164, 0x3964, 0x3984, 0x4184, 0x41a4, 0x41a5, 0x49c5, 0x49c5, 0x49e5, 0x49e5, 0x49e5, 0x49e5,
    0x49e6, 0x4a06, 0x6aa7, 0x5206, 0x5206, 0x5206, 0x5206, 0x5206, 0x5206, 0x5206, 0x5206, 0x5206,
    0x5226, 0x5226, 0x5226, 0x5206, 0x49e5, 0x49e6, 0x49e6, 0x4a06, 0x5206, 0x5226, 0x5226, 0x6267,
    0x6287, 0x6287, 0x6287, 0x6287, 0x5a46, 0x5a46, 0x6267, 0x6287, 0x6287, 0x6287, 0x6287, 0x6287,
    0x6287, 0x62a7, 0x62a7, 0x62a7, 0x7b29, 0x836a, 0x8bcb, 0x8bcb, 0x93cb, 0x83aa, 0x83ab, 0xb510,
    0xbd71, 0xb551, 0xb551, 0xbd93, 0xbdb3, 0xce35, 0xc5b4, 0x528a, 0x630c, 0x6b4d, 0x632c, 0x632c,
    0x6b6d, 0x73ae, 0x8430, 0xd6ba, 0xc618, 0xce59, 0xce59, 0xc638, 0xce59, 0xfc21, 0xfda5, 0xfdc4,
    0xfd24, 0xfc02, 0xfc22, 0xfd44, 0xfd84, 0xfd23, 0xfc42, 0xfc42, 0xfc42, 0xfd64, 0xfd24, 0xfdc4,
    0xfe25, 0xfd03, 0xfbc1, 0xfca3, 0xff08, 0xffec, 0xfd63, 0xfda4, 0xfd64, 0xfc42, 0xfc42, 0xfe46,
    0xfe25, 0xff28, 0xffe9, 0xfdc5, 0xfe86, 0xfea7, 0x7bef, 0x8c30, 0x8430, 0x73ae, 0x738d, 0x73ae,
    0x738e, 0x7bce, 0x7bce, 0x632c, 0x630c, 0x5aca, 0x528a, 0x5289, 0x6b4d, 0xb595, 0xad55, 0xad55,
    0x9cf3, 0x734c, 0x944f, 0xd655, 0xbd93, 0x946f, 0x83ee, 0xad31, 0x944f, 0x83cd, 0x944e, 0xb552,
    0xbd72, 0xa4f0, 0x7b8c, 0x83cd, 0xa4b0, 0x9caf, 0x942e, 0x5aca, 0x8c0d, 0x6b2b, 0x6b2b, 0x8c2e,
    0x8c0d, 0x5268, 0x4a27, 0x41c6, 0x5aa8, 0x62e9, 0x62a8, 0x62a8, 0x5a87, 0x4a26, 0x4a06, 0x39a5,
    0x5247, 0x62a8, 0x6b09, 0x7329, 0x7329, 0x7329, 0x7329, 0x62c8, 0x4a06, 0x39a5, 0x2924, 0x2924,
    0x2924, 0x3164, 0x3985, 0x4a06, 0x4a06, 0x4a06, 0x4a06, 0x6ae8, 0x6ae8, 0x6ae8, 0x6ae8, 0x5a87,
    0x6287, 0x7309, 0x6ae8, 0x62a8, 0x6ac8, 0x6ae8, 0x6ac8, 0x62c8, 0x6ae8, 0x6ae8, 0x6ae8, 0x7b29,
    0x7b29, 0x7b29, 0x7b29, 0x7b29, 0x7308, 0x6ac8, 0x6ac8, 0x6ac8, 0x62a8, 0x7309, 0x7309, 0x7308,
    0x72e8, 0x6ae8, 0x6ae8, 0x6ae8, 0x6ac8, 0x6aa8, 0x5a67, 0x5226, 0x5226, 0x5226, 0x5a46, 0x5246,
    0x41c5, 0x41c5, 0x49e5, 0x5226, 0x5226, 0x5226, 0x5226, 0x5226, 0x5226, 0x5226, 0x5226, 0x5226,
    0x5226, 0x5226, 0x5226, 0x5226, 0x5226, 0x5226, 0x49e5, 0x41c5, 0x41c5, 0x41c5, 0x41c5, 0x4a06,
    0x49e6, 0x49e6, 0x49c5, 0x41c5, 0x41c5, 0x41c5, 0x49e6, 0x5a27, 0x5a67, 0x5a67, 0x5a67, 0x5a67,
    0x5206, 0x49e5, 0x49e5, 0x49e5, 0x49e5, 0x49c5, 0x49e6, 0x5a47, 0x5a26, 0x5206, 0x49e6, 0x49e6,
    0x49e6, 0x49e5, 0x49e5, 0x49e5, 0x49e5, 0x49e6, 0x49c5, 0x49c5, 0x41a5, 0x41a5, 0x41a5, 0x3984,
    0x3984, 0x41a5, 0x41a5, 0x4185, 0x3984, 0x4184, 0x41a5, 0x41a5, 0x41a5, 0x3984, 0x41a5, 0x4184,
    0x3964, 0x3964, 0x2923, 0x3123, 0x3143, 0x3123, 0x2923, 0x3143, 0x3164, 0x3144, 0x3144, 0x3144,
    0x3964, 0x3984, 0x3984, 0x3964, 0x3984, 0x3984, 0x3984, 0x3964, 0x3164, 0x3964, 0x3984, 0x4184,
    0x41a4, 0x41a5, 0x49c5, 0x49c5, 0x49e5, 0x49e5, 0x49e5, 0x49e5, 0x49e6, 0x4a06, 0x6aa7, 0x7309,
    0x7309, 0x7309, 0x5206, 0x5206, 0x5206, 0x5206, 0x5206, 0x5206, 0x5226, 0x5226, 0x5226, 0x5206,
    0x49e5, 0x49e6, 0x49e6, 0x4a06, 0x5206, 0x5226, 0x5226, 0x6287, 0x6287, 0x6287, 0x6287, 0x6287,
    0x5a46, 0x5a46, 0x5a46, 0x6267, 0x6287, 0x6287, 0x6287, 0x6287, 0x6287, 0x62a7, 0x62a7, 0x62a7,
    0x7b29, 0x8b8a, 0x8bcb, 0x8bcb, 0x93cb, 0x7329, 0x83ab, 0xb510, 0xb551, 0xb551, 0xb531, 0xbd93,
    0xb552, 0xc5b3, 0xc5d4, 0x4a69, 0x528a, 0x6b4d, 0x632c, 0x632c, 0x6b6d, 0x73ae, 0x73ae, 0xd69a,
    0xc618, 0xce59, 0xce59, 0xc638, 0xfef4, 0xff49, 0xfc83, 0xfd43, 0xfd63, 0xfc22, 0xfc42, 0xfdc5,
    0xfe06, 0xfe87, 0xff69, 0xffea, 0xfd04, 0xfca3, 0xfd44, 0xfc22, 0xfca2, 0xfd84, 0xfd23, 0xff28,
    0xffea, 0xffec, 0xfe25, 0xfe66, 0xffea, 0xfd64, 0xfbc1, 0xfbc1, 0xfd64, 0xff08, 0xffeb, 0xfc62,
    0xfc02, 0xfc22, 0x7bef, 0x8430, 0x8410, 0x73ae, 0x736d, 0x738e, 0x6b6d, 0x6b4d, 0x73ae, 0x738e,
    0x630c, 0x5aeb, 0x52aa, 0x528a, 0x6b4d, 0xa514, 0xa514, 0xad55, 0x9cf3, 0x6b4c, 0x944f, 0xd635,
    0xd635, 0xacf1, 0x6b2b, 0xad31, 0xacf0, 0x944e, 0x83cd, 0x6b4c, 0x630b, 0x62eb, 0x7b8c, 0x736c,
    0xa4af, 0x83ed, 0x83cd, 0x736c, 0x83ed, 0x7b8c, 0x5aaa, 0x83ed, 0x7bcc, 0x5aa9, 0x41e7, 0x39a6,
    0x5aa8, 0x62e9, 0x62c8, 0x62a8, 0x5a87, 0x4a26, 0x4a06, 0x39a5, 0x5247, 0x62a8, 0x6b09, 0x7329,
    0x7329, 0x7329, 0x7329, 0x62c8, 0x4a06, 0x41c5, 0x3985, 0x41e5, 0x4a06, 0x39a5, 0x3985, 0x4a06,
    0x4a06, 0x4a06, 0x4a06, 0x6ae8, 0x6ae8, 0x6ae8, 0x6ae8, 0x5a87, 0x6287, 0x7309, 0x6ae8, 0x62a8,
    0x6ac8, 0x6ae8, 0x6ac8, 0x62a8, 0x62a8, 0x62a8, 0x6287, 0x62a7, 0x7b29, 0x7b29, 0x7b29, 0x7b29,
    0x7309, 0x6ac8, 0x6ac8, 0x6ac8, 0x6aa8, 0x7309, 0x7309, 0x7308, 0x72e8, 0x72e8, 0x6ae8, 0x6ae8,
    0x6ae8, 0x6aa8, 0x5a87, 0x5a67, 0x5a67, 0x5a67, 0x62a7, 0x5a47, 0x41c5, 0x49e5, 0x5226, 0x5226,
    0x5226, 0x5226, 0x5226, 0x5226, 0x5226, 0x5226, 0x5226, 0x5226, 0x5226, 0x5226, 0x5226, 0x5226,
    0x5206, 0x41c5, 0x41c5, 0x41c5, 0x41c5, 0x41c5, 0x41c5, 0x4a06, 0x49e6, 0x49e6, 0x49c5, 0x41c5,
    0x41c5, 0x41c5, 0x5a67, 0x5a67, 0x5a67, 0x5a67, 0x5a67, 0x5a67, 0x5206, 0x49e5, 0x49e5, 0x49e5,
    0x49e5, 0x49e6, 0x5a47, 0x5a47, 0x5a27, 0x5206, 0x49e6, 0x49e6, 0x49e6, 0x49e5, 0x49e5, 0x49e6,
    0x5206, 0x49e6, 0x49c5, 0x49c5, 0x41a5, 0x41a5, 0x41a5, 0x3985, 0x3984, 0x41a5, 0x41a5, 0x4185,
    0x3984, 0x4184, 0x41a5, 0x41a5, 0x41a4, 0x3984, 0x41a5, 0x4184, 0x3964, 0x3964, 0x2923, 0x3123,
    0x3143, 0x3123, 0x2923, 0x3143, 0x3164, 0x3144, 0x3144, 0x3144, 0x3964, 0x3984, 0x3984, 0x3984,
    0x3984, 0x3984, 0x3984, 0x3964, 0x3164, 0x3964, 0x3984, 0x4184, 0x41a5, 0x41a5, 0x49c5, 0x49c5,
    0x49e5, 0x49e5, 0x49e5, 0x49e5, 0x49e6, 0x4a06, 0x6aa8, 0x7309, 0x7309, 0x7309, 0x62a7, 0x6aa8,
    0x62a7, 0x5206, 0x5206, 0x5226, 0x5226, 0x5226, 0x5226, 0x5206, 0x49e6, 0x49e6, 0x4a06, 0x4a06,
    0x5206, 0x5226, 0x5226, 0x6287, 0x6287, 0x6287, 0x6287, 0x6287, 0x5a46, 0x5a46, 0x5a46, 0x5a46,
    0x5226, 0x5206, 0x5a26, 0x6287, 0x62a7, 0x62a7, 0x62a7, 0x62a7, 0x7b29, 0x8bab, 0x8bcb, 0x8bcb,
    0x93cb, 0x6b09, 0x83cb, 0xb510, 0xa4cf, 0xb551, 0xb531, 0xb531, 0xb552, 0xbd93, 0xc5d4, 0x4a69,
    0x528a, 0x4a69, 0x52aa, 0x5aeb, 0x6b6d, 0x73ae, 0x73ae, 0xce59, 0xc618, 0xce59, 0xd69a, 0xc638,
    0xfe8d, 0xfde6, 0xfc42, 0xfca2, 0xfc42, 0xfc22, 0xfd03, 0xfcc3, 0xfda5, 0xfec7, 0xfe66, 0xffeb,
    0xfd23, 0xffea, 0xffec, 0xfd03, 0xfce3, 0xfd84, 0xfdc4, 0xfde4, 0xfee7, 0xfc62, 0xfca2, 0xfd23,
    0xff48, 0xfec7, 0xfd44, 0xfc22, 0xfc02, 0xfd03, 0xfcc3, 0xfc21, 0xfc82, 0xfc82, 0x8c51, 0x9cb2,
    0x8410, 0x7bce, 0x6b6d, 0x738e, 0x6b4d, 0x6b4d, 0x73ae, 0x738e, 0x6b6d, 0x6b4d, 0x52aa, 0x52aa,
    0x6b4c, 0xa514, 0x94b2, 0x8c71, 0x8c51, 0x7bcd, 0x8c0e, 0x6b4c, 0x8c2e, 0xb572, 0x6b2b, 0x946f,
    0xad11, 0x9c8f, 0x9c8f, 0x9c8f, 0xa4f0, 0x6b2b, 0x736c, 0x944e, 0xa4af, 0x7bac, 0x736c, 0x8c0d,
    0x944e, 0x8c0e, 0x62ea, 0x6b0b, 0x734b, 0x5ac9, 0x5a89, 0x39a6, 0x5268, 0x62e9, 0x62c8, 0x5226,
    0x4a06, 0x41c5, 0x4a06, 0x39a5, 0x5247, 0x62a8, 0x6b09, 0x7329, 0x7329, 0x7329, 0x7329, 0x62c8,
    0x4a06, 0x41c5, 0x3985, 0x41e5, 0x4a06, 0x39a5, 0x3985, 0x3985, 0x3985, 0x4a06, 0x4a06, 0x6ae8,
    0x6ae8, 0x6ae8, 0x6ae8, 0x5a87, 0x62a7, 0x7309, 0x6ae8, 0x62a8, 0x6ac8, 0x6ae8, 0x6ac8, 0x62a8,
    0x62a8, 0x62a8, 0x6287, 0x5a47, 0x5a47, 0x5a47, 0x5a47, 0x62a8, 0x7309, 0x6ac8, 0x6ac8, 0x6ac8,
    0x6aa8, 0x7309, 0x7309, 0x7308, 0x72e8, 0x72e8, 0x6ae8, 0x6ae8, 0x6ae8, 0x6aa8, 0x5a87, 0x5a67,
    0x5a67, 0x5a67, 0x62a7, 0x6287, 0x5226, 0x5226, 0x5226, 0x5226, 0x5226, 0x5226, 0x5226, 0x5226,
    0x5226, 0x5226, 0x5226, 0x5226, 0x5226, 0x5226, 0x5226, 0x49e5, 0x41c5, 0x41c5, 0x41c5, 0x41c5,
    0x41c5, 0x41c5, 0x41c5, 0x4a06, 0x4a06, 0x49e6, 0x49c5, 0x41c5, 0x41c5, 0x49e6, 0x5a67, 0x5a67,
    0x5a67, 0x5a67, 0x5a67, 0x5a67, 0x5206, 0x49e5, 0x49e5, 0x49e5, 0x5226, 0x5a47, 0x5a47, 0x5a47,
    0x5a27, 0x5206, 0x49e6, 0x49e6, 0x49e6, 0x49e6, 0x49e6, 0x5226, 0x5206, 0x49e6, 0x49c5, 0x49c5,
    0x41a5, 0x41a5, 0x41a5, 0x3984, 0x3984, 0x41a5, 0x41a5, 0x41a5, 0x3984, 0x4184, 0x41a5, 0x3984,
    0x3984, 0x3984, 0x41a5, 0x4184, 0x3964, 0x3964, 0x2923, 0x3123, 0x3143, 0x3123, 0x2923, 0x3143,
    0x3164, 0x3144, 0x3144, 0x3144, 0x3964, 0x3984, 0x3984, 0x3984, 0x3984, 0x3984, 0x41a5, 0x41a5,
    0x41a5, 0x3964, 0x3984, 0x4184, 0x41a5, 0x41a5, 0x49c5, 0x49c5, 0x49e5, 0x49e5, 0x49e5, 0x49e5,
    0x49e6, 0x5206, 0x6aa8, 0x7309, 0x7309, 0x6ac8, 0x6287, 0x6ac8, 0x62a8, 0x6287, 0x62a8, 0x6287,
    0x5226, 0x5226, 0x5226, 0x5206, 0x49e6, 0x49e6, 0x4a06, 0x4a06, 0x5206, 0x5226, 0x5226, 0x6287,
    0x6287, 0x6287, 0x6287, 0x6287, 0x5a46, 0x5a46, 0x5a46, 0x5a46, 0x5226, 0x5206, 0x5206, 0x5226,
    0x5a47, 0x5a67, 0x62a7, 0x62a7, 0x7b29, 0x8bab, 0x8bcb, 0x8bcb, 0x838a, 0x6b09, 0x83cb, 0xacef,
    0xa4cf, 0xb551, 0xb531, 0xb531, 0xb552, 0xb552, 0xc5d4, 0x528a, 0x528a, 0x4a69, 0x52aa, 0x5aeb,
    0x6b4d, 0x6b6d, 0x630c, 0xc638, 0xbdf7, 0xc638, 0xd69a, 0xbdf7, 0xfd64, 0xfd03, 0xfc82, 0xfea7,
    0xfe05, 0xfd84, 0xfea6, 0xfe25, 0xfee7, 0xff48, 0xfd84, 0xfcc3, 0xfc42, 0xfe46, 0xfee7, 0xfd64,
    0xfc02, 0xfc02, 0xfd44, 0xfd64, 0xfd23, 0xfc42, 0xfc22, 0xfd03, 0xfd84, 0xfd23, 0xfd84, 0xfe25,
    0xfc22, 0xfc01, 0xfbc1, 0xfe87, 0xfea7, 0xfd63, 0x8c51, 0x94b2, 0x8410, 0x7bef, 0x7bce, 0x73ae,
    0x738d, 0x6b6d, 0x738e, 0x738d, 0x6b6d, 0x52aa, 0x52aa, 0x52aa, 0x6b6d, 0xa514, 0x94b2, 0x8c71,
    0x8c51, 0x944f, 0xa4d0, 0x944e, 0x6b2c, 0x6b2b, 0x6b2b, 0xad11, 0xb552, 0xad11, 0x8c0e, 0x83ed,
    0x9c8f, 0x8c0e, 0x7b8c, 0x7b8c, 0x942e, 0x8c0d, 0x62ca, 0x83ed, 0xa4d0, 0xa4f0, 0x734b, 0x6b4b,
    0x6b2b, 0x62e9, 0x5a89, 0x5248, 0x4a27, 0x62e9, 0x62c8, 0x5226, 0x4a06, 0x39a5, 0x39a5, 0x39a5,
    0x49e6, 0x5a67, 0x6b09, 0x7329, 0x7329, 0x7329, 0x7329, 0x62c8, 0x4a06, 0x41c5, 0x3985, 0x41e5,
    0x4a06, 0x39a5, 0x3985, 0x3985, 0x3985, 0x4a06, 0x4a06, 0x6ae8, 0x6ae8, 0x5a67, 0x6ae8, 0x5a87,
    0x62a7, 0x7309, 0x6ae8, 0x62c8, 0x6ac8, 0x6ae8, 0x6ac8, 0x62a8, 0x62a8, 0x62a8, 0x6287, 0x5a67,
    0x5a47, 0x5a47, 0x5a47, 0x6287, 0x62a7, 0x6ac8, 0x6ac8, 0x6287, 0x62a7, 0x7309, 0x7309, 0x7309,
    0x7308, 0x72e8, 0x72e8, 0x6ae8, 0x6ae8, 0x6ac8, 0x6287, 0x5a67, 0x5a67, 0x5a67, 0x62a7, 0x6287,
    0x5226, 0x5226, 0x5226, 0x5226, 0x5226, 0x5226, 0x5226, 0x5226, 0x5226, 0x5226, 0x5226, 0x5226,
    0x5226, 0x5226, 0x5226, 0x41c5, 0x41c5, 0x41c5, 0x41c5, 0x41c5, 0x41c5, 0x41c5, 0x41c5, 0x4a06,
    0x4a06, 0x4a06, 0x49c5, 0x49c5, 0x49e6, 0x49e6, 0x6267, 0x5a67, 0x5a67, 0x5a67, 0x5a67, 0x5a67,
    0x5206, 0x49e6, 0x49e5, 0x5206, 0x5a47, 0x5a47, 0x5a47, 0x5a47, 0x5a47, 0x5206, 0x49e6, 0x49e6,
    0x49e6, 0x49e6, 0x5226, 0x5226, 0x5206, 0x49e6, 0x49c5, 0x49c5, 0x41a5, 0x41a5, 0x3984, 0x3984,
    0x3984, 0x41a5, 0x41a5, 0x41a5, 0x3984, 0x4184, 0x3964, 0x3164, 0x3984, 0x3984, 0x41a5, 0x4184,
    0x3964, 0x3964, 0x2923, 0x3123, 0x3143, 0x3123, 0x3123, 0x3143, 0x3164, 0x3144, 0x3144, 0x3144,
    0x3964, 0x3984, 0x3984, 0x3984, 0x3984, 0x4184, 0x41a5, 0x41a5, 0x41a5, 0x41a5, 0x41a5, 0x41a5,
    0x41a5, 0x41a5, 0x49c5, 0x49c5, 0x49e5, 0x49e5, 0x49e5, 0x49e6, 0x49e6, 0x5206, 0x6aa8, 0x7309,
    0x7309, 0x62a7, 0x6287, 0x6ac8, 0x62a8, 0x6287, 0x6287, 0x6287, 0x5a67, 0x5a46, 0x6287, 0x5206,
    0x49e6, 0x4a06, 0x4a06, 0x4a06, 0x5206, 0x5226, 0x5226, 0x6287, 0x6287, 0x6287, 0x6287, 0x6287,
    0x5a46, 0x5a46, 0x5a46, 0x5a46, 0x5226, 0x5206, 0x5226, 0x5226, 0x5a47, 0x5a47, 0x5a47, 0x5a47,
    0x7309, 0x8bab, 0x8bcb, 0x8bcb, 0x83ab, 0x83cb, 0x8bcb, 0xa4af, 0xa4cf, 0xb551, 0xb531, 0xb531,
    0xb552, 0xb552, 0xb573, 0x528a, 0x5acb, 0x630c, 0x632c, 0x5aeb, 0x6b4d, 0x6b6d, 0x630c, 0xce59,
    0xbdf7, 0xc638, 0xce59, 0xbdf7, 0xfde4, 0xfca3, 0xfbc1, 0xfbe1, 0xfd44, 0xffa9, 0xffec, 0xfd24,
    0xfc22, 0xfe06, 0xfd44, 0xfe46, 0xff08, 0xfcc3, 0xfd44, 0xfd63, 0xfc22, 0xfc62, 0xfe46, 0xfe06,
    0xfdc5, 0xff28, 0xfe26, 0xfc22, 0xfc42, 0xfd04, 0xfc62, 0xfdc4, 0xfd84, 0xfd43, 0xfd03, 0xffea,
    0xffec, 0xff07, 0x7bef, 0x94b2, 0x840f, 0x7bef, 0x7bce, 0x73ae, 0x738d, 0x6b6d, 0x630c, 0x5acb,
    0x5aca, 0x6b4c, 0x52aa, 0x528a, 0x6b6d, 0xad75, 0xa514, 0x8c71, 0x8c51, 0x840e, 0xa4d0, 0xa4d0,
    0xa4d0, 0xa4af, 0x83ed, 0xb551, 0xcdf3, 0xc5d3, 0xa4d0, 0x7bad, 0x946e, 0x83ed, 0x7b8c, 0x7b8c,
    0x8bed, 0x8c2d, 0x736c, 0x62ea, 0x734b, 0xad31, 0x83ed, 0x736c, 0x83cc, 0x6b2a, 0x5a89, 0x5248,
    0x4a27, 0x62e9, 0x62c8, 0x5226, 0x4a06, 0x39a5, 0x39a5, 0x39a5, 0x49e6, 0x4a26, 0x62c8, 0x7329,
    0x62a8, 0x6ae9, 0x7329, 0x62c8, 0x4a06, 0x41c5, 0x3985, 0x41e5, 0x4a06, 0x39a5, 0x3985, 0x3985,
    0x3985, 0x4a06, 0x4a06, 0x6ae9, 0x6ae8, 0x5a67, 0x5a67, 0x7309, 0x7309, 0x7309, 0x6ae8, 0x62c8,
    0x6ac8, 0x6ae8, 0x6ac8, 0x62a8, 0x62a8, 0x62a8, 0x6287, 0x5a67, 0x5a47, 0x5a47, 0x5a47, 0x6287,
    0x62a7, 0x6ac8, 0x6ac8, 0x6287, 0x6287, 0x6aa8, 0x62a8, 0x62a8, 0x6ae8, 0x72e8, 0x72e8, 0x6ae8,
    0x6ae8, 0x6ac8, 0x6287, 0x5a67, 0x5a67, 0x5a67, 0x62a7, 0x6287, 0x5226, 0x5226, 0x5226, 0x5226,
    0x5226, 0x5226, 0x5226, 0x5226, 0x5226, 0x5226, 0x5226, 0x5226, 0x5226, 0x5226, 0x5226, 0x41c5,
    0x41c5, 0x41c5, 0x41c5, 0x41c5, 0x41c5, 0x41c5, 0x41c5, 0x4a06, 0x4a06, 0x4a06, 0x4a06, 0x49e6,
    0x49e6, 0x49e6, 0x6267, 0x6267, 0x5a67, 0x5a67, 0x5a67, 0x5a67, 0x5206, 0x49e6, 0x5226, 0x5a47,
    0x5a47, 0x5a47, 0x5a47, 0x5a47, 0x5a47, 0x5206, 0x49e6, 0x49e6, 0x4a06, 0x5226, 0x5226, 0x5226,
    0x5206, 0x4a06, 0x49c5, 0x49c5, 0x41a5, 0x41a5, 0x41a5, 0x3984, 0x3984, 0x41a5, 0x41a5, 0x41a5,
    0x3984, 0x3964, 0x3964, 0x3164, 0x3984, 0x3984, 0x41a5, 0x4184, 0x3964, 0x3984, 0x2923, 0x2923,
    0x2923, 0x3143, 0x3123, 0x3143, 0x3164, 0x3144, 0x3144, 0x3144, 0x3964, 0x3984, 0x3984, 0x3984,
    0x3984, 0x4184, 0x41a5, 0x41a5, 0x41a5, 0x41a5, 0x41c5, 0x41a4, 0x3964, 0x3984, 0x4184, 0x49e5,
    0x49e5, 0x49e5, 0x49e5, 0x49e6, 0x49e6, 0x5206, 0x6aa8, 0x7309, 0x6ac8, 0x62a7, 0x6287, 0x6ac8,
    0x62a8, 0x6287, 0x6287, 0x6287, 0x5a67, 0x5a46, 0x72e8, 0x7b29, 0x72e8, 0x6ae8, 0x4a06, 0x4a06,
    0x5206, 0x5226, 0x5226, 0x6287, 0x6287, 0x6287, 0x6287, 0x6287, 0x5a46, 0x5a46, 0x5a46, 0x5a46,
    0x5226, 0x5206, 0x5226, 0x5226, 0x5a47, 0x5a47, 0x5a47, 0x5a47, 0x7309, 0x8bab, 0x8bcb, 0x8bcb,
    0x83ab, 0x83cb, 0x8bcb, 0xa4af, 0xa4cf, 0xb551, 0xad11, 0xb531, 0xbd72, 0xad32, 0xb573, 0x528a,
    0x5acb, 0x630c, 0x6b6d, 0x6b4d, 0x6b4d, 0x738e, 0x630c, 0xc638, 0xbdf7, 0xc638, 0xc618, 0xfe72,
    0xffe9, 0xfe46, 0xfcc3, 0xfbc1, 0xfce3, 0xfd44, 0xfd64, 0xfc42, 0xfc01, 0xfbe1, 0xfcc3, 0xfda5,
    0xfdc5, 0xfc02, 0xfc82, 0xfc62, 0xfc22, 0xfc62, 0xfcc3, 0xfde5, 0xfe45, 0xffea, 0xffec, 0xfde5,
    0xfec7, 0xffec, 0xfce3, 0xfc62, 0xfe25, 0xfe05, 0xfec6, 0xffeb, 0xfd84, 0xfc82, 0x7bef, 0x8430,
    0x840f, 0x8c51, 0x7bef, 0x73ae, 0x738d, 0x6b6d, 0x630b, 0x5acb, 0x4a69, 0x52aa, 0x528a, 0x52aa,
    0x738d, 0xad75, 0xad55, 0xad55, 0xa513, 0x7bce, 0xa4d0, 0xa4d0, 0xa4f0, 0xb531, 0x83ed, 0x7b8d,
    0x6b0b, 0x6b0b, 0x734c, 0x7bad, 0x7bad, 0x7bac, 0x7b8c, 0x7bac, 0x83ed, 0x8c2d, 0x8c2d, 0x7bac,
    0x5aa9, 0x5aa9, 0x6b0a, 0x6b4b, 0x83cc, 0x734a, 0x5a89, 0x5a88, 0x39a6, 0x6ae9, 0x62c8, 0x5226,
    0x4a06, 0x39a5, 0x39a5, 0x39a5, 0x49e6, 0x4a26, 0x62c8, 0x7329, 0x62a8, 0x62a8, 0x5a88, 0x5a87,
    0x5a87, 0x4a06, 0x3985, 0x41e5, 0x4a06, 0x39a5, 0x3985, 0x3985, 0x3985, 0x4a06, 0x4a06, 0x6ae9,
    0x6ae8, 0x5a67, 0x5a67, 0x7309, 0x7309, 0x7309, 0x7309, 0x7309, 0x7309, 0x6ae8, 0x6ac8, 0x62a8,
    0x62a8, 0x62a8, 0x6287, 0x5a67, 0x5a47, 0x5a47, 0x5a47, 0x6287, 0x62a7, 0x6ac8, 0x6ac8, 0x6287,
    0x6287, 0x6ac8, 0x62a8, 0x62a8, 0x62a8, 0x5a67, 0x5a67, 0x5a67, 0x6287, 0x6ac8, 0x6287, 0x5a67,
    0x5a67, 0x5a67, 0x62a7, 0x6287, 0x5226, 0x5226, 0x5226, 0x5226, 0x5226, 0x5226, 0x5226, 0x5226,
    0x5226, 0x5226, 0x5226, 0x5226, 0x5226, 0x5226, 0x5226, 0x41c5, 0x41c5, 0x41c5, 0x41c5, 0x41c5,
    0x41c5, 0x41c5, 0x41c5, 0x4a06, 0x4a06, 0x4a06, 0x4a06, 0x4a06, 0x49e6, 0x49e6, 0x6267, 0x6267,
    0x6267, 0x6267, 0x5a67, 0x5a67, 0x5206, 0x5a47, 0x5a47, 0x5a47, 0x5a47, 0x5a47, 0x5a47, 0x5a47,
    0x5a47, 0x5206, 0x49e6, 0x49e6, 0x5206, 0x5226, 0x5226, 0x5226, 0x5226, 0x5206, 0x49c5, 0x49c5,
    0x41a5, 0x41a5, 0x41a5, 0x3984, 0x3984, 0x41a5, 0x41a5, 0x41a5, 0x3984, 0x3964, 0x3964, 0x3164,
    0x3984, 0x3984, 0x41a5, 0x4184, 0x3984, 0x3984, 0x2923, 0x2923, 0x2923, 0x2923, 0x2903, 0x3123,
    0x3164, 0x3144, 0x3144, 0x3144, 0x3964, 0x3984, 0x3984, 0x3984, 0x3984, 0x41a4, 0x41a5, 0x41a5,
    0x41a5, 0x41a5, 0x41c5, 0x41a5, 0x3964, 0x3984, 0x3984, 0x3984, 0x41a5, 0x49e5, 0x49e5, 0x49e6,
    0x4a06, 0x5206, 0x6aa8, 0x72e8, 0x6ac8, 0x62a7, 0x6287, 0x6ac8, 0x62a8, 0x6287, 0x6287, 0x6287,
    0x5a67, 0x5a67, 0x7b29, 0x7b29, 0x72e8, 0x6ae8, 0x7b49, 0x7b49, 0x6287, 0x5226, 0x5226, 0x6287,
    0x6287, 0x6287, 0x6287, 0x6287, 0x5a46, 0x5a46, 0x5a46, 0x5a46, 0x5246, 0x5226, 0x5226, 0x5226,
    0x5a47, 0x5a47, 0x5a47, 0x5a67, 0x7309, 0x8bab, 0x8bcb, 0x83ab, 0x83ab, 0x8bcb, 0x8bcc, 0xa4cf,
    0xb530, 0xbd71, 0xad10, 0xb572, 0xbd72, 0xa4d0, 0xb573, 0x528a, 0x528a, 0x630c, 0x6b6d, 0x6b4d,
    0x6b4d, 0x738e, 0x73ae, 0xc638, 0xbdf7, 0xc638, 0xbdd7, 0xfdaa, 0xfe66, 0xfda5, 0xfce3, 0xfc22,
    0xfc02, 0xfbe1, 0xfc02, 0xfc22, 0xfcc2, 0xfd03, 0xfd63, 0xfd64, 0xfd04, 0xfce3, 0xfec7, 0xfd85,
    0xfc22, 0xfe45, 0xfda5, 0xfe86, 0xff88, 0xfee7, 0xfce3, 0xfc22, 0xfe06, 0xffec, 0xfec7, 0xfc62,
    0xfba1, 0xfd64, 0xfd84, 0xfd64, 0xfc82, 0xfc22, 0x7bcf, 0x8410, 0x83ef, 0x8c51, 0x8430, 0x738e,
    0x73ae, 0x7bce, 0x630c, 0x5acb, 0x4a69, 0x52aa, 0x528a, 0x52aa, 0x738e, 0xad75, 0xad55, 0xad55,
    0xa513, 0x7bcd, 0x8c0e, 0xa4d0, 0xb551, 0xbd92, 0x83cd, 0x7b8c, 0x6b0b, 0x7b8c, 0x734c, 0x7bad,
    0x8c2e, 0x9c6e, 0xa4cf, 0x8c0d, 0x8c2d, 0x8c2d, 0x7bac, 0x83cc, 0x5aa9, 0x734b, 0x736c, 0x83ec,
    0x7b8c, 0x7b8b, 0x62c9, 0x62e9, 0x39a6, 0x4a27, 0x62c8, 0x5226, 0x4a06, 0x39a5, 0x39a5, 0x39a5,
    0x4a06, 0x4a26, 0x62c8, 0x7329, 0x62a8, 0x62a8, 0x62a8, 0x5a88, 0x5a87, 0x5247, 0x4a06, 0x39a5,
    0x3985, 0x3985, 0x3985, 0x3985, 0x3985, 0x4a06, 0x4a06, 0x6ae9, 0x6ae8, 0x5a67, 0x5a67, 0x7309,
    0x7309, 0x7309, 0x7309, 0x7309, 0x7309, 0x72e9, 0x6ae8, 0x6ae8, 0x7309, 0x7b49, 0x62a8, 0x5a67,
    0x5a67, 0x5a47, 0x5a47, 0x6287, 0x62a8, 0x6ac8, 0x6ac8, 0x6287, 0x6287, 0x6ac8, 0x62a8, 0x62a8,
    0x62a8, 0x5a67, 0x5a67, 0x5a67, 0x5a67, 0x5a47, 0x5a46, 0x5246, 0x5a46, 0x5a87, 0x62a8, 0x6287,
    0x5226, 0x5226, 0x5226, 0x5226, 0x5226, 0x5226, 0x5226, 0x5226, 0x5226, 0x5226, 0x5226, 0x5226,
    0x5226, 0x5226, 0x5226, 0x41c5, 0x41c5, 0x41c5, 0x41c5, 0x41c5, 0x41c5, 0x41c5, 0x41c5, 0x4a06,
    0x4a06, 0x4a06, 0x4a06, 0x4a06, 0x4a06, 0x49e6, 0x6267, 0x6267, 0x6267, 0x6267, 0x5a67, 0x5a67,
    0x5a67, 0x5a67, 0x5a47, 0x5a47, 0x5a47, 0x5a47, 0x5a47, 0x5a47, 0x5a47, 0x5206, 0x49e6, 0x49e6,
    0x5206, 0x5226, 0x5226, 0x5226, 0x5226, 0x5206, 0x49c5, 0x49c5, 0x41c5, 0x41a5, 0x41a5, 0x3984,
    0x3984, 0x41a5, 0x41a5, 0x3984, 0x3964, 0x3964, 0x3964, 0x3164, 0x3984, 0x3984, 0x41a5, 0x4184,
    0x3984, 0x3984, 0x2923, 0x2923, 0x2923, 0x2923, 0x2903, 0x2903, 0x2923, 0x2923, 0x3144, 0x3144,
    0x3964, 0x3984, 0x3984, 0x3984, 0x3984, 0x41a4, 0x41a5, 0x41a5, 0x41a5, 0x41a5, 0x41c5, 0x41a5,
    0x3964, 0x3984, 0x3984, 0x3984, 0x41a5, 0x41c5, 0x49e5, 0x49e6, 0x4a06, 0x5206, 0x6aa8, 0x6ac8,
    0x6ac8, 0x62a7, 0x6287, 0x6ac8, 0x6287, 0x6287, 0x6287, 0x6287, 0x5a67, 0x6ac8, 0x7b29, 0x7b49,
    0x7308, 0x7329, 0x7b49, 0x7b49, 0x62a8, 0x62c8, 0x7309, 0x6b09, 0x6287, 0x6287, 0x6287, 0x6287,
    0x5a46, 0x5a46, 0x5a46, 0x5a46, 0x5246, 0x5226, 0x5226, 0x5226, 0x5a47, 0x5a47, 0x5a47, 0x5a67,
    0x7309, 0x8bab, 0x8bab, 0x83ab, 0x83ab, 0x8bcb, 0x8bec, 0xa4cf, 0xb551, 0xbd72, 0xa4f0, 0xb572,
    0xbd72, 0xa4d0, 0xb573, 0x528a, 0x528a, 0x52aa, 0x6b4d, 0x6b4d, 0x6b4d, 0x738e, 0x73ae, 0xbdf7,
    0xbdf7, 0xce59, 0xbdd7, 0xfc22, 0xfc82, 0xfd03, 0xfdc4, 0xfe05, 0xfda4, 0xfc42, 0xfc83, 0xff49,
    0xffeb, 0xfee7, 0xfda4, 0xfde5, 0xfca2, 0xfba1, 0xfd44, 0xfde5, 0xfea6, 0xffea, 0xfd64, 0xfde5,
    0xfe46, 0xfd84, 0xfdc5, 0xfe46, 0xfc42, 0xfd24, 0xfd84, 0xfca2, 0xfba1, 0xfce4, 0xfe26, 0xfd64,
    0xfda5, 0xfc42, 0x7bcf, 0x7bae, 0x7bef, 0x8c51, 0x8430, 0x738d, 0x73ae, 0x7bce, 0x630c, 0x5acb,
    0x52aa, 0x5aca, 0x4a49, 0x5289, 0x738d, 0xa513, 0x9cf3, 0xad55, 0xa513, 0x840e, 0xa4d0, 0xc5b2,
    0xc5d3, 0xce14, 0xad10, 0x9c8f, 0x83cd, 0x83cd, 0x83ed, 0x946e, 0x944e, 0x944e, 0xa4cf, 0x9c6e,
    0x8c2d, 0x736c, 0x6b2b, 0x736b, 0x8c0d, 0x7b8c, 0x734b, 0x83ec, 0x8bed, 0x83cc, 0x62c9, 0x62e9,
    0x4a07, 0x39c6, 0x39a5, 0x39a5, 0x39a5, 0x39a5, 0x39a5, 0x39a5, 0x4a06, 0x4a26, 0x62c8, 0x7329,
    0x62a8, 0x62a8, 0x62a8, 0x5a88, 0x5a87, 0x5247, 0x4a06, 0x41a5, 0x3985, 0x3985, 0x3985, 0x3985,
    0x3985, 0x4a06, 0x4a06, 0x6ae9, 0x6ae9, 0x5a67, 0x5a67, 0x7309, 0x7309, 0x7309, 0x7309, 0x7309,
    0x7309, 0x72e9, 0x6ae8, 0x6ae8, 0x7309, 0x7b49, 0x7b49, 0x7b49, 0x7329, 0x6ae8, 0x5a87, 0x6287,
    0x62a8, 0x6ac8, 0x6ac8, 0x6287, 0x6287, 0x6ac8, 0x6aa8, 0x62a8, 0x62a8, 0x5a87, 0x5a67, 0x5a67,
    0x5a67, 0x5a47, 0x5a46, 0x5246, 0x5246, 0x5226, 0x5226, 0x5226, 0x5226, 0x5226, 0x5226, 0x5226,
    0x5226, 0x5226, 0x5226, 0x5226, 0x5226, 0x5226, 0x5226, 0x5226, 0x5226, 0x5226, 0x5226, 0x41c5,
    0x41c5, 0x41c5, 0x41c5, 0x41c5, 0x41c5, 0x41c5, 0x49e5, 0x5206, 0x4a06, 0x4a06, 0x4a06, 0x4a06,
    0x4a06, 0x49e6, 0x6267, 0x6267, 0x6267, 0x6267, 0x5a67, 0x5a67, 0x5a67, 0x5a67, 0x5a47, 0x5a47,
    0x5a47, 0x5a47, 0x5a47, 0x5a47, 0x5a47, 0x5206, 0x49e6, 0x49e6, 0x5206, 0x5226, 0x5226, 0x5226,
    0x5226, 0x5206, 0x49e5, 0x49e5, 0x41c5, 0x41a5, 0x41a5, 0x3984, 0x3984, 0x41a5, 0x41a5, 0x41a5,
    0x3964, 0x3964, 0x3964, 0x3164, 0x3984, 0x3984, 0x41a5, 0x41a4, 0x3984, 0x3984, 0x2923, 0x2923,
    0x2923, 0x2923, 0x2903, 0x2903, 0x2923, 0x3123, 0x3144, 0x3144, 0x3164, 0x3984, 0x3984, 0x3984,
    0x3984, 0x41a4, 0x41a5, 0x41a5, 0x41a5, 0x41a5, 0x41c5, 0x41a5, 0x3964, 0x3984, 0x3984, 0x3984,
    0x41c5, 0x41c5, 0x49e5, 0x49e6, 0x49c5, 0x49c5, 0x5a67, 0x6ac8, 0x6ac8, 0x62a7, 0x6287, 0x62a7,
    0x5a67, 0x6287, 0x6287, 0x6287, 0x6ac8, 0x6ae8, 0x7b49, 0x7b49, 0x7329, 0x7b49, 0x7b49, 0x7b49,
    0x62a7, 0x62a8, 0x7309, 0x7309, 0x62c8, 0x62c8, 0x5246, 0x6287, 0x5a46, 0x5a46, 0x5a46, 0x5a46,
    0x5246, 0x5226, 0x5226, 0x5226, 0x5a47, 0x5a47, 0x5a67, 0x5a67, 0x7309, 0x8bab, 0x7b6a, 0x6b09,
    0x7329, 0x8bcb, 0x8bec, 0xa4cf, 0xb551, 0xb551, 0xa4f0, 0xbd93, 0xbd72, 0xa4d0, 0xbdb3, 0x528a,
    0x528a, 0x52aa, 0x6b4d, 0x6b4d, 0x630c, 0x632c, 0x73ae, 0xbdd7, 0xc638, 0xce79, 0xfd90, 0xfc82,
    0xfd43, 0xfda5, 0xfc21, 0xfd23, 0xfd63, 0xfd64, 0xff68, 0xffa9, 0xff68, 0xfe45, 0xfdc4, 0xffea,
    0xff28, 0xfbc1, 0xfbc1, 0xfc83, 0xfde5, 0xfe66, 0xfde5, 0xfc42, 0xfbe1, 0xfc02, 0xfce3, 0xffea,
    0xfce3, 0xfbc1, 0xfc42, 0xfca2, 0xfc22, 0xfd04, 0xfe06, 0xfd84, 0xff08, 0xffed, 0x7bcf, 0x73ae,
    0x632c, 0x632c, 0x632c, 0x632c, 0x73ae, 0x7bce, 0x630c, 0x5aca, 0x52aa, 0x5acb, 0x52aa, 0x528a,
    0x6b4d, 0xa513, 0x94b2, 0x8c71, 0x8c71, 0x7bcd, 0xa4cf, 0xc5b2, 0xce14, 0xb531, 0xa4cf, 0x9c8f,
    0x8c2e, 0x8c2e, 0xacf0, 0x946e, 0x9c8e, 0x944e, 0xa4af, 0x8c0d, 0x736c, 0x736c, 0x6b2b, 0x5ac9,
    0x7bac, 0x83ac, 0x734b, 0x946e, 0xa4af, 0x942d, 0x62c9, 0x62e9, 0x5aa8, 0x39c6, 0x39a5, 0x39a5,
    0x39a5, 0x39a5, 0x3185, 0x2944, 0x2944, 0x41c6, 0x62c8, 0x7329, 0x62a8, 0x62a8, 0x62a8, 0x5a88,
    0x5a87, 0x5247, 0x4a06, 0x41a5, 0x3985, 0x3985, 0x3985, 0x3985, 0x3985, 0x4a06, 0x4a06, 0x5a67,
    0x5a67, 0x5a67, 0x5a67, 0x7309, 0x7309, 0x7309, 0x7309, 0x7309, 0x7309, 0x7309, 0x6ae8, 0x6ae8,
    0x7309, 0x7b49, 0x7b49, 0x7b49, 0x7329, 0x6ae8, 0x6ae8, 0x6ac8, 0x6ac8, 0x6ac8, 0x6ac8, 0x6287,
    0x6287, 0x6ac8, 0x6ac8, 0x62a8, 0x62a8, 0x5a87, 0x5a67, 0x5a67, 0x5a67, 0x5a47, 0x5a47, 0x5246,
    0x5246, 0x5226, 0x5226, 0x5226, 0x5226, 0x5226, 0x5226, 0x5226, 0x5226, 0x5226, 0x5226, 0x5226,
    0x5226, 0x5226, 0x5226, 0x5226, 0x5226, 0x5226, 0x5226, 0x41c5, 0x41c5, 0x41c5, 0x41c5, 0x41c5,
    0x41c5, 0x49e5, 0x5206, 0x5206, 0x5206, 0x4a06, 0x4a06, 0x4a06, 0x4a06, 0x4a06, 0x6267, 0x6267,
    0x6267, 0x6267, 0x6267, 0x5a67, 0x5a67, 0x5a67, 0x5a47, 0x5a47, 0x5a47, 0x5a47, 0x5a47, 0x5a47,
    0x5206, 0x4a06, 0x4a06, 0x49e6, 0x5206, 0x5226, 0x5226, 0x5226, 0x5226, 0x5206, 0x49e5, 0x49e5,
    0x41c5, 0x41a5, 0x41a5, 0x3984, 0x3984, 0x41a5, 0x41c5, 0x41a5, 0x3964, 0x3964, 0x3964, 0x3164,
    0x3984, 0x3984, 0x41a5, 0x41a4, 0x3984, 0x3984, 0x2923, 0x2923, 0x2923, 0x2923, 0x2903, 0x2923,
    0x2923, 0x3123, 0x3144, 0x3144, 0x3164, 0x3164, 0x3964, 0x3964, 0x3984, 0x41a4, 0x41a5, 0x41a5,
    0x41a5, 0x41a5, 0x41c5, 0x41a5, 0x3964, 0x3984, 0x3984, 0x3984, 0x41c5, 0x41c5, 0x49e5, 0x49e6,
    0x49c5, 0x49c5, 0x5a67, 0x6ac8, 0x6ac8, 0x62a8, 0x6287, 0x5a46, 0x5a67, 0x6287, 0x62a7, 0x62a8,
    0x6ae8, 0x6ae8, 0x7b49, 0x7b49, 0x7b49, 0x7b49, 0x7b49, 0x7b4a, 0x6287, 0x62a8, 0x7329, 0x7309,
    0x6ae8, 0x62c8, 0x4a26, 0x4a26, 0x5247, 0x5247, 0x5a46, 0x5a46, 0x5246, 0x5226, 0x5226, 0x5a26,
    0x5a47, 0x5a47, 0x5a67, 0x5a67, 0x7309, 0x8bab, 0x7329, 0x6b09, 0x7329, 0x7b6a, 0x7b6a, 0xa4af,
    0xb551, 0xb551, 0xad10, 0xbd93, 0xb552, 0xa4d0, 0xc5d4, 0x4a69, 0x528a, 0x52aa, 0x632c, 0x6b4d,
    0x630c, 0x632c, 0x73ae, 0xbdd7, 0xce59, 0xce79, 0xfd2a, 0xfda4, 0xffec, 0xffc9, 0xfc82, 0xfd23,
    0xfda4, 0xfde4, 0xfe05, 0xfe66, 0xfc42, 0xfca2, 0xfd23, 0xfe05, 0xff07, 0xfd64, 0xfc02, 0xfbe1,
    0xfc62, 0xfcc3, 0xfc42, 0xfc62, 0xfcc3, 0xfcc3, 0xfd44, 0xfe06, 0xfcc3, 0xfd43, 0xfca2, 0xfc22,
    0xfc42, 0xfdc4, 0xfd64, 0xfe05, 0xff88, 0xfe05, 0x7bcf, 0x73ae, 0x632c, 0x632c, 0x630c, 0x632c,
    0x632c, 0x632c, 0x630c, 0x5aca, 0x52aa, 0x5acb, 0x52aa, 0x528a, 0x6b4c, 0xa513, 0x94b2, 0x8c71,
    0x8c71, 0x7bce, 0xa4cf, 0xb531, 0xce14, 0xcdf3, 0xbd72, 0x9c8f, 0xad10, 0xa4cf, 0x946e, 0x83ed,
    0x9c6e, 0xa4cf, 0xa4af, 0x942e, 0x6b2b, 0x736c, 0x736b, 0x5aa9, 0x7b8c, 0x83ac, 0x734b, 0x83ed,
    0x942d, 0x942d, 0x7bac, 0x6b2a, 0x5aa8, 0x39c6, 0x39a5, 0x39a5, 0x39a5, 0x39a5, 0x3185, 0x2944,
    0x2944, 0x2944, 0x41c5, 0x4a26, 0x62a8, 0x62a8, 0x62a8, 0x62a8, 0x5a88, 0x5247, 0x4a06, 0x41a5,
    0x3985, 0x3985, 0x3985, 0x3985, 0x3985, 0x4a06, 0x4a06, 0x5a67, 0x5a67, 0x5a67, 0x5a67, 0x7309,
    0x6b09, 0x7309, 0x7309, 0x7309, 0x7309, 0x7309, 0x72e9, 0x6ae8, 0x7309, 0x7b49, 0x7b49, 0x7b49,
    0x7329, 0x6ae8, 0x6ae8, 0x6ac8, 0x6ac8, 0x6ac8, 0x6ac8, 0x6ac8, 0x6ac8, 0x6ac8, 0x6ac8, 0x6aa8,
    0x62a8, 0x5a87, 0x5a67, 0x5a67, 0x5a67, 0x5a67, 0x5a47, 0x5246, 0x5246, 0x5226, 0x5226, 0x5226,
    0x5226, 0x5226, 0x5226, 0x5226, 0x5226, 0x5226, 0x5206, 0x5226, 0x5226, 0x5226, 0x5226, 0x5226,
    0x5226, 0x5226, 0x5226, 0x41c5, 0x41c5, 0x41c5, 0x41c5, 0x41c5, 0x49e6, 0x5206, 0x5206, 0x5206,
    0x5206, 0x5206, 0x4a06, 0x4a06, 0x4a06, 0x4a06, 0x6267, 0x6267, 0x6267, 0x6267, 0x6267, 0x5a67,
    0x5a67, 0x5a67, 0x5a67, 0x5a47, 0x5a47, 0x5a47, 0x5a47, 0x5206, 0x5206, 0x4a06, 0x4a06, 0x49e6,
    0x5206, 0x5226, 0x5226, 0x5226, 0x49e5, 0x49c5, 0x49e5, 0x49e5, 0x41c5, 0x41a5, 0x41a5, 0x3984,
    0x3984, 0x41c5, 0x41c5, 0x41a5, 0x3964, 0x3964, 0x3964, 0x3164, 0x3984, 0x41a5, 0x41a5, 0x41a4,
    0x3984, 0x3984, 0x2923, 0x2923, 0x2923, 0x2923, 0x2903, 0x2923, 0x2923, 0x3123, 0x3144, 0x3144,
    0x3164, 0x3164, 0x3964, 0x3164, 0x3144, 0x3164, 0x41a5, 0x41a5, 0x41a5, 0x41a5, 0x41c5, 0x41a5,
    0x3964, 0x3984, 0x3984, 0x3984, 0x41c5, 0x41c5, 0x49e5, 0x49e6, 0x49c5, 0x49c5, 0x5a67, 0x6ac8,
    0x6ac8, 0x62a8, 0x5a67, 0x5a47, 0x5a67, 0x62a7, 0x62a7, 0x7308, 0x6ae8, 0x6ae8, 0x7b49, 0x7b49,
    0x7b49, 0x7b4a, 0x7b4a, 0x7b4a, 0x5a67, 0x62c8, 0x7329, 0x7309, 0x6ae9, 0x62c8, 0x4a26, 0x4a26,
    0x5247, 0x5247, 0x5267, 0x5247, 0x5246, 0x5226, 0x5226, 0x5a26, 0x5a47, 0x5a67, 0x5a67, 0x5a67,
    0x7309, 0x7b4a, 0x732a, 0x6b09, 0x7329, 0x7b6a, 0x7b8a, 0xa4af, 0xbd51, 0xb551, 0xb572, 0xbd93,
    0xad31, 0xb573, 0xc5d4, 0x4a69, 0x528a, 0x52aa, 0x630c, 0x630c, 0x632c, 0x738e, 0x73ae, 0xbdf7,
    0xce59, 0xce59, 0xfc42, 0xfd23, 0xfe46, 0xfee7, 0xfcc3, 0xfba1, 0xfc63, 0xfd64, 0xfd64, 0xfd03,
    0xfc22, 0xfc42, 0xfcc3, 0xfd64, 0xfd03, 0xfdc4, 0xfe65, 0xfc02, 0xfc22, 0xfbc1, 0xfdc6, 0xfea7,
    0xfd43, 0xfda4, 0xfd63, 0xfd23, 0xfc82, 0xfc82, 0xfde5, 0xfe05, 0xff28, 0xff88, 0xfde5, 0xfe46,
    0xff89, 0xfd84, 0x94b2, 0x9492, 0x8c71, 0x632c, 0x630c, 0x630c, 0x630c, 0x632c, 0x632c, 0x5aca,
    0x52aa, 0x5289, 0x52aa, 0x5289, 0x6b4c, 0xa4f3, 0x9492, 0x8c71, 0x8c71, 0x7bce, 0xa4cf, 0x942e,
    0x6b2b, 0x6b2b, 0xbd72, 0x9c8e, 0x9c6e, 0x9c6e, 0xa4cf, 0x83ed, 0x7b8c, 0xa4cf, 0xb531, 0x9c8f,
    0x62ca, 0x7bac, 0x8c0d, 0x734b, 0x7bac, 0x944e, 0x732b, 0x83cc, 0xacef, 0x942d, 0x8c0d, 0x6b2a,
    0x6b0a, 0x39c6, 0x39a5, 0x39a5, 0x39a5, 0x39a5, 0x3185, 0x2944, 0x2944, 0x2944, 0x41c5, 0x4a26,
    0x62a8, 0x62a8, 0x62a8, 0x5a67, 0x4a26, 0x5247, 0x4a06, 0x41a5, 0x3985, 0x3985, 0x3985, 0x3985,
    0x3985, 0x4a06, 0x4a06, 0x5a67, 0x5a67, 0x5a67, 0x5a67, 0x7309, 0x6b09, 0x6ac8, 0x6ac8, 0x62c8,
    0x62c8, 0x7309, 0x7309, 0x6ae8, 0x7309, 0x7b4a, 0x7b49, 0x7b49, 0x7329, 0x6ae8, 0x6ae8, 0x6ae8,
    0x6ac8, 0x6ac8, 0x6ac8, 0x6ac8, 0x6ac8, 0x6ac8, 0x6ac8, 0x7309, 0x7309, 0x7309, 0x62a7, 0x5a67,
    0x5a67, 0x5a67, 0x5a47, 0x5a46, 0x5246, 0x5226, 0x5226, 0x5226, 0x5226, 0x5226, 0x5226, 0x5226,
    0x5226, 0x49e6, 0x5206, 0x5226, 0x5226, 0x5226, 0x5226, 0x5226, 0x5226, 0x5226, 0x5226, 0x41c5,
    0x41c5, 0x41c5, 0x41c5, 0x49e6, 0x4a06, 0x5206, 0x5206, 0x5206, 0x5206, 0x5206, 0x5206, 0x4a06,
    0x4a06, 0x4a06, 0x6267, 0x6267, 0x6267, 0x6267, 0x6267, 0x5a67, 0x5a67, 0x5a67, 0x5a67, 0x5a47,
    0x5a47, 0x5a47, 0x49e5, 0x5206, 0x5206, 0x4a06, 0x4a06, 0x49e6, 0x5206, 0x5226, 0x5226, 0x49e5,
    0x41c5, 0x49c5, 0x49e5, 0x49e5, 0x41c5, 0x41a5, 0x41a5, 0x3984, 0x49c5, 0x41c5, 0x41c5, 0x41a5,
    0x3964, 0x3964, 0x3964, 0x3964, 0x41a5, 0x41a5, 0x41a5, 0x41a4, 0x3984, 0x3984, 0x2923, 0x2923,
    0x2923, 0x2923, 0x2903, 0x2923, 0x2923, 0x3123, 0x3144, 0x3144, 0x3164, 0x3164, 0x3964, 0x3164,
    0x3144, 0x3164, 0x3984, 0x3984, 0x3984, 0x41a5, 0x41c5, 0x41a5, 0x3964, 0x3984, 0x3984, 0x3984,
    0x41c5, 0x41c5, 0x49e5, 0x49e6, 0x49c5, 0x49c5, 0x5a67, 0x6ac8, 0x6ac8, 0x6287, 0x5a47, 0x5a47,
    0x5a67, 0x62a7, 0x72e8, 0x7309, 0x6ae8, 0x6ae8, 0x7b49, 0x7b49, 0x7b4a, 0x7b4a, 0x7b4a, 0x6ae8,
    0x5a67, 0x62c8, 0x7329, 0x7309, 0x6b09, 0x62c8, 0x4a06, 0x4a26, 0x5247, 0x5247, 0x5267, 0x5247,
    0x5247, 0x5267, 0x4a26, 0x5a67, 0x5a47, 0x5a67, 0x5a67, 0x5a67, 0x7309, 0x7329, 0x732a, 0x6b09,
    0x7329, 0x7b6a, 0x7b8a, 0xa4af, 0xbd51, 0xb551, 0xbd92, 0xad11, 0xad31, 0xce35, 0xbdb4, 0x528a,
    0x5acb, 0x52aa, 0x630c, 0x630c, 0x632c, 0x7bcf, 0x8430, 0xbdf7, 0xce59, 0xc638, 0xff08, 0xfd64,
    0xfd03, 0xfd43, 0xfca2, 0xfc01, 0xfcc3, 0xfea7, 0xfe46, 0xfe06, 0xffa9, 0xfc22, 0xfc22, 0xfc42,
    0xfce3, 0xfce3, 0xfde4, 0xfd83, 0xfd63, 0xfce3, 0xff89, 0xffec, 0xffea, 0xfe25, 0xfee7, 0xfe05,
    0xfc22, 0xfbc1, 0xfbc1, 0xfce3, 0xffe9, 0xffec, 0xfd85, 0xfc22, 0xfce3, 0xfce3, 0x94b2, 0x9491,
    0x8c71, 0x7bcf, 0x7bce, 0x738d, 0x632c, 0x632c, 0x632c, 0x52aa, 0x52aa, 0x5289, 0x52aa, 0x5289,
    0x6b4c, 0x9cf3, 0x8c71, 0x8410, 0x83ef, 0x7bce, 0x83cd, 0x944e, 0xb531, 0x6b2b, 0x734b, 0x83cd,
    0xad10, 0xb551, 0xa4f0, 0x7b8c, 0x62ea, 0xbd72, 0xb530, 0xbd51, 0x62ca, 0x62ea, 0x736b, 0x7b8c,
    0x7b8c, 0x944e, 0x6b2a, 0x5a89, 0xacef, 0x9c6e, 0x8c0d, 0x6b2a, 0x6b0a, 0x6b09, 0x39a5, 0x39a5,
    0x39a5, 0x39a5, 0x3185, 0x2944, 0x2944, 0x2944, 0x41c6, 0x4a26, 0x62a8, 0x62a8, 0x62a8, 0x5a67,
    0x4a26, 0x41c5, 0x3985, 0x3144, 0x3144, 0x3985, 0x3985, 0x3985, 0x3985, 0x4a06, 0x4a06, 0x5a67,
    0x5a67, 0x5a67, 0x5a67, 0x7309, 0x6b09, 0x6ac8, 0x6ac8, 0x62c8, 0x62c8, 0x62c8, 0x6ac8, 0x72e8,
    0x7309, 0x7b4a, 0x7b49, 0x7b49, 0x7329, 0x6ae8, 0x6ae8, 0x6ae8, 0x6ac8, 0x6ac8, 0x6ac8, 0x6ac8,
    0x6ac8, 0x6ac8, 0x6ac8, 0x7309, 0x7309, 0x7309, 0x7309, 0x6ac8, 0x62a7, 0x62a8, 0x6287, 0x5a46,
    0x5246, 0x5246, 0x5226, 0x5226, 0x5226, 0x5226, 0x5226, 0x5226, 0x49e6, 0x49e6, 0x5206, 0x5226,
    0x5226, 0x5226, 0x5226, 0x5226, 0x5226, 0x5226, 0x5226, 0x41c5, 0x41c5, 0x41c5, 0x5226, 0x5206,
    0x4a06, 0x5206, 0x5206, 0x5206, 0x5206, 0x5206, 0x5206, 0x4a06, 0x4a06, 0x4a06, 0x6267, 0x6267,
    0x6267, 0x6267, 0x6267, 0x6267, 0x5a67, 0x5a67, 0x5a67, 0x5a47, 0x5a47, 0x49e5, 0x49e5, 0x5206,
    0x5206, 0x5206, 0x4a06, 0x49e6, 0x5206, 0x5226, 0x49e5, 0x41c5, 0x41c5, 0x49c5, 0x49e5, 0x49e5,
    0x41c5, 0x41a5, 0x41a5, 0x49c5, 0x49c5, 0x49c5, 0x41c5, 0x41a5, 0x3964, 0x3964, 0x3964, 0x41a5,
    0x41a5, 0x41a5, 0x41a5, 0x41a4, 0x3984, 0x3984, 0x2923, 0x2923, 0x2923, 0x2923, 0x2903, 0x2923,
    0x2923, 0x3123, 0x3144, 0x3144, 0x3164, 0x3164, 0x3964, 0x3164, 0x3144, 0x3164, 0x3984, 0x3984,
    0x3984, 0x3984, 0x4184, 0x4185, 0x3964, 0x3984, 0x3984, 0x3984, 0x41c5, 0x41c5, 0x49e5, 0x49e6,
    0x49c5, 0x49c5, 0x5a67, 0x6ac8, 0x6ac8, 0x5a67, 0x5a47, 0x5a67, 0x5a67, 0x62a7, 0x7b49, 0x7309,
    0x6ae8, 0x72e8, 0x7b29, 0x7b29, 0x7b4a, 0x7b4a, 0x7309, 0x62c8, 0x5a67, 0x6ac8, 0x6ae8, 0x7309,
    0x6b09, 0x62c8, 0x41e6, 0x4a26, 0x4a26, 0x4a26, 0x5267, 0x5247, 0x5247, 0x5267, 0x4a26, 0x5a67,
    0x62c8, 0x62c8, 0x5a88, 0x5a67, 0x62c8, 0x734a, 0x83ab, 0x6b09, 0x7329, 0x7b6a, 0x7b8b, 0xa4af,
    0xbd71, 0xad11, 0xbd92, 0xa4f1, 0xb552, 0xce35, 0xbdb4, 0x528a, 0x5acb, 0x5aeb, 0x630c, 0x632c,
    0x632c, 0x7bcf, 0x8430, 0xce59, 0xce79, 0xfe54, 0xff69, 0xfce3, 0xfbe2, 0xfc42, 0xfc42, 0xfc22,
    0xfc63, 0xfe46, 0xfda4, 0xff07, 0xffee, 0xffea, 0xfce3, 0xfee7, 0xfec7, 0xfc62, 0xfca2, 0xfde5,
    0xfe25, 0xfe86, 0xffeb, 0xfe45, 0xfcc3, 0xfd03, 0xfe86, 0xffe9, 0xfe46, 0xfcc3, 0xfc01, 0xfc83,
    0xfd44, 0xfd64, 0xfc82, 0xfc42, 0xfbe1, 0xfc62, 0x8c71, 0x9471, 0x8c51, 0x7bcf, 0x7bae, 0x6b6d,
    0x73ae, 0x73ae, 0x738d, 0x5aeb, 0x528a, 0x5289, 0x52aa, 0x5269, 0x6b2c, 0x9cf3, 0x8c71, 0x8410,
    0x83ef, 0x7bce, 0x7bcd, 0x83ed, 0xb530, 0x9c6f, 0x83cd, 0x83cd, 0x946e, 0xc5b2, 0xad10, 0x9c6e,
    0x7b8c, 0xa4cf, 0xbd71, 0xbd51, 0x8c0d, 0x736b, 0x734b, 0x83cc, 0x8c0d, 0x944e, 0x83ac, 0x5a89,
    0xaccf, 0xa4cf, 0xa4af, 0x6b2a, 0x6b0a, 0x7b8b, 0x7b6a, 0x7b4a, 0x7329, 0x4a06, 0x3185, 0x2944,
    0x2944, 0x2944, 0x41e6, 0x4a26, 0x62a8, 0x62a8, 0x62a8, 0x5a67, 0x4a26, 0x41c5, 0x3985, 0x3144,
    0x2924, 0x3164, 0x3985, 0x2924, 0x3164, 0x4a06, 0x4a06, 0x5a67, 0x5a67, 0x5a67, 0x5a67, 0x7309,
    0x6b09, 0x6ac8, 0x6ac8, 0x6ac8, 0x62c8, 0x62c8, 0x6ac8, 0x72e9, 0x7309, 0x7b4a, 0x7b29, 0x6ae8,
    0x6ac8, 0x6ae8, 0x6ae8, 0x6ae8, 0x6ac8, 0x6ac8, 0x6ac8, 0x6ac8, 0x6ac8, 0x6ac8, 0x6ac8, 0x7309,
    0x7309, 0x7309, 0x7309, 0x6ac8, 0x62a7, 0x6aa8, 0x6ae8, 0x6ac8, 0x6ac8, 0x62a7, 0x5a47, 0x5226,
    0x5226, 0x5226, 0x4a06, 0x49e6, 0x49e6, 0x49e6, 0x5206, 0x5226, 0x5226, 0x5226, 0x5226, 0x5226,
    0x5226, 0x5226, 0x5226, 0x41c5, 0x49e5, 0x5226, 0x5226, 0x5206, 0x4a06, 0x5206, 0x5206, 0x5206,
    0x5206, 0x5206, 0x5206, 0x5206, 0x4a06, 0x5a47, 0x6267, 0x6267, 0x6267, 0x6267, 0x6267, 0x6267,
    0x5a67, 0x5a67, 0x5a67, 0x5a47, 0x49e5, 0x49e5, 0x49e5, 0x5206, 0x5206, 0x5206, 0x4a06, 0x4a06,
    0x5206, 0x5206, 0x49c5, 0x41c5, 0x41c5, 0x49c5, 0x49e5, 0x49e5, 0x41c5, 0x41a5, 0x49e5, 0x49c5,
    0x49c5, 0x49c5, 0x41c5, 0x41a5, 0x3964, 0x3984, 0x41a5, 0x41a5, 0x41a5, 0x41a5, 0x41a5, 0x41a4,
    0x3984, 0x3964, 0x2923, 0x3123, 0x3143, 0x3123, 0x2903, 0x2923, 0x2923, 0x3123, 0x3144, 0x3144,
    0x3164, 0x3164, 0x3964, 0x3164, 0x3144, 0x3964, 0x3984, 0x3984, 0x3984, 0x3984, 0x4184, 0x41a5,
    0x49c5, 0x49c5, 0x41a4, 0x3984, 0x41c5, 0x41c5, 0x49e6, 0x49e6, 0x49c5, 0x49e5, 0x5a67, 0x6ac8,
    0x62a7, 0x5a67, 0x5a67, 0x5a67, 0x5a67, 0x6ac8, 0x7b49, 0x7309, 0x72e8, 0x72e8, 0x72e8, 0x7b29,
    0x7b6a, 0x7b6a, 0x5a67, 0x6ac8, 0x5a87, 0x6ac8, 0x7309, 0x7309, 0x6b09, 0x62c8, 0x41e6, 0x4a26,
    0x4a26, 0x4a26, 0x41e6, 0x4a06, 0x5247, 0x5267, 0x4a26, 0x5a67, 0x62c8, 0x62c8, 0x62a8, 0x62c8,
    0x6ae9, 0x734a, 0x83ab, 0x83ab, 0x8bcb, 0x8bec, 0x7b8b, 0xa4af, 0xbd71, 0xa4d0, 0xb572, 0xa4f1,
    0xc5b3, 0xd635, 0xbdb4, 0x52aa, 0x5acb, 0x5aeb, 0x630c, 0x632c, 0x6b4d, 0x632c, 0x73ae, 0xd6ba,
    0xc638, 0xfd8e, 0xfd04, 0xfcc3, 0xfe26, 0xfd64, 0xfc22, 0xfce3, 0xfda4, 0xfd84, 0xfe86, 0xff68,
    0xfe25, 0xfd03, 0xfcc3, 0xff48, 0xffec, 0xfd23, 0xfc22, 0xfcc3, 0xfd84, 0xfda4, 0xfdc4, 0xfca2,
    0xfc22, 0xfc82, 0xfd43, 0xfea6, 0xfde5, 0xfd44, 0xfc62, 0xfc02, 0xfc01, 0xfc02, 0xfc02, 0xfc82,
    0xfce3, 0xfd23, 0x8410, 0x7bef, 0x8c51, 0x7bcf, 0x73ae, 0x6b6d, 0x738e, 0x73ae, 0x6b6d, 0x5aeb,
    0x5acb, 0x52aa, 0x528a, 0x4a69, 0x632c, 0x9cf3, 0x8c71, 0x8410, 0x83ef, 0x7bad, 0x7bcd, 0x83ed,
    0xb530, 0xa4cf, 0x9c8e, 0x83cd, 0x8c0e, 0xacf0, 0xbd71, 0xacf0, 0x7b8c, 0x6b0a, 0x62ca, 0x62ca,
    0x6b2b, 0x736b, 0x8c0d, 0x8c2d, 0x944e, 0x944e, 0x944d, 0x942d, 0x6b0a, 0x5aa9, 0x942d, 0x7b8b,
    0x62e9, 0x7b8b, 0x7b6a, 0x7b4a, 0x7329, 0x62c8, 0x62c8, 0x62a8, 0x5247, 0x2944, 0x41e6, 0x4a26,
    0x62a8, 0x62a8, 0x62a8, 0x5a67, 0x4a26, 0x41c5, 0x3985, 0x3144, 0x2924, 0x3164, 0x3985, 0x2924,
    0x2924, 0x2924, 0x2924, 0x3985, 0x5a67, 0x5a67, 0x5a67, 0x7309, 0x6b09, 0x6ac8, 0x6ac8, 0x6ac8,
    0x62c8, 0x62c8, 0x6ac8, 0x7309, 0x7309, 0x7b4a, 0x7b29, 0x6ae8, 0x6ac8, 0x62a8, 0x62a7, 0x62a7,
    0x62a8, 0x6ac8, 0x6ac8, 0x6ac8, 0x6ac8, 0x6ac8, 0x6ac8, 0x7309, 0x7309, 0x7309, 0x7309, 0x6ac8,
    0x62a7, 0x6aa8, 0x6ae8, 0x6ae8, 0x6ac8, 0x62a7, 0x5a67, 0x5a67, 0x5226, 0x49e6, 0x49e6, 0x49e6,
    0x49e6, 0x49e6, 0x5206, 0x5226, 0x5226, 0x5226, 0x5226, 0x5226, 0x5226, 0x5226, 0x5226, 0x5206,
    0x5226, 0x5226, 0x5226, 0x5206, 0x4a06, 0x5206, 0x5206, 0x5206, 0x5206, 0x5206, 0x5206, 0x5206,
    0x6267, 0x6267, 0x6267, 0x6267, 0x6267, 0x6267, 0x6267, 0x6267, 0x5a67, 0x5a67, 0x5a67, 0x5206,
    0x49e5, 0x49e5, 0x49e5, 0x5206, 0x5206, 0x5206, 0x4a06, 0x4a06, 0x49e5, 0x49c5, 0x49c5, 0x41c5,
    0x41c5, 0x49c5, 0x49e5, 0x49e5, 0x41c5, 0x49e5, 0x49e5, 0x49c5, 0x49c5, 0x49c5, 0x41c5, 0x41a5,
    0x3984, 0x41a5, 0x41a5, 0x41a5, 0x41a5, 0x41a5, 0x41a5, 0x41a4, 0x3964, 0x3964, 0x2923, 0x3123,
    0x3143, 0x3144, 0x3984, 0x3984, 0x2923, 0x3123, 0x3144, 0x3144, 0x3164, 0x3164, 0x3964, 0x3164,
    0x3144, 0x3964, 0x3984, 0x3984, 0x3984, 0x3984, 0x41a4, 0x41a5, 0x49c5, 0x49c5, 0x49e5, 0x49e5,
    0x49c5, 0x41c5, 0x49e6, 0x4a06, 0x49c5, 0x49e5, 0x5a67, 0x6ac8, 0x6287, 0x5a87, 0x5a67, 0x5a67,
    0x6287, 0x72e8, 0x7b49, 0x7309, 0x72e8, 0x6ac8, 0x72e8, 0x7b49, 0x836a, 0x7309, 0x5a67, 0x6ac8,
    0x5a87, 0x6ae8, 0x7309, 0x7309, 0x6b09, 0x62c8, 0x4a06, 0x4a26, 0x4a26, 0x4a26, 0x41e6, 0x4a06,
    0x5267, 0x5aa8, 0x62a8, 0x5aa8, 0x62c8, 0x62c8, 0x62a8, 0x62c8, 0x6b09, 0x734a, 0x83ab, 0x83cb,
    0x8bcb, 0x8bec, 0x8bec, 0xacef, 0xbd71, 0x9c6e, 0xb551, 0xa4f1, 0xc5f4, 0xcdf5, 0xbdb4, 0x5aeb,
    0x5acb, 0x52aa, 0x5aeb, 0x632c, 0x6b4d, 0x632c, 0x73ae, 0xd69a, 0xbdd7, 0xfd68, 0xfc82, 0xfc22,
    0xfd64, 0xfde5, 0xfda4, 0xffea, 0xff88, 0xfd64, 0xfec7, 0xff68, 0xfd64, 0xfc82, 0xfc22, 0xfda5,
    0xfe05, 0xfd43, 0xfc02, 0xfba1, 0xfcc3, 0xfd64, 0xfd64, 0xfca2, 0xfc42, 0xfc42, 0xfc22, 0xfce3,
    0xfce3, 0xfd64, 0xfe65, 0xfde4, 0xfc01, 0xfbc1, 0xfd24, 0xff68, 0xffea, 0xfda4, 0x8410, 0x7bef,
    0x8c51, 0x73ae, 0x738e, 0x73ae, 0x7bae, 0x738e, 0x6b6d, 0x5aeb, 0x5acb, 0x52aa, 0x528a, 0x4a69,
    0x630c, 0x9cf3, 0x94b2, 0xa514, 0xa514, 0x7bad, 0x7bac, 0x83cc, 0x6b2a, 0x734a, 0x9c8e, 0x6b0a,
    0x83ed, 0xc5b2, 0xc592, 0xc592, 0x7b8c, 0x83ac, 0x942d, 0x7b8c, 0x62ea, 0x736b, 0x8c0d, 0x9c6e,
    0x8c0d, 0x944d, 0x944d, 0xacef, 0xa48e, 0x62e9, 0x6b0a, 0x62e9, 0x62e9, 0x7b8b, 0x7b6a, 0x7b4a,
    0x7329, 0x62c8, 0x62c8, 0x62a8, 0x5247, 0x4a26, 0x41c5, 0x39a5, 0x41e6, 0x62a8, 0x62a8, 0x5a67,
    0x4a26, 0x41c5, 0x3985, 0x3144, 0x2924, 0x3164, 0x3985, 0x2924, 0x2924, 0x2924, 0x2924, 0x3985,
    0x3985, 0x3985, 0x3985, 0x838a, 0x7309, 0x6ac8, 0x6ac8, 0x6ac8, 0x62c8, 0x62c8, 0x6ac8, 0x7309,
    0x7309, 0x7b4a, 0x7b29, 0x6ae8, 0x6ac8, 0x62a8, 0x62a7, 0x62a7, 0x62a8, 0x6ac8, 0x6ac8, 0x6ac8,
    0x6ac8, 0x6ac8, 0x6ac8, 0x7329, 0x7309, 0x7309, 0x7309, 0x6ac8, 0x62a7, 0x6aa8, 0x6ae8, 0x6ae8,
    0x6ac8, 0x62a7, 0x5a67, 0x5a67, 0x49e6, 0x49e6, 0x49e6, 0x49e6, 0x49e6, 0x49e6, 0x5206, 0x5226,
    0x5226, 0x5226, 0x5226, 0x5226, 0x5226, 0x5226, 0x5226, 0x5226, 0x5226, 0x5226, 0x5226, 0x5206,
    0x4a06, 0x5206, 0x5206, 0x5206, 0x5206, 0x5206, 0x5226, 0x6287, 0x6267, 0x6267, 0x6267, 0x6267,
    0x6267, 0x6267, 0x6267, 0x6267, 0x6267, 0x5a67, 0x5226, 0x5206, 0x49e6, 0x49e5, 0x49e5, 0x5206,
    0x5206, 0x5206, 0x5206, 0x4a06, 0x49e5, 0x49c5, 0x49c5, 0x41c5, 0x41c5, 0x49c5, 0x49e6, 0x49e5,
    0x49e5, 0x49e5, 0x49e5, 0x49c5, 0x49c5, 0x49c5, 0x41c5, 0x41a5, 0x41c5, 0x41a5, 0x41a5, 0x41a5,
    0x41a5, 0x41a5, 0x41a5, 0x3964, 0x3964, 0x3964, 0x2923, 0x3123, 0x3143, 0x3144, 0x3984, 0x3984,
    0x3984, 0x3984, 0x3964, 0x3144, 0x3164, 0x3964, 0x3964, 0x3164, 0x3144, 0x3964, 0x3984, 0x3984,
    0x3984, 0x3984, 0x41a4, 0x41a5, 0x49c5, 0x49c5, 0x49e5, 0x49e5, 0x49e5, 0x49e5, 0x49e6, 0x4a06,
    0x49c5, 0x49e5, 0x6267, 0x6ac8, 0x6287, 0x5a87, 0x5a67, 0x5a67, 0x7b29, 0x72e8, 0x7b4a, 0x7309,
    0x6ac8, 0x6aa8, 0x7309, 0x7b49, 0x836a, 0x62a8, 0x5a87, 0x6ac8, 0x62a7, 0x7309, 0x7309, 0x7309,
    0x62c8, 0x62c8, 0x4a06, 0x4a26, 0x5226, 0x4a26, 0x41e6, 0x4a06, 0x5267, 0x5aa8, 0x62a8, 0x62c8,
    0x62c8, 0x6ae9, 0x62c8, 0x62c8, 0x6b09, 0x734a, 0x83ab, 0x83cb, 0x8bcb, 0x8bec, 0x8bec, 0xacef,
    0xad10, 0x9c6f, 0xad31, 0xad11, 0xc5f4, 0xbd93, 0xc5d4, 0x5aeb, 0x5acb, 0x52aa, 0x5aeb, 0x632c,
    0x6b4d, 0x6b6d, 0x73ae, 0xc638, 0xbdd7, 0xffa9, 0xfcc3, 0xfbe1, 0xfbc1, 0xfc42, 0xfe25, 0xffed,
    0xff28, 0xfc02, 0xfc01, 0xfc83, 0xfcc3, 0xfde5, 0xfe87, 0xfc63, 0xfca3, 0xfd63, 0xfc82, 0xfc01,
    0xfd24, 0xfee7, 0xfcc3, 0xfec7, 0xffa9, 0xffa9, 0xfc22, 0xfcc3, 0xfd23, 0xfc42, 0xfca2, 0xfd83,
    0xfd23, 0xfce3, 0xffea, 0xffec, 0xffeb, 0xfda4, 0x6b4d, 0x7bef, 0x8c51, 0x73ae, 0x738d, 0x73ae,
    0x73ae, 0x738e, 0x632c, 0x5aeb, 0x5aeb, 0x52aa, 0x528a, 0x4a69, 0x630b, 0x9cf3, 0x94b2, 0xa514,
    0xa514, 0x7bad, 0x7bac, 0x83cc, 0x6b2a, 0x62c9, 0x5288, 0x5288, 0x5288, 0x7b8b, 0xc592, 0xbd91,
    0x944d, 0x944e, 0x944e, 0x9c6e, 0x9c6e, 0x8c0d, 0x944d, 0x9c6e, 0x734b, 0x9c6e, 0xacef, 0xacef,
    0xaccf, 0x8c0d, 0x736b, 0x6b0a, 0x62e9, 0x7b8b, 0x7b6a, 0x7b6a, 0x7329, 0x62c8, 0x62c8, 0x62a8,
    0x5247, 0x4a26, 0x41c5, 0x39a5, 0x39a5, 0x3185, 0x2944, 0x3164, 0x41e6, 0x41c5, 0x3985, 0x3144,
    0x2924, 0x3164, 0x3985, 0x2924, 0x2924, 0x2924, 0x2924, 0x3985, 0x3985, 0x3985, 0x3985, 0x838a,
    0x836a, 0x836a, 0x7b49, 0x7309, 0x6ac8, 0x62c8, 0x6ac8, 0x7309, 0x7309, 0x7b4a, 0x7b29, 0x6ae8,
    0x6ac8, 0x62a8, 0x62a8, 0x62a7, 0x62a8, 0x6ae8, 0x6ac8, 0x6ac8, 0x6ac8, 0x5246, 0x5246, 0x5246,
    0x6287, 0x7309, 0x7309, 0x6ac8, 0x62a7, 0x6aa8, 0x72e8, 0x6ae8, 0x6ac8, 0x62a7, 0x5a67, 0x5a67,
    0x49e6, 0x49e6, 0x49e6, 0x49e6, 0x49e6, 0x49e6, 0x5206, 0x5226, 0x5226, 0x5226, 0x5226, 0x5226,
    0x5226, 0x5226, 0x5226, 0x5226, 0x5226, 0x5226, 0x5226, 0x5206, 0x4a06, 0x5206, 0x5206, 0x5206,
    0x5206, 0x5226, 0x6287, 0x6287, 0x6287, 0x6267, 0x6267, 0x6267, 0x6267, 0x6267, 0x6267, 0x6267,
    0x5a47, 0x5226, 0x5226, 0x5206, 0x49e6, 0x49e5, 0x49e5, 0x5206, 0x5206, 0x5206, 0x5206, 0x5206,
    0x49e5, 0x49c5, 0x49c5, 0x41c5, 0x41c5, 0x49c5, 0x49e6, 0x49e5, 0x49e5, 0x49e5, 0x49e5, 0x49c5,
    0x49c5, 0x49c5, 0x41c5, 0x41a5, 0x41c5, 0x41c5, 0x41a5, 0x41a5, 0x41a5, 0x41a5, 0x3984, 0x3964,
    0x3964, 0x3964, 0x2923, 0x3123, 0x3143, 0x3144, 0x3984, 0x3984, 0x3984, 0x3984, 0x3964, 0x3984,
    0x41a5, 0x3964, 0x3964, 0x3164, 0x3144, 0x3964, 0x3984, 0x3984, 0x3984, 0x3984, 0x41a4, 0x41a5,
    0x49c5, 0x49c5, 0x49e5, 0x49e5, 0x49e5, 0x49e5, 0x49e6, 0x4a06, 0x5206, 0x5206, 0x6267, 0x6ac8,
    0x6287, 0x5a87, 0x5a67, 0x7308, 0x7b29, 0x72e8, 0x7b4a, 0x7309, 0x6ae8, 0x6ac8, 0x7309, 0x7b49,
    0x72e8, 0x62a8, 0x5a87, 0x6ac8, 0x6ae8, 0x7309, 0x7329, 0x62a8, 0x62c8, 0x62c8, 0x4a26, 0x5247,
    0x5226, 0x4a26, 0x4206, 0x4a06, 0x5267, 0x5aa8, 0x62a8, 0x62c8, 0x62e9, 0x6ae9, 0x6b09, 0x6b09,
    0x6b09, 0x734a, 0x83ab, 0x83cb, 0x8bcc, 0x8bec, 0x8c0c, 0xacef, 0xad10, 0x9c6f, 0xad11, 0xb572,
    0xc5f4, 0xb573, 0xce15, 0x6b4d, 0x6b4d, 0x5aeb, 0x5aeb, 0x632c, 0x6b4d, 0x738e, 0x73ae, 0xc618,
    0xfe52, 0xffc9, 0xfea6, 0xfca3, 0xfc01, 0xfc02, 0xfcc3, 0xfdc4, 0xfce3, 0xfc42, 0xfc01, 0xfc02,
    0xfcc3, 0xfea7, 0xfda5, 0xfc02, 0xfc82, 0xfc42, 0xfc02, 0xfc42, 0xfc63, 0xfd24, 0xfd23, 0xfe86,
    0xffee, 0xffeb, 0xfda4, 0xfee7, 0xffec, 0xfd03, 0xfc22, 0xfdc5, 0xfe25, 0xfde4, 0xffec, 0xfea7,
    0xfc42, 0xfcc2, 0x6b4d, 0x7bef, 0x6b6d, 0x738e, 0x6b4d, 0x73ae, 0x73ae, 0x738e, 0x630c, 0x5aeb,
    0x632c, 0x62eb, 0x5acb, 0x528a, 0x630b, 0x94b2, 0x9492, 0xa514, 0xa514, 0x7bad, 0x7bac, 0x83cc,
    0x6b2a, 0x62c9, 0x5288, 0x5288, 0x5288, 0x5268, 0x5268, 0x5268, 0x41c6, 0x942d, 0xa48e, 0x944e,
    0x8c0d, 0x8c0d, 0x942d, 0x9c6e, 0x944d, 0x83ac, 0x942d, 0xaccf, 0xaccf, 0xa4cf, 0x732a, 0x62c9,
    0x62e9, 0x734a, 0x7b6a, 0x7b6a, 0x7329, 0x62c8, 0x62c8, 0x62c8, 0x5247, 0x5226, 0x41c5, 0x39a5,
    0x39a5, 0x3185, 0x2944, 0x3164, 0x3985, 0x5247, 0x7329, 0x62c8, 0x2924, 0x3164, 0x3985, 0x2924,
    0x2924, 0x2924, 0x2924, 0x3985, 0x3985, 0x3985, 0x3985, 0x838a, 0x836a, 0x836a, 0x7b4a, 0x7309,
    0x6ae8, 0x62c8, 0x62c8, 0x6ac8, 0x7329, 0x7b4a, 0x7b29, 0x6ae8, 0x6ac8, 0x62a8, 0x62a8, 0x62a7,
    0x62a8, 0x6ae8, 0x6ac8, 0x6ac8, 0x6ac8, 0x5246, 0x5246, 0x5246, 0x5246, 0x5a67, 0x5a67, 0x5246,
    0x5a47, 0x6aa8, 0x72e8, 0x6ae8, 0x6ac8, 0x62a7, 0x5a67, 0x5a67, 0x49e6, 0x49e6, 0x49e6, 0x49e6,
    0x49e6, 0x49e6, 0x5206, 0x5226, 0x5226, 0x5226, 0x5226, 0x5226, 0x5226, 0x5226, 0x5226, 0x5226,
    0x5226, 0x5226, 0x5226, 0x5206, 0x4a06, 0x5206, 0x5206, 0x5206, 0x5a47, 0x6287, 0x6287, 0x6287,
    0x6287, 0x6267, 0x6267, 0x6267, 0x6267, 0x6267, 0x6267, 0x5a47, 0x5226, 0x5226, 0x5226, 0x5206,
    0x49e6, 0x49e5, 0x49e6, 0x5206, 0x5206, 0x5206, 0x5206, 0x5206, 0x49e5, 0x49c5, 0x49c5, 0x49c5,
    0x41c5, 0x49c5, 0x49e6, 0x49e5, 0x49e5, 0x49e5, 0x49e5, 0x49c5, 0x49c5, 0x49c5, 0x41a5, 0x41a5,
    0x41c5, 0x41c5, 0x41a5, 0x41a5, 0x41a5, 0x3984, 0x3984, 0x3964, 0x3964, 0x3964, 0x2923, 0x3123,
    0x3143, 0x3144, 0x3984, 0x3984, 0x3984, 0x3984, 0x3964, 0x3984, 0x41a5, 0x39a4, 0x3984, 0x3964,
    0x3144, 0x3964, 0x3984, 0x3984, 0x3984, 0x3984, 0x41a4, 0x41a5, 0x49c5, 0x49c5, 0x49e5, 0x49e5,
    0x49e5, 0x49e5, 0x49e6, 0x4a06, 0x5206, 0x5206, 0x6287, 0x6ac8, 0x6287, 0x5a87, 0x5a67, 0x7b4a,
    0x7b29, 0x72e8, 0x836a, 0x7329, 0x6ae8, 0x6ac8, 0x7309, 0x7329, 0x6ac8, 0x62a8, 0x5a87, 0x6ac8,
    0x7309, 0x7329, 0x7329, 0x62a8, 0x62c8, 0x62e8, 0x4a26, 0x5247, 0x5247, 0x5247, 0x5247, 0x4a06,
    0x5267, 0x5aa8, 0x62a8, 0x62c8, 0x62e9, 0x6ae9, 0x6b09, 0x6b09, 0x6b09, 0x6b09, 0x734a, 0x7329,
    0x838b, 0x8bec, 0x8c0c, 0xa4cf, 0xad10, 0xa4d0, 0xad11, 0xc5d4, 0xc5b4, 0xb573, 0xd656, 0x632c,
    0x738e, 0x6b4d, 0x8c51, 0x9cf3, 0x632d, 0x738e, 0x73ae, 0xc618, 0xfd8a, 0xfe66, 0xfe05, 0xfd44,
    0xfc82, 0xfc01, 0xfc01, 0xfc02, 0xfc02, 0xfc42, 0xfce3, 0xfd23, 0xfd63, 0xfd24, 0xfca3, 0xfcc3,
    0xfec7, 0xfd84, 0xfc22, 0xfd84, 0xfde5, 0xfd64, 0xff68, 0xffa9, 0xfd64, 0xfd64, 0xfc22, 0xffea,
    0xffec, 0xff07, 0xfc42, 0xfba1, 0xfd64, 0xfd84, 0xfd84, 0xfd03, 0xfc02, 0xfc42, 0x6b4d, 0x7bef,
    0x6b6d, 0x738e, 0x632c, 0x5aeb, 0x52aa, 0x5aca, 0x630c, 0x5acb, 0x630c, 0x5aeb, 0x5acb, 0x528a,
    0x632c, 0x94b2, 0x9492, 0x94b2, 0x9491, 0x7bce, 0x7bac, 0x83cc, 0x6b2a, 0x62c9, 0x5288, 0x5288,
    0x5288, 0x5288, 0x5268, 0x5268, 0x41c6, 0x41c6, 0x41c6, 0x5268, 0x83ab, 0x8c0c, 0x9c4d, 0xb510,
    0xa4ae, 0x944d, 0x5a89, 0x5a89, 0x5a88, 0x5288, 0x8bec, 0x5268, 0x62c9, 0x734a, 0x7b6a, 0x7b6a,
    0x7329, 0x62c8, 0x62c8, 0x62c8, 0x5267, 0x5226, 0x41c5, 0x39a5, 0x39a5, 0x3185, 0x2944, 0x3164,
    0x39a5, 0x5247, 0x7329, 0x62c8, 0x5a87, 0x5226, 0x4a06, 0x41c5, 0x2924, 0x2924, 0x2924, 0x3985,
    0x3985, 0x3985, 0x3985, 0x838a, 0x838a, 0x836a, 0x7b4a, 0x7309, 0x6ae8, 0x62c8, 0x62c8, 0x62c8,
    0x6ac8, 0x72e9, 0x6ae8, 0x6ae8, 0x6ac8, 0x62a8, 0x62a8, 0x62a7, 0x62a8, 0x6ae8, 0x6ac8, 0x6ac8,
    0x6ac8, 0x5246, 0x5246, 0x5246, 0x5246, 0x5a67, 0x5a67, 0x5246, 0x5226, 0x5246, 0x5a67, 0x5a47,
    0x62a8, 0x6aa8, 0x5a67, 0x5a87, 0x49e6, 0x49e6, 0x49e6, 0x49e6, 0x49e6, 0x49e6, 0x5206, 0x5226,
    0x5226, 0x5226, 0x5206, 0x5226, 0x5226, 0x5226, 0x5226, 0x5226, 0x5226, 0x5226, 0x5226, 0x5206,
    0x4a06, 0x5206, 0x5206, 0x5a47, 0x6267, 0x6287, 0x6287, 0x6287, 0x6287, 0x6287, 0x6267, 0x6267,
    0x6267, 0x6267, 0x5a47, 0x5226, 0x5226, 0x5226, 0x5226, 0x5206, 0x49e6, 0x49e6, 0x49e6, 0x5206,
    0x5a47, 0x5226, 0x5206, 0x5206, 0x49e5, 0x49c5, 0x49c5, 0x49c5, 0x41c5, 0x49e6, 0x49e6, 0x49e5,
    0x49e5, 0x49e5, 0x49e5, 0x49c5, 0x49c5, 0x41a5, 0x41a5, 0x41a5, 0x41c5, 0x41c5, 0x41a5, 0x41a5,
    0x41a5, 0x3984, 0x3984, 0x3964, 0x3964, 0x3964, 0x2923, 0x3123, 0x3143, 0x3164, 0x3984, 0x3984,
    0x3984, 0x3984, 0x3964, 0x3984, 0x41a5, 0x39a4, 0x3984, 0x3984, 0x41a4, 0x41c5, 0x3984, 0x3984,
    0x3984, 0x3984, 0x41a4, 0x41a5, 0x49c5, 0x49c5, 0x49e5, 0x49e5, 0x49e5, 0x49e5, 0x49e6, 0x4a06,
    0x5206, 0x5206, 0x6287, 0x6ac8, 0x62a7, 0x6287, 0x7309, 0x834a, 0x7b29, 0x7309, 0x836a, 0x6ae8,
    0x6ae8, 0x6ac8, 0x7309, 0x6ae8, 0x6ac8, 0x62a8, 0x6287, 0x7309, 0x7329, 0x7329, 0x7329, 0x62a8,
    0x62c8, 0x62e8, 0x5226, 0x5247, 0x5247, 0x5267, 0x5267, 0x5a87, 0x5267, 0x5a87, 0x62a8, 0x62c8,
    0x62e9, 0x6ae9, 0x6b09, 0x6b09, 0x6b09, 0x6b09, 0x734a, 0x7329, 0x732a, 0x7b6a, 0x7b8b, 0xa48f,
    0xad10, 0xbd72, 0xb552, 0xc5d4, 0xb552, 0xb573, 0xd656, 0x632d, 0x5acb, 0x632d, 0x9492, 0x8431,
    0x738e, 0x9492, 0x7bf0, 0xbdd7, 0xfca9, 0xfd23, 0xfce3, 0xfdc4, 0xfea6, 0xfe05, 0xfc22, 0xfbc1,
    0xfd85, 0xffea, 0xffeb, 0xfda4, 0xfd84, 0xfd64, 0xfc82, 0xfba1, 0xfd64, 0xfda4, 0xfdc4, 0xffea,
    0xffe9, 0xfde5, 0xfe25, 0xfe86, 0xfdc4, 0xfdc5, 0xfc02, 0xfc62, 0xfe45, 0xfda4, 0xfcc2, 0xfba1,
    0xfc42, 0xfd44, 0xfd44, 0xfd03, 0xfc42, 0xfc42, 0x7bef, 0x7bcf, 0x738e, 0x738d, 0x632c, 0x5acb,
    0x52aa, 0x5aca, 0x5aeb, 0x528a, 0x52aa, 0x5acb, 0x5acb, 0x528a, 0x630c, 0x94b2, 0x9492, 0x94b2,
    0x9491, 0x7bce, 0x62c9, 0x62e9, 0x6b2a, 0x62c9, 0x5288, 0x5288, 0x5288, 0x5288, 0x5268, 0x5268,
    0x41c6, 0x41c6, 0x41c6, 0x5268, 0x6ae9, 0x6ae9, 0x6ae9, 0x6ae9, 0xa4ae, 0x944d, 0x83cc, 0x83cc,
    0x5a88, 0x5268, 0x5268, 0x6b0a, 0x6b0a, 0x734a, 0x7b6a, 0x7b6a, 0x7329, 0x62c8, 0x5a87, 0x5226,
    0x5267, 0x5226, 0x41c5, 0x39a5, 0x39a5, 0x3185, 0x2944, 0x3164, 0x39a5, 0x5247, 0x7329, 0x62c8,
    0x5a87, 0x5226, 0x4a06, 0x4a06, 0x4a06, 0x5a87, 0x5a87, 0x4a06, 0x3985, 0x3985, 0x3985, 0x838a,
    0x838a, 0x836a, 0x7b4a, 0x7309, 0x6ae8, 0x62c8, 0x62c8, 0x62c8, 0x6ac8, 0x72e9, 0x6ae8, 0x6ae8,
    0x6ac8, 0x62a8, 0x62a8, 0x62a8, 0x62a8, 0x6ae8, 0x6ae8, 0x6ac8, 0x6ac8, 0x5a46, 0x5246, 0x5246,
    0x5246, 0x5a67, 0x5a87, 0x5246, 0x5226, 0x5246, 0x5a67, 0x5a67, 0x5a47, 0x5226, 0x4a06, 0x4a06,
    0x49e6, 0x49e6, 0x49e6, 0x49e6, 0x49e6, 0x49e6, 0x5206, 0x5226, 0x5226, 0x5206, 0x49e6, 0x5226,
    0x5226, 0x5226, 0x5226, 0x5226, 0x5226, 0x5226, 0x5226, 0x5206, 0x4a06, 0x5206, 0x5a47, 0x6267,
    0x6267, 0x6287, 0x6287, 0x6287, 0x6287, 0x6287, 0x6287, 0x6267, 0x6267, 0x5a47, 0x5226, 0x5226,
    0x5226, 0x5226, 0x5226, 0x5206, 0x49e6, 0x49e6, 0x49e6, 0x5a47, 0x5a47, 0x5226, 0x5206, 0x5206,
    0x49e5, 0x49c5, 0x49c5, 0x49c5, 0x49e6, 0x49e6, 0x49e6, 0x49e5, 0x49e5, 0x49e5, 0x49e5, 0x49c5,
    0x41a5, 0x41a5, 0x41a5, 0x41a5, 0x41c5, 0x41c5, 0x41a5, 0x41a5, 0x3984, 0x3984, 0x3984, 0x3964,
    0x3964, 0x3964, 0x2923, 0x3123, 0x3143, 0x3164, 0x3984, 0x3984, 0x3984, 0x3984, 0x3964, 0x3984,
    0x41a5, 0x41a4, 0x3984, 0x3984, 0x41a4, 0x41c5, 0x49e5, 0x49e5, 0x41c5, 0x3984, 0x41a4, 0x41a5,
    0x49c5, 0x49c5, 0x49e5, 0x49e5, 0x49e5, 0x49e5, 0x49e6, 0x4a06, 0x5206, 0x5206, 0x6287, 0x6ac8,
    0x62a7, 0x6aa8, 0x7b49, 0x834a, 0x7b49, 0x7309, 0x7309, 0x6ae8, 0x72e8, 0x6ac8, 0x7309, 0x6ae8,
    0x6ac8, 0x62a8, 0x62a7, 0x7329, 0x7329, 0x7329, 0x7329, 0x62c8, 0x6ae9, 0x62e8, 0x5226, 0x5247,
    0x5247, 0x5267, 0x5267, 0x5a87, 0x5267, 0x5267, 0x5a87, 0x5a88, 0x62c8, 0x6ae9, 0x6b09, 0x6b09,
    0x6b09, 0x6b09, 0x734a, 0x7329, 0x732a, 0x7b6a, 0x7b8b, 0x9c6e, 0xb551, 0xbd72, 0xc5d3, 0xc5d4,
    0xb552, 0xbd93, 0xd656, 0x7bcf, 0x7bcf, 0x6b6e, 0x8c51, 0x8410, 0x6b6e, 0x8410, 0x7bf0, 0xbdd7,
    0xfc42, 0xfc82, 0xfca3, 0xfc01, 0xfdc4, 0xfd83, 0xfd23, 0xfce3, 0xffea, 0xffed, 0xffea, 0xfde4,
    0xfe66, 0xffea, 0xfce3, 0xfbe1, 0xfbc1, 0xfc42, 0xfe26, 0xffeb, 0xffea, 0xfc62, 0xfc01, 0xfbc1,
    0xfc83, 0xfd03, 0xff89, 0xfc63, 0xfc02, 0xfd23, 0xfd23, 0xfc01, 0xfc83, 0xfea7, 0xfe46, 0xfd64,
    0xff27, 0xffea, 0x7bef, 0x7bcf, 0x73ae, 0x738e, 0x73ae, 0x630c, 0x52aa, 0x52aa, 0x5aeb, 0x528a,
    0x52aa, 0x528a, 0x4a48, 0x4228, 0x5aeb, 0x9cf3, 0x9492, 0x94b2, 0x9491, 0x7bce, 0x62c9, 0x5a88,
    0x41e6, 0x39a6, 0x3165, 0x5288, 0x5288, 0x5288, 0x5268, 0x5268, 0x41c6, 0x41c6, 0x41c6, 0x5268,
    0x6b09, 0x6ae9, 0x6ae9, 0x6ae9, 0x5aa8, 0x5267, 0x5247, 0x734a, 0x5a88, 0x6b0a, 0x7bab, 0x83cc,
    0x6aea, 0x734a, 0x7b6a, 0x7b6a, 0x7329, 0x62c8, 0x5a88, 0x5226, 0x5a87, 0x62a8, 0x5247, 0x4a26,
    0x41e6, 0x3185, 0x2944, 0x3164, 0x39a5, 0x5267, 0x7329, 0x62c8, 0x5a87, 0x5226, 0x4a06, 0x4a06,
    0x4a06, 0x5a87, 0x5a87, 0x5a87, 0x5a87, 0x6b09, 0x6b09, 0x7b6a, 0x838a, 0x836a, 0x7b4a, 0x7309,
    0x6ae8, 0x6ac8, 0x62c8, 0x62c8, 0x6ac8, 0x7309, 0x6ae8, 0x6ae8, 0x6ac8, 0x62a8, 0x62a8, 0x62a8,
    0x62a7, 0x62a7, 0x62a7, 0x6ac8, 0x6ac8, 0x5a46, 0x5246, 0x5246, 0x5246, 0x5a67, 0x5a87, 0x5246,
    0x5226, 0x5246, 0x5a67, 0x5a67, 0x5a47, 0x5226, 0x4a06, 0x4a06, 0x49e6, 0x49e6, 0x49e6, 0x49e6,
    0x49e6, 0x49e6, 0x5206, 0x5226, 0x5206, 0x49e6, 0x49e6, 0x5226, 0x5226, 0x5226, 0x5226, 0x5226,
    0x5226, 0x5226, 0x5226, 0x5206, 0x4a06, 0x6267, 0x6267, 0x6267, 0x6267, 0x6287, 0x6287, 0x6287,
    0x6287, 0x6287, 0x6287, 0x6287, 0x5a67, 0x5226, 0x5226, 0x5226, 0x5226, 0x5226, 0x5226, 0x5206,
    0x49e6, 0x49e6, 0x5a26, 0x5a47, 0x5a47, 0x5226, 0x5206, 0x5206, 0x49e5, 0x49c5, 0x49c5, 0x49e6,
    0x49e6, 0x49e6, 0x49e6, 0x49e5, 0x49e5, 0x49e5, 0x49e5, 0x41a5, 0x41a5, 0x41a5, 0x41a5, 0x41a5,
    0x41c5, 0x41c5, 0x41a5, 0x41a5, 0x3984, 0x3984, 0x3984, 0x3964, 0x3964, 0x3984, 0x2903, 0x2923,
    0x3143, 0x3164, 0x3984, 0x3984, 0x3984, 0x3984, 0x3964, 0x3984, 0x41a5, 0x41a4, 0x3984, 0x3984,
    0x41a4, 0x41c5, 0x49e5, 0x49e5, 0x49e5, 0x49e5, 0x41c5, 0x41a5, 0x49c5, 0x49c5, 0x49e5, 0x49e5,
    0x49e5, 0x49e5, 0x49e6, 0x4a06, 0x5206, 0x5206, 0x6287, 0x6ac8, 0x62a7, 0x7309, 0x7b49, 0x836a,
    0x7b49, 0x7309, 0x6ac8, 0x72e8, 0x72e8, 0x6ac8, 0x7309, 0x6ae8, 0x6ac8, 0x62a8, 0x6ae8, 0x7329,
    0x7329, 0x7329, 0x7329, 0x6ae8, 0x6b09, 0x6ae8, 0x4a26, 0x5247, 0x5247, 0x5267, 0x5267, 0x5a88,
    0x5267, 0x5267, 0x5a87, 0x5a88, 0x5267, 0x5a87, 0x62c8, 0x6b09, 0x6b09, 0x6b09, 0x734a, 0x7329,
    0x732a, 0x7b6a, 0x7b8b, 0x9c6e, 0xbd72, 0xbd72, 0xc5f4, 0xbdb3, 0xb572, 0xc5d4, 0xce36, 0x7bef,
    0x7bcf, 0x7bcf, 0x8c51, 0x8c51, 0xa534, 0x9cd3, 0x8410, 0xfd90, 0xfd64, 0xffea, 0xfdc5, 0xfc62,
    0xfcc3, 0xfe66, 0xfe25, 0xff27, 0xffeb, 0xfde5, 0xfcc3, 0xfcc2, 0xfe45, 0xffe9, 0xff48, 0xfce3,
    0xfc02, 0xfc42, 0xfcc3, 0xfd43, 0xfd43, 0xfc42, 0xfc01, 0xfbe1, 0xfc82, 0xfde5, 0xfe67, 0xfc02,
    0xfc82, 0xfce3, 0xfc42, 0xfc22, 0xfc42, 0xfc63, 0xfd64, 0xfd84, 0xff28, 0xffed, 0x7bef, 0x7bcf,
    0x73ae, 0x738e, 0x73ae, 0x73ae, 0x6b4d, 0x630c, 0x5aeb, 0x528a, 0x52aa, 0x528a, 0x4a28, 0x4228,
    0x5aeb, 0x9cf3, 0xa514, 0x9cf3, 0x9492, 0x7bce, 0x62c9, 0x5a88, 0x41e6, 0x39a6, 0x3165, 0x3165,
    0x3165, 0x41e6, 0x4a27, 0x5268, 0x41e6, 0x41c6, 0x41c6, 0x5268, 0x6b09, 0x6ae9, 0x6ae9, 0x6ae9,
    0x5aa8, 0x5267, 0x5267, 0x5247, 0x39c6, 0x41e6, 0x62a8, 0x83cc, 0x8bec, 0x734a, 0x7b6a, 0x7b6a,
    0x7329, 0x62c8, 0x5a88, 0x5226, 0x5a87, 0x62a8, 0x5247, 0x4a26, 0x4a26, 0x41e6, 0x2944, 0x3985,
    0x39a5, 0x5267, 0x7329, 0x62c8, 0x5a87, 0x5226, 0x4a06, 0x4a06, 0x4a06, 0x5a87, 0x5a87, 0x5a87,
    0x5a87, 0x6b09, 0x6b09, 0x7329, 0x7309, 0x6ac8, 0x6ae8, 0x7309, 0x6ae8, 0x6ac8, 0x62c8, 0x62c8,
    0x6ac8, 0x7309, 0x72e8, 0x6ae8, 0x6ac8, 0x62a8, 0x62a8, 0x62a8, 0x62a7, 0x62a7, 0x62a7, 0x6ac8,
    0x6ac8, 0x6ac8, 0x6ac8, 0x5246, 0x5246, 0x5a67, 0x5a87, 0x5246, 0x5226, 0x5246, 0x5a67, 0x5a67,
    0x5a47, 0x5226, 0x4a06, 0x4a06, 0x49e6, 0x49e6, 0x49e6, 0x49e6, 0x49e6, 0x49e6, 0x5206, 0x49e6,
    0x49e6, 0x49e6, 0x49e6, 0x5226, 0x5226, 0x5226, 0x5226, 0x5226, 0x5226, 0x5226, 0x5226, 0x5226,
    0x6267, 0x6267, 0x6267, 0x6267, 0x6267, 0x6287, 0x6287, 0x6287, 0x6287, 0x6287, 0x6287, 0x5a47,
    0x5a26, 0x5226, 0x5226, 0x5226, 0x5226, 0x5226, 0x5226, 0x5206, 0x49e6, 0x5a26, 0x5a67, 0x5a67,
    0x5a47, 0x5226, 0x5206, 0x5206, 0x49e5, 0x49c5, 0x4a06, 0x49e6, 0x49e6, 0x49e6, 0x49e6, 0x49e5,
    0x49e5, 0x49e5, 0x41c5, 0x41a5, 0x41a5, 0x41a5, 0x41a5, 0x41a5, 0x41c5, 0x41c5, 0x41a5, 0x41a5,
    0x3984, 0x3984, 0x3984, 0x3984, 0x3964, 0x3984, 0x2903, 0x2923, 0x3143, 0x3144, 0x3964, 0x3984,
    0x3984, 0x3984, 0x3964, 0x3984, 0x41a5, 0x41a4, 0x3984, 0x3984, 0x41a4, 0x41c5, 0x49e5, 0x49e5,
    0x49e5, 0x49e5, 0x41c5, 0x49c5, 0x49c5, 0x49e5, 0x49e5, 0x49e5, 0x49e5, 0x49e5, 0x49e6, 0x4a06,
    0x5206, 0x5206, 0x6287, 0x6ac8, 0x6aa8, 0x7309, 0x834a, 0x836a, 0x7b49, 0x6ac8, 0x6ac8, 0x72e8,
    0x72e8, 0x6ae8, 0x7309, 0x6ae8, 0x6ac8, 0x6ae8, 0x6ae8, 0x7329, 0x7329, 0x7b29, 0x7b29, 0x7329,
    0x6b09, 0x62c8, 0x4a06, 0x4a06, 0x4a26, 0x5247, 0x5267, 0x5a88, 0x5267, 0x5267, 0x5a87, 0x5a88,
    0x5a67, 0x5a87, 0x62c8, 0x62c8, 0x62e9, 0x62c8, 0x734a, 0x732a, 0x732a, 0x7b8a, 0x7b8b, 0x9c6e,
    0xbd72, 0xbd72, 0xcdf4, 0xb573, 0xbd93, 0xc5d4, 0xbdb4, 0x7bef, 0x7bef, 0x8c71, 0x7bf0, 0x9492,
    0xa535, 0x9cd3, 0x738e, 0xfca9, 0xfda4, 0xffed, 0xfea6, 0xfca3, 0xfbc1, 0xfd43, 0xfd84, 0xfe05,
    0xfdc4, 0xfc22, 0xfc02, 0xfc82, 0xfd63, 0xfee7, 0xfe86, 0xfd43, 0xfca2, 0xfc01, 0xfc02, 0xfc02,
    0xfbe1, 0xfc22, 0xfd23, 0xfce3, 0xfd43, 0xfd44, 0xfcc3, 0xfc42, 0xfe66, 0xffa9, 0xfcc3, 0xfca2,
    0xfe86, 0xfd44, 0xfe05, 0xffea, 0xff27, 0xfd43, 0x7bef, 0x6b6d, 0x6b4d, 0x6b6d, 0x73ae, 0x73ae,
    0x6b4d, 0x630c, 0x5aeb, 0x5aca, 0x52aa, 0x5aeb, 0x4228, 0x4208, 0x5aeb, 0x9cf3, 0xa514, 0x9cf3,
    0x9492, 0x7bce, 0x62e9, 0x5a88, 0x41e7, 0x39a6, 0x3165, 0x3165, 0x3165, 0x41e6, 0x41e6, 0x41e6,
    0x41e6, 0x41c6, 0x41c6, 0x5268, 0x6b09, 0x6ae9, 0x6ae9, 0x6ae9, 0x5aa8, 0x5267, 0x5267, 0x5247,
    0x39c6, 0x41e6, 0x5247, 0x5247, 0x5247, 0x5247, 0x7309, 0x7b6a, 0x7329, 0x62c8, 0x5a88, 0x5226,
    0x5a87, 0x62a8, 0x5247, 0x4a26, 0x4a26, 0x41e6, 0x2944, 0x3985, 0x4a26, 0x62a8, 0x7329, 0x62c8,
    0x5a88, 0x5226, 0x4a06, 0x4a06, 0x4a06, 0x5a87, 0x5a87, 0x5a87, 0x5a87, 0x7309, 0x6b09, 0x7329,
    0x7309, 0x6ac8, 0x6ac8, 0x6ac8, 0x6ae8, 0x7309, 0x6ac8, 0x62c8, 0x6ac8, 0x7309, 0x72e9, 0x6ae8,
    0x6ac8, 0x62a8, 0x62a8, 0x62a8, 0x62a8, 0x62a7, 0x62a7, 0x6ae8, 0x6ac8, 0x6ac8, 0x6ac8, 0x6287,
    0x6287, 0x6287, 0x6287, 0x5246, 0x5226, 0x5246, 0x5a67, 0x5a67, 0x5a47, 0x5226, 0x4a06, 0x4a06,
    0x49e6, 0x49e6, 0x49e6, 0x49e6, 0x49e6, 0x49e6, 0x49e6, 0x49e6, 0x49e6, 0x49e6, 0x49e6, 0x5226,
    0x5226, 0x5226, 0x5226, 0x5226, 0x5226, 0x5226, 0x5226, 0x5a67, 0x6267, 0x6267, 0x6267, 0x6267,
    0x6267, 0x6287, 0x6287, 0x6287, 0x6287, 0x6287, 0x5a47, 0x5a26, 0x5a26, 0x5a26, 0x5226, 0x5226,
    0x5226, 0x5226, 0x5226, 0x5206, 0x5a67, 0x5a67, 0x5a67, 0x5a67, 0x5a47, 0x5226, 0x5206, 0x5206,
    0x49e5, 0x49e6, 0x4a06, 0x49e6, 0x49e6, 0x49e6, 0x49e6, 0x49e5, 0x49e5, 0x49c5, 0x41a5, 0x41a5,
    0x41a5, 0x41a5, 0x41a5, 0x41a5, 0x41c5, 0x41c5, 0x41a5, 0x41a5, 0x3984, 0x3984, 0x3984, 0x3984,
    0x4184, 0x3984, 0x2903, 0x2923, 0x3143, 0x3144, 0x3144, 0x3143, 0x3964, 0x3984, 0x3964, 0x3984,
    0x41a5, 0x41a4, 0x3984, 0x4184, 0x41a5, 0x41c5, 0x49e5, 0x49e5, 0x49e5, 0x49e5, 0x41c5, 0x49c5,
    0x49c5, 0x49e5, 0x49e5, 0x49c5, 0x49e5, 0x49e6, 0x4a06, 0x4a06, 0x5206, 0x5206, 0x6287, 0x6ae8,
    0x6ae8, 0x7329, 0x834a, 0x836a, 0x7b29, 0x6ac8, 0x6ac8, 0x72e8, 0x72e9, 0x7309, 0x7329, 0x6ae8,
    0x6ae8, 0x6ae8, 0x6ae8, 0x7329, 0x7b29, 0x7b29, 0x7b29, 0x7329, 0x6b09, 0x62a8, 0x4a06, 0x4a26,
    0x4a26, 0x4a26, 0x5a67, 0x5a88, 0x5267, 0x5267, 0x5a87, 0x5a88, 0x5a67, 0x5a87, 0x62c8, 0x62c8,
    0x62e9, 0x62c8, 0x62a8, 0x62c8, 0x6ae9, 0x7b8b, 0x7b8b, 0xa4af, 0xbd72, 0xbd72, 0xc5b3, 0xb573,
    0xbdb4, 0xc5d4, 0xbdb4, 0x7bcf, 0x6b4e, 0x630d, 0x738e, 0x8c72, 0xa535, 0x8c51, 0x738e, 0xfc62,
    0xfd03, 0xfe66, 0xfe05, 0xfc82, 0xfba1, 0xfc02, 0xfce3, 0xfd44, 0xfd63, 0xfc82, 0xfc22, 0xfc62,
    0xfc02, 0xfd44, 0xfce3, 0xfd43, 0xfe86, 0xfe25, 0xfc42, 0xfbe1, 0xfc22, 0xfee7, 0xffed, 0xfd84,
    0xfde4, 0xfd63, 0xfce3, 0xfba1, 0xfc82, 0xfda4, 0xfda4, 0xfe25, 0xffeb, 0xfe86, 0xfd64, 0xfe05,
    0xff07, 0xfdc4, 0x7bef, 0x6b6d, 0x6b4d, 0x6b4d, 0x73ae, 0x6b6d, 0x632c, 0x630c, 0x5aeb, 0x5aca,
    0x52aa, 0x5acb, 0x52aa, 0x4a49, 0x632c, 0x9cd3, 0xa514, 0x9cf3, 0x9492, 0x840f, 0x62e9, 0x5a88,
    0x41e7, 0x39a6, 0x3165, 0x3165, 0x3165, 0x41e6, 0x41e6, 0x41e6, 0x41e6, 0x41c6, 0x41c6, 0x4a27,
    0x5267, 0x6b09, 0x6ae9, 0x6ae9, 0x5aa8, 0x5267, 0x5267, 0x5247, 0x39c6, 0x41e6, 0x5247, 0x5247,
    0x5247, 0x5247, 0x5247, 0x5247, 0x4a06, 0x4a06, 0x5a88, 0x5246, 0x5a87, 0x62c8, 0x5247, 0x5226,
    0x4a26, 0x41e6, 0x2944, 0x3985, 0x4a26, 0x62a8, 0x7329, 0x62c8, 0x5a88, 0x5a87, 0x5a87, 0x4a06,
    0x4a06, 0x5a87, 0x5a87, 0x5a87, 0x5a87, 0x7309, 0x6b09, 0x7329, 0x7309, 0x6ac8, 0x6ac8, 0x6ac8,
    0x6ae8, 0x7309, 0x7309, 0x7309, 0x7309, 0x7309, 0x7309, 0x6ae8, 0x6ac8, 0x62a8, 0x62a8, 0x62a8,
    0x62a8, 0x62a7, 0x62a7, 0x6ae8, 0x6ac8, 0x6ac8, 0x6ac8, 0x6287, 0x6287, 0x6287, 0x6287, 0x5a87,
    0x5a67, 0x62a7, 0x62a8, 0x5a67, 0x5a67, 0x5226, 0x4a06, 0x4a06, 0x49e6, 0x49e6, 0x49e6, 0x49e6,
    0x49e6, 0x49e6, 0x49e6, 0x49e6, 0x49e6, 0x49e6, 0x49e6, 0x5226, 0x5226, 0x5226, 0x5226, 0x5226,
    0x5226, 0x5226, 0x5226, 0x5a67, 0x6267, 0x6267, 0x6267, 0x6267, 0x6267, 0x6287, 0x6287, 0x6287,
    0x6287, 0x5a47, 0x5a27, 0x5a26, 0x5a26, 0x5a26, 0x5226, 0x5226, 0x5226, 0x5226, 0x5226, 0x5a47,
    0x5a67, 0x5a67, 0x5a67, 0x5a67, 0x5a47, 0x5226, 0x5206, 0x5206, 0x5206, 0x5206, 0x4a06, 0x49e6,
    0x49e6, 0x49e6, 0x49e6, 0x49e5, 0x49c5, 0x41a5, 0x41a5, 0x41a5, 0x41a5, 0x41a5, 0x41a5, 0x41a5,
    0x41c5, 0x41c5, 0x41a5, 0x41a5, 0x3984, 0x3984, 0x3984, 0x41a5, 0x4184, 0x3984, 0x2903, 0x2923,
    0x3143, 0x3144, 0x3144, 0x3143, 0x3143, 0x3144, 0x3144, 0x3984, 0x41a5, 0x41a4, 0x3984, 0x41a4,
    0x41a5, 0x41c5, 0x49e5, 0x49e5, 0x49e5, 0x49e5, 0x41c5, 0x49c5, 0x49c5, 0x49e5, 0x49e5, 0x49c5,
    0x41c5, 0x41c5, 0x49c5, 0x4a06, 0x5206, 0x5206, 0x6287, 0x6ae8, 0x6ae8, 0x7329, 0x834a, 0x836a,
    0x6ac8, 0x6ac8, 0x6ac8, 0x72e9, 0x7309, 0x7329, 0x7329, 0x6ae8, 0x6ae8, 0x6ae8, 0x6ae8, 0x7b29,
    0x7b29, 0x7b29, 0x7b49, 0x7329, 0x6ae9, 0x5aa8, 0x4a06, 0x4a26, 0x4a26, 0x4a26, 0x5a67, 0x5a88,
    0x5aa8, 0x5aa8, 0x62e9, 0x5a88, 0x5a67, 0x5a87, 0x62c8, 0x62c8, 0x62e9, 0x62c9, 0x62a8, 0x62c8,
    0x6ae9, 0x732a, 0x7b8b, 0xa4cf, 0xbd72, 0xbd72, 0xc5b3, 0xbd73, 0xbdb4, 0xce15, 0xbdb4, 0x6b6e,
    0x9cb3, 0x94b3, 0x7bd0, 0x9492, 0x9cd3, 0x9492, 0xdccc, 0xfee7, 0xfce3, 0xfcc3, 0xfd23, 0xfd03,
    0xfc01, 0xfc42, 0xfe66, 0xfe66, 0xfd24, 0xfe46, 0xffe9, 0xfbe1, 0xfc42, 0xfc62, 0xfca3, 0xfc22,
    0xfd64, 0xfd83, 0xfd43, 0xfce3, 0xfee7, 0xffec, 0xffec, 0xfe86, 0xfd63, 0xff68, 0xfe45, 0xfc02,
    0xfba1, 0xfbe1, 0xfc82, 0xff28, 0xffec, 0xff28, 0xfc01, 0xfc02, 0xfc42, 0xfc82, 0x8430, 0x6b6d,
    0x6b4d, 0x6b4d, 0x73ae, 0x6b6d, 0x5aeb, 0x5aca, 0x5acb, 0x5aaa, 0x52aa, 0x5acb, 0x52aa, 0x4a49,
    0x632c, 0x94b2, 0x9492, 0x94b2, 0x9cb2, 0x840f, 0x6b4b, 0x6b2a, 0x5aa9, 0x39a6, 0x3165, 0x3165,
    0x3165, 0x41e6, 0x41e6, 0x41e6, 0x41e6, 0x41e6, 0x41c6, 0x4a27, 0x5267, 0x6b09, 0x6ae9, 0x5267,
    0x5267, 0x5267, 0x5267, 0x5267, 0x39c6, 0x41e6, 0x5247, 0x5247, 0x5247, 0x5247, 0x5247, 0x5247,
    0x4a06, 0x39a5, 0x41e6, 0x5247, 0x5226, 0x62c8, 0x5267, 0x5226, 0x4a26, 0x41e6, 0x2944, 0x3985,
    0x4a26, 0x62a8, 0x7329, 0x62c8, 0x5a88, 0x5a87, 0x5a87, 0x4a06, 0x4a06, 0x4a06, 0x5226, 0x5a87,
    0x5a87, 0x7309, 0x6b09, 0x7329, 0x7309, 0x6ac8, 0x6ac8, 0x6ac8, 0x6ae8, 0x7309, 0x7309, 0x7309,
    0x7309, 0x7309, 0x7309, 0x72e9, 0x6ae8, 0x6ae8, 0x62a8, 0x62a8, 0x62a8, 0x62a7, 0x62a7, 0x6ae8,
    0x6ac8, 0x6ac8, 0x6ac8, 0x6287, 0x6287, 0x6287, 0x6287, 0x5a87, 0x5a87, 0x62a7, 0x7309, 0x72e8,
    0x6ae8, 0x62a8, 0x5226, 0x5206, 0x49e6, 0x49e6, 0x49e6, 0x49e6, 0x49e6, 0x49e6, 0x49e6, 0x49e6,
    0x49e6, 0x49e6, 0x49e6, 0x5226, 0x5226, 0x5226, 0x5226, 0x5226, 0x5226, 0x5226, 0x5226, 0x5a67,
    0x6267, 0x6267, 0x6267, 0x6267, 0x6267, 0x6287, 0x6287, 0x6287, 0x5a47, 0x5a27, 0x5a27, 0x5a27,
    0x5a26, 0x5a26, 0x5226, 0x5226, 0x5226, 0x5226, 0x5a47, 0x6267, 0x5a67, 0x5a67, 0x5a67, 0x5a67,
    0x5a47, 0x5226, 0x5206, 0x49e5, 0x49e6, 0x5206, 0x4a06, 0x49e6, 0x49e6, 0x49e6, 0x49e6, 0x41c5,
    0x41a5, 0x41a5, 0x41a5, 0x41a5, 0x41a5, 0x41a5, 0x41a5, 0x41a5, 0x41c5, 0x41c5, 0x41a5, 0x41a5,
    0x3984, 0x3984, 0x41a5, 0x41a5, 0x41a4, 0x3984, 0x2903, 0x2923, 0x3143, 0x3144, 0x3144, 0x3143,
    0x3143, 0x3144, 0x3144, 0x3164, 0x3164, 0x3984, 0x3984, 0x41a4, 0x41a5, 0x41c5, 0x49e5, 0x49e5,
    0x49e5, 0x49e5, 0x41c5, 0x49c5, 0x49c5, 0x49e5, 0x49e5, 0x49e5, 0x41c5, 0x41c5, 0x49c5, 0x49c5,
    0x49e5, 0x4a06, 0x6287, 0x6ae8, 0x72e8, 0x7b29, 0x834a, 0x72e8, 0x6ac8, 0x6ac8, 0x6ac8, 0x7309,
    0x7329, 0x7329, 0x7329, 0x6ae8, 0x6ae8, 0x6ae8, 0x6ae8, 0x7b29, 0x7b29, 0x7b49, 0x7b49, 0x7329,
    0x62c8, 0x5aa8, 0x4a06, 0x4a26, 0x4a26, 0x4a27, 0x5a67, 0x5a88, 0x5aa8, 0x5aa8, 0x6b09, 0x732a,
    0x6b09, 0x62a8, 0x62c8, 0x62c8, 0x62e9, 0x62e9, 0x62a8, 0x62c8, 0x6ae9, 0x732a, 0x7b8b, 0xa4cf,
    0xb551, 0xbd72, 0xcdf4, 0xbd73, 0xbdb4, 0xd656, 0xbdb4, 0x7bcf, 0x9cf3, 0x8c72, 0x6b4e, 0x6b6f,
    0x8c51, 0x9492, 0xfeec, 0xff68, 0xfcc3, 0xfc02, 0xfc42, 0xfc42, 0xfc42, 0xfc22, 0xfe05, 0xfe05,
    0xfe05, 0xffeb, 0xffef, 0xff28, 0xfd03, 0xffea, 0xfe45, 0xfd23, 0xfc82, 0xfe05, 0xfe45, 0xfdc4,
    0xffea, 0xff88, 0xfd23, 0xfc62, 0xfd63, 0xfea6, 0xffc9, 0xfdc4, 0xfc42, 0xfbe1, 0xfc22, 0xfd23,
    0xfde5, 0xfce3, 0xfc42, 0xfc02, 0xfc02, 0xfc82, 0x8c51, 0x8430, 0x738e, 0x6b4c, 0x738e, 0x6b4d,
    0x5aeb, 0x52aa, 0x5acb, 0x52aa, 0x4228, 0x4208, 0x4a49, 0x4a49, 0x630c, 0x94b2, 0x9492, 0x94b2,
    0x9cb2, 0x840f, 0x6b4b, 0x6b2a, 0x6b2a, 0x736b, 0x83cc, 0x62c9, 0x3165, 0x41e6, 0x41e6, 0x41e6,
    0x41e6, 0x41e6, 0x41c6, 0x4a27, 0x5267, 0x6b09, 0x6ae9, 0x5267, 0x5267, 0x5267, 0x41e6, 0x39c6,
    0x39c6, 0x41e6, 0x5247, 0x5247, 0x5247, 0x5247, 0x5247, 0x5247, 0x4a06, 0x39a5, 0x41e6, 0x5247,
    0x5226, 0x5226, 0x5a87, 0x62a8, 0x5a67, 0x41e6, 0x2944, 0x3985, 0x4a26, 0x62a8, 0x7329, 0x62c8,
    0x62a8, 0x5a88, 0x5a87, 0x4a06, 0x4a06, 0x4a06, 0x4a06, 0x5a87, 0x5a87, 0x5a87, 0x6ac8, 0x7329,
    0x7309, 0x6ac8, 0x6ac8, 0x6ac8, 0x6ae8, 0x7309, 0x7309, 0x7309, 0x7309, 0x7309, 0x7309, 0x72e9,
    0x6ae8, 0x6ae8, 0x6ae8, 0x6ae8, 0x6ae8, 0x62a8, 0x62a7, 0x6ae8, 0x6ae8, 0x6ac8, 0x6ac8, 0x6287,
    0x6287, 0x6287, 0x6287, 0x6287, 0x5a87, 0x62a7, 0x7309, 0x72e8, 0x72e8, 0x62a8, 0x5a46, 0x5246,
    0x49e6, 0x49e6, 0x49e6, 0x49e6, 0x49e6, 0x49e6, 0x49e6, 0x49e6, 0x49e6, 0x49e6, 0x49e6, 0x5226,
    0x5226, 0x5226, 0x5226, 0x5226, 0x5226, 0x5226, 0x5226, 0x5a67, 0x6267, 0x6267, 0x6267, 0x6267,
    0x6267, 0x6287, 0x6287, 0x5a26, 0x5a26, 0x5a27, 0x5a27, 0x5a27, 0x5a27, 0x5a26, 0x5226, 0x5226,
    0x5226, 0x5a47, 0x6267, 0x6267, 0x6267, 0x5a67, 0x5a67, 0x5a67, 0x5a47, 0x5226, 0x49e5, 0x49e5,
    0x49e6, 0x5206, 0x4a06, 0x49e6, 0x49e6, 0x49e6, 0x49c5, 0x3984, 0x41a5, 0x41a5, 0x41a5, 0x41a5,
    0x41a5, 0x41a5, 0x41c5, 0x41c5, 0x41c5, 0x41c5, 0x41a5, 0x41a5, 0x3984, 0x3984, 0x41a5, 0x41a5,
    0x41a4, 0x3984, 0x2903, 0x2923, 0x3143, 0x3144, 0x3144, 0x3143, 0x3144, 0x3144, 0x3144, 0x3164,
    0x3164, 0x3984, 0x3984, 0x3984, 0x41a5, 0x41c5, 0x49e5, 0x49e5, 0x49e6, 0x49e5, 0x41c5, 0x49c5,
    0x49c5, 0x49e5, 0x49e5, 0x49e5, 0x41c5, 0x41c5, 0x49c5, 0x49c5, 0x49e5, 0x49e5, 0x6287, 0x6ae8,
    0x72e8, 0x7b29, 0x7b49, 0x6ac8, 0x6ac8, 0x6ac8, 0x6ac8, 0x7309, 0x7329, 0x7329, 0x7b29, 0x72e8,
    0x6ae8, 0x6ae8, 0x6ae8, 0x7309, 0x7b49, 0x7b49, 0x7329, 0x7309, 0x62c8, 0x62a8, 0x5247, 0x5247,
    0x4a26, 0x4a27, 0x5a87, 0x5a88, 0x5aa8, 0x62a8, 0x6b09, 0x732a, 0x6b09, 0x6ae9, 0x6b09, 0x7b4a,
    0x6b09, 0x62e9, 0x62a8, 0x62c8, 0x6ae9, 0x732a, 0x838b, 0xa4cf, 0xad31, 0xbd72, 0xce15, 0xbdb3,
    0xc5f5, 0xd656, 0xb593, 0x7bf0, 0x9492, 0x8c72, 0x9cf4, 0xbdd7, 0x8c72, 0x9492, 0xfc46, 0xfd03,
    0xfc82, 0xfd63, 0xfc62, 0xfbe1, 0xfc62, 0xfd84, 0xfd03, 0xfe05, 0xffc9, 0xfee7, 0xfe66, 0xfcc3,
    0xfda4, 0xffeb, 0xffec, 0xfda4, 0xfc22, 0xfd03, 0xfd63, 0xfda4, 0xfe65, 0xfd23, 0xfc02, 0xfc22,
    0xfca2, 0xfda4, 0xfee7, 0xfe25, 0xfd03, 0xfc82, 0xfbe1, 0xfc02, 0xfc42, 0xfbe1, 0xfc42, 0xfc82,
    0xfce2, 0xfd43, 0x8c51, 0x8430, 0x738e, 0x632c, 0x632c, 0x632c, 0x5aeb, 0x52aa, 0x5aca, 0x52aa,
    0x4208, 0x4207, 0x4228, 0x39e7, 0x5aca, 0x94b2, 0x9492, 0x94b2, 0x9cb2, 0x840f, 0x6b4b, 0x6b2a,
    0x6b2a, 0x736b, 0x83cc, 0x734a, 0x6b2a, 0x6b0a, 0x62c9, 0x41e6, 0x41e6, 0x41e6, 0x41c6, 0x4a27,
    0x5267, 0x6b09, 0x6b09, 0x5267, 0x5267, 0x5267, 0x41e6, 0x39c6, 0x39c6, 0x41e6, 0x5247, 0x5247,
    0x5247, 0x5247, 0x5247, 0x5247, 0x4a06, 0x39a5, 0x41e6, 0x5247, 0x5247, 0x5226, 0x5a87, 0x62a8,
    0x62a8, 0x62a8, 0x62a8, 0x5247, 0x4a26, 0x62a8, 0x7329, 0x62c8, 0x62a8, 0x5a88, 0x5a87, 0x4a06,
    0x4a06, 0x4a06, 0x4a06, 0x5a87, 0x5a87, 0x5a87, 0x5a87, 0x7329, 0x7329, 0x7309, 0x6ac8, 0x6ac8,
    0x6ae8, 0x7309, 0x7309, 0x7309, 0x7309, 0x7309, 0x7309, 0x7309, 0x6ae8, 0x6ae8, 0x6ae8, 0x6ae8,
    0x6ae8, 0x6ae8, 0x6ae8, 0x6ae8, 0x6ae8, 0x6ac8, 0x6ac8, 0x6287, 0x6287, 0x6287, 0x6287, 0x6287,
    0x5a87, 0x62a7, 0x7309, 0x72e8, 0x72e8, 0x62a8, 0x5a46, 0x5246, 0x49e6, 0x49e6, 0x49e6, 0x49e6,
    0x49e6, 0x49e6, 0x49e6, 0x49e6, 0x49e6, 0x49e6, 0x49e6, 0x5226, 0x5226, 0x5226, 0x5226, 0x5226,
    0x5226, 0x5226, 0x5226, 0x5a67, 0x6267, 0x6267, 0x6267, 0x6267, 0x6267, 0x6287, 0x5226, 0x5a26,
    0x5a26, 0x5a27, 0x5a27, 0x5a27, 0x5a27, 0x5a26, 0x5a26, 0x5226, 0x6267, 0x6267, 0x6267, 0x6267,
    0x6267, 0x5a67, 0x5a67, 0x5a67, 0x5a47, 0x5206, 0x49e5, 0x49e5, 0x49e6, 0x5206, 0x4a06, 0x4a06,
    0x49e6, 0x49e6, 0x3984, 0x3984, 0x41a5, 0x41a5, 0x41a5, 0x41a5, 0x41a5, 0x41c5, 0x41c5, 0x41c5,
    0x41c5, 0x41c5, 0x41a5, 0x41a5, 0x3984, 0x3984, 0x41a5, 0x41a5, 0x41a4, 0x3984, 0x2903, 0x2923,
    0x3143, 0x3144, 0x3144, 0x3143, 0x3144, 0x3144, 0x3144, 0x3164, 0x3164, 0x3984, 0x3984, 0x3984,
    0x3984, 0x3984, 0x49e5, 0x49e5, 0x49e6, 0x49e5, 0x41c5, 0x49c5, 0x49c5, 0x49e5, 0x49e5, 0x49e5,
    0x41c5, 0x41c5, 0x49c5, 0x49c5, 0x49e5, 0x49e5, 0x6287, 0x6ae8, 0x72e8, 0x7b29, 0x7329, 0x6ac8,
    0x6ac8, 0x6ac8, 0x6ae8, 0x7329, 0x7b29, 0x7b29, 0x7b29, 0x7309, 0x6ae8, 0x6ae8, 0x6ae8, 0x6ae8,
    0x7b49, 0x7b49, 0x7309, 0x7309, 0x62c8, 0x62c8, 0x5247, 0x5247, 0x5247, 0x5247, 0x5a88, 0x5a88,
    0x5aa8, 0x62a8, 0x6b09, 0x732a, 0x6b09, 0x6ae9, 0x6b09, 0x7b4a, 0x7b6a, 0x7b6a, 0x83cb, 0x62c8,
    0x6ae9, 0x732a, 0x838b, 0xa4cf, 0xacf0, 0xc5b3, 0xce15, 0xbdb3, 0xce35, 0xd656, 0xb553, 0x8c51,
    0x94b2, 0x8c72, 0xad75, 0xc618, 0x73af, 0x9492, 0xfd03, 0xfc62, 0xfc22, 0xfde5, 0xfe25, 0xfd23,
    0xfea6, 0xff27, 0xfe05, 0xffc9, 0xffeb, 0xfea6, 0xfc82, 0xfc62, 0xfc62, 0xff07, 0xfee7, 0xfdc4,
    0xfc02, 0xfba1, 0xfc62, 0xfd43, 0xfd23, 0xfd03, 0xfc42, 0xfc01, 0xfca2, 0xfca2, 0xfd03, 0xfce3,
    0xfdc4, 0xfe86, 0xfca3, 0xfc42, 0xfbc1, 0xfc63, 0xfea7, 0xff68, 0xfd83, 0xfde4, 0x7bcf, 0x73ae,
    0x738e, 0x632c, 0x632c, 0x632c, 0x5aeb, 0x52aa, 0x528a, 0x52aa, 0x4208, 0x4207, 0x4228, 0x39c7,
    0x5aca, 0x94b2, 0x8c51, 0x8410, 0x7bef, 0x840f, 0x6b4b, 0x6b2a, 0x6b2a, 0x736b, 0x83cc, 0x734a,
    0x6b2a, 0x6b0a, 0x62c9, 0x5288, 0x5268, 0x5268, 0x39a6, 0x4a27, 0x5267, 0x6b09, 0x6b09, 0x5267,
    0x5267, 0x5267, 0x4206, 0x39c6, 0x39c6, 0x41e6, 0x5247, 0x4a26, 0x39c6, 0x39c6, 0x41e6, 0x5247,
    0x4a06, 0x39a5, 0x41e6, 0x5247, 0x5247, 0x5226, 0x5a87, 0x62a8, 0x62a8, 0x62a8, 0x62a8, 0x5247,
    0x39a5, 0x39a5, 0x39a5, 0x4a26, 0x62a8, 0x5a88, 0x5a87, 0x4a06, 0x4a06, 0x4a06, 0x4a06, 0x5a87,
    0x5a87, 0x5a87, 0x5a87, 0x7329, 0x7329, 0x7329, 0x7329, 0x7309, 0x7309, 0x7309, 0x7309, 0x7309,
    0x7309, 0x7309, 0x7309, 0x7309, 0x72e9, 0x6ae8, 0x6ae8, 0x6ae8, 0x6ae8, 0x6ae8, 0x6ae8, 0x6ae8,
    0x6ae8, 0x6ac8, 0x6ac8, 0x7b29, 0x7b29, 0x6287, 0x6287, 0x6287, 0x6287, 0x62a8, 0x7309, 0x7308,
    0x72e8, 0x6ac8, 0x5a47, 0x5246, 0x49e6, 0x49e6, 0x49e6, 0x49e6, 0x49e6, 0x49e6, 0x49e6, 0x49e6,
    0x49e6, 0x49e6, 0x49e6, 0x5226, 0x5226, 0x5226, 0x5226, 0x5226, 0x5226, 0x5226, 0x5226, 0x5a67,
    0x6267, 0x6267, 0x6267, 0x6267, 0x5a47, 0x5206, 0x5226, 0x5a26, 0x5a26, 0x5a27, 0x5a27, 0x5a27,
    0x5a47, 0x5a27, 0x5a26, 0x6267, 0x6267, 0x6267, 0x6267, 0x6267, 0x6267, 0x5a67, 0x5a67, 0x5a67,
    0x5a26, 0x49e6, 0x49e5, 0x49e5, 0x49e6, 0x5206, 0x4a06, 0x4a06, 0x49e6, 0x41a5, 0x3984, 0x3984,
    0x41a5, 0x41a5, 0x41a5, 0x41a5, 0x41c5, 0x49c5, 0x41c5, 0x41c5, 0x41c5, 0x41c5, 0x41a5, 0x41c5,
    0x3984, 0x3984, 0x41a5, 0x41a5, 0x41a4, 0x3984, 0x2903, 0x2923, 0x3143, 0x3144, 0x3144, 0x3143,
    0x3144, 0x3144, 0x3164, 0x3164, 0x3964, 0x3984, 0x3984, 0x3984, 0x3984, 0x3984, 0x41a5, 0x41c5,
    0x49e6, 0x49e5, 0x41c5, 0x49c5, 0x49c5, 0x49e5, 0x49e5, 0x49e5, 0x41c5, 0x41c5, 0x49c5, 0x49c5,
    0x49e5, 0x49e5, 0x6287, 0x72e8, 0x72e8, 0x7309, 0x7309, 0x6ac8, 0x6ac8, 0x6ac8, 0x7309, 0x7b29,
    0x7b29, 0x7b29, 0x836a, 0x7309, 0x6ae8, 0x6ae8, 0x72e9, 0x7309, 0x7b49, 0x7b4a, 0x7309, 0x7309,
    0x62c8, 0x6ae9, 0x5247, 0x5267, 0x5247, 0x5247, 0x62c8, 0x62e9, 0x6ae9, 0x62a8, 0x6b29, 0x732a,
    0x6b09, 0x6b09, 0x6b09, 0x7b6a, 0x7b6a, 0x7b6a, 0x83cb, 0x83cc, 0x83cb, 0x7b6a, 0x838b, 0xa4af,
    0xacf0, 0xcdf4, 0xce15, 0xbdb3, 0xce15, 0xc5f5, 0xb553, 0xa534, 0x6b6e, 0xa514, 0xb5b6, 0x9cf4,
    0x738f, 0xed0d, 0xfe25, 0xfcc3, 0xfba1, 0xfbc1, 0xfd84, 0xfe45, 0xffea, 0xffc9, 0xfcc3, 0xfd64,
    0xfd84, 0xfc83, 0xfdc4, 0xff68, 0xfc22, 0xfca3, 0xfce3, 0xfd84, 0xfca2, 0xfbe1, 0xfc62, 0xff48,
    0xfde5, 0xfd44, 0xfda5, 0xfc42, 0xfbc1, 0xfc62, 0xfc62, 0xfc82, 0xfd23, 0xfde4, 0xfd84, 0xfd43,
    0xfcc2, 0xfd44, 0xffea, 0xffef, 0xfe86, 0xfd63, 0x7bcf, 0x6b4d, 0x632c, 0x6b6d, 0x6b4d, 0x632c,
    0x5acb, 0x52aa, 0x528a, 0x52aa, 0x528a, 0x4228, 0x4208, 0x39e7, 0x52aa, 0x94b2, 0x8c51, 0x8410,
    0x7bef, 0x8c2f, 0x6b4b, 0x6b2a, 0x6b2a, 0x736b, 0x83cc, 0x734a, 0x6b2a, 0x6b0a, 0x62c9, 0x5288,
    0x5288, 0x5268, 0x3165, 0x3165, 0x3165, 0x41e6, 0x6b09, 0x5267, 0x5267, 0x5267, 0x4206, 0x39c6,
    0x39c6, 0x41e6, 0x5247, 0x4a26, 0x39c6, 0x39c6, 0x39c6, 0x5247, 0x4a06, 0x39a5, 0x41e6, 0x5247,
    0x5247, 0x5226, 0x5a87, 0x62a8, 0x62a8, 0x62a8, 0x62a8, 0x5247, 0x39a5, 0x39a5, 0x39a5, 0x41e6,
    0x4a26, 0x4a26, 0x4a06, 0x4a06, 0x4a06, 0x4a06, 0x4a06, 0x5a87, 0x5a87, 0x5a87, 0x5a87, 0x7329,
    0x7329, 0x7329, 0x7329, 0x7309, 0x7309, 0x7309, 0x7309, 0x7309, 0x7309, 0x7309, 0x7309, 0x7309,
    0x72e9, 0x6ae8, 0x6ae8, 0x6ae8, 0x6ae8, 0x6ae8, 0x6ae8, 0x6ae8, 0x6ae8, 0x6ae8, 0x6ac8, 0x7b29,
    0x7b29, 0x7b29, 0x7329, 0x7329, 0x6ae8, 0x62a8, 0x7309, 0x7309, 0x72e8, 0x6ac8, 0x5a47, 0x5246,
    0x49e6, 0x49e6, 0x49e6, 0x49e6, 0x49e6, 0x49e6, 0x49e6, 0x49e6, 0x49e6, 0x49e6, 0x49e6, 0x5226,
    0x5226, 0x5226, 0x5226, 0x5226, 0x5226, 0x5226, 0x5226, 0x5a67, 0x6267, 0x6267, 0x6267, 0x6267,
    0x5206, 0x5206, 0x5226, 0x5a26, 0x5a26, 0x5a27, 0x5a27, 0x5a27, 0x5a47, 0x5a27, 0x5a67, 0x6287,
    0x6267, 0x6267, 0x6267, 0x6267, 0x6267, 0x5a67, 0x5a67, 0x5a47, 0x5206, 0x49e6, 0x49e5, 0x49e5,
    0x49e6, 0x5206, 0x4a06, 0x4a06, 0x41c5, 0x41a5, 0x3984, 0x3984, 0x41a5, 0x41a5, 0x41a5, 0x41c5,
    0x5206, 0x49c5, 0x49c5, 0x41c5, 0x41c5, 0x41c5, 0x41c5, 0x49e5, 0x3984, 0x3984, 0x41a5, 0x41a5,
    0x41a4, 0x41a5, 0x2923, 0x3143, 0x3144, 0x3144, 0x3144, 0x3143, 0x3144, 0x3144, 0x3164, 0x3164,
    0x3964, 0x3984, 0x3984, 0x3984, 0x3984, 0x3984, 0x41a5, 0x41c5, 0x49e6, 0x4a06, 0x5206, 0x49c5,
    0x49c5, 0x49e5, 0x49e5, 0x49e5, 0x41c5, 0x41c5, 0x49c5, 0x49c5, 0x49e5, 0x49e5, 0x6287, 0x72e8,
    0x72e8, 0x72e8, 0x7309, 0x6ac8, 0x6ac8, 0x72e8, 0x7b29, 0x7b29, 0x7b29, 0x7b29, 0x8baa, 0x7309,
    0x72e8, 0x72e9, 0x7309, 0x7309, 0x7b49, 0x7b4a, 0x7329, 0x7309, 0x62c8, 0x6ae9, 0x5247, 0x5267,
    0x5267, 0x5247, 0x62c8, 0x62e9, 0x6ae9, 0x6b09, 0x6b29, 0x6b29, 0x6b09, 0x6b09, 0x6b09, 0x7b6a,
    0x7b6a, 0x7b6a, 0x83cb, 0x83cc, 0x83cb, 0x7b8b, 0x838b, 0x9c8e, 0xacf0, 0xd635, 0xc5d4, 0xbd93,
    0xce15, 0xb553, 0xbdd4, 0x94b2, 0x7bf0, 0x9cf3, 0xad75, 0x9cf4, 0x7bcf, 0xff0c, 0xffea, 0xfe45,
    0xfba1, 0xfbc1, 0xfc62, 0xfe46, 0xfea6, 0xffeb, 0xfca2, 0xfc22, 0xfbe1, 0xfc02, 0xfca2, 0xffa9,
    0xfd64, 0xfba1, 0xfbc1, 0xfca2, 0xfca2, 0xfc22, 0xfd24, 0xfec7, 0xfde5, 0xfe05, 0xffef, 0xffec,
    0xfd64, 0xfd03, 0xfd23, 0xfe65, 0xfc22, 0xfc22, 0xfe25, 0xfd84, 0xfde4, 0xffc9, 0xffeb, 0xfdc4,
    0xfd44, 0xfdc4, 0x7bcf, 0x6b4d, 0x632c, 0x6b6d, 0x6b4c, 0x632c, 0x630c, 0x5aeb, 0x528a, 0x52aa,
    0x5289, 0x4228, 0x4208, 0x4208, 0x5aeb, 0x94b2, 0x8c51, 0x8410, 0x7bef, 0x8c2f, 0x5269, 0x41e7,
    0x5a88, 0x734a, 0x83cc, 0x734b, 0x6b2a, 0x6b0a, 0x62c9, 0x5288, 0x5288, 0x5268, 0x3165, 0x3165,
    0x3165, 0x3165, 0x3165, 0x3165, 0x39a6, 0x5267, 0x4206, 0x39c6, 0x39c6, 0x41e6, 0x5247, 0x4a26,
    0x39c6, 0x39c6, 0x39c6, 0x5247, 0x4a06, 0x39a5, 0x39a5, 0x39a5, 0x4a06, 0x5247, 0x5a87, 0x62c8,
    0x62a8, 0x62a8, 0x62a8, 0x5247, 0x39a5, 0x39a5, 0x39a5, 0x41e6, 0x4a26, 0x4a26, 0x4a06, 0x4a06,
    0x4a06, 0x4a06, 0x4a06, 0x5a87, 0x5a87, 0x5a87, 0x5a87, 0x7329, 0x7329, 0x7329, 0x7329, 0x7329,
    0x7309, 0x7309, 0x7309, 0x7309, 0x7309, 0x7309, 0x6ae8, 0x62c8, 0x6ae8, 0x6ae8, 0x6ae8, 0x6ae8,
    0x6ae8, 0x6ae8, 0x6ae8, 0x6ae8, 0x6ae8, 0x6ae8, 0x6ac8, 0x7b29, 0x7b29, 0x7b29, 0x7b29, 0x7329,
    0x7309, 0x7309, 0x7309, 0x7309, 0x72e8, 0x6ac8, 0x5a47, 0x5a46, 0x49e6, 0x49e6, 0x49e6, 0x49e6,
    0x49e6, 0x49e6, 0x49e6, 0x49e6, 0x49e6, 0x49e6, 0x5206, 0x5226, 0x5226, 0x5226, 0x5226, 0x5226,
    0x5226, 0x5226, 0x5226, 0x5a67, 0x6267, 0x6267, 0x6267, 0x5206, 0x5206, 0x5206, 0x5226, 0x5a26,
    0x5a26, 0x5a27, 0x5a27, 0x5a27, 0x5a47, 0x6267, 0x6287, 0x6287, 0x6267, 0x6267, 0x6267, 0x6267,
    0x6267, 0x5a67, 0x5226, 0x5206, 0x5206, 0x49e6, 0x49e5, 0x49e5, 0x49e6, 0x5206, 0x4a06, 0x49c5,
    0x41c5, 0x41a5, 0x3984, 0x3984, 0x41a5, 0x41a5, 0x41a5, 0x5206, 0x5206, 0x49c5, 0x49c5, 0x41c5,
    0x41c5, 0x41c5, 0x49e6, 0x49e5, 0x3984, 0x3984, 0x41a5, 0x41a5, 0x41c5, 0x41c5, 0x2923, 0x3143,
    0x3964, 0x3964, 0x3144, 0x3143, 0x3144, 0x3144, 0x3164, 0x3164, 0x3964, 0x3984, 0x3984, 0x3984,
    0x3984, 0x3984, 0x41a5, 0x41c5, 0x49e6, 0x4a06, 0x5206, 0x5206, 0x5206, 0x5206, 0x49e5, 0x49e5,
    0x41c5, 0x41c5, 0x49c5, 0x49c5, 0x49e5, 0x49e5, 0x6287, 0x72e8, 0x72e8, 0x72e8, 0x7309, 0x6ac8,
    0x6ac8, 0x7309, 0x7b29, 0x7b29, 0x7b29, 0x836a, 0x8baa, 0x7309, 0x72e9, 0x7309, 0x7309, 0x7309,
    0x7b4a, 0x7b4a, 0x7329, 0x7309, 0x62c8, 0x6ae9, 0x5247, 0x5267, 0x5267, 0x5247, 0x62c9, 0x62e9,
    0x6ae9, 0x6b09, 0x6b29, 0x6ae9, 0x62c8, 0x62c8, 0x6b09, 0x7b6a, 0x7b6a, 0x7b6a, 0x83cb, 0x8bcc,
    0x83cb, 0x7b8b, 0x83ab, 0x9c8e, 0xad10, 0xd635, 0xbd93, 0xc5b4, 0xce15, 0xa4f1, 0xce36, 0x9cf3,
    0x8c52, 0x73b0, 0xad55, 0xad55, 0x6b6e, 0xfea6, 0xffea, 0xff07, 0xfc42, 0xfbe1, 0xfbe2, 0xfcc3,
    0xfca2, 0xfcc3, 0xfc42, 0xfc62, 0xfbe1, 0xfc42, 0xfda4, 0xff69, 0xfcc3, 0xfc62, 0xfd03, 0xfc82,
    0xfc22, 0xfca2, 0xfc82, 0xfc22, 0xfe05, 0xfe05, 0xfe25, 0xfec6, 0xfe46, 0xfce3, 0xffeb, 0xffeb,
    0xfda4, 0xfc22, 0xfcc3, 0xfda4, 0xfe04, 0xfe45, 0xffa9, 0xfc22, 0xfc22, 0xfce2, 0x7bce, 0x73ae,
    0x6b6d, 0x6b6d, 0x632c, 0x630c, 0x630b, 0x5aeb, 0x5aca, 0x528a, 0x5289, 0x4228, 0x4208, 0x4208,
    0x5aeb, 0xad55, 0xad55, 0xad55, 0x9cf3, 0x8c2f, 0x5269, 0x41e7, 0x5a88, 0x62c9, 0x6b2a, 0x5aa8,
    0x62e9, 0x6b2a, 0x62c9, 0x5288, 0x5288, 0x5268, 0x3165, 0x3165, 0x3165, 0x3165, 0x3165, 0x3165,
    0x3985, 0x41c6, 0x41c6, 0x39c6, 0x39a5, 0x41e6, 0x5247, 0x4a26, 0x39c6, 0x39c6, 0x39c6, 0x5247,
    0x4a06, 0x39a5, 0x39a5, 0x39a5, 0x4a06, 0x5247, 0x5226, 0x5226, 0x62a8, 0x62a8, 0x62a8, 0x5247,
    0x39a5, 0x39a5, 0x39a5, 0x41e6, 0x4a26, 0x4a26, 0x4a26, 0x4a06, 0x4a06, 0x4a06, 0x4a06, 0x5a87,
    0x5a87, 0x7309, 0x5a87, 0x7329, 0x7329, 0x7329, 0x7329, 0x7329, 0x7309, 0x7309, 0x7309, 0x7309,
    0x7309, 0x7309, 0x6ae8, 0x62c8, 0x62c8, 0x62a8, 0x62a8, 0x6ae8, 0x6ae8, 0x6ae8, 0x6ae8, 0x6ae8,
    0x6ae8, 0x6ae8, 0x6ac8, 0x7b29, 0x7b29, 0x7b29, 0x7b29, 0x7329, 0x7329, 0x7309, 0x7309, 0x7309,
    0x72e8, 0x72e8, 0x6ae8, 0x62a8, 0x49e6, 0x49e6, 0x49e6, 0x49e6, 0x49e6, 0x49e6, 0x49e6, 0x49e6,
    0x49e6, 0x49e6, 0x5226, 0x5226, 0x5226, 0x5226, 0x5226, 0x5226, 0x5226, 0x5226, 0x5226, 0x5a67,
    0x6267, 0x5a47, 0x5226, 0x5206, 0x5206, 0x5206, 0x5226, 0x5a26, 0x5a26, 0x5a27, 0x5a27, 0x5a27,
    0x5a47, 0x6267, 0x6287, 0x6287, 0x6267, 0x6267, 0x6267, 0x6267, 0x6267, 0x5206, 0x4a06, 0x5206,
    0x5206, 0x49e6, 0x49e5, 0x49e5, 0x49e6, 0x5206, 0x49c5, 0x49c5, 0x41c5, 0x41a5, 0x3984, 0x3984,
    0x41a5, 0x41a5, 0x5226, 0x5206, 0x5206, 0x49c5, 0x49c5, 0x41c5, 0x41c5, 0x49e6, 0x49e6, 0x49e5,
    0x3984, 0x3984, 0x41a5, 0x3984, 0x49c5, 0x41c5, 0x2923, 0x3143, 0x3964, 0x3964, 0x3144, 0x3164,
    0x3964, 0x3144, 0x3164, 0x3164, 0x3964, 0x3984, 0x3984, 0x3984, 0x3984, 0x3984, 0x41a5, 0x41c5,
    0x49e6, 0x4a06, 0x5206, 0x5206, 0x5206, 0x5226, 0x5226, 0x5206, 0x41c5, 0x49c5, 0x49c5, 0x49c5,
    0x49e5, 0x49e5, 0x6287, 0x72e8, 0x72e8, 0x7308, 0x7309, 0x6ac8, 0x6ae8, 0x7329, 0x7b29, 0x7b29,
    0x7b49, 0x8baa, 0x8bab, 0x7329, 0x7309, 0x7309, 0x7309, 0x7309, 0x7b4a, 0x7b4a, 0x7329, 0x7b6a,
    0x62c8, 0x6b09, 0x5aa8, 0x5247, 0x5227, 0x5247, 0x62e9, 0x6ae9, 0x6b09, 0x6b09, 0x6b29, 0x6ae9,
    0x62c8, 0x62c8, 0x6b09, 0x6ae9, 0x6b09, 0x7b6a, 0x83cb, 0x8bcc, 0x83cb, 0x7b8b, 0x83ab, 0x9c8e,
    0xad31, 0xbdb3, 0xb532, 0xcdf4, 0xbdb4, 0xa4f1, 0xdeb8, 0xe71b, 0x738f, 0x8c52, 0x9cd3, 0xa534,
    0xbbcb, 0xfde5, 0xff07, 0xfe25, 0xfd03, 0xfc82, 0xfbe1, 0xfc02, 0xfbe1, 0xfba1, 0xfc22, 0xfd84,
    0xfcc2, 0xfd43, 0xfd23, 0xfca3, 0xfc22, 0xfd23, 0xffeb, 0xfe25, 0xfc62, 0xfdc4, 0xfe86, 0xfd23,
    0xfee7, 0xffe9, 0xfe05, 0xfc62, 0xfca2, 0xfc62, 0xffc9, 0xffeb, 0xfdc5, 0xfbe2, 0xfba1, 0xfc42,
    0xfd63, 0xfd23, 0xfd63, 0xfc22, 0xfc01, 0xfc82, 0x73ae, 0x738e, 0x6b6d, 0x6b4d, 0x632c, 0x630c,
    0x5aeb, 0x5acb, 0x52aa, 0x528a, 0x4a69, 0x52aa, 0x528a, 0x4a69, 0x5aeb, 0xad55, 0xad55, 0xad55,
    0x9cf3, 0x8c2f, 0x5289, 0x41e7, 0x5a88, 0x62c9, 0x6b2a, 0x5ac8, 0x5a88, 0x5288, 0x4a27, 0x4a47,
    0x5288, 0x5288, 0x3165, 0x3165, 0x3165, 0x3165, 0x3165, 0x3165, 0x3985, 0x41c6, 0x41c6, 0x41c6,
    0x3165, 0x3165, 0x39c6, 0x41e6, 0x39c6, 0x39c6, 0x39c6, 0x5247, 0x4a06, 0x39a5, 0x39a5, 0x39a5,
    0x4a06, 0x5247, 0x5226, 0x5226, 0x62a8, 0x5a87, 0x4a26, 0x4a06, 0x39a5, 0x39a5, 0x39a5, 0x41e6,
    0x4a26, 0x4a26, 0x4a26, 0x4a06, 0x4a06, 0x4a06, 0x4a06, 0x5a87, 0x5a87, 0x7309, 0x7309, 0x7329,
    0x7329, 0x7329, 0x7329, 0x7329, 0x7309, 0x7309, 0x7309, 0x7309, 0x7309, 0x7309, 0x6ae8, 0x62c8,
    0x62c8, 0x62a8, 0x62a8, 0x6ae8, 0x7309, 0x7b49, 0x7b49, 0x7329, 0x6ae8, 0x6ae8, 0x6ae8, 0x7b29,
    0x7b29, 0x7b29, 0x7b29, 0x7b29, 0x7329, 0x7309, 0x7309, 0x7309, 0x7308, 0x72e8, 0x6ae8, 0x6ac8,
    0x49e6, 0x49e6, 0x49e6, 0x49e6, 0x49e6, 0x49e6, 0x49e6, 0x49e6, 0x5206, 0x5226, 0x5226, 0x5226,
    0x5226, 0x5226, 0x5226, 0x5226, 0x5226, 0x5226, 0x5226, 0x5a67, 0x5a47, 0x5226, 0x5226, 0x5206,
    0x5206, 0x5206, 0x5226, 0x5a26, 0x5a26, 0x5a27, 0x5a27, 0x5a27, 0x5a47, 0x6267, 0x6287, 0x6287,
    0x6267, 0x6267, 0x6267, 0x6267, 0x5206, 0x49e6, 0x4a06, 0x5206, 0x5206, 0x49e6, 0x49e5, 0x49e5,
    0x49e6, 0x49c5, 0x49c5, 0x49c5, 0x41c5, 0x41a5, 0x3984, 0x3984, 0x41a5, 0x5226, 0x5226, 0x5206,
    0x5206, 0x49c5, 0x49c5, 0x41c5, 0x49e5, 0x49e6, 0x49e6, 0x49e5, 0x3984, 0x3984, 0x4184, 0x3984,
    0x49c5, 0x41c5, 0x2923, 0x3143, 0x3964, 0x3964, 0x3144, 0x3164, 0x3964, 0x3964, 0x3984, 0x3964,
    0x3964, 0x3984, 0x39a4, 0x3984, 0x3984, 0x3984, 0x41a5, 0x41c5, 0x4a06, 0x4a06, 0x5206, 0x5206,
    0x5206, 0x5226, 0x5226, 0x5206, 0x41c5, 0x49c5, 0x49e5, 0x49c5, 0x49e5, 0x49e5, 0x6287, 0x6ac8,
    0x72e8, 0x7308, 0x7309, 0x6ac8, 0x7329, 0x7b29, 0x7b29, 0x7b29, 0x7b29, 0x8bab, 0x8bab, 0x7329,
    0x7309, 0x7309, 0x7309, 0x7329, 0x7b4a, 0x7b6a, 0x7329, 0x7b6a, 0x62c8, 0x6b09, 0x5aa8, 0x5247,
    0x4a26, 0x4a06, 0x5247, 0x6ae9, 0x6b09, 0x6b09, 0x6b2a, 0x6ae9, 0x62c8, 0x62c9, 0x6b09, 0x6ae9,
    0x62e9, 0x6b09, 0x6b09, 0x7b6a, 0x83cb, 0x7b8b, 0x83ab, 0xa4af, 0xad31, 0xb551, 0xb572, 0xcdf5,
    0xad12, 0xbd93, 0xdeb8, 0xef7d, 0xf79d, 0xf7be, 0xffff, 0xa534, 0xfba7, 0xfc82, 0xfcc3, 0xfca2,
    0xfde4, 0xfea6, 0xfe05, 0xfc42, 0xfbc1, 0xfc83, 0xfec7, 0xffed, 0xfe05, 0xfde4, 0xfdc4, 0xfce3,
    0xfba1, 0xfbc1, 0xfd64, 0xfd64, 0xfdc4, 0xffea, 0xffc9, 0xfda4, 0xfe25, 0xfec7, 0xfe25, 0xfdc4,
    0xfd43, 0xfbe1, 0xfce3, 0xfde4, 0xfd84, 0xfcc2, 0xfba1, 0xfc02, 0xfd23, 0xfd43, 0xfd03, 0xfca2,
    0xfc42, 0xfc82, 0x9492, 0x738e, 0x6b6d, 0x6b4d, 0x632c, 0x5aeb, 0x52aa, 0x5aca, 0x5acb, 0x528a,
    0x4a69, 0x52aa, 0x5289, 0x4a49, 0x5acb, 0xad55, 0xad55, 0xad55, 0x94b2, 0x8c2f, 0x5289, 0x41e7,
    0x5a88, 0x62c9, 0x6b2a, 0x5ac8, 0x5a88, 0x5a88, 0x4a27, 0x41e6, 0x41e6, 0x41e6, 0x41e6, 0x3165,
    0x3165, 0x3165, 0x3165, 0x3165, 0x3985, 0x41c6, 0x41c6, 0x41c6, 0x3165, 0x3165, 0x39c6, 0x39c6,
    0x39c6, 0x39c6, 0x39c6, 0x5247, 0x4a26, 0x39a5, 0x39a5, 0x39a5, 0x4a06, 0x5247, 0x5247, 0x5226,
    0x62a8, 0x5a87, 0x4a26, 0x4a06, 0x39a5, 0x39a5, 0x39a5, 0x41c5, 0x4a26, 0x4a26, 0x4a26, 0x4a06,
    0x4a06, 0x4a06, 0x4a06, 0x5a87, 0x5a87, 0x7309, 0x7309, 0x7329, 0x7329, 0x7329, 0x7329, 0x7329,
    0x7329, 0x7309, 0x7309, 0x7309, 0x7309, 0x7309, 0x6ae8, 0x62c8, 0x62c8, 0x62a8, 0x62a8, 0x6ae8,
    0x7309, 0x7b49, 0x7b49, 0x7b49, 0x7b49, 0x6ae8, 0x6ae8, 0x7309, 0x7b29, 0x7b29, 0x7b29, 0x7b29,
    0x7329, 0x7329, 0x7309, 0x7309, 0x7309, 0x72e8, 0x6ae8, 0x6ae8, 0x49e6, 0x49e6, 0x49e6, 0x49e6,
    0x49e6, 0x49e6, 0x49e6, 0x5206, 0x5226, 0x5226, 0x5226, 0x5226, 0x5226, 0x5226, 0x5226, 0x5226,
    0x5226, 0x5226, 0x5226, 0x5a47, 0x5226, 0x5226, 0x5226, 0x5206, 0x5206, 0x5206, 0x5226, 0x5a26,
    0x5a26, 0x5a27, 0x5a27, 0x5a47, 0x5a47, 0x6267, 0x6287, 0x6287, 0x6267, 0x6267, 0x6267, 0x5226,
    0x49e6, 0x49e6, 0x4a06, 0x5206, 0x5206, 0x49e6, 0x49e5, 0x49e5, 0x49e5, 0x49c5, 0x49c5, 0x49c5,
    0x49c5, 0x41a5, 0x3984, 0x3984, 0x49e5, 0x5226, 0x5226, 0x5206, 0x5206, 0x49c5, 0x49c5, 0x49e5,
    0x4a06, 0x49e6, 0x49e6, 0x49e5, 0x3984, 0x3984, 0x3984, 0x3984, 0x49c5, 0x41c5, 0x2923, 0x3143,
    0x3964, 0x3964, 0x3144, 0x3164, 0x3964, 0x3964, 0x3984, 0x3984, 0x3984, 0x3984, 0x41a4, 0x3984,
    0x3984, 0x3984, 0x41a5, 0x41c5, 0x4a06, 0x4a06, 0x5206, 0x5206, 0x5206, 0x5226, 0x5226, 0x5206,
    0x41c5, 0x49c5, 0x4a06, 0x5206, 0x4a06, 0x49e5, 0x6287, 0x62a8, 0x72e8, 0x7309, 0x7309, 0x72e8,
    0x7329, 0x7b29, 0x7b29, 0x7329, 0x7b29, 0x8bab, 0x8bab, 0x7b49, 0x7309, 0x7309, 0x7309, 0x7b49,
    0x7b6a, 0x7b6a, 0x7b49, 0x7b8a, 0x62c8, 0x6ae9, 0x62a8, 0x5267, 0x4a26, 0x4a06, 0x5247, 0x4a26,
    0x5247, 0x5a87, 0x6b2a, 0x6ae9, 0x62c8, 0x62c9, 0x6b09, 0x6ae9, 0x6ae9, 0x6b09, 0x6b09, 0x734a,
    0x7b6b, 0x7b8b, 0x83ab, 0xa4cf, 0xad31, 0xa4f0, 0xb572, 0xcdf5, 0xad12, 0xc5f5, 0xd677, 0xffdf,
    0xe73c, 0xf79e, 0xffff, 0xad75, 0xfba7, 0xfc42, 0xfc62, 0xfc62, 0xfc82, 0xfda4, 0xfd63, 0xfd23,
    0xfcc2, 0xfec7, 0xffee, 0xffec, 0xfe45, 0xfd63, 0xff68, 0xfec7, 0xfc62, 0xfba1, 0xfbc1, 0xfc22,
    0xfe46, 0xffec, 0xffea, 0xfc42, 0xfc22, 0xfc22, 0xfc42, 0xfca2, 0xff89, 0xfe05, 0xfb81, 0xfcc3,
    0xfd43, 0xfd03, 0xfbe1, 0xfc42, 0xff48, 0xffa9, 0xfc62, 0xfe46, 0xffa9, 0xfde5, 0xce59, 0xdeda,
    0xce79, 0x8430, 0x632c, 0x5aeb, 0x52aa, 0x5aaa, 0x5aeb, 0x5aeb, 0x4a69, 0x4a69, 0x5269, 0x4a49,
    0x5acb, 0x9cf3, 0x94b2, 0xa514, 0x94b2, 0x8c2f, 0x4a48, 0x41e7, 0x5a88, 0x62c9, 0x6b2a, 0x5ac8,
    0x5a88, 0x5a88, 0x4a27, 0x41e6, 0x41e6, 0x41e6, 0x41e6, 0x4a27, 0x5268, 0x6b09, 0x3165, 0x3165,
    0x3985, 0x41c6, 0x41c6, 0x41c6, 0x3165, 0x3165, 0x39c6, 0x39c6, 0x39c6, 0x39c6, 0x39c6, 0x39c6,
    0x3985, 0x3144, 0x39a5, 0x39a5, 0x4a06, 0x5247, 0x5247, 0x5226, 0x62c8, 0x5a87, 0x5226, 0x4a06,
    0x39a5, 0x39a5, 0x39a5, 0x39a5, 0x39a5, 0x39a5, 0x39a5, 0x4a26, 0x4a06, 0x4a06, 0x4a06, 0x5a87,
    0x5a87, 0x7309, 0x7309, 0x7329, 0x7329, 0x7329, 0x7329, 0x7329, 0x7329, 0x7309, 0x6ae9, 0x6ac8,
    0x6ae9, 0x7309, 0x6ae8, 0x62c8, 0x62c8, 0x62c8, 0x62a8, 0x6ae8, 0x7309, 0x7b49, 0x7b49, 0x7b49,
    0x7b49, 0x6ae8, 0x6ae8, 0x6ae8, 0x6ac8, 0x62a7, 0x6ac8, 0x7b29, 0x7329, 0x7329, 0x7309, 0x7309,
    0x7309, 0x72e8, 0x6ae8, 0x6ae8, 0x49e6, 0x49e6, 0x49e6, 0x49e6, 0x49e6, 0x49e6, 0x5206, 0x5226,
    0x5226, 0x5226, 0x5226, 0x5226, 0x5226, 0x5226, 0x5226, 0x5226, 0x5226, 0x5226, 0x5226, 0x5226,
    0x5226, 0x5226, 0x5226, 0x5206, 0x5206, 0x5206, 0x5226, 0x5a26, 0x5a26, 0x5a27, 0x5a27, 0x5a47,
    0x5a47, 0x6267, 0x6287, 0x6287, 0x6267, 0x6267, 0x5a47, 0x5206, 0x49e6, 0x49e6, 0x4a06, 0x5206,
    0x5206, 0x49e6, 0x49e5, 0x49e5, 0x49e5, 0x49c5, 0x49c5, 0x49c5, 0x49c5, 0x41a5, 0x3984, 0x41c5,
    0x5206, 0x5226, 0x5226, 0x5206, 0x5206, 0x49c5, 0x49e5, 0x5206, 0x4a06, 0x49e6, 0x49e6, 0x49e5,
    0x3984, 0x3164, 0x3984, 0x3984, 0x49c5, 0x41c5, 0x2923, 0x3143, 0x3964, 0x3964, 0x3144, 0x3164,
    0x3964, 0x3964, 0x3984, 0x3984, 0x3984, 0x3984, 0x41a4, 0x41a5, 0x3984, 0x3984, 0x41a5, 0x41c5,
    0x4a06, 0x4a06, 0x5206, 0x5206, 0x5206, 0x5226, 0x5226, 0x5206, 0x41c5, 0x49c5, 0x5206, 0x5206,
    0x5206, 0x5206, 0x5a87, 0x62a8, 0x72e8, 0x7309, 0x7309, 0x7309, 0x7329, 0x7b29, 0x7b29, 0x7b29,
    0x7b29, 0x8bab, 0x8bab, 0x836a, 0x7329, 0x7309, 0x7329, 0x7b6a, 0x7b6a, 0x7b6a, 0x838a, 0x838a,
    0x62a8, 0x6ae9, 0x62a8, 0x5267, 0x4a26, 0x4a06, 0x5247, 0x4a26, 0x5247, 0x5a88, 0x5a88, 0x62c8,
    0x62c8, 0x62c9, 0x6b09, 0x6ae9, 0x6ae9, 0x6b09, 0x6b09, 0x734a, 0x7b6b, 0x7b8b, 0x734a, 0xa4cf,
    0xacf0, 0xa4f0, 0xb572, 0xcdf5, 0xad12, 0xd656, 0xce36, 0xffff, 0xce59, 0xe73c, 0xffdf, 0xa514,
    0xfc65, 0xfde4, 0xfe25, 0xfe05, 0xfc82, 0xfce3, 0xff27, 0xfce3, 0xfe86, 0xffed, 0xff68, 0xfcc3,
    0xfce3, 0xfdc4, 0xfea6, 0xffc9, 0xfda4, 0xfc42, 0xfbc1, 0xfc02, 0xfd24, 0xfe86, 0xfd43, 0xfca2,
    0xfc22, 0xfbe1, 0xfc02, 0xfcc2, 0xffea, 0xfde5, 0xfc22, 0xfc22, 0xfc22, 0xfc01, 0xfc42, 0xfc02,
    0xfce4, 0xfec7, 0xfd43, 0xffa9, 0xfff0, 0xffeb, 0xbdf7, 0xdefb, 0xad75, 0xad55, 0xad55, 0xa513,
    0x8410, 0x52aa, 0x5aeb, 0x5acb, 0x4a69, 0x4a49, 0x41e7, 0x4208, 0x52aa, 0x9cf3, 0x94b2, 0xa514,
    0x94b2, 0x8c2f, 0x4a28, 0x3185, 0x41e7, 0x5268, 0x6b2a, 0x5ac8, 0x5a88, 0x5a88, 0x4a27, 0x41e6,
    0x41e6, 0x41e6, 0x41e6, 0x4a27, 0x5268, 0x6b09, 0x6b09, 0x7bab, 0x7bab, 0x41c6, 0x41c6, 0x41c6,
    0x3165, 0x3165, 0x39c6, 0x39c6, 0x39c6, 0x39c6, 0x39c6, 0x39c6, 0x3985, 0x3144, 0x3165, 0x39a5,
    0x39a5, 0x4a06, 0x5247, 0x5226, 0x62c8, 0x5a87, 0x5226, 0x4a06, 0x39a5, 0x39a5, 0x39a5, 0x39a5,
    0x39a5, 0x39a5, 0x3985, 0x2924, 0x2924, 0x2924, 0x41c5, 0x5a87, 0x5a87, 0x7309, 0x7309, 0x7329,
    0x7329, 0x7329, 0x7329, 0x7329, 0x7329, 0x7309, 0x6ae9, 0x6ac8, 0x6ac8, 0x6ac8, 0x62a8, 0x5a87,
    0x62c8, 0x62c8, 0x62a8, 0x6ae8, 0x7309, 0x7b49, 0x7b49, 0x7b49, 0x7b49, 0x6ae8, 0x6ae8, 0x6ae8,
    0x6ac8, 0x62a7, 0x6287, 0x62a8, 0x6ac8, 0x6ac8, 0x7309, 0x7309, 0x7309, 0x72e8, 0x72e8, 0x6ae8,
    0x49e6, 0x49e6, 0x49e6, 0x49e6, 0x49e6, 0x5226, 0x5226, 0x5226, 0x5226, 0x5226, 0x5226, 0x5226,
    0x5226, 0x5226, 0x5226, 0x5226, 0x5226, 0x5226, 0x5226, 0x5226, 0x5226, 0x5226, 0x5226, 0x5206,
    0x5206, 0x5206, 0x5226, 0x5a26, 0x5a26, 0x5a27, 0x5a47, 0x5a47, 0x5a47, 0x6267, 0x6287, 0x6287,
    0x6267, 0x5a47, 0x5226, 0x5206, 0x49e6, 0x49e6, 0x4a06, 0x5206, 0x5206, 0x49e6, 0x49e5, 0x49e5,
    0x49e5, 0x49c5, 0x49c5, 0x49c5, 0x49c5, 0x41a5, 0x41c5, 0x49e6, 0x5206, 0x5226, 0x5226, 0x5206,
    0x5206, 0x49e5, 0x5206, 0x5206, 0x4a06, 0x49e6, 0x49e6, 0x49e5, 0x3984, 0x3164, 0x3984, 0x3984,
    0x49c5, 0x41c5, 0x2923, 0x3143, 0x3964, 0x3964, 0x3144, 0x3164, 0x3964, 0x3964, 0x3984, 0x3984,
    0x3984, 0x3984, 0x41a4, 0x41a5, 0x41a5, 0x41a5, 0x41a5, 0x41c5, 0x4a06, 0x5206, 0x5206, 0x5206,
    0x5206, 0x5226, 0x5226, 0x5206, 0x41c5, 0x49c5, 0x5206, 0x5206, 0x5206, 0x5206, 0x6287, 0x6aa8,
    0x7308, 0x7309, 0x7309, 0x7309, 0x7b29, 0x7b29, 0x836a, 0x7b29, 0x7b29, 0x8bab, 0x838a, 0x7b4a,
    0x7329, 0x7309, 0x7b49, 0x7b6a, 0x7b6a, 0x8bab, 0x838a, 0x838a, 0x5a88, 0x62e8, 0x5267, 0x5267,
    0x4a26, 0x4a06, 0x5267, 0x4a26, 0x5267, 0x5a88, 0x5a88, 0x62c9, 0x6ae9, 0x6b09, 0x6b09, 0x6ae9,
    0x6ae9, 0x6b09, 0x6b09, 0x734a, 0x7b8b, 0x7b8b, 0x734a, 0xa4cf, 0xa4d0, 0xa4f0, 0xb572, 0xbd93,
    0xb573, 0xd656, 0xc5f5, 0xef5d, 0xdedb, 0xffff, 0xffdf, 0x94b3, 0xfcc3, 0xffeb, 0xffec, 0xfec6,
    0xfc82, 0xfc42, 0xfd43, 0xfdc4, 0xfe25, 0xfe25, 0xfde5, 0xfbe2, 0xfc62, 0xfd03, 0xfda4, 0xffa9,
    0xfe25, 0xfd23, 0xfbe1, 0xfbc1, 0xfc22, 0xfc62, 0xfbe1, 0xfbe1, 0xfc62, 0xfca2, 0xfc42, 0xfe05,
    0xfcc3, 0xfce3, 0xfcc3, 0xfea6, 0xfc82, 0xfbc1, 0xfc02, 0xfd23, 0xfd03, 0xfd44, 0xff88, 0xffc9,
    0xfe45, 0xfd84, 0xd69a, 0xdefb, 0xad75, 0xbdd7, 0xa534, 0xad75, 0xa514, 0x94b2, 0x8c71, 0x6b6d,
    0x4a69, 0x4a49, 0x39e7, 0x4208, 0x528a, 0x9cd3, 0x94b2, 0xa514, 0x94b2, 0x8c2f, 0x4a28, 0x3185,
    0x41e7, 0x4a47, 0x5a88, 0x5a88, 0x5a88, 0x5a88, 0x4a27, 0x41e6, 0x41e6, 0x41e6, 0x41e6, 0x4a27,
    0x5268, 0x6b09, 0x6b09, 0x7bab, 0x7bab, 0x7b8b, 0x6b2a, 0x6ae9, 0x41e6, 0x3165, 0x39c6, 0x39c6,
    0x39c6, 0x39c6, 0x39c6, 0x39c6, 0x3985, 0x3144, 0x3165, 0x39a5, 0x39a5, 0x39a5, 0x3165, 0x2944,
    0x4a06, 0x5a87, 0x5226, 0x4a06, 0x39a5, 0x39a5, 0x39a5, 0x39a5, 0x39a5, 0x39a5, 0x3985, 0x2924,
    0x2924, 0x2924, 0x2924, 0x3985, 0x3985, 0x5a67, 0x7309, 0x7329, 0x7329, 0x7329, 0x7329, 0x7329,
    0x7329, 0x7309, 0x6ae9, 0x6ac8, 0x6ac8, 0x6ac8, 0x62a8, 0x5a67, 0x5a87, 0x62c8, 0x62a8, 0x6ae8,
    0x7309, 0x7b4a, 0x7b49, 0x7b49, 0x7b49, 0x6ae8, 0x6ae8, 0x6ae8, 0x6ac8, 0x62a7, 0x6287, 0x62a8,
    0x6ac8, 0x6ac8, 0x6ac8, 0x6aa8, 0x62a8, 0x62a7, 0x72e8, 0x6ae8, 0x49e6, 0x49e6, 0x49e6, 0x49e6,
    0x5226, 0x5226, 0x5226, 0x5226, 0x5226, 0x5226, 0x5226, 0x5226, 0x5226, 0x5226, 0x5226, 0x5226,
    0x5226, 0x5226, 0x5226, 0x5226, 0x5226, 0x5226, 0x5226, 0x5206, 0x5206, 0x5206, 0x5226, 0x5a26,
    0x5a26, 0x5a27, 0x5a47, 0x5a47, 0x5a47, 0x6267, 0x6287, 0x6287, 0x5a67, 0x5226, 0x5226, 0x5206,
    0x49e6, 0x49e6, 0x4a06, 0x5206, 0x5206, 0x49e6, 0x49e5, 0x49e5, 0x49e5, 0x49c5, 0x49c5, 0x49c5,
    0x49c5, 0x49c5, 0x49e6, 0x49e6, 0x5206, 0x5226, 0x5226, 0x5206, 0x5206, 0x5206, 0x5206, 0x5206,
    0x4a06, 0x49e6, 0x49e6, 0x41c5, 0x3164, 0x3164, 0x3984, 0x3984, 0x49c5, 0x49c5, 0x2903, 0x3143,
    0x3964, 0x3964, 0x3144, 0x3164, 0x3964, 0x3964, 0x3984, 0x3984, 0x3984, 0x3984, 0x41a4, 0x41a5,
    0x41a5, 0x41a5, 0x41a5, 0x41a5, 0x41c5, 0x5206, 0x5206, 0x5206, 0x5206, 0x5226, 0x5226, 0x5206,
    0x41c5, 0x49c5, 0x5206, 0x5206, 0x5206, 0x5206, 0x6287, 0x6aa8, 0x7308, 0x7309, 0x7309, 0x7329,
    0x7b29, 0x7b29, 0x838a, 0x7b29, 0x7b29, 0x8bab, 0x7b4a, 0x7b4a, 0x7329, 0x7329, 0x7b6a, 0x836a,
    0x836a, 0x93eb, 0x838a, 0x7309, 0x5a88, 0x62c8, 0x5267, 0x5a67, 0x5a87, 0x5267, 0x5267, 0x4a26,
    0x5267, 0x5a88, 0x5a88, 0x62c9, 0x6ae9, 0x6b09, 0x6b09, 0x6b2a, 0x732a, 0x732a, 0x6b09, 0x734a,
    0x7b8b, 0x7b8b, 0x734a, 0xa4cf, 0x9caf, 0xad11, 0xb572, 0xb552, 0xc5d4, 0xd656, 0xc5f5, 0xf7be,
    0xe71c, 0xf79e, 0xd6ba, 0xf4ae, 0xfc62, 0xff48, 0xffeb, 0xfea6, 0xfc02, 0xfba1, 0xfbe1, 0xfd03,
    0xfd23, 0xfd23, 0xfc62, 0xfbe1, 0xfc02, 0xfce3, 0xfce3, 0xfde5, 0xfd84, 0xfdc4, 0xfce3, 0xfc02,
    0xfc62, 0xfbe1, 0xfbe1, 0xfc62, 0xfd03, 0xfd63, 0xfd84, 0xfd23, 0xfd03, 0xfc42, 0xfc22, 0xfe26,
    0xff07, 0xfd43, 0xfd84, 0xfec6, 0xfe66, 0xfde5, 0xffea, 0xffea, 0xfd84, 0xfc42, 0xd69a, 0xdedb,
    0xad75, 0xb5b6, 0xb596, 0xb596, 0xad55, 0x9cd3, 0x9492, 0x8c30, 0x8410, 0x738d, 0x630c, 0x4207,
    0x528a, 0x8c51, 0x8c71, 0x8c71, 0x8c71, 0x83ee, 0x4a28, 0x3185, 0x41e7, 0x4a47, 0x5a88, 0x5a88,
    0x5a88, 0x41e6, 0x41e6, 0x41e6, 0x41e6, 0x41e6, 0x41e6, 0x4a27, 0x5268, 0x6b09, 0x6b09, 0x7bab,
    0x7bab, 0x7b8b, 0x6b2a, 0x6ae9, 0x6ae9, 0x6ae9, 0x62e9, 0x4a27, 0x39c6, 0x39c6, 0x39c6, 0x39c6,
    0x3985, 0x3144, 0x3165, 0x39a5, 0x39a5, 0x39a5, 0x3165, 0x2944, 0x2944, 0x2944, 0x2944, 0x2944,
    0x39a5, 0x39a5, 0x39a5, 0x39a5, 0x39a5, 0x39a5, 0x3985, 0x2944, 0x2924, 0x2924, 0x2924, 0x3985,
    0x3985, 0x4a06, 0x4a06, 0x6ae8, 0x6ae8, 0x7329, 0x7329, 0x7329, 0x7329, 0x7329, 0x6ae9, 0x6ac8,
    0x6ac8, 0x6ac8, 0x62a8, 0x5a87, 0x5a87, 0x62c8, 0x62c8, 0x72e9, 0x6ac8, 0x62a8, 0x6ae8, 0x7b49,
    0x7b49, 0x6ae8, 0x6ae8, 0x6ae8, 0x6ae8, 0x62a7, 0x6287, 0x62a8, 0x6ac8, 0x6ac8, 0x6ac8, 0x6ac8,
    0x62a8, 0x62a8, 0x62a7, 0x6287, 0x49e6, 0x49e6, 0x49e6, 0x5226, 0x5226, 0x5226, 0x5226, 0x5226,
    0x5226, 0x5226, 0x5226, 0x5226, 0x5226, 0x5226, 0x5226, 0x5226, 0x5226, 0x5226, 0x5226, 0x5226,
    0x5226, 0x5226, 0x5226, 0x5206, 0x5206, 0x5206, 0x5a26, 0x5a26, 0x5a27, 0x5a27, 0x5a47, 0x5a47,
    0x5a47, 0x6267, 0x6287, 0x5a67, 0x5226, 0x5226, 0x5226, 0x5206, 0x49e6, 0x49e6, 0x4a06, 0x5226,
    0x49e6, 0x49c5, 0x49e5, 0x49e5, 0x49e5, 0x49c5, 0x49c5, 0x49c5, 0x49c5, 0x49e6, 0x49e6, 0x49e6,
    0x5206, 0x5226, 0x5226, 0x5206, 0x5206, 0x5206, 0x5206, 0x5206, 0x4a06, 0x49e6, 0x49c5, 0x3984,
    0x3164, 0x3164, 0x3984, 0x3984, 0x49c5, 0x4184, 0x2903, 0x2923, 0x3143, 0x3964, 0x3144, 0x3164,
    0x3964, 0x3964, 0x3984, 0x3984, 0x3984, 0x3984, 0x41a4, 0x41a5, 0x41a5, 0x41a5, 0x41a5, 0x41a5,
    0x41a4, 0x41a5, 0x41c5, 0x5206, 0x5226, 0x5226, 0x5226, 0x5206, 0x41c5, 0x49c5, 0x5206, 0x5206,
    0x5206, 0x5206, 0x6287, 0x6aa8, 0x7309, 0x7329, 0x7309, 0x7329, 0x7b29, 0x7b49, 0x8baa, 0x7b29,
    0x7b49, 0x838a, 0x7b4a, 0x7b4a, 0x7329, 0x7b6a, 0x836a, 0x836a, 0x8bab, 0x93eb, 0x83aa, 0x7309,
    0x5a88, 0x6ae9, 0x5267, 0x5a67, 0x5a87, 0x5a88, 0x5a88, 0x5267, 0x5267, 0x5a88, 0x5a88, 0x62c9,
    0x6ae9, 0x6b09, 0x6b09, 0x6b2a, 0x732a, 0x734a, 0x736a, 0x7b6a, 0x7b8b, 0x7b8b, 0x734a, 0xacf0,
    0x9caf, 0xb531, 0xb552, 0xb572, 0xce15, 0xd656, 0xb594, 0xbdf7, 0xad74, 0xd699, 0xbdd7, 0xfce9,
    0xfbc1, 0xfd44, 0xfe25, 0xfd84, 0xfca2, 0xfba1, 0xfc02, 0xfcc3, 0xfd23, 0xfd03, 0xfcc3, 0xfc22,
    0xfc62, 0xfc82, 0xfc02, 0xfc82, 0xfca2, 0xfd63, 0xfe86, 0xfe45, 0xfd43, 0xfbe1, 0xfca3, 0xff89,
    0xffec, 0xff48, 0xfde4, 0xfd84, 0xfe45, 0xfce3, 0xfba1, 0xfba1, 0xfd43, 0xfd43, 0xffe9, 0xffeb,
    0xfde5, 0xfce3, 0xfe05, 0xfd43, 0xfd64, 0xfee7, 0xef7d, 0xce79, 0xbdd7, 0xad75, 0xb5b6, 0xbdd7,
    0xad75, 0x9cf3, 0x94b2, 0x73ae, 0x8430, 0x73ae, 0x73ae, 0x632c, 0x6b6d, 0x8c51, 0x8c71, 0x8c71,
    0x8430, 0x842f, 0x4a28, 0x3185, 0x41e7, 0x4a47, 0x5a88, 0x5a88, 0x5a88, 0x41e6, 0x41e6, 0x41e6,
    0x41e6, 0x41e6, 0x5288, 0x5247, 0x5268, 0x6b09, 0x6b09, 0x83ab, 0x7bab, 0x7bab, 0x6b2a, 0x6ae9,
    0x6ae9, 0x6ae9, 0x62e9, 0x62a8, 0x5247, 0x5247, 0x4a26, 0x39c6, 0x3985, 0x3144, 0x3165, 0x39a5,
    0x39a5, 0x39a5, 0x3165, 0x2944, 0x2944, 0x2944, 0x2944, 0x2944, 0x2944, 0x39a5, 0x4a26, 0x39a5,
    0x39a5, 0x39a5, 0x39a5, 0x2944, 0x2924, 0x2924, 0x2924, 0x3985, 0x3985, 0x4a06, 0x4a06, 0x6ae8,
    0x6ae8, 0x7329, 0x7309, 0x6ae8, 0x6ae8, 0x7329, 0x7309, 0x6ac8, 0x6ac8, 0x6ac8, 0x62a8, 0x5a87,
    0x5a87, 0x62c8, 0x62c8, 0x72e9, 0x6ac8, 0x62a8, 0x62a8, 0x62a8, 0x62a8, 0x6ae8, 0x6ae8, 0x6ae8,
    0x6ae8, 0x62a7, 0x6287, 0x62a8, 0x6ac8, 0x6ac8, 0x6ac8, 0x6ac8, 0x62a8, 0x62a8, 0x62a7, 0x6287,
    0x49e6, 0x4a06, 0x5226, 0x5226, 0x5226, 0x5226, 0x5226, 0x5226, 0x5226, 0x5226, 0x5226, 0x5226,
    0x5226, 0x5226, 0x5a47, 0x5226, 0x5226, 0x5226, 0x5226, 0x5226, 0x5226, 0x5226, 0x5226, 0x5206,
    0x5206, 0x5a26, 0x5a26, 0x5a26, 0x5a27, 0x5a47, 0x5a47, 0x5a47, 0x5a47, 0x6267, 0x6267, 0x5a26,
    0x5226, 0x5226, 0x5226, 0x5206, 0x49e6, 0x49e6, 0x4a06, 0x5226, 0x41a5, 0x49c5, 0x49e5, 0x49e5,
    0x49e5, 0x49c5, 0x49c5, 0x49c5, 0x49e6, 0x49e6, 0x49e6, 0x49e6, 0x5206, 0x5226, 0x5226, 0x5206,
    0x5206, 0x5206, 0x5206, 0x5206, 0x4a06, 0x49e6, 0x3984, 0x3984, 0x3164, 0x3164, 0x3984, 0x3984,
    0x41a5, 0x4184, 0x2903, 0x2923, 0x3143, 0x3144, 0x3144, 0x3164, 0x3964, 0x3964, 0x3984, 0x3984,
    0x3984, 0x3984, 0x41a4, 0x41a5, 0x41a5, 0x41a5, 0x41a5, 0x41a5, 0x41a4, 0x41a5, 0x41a5, 0x41a4,
    0x3984, 0x49e5, 0x5226, 0x5206, 0x41c5, 0x49c5, 0x5206, 0x5206, 0x5206, 0x5206, 0x6287, 0x6aa8,
    0x7b29, 0x7b49, 0x7309, 0x7329, 0x7b29, 0x8b8a, 0x8baa, 0x7b29, 0x7b49, 0x7309, 0x7b6a, 0x7b6a,
    0x7b49, 0x836a, 0x836a, 0x836a, 0x8bcb, 0x93eb, 0x83aa, 0x7309, 0x62a8, 0x6ae9, 0x5267, 0x5a67,
    0x5a87, 0x5a88, 0x5aa8, 0x5267, 0x5a87, 0x5a88, 0x5a88, 0x62c9, 0x6ae9, 0x6b09, 0x6b09, 0x732a,
    0x732a, 0x734a, 0x736a, 0x7b6a, 0x83ab, 0x8c0c, 0x7b8b, 0xb531, 0x9caf, 0xb572, 0xb572, 0xbd93,
    0xce15, 0xce16, 0xb594, 0xb5b5, 0x94b2, 0x8430, 0x8431, 0xb595, 0xfca2, 0xfbc1, 0xfca2, 0xfd43,
    0xfca2, 0xfbe1, 0xfc42, 0xff68, 0xffe9, 0xfc42, 0xfda4, 0xff68, 0xfdc5, 0xfc22, 0xfc42, 0xfca3,
    0xfc42, 0xfbe1, 0xfd23, 0xfd63, 0xfd03, 0xfca2, 0xfec7, 0xffeb, 0xffef, 0xff48, 0xfd84, 0xfe66,
    0xffea, 0xfe66, 0xfc02, 0xfba1, 0xfc02, 0xfc82, 0xff88, 0xffed, 0xff28, 0xfca2, 0xfc02, 0xfbe1,
    0xfc02, 0xfcc2, 0xef5d, 0xd69a, 0xce59, 0xc618, 0xbdd6, 0xbdf7, 0xb595, 0x9cd3, 0x94b2, 0x8430,
    0x7bef, 0x73ae, 0x7bcf, 0x738e, 0x738e, 0x8c51, 0x8c71, 0x8c71, 0x8430, 0x842f, 0x83cd, 0x4a48,
    0x41e7, 0x4a47, 0x5a88, 0x5a88, 0x5a88, 0x41e7, 0x41e6, 0x41e6, 0x41e6, 0x41e6, 0x5288, 0x62c9,
    0x6b09, 0x6b09, 0x6b09, 0x83ab, 0x7bab, 0x7bab, 0x6b2a, 0x6ae9, 0x6ae9, 0x6ae9, 0x62e9, 0x62c8,
    0x5247, 0x5247, 0x5247, 0x62e9, 0x62c9, 0x62c8, 0x3165, 0x39a5, 0x39a5, 0x39a5, 0x3165, 0x2944,
    0x2944, 0x2944, 0x2944, 0x2944, 0x2944, 0x39a5, 0x4a26, 0x4a26, 0x4a26, 0x5a67, 0x4a26, 0x2944,
    0x2944, 0x2924, 0x2924, 0x3985, 0x3985, 0x4a06, 0x4a06, 0x6ae8, 0x6b08, 0x7329, 0x7309, 0x6ae8,
    0x62c8, 0x5a87, 0x5a87, 0x62a7, 0x6ac8, 0x6ac8, 0x62a8, 0x5a87, 0x5a87, 0x62c8, 0x62c8, 0x7309,
    0x6ac8, 0x62a8, 0x62a8, 0x62a8, 0x62a8, 0x6ae8, 0x6ae8, 0x7b49, 0x7b29, 0x7309, 0x6287, 0x62a8,
    0x6ac8, 0x6ac8, 0x6ac8, 0x6ac8, 0x62a8, 0x62a8, 0x62a7, 0x6287, 0x5206, 0x5226, 0x5226, 0x5226,
    0x5226, 0x5226, 0x5226, 0x5226, 0x5226, 0x5226, 0x5226, 0x5226, 0x5226, 0x5a47, 0x6267, 0x5226,
    0x5226, 0x5226, 0x5226, 0x5226, 0x5226, 0x5226, 0x5226, 0x5206, 0x5226, 0x5a26, 0x5a26, 0x5a27,
    0x5a27, 0x5a47, 0x5a47, 0x5a47, 0x5a47, 0x6267, 0x5a47, 0x5a26, 0x5a26, 0x5226, 0x5226, 0x5206,
    0x49e6, 0x49e6, 0x4a06, 0x41a5, 0x41a5, 0x49c5, 0x49e5, 0x49e5, 0x49e5, 0x49c5, 0x49c5, 0x4a06,
    0x49e6, 0x49e6, 0x49e6, 0x49e6, 0x5206, 0x5226, 0x5226, 0x5206, 0x5206, 0x5206, 0x5206, 0x5206,
    0x4a06, 0x3964, 0x3984, 0x3984, 0x3964, 0x3164, 0x3984, 0x3984, 0x41a5, 0x4184, 0x2903, 0x2923,
    0x3143, 0x3144, 0x3144, 0x3964, 0x3984, 0x3984, 0x3984, 0x3984, 0x3984, 0x3984, 0x41a4, 0x41a5,
    0x41a5, 0x41a5, 0x41c5, 0x41a5, 0x41a4, 0x41a5, 0x41a5, 0x41a4, 0x3984, 0x3984, 0x41c5, 0x49e5,
    0x41c5, 0x49c5, 0x5206, 0x5206, 0x5206, 0x5206, 0x6287, 0x6aa8, 0x836a, 0x7b49, 0x7309, 0x7b29,
    0x836a, 0x8baa, 0x8bab, 0x7b29, 0x7309, 0x7309, 0x7b6a, 0x836a, 0x838a, 0x836a, 0x836a, 0x838a,
    0x93eb, 0x93eb, 0x83ab, 0x6ae9, 0x62e8, 0x6ae9, 0x5267, 0x5a87, 0x5a87, 0x5a88, 0x5aa8, 0x5267,
    0x5a88, 0x5a88, 0x5a88, 0x6b29, 0x734a, 0x732a, 0x6b09, 0x732a, 0x734a, 0x734a, 0x736a, 0x7b6b,
    0x83ab, 0x8c0c, 0x83ab, 0xb551, 0xad11, 0xb572, 0xb572, 0xc5f5, 0xc5d4, 0xce16, 0xb594, 0x9cb2,
    0x738e, 0x738f, 0x738f, 0xb595, 0xf571, 0xfc22, 0xfbe1, 0xfc42, 0xfc42, 0xfc42, 0xfbe2, 0xff07,
    0xfe25, 0xfd43, 0xffeb, 0xfff1, 0xffea, 0xfcc3, 0xfde4, 0xffe9, 0xfe25, 0xfc62, 0xfca2, 0xfe25,
    0xfea6, 0xfe05, 0xffed, 0xffa8, 0xfe05, 0xfc62, 0xfd23, 0xfe25, 0xff68, 0xffa8, 0xfcc3, 0xfc02,
    0xfbe1, 0xfc02, 0xfca2, 0xfe45, 0xfce3, 0xfc42, 0xfc02, 0xfbe1, 0xfc22, 0xfdcb, 0xdefb, 0xce79,
    0xc618, 0xc618, 0xb596, 0xad75, 0xad75, 0x9cd3, 0x8c71, 0x7bcf, 0x9cf3, 0x8430, 0x840f, 0x6b6d,
    0x73ae, 0x9cd3, 0x94b2, 0x94b2, 0x8c51, 0x842f, 0x83cd, 0x83ed, 0x83ec, 0x6b2a, 0x5a88, 0x5a88,
    0x5a88, 0x41e7, 0x41e6, 0x41e6, 0x41e6, 0x41e6, 0x5288, 0x62c9, 0x6b09, 0x6b09, 0x6b09, 0x6b09,
    0x734a, 0x7bab, 0x6b2a, 0x6ae9, 0x6ae9, 0x6ae9, 0x6ae9, 0x62c8, 0x5247, 0x5247, 0x5247, 0x62e9,
    0x62e9, 0x62c8, 0x62c8, 0x62c8, 0x7329, 0x39a5, 0x3165, 0x2944, 0x2944, 0x2944, 0x2944, 0x2944,
    0x2944, 0x39a5, 0x4a26, 0x4a26, 0x4a26, 0x5a67, 0x62a8, 0x62a8, 0x62a8, 0x5a67, 0x2924, 0x3985,
    0x3985, 0x4a06, 0x4a06, 0x6ae8, 0x6b09, 0x7329, 0x7309, 0x6ae8, 0x62c8, 0x5a87, 0x5a87, 0x5a87,
    0x62a8, 0x7309, 0x7309, 0x5a87, 0x5a87, 0x62c8, 0x62c8, 0x7309, 0x6ae8, 0x62a8, 0x62a8, 0x62a8,
    0x62a8, 0x6ae8, 0x6ae8, 0x7b49, 0x7b29, 0x7b29, 0x7b29, 0x7b29, 0x7b29, 0x6ae8, 0x6ac8, 0x6ac8,
    0x6aa8, 0x62a8, 0x62a7, 0x6287, 0x5226, 0x5226, 0x5226, 0x5226, 0x5226, 0x5226, 0x5226, 0x5226,
    0x5226, 0x5226, 0x5226, 0x5226, 0x6267, 0x6267, 0x6267, 0x5226, 0x5226, 0x5226, 0x5226, 0x5226,
    0x5226, 0x5226, 0x5226, 0x5226, 0x5a26, 0x5a26, 0x5a26, 0x5a27, 0x5a47, 0x5a47, 0x5a47, 0x5a47,
    0x5a47, 0x5226, 0x5a47, 0x5a26, 0x5a26, 0x5226, 0x5226, 0x5206, 0x49e6, 0x49e6, 0x41c5, 0x41c5,
    0x41a5, 0x49c5, 0x49e5, 0x49e5, 0x49e5, 0x49c5, 0x5a47, 0x4a06, 0x49e6, 0x49e6, 0x49e6, 0x49e6,
    0x5206, 0x5206, 0x49e6, 0x5206, 0x5206, 0x5206, 0x5206, 0x5206, 0x41a5, 0x3964, 0x3984, 0x3984,
    0x3964, 0x3164, 0x3984, 0x41a5, 0x41a5, 0x4184, 0x2903, 0x2923, 0x3143, 0x3144, 0x3144, 0x3964,
    0x4184, 0x41a5, 0x41a5, 0x41a5, 0x3984, 0x39a4, 0x41a4, 0x41a5, 0x41a5, 0x41a5, 0x41c5, 0x41a5,
    0x41a4, 0x41a5, 0x41a5, 0x41a4, 0x3984, 0x3984, 0x41c5, 0x41a5, 0x41a4, 0x41a5, 0x5206, 0x5206,
    0x5206, 0x5206, 0x6287, 0x6ac8, 0x836a, 0x7b49, 0x7309, 0x7b29, 0x8b8a, 0x8baa, 0x8bab, 0x7b29,
    0x7309, 0x7309, 0x836a, 0x836a, 0x838a, 0x836a, 0x836a, 0x8bcb, 0x93eb, 0x93ec, 0x836a, 0x7309,
    0x6b09, 0x6ae9, 0x5a67, 0x5a87, 0x5a88, 0x5a88, 0x5aa8, 0x5267, 0x5a88, 0x5a88, 0x5a88, 0x6b2a,
    0x734a, 0x732a, 0x62c9, 0x734a, 0x734a, 0x734a, 0x736a, 0x7b6b, 0x83ab, 0x8c0c, 0x83ab, 0xb551,
    0xb552, 0xb572, 0xb572, 0xce35, 0xc5d4, 0xce16, 0xb594, 0xad55, 0xd699, 0xb5b6, 0x738f, 0x8431,
    0xdccf, 0xfd84, 0xfd63, 0xfc02, 0xfbc1, 0xfc62, 0xfd23, 0xfbe2, 0xfd24, 0xffea, 0xfe04, 0xfec6,
    0xfda4, 0xfc01, 0xfec6, 0xffed, 0xffa9, 0xfc62, 0xfc22, 0xfce3, 0xfd43, 0xfe05, 0xfea6, 0xfd84,
    0xfc02, 0xfbe1, 0xfc62, 0xfd83, 0xfec6, 0xff88, 0xfdc5, 0xfd23, 0xfbc1, 0xfbc1, 0xfc02, 0xfc62,
    0xfba1, 0xfc42, 0xfc62, 0xfca2, 0xfcc2, 0xfe4c, 0xd69a, 0xd69a, 0xbdf7, 0xbdf7, 0xbdf7, 0xbdb6,
    0xbdf7, 0xa534, 0x9492, 0x8c51, 0xa514, 0x8c71, 0x8430, 0x6b6d, 0x7bcf, 0x9cd3, 0x94b2, 0x94b2,
    0x8c71, 0x842f, 0x7bcd, 0x83ed, 0x83ed, 0x6b2a, 0x5a88, 0x62e9, 0x6b2a, 0x5247, 0x41e6, 0x41e6,
    0x41e6, 0x41e6, 0x5288, 0x62c9, 0x6b09, 0x6b09, 0x6b09, 0x6b09, 0x734a, 0x7bab, 0x6b2a, 0x6ae9,
    0x6ae9, 0x6ae9, 0x6ae9, 0x62c8, 0x5267, 0x5247, 0x5247, 0x62e9, 0x62e9, 0x62c8, 0x62c8, 0x62c8,
    0x7329, 0x7b6a, 0x7b6a, 0x7b6a, 0x39a5, 0x2944, 0x2944, 0x2944, 0x2944, 0x39a5, 0x4a26, 0x4a26,
    0x4a26, 0x5a67, 0x62a8, 0x62a8, 0x62a8, 0x7329, 0x7329, 0x5a87, 0x5226, 0x4a06, 0x4a06, 0x6ae9,
    0x6b09, 0x7329, 0x7309, 0x6ae8, 0x62c8, 0x5a87, 0x5a87, 0x5a87, 0x62a8, 0x7309, 0x7309, 0x7309,
    0x7309, 0x7309, 0x6ae8, 0x7309, 0x6ae8, 0x62a8, 0x62a8, 0x62a8, 0x62a8, 0x6ae8, 0x6ae8, 0x7b49,
    0x7b49, 0x7b29, 0x7b29, 0x7b29, 0x7b29, 0x7b29, 0x7b29, 0x7329, 0x72e8, 0x62a8, 0x62a8, 0x6287,
    0x5226, 0x5226, 0x5226, 0x5226, 0x5226, 0x5226, 0x5226, 0x5226, 0x5226, 0x5226, 0x5226, 0x6267,
    0x6267, 0x6267, 0x6267, 0x5226, 0x5226, 0x5226, 0x5226, 0x5226, 0x5226, 0x5226, 0x5226, 0x5226,
    0x5a26, 0x5a26, 0x5a27, 0x5a27, 0x5a47, 0x5a47, 0x5a47, 0x5a47, 0x5206, 0x5226, 0x5a47, 0x5a26,
    0x5a26, 0x5226, 0x5226, 0x5206, 0x49e6, 0x41c5, 0x41c5, 0x41c5, 0x41a5, 0x49c5, 0x49e5, 0x49e5,
    0x49e5, 0x5226, 0x5a47, 0x4a06, 0x49e6, 0x49e6, 0x49e6, 0x49e6, 0x49e6, 0x49e5, 0x49e6, 0x5206,
    0x5206, 0x5206, 0x5206, 0x49c5, 0x3964, 0x3984, 0x3984, 0x3984, 0x3964, 0x3964, 0x41a5, 0x41a5,
    0x41a5, 0x4184, 0x2903, 0x2923, 0x3143, 0x3144, 0x3144, 0x3964, 0x41a4, 0x41a5, 0x41a5, 0x41a5,
    0x41c5, 0x41a4, 0x41a5, 0x41a5, 0x41a5, 0x41a5, 0x41c5, 0x41a5, 0x41a4, 0x41a5, 0x41a5, 0x41a4,
    0x3984, 0x3984, 0x41c5, 0x41c5, 0x41a4, 0x41a5, 0x49e5, 0x49e5, 0x5206, 0x5206, 0x6287, 0x7309,
    0x836a, 0x7b49, 0x7329, 0x836a, 0x8b8a, 0x8baa, 0x8bab, 0x7b49, 0x7309, 0x7309, 0x836a, 0x8bcb,
    0x838a, 0x836a, 0x838a, 0x93eb, 0x93eb, 0x93ec, 0x7b49, 0x7329, 0x6b09, 0x6ae9, 0x5a67, 0x5a87,
    0x5a88, 0x5a88, 0x5a88, 0x5a67, 0x5a88, 0x5a88, 0x5a88, 0x6b2a, 0x736a, 0x732a, 0x62c9, 0x734a,
    0x83ab, 0x83cc, 0x7b8b, 0x7b6b, 0x83ab, 0x8c0c, 0x83ab, 0xb551, 0xbd92, 0xb572, 0xbd93, 0xce35,
    0xce15, 0xbdb4, 0xb594, 0xb595, 0xce58, 0xd6b9, 0xdeb9, 0x738f, 0xdcae, 0xfe66, 0xffea, 0xfda4,
    0xfc82, 0xfe45, 0xff68, 0xfce3, 0xff07, 0xffeb, 0xff47, 0xfc62, 0xfc02, 0xfc42, 0xfda4, 0xffe9,
    0xff68, 0xfd03, 0xfbc1, 0xfba1, 0xfc02, 0xfd63, 0xfd03, 0xfd23, 0xfc01, 0xfc01, 0xfc82, 0xfcc2,
    0xfce3, 0xfd84, 0xfd64, 0xfe45, 0xfd23, 0xfc22, 0xfc62, 0xfbc1, 0xfc02, 0xfd84, 0xfd43, 0xfd63,
    0xfd84, 0xfd8a, 0xd6ba, 0xd6ba, 0xc618, 0xc618, 0xb5b6, 0xc638, 0xce59, 0xb596, 0x9cd3, 0x9471,
    0xad55, 0x9492, 0x8410, 0x7bae, 0x73ae, 0x9cd3, 0x94b2, 0x94b2, 0x8c71, 0x83ef, 0x7bcd, 0x83ed,
    0x83ed, 0x6b2a, 0x5a88, 0x62e9, 0x6b2a, 0x5a88, 0x5a88, 0x5a88, 0x39a6, 0x41e6, 0x5288, 0x62c9,
    0x6b0a, 0x6b09, 0x6b09, 0x6b09, 0x734a, 0x7bab, 0x6b2a, 0x6ae9, 0x6ae9, 0x62c8, 0x5267, 0x5267,
    0x5267, 0x5247, 0x5247, 0x62e9, 0x62e9, 0x62c9, 0x62c8, 0x62c8, 0x7329, 0x7b6a, 0x7b6a, 0x7b6a,
    0x62c8, 0x5a87, 0x5226, 0x3985, 0x2944, 0x39a5, 0x4a26, 0x4a26, 0x4a26, 0x5a67, 0x62a8, 0x62a8,
    0x62a8, 0x7329, 0x7329, 0x5a87, 0x5a87, 0x5a87, 0x5a87, 0x7329, 0x7309, 0x7329, 0x7309, 0x6ae8,
    0x62c8, 0x5a87, 0x5a87, 0x5a87, 0x62a8, 0x7309, 0x7309, 0x7309, 0x7309, 0x7309, 0x7309, 0x7309,
    0x7309, 0x72e8, 0x62a8, 0x62a8, 0x62a8, 0x6ae8, 0x6ae8, 0x7b49, 0x7b49, 0x7b29, 0x7b29, 0x7b29,
    0x7b29, 0x7b29, 0x7b29, 0x7329, 0x7309, 0x7309, 0x7309, 0x72e8, 0x5226, 0x5226, 0x5226, 0x5226,
    0x5226, 0x5226, 0x5226, 0x5226, 0x5226, 0x5226, 0x6267, 0x6267, 0x6267, 0x6267, 0x6267, 0x5226,
    0x5226, 0x5226, 0x5226, 0x5226, 0x5226, 0x5226, 0x5226, 0x5a26, 0x5a26, 0x5a26, 0x5a27, 0x5a27,
    0x5a47, 0x5a47, 0x5226, 0x5206, 0x5206, 0x5226, 0x5a47, 0x5a26, 0x5a26, 0x5226, 0x5226, 0x5206,
    0x41c5, 0x41c5, 0x41c5, 0x41c5, 0x41a5, 0x49c5, 0x49e5, 0x49e5, 0x4a06, 0x5a47, 0x5a47, 0x4a06,
    0x4a06, 0x49e6, 0x49e6, 0x49e6, 0x49c5, 0x49e5, 0x49e6, 0x5206, 0x5206, 0x5206, 0x5206, 0x3984,
    0x3964, 0x3984, 0x3984, 0x3984, 0x3964, 0x3984, 0x41a5, 0x41a5, 0x41a5, 0x41a4, 0x2903, 0x2923,
    0x3143, 0x3144, 0x3144, 0x3964, 0x41a4, 0x41a5, 0x41a5, 0x41a5, 0x41c5, 0x3984, 0x3984, 0x41a4,
    0x41a5, 0x41a5, 0x41c5, 0x41a5, 0x41a5, 0x41a5, 0x41a5, 0x41a4, 0x3984, 0x3984, 0x41c5, 0x41c5,
    0x41a4, 0x41a5, 0x49e5, 0x49e5, 0x5226, 0x5a67, 0x6ac8, 0x7309, 0x836a, 0x7b49, 0x7329, 0x8b8a,
    0x8b8a, 0x8baa, 0x836a, 0x6ae8, 0x7309, 0x7309, 0x836a, 0x93eb, 0x838a, 0x836a, 0x8bcb, 0x93eb,
    0x93ec, 0x838a, 0x7b49, 0x7329, 0x6b09, 0x6ae9, 0x5a67, 0x5a87, 0x5a88, 0x5aa8, 0x5267, 0x5a87,
    0x5a88, 0x5a88, 0x5aa8, 0x6b2a, 0x736a, 0x732a, 0x62c9, 0x736a, 0x83ab, 0x83cc, 0x83cc, 0x7b8b,
    0x7b8b, 0x8c0c, 0x83ab, 0xb531, 0xbd92, 0xb552, 0xc5d4, 0xce36, 0xce15, 0xbdb4, 0xc5f5, 0xb595,
    0xd699, 0xc5f7, 0xad54, 0x7bcf, 0xdc8e, 0xfc42, 0xfd23, 0xfd23, 0xfe05, 0xffeb, 0xfec6, 0xfca2,
    0xfe25, 0xfda4, 0xfe45, 0xfde4, 0xfe25, 0xfc22, 0xfbc1, 0xfe05, 0xfdc4, 0xfd43, 0xfba1, 0xfbc1,
    0xfc42, 0xfd23, 0xfd03, 0xfce3, 0xfca2, 0xfc42, 0xfca2, 0xfc22, 0xfc42, 0xfc82, 0xfca2, 0xfd63,
    0xfea6, 0xfe05, 0xfd43, 0xfc02, 0xfc82, 0xffeb, 0xffec, 0xff88, 0xfdc4, 0xfe0c, 0xe73c, 0xdefb,
    0xd6ba, 0xdedb, 0xb5b6, 0xc618, 0xce79, 0xb596, 0xbdd6, 0xa514, 0xad55, 0xad75, 0x8430, 0x8c51,
    0x7bcf, 0x9cd3, 0x8c71, 0x8c51, 0x8c71, 0x83ef, 0x7bcd, 0x83ed, 0x83ed, 0x6b2a, 0x5a88, 0x62e9,
    0x6b2a, 0x5a88, 0x5a88, 0x5a88, 0x3165, 0x3165, 0x5288, 0x62c9, 0x6b0a, 0x6b09, 0x6b09, 0x6b09,
    0x734a, 0x7bab, 0x6b2a, 0x6b09, 0x6ae9, 0x62c8, 0x5267, 0x4a27, 0x39c6, 0x39c6, 0x4a06, 0x62e9,
    0x62e9, 0x62e9, 0x62c8, 0x62c8, 0x7329, 0x7b6a, 0x7b6a, 0x7b6a, 0x62c8, 0x5a88, 0x5226, 0x4a06,
    0x39a5, 0x39a5, 0x41c5, 0x4a26, 0x4a26, 0x5a67, 0x62a8, 0x62a8, 0x62a8, 0x7329, 0x7329, 0x5a87,
    0x5a87, 0x5a87, 0x5a87, 0x7329, 0x7329, 0x7329, 0x7329, 0x6ae9, 0x62c8, 0x6287, 0x5a87, 0x5a87,
    0x62a8, 0x7309, 0x7309, 0x7309, 0x7309, 0x7309, 0x7309, 0x7309, 0x7309, 0x72e9, 0x6ae8, 0x6ae8,
    0x6ae8, 0x6ae8, 0x6ae8, 0x7b49, 0x7b49, 0x7b29, 0x7b29, 0x7b29, 0x7b29, 0x7b29, 0x7b29, 0x7329,
    0x7309, 0x7309, 0x7309, 0x72e8, 0x5226, 0x5226, 0x5226, 0x5226, 0x5226, 0x5226, 0x5226, 0x5226,
    0x5226, 0x6267, 0x6267, 0x6267, 0x6267, 0x6267, 0x6267, 0x5226, 0x5226, 0x5226, 0x5226, 0x5226,
    0x5226, 0x5226, 0x5226, 0x5a26, 0x5a26, 0x5a27, 0x5a27, 0x5a47, 0x5a47, 0x5a47, 0x5206, 0x5206,
    0x5206, 0x5226, 0x5a47, 0x5a47, 0x5a26, 0x5226, 0x5226, 0x49e5, 0x41c5, 0x41c5, 0x41c5, 0x41c5,
    0x41a5, 0x49c5, 0x49e5, 0x49e5, 0x5226, 0x5a47, 0x5a47, 0x4a06, 0x4a06, 0x49e6, 0x49e6, 0x41c5,
    0x49c5, 0x49e5, 0x49e6, 0x5206, 0x5206, 0x5206, 0x41a5, 0x3984, 0x3964, 0x3984, 0x3984, 0x3984,
    0x3964, 0x41a5, 0x41a5, 0x41a5, 0x41a5, 0x41a4, 0x2903, 0x2923, 0x3143, 0x3144, 0x3144, 0x3964,
    0x41a4, 0x41a5, 0x41a5, 0x41a5, 0x41c5, 0x3984, 0x3984, 0x41a4, 0x49e5, 0x49e5, 0x41c5, 0x41a5,
    0x41a5, 0x41a5, 0x41a5, 0x41a4, 0x3984, 0x3984, 0x41c5, 0x41c5, 0x41a5, 0x41a5, 0x49e5, 0x49e5,
    0x5a26, 0x5a67, 0x6ac8, 0x7309, 0x836a, 0x7b49, 0x7b29, 0x8b8a, 0x8b8a, 0x8baa, 0x7b29, 0x6ae8,
    0x7309, 0x7329, 0x8bab, 0x93eb, 0x83aa, 0x8baa, 0x93eb, 0x93ec, 0x940c, 0x7b49, 0x7b49, 0x7329,
    0x6b09, 0x6ae9, 0x5a67, 0x5a87, 0x5a88, 0x5aa8, 0x5267, 0x5a87, 0x5a88, 0x5a88, 0x62e9, 0x6b09,
    0x736a, 0x732a, 0x62e9, 0x736a, 0x83ab, 0x83cc, 0x83cc, 0x7bab, 0x7b8b, 0x7b8b, 0x734a, 0xa4cf,
    0xbd92, 0xad11, 0xc5f4, 0xd676, 0xce15, 0xb594, 0xc5f5, 0xb575, 0xb595, 0x6b6e, 0x9cd2, 0x8430,
    0xcc0c, 0xfba1, 0xfbe1, 0xfc42, 0xff27, 0xffed, 0xffc9, 0xfbe1, 0xfc02, 0xfc02, 0xfc02, 0xfc82,
    0xfea6, 0xfdc4, 0xfbe2, 0xfc42, 0xfd03, 0xfda4, 0xfc02, 0xfbe1, 0xfd03, 0xffc9, 0xfec7, 0xfc62,
    0xfda4, 0xffa8, 0xfc22, 0xfc62, 0xfc42, 0xfcc3, 0xfc22, 0xfbe1, 0xfda4, 0xfd63, 0xfd23, 0xfca2,
    0xfea7, 0xffec, 0xfff0, 0xffc9, 0xfdc4, 0xfe2c, 0xe73c, 0xe71c, 0xe71c, 0xef5d, 0xbdd7, 0xc638,
    0xc618, 0xad55, 0xbdd7, 0xad55, 0x9cf3, 0xb596, 0x8c71, 0x9492, 0x73ae, 0x9cd3, 0x8c71, 0x8c51,
    0x8430, 0x83ef, 0x7bcd, 0x83ed, 0x7bac, 0x6b2a, 0x5a88, 0x62e9, 0x6b2a, 0x5a88, 0x5a88, 0x5a88,
    0x3165, 0x3165, 0x5288, 0x62c9, 0x6b0a, 0x6b09, 0x6b09, 0x6b09, 0x734a, 0x7bab, 0x6b2a, 0x6b09,
    0x6ae9, 0x62c9, 0x5267, 0x4a27, 0x39c6, 0x39c6, 0x39c6, 0x5247, 0x5a87, 0x62e9, 0x62c8, 0x62c8,
    0x7329, 0x7b6a, 0x7b6a, 0x7b6a, 0x62c8, 0x5a88, 0x5226, 0x4a06, 0x39a5, 0x39a5, 0x39a5, 0x39a5,
    0x39a5, 0x49e6, 0x62a8, 0x62a8, 0x62a8, 0x7329, 0x7329, 0x5a87, 0x5a87, 0x5a87, 0x5a87, 0x7349,
    0x7329, 0x7329, 0x7329, 0x7329, 0x7329, 0x7329, 0x6ae8, 0x5a87, 0x62a8, 0x7309, 0x7309, 0x7309,
    0x7309, 0x7309, 0x7309, 0x7309, 0x7309, 0x7309, 0x6ae8, 0x6ae8, 0x6ae8, 0x62a8, 0x62a8, 0x6ae8,
    0x7308, 0x7b49, 0x7b29, 0x7b29, 0x7b29, 0x7b29, 0x7b29, 0x7329, 0x7309, 0x7309, 0x7309, 0x72e8,
    0x5226, 0x5226, 0x5226, 0x5226, 0x5226, 0x5226, 0x5226, 0x5226, 0x6267, 0x6267, 0x6267, 0x6267,
    0x6267, 0x6267, 0x6267, 0x5226, 0x5226, 0x5226, 0x5226, 0x5226, 0x5226, 0x5226, 0x5a26, 0x5a26,
    0x5a26, 0x5a27, 0x5a27, 0x5a47, 0x5a47, 0x5a47, 0x5206, 0x5206, 0x5206, 0x5226, 0x5a47, 0x5a47,
    0x5a26, 0x5a26, 0x5206, 0x49e5, 0x41c5, 0x41c5, 0x41c5, 0x41c5, 0x41a5, 0x49c5, 0x49e5, 0x5206,
    0x5a26, 0x5a47, 0x5a47, 0x4a06, 0x4a06, 0x49e6, 0x49c5, 0x41c5, 0x49e5, 0x49e5, 0x49e6, 0x5206,
    0x5206, 0x41c5, 0x41a5, 0x3984, 0x3964, 0x3984, 0x3984, 0x4184, 0x41a5, 0x41a5, 0x41a5, 0x41a5,
    0x41a5, 0x41a4, 0x2903, 0x2923, 0x3143, 0x3144, 0x3144, 0x3964, 0x41a4, 0x41a5, 0x41a5, 0x41a5,
    0x41c5, 0x3984, 0x3984, 0x41a4, 0x49e5, 0x49e5, 0x49e6, 0x49e5, 0x41a5, 0x41a5, 0x41a5, 0x41a4,
    0x3984, 0x3984, 0x41c5, 0x41c5, 0x41a5, 0x41a5, 0x49e5, 0x49e5, 0x5a26, 0x5a67, 0x6ac8, 0x7309,
    0x836a, 0x7b49, 0x7b29, 0x8b8a, 0x8baa, 0x8bab, 0x62a8, 0x72e8, 0x7309, 0x7b6a, 0x93eb, 0x93eb,
    0x8baa, 0x8bab, 0x93ec, 0x940c, 0x8baa, 0x7b49, 0x7b4a, 0x7329, 0x6b09, 0x6ae9, 0x5247, 0x5a87,
    0x5a88, 0x5aa8, 0x5267, 0x5a88, 0x5a88, 0x5a88, 0x62e9, 0x62e9, 0x62c9, 0x62c9, 0x62e9, 0x736a,
    0x83ab, 0x83cc, 0x83cc, 0x7bab, 0x7b8b, 0x7b8b, 0x736a, 0xa4d0, 0xbd92, 0xad11, 0xce15, 0xd676,
    0xc5f5, 0xb594, 0xc5f5, 0x8c51, 0x6b6e, 0x6b6e, 0x8c51, 0x8410, 0xbb8b, 0xfbc1, 0xfbe1, 0xfbe1,
    0xffc9, 0xfe65, 0xfd23, 0xfcc2, 0xfc22, 0xfbe1, 0xfbe1, 0xfcc2, 0xffec, 0xfda4, 0xfc02, 0xfbe2,
    0xfc22, 0xfc22, 0xfc62, 0xfc02, 0xfca3, 0xff27, 0xfd64, 0xfda4, 0xffed, 0xfff2, 0xfdc4, 0xfc62,
    0xfde4, 0xff27, 0xfe66, 0xfc82, 0xfca2, 0xfe45, 0xff07, 0xfdc4, 0xffeb, 0xffeb, 0xff07, 0xfcc3,
    0xfd03, 0xfe6d, 0xef5d, 0xdefb, 0xce79, 0xd69a, 0xc617, 0xc618, 0xc618, 0xb596, 0xa534, 0xb595,
    0xa514, 0xa534, 0x8c71, 0x9492, 0x8c50, 0x9cd3, 0x8c71, 0x8c51, 0x8430, 0x83ef, 0x83cd, 0x83ed,
    0x6b2a, 0x6b2a, 0x6b2a, 0x62e9, 0x6b2a, 0x5a88, 0x5a88, 0x5a88, 0x3165, 0x3165, 0x5288, 0x62c9,
    0x6b0a, 0x6b0a, 0x6b09, 0x5268, 0x62a8, 0x7b6b, 0x6b2a, 0x6b09, 0x6ae9, 0x62c9, 0x5267, 0x4a27,
    0x39c6, 0x39c6, 0x39c6, 0x5247, 0x5a87, 0x62e9, 0x62c9, 0x62c8, 0x7329, 0x7b6a, 0x7b6a, 0x7b6a,
    0x62c8, 0x5a88, 0x5246, 0x4a06, 0x39a5, 0x39a5, 0x39a5, 0x39a5, 0x39a5, 0x49e6, 0x4a26, 0x4a26,
    0x4a26, 0x7329, 0x7329, 0x5a88, 0x5a87, 0x5a87, 0x5a87, 0x7349, 0x7329, 0x7329, 0x7329, 0x7329,
    0x7329, 0x7329, 0x7329, 0x7329, 0x7309, 0x6ac8, 0x7309, 0x7309, 0x7309, 0x7309, 0x7309, 0x7309,
    0x7309, 0x7309, 0x72e9, 0x6ae8, 0x6ae8, 0x62a8, 0x62a8, 0x6ae8, 0x6ae8, 0x62a7, 0x62a7, 0x6ac8,
    0x7b29, 0x7b29, 0x7b29, 0x7329, 0x7309, 0x7309, 0x7309, 0x72e8, 0x5226, 0x5226, 0x5226, 0x5226,
    0x5226, 0x5226, 0x5a27, 0x6267, 0x6267, 0x6267, 0x6267, 0x6267, 0x6267, 0x6267, 0x6267, 0x5226,
    0x5226, 0x5226, 0x4a06, 0x5226, 0x5226, 0x5226, 0x5a26, 0x5a26, 0x5a26, 0x5a27, 0x5a47, 0x5a47,
    0x5a47, 0x5a47, 0x5206, 0x5206, 0x5206, 0x5226, 0x5a47, 0x5a47, 0x5a26, 0x5206, 0x5206, 0x49e5,
    0x41c5, 0x41c5, 0x41c5, 0x41c5, 0x41a5, 0x49e5, 0x5206, 0x5206, 0x5a26, 0x5a47, 0x5a47, 0x4a06,
    0x4a06, 0x49e5, 0x41c5, 0x41c5, 0x49e5, 0x49e5, 0x49e6, 0x5206, 0x41c5, 0x41a5, 0x41a5, 0x3984,
    0x3964, 0x3984, 0x3984, 0x41a5, 0x41a5, 0x41a5, 0x41a5, 0x41a5, 0x41a5, 0x41a4, 0x2903, 0x2923,
    0x2923, 0x3123, 0x3144, 0x3964, 0x41a4, 0x41a5, 0x41a5, 0x41a5, 0x41c5, 0x3984, 0x3984, 0x41a4,
    0x49e5, 0x49e5, 0x49e6, 0x49e5, 0x41a5, 0x41a5, 0x41a5, 0x41a4, 0x3984, 0x3984, 0x41c5, 0x41c5,
    0x41a5, 0x41a5, 0x49e5, 0x49e5, 0x5a46, 0x5a67, 0x6ac8, 0x7309, 0x836a, 0x7b29, 0x7b29, 0x8b8a,
    0x8baa, 0x7b29, 0x62a8, 0x72e8, 0x7309, 0x8baa, 0x93eb, 0x93eb, 0x8baa, 0x8bab, 0x940c, 0x940c,
    0x836a, 0x7b4a, 0x7b4a, 0x7329, 0x6b09, 0x62c8, 0x5247, 0x5a67, 0x5a88, 0x5aa8, 0x5267, 0x5a88,
    0x5a88, 0x5a88, 0x62e9, 0x62e9, 0x62c9, 0x62c9, 0x62e9, 0x5aa8, 0x732a, 0x83cc, 0x83cc, 0x83ab,
    0x7b8b, 0x7b8b, 0x736a, 0xa4d0, 0xbd92, 0xb552, 0xce15, 0xde77, 0xbdb4, 0xbdb4, 0xc5f5, 0x8410,
    0xad54, 0xd678, 0xd698, 0x7bef, 0xab4a, 0xfbe1, 0xfbc1, 0xfc02, 0xfc82, 0xfc22, 0xfc22, 0xfc42,
    0xfc62, 0xfc02, 0xfc42, 0xfe25, 0xffec, 0xfcc2, 0xfc62, 0xfd03, 0xfd03, 0xfbe1, 0xfbe1, 0xfc82,
    0xfc82, 0xfc02, 0xfe25, 0xfe86, 0xfe05, 0xfea6, 0xff27, 0xfbe1, 0xfee6, 0xffed, 0xffe9, 0xfd03,
    0xfc02, 0xfcc2, 0xfd43, 0xfe05, 0xfec6, 0xfe25, 0xfc02, 0xfbc1, 0xfc82, 0xfdec, 0xe73c, 0xdedb,
    0xce59, 0xce79, 0xc638, 0xc638, 0xd6ba, 0xb596, 0xc638, 0xb5b6, 0xb596, 0xad75, 0x9cf3, 0x9cf3,
    0x9cd3, 0xa534, 0xad55, 0x9cf3, 0x8430, 0x83ef, 0x83cd, 0x83ed, 0x6b2a, 0x6b2a, 0x6b2a, 0x5ac9,
    0x5a88, 0x5a88, 0x5a88, 0x5a88, 0x3165, 0x3165, 0x5288, 0x62c9, 0x6b0a, 0x6b0a, 0x6b09, 0x5268,
    0x62a8, 0x6b09, 0x5aa8, 0x5267, 0x5aa8, 0x62c9, 0x5267, 0x4a27, 0x39c6, 0x39c6, 0x39c6, 0x5247,
    0x5a87, 0x62e9, 0x62e9, 0x62c8, 0x732a, 0x7b6a, 0x6b09, 0x62c8, 0x62c8, 0x5a88, 0x5247, 0x4a06,
    0x39a5, 0x39a5, 0x39a5, 0x39a5, 0x39a5, 0x49e6, 0x4a26, 0x4a26, 0x4a26, 0x62a8, 0x62a8, 0x4a26,
    0x5a87, 0x5a87, 0x5a87, 0x7349, 0x7329, 0x7329, 0x7329, 0x7329, 0x7329, 0x7329, 0x7329, 0x7329,
    0x7309, 0x6ac8, 0x6ac8, 0x6ac8, 0x6ac8, 0x6ae8, 0x7309, 0x7309, 0x7309, 0x7309, 0x72e9, 0x6ae8,
    0x6ae8, 0x62a8, 0x62a8, 0x6ae8, 0x6ae8, 0x62a7, 0x62a7, 0x6ac8, 0x6ac8, 0x6ac8, 0x6ac8, 0x7308,
    0x7309, 0x7309, 0x7309, 0x72e8, 0x5226, 0x5226, 0x5226, 0x5226, 0x5226, 0x5226, 0x5a27, 0x6267,
    0x6267, 0x6267, 0x6267, 0x6267, 0x6267, 0x6267, 0x6267, 0x5226, 0x5226, 0x4a06, 0x4a06, 0x5226,
    0x5226, 0x5226, 0x5a26, 0x5a26, 0x5a27, 0x5a27, 0x5a47, 0x5a47, 0x5a47, 0x5a47, 0x5206, 0x5206,
    0x5206, 0x5226, 0x5a47, 0x5a47, 0x5206, 0x5206, 0x5206, 0x49e5, 0x41c5, 0x41c5, 0x41c5, 0x41c5,
    0x49e5, 0x5226, 0x5206, 0x5206, 0x5a26, 0x5a47, 0x5a47, 0x4a06, 0x4a06, 0x49e5, 0x41c5, 0x41c5,
    0x49e5, 0x49e5, 0x49e6, 0x5206, 0x41a5, 0x41a5, 0x41a5, 0x3984, 0x3964, 0x3984, 0x41c5, 0x41a5,
    0x41a5, 0x41a5, 0x41a5, 0x41a5, 0x41a5, 0x41a4, 0x2903, 0x2923, 0x2923, 0x2923, 0x2923, 0x3144,
    0x41a4, 0x41a5, 0x41a5, 0x41a5, 0x41c5, 0x3984, 0x3984, 0x41a4, 0x49e5, 0x49e5, 0x49e6, 0x49e5,
    0x41a5, 0x41a5, 0x41a5, 0x41a5, 0x41c5, 0x3984, 0x41c5, 0x41c5, 0x41a5, 0x41a5, 0x49e5, 0x49e5,
    0x5a46, 0x5a67, 0x6ac8, 0x7309, 0x7b49, 0x7329, 0x7b29, 0x8b8a, 0x8baa, 0x7309, 0x62a8, 0x72e8,
    0x7b4a, 0x93eb, 0x93eb, 0x93eb, 0x8bab, 0x8bab, 0x940c, 0x93cb, 0x7b49, 0x7b4a, 0x838a, 0x7b4a,
    0x6b09, 0x62c8, 0x5247, 0x5a67, 0x5a88, 0x5aa8, 0x62a8, 0x5a88, 0x5a88, 0x5aa8, 0x62e9, 0x62e9,
    0x62c9, 0x62c9, 0x62e9, 0x62a8, 0x62c9, 0x6ae9, 0x62c9, 0x83ab, 0x7b8b, 0x7bab, 0x736a, 0xa4d0,
    0xbd93, 0xb572, 0xce15, 0xde77, 0xad32, 0xbdb4, 0xc5f5, 0x8c51, 0xb595, 0xc617, 0xd678, 0x7bef,
    0xb3aa, 0xfca2, 0xfc02, 0xfc02, 0xfc02, 0xfba1, 0xfba1, 0xfcc2, 0xfda4, 0xfcc2, 0xfd23, 0xfce3,
    0xfc62, 0xfbe1, 0xfbe1, 0xffa8, 0xff07, 0xfcc3, 0xfca2, 0xfec6, 0xfe25, 0xfce3, 0xffea, 0xffec,
    0xfec6, 0xfc42, 0xfc82, 0xfc42, 0xfda4, 0xffed, 0xffc9, 0xfcc3, 0xfba1, 0xfba1, 0xfbe1, 0xfd63,
    0xfd03, 0xfd43, 0xfc02, 0xfbe1, 0xfc42, 0xfdcc, 0xef5d, 0xdedb, 0xdefb, 0xd69a, 0xd6ba, 0xd69a,
    0xce79, 0xbdf7, 0xd69a, 0xbdf7, 0xad75, 0xbdd7, 0xad55, 0xa514, 0x9492, 0xa534, 0xad55, 0x9cf3,
    0x8c51, 0x83ef, 0x83cd, 0x83ed, 0x6b2a, 0x6b2a, 0x6b2a, 0x5ac9, 0x5a88, 0x5a88, 0x4207, 0x3185,
    0x41e6, 0x3165, 0x5288, 0x62c9, 0x6b0a, 0x6b0a, 0x6b09, 0x5268, 0x62a8, 0x6b09, 0x5aa8, 0x5267,
    0x5267, 0x5267, 0x5267, 0x4a27, 0x39c6, 0x39c6, 0x39c6, 0x5247, 0x5a87, 0x62e9, 0x62e9, 0x62c8,
    0x732a, 0x7b6a, 0x6b09, 0x62c8, 0x62c8, 0x62c8, 0x62c8, 0x4a06, 0x39a5, 0x39a5, 0x39a5, 0x39a5,
    0x39a5, 0x4a06, 0x4a26, 0x4a26, 0x4a26, 0x62a8, 0x62a8, 0x4a26, 0x4a06, 0x3985, 0x3985, 0x7329,
    0x7329, 0x7329, 0x7329, 0x7329, 0x7329, 0x7329, 0x7329, 0x7329, 0x7309, 0x6ac8, 0x6ac8, 0x6ac8,
    0x6ac8, 0x6ac8, 0x6ac8, 0x5a67, 0x6ac8, 0x7309, 0x7309, 0x6ae8, 0x6ae8, 0x62a8, 0x62a8, 0x6ae8,
    0x6ae8, 0x62a8, 0x62a7, 0x6ac8, 0x6ac8, 0x6ac8, 0x6ac8, 0x6ac8, 0x6ac8, 0x62a8, 0x62a8, 0x72e8,
    0x5226, 0x5226, 0x5226, 0x5226, 0x5226, 0x5226, 0x5a27, 0x6267, 0x6267, 0x6267, 0x6267, 0x6267,
    0x6267, 0x6267, 0x6267, 0x5226, 0x4a06, 0x4a06, 0x4a06, 0x5226, 0x5226, 0x5a26, 0x5a26, 0x5a26,
    0x5a27, 0x5a47, 0x5226, 0x5a47, 0x5a47, 0x5a47, 0x5206, 0x5206, 0x5206, 0x5226, 0x5a47, 0x5a47,
    0x5206, 0x5206, 0x5206, 0x49e5, 0x41c5, 0x41c5, 0x41c5, 0x41c5, 0x5226, 0x5226, 0x5206, 0x5206,
    0x5a26, 0x5a47, 0x5a47, 0x4a06, 0x4a06, 0x49e5, 0x41c5, 0x41c5, 0x49e5, 0x49e5, 0x49e6, 0x41a5,
    0x41a5, 0x41a5, 0x41a5, 0x3984, 0x3964, 0x4184, 0x41c5, 0x41a5, 0x41a5, 0x41a5, 0x41a5, 0x41a5,
    0x41a5, 0x41a4, 0x2903, 0x2923, 0x2923, 0x2923, 0x2923, 0x2923, 0x2923, 0x3144, 0x41a5, 0x41a5,
    0x41c5, 0x3984, 0x3984, 0x41a4, 0x49e5, 0x49e5, 0x49e6, 0x49e5, 0x41a5, 0x41a5, 0x41a5, 0x41a5,
    0x41c5, 0x41c5, 0x49e5, 0x41c5, 0x41a5, 0x41a5, 0x49e5, 0x49e5, 0x5a46, 0x5a67, 0x6ac8, 0x7309,
    0x7b29, 0x7329, 0x7b29, 0x8b8a, 0x7309, 0x7309, 0x62a8, 0x72e8, 0x836a, 0x93eb, 0x93eb, 0x93cb,
    0x838a, 0x8bab, 0x940c, 0x8bcb, 0x7b4a, 0x7b4a, 0x8bcb, 0x7b4a, 0x6b09, 0x62c8, 0x5247, 0x5a67,
    0x5aa8, 0x5aa8, 0x62a8, 0x62c8, 0x62c9, 0x62e9, 0x62e9, 0x6ae9, 0x62c9, 0x62c9, 0x62e9, 0x62a8,
    0x62c9, 0x6ae9, 0x62c9, 0x62e9, 0x6b09, 0x7b6b, 0x736a, 0xa4d0, 0xbd93, 0xbdb3, 0xc5d4, 0xc5f5,
    0xad32, 0xc5f5, 0xbdd5, 0x83f0, 0xbdb5, 0xbdd5, 0xa513, 0x6b4d, 0xbc0b, 0xfec6, 0xfe86, 0xfc62,
    0xfc22, 0xfba1, 0xfc02, 0xffa8, 0xffea, 0xfd63, 0xfe05, 0xfd43, 0xfcc3, 0xfc22, 0xfbc1, 0xfca2,
    0xfd23, 0xfce2, 0xfde4, 0xffea, 0xffe9, 0xfc82, 0xfe25, 0xffea, 0xfea6, 0xfdc4, 0xfc22, 0xfc22,
    0xfba1, 0xff07, 0xfe04, 0xfd03, 0xfbc1, 0xfba1, 0xfbe1, 0xfcc2, 0xfd23, 0xfd23, 0xfd03, 0xfc22,
    0xfc62, 0xfdcc, 0xf79e, 0xef5d, 0xf7be, 0xdedb, 0xd69a, 0xe73c, 0xef7d, 0xb5b6, 0xd69a, 0xc618,
    0xb596, 0xb596, 0xad55, 0xad55, 0x9cd3, 0xa534, 0xad55, 0x9cf3, 0x8c51, 0x83ef, 0x83cd, 0x83ed,
    0x6b2a, 0x6b2a, 0x6b2a, 0x5ac9, 0x5a88, 0x5a88, 0x4207, 0x3185, 0x41e6, 0x41e6, 0x41e6, 0x5247,
    0x6b0a, 0x6b0a, 0x6b0a, 0x5268, 0x62a8, 0x6b09, 0x5aa8, 0x5267, 0x5267, 0x5267, 0x5267, 0x5a88,
    0x6ae9, 0x62e9, 0x5247, 0x5247, 0x5a87, 0x62e9, 0x62e9, 0x62c8, 0x732a, 0x7b6a, 0x6b09, 0x62c8,
    0x62c8, 0x62c8, 0x62c8, 0x5a87, 0x5226, 0x41e6, 0x39a5, 0x39a5, 0x39a5, 0x4a06, 0x4a26, 0x4a26,
    0x4a26, 0x62a8, 0x62a8, 0x4a26, 0x4a06, 0x3985, 0x3985, 0x6ae9, 0x6ae9, 0x6ae9, 0x7309, 0x7329,
    0x7329, 0x7329, 0x7329, 0x7329, 0x7309, 0x6ac8, 0x6ac8, 0x6ac8, 0x6ac8, 0x6ac8, 0x6ac8, 0x5a67,
    0x5a87, 0x62c8, 0x62a8, 0x62a8, 0x6ae8, 0x62a8, 0x62a8, 0x6ae8, 0x6ae8, 0x62a8, 0x62a7, 0x6ac8,
    0x6ac8, 0x6ac8, 0x6ac8, 0x6ac8, 0x6ac8, 0x62a8, 0x62a8, 0x6287, 0x5226, 0x5226, 0x5226, 0x5226,
    0x5226, 0x5226, 0x5a27, 0x6267, 0x6267, 0x6267, 0x6267, 0x6267, 0x6267, 0x6267, 0x5a47, 0x4a06,
    0x4a06, 0x4a06, 0x4a06, 0x5226, 0x5226, 0x5a26, 0x5a26, 0x5a27, 0x5a27, 0x5206, 0x5226, 0x5a47,
    0x5a47, 0x5a47, 0x5206, 0x5206, 0x5206, 0x5226, 0x5a47, 0x5a47, 0x5206, 0x5206, 0x5206, 0x49e5,
    0x41c5, 0x41c5, 0x41c5, 0x5226, 0x5a67, 0x5226, 0x5206, 0x5206, 0x5a26, 0x5a47, 0x5a47, 0x4a06,
    0x4a06, 0x49e5, 0x41c5, 0x41c5, 0x49e5, 0x49e5, 0x49c5, 0x41a5, 0x41a5, 0x41a5, 0x41a5, 0x3984,
    0x3984, 0x41a5, 0x41c5, 0x41a5, 0x41a5, 0x41a5, 0x41a5, 0x41a5, 0x41a5, 0x41a4, 0x2903, 0x2923,
    0x2923, 0x2923, 0x2923, 0x2923, 0x2923, 0x3143, 0x3164, 0x3144, 0x41c5, 0x3984, 0x3984, 0x41a4,
    0x49e5, 0x49e5, 0x4a06, 0x49e5, 0x41a5, 0x41a5, 0x41a5, 0x41a5, 0x41c5, 0x41c5, 0x49e5, 0x49e6,
    0x4a06, 0x41c5, 0x49e5, 0x49e5, 0x5a46, 0x5a67, 0x6ac8, 0x72e8, 0x7309, 0x7b29, 0x7b29, 0x7b49,
    0x6ac8, 0x7309, 0x62a8, 0x7309, 0x838a, 0x93eb, 0x93eb, 0x8bcb, 0x838a, 0x8bab, 0x93eb, 0x83aa,
    0x7b4a, 0x836a, 0x93ec, 0x7b4a, 0x6b09, 0x62c8, 0x5247, 0x5a87, 0x5aa8, 0x5aa8, 0x62a8, 0x62c8,
    0x62c9, 0x62e9, 0x734a, 0x734a, 0x6ae9, 0x62c9, 0x62e9, 0x62c8, 0x62c9, 0x6ae9, 0x62c9, 0x62e9,
    0x6b09, 0x734a, 0x736a, 0xa4d0, 0xbd93, 0xbdb3, 0xc5f4, 0xb552, 0xb553, 0xc5f5, 0xbdb4, 0x8c51,
    0xad54, 0xb574, 0x8430, 0x630c, 0xc44c, 0xfdc4, 0xfdc4, 0xfd84, 0xfce3, 0xfc62, 0xfea7, 0xffef,
    0xffec, 0xfe04, 0xfd63, 0xfe05, 0xfe65, 0xfd23, 0xfbc1, 0xfba1, 0xfc02, 0xfd43, 0xffea, 0xffee,
    0xfe66, 0xfbe1, 0xfc02, 0xfda4, 0xfc02, 0xfcc3, 0xff47, 0xfea6, 0xfc82, 0xfc42, 0xfca2, 0xfd23,
    0xfc62, 0xfbe1, 0xfc02, 0xfec7, 0xffe9, 0xfc82, 0xfce3, 0xff27, 0xfd04, 0xec4d, 0x94b2, 0xffff,
    0xffff, 0xef5d, 0xe71c, 0xdefb, 0xef5d, 0xc618, 0xc638, 0xce59, 0xb5b6, 0xce59, 0xad55, 0xa514,
    0xad75, 0x94b2, 0x8c71, 0x8c71, 0x8c51, 0x83ef, 0x734b, 0x6b4b, 0x5aa8, 0x6b2a, 0x6b2a, 0x5ac9,
    0x5a88, 0x5a88, 0x4207, 0x3185, 0x41e6, 0x41e6, 0x41e6, 0x4a27, 0x5288, 0x5288, 0x5288, 0x5268,
    0x62a8, 0x6b09, 0x5aa8, 0x5267, 0x5267, 0x5267, 0x5267, 0x5a88, 0x6ae9, 0x6ae9, 0x62e9, 0x5247,
    0x5247, 0x5a87, 0x62e9, 0x62c9, 0x732a, 0x7b6a, 0x6b09, 0x62c8, 0x62c8, 0x62c8, 0x62c8, 0x5a88,
    0x5226, 0x41e6, 0x39a5, 0x39a5, 0x39a5, 0x4a06, 0x4a26, 0x4a26, 0x4a26, 0x62a8, 0x62a8, 0x4a26,
    0x4a26, 0x3985, 0x3985, 0x6ae9, 0x6ae9, 0x6ae9, 0x6ae8, 0x6ae8, 0x6b09, 0x7329, 0x7329, 0x7329,
    0x7309, 0x6ac8, 0x6ac8, 0x6ac8, 0x6ac8, 0x6ac8, 0x6ac8, 0x5a87, 0x5a87, 0x62c8, 0x62c8, 0x62a8,
    0x62a8, 0x62a8, 0x62a8, 0x6ae8, 0x6ae8, 0x62a8, 0x62a7, 0x6ac8, 0x6ae8, 0x6ac8, 0x6ac8, 0x6ac8,
    0x6ac8, 0x6aa8, 0x62a8, 0x6287, 0x5226, 0x5226, 0x5226, 0x5226, 0x5226, 0x5226, 0x5a27, 0x6267,
    0x6267, 0x6267, 0x6267, 0x6267, 0x6267, 0x6267, 0x4a06, 0x4a06, 0x4a06, 0x4a06, 0x4a06, 0x5226,
    0x5a26, 0x5a26, 0x5a26, 0x5a27, 0x5206, 0x5206, 0x5226, 0x5a47, 0x5a47, 0x5a47, 0x5206, 0x5206,
    0x5206, 0x5226, 0x5a47, 0x5a47, 0x5206, 0x5206, 0x5206, 0x49e5, 0x41c5, 0x41c5, 0x5226, 0x5a67,
    0x5a67, 0x5226, 0x5206, 0x5206, 0x5a26, 0x5a47, 0x49c5, 0x4a06, 0x4a06, 0x49e5, 0x41c5, 0x41c5,
    0x49e5, 0x49e5, 0x49c5, 0x41a5, 0x41a5, 0x41a5, 0x41a5, 0x3984, 0x41a5, 0x41a5, 0x41c5, 0x41c5,
    0x41a5, 0x41a5, 0x41a5, 0x41a5, 0x41a5, 0x41a4, 0x2903, 0x2923, 0x2923, 0x2923, 0x2923, 0x2923,
    0x2923, 0x3143, 0x3164, 0x3144, 0x3143, 0x3964, 0x3984, 0x41a4, 0x49e5, 0x49e5, 0x4a06, 0x49e5,
    0x41a5, 0x41a5, 0x41a5, 0x41a5, 0x41c5, 0x41c5, 0x49e5, 0x49e6, 0x4a06, 0x5206, 0x5206, 0x4a06,
    0x5a46, 0x5a67, 0x6ac8, 0x6ac8, 0x7309, 0x7b29, 0x7b29, 0x72e8, 0x6ac8, 0x7309, 0x62a8, 0x836a,
    0x838a, 0x93eb, 0x93eb, 0x8bab, 0x838a, 0x8bab, 0x8bcb, 0x8bab, 0x7b4a, 0x838a, 0x940c, 0x7b4a,
    0x6b09, 0x62e8, 0x5a87, 0x62a8, 0x5aa8, 0x62a8, 0x62a8, 0x62c8, 0x62c9, 0x62e9, 0x734a, 0x734a,
    0x7b6b, 0x734a, 0x6b2a, 0x62c8, 0x62c9, 0x6ae9, 0x62c9, 0x62e9, 0x6b09, 0x734a, 0x736a, 0xa4d0,
    0xbd93, 0xbdb3, 0xc5f4, 0xa4f1, 0xbdb4, 0xbdb4, 0xbdb4, 0xa513, 0xbdf6, 0xad74, 0x6b4d, 0x52ab,
    0xdccf, 0xfca2, 0xfd63, 0xfd23, 0xfd84, 0xfea6, 0xffeb, 0xff07, 0xffc9, 0xfe25, 0xfdc4, 0xff68,
    0xffea, 0xff07, 0xfbe1, 0xfba1, 0xfbe1, 0xfc62, 0xffc9, 0xfec6, 0xff68, 0xfcc2, 0xfc22, 0xfbe1,
    0xfbc1, 0xfc62, 0xffeb, 0xff48, 0xfc62, 0xfb61, 0xfbe1, 0xfd23, 0xfc82, 0xfc22, 0xfc22, 0xfea6,
    0xff07, 0xfc02, 0xfe45, 0xfff0, 0xffea, 0xeccd, 0x94b2, 0x94b2, 0x94b2, 0xad55, 0xce79, 0xd6ba,
    0xf79e, 0xd6ba, 0xce79, 0xd6ba, 0xce59, 0xd6ba, 0xb596, 0xb596, 0xce59, 0x94b2, 0x8c71, 0x8c51,
    0x8c71, 0x83ef, 0x734b, 0x6b4b, 0x5aa8, 0x4a48, 0x41e7, 0x4a27, 0x5a88, 0x5a88, 0x4207, 0x3185,
    0x41e7, 0x41e6, 0x41e6, 0x4a27, 0x5288, 0x5288, 0x5288, 0x41e6, 0x41e6, 0x4a47, 0x5aa8, 0x5267,
    0x5267, 0x5267, 0x5267, 0x5a88, 0x6ae9, 0x6ae9, 0x62e9, 0x5267, 0x5247, 0x5247, 0x5247, 0x5247,
    0x62c8, 0x7b6a, 0x6b09, 0x62c8, 0x62c8, 0x62c8, 0x62c8, 0x5a88, 0x5226, 0x41e6, 0x39a5, 0x39a5,
    0x39a5, 0x39a5, 0x39a5, 0x4a26, 0x4a26, 0x62a8, 0x62a8, 0x4a26, 0x4a26, 0x3985, 0x3985, 0x6b09,
    0x6ae9, 0x6ae9, 0x6ae8, 0x6ae8, 0x6b09, 0x7329, 0x7329, 0x7329, 0x7329, 0x6ac8, 0x6ac8, 0x6ac8,
    0x6ac8, 0x6ac8, 0x6ac8, 0x5a87, 0x5a87, 0x62c8, 0x62c8, 0x62a8, 0x62a8, 0x62a8, 0x62a8, 0x5a67,
    0x5a67, 0x5a67, 0x6287, 0x6ac8, 0x6ae8, 0x6ac8, 0x6ac8, 0x6ac8, 0x6ac8, 0x6aa8, 0x62a8, 0x6287,
    0x5226, 0x4a06, 0x5206, 0x5226, 0x5226, 0x5226, 0x5a27, 0x6267, 0x6267, 0x6267, 0x6267, 0x6267,
    0x6267, 0x4a06, 0x4a06, 0x4a06, 0x4a06, 0x4a06, 0x5206, 0x5226, 0x5a26, 0x5a26, 0x5a26, 0x5206,
    0x5206, 0x5206, 0x5226, 0x5a47, 0x5a47, 0x5a47, 0x5206, 0x5206, 0x5206, 0x5a47, 0x5a47, 0x5a47,
    0x5206, 0x5206, 0x5206, 0x49e5, 0x41c5, 0x5226, 0x5a67, 0x5a67, 0x5a67, 0x5226, 0x5206, 0x5206,
    0x5a26, 0x49e6, 0x49c5, 0x5206, 0x4a06, 0x49e5, 0x41c5, 0x41c5, 0x49e5, 0x49e5, 0x49c5, 0x41a5,
    0x41a5, 0x41a5, 0x41a5, 0x41a5, 0x41a5, 0x41a5, 0x41c5, 0x41c5, 0x41a5, 0x41a5, 0x41a5, 0x41a5,
    0x41a5, 0x41a4, 0x2903, 0x2923, 0x2923, 0x2923, 0x2923, 0x2923, 0x2923, 0x3143, 0x3164, 0x3144,
    0x3143, 0x3964, 0x3984, 0x3984, 0x41c5, 0x49e5, 0x4a06, 0x49e5, 0x41a5, 0x41a5, 0x41a5, 0x41a5,
    0x41c5, 0x41c5, 0x49e5, 0x4a06, 0x4a06, 0x5206, 0x5206, 0x5206, 0x5206, 0x5226, 0x62a7, 0x6ac8,
    0x7309, 0x7b29, 0x7308, 0x62a7, 0x6ac8, 0x7309, 0x6ae8, 0x836a, 0x838a, 0x93eb, 0x93eb, 0x8bab,
    0x838a, 0x83aa, 0x8bab, 0x8bab, 0x838a, 0x8bab, 0x940c, 0x838a, 0x6b09, 0x6ae9, 0x5a88, 0x62c8,
    0x6b09, 0x6b09, 0x62c9, 0x62c8, 0x62c9, 0x62e9, 0x734a, 0x736a, 0x7b6b, 0x736a, 0x6b2a, 0x732a,
    0x7b8b, 0x6ae9, 0x62c9, 0x62e9, 0x6b09, 0x734a, 0x736a, 0xa4d0, 0xbd93, 0xc5f4, 0xbd93, 0xa4f1,
    0xd656, 0xb594, 0xc5f5, 0x9471, 0xb595, 0xa533, 0x5aec, 0x52ab, 0xd44d, 0xfca2, 0xfec6, 0xfe86,
    0xfe25, 0xffea, 0xffea, 0xfde5, 0xfcc3, 0xfc82, 0xfd23, 0xfee6, 0xffea, 0xffa8, 0xfc02, 0xfbe1,
    0xfbc1, 0xfc02, 0xfc82, 0xfcc2, 0xfd03, 0xfc42, 0xfc22, 0xfbe1, 0xfc02, 0xfcc2, 0xffa9, 0xfe25,
    0xfc42, 0xfc82, 0xfd43, 0xfc42, 0xfbe1, 0xfc22, 0xfbc1, 0xfbc1, 0xfc22, 0xfc82, 0xfe45, 0xfde4,
    0xffef, 0xf56e, 0x94b2, 0x94b2, 0x94b2, 0x8c71, 0x8c51, 0x8410, 0xd6ba, 0xdefb, 0xc638, 0xdefb,
    0xdeda, 0xce59, 0xad75, 0xad55, 0xd69a, 0x94b2, 0x8c71, 0x8c51, 0x8c71, 0x7bce, 0x6b4b, 0x6b4b,
    0x5aa8, 0x4a48, 0x41e7, 0x41e7, 0x41e7, 0x41e7, 0x39a6, 0x3185, 0x41e7, 0x41e6, 0x41e6, 0x4a27,
    0x5288, 0x5288, 0x5288, 0x41e6, 0x41e6, 0x41e6, 0x3185, 0x3165, 0x3165, 0x5267, 0x5267, 0x5a88,
    0x6ae9, 0x6ae9, 0x62e9, 0x5267, 0x5247, 0x5247, 0x5247, 0x5247, 0x5aa8, 0x62c8, 0x5a67, 0x5a67,
    0x62c8, 0x62c8, 0x62c8, 0x5a88, 0x5247, 0x41e6, 0x39a5, 0x39a5, 0x39a5, 0x39a5, 0x39a5, 0x4a26,
    0x4a26, 0x4a26, 0x4a26, 0x41e5, 0x4a26, 0x3985, 0x3985, 0x6b09, 0x6ae9, 0x6ae9, 0x6ae9, 0x6ae8,
    0x6b09, 0x7329, 0x7329, 0x7329, 0x7329, 0x7329, 0x7329, 0x838a, 0x6ac8, 0x6ac8, 0x6ac8, 0x5a87,
    0x5a87, 0x62c8, 0x62c8, 0x62a8, 0x62a8, 0x62a8, 0x62a8, 0x5a67, 0x5a67, 0x5a67, 0x5a67, 0x5a87,
    0x62a7, 0x62a8, 0x6ac8, 0x6ac8, 0x6ac8, 0x6ac8, 0x62a8, 0x6287, 0x49e6, 0x49e6, 0x5206, 0x5226,
    0x5226, 0x5226, 0x5a27, 0x6267, 0x6267, 0x6267, 0x6267, 0x6267, 0x49e6, 0x4a06, 0x4a06, 0x4a06,
    0x4a06, 0x4a06, 0x5206, 0x5226, 0x5a26, 0x5a26, 0x49e6, 0x5206, 0x5206, 0x5206, 0x5226, 0x5a47,
    0x5a47, 0x5a47, 0x5206, 0x5206, 0x5a47, 0x5a47, 0x5a47, 0x5a47, 0x5226, 0x5206, 0x5206, 0x49e5,
    0x49e6, 0x6267, 0x6267, 0x5a67, 0x5a67, 0x5226, 0x5206, 0x5206, 0x5206, 0x49e5, 0x49c5, 0x5206,
    0x4a06, 0x49e5, 0x41c5, 0x49c5, 0x49e5, 0x49e5, 0x49c5, 0x41a5, 0x41a5, 0x41a5, 0x41a5, 0x41a5,
    0x41a5, 0x41a5, 0x41c5, 0x41c5, 0x41a5, 0x41a5, 0x41a5, 0x41a5, 0x41a5, 0x41a4, 0x2903, 0x2923,
    0x2923, 0x2923, 0x2923, 0x2923, 0x2923, 0x3143, 0x3164, 0x3144, 0x3143, 0x3964, 0x3984, 0x3984,
    0x3984, 0x41a5, 0x4a06, 0x49e5, 0x41a5, 0x41a5, 0x41a5, 0x41a5, 0x41c5, 0x41c5, 0x49e5, 0x4a06,
    0x4a06, 0x5206, 0x5206, 0x5206, 0x5206, 0x5226, 0x6287, 0x6ac8, 0x7329, 0x7b29, 0x62a7, 0x62a8,
    0x6ac8, 0x7309, 0x7b29, 0x836a, 0x838a, 0x93eb, 0x93eb, 0x8bab, 0x83aa, 0x838a, 0x8bab, 0x8bab,
    0x8bcb, 0x8bab, 0x940c, 0x838a, 0x6b09, 0x7329, 0x5a88, 0x62c8, 0x6b09, 0x6b09, 0x6b09, 0x732a,
    0x6ae9, 0x62e9, 0x734a, 0x736a, 0x7b6b, 0x736a, 0x6b2a, 0x732a, 0x7b8b, 0x83ab, 0x7b6b, 0x7b6b,
    0x6b09, 0x734a, 0x736a, 0xa4af, 0xbd93, 0xce35, 0xbd93, 0xb593, 0xd656, 0xb594, 0xce57, 0x94b1,
    0xad33, 0xa533, 0x5aec, 0x738e, 0xcc4d, 0xfc02, 0xfcc2, 0xfd43, 0xfdc4, 0xfe86, 0xfd84, 0xfc02,
    0xfbc1, 0xfc02, 0xfd23, 0xfe45, 0xff68, 0xfec7, 0xfd03, 0xfd03, 0xfbc1, 0xfbc1, 0xfc02, 0xfc22,
    0xfba1, 0xfc62, 0xfc62, 0xfca2, 0xfd03, 0xfd84, 0xfc82, 0xfc02, 0xfc82, 0xfd84, 0xff68, 0xfc02,
    0xfba1, 0xfd43, 0xfd43, 0xfcc2, 0xfda4, 0xffa9, 0xffec, 0xfe65, 0xfe65, 0xe46c, 0x9492, 0x94b2,
    0x94b2, 0x8c71, 0x8c51, 0x7bef, 0x8410, 0x9492, 0x9492, 0xd69a, 0xce59, 0xce59, 0xbdf7, 0xc618,
    0xd69a, 0xad55, 0x94b2, 0x8c71, 0x8c71, 0x7bce, 0x6b4b, 0x6b4b, 0x5aa8, 0x4a48, 0x41e7, 0x41e7,
    0x41e7, 0x41e7, 0x41e7, 0x41e7, 0x6b2a, 0x5248, 0x41e6, 0x4a27, 0x5288, 0x5288, 0x5288, 0x41e6,
    0x41e6, 0x41e6, 0x3185, 0x3165, 0x3165, 0x3165, 0x41c6, 0x4a27, 0x6ae9, 0x6ae9, 0x62e9, 0x5267,
    0x5247, 0x5247, 0x5247, 0x5247, 0x5aa8, 0x62c8, 0x5a67, 0x5247, 0x62c8, 0x62c8, 0x62c8, 0x5a88,
    0x5247, 0x41e6, 0x39a5, 0x39a5, 0x39a5, 0x39a5, 0x39a5, 0x4a26, 0x4a26, 0x4a26, 0x4a26, 0x3985,
    0x3985, 0x2924, 0x3144, 0x6b09, 0x6ae9, 0x6ae9, 0x6ae9, 0x6ae8, 0x6b09, 0x7329, 0x7329, 0x7329,
    0x7329, 0x7329, 0x7329, 0x838a, 0x836a, 0x836a, 0x836a, 0x62a7, 0x5a87, 0x62c8, 0x62c8, 0x62c8,
    0x62a8, 0x62a8, 0x62a8, 0x5a67, 0x5a67, 0x5a67, 0x5a67, 0x6287, 0x62a7, 0x62a8, 0x6ac8, 0x6ac8,
    0x6ac8, 0x6ac8, 0x62a8, 0x6287, 0x49e6, 0x49e6, 0x5206, 0x5226, 0x5226, 0x5226, 0x5a27, 0x6267,
    0x6267, 0x6267, 0x5226, 0x49e6, 0x4a06, 0x4a06, 0x4a06, 0x4a06, 0x4a06, 0x5206, 0x5206, 0x5226,
    0x5a26, 0x49e6, 0x49c5, 0x5206, 0x5206, 0x5206, 0x5226, 0x5a47, 0x5a47, 0x5a47, 0x5206, 0x5a47,
    0x5a47, 0x5a47, 0x5a47, 0x5a47, 0x5226, 0x5206, 0x5206, 0x5206, 0x6267, 0x6267, 0x6267, 0x5a67,
    0x5a67, 0x5226, 0x5206, 0x4a06, 0x49e5, 0x49e5, 0x49c5, 0x5206, 0x4a06, 0x49e5, 0x49c5, 0x49e6,
    0x49e6, 0x49e5, 0x49c5, 0x41a5, 0x41a5, 0x41a5, 0x41a5, 0x41a5, 0x41a5, 0x41a5, 0x41c5, 0x41a5,
    0x41a5, 0x41a5, 0x41a5, 0x41a5, 0x41a5, 0x3984, 0x3164, 0x3964, 0x2923, 0x2923, 0x2923, 0x2923,
    0x2923, 0x3143, 0x3164, 0x3144, 0x3143, 0x3964, 0x3984, 0x3984, 0x3984, 0x41a5, 0x41c5, 0x41c5,
    0x41a5, 0x41a5, 0x41a5, 0x41c5, 0x41c5, 0x41c5, 0x49e5, 0x4a06, 0x5206, 0x5206, 0x5206, 0x5206,
    0x5226, 0x5226, 0x6287, 0x6ac8, 0x7b29, 0x7309, 0x62a7, 0x62a8, 0x6ac8, 0x7309, 0x7b4a, 0x836a,
    0x8b8a, 0x93eb, 0x93ec, 0x8bab, 0x838a, 0x836a, 0x8bab, 0x8bab, 0x93eb, 0x8bab, 0x940c, 0x734a,
    0x732a, 0x7329, 0x5a88, 0x62c8, 0x6b09, 0x6b09, 0x6b29, 0x732a, 0x6ae9, 0x62e9, 0x6ae9, 0x736a,
    0x7b6b, 0x736a, 0x6b2a, 0x734a, 0x7b8b, 0x83ab, 0x7b6b, 0x83cc, 0x8c0c, 0x940d, 0x736a, 0x9c8f,
    0xbd93, 0xd656, 0xb573, 0xc5f5, 0xd656, 0xb594, 0xdeb8, 0x7bcf, 0x9cb1, 0x9cd2, 0x5aec, 0x8430,
    0xcc0c, 0xfba1, 0xfbc1, 0xfc02, 0xfd63, 0xfd03, 0xfcc3, 0xfc02, 0xfbe1, 0xfc02, 0xfcc2, 0xfcc2,
    0xfda4, 0xfe66, 0xfd43, 0xfde5, 0xfc02, 0xfc62, 0xfc22, 0xfbe1, 0xfbc1, 0xfd64, 0xfd63, 0xfd63,
    0xfda4, 0xfd23, 0xfd03, 0xfc42, 0xfbe1, 0xfc22, 0xff28, 0xfe05, 0xfcc2, 0xfe05, 0xff88, 0xfea6,
    0xfde5, 0xffeb, 0xffea, 0xfdc4, 0xfc42, 0xe42b, 0x8c71, 0x9492, 0x8410, 0x7bcf, 0x8c51, 0x7bef,
    0x8410, 0x9492, 0x8c71, 0x8c51, 0x9492, 0xa514, 0xd69a, 0xce59, 0xd6ba, 0xad75, 0x94b2, 0x94b2,
    0x9492, 0x7bce, 0x6b0b, 0x6b4b, 0x5aa8, 0x4a48, 0x41e7, 0x41e7, 0x41e7, 0x41e7, 0x41e7, 0x41e7,
    0x6b2a, 0x6b2a, 0x83cc, 0x736b, 0x5288, 0x5288, 0x5288, 0x41e6, 0x41e6, 0x41e6, 0x3185, 0x3165,
    0x3165, 0x3165, 0x41c6, 0x4206, 0x5267, 0x5267, 0x5aa8, 0x5267, 0x5267, 0x5247, 0x5247, 0x5247,
    0x5aa8, 0x62c8, 0x5a67, 0x5247, 0x62c8, 0x62c8, 0x62c8, 0x5a88, 0x5247, 0x41e6, 0x39a5, 0x39a5,
    0x39a5, 0x39a5, 0x39a5, 0x4a26, 0x4a26, 0x4a26, 0x4a26, 0x39a5, 0x3985, 0x2924, 0x2924, 0x7b4a,
    0x7b4a, 0x7329, 0x6ae9, 0x6ae8, 0x6b09, 0x7329, 0x7329, 0x7329, 0x7329, 0x7329, 0x7329, 0x838a,
    0x836a, 0x836a, 0x836a, 0x7309, 0x7309, 0x7309, 0x6ac8, 0x62c8, 0x62a8, 0x62a8, 0x62a8, 0x5a67,
    0x5a67, 0x5a67, 0x5a67, 0x6287, 0x62a7, 0x62a8, 0x6ac8, 0x6ac8, 0x6ac8, 0x62a8, 0x5a67, 0x5a67,
    0x49e6, 0x49e6, 0x5206, 0x5226, 0x5226, 0x5226, 0x5a27, 0x6267, 0x6267, 0x5a47, 0x41c5, 0x49e6,
    0x4a06, 0x4a06, 0x4a06, 0x4a06, 0x4a06, 0x5206, 0x5206, 0x5226, 0x49e5, 0x49c5, 0x49c5, 0x5206,
    0x5206, 0x5206, 0x5226, 0x5a47, 0x5a47, 0x5a47, 0x5a47, 0x5a47, 0x5a47, 0x5a47, 0x5a47, 0x5a47,
    0x5226, 0x5206, 0x5206, 0x5a47, 0x6267, 0x6267, 0x6267, 0x5a67, 0x5a67, 0x5226, 0x5206, 0x49e5,
    0x49e5, 0x49e5, 0x49c5, 0x5206, 0x4a06, 0x49e5, 0x49e5, 0x49e6, 0x49e6, 0x49e5, 0x49c5, 0x41a5,
    0x41a5, 0x41a5, 0x41a5, 0x41a5, 0x41a5, 0x41a5, 0x41c5, 0x3984, 0x41a5, 0x41a5, 0x41a5, 0x41a5,
    0x3984, 0x3964, 0x3164, 0x3964, 0x3964, 0x3984, 0x2923, 0x2923, 0x2923, 0x3143, 0x3164, 0x3144,
    0x3143, 0x3964, 0x3984, 0x3984, 0x3984, 0x41a5, 0x41c5, 0x41c5, 0x49c5, 0x41c5, 0x41a5, 0x41c5,
    0x41c5, 0x41c5, 0x49e6, 0x4a06, 0x5206, 0x5206, 0x5206, 0x5206, 0x5226, 0x5226, 0x6287, 0x6ac8,
    0x7b29, 0x6ac8, 0x62a7, 0x62a8, 0x6ac8, 0x838a, 0x836a, 0x836a, 0x8b8a, 0x93eb, 0x940c, 0x8bab,
    0x836a, 0x836a, 0x8bab, 0x93cb, 0x9c2c, 0x8bcb, 0x8bcb, 0x734a, 0x7b4a, 0x7329, 0x5a87, 0x62e8,
    0x6b09, 0x6b09, 0x6b29, 0x732a, 0x6b09, 0x62e9, 0x6ae9, 0x734a, 0x7b6b, 0x736a, 0x6b2a, 0x734a,
    0x7b8b, 0x83ab, 0x7b6b, 0x83cc, 0x8c0c, 0x940d, 0x942d, 0xa4d0, 0xc5d4, 0xd656, 0xb552, 0xc5f5,
    0xd656, 0xbdb5, 0xded9, 0x840f, 0x94b1, 0x9cd2, 0x5aec, 0x8c71, 0xc3cb, 0xfba1, 0xfbc1, 0xfc62,
    0xfd23, 0xfd03, 0xfd03, 0xfca2, 0xfc22, 0xfc82, 0xfc62, 0xfc42, 0xfc82, 0xfc82, 0xfd03, 0xfe25,
    0xfe86, 0xfdc4, 0xfc82, 0xfbc1, 0xfca2, 0xffea, 0xffee, 0xff68, 0xfe45, 0xfda4, 0xfe65, 0xfd23,
    0xfba1, 0xfb81, 0xfcc2, 0xfd23, 0xfd43, 0xff07, 0xffed, 0xfe05, 0xfd03, 0xfe04, 0xfd23, 0xfd44,
    0xfe45, 0xff88, 0x8c71, 0x8c71, 0x8410, 0x7bcf, 0x8c51, 0x94b2, 0x9492, 0x9492, 0x8c71, 0x8c51,
    0x9492, 0xa514, 0xad55, 0xad55, 0xbdf7, 0xad75, 0x94b2, 0x94b2, 0x9492, 0x7bce, 0x62ea, 0x5aa9,
    0x4207, 0x41e7, 0x41e7, 0x41e7, 0x41e7, 0x41e7, 0x41e7, 0x41e7, 0x6b2a, 0x6b2a, 0x83cc, 0x736b,
    0x6b2a, 0x6b0a, 0x6b0a, 0x4207, 0x41e6, 0x41e6, 0x3185, 0x3165, 0x3165, 0x3185, 0x41c6, 0x4206,
    0x5267, 0x5267, 0x5267, 0x39c6, 0x39a5, 0x39a5, 0x5247, 0x5247, 0x5aa8, 0x62c8, 0x5a67, 0x5247,
    0x62c8, 0x62c8, 0x62c8, 0x5a88, 0x5247, 0x39c5, 0x2944, 0x41e6, 0x4a06, 0x39a5, 0x39a5, 0x4a26,
    0x4a26, 0x4a26, 0x4a26, 0x39a5, 0x3985, 0x2924, 0x2924, 0x7b4a, 0x7b4a, 0x7b49, 0x7329, 0x6ae9,
    0x7329, 0x7329, 0x7329, 0x7329, 0x7329, 0x7329, 0x7329, 0x838a, 0x838a, 0x836a, 0x836a, 0x7309,
    0x7309, 0x7309, 0x7309, 0x7b6a, 0x7b6a, 0x6ae8, 0x62a8, 0x5a67, 0x5a67, 0x5a67, 0x5a67, 0x6287,
    0x62a7, 0x62a8, 0x6ac8, 0x6ac8, 0x6ac8, 0x62a8, 0x5a67, 0x5a67, 0x49e6, 0x49e6, 0x5206, 0x5226,
    0x5226, 0x5226, 0x5a27, 0x6267, 0x6267, 0x41c5, 0x41c5, 0x4a06, 0x4a06, 0x4a06, 0x4a06, 0x4a06,
    0x5206, 0x5206, 0x5206, 0x49c5, 0x49c5, 0x49c5, 0x49c5, 0x5206, 0x5206, 0x5206, 0x5226, 0x5a47,
    0x5a47, 0x5a47, 0x5a47, 0x5a47, 0x5a47, 0x5a47, 0x5a47, 0x5a47, 0x5226, 0x5206, 0x5a26, 0x5a47,
    0x6267, 0x6267, 0x6267, 0x5a67, 0x5a67, 0x5226, 0x49e5, 0x49e5, 0x49e5, 0x49e5, 0x49c5, 0x5206,
    0x4a06, 0x49e6, 0x49e6, 0x49e6, 0x49e6, 0x49e5, 0x49c5, 0x41a5, 0x41a5, 0x41a5, 0x41a5, 0x41a5,
    0x41a5, 0x41a5, 0x4184, 0x3984, 0x41a5, 0x41a5, 0x41a5, 0x41a5, 0x3984, 0x3964, 0x3164, 0x3964,
    0x3964, 0x3984, 0x3984, 0x3964, 0x2923, 0x3143, 0x3164, 0x3144, 0x3143, 0x3964, 0x3984, 0x3984,
    0x3984, 0x41a5, 0x41c5, 0x41c5, 0x49c5, 0x41c5, 0x41a5, 0x41c5, 0x41c5, 0x41c5, 0x49e6, 0x4a06,
    0x5206, 0x5206, 0x5206, 0x5206, 0x5226, 0x5226, 0x6287, 0x6ac8, 0x7b29, 0x6ac8, 0x62a7, 0x62a8,
    0x7309, 0x8bcb, 0x836a, 0x836a, 0x8bcb, 0x93eb, 0x940c, 0x8bab, 0x836a, 0x836a, 0x8bab, 0x940c,
    0x9c2c, 0x8bcb, 0x7b4a, 0x7b6a, 0x7b6a, 0x6b09, 0x5267, 0x5267, 0x5aa8, 0x6b09, 0x6b29, 0x732a,
    0x6b09, 0x6ae9, 0x6b09, 0x734a, 0x7b6b, 0x7b8b, 0x7b8b, 0x736a, 0x7b8b, 0x83ab, 0x7b6b, 0x83cc,
    0x8c0d, 0x942d, 0x942d, 0xa4d0, 0xce14, 0xce35, 0xb552, 0xce15, 0xd657, 0xbdd5, 0xd698, 0x8430,
    0x9cb1, 0x9491, 0x6b2d, 0x8410, 0xbbab, 0xfbe1, 0xfbe1, 0xfd44, 0xffe9, 0xfe46, 0xfce3, 0xfe66,
    0xffc9, 0xfbc1, 0xfc02, 0xfc42, 0xfc42, 0xfc22, 0xfbe1, 0xfda4, 0xfd84, 0xfd43, 0xfce3, 0xfca2,
    0xfe46, 0xffef, 0xfff0, 0xfe65, 0xfd63, 0xfe25, 0xffea, 0xfe86, 0xfc82, 0xfba1, 0xfbc1, 0xfc22,
    0xfd84, 0xffeb, 0xffee, 0xff28, 0xfbe1, 0xfc02, 0xfbe1, 0xfc02, 0xfc62, 0xffa9, 0xfda4, 0xfc42,
    0xfb61, 0x7bcf, 0x8c51, 0x94b2, 0x94b2, 0x94b2, 0x94b2, 0x8c71, 0x9492, 0xa514, 0xad55, 0xad55,
    0xad55, 0x9cf3, 0x94b2, 0x94b2, 0x9492, 0x7bce, 0x62ea, 0x5aa9, 0x4207, 0x4a48, 0x5aa8, 0x4a27,
    0x41e7, 0x41e7, 0x41e7, 0x41e7, 0x6b2a, 0x6b2a, 0x83cc, 0x736b, 0x6b2a, 0x6b0a, 0x6b0a, 0x5288,
    0x4a27, 0x41e6, 0x3185, 0x3165, 0x3165, 0x3185, 0x41c6, 0x4206, 0x5267, 0x5267, 0x5267, 0x39c6,
    0x39a5, 0x3165, 0x3165, 0x3165, 0x5247, 0x62e9, 0x5a67, 0x5247, 0x62c8, 0x62c8, 0x62c8, 0x5a88,
    0x5247, 0x39c5, 0x2944, 0x41e6, 0x5226, 0x5226, 0x4a26, 0x5a87, 0x4a26, 0x4a26, 0x4a26, 0x39a5,
    0x3985, 0x2944, 0x2924, 0x7b4a, 0x7b4a, 0x7b49, 0x7329, 0x6ae9, 0x7329, 0x838a, 0x838a, 0x838a,
    0x7329, 0x7329, 0x7329, 0x838a, 0x838a, 0x836a, 0x836a, 0x7309, 0x7309, 0x7309, 0x7309, 0x7b6a,
    0x7b6a, 0x72e9, 0x6ae8, 0x7b4a, 0x7b49, 0x5a67, 0x5a67, 0x6287, 0x62a7, 0x62a8, 0x6ae8, 0x6ac8,
    0x6ac8, 0x62a8, 0x5a67, 0x5a67, 0x49e6, 0x49e6, 0x5206, 0x5226, 0x5226, 0x5226, 0x5a27, 0x6267,
    0x41c5, 0x41c5, 0x41c5, 0x4a06, 0x4a06, 0x4a06, 0x4a06, 0x4a06, 0x5206, 0x5206, 0x49e5, 0x49c5,
    0x49c5, 0x49c5, 0x49c5, 0x5206, 0x5206, 0x5206, 0x5226, 0x5a47, 0x5a47, 0x5a47, 0x5a47, 0x5a47,
    0x5a47, 0x5a47, 0x5a47, 0x5a47, 0x5226, 0x5a47, 0x5a26, 0x5a47, 0x6267, 0x6267, 0x6267, 0x5a67,
    0x5a67, 0x49e5, 0x49e5, 0x49e5, 0x49e5, 0x49e5, 0x49c5, 0x5206, 0x4a06, 0x49e6, 0x49e6, 0x49e6,
    0x49e6, 0x49e5, 0x49c5, 0x41a5, 0x41a5, 0x41a5, 0x41a5, 0x41a5, 0x41a5, 0x41a5, 0x4184, 0x3984,
    0x41a5, 0x41a5, 0x41a5, 0x41a5, 0x3984, 0x3984, 0x3164, 0x3964, 0x3964, 0x3984, 0x3984, 0x3964,
    0x3964, 0x3984, 0x3164, 0x3144, 0x3143, 0x3964, 0x3984, 0x3984, 0x3984, 0x41a5, 0x41c5, 0x41c5,
    0x49c5, 0x41c5, 0x41a5, 0x41c5, 0x41c5, 0x41c5, 0x41c5, 0x4a06, 0x5206, 0x5206, 0x5206, 0x5206,
    0x5226, 0x5226, 0x6287, 0x6ac8, 0x72e8, 0x6ac8, 0x62a7, 0x62a8, 0x7b49, 0x8bcb, 0x836a, 0x836a,
    0x93eb, 0x93eb, 0x940c, 0x8bab, 0x836a, 0x836a, 0x8bab, 0x9c2c, 0x9c2c, 0x838a, 0x7b4a, 0x838a,
    0x7b6a, 0x62c8, 0x5267, 0x5267, 0x5a67, 0x5a87, 0x62c8, 0x732a, 0x6b09, 0x6ae9, 0x6b09, 0x734a,
    0x7b8b, 0x7b8b, 0x7b8b, 0x736a, 0x734a, 0x736b, 0x7b6b, 0x83cc, 0x8c0d, 0x942d, 0x942d, 0xa4d0,
    0xd655, 0xce35, 0xb573, 0xce15, 0xce36, 0xbdd5, 0xc616, 0x7bce, 0x8430, 0x9471, 0x6b2d, 0x8410,
    0xbbcb, 0xfc42, 0xfc22, 0xfe46, 0xff27, 0xfce3, 0xfe45, 0xffed, 0xffec, 0xfe25, 0xfc82, 0xfcc3,
    0xfe05, 0xff07, 0xfc62, 0xfc02, 0xfda4, 0xfde5, 0xfce3, 0xfec6, 0xffec, 0xffec, 0xfe25, 0xfce3,
    0xfda4, 0xfe25, 0xffe9, 0xffc9, 0xfd84, 0xfbe1, 0xfbc1, 0xfbe1, 0xfd64, 0xff68, 0xfe45, 0xfd23,
    0xfcc2, 0xfc22, 0xfbe1, 0xfbc1, 0xfc82, 0xffec, 0xff48, 0xfc82, 0xfbc1, 0xfbc1, 0xfc22, 0xec8d,
    0x94b2, 0x94b2, 0x94b2, 0x94b2, 0x8c71, 0x9492, 0xa514, 0xad55, 0xad55, 0x9cf3, 0x94b2, 0x94b2,
    0x9492, 0x73ae, 0x62ea, 0x5aa9, 0x4207, 0x4a48, 0x5aa8, 0x4a27, 0x41e7, 0x41e7, 0x41e7, 0x41e7,
    0x6b2a, 0x6b2a, 0x83cc, 0x736b, 0x6b2a, 0x6b0a, 0x6b0a, 0x5288, 0x4a27, 0x41e6, 0x3185, 0x3165,
    0x41c6, 0x3185, 0x41c6, 0x4206, 0x5267, 0x5267, 0x5267, 0x39c6, 0x39a5, 0x3165, 0x3165, 0x3165,
    0x39a5, 0x39c6, 0x39c6, 0x41e6, 0x62c8, 0x62c8, 0x62c8, 0x5a88, 0x5247, 0x39c5, 0x2944, 0x41e6,
    0x5226, 0x5226, 0x4a26, 0x62a8, 0x62a8, 0x4a26, 0x4a26, 0x39a5, 0x39a5, 0x2944, 0x2924, 0x7b4a,
    0x7b4a, 0x7b4a, 0x7329, 0x6ae9, 0x7329, 0x838b, 0x838a, 0x838a, 0x838a, 0x838a, 0x838a, 0x838a,
    0x838a, 0x836a, 0x836a, 0x7309, 0x7309, 0x7309, 0x7309, 0x7b6a, 0x7b6a, 0x7309, 0x6ae8, 0x7b4a,
    0x7b4a, 0x7b49, 0x7b49, 0x7309, 0x62a7, 0x62a8, 0x6ae8, 0x6ac8, 0x6ac8, 0x62a8, 0x5a67, 0x5a67,
    0x49e6, 0x49e6, 0x5206, 0x5226, 0x5226, 0x5226, 0x4a06, 0x41c5, 0x41c5, 0x41c5, 0x41c5, 0x4a06,
    0x4a06, 0x4a06, 0x4a06, 0x5206, 0x5206, 0x49e5, 0x49c5, 0x49c5, 0x49c5, 0x49c5, 0x49c5, 0x5206,
    0x5206, 0x5206, 0x5226, 0x5a47, 0x5a47, 0x5a47, 0x5a47, 0x5a47, 0x5a47, 0x5a47, 0x5a47, 0x5a47,
    0x5a47, 0x5a47, 0x5a26, 0x5a47, 0x6267, 0x6267, 0x6267, 0x6267, 0x5226, 0x49e6, 0x49e5, 0x49e5,
    0x49e5, 0x49e5, 0x49c5, 0x5206, 0x4a06, 0x4a06, 0x49e6, 0x49e6, 0x49e6, 0x49e5, 0x49c5, 0x41a5,
    0x41a5, 0x41a5, 0x41a5, 0x41a5, 0x41a5, 0x41a5, 0x4184, 0x3984, 0x41a5, 0x41a5, 0x41a5, 0x41a5,
    0x3984, 0x3984, 0x3164, 0x3964, 0x3964, 0x3984, 0x3984, 0x3964, 0x3964, 0x3984, 0x41a5, 0x41a5,
    0x3164, 0x3964, 0x3984, 0x3984, 0x3984, 0x41a5, 0x41c5, 0x41c5, 0x49c5, 0x41c5, 0x41a5, 0x41c5,
    0x41c5, 0x41c5, 0x41c5, 0x49c5, 0x5206, 0x5206, 0x5206, 0x5206, 0x5226, 0x5226, 0x6287, 0x6ac8,
    0x6ae8, 0x6ac8, 0x62a8, 0x6ae8, 0x836a, 0x8bcb, 0x836a, 0x8bab, 0x93eb, 0x93eb, 0x940c, 0x838a,
    0x836a, 0x836a, 0x8bcb, 0x9c2c, 0x9c4c, 0x7b4a, 0x7b6a, 0x838a, 0x7b6a, 0x62a8, 0x5267, 0x5267,
    0x5a67, 0x5a88, 0x62c8, 0x62e9, 0x62c8, 0x62e9, 0x6b09, 0x734a, 0x7b8b, 0x7b8b, 0x7b8b, 0x736a,
    0x734a, 0x736b, 0x7b6b, 0x83cc, 0x8c0d, 0x942d, 0x942d, 0xacf0, 0xd655, 0xc5f4, 0xb573, 0xc5d4,
    0xce36, 0xbd94, 0xbdb5, 0x7bae, 0x8c2f, 0x9471, 0x738d, 0x7bce, 0xb36a, 0xfc22, 0xfbc1, 0xfbc1,
    0xfc22, 0xfd23, 0xfe45, 0xfde4, 0xfff2, 0xff27, 0xfc62, 0xfde4, 0xffed, 0xffeb, 0xfcc2, 0xfc02,
    0xfc82, 0xff68, 0xfe25, 0xfe05, 0xffec, 0xfe66, 0xfbe1, 0xfc62, 0xfcc2, 0xfd43, 0xff47, 0xffea,
    0xff27, 0xfc02, 0xfbe1, 0xfbc1, 0xfc02, 0xfc82, 0xfc42, 0xfc62, 0xfc42, 0xfc42, 0xfc02, 0xfc02,
    0xfd43, 0xffa9, 0xfe25, 0xfc82, 0xfc62, 0xfd23, 0xfc82, 0xfbe1, 0xfc02, 0xfce3, 0xd4ce, 0x94b2,
    0x8c51, 0x8c71, 0x8c71, 0x8c71, 0x9cd3, 0x9cd3, 0x94b2, 0x94b2, 0x9492, 0x73ae, 0x62ea, 0x5aa9,
    0x4207, 0x4a48, 0x5aa8, 0x4a27, 0x41e7, 0x41e7, 0x41e7, 0x41e7, 0x5a88, 0x5ac9, 0x83cc, 0x736b,
    0x6b2a, 0x6b2a, 0x6b0a, 0x5288, 0x4a27, 0x41e6, 0x3185, 0x3165, 0x41c6, 0x41e6, 0x5267, 0x5267,
    0x5267, 0x5267, 0x5267, 0x39c6, 0x39a5, 0x3165, 0x3165, 0x3165, 0x39a5, 0x39c6, 0x39c6, 0x39c6,
    0x5247, 0x5247, 0x5aa8, 0x5aa8, 0x5247, 0x39c5, 0x2944, 0x41e6, 0x5226, 0x5226, 0x4a26, 0x62a8,
    0x62a8, 0x4a26, 0x4a26, 0x7329, 0x7329, 0x5a88, 0x2944, 0x7b4a, 0x7b4a, 0x7b4a, 0x7329, 0x6ae9,
    0x7329, 0x83ab, 0x838a, 0x838a, 0x838a, 0x838a, 0x838a, 0x838a, 0x7b6a, 0x7309, 0x836a, 0x7309,
    0x7309, 0x7309, 0x7309, 0x7b6a, 0x7b6a, 0x7309, 0x72e9, 0x7b4a, 0x7b4a, 0x7b49, 0x7b49, 0x7309,
    0x6ae8, 0x6ae8, 0x6ae8, 0x6ac8, 0x6ac8, 0x62a8, 0x5a87, 0x5a67, 0x49e6, 0x49e6, 0x5206, 0x5226,
    0x5226, 0x5206, 0x49e5, 0x41c5, 0x41c5, 0x41c5, 0x41c5, 0x4a06, 0x4a06, 0x4a06, 0x4a06, 0x5206,
    0x49e5, 0x49c5, 0x49c5, 0x49c5, 0x49c5, 0x49c5, 0x49c5, 0x5206, 0x5206, 0x5206, 0x5226, 0x5a47,
    0x5a47, 0x5a47, 0x5a47, 0x5a47, 0x5a47, 0x5a47, 0x5a47, 0x5a47, 0x5a47, 0x5a47, 0x5a26, 0x5a47,
    0x6267, 0x6267, 0x6267, 0x5a47, 0x49e6, 0x49e6, 0x49e5, 0x49e5, 0x49e5, 0x49e5, 0x49c5, 0x5206,
    0x4a06, 0x4a06, 0x49e6, 0x49e6, 0x49e6, 0x4a06, 0x4a06, 0x41a5, 0x41a5, 0x41a5, 0x41a5, 0x41a5,
    0x41a5, 0x41a5, 0x41a4, 0x3984, 0x41a5, 0x41a5, 0x41a5, 0x41a5, 0x3984, 0x3984, 0x3164, 0x3964,
    0x3964, 0x3984, 0x3984, 0x3964, 0x3964, 0x3984, 0x41a5, 0x41a5, 0x3984, 0x41a4, 0x3984, 0x3984,
    0x3984, 0x41a5, 0x41c5, 0x41c5, 0x49c5, 0x41c5, 0x41a5, 0x41c5, 0x41c5, 0x41c5, 0x41c5, 0x49c5,
    0x5206, 0x5206, 0x5206, 0x5206, 0x5226, 0x5226, 0x6287, 0x6ae8, 0x6ae8, 0x6ac8, 0x62a8, 0x7309,
    0x836a, 0x8bcb, 0x836a, 0x8bab, 0x93eb, 0x93ec, 0x8bcb, 0x838a, 0x836a, 0x838a, 0x8bcb, 0x9c4c,
    0x940c, 0x7329, 0x7b6a, 0x838a, 0x6b09, 0x62a8, 0x5267, 0x5267, 0x5a87, 0x5a88, 0x62c8, 0x62e9,
    0x62c8, 0x62a8, 0x6b09, 0x732a, 0x7b8b, 0x7b8b, 0x7bab, 0x736a, 0x734a, 0x736b, 0x7b6b, 0x83cc,
    0x8bec, 0x83ab, 0x8bec, 0xad31, 0xd655, 0xbdb3, 0xbd93, 0xbdb4, 0xc5f5, 0xbd94, 0xbdb5, 0x7bae,
    0x842f, 0x842f, 0x6b4d, 0x738d, 0xb38a, 0xfce3, 0xfd43, 0xfcc2, 0xfc62, 0xff88, 0xffea, 0xfe86,
    0xfee6, 0xfce3, 0xfca3, 0xffe9, 0xffed, 0xffa9, 0xfd03, 0xfba1, 0xfc42, 0xfd23, 0xfd63, 0xfdc4,
    0xfe65, 0xfd03, 0xfbe1, 0xfbc1, 0xfc42, 0xfd43, 0xfee7, 0xff68, 0xfe66, 0xfd03, 0xfcc2, 0xfc02,
    0xfbc1, 0xfc02, 0xfbe1, 0xfba1, 0xfc62, 0xfce3, 0xfc82, 0xfce3, 0xfd63, 0xfd03, 0xfc22, 0xfbe1,
    0xfd84, 0xffa8, 0xfe66, 0xfbc1, 0xfca2, 0xfec6, 0xfd03, 0xfcc2, 0xff27, 0x8c71, 0x8c51, 0x8c71,
    0x94b2, 0x8c71, 0x9492, 0x9492, 0x9492, 0x73ae, 0x5289, 0x5268, 0x4207, 0x4a48, 0x5aa8, 0x4a27,
    0x41e7, 0x41e7, 0x41e7, 0x41e7, 0x5a88, 0x5a88, 0x83cc, 0x736b, 0x6b2a, 0x6b2a, 0x6b0a, 0x5288,
    0x4a27, 0x41e6, 0x3185, 0x3165, 0x41c6, 0x41e6, 0x5267, 0x5267, 0x5267, 0x5267, 0x5267, 0x41c6,
    0x39a5, 0x3165, 0x3165, 0x3165, 0x39a5, 0x39c6, 0x39c6, 0x39c6, 0x5247, 0x5247, 0x5247, 0x4a06,
    0x39a5, 0x39a5, 0x2944, 0x41e6, 0x5226, 0x5226, 0x5226, 0x62a8, 0x62a8, 0x4a26, 0x4a26, 0x7329,
    0x7329, 0x7329, 0x7329, 0x8bab, 0x838a, 0x7b4a, 0x7329, 0x6ae9, 0x7329, 0x83ab, 0x838a, 0x838a,
    0x838a, 0x838a, 0x838a, 0x838a, 0x7b6a, 0x7309, 0x7309, 0x6ac8, 0x6ae8, 0x7309, 0x7309, 0x7b6a,
    0x7b6a, 0x7309, 0x72e9, 0x7b4a, 0x7b4a, 0x7b49, 0x7b49, 0x7309, 0x6ae8, 0x6ae8, 0x6ae8, 0x6ac8,
    0x6ac8, 0x6ac8, 0x6287, 0x5a67, 0x49e6, 0x49e6, 0x5206, 0x5226, 0x5206, 0x49e6, 0x49e5, 0x41c5,
    0x41c5, 0x41c5, 0x41c5, 0x4a06, 0x4a06, 0x4a06, 0x4a06, 0x49e5, 0x49c5, 0x49c5, 0x49c5, 0x49c5,
    0x49c5, 0x49c5, 0x49c5, 0x5206, 0x5206, 0x5226, 0x5a47, 0x5a47, 0x5a47, 0x5a47, 0x5a47, 0x5a47,
    0x5a47, 0x5a47, 0x5a47, 0x5a47, 0x5a47, 0x5a47, 0x5a26, 0x5a47, 0x6267, 0x6267, 0x5a47, 0x49e6,
    0x49e6, 0x49e6, 0x49e5, 0x49e5, 0x49e5, 0x49e5, 0x5206, 0x5206, 0x4a06, 0x4a06, 0x49e6, 0x49e6,
    0x49e6, 0x5226, 0x4a06, 0x41a5, 0x41a5, 0x41a5, 0x41a5, 0x41a5, 0x41a5, 0x41a5, 0x41a4, 0x3984,
    0x41a5, 0x41a5, 0x41a5, 0x41a5, 0x3984, 0x3984, 0x3164, 0x3964, 0x3964, 0x3984, 0x3984, 0x3984,
    0x3964, 0x3984, 0x41a5, 0x41a5, 0x3984, 0x41a4, 0x41a5, 0x41c5, 0x41a5, 0x41a5, 0x41c5, 0x41c5,
    0x49c5, 0x41c5, 0x41a5, 0x41c5, 0x41c5, 0x41c5, 0x41c5, 0x49c5, 0x5206, 0x5206, 0x5206, 0x5206,
    0x5226, 0x5226, 0x62a7, 0x6ae8, 0x6ae8, 0x6ac8, 0x7309, 0x7b49, 0x836a, 0x93cb, 0x836a, 0x8bcb,
    0x93eb, 0x940c, 0x838a, 0x838a, 0x836a, 0x8baa, 0x8bcb, 0x9c4c, 0x93eb, 0x7329, 0x7b6a, 0x838b,
    0x62c8, 0x62c8, 0x6ae9, 0x5aa8, 0x5a87, 0x5a88, 0x62c8, 0x62e9, 0x62c8, 0x62a8, 0x6b09, 0x62e9,
    0x5aa8, 0x5a88, 0x7bab, 0x736b, 0x734a, 0x736b, 0x7b6b, 0x83cc, 0x8bec, 0x83ab, 0x83cc, 0xacf0,
    0xcdf4, 0xbdb3, 0xc5d4, 0xb573, 0xbdb4, 0xb573, 0xbdb5, 0x7bce, 0x7bee, 0x738e, 0x5aec, 0x736d,
    0xcc4d, 0xfe05, 0xff88, 0xfe66, 0xfe05, 0xffeb, 0xffea, 0xfde5, 0xfc22, 0xfc22, 0xfc62, 0xfea6,
    0xff07, 0xffe9, 0xfde5, 0xfbc1, 0xfba1, 0xfbc1, 0xfc62, 0xfd43, 0xfd23, 0xfd03, 0xfc01, 0xfbe1,
    0xfc42, 0xfcc2, 0xfce3, 0xfca2, 0xfda4, 0xfd43, 0xfea6, 0xfc02, 0xfc62, 0xfc22, 0xfbe1, 0xfbc1,
    0xfe66, 0xfe45, 0xfd63, 0xfda4, 0xfda4, 0xfd03, 0xfca2, 0xfc02, 0xfc02, 0xfca2, 0xfdc4, 0xfd23,
    0xfde4, 0xffc9, 0xff88, 0xfd84, 0xfe46, 0xffec, 0xff88, 0xfdac, 0x94b2, 0x8c51, 0x8c71, 0x8c71,
    0x8430, 0x73ae, 0x5289, 0x4207, 0x4207, 0x4207, 0x5aa8, 0x4a27, 0x41e7, 0x41e7, 0x41e7, 0x41e7,
    0x5a88, 0x5a88, 0x83cc, 0x736b, 0x6b2a, 0x5288, 0x5288, 0x5aa8, 0x4a27, 0x41e6, 0x3185, 0x3165,
    0x41c6, 0x41e6, 0x5267, 0x5267, 0x5267, 0x5267, 0x5267, 0x5267, 0x4a27, 0x3185, 0x3165, 0x3165,
    0x39a5, 0x39c6, 0x39c6, 0x39c6, 0x5247, 0x5247, 0x5247, 0x4a06, 0x39a5, 0x39a5, 0x39a5, 0x3165,
    0x41e6, 0x5226, 0x5226, 0x62a8, 0x62a8, 0x4a26, 0x4a26, 0x7329, 0x7329, 0x7329, 0x7329, 0x8bab,
    0x838a, 0x6b09, 0x6ae8, 0x62a8, 0x7329, 0x83ab, 0x838b, 0x838a, 0x838a, 0x838a, 0x838a, 0x838a,
    0x7b6a, 0x7309, 0x7309, 0x6ac8, 0x6ae8, 0x7309, 0x7309, 0x62c8, 0x7b29, 0x7309, 0x7309, 0x7b4a,
    0x7b4a, 0x7b4a, 0x7b49, 0x7309, 0x6ae8, 0x6ae8, 0x6ae8, 0x6ac8, 0x6ac8, 0x6ac8, 0x62a8, 0x6ac8,
    0x49e6, 0x49e6, 0x5206, 0x5226, 0x49e6, 0x49e6, 0x49e5, 0x41c5, 0x41c5, 0x41c5, 0x41c5, 0x4a06,
    0x4a06, 0x4a06, 0x5206, 0x49c5, 0x49c5, 0x49c5, 0x49c5, 0x49c5, 0x49c5, 0x49c5, 0x49c5, 0x5206,
    0x5226, 0x5a47, 0x5a47, 0x5a47, 0x5a47, 0x5a47, 0x5a47, 0x5a47, 0x5a47, 0x5a47, 0x5a47, 0x5a47,
    0x5a47, 0x5a47, 0x5a46, 0x5a47, 0x6267, 0x6267, 0x5206, 0x49e6, 0x49e6, 0x49e6, 0x49e5, 0x49e5,
    0x49e5, 0x49e6, 0x5206, 0x5206, 0x4a06, 0x4a06, 0x49e6, 0x49e6, 0x5206, 0x5226, 0x4a06, 0x41a5,
    0x41a5, 0x41a5, 0x41a5, 0x41a5, 0x41a5, 0x41a5, 0x41a4, 0x3984, 0x41a5, 0x41a5, 0x41a5, 0x41a5,
    0x3984, 0x3984, 0x3144, 0x3964, 0x3964, 0x3984, 0x3984, 0x3984, 0x3964, 0x3984, 0x41a5, 0x41a5,
    0x3984, 0x41a4, 0x41a5, 0x41c5, 0x49e5, 0x49e6, 0x41c5, 0x41c5, 0x49c5, 0x41c5, 0x41a5, 0x41c5,
    0x41c5, 0x41c5, 0x41c5, 0x49c5, 0x5206, 0x5206, 0x5206, 0x5206, 0x5226, 0x5226, 0x62a7, 0x6ae8,
    0x6ae8, 0x6ac8, 0x8bab, 0x7b49, 0x836a, 0x93cb, 0x836a, 0x8bcb, 0x93eb, 0x8baa, 0x7b49, 0x838a,
    0x836a, 0x8bcb, 0x8bcb, 0xa44c, 0x838a, 0x7329, 0x7b6a, 0x83ab, 0x62c8, 0x6b09, 0x6b09, 0x62c8,
    0x62e8, 0x6ae9, 0x62c9, 0x62e9, 0x62c8, 0x62c8, 0x6b09, 0x62e9, 0x5aa8, 0x5aa8, 0x5aa8, 0x62e9,
    0x734a, 0x736b, 0x7b8b, 0x83cc, 0x8bec, 0x83ab, 0x83cc, 0xad10, 0xbd93, 0xbdb3, 0xbdb3, 0xb593,
    0xbdb4, 0xbd94, 0xbdb5, 0x7bee, 0x7bce, 0x5aab, 0x52ab, 0x632d, 0xe54f, 0xffea, 0xff88, 0xfd43,
    0xfd03, 0xfde4, 0xfe45, 0xfdc4, 0xfe86, 0xfd64, 0xfc02, 0xfbe2, 0xfd84, 0xfde4, 0xfd63, 0xfc22,
    0xfba1, 0xfbe1, 0xfcc2, 0xfd23, 0xfd03, 0xfce3, 0xfc62, 0xfc42, 0xfc82, 0xfc62, 0xfc42, 0xfc62,
    0xfc82, 0xfd03, 0xfdc4, 0xfe86, 0xfdc4, 0xfcc3, 0xfbc1, 0xfc42, 0xff89, 0xffec, 0xff68, 0xfda4,
    0xfde4, 0xfe05, 0xfe65, 0xfbe1, 0xfb81, 0xfba1, 0xfd23, 0xfd23, 0xff27, 0xffec, 0xffe9, 0xfcc3,
    0xfda4, 0xfdc4, 0xfc82, 0xfd43, 0xfe86, 0xff88, 0xf5af, 0x8c51, 0x8430, 0x7bef, 0x5aca, 0x4207,
    0x4207, 0x39c6, 0x3186, 0x3186, 0x39a6, 0x41e7, 0x41e7, 0x41e7, 0x5a88, 0x5a88, 0x83cc, 0x736b,
    0x6b2a, 0x5a88, 0x5288, 0x6b0a, 0x62c9, 0x5288, 0x3185, 0x3165, 0x41e6, 0x41e6, 0x5267, 0x5267,
    0x5267, 0x5267, 0x5267, 0x5267, 0x4a27, 0x39c6, 0x39a5, 0x3165, 0x39a5, 0x39c6, 0x39c6, 0x39c6,
    0x5247, 0x5247, 0x5247, 0x4a06, 0x39a5, 0x39a5, 0x39a5, 0x3165, 0x2944, 0x41e6, 0x5226, 0x62a8,
    0x62a8, 0x4a26, 0x4a26, 0x7329, 0x7329, 0x7329, 0x7329, 0x8bab, 0x838a, 0x6b09, 0x6ae8, 0x62a8,
    0x62a8, 0x6ae9, 0x7329, 0x838a, 0x838a, 0x838a, 0x838a, 0x838a, 0x7b6a, 0x7329, 0x7309, 0x6ac8,
    0x6ae8, 0x7309, 0x7309, 0x62c8, 0x62c8, 0x62c8, 0x62a8, 0x7309, 0x7b4a, 0x7b4a, 0x7b49, 0x7309,
    0x6ae8, 0x6ae8, 0x6ae8, 0x6ae8, 0x6ac8, 0x6ac8, 0x6ac8, 0x6ac8, 0x49e6, 0x49e6, 0x4a06, 0x49e6,
    0x49e6, 0x49e6, 0x49e5, 0x41c5, 0x41c5, 0x41c5, 0x41c5, 0x4a06, 0x4a06, 0x5206, 0x5226, 0x49c5,
    0x49c5, 0x49c5, 0x49c5, 0x49c5, 0x49c5, 0x49c5, 0x49c5, 0x5226, 0x5a47, 0x5a47, 0x5a47, 0x5a47,
    0x5a47, 0x5a47, 0x5a47, 0x5a47, 0x5a47, 0x5a46, 0x5a47, 0x5a47, 0x5a47, 0x5a47, 0x5a46, 0x5a47,
    0x6267, 0x5226, 0x5206, 0x49e6, 0x49e6, 0x49e6, 0x49e5, 0x49e5, 0x49e5, 0x5206, 0x5206, 0x5206,
    0x4a06, 0x4a06, 0x49e6, 0x5206, 0x5226, 0x5226, 0x4a06, 0x41a5, 0x41a5, 0x41a5, 0x41a5, 0x41a5,
    0x41a5, 0x41a5, 0x41a4, 0x41a4, 0x41a5, 0x41a5, 0x41a5, 0x41a5, 0x3984, 0x3984, 0x3123, 0x3143,
    0x3164, 0x3984, 0x3984, 0x3984, 0x3964, 0x3984, 0x41a5, 0x41a5, 0x3984, 0x41a4, 0x41a5, 0x41c5,
    0x49e5, 0x49e6, 0x4a06, 0x5206, 0x49e5, 0x41c5, 0x41a5, 0x41c5, 0x41c5, 0x41c5, 0x41c5, 0x49c5,
    0x5206, 0x5206, 0x5206, 0x5226, 0x5226, 0x5226, 0x62a7, 0x6ae8, 0x6ae8, 0x7309, 0x8bab, 0x7b49,
    0x838a, 0x8bab, 0x836a, 0x8bcb, 0x93eb, 0x7b49, 0x7b49, 0x838a, 0x8bab, 0x8bcb, 0x8bcb, 0x93eb,
    0x838a, 0x7329, 0x93ec, 0x838b, 0x62c8, 0x6b09, 0x6b09, 0x62c8, 0x62e9, 0x7329, 0x732a, 0x62e9,
    0x62c8, 0x62c8, 0x6b09, 0x62e9, 0x5aa8, 0x5aa8, 0x5aa8, 0x62e9, 0x6b09, 0x732a, 0x7b8b, 0x83ec,
    0x8bec, 0x83ab, 0x83cc, 0xad10, 0xad31, 0xc5f4, 0xbdb4, 0xb593, 0xbdb4, 0xbdd5, 0xc5d5, 0x7bce,
    0x738d, 0x5aab, 0x528b, 0x632c, 0xe5b0, 0xffee, 0xffc9, 0xfcc3, 0xfc01, 0xfcc3, 0xfc02, 0xfc02,
    0xfd44, 0xff88, 0xfd64, 0xfba1, 0xfc62, 0xfcc3, 0xfd63, 0xfc42, 0xfbe1, 0xfc02, 0xfe86, 0xffe9,
    0xfd44, 0xfce3, 0xfe66, 0xffc9, 0xfbc1, 0xfc22, 0xfc42, 0xfc42, 0xfc22, 0xfbe1, 0xfd43, 0xfd84,
    0xfd43, 0xfd03, 0xfca2, 0xff07, 0xffed, 0xfff0, 0xffc9, 0xfdc4, 0xfd63, 0xff68, 0xff27, 0xfd23,
    0xfbe1, 0xfba1, 0xfbe1, 0xfc42, 0xfec7, 0xffed, 0xffec, 0xfda5, 0xfc01, 0xfc02, 0xfbe1, 0xfc02,
    0xfc82, 0xffeb, 0xfda4, 0xfbe1, 0xfba5, 0x7bef, 0x5aca, 0x4207, 0x4207, 0x39c6, 0x3186, 0x3186,
    0x3186, 0x5aa8, 0x5a88, 0x4a27, 0x5a88, 0x5a88, 0x83cc, 0x736b, 0x6b2a, 0x5a88, 0x5288, 0x6b0a,
    0x62c9, 0x5288, 0x4207, 0x41e6, 0x41e6, 0x41e6, 0x5267, 0x5267, 0x5267, 0x5267, 0x5267, 0x5267,
    0x4a27, 0x39c6, 0x39a5, 0x3165, 0x39a5, 0x39c6, 0x4a26, 0x41e6, 0x5247, 0x5247, 0x5247, 0x4a06,
    0x39a5, 0x39a5, 0x39a5, 0x3165, 0x2944, 0x41e6, 0x5226, 0x5226, 0x4a26, 0x62a8, 0x5247, 0x7329,
    0x7329, 0x7329, 0x7329, 0x8bcb, 0x838a, 0x6b09, 0x6ae8, 0x62a8, 0x62a8, 0x6ae9, 0x6ac8, 0x62a8,
    0x62a8, 0x6ae8, 0x838a, 0x838a, 0x7b6a, 0x7329, 0x7309, 0x6ac8, 0x6ae8, 0x7309, 0x7309, 0x6ac8,
    0x62c8, 0x62c8, 0x62c8, 0x62a8, 0x62a8, 0x6ae8, 0x7329, 0x7309, 0x6ae8, 0x6ae8, 0x6ae8, 0x6ae8,
    0x6ac8, 0x6ac8, 0x6ac8, 0x6ac8, 0x49e6, 0x4a06, 0x4a06, 0x49e6, 0x49e6, 0x49e6, 0x49e5, 0x41c5,
    0x41c5, 0x41c5, 0x41c5, 0x4a06, 0x5206, 0x5226, 0x5226, 0x49c5, 0x49c5, 0x49c5, 0x49c5, 0x49c5,
    0x49c5, 0x49c5, 0x49e6, 0x5a47, 0x5a47, 0x5a47, 0x5a47, 0x5a47, 0x5a47, 0x5a47, 0x5a47, 0x5a47,
    0x5226, 0x5a47, 0x5a47, 0x5a47, 0x5a47, 0x5a47, 0x5a46, 0x5a47, 0x5226, 0x5226, 0x5226, 0x49e6,
    0x49e6, 0x49e6, 0x49e5, 0x49e5, 0x5206, 0x5206, 0x5206, 0x5206, 0x4a06, 0x4a06, 0x5206, 0x5226,
    0x5226, 0x5226, 0x4a06, 0x41a5, 0x41a5, 0x41a5, 0x41a5, 0x41a5, 0x41a5, 0x41a5, 0x41a4, 0x41c5,
    0x41a5, 0x41a5, 0x41a5, 0x41a5, 0x3984, 0x41a5, 0x3123, 0x3143, 0x3144, 0x3164, 0x3984, 0x3984,
    0x3964, 0x3984, 0x41a5, 0x41a5, 0x3984, 0x41a4, 0x41a5, 0x41c5, 0x49e5, 0x49e6, 0x4a06, 0x5206,
    0x5206, 0x4a06, 0x41c5, 0x41c5, 0x41c5, 0x41c5, 0x49c5, 0x49c5, 0x5206, 0x5206, 0x5206, 0x5226,
    0x5226, 0x5226, 0x62a7, 0x6ae8, 0x72e8, 0x836a, 0x8bab, 0x7b49, 0x838a, 0x838a, 0x836a, 0x8bcb,
    0x8b8a, 0x6ae8, 0x7b49, 0x838a, 0x8bab, 0x8bcb, 0x8bcb, 0x838a, 0x838a, 0x7329, 0x9c0c, 0x838b,
    0x6ae9, 0x7329, 0x6b09, 0x62c8, 0x62e9, 0x732a, 0x732a, 0x62e9, 0x6ae9, 0x6b09, 0x6b09, 0x62e9,
    0x5aa8, 0x5aa8, 0x5aa8, 0x62e9, 0x6b09, 0x732a, 0x7b8b, 0x734a, 0x7b6b, 0x83ab, 0x83cc, 0xa4d0,
    0xad31, 0xce35, 0xbdb4, 0xb593, 0xc5f5, 0xbdd5, 0xc616, 0x73ad, 0x738d, 0x4229, 0x5acc, 0x632c,
    0xe54f, 0xffc9, 0xffea, 0xfd03, 0xfc42, 0xfc02, 0xfbc1, 0xfc02, 0xfcc2, 0xfff0, 0xfda4, 0xfb61,
    0xfb81, 0xfc02, 0xfd23, 0xfcc2, 0xfc22, 0xfc22, 0xff68, 0xff27, 0xfcc3, 0xfe45, 0xfff0, 0xffec,
    0xfe25, 0xfc82, 0xfcc3, 0xfe05, 0xfea6, 0xfd23, 0xfc02, 0xfda4, 0xfe25, 0xfd03, 0xfe25, 0xffea,
    0xffec, 0xff07, 0xfcc3, 0xfde4, 0xfde4, 0xfe86, 0xffea, 0xff07, 0xfcc3, 0xfbc1, 0xfbc1, 0xfbe1,
    0xfe86, 0xff07, 0xfe05, 0xfd03, 0xfc82, 0xfc02, 0xfbe1, 0xfbe1, 0xfcc2, 0xffec, 0xff48, 0xfd23,
    0xfbe5, 0x7bef, 0x5aca, 0x4207, 0x4207, 0x39c6, 0x3186, 0x3186, 0x3186, 0x5aa8, 0x5a88, 0x5a88,
    0x5a88, 0x5a88, 0x7b8b, 0x736b, 0x6b2a, 0x5a88, 0x5288, 0x6b0a, 0x62c9, 0x5288, 0x4207, 0x41e6,
    0x41e6, 0x41c6, 0x41c6, 0x4206, 0x5267, 0x5267, 0x5267, 0x5267, 0x4a27, 0x39c6, 0x39a5, 0x3165,
    0x39a5, 0x39c6, 0x4a26, 0x5247, 0x62c8, 0x62c8, 0x5247, 0x4a06, 0x39a5, 0x39a5, 0x39a5, 0x3165,
    0x2944, 0x41e6, 0x5226, 0x5226, 0x4a26, 0x62a8, 0x62a8, 0x62a8, 0x62a8, 0x7329, 0x7329, 0x8bcb,
    0x838a, 0x6b09, 0x6ae8, 0x62a8, 0x62c8, 0x6ae9, 0x6ac8, 0x62a8, 0x62a8, 0x6ae8, 0x6ae8, 0x6ae8,
    0x6ae8, 0x7329, 0x7329, 0x6ac8, 0x6ae8, 0x7309, 0x7309, 0x6ac8, 0x62c8, 0x62c8, 0x62c8, 0x62a8,
    0x62a8, 0x6ae8, 0x6ae8, 0x6ae8, 0x6ae8, 0x6ae8, 0x6ae8, 0x6ae8, 0x6ac8, 0x6ac8, 0x6ac8, 0x6ac8,
    0x4a06, 0x5226, 0x4a06, 0x49e6, 0x49e6, 0x49e6, 0x49e6, 0x41c5, 0x41c5, 0x41c5, 0x41c5, 0x5206,
    0x5226, 0x5226, 0x5226, 0x49c5, 0x49c5, 0x49c5, 0x49c5, 0x49c5, 0x49c5, 0x49e6, 0x5a47, 0x5a47,
    0x5a47, 0x5a47, 0x5a47, 0x5a47, 0x5a47, 0x5a47, 0x5a47, 0x5226, 0x5226, 0x5a47, 0x5a47, 0x5a47,
    0x5a47, 0x5a47, 0x5a47, 0x5a26, 0x5a26, 0x5226, 0x5226, 0x49e6, 0x49e6, 0x49e6, 0x49e5, 0x5206,
    0x5206, 0x5206, 0x5206, 0x5206, 0x4a06, 0x4a06, 0x5a26, 0x5226, 0x5226, 0x5226, 0x4a06, 0x41a5,
    0x49c5, 0x41a5, 0x41a5, 0x41a5, 0x41a5, 0x41a5, 0x41a5, 0x41c5, 0x41a5, 0x41a5, 0x41a5, 0x41c5,
    0x41a5, 0x41a5, 0x3123, 0x3143, 0x3144, 0x3164, 0x3984, 0x3984, 0x3964, 0x3984, 0x41a5, 0x41a5,
    0x3984, 0x41a4, 0x41a5, 0x41c5, 0x49e5, 0x49e6, 0x5206, 0x5206, 0x5206, 0x4a06, 0x49e5, 0x49e5,
    0x49c5, 0x41c5, 0x49c5, 0x49e5, 0x5206, 0x5206, 0x5206, 0x5226, 0x5226, 0x5226, 0x62a7, 0x6ae8,
    0x72e8, 0x8baa, 0x8bab, 0x7b4a, 0x836a, 0x836a, 0x836a, 0x8bcb, 0x7b49, 0x6ae8, 0x7b4a, 0x838a,
    0x8bab, 0x8bcb, 0x838a, 0x7329, 0x838a, 0x7b4a, 0x9c2c, 0x838b, 0x7329, 0x7329, 0x6b09, 0x62c8,
    0x62e9, 0x732a, 0x732a, 0x6ae9, 0x6ae9, 0x6b09, 0x6b09, 0x6b2a, 0x62c9, 0x5aa8, 0x5aa8, 0x62e9,
    0x6b09, 0x732a, 0x7b8b, 0x734a, 0x7b6b, 0x83ab, 0x6b0a, 0x9caf, 0xbd93, 0xce35, 0xbdb4, 0xb593,
    0xc5f5, 0xc5f6, 0xc5f6, 0x738d, 0x62ec, 0x5aab, 0x5acc, 0x6b6d, 0xdcce, 0xfe45, 0xfce3, 0xfc42,
    0xfc42, 0xfbe1, 0xfc02, 0xfc82, 0xfd23, 0xffec, 0xfcc2, 0xfc42, 0xfce3, 0xfd03, 0xfc42, 0xfbe1,
    0xfc22, 0xfbc1, 0xfbc1, 0xfd23, 0xfc82, 0xfe45, 0xff88, 0xfff2, 0xff27, 0xfcc3, 0xfde4, 0xffed,
    0xffeb, 0xfcc2, 0xfc22, 0xfc22, 0xff68, 0xfe86, 0xfe05, 0xffeb, 0xff88, 0xfd24, 0xfc22, 0xfc82,
    0xfd03, 0xfe65, 0xffc9, 0xffea, 0xfdc5, 0xfc02, 0xfbc1, 0xfbc1, 0xfc42, 0xfc82, 0xfc82, 0xfca2,
    0xfc42, 0xfc62, 0xfbe1, 0xfc22, 0xfd84, 0xffa9, 0xff88, 0xfca2, 0xfc66, 0x7bef, 0x7bad, 0x734b,
    0x4207, 0x39c6, 0x3186, 0x3186, 0x3186, 0x5aa8, 0x5a88, 0x5a88, 0x5a88, 0x5a88, 0x6b2a, 0x62c9,
    0x5ac8, 0x5a88, 0x5a88, 0x6b2a, 0x62c9, 0x5288, 0x4207, 0x41e6, 0x41e6, 0x41c6, 0x41c6, 0x4206,
    0x5267, 0x5267, 0x5267, 0x5267, 0x4a27, 0x39c6, 0x39a5, 0x3165, 0x39a5, 0x39c6, 0x4a26, 0x5247,
    0x62c8, 0x62c8, 0x62c8, 0x6b09, 0x7b6a, 0x39a5, 0x39a5, 0x3165, 0x2944, 0x41e6, 0x5226, 0x5226,
    0x4a26, 0x62a8, 0x62a8, 0x62a8, 0x62a8, 0x7329, 0x7329, 0x7b4a, 0x7b6a, 0x6b09, 0x6ae8, 0x62a8,
    0x62c8, 0x6ae9, 0x6ac8, 0x62a8, 0x62a8, 0x6ae8, 0x6ae8, 0x6ae8, 0x6ae8, 0x7329, 0x7329, 0x7309,
    0x6ae8, 0x7309, 0x7309, 0x6ac8, 0x62c8, 0x62c8, 0x62c8, 0x62c8, 0x62a8, 0x6ae8, 0x6ae8, 0x6ae8,
    0x6ae8, 0x6ac8, 0x62a7, 0x62a7, 0x62a8, 0x6ac8, 0x6ac8, 0x6ac8, 0x5226, 0x5226, 0x4a06, 0x49e6,
    0x49e6, 0x49e6, 0x49e6, 0x41c5, 0x41c5, 0x41c5, 0x49e5, 0x5226, 0x5226, 0x5226, 0x5226, 0x49c5,
    0x49c5, 0x49c5, 0x49c5, 0x49c5, 0x49c5, 0x5a47, 0x5a47, 0x5a47, 0x5a47, 0x5a47, 0x5a47, 0x5a47,
    0x5a47, 0x5a47, 0x5226, 0x5226, 0x5226, 0x5a47, 0x5a47, 0x5a47, 0x5a47, 0x5a47, 0x5a47, 0x5a26,
    0x5a26, 0x5226, 0x5226, 0x49e6, 0x49e6, 0x49e6, 0x5206, 0x5206, 0x5206, 0x5206, 0x5206, 0x5206,
    0x4a06, 0x4a06, 0x5a26, 0x5226, 0x5226, 0x5226, 0x4a06, 0x41c5, 0x49e5, 0x41a5, 0x41a5, 0x41a5,
    0x41a5, 0x41a5, 0x41c5, 0x41c5, 0x41a5, 0x41a5, 0x41a5, 0x49e5, 0x41a5, 0x41a5, 0x3123, 0x3143,
    0x3144, 0x3164, 0x3984, 0x3984, 0x3964, 0x3964, 0x41a5, 0x41a5, 0x3984, 0x41a4, 0x41a5, 0x41c5,
    0x49e5, 0x49e6, 0x5206, 0x5206, 0x5206, 0x4a06, 0x49e5, 0x49e5, 0x49e5, 0x49e6, 0x49e5, 0x49e5,
    0x5206, 0x5206, 0x5206, 0x5226, 0x5226, 0x5226, 0x62a7, 0x6ae8, 0x836a, 0x8baa, 0x8bab, 0x7b4a,
    0x836a, 0x836a, 0x836a, 0x836a, 0x6ae8, 0x6ae8, 0x7b4a, 0x838a, 0x8bcb, 0x8bcb, 0x7b4a, 0x7329,
    0x838a, 0x838a, 0x9c2c, 0x83ab, 0x7b6a, 0x6b09, 0x5a67, 0x5247, 0x62c8, 0x732a, 0x734a, 0x6ae9,
    0x6b09, 0x6b09, 0x6b09, 0x6b2a, 0x732a, 0x736a, 0x734a, 0x62e9, 0x6b0a, 0x734a, 0x7b8b, 0x736a,
    0x7b6b, 0x83ac, 0x6b0a, 0x946f, 0xcdf4, 0xce35, 0xbdb4, 0xb593, 0xc5f5, 0xc5f6, 0xc5f6, 0x738d,
    0x52ab, 0x738e, 0x5acc, 0x73ae, 0xd48e, 0xfc02, 0xfba1, 0xfbc1, 0xfc42, 0xfc82, 0xfca2, 0xfd03,
    0xfda4, 0xfc62, 0xfc82, 0xfce3, 0xff07, 0xfd03, 0xfc02, 0xfc02, 0xfc82, 0xfd03, 0xfcc2, 0xfc22,
    0xff88, 0xffea, 0xfde4, 0xfee6, 0xfce3, 0xfca3, 0xfee6, 0xffef, 0xffeb, 0xfdc4, 0xfba1, 0xfc02,
    0xfd23, 0xfd63, 0xfd84, 0xfe86, 0xfd84, 0xfc02, 0xfbc1, 0xfbe1, 0xfca2, 0xfda4, 0xfee7, 0xff47,
    0xfe05, 0xfd23, 0xfca2, 0xfbc1, 0xfbe1, 0xfc02, 0xfc02, 0xfba1, 0xfc62, 0xfc82, 0xfc82, 0xfd03,
    0xfde4, 0xfda4, 0xfc62, 0xfc22, 0xfcc6, 0x7bae, 0x7bad, 0x734b, 0x5aa9, 0x62ea, 0x4207, 0x3186,
    0x3186, 0x5aa8, 0x5aa8, 0x5a88, 0x5a88, 0x5a88, 0x6b2a, 0x62c9, 0x5a88, 0x5a88, 0x5a88, 0x5247,
    0x62c9, 0x5288, 0x4207, 0x41e6, 0x41e6, 0x41e6, 0x41c6, 0x4206, 0x5267, 0x5267, 0x5267, 0x41c6,
    0x41c6, 0x41c6, 0x39a5, 0x3165, 0x39a5, 0x39c6, 0x4a26, 0x5247, 0x62c8, 0x62c8, 0x62c8, 0x6b09,
    0x7b6a, 0x6b09, 0x62c8, 0x41e6, 0x2944, 0x41e6, 0x5226, 0x5226, 0x5226, 0x62a8, 0x62a8, 0x62a8,
    0x62a8, 0x7329, 0x7329, 0x7b4a, 0x7b4a, 0x7b4a, 0x7b4a, 0x62a8, 0x62c8, 0x6ae9, 0x6ac8, 0x62a8,
    0x62a8, 0x6ae8, 0x6ae8, 0x6ae8, 0x6ae9, 0x7329, 0x7329, 0x7309, 0x7309, 0x7309, 0x7309, 0x6ac8,
    0x62c8, 0x62c8, 0x62c8, 0x62c8, 0x62a8, 0x6ae8, 0x6ae8, 0x6ae8, 0x6ae8, 0x6ac8, 0x62a8, 0x62a7,
    0x6287, 0x62a7, 0x6ac8, 0x6ac8, 0x5226, 0x5226, 0x5206, 0x49e6, 0x49e6, 0x49e6, 0x49e6, 0x41c5,
    0x41c5, 0x49c5, 0x5226, 0x5226, 0x5226, 0x5226, 0x5a26, 0x49c5, 0x49c5, 0x49c5, 0x49c5, 0x49c5,
    0x5a47, 0x5a47, 0x5a47, 0x5a47, 0x5a47, 0x5a47, 0x5a47, 0x5a47, 0x5a47, 0x5226, 0x5226, 0x5226,
    0x5226, 0x5a47, 0x5a47, 0x5a47, 0x5a47, 0x5a47, 0x5a47, 0x5a26, 0x5a26, 0x5226, 0x5226, 0x49e6,
    0x49e6, 0x5206, 0x5206, 0x5206, 0x5206, 0x5206, 0x5206, 0x5206, 0x49e5, 0x49e5, 0x5a26, 0x5226,
    0x5226, 0x5226, 0x4a06, 0x49e5, 0x49e5, 0x41a5, 0x41a5, 0x41a5, 0x41a5, 0x41c5, 0x41c5, 0x41c5,
    0x41a5, 0x41a5, 0x49c5, 0x49e5, 0x41a5, 0x41a5, 0x3123, 0x3143, 0x3144, 0x3164, 0x3984, 0x3984,
    0x3964, 0x3984, 0x3984, 0x3984, 0x3984, 0x41a4, 0x41a5, 0x41c5, 0x49e5, 0x49e6, 0x5206, 0x5206,
    0x5206, 0x4a06, 0x49e5, 0x49e5, 0x49e5, 0x49e6, 0x4a06, 0x5206, 0x5206, 0x5206, 0x5206, 0x5226,
    0x5226, 0x5226, 0x62a7, 0x72e8, 0x8baa, 0x8bab, 0x8bab, 0x7b4a, 0x836a, 0x836a, 0x836a, 0x7309,
    0x6ae8, 0x6ae8, 0x7b4a, 0x8bab, 0x8bcb, 0x8bcb, 0x7329, 0x7329, 0x838a, 0x838a, 0x9c2c, 0x8bec,
    0x7b6a, 0x62a8, 0x5a67, 0x5247, 0x5267, 0x5a88, 0x62c8, 0x6ae9, 0x6b09, 0x6b09, 0x6b09, 0x6b2a,
    0x732a, 0x736a, 0x83ac, 0x83cc, 0x7b8b, 0x734a, 0x7b8b, 0x736a, 0x7b6b, 0x83ac, 0x6b0a, 0x946f,
    0xce35, 0xc5d4, 0xbdb4, 0xb593, 0xc5f5, 0xc5f6, 0xb594, 0x738d, 0x52ab, 0x738e, 0x5acc, 0x73ae,
    0xdc8e, 0xfbc1, 0xfbc1, 0xfc62, 0xfd63, 0xfd63, 0xfd03, 0xfd23, 0xfd03, 0xfc62, 0xfbe1, 0xfc02,
    0xffea, 0xffea, 0xfda4, 0xfca2, 0xfe05, 0xff88, 0xfe86, 0xfce3, 0xffea, 0xffea, 0xfde5, 0xfc42,
    0xfc42, 0xfc22, 0xfda4, 0xffea, 0xffeb, 0xfee6, 0xfbe1, 0xfba1, 0xfbc1, 0xfc02, 0xfd63, 0xfd03,
    0xfd43, 0xfc02, 0xfbe1, 0xfc01, 0xfca2, 0xfcc2, 0xfd03, 0xfe66, 0xfda4, 0xfde4, 0xfde5, 0xfc02,
    0xfc62, 0xfc22, 0xfbc1, 0xfbe1, 0xfe66, 0xfd03, 0xfd84, 0xfdc4, 0xfd23, 0xfd03, 0xfcc3, 0xfc02,
    0xfc05, 0x7bce, 0x7bad, 0x734b, 0x5aa9, 0x62ea, 0x6b4b, 0x62c9, 0x5aa8, 0x5268, 0x5aa8, 0x5a88,
    0x5a88, 0x5a88, 0x6b2a, 0x62c9, 0x5a88, 0x5a88, 0x5a88, 0x41e6, 0x4a27, 0x5288, 0x4207, 0x41e6,
    0x41e6, 0x41e6, 0x41c6, 0x4206, 0x5267, 0x5267, 0x5267, 0x41c6, 0x41c6, 0x41c6, 0x39c6, 0x39c6,
    0x39a5, 0x39c6, 0x4a26, 0x5247, 0x62e9, 0x62c8, 0x62c8, 0x6b09, 0x7b6a, 0x6b09, 0x62c8, 0x4a06,
    0x39a5, 0x39a5, 0x41c6, 0x5226, 0x5226, 0x62a8, 0x62a8, 0x62a8, 0x62a8, 0x7329, 0x7329, 0x7b4a,
    0x7b4a, 0x7b4a, 0x7b4a, 0x7b4a, 0x7b4a, 0x7329, 0x6ac8, 0x62a8, 0x62a8, 0x6ae8, 0x6ae8, 0x6ae8,
    0x6ae9, 0x7329, 0x7329, 0x7309, 0x7309, 0x7309, 0x7309, 0x7309, 0x7309, 0x7309, 0x62c8, 0x62c8,
    0x62a8, 0x6ae8, 0x6ae8, 0x6ae8, 0x6ae8, 0x6ac8, 0x62a8, 0x62a7, 0x6287, 0x62a7, 0x6ac8, 0x62a8,
    0x5226, 0x5226, 0x5206, 0x49e6, 0x49e6, 0x49e6, 0x49e6, 0x41c5, 0x41c5, 0x5226, 0x5226, 0x5226,
    0x5226, 0x5226, 0x5a26, 0x49c5, 0x49c5, 0x49c5, 0x49c5, 0x5226, 0x5a47, 0x5a47, 0x5a47, 0x5a47,
    0x5a47, 0x5a47, 0x5a47, 0x5a47, 0x5a26, 0x5226, 0x5226, 0x5226, 0x5226, 0x5a47, 0x5a47, 0x5a47,
    0x5a47, 0x5a47, 0x5a47, 0x5a26, 0x5a26, 0x5226, 0x5226, 0x49e6, 0x5206, 0x5226, 0x5206, 0x5206,
    0x5206, 0x5206, 0x5206, 0x49e6, 0x49c5, 0x49e5, 0x5a26, 0x5226, 0x5226, 0x5226, 0x49e6, 0x49e5,
    0x49e5, 0x41a5, 0x41a5, 0x41a5, 0x41c5, 0x41c5, 0x41c5, 0x41c5, 0x41c5, 0x41c5, 0x49e5, 0x49e5,
    0x41a5, 0x41a5, 0x3123, 0x3143, 0x3144, 0x3164, 0x3984, 0x3984, 0x3964, 0x3984, 0x3984, 0x3984,
    0x3984, 0x41c5, 0x41c5, 0x41c5, 0x49e5, 0x4a06, 0x5206, 0x5206, 0x5206, 0x4a06, 0x49e5, 0x49e5,
    0x49e5, 0x4a06, 0x4a06, 0x5206, 0x5206, 0x5206, 0x5206, 0x5226, 0x5226, 0x5226, 0x62a7, 0x836a,
    0x8baa, 0x8bab, 0x8bab, 0x834a, 0x836a, 0x836a, 0x836a, 0x72e9, 0x6ae8, 0x6ae8, 0x838a, 0x8bab,
    0x8bcb, 0x838a, 0x7329, 0x7329, 0x838a, 0x83ab, 0x9c2c, 0x8bec, 0x7b6a, 0x5a88, 0x5a67, 0x5247,
    0x5267, 0x5aa8, 0x5267, 0x5267, 0x62c8, 0x6b09, 0x6b09, 0x6b2a, 0x732a, 0x736a, 0x83ac, 0x83cc,
    0x7b8b, 0x7b6b, 0x7b8b, 0x736a, 0x7b6b, 0x83ac, 0x6b0a, 0x9c6f, 0xce35, 0xad52, 0xbd93, 0xb593,
    0xc5f5, 0xc616, 0xa512, 0x6b4d, 0x52ab, 0x94b1, 0x632c, 0x7bef, 0xd46d, 0xfba1, 0xfc02, 0xffa8,
    0xffec, 0xfe66, 0xfe45, 0xfdc4, 0xfd23, 0xfca2, 0xfbc1, 0xfc02, 0xfcc2, 0xfd23, 0xfd03, 0xfda4,
    0xffea, 0xffc9, 0xfe66, 0xfd03, 0xfec6, 0xffea, 0xfe25, 0xfde5, 0xfc22, 0xfc42, 0xfba1, 0xff07,
    0xfe25, 0xfdc4, 0xfc42, 0xfba1, 0xfbc1, 0xfc02, 0xfd23, 0xfd23, 0xfd23, 0xfd03, 0xfc22, 0xfc22,
    0xfca2, 0xfbe1, 0xfca2, 0xfca2, 0xfc82, 0xfd03, 0xfec6, 0xfe86, 0xfdc4, 0xfc82, 0xfbc1, 0xfc82,
    0xfec6, 0xffea, 0xffeb, 0xfe45, 0xfe05, 0xfdc4, 0xfda4, 0xfc22, 0xfbc5, 0x7bce, 0x7bad, 0x734b,
    0x5aa9, 0x62ea, 0x6b4b, 0x62c9, 0x5aa8, 0x41e7, 0x4a48, 0x5a88, 0x5a88, 0x5a88, 0x6b2a, 0x62e9,
    0x5a88, 0x5a88, 0x5a88, 0x41e6, 0x4a27, 0x5288, 0x4207, 0x41e6, 0x3165, 0x39c6, 0x41c6, 0x4206,
    0x5267, 0x5267, 0x5267, 0x41c6, 0x41c6, 0x41c6, 0x39c6, 0x39c6, 0x4a27, 0x5247, 0x5aa8, 0x5247,
    0x62e9, 0x62c8, 0x62c8, 0x6b09, 0x7b6a, 0x6b09, 0x62c8, 0x4a06, 0x39a5, 0x39a5, 0x39a5, 0x39a5,
    0x39a5, 0x49e6, 0x62a8, 0x62a8, 0x62a8, 0x7329, 0x7329, 0x7b4a, 0x7b4a, 0x7b4a, 0x7b4a, 0x7b4a,
    0x7b4a, 0x7b49, 0x7329, 0x6ae9, 0x6ae8, 0x6ae8, 0x6ae8, 0x6ae8, 0x6ae9, 0x7329, 0x7329, 0x7329,
    0x7309, 0x7309, 0x7309, 0x7309, 0x7309, 0x7309, 0x7309, 0x7309, 0x7309, 0x6ae8, 0x6ae8, 0x6ae8,
    0x6ae8, 0x6ac8, 0x62a8, 0x62a7, 0x6287, 0x62a7, 0x6ac8, 0x62a8, 0x5226, 0x5226, 0x5206, 0x49e6,
    0x49e6, 0x49e6, 0x49e6, 0x41c5, 0x5226, 0x5226, 0x5226, 0x5226, 0x5226, 0x5a26, 0x5a26, 0x49c5,
    0x49c5, 0x49c5, 0x5206, 0x5a47, 0x5a47, 0x5a47, 0x5a47, 0x5a47, 0x5a47, 0x5a47, 0x5a47, 0x5a26,
    0x5206, 0x5226, 0x5226, 0x5226, 0x5226, 0x5a47, 0x5a47, 0x5a47, 0x5226, 0x5a47, 0x5a47, 0x5a26,
    0x5a26, 0x5226, 0x5226, 0x4a06, 0x5226, 0x5226, 0x5226, 0x5206, 0x5206, 0x5206, 0x5206, 0x49c5,
    0x49c5, 0x49e5, 0x5a26, 0x5226, 0x5226, 0x5206, 0x49e5, 0x49e5, 0x49e5, 0x41a5, 0x41a5, 0x41a5,
    0x49c5, 0x41c5, 0x41c5, 0x41c5, 0x41c5, 0x49e5, 0x49e5, 0x49e5, 0x41a5, 0x41a5, 0x3123, 0x3143,
    0x3144, 0x3164, 0x3984, 0x3984, 0x3964, 0x3984, 0x3984, 0x3984, 0x3984, 0x41c5, 0x49e5, 0x49e5,
    0x49e5, 0x4a06, 0x5206, 0x5206, 0x5206, 0x5206, 0x49e5, 0x49e5, 0x49e5, 0x4a06, 0x4a06, 0x5206,
    0x5206, 0x5206, 0x5206, 0x5226, 0x5206, 0x5226, 0x6ae8, 0x8b8a, 0x8baa, 0x8bab, 0x8bcb, 0x836a,
    0x836a, 0x836a, 0x7b49, 0x72e9, 0x6ae8, 0x6ae8, 0x8bab, 0x8bab, 0x8bcb, 0x838a, 0x7329, 0x7329,
    0x83aa, 0x83ab, 0x9c2c, 0x8bec, 0x7329, 0x5a88, 0x5a87, 0x5247, 0x5267, 0x5aa8, 0x5267, 0x5267,
    0x62c9, 0x6b09, 0x6b2a, 0x6b2a, 0x732a, 0x736b, 0x83ac, 0x83cc, 0x7bab, 0x7b6b, 0x7b8b, 0x7b8b,
    0x7bab, 0x83ac, 0x6b0a, 0xa4f0, 0xce35, 0x9cb0, 0xbd93, 0xbdb4, 0xc5f5, 0xad53, 0x8c70, 0x632c,
    0x7bce, 0xa4f3, 0x6b6d, 0x73ae, 0xd48d, 0xfc02, 0xfd03, 0xffef, 0xffef, 0xfe45, 0xfd63, 0xfd84,
    0xfe65, 0xfe86, 0xfc82, 0xfb81, 0xfbc1, 0xfbe1, 0xfd23, 0xff68, 0xffed, 0xff88, 0xfcc3, 0xfbe1,
    0xfd63, 0xfc82, 0xfc02, 0xfd84, 0xff47, 0xfe25, 0xfc22, 0xfc42, 0xfca2, 0xfd43, 0xfce3, 0xfbe1,
    0xfbc1, 0xfc02, 0xffc9, 0xff48, 0xfce3, 0xfce3, 0xff27, 0xfc42, 0xfbc1, 0xfc62, 0xfc62, 0xfc42,
    0xfc22, 0xfca2, 0xfda4, 0xfd84, 0xfd63, 0xfd03, 0xfca2, 0xfdc5, 0xffeb, 0xffef, 0xffed, 0xfdc4,
    0xfd63, 0xfe66, 0xfe65, 0xfdc4, 0xfc65, 0x7bce, 0x7bad, 0x734b, 0x5aa9, 0x62ea, 0x6b4b, 0x62c9,
    0x5aa8, 0x4207, 0x4a48, 0x5aa8, 0x5a88, 0x5a88, 0x5248, 0x62e9, 0x5a88, 0x5a88, 0x5a88, 0x41e6,
    0x4a27, 0x5288, 0x4a07, 0x41e6, 0x3165, 0x3165, 0x3165, 0x39c6, 0x5267, 0x5267, 0x5267, 0x41c6,
    0x41c6, 0x41c6, 0x41c6, 0x39c6, 0x4a27, 0x5247, 0x5aa8, 0x62e9, 0x5247, 0x5a67, 0x62c8, 0x6b09,
    0x7b6a, 0x6b09, 0x62c8, 0x4a06, 0x39a5, 0x39a5, 0x39a5, 0x39a5, 0x39a5, 0x39a5, 0x39a5, 0x4a26,
    0x5a87, 0x7329, 0x7329, 0x7b4a, 0x7b4a, 0x7b4a, 0x7b4a, 0x7b4a, 0x7b4a, 0x7b49, 0x7329, 0x6ae9,
    0x6ae8, 0x6ae8, 0x6ae8, 0x6ae8, 0x6ae9, 0x7329, 0x7329, 0x7329, 0x7309, 0x7309, 0x7309, 0x7309,
    0x7309, 0x7309, 0x7309, 0x7309, 0x7309, 0x72e9, 0x6ae8, 0x7329, 0x6ae8, 0x6ac8, 0x62a8, 0x62a7,
    0x6287, 0x62a7, 0x6ac8, 0x62a8, 0x5226, 0x5226, 0x5206, 0x49e6, 0x49e6, 0x49e6, 0x5206, 0x5226,
    0x5226, 0x5226, 0x5226, 0x5226, 0x5226, 0x5a26, 0x5a26, 0x49c5, 0x49c5, 0x5206, 0x5a47, 0x5a47,
    0x5a47, 0x5a47, 0x5a47, 0x5a47, 0x5a47, 0x5a47, 0x5226, 0x5206, 0x5226, 0x5226, 0x5226, 0x5226,
    0x5226, 0x5a47, 0x5a47, 0x5206, 0x5226, 0x5a47, 0x5a47, 0x5a46, 0x5a26, 0x5226, 0x5226, 0x5226,
    0x5226, 0x5226, 0x5226, 0x5206, 0x5206, 0x5206, 0x5a47, 0x49c5, 0x49c5, 0x49e5, 0x5a26, 0x5226,
    0x5206, 0x49e5, 0x49e5, 0x49e5, 0x49e5, 0x41a5, 0x41a5, 0x49c5, 0x49c5, 0x41c5, 0x41c5, 0x41c5,
    0x49e5, 0x49e5, 0x49e5, 0x49e5, 0x41a5, 0x3984, 0x2903, 0x3143, 0x3144, 0x3164, 0x3984, 0x3984,
    0x3964, 0x3984, 0x3984, 0x3984, 0x3984, 0x41c5, 0x49e5, 0x49e5, 0x49e5, 0x4a06, 0x5206, 0x5206,
    0x5206, 0x5206, 0x49e5, 0x49e5, 0x49e5, 0x4a06, 0x4a06, 0x5206, 0x5206, 0x5206, 0x5206, 0x5226,
    0x4a06, 0x4a06, 0x7309, 0x8baa, 0x8baa, 0x8bab, 0x8bcb, 0x836a, 0x836a, 0x836a, 0x7b29, 0x7309,
    0x6ae8, 0x836a, 0x8bab, 0x8bab, 0x8bcb, 0x838a, 0x7329, 0x7b4a, 0x83aa, 0x8bab, 0x9c2c, 0x8bec,
    0x6ae9, 0x62a8, 0x6b09, 0x5247, 0x5267, 0x5aa8, 0x5267, 0x5267, 0x62c9, 0x6b09, 0x6b2a, 0x6ae9,
    0x62e9, 0x736b, 0x83cc, 0x83cc, 0x7bab, 0x7b6b, 0x7b8b, 0x7b8b, 0x7bab, 0x83ac, 0x83cc, 0xbd92,
    0xc5d4, 0x9cb0, 0xbd93, 0xc5f5, 0xc5f5, 0x9490, 0x8c50, 0x5aeb, 0x9cb2, 0x9cf2, 0x632c, 0x73ae,
    0xcc4d, 0xfda4, 0xffea, 0xffee, 0xfff0, 0xfe25, 0xfda4, 0xfd84, 0xffea, 0xffea, 0xfc82, 0xfba1,
    0xfbc1, 0xfc02, 0xfc42, 0xfee7, 0xffee, 0xffeb, 0xfe05, 0xfc62, 0xfc02, 0xfbc1, 0xfbe1, 0xfc42,
    0xfea7, 0xffea, 0xfbe1, 0xfb61, 0xfba1, 0xfd23, 0xfd63, 0xfc62, 0xfbe1, 0xfc22, 0xff68, 0xfec7,
    0xfc02, 0xfe45, 0xffea, 0xffea, 0xfde4, 0xfc62, 0xfc42, 0xfe05, 0xfea6, 0xfbe1, 0xfc02, 0xfd23,
    0xfd43, 0xfd23, 0xfdc4, 0xfea7, 0xffea, 0xffe9, 0xffc9, 0xfe25, 0xfdc4, 0xfea6, 0xffea, 0xffea,
    0xfdc8, 0x7bce, 0x7bad, 0x734b, 0x62e9, 0x62ea, 0x6b4b, 0x62c9, 0x5aa8, 0x4207, 0x4a48, 0x5aa8,
    0x5a88, 0x5a88, 0x41e7, 0x41e7, 0x41e7, 0x5a88, 0x5a88, 0x41e6, 0x4a27, 0x5288, 0x4a07, 0x41e6,
    0x3165, 0x3165, 0x3165, 0x3185, 0x41c6, 0x41c6, 0x4a27, 0x41c6, 0x41c6, 0x41c6, 0x41c6, 0x39c6,
    0x4a27, 0x5247, 0x5aa8, 0x62e9, 0x5247, 0x5a87, 0x62c8, 0x6b09, 0x7b6a, 0x6b09, 0x62c8, 0x4a06,
    0x39a5, 0x39a5, 0x39a5, 0x39a5, 0x39a5, 0x39a5, 0x39a5, 0x4a26, 0x4a26, 0x62a8, 0x62a8, 0x7b4a,
    0x7b4a, 0x7b4a, 0x7b4a, 0x7b4a, 0x7b4a, 0x7b4a, 0x7329, 0x6ae9, 0x6ae9, 0x6ae8, 0x6ae8, 0x6ae8,
    0x7309, 0x838a, 0x838a, 0x7329, 0x7309, 0x7309, 0x7309, 0x7309, 0x7309, 0x7309, 0x7309, 0x7309,
    0x7309, 0x7309, 0x6ae8, 0x7329, 0x7b4a, 0x7329, 0x6ae8, 0x62a8, 0x62a7, 0x62a7, 0x6ac8, 0x62a8,
    0x5226, 0x5226, 0x5206, 0x49e6, 0x49e6, 0x5206, 0x5226, 0x5226, 0x5226, 0x5226, 0x5226, 0x5226,
    0x5a26, 0x5a26, 0x5a26, 0x49c5, 0x5206, 0x5a47, 0x5a47, 0x5a47, 0x5a47, 0x5a47, 0x5a47, 0x5a47,
    0x5a47, 0x5226, 0x5206, 0x5206, 0x5226, 0x5226, 0x5226, 0x5226, 0x5226, 0x5a47, 0x5a26, 0x5206,
    0x5226, 0x5a47, 0x5a47, 0x5a46, 0x5a26, 0x5a26, 0x5226, 0x5226, 0x5226, 0x5226, 0x5226, 0x5206,
    0x5206, 0x5226, 0x5a47, 0x49c5, 0x49c5, 0x49e5, 0x5a26, 0x5226, 0x49e5, 0x49e5, 0x49e5, 0x49e5,
    0x49e5, 0x41a5, 0x49c5, 0x49c5, 0x49c5, 0x41c5, 0x41c5, 0x49c5, 0x49e6, 0x49e5, 0x49e5, 0x49e5,
    0x41a5, 0x3984, 0x2903, 0x2903, 0x3144, 0x3164, 0x3984, 0x3984, 0x3964, 0x3984, 0x3984, 0x3984,
    0x3984, 0x41c5, 0x49e5, 0x49e5, 0x49e5, 0x4a06, 0x5206, 0x4a06, 0x4a06, 0x5206, 0x49e5, 0x49e5,
    0x49e5, 0x4a06, 0x4a06, 0x5206, 0x5206, 0x5206, 0x5226, 0x5226, 0x4a06, 0x4a06, 0x7309, 0x8baa,
    0x8baa, 0x8bab, 0x8bcb, 0x836a, 0x836a, 0x7b4a, 0x7b29, 0x7309, 0x6ae8, 0x8baa, 0x8bab, 0x8bab,
    0x8bcb, 0x838a, 0x7329, 0x836a, 0x83ab, 0x8bab, 0xac8d, 0x838b, 0x62c8, 0x6ae9, 0x6b09, 0x62c8,
    0x5a88, 0x5aa8, 0x5267, 0x5267, 0x62e9, 0x6b09, 0x6b2a, 0x6ae9, 0x6ae9, 0x6b0a, 0x734a, 0x7bab,
    0x7bab, 0x7b6b, 0x7b8b, 0x7b8b, 0x7bab, 0x83ac, 0x83cc, 0xbd92, 0xb552, 0xad11, 0xbdb4, 0xc5f5,
    0xbdd5, 0x7bce, 0x7bae, 0x52ab, 0xad54, 0x9cf2, 0x632c, 0x632c, 0xc46c, 0xffeb, 0xffeb, 0xffe9,
    0xfd84, 0xfca2, 0xfdc4, 0xfe45, 0xff47, 0xffea, 0xfdc4, 0xfc02, 0xfbc1, 0xfbe1, 0xfbe1, 0xfe25,
    0xfec6, 0xfd43, 0xfc82, 0xfc82, 0xfc02, 0xfbc1, 0xfbe1, 0xfcc2, 0xffa9, 0xffea, 0xfc82, 0xfc82,
    0xfc22, 0xfc22, 0xfc02, 0xfc22, 0xfc02, 0xfbc1, 0xfce3, 0xfe66, 0xfc82, 0xfe45, 0xfff0, 0xfff2,
    0xffa9, 0xfc62, 0xfde4, 0xffed, 0xfea6, 0xfd43, 0xfc02, 0xfd23, 0xfec6, 0xff07, 0xfe65, 0xffeb,
    0xffeb, 0xff07, 0xfd84, 0xfc42, 0xfd23, 0xfe45, 0xff47, 0xffea, 0xfe49, 0x7bcf, 0x7bad, 0x734b,
    0x734b, 0x62ea, 0x5aa9, 0x62c9, 0x5aa8, 0x4207, 0x4a48, 0x5aa8, 0x5a88, 0x5a88, 0x41e7, 0x41e7,
    0x41e7, 0x3185, 0x3185, 0x3165, 0x4a27, 0x5288, 0x4a07, 0x41e6, 0x3165, 0x3165, 0x3165, 0x3185,
    0x41c6, 0x41c6, 0x41c6, 0x3165, 0x3165, 0x39a5, 0x41c6, 0x39c6, 0x4a27, 0x5267, 0x62a8, 0x62e9,
    0x5247, 0x5a87, 0x62c8, 0x6b09, 0x7b6a, 0x62c8, 0x5247, 0x41e6, 0x39a5, 0x39a5, 0x39a5, 0x39a5,
    0x39a5, 0x39a5, 0x39a5, 0x4a26, 0x4a26, 0x62a8, 0x62a8, 0x7b6a, 0x7b4a, 0x7b4a, 0x7b4a, 0x7b4a,
    0x7b4a, 0x7b4a, 0x7329, 0x6ae9, 0x6ae9, 0x6ae8, 0x6ae8, 0x6ae8, 0x7309, 0x838a, 0x838a, 0x838a,
    0x7b49, 0x6ae8, 0x7309, 0x7309, 0x7309, 0x7309, 0x7309, 0x7309, 0x7309, 0x7309, 0x72e9, 0x7329,
    0x7b4a, 0x7329, 0x6ae8, 0x6ae8, 0x6ae8, 0x6ae8, 0x6ac8, 0x62a8, 0x5226, 0x5226, 0x5206, 0x49e6,
    0x5206, 0x5226, 0x5226, 0x5226, 0x5226, 0x5226, 0x5226, 0x5226, 0x5a26, 0x5a26, 0x5a27, 0x5206,
    0x5a47, 0x5a47, 0x5a47, 0x5a47, 0x5a47, 0x5a47, 0x5a47, 0x5a47, 0x5a26, 0x5206, 0x5206, 0x5206,
    0x5226, 0x5226, 0x5226, 0x5226, 0x5226, 0x5226, 0x5226, 0x5226, 0x5a26, 0x5a47, 0x5a47, 0x5a46,
    0x5a26, 0x5a26, 0x5226, 0x5226, 0x5226, 0x5226, 0x5226, 0x5206, 0x5226, 0x5a47, 0x5a47, 0x49c5,
    0x49c5, 0x49e5, 0x5a26, 0x49e5, 0x49e5, 0x49e5, 0x49e5, 0x49e5, 0x49e5, 0x49c5, 0x49c5, 0x49c5,
    0x49c5, 0x41c5, 0x41c5, 0x49e6, 0x49e6, 0x49e5, 0x49e5, 0x49e5, 0x3984, 0x3984, 0x2903, 0x2903,
    0x3144, 0x3143, 0x3143, 0x3984, 0x3964, 0x3984, 0x3984, 0x3984, 0x3984, 0x41c5, 0x49e5, 0x49e5,
    0x49e5, 0x4a06, 0x5206, 0x4a06, 0x49e5, 0x49e5, 0x49e5, 0x49e5, 0x49e5, 0x4a06, 0x4a06, 0x5206,
    0x5206, 0x5206, 0x5226, 0x5226, 0x4a06, 0x4a06, 0x7309, 0x8baa, 0x8bab, 0x8baa, 0x8bcb, 0x836a,
    0x836a, 0x7b29, 0x7b29, 0x7309, 0x838a, 0x8bab, 0x8bab, 0x8bab, 0x8bcb, 0x838a, 0x7b6a, 0x838a,
    0x83ab, 0x9c4c, 0xac8d, 0x7b4a, 0x62c8, 0x6ae9, 0x6b09, 0x62c8, 0x5a88, 0x5aa8, 0x62a8, 0x5aa8,
    0x62e9, 0x6b09, 0x6b2a, 0x6b09, 0x6ae9, 0x6b0a, 0x734a, 0x83ab, 0x7bab, 0x7b8b, 0x7b8b, 0x7b8b,
    0x7bab, 0x83ac, 0x83cc, 0xbd92, 0xad11, 0xad32, 0xc5d4, 0xbdb4, 0xbdd5, 0x7bce, 0x630c, 0x52ab,
    0xad54, 0x9491, 0x632c, 0x632c, 0xbc0b, 0xffa8, 0xffea, 0xfd24, 0xfbc1, 0xfc62, 0xfd03, 0xfd83,
    0xff47, 0xffea, 0xfea6, 0xfc42, 0xfbe1, 0xfbc1, 0xfbc1, 0xfc82, 0xfc82, 0xfc42, 0xfc42, 0xfc42,
    0xfc62, 0xfbe1, 0xfc62, 0xfd84, 0xffe9, 0xfdc5, 0xfc82, 0xfca2, 0xfd43, 0xfd03, 0xfbe1, 0xfbe1,
    0xfc82, 0xfcc2, 0xfbc1, 0xfce3, 0xfec6, 0xfe45, 0xfde4, 0xfee6, 0xfe86, 0xfbe1, 0xfee6, 0xffed,
    0xffeb, 0xfe86, 0xfbe1, 0xfc22, 0xfcc2, 0xfd23, 0xfe25, 0xfe86, 0xfe45, 0xfe66, 0xfbe1, 0xfbc1,
    0xfce2, 0xfd43, 0xfda4, 0xffc9, 0xff4b, 0x7bcf, 0x738c, 0x734b, 0x734b, 0x630a, 0x5aa9, 0x4a28,
    0x4207, 0x62c9, 0x4a48, 0x5aa8, 0x5aa8, 0x5a88, 0x41e7, 0x41e7, 0x41e7, 0x3185, 0x3185, 0x3165,
    0x39a6, 0x41e6, 0x41e6, 0x41e6, 0x3165, 0x3165, 0x3165, 0x3185, 0x41c6, 0x41c6, 0x41c6, 0x3165,
    0x3165, 0x3165, 0x3185, 0x39c6, 0x4a27, 0x5267, 0x62a8, 0x62e9, 0x5247, 0x5a87, 0x62c8, 0x6b09,
    0x7b6a, 0x62c8, 0x5247, 0x41e6, 0x39a5, 0x39a5, 0x39a5, 0x39a5, 0x39a5, 0x39a5, 0x39a5, 0x4a26,
    0x4a26, 0x62a8, 0x62a8, 0x7b6a, 0x7b4a, 0x7b4a, 0x7b4a, 0x7b4a, 0x7329, 0x7329, 0x7329, 0x6ae9,
    0x6ae9, 0x6ae8, 0x6ae8, 0x6ae8, 0x7309, 0x838a, 0x838a, 0x838a, 0x7b49, 0x6ac8, 0x6ac8, 0x836a,
    0x7b4a, 0x7309, 0x7309, 0x7309, 0x7309, 0x7309, 0x72e9, 0x7b29, 0x7b4a, 0x7329, 0x6ae8, 0x6ae8,
    0x6ae8, 0x6ae8, 0x7329, 0x72e8, 0x5226, 0x5226, 0x5206, 0x49e6, 0x5226, 0x5226, 0x5226, 0x5226,
    0x5226, 0x5226, 0x5226, 0x5a26, 0x5a26, 0x5a26, 0x5206, 0x5a27, 0x5a47, 0x5a47, 0x5a47, 0x5a47,
    0x5a47, 0x5a47, 0x5a47, 0x5a47, 0x5206, 0x5206, 0x5206, 0x5226, 0x5226, 0x5226, 0x5226, 0x5226,
    0x5226, 0x5226, 0x5226, 0x5226, 0x5a26, 0x5a47, 0x5a47, 0x5a47, 0x5a26, 0x5a26, 0x5226, 0x5226,
    0x5226, 0x5226, 0x5226, 0x5206, 0x5a47, 0x5a47, 0x5a47, 0x49c5, 0x49c5, 0x49e5, 0x5206, 0x41c5,
    0x49e5, 0x49e6, 0x49e5, 0x49e5, 0x49e6, 0x49e5, 0x49c5, 0x49c5, 0x49c5, 0x41c5, 0x49e5, 0x49e6,
    0x49e6, 0x49e5, 0x49e5, 0x41c5, 0x3984, 0x3984, 0x2903, 0x2903, 0x3144, 0x3143, 0x3143, 0x3144,
    0x3964, 0x3984, 0x3984, 0x3984, 0x3984, 0x41c5, 0x49e5, 0x49e5, 0x49e5, 0x4a06, 0x5206, 0x4a06,
    0x49e5, 0x49e5, 0x49e5, 0x4a06, 0x49e5, 0x4a06, 0x4a06, 0x5206, 0x5206, 0x5206, 0x5226, 0x5226,
    0x4a06, 0x4a06, 0x7309, 0x8baa, 0x8bab, 0x838a, 0x93cb, 0x836a, 0x7b4a, 0x7b29, 0x7b29, 0x7309,
    0x93eb, 0x8bab, 0x8bab, 0x8bcb, 0x8bcb, 0x83aa, 0x8bab, 0x838a, 0x8bab, 0xac8d, 0xac8d, 0x7b4a,
    0x62c8, 0x6b09, 0x7329, 0x62c8, 0x5aa8, 0x5aa8, 0x62a8, 0x6b09, 0x6b09, 0x6b29, 0x6b2a, 0x6b09,
    0x6ae9, 0x6b0a, 0x734a, 0x83ab, 0x7bab, 0x736b, 0x734a, 0x736b, 0x83ab, 0x83ac, 0x83cc, 0xad31,
    0xad11, 0xb573, 0xc5d4, 0xb594, 0xa512, 0x6b2c, 0x630c, 0x6b2c, 0x9cf2, 0x9491, 0x52ab, 0x5acb,
    0xbbeb, 0xfec6, 0xfd84, 0xfc02, 0xfbc1, 0xfbe1, 0xfc82, 0xfd83, 0xfee7, 0xff47, 0xfe05, 0xfd23,
    0xfce3, 0xfc22, 0xfbc1, 0xfc02, 0xfbe1, 0xfbc1, 0xfba1, 0xfcc2, 0xfcc2, 0xfcc2, 0xfd43, 0xfdc4,
    0xfd03, 0xfc22, 0xfc02, 0xfd84, 0xffea, 0xffea, 0xfbc1, 0xfca2, 0xfe05, 0xfd03, 0xfcc2, 0xfda4,
    0xffa9, 0xffec, 0xfec6, 0xfe05, 0xfce3, 0xfc02, 0xfd64, 0xffef, 0xffec, 0xff07, 0xfba1, 0xfba1,
    0xfba1, 0xfd23, 0xfd63, 0xfd23, 0xfdc4, 0xfd03, 0xfc01, 0xfbe1, 0xfc42, 0xfce3, 0xfd03, 0xff88,
    0xfe49, 0x7bcf, 0x738c, 0x734b, 0x734b, 0x630a, 0x5aa9, 0x4a28, 0x4207, 0x6b4b, 0x7b8c, 0x83ed,
    0x630a, 0x5a88, 0x41e7, 0x41e7, 0x41e7, 0x3185, 0x3185, 0x3185, 0x39a6, 0x41e6, 0x4a47, 0x5288,
    0x5288, 0x39a6, 0x3165, 0x3185, 0x41c6, 0x41c6, 0x41c6, 0x3165, 0x3165, 0x3165, 0x3185, 0x41c6,
    0x4a27, 0x5267, 0x5247, 0x62e9, 0x5247, 0x5a87, 0x62e9, 0x6b09, 0x7b6a, 0x62c8, 0x5247, 0x41e6,
    0x39a5, 0x39a5, 0x39a5, 0x39a5, 0x39a5, 0x39a5, 0x39a5, 0x4a26, 0x4a26, 0x62a8, 0x62a8, 0x7b6a,
    0x7b4a, 0x7b4a, 0x7b4a, 0x7b4a, 0x7329, 0x6b09, 0x6b09, 0x6ae9, 0x6ae9, 0x6ae9, 0x6ae8, 0x6ae8,
    0x7309, 0x838a, 0x838a, 0x838a, 0x7b49, 0x6ac8, 0x6ac8, 0x836a, 0x836a, 0x836a, 0x836a, 0x7b49,
    0x7309, 0x7309, 0x7309, 0x7b29, 0x7b4a, 0x7329, 0x6ae8, 0x6ae8, 0x6ae8, 0x6ae8, 0x7329, 0x72e8,
    0x5226, 0x5226, 0x5206, 0x5226, 0x5226, 0x5226, 0x5226, 0x5226, 0x5226, 0x5226, 0x5226, 0x5a26,
    0x5a26, 0x5226, 0x5206, 0x5a47, 0x5a47, 0x5a47, 0x5a47, 0x5a47, 0x5a47, 0x5a47, 0x5a47, 0x5226,
    0x5206, 0x5206, 0x5206, 0x5226, 0x5226, 0x5226, 0x5226, 0x5226, 0x5a47, 0x5226, 0x5226, 0x5226,
    0x5a46, 0x5a47, 0x5a47, 0x5a47, 0x5a26, 0x5a26, 0x5226, 0x5226, 0x5226, 0x5226, 0x5226, 0x5a67,
    0x5a47, 0x5a47, 0x5a47, 0x49e5, 0x49c5, 0x49e5, 0x49c5, 0x41c5, 0x49e5, 0x49e6, 0x49e5, 0x49e5,
    0x5226, 0x49e5, 0x49c5, 0x49c5, 0x49c5, 0x49e5, 0x4a06, 0x49e6, 0x49e6, 0x49e5, 0x49e5, 0x3984,
    0x3984, 0x3984, 0x2903, 0x2903, 0x3144, 0x3143, 0x3143, 0x3144, 0x3964, 0x3964, 0x3964, 0x3984,
    0x3984, 0x41c5, 0x49e5, 0x49e5, 0x49e5, 0x4a06, 0x5206, 0x4a06, 0x49e5, 0x49e5, 0x49e5, 0x4a06,
    0x5226, 0x5a46, 0x5206, 0x5206, 0x5206, 0x5206, 0x5226, 0x5226, 0x4a06, 0x4a06, 0x7309, 0x8baa,
    0x836a, 0x838a, 0x93cb, 0x836a, 0x7b4a, 0x7b29, 0x7b29, 0x836a, 0x93eb, 0x8bab, 0x8bab, 0x8bab,
    0x8bcb, 0x83aa, 0x93eb, 0x83aa, 0x93eb, 0xac8d, 0xac8d, 0x7b4a, 0x62c8, 0x6b09, 0x7329, 0x62c8,
    0x5aa8, 0x5aa8, 0x62a8, 0x6b09, 0x6b09, 0x6b2a, 0x62e9, 0x62e9, 0x6b09, 0x6b0a, 0x736a, 0x83ac,
    0x7bab, 0x736b, 0x734a, 0x734a, 0x734a, 0x7b8b, 0x83cc, 0xa4b0, 0xad11, 0xb573, 0xc5d4, 0xb594,
    0x8c4f, 0x5aaa, 0x6b4d, 0x73ae, 0x9cf2, 0x9491, 0x5acb, 0x528b, 0xab6a, 0xfd03, 0xfd43, 0xfc02,
    0xfbe1, 0xfc02, 0xfce3, 0xfcc2, 0xfd03, 0xfd84, 0xfd64, 0xfdc4, 0xfde5, 0xfc02, 0xfc22, 0xfc42,
    0xfbe1, 0xfbc1, 0xfd24, 0xfda4, 0xfd84, 0xfd63, 0xfd84, 0xfd23, 0xfd03, 0xfc62, 0xfbe1, 0xfc22,
    0xfcc2, 0xff07, 0xfd63, 0xfde4, 0xff27, 0xff88, 0xfe66, 0xfd84, 0xffeb, 0xffea, 0xfea6, 0xfc42,
    0xfc22, 0xfc62, 0xfcc2, 0xff88, 0xfea6, 0xfea6, 0xfc02, 0xfbc1, 0xfba1, 0xfbc1, 0xfc82, 0xfd03,
    0xfd03, 0xfd23, 0xfd03, 0xfbe1, 0xfc42, 0xfce3, 0xfcc2, 0xfd03, 0xfc65, 0x73ae, 0x738c, 0x734b,
    0x734b, 0x630a, 0x5aa9, 0x4a28, 0x4207, 0x6b4b, 0x7b8c, 0x83ed, 0x83ed, 0x83ed, 0x83ec, 0x41e7,
    0x41e7, 0x3185, 0x3185, 0x3185, 0x39a6, 0x41e6, 0x4a47, 0x5288, 0x5288, 0x62c9, 0x83ac, 0x83ab,
    0x41c6, 0x41c6, 0x41c6, 0x3165, 0x3165, 0x3165, 0x3185, 0x41c6, 0x4a27, 0x5267, 0x41e6, 0x39c6,
    0x5247, 0x5a87, 0x62e9, 0x6b09, 0x7b6a, 0x62c8, 0x5247, 0x41e6, 0x39a5, 0x39a5, 0x39a5, 0x39a5,
    0x39a5, 0x5226, 0x5226, 0x41c5, 0x4a26, 0x62a8, 0x62a8, 0x7b6a, 0x7b4a, 0x7b4a, 0x7b4a, 0x7b4a,
    0x7329, 0x6b09, 0x6b09, 0x6ae9, 0x6ae9, 0x6ae9, 0x6ae8, 0x6ae8, 0x7309, 0x838a, 0x838a, 0x838a,
    0x7b49, 0x6ac8, 0x6ac8, 0x836a, 0x836a, 0x836a, 0x836a, 0x836a, 0x7b6a, 0x7309, 0x7309, 0x7b29,
    0x7b4a, 0x7329, 0x6ae8, 0x6ae8, 0x6ae8, 0x6ae8, 0x7329, 0x7308, 0x5226, 0x5226, 0x5226, 0x5226,
    0x5226, 0x5226, 0x5226, 0x5226, 0x5226, 0x5226, 0x5226, 0x5a26, 0x5226, 0x5206, 0x5206, 0x5a47,
    0x5a47, 0x5a47, 0x5a47, 0x5a47, 0x5a47, 0x5a47, 0x5a47, 0x5206, 0x5206, 0x5206, 0x5226, 0x5226,
    0x5226, 0x5226, 0x5226, 0x5a47, 0x5a47, 0x5a26, 0x5226, 0x5226, 0x5a46, 0x5a47, 0x5a47, 0x5a47,
    0x5a46, 0x5a26, 0x5226, 0x5226, 0x5226, 0x5226, 0x5a47, 0x5a67, 0x5a47, 0x5a47, 0x5a47, 0x49e5,
    0x49c5, 0x49c5, 0x49c5, 0x41c5, 0x49e5, 0x49e6, 0x49e5, 0x5206, 0x5226, 0x49e5, 0x49c5, 0x49c5,
    0x49c5, 0x5206, 0x4a06, 0x49e6, 0x49e6, 0x49e5, 0x41a5, 0x3984, 0x3984, 0x3984, 0x2903, 0x2903,
    0x3144, 0x3143, 0x3143, 0x3144, 0x3964, 0x3964, 0x3164, 0x3964, 0x3984, 0x41c5, 0x49e5, 0x49e5,
    0x49e5, 0x4a06, 0x5206, 0x4a06, 0x49e5, 0x49e5, 0x49e5, 0x4a06, 0x5226, 0x5a46, 0x5a46, 0x5a46,
    0x5206, 0x5206, 0x5226, 0x5226, 0x4a06, 0x4a06, 0x7309, 0x8baa, 0x7b49, 0x838a, 0x93cb, 0x836a,
    0x7b4a, 0x7b29, 0x7b29, 0x9c0c, 0x93eb, 0x8bab, 0x838a, 0x8bab, 0x8bcb, 0x93eb, 0x93eb, 0x83aa,
    0x9c0c, 0xac8d, 0xacae, 0x7329, 0x62c8, 0x6b09, 0x7329, 0x732a, 0x5aa8, 0x5aa8, 0x62a8, 0x6b09,
    0x6b09, 0x6b2a, 0x62e9, 0x62e9, 0x6b09, 0x6b2a, 0x736a, 0x83ac, 0x83ab, 0x736b, 0x734a, 0x734a,
    0x736b, 0x736b, 0x83cc, 0xa4d0, 0xad11, 0xb573, 0xc5d4, 0xb594, 0x736d, 0x52aa, 0x83ee, 0x840f,
    0x9cf2, 0x9491, 0x5acb, 0x5aab, 0xb3aa, 0xfd03, 0xfd23, 0xfca2, 0xfc22, 0xfc42, 0xfce3, 0xfbe1,
    0xfca2, 0xfc82, 0xfc82, 0xfd84, 0xfec6, 0xfe86, 0xfdc4, 0xfc82, 0xfbc1, 0xfc02, 0xfd84, 0xffea,
    0xffec, 0xfe45, 0xfe45, 0xfd84, 0xfe65, 0xfc62, 0xfba1, 0xfb81, 0xfcc2, 0xfd23, 0xfd23, 0xfe05,
    0xffea, 0xffea, 0xfe05, 0xfd63, 0xfe04, 0xfd23, 0xfea6, 0xfd63, 0xff47, 0xfc82, 0xfb61, 0xfc22,
    0xfd84, 0xfde4, 0xfd43, 0xfc42, 0xfba1, 0xfbc1, 0xfd24, 0xfd23, 0xfd03, 0xfce3, 0xfd03, 0xfc22,
    0xfc02, 0xfc62, 0xfbe1, 0xfc62, 0xfc45, 0x73ae, 0x738c, 0x734b, 0x5aa9, 0x630a, 0x5aa9, 0x4a28,
    0x4207, 0x6b4b, 0x7b8c, 0x83ed, 0x83ed, 0x83ed, 0x83ec, 0x6b2a, 0x5a88, 0x31a6, 0x3185, 0x3185,
    0x39a6, 0x41e6, 0x4a47, 0x5288, 0x5288, 0x62c9, 0x83ac, 0x83ab, 0x83ab, 0x83ab, 0x62a9, 0x3165,
    0x3165, 0x3165, 0x3185, 0x41c6, 0x4a27, 0x5267, 0x41e6, 0x39c6, 0x5247, 0x5247, 0x5247, 0x5a67,
    0x732a, 0x62c8, 0x5247, 0x41e6, 0x39a5, 0x39a5, 0x39a5, 0x39a5, 0x39a5, 0x5226, 0x5226, 0x39a5,
    0x39a5, 0x4a26, 0x5247, 0x7b6a, 0x7b6a, 0x7b4a, 0x7b4a, 0x7b4a, 0x7329, 0x6b09, 0x6b09, 0x6ae9,
    0x6ae9, 0x6ae9, 0x6b09, 0x7329, 0x7329, 0x7b49, 0x838a, 0x838a, 0x7b49, 0x6ac8, 0x6ac8, 0x836a,
    0x836a, 0x836a, 0x836a, 0x836a, 0x7b6a, 0x7309, 0x7309, 0x7309, 0x6ae8, 0x6ae8, 0x6ae8, 0x6ae8,
    0x6ae8, 0x6ae8, 0x7329, 0x7309, 0x5226, 0x5226, 0x5226, 0x5226, 0x5226, 0x5226, 0x5226, 0x5226,
    0x5226, 0x5226, 0x5a26, 0x5226, 0x5206, 0x5206, 0x5206, 0x5a47, 0x5a47, 0x5a47, 0x5a47, 0x5a47,
    0x5a47, 0x5a47, 0x5a47, 0x5206, 0x5206, 0x5206, 0x5226, 0x5226, 0x5226, 0x5226, 0x5a47, 0x5a47,
    0x5a47, 0x5a26, 0x5226, 0x5226, 0x5a46, 0x5a47, 0x6267, 0x5a67, 0x5a46, 0x5a26, 0x5a26, 0x5226,
    0x5226, 0x5a26, 0x5a67, 0x5a67, 0x5a67, 0x5a47, 0x5a47, 0x49e5, 0x49c5, 0x49c5, 0x49c5, 0x41c5,
    0x49e5, 0x49e6, 0x4a06, 0x5226, 0x5226, 0x49e5, 0x49c5, 0x49c5, 0x49e5, 0x5206, 0x4a06, 0x49e6,
    0x49e6, 0x49c5, 0x3984, 0x3984, 0x3984, 0x3984, 0x2903, 0x2923, 0x3144, 0x3143, 0x3143, 0x3144,
    0x3964, 0x3964, 0x3164, 0x3964, 0x3964, 0x3164, 0x41a5, 0x49e5, 0x49e5, 0x4a06, 0x5206, 0x4a06,
    0x49e5, 0x49e5, 0x49e5, 0x4a06, 0x5226, 0x5a46, 0x5a46, 0x5a47, 0x5a47, 0x5a67, 0x5226, 0x5226,
    0x4a06, 0x4a06, 0x7309, 0x836a, 0x7b49, 0x838a, 0x93cb, 0x836a, 0x7b4a, 0x7b29, 0x836a, 0x9c0c,
    0x93eb, 0x8bab, 0x836a, 0x8bab, 0x8bcb, 0x93eb, 0x93eb, 0x83ab, 0xac8d, 0xac8d, 0xa46d, 0x7329,
    0x62c8, 0x6b09, 0x7329, 0x732a, 0x734a, 0x734a, 0x62a8, 0x6b09, 0x6b09, 0x6b2a, 0x62e9, 0x6ae9,
    0x6b09, 0x6b2a, 0x736a, 0x736b, 0x83ab, 0x736b, 0x734a, 0x734a, 0x736b, 0x736b, 0x83cc, 0xa4d0,
    0xad11, 0xb573, 0xc5d4, 0x9cb1, 0x736d, 0x4a49, 0x9470, 0x840f, 0x9cd2, 0x8c30, 0x528a, 0x52ab,
    0xb42b, 0xfce3, 0xfce3, 0xfda4, 0xfd24, 0xfc22, 0xfbe1, 0xfc62, 0xfc62, 0xfc22, 0xfc42, 0xfd43,
    0xfdc4, 0xfd84, 0xfd84, 0xfd03, 0xfca2, 0xfcc3, 0xfea7, 0xffef, 0xffeb, 0xfe04, 0xfd63, 0xfd84,
    0xfe65, 0xfe05, 0xfc82, 0xfb81, 0xfbc1, 0xfbe1, 0xfcc2, 0xff27, 0xffed, 0xffeb, 0xfdc4, 0xfbe1,
    0xfc02, 0xfd23, 0xfc02, 0xfc02, 0xfe05, 0xffa8, 0xfcc2, 0xfba1, 0xfc62, 0xfcc3, 0xfd84, 0xfc62,
    0xfbe1, 0xfbe1, 0xfde5, 0xffe9, 0xfea7, 0xfc82, 0xfce3, 0xff68, 0xfd84, 0xfba1, 0xfc62, 0xfc42,
    0xfc25, 0x83ef, 0x738c, 0x734b, 0x5aa9, 0x4a48, 0x4207, 0x4207, 0x4207, 0x6b4b, 0x7b8c, 0x83ed,
    0x83ed, 0x83ed, 0x83ed, 0x6b2a, 0x5a88, 0x41e7, 0x41e7, 0x5a88, 0x41e6, 0x41e6, 0x4a47, 0x5288,
    0x5288, 0x62c9, 0x83ac, 0x83ac, 0x83ab, 0x83ab, 0x83ab, 0x7bab, 0x732a, 0x39a6, 0x3185, 0x41c6,
    0x4a27, 0x5267, 0x41e6, 0x39c6, 0x5247, 0x5247, 0x5247, 0x5a87, 0x62c8, 0x5a87, 0x5247, 0x41e6,
    0x39a5, 0x39a5, 0x39a5, 0x39a5, 0x39a5, 0x5226, 0x5226, 0x39a5, 0x39a5, 0x4a26, 0x4a26, 0x7309,
    0x7329, 0x7b4a, 0x7b4a, 0x7b4a, 0x7329, 0x6b09, 0x6b09, 0x6b09, 0x6ae9, 0x6ae9, 0x6b09, 0x7329,
    0x7329, 0x7329, 0x7329, 0x6ae8, 0x7309, 0x6ac8, 0x6ac8, 0x838a, 0x836a, 0x836a, 0x836a, 0x836a,
    0x7b6a, 0x7309, 0x7309, 0x7309, 0x72e8, 0x6ac8, 0x62a8, 0x62a8, 0x6ac8, 0x6ae8, 0x7329, 0x7309,
    0x5226, 0x5226, 0x5226, 0x5226, 0x5226, 0x5226, 0x5226, 0x5226, 0x5226, 0x5226, 0x5226, 0x5206,
    0x5206, 0x5206, 0x5206, 0x5a47, 0x5a47, 0x5a47, 0x5a47, 0x5a47, 0x5a47, 0x5a47, 0x5a47, 0x5206,
    0x5206, 0x5226, 0x5226, 0x5226, 0x5226, 0x5a26, 0x5a47, 0x5a47, 0x5a47, 0x5a26, 0x5226, 0x5226,
    0x5a46, 0x5a67, 0x6287, 0x5a67, 0x5a46, 0x5a26, 0x5a26, 0x5226, 0x5a46, 0x6267, 0x5a67, 0x5a67,
    0x5a67, 0x5a47, 0x5a47, 0x49e5, 0x49c5, 0x49c5, 0x49c5, 0x41c5, 0x49e5, 0x49e6, 0x5226, 0x5226,
    0x5226, 0x49e5, 0x49c5, 0x49e5, 0x5206, 0x5206, 0x4a06, 0x49e6, 0x49e6, 0x41a5, 0x3984, 0x3984,
    0x3984, 0x3984, 0x2903, 0x2923, 0x3144, 0x3143, 0x3143, 0x3144, 0x3964, 0x3964, 0x3164, 0x3964,
    0x3964, 0x3164, 0x3164, 0x3164, 0x41c5, 0x4a06, 0x5206, 0x4a06, 0x49e5, 0x49e5, 0x49e5, 0x4a06,
    0x5a26, 0x5a46, 0x5a46, 0x5a47, 0x5a47, 0x5a67, 0x5a67, 0x5a67, 0x5206, 0x4a06, 0x7b09, 0x7b49,
    0x7b49, 0x838a, 0x8b8a, 0x836a, 0x7b4a, 0x7b29, 0x93cb, 0x9c0c, 0x93eb, 0x838a, 0x836a, 0x8bab,
    0x8bcb, 0x93eb, 0x93eb, 0x93eb, 0xac8d, 0xacad, 0xa44d, 0x7b4a, 0x62c8, 0x7b6a, 0x7329, 0x732a,
    0x734a, 0x734a, 0x7b6a, 0x6b09, 0x6b09, 0x6b2a, 0x62e9, 0x6ae9, 0x6b09, 0x6b2a, 0x736b, 0x7b6b,
    0x734a, 0x732a, 0x734a, 0x734a, 0x736b, 0x736b, 0x83cc, 0xa4d0, 0xad32, 0xc5d4, 0xce15, 0x9cb1,
    0x632c, 0x736d, 0x9470, 0x8c30, 0x9491, 0x7bef, 0x5aab, 0x52ab, 0xb42b, 0xfc02, 0xfd84, 0xfec6,
    0xff68, 0xfea6, 0xfca2, 0xfc62, 0xfce3, 0xfe05, 0xfc02, 0xfbe1, 0xfc22, 0xfd84, 0xfd43, 0xfce3,
    0xfd43, 0xfea7, 0xffeb, 0xffe9, 0xffeb, 0xfde4, 0xfdc4, 0xfe66, 0xffea, 0xffe9, 0xfcc3, 0xfba1,
    0xfbc1, 0xfbe1, 0xfc42, 0xffc9, 0xff07, 0xffeb, 0xff27, 0xfca2, 0xfc02, 0xfbe1, 0xfbc1, 0xfc02,
    0xfe26, 0xfff0, 0xfd63, 0xfb61, 0xfb81, 0xfbe1, 0xfda4, 0xfce3, 0xfc42, 0xfc02, 0xfdc5, 0xff47,
    0xfe66, 0xfcc3, 0xfe45, 0xffef, 0xffea, 0xfd23, 0xfc62, 0xfc42, 0xfd06, 0x83ef, 0x738c, 0x734b,
    0x5aa9, 0x4a48, 0x4207, 0x4207, 0x4207, 0x5aa9, 0x736b, 0x83ed, 0x83ed, 0x83ed, 0x83ed, 0x6b2a,
    0x5a88, 0x41e7, 0x41e7, 0x5a88, 0x4a47, 0x41e6, 0x4a07, 0x5288, 0x5288, 0x62c9, 0x83ac, 0x83ac,
    0x83ab, 0x83ab, 0x83ab, 0x7bab, 0x732a, 0x5267, 0x5267, 0x4a27, 0x4a27, 0x5267, 0x41e6, 0x39c6,
    0x5247, 0x5247, 0x5247, 0x5a87, 0x62c8, 0x5a87, 0x5247, 0x5247, 0x5247, 0x4a06, 0x39a5, 0x39a5,
    0x39a5, 0x5226, 0x5226, 0x39a5, 0x39a5, 0x4a26, 0x4a26, 0x7309, 0x7329, 0x7b4a, 0x7b4a, 0x7b4a,
    0x7329, 0x6b09, 0x6b09, 0x6b09, 0x6ae9, 0x6ae9, 0x6b09, 0x7329, 0x7329, 0x7329, 0x7329, 0x6ae8,
    0x6ae8, 0x6ae8, 0x6ac8, 0x6ae8, 0x836a, 0x836a, 0x836a, 0x836a, 0x836a, 0x7309, 0x7309, 0x7309,
    0x72e9, 0x6ac8, 0x62a8, 0x62a8, 0x62a7, 0x62a8, 0x6ac8, 0x6ac8, 0x5226, 0x5226, 0x5226, 0x5226,
    0x5226, 0x5226, 0x5226, 0x5226, 0x5226, 0x5226, 0x5206, 0x5206, 0x5206, 0x5206, 0x5206, 0x5a47,
    0x5a47, 0x5a47, 0x5a47, 0x5a47, 0x5a47, 0x5a47, 0x5a47, 0x5206, 0x5206, 0x5226, 0x5226, 0x5226,
    0x5226, 0x5a47, 0x5a47, 0x5a47, 0x5a67, 0x5a26, 0x5226, 0x5226, 0x5a47, 0x6288, 0x6287, 0x5a67,
    0x5a46, 0x5a26, 0x5a26, 0x5226, 0x5a67, 0x6267, 0x6267, 0x5a67, 0x5a67, 0x5a47, 0x5a47, 0x49e5,
    0x49c5, 0x49c5, 0x49c5, 0x41c5, 0x49e5, 0x5206, 0x5226, 0x5226, 0x5226, 0x49e5, 0x49c5, 0x49e5,
    0x5206, 0x5206, 0x4a06, 0x4a06, 0x41a5, 0x3984, 0x3984, 0x3984, 0x3984, 0x41a5, 0x3123, 0x3143,
    0x3144, 0x3143, 0x3143, 0x3144, 0x3964, 0x3964, 0x3164, 0x3964, 0x3964, 0x3164, 0x3164, 0x3164,
    0x3964, 0x3984, 0x49e5, 0x4a06, 0x49e5, 0x49e5, 0x49e5, 0x4a06, 0x5a46, 0x5a46, 0x5a46, 0x5a47,
    0x5a47, 0x5a67, 0x5a67, 0x5a67, 0x5a46, 0x5226, 0x6ac8, 0x7b49, 0x7b49, 0x8b8a, 0x7309, 0x836a,
    0x836a, 0x7b29, 0x940c, 0x9c0c, 0x93eb, 0x7b6a, 0x836a, 0x8bab, 0x8bcb, 0x93eb, 0x93eb, 0x9c2c,
    0xac8d, 0xa46d, 0x9c2c, 0x7b4a, 0x6b09, 0x7b6a, 0x7329, 0x732a, 0x734a, 0x734a, 0x7b6a, 0x6b09,
    0x6b29, 0x6b2a, 0x6b09, 0x6ae9, 0x6b09, 0x6b2a, 0x736b, 0x7b6b, 0x734a, 0x734a, 0x734a, 0x7b8b,
    0x7b6b, 0x736b, 0x83cc, 0xad31, 0xad32, 0xd656, 0xce36, 0x7bce, 0x5acb, 0x736d, 0x7bce, 0x840f,
    0x842f, 0x73ae, 0x6b4d, 0x52ab, 0xb3eb, 0xfc82, 0xfe45, 0xfff0, 0xfff2, 0xff28, 0xfca2, 0xfd64,
    0xff07, 0xfe65, 0xfde5, 0xfc82, 0xfca2, 0xfda4, 0xff68, 0xfd84, 0xfec6, 0xffed, 0xffeb, 0xff07,
    0xfd23, 0xfc82, 0xfdc4, 0xfe45, 0xff47, 0xffc9, 0xfd84, 0xfc02, 0xfbe1, 0xfbe1, 0xfbe1, 0xfc82,
    0xfec6, 0xfdc4, 0xfca2, 0xfc62, 0xfc02, 0xfbe1, 0xfbe1, 0xfc02, 0xfe05, 0xff88, 0xfda4, 0xfc02,
    0xfce3, 0xfc42, 0xfc42, 0xfc01, 0xfc02, 0xfc02, 0xfbc1, 0xfcc3, 0xfe25, 0xfd23, 0xfe45, 0xfff1,
    0xfff2, 0xff27, 0xfc42, 0xfd64, 0xff2b, 0x7bef, 0x738c, 0x734b, 0x5aa9, 0x4a48, 0x4207, 0x4207,
    0x4207, 0x5aa9, 0x734b, 0x83ed, 0x736b, 0x83ed, 0x83ed, 0x6b2a, 0x5a88, 0x41e7, 0x41e7, 0x5a88,
    0x4a47, 0x41e6, 0x41e6, 0x41e6, 0x5288, 0x62c9, 0x83ac, 0x83ac, 0x83ab, 0x83ab, 0x83ab, 0x7bab,
    0x732a, 0x5267, 0x5267, 0x5267, 0x4206, 0x39c6, 0x39a5, 0x39c6, 0x5247, 0x5247, 0x5247, 0x5a87,
    0x62c8, 0x5a88, 0x5247, 0x5247, 0x5247, 0x5247, 0x5247, 0x2944, 0x3185, 0x5226, 0x5226, 0x39a5,
    0x39a5, 0x4a26, 0x4a26, 0x7309, 0x7329, 0x7b6a, 0x7b4a, 0x7b4a, 0x7b4a, 0x7b4a, 0x7b4a, 0x6b09,
    0x6ae9, 0x6ae9, 0x6b09, 0x7329, 0x7329, 0x7329, 0x7329, 0x6ae8, 0x6ae8, 0x6ae8, 0x6ac8, 0x5a87,
    0x5a87, 0x6ac8, 0x7b29, 0x836a, 0x836a, 0x7309, 0x7309, 0x7309, 0x7309, 0x6ac8, 0x62a8, 0x62a8,
    0x62a7, 0x62a8, 0x6ac8, 0x6ac8, 0x5226, 0x5226, 0x5226, 0x5226, 0x5226, 0x5226, 0x5226, 0x5226,
    0x5226, 0x5206, 0x5206, 0x5206, 0x5206, 0x5206, 0x5206, 0x5a47, 0x5a47, 0x5a47, 0x5a47, 0x5a47,
    0x5a47, 0x5a47, 0x5a47, 0x5206, 0x5206, 0x5226, 0x5226, 0x5226, 0x5a47, 0x5a47, 0x5a47, 0x5a47,
    0x5a67, 0x5a26, 0x5226, 0x5226, 0x6287, 0x6288, 0x6288, 0x5a67, 0x5a47, 0x5a26, 0x5a26, 0x5a47,
    0x6267, 0x6267, 0x6267, 0x5a67, 0x5a67, 0x5a47, 0x41a5, 0x49e5, 0x49c5, 0x49c5, 0x49c5, 0x41c5,
    0x5206, 0x5226, 0x5226, 0x5226, 0x5226, 0x49e5, 0x49c5, 0x49e5, 0x5206, 0x5206, 0x4a06, 0x49e5,
    0x3984, 0x3984, 0x3984, 0x3984, 0x41a4, 0x49c5, 0x3123, 0x3143, 0x3144, 0x3143, 0x3143, 0x3144,
    0x3964, 0x3964, 0x3164, 0x3964, 0x3964, 0x3164, 0x3164, 0x3164, 0x3964, 0x3984, 0x41a5, 0x41c5,
    0x49e5, 0x49e5, 0x49e5, 0x4a06, 0x5a46, 0x5a46, 0x5a46, 0x5a47, 0x5a47, 0x5a67, 0x5a67, 0x5a67,
    0x5a46, 0x5226, 0x72e8, 0x7b49, 0x7b49, 0x836a, 0x7329, 0x836a, 0x836a, 0x836a, 0x9c0c, 0x9c0c,
    0x93eb, 0x7b6a, 0x836a, 0x8baa, 0x8bcb, 0x93eb, 0x93eb, 0xa48d, 0xac8d, 0x9c4d, 0x9c2c, 0x7b4a,
    0x734a, 0x7b6a, 0x6ae9, 0x734a, 0x734a, 0x734a, 0x7b6a, 0x6b09, 0x6b2a, 0x732a, 0x732a, 0x734a,
    0x6b2a, 0x6b2a, 0x736b, 0x7b6b, 0x734a, 0x734a, 0x734a, 0x7b8b, 0x83cc, 0x944d, 0x8c0d, 0xbd93,
    0xbdb3, 0xd656, 0xd677, 0x736d, 0x5acb, 0x8c2f, 0x738d, 0x7bce, 0x842f, 0x73ad, 0x8430, 0x52ab,
    0xab8a, 0xfd23, 0xfe45, 0xfde4, 0xffea, 0xffea, 0xfbe1, 0xfd84, 0xffea, 0xffeb, 0xff27, 0xfc42,
    0xfc02, 0xfc82, 0xfde4, 0xfe25, 0xfe05, 0xffa8, 0xff88, 0xfd24, 0xfbc1, 0xfc82, 0xfd03, 0xfd43,
    0xfee7, 0xffea, 0xff27, 0xfca2, 0xfc02, 0xfbc1, 0xfbc1, 0xfc82, 0xfc82, 0xfc02, 0xfc22, 0xfc42,
    0xfc62, 0xfc42, 0xfc02, 0xfc62, 0xfdc4, 0xff88, 0xfcc2, 0xfc62, 0xfd43, 0xfd43, 0xfc02, 0xfbc1,
    0xfc02, 0xfc82, 0xfcc2, 0xfbe1, 0xfd24, 0xff27, 0xff27, 0xfe25, 0xfee6, 0xfe66, 0xfbe1, 0xfde5,
    0xffad, 0x7bef, 0x5aaa, 0x734b, 0x5aa9, 0x4a48, 0x4207, 0x4207, 0x4207, 0x5aa9, 0x734b, 0x83ed,
    0x6b4a, 0x6b2a, 0x6b2a, 0x6b0a, 0x5a88, 0x41e7, 0x41e7, 0x5a88, 0x4a47, 0x41e6, 0x41e6, 0x41e6,
    0x5288, 0x62c9, 0x83ac, 0x7b6b, 0x83ac, 0x83ab, 0x83ab, 0x83ab, 0x732a, 0x5267, 0x5267, 0x5267,
    0x4206, 0x41c6, 0x3185, 0x3165, 0x3165, 0x5247, 0x5247, 0x5a87, 0x62e9, 0x5a88, 0x5247, 0x5247,
    0x5247, 0x5247, 0x5247, 0x2944, 0x2944, 0x2944, 0x2944, 0x39a5, 0x39a5, 0x4a26, 0x4a26, 0x7309,
    0x7329, 0x7b6a, 0x7b4a, 0x7b4a, 0x7b4a, 0x7b4a, 0x7b4a, 0x7b4a, 0x7b4a, 0x7b49, 0x6b09, 0x7329,
    0x7329, 0x7329, 0x7329, 0x6ae8, 0x6ae8, 0x6ae8, 0x6ac8, 0x5a87, 0x5a87, 0x6ac8, 0x6ac8, 0x5a87,
    0x5a87, 0x6ae8, 0x7309, 0x7309, 0x7309, 0x6ae8, 0x62a8, 0x62a8, 0x62a8, 0x62a8, 0x6ac8, 0x6ac8,
    0x5226, 0x5226, 0x5226, 0x5226, 0x5226, 0x5226, 0x5226, 0x5226, 0x5206, 0x5206, 0x5206, 0x5206,
    0x5206, 0x5206, 0x5206, 0x5a47, 0x5a47, 0x5a47, 0x5a47, 0x5a47, 0x5a47, 0x5a47, 0x5a47, 0x5206,
    0x5206, 0x5226, 0x5226, 0x5a47, 0x5a47, 0x5a47, 0x5a47, 0x5a67, 0x5a67, 0x5a26, 0x5226, 0x5a47,
    0x6287, 0x6288, 0x6288, 0x6267, 0x5a47, 0x5a46, 0x5a47, 0x6267, 0x6267, 0x6267, 0x6267, 0x5a67,
    0x5a67, 0x5206, 0x41a5, 0x49e5, 0x49e5, 0x49c5, 0x49c5, 0x49e5, 0x5226, 0x5226, 0x5226, 0x5226,
    0x5226, 0x49e5, 0x49c5, 0x49e5, 0x5206, 0x5206, 0x5206, 0x41c5, 0x3984, 0x3984, 0x3984, 0x3984,
    0x49e5, 0x49c5, 0x3123, 0x3143, 0x3144, 0x3144, 0x3164, 0x3164, 0x3964, 0x3964, 0x3164, 0x3964,
    0x3964, 0x3164, 0x3164, 0x3164, 0x3964, 0x3984, 0x41a5, 0x41c5, 0x49e5, 0x49c5, 0x49e5, 0x5206,
    0x5a46, 0x5a46, 0x5a46, 0x5a47, 0x5a47, 0x5a67, 0x5a67, 0x5a67, 0x5a46, 0x5226, 0x72e8, 0x7b49,
    0x7b49, 0x7b29, 0x7329, 0x836a, 0x836a, 0x838a, 0x9c0c, 0x9c0c, 0x8bab, 0x836a, 0x836a, 0x838a,
    0x8bcb, 0x93eb, 0x93ec, 0xac8d, 0xac8d, 0x9c2c, 0x9c2c, 0x7b4a, 0x7b8a, 0x732a, 0x62c8, 0x62e9,
    0x6b09, 0x736a, 0x7b6a, 0x6b09, 0x6b2a, 0x732a, 0x732a, 0x734a, 0x734a, 0x736a, 0x7b6b, 0x7b6b,
    0x736a, 0x734a, 0x734a, 0x7b8b, 0x83cc, 0x944d, 0x944e, 0xc5b3, 0xce15, 0xd656, 0xce15, 0x736d,
    0x5acb, 0x9cd1, 0x6b4c, 0x7bce, 0x7bce, 0x6b4d, 0x8430, 0x4a6a, 0xb40b, 0xffa9, 0xffea, 0xfe25,
    0xfee6, 0xfce3, 0xfbe1, 0xfee6, 0xffef, 0xffec, 0xfe86, 0xfc42, 0xfba1, 0xfc42, 0xfd23, 0xfd63,
    0xfdc4, 0xfec6, 0xfd84, 0xfc02, 0xfbc1, 0xfc02, 0xfc82, 0xfd63, 0xfe45, 0xff48, 0xfe66, 0xfd03,
    0xfd43, 0xfc42, 0xfbc1, 0xfc02, 0xfc02, 0xfbc1, 0xfba1, 0xfc62, 0xfce3, 0xfca2, 0xfce3, 0xfd23,
    0xfd84, 0xfc62, 0xfc02, 0xfc42, 0xfe05, 0xffea, 0xfd64, 0xfbc1, 0xfca2, 0xfe05, 0xfd84, 0xfcc2,
    0xfe05, 0xff88, 0xffec, 0xfec6, 0xfe05, 0xfce3, 0xfc02, 0xfc82, 0xffad, 0x7bef, 0x5aaa, 0x4207,
    0x4207, 0x4207, 0x4207, 0x4207, 0x4207, 0x5aa9, 0x734b, 0x83ed, 0x6b4a, 0x6b2a, 0x6b2a, 0x6b2a,
    0x6b2a, 0x5248, 0x41e7, 0x5a88, 0x4a47, 0x41e6, 0x41e6, 0x41e6, 0x5288, 0x62c9, 0x83ac, 0x7b6b,
    0x6b09, 0x6b09, 0x734a, 0x83ab, 0x732a, 0x5267, 0x5267, 0x5267, 0x4206, 0x41c6, 0x3185, 0x3165,
    0x3165, 0x3185, 0x39c6, 0x39c6, 0x62e9, 0x5a88, 0x5247, 0x5247, 0x5247, 0x5247, 0x5247, 0x2944,
    0x2944, 0x2944, 0x2944, 0x39a5, 0x39a5, 0x39a5, 0x4a26, 0x7329, 0x7329, 0x7b6a, 0x7b4a, 0x7b4a,
    0x7b4a, 0x7b4a, 0x7b4a, 0x7b4a, 0x7b4a, 0x7b49, 0x7b4a, 0x83ab, 0x836a, 0x7329, 0x7329, 0x6ae8,
    0x6ae8, 0x6ae8, 0x6ae8, 0x5a87, 0x5a87, 0x6ac8, 0x6ac8, 0x5a87, 0x5a87, 0x5a87, 0x5a67, 0x62a8,
    0x7309, 0x6ae8, 0x62a8, 0x62a8, 0x62a8, 0x62a8, 0x6ac8, 0x6ac8, 0x5226, 0x5226, 0x5226, 0x5226,
    0x5226, 0x5226, 0x5226, 0x5206, 0x5206, 0x5206, 0x5206, 0x5206, 0x5206, 0x5206, 0x5206, 0x5a47,
    0x5a47, 0x5a47, 0x5a47, 0x5a47, 0x5a47, 0x5a47, 0x5a47, 0x5206, 0x5226, 0x5226, 0x5a47, 0x5a47,
    0x5a47, 0x5a47, 0x5a47, 0x5a67, 0x5a67, 0x5a26, 0x5a47, 0x5a47, 0x6287, 0x6288, 0x6288, 0x6267,
    0x5a47, 0x5a46, 0x5a47, 0x6267, 0x6267, 0x6267, 0x6267, 0x5a67, 0x5a67, 0x41a5, 0x41a5, 0x49e5,
    0x49e5, 0x49c5, 0x49c5, 0x5a26, 0x5226, 0x5226, 0x5226, 0x5226, 0x5226, 0x49e5, 0x49c5, 0x49e5,
    0x5206, 0x5206, 0x49c5, 0x41c5, 0x3984, 0x3984, 0x3984, 0x41a4, 0x49e5, 0x49c5, 0x3123, 0x3143,
    0x3144, 0x3144, 0x3164, 0x3964, 0x3964, 0x3964, 0x3164, 0x3964, 0x3964, 0x3164, 0x3164, 0x3164,
    0x3964, 0x3984, 0x41a5, 0x41c5, 0x49e5, 0x49c5, 0x41c5, 0x49e5, 0x5a46, 0x5a46, 0x5a46, 0x5a47,
    0x5a47, 0x5a67, 0x5a67, 0x6267, 0x5a46, 0x5226, 0x72e8, 0x7b49, 0x7b4a, 0x7b29, 0x7329, 0x836a,
    0x838a, 0x838a, 0x9c0c, 0x93eb, 0x838a, 0x836a, 0x836a, 0x836a, 0x8bcb, 0x93eb, 0x93ec, 0xac8d,
    0xa46d, 0x9c2c, 0x9c2c, 0x838b, 0x7b8a, 0x6b09, 0x62e8, 0x6ae9, 0x62c9, 0x62c8, 0x6b29, 0x6b09,
    0x6b2a, 0x732a, 0x734a, 0x734a, 0x734a, 0x736a, 0x7b6b, 0x7b6b, 0x736a, 0x734a, 0x734a, 0x7b8b,
    0x83cc, 0x944d, 0x944e, 0xc5b3, 0xce15, 0xd656, 0xbd94, 0x734c, 0x6b4c, 0x9cb1, 0x6b2c, 0x6b4c,
    0x738d, 0x738e, 0x8430, 0x4a6a, 0xbc8c, 0xffec, 0xffea, 0xfde5, 0xfc42, 0xfc42, 0xfc42, 0xfcc2,
    0xff88, 0xffeb, 0xff47, 0xfc02, 0xfbc1, 0xfba1, 0xfbc1, 0xfca2, 0xfd43, 0xfd03, 0xfd43, 0xfc02,
    0xfbe1, 0xfc02, 0xfce3, 0xfcc2, 0xfce3, 0xfd64, 0xfda4, 0xfd43, 0xfe86, 0xfc42, 0xfc22, 0xfc82,
    0xfc02, 0xfba1, 0xfbe1, 0xfe05, 0xfd63, 0xfd63, 0xfda4, 0xfd84, 0xfd03, 0xfcc3, 0xfc22, 0xfbe1,
    0xfc22, 0xfde5, 0xfe05, 0xfd23, 0xfde4, 0xfe66, 0xff88, 0xfe66, 0xfdc5, 0xffea, 0xffed, 0xfea6,
    0xfc42, 0xfc02, 0xfc62, 0xfc82, 0xfd47, 0x7bef, 0x5aca, 0x4207, 0x4207, 0x4207, 0x4207, 0x39a6,
    0x4207, 0x5aa9, 0x734b, 0x83ed, 0x6b4b, 0x6b4a, 0x6b2a, 0x6b2a, 0x6b2a, 0x5a88, 0x5a88, 0x41e7,
    0x4207, 0x41e7, 0x41e6, 0x41e6, 0x5288, 0x62c9, 0x83ac, 0x7b6b, 0x6b09, 0x6b09, 0x6b09, 0x83ab,
    0x732a, 0x5267, 0x5267, 0x5267, 0x4206, 0x41c6, 0x3185, 0x3165, 0x3165, 0x3185, 0x39c6, 0x39c6,
    0x39c6, 0x4a06, 0x5247, 0x5247, 0x5247, 0x5247, 0x5247, 0x2944, 0x2944, 0x2944, 0x2944, 0x39a5,
    0x39a5, 0x39a5, 0x39a5, 0x7b6a, 0x7b6a, 0x7b6a, 0x7b6a, 0x7b4a, 0x7b4a, 0x7b4a, 0x7b4a, 0x7b4a,
    0x7b4a, 0x7b49, 0x7b4a, 0x83ab, 0x83ab, 0x838a, 0x838a, 0x7329, 0x6ae8, 0x6ae8, 0x6ae8, 0x5a87,
    0x5a87, 0x6ac8, 0x6ac8, 0x5a87, 0x5a87, 0x5a87, 0x5a67, 0x62a8, 0x62c8, 0x62a8, 0x62a8, 0x62a8,
    0x62a8, 0x62a8, 0x6ac8, 0x6ac8, 0x5226, 0x5226, 0x5226, 0x5226, 0x5226, 0x5226, 0x5206, 0x5206,
    0x5206, 0x5206, 0x5206, 0x5206, 0x5206, 0x5206, 0x5206, 0x5a47, 0x5a47, 0x5a47, 0x5a47, 0x5a47,
    0x5a47, 0x5a47, 0x5a47, 0x5206, 0x5226, 0x5226, 0x5a47, 0x5a47, 0x5a47, 0x5a47, 0x5a47, 0x5a67,
    0x5a67, 0x5a47, 0x5a47, 0x5a47, 0x6287, 0x6288, 0x6288, 0x6267, 0x5a47, 0x5a46, 0x5a47, 0x6287,
    0x6267, 0x6267, 0x6267, 0x5a67, 0x41c5, 0x41a5, 0x41a5, 0x49e5, 0x49e5, 0x49c5, 0x5206, 0x5a26,
    0x5226, 0x5226, 0x5226, 0x5226, 0x49e6, 0x49e5, 0x49c5, 0x49e5, 0x5206, 0x49e6, 0x41c5, 0x41c5,
    0x3984, 0x3984, 0x4184, 0x41a5, 0x49e5, 0x49e5, 0x3123, 0x3143, 0x3144, 0x3144, 0x3164, 0x3964,
    0x3964, 0x3984, 0x3984, 0x3964, 0x3964, 0x3164, 0x3164, 0x3164, 0x3964, 0x3984, 0x41a5, 0x41c5,
    0x49e5, 0x49c5, 0x41c5, 0x49e5, 0x4a06, 0x4a06, 0x5a46, 0x5a47, 0x5a67, 0x5a67, 0x5a67, 0x6267,
    0x5a46, 0x5226, 0x72e8, 0x7b49, 0x834a, 0x7b49, 0x7329, 0x836a, 0x838a, 0x838a, 0x9c0c, 0x8bcb,
    0x838a, 0x836a, 0x836a, 0x838a, 0x8bcb, 0x93eb, 0x93ec, 0xac8d, 0x93eb, 0x9c2c, 0x9c2c, 0x93ec,
    0x7b6a, 0x6b09, 0x62e9, 0x6ae9, 0x62e9, 0x62c8, 0x6b09, 0x6b29, 0x7b6a, 0x732a, 0x734a, 0x734a,
    0x734a, 0x736b, 0x7b6b, 0x7b8b, 0x7b8b, 0x7b8b, 0x7b8b, 0x7b8b, 0x83ec, 0x944d, 0x944e, 0xc5d3,
    0xde76, 0xce15, 0xad12, 0x6b4c, 0x6b4c, 0x8c70, 0x630b, 0x6b4c, 0x5aec, 0x7bcf, 0x7bcf, 0x5aab,
    0xbc0b, 0xffed, 0xff88, 0xfdc4, 0xfce3, 0xfc42, 0xfc22, 0xfcc3, 0xff88, 0xfe25, 0xfdc4, 0xfc02,
    0xfba1, 0xfba1, 0xfbe1, 0xfc82, 0xfd23, 0xfd03, 0xfd23, 0xfd03, 0xfc22, 0xfc02, 0xfce3, 0xfbe1,
    0xfc62, 0xfca2, 0xfc82, 0xfd03, 0xfe86, 0xff07, 0xfe25, 0xfce3, 0xfc02, 0xfba1, 0xfc82, 0xfec7,
    0xffec, 0xff68, 0xfda4, 0xfe05, 0xfda4, 0xfd43, 0xfc62, 0xfba1, 0xfb81, 0xfce3, 0xfd23, 0xfd23,
    0xfe05, 0xff68, 0xffe9, 0xfe05, 0xfd03, 0xfe25, 0xfda4, 0xfea6, 0xfd63, 0xff27, 0xfd64, 0xfbc1,
    0xfbc5, 0x7bef, 0x5aca, 0x4207, 0x4207, 0x4207, 0x4207, 0x39a6, 0x3186, 0x3186, 0x5ac9, 0x83ed,
    0x6b4b, 0x6b4a, 0x6b2a, 0x6b2a, 0x6b2a, 0x5a88, 0x5a88, 0x41e7, 0x41e7, 0x41e7, 0x41e6, 0x41e6,
    0x5288, 0x62c9, 0x83cc, 0x7b6b, 0x6b09, 0x6b09, 0x6b09, 0x83ab, 0x732a, 0x5267, 0x4a27, 0x41e6,
    0x4206, 0x41c6, 0x3185, 0x3165, 0x3165, 0x3185, 0x39c6, 0x39c6, 0x39c6, 0x4a06, 0x5247, 0x5247,
    0x5247, 0x5247, 0x5247, 0x2944, 0x2944, 0x2944, 0x2944, 0x39a5, 0x39a5, 0x39a5, 0x39a5, 0x7b6a,
    0x7b6a, 0x8bcb, 0x8bcb, 0x7b6a, 0x7b4a, 0x7b4a, 0x7b4a, 0x7b4a, 0x7b4a, 0x7b4a, 0x7b4a, 0x83ab,
    0x83ab, 0x83ab, 0x838a, 0x838a, 0x7b6a, 0x7329, 0x6ae8, 0x5a87, 0x5a87, 0x6ac8, 0x6ac8, 0x5a87,
    0x5a87, 0x5a87, 0x5a67, 0x62a8, 0x62c8, 0x62a8, 0x62a8, 0x62a8, 0x62a8, 0x62a8, 0x6ac8, 0x6ac8,
    0x5226, 0x5226, 0x5226, 0x5226, 0x5226, 0x5206, 0x5206, 0x5206, 0x5206, 0x5206, 0x5206, 0x5206,
    0x5206, 0x5206, 0x5206, 0x5a47, 0x5a47, 0x5a47, 0x5a47, 0x5a47, 0x5a47, 0x5a47, 0x5a47, 0x5226,
    0x5226, 0x5226, 0x5a47, 0x5a47, 0x5a47, 0x5a47, 0x5a67, 0x5a67, 0x6267, 0x6267, 0x5a47, 0x5a47,
    0x6287, 0x6288, 0x6288, 0x6267, 0x5a47, 0x5a46, 0x5a47, 0x6287, 0x6267, 0x6267, 0x6267, 0x5206,
    0x41c5, 0x41a5, 0x41a5, 0x49e5, 0x49e5, 0x49e6, 0x5a46, 0x5a26, 0x5a26, 0x5226, 0x5226, 0x5206,
    0x49e5, 0x49e5, 0x49e5, 0x49e5, 0x5206, 0x41c5, 0x41c5, 0x41c5, 0x4184, 0x3984, 0x41a5, 0x41a5,
    0x49e5, 0x49e5, 0x3123, 0x3143, 0x3144, 0x3144, 0x3164, 0x3964, 0x3964, 0x3984, 0x3984, 0x41a4,
    0x41a5, 0x3164, 0x3164, 0x3164, 0x3964, 0x3984, 0x41a5, 0x41c5, 0x49e5, 0x49c5, 0x41c5, 0x49e5,
    0x4a06, 0x4a06, 0x5206, 0x5226, 0x5a67, 0x5a67, 0x5a67, 0x6267, 0x5a46, 0x5226, 0x72e8, 0x7b49,
    0x834a, 0x7b49, 0x7329, 0x836a, 0x838a, 0x838a, 0x9c0c, 0x8bcb, 0x838a, 0x836a, 0x836a, 0x838a,
    0x8bcb, 0x93eb, 0x940c, 0xac8d, 0x8bab, 0x9c2c, 0xac8d, 0x8bec, 0x7b4a, 0x6b09, 0x62e9, 0x6ae9,
    0x62e9, 0x62c8, 0x6b09, 0x6b29, 0x7b6a, 0x83ab, 0x83ab, 0x734a, 0x736a, 0x736b, 0x7b6b, 0x7b8b,
    0x7b8b, 0x7b8b, 0x7bab, 0x7b6b, 0x736b, 0x944d, 0x944e, 0xc5d3, 0xde76, 0xc5d4, 0xad12, 0x630b,
    0x738d, 0x840f, 0x5aaa, 0x6b4c, 0x5aeb, 0x7bce, 0x7bcf, 0x630c, 0xcc8d, 0xfda4, 0xfc02, 0xfce3,
    0xfe86, 0xff68, 0xfd44, 0xfba1, 0xfc42, 0xfc62, 0xfda4, 0xfd43, 0xfc02, 0xfbc1, 0xfbe1, 0xfec7,
    0xff07, 0xfd03, 0xfce3, 0xfce3, 0xfce3, 0xfc42, 0xfba1, 0xfc42, 0xfc42, 0xfc42, 0xfc22, 0xfd03,
    0xfd63, 0xfda4, 0xfde4, 0xfd43, 0xfce3, 0xfc42, 0xfd03, 0xffec, 0xfff0, 0xff68, 0xfe04, 0xfd63,
    0xfda4, 0xfe65, 0xfdc4, 0xfc82, 0xfb81, 0xfba1, 0xfc02, 0xfcc3, 0xff27, 0xffeb, 0xffea, 0xfdc4,
    0xfbe1, 0xfc02, 0xfda4, 0xfc02, 0xfc02, 0xfe45, 0xff88, 0xfda4, 0xfc25, 0x7bef, 0x5aca, 0x4207,
    0x4207, 0x4207, 0x4207, 0x39a6, 0x3186, 0x3186, 0x4207, 0x5aa9, 0x6b4b, 0x6b4a, 0x6b2a, 0x6b2a,
    0x6b2a, 0x5a88, 0x5a88, 0x41e7, 0x41e7, 0x41e7, 0x41e6, 0x41e6, 0x5288, 0x62c9, 0x83cc, 0x7b8b,
    0x6b0a, 0x6b09, 0x6b09, 0x83ab, 0x732a, 0x5267, 0x4a27, 0x41c6, 0x41c6, 0x41c6, 0x3185, 0x3165,
    0x3165, 0x3185, 0x39c6, 0x39c6, 0x39c6, 0x4a06, 0x5247, 0x5247, 0x5247, 0x41e6, 0x39a5, 0x5247,
    0x2944, 0x2944, 0x2944, 0x39a5, 0x39a5, 0x39a5, 0x39a5, 0x7b6a, 0x7b6a, 0x8bcb, 0x8bcb, 0x8bcb,
    0x8bcb, 0x8bcb, 0x7b4a, 0x7b4a, 0x7b4a, 0x7b4a, 0x7b4a, 0x83ab, 0x83ab, 0x83ab, 0x838a, 0x838a,
    0x7b6a, 0x7329, 0x7329, 0x7329, 0x7329, 0x6ac8, 0x6ac8, 0x5a87, 0x5a87, 0x5a87, 0x5a87, 0x62a8,
    0x62c8, 0x62c8, 0x62a8, 0x62a8, 0x62a8, 0x62a7, 0x6287, 0x5a67, 0x5226, 0x5226, 0x5226, 0x5226,
    0x5206, 0x5206, 0x5206, 0x5206, 0x5206, 0x5206, 0x5206, 0x5206, 0x5206, 0x5206, 0x5226, 0x5a47,
    0x5a47, 0x5a47, 0x5a47, 0x5a47, 0x5a47, 0x5a47, 0x5a47, 0x5226, 0x5226, 0x5226, 0x5a47, 0x5a47,
    0x5a47, 0x5a47, 0x5a67, 0x5a67, 0x6aa8, 0x6267, 0x5a67, 0x5a47, 0x6287, 0x6288, 0x6288, 0x6267,
    0x5a47, 0x5a46, 0x5a47, 0x6287, 0x6267, 0x6267, 0x5a47, 0x49e6, 0x41c5, 0x41a5, 0x41a5, 0x49e5,
    0x49e5, 0x5206, 0x5a46, 0x5a26, 0x5a26, 0x5226, 0x5226, 0x49e5, 0x49e5, 0x49e5, 0x49e5, 0x49e5,
    0x49e5, 0x41c5, 0x41c5, 0x41c5, 0x4184, 0x41c5, 0x41a5, 0x41a5, 0x49e5, 0x49e5, 0x3123, 0x3143,
    0x3144, 0x3144, 0x3164, 0x3964, 0x3964, 0x3984, 0x3984, 0x41a4, 0x41c5, 0x49c5, 0x41a5, 0x3164,
    0x3964, 0x3984, 0x41a5, 0x41c5, 0x49e5, 0x49c5, 0x41c5, 0x49e5, 0x4a06, 0x4a06, 0x5206, 0x4a06,
    0x49e5, 0x5206, 0x5a67, 0x6267, 0x5a46, 0x5226, 0x72e8, 0x7329, 0x836a, 0x7b49, 0x7b29, 0x838a,
    0x838a, 0x838a, 0x9c0c, 0x8bcb, 0x838a, 0x836a, 0x836a, 0x838a, 0x8bcb, 0x93eb, 0x940c, 0xa46d,
    0x8bcb, 0x9c2c, 0xb4ce, 0x8bec, 0x6b29, 0x6b29, 0x3184, 0x3185, 0x62e9, 0x62c8, 0x6b09, 0x6b2a,
    0x7b6b, 0x83ab, 0x83ab, 0x7b6b, 0x6b2a, 0x7b6b, 0x7b6b, 0x7b8b, 0x7b8b, 0x7bab, 0x7bab, 0x7b6b,
    0x736b, 0x7b6b, 0x83ec, 0xc5d3, 0xce15, 0xc5d4, 0x8c4f, 0x630b, 0x7bce, 0x7bce, 0x52aa, 0x6b2c,
    0x4a6a, 0x840f, 0x840f, 0x736d, 0xc3ec, 0xfc02, 0xfbe1, 0xfc02, 0xfc82, 0xffa9, 0xfda4, 0xfbe1,
    0xfb61, 0xfca2, 0xfd23, 0xfd43, 0xfc22, 0xfbe1, 0xfc22, 0xfec7, 0xffe9, 0xfd64, 0xfcc3, 0xfda4,
    0xff68, 0xff27, 0xfc22, 0xfc62, 0xfc42, 0xfd23, 0xfc22, 0xfbe1, 0xfc02, 0xfd23, 0xfd63, 0xfd23,
    0xfce3, 0xfc82, 0xffc9, 0xffeb, 0xfff0, 0xffc9, 0xfde4, 0xfda4, 0xfee7, 0xffea, 0xffc9, 0xfc82,
    0xfba1, 0xfba1, 0xfc02, 0xfc42, 0xfea7, 0xffeb, 0xffec, 0xff27, 0xfcc2, 0xfc02, 0xfc02, 0xfbc1,
    0xfc02, 0xfc82, 0xffeb, 0xff48, 0xfc25, 0x7bef, 0x8c2f, 0x736b, 0x4207, 0x4207, 0x4207, 0x39a6,
    0x3186, 0x3186, 0x4207, 0x5aa9, 0x6b4b, 0x6b4b, 0x6b4a, 0x6b2a, 0x6b2a, 0x5a88, 0x5a88, 0x41e7,
    0x41e7, 0x41e7, 0x41e7, 0x41e6, 0x5a88, 0x5aa8, 0x6b0a, 0x6b0a, 0x6b0a, 0x6b09, 0x6b09, 0x83ab,
    0x732a, 0x5267, 0x4a27, 0x41c6, 0x41c6, 0x41c6, 0x4a27, 0x5267, 0x39c6, 0x3185, 0x39c6, 0x39c6,
    0x39c6, 0x4a06, 0x5247, 0x5247, 0x5247, 0x41e6, 0x39a5, 0x5247, 0x5247, 0x62c8, 0x5247, 0x39a5,
    0x39a5, 0x39a5, 0x39a5, 0x7b6a, 0x7b6a, 0x8bcb, 0x8bcb, 0x8bcb, 0x8bcb, 0x8bcb, 0x8bcb, 0x8bab,
    0x838a, 0x7b4a, 0x7b4a, 0x83ab, 0x83ab, 0x83ab, 0x838a, 0x838a, 0x7b6a, 0x7329, 0x7329, 0x7329,
    0x7329, 0x838a, 0x836a, 0x7309, 0x5a87, 0x5a87, 0x5a87, 0x62a8, 0x62c8, 0x62c8, 0x62a8, 0x62a8,
    0x62a8, 0x62a7, 0x6287, 0x5a67, 0x5226, 0x5226, 0x5226, 0x5226, 0x4a06, 0x5206, 0x5206, 0x5206,
    0x5206, 0x5206, 0x5206, 0x5206, 0x5206, 0x5226, 0x5a47, 0x5a47, 0x5a47, 0x5a47, 0x5a47, 0x5a47,
    0x5a47, 0x5a47, 0x5a47, 0x5226, 0x5226, 0x5226, 0x5a47, 0x5a47, 0x5a47, 0x5a47, 0x5a67, 0x6aa8,
    0x6aa8, 0x6267, 0x5a67, 0x5a47, 0x6287, 0x6288, 0x6288, 0x5a47, 0x5a47, 0x5a46, 0x5a47, 0x6287,
    0x6267, 0x5a47, 0x49e6, 0x49e6, 0x41c5, 0x41a5, 0x41a5, 0x49e5, 0x4a06, 0x5206, 0x5a47, 0x5a46,
    0x5a26, 0x5226, 0x5206, 0x49e5, 0x49e5, 0x49e5, 0x49e5, 0x49e5, 0x49c5, 0x49c5, 0x41c5, 0x41c5,
    0x4184, 0x49e5, 0x41a5, 0x41a5, 0x49e5, 0x49e5, 0x3143, 0x3143, 0x3144, 0x3144, 0x3164, 0x3964,
    0x3964, 0x3984, 0x3984, 0x41a4, 0x41c5, 0x49c5, 0x49e5, 0x49c5, 0x41a4, 0x3984, 0x41a5, 0x41c5,
    0x49e5, 0x49c5, 0x41c5, 0x49e5, 0x4a06, 0x5206, 0x5206, 0x4a06, 0x49e5, 0x49e5, 0x49e5, 0x5226,
    0x5a46, 0x5226, 0x72e8, 0x6aa8, 0x836a, 0x7b49, 0x7b29, 0x838a, 0x838a, 0x838a, 0x9c0c, 0x93cb,
    0x8b8a, 0x836a, 0x836a, 0x838a, 0x8bcb, 0x93eb, 0x940c, 0x9c2c, 0x8bcb, 0xa44d, 0xacce, 0x8bcb,
    0x62e9, 0x734a, 0x3184, 0x3185, 0x3164, 0x2944, 0x6b09, 0x6b2a, 0x7b6b, 0x83ab, 0x83ab, 0x7b6b,
    0x6b2a, 0x6b2a, 0x6b2a, 0x736b, 0x7b8b, 0x7bab, 0x7bab, 0x7b6b, 0x736b, 0x7b6b, 0x83ec, 0xbd93,
    0xbdb4, 0xad12, 0x8c4f, 0x6b4c, 0x7bce, 0x7bce, 0x4a6a, 0x6b4c, 0x52ab, 0x840f, 0x840f, 0x632c,
    0xcc2c, 0xfbe1, 0xfbc1, 0xfc02, 0xfd03, 0xffed, 0xfda4, 0xfc82, 0xfb61, 0xfba1, 0xfc22, 0xfd43,
    0xfc62, 0xfc22, 0xfbe1, 0xfea6, 0xff07, 0xfd64, 0xfd84, 0xffc9, 0xfff1, 0xffea, 0xfce3, 0xfc62,
    0xfd63, 0xfe05, 0xff07, 0xfd84, 0xfc02, 0xfca2, 0xfe86, 0xfdc4, 0xfd84, 0xfec6, 0xffed, 0xffeb,
    0xfe25, 0xfcc3, 0xfd23, 0xfdc4, 0xfe65, 0xff68, 0xffc9, 0xfe65, 0xfc02, 0xfbc1, 0xfbe1, 0xfbe1,
    0xfd64, 0xff68, 0xfe05, 0xfce3, 0xfcc2, 0xfc42, 0xfc02, 0xfbc1, 0xfc02, 0xfcc2, 0xffa9, 0xffec,
    0xfcc6, 0x7bcf, 0x8c2f, 0x8c0e, 0x8c0e, 0x7bac, 0x4207, 0x39a6, 0x3186, 0x3186, 0x4207, 0x5aa9,
    0x6b4b, 0x6b4b, 0x6b4a, 0x62e9, 0x5a88, 0x41e7, 0x5a88, 0x41e7, 0x41e7, 0x41e7, 0x41e7, 0x41e6,
    0x5a88, 0x5aa8, 0x6b0a, 0x6b0a, 0x6b0a, 0x6b09, 0x6b09, 0x83ab, 0x732a, 0x5267, 0x4a27, 0x41c6,
    0x41c6, 0x41c6, 0x4a27, 0x5267, 0x39c6, 0x41e6, 0x5247, 0x4a26, 0x39c6, 0x4a06, 0x5247, 0x5247,
    0x5247, 0x41e6, 0x39a5, 0x5247, 0x5247, 0x62c8, 0x62c8, 0x5226, 0x5226, 0x49e6, 0x39a5, 0x7b6a,
    0x7b8a, 0x8bcb, 0x8bcb, 0x8bcb, 0x8bcb, 0x8bcb, 0x8bcb, 0x8bab, 0x838a, 0x7b4a, 0x7b4a, 0x7b6a,
    0x83ab, 0x83ab, 0x83ab, 0x838a, 0x7b6a, 0x7329, 0x7329, 0x7329, 0x7329, 0x838a, 0x838a, 0x7309,
    0x7309, 0x7b4a, 0x7329, 0x62a8, 0x62c8, 0x62c8, 0x62a8, 0x62a8, 0x62a8, 0x62a7, 0x6287, 0x5a67,
    0x5226, 0x5226, 0x5226, 0x4a06, 0x5206, 0x5206, 0x5206, 0x5206, 0x5206, 0x5206, 0x5206, 0x5206,
    0x5226, 0x5a47, 0x5a47, 0x5a47, 0x5a47, 0x5a47, 0x5a47, 0x5a47, 0x5a47, 0x5a47, 0x6288, 0x5226,
    0x5226, 0x5226, 0x5a47, 0x5a47, 0x5a47, 0x5a67, 0x6287, 0x6aa8, 0x6aa8, 0x6267, 0x5a67, 0x5a47,
    0x6287, 0x6aa8, 0x5a47, 0x5a47, 0x5a47, 0x5a47, 0x5a47, 0x6287, 0x6267, 0x49e5, 0x49e6, 0x49e6,
    0x41c5, 0x41a5, 0x41a5, 0x49e5, 0x5206, 0x5206, 0x5a47, 0x5a46, 0x5a26, 0x5226, 0x5206, 0x49e5,
    0x49e5, 0x49e5, 0x49e5, 0x41c5, 0x49c5, 0x49c5, 0x41c5, 0x41c5, 0x49c5, 0x49e5, 0x41a5, 0x41a5,
    0x49e5, 0x41a4, 0x3143, 0x3123, 0x3144, 0x3144, 0x3164, 0x3964, 0x3964, 0x3984, 0x3984, 0x41a4,
    0x41c5, 0x49c5, 0x49e5, 0x49e5, 0x41c5, 0x41c5, 0x41a5, 0x41c5, 0x49e5, 0x49c5, 0x41c5, 0x49e5,
    0x4a06, 0x5206, 0x5206, 0x4a06, 0x49e5, 0x49e5, 0x49e5, 0x4a06, 0x4a06, 0x5226, 0x6ac8, 0x6ac8,
    0x836a, 0x7b49, 0x836a, 0x838a, 0x838a, 0x838a, 0x9c0c, 0x93cb, 0x8baa, 0x836a, 0x836a, 0x838a,
    0x93eb, 0x93ec, 0x940c, 0x940c, 0x8bcb, 0xa48d, 0xacae, 0x83ab, 0x62e9, 0x736a, 0x3184, 0x3185,
    0x3164, 0x2924, 0x39a5, 0x39c5, 0x7b6b, 0x83ab, 0x83ab, 0x7b6b, 0x732a, 0x6b2a, 0x6b2a, 0x7b6b,
    0x7b8b, 0x7bab, 0x83ac, 0x7b8b, 0x736b, 0x7b6b, 0x83ec, 0xbd93, 0xb573, 0x946f, 0x8c4f, 0x630b,
    0x738d, 0x736c, 0x6b6d, 0x630c, 0x52aa, 0x7bae, 0x840f, 0x632c, 0xc3ec, 0xfbe1, 0xfc02, 0xfc82,
    0xfd23, 0xffc9, 0xfd03, 0xfc02, 0xfc82, 0xfd43, 0xfc82, 0xfc01, 0xfbe1, 0xfc02, 0xfbc1, 0xfbc1,
    0xfd23, 0xfc82, 0xfda4, 0xfe05, 0xffee, 0xffef, 0xfe05, 0xfc02, 0xfde4, 0xffed, 0xffeb, 0xfcc2,
    0xfc42, 0xfc22, 0xfdc5, 0xff07, 0xfe25, 0xfe05, 0xffed, 0xff88, 0xfc02, 0xfc22, 0xfc82, 0xfce2,
    0xfda4, 0xff47, 0xffea, 0xffea, 0xfc62, 0xfc02, 0xfbc1, 0xfbc1, 0xfc42, 0xfc82, 0xfc22, 0xfce3,
    0xfc42, 0xfc42, 0xfc42, 0xfbe1, 0xfc62, 0xfd84, 0xffa9, 0xff88, 0xfc66, 0x7bce, 0x8c2f, 0x8c0e,
    0x8c0e, 0x7bac, 0x734b, 0x734b, 0x4a27, 0x3186, 0x4207, 0x5aa9, 0x6b4b, 0x6b4b, 0x6b4a, 0x62e9,
    0x5aa8, 0x41e7, 0x41e7, 0x3185, 0x39a6, 0x41e7, 0x41e7, 0x41e6, 0x5a88, 0x5aa8, 0x6b0a, 0x6b0a,
    0x6b0a, 0x6b0a, 0x6b09, 0x6b09, 0x62c9, 0x5267, 0x4a27, 0x41c6, 0x41c6, 0x41c6, 0x4a27, 0x5267,
    0x39c6, 0x41e6, 0x5247, 0x62a8, 0x7b8b, 0x7b6a, 0x5247, 0x5247, 0x5247, 0x41e6, 0x39a5, 0x5247,
    0x5247, 0x62c8, 0x62c8, 0x5226, 0x5226, 0x62a8, 0x62a8, 0x7329, 0x7b8a, 0x8bcb, 0x8bcb, 0x8bcb,
    0x8bcb, 0x8bcb, 0x8bcb, 0x8bab, 0x838a, 0x7b4a, 0x7b4a, 0x7b49, 0x7b6a, 0x83ab, 0x83ab, 0x838a,
    0x7b6a, 0x7329, 0x7329, 0x7329, 0x7329, 0x838a, 0x838a, 0x7309, 0x7309, 0x7b4a, 0x836a, 0x836a,
    0x7b6a, 0x7329, 0x62c8, 0x62a8, 0x62a8, 0x62a7, 0x6287, 0x5a67, 0x5226, 0x5206, 0x49e6, 0x4a06,
    0x5206, 0x5206, 0x5206, 0x5206, 0x5206, 0x5206, 0x5206, 0x5206, 0x5a47, 0x5a47, 0x5a47, 0x5a47,
    0x5a47, 0x5a47, 0x5a47, 0x5a47, 0x5a47, 0x6288, 0x6288, 0x5226, 0x5226, 0x5226, 0x5a47, 0x5a47,
    0x5a47, 0x5a47, 0x6aa8, 0x6aa8, 0x6aa8, 0x6267, 0x5a67, 0x5a47, 0x6287, 0x6267, 0x5a47, 0x5a47,
    0x5a47, 0x5a47, 0x5a47, 0x6287, 0x5226, 0x49e5, 0x49e6, 0x49e6, 0x49c5, 0x41a5, 0x49c5, 0x5206,
    0x5206, 0x5206, 0x5a47, 0x5a46, 0x5a26, 0x5226, 0x5206, 0x49e5, 0x49e5, 0x49e5, 0x41c5, 0x41a5,
    0x49c5, 0x49c5, 0x41c5, 0x49c5, 0x49e6, 0x49e5, 0x41a5, 0x41a5, 0x41c5, 0x3984, 0x3143, 0x3123,
    0x3123, 0x3143, 0x3164, 0x3964, 0x3964, 0x3984, 0x3984, 0x41a4, 0x41c5, 0x49c5, 0x49e5, 0x49e5,
    0x41c5, 0x41c5, 0x41c5, 0x49c5, 0x49e5, 0x49c5, 0x41c5, 0x49e5, 0x4a06, 0x5206, 0x5206, 0x5206,
    0x49e5, 0x49e5, 0x49e5, 0x4a06, 0x4a06, 0x5206, 0x6287, 0x6ac8, 0x836a, 0x7b4a, 0x836a, 0x838a,
    0x838a, 0x8b8a, 0x9c0c, 0x93cb, 0x8baa, 0x836a, 0x838a, 0x8bab, 0x93eb, 0x93ec, 0x940c, 0x9c0c,
    0x940c, 0xacae, 0xacae, 0x83ab, 0x6b09, 0x7b8b, 0x3184, 0x3184, 0x3164, 0x2924, 0x39a5, 0x39c5,
    0x4a06, 0x4a47, 0x83ab, 0x7b6b, 0x732a, 0x6b2a, 0x732a, 0x7b6b, 0x7b8b, 0x7bab, 0x83ac, 0x7b8b,
    0x736b, 0x7b8b, 0x83ec, 0xbd93, 0xb573, 0x7bad, 0x840e, 0x630b, 0x6b2c, 0x736c, 0x6b6d, 0x630c,
    0x52aa, 0x7bae, 0x7bae, 0x632c, 0xc40c, 0xfc42, 0xfc42, 0xfd03, 0xfda4, 0xfda4, 0xfca2, 0xfc62,
    0xfe05, 0xfd43, 0xfc62, 0xfbc1, 0xfc02, 0xfc82, 0xfd43, 0xfc42, 0xfc22, 0xff27, 0xffec, 0xfe05,
    0xfe65, 0xfd84, 0xfd44, 0xfce3, 0xfee6, 0xffee, 0xffeb, 0xfdc4, 0xfc42, 0xfc02, 0xfca2, 0xfd43,
    0xfd84, 0xfe05, 0xfec6, 0xfd84, 0xfc02, 0xfbc1, 0xfbe1, 0xfc62, 0xfd63, 0xfe45, 0xff68, 0xffea,
    0xfd03, 0xfd43, 0xfbe1, 0xfbc1, 0xfbe1, 0xfc02, 0xfc22, 0xfba1, 0xfba1, 0xfc62, 0xfc62, 0xfca2,
    0xfce3, 0xfd84, 0xfd03, 0xfc62, 0xfc65, 0x7bce, 0x8c2f, 0x8c0e, 0x8c0e, 0x7bac, 0x734b, 0x734b,
    0x734b, 0x5aa9, 0x5288, 0x5aa9, 0x6b4b, 0x6b4b, 0x6b4b, 0x62e9, 0x5aa8, 0x41e7, 0x41e7, 0x3185,
    0x39a6, 0x41e7, 0x31a6, 0x41e7, 0x5a88, 0x5aa8, 0x6b0a, 0x6b0a, 0x6b0a, 0x6b0a, 0x6b09, 0x6b09,
    0x62c9, 0x5267, 0x4a27, 0x41c6, 0x41c6, 0x41c6, 0x4a27, 0x5267, 0x39c6, 0x41e6, 0x5267, 0x62a8,
    0x7b8b, 0x7b6a, 0x7b6a, 0x7b6a, 0x7b6a, 0x41e6, 0x39a5, 0x5247, 0x5247, 0x62c8, 0x62c8, 0x5226,
    0x5226, 0x62a8, 0x62a8, 0x7329, 0x7329, 0x7329, 0x7b4a, 0x8bcb, 0x8bcb, 0x8bcb, 0x8bcb, 0x8bcb,
    0x838a, 0x7b4a, 0x7b4a, 0x7b49, 0x7b6a, 0x83ab, 0x83ab, 0x838a, 0x838a, 0x7329, 0x7329, 0x7329,
    0x7329, 0x838a, 0x838a, 0x7309, 0x7309, 0x7b4a, 0x836a, 0x836a, 0x7b6a, 0x7b6a, 0x7b6a, 0x7b4a,
    0x6ae8, 0x62a8, 0x6287, 0x5a67, 0x5206, 0x41c5, 0x49e6, 0x5206, 0x5206, 0x5206, 0x5206, 0x5206,
    0x5206, 0x5206, 0x5206, 0x5a47, 0x5a47, 0x5a47, 0x5a47, 0x5a47, 0x5a47, 0x5a47, 0x5a47, 0x5a47,
    0x6267, 0x6288, 0x6288, 0x5226, 0x5226, 0x5226, 0x5a47, 0x5a47, 0x5a47, 0x5226, 0x6aa8, 0x6aa8,
    0x6aa8, 0x6267, 0x5a67, 0x5a47, 0x5a47, 0x5a47, 0x5a47, 0x5a47, 0x5a47, 0x5a47, 0x5a47, 0x5a47,
    0x49c5, 0x49e5, 0x4a06, 0x49e6, 0x49c5, 0x41c5, 0x5206, 0x5206, 0x5206, 0x5226, 0x5a47, 0x5a46,
    0x5a26, 0x5226, 0x5206, 0x49e5, 0x49e5, 0x49e5, 0x41a5, 0x41a5, 0x49c5, 0x49c5, 0x41c5, 0x4a06,
    0x49e6, 0x49e5, 0x41a5, 0x41a5, 0x3984, 0x3984, 0x3143, 0x3123, 0x3123, 0x3143, 0x3143, 0x3144,
    0x3964, 0x3984, 0x3984, 0x41a4, 0x41c5, 0x49c5, 0x49e5, 0x49e5, 0x41c5, 0x41c5, 0x41c5, 0x49c5,
    0x49e5, 0x49e5, 0x41c5, 0x49e5, 0x4a06, 0x5206, 0x5206, 0x5206, 0x49e5, 0x49e5, 0x49e5, 0x4a06,
    0x4a06, 0x5206, 0x6287, 0x6ac8, 0x836a, 0x836a, 0x836a, 0x838a, 0x838a, 0x8b8a, 0x9c0c, 0x93cb,
    0x8baa, 0x836a, 0x838a, 0x8bcb, 0x93eb, 0x940c, 0x940c, 0x9c0c, 0x9c2c, 0xacae, 0xacae, 0x7b6a,
    0x734a, 0x736a, 0x2124, 0x3184, 0x3164, 0x2924, 0x39a5, 0x39c5, 0x4a06, 0x4a47, 0x5247, 0x5267,
    0x732a, 0x6b2a, 0x732a, 0x7b6b, 0x7b8b, 0x7bab, 0x83ac, 0x83cc, 0x83cc, 0x7b8b, 0x83ec, 0xb572,
    0x9cb0, 0x7bad, 0x7bcd, 0x528a, 0x5aeb, 0x736c, 0x8c30, 0x5acb, 0x52aa, 0x7bef, 0x7bae, 0x5aec,
    0xc40c, 0xfcc2, 0xfd03, 0xfd23, 0xfda4, 0xfc42, 0xfbe1, 0xfcc3, 0xfe05, 0xffec, 0xfec6, 0xfba1,
    0xfca2, 0xfe05, 0xfea6, 0xfcc2, 0xfe05, 0xffe9, 0xffec, 0xff68, 0xfce3, 0xfd84, 0xfc42, 0xfc42,
    0xfe86, 0xffee, 0xffeb, 0xfee6, 0xfba1, 0xfba1, 0xfba1, 0xfcc3, 0xfd63, 0xfd43, 0xfd03, 0xfd84,
    0xfc02, 0xfbe1, 0xfc01, 0xfc82, 0xfcc2, 0xfdc4, 0xff68, 0xff27, 0xfce3, 0xfdc4, 0xfc42, 0xfc02,
    0xfc62, 0xfc02, 0xfbc1, 0xfbc1, 0xfbc1, 0xfcc2, 0xfda4, 0xfd43, 0xfd43, 0xfd23, 0xfd03, 0xfc82,
    0xfc05, 0x7bae, 0x8c2f, 0x8c0e, 0x8c0e, 0x7bac, 0x734b, 0x734b, 0x734b, 0x5aa9, 0x4a48, 0x4207,
    0x4207, 0x62c9, 0x6b4b, 0x62e9, 0x5aa8, 0x41e7, 0x41e7, 0x3185, 0x39a6, 0x41e7, 0x31a6, 0x3185,
    0x3165, 0x4a27, 0x6b2a, 0x6b0a, 0x6b0a, 0x6b0a, 0x6b09, 0x6b09, 0x62c9, 0x5267, 0x4a27, 0x41c6,
    0x41c6, 0x41c6, 0x4a27, 0x5267, 0x39c6, 0x41e6, 0x5267, 0x62a8, 0x7b8b, 0x7b6b, 0x7b6a, 0x7b6a,
    0x7b6a, 0x6b09, 0x62c8, 0x4a06, 0x5247, 0x62c8, 0x62c8, 0x5247, 0x5226, 0x62c8, 0x62a8, 0x7329,
    0x7329, 0x7329, 0x7309, 0x7309, 0x7329, 0x83ab, 0x8bcb, 0x8bcb, 0x838a, 0x7b4a, 0x7b4a, 0x7b4a,
    0x7b6a, 0x83ab, 0x83ab, 0x838b, 0x838a, 0x838a, 0x838a, 0x7329, 0x7329, 0x838a, 0x838a, 0x7309,
    0x7309, 0x7b4a, 0x836a, 0x836a, 0x7b6a, 0x7b6a, 0x7b6a, 0x7b4a, 0x7b49, 0x7b49, 0x7b29, 0x62a7,
    0x41c5, 0x41c5, 0x49e6, 0x5206, 0x5206, 0x5206, 0x5206, 0x5206, 0x5206, 0x5206, 0x6287, 0x5a47,
    0x5a47, 0x5a47, 0x5a47, 0x5a47, 0x5a47, 0x5a47, 0x5a47, 0x6267, 0x6288, 0x6288, 0x62a8, 0x5226,
    0x5226, 0x5226, 0x5a47, 0x5a47, 0x5226, 0x5226, 0x6aa8, 0x6aa8, 0x6aa8, 0x6267, 0x5a67, 0x5a47,
    0x5a47, 0x5a47, 0x5a47, 0x5a47, 0x5a47, 0x5a47, 0x5a47, 0x49c5, 0x49c5, 0x49e5, 0x4a06, 0x49e6,
    0x49c5, 0x49e5, 0x5206, 0x5206, 0x5206, 0x5226, 0x5a47, 0x5a46, 0x5a26, 0x5a26, 0x5206, 0x49e5,
    0x49e5, 0x41c5, 0x41a5, 0x41a5, 0x49c5, 0x49c5, 0x49e5, 0x4a06, 0x49e6, 0x49e6, 0x41a5, 0x3964,
    0x3984, 0x3984, 0x3143, 0x3143, 0x3123, 0x3143, 0x3143, 0x3144, 0x3144, 0x3964, 0x3984, 0x41a4,
    0x41c5, 0x49c5, 0x49e5, 0x49e5, 0x41c5, 0x41c5, 0x41c5, 0x49c5, 0x49e5, 0x49e5, 0x49e5, 0x4a06,
    0x4a06, 0x5206, 0x5206, 0x5206, 0x49e5, 0x49e5, 0x49e5, 0x4a06, 0x4a06, 0x5206, 0x6287, 0x6ac8,
    0x836a, 0x836a, 0x838a, 0x838a, 0x836a, 0x8baa, 0x9c0c, 0x93cb, 0x8baa, 0x836a, 0x838a, 0x93eb,
    0x93eb, 0x940c, 0x940c, 0x9c0c, 0xa46d, 0xacae, 0xa48d, 0x7b6a, 0x7b8b, 0x734a, 0x2124, 0x3164,
    0x3164, 0x2924, 0x39a5, 0x39a5, 0x4a06, 0x4a47, 0x5247, 0x5267, 0x39c6, 0x3185, 0x732a, 0x7b6b,
    0x7b8b, 0x7bab, 0x83ac, 0x83cc, 0x83cc, 0x83cc, 0x83ec, 0xad31, 0x9c90, 0x7bad, 0x736c, 0x4a49,
    0x5aeb, 0x630b, 0xa4f2, 0x5aab, 0x5aeb, 0x73ae, 0x73ae, 0x6b6d, 0xbc0b, 0xfd63, 0xfde4, 0xfd23,
    0xfd03, 0xfca2, 0xfbe1, 0xfbe1, 0xfc82, 0xfe66, 0xfe05, 0xfcc2, 0xfe86, 0xfec6, 0xff88, 0xfe05,
    0xfdc5, 0xffea, 0xffed, 0xfea6, 0xfce3, 0xfc02, 0xfc62, 0xfca2, 0xfda4, 0xff27, 0xfe65, 0xfee6,
    0xfc02, 0xfbc1, 0xfba1, 0xfbe1, 0xfc62, 0xfd23, 0xfd03, 0xfd23, 0xfd03, 0xfbe1, 0xfc01, 0xfc82,
    0xfc82, 0xfce3, 0xfcc3, 0xfc82, 0xfcc2, 0xfe45, 0xff07, 0xfdc5, 0xfc62, 0xfc62, 0xfbc1, 0xfbc1,
    0xfc02, 0xffa8, 0xffea, 0xfd63, 0xfe04, 0xfdc4, 0xfd03, 0xfcc3, 0xfc45, 0x73ae, 0x8c2f, 0x8c0e,
    0x8c0e, 0x7bac, 0x734b, 0x734b, 0x734b, 0x5aa9, 0x4a48, 0x4207, 0x4207, 0x4207, 0x3186, 0x41e7,
    0x5aa8, 0x41e7, 0x41e7, 0x3185, 0x39a6, 0x41e7, 0x31a6, 0x3185, 0x3185, 0x3185, 0x41e6, 0x41e6,
    0x6b0a, 0x6b0a, 0x6b09, 0x6b09, 0x62c9, 0x5267, 0x4a27, 0x41c6, 0x41c6, 0x41c6, 0x41c6, 0x41c6,
    0x4a27, 0x4206, 0x5267, 0x62c8, 0x7b8b, 0x7b8b, 0x7b6a, 0x7b6a, 0x7b6a, 0x6b09, 0x62c8, 0x39a5,
    0x39a5, 0x5247, 0x62c8, 0x5247, 0x5226, 0x62c8, 0x62a8, 0x7329, 0x7329, 0x7329, 0x7309, 0x7309,
    0x7329, 0x7b4a, 0x7b4a, 0x7b4a, 0x838a, 0x7b4a, 0x7b4a, 0x7b4a, 0x7b6a, 0x83ab, 0x83ab, 0x83ab,
    0x838a, 0x838a, 0x838a, 0x7329, 0x7329, 0x7329, 0x7b49, 0x7309, 0x7309, 0x7b4a, 0x836a, 0x836a,
    0x836a, 0x7b6a, 0x7b6a, 0x7b4a, 0x7b4a, 0x7b49, 0x7b29, 0x7329, 0x41c5, 0x41c5, 0x49e6, 0x5206,
    0x5206, 0x5206, 0x5206, 0x5206, 0x5206, 0x5a67, 0x6287, 0x5a47, 0x5a47, 0x5a47, 0x5a47, 0x5a47,
    0x5a47, 0x5a47, 0x5a67, 0x6288, 0x6288, 0x6288, 0x6aa8, 0x5226, 0x5226, 0x5226, 0x5a47, 0x5a26,
    0x5226, 0x5226, 0x6aa8, 0x6aa8, 0x6aa8, 0x6267, 0x5a67, 0x5226, 0x5a47, 0x5a47, 0x5a47, 0x5a47,
    0x5a47, 0x5a47, 0x49e6, 0x49c5, 0x49c5, 0x49e5, 0x4a06, 0x49e6, 0x49c5, 0x5226, 0x5206, 0x5206,
    0x5206, 0x5226, 0x5a47, 0x5a46, 0x5a26, 0x5a26, 0x5206, 0x49e5, 0x49e5, 0x41a5, 0x41a5, 0x41a5,
    0x49c5, 0x49e5, 0x5206, 0x4a06, 0x49e6, 0x49e6, 0x4184, 0x3164, 0x3984, 0x3984, 0x3143, 0x3143,
    0x3123, 0x3143, 0x3143, 0x3144, 0x3144, 0x3964, 0x3984, 0x41a4, 0x41c5, 0x49c5, 0x49e5, 0x49e5,
    0x41c5, 0x41c5, 0x41c5, 0x49c5, 0x49e5, 0x49e5, 0x49e5, 0x4a06, 0x4a06, 0x5206, 0x5206, 0x5206,
    0x49e5, 0x49e5, 0x49e6, 0x4a06, 0x4a06, 0x5206, 0x6287, 0x6ac8, 0x836a, 0x836a, 0x838a, 0x838a,
    0x834a, 0x8baa, 0x9c2c, 0x8bab, 0x8baa, 0x836a, 0x8bcb, 0x93eb, 0x93eb, 0xa44d, 0x940c, 0x9c0c,
    0xacae, 0xacae, 0xa44d, 0x83ab, 0x7b8b, 0x6b2a, 0x2124, 0x3164, 0x3164, 0x2924, 0x2944, 0x39a5,
    0x4206, 0x4a47, 0x5247, 0x5267, 0x39c6, 0x3185, 0x3185, 0x41e6, 0x734a, 0x83ac, 0x83ac, 0x83cc,
    0x83cc, 0x83cc, 0x83ec, 0xad31, 0x7bcd, 0x7bac, 0x5aca, 0x4a29, 0x528a, 0x630b, 0xa4f2, 0x52ab,
    0x632c, 0x73ae, 0x73ae, 0x6b6d, 0xbc0b, 0xfe04, 0xfe45, 0xfd84, 0xfe65, 0xfc82, 0xfbe1, 0xfb81,
    0xfc42, 0xfd23, 0xfd23, 0xfd03, 0xfe86, 0xffea, 0xff88, 0xfdc4, 0xfda4, 0xfe04, 0xfda4, 0xfea6,
    0xfd63, 0xff27, 0xfc62, 0xfbc1, 0xfba1, 0xfd23, 0xfe05, 0xfdc4, 0xfd43, 0xfba1, 0xfba1, 0xfbe1,
    0xfda4, 0xfd23, 0xfd23, 0xfce3, 0xfd03, 0xfc22, 0xfc42, 0xfc42, 0xfc62, 0xfc42, 0xfc42, 0xfc82,
    0xfc82, 0xfd43, 0xfe86, 0xfe86, 0xfdc4, 0xfd43, 0xfbc1, 0xfc02, 0xfd03, 0xffed, 0xffee, 0xff27,
    0xfda4, 0xfdc4, 0xfdc4, 0xfe65, 0xfd47, 0x73ae, 0x83ee, 0x8c0e, 0x8c0e, 0x7bac, 0x734b, 0x734b,
    0x734b, 0x5aa9, 0x4a48, 0x4207, 0x4207, 0x4207, 0x3186, 0x39c6, 0x41e7, 0x83ed, 0x5a89, 0x3185,
    0x39a6, 0x41e7, 0x31a6, 0x3185, 0x3185, 0x3185, 0x41e6, 0x41e6, 0x41e6, 0x41e6, 0x5268, 0x6b09,
    0x62c9, 0x5268, 0x4a27, 0x41c6, 0x41c6, 0x41c6, 0x41c6, 0x41c6, 0x5267, 0x5a88, 0x62e9, 0x62e9,
    0x7b8b, 0x7b8b, 0x7b6a, 0x7b6a, 0x7b6a, 0x6b09, 0x62c8, 0x39a5, 0x39a5, 0x5247, 0x5247, 0x62c8,
    0x5a87, 0x62c8, 0x62c8, 0x7329, 0x7329, 0x7329, 0x7329, 0x7309, 0x7329, 0x7b6a, 0x7b4a, 0x7b4a,
    0x7329, 0x6b09, 0x7309, 0x7b4a, 0x7b6a, 0x83ab, 0x83ab, 0x83ab, 0x838a, 0x838a, 0x838a, 0x7329,
    0x7329, 0x7329, 0x7329, 0x7309, 0x7309, 0x7b4a, 0x836a, 0x836a, 0x836a, 0x7b6a, 0x7b6a, 0x7b6a,
    0x7b4a, 0x7b49, 0x7b29, 0x7329, 0x41c5, 0x41c5, 0x49e6, 0x5206, 0x5206, 0x5206, 0x5206, 0x5206,
    0x5226, 0x6287, 0x6287, 0x5a47, 0x5a47, 0x5a47, 0x5a47, 0x5a47, 0x5a47, 0x5a47, 0x6288, 0x6288,
    0x6288, 0x62a8, 0x6aa8, 0x5226, 0x5226, 0x5226, 0x5226, 0x5226, 0x5226, 0x5226, 0x6aa8, 0x6aa8,
    0x6aa8, 0x6267, 0x5a26, 0x5226, 0x5a47, 0x5a47, 0x5a47, 0x5a47, 0x5a47, 0x4a06, 0x49c5, 0x49c5,
    0x49c5, 0x49e5, 0x4a06, 0x49e6, 0x5a26, 0x5226, 0x5206, 0x5206, 0x5206, 0x5226, 0x5a47, 0x5a46,
    0x5a46, 0x5a26, 0x5206, 0x49e5, 0x49e5, 0x41a5, 0x41a5, 0x41a5, 0x49c5, 0x49e5, 0x5206, 0x4a06,
    0x49e6, 0x49e6, 0x3964, 0x3164, 0x3984, 0x3984, 0x3143, 0x3143, 0x3123, 0x3143, 0x3143, 0x3144,
    0x3144, 0x3964, 0x3984, 0x41a4, 0x41c5, 0x49c5, 0x49e5, 0x49e5, 0x41c5, 0x41c5, 0x41c5, 0x49c5,
    0x49e5, 0x49e5, 0x49e5, 0x4a06, 0x4a06, 0x5206, 0x5a47, 0x5226, 0x49e5, 0x49e5, 0x49e6, 0x4a06,
    0x4a06, 0x5206, 0x6287, 0x6ac8, 0x836a, 0x836a, 0x838a, 0x836a, 0x836a, 0x8baa, 0x9c0c, 0x8bab,
    0x8baa, 0x836a, 0x93cb, 0x93eb, 0x9c2c, 0xa44d, 0x940c, 0x9c4c, 0xacae, 0xacae, 0x9c2c, 0x8bcc,
    0x7b8b, 0x6b09, 0x2124, 0x3164, 0x3164, 0x2924, 0x2944, 0x39a5, 0x39c5, 0x4a47, 0x5247, 0x5267,
    0x39c6, 0x3185, 0x3185, 0x41e6, 0x4a27, 0x4a47, 0x83ac, 0x83cc, 0x83cc, 0x83ec, 0x83ec, 0xad31,
    0x630b, 0x6b4c, 0x5269, 0x4a69, 0x528a, 0x630b, 0xa4f2, 0x5aeb, 0x632c, 0x738e, 0x630c, 0x7bef,
    0xabaa, 0xfe04, 0xfd63, 0xfd84, 0xfe65, 0xfe86, 0xfc82, 0xfb81, 0xfba1, 0xfbc1, 0xfca2, 0xfe25,
    0xffea, 0xffee, 0xff88, 0xfc82, 0xfc01, 0xfd43, 0xfd23, 0xfc02, 0xfc02, 0xff27, 0xffa8, 0xfda4,
    0xfc22, 0xfc42, 0xfca2, 0xfd03, 0xfd43, 0xfc02, 0xfbe1, 0xfc02, 0xfe86, 0xffe9, 0xfea7, 0xfce3,
    0xfce3, 0xff27, 0xfd84, 0xfbc1, 0xfc02, 0xfc62, 0xfc42, 0xfc22, 0xfc22, 0xfce3, 0xfdc4, 0xfd84,
    0xfd43, 0xfd43, 0xfca2, 0xfda4, 0xfde5, 0xffef, 0xfff0, 0xff68, 0xfda4, 0xfd63, 0xfe66, 0xff07,
    0xfdc8, 0x738e, 0x83ee, 0x8c0e, 0x8c0e, 0x7bac, 0x734b, 0x62ea, 0x5aa9, 0x5aa9, 0x4a48, 0x4207,
    0x4207, 0x4207, 0x3186, 0x39c6, 0x41e7, 0x83ed, 0x83ed, 0x6b2a, 0x5aa9, 0x41e7, 0x31a6, 0x3185,
    0x3185, 0x3185, 0x41e6, 0x41e6, 0x41e6, 0x41e6, 0x41e6, 0x41e6, 0x39a6, 0x5268, 0x4a27, 0x41c6,
    0x41c6, 0x41c6, 0x41c6, 0x41c6, 0x5267, 0x5a88, 0x62e9, 0x62e9, 0x62e9, 0x6b09, 0x7b6b, 0x7b6a,
    0x7b6a, 0x6b09, 0x62c8, 0x39a5, 0x39a5, 0x5247, 0x5247, 0x62c8, 0x62c8, 0x62c8, 0x62c8, 0x7b6a,
    0x7329, 0x7329, 0x7329, 0x7309, 0x7329, 0x7b6a, 0x7b4a, 0x7b4a, 0x7329, 0x6b09, 0x7309, 0x7b4a,
    0x7329, 0x7b6a, 0x83ab, 0x83ab, 0x83ab, 0x838a, 0x838a, 0x7329, 0x7329, 0x7329, 0x7329, 0x7329,
    0x7309, 0x7b4a, 0x836a, 0x7329, 0x836a, 0x7b6a, 0x7b6a, 0x7b6a, 0x7b4a, 0x7b49, 0x7b29, 0x7329,
    0x41c5, 0x41c5, 0x49e6, 0x5206, 0x5206, 0x5206, 0x5206, 0x5226, 0x6287, 0x6287, 0x6287, 0x5a47,
    0x5a47, 0x5a47, 0x5a47, 0x5a47, 0x5a47, 0x6288, 0x6288, 0x6288, 0x6288, 0x6aa8, 0x6aa8, 0x5226,
    0x5226, 0x4a06, 0x5206, 0x5226, 0x5226, 0x5226, 0x6aa8, 0x6aa8, 0x6aa8, 0x6267, 0x5226, 0x5226,
    0x5a47, 0x5a47, 0x5a47, 0x5a47, 0x5226, 0x49e5, 0x49c5, 0x49c5, 0x49c5, 0x49e5, 0x4a06, 0x5a47,
    0x5a26, 0x5226, 0x5206, 0x5206, 0x5206, 0x5226, 0x5a47, 0x5a47, 0x5a46, 0x5a26, 0x5206, 0x49e5,
    0x49e5, 0x41a5, 0x41a5, 0x41a5, 0x49c5, 0x49e5, 0x5206, 0x4a06, 0x49e6, 0x41c5, 0x3964, 0x3164,
    0x3984, 0x3984, 0x3143, 0x3143, 0x3123, 0x3143, 0x3143, 0x3144, 0x3144, 0x3964, 0x3984, 0x41a4,
    0x41c5, 0x41a5, 0x41c5, 0x49e5, 0x41c5, 0x41c5, 0x49c5, 0x49c5, 0x49e5, 0x49e5, 0x49e5, 0x4a06,
    0x4a06, 0x5206, 0x5a47, 0x5a47, 0x5a67, 0x5206, 0x4a06, 0x4a06, 0x4a06, 0x5206, 0x6287, 0x72e8,
    0x836a, 0x836a, 0x838a, 0x7b49, 0x836a, 0x8baa, 0x93eb, 0x8bab, 0x8bab, 0x838a, 0x93eb, 0x93eb,
    0xa44d, 0xa44d, 0x9c0c, 0xacae, 0xacae, 0xa44d, 0x9c2c, 0x8bcc, 0x7b6b, 0x6b09, 0x2124, 0x3164,
    0x3164, 0x2924, 0x2944, 0x39a5, 0x39c5, 0x39c5, 0x5247, 0x5267, 0x39c6, 0x3185, 0x3185, 0x41e6,
    0x4a27, 0x4a47, 0x4a47, 0x5247, 0x734a, 0x83ec, 0x8bec, 0x946f, 0x630b, 0x62eb, 0x5269, 0x5aeb,
    0x528a, 0x6b4c, 0x94b1, 0x630b, 0x6b4d, 0x630c, 0x73ae, 0x7bef, 0xab89, 0xfde4, 0xfd63, 0xfe66,
    0xffea, 0xff68, 0xfc82, 0xfba1, 0xfba1, 0xfbc1, 0xfc42, 0xfd84, 0xffe9, 0xffee, 0xffea, 0xfdc5,
    0xfc01, 0xfc02, 0xfbe1, 0xfbc1, 0xfc22, 0xfcc2, 0xfff0, 0xfd03, 0xfbe1, 0xfb61, 0xfc22, 0xfd23,
    0xfda4, 0xfc82, 0xfc01, 0xfc22, 0xfe46, 0xffa8, 0xfea7, 0xfca2, 0xfe45, 0xff27, 0xffea, 0xfe25,
    0xfcc2, 0xfc42, 0xfce3, 0xfe65, 0xfd23, 0xfbe1, 0xfc22, 0xfda4, 0xfd43, 0xfd23, 0xfd43, 0xfda4,
    0xffc9, 0xffec, 0xffeb, 0xff68, 0xfde4, 0xfdc4, 0xfea6, 0xffea, 0xff4c, 0x73ae, 0x83ee, 0x8c0e,
    0x8c0e, 0x7bac, 0x734b, 0x62ea, 0x5aa9, 0x734b, 0x630a, 0x4207, 0x4207, 0x4207, 0x3186, 0x39c6,
    0x41e7, 0x83ed, 0x83ed, 0x6b2a, 0x62e9, 0x5a88, 0x5a88, 0x3185, 0x3185, 0x3186, 0x41e6, 0x41e6,
    0x41e6, 0x41e6, 0x41e6, 0x41e6, 0x39a6, 0x3165, 0x3165, 0x39a5, 0x41c6, 0x41c6, 0x41c6, 0x41c6,
    0x5267, 0x5a88, 0x6ae9, 0x62e9, 0x62e9, 0x62e9, 0x62e9, 0x734a, 0x7b6a, 0x6b09, 0x62c8, 0x39a5,
    0x39a5, 0x5247, 0x5247, 0x62c8, 0x62c8, 0x62c8, 0x62c8, 0x8bec, 0x8bcb, 0x7b4a, 0x7329, 0x7309,
    0x7329, 0x7b6a, 0x7b4a, 0x7b4a, 0x7329, 0x6b09, 0x7309, 0x7b4a, 0x7329, 0x6ae9, 0x6ae9, 0x62a8,
    0x83ab, 0x838a, 0x838a, 0x7329, 0x7329, 0x7329, 0x7329, 0x7329, 0x7309, 0x7b4a, 0x836a, 0x7329,
    0x7309, 0x7309, 0x7309, 0x7b6a, 0x7b4a, 0x7b49, 0x7b29, 0x7329, 0x41c5, 0x41c5, 0x49e6, 0x5206,
    0x5206, 0x5206, 0x5226, 0x6287, 0x6287, 0x6287, 0x6287, 0x5a47, 0x5a47, 0x5a47, 0x5a47, 0x5a47,
    0x6288, 0x6288, 0x6288, 0x6288, 0x6288, 0x6aa8, 0x6aa8, 0x5226, 0x5206, 0x49e6, 0x5206, 0x5226,
    0x5226, 0x5226, 0x6aa8, 0x6aa8, 0x6287, 0x5a46, 0x5226, 0x5226, 0x5a47, 0x5a47, 0x5a47, 0x5a47,
    0x49e5, 0x49e5, 0x49c5, 0x49c5, 0x49c5, 0x49e6, 0x5226, 0x6267, 0x5a26, 0x5226, 0x5226, 0x5206,
    0x5206, 0x5a47, 0x5a47, 0x5a47, 0x5a46, 0x5a26, 0x5206, 0x49e5, 0x49e5, 0x41a5, 0x41a5, 0x41a5,
    0x49c5, 0x49e5, 0x5206, 0x4a06, 0x49e6, 0x3984, 0x3964, 0x3164, 0x3984, 0x41a4, 0x3144, 0x3143,
    0x3123, 0x3143, 0x3143, 0x3144, 0x3144, 0x3964, 0x3984, 0x41a4, 0x41c5, 0x41a5, 0x41a5, 0x41a5,
    0x41a4, 0x41c5, 0x49c5, 0x49e5, 0x49e5, 0x49e5, 0x49e5, 0x4a06, 0x4a06, 0x5206, 0x5a47, 0x5a67,
    0x5a67, 0x5a67, 0x5226, 0x5206, 0x4a06, 0x5206, 0x6287, 0x836a, 0x836a, 0x836a, 0x836a, 0x7b49,
    0x836a, 0x8baa, 0x8bab, 0x8bcb, 0x8bab, 0x93cb, 0x93eb, 0x93eb, 0xa46d, 0xa46d, 0x9c0c, 0xacae,
    0xacae, 0x9c2c, 0x9c2c, 0x8bcc, 0x6b2a, 0x6b09, 0x2124, 0x2944, 0x3164, 0x2924, 0x2944, 0x39a5,
    0x39c5, 0x39c5, 0x4a47, 0x4206, 0x39a5, 0x3185, 0x3185, 0x41e6, 0x4a27, 0x4a47, 0x4a47, 0x5247,
    0x5a88, 0x6b09, 0x8bec, 0x7bcc, 0x630b, 0x62eb, 0x4a69, 0x5acb, 0x528a, 0x738d, 0x8c50, 0x630b,
    0x5aab, 0x5acb, 0x738e, 0x738e, 0xab89, 0xfda4, 0xfdc4, 0xfe45, 0xffe9, 0xffe9, 0xfe65, 0xfbe1,
    0xfbc1, 0xfbc1, 0xfbe1, 0xfea7, 0xff68, 0xfec6, 0xfd43, 0xfd03, 0xfc42, 0xfc02, 0xfbe1, 0xfbc1,
    0xfc42, 0xfd03, 0xfff0, 0xfda4, 0xfc82, 0xfbc1, 0xfbe1, 0xfc22, 0xfc42, 0xfc82, 0xfc22, 0xfbc1,
    0xfe26, 0xff27, 0xfe25, 0xfd03, 0xffc9, 0xfff0, 0xfff2, 0xff28, 0xfc82, 0xfd64, 0xff07, 0xfe65,
    0xff07, 0xfcc2, 0xfc22, 0xfda4, 0xfec6, 0xff07, 0xfd43, 0xffa8, 0xffed, 0xffe9, 0xff07, 0xfca3,
    0xfc82, 0xfdc4, 0xfe45, 0xfee6, 0xff4b, 0x73ae, 0x83ee, 0x8c0e, 0x8c0e, 0x7bac, 0x734b, 0x62ea,
    0x5aa9, 0x734b, 0x630a, 0x5aa9, 0x5aa9, 0x5268, 0x3186, 0x39c6, 0x4207, 0x83ed, 0x83ed, 0x6b2a,
    0x62e9, 0x5a88, 0x5a88, 0x5a88, 0x6b2a, 0x5268, 0x41e6, 0x41e6, 0x41e6, 0x41e6, 0x41e6, 0x41e6,
    0x39a6, 0x3165, 0x3165, 0x3165, 0x39a6, 0x41c6, 0x41c6, 0x41c6, 0x5267, 0x5a88, 0x6ae9, 0x62e9,
    0x62e9, 0x62e9, 0x62e9, 0x734a, 0x7b6a, 0x5aa8, 0x5247, 0x39a5, 0x39a5, 0x5247, 0x5247, 0x62c8,
    0x62c8, 0x62c8, 0x62c8, 0x8bec, 0x8bcb, 0x7b6a, 0x838a, 0x8bcb, 0x83ab, 0x7b6a, 0x7b6a, 0x7b4a,
    0x7329, 0x6b09, 0x7309, 0x7b4a, 0x7329, 0x6ae9, 0x6ae9, 0x62a8, 0x62a8, 0x62a8, 0x6ae8, 0x7329,
    0x7329, 0x7329, 0x7329, 0x7329, 0x7309, 0x7b4a, 0x836a, 0x7329, 0x7309, 0x7309, 0x7309, 0x7309,
    0x6ae8, 0x7309, 0x7b49, 0x7329, 0x41c5, 0x41c5, 0x49e6, 0x5206, 0x5206, 0x5226, 0x6287, 0x6287,
    0x6287, 0x6287, 0x6287, 0x5a47, 0x5a47, 0x5a47, 0x5a47, 0x6267, 0x6288, 0x6288, 0x6288, 0x6288,
    0x62a8, 0x6aa8, 0x6aa8, 0x5226, 0x49e6, 0x49e6, 0x5206, 0x5226, 0x5226, 0x5226, 0x6aa8, 0x6aa8,
    0x6267, 0x5a47, 0x5226, 0x5226, 0x5a47, 0x5a47, 0x5a47, 0x5206, 0x49e5, 0x49e5, 0x49c5, 0x49c5,
    0x49c5, 0x49e6, 0x6267, 0x6267, 0x5a26, 0x5226, 0x5226, 0x5206, 0x5a26, 0x5a47, 0x5a47, 0x5a47,
    0x5a46, 0x5a26, 0x49c5, 0x49e5, 0x49e5, 0x41a5, 0x41a5, 0x41c5, 0x49c5, 0x49e5, 0x5206, 0x4a06,
    0x41c5, 0x3984, 0x3964, 0x3164, 0x3984, 0x49e5, 0x3164, 0x3964, 0x3164, 0x3143, 0x3143, 0x3144,
    0x3144, 0x3964, 0x3984, 0x41a4, 0x41c5, 0x41a5, 0x41a5, 0x41a5, 0x3984, 0x41a4, 0x41c5, 0x49e5,
    0x49e5, 0x49e5, 0x49e5, 0x4a06, 0x4a06, 0x5206, 0x5a47, 0x5a67, 0x5a67, 0x5a67, 0x5226, 0x5226,
    0x5a46, 0x5206, 0x6aa8, 0x836a, 0x836a, 0x836a, 0x7b29, 0x7b49, 0x836a, 0x838a, 0x8bab, 0x8bcb,
    0x8bcb, 0x93cb, 0x93eb, 0x9c2c, 0xac8d, 0xa46d, 0x9c0c, 0xacae, 0xa46d, 0x9c2c, 0x9c2c, 0x8bcb,
    0x62e9, 0x6b09, 0x2124, 0x2924, 0x2103, 0x20e3, 0x2924, 0x39a5, 0x39c5, 0x39c5, 0x4a47, 0x4206,
    0x39a5, 0x3185, 0x3185, 0x41e6, 0x4a27, 0x4a27, 0x4a47, 0x5247, 0x5a88, 0x6309, 0x83ac, 0x7bac,
    0x630b, 0x5aaa, 0x4a69, 0x5acb, 0x5aca, 0x738d, 0x8c50, 0x630b, 0x52ab, 0x4a49, 0x8430, 0x738e,
    0xa2e8, 0xfcc2, 0xfd63, 0xfe86, 0xff47, 0xffea, 0xfe46, 0xfc02, 0xfc02, 0xfbc1, 0xfbe1, 0xfc42,
    0xfc82, 0xfd84, 0xfd43, 0xfc42, 0xfc42, 0xfc02, 0xfbe1, 0xfc02, 0xfc82, 0xfe66, 0xffec, 0xfcc2,
    0xfc02, 0xfca2, 0xfd43, 0xfd03, 0xfc22, 0xfbe1, 0xfc22, 0xfbc1, 0xfbc1, 0xfc02, 0xfc42, 0xfd03,
    0xfe25, 0xfde4, 0xfff2, 0xffeb, 0xfca3, 0xfd43, 0xff07, 0xffec, 0xffeb, 0xfd03, 0xfc02, 0xfc22,
    0xfd84, 0xff07, 0xfe25, 0xfe45, 0xffeb, 0xff88, 0xfd24, 0xfbe1, 0xfc82, 0xfce2, 0xfd43, 0xfe65,
    0xff2b, 0x73ae, 0x83ee, 0x8c0e, 0x736b, 0x7bad, 0x736b, 0x62ea, 0x5aa9, 0x734b, 0x630a, 0x5aa9,
    0x5aa9, 0x5aa9, 0x3186, 0x4207, 0x4207, 0x83ed, 0x83ed, 0x6b2a, 0x62e9, 0x5a88, 0x5a88, 0x5a88,
    0x6b2a, 0x6b2a, 0x6b2a, 0x734a, 0x41e6, 0x41e6, 0x41e6, 0x41e6, 0x39a6, 0x3165, 0x3165, 0x3165,
    0x39a6, 0x41c6, 0x3185, 0x3165, 0x4a06, 0x5a88, 0x6ae9, 0x62e9, 0x62e9, 0x62e9, 0x62e9, 0x734a,
    0x7b6a, 0x5aa8, 0x5247, 0x39a5, 0x39a5, 0x41e6, 0x5247, 0x62c8, 0x62c8, 0x62c8, 0x62c8, 0x8bec,
    0x8bcb, 0x7b6a, 0x838a, 0x8bcb, 0x8bcb, 0x8bcb, 0x83ab, 0x7b4a, 0x7329, 0x6b09, 0x7309, 0x7b4a,
    0x7329, 0x6b09, 0x6ae9, 0x62a8, 0x62a8, 0x62a8, 0x62a8, 0x6ae8, 0x6ae8, 0x7309, 0x7329, 0x7329,
    0x7329, 0x7b6a, 0x836a, 0x7329, 0x7309, 0x7309, 0x7309, 0x7309, 0x6ae8, 0x6ae8, 0x6ae8, 0x6ae8,
    0x41c5, 0x49c5, 0x49e6, 0x5206, 0x5226, 0x6287, 0x6287, 0x6287, 0x6287, 0x6287, 0x6287, 0x5a47,
    0x5a47, 0x5a47, 0x6267, 0x6288, 0x6288, 0x6288, 0x6288, 0x6288, 0x6aa8, 0x6aa8, 0x6aa8, 0x4a06,
    0x49e6, 0x49e6, 0x5206, 0x5226, 0x5226, 0x5226, 0x6aa8, 0x5a67, 0x6267, 0x5a47, 0x5226, 0x5226,
    0x5a47, 0x5a47, 0x5a47, 0x4a06, 0x49e5, 0x49e5, 0x49c5, 0x49c5, 0x49c5, 0x5a67, 0x6267, 0x6267,
    0x5a26, 0x5226, 0x5226, 0x5226, 0x5a47, 0x5a47, 0x5a47, 0x5a47, 0x5a46, 0x49e5, 0x49c5, 0x49e5,
    0x49e5, 0x41c5, 0x41c5, 0x49c5, 0x49c5, 0x49e5, 0x5206, 0x49c5, 0x41a4, 0x3984, 0x3964, 0x3164,
    0x41a5, 0x49e5, 0x3964, 0x3964, 0x3984, 0x3964, 0x3143, 0x3144, 0x3144, 0x3964, 0x3984, 0x41a4,
    0x41c5, 0x41a5, 0x41a5, 0x41a5, 0x3984, 0x41a4, 0x41a5, 0x41c5, 0x49e5, 0x49e5, 0x49e5, 0x4a06,
    0x4a06, 0x5206, 0x5a47, 0x5a67, 0x5a67, 0x5a67, 0x5226, 0x5226, 0x5a67, 0x6287, 0x7309, 0x836a,
    0x836a, 0x836a, 0x7b29, 0x7b49, 0x836a, 0x836a, 0x8bab, 0x8bcb, 0x8bcb, 0x93cb, 0x93eb, 0xa44d,
    0xac8d, 0xa46d, 0x9c0c, 0xacad, 0x9c2c, 0x9c2c, 0x9c2c, 0x7b8b, 0x62e9, 0x62e9, 0x2124, 0x2924,
    0x2103, 0x20e3, 0x2924, 0x3164, 0x39c5, 0x39c5, 0x4a47, 0x4206, 0x39a5, 0x3185, 0x3185, 0x3185,
    0x39c6, 0x4a27, 0x4a47, 0x5247, 0x5a88, 0x6309, 0x83ac, 0x7bac, 0x62eb, 0x5aaa, 0x62eb, 0x632b,
    0x5aca, 0x7bce, 0x83ee, 0x5acb, 0x52ab, 0x4a49, 0x9cf3, 0x6b6d, 0xb38a, 0xfcc2, 0xfd23, 0xfda4,
    0xfee7, 0xffea, 0xff27, 0xfd03, 0xfc62, 0xfbc1, 0xfbc1, 0xfc02, 0xfc82, 0xfc42, 0xfbc1, 0xfbe1,
    0xfc42, 0xfc62, 0xfca2, 0xfc82, 0xfd43, 0xfda4, 0xfca2, 0xfcc2, 0xfc62, 0xfda4, 0xfd43, 0xfc82,
    0xfbe1, 0xfba1, 0xfc22, 0xfd43, 0xfcc2, 0xfc62, 0xfd24, 0xffe9, 0xffe9, 0xfde4, 0xfee6, 0xfd84,
    0xfc22, 0xfde5, 0xffe9, 0xffed, 0xffeb, 0xfdc4, 0xfba1, 0xfc02, 0xfcc2, 0xfd23, 0xfd84, 0xfe45,
    0xfec6, 0xfd84, 0xfc82, 0xfbe1, 0xfbe1, 0xfc42, 0xfd23, 0xfda4, 0xfeaa, 0x73ae, 0x83ee, 0x8c0e,
    0x736b, 0x630a, 0x5aa9, 0x5aa9, 0x5aa9, 0x734b, 0x630a, 0x5aa9, 0x5aa9, 0x5aa9, 0x3186, 0x4207,
    0x5aa8, 0x83ed, 0x83ed, 0x6b2a, 0x62e9, 0x5a88, 0x5a88, 0x5a88, 0x6b2a, 0x6b2a, 0x6b2a, 0x734a,
    0x83cc, 0x83cc, 0x62c9, 0x41e6, 0x39a6, 0x3165, 0x3165, 0x3165, 0x39a6, 0x41c6, 0x3185, 0x3165,
    0x41c6, 0x4206, 0x5267, 0x6ae9, 0x62e9, 0x62e9, 0x62e9, 0x734a, 0x7b6a, 0x5aa8, 0x5247, 0x39c6,
    0x39a5, 0x39a5, 0x39a5, 0x5247, 0x62c8, 0x62c8, 0x62c8, 0x8bec, 0x8bcb, 0x7b6a, 0x838a, 0x8bcb,
    0x8bcb, 0x8bcb, 0x83ab, 0x7b4a, 0x7b4a, 0x7b4a, 0x7309, 0x7b4a, 0x7329, 0x6b09, 0x6ae9, 0x62a8,
    0x62a8, 0x62a8, 0x62a8, 0x6ae8, 0x6ae8, 0x6ae8, 0x6ae8, 0x7329, 0x7329, 0x7b6a, 0x836a, 0x7329,
    0x7309, 0x7309, 0x7309, 0x7309, 0x6ae8, 0x6ae8, 0x6ae8, 0x6ae8, 0x41c5, 0x49c5, 0x49e6, 0x5206,
    0x5a67, 0x6287, 0x6287, 0x6287, 0x6287, 0x6287, 0x6287, 0x5a47, 0x5a47, 0x5a47, 0x6288, 0x6288,
    0x6288, 0x6288, 0x6288, 0x6288, 0x6aa8, 0x6aa8, 0x5a47, 0x49e6, 0x49e6, 0x49e6, 0x5206, 0x5226,
    0x5226, 0x5226, 0x6267, 0x5a67, 0x6267, 0x5a47, 0x5226, 0x5226, 0x5a47, 0x5a47, 0x5226, 0x4a06,
    0x49e5, 0x49e5, 0x49e5, 0x49c5, 0x5206, 0x5a67, 0x6267, 0x6267, 0x5a26, 0x5226, 0x5226, 0x5a67,
    0x5a47, 0x5a47, 0x5a47, 0x5a47, 0x5206, 0x49c5, 0x49c5, 0x49e6, 0x49e5, 0x41c5, 0x49e5, 0x49e5,
    0x49c5, 0x49e5, 0x5206, 0x41a5, 0x41a4, 0x3984, 0x3964, 0x3164, 0x49e5, 0x49e5, 0x3964, 0x3964,
    0x3984, 0x3964, 0x3164, 0x3164, 0x3144, 0x3964, 0x3984, 0x41a4, 0x41c5, 0x41a5, 0x41a5, 0x41a5,
    0x3984, 0x41a4, 0x41a5, 0x41c5, 0x49e5, 0x49e5, 0x49e5, 0x4a06, 0x4a06, 0x5206, 0x5a47, 0x5a67,
    0x5a67, 0x5a67, 0x5226, 0x5226, 0x5a67, 0x6287, 0x7b09, 0x836a, 0x836a, 0x7b4a, 0x7b49, 0x7b49,
    0x7b49, 0x7b4a, 0x8bab, 0x8bcb, 0x8bcb, 0x93cb, 0x93eb, 0xa44d, 0xac8d, 0xa46d, 0x9c0c, 0xacad,
    0x93eb, 0x9c2c, 0x9c2c, 0x7b8b, 0x62e9, 0x62c9, 0x2124, 0x2924, 0x2103, 0x20e3, 0x2924, 0x2944,
    0x2104, 0x2944, 0x4a47, 0x4206, 0x39a5, 0x3185, 0x3185, 0x3185, 0x39a5, 0x3185, 0x2945, 0x5247,
    0x5a88, 0x62e9, 0x83ac, 0x7bac, 0x62eb, 0x52aa, 0x7bad, 0x630b, 0x630b, 0x738c, 0x73ad, 0x528a,
    0x52aa, 0x4209, 0x9cd3, 0x6b6d, 0xcc0c, 0xfc42, 0xfce3, 0xfd63, 0xff88, 0xff27, 0xfda4, 0xfd03,
    0xfce3, 0xfc42, 0xfbe1, 0xfc02, 0xfc02, 0xfbc1, 0xfba1, 0xfbe1, 0xfcc2, 0xfd43, 0xfcc2, 0xfd03,
    0xfd23, 0xfd03, 0xfc62, 0xfc02, 0xfbe1, 0xfda4, 0xffec, 0xff07, 0xfc82, 0xfba1, 0xfdc4, 0xff88,
    0xfcc2, 0xfcc2, 0xfe05, 0xffeb, 0xffea, 0xfec6, 0xfc42, 0xfce3, 0xfc22, 0xfc82, 0xffea, 0xffed,
    0xffeb, 0xfee6, 0xfba1, 0xfba1, 0xfba1, 0xfc42, 0xfd63, 0xfd43, 0xfd03, 0xfd63, 0xfc82, 0xfbe1,
    0xfc01, 0xfc42, 0xfce3, 0xfcc2, 0xfd47, 0x73ae, 0x83ee, 0x8c0e, 0x736b, 0x630a, 0x5aa9, 0x5aa9,
    0x5aa9, 0x62ea, 0x630a, 0x5aa9, 0x5aa9, 0x5aa9, 0x3186, 0x4207, 0x5aa8, 0x83ed, 0x83ed, 0x6b2a,
    0x6b0a, 0x5a88, 0x5a88, 0x5a88, 0x6b2a, 0x6b2a, 0x6b2a, 0x734a, 0x83cc, 0x83cc, 0x83cc, 0x6b0a,
    0x6b0a, 0x3165, 0x3165, 0x3165, 0x39a6, 0x41c6, 0x3185, 0x3165, 0x41c6, 0x4206, 0x5267, 0x5a88,
    0x62e9, 0x62e9, 0x62e9, 0x734a, 0x7b6a, 0x62a8, 0x5247, 0x39c6, 0x39a5, 0x39a5, 0x39a5, 0x5247,
    0x5247, 0x62c8, 0x62c8, 0x8bec, 0x8bcb, 0x7b6a, 0x838a, 0x8bcb, 0x8bcb, 0x8bcb, 0x83ab, 0x7b6a,
    0x7b4a, 0x7b4a, 0x7b4a, 0x7b4a, 0x7329, 0x6b09, 0x6ae9, 0x62a8, 0x62a8, 0x62a8, 0x62a8, 0x6ae8,
    0x6ae8, 0x6ae8, 0x6ae8, 0x7329, 0x7329, 0x6ae8, 0x7309, 0x7329, 0x7309, 0x7309, 0x7309, 0x7309,
    0x6ae9, 0x6ae8, 0x6ae8, 0x6ae8, 0x49c5, 0x49c5, 0x49e6, 0x5a47, 0x6287, 0x6287, 0x6287, 0x6287,
    0x6287, 0x6287, 0x6287, 0x5a47, 0x5a47, 0x6288, 0x6288, 0x6288, 0x6288, 0x6288, 0x6288, 0x62a8,
    0x6aa8, 0x6267, 0x5226, 0x49e6, 0x49e6, 0x49e6, 0x5206, 0x5226, 0x5226, 0x5a26, 0x5a67, 0x6267,
    0x6267, 0x5a47, 0x5226, 0x5226, 0x5a47, 0x5226, 0x5226, 0x4a06, 0x49e5, 0x49e5, 0x49e5, 0x49c5,
    0x5a26, 0x5a67, 0x6267, 0x6267, 0x5a26, 0x5226, 0x5226, 0x5a67, 0x5a47, 0x5a47, 0x5a47, 0x5a47,
    0x41c5, 0x49c5, 0x49c5, 0x49e6, 0x49e5, 0x49c5, 0x49e5, 0x49e5, 0x49c5, 0x49e5, 0x49c5, 0x3964,
    0x41a4, 0x3984, 0x3964, 0x3984, 0x49e5, 0x49e5, 0x3964, 0x3964, 0x3984, 0x3964, 0x3164, 0x3164,
    0x3144, 0x3964, 0x3984, 0x41a4, 0x41c5, 0x41a5, 0x41a5, 0x41a5, 0x3984, 0x41a4, 0x41a5, 0x41c5,
    0x49e5, 0x49e5, 0x49e5, 0x4a06, 0x4a06, 0x5206, 0x5a47, 0x5a67, 0x5a67, 0x5a67, 0x5226, 0x5226,
    0x5a67, 0x6287, 0x7b09, 0x836a, 0x836a, 0x7b29, 0x7b49, 0x7b49, 0x7b4a, 0x7b6a, 0x8bab, 0x8bcb,
    0x93cb, 0x93eb, 0x93eb, 0xa44d, 0xac8d, 0x8bcb, 0x9c0c, 0xa46d, 0x8bcb, 0x9c2c, 0x940c, 0x7b8b,
    0x5ac8, 0x62c9, 0x3164, 0x2924, 0x2103, 0x20e3, 0x2924, 0x2944, 0x2104, 0x2104, 0x2104, 0x3165,
    0x39a5, 0x3185, 0x3185, 0x3185, 0x39a5, 0x3185, 0x2945, 0x2945, 0x3185, 0x62e9, 0x7bac, 0x734b,
    0x62eb, 0x52aa, 0x9470, 0x6b4c, 0x5aca, 0x736c, 0x6b6c, 0x4a6a, 0x526a, 0x4a49, 0x9cd2, 0x5aec,
    0xc40c, 0xfc42, 0xfcc2, 0xfcc2, 0xfd03, 0xfde5, 0xfce3, 0xfdc4, 0xfe86, 0xfc42, 0xfc22, 0xfc82,
    0xfc02, 0xfbc1, 0xfbc1, 0xfdc5, 0xfd03, 0xfda4, 0xfd63, 0xfe04, 0xfd23, 0xfd03, 0xfcc3, 0xfc22,
    0xfbe1, 0xfc22, 0xfd23, 0xff07, 0xfda4, 0xfd43, 0xfe66, 0xff88, 0xff68, 0xfd84, 0xff07, 0xffeb,
    0xffea, 0xfea6, 0xfc42, 0xfc02, 0xfc62, 0xfc82, 0xfea6, 0xff07, 0xfe25, 0xfee6, 0xfc02, 0xfba1,
    0xfba1, 0xfbc1, 0xfc42, 0xfd23, 0xfd03, 0xfd43, 0xfd03, 0xfc62, 0xfc01, 0xfc42, 0xfce3, 0xfc62,
    0xfca6, 0x738e, 0x7bcd, 0x8c0e, 0x736b, 0x630a, 0x5aa9, 0x5aa9, 0x5aa9, 0x5aa9, 0x5aa9, 0x5aa9,
    0x5aa9, 0x5aa9, 0x3186, 0x4207, 0x5aa8, 0x83ed, 0x83ed, 0x6b2a, 0x6b2a, 0x6b2a, 0x5ac9, 0x5a88,
    0x6b2a, 0x6b2a, 0x6b2a, 0x734a, 0x83cc, 0x83cc, 0x83cc, 0x6b0a, 0x6b0a, 0x6b09, 0x62c9, 0x41e6,
    0x39a6, 0x41c6, 0x3185, 0x3165, 0x41c6, 0x4206, 0x5267, 0x5a88, 0x62e9, 0x62e9, 0x62e9, 0x5a87,
    0x7b6b, 0x62a8, 0x5247, 0x39c6, 0x39a5, 0x39a5, 0x39a5, 0x5247, 0x5247, 0x62c8, 0x62c8, 0x7329,
    0x6b09, 0x7b6a, 0x838b, 0x8bcb, 0x8bcb, 0x8bcb, 0x83ab, 0x7b6a, 0x7b4a, 0x7b4a, 0x7b4a, 0x7b4a,
    0x7b4a, 0x7b4a, 0x7b4a, 0x62a8, 0x62a8, 0x62a8, 0x62a8, 0x6ae8, 0x6ae8, 0x6ae8, 0x6ae8, 0x7329,
    0x7329, 0x6ae8, 0x6ac8, 0x6ae9, 0x7309, 0x7309, 0x7309, 0x7309, 0x6ae9, 0x6ae8, 0x6ae8, 0x6ae8,
    0x49c5, 0x49c5, 0x5a47, 0x6287, 0x6287, 0x6287, 0x6287, 0x6287, 0x6287, 0x6287, 0x6288, 0x5a47,
    0x6288, 0x6288, 0x6288, 0x6288, 0x6288, 0x6288, 0x6288, 0x6aa8, 0x6267, 0x5226, 0x5226, 0x49e6,
    0x49e6, 0x49e6, 0x5206, 0x5226, 0x5226, 0x5a67, 0x5a67, 0x6267, 0x6267, 0x5a47, 0x5226, 0x5226,
    0x5226, 0x5226, 0x5226, 0x4a06, 0x49e5, 0x49e5, 0x49e5, 0x5226, 0x5a26, 0x5a67, 0x6267, 0x6267,
    0x5a46, 0x5226, 0x5226, 0x5a67, 0x5a47, 0x5a47, 0x5a47, 0x49c5, 0x41c5, 0x49c5, 0x49c5, 0x49e6,
    0x49e5, 0x49e5, 0x49e5, 0x49e5, 0x49c5, 0x49e5, 0x3964, 0x3964, 0x41a4, 0x3984, 0x3964, 0x3984,
    0x49e5, 0x49e5, 0x3964, 0x3964, 0x3984, 0x3964, 0x3164, 0x3164, 0x3144, 0x3164, 0x3964, 0x3984,
    0x41c5, 0x41a5, 0x41a5, 0x41a5, 0x3984, 0x41a4, 0x41a5, 0x41c5, 0x49e5, 0x49e5, 0x49e5, 0x49e5,
    0x41a5, 0x49e5, 0x5a47, 0x5a67, 0x5a67, 0x5a67, 0x5226, 0x5226, 0x5a67, 0x6287, 0x7b29, 0x836a,
    0x836a, 0x7b29, 0x7b49, 0x7b49, 0x7b4a, 0x7b6a, 0x8bab, 0x8bcb, 0x93cb, 0x93eb, 0x93eb, 0xa44d,
    0x9c4c, 0x8bcb, 0x9c0c, 0x9c2c, 0x8bcb, 0x940c, 0x940c, 0x7b6a, 0x5aa8, 0x62c9, 0x3184, 0x39c5,
    0x3185, 0x20e3, 0x2924, 0x2944, 0x2104, 0x2104, 0x2104, 0x2104, 0x2124, 0x2944, 0x3185, 0x3185,
    0x39a5, 0x3185, 0x2945, 0x2945, 0x3185, 0x39c6, 0x62c9, 0x630a, 0x5aaa, 0x736c, 0x9cb0, 0x632b,
    0x5aca, 0x736c, 0x6b4c, 0x4a6a, 0x4a6a, 0x526a, 0x9471, 0x4a4a, 0xd46e, 0xfc82, 0xfc82, 0xfc02,
    0xfd03, 0xfc82, 0xfc82, 0xfda4, 0xfec6, 0xfec6, 0xfe25, 0xfc82, 0xfc02, 0xfba1, 0xfc82, 0xfdc5,
    0xffea, 0xffee, 0xfda4, 0xfe45, 0xfda4, 0xfe05, 0xfca2, 0xfc22, 0xfba1, 0xfbc1, 0xfd23, 0xfd23,
    0xfd23, 0xfd84, 0xff27, 0xffed, 0xfee7, 0xfc82, 0xfda4, 0xfde4, 0xff27, 0xfe25, 0xfd63, 0xff27,
    0xfc62, 0xfbc1, 0xfbe2, 0xfde5, 0xfe25, 0xfdc4, 0xfd43, 0xfba1, 0xfba1, 0xfbc1, 0xfc42, 0xfd23,
    0xfd23, 0xfce3, 0xfce3, 0xfc82, 0xfc22, 0xfc82, 0xfce3, 0xfbe1, 0xfc25, 0x73ae, 0x62ea, 0x6b2b,
    0x734b, 0x630a, 0x5aa9, 0x5aa9, 0x5aa9, 0x5aa9, 0x5aa9, 0x5aa9, 0x4207, 0x4207, 0x39a6, 0x4207,
    0x5aa8, 0x83ed, 0x83ed, 0x6b2a, 0x6b2a, 0x6b2a, 0x5ac9, 0x5a88, 0x5a88, 0x5aa8, 0x6b2a, 0x734a,
    0x83cc, 0x83cc, 0x83cc, 0x6b0a, 0x6b0a, 0x6b09, 0x62c9, 0x5268, 0x5267, 0x4a27, 0x3185, 0x3165,
    0x41c6, 0x4206, 0x5267, 0x5a88, 0x6ae9, 0x62e9, 0x62e9, 0x5a87, 0x5247, 0x39a5, 0x41c6, 0x39c6,
    0x39c6, 0x39a5, 0x39a5, 0x5247, 0x5247, 0x62c8, 0x62c8, 0x7329, 0x6b09, 0x62c8, 0x6ae9, 0x7b6a,
    0x8bcb, 0x8bcb, 0x83ab, 0x7b6a, 0x7b4a, 0x7b4a, 0x7b4a, 0x7b4a, 0x7b4a, 0x7b4a, 0x7b4a, 0x7b49,
    0x7b6a, 0x7b4a, 0x62a8, 0x6ae8, 0x6ae8, 0x6ae8, 0x6ae8, 0x7329, 0x7329, 0x6ae8, 0x6ac8, 0x6ae9,
    0x7309, 0x6ae8, 0x5a87, 0x5a67, 0x6ae9, 0x6ae8, 0x6ae8, 0x6ae8, 0x49c5, 0x5206, 0x5a67, 0x6287,
    0x6287, 0x6287, 0x6287, 0x6287, 0x6287, 0x6287, 0x6288, 0x6288, 0x6288, 0x6288, 0x6288, 0x6288,
    0x6288, 0x6288, 0x62a8, 0x6aa8, 0x5226, 0x5226, 0x5226, 0x49e6, 0x49e6, 0x49e6, 0x5206, 0x5226,
    0x5a47, 0x5a67, 0x5a67, 0x6267, 0x6267, 0x5a47, 0x5226, 0x5226, 0x5226, 0x5226, 0x5226, 0x5206,
    0x49e5, 0x49e5, 0x4a06, 0x5a47, 0x5a46, 0x5a67, 0x6267, 0x6267, 0x5a46, 0x5226, 0x5226, 0x5a67,
    0x5a47, 0x5a47, 0x5226, 0x41a5, 0x41c5, 0x49c5, 0x49c5, 0x49e6, 0x49e5, 0x49e5, 0x49e5, 0x49e5,
    0x49c5, 0x3984, 0x3964, 0x3964, 0x41a4, 0x3984, 0x3984, 0x3984, 0x49e5, 0x49e5, 0x3964, 0x3964,
    0x3984, 0x3964, 0x3164, 0x3164, 0x3144, 0x3164, 0x3964, 0x3964, 0x39a4, 0x41a5, 0x41a5, 0x41a5,
    0x3984, 0x41a4, 0x41a5, 0x41c5, 0x49e5, 0x49e5, 0x49e5, 0x49e5, 0x41a5, 0x41a5, 0x41a5, 0x5226,
    0x5a67, 0x6267, 0x5226, 0x5226, 0x5a67, 0x6287, 0x7b29, 0x836a, 0x7b49, 0x7b29, 0x7b49, 0x7b49,
    0x7b4a, 0x836a, 0x8bcb, 0x8bcb, 0x93cb, 0x8bcb, 0x93eb, 0xa44d, 0x93eb, 0x8bcb, 0x940c, 0x9c0c,
    0x8bcb, 0x8bcb, 0x940c, 0x734a, 0x5a88, 0x62e9, 0x3184, 0x39c5, 0x41e6, 0x41e6, 0x3185, 0x2944,
    0x2104, 0x2103, 0x2104, 0x2104, 0x2124, 0x3165, 0x4206, 0x41e6, 0x39a5, 0x3185, 0x2945, 0x2945,
    0x3185, 0x39c6, 0x5268, 0x5aa9, 0x5289, 0x736c, 0x9c90, 0x630b, 0x5aca, 0x5aeb, 0x630b, 0x4a49,
    0x4229, 0x4a6a, 0x8430, 0x630c, 0xd46e, 0xfba1, 0xfbc1, 0xfc02, 0xfc42, 0xfc42, 0xfc82, 0xfd43,
    0xfda4, 0xfe04, 0xfde4, 0xfd43, 0xfce3, 0xfbe1, 0xfc82, 0xff89, 0xffef, 0xffeb, 0xfe45, 0xfd63,
    0xfd63, 0xfe65, 0xfe65, 0xfdc4, 0xfba1, 0xfb81, 0xfbc1, 0xfc62, 0xfd23, 0xfe25, 0xffeb, 0xffeb,
    0xfec6, 0xfbe1, 0xfc01, 0xfde4, 0xfd23, 0xfc02, 0xfc62, 0xff27, 0xff88, 0xfcc2, 0xfbe2, 0xfc42,
    0xfc62, 0xfd63, 0xfd43, 0xfc02, 0xfbe1, 0xfbe1, 0xfce3, 0xffc9, 0xffe9, 0xfce3, 0xfce3, 0xfe05,
    0xfd24, 0xfc02, 0xfba1, 0xfc62, 0xfc45, 0x73ae, 0x62ea, 0x5aa9, 0x4207, 0x4207, 0x5aa9, 0x5aa9,
    0x5aa9, 0x5aa9, 0x5aa9, 0x5aa9, 0x4207, 0x4207, 0x4207, 0x5aa9, 0x630a, 0x83ed, 0x83ed, 0x6b2a,
    0x6b2a, 0x6b2a, 0x5ac9, 0x5a88, 0x5a88, 0x5aa8, 0x6b2a, 0x6b2a, 0x83cc, 0x83cc, 0x83cc, 0x6b0a,
    0x6b0a, 0x6b0a, 0x62c9, 0x5268, 0x5267, 0x5267, 0x62c8, 0x6b09, 0x4a47, 0x4206, 0x5267, 0x5a88,
    0x6ae9, 0x62e9, 0x62e9, 0x5a87, 0x5247, 0x39a5, 0x3145, 0x3144, 0x3144, 0x39a5, 0x39a5, 0x5247,
    0x5247, 0x62c8, 0x62c8, 0x7329, 0x6b09, 0x62c8, 0x6ae9, 0x7329, 0x6b09, 0x62c8, 0x7b4a, 0x7b6a,
    0x7b6a, 0x7b4a, 0x7b4a, 0x7b4a, 0x7b4a, 0x7b4a, 0x7b4a, 0x7b49, 0x7b6a, 0x83ab, 0x83ab, 0x838b,
    0x7309, 0x6ae8, 0x6ae8, 0x7329, 0x7329, 0x6ae8, 0x6ac8, 0x6ae9, 0x7309, 0x6ae8, 0x5a87, 0x5a67,
    0x5a67, 0x6287, 0x6ae8, 0x6ae8, 0x5206, 0x5a26, 0x5a67, 0x6287, 0x6287, 0x6287, 0x6287, 0x6287,
    0x6287, 0x6287, 0x6288, 0x6288, 0x6288, 0x6288, 0x6288, 0x6288, 0x6288, 0x6288, 0x6aa8, 0x5a46,
    0x5226, 0x5226, 0x5226, 0x49e6, 0x49e6, 0x49e6, 0x5206, 0x5a47, 0x5a67, 0x5a67, 0x6267, 0x6267,
    0x6267, 0x5a47, 0x5226, 0x5226, 0x5226, 0x5226, 0x5226, 0x5206, 0x49e5, 0x5206, 0x6267, 0x5a47,
    0x5a46, 0x5a67, 0x6287, 0x6267, 0x5a46, 0x5226, 0x5226, 0x5a67, 0x5a67, 0x5a47, 0x49c5, 0x41a5,
    0x41c5, 0x49c5, 0x49c5, 0x49e6, 0x49e5, 0x49e5, 0x49e5, 0x49e5, 0x41c5, 0x3984, 0x3964, 0x3964,
    0x41a4, 0x3984, 0x3984, 0x3984, 0x49e5, 0x49e5, 0x3964, 0x3964, 0x3984, 0x3964, 0x3164, 0x3164,
    0x3144, 0x3164, 0x3964, 0x3964, 0x39a4, 0x41a5, 0x41a5, 0x41a5, 0x3984, 0x41a4, 0x41a5, 0x41c5,
    0x49e5, 0x49e5, 0x49e5, 0x49e5, 0x41a5, 0x41a5, 0x41a5, 0x41c5, 0x49e5, 0x6267, 0x5226, 0x5226,
    0x6267, 0x6287, 0x7b29, 0x836a, 0x7b29, 0x7b29, 0x7b49, 0x7b49, 0x7b4a, 0x836a, 0x8bcb, 0x8bcb,
    0x93cb, 0x8bab, 0x93eb, 0xa46d, 0x8bab, 0x8bcb, 0x93eb, 0x940c, 0x8bcb, 0x8bcb, 0x940c, 0x6b09,
    0x5a88, 0x62e9, 0x3184, 0x39c5, 0x41e6, 0x41e6, 0x41e6, 0x5268, 0x3185, 0x2103, 0x2104, 0x2104,
    0x2124, 0x3165, 0x4206, 0x4a06, 0x5267, 0x41c6, 0x2945, 0x2945, 0x3185, 0x39c6, 0x5268, 0x5289,
    0x4a28, 0x83ee, 0x944f, 0x630b, 0x4a49, 0x52aa, 0x5aca, 0x4228, 0x4a6a, 0x5aeb, 0x73ae, 0x630c,
    0xd46e, 0xfba1, 0xfc62, 0xfc42, 0xfc42, 0xfc22, 0xfc22, 0xfbe1, 0xfdc4, 0xfd84, 0xfd63, 0xfd23,
    0xfce3, 0xfc82, 0xffc9, 0xffed, 0xfff0, 0xffed, 0xfe65, 0xfd63, 0xfd84, 0xffea, 0xffc9, 0xfdc4,
    0xfc42, 0xfba1, 0xfbc1, 0xfc02, 0xfc42, 0xfd84, 0xffec, 0xffed, 0xffea, 0xfca2, 0xfc01, 0xfc02,
    0xfbc1, 0xfc02, 0xfc02, 0xfcc2, 0xffeb, 0xfcc2, 0xfbe1, 0xfb61, 0xfc22, 0xfd03, 0xfda4, 0xfc62,
    0xfbe1, 0xfbe1, 0xfd03, 0xffa8, 0xffe9, 0xfc02, 0xfd84, 0xfe45, 0xff68, 0xffea, 0xfca2, 0xfc62,
    0xfc25, 0x73ae, 0x62ea, 0x5aa9, 0x4207, 0x39c7, 0x3186, 0x3186, 0x5aa9, 0x5aa9, 0x5aa9, 0x5aa9,
    0x4207, 0x4207, 0x4207, 0x5aa9, 0x6b4b, 0x6b4b, 0x6b4a, 0x6b4a, 0x6b2a, 0x6b2a, 0x5ac9, 0x5a88,
    0x5a88, 0x5aa9, 0x6b2a, 0x6b2a, 0x6b2a, 0x6b2a, 0x736b, 0x6b0a, 0x6b0a, 0x6b0a, 0x62c9, 0x5268,
    0x5268, 0x5267, 0x62c9, 0x6b09, 0x7b8b, 0x6ae9, 0x4206, 0x5a88, 0x6ae9, 0x62e9, 0x62e9, 0x5a88,
    0x5247, 0x39a5, 0x3145, 0x3144, 0x3144, 0x39a5, 0x39a5, 0x49e6, 0x5247, 0x62c8, 0x62c8, 0x7329,
    0x6b09, 0x62c8, 0x6ae9, 0x7329, 0x6b09, 0x62c8, 0x62c8, 0x62c8, 0x6ae9, 0x7b4a, 0x7b4a, 0x7b4a,
    0x7b4a, 0x7b4a, 0x7b4a, 0x7b4a, 0x7b6a, 0x83ab, 0x83ab, 0x83ab, 0x838a, 0x7329, 0x7309, 0x7329,
    0x7329, 0x6ae8, 0x6ac8, 0x6ae9, 0x7309, 0x6ae8, 0x5a87, 0x5a87, 0x5a67, 0x6287, 0x6ae8, 0x6ac8,
    0x5a26, 0x5a26, 0x5a67, 0x6287, 0x6287, 0x6287, 0x6287, 0x6287, 0x6287, 0x6288, 0x6288, 0x6288,
    0x6288, 0x6288, 0x6288, 0x6288, 0x6288, 0x62a8, 0x5a67, 0x5206, 0x5226, 0x5226, 0x5226, 0x49e6,
    0x49e6, 0x49e6, 0x5226, 0x5a67, 0x5a67, 0x5a67, 0x6267, 0x6267, 0x6267, 0x5a47, 0x5226, 0x5226,
    0x5226, 0x5226, 0x5226, 0x5206, 0x49e5, 0x6288, 0x6267, 0x5a47, 0x5a46, 0x5a67, 0x6287, 0x5a47,
    0x5226, 0x5226, 0x5226, 0x5a67, 0x5a67, 0x5206, 0x41a5, 0x41a5, 0x41c5, 0x49c5, 0x49e5, 0x49e6,
    0x49e5, 0x49e5, 0x49e5, 0x49e5, 0x3984, 0x3984, 0x3964, 0x3964, 0x41a4, 0x3984, 0x3984, 0x3984,
    0x49e5, 0x49e5, 0x3143, 0x3164, 0x3984, 0x3964, 0x3164, 0x3164, 0x3144, 0x3164, 0x3964, 0x3964,
    0x41a4, 0x41a5, 0x41a5, 0x41a5, 0x3984, 0x41a4, 0x41a5, 0x41c5, 0x49e5, 0x49e5, 0x49e5, 0x49e5,
    0x41a5, 0x41a5, 0x41a5, 0x41c5, 0x49e5, 0x4a06, 0x49e5, 0x5226, 0x6267, 0x6287, 0x7b29, 0x836a,
    0x7b29, 0x7b29, 0x836a, 0x7b49, 0x7b4a, 0x836a, 0x8bcb, 0x8bcb, 0x93cb, 0x838a, 0x93eb, 0x93eb,
    0x8bab, 0x8bcb, 0x8bcb, 0x940c, 0x838a, 0x8bcb, 0x940c, 0x6b09, 0x5aa8, 0x62e9, 0x3184, 0x39c5,
    0x41e6, 0x41e6, 0x41e6, 0x5268, 0x5a88, 0x5aa8, 0x3165, 0x2104, 0x2124, 0x3165, 0x4206, 0x4a06,
    0x5267, 0x5aa8, 0x5ac9, 0x39c6, 0x3165, 0x39c6, 0x5268, 0x5289, 0x4a28, 0x9470, 0x8c4f, 0x630b,
    0x5289, 0x528a, 0x5aca, 0x4a69, 0x5acb, 0x630c, 0x73ae, 0x6b6d, 0x8c51, 0xfca7, 0xfc62, 0xfc42,
    0xfd64, 0xfe86, 0xfd03, 0xfbe1, 0xfc22, 0xfd23, 0xfd43, 0xfd03, 0xfd84, 0xfe05, 0xffc9, 0xffeb,
    0xff07, 0xfe45, 0xfe25, 0xfda4, 0xfde4, 0xffea, 0xffea, 0xff07, 0xfd64, 0xfba1, 0xfbc1, 0xfbe1,
    0xfc42, 0xfea7, 0xff47, 0xfe45, 0xffea, 0xfd03, 0xfc82, 0xfc02, 0xfbc1, 0xfbc1, 0xfc02, 0xfce2,
    0xffed, 0xfda4, 0xfc82, 0xfb61, 0xfb81, 0xfc02, 0xfd23, 0xfc82, 0xfc42, 0xfc02, 0xfce3, 0xff68,
    0xff07, 0xfc62, 0xfd84, 0xffeb, 0xfff1, 0xffec, 0xfd23, 0xff58, 0xef3c, 0x7bae, 0x62ea, 0x5aa9,
    0x4207, 0x39c7, 0x3186, 0x3186, 0x3186, 0x4207, 0x4a48, 0x5aa9, 0x4207, 0x4207, 0x4207, 0x5aa9,
    0x6b4b, 0x6b4b, 0x6b4a, 0x6b2a, 0x62e9, 0x630a, 0x5ac9, 0x5a88, 0x5a88, 0x5aa9, 0x6b2a, 0x6b2a,
    0x6b2a, 0x6b2a, 0x6b2a, 0x6b0a, 0x62e9, 0x6b0a, 0x62e9, 0x5268, 0x5268, 0x5267, 0x62c9, 0x6b09,
    0x7bab, 0x6ae9, 0x41c6, 0x39a5, 0x3165, 0x5a88, 0x62e9, 0x5a88, 0x5247, 0x39a5, 0x3145, 0x3145,
    0x3144, 0x39c6, 0x39a5, 0x39a5, 0x39a5, 0x39a5, 0x62c8, 0x7329, 0x6b09, 0x62c8, 0x6ae9, 0x7329,
    0x6b09, 0x62c8, 0x62c8, 0x62c8, 0x6ae9, 0x7b4a, 0x7b4a, 0x7b4a, 0x7b4a, 0x7b4a, 0x7b4a, 0x7b4a,
    0x7b6a, 0x83ab, 0x83ab, 0x83ab, 0x838a, 0x7329, 0x7329, 0x7329, 0x7329, 0x6b09, 0x6ac8, 0x6ae9,
    0x7309, 0x6ae8, 0x5a87, 0x5a87, 0x5a67, 0x6287, 0x6ae8, 0x6ac8, 0x5a26, 0x5a27, 0x5a67, 0x6287,
    0x6287, 0x6287, 0x6287, 0x6287, 0x6287, 0x6288, 0x6288, 0x6288, 0x6288, 0x6288, 0x6288, 0x6288,
    0x6288, 0x5a67, 0x49e5, 0x5206, 0x5226, 0x5226, 0x5226, 0x49e6, 0x49e6, 0x5206, 0x5a67, 0x5a67,
    0x5a67, 0x5a67, 0x6267, 0x6267, 0x6267, 0x5a47, 0x5226, 0x5226, 0x5226, 0x5226, 0x5226, 0x5206,
    0x5a47, 0x6288, 0x6267, 0x5a47, 0x5a46, 0x6267, 0x5a67, 0x5226, 0x5226, 0x5226, 0x5226, 0x5a67,
    0x5a67, 0x41a5, 0x41a5, 0x41a5, 0x41c5, 0x49c5, 0x49e5, 0x49e6, 0x49e5, 0x49e5, 0x49e5, 0x41c5,
    0x3984, 0x3984, 0x3964, 0x3964, 0x41a4, 0x3984, 0x3984, 0x3984, 0x49e5, 0x49e5, 0x3143, 0x3143,
    0x3123, 0x3964, 0x3164, 0x3164, 0x3144, 0x3164, 0x3964, 0x3964, 0x41a4, 0x41a5, 0x41a5, 0x41a5,
    0x3984, 0x41a4, 0x41a5, 0x41c5, 0x49e5, 0x49e5, 0x49e5, 0x49e5, 0x41a5, 0x41a5, 0x41a5, 0x41c5,
    0x49e5, 0x4a06, 0x41c5, 0x41c5, 0x5226, 0x6287, 0x7b29, 0x836a, 0x7b29, 0x7b49, 0x8b8a, 0x7b4a,
    0x7b6a, 0x838a, 0x8bcb, 0x93cb, 0x8baa, 0x838a, 0x93eb, 0x8bcb, 0x8bab, 0x8bcb, 0x8bab, 0x940c,
    0x838a, 0x8bcb, 0x93ec, 0x6b09, 0x6ae9, 0x62c9, 0x2124, 0x39a5, 0x41e6, 0x41e6, 0x41e6, 0x5268,
    0x5288, 0x5a88, 0x4a27, 0x41e6, 0x2124, 0x3165, 0x4206, 0x4206, 0x5267, 0x5aa8, 0x5ac9, 0x6b2a,
    0x734a, 0x5268, 0x5268, 0x5289, 0x62eb, 0x946f, 0x840e, 0x630b, 0x5269, 0x4a49, 0x528a, 0x4229,
    0x5acb, 0x6b4d, 0x738e, 0x632c, 0x7bf0, 0x8431, 0xa514, 0xfd69, 0xffea, 0xfe86, 0xfd84, 0xfc82,
    0xfc02, 0xfda4, 0xff07, 0xfe86, 0xfd84, 0xffa8, 0xffed, 0xffe9, 0xfe25, 0xfcc3, 0xfc62, 0xfd03,
    0xfe25, 0xfee6, 0xffea, 0xff07, 0xfd84, 0xfc02, 0xfbe1, 0xfbe1, 0xfbe1, 0xfc42, 0xfda4, 0xfe45,
    0xfd43, 0xfc42, 0xfc42, 0xfc02, 0xfbe1, 0xfbe1, 0xfc02, 0xfd23, 0xffec, 0xfd63, 0xfc82, 0xfc42,
    0xfce3, 0xfc62, 0xfc42, 0xfbe1, 0xfc02, 0xfc02, 0xfbc1, 0xfbc1, 0xfe05, 0xfd64, 0xfda4, 0xff48,
    0xfff1, 0xfff2, 0xff27, 0xfff9, 0xe73c, 0x73ae, 0x5aea, 0x5aa9, 0x4207, 0x39c7, 0x3186, 0x3186,
    0x3186, 0x4207, 0x4207, 0x4207, 0x4207, 0x4207, 0x4207, 0x5aa9, 0x6b4b, 0x6b4a, 0x6b2a, 0x6b2a,
    0x62e9, 0x5a88, 0x5a88, 0x5a88, 0x5a88, 0x5aa9, 0x6b2a, 0x6b2a, 0x6b2a, 0x6b2a, 0x6b2a, 0x6b0a,
    0x62e9, 0x5288, 0x5288, 0x5268, 0x5268, 0x5267, 0x62c9, 0x6b09, 0x7bab, 0x6b09, 0x41c6, 0x39a5,
    0x3165, 0x3185, 0x39c6, 0x41e6, 0x5247, 0x39a5, 0x3145, 0x3145, 0x3144, 0x39c6, 0x39a5, 0x39a5,
    0x39a5, 0x39a5, 0x39a5, 0x8bec, 0x7b6a, 0x62c8, 0x6ae9, 0x7329, 0x6b09, 0x62c8, 0x62c8, 0x62c8,
    0x6ae9, 0x7b6a, 0x7b4a, 0x7b4a, 0x7329, 0x6b09, 0x7b4a, 0x7b4a, 0x7b6a, 0x83ab, 0x83ab, 0x83ab,
    0x838a, 0x7329, 0x7329, 0x7329, 0x7329, 0x7329, 0x7329, 0x7309, 0x7309, 0x6ae8, 0x5a87, 0x5a87,
    0x5a67, 0x6287, 0x6ae8, 0x6ac8, 0x5a26, 0x5a27, 0x5a67, 0x6287, 0x6287, 0x6287, 0x6287, 0x6287,
    0x6287, 0x6288, 0x6288, 0x6288, 0x6288, 0x6288, 0x6288, 0x6288, 0x6288, 0x49e5, 0x49e5, 0x5206,
    0x5226, 0x5226, 0x5226, 0x49e6, 0x49e6, 0x5a67, 0x5a67, 0x5a67, 0x5a67, 0x6267, 0x6267, 0x6267,
    0x6267, 0x5a47, 0x5a26, 0x5226, 0x5226, 0x5226, 0x5226, 0x5226, 0x6aa8, 0x6288, 0x6267, 0x5a47,
    0x5a46, 0x6267, 0x5a26, 0x5226, 0x5226, 0x5226, 0x5226, 0x5a67, 0x41a5, 0x41a5, 0x41a5, 0x41a5,
    0x41c5, 0x49e5, 0x4a06, 0x49e6, 0x49e6, 0x49e5, 0x49e5, 0x41c5, 0x3984, 0x3984, 0x3984, 0x3964,
    0x41a4, 0x3984, 0x3984, 0x3984, 0x49e5, 0x49e5, 0x3143, 0x3143, 0x3123, 0x3143, 0x3143, 0x3164,
    0x3144, 0x3164, 0x3964, 0x3964, 0x41a4, 0x41a5, 0x41a5, 0x41a5, 0x3984, 0x41a4, 0x41a5, 0x41a5,
    0x49e5, 0x49e5, 0x49e5, 0x49e5, 0x41a5, 0x41a5, 0x41a5, 0x41c5, 0x49e5, 0x4a06, 0x41c5, 0x41c5,
    0x4a06, 0x5206, 0x72e8, 0x836a, 0x7b29, 0x7b4a, 0x8b8a, 0x7b4a, 0x7b6a, 0x8bab, 0x8bcb, 0x93cb,
    0x838a, 0x838a, 0x93eb, 0x8bab, 0x8bab, 0x8bcb, 0x8bab, 0x940c, 0x7b6a, 0x8bcb, 0x93ec, 0x6b09,
    0x734a, 0x62c9, 0x2124, 0x3164, 0x39a5, 0x41e6, 0x41e6, 0x5267, 0x5288, 0x5a88, 0x4a27, 0x41e6,
    0x3185, 0x3165, 0x41c6, 0x4206, 0x5247, 0x5aa8, 0x5ac9, 0x6b2a, 0x734a, 0x62e9, 0x6309, 0x5aca,
    0x62eb, 0x946f, 0x840e, 0x6b2b, 0x4a28, 0x528a, 0x4a49, 0x5aeb, 0x5acb, 0x6b4c, 0x738e, 0x5aeb,
    0x7bf0, 0x9492, 0x9cd3, 0x9492, 0x632d, 0xfeaf, 0xfe66, 0xfc82, 0xfc02, 0xfc22, 0xfe45, 0xfe25,
    0xfe05, 0xfe45, 0xffeb, 0xff88, 0xfc02, 0xfbc1, 0xfc82, 0xfce2, 0xfd43, 0xfe65, 0xffea, 0xffea,
    0xfe05, 0xfc42, 0xfbe1, 0xfbc1, 0xfbc1, 0xfc42, 0xfc82, 0xfc02, 0xfbe1, 0xfc42, 0xfc42, 0xfc62,
    0xfc02, 0xfc02, 0xfc62, 0xfe25, 0xffec, 0xfcc2, 0xfc82, 0xfc82, 0xfce3, 0xfd23, 0xfc02, 0xfbc1,
    0xfc02, 0xfc82, 0xfce3, 0xfbc1, 0xfc22, 0xfe25, 0xff68, 0xfe25, 0xfe45, 0xfee6, 0xfe66, 0xff35,
    0xe71c, 0x7bae, 0x6b4b, 0x6b4b, 0x4207, 0x39c7, 0x3186, 0x3186, 0x3186, 0x4207, 0x4207, 0x4207,
    0x4207, 0x4207, 0x4207, 0x5aa9, 0x6b4b, 0x6b2a, 0x6b2a, 0x6b2a, 0x62e9, 0x5a88, 0x5a88, 0x5a88,
    0x41e7, 0x4207, 0x6b2a, 0x6b2a, 0x6b2a, 0x6b2a, 0x6b2a, 0x6b0a, 0x62e9, 0x5288, 0x5288, 0x5268,
    0x62c9, 0x62c9, 0x62c9, 0x6b09, 0x7bab, 0x6b09, 0x41c6, 0x39a5, 0x3165, 0x3185, 0x39c6, 0x39c6,
    0x39c6, 0x4a26, 0x3985, 0x3145, 0x3144, 0x39c6, 0x39a5, 0x39a5, 0x39a5, 0x39a5, 0x39a5, 0x8bec,
    0x83cb, 0x7329, 0x7329, 0x7329, 0x6b09, 0x62c8, 0x62c8, 0x62c8, 0x6ae9, 0x7b6a, 0x7b4a, 0x7b4a,
    0x7329, 0x6b09, 0x6b09, 0x6b09, 0x7b4a, 0x83ab, 0x83ab, 0x83ab, 0x838b, 0x7329, 0x7329, 0x7329,
    0x7329, 0x7329, 0x7329, 0x7329, 0x7309, 0x7309, 0x6ac8, 0x5a87, 0x5a67, 0x6287, 0x6ae8, 0x6ac8,
    0x5a26, 0x5a27, 0x5a67, 0x6287, 0x6287, 0x6287, 0x6287, 0x6287, 0x6288, 0x6288, 0x6288, 0x6288,
    0x6288, 0x6288, 0x6288, 0x6288, 0x49e5, 0x49e5, 0x49e5, 0x5206, 0x5226, 0x5226, 0x5226, 0x49e6,
    0x5a46, 0x5a67, 0x5a67, 0x5a67, 0x5a67, 0x6267, 0x6267, 0x6267, 0x6267, 0x5a47, 0x5a26, 0x5226,
    0x5226, 0x5226, 0x5226, 0x6aa8, 0x6aa8, 0x6288, 0x6267, 0x5a47, 0x5a46, 0x5a46, 0x5a26, 0x5226,
    0x5226, 0x5226, 0x5226, 0x49e5, 0x41a5, 0x41a5, 0x41a5, 0x41a5, 0x41c5, 0x5206, 0x4a06, 0x49e6,
    0x49e6, 0x49e5, 0x49e5, 0x41c5, 0x3984, 0x3984, 0x3984, 0x3984, 0x41a4, 0x3984, 0x3984, 0x41a5,
    0x49e5, 0x49e5, 0x3143, 0x3143, 0x3123, 0x3143, 0x3143, 0x3164, 0x3164, 0x3164, 0x3964, 0x3964,
    0x41a4, 0x41a5, 0x41a5, 0x41a5, 0x3984, 0x41a4, 0x41a5, 0x41a5, 0x41c5, 0x41c5, 0x49e5, 0x49e5,
    0x41a5, 0x41a5, 0x41a5, 0x41c5, 0x49e5, 0x4a06, 0x41c5, 0x41c5, 0x4a06, 0x5206, 0x72e8, 0x838a,
    0x7b29, 0x836a, 0x8baa, 0x7b4a, 0x836a, 0x8bcb, 0x8bcb, 0x8bab, 0x838a, 0x838a, 0x93ec, 0x8bab,
    0x8bab, 0x93eb, 0x8bab, 0x8bcb, 0x7b4a, 0x8bab, 0x940c, 0x734a, 0x734a, 0x5ac8, 0x2124, 0x3164,
    0x39a5, 0x41e6, 0x41e6, 0x5267, 0x5288, 0x5a88, 0x4a27, 0x41e6, 0x3185, 0x3165, 0x3185, 0x3185,
    0x4a27, 0x5aa8, 0x5aa8, 0x6b2a, 0x734a, 0x62e9, 0x6309, 0x5aca, 0x7bad, 0x946f, 0x840e, 0x62eb,
    0x4a49, 0x528a, 0x4a49, 0x738d, 0x528a, 0x630c, 0x6b4d, 0x5acb, 0x73af, 0x9492, 0x9492, 0x7bd0,
    0x632d, 0xad55, 0xc638, 0xfc89, 0xfba1, 0xfc22, 0xfd23, 0xfd63, 0xfd84, 0xfe45, 0xfe45, 0xfd23,
    0xfc02, 0xfbc1, 0xfbe1, 0xfc42, 0xfd43, 0xfe45, 0xff88, 0xff88, 0xfe05, 0xfd23, 0xfce3, 0xfbe1,
    0xfbc1, 0xfbe1, 0xfc02, 0xfc02, 0xfba1, 0xfba1, 0xfcc2, 0xfc62, 0xfca2, 0xfce3, 0xfd43, 0xfe25,
    0xfc82, 0xfc02, 0xfc82, 0xfce3, 0xfe05, 0xffea, 0xfc02, 0xfba1, 0xfca2, 0xfd43, 0xfd23, 0xfcc2,
    0xfce3, 0xfe25, 0xffea, 0xffc9, 0xfec6, 0xfee6, 0xfce3, 0xfe74, 0xe73c, 0x7bae, 0x6b4b, 0x6b4b,
    0x6b4b, 0x7bac, 0x3186, 0x3186, 0x3186, 0x4207, 0x4207, 0x4207, 0x4207, 0x4207, 0x4207, 0x4a48,
    0x5aa8, 0x6b2a, 0x6b2a, 0x6b2a, 0x62e9, 0x5a88, 0x5a88, 0x5a88, 0x41e7, 0x4207, 0x5a88, 0x5a88,
    0x62e9, 0x6b2a, 0x6b2a, 0x6b2a, 0x62e9, 0x5288, 0x5288, 0x5268, 0x62c9, 0x6b09, 0x6b09, 0x6b09,
    0x7bab, 0x6b09, 0x41c6, 0x39a5, 0x3165, 0x3985, 0x39c6, 0x39c6, 0x39c6, 0x4a26, 0x5247, 0x62e9,
    0x5247, 0x39c6, 0x39c6, 0x39a5, 0x39a5, 0x39a5, 0x39a5, 0x8bec, 0x83cb, 0x7329, 0x7329, 0x7329,
    0x7329, 0x6ae9, 0x62c8, 0x62c8, 0x6ae9, 0x7b6a, 0x7b4a, 0x7b4a, 0x7329, 0x6b09, 0x6b09, 0x6b09,
    0x7309, 0x7b49, 0x7349, 0x83ab, 0x83ab, 0x7329, 0x7329, 0x7329, 0x7329, 0x7329, 0x7329, 0x7329,
    0x7309, 0x7309, 0x7309, 0x7309, 0x7309, 0x6ac8, 0x6ae8, 0x6ac8, 0x5a27, 0x5a27, 0x6267, 0x6287,
    0x6287, 0x6287, 0x5a47, 0x6287, 0x6288, 0x6288, 0x6288, 0x6288, 0x6288, 0x6288, 0x6288, 0x49e5,
    0x49e5, 0x49e5, 0x49e5, 0x5206, 0x5226, 0x5226, 0x5226, 0x5206, 0x5a67, 0x5a67, 0x5a67, 0x5a67,
    0x5a67, 0x6267, 0x6267, 0x6267, 0x6267, 0x5a47, 0x5a26, 0x5226, 0x5226, 0x5226, 0x6267, 0x6aa8,
    0x6aa8, 0x6288, 0x6267, 0x5a47, 0x5a46, 0x5a46, 0x5a26, 0x5a26, 0x5226, 0x5226, 0x5206, 0x41c5,
    0x41c5, 0x41a5, 0x41a5, 0x41a5, 0x49e5, 0x5206, 0x4a06, 0x49e6, 0x49e6, 0x49e5, 0x49e5, 0x41c5,
    0x3984, 0x3984, 0x3984, 0x41a5, 0x41a5, 0x4184, 0x3984, 0x49e5, 0x49e5, 0x49e5, 0x3143, 0x3143,
    0x3123, 0x3143, 0x3143, 0x3164, 0x3964, 0x3984, 0x3964, 0x3964, 0x41a4, 0x41a5, 0x41a5, 0x41a5,
    0x39a4, 0x41a4, 0x41a5, 0x41a5, 0x41c5, 0x41c5, 0x49e5, 0x49e5, 0x41a5, 0x41a5, 0x41a5, 0x41c5,
    0x49e5, 0x4a06, 0x41c5, 0x41c5, 0x4a06, 0x5206, 0x72e8, 0x838a, 0x7b29, 0x93cb, 0x8baa, 0x7b4a,
    0x8b8a, 0x8bcb, 0x8bcb, 0x8b8a, 0x838a, 0x838a, 0x93ec, 0x8bab, 0x8bcb, 0x93eb, 0x8bab, 0x838a,
    0x7b4a, 0x8bcb, 0x940c, 0x83ab, 0x732a, 0x5ac8, 0x2124, 0x3164, 0x39a5, 0x41e6, 0x41e6, 0x5267,
    0x4a27, 0x5a88, 0x4a27, 0x41e6, 0x3185, 0x3165, 0x3185, 0x3185, 0x39c6, 0x4a27, 0x5aa8, 0x6b2a,
    0x6b4a, 0x62e9, 0x6309, 0x5aaa, 0x8c2e, 0x946f, 0x7bcd, 0x52aa, 0x4a49, 0x5289, 0x4a49, 0x738d,
    0x4a49, 0x5acb, 0x5acb, 0x630c, 0x8c51, 0x5aed, 0x8431, 0x7bd0, 0x7bd0, 0xad75, 0xc638, 0xad55,
    0xa514, 0xfcef, 0xfc22, 0xfd63, 0xfd63, 0xfd23, 0xfd23, 0xfd23, 0xfc02, 0xfbe1, 0xfc01, 0xfc82,
    0xfcc2, 0xfcc2, 0xff88, 0xff27, 0xfda4, 0xfd43, 0xfce3, 0xfc22, 0xfc02, 0xfc62, 0xfc02, 0xfbc1,
    0xfbc1, 0xfbc1, 0xfcc2, 0xfd63, 0xfd43, 0xfd03, 0xfd23, 0xfd23, 0xfcc2, 0xfc02, 0xfbe1, 0xfbe1,
    0xfd64, 0xffea, 0xfe05, 0xfcc2, 0xfca2, 0xfe05, 0xff88, 0xfe86, 0xfce3, 0xff27, 0xffeb, 0xffe9,
    0xfde5, 0xfc42, 0xfc02, 0xfe74, 0xe73c, 0x73ae, 0x6b4b, 0x6b2b, 0x6b4b, 0x7b8c, 0x83ed, 0x736c,
    0x5aa9, 0x4207, 0x4207, 0x4207, 0x4207, 0x4207, 0x41e7, 0x4a48, 0x5aa8, 0x6b2a, 0x6b2a, 0x5ac9,
    0x62e9, 0x5a88, 0x5a88, 0x5a88, 0x41e7, 0x4207, 0x5a88, 0x5a88, 0x5a88, 0x5a88, 0x5aa8, 0x6b2a,
    0x62e9, 0x5288, 0x5288, 0x5288, 0x62c9, 0x6b09, 0x6b09, 0x6b09, 0x7bab, 0x732a, 0x4206, 0x39a5,
    0x3165, 0x3985, 0x39c6, 0x39c6, 0x39c6, 0x4a26, 0x5247, 0x62e9, 0x62e9, 0x62c8, 0x62c8, 0x39a5,
    0x39a5, 0x39a5, 0x39a5, 0x8bec, 0x83cb, 0x7329, 0x7329, 0x7329, 0x7329, 0x7329, 0x7329, 0x7b6a,
    0x6ae9, 0x7b6a, 0x7b6a, 0x7b4a, 0x7329, 0x6b09, 0x6b09, 0x6b09, 0x7309, 0x7b49, 0x7349, 0x83ab,
    0x83ab, 0x7329, 0x7329, 0x7329, 0x7329, 0x7329, 0x7329, 0x7329, 0x7309, 0x7309, 0x7309, 0x7309,
    0x7309, 0x6ae9, 0x6ae8, 0x6ac8, 0x5a27, 0x5a27, 0x6267, 0x6287, 0x6287, 0x5a47, 0x5a47, 0x6288,
    0x6288, 0x6288, 0x6288, 0x6288, 0x6288, 0x6288, 0x5a47, 0x49e5, 0x49e5, 0x49e5, 0x49e5, 0x5206,
    0x5226, 0x5226, 0x5226, 0x5a67, 0x5a67, 0x5a67, 0x5a67, 0x5a67, 0x6267, 0x6267, 0x6267, 0x6267,
    0x6267, 0x5a47, 0x5a26, 0x5226, 0x5226, 0x5a47, 0x6aa8, 0x6aa8, 0x6aa8, 0x6288, 0x6267, 0x5a47,
    0x5a46, 0x5a46, 0x5a26, 0x5a26, 0x5226, 0x5226, 0x49e6, 0x41c5, 0x41c5, 0x41a5, 0x41a5, 0x41c5,
    0x5206, 0x5206, 0x4a06, 0x49e6, 0x49e6, 0x49e5, 0x49e5, 0x41c5, 0x3984, 0x3984, 0x41a5, 0x41a5,
    0x41a5, 0x4184, 0x41a5, 0x49e5, 0x49e5, 0x49e5, 0x3143, 0x3143, 0x3123, 0x3143, 0x3143, 0x3164,
    0x3964, 0x3984, 0x3984, 0x3984, 0x41a4, 0x41a5, 0x41a5, 0x41a5, 0x39a4, 0x41a4, 0x41a5, 0x41a5,
    0x41c5, 0x41c5, 0x49e5, 0x4a06, 0x5206, 0x41c5, 0x41a5, 0x41c5, 0x49e5, 0x4a06, 0x41c5, 0x49c5,
    0x4a06, 0x5206, 0x7308, 0x838a, 0x838a, 0x93cb, 0x8baa, 0x7b4a, 0x8bab, 0x8bcb, 0x8bcb, 0x8baa,
    0x838a, 0x838a, 0x93ec, 0x8bab, 0x93eb, 0x93eb, 0x8bab, 0x7b4a, 0x7b4a, 0x93eb, 0x940c, 0x83ab,
    0x732a, 0x5aa8, 0x2944, 0x3164, 0x39a5, 0x41e6, 0x41e6, 0x5267, 0x4a27, 0x4a26, 0x4a27, 0x41e6,
    0x3185, 0x3165, 0x3185, 0x3185, 0x39c6, 0x4a27, 0x4a27, 0x5a88, 0x6b4a, 0x62e9, 0x62e9, 0x630a,
    0x8c2e, 0x944f, 0x738c, 0x52aa, 0x5aca, 0x5289, 0x4a29, 0x840f, 0x4a49, 0x528a, 0x5acb, 0x6b4d,
    0x8c51, 0x5aec, 0x630d, 0x6b4e, 0x7bd0, 0xa534, 0xc618, 0xa514, 0xa514, 0xad75, 0xa514, 0xfc48,
    0xfd23, 0xfd23, 0xfd03, 0xfd23, 0xfca2, 0xfbe1, 0xfc02, 0xfc82, 0xfcc2, 0xfcc2, 0xfd03, 0xfc82,
    0xfcc2, 0xfde4, 0xfec6, 0xfe05, 0xfc02, 0xfc82, 0xfc22, 0xfbc1, 0xfbc1, 0xfc02, 0xffa8, 0xfe25,
    0xfd63, 0xfe04, 0xfe05, 0xfd23, 0xfd03, 0xfc62, 0xfbe1, 0xfbe1, 0xfc82, 0xfd23, 0xfdc4, 0xfcc2,
    0xfde4, 0xff68, 0xffe9, 0xff68, 0xfc82, 0xfda4, 0xffeb, 0xffeb, 0xfe25, 0xfd03, 0xfc02, 0xfe13,
    0xe71c, 0x73ae, 0x6b2b, 0x6b2b, 0x6b2b, 0x7b8c, 0x83ed, 0x736c, 0x6b4b, 0x6b4b, 0x5ac9, 0x4207,
    0x41e7, 0x41e7, 0x41e7, 0x4a48, 0x5a88, 0x6b2a, 0x6b2a, 0x5a88, 0x5a88, 0x5a88, 0x5a88, 0x5a88,
    0x41e7, 0x4207, 0x5a88, 0x5a88, 0x5a88, 0x5a88, 0x5a88, 0x5288, 0x4a47, 0x4a47, 0x5288, 0x5288,
    0x62e9, 0x6b09, 0x6b09, 0x6b09, 0x7bab, 0x732a, 0x5267, 0x4a06, 0x3165, 0x3985, 0x39c6, 0x39c6,
    0x39c6, 0x4a26, 0x5247, 0x62e9, 0x62e9, 0x62c8, 0x62c8, 0x7b6a, 0x7b6a, 0x5247, 0x39a5, 0x8bec,
    0x83cb, 0x7329, 0x7329, 0x7329, 0x7329, 0x7329, 0x7329, 0x7b6a, 0x7b6a, 0x7b6a, 0x7b6a, 0x7b4a,
    0x7329, 0x6b09, 0x6b09, 0x6b09, 0x7309, 0x7b4a, 0x7b49, 0x83ab, 0x83ab, 0x7329, 0x7329, 0x6ae8,
    0x7309, 0x7329, 0x7329, 0x7329, 0x7329, 0x7309, 0x7309, 0x7309, 0x7309, 0x6ae9, 0x6ae8, 0x6ae8,
    0x5a27, 0x5a27, 0x6267, 0x6287, 0x5a67, 0x5a47, 0x5a47, 0x6288, 0x6288, 0x6288, 0x6288, 0x6288,
    0x6288, 0x6267, 0x5226, 0x49e5, 0x49e5, 0x49e5, 0x49e6, 0x5206, 0x5226, 0x5226, 0x5a67, 0x5a67,
    0x5a67, 0x5a67, 0x5a67, 0x5a67, 0x6267, 0x6267, 0x6267, 0x6267, 0x6267, 0x5a47, 0x5a26, 0x5226,
    0x5226, 0x6aa8, 0x6aa8, 0x6aa8, 0x6aa8, 0x6288, 0x6267, 0x5a47, 0x5a47, 0x5a46, 0x5a26, 0x5a26,
    0x5226, 0x5206, 0x49e6, 0x41c5, 0x41c5, 0x41a5, 0x41a5, 0x5206, 0x5206, 0x5206, 0x4a06, 0x49e6,
    0x49e6, 0x49e5, 0x49e5, 0x41c5, 0x3984, 0x41a5, 0x41a5, 0x41a5, 0x41a5, 0x4184, 0x49e5, 0x49e5,
    0x49e5, 0x49e5, 0x3143, 0x3143, 0x3123, 0x3143, 0x3143, 0x3164, 0x3984, 0x3984, 0x3984, 0x3984,
    0x41a4, 0x41a5, 0x41a5, 0x41a5, 0x39a4, 0x41a4, 0x41a5, 0x41a5, 0x41c5, 0x41c5, 0x49e5, 0x4a06,
    0x5206, 0x5206, 0x49e5, 0x41c5, 0x4a06, 0x4a06, 0x41c5, 0x49c5, 0x4a06, 0x5206, 0x7308, 0x838a,
    0x8bcb, 0x93cb, 0x8baa, 0x838a, 0x8bab, 0x8bcb, 0x8bcb, 0x8baa, 0x838a, 0x83aa, 0x93ec, 0x8bab,
    0x940c, 0x93eb, 0x8bab, 0x7b4a, 0x7b4a, 0x940c, 0x940c, 0x83ab, 0x6b09, 0x62c8, 0x41c6, 0x39a5,
    0x39a5, 0x41e6, 0x41e6, 0x5267, 0x4a27, 0x4a06, 0x4a27, 0x4a27, 0x41e6, 0x3165, 0x3185, 0x3185,
    0x39c6, 0x4a27, 0x4a27, 0x5a88, 0x5aa8, 0x5268, 0x62e9, 0x6b4b, 0x8c2e, 0x944f, 0x736c, 0x630b,
    0x5aca, 0x4208, 0x52aa, 0x840f, 0x4a29, 0x528a, 0x4209, 0x73ae, 0x9492, 0xb596, 0x630d, 0x738f,
    0x8c72, 0xbdd6, 0xc618, 0x7bf0, 0x9492, 0xa514, 0x9cf3, 0xa514, 0xd6ba, 0xfdf1, 0xfce3, 0xfd23,
    0xfca2, 0xfc22, 0xfc22, 0xfc82, 0xfc62, 0xfc42, 0xfca2, 0xfc82, 0xfc82, 0xfd03, 0xfec6, 0xfec6,
    0xfe65, 0xfd84, 0xfc22, 0xfbc1, 0xfc02, 0xfde5, 0xffa8, 0xffee, 0xfe45, 0xfe45, 0xfe05, 0xfd84,
    0xfe65, 0xfc62, 0xfbe1, 0xfb81, 0xfb81, 0xfd23, 0xfd23, 0xfd43, 0xfea6, 0xff68, 0xffeb, 0xfec6,
    0xfc42, 0xfda4, 0xfe04, 0xfd43, 0xfea6, 0xfd63, 0xff27, 0xff15, 0xe71c, 0x73ae, 0x6b2b, 0x6b2b,
    0x6b2b, 0x738c, 0x83ed, 0x736c, 0x6b4b, 0x6b4b, 0x62ea, 0x5aa9, 0x5aa9, 0x41e7, 0x41e7, 0x4a48,
    0x5a88, 0x6b2a, 0x6b2a, 0x5a88, 0x5a88, 0x5a88, 0x4a27, 0x41e7, 0x41e7, 0x4207, 0x5a88, 0x5288,
    0x5288, 0x5288, 0x5a88, 0x5288, 0x4a47, 0x41e6, 0x4a07, 0x5288, 0x62e9, 0x6b09, 0x6b09, 0x6b09,
    0x7bab, 0x732a, 0x5267, 0x4a06, 0x3165, 0x41e6, 0x5267, 0x41e6, 0x39c6, 0x4a27, 0x5247, 0x62e9,
    0x62e9, 0x62e9, 0x62c8, 0x7b6a, 0x7b6a, 0x7b6a, 0x7b6a, 0x8bec, 0x83cb, 0x7329, 0x7329, 0x7329,
    0x7329, 0x7329, 0x7329, 0x7b6a, 0x7b6a, 0x7b6a, 0x734a, 0x7309, 0x6b09, 0x6b09, 0x6b09, 0x6b09,
    0x7309, 0x7b4a, 0x7b49, 0x83ab, 0x83ab, 0x7329, 0x7329, 0x6ae8, 0x6ae8, 0x6ae8, 0x6ae9, 0x7329,
    0x7329, 0x7309, 0x7309, 0x7309, 0x7309, 0x6ae9, 0x6ae8, 0x6ae8, 0x5a27, 0x5a47, 0x6267, 0x6267,
    0x5a47, 0x5a47, 0x5a47, 0x6288, 0x6288, 0x6288, 0x6288, 0x6288, 0x6288, 0x5226, 0x5226, 0x49e5,
    0x49e5, 0x49e5, 0x49e6, 0x5206, 0x5226, 0x5a47, 0x5a67, 0x5a67, 0x5a67, 0x5a67, 0x5a67, 0x6267,
    0x6267, 0x6267, 0x6267, 0x6267, 0x6267, 0x5a47, 0x5a26, 0x5a26, 0x6aa8, 0x6aa8, 0x6aa8, 0x6aa8,
    0x6aa8, 0x62a8, 0x6267, 0x5a47, 0x5a47, 0x5a46, 0x5a26, 0x5a26, 0x5226, 0x4a06, 0x49e6, 0x41c5,
    0x41c5, 0x41a5, 0x49e5, 0x5206, 0x5206, 0x5206, 0x5206, 0x49e6, 0x49e6, 0x49e5, 0x49e5, 0x41c5,
    0x41a5, 0x41c5, 0x41a5, 0x41a5, 0x41a5, 0x41c5, 0x49e5, 0x49e5, 0x49e5, 0x49e5, 0x3143, 0x3143,
    0x3123, 0x3143, 0x3143, 0x3164, 0x3984, 0x3984, 0x3984, 0x3984, 0x41a4, 0x41a5, 0x41a5, 0x41a5,
    0x39a4, 0x41a4, 0x41a5, 0x41a5, 0x41c5, 0x41c5, 0x49e5, 0x4a06, 0x5206, 0x5206, 0x49e5, 0x49e5,
    0x4a06, 0x4a06, 0x41c5, 0x49c5, 0x4a06, 0x5206, 0x7309, 0x8baa, 0x9c0c, 0x93cb, 0x8baa, 0x8bab,
    0x8bab, 0x8bcb, 0x93cb, 0x8baa, 0x838a, 0x8baa, 0x93eb, 0x93eb, 0x940c, 0x93eb, 0x8bab, 0x7b4a,
    0x83aa, 0x940c, 0x940c, 0x7b8b, 0x62e9, 0x62c9, 0x41c6, 0x39a5, 0x3185, 0x3185, 0x41e6, 0x5267,
    0x4a27, 0x4a06, 0x4a27, 0x4a27, 0x4206, 0x39c5, 0x3185, 0x3185, 0x39c6, 0x4a27, 0x4a27, 0x5a88,
    0x5aa8, 0x5247, 0x39c6, 0x62ca, 0x8c0e, 0x840e, 0x6b2b, 0x630b, 0x5aca, 0x4208, 0x52aa, 0x83ef,
    0x4229, 0x4a49, 0x4a49, 0x7bce, 0x9cd3, 0xb596, 0xb5b6, 0x8c71, 0xad75, 0xb596, 0x9cd3, 0x7bf0,
    0x9492, 0xa514, 0xad75, 0xa514, 0xd69a, 0xc618, 0xb5b6, 0xfd0c, 0xfda4, 0xfc22, 0xfc42, 0xfba1,
    0xfc02, 0xfc42, 0xfc42, 0xfc22, 0xfc42, 0xfd03, 0xfda4, 0xfda4, 0xfe05, 0xfd84, 0xfce3, 0xfc82,
    0xfc82, 0xfea7, 0xffef, 0xfff0, 0xfe45, 0xfda4, 0xfd63, 0xfd84, 0xfe65, 0xfe86, 0xfd23, 0xfbc1,
    0xfb81, 0xfbc1, 0xfc02, 0xfd43, 0xff27, 0xffeb, 0xffec, 0xfec6, 0xfbe1, 0xfc01, 0xfc82, 0xfd43,
    0xfc02, 0xfc02, 0xfe05, 0xfed4, 0xce59, 0x73ae, 0x4a69, 0x41e7, 0x5ac9, 0x738c, 0x83ed, 0x736c,
    0x6b4b, 0x6b4b, 0x62ea, 0x5aa9, 0x5aa9, 0x5aa8, 0x3186, 0x4a27, 0x5a88, 0x6b2a, 0x6b2a, 0x5a88,
    0x5a88, 0x5a88, 0x4a27, 0x41e7, 0x41e7, 0x4207, 0x5288, 0x5288, 0x5288, 0x5288, 0x5a88, 0x5288,
    0x4a47, 0x41e6, 0x4a07, 0x5288, 0x5268, 0x5268, 0x6b09, 0x6b09, 0x83ab, 0x732a, 0x5267, 0x4a06,
    0x3165, 0x41e6, 0x5267, 0x5267, 0x5267, 0x5a88, 0x5247, 0x62e9, 0x62e9, 0x62e9, 0x62c8, 0x7b6a,
    0x7b6a, 0x7b6a, 0x7b6a, 0x8c0c, 0x8bec, 0x8bec, 0x7b6a, 0x7329, 0x7329, 0x7329, 0x732a, 0x7b6a,
    0x7b6a, 0x7b6a, 0x734a, 0x7309, 0x6b09, 0x6b09, 0x6b09, 0x6b09, 0x7309, 0x7b4a, 0x7b49, 0x83ab,
    0x83ab, 0x7329, 0x7329, 0x6ae8, 0x6ae8, 0x6ae8, 0x6ae8, 0x6ae8, 0x6ac8, 0x7309, 0x7309, 0x7309,
    0x7309, 0x6b09, 0x6ae8, 0x6ae8, 0x5a27, 0x5a47, 0x6267, 0x5a47, 0x5a47, 0x5a47, 0x5a47, 0x6288,
    0x6288, 0x6288, 0x6288, 0x6288, 0x5206, 0x5226, 0x5226, 0x49e5, 0x49e5, 0x49e6, 0x49e6, 0x5206,
    0x5a47, 0x5a67, 0x5a67, 0x5a67, 0x5a67, 0x5a67, 0x5a67, 0x6267, 0x6267, 0x6267, 0x6267, 0x6267,
    0x6267, 0x5a47, 0x5a26, 0x6287, 0x6aa8, 0x6aa8, 0x6aa8, 0x6aa8, 0x6aa8, 0x6aa8, 0x6267, 0x5a47,
    0x5a47, 0x5a46, 0x5a46, 0x5a26, 0x5206, 0x4a06, 0x49e6, 0x41c5, 0x41c5, 0x41a5, 0x5206, 0x5206,
    0x5206, 0x5206, 0x5206, 0x4a06, 0x49e6, 0x49e5, 0x49e5, 0x41c5, 0x41c5, 0x41c5, 0x41a5, 0x41a5,
    0x41a5, 0x49e6, 0x49e6, 0x49e5, 0x49e5, 0x41c5, 0x3143, 0x3143, 0x3123, 0x3143, 0x3143, 0x3164,
    0x3984, 0x3984, 0x3984, 0x3984, 0x41a4, 0x41a5, 0x41a5, 0x41a5, 0x41a5, 0x41a4, 0x41a5, 0x41a5,
    0x41c5, 0x41c5, 0x49e5, 0x4a06, 0x5206, 0x5206, 0x49e5, 0x49e5, 0x4a06, 0x4a06, 0x49e5, 0x49c5,
    0x4a06, 0x5206, 0x7309, 0x93cb, 0x9c0c, 0x93cb, 0x838a, 0x8bab, 0x8bcb, 0x8bcb, 0x93cb, 0x8baa,
    0x838a, 0x83aa, 0x93eb, 0x93ec, 0x940c, 0x93eb, 0x8bab, 0x7b4a, 0x93eb, 0x940c, 0x93eb, 0x734a,
    0x62e9, 0x62e9, 0x41c6, 0x39a5, 0x3185, 0x3185, 0x3185, 0x4206, 0x4a27, 0x4a06, 0x4a27, 0x4a27,
    0x4206, 0x39c5, 0x3165, 0x3185, 0x39c6, 0x4a27, 0x4a27, 0x5a88, 0x5aa8, 0x5247, 0x39c6, 0x62ca,
    0x840e, 0x7bcd, 0x6b2b, 0x7bcd, 0x5aca, 0x39e8, 0x5acb, 0x7bef, 0x4208, 0x4208, 0x528a, 0x73ae,
    0x9cd3, 0xad54, 0xb596, 0x8c71, 0x9471, 0x9cd3, 0x94b3, 0x7bf0, 0x6b4e, 0x6b4e, 0xa534, 0xa534,
    0xb5b6, 0xb5b6, 0xad75, 0x8c72, 0x8431, 0xfe51, 0xffea, 0xfba1, 0xfc22, 0xfc42, 0xfc42, 0xfc22,
    0xfc22, 0xfbe1, 0xfd43, 0xfd84, 0xfd63, 0xfd43, 0xfce3, 0xfc82, 0xfea7, 0xffea, 0xffee, 0xfff0,
    0xfe65, 0xfde4, 0xfd63, 0xfd84, 0xffea, 0xffc9, 0xfc82, 0xfbe1, 0xfba1, 0xfbc1, 0xfc02, 0xfc62,
    0xfea7, 0xffeb, 0xffed, 0xffea, 0xfd03, 0xfc01, 0xfc02, 0xfbe1, 0xfbc1, 0xfc02, 0xfc82, 0xfd09,
    0xc618, 0x7bce, 0x4a69, 0x41e7, 0x5289, 0x62ea, 0x736c, 0x736c, 0x6b4b, 0x6b4b, 0x62ea, 0x5aa9,
    0x5aa8, 0x5a88, 0x3186, 0x3186, 0x3186, 0x4207, 0x6b2a, 0x5a88, 0x5a88, 0x5288, 0x4a27, 0x41e7,
    0x41e7, 0x4207, 0x5288, 0x4a47, 0x41e6, 0x5288, 0x5288, 0x5288, 0x4a47, 0x41e6, 0x4a07, 0x5288,
    0x5268, 0x5268, 0x62c9, 0x6b09, 0x7b6b, 0x732a, 0x5267, 0x4a06, 0x3165, 0x41e6, 0x5267, 0x5267,
    0x5267, 0x62a8, 0x62e9, 0x5247, 0x62e9, 0x62e9, 0x62c8, 0x7b6a, 0x7b6a, 0x7b6a, 0x7b6a, 0x8c0c,
    0x8bec, 0x8bec, 0x8bec, 0x8bec, 0x8bec, 0x7329, 0x732a, 0x7b6a, 0x7b6a, 0x7b6a, 0x734a, 0x7309,
    0x7309, 0x6b09, 0x6b09, 0x6b09, 0x7309, 0x7b4a, 0x7b4a, 0x83ab, 0x83ab, 0x7329, 0x7329, 0x6ae8,
    0x6ae8, 0x6ae8, 0x6ae8, 0x6ae8, 0x6ac8, 0x6ae8, 0x7309, 0x7309, 0x7309, 0x6b09, 0x6ae8, 0x6ae8,
    0x5a47, 0x5a47, 0x5226, 0x5a47, 0x5a47, 0x5a47, 0x5a47, 0x6288, 0x6288, 0x6288, 0x6288, 0x5a27,
    0x5206, 0x5226, 0x5226, 0x49e5, 0x49e5, 0x49e6, 0x49e6, 0x5226, 0x5a67, 0x5a67, 0x5a67, 0x5a67,
    0x5a67, 0x5a67, 0x5a67, 0x6267, 0x6267, 0x6267, 0x6267, 0x6267, 0x6267, 0x5a47, 0x5a47, 0x6aa8,
    0x6aa8, 0x6aa8, 0x6aa8, 0x6aa8, 0x6aa8, 0x6aa8, 0x6287, 0x5a47, 0x5a47, 0x5a46, 0x5a46, 0x5226,
    0x5206, 0x4a06, 0x49e6, 0x41c5, 0x41c5, 0x5206, 0x5206, 0x5206, 0x5206, 0x5206, 0x5206, 0x4a06,
    0x49e6, 0x49e6, 0x49e5, 0x49e5, 0x49e5, 0x41c5, 0x41a5, 0x41a5, 0x49e5, 0x4a06, 0x49e6, 0x49e5,
    0x49c5, 0x41a5, 0x3143, 0x3144, 0x3144, 0x3143, 0x3143, 0x3164, 0x3984, 0x3984, 0x3984, 0x3984,
    0x41a4, 0x41a5, 0x41a5, 0x41a5, 0x41c5, 0x41c5, 0x41a5, 0x41a5, 0x41c5, 0x41c5, 0x49e5, 0x4a06,
    0x5206, 0x5206, 0x49e5, 0x49e5, 0x4a06, 0x4a06, 0x4a06, 0x5206, 0x4a06, 0x5206, 0x7309, 0x9beb,
    0x9c0c, 0x93cb, 0x7b4a, 0x8bab, 0x8bcb, 0x8bcb, 0x93cb, 0x8bab, 0x836a, 0x838a, 0x93eb, 0x93ec,
    0x93ec, 0x93eb, 0x8bab, 0x7b4a, 0xac8d, 0x940c, 0x8bcb, 0x6b09, 0x62e9, 0x62e9, 0x41c6, 0x39a5,
    0x3185, 0x3185, 0x3185, 0x4206, 0x39c5, 0x39a5, 0x4a27, 0x4a27, 0x4206, 0x39c5, 0x3165, 0x3185,
    0x3185, 0x39c6, 0x4a27, 0x5a88, 0x5aa8, 0x5247, 0x39c6, 0x5aca, 0x7bcd, 0x736c, 0x62ea, 0x840e,
    0x5289, 0x4208, 0x630b, 0x7bae, 0x4208, 0x52ab, 0x528a, 0x6b6e, 0x9cf3, 0x9cf3, 0x94b2, 0x8c71,
    0x94b2, 0x9cf3, 0x7bcf, 0x8431, 0x632e, 0x6b4e, 0x73b0, 0x9493, 0xb5b6, 0xb5b6, 0x8c52, 0x738f,
    0x8431, 0xad75, 0xc618, 0xfd6a, 0xfc62, 0xfc42, 0xfd64, 0xfe65, 0xff07, 0xfbe1, 0xfc22, 0xfd23,
    0xfd84, 0xfd43, 0xfce3, 0xfec6, 0xff68, 0xffea, 0xffec, 0xfe25, 0xfe65, 0xfde4, 0xfdc4, 0xfde4,
    0xffea, 0xffea, 0xfe65, 0xfcc3, 0xfba1, 0xfbc1, 0xfbe1, 0xfc02, 0xfea7, 0xff68, 0xfe65, 0xff48,
    0xfd03, 0xfc82, 0xfc22, 0xfbe1, 0xfbc1, 0xfc02, 0xfcc2, 0xfd09, 0xbdd7, 0x7bce, 0x4a69, 0x41e7,
    0x5289, 0x62ea, 0x6b2b, 0x5ac9, 0x5aa9, 0x6b2b, 0x62ea, 0x5a89, 0x5a88, 0x5a88, 0x3186, 0x3186,
    0x3186, 0x3185, 0x3185, 0x3185, 0x5288, 0x5288, 0x4a27, 0x41e7, 0x41e7, 0x4207, 0x5288, 0x4a47,
    0x41e6, 0x41e6, 0x41e6, 0x5288, 0x4a47, 0x41e6, 0x4a07, 0x5288, 0x5268, 0x5268, 0x62c9, 0x6b09,
    0x6b09, 0x6b09, 0x62c8, 0x4a06, 0x3165, 0x41e6, 0x5267, 0x5267, 0x5267, 0x62a8, 0x62e9, 0x5247,
    0x5247, 0x62e9, 0x62e9, 0x7b6a, 0x7b6a, 0x7b6a, 0x7b6a, 0x8c0c, 0x8bec, 0x8bec, 0x8bec, 0x8bec,
    0x8bec, 0x8bec, 0x83ab, 0x7b6a, 0x7b6a, 0x7b6a, 0x734a, 0x7309, 0x7309, 0x6b09, 0x6b09, 0x6b09,
    0x7309, 0x7b4a, 0x7b4a, 0x7b49, 0x7b6a, 0x7329, 0x7329, 0x6ae8, 0x6ae8, 0x6ae8, 0x6ae8, 0x6ae8,
    0x6ae8, 0x6ae8, 0x7309, 0x7309, 0x7309, 0x6ae8, 0x62c8, 0x6ae8, 0x5a47, 0x5206, 0x5226, 0x5a47,
    0x5a47, 0x5a47, 0x5a47, 0x6288, 0x6288, 0x6288, 0x5a27, 0x5206, 0x5226, 0x5226, 0x5226, 0x49e5,
    0x49e5, 0x49e6, 0x49e6, 0x5a47, 0x5a67, 0x5a67, 0x5a67, 0x5a67, 0x5a67, 0x5a67, 0x6267, 0x6267,
    0x6267, 0x6267, 0x6267, 0x6267, 0x6267, 0x5a47, 0x62a7, 0x6aa8, 0x6aa8, 0x6aa8, 0x6aa8, 0x6aa8,
    0x6aa8, 0x6aa8, 0x6287, 0x5a47, 0x5a47, 0x5a46, 0x5a46, 0x5206, 0x5206, 0x4a06, 0x49e6, 0x41c5,
    0x49e5, 0x5a47, 0x5206, 0x5206, 0x5206, 0x5206, 0x49e5, 0x4a06, 0x49e6, 0x49e6, 0x49e5, 0x49e5,
    0x49e5, 0x41c5, 0x41a5, 0x41a5, 0x5206, 0x4a06, 0x49e6, 0x49e5, 0x41c5, 0x41a5, 0x3143, 0x3144,
    0x3144, 0x3164, 0x3964, 0x3964, 0x3984, 0x3984, 0x3984, 0x3984, 0x41a4, 0x41a5, 0x41a5, 0x41a5,
    0x41c5, 0x41c5, 0x49c5, 0x49e5, 0x41c5, 0x41c5, 0x49e5, 0x4a06, 0x5206, 0x5206, 0x49e5, 0x49e5,
    0x4a06, 0x4a06, 0x4a06, 0x5206, 0x5a67, 0x5a67, 0x7b49, 0x9c0b, 0x9c0c, 0x8bcb, 0x7b4a, 0x8bab,
    0x8bcb, 0x8bcb, 0x93cb, 0x838a, 0x7b49, 0x838a, 0x93eb, 0x93eb, 0x93ec, 0x8bab, 0x8bab, 0x8bab,
    0xac8d, 0x940c, 0x8bcb, 0x6b09, 0x6b09, 0x62e9, 0x3184, 0x39a5, 0x3185, 0x3185, 0x3185, 0x4206,
    0x39c5, 0x39a5, 0x4a27, 0x4a27, 0x4206, 0x39a5, 0x3165, 0x3185, 0x3185, 0x39c6, 0x4a27, 0x4a27,
    0x5268, 0x5247, 0x39c6, 0x5289, 0x7bcd, 0x736c, 0x62ea, 0x840e, 0x5289, 0x4208, 0x630b, 0x738d,
    0x41e8, 0x52ab, 0x4a6a, 0x6b6e, 0x9492, 0xa534, 0x9cd3, 0x8c71, 0x9cf3, 0x94b2, 0x7bcf, 0x8431,
    0xc618, 0xc638, 0x94b3, 0xa514, 0xa514, 0x8c52, 0x738f, 0x738f, 0x73af, 0x73b0, 0xc618, 0xfd6a,
    0xfc62, 0xfde4, 0xffea, 0xfe65, 0xff07, 0xfcc2, 0xfc02, 0xfd23, 0xfe45, 0xff68, 0xfdc4, 0xfec6,
    0xffeb, 0xffeb, 0xffe9, 0xfe25, 0xfc22, 0xfc82, 0xfd63, 0xfe45, 0xff27, 0xffea, 0xfe65, 0xfcc3,
    0xfc02, 0xfbe1, 0xfbe1, 0xfbe1, 0xfc42, 0xfd43, 0xfe65, 0xfd43, 0xfc42, 0xfc42, 0xfc22, 0xfbe1,
    0xfbe1, 0xfc22, 0xfcc2, 0xfd49, 0xb5b6, 0x7bae, 0x4a49, 0x41e7, 0x5288, 0x62ea, 0x6b2b, 0x5ac9,
    0x5aa9, 0x5aa9, 0x4a48, 0x5a89, 0x5a88, 0x5a88, 0x3186, 0x3186, 0x3186, 0x3185, 0x3185, 0x3185,
    0x39a6, 0x41e7, 0x4a27, 0x41e7, 0x41e7, 0x4207, 0x5288, 0x4a47, 0x41e6, 0x41e6, 0x41e6, 0x5288,
    0x4a47, 0x41e6, 0x4a07, 0x5288, 0x5268, 0x5268, 0x62c9, 0x6b09, 0x6b09, 0x6b09, 0x6b09, 0x5a88,
    0x41c6, 0x41e6, 0x5267, 0x5267, 0x5267, 0x62c8, 0x62e9, 0x5247, 0x5247, 0x62e9, 0x62e9, 0x7b6a,
    0x7b6a, 0x7b6a, 0x7b6a, 0x940c, 0x8bec, 0x8bec, 0x8bec, 0x8bec, 0x8bec, 0x8bec, 0x83ab, 0x7b6a,
    0x7b6a, 0x7b6a, 0x7b4a, 0x7309, 0x7309, 0x7309, 0x6b09, 0x6b09, 0x7309, 0x7b4a, 0x7b4a, 0x7b49,
    0x7349, 0x6ae9, 0x6ae8, 0x6ae8, 0x6ae8, 0x6ae8, 0x6ae8, 0x6ae8, 0x6ae8, 0x6ae8, 0x7309, 0x7309,
    0x7309, 0x6ae8, 0x62a8, 0x62a8, 0x5226, 0x5206, 0x5226, 0x5a47, 0x5a47, 0x5a47, 0x5a47, 0x6288,
    0x6288, 0x6267, 0x5206, 0x5206, 0x5226, 0x5226, 0x5226, 0x49e5, 0x49e6, 0x49e6, 0x5206, 0x5a47,
    0x5a67, 0x5a67, 0x5a67, 0x5a67, 0x5a67, 0x5a67, 0x6267, 0x6267, 0x6267, 0x6267, 0x6267, 0x6267,
    0x6267, 0x6aa8, 0x6ac8, 0x6aa8, 0x6aa8, 0x6aa8, 0x6aa8, 0x6aa8, 0x6aa8, 0x6aa8, 0x6287, 0x5a47,
    0x5a47, 0x5a46, 0x5226, 0x5206, 0x5206, 0x4a06, 0x4a06, 0x41c5, 0x5a67, 0x5a47, 0x5206, 0x5206,
    0x5206, 0x49e5, 0x49e5, 0x4a06, 0x49e6, 0x49e6, 0x49e5, 0x49e5, 0x49e5, 0x49c5, 0x41a5, 0x49e5,
    0x5206, 0x4a06, 0x49e6, 0x49c5, 0x41a5, 0x41a5, 0x3143, 0x3144, 0x3144, 0x3164, 0x3964, 0x3964,
    0x3984, 0x3984, 0x3984, 0x3984, 0x41a4, 0x41a5, 0x41a5, 0x41c5, 0x41c5, 0x41c5, 0x49c5, 0x49e5,
    0x49e5, 0x49e5, 0x49e5, 0x4a06, 0x5206, 0x5206, 0x49e5, 0x49e5, 0x4a06, 0x4a06, 0x5206, 0x5206,
    0x5a67, 0x6287, 0x838a, 0x9c0b, 0x9c0c, 0x8bab, 0x7b6a, 0x8bab, 0x8bcb, 0x93cb, 0x93cb, 0x836a,
    0x7b49, 0x838a, 0x93eb, 0x93eb, 0x8bcb, 0x83ab, 0x8bab, 0x940c, 0xac8d, 0x940c, 0x8bcb, 0x6b09,
    0x6b09, 0x62c9, 0x3184, 0x2944, 0x2103, 0x3185, 0x3185, 0x4206, 0x39c5, 0x39a5, 0x4a26, 0x4a27,
    0x4206, 0x39a5, 0x3165, 0x3185, 0x3185, 0x39c6, 0x4a27, 0x4a27, 0x4a07, 0x39c6, 0x39c6, 0x4a48,
    0x738c, 0x62ea, 0x62ea, 0x7bcd, 0x5aaa, 0x5aaa, 0x630b, 0x736d, 0x39c8, 0x6b4d, 0x5acb, 0x8410,
    0x8c71, 0xad75, 0x94b2, 0x8410, 0x9472, 0x8c71, 0x7bd0, 0x9cb3, 0xc618, 0xc638, 0x9493, 0x94b3,
    0xa514, 0x8432, 0xd69a, 0xbdf8, 0x738f, 0x7bf1, 0x9493, 0xfe6b, 0xfbe1, 0xfe45, 0xffea, 0xffec,
    0xffeb, 0xfd03, 0xfc02, 0xfc22, 0xfc82, 0xff68, 0xfe25, 0xfe05, 0xff68, 0xffeb, 0xff88, 0xfbe1,
    0xfc02, 0xfcc2, 0xfd03, 0xfd43, 0xfea6, 0xffea, 0xffea, 0xfe05, 0xfc42, 0xfbe1, 0xfbc1, 0xfbc1,
    0xfc42, 0xfc82, 0xfc42, 0xfc42, 0xfc42, 0xfc42, 0xfc42, 0xfc42, 0xfbe1, 0xfc62, 0xfd84, 0xfdea,
    0xb5b6, 0x738e, 0x4a28, 0x39e7, 0x5288, 0x5ac9, 0x6b2b, 0x5ac9, 0x5aa9, 0x5a89, 0x4a48, 0x41e7,
    0x41e7, 0x4a48, 0x3186, 0x3186, 0x3186, 0x3185, 0x3185, 0x3185, 0x39a6, 0x41e7, 0x41e7, 0x41e7,
    0x39a6, 0x4207, 0x5288, 0x4a47, 0x41e6, 0x41e6, 0x41e6, 0x5288, 0x4a47, 0x41e6, 0x41e6, 0x4207,
    0x5268, 0x5268, 0x62c9, 0x6b09, 0x6b09, 0x6b09, 0x6b09, 0x5a88, 0x41c6, 0x41c6, 0x41c6, 0x4a27,
    0x5267, 0x62c8, 0x62e9, 0x5247, 0x5247, 0x62e9, 0x62e9, 0x7b6a, 0x7b6a, 0x7b6a, 0x7b6a, 0x8bcc,
    0x8c0c, 0x8bec, 0x8bec, 0x8bec, 0x8bec, 0x8bec, 0x83ab, 0x7b6a, 0x7b6a, 0x7b6a, 0x7b6a, 0x7b6a,
    0x7309, 0x7309, 0x6b09, 0x6b09, 0x7309, 0x7b4a, 0x7b4a, 0x7b4a, 0x7349, 0x6ae9, 0x6ae8, 0x6ae8,
    0x6ae8, 0x6ae8, 0x6ae8, 0x6ae8, 0x6ae8, 0x6ae8, 0x7309, 0x7309, 0x7309, 0x6ae8, 0x62a8, 0x62a8,
    0x5206, 0x5206, 0x5226, 0x5a47, 0x5a47, 0x5a47, 0x5a47, 0x6288, 0x6288, 0x5206, 0x5206, 0x5226,
    0x5226, 0x5226, 0x5226, 0x49e5, 0x49e6, 0x4a06, 0x5226, 0x5a47, 0x5a67, 0x5a67, 0x5a67, 0x5a67,
    0x5a67, 0x6267, 0x6267, 0x6267, 0x6267, 0x6267, 0x6267, 0x6267, 0x5a67, 0x6287, 0x6ac8, 0x6aa8,
    0x6aa8, 0x6aa8, 0x6aa8, 0x6aa8, 0x6aa8, 0x6aa8, 0x6287, 0x5a47, 0x5a47, 0x5226, 0x5206, 0x5206,
    0x5206, 0x4a06, 0x4a06, 0x5226, 0x6267, 0x5a47, 0x5206, 0x5206, 0x5206, 0x49e5, 0x49e5, 0x4a06,
    0x49e6, 0x49e6, 0x49e5, 0x49e5, 0x49e5, 0x49c5, 0x41c5, 0x5206, 0x5206, 0x4a06, 0x49e6, 0x41a5,
    0x41a5, 0x41a5, 0x3143, 0x3144, 0x3144, 0x3164, 0x3964, 0x3964, 0x3984, 0x3984, 0x3984, 0x3984,
    0x41a4, 0x41a5, 0x41a5, 0x41c5, 0x41c5, 0x41c5, 0x49c5, 0x49e5, 0x49e5, 0x49e5, 0x49e5, 0x4a06,
    0x5206, 0x5206, 0x49e5, 0x49e5, 0x4a06, 0x4a06, 0x5206, 0x5206, 0x5a67, 0x6287, 0x838a, 0x9c0c,
    0x9c0c, 0x838a, 0x836a, 0x8bab, 0x8bcb, 0x93cb, 0x93cb, 0x7b49, 0x7b49, 0x838a, 0x93eb, 0x93eb,
    0x8bab, 0x83ab, 0x83ab, 0xa48d, 0xa48d, 0x940c, 0x8bcb, 0x7329, 0x6b09, 0x5aa8, 0x3184, 0x2944,
    0x2103, 0x20e3, 0x2103, 0x4206, 0x39c5, 0x39a5, 0x4a26, 0x4a27, 0x41e6, 0x39a5, 0x2124, 0x3165,
    0x3185, 0x39c6, 0x4a27, 0x4a27, 0x4207, 0x39c6, 0x2965, 0x4228, 0x6b2b, 0x62ea, 0x630b, 0x7bcd,
    0x62ea, 0x630b, 0x6b2c, 0x6b4c, 0x4a6a, 0x738d, 0x632d, 0x840f, 0x8430, 0x94b2, 0x8c50, 0x8410,
    0x73af, 0x9cf3, 0x7bd0, 0x94b3, 0xad75, 0xc618, 0x7bd0, 0x9cf3, 0xad55, 0xb596, 0xd69a, 0xd6ba,
    0xdedb, 0xbdd7, 0x9493, 0xfc88, 0xfca3, 0xfee6, 0xffef, 0xffec, 0xffa9, 0xfd43, 0xfba1, 0xfc22,
    0xfcc2, 0xfd23, 0xfd63, 0xfe05, 0xfec6, 0xfde4, 0xfd03, 0xfbe1, 0xfbc1, 0xfc02, 0xfca2, 0xfd43,
    0xfe25, 0xff88, 0xffe9, 0xfe05, 0xfd03, 0xfd03, 0xfbe1, 0xfbc1, 0xfbe1, 0xfc02, 0xfc22, 0xfbc1,
    0xfba1, 0xfc62, 0xfc42, 0xfc82, 0xfcc2, 0xfce3, 0xfd84, 0xfdea, 0xc638, 0x738d, 0x4208, 0x3166,
    0x39e7, 0x5ac9, 0x6b2b, 0x5ac9, 0x5289, 0x5289, 0x4a48, 0x41e7, 0x41e7, 0x41e7, 0x41e7, 0x39a6,
    0x3185, 0x3185, 0x3185, 0x3185, 0x39a6, 0x41e7, 0x41e7, 0x41e7, 0x3165, 0x3186, 0x4207, 0x4a47,
    0x41e6, 0x41e6, 0x41e6, 0x5288, 0x4a47, 0x41e6, 0x41e6, 0x41e6, 0x4a47, 0x5268, 0x62c9, 0x6b09,
    0x6b09, 0x6b09, 0x6b09, 0x5a88, 0x41c6, 0x41c6, 0x41c6, 0x4a27, 0x5267, 0x5a88, 0x62e9, 0x5247,
    0x5247, 0x62e9, 0x62e9, 0x7b6a, 0x7b6a, 0x7b6a, 0x7b6a, 0x838b, 0x7b8b, 0x83ab, 0x8bec, 0x8bec,
    0x8bec, 0x8bec, 0x83ab, 0x7b6a, 0x7b6a, 0x7b6a, 0x7b6a, 0x7b6a, 0x7b6a, 0x7b4a, 0x7329, 0x6b09,
    0x7309, 0x7b4a, 0x7b4a, 0x7b4a, 0x7b49, 0x6ae9, 0x6ae9, 0x6ae8, 0x6ae8, 0x7329, 0x7329, 0x7b6a,
    0x6ae8, 0x6ae8, 0x7329, 0x7309, 0x7309, 0x6ae8, 0x62a8, 0x62a8, 0x5206, 0x5206, 0x5226, 0x5a47,
    0x5a47, 0x5a47, 0x5a47, 0x6288, 0x5a27, 0x5206, 0x5206, 0x5226, 0x5226, 0x5226, 0x5226, 0x49e6,
    0x4a06, 0x5226, 0x5226, 0x5a47, 0x5a67, 0x5a67, 0x5a67, 0x5a67, 0x5a67, 0x6267, 0x6267, 0x6267,
    0x6267, 0x6267, 0x6267, 0x6267, 0x5a46, 0x6287, 0x6ac8, 0x6ac8, 0x6aa8, 0x6aa8, 0x6aa8, 0x6287,
    0x6aa8, 0x6aa8, 0x6287, 0x5a47, 0x5a47, 0x5226, 0x5206, 0x5206, 0x5206, 0x5206, 0x5226, 0x6267,
    0x6267, 0x5a47, 0x5206, 0x5206, 0x49e5, 0x49e5, 0x49e5, 0x4a06, 0x49e6, 0x49e6, 0x49e5, 0x49e5,
    0x49e5, 0x49c5, 0x5206, 0x5206, 0x5206, 0x4a06, 0x49c5, 0x41c5, 0x41a5, 0x41a5, 0x3143, 0x3144,
    0x3144, 0x3164, 0x3964, 0x3964, 0x3984, 0x3984, 0x3984, 0x3984, 0x41a4, 0x41a5, 0x41a5, 0x41c5,
    0x41c5, 0x41c5, 0x49c5, 0x49e5, 0x49e5, 0x49e5, 0x49e5, 0x4a06, 0x5206, 0x5206, 0x49e5, 0x49e5,
    0x4a06, 0x4a06, 0x5206, 0x5206, 0x5a67, 0x6287, 0x838a, 0x9c0c, 0x93cb, 0x7b4a, 0x836a, 0x8bcb,
    0x8bcb, 0x93cb, 0x8bcb, 0x7b49, 0x7b49, 0x8bcb, 0x93eb, 0x93eb, 0x83aa, 0x83ab, 0x8bcb, 0xa48d,
    0xa48d, 0x940c, 0x8bcb, 0x732a, 0x6b09, 0x5aa8, 0x3184, 0x2944, 0x2103, 0x20e3, 0x20e3, 0x2924,
    0x2964, 0x39a5, 0x4a06, 0x4a27, 0x41e6, 0x39a5, 0x2124, 0x39a5, 0x4206, 0x39c6, 0x4a27, 0x4a27,
    0x4206, 0x39a6, 0x2965, 0x4208, 0x6b2b, 0x5269, 0x6b2b, 0x7bad, 0x5aea, 0x630b, 0x6b6c, 0x5aeb,
    0x4a69, 0x6b6d, 0x632c, 0x840f, 0x8430, 0x9492, 0x738e, 0x632d, 0x7bcf, 0x9cd3, 0x9491, 0xa514,
    0xad75, 0xc618, 0x6b4e, 0x8411, 0xad55, 0xb596, 0xb5b6, 0xd6ba, 0xdedb, 0xbdf7, 0x7bb0, 0xfc88,
    0xfc22, 0xfe25, 0xffef, 0xffec, 0xffe9, 0xfd84, 0xfba1, 0xfba1, 0xfba1, 0xfcc2, 0xfd63, 0xfd63,
    0xfd03, 0xfde4, 0xfd03, 0xfc01, 0xfbc1, 0xfc02, 0xfc82, 0xfcc2, 0xfd64, 0xff88, 0xff27, 0xfda4,
    0xfd03, 0xfd03, 0xfc42, 0xfc02, 0xfc02, 0xfc02, 0xfbe1, 0xfba1, 0xfbc1, 0xfc62, 0xfd03, 0xfd84,
    0xfcc2, 0xfd43, 0xfd23, 0xfd49, 0xc618, 0x738d, 0x4208, 0x3165, 0x39e7, 0x4a28, 0x5288, 0x5ac9,
    0x5289, 0x5289, 0x4a48, 0x41e7, 0x41e7, 0x41e7, 0x41e7, 0x4a48, 0x5288, 0x5289, 0x3165, 0x3165,
    0x39a6, 0x41e7, 0x41e7, 0x41e7, 0x3165, 0x3185, 0x41e6, 0x41e6, 0x41e6, 0x41e6, 0x41e6, 0x5288,
    0x4a47, 0x41e6, 0x41e6, 0x41e6, 0x4a47, 0x5268, 0x5268, 0x5268, 0x6b09, 0x6b09, 0x6b09, 0x5a88,
    0x41c6, 0x41c6, 0x41c6, 0x4a27, 0x5267, 0x5267, 0x5267, 0x5247, 0x5247, 0x62e9, 0x62e9, 0x7b6a,
    0x7b6a, 0x7b6a, 0x7b6a, 0x838b, 0x7b8b, 0x7b8b, 0x7b6a, 0x732a, 0x8bec, 0x8bec, 0x83ab, 0x7b6a,
    0x7b6a, 0x7b6a, 0x7b6a, 0x7b6a, 0x7b6a, 0x7b6a, 0x7b4a, 0x7b4a, 0x7b4a, 0x7b4a, 0x7b4a, 0x7b4a,
    0x7b49, 0x6ae9, 0x6ae9, 0x6ae8, 0x6ae8, 0x7329, 0x7329, 0x7b6a, 0x838a, 0x838a, 0x7b49, 0x7309,
    0x7309, 0x6ae8, 0x62a8, 0x62a8, 0x5206, 0x5206, 0x5226, 0x5a47, 0x5a47, 0x5a47, 0x5a47, 0x5a27,
    0x5206, 0x5206, 0x5206, 0x5226, 0x5226, 0x5226, 0x5226, 0x49e6, 0x5226, 0x5226, 0x5226, 0x5a47,
    0x5a67, 0x5a67, 0x5a67, 0x5a67, 0x5a67, 0x6267, 0x6267, 0x6267, 0x6267, 0x6267, 0x6267, 0x5a47,
    0x5a46, 0x6288, 0x6ac8, 0x6ac8, 0x6aa8, 0x6aa8, 0x5a67, 0x6287, 0x6aa8, 0x6aa8, 0x6287, 0x5a47,
    0x5a47, 0x5226, 0x5206, 0x5206, 0x5206, 0x5206, 0x6267, 0x6267, 0x6267, 0x5a47, 0x5206, 0x5206,
    0x49e5, 0x49e5, 0x49e5, 0x4a06, 0x49e5, 0x49e6, 0x49e5, 0x49e5, 0x49e5, 0x49e5, 0x5206, 0x5206,
    0x5206, 0x5206, 0x41c5, 0x41c5, 0x41a5, 0x41a5, 0x3143, 0x3144, 0x3144, 0x3164, 0x3964, 0x3964,
    0x3984, 0x3984, 0x3984, 0x3984, 0x41a4, 0x41a5, 0x41a5, 0x41c5, 0x41c5, 0x41c5, 0x49c5, 0x49e5,
    0x49e5, 0x49e5, 0x49e5, 0x4a06, 0x5206, 0x5206, 0x5226, 0x49e5, 0x4a06, 0x4a06, 0x5206, 0x5206,
    0x5a67, 0x6287, 0x838a, 0x9c0c, 0x838a, 0x7b4a, 0x836a, 0x8bcb, 0x8bcb, 0x93cb, 0x8baa, 0x7b49,
    0x7b49, 0x93eb, 0x93eb, 0x8bcb, 0x83aa, 0x83aa, 0x8bcb, 0xa48d, 0xa46d, 0x940c, 0x8bcb, 0x734a,
    0x62c9, 0x5aa8, 0x3184, 0x2944, 0x2103, 0x20e3, 0x20e3, 0x2924, 0x2944, 0x2944, 0x41c6, 0x4a27,
    0x41e6, 0x31a5, 0x2124, 0x39a5, 0x4206, 0x4a47, 0x5aa8, 0x4a27, 0x4206, 0x39a6, 0x2965, 0x4208,
    0x6b2b, 0x41e8, 0x736c, 0x7bad, 0x5aea, 0x5aca, 0x6b6c, 0x528a, 0x528a, 0x6b6d, 0x7bef, 0x7bef,
    0x8410, 0x7bef, 0x738e, 0x5aec, 0x632d, 0x7bd0, 0x9471, 0xa514, 0xa534, 0x9492, 0x6b6e, 0x8411,
    0x94b2, 0xa534, 0xb5b6, 0xd6ba, 0xbdf7, 0xa514, 0x738f, 0xfc47, 0xfc22, 0xfcc2, 0xff88, 0xff68,
    0xffe9, 0xfe25, 0xfc02, 0xfba1, 0xfba1, 0xfbc1, 0xfc42, 0xfd63, 0xfd03, 0xfd23, 0xfd23, 0xfc42,
    0xfbe1, 0xfc02, 0xfc82, 0xfcc2, 0xfcc2, 0xfd03, 0xfd64, 0xfda4, 0xfd43, 0xfe65, 0xfe05, 0xfc02,
    0xfc62, 0xfc62, 0xfbe1, 0xfba1, 0xfc02, 0xfe66, 0xfe05, 0xfd84, 0xfd63, 0xfe45, 0xfd84, 0xfd49,
    0xb596, 0x6b4d, 0x4208, 0x3165, 0x39e7, 0x4a28, 0x5288, 0x5288, 0x5289, 0x4a48, 0x4a48, 0x41e7,
    0x41e7, 0x41e7, 0x41e7, 0x4a48, 0x5288, 0x6b2a, 0x6b2a, 0x83cc, 0x39a6, 0x41e7, 0x41e7, 0x41e7,
    0x3165, 0x3185, 0x41e6, 0x41e6, 0x41e6, 0x41e6, 0x41e6, 0x5288, 0x4a47, 0x41e6, 0x41e6, 0x41e6,
    0x4a47, 0x5268, 0x5268, 0x5268, 0x6b09, 0x62c9, 0x5aa8, 0x5a88, 0x41c6, 0x41c6, 0x41c6, 0x4a27,
    0x5267, 0x5267, 0x5267, 0x5247, 0x5247, 0x5247, 0x5aa8, 0x7b6a, 0x7b6a, 0x7b6a, 0x7b6a, 0x838b,
    0x838b, 0x7b8b, 0x7b6a, 0x732a, 0x734a, 0x7b6a, 0x838b, 0x7b6a, 0x7b6a, 0x7b6a, 0x7b6a, 0x7b6a,
    0x7b6a, 0x7b6a, 0x7b4a, 0x7b4a, 0x7b4a, 0x7b4a, 0x7b4a, 0x7b4a, 0x7b4a, 0x6ae9, 0x6ae9, 0x6ae9,
    0x6ae8, 0x7329, 0x7329, 0x7b6a, 0x838a, 0x838a, 0x838a, 0x838a, 0x836a, 0x6ae8, 0x62a8, 0x62a8,
    0x5206, 0x5206, 0x5226, 0x5a47, 0x5a47, 0x5a47, 0x5226, 0x5206, 0x5206, 0x5206, 0x5226, 0x5226,
    0x5226, 0x5226, 0x5226, 0x5226, 0x5226, 0x5226, 0x5226, 0x5a47, 0x5a67, 0x5a67, 0x5a67, 0x5a67,
    0x5a67, 0x6267, 0x6267, 0x6267, 0x6267, 0x6267, 0x5a47, 0x5a46, 0x5a46, 0x6288, 0x6ac8, 0x6ac8,
    0x6aa8, 0x6267, 0x5a67, 0x6287, 0x6aa8, 0x6aa8, 0x6287, 0x5a47, 0x5a47, 0x5226, 0x5206, 0x5206,
    0x5206, 0x5a26, 0x6267, 0x6267, 0x6267, 0x5a47, 0x5206, 0x49e5, 0x49e5, 0x49e5, 0x49e5, 0x5206,
    0x49c5, 0x49e6, 0x49e5, 0x49e5, 0x49e5, 0x49e5, 0x5206, 0x5206, 0x5206, 0x49c5, 0x41c5, 0x41c5,
    0x41a5, 0x41a5, 0x3164, 0x3144, 0x3144, 0x3164, 0x3964, 0x3964, 0x3984, 0x3984, 0x3984, 0x3984,
    0x41a4, 0x3984, 0x3984, 0x41c5, 0x41c5, 0x41c5, 0x49c5, 0x49e5, 0x49e5, 0x49e5, 0x49e5, 0x4a06,
    0x5206, 0x5206, 0x5a67, 0x5a67, 0x5226, 0x4a06, 0x5206, 0x5206, 0x5a67, 0x6287, 0x838a, 0x9c0c,
    0x7b49, 0x7b4a, 0x836a, 0x8bcb, 0x8bcb, 0x93cb, 0x838a, 0x7b49, 0x836a, 0x93eb, 0x93eb, 0x8bcb,
    0x838a, 0x83aa, 0x93ec, 0xa46d, 0x9c2c, 0x940c, 0x93eb, 0x734a, 0x62c9, 0x5a88, 0x3184, 0x3184,
    0x2103, 0x20e3, 0x20e3, 0x2924, 0x2944, 0x2944, 0x39a5, 0x39c5, 0x41e6, 0x3185, 0x2124, 0x39a5,
    0x4206, 0x4a47, 0x5aa8, 0x5247, 0x5a88, 0x39a6, 0x2965, 0x5289, 0x5aaa, 0x41e8, 0x6b6c, 0x7bad,
    0x52a9, 0x5289, 0x6b4c, 0x528a, 0x5aeb, 0x738e, 0x6b2d, 0x52ab, 0x840f, 0x7bef, 0x6b6e, 0x5aec,
    0x6b4e, 0x8410, 0x8c71, 0x9492, 0xa514, 0x9492, 0x738f, 0x9cd3, 0x9cf3, 0xad75, 0xb5b6, 0xc618,
    0xbdf7, 0xa514, 0x8431, 0xfc67, 0xfc02, 0xfcc3, 0xff88, 0xfe25, 0xfde4, 0xfce3, 0xfbe1, 0xfba1,
    0xfba1, 0xfbc1, 0xfc42, 0xfd23, 0xfd23, 0xfd23, 0xfd23, 0xfcc3, 0xfc22, 0xfc02, 0xfc82, 0xfc82,
    0xfc01, 0xfd03, 0xfc82, 0xfc82, 0xfcc2, 0xfe65, 0xff07, 0xfe65, 0xfd64, 0xfc62, 0xfbe1, 0xfba1,
    0xfca2, 0xfe66, 0xffea, 0xffec, 0xfda4, 0xfe04, 0xfe05, 0xfd84, 0xad55, 0x6b4d, 0x4208, 0x3165,
    0x39e7, 0x4a28, 0x5288, 0x5288, 0x5288, 0x41e7, 0x41e7, 0x41e7, 0x41e7, 0x41e7, 0x41e7, 0x4a47,
    0x5288, 0x6b2a, 0x6b2a, 0x83cc, 0x83cc, 0x83cc, 0x5288, 0x41e7, 0x3165, 0x3185, 0x41e6, 0x41e6,
    0x41e6, 0x41e6, 0x41e6, 0x41e6, 0x39a6, 0x39a6, 0x41e6, 0x41e6, 0x4a47, 0x5268, 0x5268, 0x5268,
    0x6b09, 0x62c9, 0x5267, 0x4a27, 0x41c6, 0x41c6, 0x41c6, 0x4a27, 0x5267, 0x5267, 0x5267, 0x5247,
    0x5247, 0x5247, 0x5247, 0x62e9, 0x6b09, 0x7b6a, 0x7b6a, 0x838b, 0x838b, 0x7b8b, 0x7b6a, 0x732a,
    0x734a, 0x7b8a, 0x7b6a, 0x7b6a, 0x838b, 0x7b6a, 0x7b6a, 0x7b6a, 0x7b6a, 0x7b6a, 0x7b4a, 0x7b4a,
    0x7b4a, 0x7b4a, 0x7b4a, 0x7b4a, 0x7b4a, 0x7b49, 0x6ae9, 0x6ae9, 0x6ae8, 0x7329, 0x7329, 0x7b6a,
    0x838a, 0x838a, 0x838a, 0x838a, 0x836a, 0x7b6a, 0x7b4a, 0x6b09, 0x5206, 0x5206, 0x5226, 0x5a47,
    0x5a47, 0x5a47, 0x5226, 0x5206, 0x5206, 0x5206, 0x5226, 0x5226, 0x5226, 0x5226, 0x5226, 0x5226,
    0x5226, 0x5226, 0x5226, 0x5a47, 0x5a67, 0x5a67, 0x5a47, 0x5a67, 0x6267, 0x6267, 0x6267, 0x6267,
    0x6267, 0x6267, 0x5a46, 0x5a46, 0x5a47, 0x6288, 0x6ac8, 0x6ac8, 0x6aa8, 0x6267, 0x5a67, 0x6287,
    0x6aa8, 0x6aa8, 0x6287, 0x5a47, 0x5a47, 0x5226, 0x5206, 0x5206, 0x5206, 0x6267, 0x6267, 0x6267,
    0x6267, 0x5a47, 0x5206, 0x49e5, 0x49e5, 0x49e5, 0x49e5, 0x49e5, 0x49c5, 0x49e6, 0x49e6, 0x49e5,
    0x49e5, 0x49e6, 0x5206, 0x5206, 0x5206, 0x41a5, 0x41c5, 0x41c5, 0x41a5, 0x49c5, 0x3164, 0x3964,
    0x3164, 0x3164, 0x3964, 0x3964, 0x3984, 0x3984, 0x3984, 0x3984, 0x41a4, 0x3984, 0x3984, 0x3984,
    0x41a4, 0x41c5, 0x49c5, 0x49e5, 0x49e5, 0x49e5, 0x49e5, 0x4a06, 0x5206, 0x5206, 0x5a67, 0x5a67,
    0x6267, 0x6287, 0x5206, 0x5206, 0x5a67, 0x6287, 0x838a, 0x8bab, 0x7b49, 0x7b4a, 0x838a, 0x8bcb,
    0x93cb, 0x8bab, 0x838a, 0x7b49, 0x8bab, 0x93eb, 0x93eb, 0x8bab, 0x838a, 0x8bab, 0x93ec, 0xa46d,
    0x940c, 0x940c, 0x940c, 0x734a, 0x62c9, 0x5a88, 0x3184, 0x3184, 0x3164, 0x2924, 0x20e3, 0x2924,
    0x2944, 0x2944, 0x39a5, 0x39c5, 0x3185, 0x3165, 0x2124, 0x39a5, 0x4206, 0x4a27, 0x5aa8, 0x5247,
    0x5a88, 0x736b, 0x62c9, 0x6b0b, 0x5aaa, 0x41e8, 0x6b2b, 0x6b6c, 0x52a9, 0x4a49, 0x632b, 0x4a29,
    0x5aeb, 0x6b4d, 0x632d, 0x52ab, 0x52ab, 0x5acc, 0x632d, 0x5acc, 0x5aec, 0x6b6e, 0x8c71, 0x9491,
    0xa514, 0x8c51, 0x7bf0, 0x9cd3, 0x8411, 0xa514, 0xb5b6, 0xa535, 0x73af, 0x9493, 0x73af, 0xfe8b,
    0xfc02, 0xfba1, 0xfc22, 0xfd03, 0xfde4, 0xfd84, 0xfcc3, 0xfbc1, 0xfbc1, 0xfbe1, 0xfde5, 0xfe05,
    0xfd23, 0xfce3, 0xfce3, 0xfcc2, 0xfc22, 0xfc42, 0xfbc1, 0xfc22, 0xfc01, 0xfc62, 0xfc22, 0xfc82,
    0xfcc2, 0xfd63, 0xfdc4, 0xfe65, 0xfdc4, 0xfd43, 0xfc82, 0xfba1, 0xfd03, 0xffeb, 0xffef, 0xffee,
    0xfe45, 0xfda4, 0xfd63, 0xfd84, 0x9cf3, 0x6b4c, 0x738c, 0x4a28, 0x39c7, 0x4a27, 0x5288, 0x5288,
    0x5288, 0x41e7, 0x41e7, 0x41e7, 0x41e7, 0x41e7, 0x41e7, 0x4a27, 0x5288, 0x6b2a, 0x6b2a, 0x83cc,
    0x83cc, 0x83cc, 0x734b, 0x6b0a, 0x5288, 0x3185, 0x41e6, 0x41e6, 0x41e6, 0x41e6, 0x41e6, 0x41e6,
    0x39a6, 0x3165, 0x3185, 0x41e6, 0x4a47, 0x5268, 0x5268, 0x5268, 0x6b09, 0x62c9, 0x5267, 0x4a27,
    0x41c6, 0x41c6, 0x41c6, 0x4a27, 0x5267, 0x5267, 0x5267, 0x5247, 0x5247, 0x5247, 0x5247, 0x62e9,
    0x62c8, 0x7b6a, 0x7b6a, 0x838b, 0x838b, 0x7b8b, 0x7b6a, 0x732a, 0x734a, 0x7b8a, 0x7b6a, 0x7b6a,
    0x838b, 0x8beb, 0x8bcb, 0x7b6a, 0x7b6a, 0x7b6a, 0x7b6a, 0x7b4a, 0x7b4a, 0x7b4a, 0x7b4a, 0x7b4a,
    0x7b4a, 0x7b49, 0x7349, 0x7329, 0x6b09, 0x7329, 0x7329, 0x7b6a, 0x838a, 0x838a, 0x838a, 0x838a,
    0x836a, 0x7b6a, 0x7b6a, 0x7329, 0x5206, 0x5206, 0x5226, 0x5a47, 0x5a47, 0x5a47, 0x5226, 0x5206,
    0x5206, 0x5206, 0x5226, 0x5226, 0x5226, 0x5226, 0x5226, 0x5226, 0x5226, 0x5226, 0x5226, 0x5a47,
    0x5a67, 0x5a47, 0x5226, 0x5a67, 0x6267, 0x6267, 0x6267, 0x6267, 0x6267, 0x6267, 0x5a46, 0x5a46,
    0x5a47, 0x6288, 0x6ac8, 0x6ac8, 0x6267, 0x6267, 0x5a67, 0x6287, 0x6aa8, 0x6aa8, 0x5a47, 0x5a47,
    0x5a47, 0x5226, 0x5206, 0x5206, 0x5a47, 0x6267, 0x6267, 0x6267, 0x6267, 0x5a47, 0x49e5, 0x49e5,
    0x49e5, 0x49e5, 0x49e5, 0x49c5, 0x49c5, 0x49e6, 0x49e6, 0x49e5, 0x49e5, 0x49e6, 0x5206, 0x5206,
    0x41c5, 0x41a5, 0x41c5, 0x41c5, 0x41c5, 0x49c5, 0x3164, 0x3964, 0x3964, 0x3964, 0x3964, 0x3964,
    0x3984, 0x3984, 0x3984, 0x3984, 0x41a4, 0x3984, 0x3984, 0x3984, 0x41a4, 0x41a5, 0x49c5, 0x49e5,
    0x49e5, 0x49e5, 0x49e5, 0x4a06, 0x5206, 0x5206, 0x5a67, 0x5a67, 0x6267, 0x6287, 0x6287, 0x5a67,
    0x6267, 0x62a7, 0x8b8a, 0x8b8a, 0x7b49, 0x836a, 0x8bab, 0x8bcb, 0x93cb, 0x8b8a, 0x838a, 0x7b49,
    0x93eb, 0x93eb, 0x8bab, 0x836a, 0x838a, 0x93ec, 0x93ec, 0x9c2c, 0x940c, 0x940c, 0x9c2c, 0x7b6a,
    0x62c9, 0x5288, 0x3184, 0x3184, 0x3164, 0x2924, 0x20e3, 0x2924, 0x2944, 0x2944, 0x39a5, 0x39c5,
    0x3185, 0x3165, 0x3165, 0x2924, 0x4206, 0x4a27, 0x5aa8, 0x5247, 0x5a88, 0x736b, 0x7b6b, 0x83cd,
    0x4a48, 0x41e8, 0x6b2b, 0x6b4c, 0x5289, 0x4a49, 0x630b, 0x4a49, 0x5aeb, 0x5acb, 0x6b6e, 0xa513,
    0x52ab, 0x5acc, 0x73af, 0xad75, 0x5aec, 0x6b6e, 0x8430, 0x8c71, 0xa514, 0x8c51, 0x7bf0, 0x8411,
    0x8411, 0xb596, 0x9cf4, 0x738f, 0x73af, 0x9493, 0x738f, 0xfe8b, 0xfe25, 0xfc82, 0xfc22, 0xfc62,
    0xfcc3, 0xfd23, 0xfcc3, 0xfc02, 0xfbe1, 0xfc02, 0xfde5, 0xffe9, 0xffe9, 0xfc82, 0xfce3, 0xfd64,
    0xff27, 0xfd84, 0xfbc1, 0xfbe1, 0xfc62, 0xfc62, 0xfc22, 0xfc22, 0xfc02, 0xfd03, 0xfdc4, 0xfd84,
    0xfd43, 0xfd43, 0xfcc2, 0xfc82, 0xffc9, 0xfea7, 0xffef, 0xfff0, 0xfe45, 0xfda4, 0xfd63, 0xfd84,
    0x9cf3, 0x6b4d, 0x736c, 0x7bac, 0x7bac, 0x630a, 0x5288, 0x5288, 0x5288, 0x41e7, 0x41e7, 0x41e7,
    0x41e7, 0x41e7, 0x5288, 0x5aa9, 0x5288, 0x6b2a, 0x6b2a, 0x83cc, 0x83cc, 0x83cc, 0x734b, 0x6b0a,
    0x6b0a, 0x6b0a, 0x5aa8, 0x41e6, 0x41e6, 0x41e6, 0x41e6, 0x41e6, 0x39a6, 0x3165, 0x3185, 0x41e6,
    0x41e6, 0x41e6, 0x5268, 0x5268, 0x6b09, 0x62c9, 0x5267, 0x4a27, 0x41c6, 0x41c6, 0x41c6, 0x41c6,
    0x39c6, 0x41e6, 0x5267, 0x5247, 0x5247, 0x5247, 0x5247, 0x62e9, 0x62c8, 0x7b6a, 0x7b6a, 0x5247,
    0x5247, 0x7329, 0x7b6a, 0x732a, 0x734a, 0x7b8a, 0x7b6a, 0x7b6a, 0x838b, 0x8bec, 0x8bcb, 0x8bcb,
    0x83ab, 0x7b6a, 0x7b6a, 0x7b4a, 0x7b4a, 0x7b4a, 0x7b4a, 0x7b4a, 0x7b4a, 0x7b4a, 0x7b49, 0x7349,
    0x7329, 0x6b09, 0x6b09, 0x7b6a, 0x838a, 0x838a, 0x838a, 0x838a, 0x836a, 0x7b6a, 0x7b6a, 0x7329,
    0x5206, 0x5206, 0x5226, 0x5a47, 0x5a47, 0x5a47, 0x5226, 0x5206, 0x5206, 0x5226, 0x5226, 0x5226,
    0x5226, 0x5226, 0x5226, 0x5226, 0x5226, 0x5226, 0x5226, 0x5a47, 0x5a67, 0x5226, 0x5226, 0x5a67,
    0x6267, 0x6267, 0x6267, 0x6267, 0x6267, 0x6267, 0x5a46, 0x5a46, 0x5a47, 0x6288, 0x6ac8, 0x6287,
    0x6267, 0x6267, 0x5a67, 0x6287, 0x6aa8, 0x6267, 0x5226, 0x5a47, 0x5a47, 0x5226, 0x5206, 0x5226,
    0x6267, 0x6287, 0x6267, 0x6267, 0x6267, 0x5226, 0x49e5, 0x49e5, 0x49e5, 0x49e5, 0x49e5, 0x49c5,
    0x49c5, 0x49e6, 0x49e6, 0x49e5, 0x49e5, 0x49e6, 0x5206, 0x5206, 0x41a5, 0x41a5, 0x41c5, 0x41c5,
    0x49e5, 0x49c5, 0x3164, 0x3964, 0x3964, 0x3984, 0x3984, 0x3984, 0x3984, 0x3984, 0x3984, 0x3984,
    0x41a4, 0x3984, 0x3984, 0x3984, 0x41a4, 0x41a5, 0x49c5, 0x49e5, 0x49e5, 0x49e5, 0x49e5, 0x4a06,
    0x5206, 0x5206, 0x5a67, 0x5a67, 0x6267, 0x6287, 0x6287, 0x6287, 0x6287, 0x62a7, 0x836a, 0x8b8a,
    0x7b4a, 0x836a, 0x8bcb, 0x8bcb, 0x93cb, 0x838a, 0x838a, 0x838a, 0x93eb, 0x93eb, 0x836a, 0x836a,
    0x93cb, 0x9c4c, 0x93ec, 0x93eb, 0x93ec, 0x9c2c, 0x9c2c, 0x7b8b, 0x62c9, 0x5267, 0x3184, 0x3184,
    0x3164, 0x2924, 0x20e3, 0x2924, 0x3185, 0x3164, 0x39a5, 0x39a5, 0x3185, 0x3165, 0x3165, 0x2924,
    0x3185, 0x4a27, 0x5a88, 0x5247, 0x5a88, 0x736b, 0x7b6b, 0x7bcd, 0x4208, 0x41e8, 0x6b4b, 0x630b,
    0x5289, 0x5aaa, 0x5aca, 0x52aa, 0x630c, 0x5acb, 0x6b4e, 0xa513, 0xa514, 0x5aab, 0x8c72, 0xad55,
    0xad75, 0x8410, 0x8430, 0x94b2, 0xa513, 0x9492, 0x7bf0, 0x7bd0, 0x6b4e, 0xb596, 0x8431, 0xa535,
    0xdefb, 0xc639, 0x738f, 0xfff0, 0xfd64, 0xfbe1, 0xfb61, 0xfbc1, 0xfcc3, 0xfd43, 0xfd43, 0xfc62,
    0xfbe1, 0xfc02, 0xfdc5, 0xffc9, 0xffe9, 0xfc02, 0xfd84, 0xfea6, 0xff27, 0xffea, 0xfe25, 0xfc62,
    0xfc62, 0xfc42, 0xfe05, 0xfcc3, 0xfc02, 0xfbe1, 0xfc22, 0xfd84, 0xfd43, 0xfd23, 0xfd43, 0xfc82,
    0xffc9, 0xffea, 0xffec, 0xfff0, 0xfe65, 0xfde4, 0xfdc4, 0xfd84, 0xa534, 0x6b4c, 0x736c, 0x7b8c,
    0x7bac, 0x630a, 0x5268, 0x5aa9, 0x5288, 0x41e7, 0x41e7, 0x41e7, 0x41e7, 0x41e7, 0x5288, 0x62c9,
    0x6b2a, 0x6b2a, 0x6b0a, 0x7bcc, 0x7bcc, 0x7bac, 0x6b4b, 0x6b0a, 0x6b0a, 0x6b0a, 0x6b0a, 0x62c9,
    0x5268, 0x41c6, 0x41e6, 0x41e6, 0x39a6, 0x3165, 0x3185, 0x41e6, 0x41e6, 0x41e6, 0x3185, 0x3165,
    0x5a88, 0x62c9, 0x5267, 0x4a27, 0x41c6, 0x41c6, 0x41c6, 0x41c6, 0x39c6, 0x39c6, 0x39c6, 0x3165,
    0x5247, 0x5247, 0x5247, 0x62e9, 0x62c8, 0x7b6a, 0x7b6a, 0x5247, 0x5247, 0x5247, 0x4a06, 0x4a27,
    0x734a, 0x7b8a, 0x7b8a, 0x7b6a, 0x838b, 0x8bec, 0x8bcb, 0x8bcb, 0x83ab, 0x7b6a, 0x7b6a, 0x7309,
    0x7b4a, 0x7b4a, 0x7b4a, 0x7b4a, 0x7b4a, 0x7b4a, 0x7b49, 0x7349, 0x7329, 0x6b09, 0x6ae8, 0x6ae8,
    0x6ae8, 0x7b4a, 0x838a, 0x838a, 0x836a, 0x7b6a, 0x7b6a, 0x7b29, 0x5206, 0x5206, 0x5226, 0x5a47,
    0x5a47, 0x5a47, 0x5226, 0x5206, 0x5206, 0x5226, 0x5226, 0x5226, 0x5226, 0x5226, 0x5226, 0x5226,
    0x5226, 0x5226, 0x5226, 0x5a47, 0x5a46, 0x5226, 0x5226, 0x6267, 0x6267, 0x6267, 0x6267, 0x6267,
    0x6267, 0x6267, 0x5a46, 0x5a47, 0x5a47, 0x6288, 0x6aa8, 0x6267, 0x6267, 0x6267, 0x5a67, 0x6287,
    0x6aa8, 0x5226, 0x5226, 0x5a47, 0x5a47, 0x5226, 0x5206, 0x5a46, 0x6267, 0x6287, 0x6267, 0x6267,
    0x5a47, 0x5206, 0x49e5, 0x49e5, 0x49e5, 0x49e5, 0x49e5, 0x49c5, 0x49c5, 0x49e6, 0x49e6, 0x49e5,
    0x49e5, 0x49e6, 0x5206, 0x49e5, 0x41a5, 0x41a5, 0x41c5, 0x49c5, 0x49e5, 0x49c5, 0x3164, 0x3964,
    0x3964, 0x3984, 0x3984, 0x3984, 0x3984, 0x3984, 0x3984, 0x3984, 0x41a4, 0x3984, 0x3984, 0x3984,
    0x41a4, 0x41a5, 0x49c5, 0x49e5, 0x5226, 0x5206, 0x49e5, 0x4a06, 0x5206, 0x5206, 0x5a67, 0x5a67,
    0x6267, 0x6287, 0x6287, 0x6287, 0x6287, 0x62a7, 0x7b49, 0x8baa, 0x7b4a, 0x838a, 0x8bcb, 0x8bcb,
    0x8bab, 0x838a, 0x838a, 0x93eb, 0x93eb, 0x93eb, 0x7b29, 0x836a, 0x9c2c, 0x9c4c, 0x93eb, 0x83ab,
    0x93ec, 0x9c4d, 0x9c2c, 0x7b8a, 0x5aa8, 0x5a88, 0x3184, 0x3184, 0x3164, 0x2924, 0x20e3, 0x2924,
    0x3185, 0x39a5, 0x4a06, 0x39c5, 0x3185, 0x3165, 0x3165, 0x2924, 0x3185, 0x4206, 0x4a06, 0x5247,
    0x5a88, 0x736b, 0x736b, 0x738c, 0x4208, 0x39e8, 0x6b4b, 0x630b, 0x62eb, 0x5269, 0x4a69, 0x52aa,
    0x630b, 0x528a, 0x8430, 0x9cf3, 0x8c71, 0x52ab, 0x7bf0, 0x9cd3, 0xad75, 0x738f, 0x73af, 0x8410,
    0xa513, 0x94b2, 0x8431, 0x738f, 0x6b4e, 0xb596, 0x9cd3, 0xb596, 0xdefb, 0xe71c, 0x632d, 0xfff0,
    0xfee7, 0xfc82, 0xfb61, 0xfb81, 0xfc02, 0xfc82, 0xfce3, 0xfc82, 0xfc22, 0xfc02, 0xfdc5, 0xff47,
    0xff07, 0xfc62, 0xfd84, 0xffeb, 0xfff1, 0xffec, 0xfd23, 0xfd6f, 0xfd23, 0xfcc3, 0xfe05, 0xfea6,
    0xfe45, 0xfc22, 0xfc22, 0xfda4, 0xfec6, 0xfdc4, 0xfd43, 0xfec6, 0xffeb, 0xffeb, 0xffec, 0xfe25,
    0xfc22, 0xfde4, 0xfdc4, 0xfde4, 0xad55, 0x6b4c, 0x736c, 0x738c, 0x7b8c, 0x630a, 0x5268, 0x5aea,
    0x6b0a, 0x4a48, 0x41e7, 0x41e7, 0x41e7, 0x41e7, 0x5288, 0x5ac9, 0x6b0a, 0x6b0a, 0x6b0a, 0x6b0a,
    0x7b8b, 0x7bac, 0x6b4b, 0x6b0a, 0x6b0a, 0x6b0a, 0x6b0a, 0x62c9, 0x5268, 0x5268, 0x5268, 0x41e6,
    0x39a6, 0x3165, 0x3185, 0x41e6, 0x41e6, 0x41e6, 0x3185, 0x3165, 0x3165, 0x3165, 0x4a06, 0x4a27,
    0x41c6, 0x41c6, 0x41c6, 0x41c6, 0x39c6, 0x39c6, 0x39c6, 0x3165, 0x3165, 0x3165, 0x4206, 0x62e9,
    0x62c8, 0x7b6a, 0x7b6a, 0x5247, 0x5247, 0x5247, 0x4a06, 0x39a5, 0x41e6, 0x5247, 0x7b8a, 0x7b6a,
    0x838b, 0x8bec, 0x8beb, 0x8bcb, 0x83ab, 0x7b6a, 0x7b6a, 0x7309, 0x6b09, 0x6b09, 0x7329, 0x7b4a,
    0x7b4a, 0x7b4a, 0x7b49, 0x7349, 0x7329, 0x6b09, 0x6ae8, 0x6ae8, 0x6ae8, 0x6ae9, 0x7329, 0x7b49,
    0x836a, 0x7b6a, 0x7b6a, 0x7b29, 0x5206, 0x5206, 0x5226, 0x5a47, 0x5a47, 0x5a47, 0x5226, 0x5206,
    0x5226, 0x5226, 0x5226, 0x5226, 0x5226, 0x5226, 0x5226, 0x5226, 0x5226, 0x5226, 0x5226, 0x5a26,
    0x5226, 0x5226, 0x5226, 0x6267, 0x6267, 0x6267, 0x6267, 0x6267, 0x6267, 0x6267, 0x5a46, 0x5a47,
    0x5a47, 0x62a8, 0x6267, 0x6267, 0x6267, 0x6267, 0x6267, 0x6287, 0x5a47, 0x5226, 0x5226, 0x5a47,
    0x5a47, 0x5226, 0x5226, 0x5a46, 0x6267, 0x6287, 0x6267, 0x6267, 0x5226, 0x5206, 0x49e5, 0x49e5,
    0x49e5, 0x49e5, 0x49e5, 0x49c5, 0x49c5, 0x4a06, 0x49e6, 0x49e5, 0x49e5, 0x49e6, 0x5206, 0x49c5,
    0x41a5, 0x41a5, 0x41c5, 0x49e5, 0x49e5, 0x49c5, 0x3164, 0x3964, 0x3964, 0x3984, 0x3984, 0x3984,
    0x3984, 0x3984, 0x3984, 0x3984, 0x41a4, 0x3984, 0x3984, 0x3984, 0x41a4, 0x41a5, 0x49c5, 0x49e5,
    0x5226, 0x5226, 0x5226, 0x4a06, 0x5206, 0x5206, 0x5a67, 0x5a67, 0x6267, 0x6287, 0x6287, 0x6287,
    0x6287, 0x62a7, 0x7b49, 0x8baa, 0x7b4a, 0x8baa, 0x8bcb, 0x93cb, 0x8bab, 0x838a, 0x838a, 0x93eb,
    0x93eb, 0x8bcb, 0x7329, 0x836a, 0x9c4c, 0x9c4c, 0x8bcb, 0x83aa, 0x93ec, 0xa46d, 0x9c2c, 0x7b6a,
    0x5a88, 0x5aa8, 0x3184, 0x2944, 0x2924, 0x2924, 0x20e3, 0x2924, 0x3185, 0x39a5, 0x4a06, 0x4a26,
    0x4206, 0x3165, 0x3165, 0x2924, 0x3185, 0x4206, 0x4a06, 0x5268, 0x5aa8, 0x6b2a, 0x736b, 0x738c,
    0x4228, 0x4228, 0x6b4b, 0x630b, 0x62eb, 0x5269, 0x4228, 0x5aeb, 0x5acb, 0x528a, 0x9cd3, 0x94b2,
    0x7bef, 0x52ab, 0x9491, 0x9492, 0x94b2, 0x738e, 0x73af, 0x73af, 0x8410, 0x94b2, 0x8431, 0x738f,
    0x7bf0, 0xad54, 0x8c52, 0xb596, 0xd6ba, 0xce79, 0x5aec, 0xffec, 0xfee7, 0xfc82, 0xfc42, 0xfce3,
    0xfc02, 0xfc42, 0xfc01, 0xfbe1, 0xfc22, 0xfbc1, 0xfbc1, 0xfe05, 0xff07, 0xfc82, 0xfda4, 0xffeb,
    0xfff1, 0xfff2, 0xff27, 0xfe11, 0xa514, 0x9493, 0xffed, 0xffc9, 0xfe45, 0xfc82, 0xfc02, 0xfd23,
    0xfec6, 0xff07, 0xfe25, 0xfe86, 0xffeb, 0xffeb, 0xff88, 0xfda4, 0xfc22, 0xfc82, 0xfce2, 0xfda4,
    0xad54, 0x6b2c, 0x6b4c, 0x738c, 0x7b8c, 0x630a, 0x5268, 0x5ac9, 0x630a, 0x5288, 0x5288, 0x4a48,
    0x41e7, 0x41e7, 0x5288, 0x5ac9, 0x6b0a, 0x6b0a, 0x6b0a, 0x6b0a, 0x736b, 0x7bac, 0x6b4a, 0x6b0a,
    0x6b0a, 0x6b0a, 0x6b0a, 0x62c9, 0x5268, 0x5268, 0x5268, 0x6b0a, 0x6b0a, 0x41e7, 0x3185, 0x41e6,
    0x41e6, 0x41e6, 0x3185, 0x3165, 0x3165, 0x3165, 0x3165, 0x3165, 0x3185, 0x41c6, 0x41c6, 0x41c6,
    0x39c6, 0x39c6, 0x39c6, 0x3165, 0x3165, 0x3165, 0x3165, 0x39c6, 0x5a67, 0x7b6a, 0x7b6a, 0x5247,
    0x5247, 0x5247, 0x4a06, 0x39a5, 0x41e6, 0x5247, 0x5226, 0x5226, 0x7329, 0x8bec, 0x8bec, 0x8bcb,
    0x83ab, 0x7b6a, 0x7b6a, 0x7309, 0x7309, 0x6b09, 0x6b09, 0x7b4a, 0x7b4a, 0x7b4a, 0x7b4a, 0x7b49,
    0x7349, 0x6b09, 0x6ae8, 0x6ae8, 0x6ae8, 0x6ae9, 0x7329, 0x7329, 0x7309, 0x6ae8, 0x7329, 0x7b29,
    0x5206, 0x5226, 0x5a47, 0x5a47, 0x5a47, 0x5a47, 0x5226, 0x5206, 0x5226, 0x5226, 0x5226, 0x5226,
    0x5226, 0x5226, 0x5226, 0x5226, 0x5226, 0x5226, 0x5226, 0x5226, 0x5226, 0x5226, 0x5226, 0x6267,
    0x6267, 0x6267, 0x6267, 0x6267, 0x6267, 0x6267, 0x5a47, 0x5a47, 0x5a47, 0x5a67, 0x6267, 0x6267,
    0x6267, 0x6267, 0x6267, 0x5a67, 0x5226, 0x5226, 0x5226, 0x5a47, 0x5a47, 0x5226, 0x5a47, 0x5a46,
    0x6267, 0x6287, 0x6267, 0x5a46, 0x5226, 0x5206, 0x49e5, 0x49e5, 0x49e5, 0x49e5, 0x49e5, 0x49c5,
    0x49c5, 0x4a06, 0x49e6, 0x49e5, 0x49e5, 0x49e6, 0x49e5, 0x49e5, 0x41a5, 0x41a5, 0x49e5, 0x49e5,
    0x49e5, 0x49c5, 0x3164, 0x3964, 0x3964, 0x3984, 0x3984, 0x3984, 0x3984, 0x3984, 0x3984, 0x3984,
    0x3984, 0x3984, 0x3984, 0x3984, 0x41a4, 0x41a5, 0x49c5, 0x49e5, 0x5226, 0x5226, 0x5226, 0x5226,
    0x5206, 0x5206, 0x5a67, 0x5a67, 0x6267, 0x6287, 0x6287, 0x6287, 0x6287, 0x62a7, 0x7b49, 0x8baa,
    0x836a, 0x8bab, 0x8bcb, 0x93cb, 0x8bab, 0x838a, 0x8bab, 0x93eb, 0x93eb, 0x8baa, 0x7329, 0x838a,
    0x9c2c, 0x9c4c, 0x8bab, 0x838a, 0x93ec, 0xa46d, 0x940c, 0x734a, 0x5247, 0x62c9, 0x3184, 0x2944,
    0x2924, 0x2924, 0x2103, 0x2924, 0x3185, 0x39a5, 0x4a06, 0x4a26, 0x5288, 0x5a88, 0x4206, 0x2924,
    0x3185, 0x4206, 0x4a06, 0x5268, 0x5aa8, 0x5ac9, 0x736b, 0x6b4b, 0x4a49, 0x4228, 0x6b4b, 0x5289,
    0x6b6c, 0x4a69, 0x4228, 0x52aa, 0x5aab, 0x528a, 0x8430, 0x8c30, 0x6b6e, 0x52ab, 0x8c71, 0x9491,
    0x8c51, 0x73af, 0x8c51, 0x7bf0, 0x8410, 0x94b2, 0x9cd2, 0x738f, 0x7bf0, 0xa514, 0x8c52, 0xc618,
    0xce59, 0xc618, 0xd50c, 0xffec, 0xfcc2, 0xfc42, 0xfc82, 0xfce3, 0xfd84, 0xfc62, 0xfc01, 0xfbe1,
    0xfc22, 0xfcc2, 0xfbc1, 0xfc02, 0xfc22, 0xfe45, 0xfda4, 0xfe25, 0xfe45, 0xffee, 0xff27, 0xb596,
    0xa514, 0x9493, 0x8c73, 0x73af, 0xffa9, 0xfd03, 0xfc02, 0xfc22, 0xfcc2, 0xfe45, 0xfe25, 0xfe05,
    0xfe86, 0xffe9, 0xff88, 0xfc02, 0xfbc1, 0xfc62, 0xfce2, 0xfd23, 0xa534, 0x632c, 0x6b4c, 0x738c,
    0x738c, 0x630a, 0x5268, 0x5ac9, 0x630a, 0x5288, 0x5288, 0x5288, 0x3165, 0x3165, 0x5288, 0x5ac9,
    0x6b0a, 0x6b0a, 0x6b0a, 0x6b0a, 0x736b, 0x7bac, 0x6b4a, 0x6b0a, 0x6b0a, 0x6b0a, 0x6b0a, 0x62c9,
    0x5268, 0x5268, 0x5268, 0x6b09, 0x6b0a, 0x6b0a, 0x6b0a, 0x5268, 0x41e6, 0x41e6, 0x3185, 0x3165,
    0x3165, 0x3165, 0x3165, 0x3165, 0x3165, 0x41e6, 0x5267, 0x41c6, 0x39c6, 0x39c6, 0x39c6, 0x3165,
    0x3165, 0x3165, 0x3165, 0x39c6, 0x39c6, 0x5247, 0x5247, 0x5247, 0x5247, 0x5247, 0x4a06, 0x39a5,
    0x41e6, 0x5226, 0x5226, 0x5226, 0x5247, 0x62a8, 0x6ae9, 0x8beb, 0x83ab, 0x7b6a, 0x7b6a, 0x7309,
    0x7309, 0x6b09, 0x6b09, 0x7b4a, 0x7b4a, 0x7b4a, 0x7b4a, 0x7b49, 0x7349, 0x6b09, 0x6ae8, 0x6ae8,
    0x6ae8, 0x6ae9, 0x7329, 0x7329, 0x7309, 0x6ae8, 0x62c8, 0x62a8, 0x5206, 0x5a47, 0x5a47, 0x5a47,
    0x5a47, 0x5a47, 0x5a26, 0x5226, 0x5226, 0x5226, 0x5226, 0x5226, 0x5226, 0x5226, 0x5226, 0x5226,
    0x5226, 0x5226, 0x5226, 0x5226, 0x5226, 0x5226, 0x5226, 0x6267, 0x6267, 0x6267, 0x6267, 0x6267,
    0x6267, 0x6267, 0x5a47, 0x5a47, 0x5a47, 0x6287, 0x6267, 0x6267, 0x6267, 0x6267, 0x6267, 0x5a47,
    0x5226, 0x5226, 0x5226, 0x5a47, 0x5a47, 0x5a47, 0x5a47, 0x5a46, 0x6267, 0x6287, 0x6267, 0x5226,
    0x5226, 0x5206, 0x49e5, 0x49e5, 0x49e5, 0x49e5, 0x49e5, 0x49c5, 0x49c5, 0x4a06, 0x49e6, 0x49e5,
    0x49e5, 0x49e5, 0x49e5, 0x49e5, 0x41a5, 0x41a5, 0x49e5, 0x49e5, 0x49e5, 0x49c5, 0x3144, 0x3964,
    0x3964, 0x3984, 0x3984, 0x3984, 0x3984, 0x3984, 0x3984, 0x3984, 0x3984, 0x3964, 0x3984, 0x3984,
    0x41a4, 0x41a5, 0x49c5, 0x49e5, 0x5226, 0x5226, 0x5226, 0x5226, 0x5206, 0x5206, 0x5a46, 0x5a67,
    0x6267, 0x6287, 0x6287, 0x6287, 0x6287, 0x62a7, 0x7b49, 0x8baa, 0x8b8a, 0x8bab, 0x8bcb, 0x93cb,
    0x8bab, 0x838a, 0x8bab, 0x93cb, 0x93eb, 0x838a, 0x7329, 0x83aa, 0x9c2c, 0x9c2c, 0x838a, 0x838a,
    0x93ec, 0xa46d, 0x93eb, 0x6b09, 0x5247, 0x62e9, 0x3184, 0x2944, 0x2924, 0x2924, 0x2924, 0x39a5,
    0x3185, 0x39a5, 0x4a06, 0x4a26, 0x5288, 0x5a88, 0x5247, 0x39c6, 0x39c5, 0x4206, 0x4a06, 0x5268,
    0x5aa8, 0x5ac9, 0x736b, 0x6b4b, 0x4a49, 0x4a48, 0x5aea, 0x4a49, 0x7bce, 0x4a28, 0x39e8, 0x632c,
    0x5acb, 0x630c, 0x8430, 0x9cf3, 0x8410, 0x6b2d, 0x8c71, 0x8410, 0x8430, 0x7bef, 0x8c71, 0x73af,
    0x7bd0, 0x8c71, 0x9cd3, 0x8411, 0x94b3, 0x9cd3, 0x8c52, 0xb596, 0xc617, 0xa514, 0xcb89, 0xfc82,
    0xfcc2, 0xfc62, 0xfd84, 0xff07, 0xfd84, 0xfc02, 0xfbc1, 0xfbc1, 0xfc22, 0xfd43, 0xfce2, 0xfc82,
    0xfd24, 0xff27, 0xffea, 0xff68, 0xfe45, 0xfee6, 0xfce3, 0xb596, 0xad75, 0x9cd3, 0x8c73, 0x73af,
    0x8411, 0xcc2e, 0xfba1, 0xfc02, 0xfcc2, 0xfd23, 0xfd63, 0xfdc4, 0xfe86, 0xfe45, 0xfd84, 0xfc02,
    0xfbc1, 0xfbe1, 0xfc42, 0xfd03, 0xa534, 0x632c, 0x6b4c, 0x738c, 0x62ea, 0x5ac9, 0x5268, 0x5ac9,
    0x630a, 0x5288, 0x5288, 0x5288, 0x3165, 0x3165, 0x5288, 0x5ac9, 0x6b0a, 0x6b0a, 0x6b0a, 0x6b0a,
    0x736b, 0x7bac, 0x6b4a, 0x6b0a, 0x6b0a, 0x62c9, 0x5aa8, 0x62c9, 0x5268, 0x5268, 0x5268, 0x6b09,
    0x6b09, 0x6b0a, 0x6b0a, 0x6b0a, 0x7b6b, 0x6b0a, 0x3185, 0x3165, 0x3165, 0x3165, 0x3165, 0x3165,
    0x3165, 0x41e6, 0x5267, 0x5267, 0x5267, 0x41e6, 0x39c6, 0x3165, 0x3165, 0x3165, 0x3165, 0x39c6,
    0x39c6, 0x5247, 0x5247, 0x39a5, 0x41c6, 0x5247, 0x4a06, 0x39a5, 0x41e6, 0x5226, 0x5226, 0x5226,
    0x5247, 0x62a8, 0x62a8, 0x62a8, 0x62a8, 0x7329, 0x7b6a, 0x7309, 0x7309, 0x6b09, 0x6b09, 0x7b4a,
    0x7b4a, 0x7b4a, 0x7b4a, 0x7b49, 0x7349, 0x7329, 0x6ae8, 0x6ae8, 0x6ae8, 0x6ae9, 0x7329, 0x7329,
    0x7309, 0x6ae8, 0x62c8, 0x62a8, 0x5a47, 0x5a47, 0x5a47, 0x5a47, 0x5a47, 0x5a47, 0x5a46, 0x5226,
    0x5226, 0x5226, 0x5226, 0x5226, 0x5226, 0x5226, 0x5226, 0x5226, 0x5226, 0x5226, 0x5226, 0x5226,
    0x5226, 0x5226, 0x5226, 0x6267, 0x6267, 0x6267, 0x6267, 0x6267, 0x6267, 0x6267, 0x5a47, 0x5a47,
    0x6287, 0x6287, 0x6267, 0x6267, 0x6267, 0x6267, 0x6267, 0x5a47, 0x5226, 0x5226, 0x5226, 0x5a47,
    0x5a47, 0x5a47, 0x5a47, 0x5a46, 0x6267, 0x6287, 0x6287, 0x5226, 0x5226, 0x5206, 0x49e6, 0x49e5,
    0x49e5, 0x49e5, 0x49e5, 0x49e5, 0x49e5, 0x4a06, 0x49e6, 0x49e6, 0x49e5, 0x49e5, 0x49e5, 0x49e5,
    0x41a5, 0x49e5, 0x49e5, 0x49e5, 0x49e5, 0x41c5, 0x3143, 0x3144, 0x3964, 0x3984, 0x3984, 0x3984,
    0x3984, 0x3984, 0x3984, 0x3984, 0x3984, 0x3964, 0x3964, 0x3984, 0x41a4, 0x41a5, 0x49c5, 0x49e5,
    0x5226, 0x5226, 0x5226, 0x5226, 0x5206, 0x5206, 0x5226, 0x5206, 0x6267, 0x6287, 0x6287, 0x6287,
    0x6287, 0x62a7, 0x7b49, 0x8baa, 0x8bab, 0x8bab, 0x8bcb, 0x93cb, 0x8bab, 0x838a, 0x93cb, 0x93cb,
    0x8baa, 0x838a, 0x7329, 0x8bab, 0x9c2c, 0x9c0c, 0x838a, 0x838a, 0x93ec, 0xa46d, 0x8bab, 0x62c8,
    0x5a88, 0x62e9, 0x3184, 0x2944, 0x2924, 0x2924, 0x2924, 0x39a5, 0x41e6, 0x4a06, 0x4a06, 0x4a26,
    0x5268, 0x5a88, 0x4a47, 0x39a6, 0x3165, 0x3185, 0x4a06, 0x5268, 0x5aa8, 0x5ac9, 0x736b, 0x6b2b,
    0x5289, 0x5269, 0x5aea, 0x4a49, 0x7bce, 0x4228, 0x528a, 0x632c, 0x5aec, 0x6b4d, 0x8410, 0x9cd3,
    0x73ae, 0x8410, 0x8c71, 0x8410, 0x8430, 0x9491, 0x9cf3, 0x7baf, 0x7bd0, 0x8431, 0x9cd3, 0x8411,
    0x94b3, 0x9cd3, 0x8c52, 0xc638, 0xc617, 0xa514, 0xfc06, 0xfc62, 0xfc02, 0xfc02, 0xfd84, 0xff07,
    0xffec, 0xfd84, 0xfba1, 0xfc22, 0xfd43, 0xff88, 0xfce2, 0xfcc2, 0xfe05, 0xffe9, 0xffec, 0xffc9,
    0xfde5, 0xfe05, 0xfce3, 0xb596, 0xad75, 0x9cd3, 0x73b0, 0x8c72, 0x8411, 0x94b3, 0xb5b6, 0xb5b6,
    0xfba1, 0xfc42, 0xfd63, 0xfd63, 0xfd23, 0xfd23, 0xfd84, 0xfc02, 0xfbe1, 0xfc01, 0xfc02, 0xfce3,
    0xe510, 0x630c, 0x6b4c, 0x738c, 0x62ea, 0x62ea, 0x62ea, 0x5aa9, 0x630a, 0x5268, 0x5288, 0x5288,
    0x3165, 0x3165, 0x5288, 0x5ac9, 0x6b0a, 0x6b0a, 0x6b0a, 0x6b0a, 0x736b, 0x7bac, 0x6b2a, 0x6b0a,
    0x6b0a, 0x62c9, 0x5268, 0x4a27, 0x39c6, 0x5268, 0x5268, 0x6b09, 0x6b09, 0x6b09, 0x6b0a, 0x6b0a,
    0x7b6b, 0x83ac, 0x83ab, 0x83ab, 0x3165, 0x3165, 0x3165, 0x3165, 0x3165, 0x41e6, 0x5267, 0x5267,
    0x5267, 0x62c8, 0x62e9, 0x41e6, 0x3165, 0x3165, 0x3165, 0x39c6, 0x39c6, 0x5247, 0x5247, 0x39a5,
    0x41c6, 0x5247, 0x4a06, 0x39a5, 0x41c6, 0x5226, 0x5226, 0x5226, 0x5247, 0x62a8, 0x62a8, 0x62a8,
    0x62a8, 0x62a8, 0x62a8, 0x5247, 0x7309, 0x7309, 0x6b09, 0x7b4a, 0x7b4a, 0x7b4a, 0x7b4a, 0x7b4a,
    0x7b49, 0x7329, 0x7329, 0x7329, 0x6ae8, 0x6ae9, 0x7329, 0x7329, 0x7309, 0x6ae9, 0x62c8, 0x62a8,
    0x5a47, 0x5a47, 0x5a47, 0x5a47, 0x5a47, 0x5a47, 0x5a46, 0x5226, 0x5226, 0x5226, 0x5226, 0x5226,
    0x5226, 0x5226, 0x5226, 0x5226, 0x5226, 0x5226, 0x5226, 0x5226, 0x5226, 0x5226, 0x5a26, 0x6267,
    0x6267, 0x6267, 0x6267, 0x6267, 0x6267, 0x6267, 0x5a47, 0x5a67, 0x6287, 0x6287, 0x6267, 0x6267,
    0x6267, 0x6267, 0x6267, 0x5a47, 0x5226, 0x5226, 0x5a26, 0x5a47, 0x5a47, 0x5a47, 0x5a47, 0x5a46,
    0x6267, 0x6287, 0x6287, 0x5226, 0x5226, 0x5206, 0x49e6, 0x49e5, 0x49e5, 0x49e5, 0x49e5, 0x49e5,
    0x5206, 0x4a06, 0x49e6, 0x49e6, 0x49e5, 0x49e5, 0x49e5, 0x49e5, 0x41a5, 0x49e5, 0x49e5, 0x49e5,
    0x49e5, 0x41a5, 0x3143, 0x3144, 0x3964, 0x3984, 0x3984, 0x3984, 0x3984, 0x3984, 0x3984, 0x3984,
    0x3984, 0x3964, 0x3964, 0x3984, 0x41a5, 0x41a5, 0x49c5, 0x49e5, 0x5226, 0x5226, 0x5226, 0x5226,
    0x5206, 0x5206, 0x5226, 0x5206, 0x4a06, 0x5226, 0x6287, 0x6287, 0x6287, 0x62a7, 0x7b49, 0x8baa,
    0x8bab, 0x8bcb, 0x8bcb, 0x93cb, 0x8bab, 0x7b49, 0x93cb, 0x93cb, 0x838a, 0x838a, 0x7329, 0x93eb,
    0x9c2c, 0x8bcb, 0x838a, 0x8bab, 0x93ec, 0x9c4d, 0x8bab, 0xa48e, 0x83ab, 0x62c9, 0x2124, 0x2103,
    0x2924, 0x2924, 0x2924, 0x39a5, 0x41e6, 0x4a06, 0x39a5, 0x4206, 0x5268, 0x5a88, 0x4a47, 0x39a6,
    0x3165, 0x3185, 0x3185, 0x3185, 0x5aa8, 0x5ac9, 0x736b, 0x6b2b, 0x5289, 0x5269, 0x4a49, 0x5aca,
    0x738d, 0x4228, 0x5289, 0x632c, 0x632c, 0x73ae, 0x8410, 0x8430, 0x7bcf, 0x7bef, 0x8410, 0x6b6e,
    0x6b6e, 0x9491, 0x9472, 0x7bcf, 0x7bd0, 0x8431, 0x9cd3, 0x9cf3, 0x6b6e, 0x9cd3, 0x8c52, 0xdefb,
    0xc618, 0x7bd0, 0xfc46, 0xfca2, 0xfbe1, 0xfbe1, 0xfc02, 0xfdc5, 0xffec, 0xfe05, 0xfcc2, 0xfd84,
    0xfd43, 0xff88, 0xff68, 0xfda4, 0xfe05, 0xffea, 0xffed, 0xff48, 0xfde5, 0xfc42, 0xfc02, 0xb596,
    0xbdf7, 0xad55, 0x73b0, 0x8c72, 0x9cf4, 0xad55, 0xb5b6, 0xb5b6, 0xad54, 0xa534, 0xfc02, 0xfd43,
    0xfd23, 0xfd03, 0xfd43, 0xfc82, 0xfbe1, 0xfbe1, 0xfc02, 0xfce3, 0xe510, 0x630c, 0x6b4b, 0x736c,
    0x62ea, 0x62ea, 0x62ea, 0x5289, 0x5268, 0x5268, 0x5268, 0x5288, 0x3165, 0x3165, 0x5288, 0x5ac9,
    0x6b0a, 0x6b0a, 0x6b0a, 0x5268, 0x6b0a, 0x7bac, 0x6b2a, 0x630a, 0x630a, 0x62c9, 0x5268, 0x4a27,
    0x39c6, 0x39c6, 0x39c6, 0x6b09, 0x6b09, 0x6b09, 0x6b0a, 0x6b0a, 0x7b6b, 0x83ac, 0x83ab, 0x83ab,
    0x6b09, 0x62c9, 0x3165, 0x3165, 0x3165, 0x41e6, 0x5267, 0x5267, 0x5267, 0x62c8, 0x62e9, 0x62e9,
    0x62e9, 0x62c9, 0x3165, 0x39c6, 0x39c6, 0x5247, 0x5247, 0x39a5, 0x41c6, 0x5247, 0x4a06, 0x39a5,
    0x39a5, 0x41c6, 0x5226, 0x5226, 0x5247, 0x62a8, 0x62a8, 0x62a8, 0x62a8, 0x62a8, 0x62a8, 0x39a5,
    0x39a5, 0x39a5, 0x6b09, 0x7b4a, 0x7b4a, 0x7b4a, 0x7b4a, 0x7b4a, 0x7b49, 0x7349, 0x7329, 0x7329,
    0x7329, 0x7329, 0x7329, 0x7329, 0x7309, 0x6ae9, 0x62c8, 0x62a8, 0x5a47, 0x5a47, 0x5a47, 0x5a47,
    0x5a47, 0x5a47, 0x5a46, 0x5226, 0x5226, 0x5226, 0x5226, 0x5226, 0x5226, 0x5226, 0x5226, 0x5226,
    0x5226, 0x5226, 0x5226, 0x5226, 0x5226, 0x5226, 0x5a26, 0x6267, 0x6267, 0x6267, 0x6267, 0x6267,
    0x6267, 0x6267, 0x5a47, 0x6287, 0x6287, 0x6287, 0x6267, 0x6267, 0x6267, 0x6267, 0x6267, 0x5a47,
    0x5226, 0x5226, 0x5a26, 0x5a47, 0x5a47, 0x5a47, 0x5a47, 0x5a47, 0x6267, 0x6287, 0x6287, 0x5226,
    0x5226, 0x5206, 0x49e6, 0x49e5, 0x49e5, 0x49e5, 0x49e5, 0x49e6, 0x5206, 0x4a06, 0x49e6, 0x49e6,
    0x49e5, 0x49e5, 0x49e5, 0x49e5, 0x49c5, 0x49e5, 0x49e5, 0x49e5, 0x41c5, 0x41a5, 0x3143, 0x3144,
    0x3964, 0x3964, 0x3164, 0x3984, 0x3984, 0x3984, 0x3984, 0x3984, 0x3984, 0x3964, 0x3964, 0x3984,
    0x41a5, 0x41c5, 0x49e5, 0x49e5, 0x5226, 0x5226, 0x5226, 0x5226, 0x5206, 0x5206, 0x5226, 0x5206,
    0x4a06, 0x4a06, 0x5a46, 0x6267, 0x6287, 0x62a7, 0x7b49, 0x8baa, 0x8bab, 0x8bcb, 0x93cb, 0x93cb,
    0x8bab, 0x7329, 0x93cb, 0x8bab, 0x838a, 0x838a, 0x7b6a, 0x93eb, 0x9c2c, 0x838a, 0x838a, 0x8bcb,
    0x93eb, 0x9c0c, 0x8bab, 0xa48e, 0xbd2f, 0x8bcb, 0x2124, 0x20e3, 0x18e3, 0x2104, 0x2924, 0x39a5,
    0x41e6, 0x4a06, 0x39a5, 0x4206, 0x5268, 0x5a88, 0x4a47, 0x39a5, 0x3165, 0x3185, 0x3185, 0x3185,
    0x39c6, 0x5247, 0x736b, 0x6b2b, 0x5289, 0x5269, 0x4208, 0x736c, 0x738d, 0x4208, 0x630b, 0x6b4d,
    0x738d, 0x83ef, 0x840f, 0x8430, 0x7bce, 0x52ab, 0x738e, 0x6b6e, 0x736e, 0x630d, 0x6b2d, 0x7bcf,
    0x7bd0, 0x8c72, 0x9cd3, 0x9cf3, 0x6b6e, 0x8411, 0x8c52, 0xdefb, 0xc618, 0x7bcf, 0xfc46, 0xfcc3,
    0xfc22, 0xfbc1, 0xfc22, 0xfcc2, 0xfd23, 0xfd84, 0xfcc2, 0xfde4, 0xff68, 0xffeb, 0xff68, 0xfd84,
    0xfd03, 0xfee6, 0xffed, 0xff47, 0xfe25, 0xfd03, 0xfc02, 0x9493, 0xbdf7, 0xbdd7, 0xad75, 0xad55,
    0x9cf4, 0xad55, 0xb5b6, 0xd69a, 0xad54, 0xa534, 0xb595, 0x8411, 0xfd23, 0xfd23, 0xfd43, 0xfd03,
    0xfc22, 0xfc22, 0xfc02, 0xfce3, 0xe50f, 0x630c, 0x6b4b, 0x736c, 0x62ea, 0x62ea, 0x62ea, 0x5288,
    0x5268, 0x5268, 0x41e7, 0x3165, 0x3165, 0x3165, 0x5288, 0x5ac9, 0x6b0a, 0x6b0a, 0x6b0a, 0x5268,
    0x5aa9, 0x630a, 0x630a, 0x630a, 0x630a, 0x62c9, 0x5268, 0x4a27, 0x39c6, 0x39c6, 0x39c6, 0x5268,
    0x5aa8, 0x6b09, 0x6b09, 0x6b0a, 0x7b6b, 0x83ac, 0x83ab, 0x83ab, 0x6b09, 0x62c9, 0x5267, 0x4a27,
    0x39a5, 0x41e6, 0x5267, 0x5267, 0x5267, 0x62c8, 0x62e9, 0x62e9, 0x62e9, 0x7b8b, 0x7b6a, 0x62e9,
    0x39c6, 0x5247, 0x5247, 0x39a5, 0x41c6, 0x5247, 0x4a06, 0x39a5, 0x39a5, 0x39a5, 0x41c6, 0x4a26,
    0x5247, 0x62a8, 0x62a8, 0x62a8, 0x62a8, 0x62a8, 0x62a8, 0x39a5, 0x39a5, 0x39a5, 0x39a5, 0x4a26,
    0x6b09, 0x7b4a, 0x7b4a, 0x7b4a, 0x7b49, 0x7349, 0x7329, 0x7329, 0x7329, 0x7329, 0x7329, 0x7329,
    0x7309, 0x6ae9, 0x62c8, 0x62a8, 0x5a47, 0x5a47, 0x5a47, 0x5a47, 0x5a47, 0x5a47, 0x5a46, 0x5226,
    0x5226, 0x5226, 0x5226, 0x5226, 0x5226, 0x5226, 0x5226, 0x5226, 0x5226, 0x5226, 0x5226, 0x5226,
    0x5226, 0x5a26, 0x5a26, 0x6267, 0x6267, 0x6267, 0x6267, 0x6267, 0x6267, 0x6287, 0x6267, 0x6287,
    0x6287, 0x6287, 0x6267, 0x6267, 0x6267, 0x6267, 0x6267, 0x5a47, 0x5226, 0x5226, 0x5a26, 0x5a47,
    0x5a47, 0x5a47, 0x5a47, 0x5a47, 0x6267, 0x6287, 0x6287, 0x5226, 0x5226, 0x5206, 0x49e6, 0x49e5,
    0x49e5, 0x49e5, 0x49e5, 0x5206, 0x5206, 0x5206, 0x4a06, 0x49e6, 0x49e5, 0x49e5, 0x49e5, 0x49e5,
    0x49e6, 0x49e5, 0x49e5, 0x49e5, 0x41a5, 0x41a5, 0x3143, 0x3144, 0x3964, 0x3964, 0x3164, 0x3164,
    0x3984, 0x3984, 0x3984, 0x3984, 0x3984, 0x3984, 0x3964, 0x3984, 0x41a5, 0x41c5, 0x49e5, 0x49e5,
    0x4a06, 0x5226, 0x5226, 0x5226, 0x5206, 0x5206, 0x5226, 0x5206, 0x4a06, 0x4a06, 0x5a46, 0x5a46,
    0x5a67, 0x62a7, 0x7b49, 0x8bab, 0x8bab, 0x8bcb, 0x8bcb, 0x8bcb, 0x838a, 0x7329, 0x93cb, 0x8b8a,
    0x838a, 0x838a, 0x93eb, 0x93eb, 0x93eb, 0x838a, 0x838a, 0x93eb, 0x93eb, 0x93ec, 0x8bab, 0xa4ae,
    0xb4ef, 0x9c4d, 0x9c6d, 0x734a, 0x18e3, 0x20e3, 0x2924, 0x39a5, 0x41e6, 0x4a06, 0x39a5, 0x4206,
    0x5268, 0x5267, 0x41c6, 0x3185, 0x3165, 0x3185, 0x3185, 0x3185, 0x39c6, 0x4a27, 0x62c9, 0x62ea,
    0x5289, 0x5269, 0x41e8, 0x6b6c, 0x738d, 0x41e7, 0x7bad, 0x632c, 0x738d, 0x7bef, 0x7bce, 0x73ae,
    0x7bcf, 0x52ab, 0x632d, 0x73af, 0x7bcf, 0x630d, 0x630d, 0x738e, 0x8c71, 0x8c72, 0x8c72, 0x7bf0,
    0x6b6e, 0x8411, 0x94b3, 0xad55, 0xc618, 0x7bcf, 0xfe65, 0xfdc4, 0xfc22, 0xfba1, 0xfb81, 0xfc22,
    0xfd23, 0xfd23, 0xfd43, 0xfe05, 0xff68, 0xffed, 0xfec6, 0xfc42, 0xfd03, 0xfe25, 0xfda4, 0xfda4,
    0xfdc4, 0xfd63, 0xff27, 0x9493, 0xb5b7, 0xbdd7, 0xad75, 0xad55, 0x8431, 0x9cf4, 0xb5b6, 0xd69a,
    0xbdf7, 0xbdd7, 0xb5b6, 0x8411, 0xb596, 0xc638, 0xfce3, 0xfce3, 0xfc62, 0xfc22, 0xfc42, 0xfc02,
    0xe50f, 0x5aeb, 0x5aca, 0x5aca, 0x5aa9, 0x62ea, 0x62ea, 0x5288, 0x5268, 0x5268, 0x41e7, 0x3165,
    0x39e7, 0x39e7, 0x4a48, 0x5ac9, 0x630a, 0x630a, 0x630a, 0x5268, 0x5aa9, 0x630a, 0x5aa8, 0x5268,
    0x5aa8, 0x62c9, 0x5268, 0x4a27, 0x39c6, 0x39c6, 0x39c6, 0x5268, 0x5aa8, 0x6b09, 0x6b09, 0x6b09,
    0x7b6b, 0x83ac, 0x83ab, 0x83ab, 0x6b09, 0x62c9, 0x5267, 0x4a27, 0x41c6, 0x41c6, 0x4206, 0x5267,
    0x5267, 0x62c8, 0x62e9, 0x62e9, 0x62e9, 0x7b8b, 0x7b6a, 0x62e9, 0x62c8, 0x62c8, 0x5a67, 0x39a5,
    0x41c6, 0x5247, 0x4a06, 0x39a5, 0x39a5, 0x39a5, 0x41c6, 0x4a26, 0x4a26, 0x4a26, 0x5267, 0x62a8,
    0x62a8, 0x62a8, 0x62a8, 0x39a5, 0x39a5, 0x39a5, 0x39a5, 0x4a26, 0x4a26, 0x4a26, 0x5a67, 0x7b4a,
    0x7b4a, 0x7349, 0x7349, 0x7329, 0x7329, 0x7329, 0x7329, 0x7329, 0x7329, 0x7309, 0x7309, 0x62c8,
    0x5a47, 0x5a47, 0x5a47, 0x5a47, 0x5a47, 0x5a47, 0x6267, 0x5226, 0x5226, 0x5226, 0x5226, 0x5226,
    0x5226, 0x5226, 0x5226, 0x5226, 0x5226, 0x5226, 0x5226, 0x5226, 0x5226, 0x5a26, 0x6267, 0x6267,
    0x6267, 0x6267, 0x6267, 0x6267, 0x6267, 0x6aa8, 0x6287, 0x6287, 0x6287, 0x6287, 0x6287, 0x5a47,
    0x5a47, 0x6267, 0x6267, 0x5a47, 0x5226, 0x5226, 0x5a67, 0x5a47, 0x5a47, 0x5a47, 0x5a47, 0x5a47,
    0x6267, 0x6287, 0x6287, 0x5226, 0x5226, 0x5226, 0x49e6, 0x49e5, 0x49e5, 0x49e5, 0x5206, 0x5206,
    0x5206, 0x5206, 0x4a06, 0x5206, 0x49e5, 0x49e5, 0x49e5, 0x49e5, 0x49e6, 0x49e5, 0x49e5, 0x49e5,
    0x41a5, 0x41a5, 0x3143, 0x3144, 0x3964, 0x3964, 0x3164, 0x3164, 0x3144, 0x3144, 0x3984, 0x3984,
    0x3984, 0x3984, 0x3964, 0x3984, 0x41a5, 0x41c5, 0x49e5, 0x49e5, 0x41c5, 0x41c5, 0x5226, 0x5226,
    0x5206, 0x5206, 0x5226, 0x5206, 0x4a06, 0x4a06, 0x5a46, 0x5a46, 0x5a46, 0x5a47, 0x7b29, 0x8bab,
    0x8bab, 0x8bcb, 0x8bcb, 0x8bcb, 0x7b49, 0x7329, 0x93cb, 0x838a, 0x838a, 0x8bcb, 0x93eb, 0x93eb,
    0x8bab, 0x838a, 0x8bab, 0x93eb, 0x93eb, 0x93ec, 0x8bab, 0xacae, 0xa48e, 0x9c4d, 0x9c6d, 0xa4ae,
    0xb50f, 0x5247, 0x2924, 0x39a5, 0x39a5, 0x4a06, 0x39a5, 0x4206, 0x5268, 0x5267, 0x39c6, 0x3185,
    0x3165, 0x3185, 0x3185, 0x3185, 0x39c6, 0x4a27, 0x62c9, 0x62ea, 0x4a28, 0x4a69, 0x39c7, 0x738d,
    0x6b4c, 0x31a6, 0x73ad, 0x632c, 0x736d, 0x738d, 0x738e, 0x73ae, 0x738e, 0x52ab, 0x632d, 0x73af,
    0x8430, 0xb596, 0x630d, 0x738e, 0x94b2, 0xad54, 0x94b3, 0x7bf0, 0x6b6e, 0x738f, 0x8431, 0xb595,
    0xc618, 0x632d, 0xfe65, 0xfe65, 0xfd84, 0xfbe1, 0xfb81, 0xfba1, 0xfbc1, 0xfca2, 0xfd43, 0xff27,
    0xffeb, 0xffee, 0xfec6, 0xfbe1, 0xfbe1, 0xfcc3, 0xfda4, 0xfc62, 0xfc02, 0xfd03, 0xff27, 0x8411,
    0xb5b7, 0xc617, 0xbdf7, 0xad55, 0x8431, 0xa535, 0xd6ba, 0xd69a, 0xbdf7, 0xb596, 0xce79, 0x6b4e,
    0xb596, 0xc638, 0xc638, 0x7bf0, 0xfe66, 0xfe25, 0xfc42, 0xfba1, 0xdcaf, 0x5aeb, 0x5aca, 0x5ac9,
    0x4a48, 0x4207, 0x62ea, 0x5288, 0x5268, 0x5268, 0x41e7, 0x3165, 0x39e7, 0x39e7, 0x39e7, 0x4a27,
    0x62c9, 0x630a, 0x630a, 0x5268, 0x5aa9, 0x630a, 0x5aa8, 0x5268, 0x5268, 0x5268, 0x5268, 0x4a27,
    0x39c6, 0x39c6, 0x39c6, 0x5267, 0x5aa8, 0x6b09, 0x6b09, 0x6b09, 0x7b6b, 0x83ac, 0x83ab, 0x83ab,
    0x6b09, 0x62c9, 0x5267, 0x4a27, 0x41c6, 0x41c6, 0x41c6, 0x41c6, 0x39c6, 0x62c8, 0x62e9, 0x62e9,
    0x62e9, 0x7b8b, 0x7b6a, 0x62e9, 0x62c8, 0x62c8, 0x62c8, 0x39a5, 0x41c6, 0x5247, 0x4a06, 0x39a5,
    0x39a5, 0x39a5, 0x41c5, 0x4a26, 0x4a26, 0x4a26, 0x5247, 0x62a8, 0x62a8, 0x62a8, 0x62a8, 0x39a5,
    0x39a5, 0x39a5, 0x3985, 0x4a26, 0x4a26, 0x4a06, 0x4a06, 0x4a06, 0x4a06, 0x7b49, 0x7349, 0x7329,
    0x7329, 0x7329, 0x7329, 0x7329, 0x7329, 0x7309, 0x7309, 0x6ae9, 0x5a47, 0x5a47, 0x5a47, 0x5a47,
    0x5a47, 0x6267, 0x6267, 0x5226, 0x5226, 0x5226, 0x5226, 0x5226, 0x5226, 0x5226, 0x5226, 0x5226,
    0x5226, 0x5226, 0x5226, 0x5226, 0x5226, 0x5a47, 0x6267, 0x6267, 0x6267, 0x6267, 0x6267, 0x6267,
    0x6287, 0x6ac8, 0x6287, 0x6287, 0x6287, 0x6287, 0x6287, 0x5206, 0x5a47, 0x6267, 0x6267, 0x5a47,
    0x5226, 0x5a47, 0x5a67, 0x5a47, 0x5a47, 0x5a47, 0x5a47, 0x5a47, 0x6267, 0x6287, 0x6287, 0x5a26,
    0x5226, 0x5226, 0x49e6, 0x49e5, 0x49e5, 0x49e5, 0x5206, 0x5206, 0x5206, 0x5206, 0x5226, 0x5206,
    0x49e5, 0x49e5, 0x49e5, 0x4a06, 0x49e6, 0x49e5, 0x49e5, 0x49e5, 0x41a5, 0x41a5, 0x3143, 0x3144,
    0x3964, 0x3964, 0x3164, 0x3164, 0x3144, 0x3144, 0x3164, 0x3964, 0x3984, 0x3984, 0x3964, 0x3984,
    0x41a5, 0x41c5, 0x49e5, 0x49e5, 0x41c5, 0x41c5, 0x49c5, 0x5206, 0x5206, 0x5206, 0x5226, 0x5206,
    0x4a06, 0x4a06, 0x5a46, 0x5a46, 0x5a46, 0x5a47, 0x7b29, 0x8bab, 0x8bab, 0x8bcb, 0x8bcb, 0x8bcb,
    0x7309, 0x7329, 0x8bab, 0x838a, 0x838a, 0x940c, 0x93cb, 0x93eb, 0x8bab, 0x838a, 0x8bcb, 0x93eb,
    0x93eb, 0x93ec, 0x8bab, 0xacae, 0x9c4d, 0xa46d, 0xa46d, 0xaccf, 0xb50f, 0xaccf, 0xacce, 0x39a5,
    0x2964, 0x2944, 0x39a5, 0x4206, 0x5268, 0x5267, 0x39c6, 0x3185, 0x3165, 0x3185, 0x3185, 0x3185,
    0x39c6, 0x4a27, 0x62c9, 0x62ea, 0x4a28, 0x4a69, 0x39e7, 0x6b4c, 0x5aeb, 0x4208, 0x73ad, 0x6b4c,
    0x6b6d, 0x738d, 0x4a6a, 0x632c, 0x738e, 0x52ab, 0xa534, 0xad55, 0x8c30, 0xb596, 0x9cf3, 0x8c71,
    0x94b2, 0xad54, 0x7bd0, 0x8411, 0x6b6e, 0x738f, 0x8431, 0x94b3, 0xbdf7, 0x632d, 0xffea, 0xff27,
    0xfd84, 0xfc42, 0xfba1, 0xfba1, 0xfbc1, 0xfc22, 0xfc62, 0xffe9, 0xffeb, 0xffee, 0xffea, 0xfc42,
    0xfc01, 0xfc02, 0xfc02, 0xfbe1, 0xfc02, 0xfc42, 0xfcc2, 0x7bd0, 0xad76, 0xc617, 0xbdf7, 0xad55,
    0x8431, 0x9493, 0xd6ba, 0xd69a, 0xd699, 0xce79, 0xce79, 0x6b4e, 0x6b4e, 0x6b4e, 0xc638, 0x7bf0,
    0x73af, 0x7bd0, 0xffea, 0xfca2, 0xdcaf, 0x5aeb, 0x5aca, 0x5ac9, 0x4a48, 0x4207, 0x39c6, 0x39c6,
    0x4a27, 0x5268, 0x41e7, 0x3165, 0x39e7, 0x39e7, 0x39e7, 0x4a27, 0x5268, 0x5268, 0x5ac9, 0x5268,
    0x5aa9, 0x630a, 0x5aa8, 0x5268, 0x5268, 0x5268, 0x5268, 0x5a88, 0x62e9, 0x39c6, 0x39c6, 0x5267,
    0x5aa8, 0x6b09, 0x6b09, 0x6b09, 0x7b6b, 0x83ac, 0x732a, 0x6b09, 0x6b09, 0x62c9, 0x5267, 0x4a27,
    0x41c6, 0x41c6, 0x41c6, 0x41c6, 0x39c6, 0x4a27, 0x5267, 0x62e9, 0x62e9, 0x7b8b, 0x7b6a, 0x62e9,
    0x62c8, 0x62c8, 0x62c8, 0x39a5, 0x39a5, 0x39a5, 0x39a5, 0x39a5, 0x39a5, 0x39a5, 0x41c5, 0x4a26,
    0x4a26, 0x4a26, 0x5247, 0x62a8, 0x5a67, 0x4a26, 0x4a26, 0x39a5, 0x39a5, 0x3985, 0x3985, 0x4a26,
    0x4a26, 0x4a06, 0x4a06, 0x4a06, 0x4a06, 0x4a06, 0x4a06, 0x6ac8, 0x7329, 0x7329, 0x7329, 0x7329,
    0x7329, 0x7309, 0x7309, 0x6b09, 0x5a47, 0x5a47, 0x5a47, 0x5a47, 0x6267, 0x6288, 0x6267, 0x5226,
    0x5226, 0x5226, 0x5226, 0x5226, 0x5226, 0x5226, 0x5226, 0x5226, 0x5226, 0x5226, 0x5226, 0x5226,
    0x5a47, 0x6267, 0x6267, 0x6267, 0x6267, 0x6267, 0x6267, 0x6267, 0x6ac8, 0x6ac8, 0x6287, 0x6287,
    0x6287, 0x6287, 0x5a46, 0x5206, 0x5a47, 0x6267, 0x6267, 0x5a47, 0x5a46, 0x5a67, 0x5a67, 0x5a47,
    0x5a47, 0x5a47, 0x5a47, 0x5a47, 0x6267, 0x6287, 0x6287, 0x5a26, 0x5226, 0x5226, 0x49e6, 0x49e6,
    0x49e5, 0x5206, 0x5206, 0x5206, 0x5206, 0x5206, 0x5a46, 0x5226, 0x49e5, 0x49e5, 0x5206, 0x4a06,
    0x49e6, 0x49e5, 0x49e5, 0x49e5, 0x41a5, 0x41a5, 0x3143, 0x3144, 0x3964, 0x3964, 0x3164, 0x3164,
    0x3144, 0x3144, 0x3164, 0x3964, 0x41a5, 0x3984, 0x3964, 0x3984, 0x41a5, 0x41c5, 0x49e5, 0x49e5,
    0x41c5, 0x41c5, 0x49c5, 0x49e5, 0x5206, 0x5206, 0x5226, 0x5206, 0x4a06, 0x4a06, 0x5a46, 0x5a46,
    0x5a46, 0x5a47, 0x7b29, 0x8bab, 0x8bcb, 0x8bcb, 0x8bcb, 0x838a, 0x7309, 0x7329, 0x8baa, 0x838a,
    0x838a, 0xa44d, 0x93cb, 0x93eb, 0x8bab, 0x838a, 0x93eb, 0x93eb, 0x93eb, 0x93eb, 0x8bab, 0x9c4d,
    0x9c4d, 0xacae, 0xb4ef, 0xbd30, 0xb50f, 0xacae, 0xb4ef, 0xc570, 0x940c, 0x2944, 0x39a5, 0x39a5,
    0x5268, 0x5247, 0x39c6, 0x3185, 0x3165, 0x3185, 0x3185, 0x41e6, 0x41e6, 0x4a27, 0x62c9, 0x62ea,
    0x4208, 0x4a69, 0x39e7, 0x6b4c, 0x5aea, 0x5289, 0x738d, 0x6b4c, 0x630c, 0x5aec, 0x4a6a, 0x5aec,
    0x738e, 0x7bef, 0xad34, 0xad55, 0xb575, 0xb5b6, 0x9cf3, 0x7bcf, 0x7bcf, 0xad54, 0x7bd0, 0x9cd3,
    0xb5b6, 0xd6ba, 0x8431, 0x9cf4, 0xb595, 0xdd0d, 0xffea, 0xffea, 0xff68, 0xfc42, 0xfba1, 0xfbc1,
    0xfbc1, 0xfc02, 0xfc62, 0xffc9, 0xff07, 0xffeb, 0xffea, 0xfd03, 0xfc82, 0xfc22, 0xfc02, 0xfbc1,
    0xfbe1, 0xfc42, 0xfcc2, 0x7bd0, 0xad76, 0xd6ba, 0xdefb, 0x94b3, 0x8431, 0x7bf0, 0x8c52, 0xb596,
    0xd699, 0xce79, 0xce79, 0x6b4e, 0x6b4e, 0x6b4e, 0x632e, 0x632d, 0x73af, 0x7bd0, 0xa514, 0xa513,
    0x94b2, 0x5aeb, 0x5aca, 0x5ac9, 0x4a48, 0x4207, 0x39c6, 0x39c6, 0x39c6, 0x39c6, 0x3186, 0x3165,
    0x39c7, 0x39e7, 0x39e7, 0x4a27, 0x5268, 0x5268, 0x5268, 0x39c6, 0x5268, 0x630a, 0x5aa8, 0x5268,
    0x5268, 0x5268, 0x5268, 0x5a88, 0x62e9, 0x62e9, 0x62e9, 0x5267, 0x5a88, 0x6b09, 0x6b09, 0x6b09,
    0x7b6b, 0x83ac, 0x732a, 0x6b09, 0x6b09, 0x6b09, 0x5267, 0x4a27, 0x41c6, 0x41c6, 0x41c6, 0x41c6,
    0x39c6, 0x4a27, 0x5267, 0x5247, 0x5247, 0x734a, 0x7b6a, 0x62e9, 0x62c8, 0x62c8, 0x62c8, 0x39a5,
    0x39a5, 0x39a5, 0x3185, 0x2944, 0x3165, 0x39a5, 0x41c5, 0x4a26, 0x4a26, 0x4a26, 0x5247, 0x62a8,
    0x5a67, 0x4a26, 0x4a26, 0x39a5, 0x39a5, 0x3985, 0x3985, 0x4a26, 0x4a06, 0x4a06, 0x4a06, 0x4a06,
    0x4a06, 0x4a06, 0x4a06, 0x5a67, 0x5a87, 0x62a8, 0x7329, 0x7329, 0x7329, 0x7309, 0x7309, 0x6b09,
    0x5a47, 0x5a47, 0x5a47, 0x5a47, 0x6288, 0x6288, 0x6267, 0x5226, 0x5226, 0x5226, 0x5226, 0x5226,
    0x5226, 0x5226, 0x5226, 0x5226, 0x5226, 0x5226, 0x5226, 0x5226, 0x6267, 0x6267, 0x6267, 0x6267,
    0x6267, 0x6267, 0x6267, 0x6aa8, 0x6ac8, 0x6ac8, 0x6287, 0x6287, 0x6287, 0x6287, 0x5206, 0x5206,
    0x5a47, 0x6267, 0x6267, 0x5a47, 0x5a67, 0x5a67, 0x5a67, 0x5a47, 0x5a47, 0x5a47, 0x5a47, 0x5a47,
    0x6267, 0x6287, 0x6287, 0x5a26, 0x5226, 0x5226, 0x49e6, 0x49e6, 0x5206, 0x5206, 0x5206, 0x5206,
    0x5206, 0x5a46, 0x5a46, 0x5226, 0x49e5, 0x49e5, 0x5206, 0x4a06, 0x49e6, 0x49e5, 0x49e5, 0x49e5,
    0x41a5, 0x41c5, 0x3144, 0x3144, 0x3964, 0x3964, 0x3164, 0x3164, 0x3144, 0x3144, 0x3164, 0x3964,
    0x41c5, 0x41c5, 0x41a5, 0x3984, 0x41a5, 0x41c5, 0x49e5, 0x49e5, 0x41c5, 0x41c5, 0x49c5, 0x49e5,
    0x5206, 0x5226, 0x5a46, 0x5206, 0x4a06, 0x4a06, 0x5a46, 0x5a46, 0x5a46, 0x5a47, 0x7b49, 0x8bab,
    0x8bcb, 0x8bcb, 0x8bcb, 0x7309, 0x7309, 0x7309, 0x836a, 0x838a, 0x8bcb, 0xa44d, 0x93cb, 0x93cb,
    0x83aa, 0x8bab, 0x93eb, 0x93eb, 0x93eb, 0x93eb, 0x838a, 0x8bec, 0x9c4d, 0xacae, 0xbd2f, 0xcdb1,
    0xc591, 0xacce, 0xb50f, 0xc570, 0xc571, 0xc591, 0x9c4d, 0x39a5, 0x4206, 0x4206, 0x39c5, 0x3185,
    0x3165, 0x3185, 0x3185, 0x41e6, 0x41e6, 0x39a5, 0x5ac9, 0x62ea, 0x4208, 0x4228, 0x4207, 0x630b,
    0x4a69, 0x5289, 0x738d, 0x6b6d, 0x5aec, 0x5aec, 0x630c, 0x632d, 0x738e, 0x8430, 0x9491, 0xad75,
    0xb595, 0xb5b6, 0xbdd6, 0x8410, 0x7bd0, 0xad54, 0x8411, 0x9cf3, 0xbdf7, 0xd6ba, 0xa535, 0x9cf4,
    0x9cf3, 0xdc8b, 0xfee6, 0xffea, 0xfee7, 0xfd84, 0xfc02, 0xfbc1, 0xfbc1, 0xfbe1, 0xfbe1, 0xffc9,
    0xff07, 0xfe45, 0xfd43, 0xfd03, 0xfc82, 0xfc22, 0xfc02, 0xfbc1, 0xfbe1, 0xfc62, 0xfca7, 0x7bd0,
    0xc639, 0xd6ba, 0xdefb, 0x8c72, 0xad55, 0xa514, 0x8c52, 0xa514, 0xc618, 0xce79, 0xce79, 0x6b4e,
    0x94b3, 0xad55, 0x632e, 0x632d, 0x73af, 0x9492, 0xa514, 0xa513, 0x9492, 0x5acb, 0x5289, 0x5ac9,
    0x4a47, 0x41e7, 0x39c6, 0x39c6, 0x39c6, 0x39c6, 0x39c6, 0x39c6, 0x4a28, 0x39c7, 0x39e7, 0x4a27,
    0x5268, 0x5268, 0x5268, 0x39c6, 0x39c6, 0x39c6, 0x41e6, 0x5268, 0x5268, 0x5268, 0x5268, 0x5a88,
    0x62e9, 0x62e9, 0x62e9, 0x5267, 0x5267, 0x62c9, 0x6b09, 0x6b09, 0x7b6b, 0x83ac, 0x732a, 0x6b09,
    0x6b09, 0x6b09, 0x6b09, 0x62c8, 0x4206, 0x41c6, 0x41c6, 0x41c6, 0x39c6, 0x4a27, 0x5267, 0x5247,
    0x5247, 0x62e9, 0x62e9, 0x5a88, 0x62c8, 0x62c8, 0x62c8, 0x39a5, 0x39a5, 0x39a5, 0x3185, 0x2944,
    0x3165, 0x39a5, 0x39a5, 0x4a06, 0x4a26, 0x4a26, 0x5247, 0x62a8, 0x5a67, 0x4a26, 0x4a26, 0x39a5,
    0x3985, 0x3985, 0x3985, 0x41c5, 0x4a06, 0x4a06, 0x4a06, 0x4a06, 0x4a06, 0x4a06, 0x4a06, 0x5a47,
    0x5a87, 0x62a8, 0x7309, 0x7329, 0x7329, 0x7309, 0x7309, 0x6b09, 0x5a47, 0x5a47, 0x5a47, 0x6288,
    0x6288, 0x62a8, 0x6267, 0x5226, 0x5226, 0x5226, 0x5226, 0x5226, 0x5226, 0x5226, 0x5226, 0x5226,
    0x5226, 0x5226, 0x5226, 0x5a47, 0x6267, 0x6267, 0x6267, 0x6267, 0x6267, 0x6267, 0x6287, 0x6ac8,
    0x6ac8, 0x6ac8, 0x6287, 0x6287, 0x6287, 0x5a26, 0x5206, 0x5206, 0x5a47, 0x6267, 0x6267, 0x6267,
    0x5a67, 0x5a67, 0x5a67, 0x5a47, 0x5a47, 0x5a47, 0x5a47, 0x5a47, 0x6267, 0x6287, 0x6267, 0x5a26,
    0x5226, 0x5226, 0x49e6, 0x5206, 0x5226, 0x5206, 0x5206, 0x5206, 0x5206, 0x5a46, 0x5a46, 0x5226,
    0x49e5, 0x49e5, 0x5206, 0x4a06, 0x49e6, 0x49c5, 0x49e5, 0x49e5, 0x41a5, 0x41c5, 0x3164, 0x3964,
    0x3964, 0x3964, 0x3164, 0x3164, 0x3144, 0x3144, 0x3164, 0x3964, 0x41c5, 0x41c5, 0x41c5, 0x41c5,
    0x41a5, 0x41c5, 0x49e5, 0x49e5, 0x41c5, 0x49c5, 0x49e5, 0x49e5, 0x5206, 0x5226, 0x5a67, 0x6267,
    0x4a06, 0x4a06, 0x5a46, 0x5a46, 0x5a46, 0x5a47, 0x7b49, 0x8bab, 0x8bcb, 0x8bcb, 0x8baa, 0x7309,
    0x7309, 0x7b49, 0x836a, 0x836a, 0x940c, 0xa44d, 0x8bcb, 0x8bab, 0x83aa, 0x8bcb, 0x93eb, 0x940c,
    0x93eb, 0x8bcb, 0x838a, 0x8bcb, 0x8bec, 0xacef, 0xc570, 0xcdb1, 0xc550, 0xbd30, 0xbd50, 0xc570,
    0xc591, 0xcd91, 0xcdb1, 0xd5f2, 0x4206, 0x4206, 0x39c5, 0x39a5, 0x3165, 0x3185, 0x3185, 0x41e6,
    0x41e6, 0x39a5, 0x4a47, 0x5aa9, 0x39c7, 0x4a49, 0x4a48, 0x6b2b, 0x4a69, 0x5aca, 0x736d, 0x6b4c,
    0x5aeb, 0x62ec, 0x630c, 0x528b, 0x6b4d, 0x8c50, 0x9491, 0xad75, 0xa513, 0xb575, 0xbdd6, 0x632d,
    0x9492, 0xad55, 0x8411, 0xa513, 0xad54, 0xc618, 0x8c72, 0x9cf4, 0x9cf3, 0xdc8b, 0xfee6, 0xffea,
    0xffc9, 0xfcc3, 0xfc02, 0xfc02, 0xfbc1, 0xfbe1, 0xfbe1, 0xfc82, 0xfc82, 0xfe45, 0xfd03, 0xfc42,
    0xfc42, 0xfc22, 0xfc02, 0xfbe1, 0xfc42, 0xfc62, 0xfca7, 0x7bd0, 0xc639, 0xce59, 0xa535, 0x8431,
    0xad55, 0xa514, 0x8c52, 0x9cd3, 0xc617, 0xce79, 0xb595, 0x6b4e, 0x94b2, 0xad55, 0xad54, 0x8410,
    0x73af, 0x9492, 0x630d, 0x738e, 0x8c71, 0x5acb, 0x5268, 0x4a27, 0x39e6, 0x41e7, 0x39a6, 0x39c6,
    0x39c6, 0x39c6, 0x39c6, 0x39c6, 0x630a, 0x630a, 0x630a, 0x4a27, 0x5268, 0x5268, 0x5268, 0x39c6,
    0x39c6, 0x39c6, 0x3185, 0x3165, 0x3165, 0x5268, 0x5268, 0x5a88, 0x62e9, 0x62e9, 0x62e9, 0x5267,
    0x5267, 0x5267, 0x5267, 0x62c9, 0x7b6b, 0x83ab, 0x732a, 0x6b09, 0x6b09, 0x6b09, 0x6b09, 0x62c8,
    0x5267, 0x4a07, 0x41c6, 0x41c6, 0x39c6, 0x4a27, 0x5267, 0x5247, 0x5247, 0x62e9, 0x62e9, 0x5247,
    0x5247, 0x4a06, 0x62c8, 0x39a5, 0x39a5, 0x39a5, 0x3185, 0x2944, 0x3164, 0x39a5, 0x39a5, 0x39a5,
    0x3185, 0x3985, 0x5247, 0x62a8, 0x5a67, 0x4a26, 0x4a26, 0x39a5, 0x3985, 0x3985, 0x3985, 0x3985,
    0x3985, 0x3985, 0x4a06, 0x4a06, 0x4a06, 0x4a06, 0x4a06, 0x5247, 0x5a87, 0x62a8, 0x7309, 0x7309,
    0x7329, 0x7309, 0x7309, 0x6b09, 0x5a47, 0x5a47, 0x6267, 0x6288, 0x6288, 0x62a8, 0x6267, 0x5226,
    0x5226, 0x5226, 0x5226, 0x5226, 0x5226, 0x5226, 0x5226, 0x5226, 0x5226, 0x5226, 0x5a47, 0x6267,
    0x6267, 0x6267, 0x6267, 0x6267, 0x6267, 0x6287, 0x6ac8, 0x6ac8, 0x6ac8, 0x6ac8, 0x6287, 0x6287,
    0x6267, 0x5226, 0x5206, 0x5206, 0x5a47, 0x6267, 0x6267, 0x6267, 0x6267, 0x5a67, 0x5a67, 0x5a67,
    0x5a46, 0x5a46, 0x5a47, 0x5a47, 0x6267, 0x6287, 0x5a46, 0x5a26, 0x5226, 0x5226, 0x49e6, 0x5206,
    0x5226, 0x5206, 0x5206, 0x5206, 0x5a47, 0x5a46, 0x5a46, 0x5226, 0x49e5, 0x49e5, 0x5206, 0x4a06,
    0x49e5, 0x41c5, 0x49e5, 0x49e5, 0x41c5, 0x49e5, 0x3164, 0x3964, 0x3964, 0x3984, 0x3964, 0x3164,
    0x3144, 0x3144, 0x3164, 0x3964, 0x41c5, 0x41c5, 0x41c5, 0x49c5, 0x49e5, 0x49e5, 0x49e5, 0x49e5,
    0x41c5, 0x49c5, 0x49e5, 0x49e5, 0x5206, 0x5226, 0x5a67, 0x6267, 0x6287, 0x5a47, 0x5a46, 0x5a46,
    0x5a46, 0x5a47, 0x7b49, 0x8bab, 0x8bcb, 0x8bcb, 0x838a, 0x7309, 0x7309, 0x838a, 0x836a, 0x836a,
    0xa44c, 0xa44d, 0x8bab, 0x8bab, 0x838a, 0x93eb, 0x93eb, 0x9c2c, 0x93eb, 0x8bab, 0x838a, 0x8bcb,
    0x9c2d, 0xb4ef, 0xbd30, 0xcdb1, 0xbd30, 0xbd50, 0xc550, 0xbd50, 0xc570, 0xcdb1, 0xcdb1, 0xde33,
    0xeeb4, 0xd5f2, 0x39c5, 0x41c6, 0x41e6, 0x39a5, 0x3185, 0x41e6, 0x41e6, 0x39a5, 0x4a27, 0x5aa9,
    0x31a7, 0x4a48, 0x4a28, 0x6b2b, 0x5aaa, 0x5aca, 0x736d, 0x6b4c, 0x5aeb, 0x62ec, 0x5aec, 0x528b,
    0x6b4d, 0x8410, 0x9cd2, 0xad75, 0xa513, 0xad54, 0xbdd6, 0x632d, 0x9492, 0xad55, 0xad75, 0xa513,
    0xb595, 0xbdd6, 0x8c72, 0x9cf4, 0x9cf3, 0xfd28, 0xfee7, 0xffea, 0xffea, 0xfe05, 0xfca2, 0xfc02,
    0xfbc1, 0xfbc1, 0xfc02, 0xfc82, 0xfc82, 0xfc42, 0xfbe1, 0xfc42, 0xfc42, 0xfc42, 0xfc62, 0xfbe1,
    0xfc42, 0xfd03, 0xfd69, 0x7bd0, 0xc639, 0xce59, 0xa535, 0x738f, 0xa514, 0xa514, 0x8c52, 0x8c52,
    0x73b0, 0xad75, 0xb595, 0x6b4e, 0x94b2, 0xad55, 0xad54, 0x8c51, 0x8431, 0x9492, 0x630d, 0x738e,
    0x8430, 0x5aeb, 0x4a68, 0x4a27, 0x39a6, 0x41e7, 0x4207, 0x39c6, 0x39c6, 0x39c6, 0x39c6, 0x39c6,
    0x62ea, 0x630a, 0x7bac, 0x734b, 0x5aa8, 0x5268, 0x5268, 0x39c6, 0x39c6, 0x39c6, 0x3185, 0x3165,
    0x3165, 0x3165, 0x4207, 0x5a88, 0x62e9, 0x62e9, 0x62e9, 0x5267, 0x5267, 0x5267, 0x5267, 0x5267,
    0x62c9, 0x7b6b, 0x732a, 0x6b09, 0x6b09, 0x6b09, 0x6b09, 0x62c8, 0x5267, 0x4a07, 0x41c6, 0x41c6,
    0x39c6, 0x4a27, 0x5267, 0x5247, 0x5247, 0x62e9, 0x62e9, 0x5247, 0x5247, 0x39c6, 0x39c6, 0x5247,
    0x39a5, 0x39a5, 0x3185, 0x2944, 0x3164, 0x39a5, 0x39a5, 0x39a5, 0x3185, 0x2944, 0x2944, 0x39a5,
    0x5a67, 0x4a26, 0x4a26, 0x3985, 0x3985, 0x3985, 0x3985, 0x3985, 0x3985, 0x3985, 0x3985, 0x2924,
    0x41c5, 0x4a06, 0x4a06, 0x5247, 0x5a87, 0x62a8, 0x7309, 0x7309, 0x7329, 0x7309, 0x7309, 0x7309,
    0x5a47, 0x5a67, 0x6288, 0x6288, 0x6288, 0x6aa8, 0x6267, 0x5226, 0x5226, 0x5226, 0x5a47, 0x5226,
    0x5226, 0x5226, 0x5226, 0x5226, 0x5226, 0x5226, 0x6267, 0x6267, 0x6267, 0x6267, 0x6267, 0x6267,
    0x6267, 0x6ac8, 0x6ac8, 0x6ac8, 0x6ac8, 0x6ac8, 0x6287, 0x6287, 0x5a47, 0x5226, 0x5206, 0x5206,
    0x5a47, 0x6267, 0x6267, 0x6267, 0x6267, 0x5a67, 0x5a67, 0x5a67, 0x5226, 0x5a46, 0x5a47, 0x5a47,
    0x6267, 0x5a67, 0x5a46, 0x5a26, 0x5a26, 0x5226, 0x5206, 0x5226, 0x5226, 0x5226, 0x5206, 0x5226,
    0x5a47, 0x5a46, 0x5a46, 0x5226, 0x49e5, 0x49e5, 0x5206, 0x4a06, 0x49e5, 0x41c5, 0x49e5, 0x49e5,
    0x49e5, 0x49e5, 0x3164, 0x3964, 0x3964, 0x3984, 0x3984, 0x3164, 0x3144, 0x3164, 0x3164, 0x3984,
    0x41c5, 0x41c5, 0x41c5, 0x49c5, 0x49e5, 0x49e5, 0x49e5, 0x49e5, 0x41c5, 0x49c5, 0x49e5, 0x49e5,
    0x5206, 0x5226, 0x5a67, 0x6267, 0x6287, 0x6287, 0x6287, 0x5a67, 0x5a46, 0x5a47, 0x7b49, 0x8bab,
    0x8bcb, 0x8bcb, 0x836a, 0x7309, 0x7309, 0x8bcb, 0x836a, 0x8bab, 0xa44c, 0xa44c, 0x838a, 0x8bab,
    0x8bab, 0x8beb, 0x8beb, 0xa46d, 0x93eb, 0x838a, 0x838a, 0x8bcb, 0xa48e, 0xb4ef, 0xb50f, 0xb50f,
    0xbd30, 0xbd50, 0xc570, 0xbd30, 0xb50f, 0xc571, 0xcdb1, 0xe673, 0xeeb4, 0xd5f2, 0xd5d2, 0x9c4d,
    0x41e6, 0x39a5, 0x2924, 0x41e6, 0x41e6, 0x39a5, 0x4a27, 0x5aa9, 0x31a7, 0x5289, 0x5aa9, 0x6b2b,
    0x5aaa, 0x5aca, 0x6b6c, 0x736d, 0x62ec, 0x630c, 0x5aab, 0x528a, 0x6b4d, 0x9471, 0x9492, 0x94b2,
    0x9471, 0xad54, 0x9cf3, 0x632d, 0x7bf0, 0xad55, 0xa534, 0x8431, 0x9cd3, 0xad55, 0x8c72, 0x9493,
    0x7bf0, 0xfd28, 0xfe45, 0xff88, 0xffe9, 0xfe05, 0xfd03, 0xfd43, 0xfc22, 0xfbc1, 0xfbc1, 0xfc02,
    0xfc22, 0xfc42, 0xfba1, 0xfba1, 0xfc82, 0xfc42, 0xfc62, 0xfcc2, 0xfce3, 0xfd03, 0xfd68, 0x7bd0,
    0xe71b, 0xdefb, 0xbdd7, 0x738f, 0xa514, 0xb595, 0xa534, 0x8c52, 0x73af, 0x6b6e, 0x6b4e, 0x7bd0,
    0x8410, 0xad55, 0x7bf0, 0x8411, 0x8431, 0x9492, 0x630d, 0x6b4e, 0x8430, 0x5aeb, 0x4a68, 0x4a27,
    0x39a6, 0x41e7, 0x4a47, 0x41e7, 0x39c6, 0x39c6, 0x39c6, 0x39c6, 0x62ea, 0x630a, 0x7bac, 0x734b,
    0x630a, 0x630a, 0x5ac9, 0x39c6, 0x39c6, 0x39c6, 0x3185, 0x3165, 0x3165, 0x3165, 0x39c6, 0x4206,
    0x5267, 0x62e9, 0x62e9, 0x5267, 0x5267, 0x5267, 0x5267, 0x5267, 0x62c9, 0x6b09, 0x5aa8, 0x5aa8,
    0x6b09, 0x6b09, 0x6b09, 0x62c8, 0x5267, 0x4a07, 0x41c6, 0x41c6, 0x39c6, 0x39c6, 0x41e6, 0x5247,
    0x5247, 0x62e9, 0x62e9, 0x5247, 0x5247, 0x39c6, 0x39c6, 0x5247, 0x5267, 0x62c8, 0x3185, 0x2944,
    0x3164, 0x39a5, 0x39a5, 0x39a5, 0x3185, 0x2944, 0x2944, 0x2944, 0x2944, 0x2944, 0x41c5, 0x3985,
    0x3985, 0x3985, 0x3985, 0x3985, 0x3985, 0x3985, 0x3985, 0x2924, 0x2924, 0x2924, 0x41c5, 0x5247,
    0x5a87, 0x62a8, 0x7309, 0x7309, 0x7329, 0x7309, 0x7309, 0x6b09, 0x5a67, 0x6288, 0x6288, 0x6288,
    0x62a8, 0x6aa8, 0x6267, 0x5226, 0x5226, 0x5a26, 0x5a47, 0x5226, 0x5226, 0x5226, 0x5226, 0x5226,
    0x5226, 0x5a47, 0x6267, 0x6267, 0x6267, 0x6267, 0x6267, 0x6267, 0x6288, 0x6ac8, 0x6ac8, 0x6ac8,
    0x6ac8, 0x6ac8, 0x6287, 0x5a67, 0x5a47, 0x5226, 0x5206, 0x5206, 0x5a47, 0x6267, 0x6267, 0x6267,
    0x6267, 0x5a67, 0x5a67, 0x5a47, 0x5226, 0x5a46, 0x5a47, 0x5a47, 0x6267, 0x5a46, 0x5a46, 0x5a26,
    0x5a26, 0x5226, 0x5226, 0x5226, 0x5226, 0x5226, 0x5206, 0x5a47, 0x5a47, 0x5a47, 0x5a46, 0x5226,
    0x49e5, 0x49e5, 0x5206, 0x49e5, 0x41c5, 0x41c5, 0x49e5, 0x49e5, 0x49e5, 0x49e5, 0x3164, 0x3964,
    0x3984, 0x3984, 0x3984, 0x3984, 0x3984, 0x3164, 0x3164, 0x3984, 0x41c5, 0x41c5, 0x41c5, 0x49c5,
    0x49e5, 0x49e5, 0x49e5, 0x49e5, 0x49e5, 0x49c5, 0x49e5, 0x49e5, 0x5206, 0x5226, 0x5a67, 0x6267,
    0x6287, 0x6287, 0x6287, 0x6287, 0x6287, 0x5a47, 0x7b49, 0x8bab, 0x8bab, 0x8baa, 0x836a, 0x7309,
    0x7b49, 0x8bcb, 0x836a, 0x93eb, 0xa44c, 0xa44c, 0x838a, 0x8bab, 0x8bcb, 0x8bcb, 0x940c, 0xa46d,
    0x8bab, 0x838a, 0x838a, 0x940c, 0xbd50, 0xb4ef, 0xb50f, 0xbd2f, 0xbd30, 0xcdd1, 0xcd91, 0xb50f,
    0xb50f, 0xcdb1, 0xcdd1, 0xee94, 0xe673, 0xd5f2, 0xcd91, 0xc591, 0xd5f2, 0x6b09, 0x2924, 0x2924,
    0x2945, 0x39a5, 0x4a27, 0x5268, 0x4208, 0x5289, 0x5aca, 0x6b2b, 0x5269, 0x5289, 0x736d, 0x736d,
    0x6b2c, 0x526a, 0x5acb, 0x5acb, 0x6b4d, 0x9471, 0x9492, 0x94b2, 0x8c51, 0x9cd2, 0x9cf3, 0x632d,
    0x632d, 0x6b4e, 0x8411, 0x8431, 0x9cd3, 0x94b2, 0x73af, 0x9493, 0x7bef, 0xfc87, 0xfe45, 0xff88,
    0xff27, 0xfce3, 0xfd03, 0xfd43, 0xfc42, 0xfc02, 0xfbe1, 0xfc02, 0xfc02, 0xfbe1, 0xfba1, 0xfba1,
    0xfcc2, 0xfd03, 0xfd43, 0xfcc2, 0xfd43, 0xfd23, 0xfce8, 0x9493, 0xad55, 0xdefb, 0xbdd7, 0x738f,
    0xa514, 0xb595, 0xa534, 0xa514, 0xad75, 0x6b6e, 0x6b4e, 0x9cf3, 0xa513, 0xad55, 0x7bf0, 0x8c51,
    0x9cd3, 0x9cf3, 0x630d, 0x6b4e, 0x73af, 0x5aeb, 0x4a48, 0x4a27, 0x31a6, 0x41e7, 0x4a47, 0x41e6,
    0x39a6, 0x39c6, 0x39c6, 0x39c6, 0x62ea, 0x62ea, 0x7bac, 0x6b4b, 0x630a, 0x630a, 0x630a, 0x5268,
    0x4a07, 0x39c6, 0x3185, 0x3165, 0x3165, 0x3165, 0x39c6, 0x41e6, 0x5267, 0x5247, 0x5267, 0x5267,
    0x5267, 0x5267, 0x5267, 0x5267, 0x62c9, 0x6b09, 0x5aa8, 0x5268, 0x6b09, 0x6b09, 0x6b09, 0x62c8,
    0x5267, 0x4a07, 0x41c6, 0x41c6, 0x39c6, 0x39c6, 0x39c6, 0x5247, 0x5247, 0x62e9, 0x62e9, 0x5247,
    0x5247, 0x39c6, 0x39c6, 0x5247, 0x5267, 0x62c8, 0x62c8, 0x62a8, 0x5247, 0x39a5, 0x39a5, 0x39a5,
    0x3185, 0x2944, 0x2944, 0x2944, 0x2944, 0x2944, 0x2944, 0x2944, 0x3165, 0x3985, 0x3985, 0x3985,
    0x3985, 0x3985, 0x3985, 0x2924, 0x2924, 0x2924, 0x2924, 0x3164, 0x3985, 0x62a8, 0x7309, 0x7309,
    0x7329, 0x7309, 0x7309, 0x6b09, 0x6288, 0x6288, 0x6288, 0x6288, 0x62a8, 0x6aa8, 0x6267, 0x5226,
    0x5226, 0x5a47, 0x5a67, 0x5226, 0x5226, 0x5226, 0x5226, 0x5226, 0x5a46, 0x6267, 0x6267, 0x6267,
    0x6267, 0x6267, 0x6267, 0x6267, 0x6ac8, 0x6ac8, 0x6ac8, 0x6ac8, 0x6ac8, 0x72c8, 0x6267, 0x5a47,
    0x5a47, 0x5226, 0x5206, 0x5206, 0x5a47, 0x6267, 0x6267, 0x6267, 0x6267, 0x5a67, 0x5a67, 0x5226,
    0x5226, 0x5a46, 0x5a47, 0x5a47, 0x5a47, 0x5a46, 0x5a46, 0x5a26, 0x5a26, 0x5226, 0x5226, 0x5226,
    0x5226, 0x5226, 0x5226, 0x5a47, 0x5a47, 0x5a47, 0x5a46, 0x49e5, 0x49e5, 0x49e5, 0x5206, 0x41a5,
    0x41c5, 0x41c5, 0x49e5, 0x49e5, 0x49e5, 0x49e5, 0x3164, 0x3964, 0x3984, 0x3984, 0x3984, 0x3984,
    0x41a4, 0x41a5, 0x3964, 0x3984, 0x41c5, 0x41c5, 0x41c5, 0x49c5, 0x49e5, 0x49e5, 0x49e5, 0x49e5,
    0x4a06, 0x4a06, 0x49e5, 0x49e5, 0x5206, 0x5226, 0x5a67, 0x6267, 0x6287, 0x6287, 0x6287, 0x6287,
    0x62a7, 0x6aa8, 0x834a, 0x8bab, 0x8bab, 0x838a, 0x836a, 0x7309, 0x838a, 0x8bcb, 0x838a, 0x9c0c,
    0xa44c, 0x9c0c, 0x838a, 0x8bab, 0x8bcb, 0x8bcb, 0x9c2c, 0xa44d, 0x838a, 0x838a, 0x8bcb, 0xa48e,
    0xc571, 0xbd50, 0xb50f, 0xbd30, 0xbd30, 0xd612, 0xcdb1, 0xacae, 0xbd50, 0xcdb1, 0xd612, 0xee94,
    0xde13, 0xd5f2, 0xcd91, 0xc571, 0xd5f2, 0xde13, 0xc591, 0x2924, 0x2945, 0x39a5, 0x4206, 0x4a28,
    0x4a69, 0x5289, 0x5aca, 0x632b, 0x5269, 0x5aca, 0x6b6c, 0x73ad, 0x6b4c, 0x528a, 0x632c, 0x6b6d,
    0x738e, 0x9491, 0x9491, 0x9491, 0x8c51, 0x9cd3, 0x8c31, 0x7bf0, 0x632d, 0x6b4e, 0x6b4e, 0x6b6e,
    0xa534, 0x94b2, 0x73af, 0x9493, 0x6b4d, 0xfcc2, 0xfce3, 0xfd03, 0xff27, 0xfce3, 0xfdc4, 0xfe45,
    0xfc42, 0xfc02, 0xfc22, 0xfc82, 0xfc02, 0xfbc1, 0xfba1, 0xfc02, 0xfda4, 0xfd63, 0xfda4, 0xfd63,
    0xfd84, 0xfd23, 0xfce8, 0x9493, 0x73b0, 0x73b0, 0x94b3, 0x738f, 0xa514, 0xbdd6, 0xb595, 0xa514,
    0xad75, 0xb596, 0x7bf0, 0x9cf3, 0xa513, 0xad55, 0x632e, 0x8430, 0x9cd3, 0xa514, 0x8431, 0x7bcf,
    0x73af, 0x5acb, 0x4207, 0x4a27, 0x31a6, 0x41e7, 0x4a47, 0x39e6, 0x39a6, 0x39c6, 0x39c6, 0x39c6,
    0x5288, 0x62ea, 0x7b8c, 0x6b4b, 0x630a, 0x630a, 0x62ea, 0x5268, 0x4a07, 0x39c6, 0x3185, 0x3165,
    0x2965, 0x3165, 0x39c6, 0x41e6, 0x5267, 0x5247, 0x5247, 0x39c6, 0x39a6, 0x5267, 0x5267, 0x5267,
    0x62c9, 0x6b09, 0x5aa8, 0x5268, 0x6b09, 0x6b09, 0x6b09, 0x62c8, 0x5267, 0x4a07, 0x41c6, 0x41c6,
    0x39c6, 0x39c6, 0x39c6, 0x5247, 0x5247, 0x5247, 0x5247, 0x4a26, 0x5247, 0x39c6, 0x39c6, 0x5247,
    0x5267, 0x62c8, 0x62c8, 0x62a8, 0x62a8, 0x62a8, 0x5247, 0x39a5, 0x3185, 0x2944, 0x2944, 0x2944,
    0x2944, 0x2944, 0x2944, 0x2924, 0x3185, 0x4a06, 0x41e6, 0x3985, 0x3985, 0x3985, 0x3985, 0x2924,
    0x2924, 0x2924, 0x2924, 0x3164, 0x3985, 0x39a5, 0x4a06, 0x7309, 0x7309, 0x7309, 0x7309, 0x6b09,
    0x6288, 0x6288, 0x6288, 0x62a8, 0x6aa8, 0x6aa8, 0x6267, 0x5226, 0x5a47, 0x5a47, 0x5a67, 0x5226,
    0x5226, 0x5226, 0x5226, 0x5a46, 0x5a67, 0x6267, 0x6267, 0x6267, 0x6267, 0x6267, 0x6267, 0x6aa8,
    0x6ac8, 0x6ac8, 0x6ac8, 0x6ac8, 0x6ac8, 0x72c8, 0x5a47, 0x5a47, 0x5a47, 0x5226, 0x5206, 0x5206,
    0x5a47, 0x6267, 0x6267, 0x6267, 0x6267, 0x5a67, 0x5a46, 0x5226, 0x5226, 0x5a46, 0x5a47, 0x5a47,
    0x5226, 0x5a46, 0x5a46, 0x5a26, 0x5a26, 0x5226, 0x5226, 0x5226, 0x5226, 0x5226, 0x5226, 0x5a47,
    0x5a47, 0x5a47, 0x5206, 0x49e5, 0x49e5, 0x49e5, 0x49e5, 0x41a5, 0x41c5, 0x41c5, 0x49e5, 0x49e5,
    0x49e5, 0x49e5, 0x3164, 0x3964, 0x3984, 0x3984, 0x3984, 0x3984, 0x41a4, 0x41a5, 0x41a5, 0x41a5,
    0x41c5, 0x41c5, 0x41c5, 0x49c5, 0x49e5, 0x49e5, 0x49e5, 0x49e5, 0x4a06, 0x4a06, 0x5206, 0x5206,
    0x5226, 0x5226, 0x5a67, 0x6267, 0x6287, 0x6287, 0x6287, 0x6287, 0x62a7, 0x6aa8, 0x834a, 0x8bab,
    0x8bab, 0x838a, 0x836a, 0x7309, 0x8bcb, 0x8bcb, 0x838a, 0x9c0c, 0xa44c, 0x93eb, 0x836a, 0x8bab,
    0x8bcb, 0x8bcb, 0xa44d, 0xa44d, 0x7b4a, 0x838a, 0x940c, 0xbd0f, 0xc591, 0xbd30, 0xb50f, 0xb4ef,
    0xbd50, 0xde12, 0xbd50, 0xa48e, 0xb4ef, 0xc550, 0xde33, 0xee94, 0xd5d2, 0xd5f2, 0xd5f2, 0xcd91,
    0xd612, 0xd5f2, 0xc591, 0xcdd2, 0xa48e, 0x39a5, 0x39a6, 0x4207, 0x4a69, 0x4a48, 0x52a9, 0x5aea,
    0x4208, 0x5aea, 0x736d, 0x7bce, 0x7bce, 0x528a, 0x632d, 0x73ae, 0x842f, 0x9491, 0x94b1, 0x9491,
    0x8c50, 0xa4f3, 0x8c31, 0x9492, 0xc638, 0xce58, 0x6b4e, 0x6b6e, 0xa534, 0x8431, 0x73af, 0x9493,
    0x6b4d, 0xfc62, 0xfce3, 0xfcc3, 0xfc82, 0xfca2, 0xfdc4, 0xfe45, 0xff07, 0xfde5, 0xfc62, 0xfc82,
    0xfc02, 0xfbc1, 0xfbc1, 0xfc02, 0xffa8, 0xffec, 0xff07, 0xfd63, 0xfe45, 0xfdc4, 0xfd69, 0xb595,
    0x73b0, 0x73af, 0x73af, 0x738f, 0xa514, 0xbdd6, 0xb5b6, 0x8c52, 0x9cf4, 0xb596, 0x8431, 0x8411,
    0x8c51, 0xad55, 0x632e, 0x8431, 0xad75, 0xad75, 0x8431, 0x7bcf, 0x73af, 0x5acb, 0x4a28, 0x31a6,
    0x31a6, 0x41e7, 0x4a27, 0x39e6, 0x39a6, 0x39a6, 0x39c6, 0x39c6, 0x4a48, 0x5268, 0x7b8c, 0x6b4b,
    0x630a, 0x62ea, 0x62ea, 0x5268, 0x4a07, 0x39c6, 0x3185, 0x2965, 0x39c6, 0x3165, 0x39c6, 0x41e6,
    0x5267, 0x5247, 0x5247, 0x39c6, 0x39a5, 0x3165, 0x3165, 0x4a27, 0x62c9, 0x6b09, 0x5aa8, 0x5268,
    0x6b09, 0x6b09, 0x6b09, 0x62c8, 0x5267, 0x41e6, 0x41c6, 0x41c6, 0x39c6, 0x39c6, 0x39c6, 0x5247,
    0x5247, 0x5247, 0x5247, 0x39c6, 0x39c6, 0x3985, 0x39c6, 0x5247, 0x5267, 0x62c8, 0x62c8, 0x62a8,
    0x62a8, 0x62a8, 0x62e8, 0x732a, 0x732a, 0x2944, 0x2944, 0x2944, 0x2944, 0x2944, 0x2944, 0x2924,
    0x3165, 0x4a06, 0x4a06, 0x4a06, 0x41e6, 0x3985, 0x3985, 0x2924, 0x2924, 0x2924, 0x2924, 0x3164,
    0x3985, 0x39a5, 0x4a06, 0x5a87, 0x6ac8, 0x6ae8, 0x7309, 0x6b09, 0x6288, 0x6288, 0x6288, 0x62a8,
    0x6aa8, 0x6aa8, 0x6267, 0x5a47, 0x5a47, 0x5a47, 0x5a67, 0x5226, 0x5226, 0x5226, 0x5226, 0x5a67,
    0x5a67, 0x6267, 0x6267, 0x6267, 0x6267, 0x6267, 0x6287, 0x6ac8, 0x6ac8, 0x6ac8, 0x6ac8, 0x6ac8,
    0x6ac8, 0x6287, 0x5a47, 0x5a47, 0x5a47, 0x5226, 0x5206, 0x5226, 0x6287, 0x6267, 0x6267, 0x6267,
    0x6267, 0x5a47, 0x5226, 0x5226, 0x5226, 0x5a46, 0x5a47, 0x5226, 0x5a26, 0x5a46, 0x5a46, 0x5a46,
    0x5a26, 0x5226, 0x5226, 0x5226, 0x5226, 0x5226, 0x5226, 0x5a47, 0x5a47, 0x5226, 0x49e5, 0x49e5,
    0x49e5, 0x49e5, 0x41a5, 0x41a5, 0x41c5, 0x41c5, 0x49e5, 0x49e5, 0x49e5, 0x49e5, 0x3164, 0x3964,
    0x3984, 0x3984, 0x3984, 0x3984, 0x41a4, 0x41a5, 0x41a5, 0x41a5, 0x3984, 0x41c5, 0x41c5, 0x49c5,
    0x49e5, 0x49e5, 0x49e5, 0x49e5, 0x4a06, 0x4a06, 0x5206, 0x4a06, 0x49e5, 0x5206, 0x5a67, 0x6267,
    0x6287, 0x6287, 0x6287, 0x6287, 0x62a7, 0x6aa8, 0x834a, 0x8bab, 0x8bab, 0x838a, 0x836a, 0x838a,
    0x8bcb, 0x8bcb, 0x8bab, 0x9c0c, 0xa44c, 0x8bcb, 0x836a, 0x8bab, 0x8bcb, 0x93ec, 0xa44d, 0xa44d,
    0x7329, 0x838a, 0xa46d, 0xbd0f, 0xc591, 0xb50f, 0xb4ef, 0xacce, 0xbd30, 0xde12, 0xbd50, 0xa48e,
    0xb4ef, 0xbd30, 0xd612, 0xe653, 0xd5d2, 0xd5f2, 0xd5f2, 0xe5ad, 0xfd68, 0xcdb1, 0xc591, 0xd5f2,
    0xde33, 0xeed5, 0x7b6b, 0x41e7, 0x6b2b, 0x4208, 0x4a48, 0x5289, 0x4a28, 0x5aaa, 0x632c, 0x840f,
    0x7bce, 0x7bce, 0x7bee, 0x7bae, 0x8c50, 0x9491, 0xb575, 0x9cb2, 0x8c71, 0xa513, 0x7bcf, 0x9492,
    0xc638, 0xce58, 0x9cf3, 0x8410, 0xa534, 0x8431, 0x8431, 0xad55, 0xcb69, 0xfbe1, 0xfc42, 0xfca2,
    0xfc82, 0xfc82, 0xfd03, 0xfdc4, 0xff07, 0xfe86, 0xfdc4, 0xfd03, 0xfc02, 0xfbc1, 0xfc42, 0xfca2,
    0xffa8, 0xffec, 0xffeb, 0xfe45, 0xfe45, 0xfdc4, 0xfd8a, 0xb595, 0xad75, 0x9cd3, 0x73af, 0x738f,
    0xb5b7, 0xd6ba, 0xb5b6, 0x8c51, 0x9cd3, 0xa513, 0x8431, 0x8411, 0x8c51, 0x9cd3, 0x7bf0, 0x8431,
    0xad75, 0xbdf7, 0x9472, 0x7bcf, 0x73af, 0x5acb, 0x4a28, 0x31a6, 0x31a6, 0x3165, 0x2945, 0x39c6,
    0x39a6, 0x39a6, 0x39a6, 0x39c6, 0x4a48, 0x5268, 0x7b8c, 0x6b4b, 0x62ea, 0x62ea, 0x62ea, 0x5268,
    0x4207, 0x39c6, 0x3185, 0x2965, 0x39c6, 0x41e6, 0x4a27, 0x41e6, 0x5247, 0x5247, 0x5247, 0x39c6,
    0x39a5, 0x3165, 0x3165, 0x3165, 0x39a6, 0x5a88, 0x5aa8, 0x5267, 0x6b09, 0x6b09, 0x6b09, 0x62c8,
    0x5267, 0x41e6, 0x3165, 0x4a06, 0x4206, 0x39c6, 0x39c6, 0x5247, 0x5247, 0x5247, 0x5247, 0x39c6,
    0x39c6, 0x3144, 0x3144, 0x41e6, 0x5267, 0x62c8, 0x62c8, 0x62a8, 0x62a8, 0x62a8, 0x62c8, 0x732a,
    0x732a, 0x7329, 0x6b09, 0x2944, 0x2944, 0x2944, 0x2924, 0x2924, 0x3165, 0x4a06, 0x4a06, 0x4a06,
    0x4a06, 0x5a87, 0x5a87, 0x39a5, 0x2924, 0x2924, 0x2924, 0x3164, 0x3985, 0x39a5, 0x4a06, 0x5a87,
    0x6ac8, 0x6ae8, 0x7309, 0x6b09, 0x6288, 0x6288, 0x6288, 0x62a8, 0x6aa8, 0x6aa8, 0x6267, 0x5a47,
    0x5a47, 0x5a67, 0x5a67, 0x5226, 0x5226, 0x5226, 0x5a47, 0x5a67, 0x6267, 0x6267, 0x6267, 0x6267,
    0x6267, 0x6267, 0x6ac8, 0x6ac8, 0x6ac8, 0x6ac8, 0x6ac8, 0x6ac8, 0x72c8, 0x5a47, 0x5a47, 0x5a47,
    0x5a47, 0x5226, 0x5206, 0x6287, 0x6287, 0x6267, 0x6267, 0x6267, 0x6267, 0x5226, 0x5226, 0x5226,
    0x5226, 0x5a46, 0x5a46, 0x5226, 0x5a26, 0x5a46, 0x5a46, 0x5a46, 0x5a26, 0x5a26, 0x5226, 0x5226,
    0x5226, 0x5226, 0x5226, 0x5a47, 0x5a47, 0x5206, 0x49e5, 0x49e5, 0x49e5, 0x41c5, 0x41a5, 0x41a5,
    0x41c5, 0x49e5, 0x49e5, 0x49e5, 0x49e5, 0x41c5, 0x3143, 0x3164, 0x3984, 0x3984, 0x3984, 0x3984,
    0x41a4, 0x41a5, 0x41a5, 0x41a5, 0x39a4, 0x41a4, 0x41a5, 0x49c5, 0x49e5, 0x49e5, 0x49e5, 0x49e5,
    0x4a06, 0x4a06, 0x5206, 0x4a06, 0x49e5, 0x49e5, 0x5a46, 0x6267, 0x6287, 0x6287, 0x6287, 0x6287,
    0x62a7, 0x6aa8, 0x834a, 0x8bab, 0x8bab, 0x838a, 0x836a, 0x8bcb, 0x8bcb, 0x8bcb, 0x8bcb, 0x9c0c,
    0x9c0c, 0x8bcb, 0x836a, 0x8bcb, 0x8bcb, 0x9c2c, 0xa44d, 0x93eb, 0x7329, 0x8bcb, 0xa46d, 0xbd2f,
    0xc570, 0xb50f, 0xaccf, 0xacce, 0xcd91, 0xde12, 0xb4ef, 0xa48e, 0xb50f, 0xbd30, 0xe673, 0xde13,
    0xd5d2, 0xd5d2, 0xd5f2, 0xf569, 0xfd44, 0xfd44, 0xf569, 0xd613, 0xde13, 0xf6f5, 0xeeb5, 0xde33,
    0x6b2b, 0x4208, 0x4a48, 0x5269, 0x4a69, 0x5aeb, 0x6b4c, 0x840f, 0x7bee, 0x7bce, 0x7bee, 0x5aab,
    0x7bcf, 0x9cf2, 0xb595, 0xa513, 0xad34, 0xa513, 0x7bd0, 0xad55, 0xc638, 0xce58, 0x8431, 0x7baf,
    0x8c52, 0x8c52, 0x8c31, 0x9cf3, 0xcb69, 0xfbe1, 0xfc62, 0xfc42, 0xfc22, 0xfc82, 0xfd03, 0xfd63,
    0xfdc4, 0xfe25, 0xfdc4, 0xfd43, 0xfce3, 0xfc42, 0xfc42, 0xfea7, 0xffef, 0xffef, 0xffeb, 0xfe45,
    0xfd63, 0xfd63, 0xfd8a, 0xb595, 0xad75, 0xad75, 0xa514, 0x8c72, 0xb5b7, 0xd6ba, 0xd6ba, 0x8c51,
    0x9cd3, 0xa513, 0x8431, 0x8411, 0x8c51, 0x9cd3, 0x7bf0, 0x738f, 0x8410, 0xbdf7, 0x9472, 0x8410,
    0x8c71, 0x5acb, 0x4228, 0x3186, 0x31a6, 0x3165, 0x2945, 0x2945, 0x2945, 0x39a6, 0x39a6, 0x39c6,
    0x4a48, 0x4a48, 0x738c, 0x6b4b, 0x62ea, 0x5268, 0x5268, 0x5268, 0x4207, 0x39c6, 0x3185, 0x2965,
    0x39c6, 0x41e6, 0x5247, 0x5247, 0x5247, 0x5247, 0x5247, 0x39c6, 0x39a5, 0x3165, 0x3165, 0x3165,
    0x39a6, 0x41c6, 0x41c6, 0x4206, 0x6b09, 0x6b09, 0x6b09, 0x62c8, 0x5267, 0x41e6, 0x3165, 0x4a06,
    0x5267, 0x5267, 0x41e6, 0x5247, 0x5247, 0x5247, 0x5247, 0x39c6, 0x39c6, 0x3144, 0x3144, 0x39a5,
    0x41c6, 0x5a88, 0x62c8, 0x62a8, 0x62a8, 0x62a8, 0x62c8, 0x732a, 0x732a, 0x7329, 0x6b09, 0x5aa8,
    0x5a67, 0x3185, 0x2924, 0x2924, 0x3165, 0x4a06, 0x4a06, 0x4a06, 0x4a06, 0x5a87, 0x5a87, 0x5a87,
    0x5a87, 0x49e6, 0x2924, 0x3164, 0x3985, 0x39a5, 0x4a06, 0x5a87, 0x6ac8, 0x6ae8, 0x7309, 0x6ae8,
    0x6288, 0x6288, 0x62a8, 0x6aa8, 0x6aa8, 0x6287, 0x5a47, 0x5a47, 0x5a47, 0x5a67, 0x5a67, 0x5226,
    0x5226, 0x5226, 0x5a67, 0x5a67, 0x6267, 0x6267, 0x6267, 0x6267, 0x6267, 0x6ac8, 0x6ac8, 0x6ac8,
    0x6ac8, 0x6ac8, 0x6ac8, 0x6ac8, 0x5a47, 0x5a47, 0x5a47, 0x5a47, 0x5a47, 0x5226, 0x5a47, 0x6287,
    0x6287, 0x6267, 0x6267, 0x6267, 0x5a47, 0x5a26, 0x5226, 0x5226, 0x5226, 0x5a46, 0x5226, 0x5226,
    0x5a26, 0x5a46, 0x5a46, 0x5a46, 0x5a26, 0x5a26, 0x5226, 0x5226, 0x5226, 0x5226, 0x5226, 0x5a47,
    0x5226, 0x49e5, 0x49e5, 0x49e5, 0x49e5, 0x41a5, 0x41a5, 0x41a5, 0x41c5, 0x49e5, 0x49e5, 0x49e5,
    0x49e5, 0x41a5, 0x3143, 0x3144, 0x3164, 0x3984, 0x3984, 0x3984, 0x41a4, 0x41a5, 0x41a5, 0x41a5,
    0x39a4, 0x41a4, 0x41a5, 0x41a5, 0x41c5, 0x49e5, 0x49e5, 0x49e5, 0x4a06, 0x4a06, 0x5206, 0x4a06,
    0x49e5, 0x49e5, 0x5226, 0x5226, 0x6287, 0x6287, 0x6287, 0x6287, 0x62a7, 0x6aa8, 0x834a, 0x8bab,
    0x8bab, 0x838a, 0x836a, 0x8bab, 0x8bcb, 0x8bcb, 0x8bcb, 0x9c0c, 0x9c0c, 0x8bcb, 0x838a, 0x8bcb,
    0x8bcb, 0xa44d, 0xa44d, 0x838a, 0x7329, 0x940c, 0xa46d, 0xbd2f, 0xbd30, 0xb50f, 0xacae, 0xacce,
    0xde12, 0xde12, 0xa46d, 0xaccf, 0xc570, 0xc591, 0xe673, 0xde13, 0xcdd2, 0x942d, 0xacce, 0xfd24,
    0xfd24, 0xfd44, 0xfd44, 0xffb8, 0xeeb5, 0xf6f5, 0xeeb5, 0xde33, 0xde53, 0xde54, 0x4208, 0x39e7,
    0x4a69, 0x528a, 0x6b4d, 0x840f, 0x8c2f, 0x840f, 0x738d, 0x5aab, 0x9cb2, 0xb574, 0xb595, 0x9cf2,
    0xad54, 0xa534, 0x6b6e, 0xad75, 0xce38, 0xce58, 0x8431, 0x8410, 0x8c52, 0xbdf7, 0xc5f7, 0xa513,
    0xcb69, 0xfc62, 0xfc42, 0xfc42, 0xfc22, 0xfc22, 0xfbe1, 0xfd63, 0xfdc4, 0xfd84, 0xfd43, 0xfd43,
    0xfce3, 0xfc82, 0xfe25, 0xffa9, 0xffef, 0xfff0, 0xffed, 0xfe45, 0xfd63, 0xfd63, 0xfd8f, 0xb595,
    0xad75, 0xb596, 0xa514, 0x8c72, 0x7bd0, 0x8c52, 0xd6ba, 0x8c51, 0x8431, 0x8431, 0x8431, 0x8411,
    0x8c51, 0x9cd2, 0x9472, 0x738f, 0x632d, 0x632d, 0x738f, 0x7bcf, 0x8c71, 0x5acb, 0x4228, 0x3186,
    0x3186, 0x3165, 0x2945, 0x2945, 0x2945, 0x4a47, 0x4a47, 0x39a6, 0x4a48, 0x4a48, 0x738c, 0x6b2b,
    0x62ea, 0x5268, 0x5268, 0x62ea, 0x5288, 0x39c6, 0x3185, 0x2965, 0x39c6, 0x41e6, 0x5247, 0x5247,
    0x5247, 0x5247, 0x5247, 0x39c6, 0x39a5, 0x3165, 0x3165, 0x3165, 0x39a6, 0x41c6, 0x41c6, 0x41c6,
    0x5267, 0x62c8, 0x6b09, 0x62c8, 0x5267, 0x41e6, 0x3165, 0x4a06, 0x5267, 0x5267, 0x5267, 0x62e9,
    0x5a87, 0x5247, 0x5247, 0x39c6, 0x39c6, 0x3144, 0x3144, 0x39a5, 0x41c6, 0x5247, 0x5267, 0x62a8,
    0x62a8, 0x62a8, 0x62c8, 0x732a, 0x7329, 0x7329, 0x6b09, 0x5aa8, 0x5a67, 0x4a26, 0x4a26, 0x3164,
    0x3165, 0x4a06, 0x4a06, 0x4a06, 0x4a06, 0x5a87, 0x5a87, 0x5a87, 0x5a87, 0x6ae8, 0x6b09, 0x5247,
    0x3985, 0x39a5, 0x4a06, 0x5a87, 0x6ac8, 0x6ae8, 0x6b09, 0x6ae8, 0x6288, 0x6288, 0x62a8, 0x6aa8,
    0x6aa8, 0x5a47, 0x5a47, 0x5a47, 0x5a67, 0x5a67, 0x5a67, 0x5226, 0x5226, 0x5a67, 0x5a67, 0x6267,
    0x6267, 0x6267, 0x6267, 0x6267, 0x6aa8, 0x6ac8, 0x6ac8, 0x6ac8, 0x6ac8, 0x6ac8, 0x6ac8, 0x6267,
    0x5a47, 0x5a47, 0x5a47, 0x5a47, 0x5a47, 0x5226, 0x6287, 0x6287, 0x6287, 0x6267, 0x6267, 0x5a67,
    0x5a26, 0x5a26, 0x5226, 0x5226, 0x5226, 0x5226, 0x5226, 0x5226, 0x5a46, 0x5a47, 0x5a46, 0x5a46,
    0x5a26, 0x5a26, 0x5226, 0x5226, 0x5206, 0x5226, 0x5226, 0x5a47, 0x41c5, 0x49e5, 0x49e5, 0x49e5,
    0x41c5, 0x41a5, 0x41a5, 0x41a5, 0x49e5, 0x49e5, 0x49e5, 0x49e5, 0x49c5, 0x41a5, 0x3143, 0x3144,
    0x3164, 0x3164, 0x3984, 0x3984, 0x41a5, 0x41a5, 0x41a5, 0x41a5, 0x39a4, 0x41a4, 0x41a5, 0x41a5,
    0x41a5, 0x41c5, 0x49e5, 0x49e5, 0x4a06, 0x4a06, 0x5206, 0x4a06, 0x49e5, 0x49e5, 0x5226, 0x5226,
    0x5206, 0x5226, 0x6287, 0x62a7, 0x62a7, 0x6aa8, 0x834a, 0x8b8a, 0x8bab, 0x838a, 0x8b8a, 0x8bab,
    0x8bcb, 0x8bcb, 0x8bcb, 0x9c0c, 0x9c0c, 0x8bcb, 0x8bab, 0x8bcb, 0x93ec, 0xa44d, 0xa44d, 0x7329,
    0x7329, 0xa44d, 0xa46d, 0xbd2f, 0xb50f, 0xb4ef, 0xacce, 0xb4ef, 0xc591, 0xc591, 0xa46d, 0xbd30,
    0xc591, 0xde12, 0xe653, 0xd5f2, 0xcdd2, 0x942d, 0x944d, 0xfd24, 0xfd24, 0xfd44, 0xfe0b, 0xffb8,
    0xff16, 0xd5f2, 0xe674, 0xde33, 0xde33, 0xde54, 0xcdf2, 0x630a, 0x5289, 0x4a69, 0x738d, 0x842f,
    0x8c50, 0x7bee, 0x738d, 0x5acb, 0xad74, 0xb595, 0xb595, 0xbdb6, 0xbdd6, 0xad34, 0x632d, 0x6b4d,
    0x8c51, 0xce58, 0x6b6e, 0x8410, 0x8c52, 0xbdf7, 0xc617, 0xad55, 0xfbc5, 0xfc62, 0xfc42, 0xfd64,
    0xfd23, 0xfc22, 0xfbe1, 0xfc02, 0xfc22, 0xfd84, 0xfd43, 0xfd23, 0xfce3, 0xfc82, 0xfe25, 0xffea,
    0xffec, 0xffef, 0xffed, 0xfe25, 0xfda4, 0xfd84, 0xecee, 0xb595, 0xad75, 0xc5f7, 0xad75, 0x8c72,
    0x738f, 0x738f, 0x738f, 0x8c51, 0x8431, 0x8431, 0x8431, 0x9cf3, 0x8c51, 0x9cd2, 0x9cd2, 0x7bf0,
    0x632d, 0x632d, 0x738e, 0x7bcf, 0x8c71, 0x5acb, 0x5aca, 0x4a28, 0x3186, 0x3165, 0x2945, 0x2945,
    0x2945, 0x4a27, 0x4a47, 0x4a47, 0x4a48, 0x4a48, 0x738c, 0x6b2b, 0x62ea, 0x5268, 0x5268, 0x62ea,
    0x5aa8, 0x5268, 0x41e7, 0x2965, 0x39c6, 0x41e6, 0x5247, 0x5247, 0x5247, 0x5247, 0x5247, 0x5247,
    0x4a27, 0x3165, 0x3165, 0x3165, 0x39a6, 0x39c6, 0x41c6, 0x41c6, 0x5267, 0x5267, 0x5267, 0x5267,
    0x5267, 0x41e6, 0x3165, 0x4a06, 0x5267, 0x5267, 0x5267, 0x62e9, 0x62e9, 0x5247, 0x5247, 0x39c6,
    0x39c6, 0x3144, 0x3144, 0x39a5, 0x41c6, 0x5247, 0x5267, 0x62a8, 0x62a8, 0x62a8, 0x62c8, 0x732a,
    0x7329, 0x7329, 0x6b09, 0x5aa8, 0x5a67, 0x4a26, 0x4a06, 0x3985, 0x3985, 0x39a5, 0x4a06, 0x4a06,
    0x4a06, 0x5a87, 0x5a87, 0x5a87, 0x5a87, 0x6ae8, 0x6b09, 0x62a8, 0x5a87, 0x5a67, 0x4a06, 0x5a87,
    0x6ac8, 0x6ac8, 0x6b09, 0x6ae8, 0x6288, 0x62a8, 0x6aa8, 0x6aa8, 0x5a67, 0x5a47, 0x5a47, 0x5a47,
    0x5a67, 0x5a67, 0x5a67, 0x5226, 0x5a47, 0x5a67, 0x5a67, 0x6267, 0x6267, 0x6267, 0x6267, 0x6287,
    0x6ac8, 0x6ac8, 0x6ac8, 0x6ac8, 0x6ac8, 0x6ac8, 0x62a8, 0x5a47, 0x5a47, 0x5a47, 0x5a47, 0x5a47,
    0x5a47, 0x6267, 0x6287, 0x6287, 0x6287, 0x6267, 0x6267, 0x5a46, 0x5a26, 0x5a26, 0x5226, 0x5226,
    0x5226, 0x5226, 0x5226, 0x5226, 0x5a46, 0x5a47, 0x5a46, 0x5a46, 0x5a26, 0x5a26, 0x5226, 0x4a06,
    0x5206, 0x5226, 0x5226, 0x5a26, 0x41c5, 0x49e5, 0x49e5, 0x49e5, 0x41a5, 0x41a5, 0x41a5, 0x41a5,
    0x49e5, 0x49e5, 0x49e5, 0x49e5, 0x41c5, 0x41a5, 0x3143, 0x3144, 0x3164, 0x3164, 0x3964, 0x3984,
    0x41a5, 0x41a5, 0x41a5, 0x41a5, 0x39a4, 0x41a5, 0x41a5, 0x41a5, 0x41a5, 0x41a5, 0x3984, 0x4a05,
    0x4a06, 0x4a06, 0x5206, 0x4a06, 0x49e5, 0x49e5, 0x5226, 0x5226, 0x5206, 0x5206, 0x5a46, 0x6287,
    0x62a7, 0x6aa8, 0x836a, 0x836a, 0x8bab, 0x838a, 0x8bab, 0x8bab, 0x8bab, 0x8bcb, 0x8bcb, 0x9c0c,
    0x9c0c, 0x8bcb, 0x8bcb, 0x8bcb, 0x9c0c, 0x9c4d, 0x940c, 0x7329, 0x7b6a, 0xa44d, 0xa44d, 0xacce,
    0xb50f, 0xb4ef, 0xacce, 0xbd0f, 0xbd50, 0xb50f, 0xa48e, 0xc571, 0xc591, 0xe653, 0xe653, 0xcdb1,
    0xbd30, 0x942d, 0xbc8a, 0xfd24, 0xfe43, 0xfea2, 0xfed1, 0xffb8, 0xde33, 0xc591, 0xde33, 0xde33,
    0xde33, 0xde33, 0xcdb2, 0xd5f3, 0xde54, 0x7bcd, 0x738d, 0x9491, 0xa4f2, 0x83ee, 0x632c, 0x5acb,
    0x738e, 0x9cf3, 0xb5b5, 0xbdd6, 0xbdd6, 0x9492, 0x632d, 0x6b4d, 0x6b4e, 0x6b6e, 0x6b6e, 0x8411,
    0x9cf3, 0xbdf7, 0xc617, 0x9492, 0xfbc5, 0xfce3, 0xfc42, 0xfd64, 0xfe86, 0xff07, 0xfc22, 0xfc02,
    0xfc22, 0xfda4, 0xfde5, 0xfd23, 0xfce3, 0xfec6, 0xffea, 0xffea, 0xffec, 0xfe25, 0xfd84, 0xfda4,
    0xfda4, 0xfdc4, 0xf50e, 0x9493, 0xbdf7, 0xc5f7, 0xad75, 0x8c72, 0x738f, 0x738f, 0x738f, 0x8c51,
    0x9cd3, 0x94b3, 0x8431, 0x9cf3, 0x9cd3, 0x9cd2, 0x9cd2, 0x7bf0, 0x632d, 0x7bd0, 0x7bcf, 0x7bcf,
    0x8c71, 0x5acb, 0x5aca, 0x5289, 0x4207, 0x39a6, 0x2945, 0x2945, 0x2945, 0x4a27, 0x4a47, 0x4a47,
    0x4a47, 0x4a48, 0x62e9, 0x630a, 0x62ea, 0x5268, 0x5268, 0x62e9, 0x5aa8, 0x5268, 0x41e7, 0x39c6,
    0x39c6, 0x41e6, 0x5247, 0x5247, 0x5247, 0x5247, 0x5247, 0x5247, 0x4a27, 0x39c6, 0x39a5, 0x3165,
    0x39a6, 0x39c6, 0x41c6, 0x41c6, 0x5267, 0x5267, 0x5267, 0x4a27, 0x41c6, 0x39a6, 0x3165, 0x4a06,
    0x5267, 0x5267, 0x5267, 0x62e9, 0x62e9, 0x5247, 0x5247, 0x7b6a, 0x62e9, 0x3144, 0x3144, 0x39a5,
    0x41c6, 0x5247, 0x5267, 0x62a8, 0x62a8, 0x62a8, 0x62c8, 0x732a, 0x7329, 0x7329, 0x6b09, 0x5aa8,
    0x5a67, 0x4a06, 0x4a06, 0x3985, 0x3985, 0x3985, 0x3985, 0x3985, 0x4a06, 0x5a87, 0x5a87, 0x5a87,
    0x5a87, 0x6ae8, 0x6b09, 0x62a8, 0x5a87, 0x5a67, 0x5a67, 0x6ae8, 0x6ae8, 0x6ac8, 0x6b09, 0x6ae8,
    0x6288, 0x62a8, 0x6aa8, 0x6287, 0x5a47, 0x5a47, 0x5a47, 0x5a47, 0x5a67, 0x5a67, 0x5a67, 0x5a46,
    0x5a67, 0x5a67, 0x5a67, 0x6267, 0x6267, 0x6267, 0x6267, 0x6aa8, 0x6ac8, 0x6ac8, 0x6ac8, 0x6ac8,
    0x6ac8, 0x6ac8, 0x5a47, 0x5a47, 0x5a47, 0x5a47, 0x5a47, 0x5a47, 0x6287, 0x6aa8, 0x6287, 0x6287,
    0x6287, 0x6287, 0x5a67, 0x5a46, 0x5a26, 0x5a26, 0x5226, 0x5226, 0x5226, 0x5226, 0x5226, 0x5226,
    0x5a46, 0x5a47, 0x5a46, 0x5a46, 0x5a26, 0x5a26, 0x5206, 0x4a06, 0x5206, 0x5226, 0x5226, 0x49e5,
    0x41c5, 0x49e5, 0x49e5, 0x49c5, 0x41a5, 0x41a5, 0x41a5, 0x41c5, 0x4a06, 0x49e5, 0x49e5, 0x49e5,
    0x41c5, 0x41a5, 0x3143, 0x3144, 0x3164, 0x3164, 0x3964, 0x3984, 0x41a5, 0x41a5, 0x41a5, 0x41a5,
    0x39a4, 0x41a5, 0x41a5, 0x41a5, 0x41a5, 0x41a5, 0x3984, 0x41a5, 0x49e5, 0x4a06, 0x5206, 0x4a06,
    0x49e5, 0x49e5, 0x5226, 0x5226, 0x5206, 0x5206, 0x5a46, 0x5a47, 0x5a67, 0x6aa8, 0x7b49, 0x836a,
    0x8bab, 0x8b8a, 0x8bab, 0x8bab, 0x8bab, 0x8bab, 0x8bcb, 0x9c2c, 0x9c0c, 0x8bcb, 0x8bcb, 0x8bcb,
    0x93ec, 0x9c4d, 0x8bcb, 0x7329, 0x8bab, 0xa44d, 0x9c2c, 0xa4ae, 0xb50f, 0xacce, 0xacce, 0xbd50,
    0xbd50, 0xacef, 0xb4ef, 0xbd30, 0xcdd1, 0xe653, 0xde12, 0xcdb1, 0xb50f, 0xa48e, 0xdcc7, 0xfd24,
    0xfea2, 0xff42, 0xff42, 0xff69, 0xc591, 0xcdb1, 0xd613, 0xde33, 0xfd65, 0xedee, 0xcdb2, 0xcdf3,
    0xde54, 0xde33, 0xcdd2, 0x9491, 0x9471, 0x6b4d, 0x8430, 0x630c, 0x738e, 0x8c50, 0x9cd2, 0xbdd6,
    0xbdf6, 0x9492, 0x7bf0, 0x94b2, 0x6b4e, 0x6b6e, 0x6b6e, 0xa534, 0x9cf3, 0xbdf7, 0xc617, 0xbdd6,
    0xfcc8, 0xfce3, 0xfde4, 0xffed, 0xfe86, 0xfe45, 0xfcc2, 0xfc42, 0xfca2, 0xfda4, 0xff68, 0xfe86,
    0xfd43, 0xfec6, 0xffeb, 0xffeb, 0xffe9, 0xfe25, 0xfd84, 0xfc42, 0xfcc2, 0xfdc4, 0xf50e, 0x9493,
    0xc617, 0xdefb, 0xc618, 0x8c72, 0x738f, 0x7bf0, 0x8c52, 0x8c51, 0x9cd3, 0xa513, 0xb575, 0x9cf3,
    0x9cd3, 0x9cd2, 0x8c31, 0x7bf0, 0x632d, 0x7bd0, 0x8c51, 0x9491, 0x9491, 0x5acb, 0x5aca, 0x5289,
    0x4207, 0x4a48, 0x5aa9, 0x39a6, 0x2945, 0x4a27, 0x4a27, 0x4a47, 0x4a47, 0x4a47, 0x62c9, 0x5288,
    0x5268, 0x5268, 0x5268, 0x62e9, 0x5aa8, 0x5248, 0x41e7, 0x39c6, 0x39c6, 0x39c6, 0x39c6, 0x5247,
    0x5247, 0x4a47, 0x5247, 0x5247, 0x4a27, 0x39c6, 0x39a5, 0x3165, 0x39a5, 0x39c6, 0x39c6, 0x41c6,
    0x5267, 0x5267, 0x5267, 0x4a27, 0x41c6, 0x41c6, 0x41c6, 0x3185, 0x5267, 0x5267, 0x5267, 0x62e9,
    0x62e9, 0x5247, 0x5247, 0x7b6a, 0x7b6a, 0x7b6a, 0x7b6a, 0x39a5, 0x41c6, 0x5247, 0x5267, 0x62a8,
    0x62a8, 0x62a8, 0x62c8, 0x7329, 0x6b09, 0x5aa8, 0x6ae8, 0x5aa8, 0x5a67, 0x4a06, 0x4a06, 0x3985,
    0x3985, 0x3985, 0x3985, 0x3985, 0x3985, 0x4a06, 0x5a87, 0x5a87, 0x5a87, 0x6ae8, 0x6b09, 0x62a8,
    0x5a67, 0x5a67, 0x5a67, 0x6ac8, 0x7309, 0x7309, 0x6b09, 0x6ae8, 0x6288, 0x6aa8, 0x6aa8, 0x5a47,
    0x5a47, 0x5a47, 0x5a47, 0x5a67, 0x5a67, 0x5a67, 0x5a67, 0x5a67, 0x5a67, 0x5a67, 0x5a67, 0x6267,
    0x6267, 0x6267, 0x6287, 0x6ac8, 0x6ac8, 0x6ac8, 0x6ac8, 0x6ac8, 0x6ac8, 0x6267, 0x5a47, 0x5a47,
    0x5a47, 0x5a47, 0x5a47, 0x5a47, 0x72e8, 0x6aa8, 0x6287, 0x6287, 0x6287, 0x6287, 0x5a46, 0x5a46,
    0x5a26, 0x5a26, 0x5226, 0x5226, 0x5226, 0x5226, 0x5226, 0x5226, 0x5a46, 0x5a47, 0x5a46, 0x5a46,
    0x5a46, 0x5a26, 0x5206, 0x4a06, 0x5206, 0x5226, 0x4a06, 0x41c5, 0x41c5, 0x49e5, 0x49e5, 0x49e5,
    0x41a5, 0x41a5, 0x41a5, 0x4a06, 0x4a06, 0x49e5, 0x49e5, 0x41c5, 0x41c5, 0x41a5, 0x3143, 0x3144,
    0x3164, 0x3164, 0x3964, 0x3984, 0x41a5, 0x41a5, 0x41a5, 0x41a5, 0x39a4, 0x41a5, 0x41a5, 0x41a5,
    0x41c5, 0x41a5, 0x39a4, 0x41a5, 0x49c5, 0x49e5, 0x4a06, 0x5206, 0x49e5, 0x49e5, 0x5226, 0x5226,
    0x5206, 0x5206, 0x5a46, 0x5a47, 0x5a47, 0x5a67, 0x7309, 0x836a, 0x8bab, 0x8bab, 0x8bab, 0x8bab,
    0x8bab, 0x8bab, 0x93cb, 0x9c2c, 0x9c0c, 0x8bcb, 0x8bcb, 0x8bab, 0x93ec, 0x9c4c, 0x838a, 0x7329,
    0x940c, 0x9c4d, 0x940c, 0xa4ae, 0xb50f, 0xacae, 0xb50f, 0xcdb1, 0xbd0f, 0xacef, 0xb4ef, 0xb4ef,
    0xc550, 0xcdd1, 0xd5d2, 0xcdb1, 0xa4ae, 0xacae, 0x942d, 0xdcc7, 0xff22, 0xff42, 0xff42, 0xff62,
    0xffb8, 0xde33, 0xd613, 0xe5ee, 0xfd65, 0xfda9, 0xde33, 0xd613, 0xde54, 0xd5f3, 0xcdd2, 0xbd71,
    0x9caf, 0x6b4d, 0x9491, 0x8c50, 0x7bce, 0x8c70, 0xad54, 0xbdd6, 0xa533, 0x7bf0, 0x83f0, 0xad75,
    0xb595, 0x9cf3, 0x736e, 0xad34, 0x8431, 0x73af, 0xc617, 0xb5b6, 0xad34, 0x94b3, 0xfde4, 0xffed,
    0xffec, 0xff48, 0xfcc2, 0xfc42, 0xfc02, 0xfc82, 0xff68, 0xfe86, 0xfe25, 0xfe05, 0xffeb, 0xffeb,
    0xff88, 0xfc02, 0xfc02, 0xfc42, 0xfcc2, 0xfd03, 0xfd6f, 0xc617, 0xce58, 0xdefb, 0xce59, 0xad54,
    0x8411, 0x7bf0, 0x8c52, 0xa514, 0xa513, 0xa513, 0xb575, 0x9cf3, 0x9492, 0x9492, 0x8c31, 0x8c51,
    0x94b2, 0x7bd0, 0x8c51, 0x9491, 0x9cf3, 0x738d, 0x5aca, 0x5288, 0x4207, 0x4a48, 0x5aa9, 0x4a48,
    0x4a27, 0x39c6, 0x4a27, 0x4a47, 0x4a47, 0x4a47, 0x62c9, 0x5288, 0x4a48, 0x5268, 0x5268, 0x62e9,
    0x5a88, 0x5248, 0x41e6, 0x39c6, 0x39c6, 0x39c6, 0x39c6, 0x41e6, 0x5247, 0x4a47, 0x4a47, 0x5247,
    0x4a27, 0x39c6, 0x39a5, 0x3165, 0x39a5, 0x39c6, 0x4a27, 0x4206, 0x5267, 0x5267, 0x5267, 0x4a27,
    0x41c6, 0x41c6, 0x41c6, 0x3185, 0x3165, 0x4a06, 0x5267, 0x62e9, 0x62e9, 0x5247, 0x5247, 0x7b6a,
    0x7b6a, 0x7b6a, 0x7b6a, 0x62c8, 0x5aa8, 0x5247, 0x5267, 0x62a8, 0x62a8, 0x62a8, 0x62c8, 0x7329,
    0x6b09, 0x5aa8, 0x5aa8, 0x5a88, 0x5a67, 0x4a06, 0x4a06, 0x3985, 0x3985, 0x3985, 0x3985, 0x3985,
    0x3985, 0x4a06, 0x4a06, 0x4a06, 0x5247, 0x6ae8, 0x6b09, 0x62a8, 0x5a67, 0x5a67, 0x5a67, 0x6ac8,
    0x7309, 0x7309, 0x6b09, 0x6ae8, 0x62a8, 0x6aa8, 0x5a47, 0x5a47, 0x5a47, 0x5a47, 0x5a47, 0x5a67,
    0x5a67, 0x5a67, 0x6aa8, 0x5a67, 0x5a67, 0x5a67, 0x6267, 0x6267, 0x6267, 0x6267, 0x6ac8, 0x6ac8,
    0x6ac8, 0x6ac8, 0x6ac8, 0x6ac8, 0x6aa8, 0x5a47, 0x5a47, 0x5a47, 0x5a47, 0x5a47, 0x5a47, 0x6aa8,
    0x72e8, 0x6aa8, 0x6287, 0x6287, 0x6287, 0x5a47, 0x5a46, 0x5a46, 0x5a26, 0x5a26, 0x5a26, 0x5226,
    0x5226, 0x5226, 0x5226, 0x5226, 0x5a46, 0x5a47, 0x5a46, 0x5a46, 0x5a46, 0x5226, 0x5206, 0x4a06,
    0x5206, 0x5226, 0x49e5, 0x41c5, 0x41c5, 0x49e5, 0x5206, 0x49e5, 0x41a5, 0x41a5, 0x41c5, 0x4a06,
    0x4a06, 0x49e5, 0x49c5, 0x41c5, 0x41c5, 0x41a5, 0x3143, 0x3144, 0x3164, 0x3164, 0x3964, 0x3984,
    0x41a5, 0x41a5, 0x41a5, 0x41c5, 0x39a4, 0x41a5, 0x41a5, 0x41a5, 0x41c5, 0x41a5, 0x39a4, 0x41a5,
    0x49c5, 0x49e5, 0x49e5, 0x4a05, 0x49e5, 0x49e5, 0x5226, 0x5226, 0x5206, 0x5206, 0x5a46, 0x5a47,
    0x5a47, 0x5a67, 0x7309, 0x836a, 0x8bab, 0x8bab, 0x8bab, 0x8bab, 0x8bab, 0x8bab, 0x93eb, 0x9c2c,
    0x9c0c, 0x8bcb, 0x8bcb, 0x838a, 0x93ec, 0x93ec, 0x836a, 0x7329, 0x9c4d, 0x9c4d, 0x8bcb, 0xa4ae,
    0xb4ef, 0xa4ae, 0xc570, 0xd5f2, 0xbd30, 0xaccf, 0xb4ef, 0xb4ef, 0xbd50, 0xc591, 0xbd50, 0xbd50,
    0xa4ae, 0xa4ae, 0x942d, 0x942d, 0xfd24, 0xff42, 0xff42, 0xff69, 0xffb8, 0xf6d5, 0xd613, 0xf589,
    0xfd65, 0xedee, 0xde33, 0xf716, 0xeed5, 0xd5f3, 0xcdd2, 0xbd71, 0xb551, 0xcdf3, 0xad12, 0x7bef,
    0x738e, 0x73ae, 0xa533, 0xb5b5, 0xa533, 0x7baf, 0x94b2, 0xb575, 0xb595, 0xa534, 0x9492, 0xad54,
    0x8431, 0x73af, 0xb575, 0xb595, 0xad34, 0x94b3, 0x94b3, 0x8c52, 0xffeb, 0xffa9, 0xfdc4, 0xfbe1,
    0xfc02, 0xfc62, 0xfd23, 0xfd84, 0xfe25, 0xfe05, 0xfe86, 0xfde4, 0xff88, 0xfc02, 0xfbc1, 0xfbc1,
    0xfc82, 0xfd23, 0xfd6f, 0xc617, 0xe6fb, 0xc5f7, 0xce59, 0xad54, 0x8c72, 0xa514, 0x9cb3, 0xa514,
    0xa513, 0xa513, 0xb575, 0x9cf3, 0x9492, 0x8410, 0x6b6e, 0x8430, 0x94b2, 0x7bd0, 0x9472, 0xad75,
    0x9cf3, 0x736d, 0x5aaa, 0x5288, 0x4207, 0x4a48, 0x5289, 0x4a48, 0x4a27, 0x31a6, 0x41e6, 0x4a27,
    0x4a47, 0x4a47, 0x5ac9, 0x5288, 0x4a48, 0x5248, 0x5268, 0x39c6, 0x4207, 0x5247, 0x41e6, 0x39c6,
    0x39c6, 0x39c6, 0x39c6, 0x41e6, 0x4a47, 0x4a47, 0x4a47, 0x5247, 0x4a27, 0x39c6, 0x39a5, 0x3165,
    0x39a5, 0x39c6, 0x4a27, 0x5267, 0x6b09, 0x5aa8, 0x5267, 0x4a27, 0x41c6, 0x41c6, 0x41c6, 0x3185,
    0x3165, 0x4a06, 0x5267, 0x5247, 0x62e9, 0x5247, 0x5247, 0x7b6a, 0x7b6a, 0x7b6a, 0x7b6a, 0x62c8,
    0x5aa8, 0x5247, 0x5227, 0x62a8, 0x62a8, 0x62a8, 0x62c8, 0x7329, 0x6b09, 0x5aa8, 0x5aa8, 0x5a88,
    0x5a88, 0x5a88, 0x5267, 0x3985, 0x3985, 0x3985, 0x3985, 0x3985, 0x3985, 0x4a06, 0x4a06, 0x4a06,
    0x4a06, 0x5267, 0x62a8, 0x62a8, 0x5a67, 0x5a67, 0x5a67, 0x6ac8, 0x7309, 0x6b09, 0x6b09, 0x6ae8,
    0x62a8, 0x5a47, 0x5a47, 0x5a47, 0x5a47, 0x5a47, 0x5a67, 0x5a67, 0x5a67, 0x6287, 0x6aa8, 0x5a67,
    0x5a67, 0x5a67, 0x6267, 0x6267, 0x6267, 0x6ac8, 0x6ac8, 0x6ac8, 0x6ac8, 0x6ac8, 0x6ac8, 0x6ac8,
    0x5a67, 0x5a47, 0x5a47, 0x5a47, 0x5a47, 0x5a47, 0x6287, 0x72e8, 0x72e8, 0x6aa8, 0x6287, 0x6287,
    0x6287, 0x5a47, 0x5a46, 0x5a46, 0x5a46, 0x5a26, 0x5a26, 0x5226, 0x5226, 0x5226, 0x5226, 0x5226,
    0x5a47, 0x5a47, 0x5a46, 0x5a46, 0x5a46, 0x5206, 0x5206, 0x4a06, 0x5206, 0x5206, 0x49e5, 0x41c5,
    0x41c5, 0x49e5, 0x5226, 0x49e5, 0x41a5, 0x41a5, 0x5206, 0x4a06, 0x4a06, 0x49e5, 0x41c5, 0x41c5,
    0x41c5, 0x41a5, 0x3143, 0x3144, 0x3164, 0x3164, 0x3964, 0x3984, 0x41a5, 0x41a5, 0x41a5, 0x41c5,
    0x41c5, 0x41a5, 0x41a5, 0x41a5, 0x41c5, 0x41a5, 0x39a4, 0x41a5, 0x49c5, 0x49e5, 0x49e5, 0x49e5,
    0x49e5, 0x49e5, 0x5226, 0x5226, 0x5206, 0x5206, 0x5a46, 0x5a47, 0x5a67, 0x5a67, 0x7309, 0x836a,
    0x8bab, 0x8bab, 0x8bab, 0x8bab, 0x8bab, 0x8bab, 0x9c0c, 0x9c2c, 0x9c0c, 0x8bcb, 0x8bcb, 0x838a,
    0x93ec, 0x838a, 0x836a, 0x7b4a, 0x9c4d, 0x9c2c, 0x8bcb, 0xa4ae, 0xb50f, 0xa4ae, 0xd5d1, 0xd5d2,
    0xacce, 0xaccf, 0xb52f, 0xb4ef, 0xc570, 0xc591, 0xb50f, 0xb50f, 0xa4ae, 0xa48e, 0x942d, 0xb48a,
    0xfd24, 0xfe82, 0xff42, 0xff70, 0xff98, 0xe674, 0xd613, 0xff82, 0xfec3, 0xedee, 0xde33, 0xf716,
    0xf716, 0xb530, 0xc592, 0xb530, 0xbd71, 0xcdf3, 0xde74, 0xff57, 0x9c91, 0x7baf, 0x630c, 0x632d,
    0xad34, 0x6b2d, 0x9cb2, 0xb595, 0x94b2, 0x9cd3, 0x9492, 0xad54, 0x8c31, 0x8c51, 0xb575, 0xb595,
    0xb595, 0x9cf4, 0x94b3, 0x8c52, 0x7bf1, 0xf50e, 0xfdc4, 0xfba1, 0xfba1, 0xfc42, 0xfd23, 0xfd43,
    0xfd63, 0xfd84, 0xfe86, 0xfde4, 0xfd84, 0xfc02, 0xfbc1, 0xfbc1, 0xfc02, 0xfce3, 0xfd4f, 0xc617,
    0xe6fb, 0xc5f7, 0xb5b6, 0xad54, 0x8c72, 0xa514, 0xb5b6, 0xa514, 0xa513, 0xa513, 0xb575, 0x8411,
    0x8410, 0x8410, 0x6b6e, 0x7bf0, 0x94b2, 0x7bd0, 0x9472, 0xbdd6, 0x9cf3, 0x736d, 0x5289, 0x5288,
    0x4207, 0x4a48, 0x5289, 0x4a47, 0x4a27, 0x31a6, 0x41e6, 0x4a27, 0x4a27, 0x4a47, 0x5ac9, 0x5288,
    0x4a48, 0x4a48, 0x5248, 0x39c6, 0x4207, 0x5247, 0x41e6, 0x39c6, 0x39c6, 0x39c6, 0x39c6, 0x41e6,
    0x4a47, 0x4a47, 0x4a47, 0x39c6, 0x39c6, 0x39c6, 0x31a5, 0x3165, 0x39a5, 0x39c6, 0x4a27, 0x5267,
    0x6ae9, 0x6b09, 0x6b09, 0x5267, 0x41c6, 0x41c6, 0x41c6, 0x3185, 0x3165, 0x4a06, 0x5267, 0x5247,
    0x5247, 0x62e9, 0x5a87, 0x7b6a, 0x7b6a, 0x7b6a, 0x7b6a, 0x62c8, 0x5aa8, 0x5247, 0x5227, 0x4a26,
    0x4a26, 0x5a87, 0x62c8, 0x7329, 0x6b09, 0x5aa8, 0x5a88, 0x5a88, 0x5a88, 0x5a88, 0x5a88, 0x4a06,
    0x41e5, 0x3985, 0x3985, 0x3985, 0x3985, 0x4a06, 0x4a06, 0x4a06, 0x4a06, 0x5267, 0x5a67, 0x4a26,
    0x4a06, 0x5a67, 0x5a67, 0x6ac8, 0x7309, 0x6b09, 0x6ae9, 0x6ae8, 0x6267, 0x5226, 0x5a47, 0x5a47,
    0x5a47, 0x5a47, 0x5a67, 0x5a67, 0x5a67, 0x6aa8, 0x6aa8, 0x5a67, 0x5a67, 0x6267, 0x6267, 0x6267,
    0x6aa8, 0x6ac8, 0x6ac8, 0x6ac8, 0x6ac8, 0x6ac8, 0x6ac8, 0x6288, 0x5a47, 0x5a47, 0x5a47, 0x5a47,
    0x5a47, 0x5a47, 0x72e8, 0x72e8, 0x72e8, 0x6aa8, 0x6287, 0x6287, 0x5a47, 0x5a47, 0x5a46, 0x5a46,
    0x5a46, 0x5a26, 0x5a47, 0x5226, 0x5226, 0x5226, 0x5226, 0x5a46, 0x5a47, 0x5a47, 0x5a47, 0x5a46,
    0x5226, 0x5206, 0x5206, 0x4a06, 0x5206, 0x5206, 0x49e5, 0x41c5, 0x41c5, 0x5206, 0x5226, 0x49e5,
    0x41a5, 0x49e5, 0x5206, 0x4a06, 0x4a06, 0x49e5, 0x41c5, 0x41c5, 0x41c5, 0x49c5, 0x3164, 0x3164,
    0x3164, 0x3164, 0x3964, 0x3984, 0x41a5, 0x41a5, 0x41a5, 0x41c5, 0x41c5, 0x49e5, 0x49e5, 0x41a5,
    0x41c5, 0x41a5, 0x39a4, 0x41a5, 0x49c5, 0x49e5, 0x49e5, 0x49e5, 0x49e5, 0x4a05, 0x49e5, 0x5226,
    0x5206, 0x5206, 0x5a46, 0x5a47, 0x5a67, 0x5a67, 0x7309, 0x836a, 0x8bab, 0x8bab, 0x8bab, 0x8bab,
    0x8bab, 0x8bab, 0x9c2c, 0x9c2c, 0x8bcb, 0x8bcb, 0x8bcb, 0x83aa, 0x93eb, 0x7329, 0x836a, 0x838a,
    0x9c4d, 0x93ec, 0x8bcb, 0xa48e, 0xb50f, 0xb50f, 0xc550, 0xd5d2, 0xacce, 0xacce, 0xc550, 0xbd30,
    0xbd50, 0xc550, 0xb50f, 0xacef, 0xa4ae, 0x9c4d, 0x942d, 0xdcc7, 0xfd04, 0xff22, 0xff42, 0xff97,
    0xff98, 0xe674, 0xd613, 0xff62, 0xff82, 0xd633, 0xde54, 0xf716, 0xde74, 0xb530, 0xd54c, 0xfd85,
    0xbd71, 0xcdf3, 0xde54, 0xff57, 0xff58, 0xd635, 0x630d, 0x632d, 0x6b2d, 0x8c71, 0x9cd2, 0xa514,
    0x8c31, 0x9cd3, 0x9cd3, 0xad54, 0x73af, 0x7bf0, 0x9cf3, 0xb595, 0xb595, 0xb595, 0x7bd0, 0x7bd0,
    0x7bf0, 0x94b3, 0xb5b6, 0xfd50, 0xfba1, 0xfba1, 0xfbc1, 0xfd63, 0xfd63, 0xfd63, 0xfd03, 0xfd43,
    0xfd84, 0xfc02, 0xfbe1, 0xfbe1, 0xfc02, 0xfce3, 0xfd4f, 0xc617, 0xe6fb, 0xc5f7, 0xb5b6, 0xad54,
    0xbdd7, 0xbdd6, 0xb595, 0xa514, 0xad75, 0xb595, 0xb575, 0x8411, 0x8410, 0x8410, 0x6b6e, 0x7bf0,
    0x94b2, 0x7bd0, 0x8431, 0xbdd6, 0x9cf3, 0x6b6d, 0x5289, 0x5268, 0x5288, 0x5268, 0x5289, 0x4a47,
    0x4227, 0x31a6, 0x39e6, 0x4a27, 0x4a27, 0x4a47, 0x39a6, 0x4a47, 0x4a47, 0x4a48, 0x4a48, 0x39c6,
    0x4207, 0x4a47, 0x41e6, 0x39c6, 0x2945, 0x39c6, 0x39c6, 0x41e6, 0x4a47, 0x4a47, 0x4a47, 0x39c6,
    0x39c6, 0x39c6, 0x39c6, 0x3165, 0x39a5, 0x39c6, 0x4a27, 0x5267, 0x6ae9, 0x6b09, 0x6b09, 0x6b2a,
    0x7b8b, 0x5aa8, 0x41c6, 0x3185, 0x3165, 0x4a06, 0x5267, 0x5247, 0x5247, 0x62e9, 0x62e9, 0x62e9,
    0x7b6a, 0x7b6a, 0x7b6a, 0x62c8, 0x5aa8, 0x5247, 0x5227, 0x4a26, 0x4a26, 0x4a26, 0x5247, 0x6b09,
    0x6ae9, 0x5aa8, 0x5a88, 0x5a88, 0x5a88, 0x5a88, 0x5a88, 0x4a06, 0x41e5, 0x3985, 0x3985, 0x3985,
    0x3985, 0x4a06, 0x4a06, 0x4a06, 0x4a06, 0x5267, 0x5a67, 0x4a26, 0x4a06, 0x41c5, 0x3185, 0x6ac8,
    0x7309, 0x6b09, 0x6ae9, 0x6ae8, 0x5226, 0x5226, 0x5a47, 0x5a47, 0x5a47, 0x5a47, 0x5a67, 0x5a67,
    0x6287, 0x6aa8, 0x6aa8, 0x5a67, 0x5a67, 0x6267, 0x6267, 0x6287, 0x6ac8, 0x6ac8, 0x6ac8, 0x6ac8,
    0x6ac8, 0x6ac8, 0x6ac8, 0x5a47, 0x5a47, 0x5a47, 0x5a47, 0x5a47, 0x5a47, 0x6267, 0x72e8, 0x72e8,
    0x72e8, 0x6aa8, 0x6287, 0x6287, 0x5a67, 0x5a47, 0x5a47, 0x5a46, 0x5a46, 0x5a67, 0x5a47, 0x5226,
    0x5226, 0x5226, 0x5a26, 0x5a47, 0x5a47, 0x5a47, 0x5a47, 0x5a46, 0x5206, 0x5206, 0x5206, 0x4a06,
    0x4a06, 0x5206, 0x49e5, 0x41c5, 0x49e5, 0x5226, 0x5226, 0x49e5, 0x41a5, 0x5206, 0x5206, 0x4a06,
    0x4a06, 0x49c5, 0x41c5, 0x41c5, 0x41c5, 0x49e5, 0x3164, 0x3964, 0x3984, 0x3164, 0x3964, 0x3984,
    0x41a5, 0x41a5, 0x41a5, 0x41c5, 0x41c5, 0x49e5, 0x5206, 0x5226, 0x49e5, 0x41a5, 0x39a4, 0x41a5,
    0x49c5, 0x49e5, 0x49e5, 0x49e5, 0x49e5, 0x4a06, 0x41c5, 0x49e5, 0x5206, 0x5206, 0x5a46, 0x5a47,
    0x5a67, 0x5a67, 0x7309, 0x836a, 0x8bab, 0x8bab, 0x838a, 0x8bab, 0x8bab, 0x93cb, 0x9c2c, 0x9c2c,
    0x838a, 0x8bcb, 0x93eb, 0x83aa, 0x838a, 0x7329, 0x836a, 0x8bcb, 0x9c4d, 0x8bcb, 0x8bcb, 0x9c4d,
    0xb50f, 0xb50f, 0xbd0f, 0xb50f, 0xacce, 0xb4ef, 0xbd50, 0xb50f, 0xb4ef, 0xb50f, 0xb50f, 0xacae,
    0xa4ae, 0x940c, 0x942d, 0x942d, 0xfd04, 0xff22, 0xff22, 0xff97, 0xff97, 0xd5f2, 0xfe6d, 0xff62,
    0xff07, 0xd613, 0xc591, 0xc5b2, 0xde74, 0xb530, 0xd54c, 0xfd85, 0xff53, 0xff78, 0xeed6, 0xff57,
    0xff57, 0xff78, 0xeed6, 0xbd72, 0x7bcf, 0x9cd2, 0xb595, 0xa514, 0x8c51, 0xa534, 0xb595, 0xbdf7,
    0x73af, 0x8c51, 0x9493, 0xb595, 0xb595, 0x9cf3, 0x7bd0, 0x8c52, 0x94b3, 0x94b3, 0xc638, 0xc638,
    0xc638, 0xfc47, 0xfbc1, 0xfc02, 0xfc62, 0xfd63, 0xfd03, 0xfd23, 0xfd23, 0xfc02, 0xfbe1, 0xfbe1,
    0xfc02, 0xfce3, 0xfd4f, 0xc617, 0xe6fb, 0xdefb, 0xbdd7, 0xad54, 0xbdd6, 0xb575, 0x9cd3, 0x9cd3,
    0xad75, 0xb595, 0xb575, 0x8410, 0x8410, 0x8410, 0x6b6e, 0x73af, 0x9cd2, 0x7bcf, 0x8431, 0xa513,
    0x9cf3, 0x6b6d, 0x5289, 0x5268, 0x5288, 0x4a48, 0x4207, 0x41e6, 0x4207, 0x3186, 0x39e6, 0x4a27,
    0x4a27, 0x4a27, 0x39a6, 0x39a6, 0x39a6, 0x41e7, 0x4a48, 0x39c6, 0x4207, 0x4a47, 0x41e6, 0x39c6,
    0x2945, 0x2945, 0x2945, 0x41e6, 0x4a47, 0x4a47, 0x4a47, 0x39a6, 0x39c6, 0x39c6, 0x39c6, 0x39c6,
    0x4a27, 0x39c6, 0x4a27, 0x5267, 0x62e9, 0x6ae9, 0x6b09, 0x6b2a, 0x7b8b, 0x734a, 0x6ae9, 0x41e6,
    0x3165, 0x4a06, 0x5267, 0x5247, 0x5247, 0x62e9, 0x62e9, 0x62e9, 0x62c8, 0x7b6a, 0x7b6a, 0x62c8,
    0x5aa8, 0x5247, 0x5227, 0x4a26, 0x4a26, 0x4a26, 0x5247, 0x5aa8, 0x5a67, 0x5247, 0x5a88, 0x5a88,
    0x5a88, 0x5a88, 0x5a87, 0x4a06, 0x41e5, 0x3985, 0x3985, 0x3985, 0x3985, 0x4a06, 0x4a06, 0x4a06,
    0x4a06, 0x5247, 0x5a67, 0x4a26, 0x4a06, 0x41c5, 0x3185, 0x5267, 0x62c8, 0x6ae8, 0x6ae9, 0x6ae8,
    0x5226, 0x5226, 0x5a47, 0x5a47, 0x5a47, 0x5a67, 0x5a67, 0x6287, 0x6aa8, 0x6aa8, 0x6aa8, 0x5a67,
    0x5a67, 0x6267, 0x6267, 0x6ac8, 0x6ac8, 0x6ac8, 0x6ac8, 0x6ac8, 0x6ac8, 0x6ac8, 0x6287, 0x5a47,
    0x5a47, 0x5a47, 0x5a47, 0x5a47, 0x5a47, 0x6287, 0x72e8, 0x72e8, 0x72e8, 0x6aa8, 0x6287, 0x6287,
    0x5a67, 0x5a47, 0x5a47, 0x5a46, 0x5a47, 0x6267, 0x5a47, 0x5226, 0x5226, 0x5226, 0x5a46, 0x5a47,
    0x5a47, 0x5a47, 0x5a47, 0x5226, 0x5206, 0x5206, 0x5206, 0x5206, 0x5226, 0x5206, 0x49e5, 0x41c5,
    0x5206, 0x5226, 0x5226, 0x49e5, 0x49e5, 0x5206, 0x5206, 0x4a06, 0x49e5, 0x41c5, 0x41c5, 0x41c5,
    0x49c5, 0x49e5, 0x3164, 0x3964, 0x3984, 0x3984, 0x3964, 0x3984, 0x41a5, 0x41a5, 0x41c5, 0x41c5,
    0x41c5, 0x49e6, 0x5206, 0x5226, 0x5226, 0x49e5, 0x39a4, 0x41a5, 0x49e5, 0x49e5, 0x49e5, 0x49e5,
    0x49e5, 0x4a06, 0x41c5, 0x41c5, 0x49c5, 0x4a06, 0x5a46, 0x5a47, 0x5a67, 0x5a67, 0x7309, 0x838a,
    0x8bab, 0x8bab, 0x836a, 0x8bab, 0x8bab, 0x940c, 0x9c2c, 0x93eb, 0x838a, 0x8bcb, 0x940c, 0x83aa,
    0x7329, 0x7329, 0x8bab, 0x8bcb, 0x9c4d, 0x8bcb, 0x838a, 0x940c, 0xb4ef, 0xb50f, 0xb50f, 0xacce,
    0xacce, 0xb50f, 0xbd50, 0xb4ef, 0xb4ef, 0xb50f, 0xb50f, 0xbd50, 0x9c6d, 0x940c, 0x942c, 0x942d,
    0xacce, 0xfeae, 0xff49, 0xff77, 0xf6f6, 0xd5f2, 0xc591, 0xfe2c, 0xfee7, 0xd613, 0xc591, 0xb510,
    0xb510, 0xb510, 0xed68, 0xfd85, 0xfffa, 0xfffa, 0xe6b5, 0xde54, 0xff57, 0xff58, 0xe695, 0xe695,
    0x8410, 0x9cf2, 0xb595, 0x8430, 0x736e, 0xad74, 0xb595, 0xad75, 0x9472, 0x9492, 0x9493, 0xb595,
    0xc638, 0xbdf7, 0x8c51, 0x8c52, 0xa514, 0xb595, 0xc638, 0xc638, 0xc638, 0xb595, 0xbdf7, 0xfc02,
    0xfcc2, 0xfd23, 0xfd03, 0xfd23, 0xfd23, 0xfd03, 0xfc62, 0xfbe1, 0xfc02, 0xfce3, 0xb595, 0x9cf3,
    0xad55, 0xdefb, 0xbdd7, 0xad54, 0xad34, 0xb575, 0x9cd3, 0x8c31, 0xa514, 0xb595, 0xb575, 0x8410,
    0x7bcf, 0x9cd2, 0x6b6e, 0x73af, 0xa534, 0x7bcf, 0x8431, 0xa513, 0x9cf3, 0x738e, 0x5289, 0x5268,
    0x5268, 0x4a47, 0x4207, 0x39a6, 0x3186, 0x52a9, 0x39e6, 0x4a27, 0x4a27, 0x4a27, 0x39a6, 0x39a6,
    0x39a6, 0x2945, 0x2945, 0x31a6, 0x4207, 0x4a47, 0x41e6, 0x39c6, 0x2945, 0x2945, 0x2945, 0x3165,
    0x39a6, 0x4a47, 0x4a47, 0x39a6, 0x39c6, 0x39c6, 0x39c6, 0x39c6, 0x4a27, 0x5267, 0x5ac8, 0x5a88,
    0x62e9, 0x6ae9, 0x6b09, 0x6b2a, 0x7b8b, 0x734a, 0x6ae9, 0x4a27, 0x39c6, 0x41e6, 0x5267, 0x5247,
    0x5247, 0x62e9, 0x62e9, 0x62e9, 0x62c8, 0x7b6a, 0x7b6a, 0x5247, 0x5267, 0x5247, 0x5227, 0x4a26,
    0x4a26, 0x4a26, 0x5247, 0x5aa8, 0x5a67, 0x4a26, 0x5226, 0x5a88, 0x5a88, 0x5a88, 0x5a87, 0x4a06,
    0x41e5, 0x3985, 0x3985, 0x3985, 0x3985, 0x3985, 0x3985, 0x4a06, 0x4a06, 0x5247, 0x5a67, 0x4a26,
    0x4a06, 0x41c5, 0x3185, 0x5267, 0x62c8, 0x62c8, 0x62a8, 0x62c8, 0x5226, 0x5226, 0x5a47, 0x5a47,
    0x5a47, 0x5a67, 0x6267, 0x6aa8, 0x6aa8, 0x6aa8, 0x6aa8, 0x5a67, 0x6267, 0x6267, 0x6267, 0x6ac8,
    0x6ac8, 0x6ac8, 0x6ac8, 0x6ac8, 0x6ac8, 0x6aa8, 0x6267, 0x5a47, 0x5a47, 0x5a47, 0x5a47, 0x5a47,
    0x6267, 0x6287, 0x72e8, 0x72e8, 0x72e8, 0x6aa8, 0x6287, 0x6287, 0x5a67, 0x5a47, 0x5a47, 0x5a46,
    0x6267, 0x6267, 0x5a47, 0x5a26, 0x5226, 0x5a46, 0x5a67, 0x5a47, 0x5a47, 0x5a47, 0x5a47, 0x5206,
    0x5206, 0x5206, 0x5206, 0x5226, 0x5226, 0x5206, 0x49e5, 0x49e5, 0x5226, 0x5226, 0x5226, 0x49e5,
    0x49e6, 0x5206, 0x5206, 0x5206, 0x49e5, 0x41c5, 0x41c5, 0x41c5, 0x49e5, 0x49e5, 0x3164, 0x3964,
    0x3984, 0x3984, 0x3964, 0x3984, 0x41a5, 0x41a5, 0x41c5, 0x41c5, 0x41c5, 0x49e6, 0x5206, 0x5226,
    0x5226, 0x5206, 0x49e5, 0x41a5, 0x49e5, 0x49e5, 0x49e5, 0x49e5, 0x49e5, 0x4a06, 0x41c5, 0x41c5,
    0x49e5, 0x49e5, 0x5226, 0x5a47, 0x5a67, 0x5a67, 0x7309, 0x8baa, 0x8bcb, 0x8bab, 0x836a, 0x8bab,
    0x8bab, 0x9c2c, 0x9c2c, 0x8bab, 0x836a, 0x8bab, 0x9c2c, 0x83aa, 0x7329, 0x7329, 0x93ec, 0x8bcb,
    0x9c4d, 0x8bcb, 0x7b4a, 0x940c, 0xa48e, 0xb4ef, 0xb50f, 0xacae, 0xacae, 0xbd30, 0xbd2f, 0xb4ef,
    0xb4ef, 0xb50f, 0xbd30, 0xc591, 0xc571, 0x9c6d, 0x940c, 0x942d, 0xbd50, 0xe694, 0xbd50, 0xee94,
    0xf6f6, 0xd5f2, 0xc591, 0xc571, 0xb530, 0xc5b2, 0xbd50, 0xb510, 0xb510, 0xb510, 0xffed, 0xff06,
    0xfffa, 0xfffa, 0xcdd3, 0xcdf3, 0xffe2, 0xff57, 0xe695, 0xe695, 0x8410, 0x8c51, 0xad74, 0x8431,
    0x738e, 0xbdd6, 0xce58, 0xad75, 0x9472, 0x9492, 0x9493, 0xa514, 0xc637, 0xbdf7, 0xb595, 0xb595,
    0xa514, 0xb595, 0xc638, 0xdeda, 0xdeda, 0xb595, 0xbdf7, 0xc638, 0x94b3, 0xfd23, 0xfd23, 0xfce3,
    0xfd03, 0xfd03, 0xfc62, 0xfc42, 0xfc22, 0xfce3, 0xb595, 0x9cf3, 0x73af, 0x73af, 0xbdd7, 0xad54,
    0xad34, 0xad75, 0xa534, 0x8c31, 0xa514, 0xb595, 0xce58, 0x8410, 0x7bcf, 0x9cd2, 0x8c31, 0x8c31,
    0xa534, 0x7bcf, 0x9472, 0xbdd6, 0xa533, 0x738e, 0x5289, 0x5268, 0x5268, 0x4a27, 0x4207, 0x39a6,
    0x3186, 0x5289, 0x62ea, 0x62c9, 0x4a27, 0x4a27, 0x39a6, 0x39a6, 0x39a6, 0x2945, 0x2945, 0x2945,
    0x3185, 0x4a47, 0x41e6, 0x39c6, 0x2945, 0x2945, 0x2945, 0x3165, 0x39a6, 0x39a6, 0x39a6, 0x39a6,
    0x39a6, 0x39c6, 0x39c6, 0x39c6, 0x4a27, 0x5247, 0x5ac8, 0x62e9, 0x5267, 0x6ae9, 0x6ae9, 0x6b2a,
    0x7b8b, 0x734a, 0x6ae9, 0x4a27, 0x39c6, 0x39c6, 0x39c6, 0x41e6, 0x5247, 0x62e9, 0x62e9, 0x62e9,
    0x62c8, 0x7b6a, 0x7b6a, 0x5247, 0x4a06, 0x39a5, 0x41c6, 0x4a26, 0x4a26, 0x4a26, 0x5247, 0x5aa8,
    0x5a67, 0x4a06, 0x5226, 0x5a88, 0x5a88, 0x5a87, 0x5a87, 0x4a06, 0x41e5, 0x3985, 0x3985, 0x3985,
    0x3985, 0x3985, 0x3985, 0x4a06, 0x4a06, 0x5226, 0x5a67, 0x4a26, 0x4a06, 0x41c5, 0x3185, 0x5247,
    0x62c8, 0x62a8, 0x62a8, 0x62a8, 0x5226, 0x5226, 0x5a47, 0x5a47, 0x5a47, 0x5a67, 0x6aa8, 0x6aa8,
    0x6aa8, 0x6aa8, 0x6aa8, 0x5a67, 0x6267, 0x6267, 0x6267, 0x6ac8, 0x6ac8, 0x6ac8, 0x6ac8, 0x6ac8,
    0x6ac8, 0x6267, 0x6287, 0x5a47, 0x5a47, 0x5a47, 0x5a47, 0x5a67, 0x6287, 0x6287, 0x72e8, 0x72e8,
    0x72e8, 0x6aa8, 0x6287, 0x6287, 0x5a67, 0x5a47, 0x5a47, 0x5a47, 0x6267, 0x6267, 0x5a47, 0x5a26,
    0x5226, 0x5a67, 0x5a67, 0x5a47, 0x5a47, 0x5a47, 0x5a47, 0x5206, 0x5206, 0x5206, 0x5206, 0x5a46,
    0x5226, 0x5206, 0x49e5, 0x5206, 0x5226, 0x5226, 0x5226, 0x5226, 0x5206, 0x5206, 0x5206, 0x5206,
    0x49c5, 0x41c5, 0x41c5, 0x49e5, 0x49e5, 0x49e5, 0x3164, 0x3964, 0x3984, 0x3984, 0x3964, 0x41a4,
    0x49e5, 0x41c5, 0x41c5, 0x41c5, 0x41c5, 0x49e6, 0x5206, 0x5226, 0x5226, 0x5206, 0x4a05, 0x4a06,
    0x49e5, 0x49e5, 0x49e5, 0x49e5, 0x49e5, 0x4a06, 0x41c5, 0x41c5, 0x49e5, 0x49e5, 0x5226, 0x5226,
    0x5a46, 0x5a67, 0x7309, 0x8bcb, 0x8bcb, 0x8baa, 0x836a, 0x8bab, 0x93eb, 0x9c2c, 0x9c2c, 0x7b6a,
    0x836a, 0x93cb, 0x9c2c, 0x83aa, 0x7329, 0x7329, 0x9c4c, 0x8bcb, 0x9c4d, 0x8bcb, 0x7b4a, 0x940c,
    0xa48e, 0xb50f, 0xacce, 0xacae, 0xaccf, 0xbd30, 0xbd2f, 0xaccf, 0xacae, 0xb50f, 0xbd30, 0xc591,
    0xbd30, 0xb530, 0xc571, 0x942c, 0xcdd2, 0xe674, 0xbd50, 0xaccf, 0xb530, 0xd5f2, 0xbd71, 0xc571,
    0xacef, 0xacef, 0xa4af, 0xad10, 0xb510, 0xb510, 0xffeb, 0xffef, 0xfffa, 0xfffa, 0xcdd2, 0xcdd3,
    0xffe2, 0xff88, 0xe695, 0xd655, 0x8410, 0x8c51, 0xa513, 0x8c51, 0x8c51, 0xbdd6, 0xd699, 0xc617,
    0x9492, 0x9492, 0x9493, 0xa4f4, 0xc637, 0xbdb6, 0xb595, 0xb595, 0x94b2, 0x9492, 0xc638, 0xdeda,
    0xe73b, 0xc638, 0xbdf7, 0xb5b6, 0x94b3, 0xce59, 0xfe2f, 0xfce3, 0xfce3, 0xfce3, 0xfd24, 0xfc42,
    0xfc42, 0xfba1, 0x9493, 0x8c52, 0x73af, 0x73af, 0x8431, 0x8c72, 0xad34, 0xad75, 0x9cf3, 0x6b6e,
    0xa534, 0xb595, 0xce58, 0x8c51, 0x738e, 0x9cd2, 0x8c31, 0x8c31, 0xa534, 0x8410, 0x9472, 0xbdd6,
    0xa533, 0x8c30, 0x5289, 0x5268, 0x4a48, 0x4a27, 0x4207, 0x39a6, 0x3186, 0x5289, 0x62ea, 0x6b2b,
    0x6b2b, 0x62ea, 0x39a6, 0x39a6, 0x39a6, 0x2945, 0x2945, 0x2945, 0x3185, 0x39c6, 0x4227, 0x39c6,
    0x2945, 0x2945, 0x2945, 0x3165, 0x39a6, 0x39a6, 0x39a6, 0x2945, 0x2945, 0x39c6, 0x39c6, 0x39c6,
    0x4a27, 0x5247, 0x5aa8, 0x62e9, 0x5267, 0x5a88, 0x6ae9, 0x6b2a, 0x7b8b, 0x734a, 0x6ae9, 0x4a27,
    0x39c6, 0x39c6, 0x39c6, 0x39c6, 0x39c6, 0x4a27, 0x62e9, 0x62e9, 0x62c8, 0x7b6a, 0x7b6a, 0x5247,
    0x4a06, 0x39a5, 0x3185, 0x2944, 0x3985, 0x4a26, 0x5247, 0x5aa8, 0x5a67, 0x4a06, 0x4a26, 0x5a88,
    0x5a88, 0x5a87, 0x5a87, 0x4a06, 0x41e5, 0x3985, 0x3985, 0x3985, 0x3985, 0x3985, 0x3985, 0x4a06,
    0x4a06, 0x4a06, 0x4a06, 0x41c5, 0x4a06, 0x41c5, 0x3185, 0x5247, 0x62c8, 0x62a8, 0x62a8, 0x62a8,
    0x5226, 0x5226, 0x5a47, 0x5a47, 0x5a67, 0x6287, 0x6aa8, 0x6aa8, 0x6aa8, 0x6aa8, 0x6aa8, 0x5a67,
    0x6267, 0x6267, 0x6267, 0x6ac8, 0x6ac8, 0x6ac8, 0x6ac8, 0x6ac8, 0x6287, 0x6267, 0x6287, 0x5a47,
    0x5a47, 0x5a47, 0x5a47, 0x6287, 0x6287, 0x6287, 0x72e8, 0x72e8, 0x72e8, 0x6aa8, 0x6287, 0x6287,
    0x5a67, 0x5a47, 0x5a47, 0x6267, 0x6267, 0x6267, 0x5a47, 0x5a26, 0x5a47, 0x5a67, 0x5a67, 0x5a47,
    0x5a47, 0x5a47, 0x5a47, 0x5206, 0x5206, 0x5206, 0x5226, 0x5a46, 0x5226, 0x5206, 0x49e5, 0x5226,
    0x5226, 0x5226, 0x5226, 0x4a05, 0x5206, 0x5206, 0x5206, 0x5206, 0x49c5, 0x41c5, 0x41c5, 0x49e5,
    0x49e5, 0x49e5, 0x3164, 0x3964, 0x3984, 0x3984, 0x3964, 0x41a4, 0x49e5, 0x49e5, 0x49e5, 0x41c5,
    0x41c5, 0x49e6, 0x5206, 0x5226, 0x5226, 0x5206, 0x4a06, 0x4a06, 0x4a06, 0x5226, 0x49e5, 0x49e5,
    0x49e5, 0x4a06, 0x41c5, 0x41c5, 0x49e5, 0x49e5, 0x5226, 0x5226, 0x5a46, 0x5a67, 0x7b49, 0x8bcb,
    0x8bcb, 0x838a, 0x836a, 0x8bab, 0x9c2c, 0x9c2c, 0x93eb, 0x7b6a, 0x836a, 0x940c, 0x9c2c, 0x838a,
    0x7329, 0x836a, 0x9c4c, 0x8bcb, 0x9c4c, 0x8bcb, 0x7b4a, 0x940c, 0xa4ae, 0xb4ef, 0xa46d, 0x942c,
    0xacce, 0xbd30, 0xb50f, 0xaccf, 0xa48e, 0xa46d, 0xbd2f, 0xc591, 0xb50f, 0xb510, 0xcdb1, 0xcdb1,
    0xde33, 0xe674, 0xa4af, 0xaccf, 0xbd50, 0xbd71, 0xbd71, 0xbd71, 0xacef, 0xacef, 0x9c6e, 0xed6a,
    0xfdcb, 0xff2e, 0xffeb, 0xffef, 0xfffa, 0xff57, 0xcdd2, 0xfe8d, 0xffe2, 0xff88, 0xe695, 0xd655,
    0x8410, 0x9492, 0xa513, 0x8c51, 0x8410, 0x738f, 0xdeda, 0xad55, 0x9492, 0xad75, 0x9cf3, 0xa4f4,
    0xc637, 0xc637, 0xc637, 0xb595, 0x8431, 0x9cd3, 0xe71b, 0xe73b, 0xe73b, 0xc638, 0xe73b, 0xc618,
    0x94b3, 0xce59, 0xe73c, 0xe73c, 0xfc87, 0xfce3, 0xff27, 0xfea6, 0xfc42, 0xfba1, 0x9493, 0xa514,
    0xb5b6, 0x7bf0, 0x8431, 0x8c72, 0xdeba, 0xc638, 0x9cf3, 0x6b6e, 0xad75, 0xce79, 0xce58, 0x8c51,
    0x738e, 0x8410, 0x9471, 0x8c31, 0xa534, 0x7bcf, 0x83f0, 0xbdd6, 0xa533, 0x8c30, 0x5289, 0x4a68,
    0x41e6, 0x39a6, 0x39c6, 0x39a6, 0x3185, 0x5288, 0x62c9, 0x6b2b, 0x6b2b, 0x6b2b, 0x6b4b, 0x5268,
    0x39a6, 0x2945, 0x2945, 0x2945, 0x3185, 0x39c6, 0x4227, 0x4a47, 0x4a47, 0x3185, 0x2945, 0x3165,
    0x39a6, 0x39a6, 0x39a6, 0x2945, 0x2945, 0x2945, 0x3165, 0x39c6, 0x4a27, 0x5247, 0x5aa8, 0x62e9,
    0x5267, 0x5a88, 0x6ae9, 0x6b2a, 0x7b8b, 0x734a, 0x6ae9, 0x4a27, 0x39c6, 0x39c6, 0x39c6, 0x39c6,
    0x39c6, 0x39c6, 0x39c6, 0x5267, 0x62c8, 0x7b6a, 0x7b6a, 0x5247, 0x4a06, 0x39a5, 0x3185, 0x2944,
    0x2944, 0x2944, 0x39a5, 0x5aa8, 0x5a67, 0x4a06, 0x4a26, 0x5a88, 0x5a88, 0x5a87, 0x5a87, 0x4a06,
    0x39c5, 0x2924, 0x3985, 0x3985, 0x3985, 0x3985, 0x3985, 0x4a06, 0x4a06, 0x4a06, 0x4a06, 0x39a5,
    0x3185, 0x3164, 0x3185, 0x5247, 0x62c8, 0x62a8, 0x62a8, 0x62a8, 0x5226, 0x5226, 0x5a47, 0x5a47,
    0x6287, 0x6aa8, 0x6aa8, 0x6aa8, 0x6aa8, 0x6aa8, 0x6aa8, 0x6267, 0x6267, 0x6267, 0x6267, 0x6ac8,
    0x6ac8, 0x6ac8, 0x6ac8, 0x6a88, 0x6267, 0x6267, 0x6287, 0x5a47, 0x5a47, 0x5a47, 0x6267, 0x6287,
    0x6287, 0x6287, 0x72e8, 0x72e8, 0x6aa8, 0x6267, 0x6287, 0x6287, 0x5a67, 0x5a47, 0x6267, 0x6aa8,
    0x6267, 0x6267, 0x5a47, 0x5a26, 0x5a67, 0x5a67, 0x5a67, 0x5a47, 0x5a47, 0x5a47, 0x5a47, 0x5206,
    0x5206, 0x5206, 0x5a46, 0x5a46, 0x5226, 0x5206, 0x5226, 0x5226, 0x5226, 0x5226, 0x5206, 0x4a05,
    0x5206, 0x5206, 0x5206, 0x5206, 0x49c5, 0x41c5, 0x49e5, 0x49e5, 0x49e5, 0x49e5, 0x3164, 0x3964,
    0x3984, 0x3984, 0x3964, 0x41a4, 0x49e5, 0x49e5, 0x49e5, 0x4a06, 0x49c5, 0x49e6, 0x5206, 0x5226,
    0x5226, 0x5206, 0x4a06, 0x4a06, 0x4a06, 0x5226, 0x5a67, 0x5206, 0x49e5, 0x4a06, 0x41c5, 0x41c5,
    0x49e5, 0x49e5, 0x5226, 0x5226, 0x5a46, 0x5a67, 0x7b49, 0x8bcb, 0x8bcb, 0x836a, 0x836a, 0x93cb,
    0x9c2c, 0x9c2c, 0x8bcb, 0x7b6a, 0x836a, 0x9c2c, 0x9c2c, 0x838a, 0x7329, 0x8bab, 0x9c4c, 0x8bcb,
    0x9c4c, 0x8bcb, 0x7b4a, 0x9c4d, 0xacce, 0xb4ef, 0x942c, 0x942c, 0xacce, 0xbd30, 0xb4ef, 0xacce,
    0x9c6d, 0x9c6d, 0xc571, 0xc570, 0xb50f, 0xb50f, 0xcd91, 0xcdb1, 0xe674, 0xd613, 0xa4ae, 0xacef,
    0xbd50, 0xbd51, 0xbd71, 0xc591, 0xacef, 0xa4af, 0x9c6e, 0xed6a, 0xff82, 0xffea, 0xfff1, 0xfff2,
    0xfff9, 0xe695, 0xcdd2, 0xde54, 0xffc7, 0xff0e, 0xe695, 0xcdf4, 0x8430, 0x9492, 0xa513, 0x8c51,
    0x7bcf, 0x738f, 0x738f, 0x8431, 0x9492, 0xb575, 0x8c51, 0x8c51, 0xc637, 0xc637, 0xbdf7, 0xb595,
    0x8431, 0x9cd3, 0xe71b, 0xe71b, 0xe71b, 0xce78, 0xe73b, 0xc617, 0x7bd0, 0x7bd0, 0xe73c, 0xe73c,
    0x7bd0, 0x8411, 0xfe4b, 0xffa8, 0xff27, 0xfca2, 0x9493, 0xa514, 0xb5b6, 0x8c72, 0x8c72, 0x8c72,
    0xdeba, 0xc638, 0xa534, 0x7bf0, 0xad75, 0xce79, 0xce58, 0x9cd3, 0x7bcf, 0x8410, 0x9471, 0x9cd2,
    0xa534, 0x7bcf, 0x83f0, 0xbdd6, 0xbdb6, 0x9471, 0x5269, 0x4a68, 0x41e6, 0x39a6, 0x3185, 0x3185,
    0x3185, 0x5288, 0x5ac9, 0x6b2a, 0x6b2b, 0x6b2b, 0x6b4b, 0x5aa9, 0x4a27, 0x3165, 0x2945, 0x2945,
    0x3185, 0x39c6, 0x4207, 0x4a47, 0x4a47, 0x5288, 0x736b, 0x3165, 0x39a6, 0x39a6, 0x39a6, 0x2945,
    0x2945, 0x2945, 0x3165, 0x39c6, 0x4a27, 0x5247, 0x5aa8, 0x62e9, 0x5267, 0x5a88, 0x62e9, 0x6b2a,
    0x7b8b, 0x6ae9, 0x5267, 0x4a27, 0x39c6, 0x39c6, 0x39c6, 0x39c6, 0x39c6, 0x39c6, 0x39c6, 0x5247,
    0x5247, 0x6b09, 0x7b6a, 0x5247, 0x4a06, 0x39a5, 0x3185, 0x2944, 0x2944, 0x2944, 0x3164, 0x39a5,
    0x3985, 0x4a06, 0x4a26, 0x5a88, 0x5a87, 0x5a87, 0x5a87, 0x4a06, 0x39c5, 0x2924, 0x2924, 0x4a06,
    0x39a5, 0x3985, 0x3185, 0x4a06, 0x4a06, 0x4a06, 0x4a06, 0x39a5, 0x3185, 0x3164, 0x2924, 0x5a67,
    0x62c8, 0x62a8, 0x62a8, 0x62a8, 0x5226, 0x5226, 0x5a47, 0x5a47, 0x6aa8, 0x6aa8, 0x6aa8, 0x6aa8,
    0x6aa8, 0x6aa8, 0x6aa8, 0x6267, 0x6267, 0x6267, 0x6267, 0x6ac8, 0x6ac8, 0x6ac8, 0x6ac8, 0x6267,
    0x6267, 0x6287, 0x6287, 0x5a47, 0x5a47, 0x6267, 0x6a88, 0x6287, 0x6287, 0x6287, 0x72e8, 0x72e8,
    0x5a47, 0x6287, 0x6287, 0x6287, 0x5a67, 0x5a47, 0x72c8, 0x6aa8, 0x6267, 0x6267, 0x5a47, 0x5a47,
    0x5a67, 0x5a67, 0x5a67, 0x5a47, 0x5a47, 0x5a47, 0x5a47, 0x5206, 0x5206, 0x5226, 0x5a46, 0x5a46,
    0x5226, 0x5226, 0x5a26, 0x5226, 0x5226, 0x5226, 0x49e5, 0x4a05, 0x5206, 0x5206, 0x5206, 0x5206,
    0x49c5, 0x41c5, 0x49e5, 0x49e5, 0x49e5, 0x49e5, 0x3984, 0x3964, 0x3984, 0x3984, 0x3964, 0x41a4,
    0x49e5, 0x49e5, 0x49e5, 0x4a06, 0x4a06, 0x5206, 0x5206, 0x5226, 0x5226, 0x5206, 0x4a06, 0x4a06,
    0x4a06, 0x5226, 0x5a67, 0x5a47, 0x5206, 0x4a06, 0x41c5, 0x41c5, 0x49e5, 0x49e5, 0x5226, 0x5226,
    0x5a46, 0x5a67, 0x7b49, 0x8bcb, 0x8baa, 0x836a, 0x836a, 0x940c, 0x9c2c, 0x9c2c, 0x838a, 0x7b6a,
    0x8baa, 0x9c2c, 0x9c2c, 0x7b6a, 0x7329, 0x93eb, 0x9c2c, 0x8bcb, 0x9c4c, 0x8bcb, 0x7b4a, 0x9c4d,
    0xc591, 0xb50f, 0x940c, 0x942c, 0xbd0f, 0xbd2f, 0xbd30, 0xb4ef, 0x9c6d, 0xacce, 0xc570, 0xc550,
    0xb50f, 0xbd30, 0xc591, 0xd5d2, 0xe654, 0xc591, 0xbd30, 0xbd50, 0xbd50, 0xbd50, 0xbd71, 0xcdb2,
    0xd5f3, 0xbd71, 0x9c4e, 0xfe66, 0xff82, 0xfff3, 0xfffc, 0xfff7, 0xfff9, 0xe695, 0xcdd2, 0xeeb5,
    0xff37, 0xe695, 0xe695, 0xcdf4, 0x8c71, 0x9cd2, 0xa513, 0xa533, 0x8410, 0x738f, 0x738f, 0x9472,
    0x9cd3, 0xb575, 0x8c51, 0x9cf3, 0xc617, 0xdeda, 0xbdf6, 0xb595, 0x8431, 0x8411, 0xce38, 0xe71b,
    0xe71b, 0xe71b, 0xe73b, 0xc617, 0x7bd0, 0x7bd0, 0x7bd0, 0xc618, 0x7bd0, 0x8411, 0x94b3, 0xfeb4,
    0xff27, 0xfd23, 0x9493, 0xa514, 0xb5b6, 0x8c72, 0x8c72, 0x8c72, 0xbdd6, 0xc638, 0xa534, 0x8c31,
    0x73af, 0x8c72, 0xce58, 0x9cd3, 0x8c51, 0x9cd2, 0x9471, 0x9cd2, 0xa534, 0xa513, 0x8c71, 0xbdd6,
    0xbdb6, 0x9cb2, 0x5269, 0x4a48, 0x41e6, 0x39a6, 0x3185, 0x3185, 0x3185, 0x4207, 0x5aa9, 0x6b2a,
    0x6b2a, 0x6b2b, 0x6b2b, 0x5aa9, 0x4a27, 0x39a6, 0x39a6, 0x31a6, 0x3185, 0x39a6, 0x4207, 0x4a47,
    0x4a47, 0x5288, 0x736b, 0x736b, 0x736b, 0x39a6, 0x39a6, 0x2945, 0x2945, 0x2945, 0x3165, 0x39c6,
    0x4a27, 0x5247, 0x41e6, 0x62e9, 0x5267, 0x5a88, 0x62e9, 0x6b2a, 0x7b8b, 0x6ae9, 0x5267, 0x4206,
    0x39c6, 0x39c6, 0x39c6, 0x39c6, 0x39c6, 0x39c6, 0x39c6, 0x5247, 0x5247, 0x62c8, 0x62c8, 0x5247,
    0x4a06, 0x39a5, 0x3185, 0x2944, 0x2944, 0x2944, 0x3164, 0x39a5, 0x3985, 0x3985, 0x41c5, 0x5a88,
    0x5a87, 0x5a87, 0x5a87, 0x4a06, 0x39c5, 0x2924, 0x2924, 0x4a06, 0x4a06, 0x4a06, 0x39a5, 0x4a06,
    0x4a06, 0x4a06, 0x4a06, 0x39a5, 0x3185, 0x3164, 0x2924, 0x5a67, 0x6b09, 0x6ae9, 0x62c8, 0x62a8,
    0x5226, 0x5226, 0x5a47, 0x6287, 0x6aa8, 0x6aa8, 0x6aa8, 0x6aa8, 0x6aa8, 0x6aa8, 0x6aa8, 0x6267,
    0x6267, 0x6267, 0x6267, 0x6ac8, 0x6ac8, 0x6ac8, 0x6287, 0x6267, 0x6267, 0x6287, 0x6287, 0x5a47,
    0x5a47, 0x72c8, 0x6a88, 0x6287, 0x6287, 0x6287, 0x72e8, 0x6287, 0x5a47, 0x6287, 0x6287, 0x6287,
    0x5a67, 0x6aa8, 0x72c8, 0x6aa8, 0x6267, 0x6267, 0x5a47, 0x6267, 0x6267, 0x5a67, 0x5a67, 0x5a67,
    0x5a47, 0x5a47, 0x5a47, 0x5206, 0x5206, 0x5226, 0x5a47, 0x5a46, 0x5226, 0x5226, 0x5a26, 0x5226,
    0x5226, 0x5206, 0x49e5, 0x4a05, 0x5206, 0x5206, 0x5206, 0x5206, 0x49c5, 0x41c5, 0x49e5, 0x49e5,
    0x49e5, 0x5206, 0x3984, 0x3984, 0x3984, 0x3984, 0x3964, 0x41a4, 0x49e5, 0x49e5, 0x49e5, 0x4a06,
    0x4a06, 0x5206, 0x5206, 0x5226, 0x5226, 0x5206, 0x4a06, 0x4a06, 0x5206, 0x5226, 0x5a67, 0x5a47,
    0x5226, 0x5226, 0x4a06, 0x41c5, 0x49e5, 0x49e5, 0x5226, 0x5226, 0x5a46, 0x5a67, 0x7b49, 0x8bcb,
    0x838a, 0x836a, 0x836a, 0x9c2c, 0x9c2c, 0x8bcb, 0x7b6a, 0x7b6a, 0x8baa, 0x9c2c, 0x93eb, 0x7b6a,
    0x7b6a, 0x93eb, 0x9c2c, 0x8bcb, 0x9c4c, 0x8bcb, 0x7b4a, 0xacae, 0xc590, 0xbd50, 0xa48e, 0xa46d,
    0xbd0f, 0xbd2f, 0xbd30, 0xb50f, 0xb4ef, 0xbd30, 0xc570, 0xbd30, 0xb50f, 0xb50f, 0xb510, 0xd5f2,
    0xe654, 0xc591, 0xbd30, 0xbd50, 0xbd50, 0xbd50, 0xbd51, 0xcdb2, 0xd5f3, 0xaccf, 0x9c4d, 0xfea3,
    0xff82, 0xfff3, 0xfffc, 0xffef, 0xffeb, 0xe674, 0xcdd2, 0xeeb5, 0xff37, 0xcdf3, 0xcdf3, 0xbdb3,
    0xa4f2, 0xa513, 0xa513, 0xa533, 0x738e, 0x7bd0, 0x83f0, 0x9472, 0x9cd3, 0xb575, 0x7baf, 0x9cf3,
    0xc617, 0xe71b, 0xce38, 0x9cf3, 0x7bd0, 0x8c52, 0x9493, 0xb595, 0xd699, 0xe71b, 0xe71b, 0x9cd3,
    0x7bd0, 0x7bd0, 0x7bd0, 0x7bd0, 0x7bd0, 0x8411, 0x94b3, 0xc638, 0xc638, 0xfdd1, 0x9493, 0xb596,
    0xbdd6, 0xad55, 0x8c72, 0x8c72, 0xbdd6, 0xc638, 0xbdd7, 0x8c31, 0x73af, 0x6b6e, 0x6b4e, 0x7bcf,
    0x8410, 0x9cd2, 0xa513, 0xa534, 0xa534, 0xa513, 0xa513, 0x630d, 0x9492, 0x9cb2, 0x39c7, 0x4a48,
    0x41e6, 0x39a6, 0x3185, 0x3185, 0x3185, 0x4207, 0x5288, 0x6b0a, 0x6b2a, 0x6b2a, 0x6b2b, 0x5aa9,
    0x4a27, 0x39a6, 0x39a6, 0x4a47, 0x41e7, 0x39a6, 0x4207, 0x4a47, 0x4a47, 0x5288, 0x736b, 0x736b,
    0x736b, 0x734a, 0x62e9, 0x2945, 0x2945, 0x2945, 0x3165, 0x39a6, 0x4a27, 0x5247, 0x41e6, 0x39c6,
    0x5247, 0x5a88, 0x62e9, 0x6b2a, 0x7b8b, 0x6ae9, 0x5267, 0x4206, 0x39c6, 0x39c6, 0x39c6, 0x39c6,
    0x39c6, 0x39c6, 0x39c6, 0x5247, 0x5247, 0x62c8, 0x62c8, 0x5247, 0x5247, 0x5247, 0x3185, 0x2944,
    0x2944, 0x2944, 0x3164, 0x39a5, 0x3985, 0x3985, 0x39a5, 0x4a06, 0x4a06, 0x5a87, 0x5a87, 0x4a06,
    0x39a5, 0x2924, 0x2924, 0x4a06, 0x4a06, 0x4a06, 0x4a06, 0x5a67, 0x5247, 0x4a06, 0x4a06, 0x39a5,
    0x3185, 0x3164, 0x2924, 0x5a67, 0x6b09, 0x6ae9, 0x6ae8, 0x62c8, 0x5226, 0x5226, 0x5a67, 0x6aa8,
    0x6aa8, 0x6aa8, 0x6aa8, 0x6aa8, 0x6aa8, 0x6aa8, 0x6267, 0x6267, 0x6267, 0x6267, 0x6267, 0x6ac8,
    0x6ac8, 0x6aa8, 0x6267, 0x6267, 0x6287, 0x6287, 0x6287, 0x5a47, 0x6287, 0x72c8, 0x6a88, 0x6287,
    0x6287, 0x6287, 0x6aa8, 0x5a47, 0x5a47, 0x6287, 0x6287, 0x6287, 0x6287, 0x72c8, 0x72c8, 0x6aa8,
    0x6267, 0x6267, 0x5a67, 0x6267, 0x6267, 0x5a67, 0x5a67, 0x5a67, 0x5a47, 0x5a47, 0x5a47, 0x5206,
    0x5206, 0x5226, 0x5a47, 0x5a46, 0x5226, 0x5a46, 0x5a26, 0x5226, 0x5226, 0x49e6, 0x49e5, 0x4a05,
    0x5206, 0x5206, 0x5206, 0x5206, 0x49c5, 0x41c5, 0x49e5, 0x49e5, 0x49e5, 0x5226, 0x3984, 0x3984,
    0x3164, 0x3164, 0x3964, 0x41a4, 0x49e5, 0x49e5, 0x49e5, 0x4a06, 0x4a06, 0x5206, 0x5226, 0x5206,
    0x5206, 0x5206, 0x4a06, 0x4a06, 0x5206, 0x5226, 0x5a67, 0x5a47, 0x5226, 0x5226, 0x6287, 0x5a47,
    0x49e5, 0x49e5, 0x5226, 0x5226, 0x5a47, 0x5a67, 0x7b49, 0x8bcb, 0x836a, 0x836a, 0x836a, 0x9c2c,
    0x9c2c, 0x7b6a, 0x7b6a, 0x7b6a, 0x83aa, 0x9c2c, 0x8bab, 0x7b6a, 0x838a, 0x93eb, 0x940c, 0x8bcb,
    0x940c, 0x8bcb, 0x838a, 0xb4ef, 0xc570, 0xb50f, 0xa48e, 0xb4ef, 0xb50f, 0xbd2f, 0xbd30, 0xaccf,
    0xacef, 0xbd30, 0xc570, 0xb50f, 0xb50f, 0xb50f, 0xb50f, 0xacae, 0xb50f, 0xb530, 0xbd30, 0xbd30,
    0xbd50, 0xbd50, 0xbd51, 0xcdf2, 0xcdf2, 0x944d, 0x9c4d, 0xfd44, 0xfd45, 0xfffc, 0xfffc, 0xffeb,
    0xffeb, 0xfff9, 0xfffa, 0xff37, 0xff37, 0xcdf3, 0xcdf3, 0xbd93, 0xa4f2, 0xa513, 0x9491, 0x9cd2,
    0x738e, 0x7bd0, 0x8c72, 0xad54, 0xa514, 0xb575, 0x7baf, 0xad75, 0xdeba, 0xe71b, 0xad75, 0x9493,
    0xc637, 0x8c52, 0x9493, 0xb595, 0xc617, 0xe71b, 0xe71b, 0x9cd3, 0x7bd0, 0xc638, 0x9cf4, 0x7bd0,
    0x7bd0, 0x9cf3, 0xb595, 0xb596, 0xc638, 0xc638, 0xc618, 0xbdd7, 0xbdd6, 0xad55, 0x8431, 0x738f,
    0xbdd6, 0xc638, 0xbdd7, 0x8c31, 0x8431, 0x6b6e, 0x6b4e, 0x7bcf, 0x8410, 0xa4f3, 0xa513, 0xa534,
    0xa533, 0xad54, 0xa513, 0x630c, 0x6b4e, 0x6b6d, 0x39e7, 0x2965, 0x3165, 0x39a6, 0x3165, 0x3185,
    0x3185, 0x4207, 0x5288, 0x630a, 0x5288, 0x5a89, 0x6b2a, 0x5aa9, 0x4a27, 0x39a6, 0x39a6, 0x4a47,
    0x41e7, 0x39a6, 0x39a6, 0x4207, 0x4a47, 0x5288, 0x736b, 0x736b, 0x734b, 0x734a, 0x734a, 0x734a,
    0x6309, 0x2945, 0x3165, 0x39a6, 0x4a27, 0x5247, 0x41e6, 0x39c6, 0x5247, 0x5267, 0x5267, 0x6b2a,
    0x7b8b, 0x6ae9, 0x5267, 0x4206, 0x39c6, 0x39c6, 0x39c6, 0x39c6, 0x39c6, 0x41e6, 0x39c6, 0x5247,
    0x5247, 0x62c8, 0x62c8, 0x5247, 0x5247, 0x5247, 0x4a06, 0x39a5, 0x2944, 0x2944, 0x3164, 0x39a5,
    0x3985, 0x3985, 0x39a5, 0x4a06, 0x4a06, 0x4a06, 0x4a06, 0x41e6, 0x39a5, 0x2924, 0x2924, 0x4a06,
    0x4a06, 0x4a06, 0x4a06, 0x5a67, 0x5a67, 0x4a06, 0x49e6, 0x39a5, 0x3185, 0x3144, 0x2924, 0x5a67,
    0x6ae9, 0x6ae8, 0x6ae8, 0x62c8, 0x5226, 0x5a47, 0x6aa8, 0x6aa8, 0x6aa8, 0x6aa8, 0x6aa8, 0x6aa8,
    0x6aa8, 0x6288, 0x6267, 0x6267, 0x6267, 0x6267, 0x6267, 0x6ac8, 0x6ac8, 0x6267, 0x6267, 0x6267,
    0x6287, 0x6287, 0x6287, 0x5a47, 0x72c8, 0x72c8, 0x6a88, 0x6287, 0x6287, 0x6287, 0x5a47, 0x5a47,
    0x5a67, 0x6287, 0x6287, 0x6287, 0x72e8, 0x72c8, 0x72c8, 0x6aa8, 0x6267, 0x5a67, 0x5a47, 0x6267,
    0x6267, 0x5a67, 0x5a67, 0x5a67, 0x5a47, 0x5a47, 0x5a47, 0x5206, 0x5226, 0x5226, 0x5a47, 0x5a46,
    0x5a46, 0x5a46, 0x5a26, 0x5226, 0x5206, 0x49e6, 0x49e5, 0x4a05, 0x5206, 0x5206, 0x5206, 0x5206,
    0x49c5, 0x41c5, 0x49e5, 0x49e5, 0x5206, 0x5226, 0x3984, 0x3984, 0x3164, 0x3144, 0x3143, 0x41a5,
    0x49e5, 0x49e5, 0x49e5, 0x4a06, 0x4a06, 0x5206, 0x5226, 0x5206, 0x49e5, 0x49e5, 0x4a06, 0x4a06,
    0x5206, 0x5226, 0x5a67, 0x5a47, 0x5226, 0x5226, 0x6287, 0x6287, 0x6287, 0x49e5, 0x5226, 0x5226,
    0x5a47, 0x5a67, 0x7b49, 0x8baa, 0x836a, 0x836a, 0x836a, 0x9c2c, 0x9c2c, 0x7309, 0x7b4a, 0x7b6a,
    0x83aa, 0x9c2c, 0x7b6a, 0x7b6a, 0x8bab, 0x93eb, 0x93eb, 0x8bcb, 0x8bcb, 0x8bcb, 0x8bcb, 0xb4cf,
    0xc570, 0xacce, 0xa48e, 0xb50f, 0xb50f, 0xacae, 0xb50f, 0xacce, 0xaccf, 0xc550, 0xc570, 0x9c6d,
    0xaccf, 0xb50f, 0xb50f, 0xa48e, 0xa4ae, 0xb530, 0xb530, 0xbd30, 0xbd50, 0xbd50, 0xc571, 0xcdd2,
    0xcdf2, 0x944d, 0xb48b, 0xfd44, 0xfd44, 0xff82, 0xffea, 0xffeb, 0xfff0, 0xfff9, 0xfffa, 0xff37,
    0xeed6, 0xcdf3, 0xcdd3, 0xbd93, 0xa4f2, 0xa513, 0x9491, 0x8c51, 0xad33, 0x94b2, 0x94b2, 0xad54,
    0xbdd6, 0xbdd6, 0x7baf, 0xce38, 0xdeba, 0xc617, 0xa514, 0x9493, 0xc617, 0xa514, 0x9493, 0xb595,
    0xd699, 0xdeda, 0xc637, 0x9492, 0x7bd0, 0xc637, 0xc638, 0xb596, 0x7bd0, 0x9cf3, 0xb595, 0x7bd0,
    0xa534, 0xc638, 0xc617, 0xb5b6, 0xa4f3, 0x9cd3, 0x8431, 0x738f, 0xdeba, 0xd6b9, 0xbdd7, 0x8c31,
    0x9cb2, 0xa4f3, 0x8c71, 0x7bcf, 0x8410, 0xad54, 0x8c71, 0xa534, 0xa533, 0xb5b5, 0xbdd6, 0x8c51,
    0x6b4e, 0x6b6d, 0x39e7, 0x2965, 0x2965, 0x3165, 0x3165, 0x3165, 0x3185, 0x4207, 0x5288, 0x630a,
    0x5288, 0x5288, 0x5aa9, 0x5288, 0x4a27, 0x39a6, 0x39a6, 0x4a27, 0x41e6, 0x39a6, 0x39a6, 0x39a6,
    0x4a47, 0x5288, 0x734b, 0x734b, 0x734b, 0x734a, 0x734a, 0x734a, 0x62e9, 0x4a47, 0x4a47, 0x39a6,
    0x4a27, 0x5247, 0x41e6, 0x39c6, 0x5247, 0x5267, 0x5267, 0x5a88, 0x6ae9, 0x6ae9, 0x5267, 0x4206,
    0x39c6, 0x39c6, 0x39c6, 0x39c6, 0x39c6, 0x5247, 0x5247, 0x4a26, 0x5247, 0x62c8, 0x62c8, 0x5247,
    0x5247, 0x5247, 0x4a06, 0x39a5, 0x3185, 0x2944, 0x3164, 0x39a5, 0x3985, 0x3985, 0x39a5, 0x4a06,
    0x4a06, 0x4a06, 0x4a06, 0x3985, 0x3985, 0x2944, 0x2924, 0x4a06, 0x4a06, 0x4a06, 0x4a06, 0x5a67,
    0x5a67, 0x4a06, 0x49e6, 0x6288, 0x6ae8, 0x3144, 0x2924, 0x5267, 0x6ae9, 0x6ae8, 0x6ae8, 0x62c8,
    0x5226, 0x6aa8, 0x6aa8, 0x6aa8, 0x6aa8, 0x6aa8, 0x6aa8, 0x6aa8, 0x6aa8, 0x6267, 0x6267, 0x6267,
    0x6267, 0x6267, 0x6267, 0x6ac8, 0x6287, 0x6267, 0x6267, 0x6267, 0x6287, 0x6287, 0x6287, 0x6aa8,
    0x72c8, 0x72c8, 0x6a88, 0x6287, 0x6287, 0x5a47, 0x5a47, 0x5a47, 0x5a67, 0x6287, 0x6287, 0x6ac8,
    0x72e8, 0x72c8, 0x72c8, 0x6aa8, 0x6267, 0x5a46, 0x5a47, 0x6267, 0x6267, 0x5a67, 0x5a67, 0x5a67,
    0x5a47, 0x5a47, 0x5a47, 0x5226, 0x5226, 0x5226, 0x5a47, 0x5a46, 0x5a46, 0x5a46, 0x5a26, 0x5226,
    0x4a06, 0x49e6, 0x49e5, 0x4a05, 0x5206, 0x5206, 0x5206, 0x5206, 0x49c5, 0x41c5, 0x49e5, 0x49e5,
    0x5226, 0x5226, 0x3984, 0x3984, 0x3164, 0x3144, 0x3143, 0x3164, 0x49e5, 0x49e5, 0x49e5, 0x4a06,
    0x4a06, 0x5206, 0x5226, 0x5206, 0x49e5, 0x49e5, 0x41c5, 0x4a06, 0x5206, 0x5226, 0x5a67, 0x5a47,
    0x5226, 0x5226, 0x6287, 0x6287, 0x6287, 0x6287, 0x5a46, 0x5226, 0x5a47, 0x5a67, 0x7b49, 0x838a,
    0x836a, 0x836a, 0x836a, 0x9c2c, 0x8bcb, 0x7309, 0x7b6a, 0x7b4a, 0x83aa, 0x93ec, 0x7b6a, 0x836a,
    0x8bab, 0x8bcb, 0x8bcb, 0x8bcb, 0x83aa, 0x8bcb, 0x8bcb, 0xb4ce, 0xc570, 0xa46d, 0xacae, 0xb50f,
    0xb50f, 0xacae, 0xacce, 0xbd0f, 0xb4ef, 0xbd50, 0xb50f, 0x9c6d, 0xbc8a, 0xf4c4, 0xaccf, 0xa48e,
    0xa4ae, 0xb530, 0xcdd2, 0xff57, 0xbd30, 0xbd50, 0xc571, 0xcdd2, 0xbd51, 0x944d, 0xb48b, 0xfd44,
    0xfe03, 0xff62, 0xffe5, 0xffeb, 0xfff0, 0xfff9, 0xffb9, 0xff37, 0xf716, 0xe675, 0xce14, 0xbd73,
    0x9cb2, 0x8c30, 0x8c51, 0x9492, 0xad33, 0x94b2, 0x94b2, 0xad54, 0xbdd6, 0xad54, 0x7baf, 0xce38,
    0xdeba, 0xc617, 0x9472, 0x7baf, 0xc617, 0x9493, 0x9493, 0x9493, 0xa534, 0xdeda, 0xc637, 0x9492,
    0x7bd0, 0xc637, 0xc637, 0xb596, 0x9493, 0xad34, 0xb595, 0x7bd0, 0x9cf3, 0xad34, 0xa514, 0xb5b6,
    0x9cf3, 0x73af, 0x9cb2, 0x738f, 0xdeba, 0xd6b9, 0xc617, 0x9cd3, 0x9cb2, 0xa4f3, 0xb575, 0xa513,
    0x8410, 0xad54, 0x9cd3, 0x8c71, 0xb5b6, 0xb5b5, 0xbdd6, 0xa513, 0x8c51, 0x73af, 0x39e7, 0x2965,
    0x2965, 0x3165, 0x3165, 0x2924, 0x2945, 0x4206, 0x5288, 0x630a, 0x5288, 0x5288, 0x5288, 0x5aa9,
    0x5aa9, 0x4207, 0x39a6, 0x4a27, 0x41e6, 0x39a6, 0x39a6, 0x39a6, 0x4a47, 0x5288, 0x734b, 0x734b,
    0x734b, 0x734a, 0x734a, 0x734a, 0x62e9, 0x4a47, 0x4a47, 0x4a47, 0x4a06, 0x5247, 0x41e6, 0x39c6,
    0x5247, 0x5247, 0x5267, 0x5a88, 0x62e9, 0x5aa8, 0x5267, 0x4206, 0x39c6, 0x39c6, 0x39c6, 0x39c6,
    0x39c6, 0x5247, 0x5247, 0x39c6, 0x39c6, 0x5aa8, 0x62c8, 0x5247, 0x5247, 0x5247, 0x4a06, 0x39a5,
    0x3185, 0x2944, 0x3164, 0x39a5, 0x3985, 0x3985, 0x39a5, 0x4a06, 0x4a06, 0x4a06, 0x4a06, 0x3985,
    0x3985, 0x3185, 0x3185, 0x39a5, 0x4a06, 0x4a06, 0x4a06, 0x5a67, 0x5a67, 0x4a06, 0x49e6, 0x5a87,
    0x6ae8, 0x6ae8, 0x5a67, 0x5267, 0x6ae9, 0x6ae8, 0x6ae8, 0x62c8, 0x6267, 0x6aa8, 0x6aa8, 0x6aa8,
    0x6aa8, 0x6aa8, 0x6aa8, 0x6aa8, 0x6267, 0x6267, 0x6267, 0x6267, 0x6267, 0x6267, 0x6267, 0x6aa8,
    0x6267, 0x6267, 0x6267, 0x6267, 0x6287, 0x6287, 0x6288, 0x72c8, 0x72c8, 0x72c8, 0x6a88, 0x6287,
    0x6287, 0x5206, 0x5a47, 0x5a47, 0x5a67, 0x6287, 0x6aa8, 0x72e8, 0x72e8, 0x72c8, 0x72c8, 0x6aa8,
    0x5a47, 0x5a46, 0x5a47, 0x6267, 0x6267, 0x5a67, 0x5a67, 0x5a67, 0x5a47, 0x5a47, 0x5a26, 0x5226,
    0x5226, 0x5226, 0x5a47, 0x5a46, 0x5a46, 0x5a46, 0x5a26, 0x5206, 0x4a06, 0x49e6, 0x49e5, 0x4a05,
    0x5206, 0x5206, 0x5206, 0x5206, 0x49c5, 0x41c5, 0x49e5, 0x41c5, 0x5226, 0x5226, 0x3984, 0x3984,
    0x3164, 0x3144, 0x3143, 0x3164, 0x3984, 0x41a5, 0x49e5, 0x4a06, 0x4a06, 0x5206, 0x5226, 0x5206,
    0x49e5, 0x49e5, 0x41c5, 0x49e5, 0x5206, 0x5226, 0x5a67, 0x5a47, 0x5226, 0x5226, 0x6287, 0x6287,
    0x6287, 0x62a7, 0x5a47, 0x5a67, 0x5a47, 0x5a67, 0x7b49, 0x836a, 0x836a, 0x836a, 0x836a, 0x9c2c,
    0x838a, 0x7309, 0x7b6a, 0x7b4a, 0x838a, 0x8bcb, 0x7b6a, 0x838a, 0x8bab, 0x8bab, 0x8bab, 0x8bcb,
    0x7b6a, 0x8bcb, 0x8bcb, 0xb4ce, 0xbd0f, 0xa46d, 0xacce, 0xb4ef, 0xb4ef, 0xa4ae, 0xb4ef, 0xbd50,
    0xa4ae, 0xb4ef, 0xb50f, 0x9c6d, 0xd4a7, 0xecc4, 0xf4c4, 0xd4c7, 0xaccf, 0xb530, 0xe694, 0xff36,
    0xeeb5, 0xc571, 0xc591, 0xcdd2, 0xbd51, 0x944d, 0xcca9, 0xfd44, 0xfea2, 0xff62, 0xffe5, 0xffeb,
    0xffe5, 0xffa2, 0xffb9, 0xff37, 0xeed6, 0xe674, 0xcdf4, 0xb573, 0x9cb2, 0x8c30, 0x736e, 0x8410,
    0xad33, 0x94b2, 0xb5b6, 0xdefa, 0xc617, 0xad54, 0x7baf, 0xce38, 0xe71b, 0xc617, 0x7baf, 0x9472,
    0xc617, 0xa534, 0x9493, 0x9493, 0x83f0, 0x7bb0, 0xad55, 0x7bd0, 0x9492, 0xc637, 0xa4f4, 0xb596,
    0x9493, 0xad34, 0xb595, 0x7bd0, 0x9cf3, 0xad34, 0x9493, 0x7bf0, 0x8411, 0x73af, 0x9cb2, 0xad34,
    0xbdd6, 0xd6b9, 0xc617, 0xa513, 0xad74, 0xa534, 0xb575, 0xa513, 0x9cd2, 0xad54, 0x9cd3, 0x8c71,
    0xc5f7, 0xbdf6, 0xbdd6, 0xa513, 0x8c51, 0x73af, 0x39e7, 0x2965, 0x2965, 0x2965, 0x3165, 0x2924,
    0x2124, 0x2124, 0x4207, 0x630a, 0x5288, 0x5288, 0x5288, 0x5a88, 0x5aa9, 0x4a27, 0x4a27, 0x39c6,
    0x41e6, 0x39a6, 0x39a6, 0x39a6, 0x4a47, 0x5288, 0x734b, 0x6b2a, 0x5ac9, 0x734a, 0x734a, 0x734a,
    0x62e9, 0x4a47, 0x4a47, 0x4a47, 0x41e6, 0x39c6, 0x3165, 0x39c6, 0x5247, 0x5247, 0x5247, 0x5a88,
    0x62e9, 0x5aa8, 0x5267, 0x5267, 0x5267, 0x39c6, 0x39c6, 0x39c6, 0x39c6, 0x5247, 0x5247, 0x39c6,
    0x39c6, 0x5247, 0x5247, 0x5247, 0x5247, 0x5247, 0x4a06, 0x39a5, 0x3185, 0x2944, 0x3164, 0x39a5,
    0x41c5, 0x4a06, 0x41c5, 0x4a06, 0x4a06, 0x4a06, 0x4a06, 0x3985, 0x3185, 0x3185, 0x3185, 0x2924,
    0x2924, 0x4a06, 0x4a06, 0x5a67, 0x5a67, 0x4a06, 0x49e6, 0x5a87, 0x6ae8, 0x6ae8, 0x6ae8, 0x7329,
    0x7b4a, 0x6ae8, 0x6ae8, 0x62c8, 0x6aa8, 0x6aa8, 0x6aa8, 0x6aa8, 0x6aa8, 0x6aa8, 0x6aa8, 0x6287,
    0x5a67, 0x6267, 0x6267, 0x6267, 0x6267, 0x6267, 0x6267, 0x6267, 0x6267, 0x6267, 0x6267, 0x6287,
    0x6287, 0x6287, 0x72c8, 0x72c8, 0x72c8, 0x72c8, 0x6aa8, 0x6287, 0x5a26, 0x5206, 0x5a47, 0x5a67,
    0x5a67, 0x6287, 0x6aa8, 0x72e8, 0x72e8, 0x72c8, 0x72c8, 0x6aa8, 0x5a46, 0x5a46, 0x5a47, 0x6267,
    0x6267, 0x6267, 0x5a67, 0x5a67, 0x5a67, 0x5a47, 0x5226, 0x5226, 0x5226, 0x5226, 0x5a47, 0x5a46,
    0x5a46, 0x5a46, 0x5a26, 0x4a06, 0x4a06, 0x49e6, 0x49e5, 0x5206, 0x5206, 0x5206, 0x5206, 0x5226,
    0x49c5, 0x41c5, 0x49e5, 0x41c5, 0x5226, 0x5226, 0x3984, 0x3984, 0x3164, 0x3144, 0x3143, 0x3164,
    0x3984, 0x3984, 0x3964, 0x4a06, 0x4a06, 0x5206, 0x5226, 0x5206, 0x49e5, 0x49e5, 0x41c5, 0x49e5,
    0x5206, 0x4a06, 0x5a67, 0x5a47, 0x5226, 0x5226, 0x6287, 0x6287, 0x6287, 0x62a7, 0x5a47, 0x5a67,
    0x5a67, 0x5a67, 0x7b29, 0x836a, 0x836a, 0x836a, 0x836a, 0x9c2c, 0x7b49, 0x7309, 0x7b6a, 0x7b4a,
    0x838a, 0x8bab, 0x7b6a, 0x838a, 0x8bab, 0x8bab, 0x8bab, 0x8bcb, 0x7b6a, 0x8bcb, 0x8bcb, 0xacce,
    0xacae, 0xa46d, 0xacce, 0xb4ef, 0xa48d, 0xa4ae, 0xb50f, 0xbd30, 0x9c4d, 0x9c4d, 0xd487, 0x9c6d,
    0xecc4, 0xecc4, 0xecc4, 0xf4c4, 0xfe42, 0xb510, 0xe674, 0xff36, 0xde33, 0xcdb2, 0xe674, 0xcdd2,
    0xa4cf, 0x944d, 0xe4e7, 0xfd24, 0xfea2, 0xff62, 0xffe8, 0xffeb, 0xffe5, 0xffa2, 0xfff2, 0xffd9,
    0xe695, 0xe674, 0xcdf4, 0xb573, 0x8430, 0x8410, 0x736e, 0x9491, 0xad33, 0x8c71, 0xb5b6, 0xe6fa,
    0xc617, 0xb595, 0x83f0, 0xe71b, 0xe71b, 0xe71b, 0x7baf, 0x9472, 0xc617, 0xb595, 0xb595, 0x9cf3,
    0x83f0, 0x7baf, 0x7baf, 0xb595, 0x9492, 0xc637, 0xa4f4, 0x9cf3, 0xad34, 0xad34, 0xb595, 0x7bd0,
    0x9493, 0x9cf4, 0x9493, 0x7bf0, 0x73af, 0x73af, 0x9cb2, 0xad34, 0xbdd6, 0xce78, 0xc617, 0xa513,
    0xad74, 0xb595, 0x9cf3, 0xa513, 0x9cd2, 0xad54, 0xad54, 0x9cd3, 0xc5f7, 0xbdf6, 0xbdd6, 0xbdd6,
    0x9cb2, 0x73af, 0x5aaa, 0x39c6, 0x2965, 0x2965, 0x3165, 0x2924, 0x2124, 0x2124, 0x3185, 0x4207,
    0x5288, 0x5288, 0x5288, 0x5288, 0x5aa9, 0x4a27, 0x4a27, 0x39a6, 0x39a6, 0x39a6, 0x39a6, 0x39a6,
    0x4a47, 0x5288, 0x734b, 0x6b2a, 0x5ac9, 0x5aa8, 0x62c9, 0x734a, 0x62e9, 0x4a47, 0x4a47, 0x4a47,
    0x41e6, 0x39a6, 0x3165, 0x2945, 0x3185, 0x5247, 0x5247, 0x5a88, 0x62e9, 0x5aa8, 0x5267, 0x5267,
    0x5267, 0x5267, 0x4a27, 0x39c6, 0x39c6, 0x5247, 0x5247, 0x39c6, 0x39c6, 0x5247, 0x5247, 0x5247,
    0x4a06, 0x4a06, 0x4a06, 0x39a5, 0x3185, 0x2944, 0x3164, 0x39a5, 0x41c5, 0x4a06, 0x4a26, 0x5a87,
    0x4a26, 0x4a06, 0x4a06, 0x3185, 0x3185, 0x3185, 0x3185, 0x2924, 0x2924, 0x4a06, 0x4a06, 0x4a26,
    0x5a67, 0x4a06, 0x49e6, 0x5a87, 0x6ae8, 0x6ae8, 0x6ae8, 0x7329, 0x7b4a, 0x7309, 0x62a8, 0x62a8,
    0x6aa8, 0x6aa8, 0x6aa8, 0x6aa8, 0x6aa8, 0x6aa8, 0x6aa8, 0x5a67, 0x6267, 0x6267, 0x6267, 0x6267,
    0x6267, 0x6267, 0x5a47, 0x6267, 0x6267, 0x6267, 0x6267, 0x6287, 0x6287, 0x6aa8, 0x72c8, 0x72c8,
    0x72c8, 0x72c8, 0x6aa8, 0x5a67, 0x5206, 0x5206, 0x5a47, 0x5a67, 0x5a67, 0x6287, 0x72e8, 0x72e8,
    0x72e8, 0x72c8, 0x72c8, 0x6287, 0x5a46, 0x5a46, 0x5a47, 0x6267, 0x6267, 0x6267, 0x5a67, 0x5a67,
    0x5a67, 0x5a46, 0x5226, 0x5226, 0x5226, 0x5226, 0x5a47, 0x5a46, 0x5a46, 0x5a46, 0x5226, 0x4a06,
    0x4a06, 0x49e6, 0x4a06, 0x5226, 0x5206, 0x5206, 0x5226, 0x5a46, 0x49c5, 0x41c5, 0x49c5, 0x41c5,
    0x5226, 0x5226, 0x3984, 0x3984, 0x3164, 0x3144, 0x3143, 0x3164, 0x3984, 0x3984, 0x3964, 0x3984,
    0x49e5, 0x5206, 0x5226, 0x5206, 0x49e5, 0x49e5, 0x41c5, 0x49e5, 0x5206, 0x4a06, 0x49e5, 0x5a47,
    0x5226, 0x5226, 0x6287, 0x6287, 0x6287, 0x62a7, 0x5a47, 0x5a67, 0x5a67, 0x5a67, 0x7309, 0x836a,
    0x836a, 0x838a, 0x836a, 0x93eb, 0x7b49, 0x7309, 0x7b6a, 0x7b6a, 0x836a, 0x8bab, 0x7b6a, 0x8bcb,
    0x8bab, 0x8bab, 0x8bab, 0x8bab, 0x7b6a, 0x8bcb, 0x8bcb, 0xa46d, 0x9c6d, 0xa46d, 0xb4ef, 0xb4ef,
    0x940c, 0x942c, 0xb50f, 0xbd30, 0x9c4d, 0x9c4d, 0xeca4, 0xeca4, 0xfd63, 0xecc4, 0xecc4, 0xecc4,
    0xfec2, 0xfee2, 0xf5aa, 0xff36, 0xcdb2, 0xcdb2, 0xe674, 0xe694, 0xbd50, 0x942d, 0xe4e6, 0xfd24,
    0xff62, 0xff62, 0xff82, 0xffeb, 0xffa2, 0xffa2, 0xfff2, 0xfffa, 0xeed6, 0xe674, 0xbdb3, 0xb572,
    0x8430, 0x8410, 0x736e, 0x9491, 0xad33, 0x8c71, 0xa534, 0xd699, 0xc617, 0xa514, 0x9492, 0x9492,
    0xe71b, 0xe71b, 0x7baf, 0x9472, 0xc617, 0xb595, 0xb595, 0xb595, 0xc617, 0x8c51, 0x7baf, 0xb595,
    0xb5b6, 0xc637, 0xa4f4, 0x9cf3, 0xb595, 0xbdf7, 0xad55, 0x7bd0, 0x9493, 0x8c52, 0x7baf, 0x73af,
    0x73af, 0x738f, 0x738f, 0x8c51, 0xbdd6, 0xce78, 0xc617, 0xa513, 0xad74, 0xb595, 0x9cf3, 0x9cf2,
    0x9cd2, 0xad54, 0xad54, 0xa534, 0x632d, 0x8410, 0xbdd6, 0xbdd6, 0x8c71, 0x62ec, 0x5aaa, 0x5aa9,
    0x5aa9, 0x39a6, 0x2965, 0x2924, 0x2124, 0x2124, 0x3185, 0x4206, 0x5288, 0x5288, 0x5288, 0x5288,
    0x5a88, 0x4a27, 0x4a27, 0x39a6, 0x39a6, 0x39a6, 0x39a6, 0x39a6, 0x4a47, 0x5288, 0x734b, 0x6b2a,
    0x5ac9, 0x5aa8, 0x5aa8, 0x734a, 0x62e9, 0x4a27, 0x4a47, 0x4a47, 0x41e6, 0x39a6, 0x3165, 0x2945,
    0x2945, 0x3185, 0x41e6, 0x5a88, 0x62e9, 0x5aa8, 0x5267, 0x5267, 0x5267, 0x5267, 0x5267, 0x3165,
    0x3165, 0x5247, 0x5247, 0x39c6, 0x39c6, 0x5247, 0x5247, 0x5247, 0x4a06, 0x39a5, 0x39a5, 0x39a5,
    0x3185, 0x2944, 0x3164, 0x39a5, 0x41c5, 0x4a06, 0x4a26, 0x5a87, 0x5a87, 0x5a87, 0x4a26, 0x3185,
    0x3185, 0x3185, 0x3185, 0x2924, 0x2924, 0x4a06, 0x4a06, 0x49e6, 0x49e6, 0x4a06, 0x49e6, 0x5a87,
    0x6ae8, 0x6ae8, 0x6ae8, 0x7329, 0x7b4a, 0x7309, 0x62a8, 0x5a87, 0x6aa8, 0x6aa8, 0x6aa8, 0x6aa8,
    0x6aa8, 0x6aa8, 0x6287, 0x5a67, 0x6267, 0x6267, 0x6267, 0x6267, 0x6267, 0x6267, 0x5a46, 0x6267,
    0x6267, 0x6267, 0x6267, 0x6287, 0x6287, 0x72c8, 0x72c8, 0x72c8, 0x72c8, 0x72e8, 0x6aa8, 0x5206,
    0x5206, 0x5206, 0x5a47, 0x5a67, 0x5a67, 0x6ac8, 0x72e8, 0x72e8, 0x72e8, 0x72e8, 0x72c8, 0x5a47,
    0x5a47, 0x5a46, 0x5a47, 0x6267, 0x6267, 0x6267, 0x5a67, 0x5a67, 0x5a67, 0x5226, 0x5226, 0x5226,
    0x5226, 0x5226, 0x5a47, 0x5a46, 0x5a46, 0x5a46, 0x5206, 0x4a06, 0x4a06, 0x49e6, 0x5206, 0x5226,
    0x5206, 0x5206, 0x5a47, 0x5a46, 0x49c5, 0x41c5, 0x41c5, 0x41c5, 0x5226, 0x5206, 0x3164, 0x3984,
    0x3164, 0x3144, 0x3143, 0x3164, 0x3984, 0x3984, 0x3964, 0x3984, 0x41a5, 0x41c5, 0x5226, 0x5206,
    0x49e5, 0x49e5, 0x41c5, 0x49e5, 0x5206, 0x4a06, 0x49e5, 0x49e5, 0x5206, 0x5226, 0x6287, 0x6287,
    0x6287, 0x62a7, 0x5a47, 0x5a67, 0x5a67, 0x5a67, 0x7329, 0x836a, 0x836a, 0x8b8a, 0x836a, 0x8bab,
    0x7b49, 0x7309, 0x7b6a, 0x7b6a, 0x838a, 0x8bab, 0x838a, 0x8bcb, 0x8bab, 0x8bab, 0x8bab, 0x8bab,
    0x7b6a, 0x8bcb, 0x8bcb, 0x9c4d, 0x9c4d, 0xa48d, 0xb4ef, 0xa4ae, 0x940c, 0x942c, 0xacae, 0xa48e,
    0x9c4d, 0xb46a, 0xeca4, 0xfd23, 0xfea1, 0xffc4, 0xecc4, 0xecc4, 0xfec2, 0xfe22, 0xf4e4, 0xf4e4,
    0xde33, 0xcdd2, 0xe674, 0xe674, 0xcdd2, 0xcdd2, 0xcca9, 0xfd24, 0xff62, 0xff62, 0xff82, 0xff82,
    0xfee3, 0xffa2, 0xfff9, 0xfffa, 0xde74, 0xe674, 0xbdb3, 0xbd93, 0x8430, 0x7bcf, 0x736e, 0xbdb5,
    0x9cf3, 0x8c71, 0xb595, 0xc5f6, 0xc617, 0xa514, 0x9492, 0x7baf, 0x7baf, 0x9cd3, 0x7baf, 0xad54,
    0xc617, 0xc617, 0xb595, 0xb595, 0xc617, 0xad55, 0x8c51, 0xb595, 0xb5b6, 0xc617, 0x8c51, 0x9492,
    0xb595, 0xc637, 0xb596, 0x9493, 0x9493, 0x8c52, 0x73af, 0xbdf7, 0xc618, 0x738f, 0x738f, 0x8c51,
    0xbdd6, 0xc637, 0xc617, 0xa513, 0xa4f3, 0xa4f3, 0xa513, 0x9cd2, 0x9cd2, 0xc637, 0xbdd6, 0xa534,
    0x632d, 0x630d, 0x630d, 0x7bf0, 0x8c71, 0x62ec, 0x5aa9, 0x5aa9, 0x5aa9, 0x5288, 0x4a48, 0x2924,
    0x2124, 0x2124, 0x3185, 0x4206, 0x5268, 0x5288, 0x5288, 0x4a47, 0x5288, 0x4227, 0x4a27, 0x31a6,
    0x39a6, 0x39a6, 0x39a6, 0x39a6, 0x4a27, 0x5268, 0x734b, 0x6b2a, 0x5aa9, 0x5aa8, 0x5aa8, 0x734a,
    0x62e9, 0x4a27, 0x4206, 0x4a47, 0x41e6, 0x39a6, 0x3165, 0x2945, 0x2945, 0x3165, 0x39c6, 0x39c6,
    0x4a27, 0x5aa8, 0x5267, 0x5267, 0x5267, 0x5267, 0x5267, 0x3165, 0x3165, 0x3165, 0x3165, 0x39c6,
    0x39c6, 0x5247, 0x5247, 0x5247, 0x4a06, 0x39a5, 0x39a5, 0x39a5, 0x39a5, 0x3165, 0x3164, 0x39a5,
    0x41c5, 0x4a06, 0x4a26, 0x5a87, 0x5a87, 0x5a87, 0x5a87, 0x6b09, 0x4a06, 0x3185, 0x3185, 0x2924,
    0x2924, 0x4a06, 0x4a06, 0x49e6, 0x49e6, 0x5246, 0x5a67, 0x5a87, 0x6ae8, 0x6ae8, 0x6ae8, 0x7329,
    0x7b4a, 0x7309, 0x62a8, 0x5a87, 0x6aa8, 0x6aa8, 0x6aa8, 0x6aa8, 0x6aa8, 0x6aa8, 0x6287, 0x5a67,
    0x6267, 0x6267, 0x6267, 0x6267, 0x6267, 0x5a47, 0x5a46, 0x6267, 0x6267, 0x6267, 0x6287, 0x6287,
    0x72c8, 0x72c8, 0x72c8, 0x72c8, 0x72c8, 0x72e8, 0x6287, 0x5206, 0x5206, 0x5206, 0x5a67, 0x5a67,
    0x6287, 0x72e8, 0x72e8, 0x72e8, 0x72e8, 0x72e8, 0x6267, 0x5a47, 0x5a47, 0x5a46, 0x5a47, 0x6267,
    0x6267, 0x6267, 0x5a67, 0x5a67, 0x5a47, 0x5226, 0x5226, 0x5226, 0x5226, 0x5a47, 0x5a47, 0x5a46,
    0x5a46, 0x5226, 0x5206, 0x4a06, 0x4a06, 0x5206, 0x5226, 0x5226, 0x5206, 0x5226, 0x5a47, 0x5a46,
    0x49c5, 0x41a5, 0x41c5, 0x41c5, 0x5226, 0x49e5, 0x3164, 0x3964, 0x3164, 0x3144, 0x3143, 0x3164,
    0x3984, 0x3984, 0x3964, 0x3984, 0x41a5, 0x41a5, 0x41c5, 0x5206, 0x49e5, 0x49e5, 0x41c5, 0x49e5,
    0x5206, 0x4a06, 0x49e5, 0x49e5, 0x4a06, 0x4a06, 0x6287, 0x6287, 0x6287, 0x62a7, 0x5a47, 0x5a67,
    0x5a67, 0x5a67, 0x7b29, 0x836a, 0x8baa, 0x8b8a, 0x836a, 0x836a, 0x7b49, 0x7329, 0x7b6a, 0x7b6a,
    0x8bab, 0x8bab, 0x93cb, 0x8bcb, 0x8bab, 0x8bab, 0x838a, 0x8bab, 0x7b6a, 0x8bcb, 0x8bcb, 0x942c,
    0x9c4d, 0xa48e, 0xb4ef, 0x9c4d, 0x940c, 0x9c4d, 0xacae, 0xb50f, 0xbd30, 0xdcc8, 0xeca4, 0xfda3,
    0xfe81, 0xffe7, 0xffea, 0xffe7, 0xfec2, 0xfd83, 0xf4e4, 0xf5aa, 0xff36, 0xeed5, 0xe674, 0xde33,
    0xcdd2, 0xbd50, 0x944d, 0xbc8a, 0xff62, 0xff62, 0xff82, 0xff02, 0xfd65, 0xfe4b, 0xfff9, 0xfffa,
    0xde74, 0xce13, 0xad11, 0xbd93, 0xa512, 0x8410, 0x736e, 0xbdb5, 0xad54, 0x8c71, 0xb595, 0xc5f6,
    0xc617, 0xb575, 0x9cd3, 0x7baf, 0x7baf, 0x7baf, 0x7baf, 0xad54, 0xc617, 0xc617, 0xa514, 0x9492,
    0xc617, 0xad55, 0x9492, 0x9492, 0xa514, 0xc617, 0x7baf, 0xad55, 0xc637, 0xce79, 0xb596, 0x9493,
    0x9493, 0x9493, 0x73af, 0xbdf7, 0xdefa, 0xdeda, 0xbdb6, 0x8c51, 0xbdd6, 0xb5b6, 0xb575, 0xa513,
    0xa4f3, 0xa4f3, 0xad74, 0xa513, 0x9cd2, 0xc637, 0xbdd6, 0xa534, 0x73ae, 0x630d, 0x630d, 0x630c,
    0x632d, 0x62ec, 0x5aa9, 0x5aa9, 0x5aa9, 0x5268, 0x4a48, 0x4a48, 0x4a48, 0x2124, 0x3185, 0x41e6,
    0x5268, 0x5268, 0x5288, 0x4a47, 0x4207, 0x3186, 0x4a27, 0x31a6, 0x31a6, 0x39a6, 0x39a6, 0x39a6,
    0x4a27, 0x5247, 0x5ac9, 0x6b0a, 0x5aa9, 0x5aa8, 0x5aa8, 0x734a, 0x62e9, 0x4a27, 0x4206, 0x39a6,
    0x39a6, 0x39a6, 0x3165, 0x2945, 0x2945, 0x3165, 0x39c6, 0x39c6, 0x39c6, 0x4a06, 0x5267, 0x5267,
    0x5267, 0x5267, 0x5267, 0x3165, 0x3165, 0x3165, 0x3165, 0x39c6, 0x39c6, 0x5247, 0x5247, 0x5247,
    0x4a06, 0x39a5, 0x39a5, 0x39a5, 0x39a5, 0x39a5, 0x41c5, 0x41c5, 0x41c5, 0x4a06, 0x4a26, 0x5a87,
    0x5a87, 0x5a87, 0x5a87, 0x6b09, 0x62c8, 0x5a67, 0x4a26, 0x2924, 0x2924, 0x4a06, 0x49e6, 0x49e6,
    0x49e6, 0x5246, 0x5a67, 0x5a67, 0x5a67, 0x5a87, 0x6ae8, 0x7329, 0x7b4a, 0x7309, 0x62a8, 0x5a87,
    0x6aa8, 0x6aa8, 0x6aa8, 0x6aa8, 0x6aa8, 0x6aa8, 0x6287, 0x5a67, 0x6267, 0x6267, 0x6267, 0x6267,
    0x5a67, 0x5a46, 0x5a46, 0x6267, 0x6267, 0x6267, 0x6287, 0x6aa8, 0x72c8, 0x72c8, 0x72c8, 0x72c8,
    0x72c8, 0x72e8, 0x5226, 0x5206, 0x5206, 0x5226, 0x5a67, 0x5a67, 0x72e8, 0x72e8, 0x72e8, 0x72e8,
    0x72e8, 0x6aa8, 0x5a47, 0x5a47, 0x5a47, 0x5a46, 0x5a47, 0x6267, 0x6267, 0x6267, 0x5a67, 0x5a67,
    0x5a46, 0x5226, 0x5226, 0x5226, 0x5226, 0x5a47, 0x5a47, 0x5a46, 0x5a46, 0x5206, 0x5206, 0x4a06,
    0x4a06, 0x5206, 0x5226, 0x5226, 0x5206, 0x5a47, 0x5a47, 0x5a46, 0x49c5, 0x41a4, 0x41c5, 0x41c5,
    0x5206, 0x49e5, 0x3164, 0x3964, 0x3984, 0x3984, 0x3143, 0x3164, 0x3984, 0x3984, 0x3964, 0x3984,
    0x41a5, 0x41a5, 0x41c5, 0x41c5, 0x49e5, 0x49e5, 0x41c5, 0x49e5, 0x5206, 0x4a06, 0x49e5, 0x49e5,
    0x4a06, 0x4a06, 0x5206, 0x5a47, 0x6287, 0x62a7, 0x5a67, 0x5a67, 0x5a67, 0x5a67, 0x7b29, 0x836a,
    0x8bcb, 0x8b8a, 0x7b49, 0x836a, 0x7b49, 0x7b49, 0x7b6a, 0x836a, 0x8bab, 0x8bab, 0x9c2c, 0x8bcb,
    0x8bcb, 0x8bab, 0x836a, 0x8bab, 0x838a, 0x8bab, 0x8bcb, 0x942c, 0x9c4d, 0xacae, 0xb4ce, 0xa4ae,
    0x9c4d, 0xa46d, 0xacae, 0xbd30, 0xbd30, 0x9c4d, 0x8bcb, 0xfe02, 0xfe81, 0xffe7, 0xffea, 0xfff3,
    0xfff8, 0xfd83, 0xf4e4, 0xfe70, 0xff36, 0xeed5, 0xe674, 0xd5f3, 0xcdd2, 0xbd50, 0x944d, 0xdce7,
    0xfd44, 0xfe03, 0xff82, 0xfe63, 0xfd65, 0xfe4b, 0xfff9, 0xffd9, 0xde74, 0xce13, 0xad11, 0xcd4e,
    0xa512, 0x94b2, 0x8410, 0xbdb5, 0x9cd3, 0x8c71, 0xdeda, 0xce58, 0xc617, 0xb575, 0xb575, 0xb575,
    0x7baf, 0x7baf, 0x7baf, 0xc5f7, 0xdeda, 0xc617, 0xa514, 0x9492, 0xb575, 0x9cd3, 0x9492, 0x9492,
    0xa534, 0xb595, 0x7bf0, 0xad55, 0xc617, 0xe71b, 0xce38, 0x9493, 0x9493, 0x9493, 0x9492, 0xb595,
    0xdefa, 0xdeda, 0xdeda, 0xbdf7, 0x9cd3, 0xb5b5, 0xb575, 0xa513, 0xad54, 0xa533, 0xad74, 0xa513,
    0x9cd2, 0xc637, 0xbdd6, 0xa534, 0x94b1, 0x8410, 0x630d, 0x630c, 0x632d, 0x73af, 0x52a9, 0x52a9,
    0x5aa9, 0x5268, 0x4a48, 0x4a48, 0x4a48, 0x41e6, 0x39c6, 0x41e6, 0x5268, 0x5268, 0x5288, 0x4a47,
    0x4207, 0x3185, 0x3186, 0x2945, 0x31a6, 0x39a6, 0x39a6, 0x39a6, 0x4a27, 0x5247, 0x5aa9, 0x5aa9,
    0x5aa9, 0x5aa8, 0x5aa8, 0x734a, 0x62e9, 0x4a27, 0x4206, 0x39a6, 0x39a6, 0x39a6, 0x39c6, 0x2945,
    0x2945, 0x3165, 0x39c6, 0x39c6, 0x39c6, 0x4a06, 0x5267, 0x5267, 0x5267, 0x5267, 0x5267, 0x3165,
    0x3165, 0x3165, 0x3165, 0x39c6, 0x39c6, 0x39c6, 0x39c6, 0x5247, 0x4a06, 0x39a5, 0x39a5, 0x39a5,
    0x39a5, 0x39a5, 0x41c5, 0x4a26, 0x5247, 0x5a67, 0x4a26, 0x5a87, 0x5a87, 0x5a87, 0x5a87, 0x6b09,
    0x62c8, 0x5a67, 0x5a67, 0x3185, 0x3144, 0x49e6, 0x49e6, 0x49e6, 0x49e6, 0x5246, 0x5a67, 0x5a67,
    0x5a67, 0x5a87, 0x6ae8, 0x6ae8, 0x7b4a, 0x7309, 0x62a8, 0x5a87, 0x6aa8, 0x6aa8, 0x6aa8, 0x6aa8,
    0x6aa8, 0x6aa8, 0x6287, 0x5a67, 0x6267, 0x6267, 0x6267, 0x5a47, 0x5a46, 0x5a46, 0x5a46, 0x6267,
    0x6267, 0x6287, 0x6287, 0x6aa8, 0x72c8, 0x72c8, 0x72c8, 0x72c8, 0x72c8, 0x6287, 0x5226, 0x5206,
    0x5206, 0x5226, 0x5a67, 0x6ac8, 0x72e9, 0x72e9, 0x72e8, 0x72e8, 0x72e8, 0x5a47, 0x5a47, 0x5a47,
    0x5a47, 0x5a46, 0x5a47, 0x6267, 0x6267, 0x6267, 0x6267, 0x5a67, 0x5a46, 0x5226, 0x5226, 0x5226,
    0x5a47, 0x5a47, 0x5a47, 0x5a46, 0x5226, 0x5206, 0x5206, 0x4a06, 0x5226, 0x5226, 0x5226, 0x5226,
    0x5226, 0x5a47, 0x5a47, 0x5a46, 0x41c5, 0x41a4, 0x41c5, 0x41c5, 0x4a06, 0x49e5, 0x3164, 0x3964,
    0x3984, 0x3984, 0x3984, 0x3964, 0x3984, 0x3984, 0x3964, 0x3984, 0x41a5, 0x41a5, 0x41c5, 0x41c5,
    0x49e5, 0x49e5, 0x49c5, 0x49e5, 0x5206, 0x4a06, 0x49e5, 0x4a05, 0x4a06, 0x4a06, 0x5206, 0x5226,
    0x5a67, 0x62a7, 0x5a67, 0x5a67, 0x5a67, 0x5a67, 0x7b29, 0x838a, 0x8bcb, 0x8b8a, 0x7b29, 0x836a,
    0x7b49, 0x836a, 0x7b6a, 0x838a, 0x8bab, 0x8bcb, 0x9c2c, 0x8bcb, 0x8bcb, 0x8bab, 0x7b6a, 0x8bab,
    0x838b, 0x8bab, 0x83aa, 0x9c6d, 0x9c4d, 0xacce, 0xacce, 0xa46d, 0xa48d, 0xa4ae, 0xacce, 0xbd2f,
    0xbd30, 0x83cb, 0x8bcb, 0xe4a4, 0xfde2, 0xffe9, 0xffea, 0xfff3, 0xfff8, 0xfec2, 0xfe22, 0xf650,
    0xff36, 0xe694, 0xe674, 0xe674, 0xe674, 0xa4af, 0x944d, 0xdce7, 0xfd44, 0xfef2, 0xffb8, 0xfe89,
    0xfd65, 0xff32, 0xfff9, 0xffd9, 0xff37, 0xc5d3, 0x9cd0, 0xcd4e, 0xa512, 0x9471, 0x9cb2, 0xbdd5,
    0x9cd3, 0x8c71, 0xdeda, 0xce58, 0xc617, 0xb574, 0xb574, 0xb575, 0xb575, 0x9492, 0x7baf, 0xe71b,
    0xe71b, 0xe71b, 0x9492, 0x9cd3, 0xb575, 0x9cd3, 0x9492, 0x9492, 0xa534, 0xb595, 0x9492, 0x83f0,
    0xc617, 0xe71b, 0xce38, 0x9493, 0xa534, 0x9493, 0x9492, 0xc617, 0xce78, 0xdeda, 0xdeda, 0xbdf7,
    0x8c51, 0xad54, 0xb575, 0xa513, 0xad54, 0xb575, 0xa513, 0xa513, 0x9cd2, 0xc617, 0xc617, 0xb595,
    0x94b1, 0x8410, 0x630d, 0x840f, 0x738e, 0x73ae, 0x62eb, 0x52a9, 0x5aa9, 0x5268, 0x4a47, 0x4a48,
    0x4a48, 0x39e6, 0x39a6, 0x3165, 0x39c6, 0x5268, 0x5268, 0x4a47, 0x4207, 0x3185, 0x3185, 0x2924,
    0x3165, 0x31a6, 0x39a6, 0x39a6, 0x4a27, 0x4a47, 0x5aa9, 0x5aa9, 0x5aa9, 0x5aa8, 0x5aa8, 0x734a,
    0x62e9, 0x4a27, 0x4206, 0x39a6, 0x39a6, 0x39a6, 0x4a06, 0x5247, 0x3185, 0x3165, 0x39c6, 0x39c6,
    0x39c6, 0x4a06, 0x5267, 0x5267, 0x5267, 0x41e6, 0x4a06, 0x3165, 0x3165, 0x3165, 0x3165, 0x39c6,
    0x39c6, 0x39c6, 0x39c6, 0x39a5, 0x39a5, 0x39a5, 0x39a5, 0x39a5, 0x39a5, 0x39a5, 0x41c5, 0x4a26,
    0x5247, 0x5a88, 0x5267, 0x5267, 0x5a87, 0x5a87, 0x5a87, 0x6b09, 0x62c8, 0x5a67, 0x5a67, 0x3185,
    0x3185, 0x3185, 0x39a5, 0x49e6, 0x41e6, 0x5246, 0x5a67, 0x5a67, 0x5a67, 0x5a87, 0x6ae8, 0x6ae8,
    0x6ae8, 0x6ae8, 0x62a7, 0x5a87, 0x6aa8, 0x6aa8, 0x6aa8, 0x6aa8, 0x6aa8, 0x6aa8, 0x6287, 0x6267,
    0x6267, 0x6267, 0x6267, 0x5a26, 0x5a46, 0x5a46, 0x5a46, 0x6267, 0x6267, 0x6287, 0x6287, 0x6aa8,
    0x72c8, 0x72c8, 0x72c8, 0x72c8, 0x6aa8, 0x5a47, 0x5226, 0x5206, 0x5206, 0x5226, 0x6287, 0x72e8,
    0x72e9, 0x72e9, 0x72e8, 0x72e8, 0x6aa8, 0x5a47, 0x5a47, 0x5a47, 0x5a47, 0x5a46, 0x6267, 0x6267,
    0x6267, 0x6267, 0x6267, 0x6267, 0x5a46, 0x5226, 0x5226, 0x5a46, 0x5a47, 0x5a47, 0x5a47, 0x5a46,
    0x4a06, 0x5206, 0x5206, 0x5206, 0x6267, 0x5226, 0x5226, 0x5226, 0x5a46, 0x5a47, 0x5a47, 0x5a46,
    0x41a5, 0x41a4, 0x41c5, 0x49c5, 0x49e5, 0x49e5, 0x3164, 0x3964, 0x3984, 0x3984, 0x3984, 0x39a4,
    0x3984, 0x3984, 0x3964, 0x3984, 0x41a5, 0x41a5, 0x41c5, 0x41c5, 0x49e5, 0x4a06, 0x4a06, 0x49e5,
    0x5206, 0x4a06, 0x49e5, 0x4a06, 0x4a06, 0x4a06, 0x5206, 0x5226, 0x5a46, 0x5a47, 0x5a67, 0x5a67,
    0x5a67, 0x5a67, 0x7b29, 0x8bab, 0x8bcb, 0x8b8a, 0x7309, 0x836a, 0x836a, 0x836a, 0x7b6a, 0x838a,
    0x8bab, 0x93ec, 0x9c2c, 0x93eb, 0x8bcb, 0x838a, 0x7b6a, 0x8bab, 0x8bab, 0x838a, 0x838a, 0x9c6d,
    0xa46d, 0xa48e, 0xacae, 0xa46d, 0xa48d, 0xa48e, 0xacae, 0xbd2f, 0xa4ae, 0x83cb, 0x83cb, 0xe4a4,
    0xfd43, 0xfe81, 0xffea, 0xfff8, 0xfff2, 0xfec2, 0xfec2, 0xff16, 0xff16, 0xe694, 0xe674, 0xe674,
    0xe674, 0xcdb2, 0xaccf, 0xfd24, 0xfd44, 0xfef2, 0xffb8, 0xe695, 0xedee, 0xff12, 0xfff9, 0xff78,
    0xff37, 0xc5d3, 0x9cb0, 0xcd4e, 0x8c30, 0x8c30, 0x9cb2, 0xbdd5, 0x8c51, 0x738e, 0xdeda, 0xce58,
    0xbdd6, 0xb574, 0xb574, 0xb574, 0xb575, 0x9cd3, 0x9492, 0x9cd3, 0xe71b, 0xe71b, 0x9492, 0x9492,
    0xa534, 0x9cd3, 0x9492, 0x9492, 0xa534, 0xb595, 0x9492, 0x83f0, 0x7baf, 0x9cd3, 0xce38, 0x9493,
    0xb595, 0xa534, 0x9492, 0xc617, 0xce78, 0xdeda, 0xbdd6, 0xb596, 0x8c51, 0xad54, 0xa534, 0x8431,
    0xad54, 0xb575, 0x9cf2, 0x8c51, 0x8c50, 0xc617, 0xc617, 0xc5f6, 0x632d, 0x738e, 0x630d, 0x840f,
    0x9491, 0x9cf2, 0x62ea, 0x5289, 0x52a9, 0x5268, 0x4a27, 0x4a47, 0x4a48, 0x39e6, 0x39a6, 0x3165,
    0x3165, 0x3185, 0x4207, 0x4a27, 0x4207, 0x3185, 0x3185, 0x2924, 0x3165, 0x31a6, 0x2965, 0x3185,
    0x4a27, 0x4a47, 0x5aa9, 0x5aa9, 0x5aa9, 0x5aa8, 0x5aa8, 0x5aa8, 0x5a88, 0x4a27, 0x4206, 0x39a6,
    0x39a6, 0x39a6, 0x4a06, 0x4a47, 0x39a6, 0x41e6, 0x41e6, 0x39c6, 0x39c6, 0x4a06, 0x5267, 0x5267,
    0x5267, 0x41e6, 0x39c6, 0x5247, 0x39a5, 0x3165, 0x3165, 0x39c6, 0x39c6, 0x39c6, 0x39c6, 0x39a5,
    0x3985, 0x2944, 0x2944, 0x39a5, 0x39a5, 0x39a5, 0x41c5, 0x4a26, 0x5247, 0x5a88, 0x5267, 0x4a06,
    0x4a26, 0x5a87, 0x5a87, 0x6b09, 0x62c8, 0x5a67, 0x5a67, 0x3185, 0x3185, 0x3185, 0x3185, 0x3165,
    0x3985, 0x5246, 0x5a67, 0x5267, 0x5267, 0x5a87, 0x6ae8, 0x6ae8, 0x6ae8, 0x6ae8, 0x6ac8, 0x6ac8,
    0x6aa8, 0x6aa8, 0x6aa8, 0x6aa8, 0x6aa8, 0x6aa8, 0x6287, 0x6267, 0x6267, 0x6267, 0x6267, 0x5a26,
    0x5a46, 0x5a46, 0x5a46, 0x6267, 0x6267, 0x6287, 0x6287, 0x6aa8, 0x72c8, 0x72c8, 0x72c8, 0x72c8,
    0x6267, 0x5a47, 0x5226, 0x5206, 0x5226, 0x5226, 0x72e8, 0x72e8, 0x72e9, 0x72e9, 0x72e8, 0x72e8,
    0x5a67, 0x5a47, 0x5a47, 0x5a47, 0x5a47, 0x5a67, 0x6267, 0x6267, 0x6267, 0x6267, 0x6267, 0x6267,
    0x5a46, 0x5226, 0x5226, 0x5a67, 0x5a47, 0x5a47, 0x5a47, 0x4a06, 0x4a06, 0x5206, 0x5206, 0x5226,
    0x6267, 0x5226, 0x5226, 0x5226, 0x5a67, 0x5a47, 0x5a47, 0x5226, 0x41a5, 0x41a4, 0x41c5, 0x49e5,
    0x49e5, 0x49e5, 0x3964, 0x3964, 0x3984, 0x3984, 0x3984, 0x39a4, 0x41a5, 0x39a4, 0x3964, 0x3984,
    0x41a5, 0x41a5, 0x41c5, 0x41c5, 0x49e5, 0x4a06, 0x4a06, 0x5206, 0x5206, 0x4a06, 0x49e5, 0x4a06,
    0x4a06, 0x4a06, 0x5206, 0x5226, 0x5a46, 0x5a47, 0x5a67, 0x5a67, 0x5a67, 0x5a67, 0x7b29, 0x93cb,
    0x8bcb, 0x838a, 0x7309, 0x836a, 0x838a, 0x836a, 0x7b6a, 0x838a, 0x8bab, 0x9c2c, 0x9c2c, 0x940c,
    0x8bcb, 0x836a, 0x7b6a, 0x8bab, 0x8bab, 0x836a, 0x838a, 0x9c4d, 0x942c, 0x8beb, 0x9c2d, 0xa46d,
    0xa48d, 0xa48e, 0xaccf, 0xbd0f, 0xa48e, 0x83cb, 0xa409, 0xe4a4, 0xfd43, 0xfe81, 0xffa4, 0xfff3,
    0xfff2, 0xfea2, 0xfec8, 0xff16, 0xff16, 0xf6f6, 0xe674, 0xe674, 0xe674, 0xbd50, 0xbd51, 0xaccf,
    0xfd44, 0xffb8, 0xffb8, 0xe695, 0xde33, 0xde34, 0xff77, 0xff77, 0xff37, 0xad11, 0x946f, 0xd509,
    0x8c30, 0xa513, 0xb594, 0xbdd5, 0x738e, 0x94b2, 0xdeda, 0xce58, 0xbdd6, 0xb574, 0xb574, 0xb595,
    0xb5b5, 0x9cd3, 0x9492, 0x7baf, 0x7baf, 0xe71b, 0x9492, 0x9492, 0x9492, 0x9492, 0x9492, 0x9492,
    0xa534, 0xb575, 0xa514, 0x83f0, 0x7baf, 0x7baf, 0x83f0, 0x9493, 0xb595, 0x9cf3, 0x9492, 0x73af,
    0xbdd6, 0xdeda, 0xbdd6, 0xbdd6, 0xbdb6, 0xad54, 0xa534, 0x8431, 0x73af, 0x8410, 0x9cf2, 0x8c51,
    0x83f0, 0xc617, 0xc617, 0xc5f6, 0x630d, 0x738e, 0x9491, 0x840f, 0x9491, 0x9cf2, 0x6b4c, 0x5289,
    0x5289, 0x5268, 0x4a27, 0x4a47, 0x4a48, 0x39e6, 0x31a6, 0x3165, 0x3165, 0x3165, 0x2124, 0x2945,
    0x4207, 0x3185, 0x3185, 0x2924, 0x3165, 0x31a6, 0x2965, 0x2945, 0x2945, 0x4207, 0x5aa9, 0x5aa9,
    0x5aa9, 0x5aa8, 0x5aa8, 0x5aa8, 0x5288, 0x4a27, 0x4206, 0x39a6, 0x39a6, 0x39a6, 0x4206, 0x4a47,
    0x39a6, 0x41e6, 0x5247, 0x5aa8, 0x62e9, 0x4a06, 0x5247, 0x5267, 0x5267, 0x41e6, 0x39c6, 0x5247,
    0x5247, 0x62e9, 0x5267, 0x39c6, 0x39c6, 0x39c6, 0x39c6, 0x39a5, 0x3985, 0x2944, 0x2944, 0x2944,
    0x3164, 0x39a5, 0x41c5, 0x4a26, 0x5247, 0x5a88, 0x5267, 0x4a06, 0x4a26, 0x5a87, 0x5a87, 0x6b09,
    0x62c8, 0x5a67, 0x5a67, 0x3185, 0x3185, 0x3185, 0x3165, 0x3165, 0x3165, 0x3164, 0x41c5, 0x5267,
    0x5267, 0x5a87, 0x6ac8, 0x6ae8, 0x6ae8, 0x6ae8, 0x6ac8, 0x62c8, 0x6aa8, 0x6aa8, 0x6aa8, 0x6aa8,
    0x6aa8, 0x6aa8, 0x6287, 0x6267, 0x6267, 0x6267, 0x6267, 0x5a46, 0x5a46, 0x5a46, 0x5a47, 0x6267,
    0x6287, 0x6287, 0x6287, 0x6aa8, 0x72c8, 0x72c8, 0x72c8, 0x6aa8, 0x5a47, 0x5a47, 0x5226, 0x5206,
    0x5226, 0x5226, 0x72e8, 0x72e9, 0x72e9, 0x72e9, 0x72e8, 0x6aa8, 0x6267, 0x5a47, 0x5a47, 0x5a47,
    0x5a67, 0x6287, 0x6267, 0x6267, 0x6267, 0x6267, 0x6267, 0x6267, 0x5a46, 0x5226, 0x5a47, 0x5a67,
    0x5a47, 0x5a47, 0x5a47, 0x49e5, 0x4a06, 0x5206, 0x5206, 0x5a67, 0x6267, 0x5226, 0x5226, 0x5a47,
    0x5a67, 0x5a47, 0x5a47, 0x4a06, 0x41a5, 0x41a4, 0x49c5, 0x49e5, 0x49e5, 0x49e5, 0x3964, 0x3964,
    0x3984, 0x3984, 0x3984, 0x39a4, 0x41a5, 0x41a5, 0x39a4, 0x3984, 0x41a5, 0x41a5, 0x41c5, 0x41c5,
    0x49e5, 0x4a06, 0x4a06, 0x5206, 0x5206, 0x5226, 0x49e5, 0x4a06, 0x4a06, 0x4a06, 0x5206, 0x5226,
    0x5a47, 0x5a47, 0x5a67, 0x5a67, 0x5a46, 0x5a67, 0x7b49, 0x93cb, 0x8bcb, 0x836a, 0x7309, 0x836a,
    0x8baa, 0x836a, 0x7b6a, 0x838a, 0x8bcb, 0x9c2c, 0x9c2c, 0x9c2c, 0x8bcb, 0x7b4a, 0x7b6a, 0x8bab,
    0x8bab, 0x7b6a, 0x838a, 0xa46d, 0x942c, 0x8beb, 0x9c6d, 0xa46d, 0xa48d, 0xa48e, 0xb4ef, 0xb50f,
    0xa48d, 0x942d, 0xac29, 0xe484, 0xfde2, 0xfe81, 0xffe7, 0xffea, 0xffe8, 0xfea2, 0xfec8, 0xff16,
    0xff16, 0xff36, 0xf6f6, 0xe674, 0xd613, 0xbd50, 0xb530, 0xaccf, 0xacef, 0xde33, 0xffb8, 0xd613,
    0xde33, 0xde34, 0xde54, 0xff16, 0xff37, 0xad11, 0x946f, 0xd4e9, 0x8c30, 0xa513, 0xb594, 0xbdd5,
    0x8c51, 0x94b2, 0xdeda, 0xe6fa, 0xc637, 0xa534, 0xb574, 0xbdd5, 0xc617, 0x9492, 0x8c51, 0x7baf,
    0x7baf, 0x83f0, 0x9492, 0x9492, 0x9492, 0x9492, 0xa534, 0xa534, 0xb575, 0xb575, 0xb575, 0x7baf,
    0x7baf, 0x7baf, 0x8c51, 0x9cd3, 0xb595, 0x9cf3, 0x9492, 0x73af, 0x9cd3, 0xce37, 0xbdd6, 0xbdd6,
    0xbdb6, 0xad34, 0x9cd2, 0x8431, 0x73af, 0x6b4e, 0x6b4d, 0x7bcf, 0x83f0, 0xc617, 0xbdd5, 0xa533,
    0x630c, 0x738e, 0x9491, 0x9cd2, 0x9cf2, 0x9cf2, 0x6b4c, 0x5289, 0x5289, 0x4a68, 0x4a27, 0x41e6,
    0x39c6, 0x41e7, 0x31a5, 0x3165, 0x3165, 0x3165, 0x2124, 0x2945, 0x3185, 0x630a, 0x3185, 0x2924,
    0x2965, 0x3186, 0x2965, 0x2945, 0x2945, 0x2945, 0x39a6, 0x5aa9, 0x5aa8, 0x5aa8, 0x5aa8, 0x5aa8,
    0x5288, 0x4a27, 0x4206, 0x39a6, 0x39a6, 0x39a6, 0x4206, 0x4a47, 0x39a6, 0x41e6, 0x5247, 0x5aa8,
    0x7b6b, 0x7b6b, 0x5aa8, 0x5267, 0x5267, 0x41e6, 0x39c6, 0x5247, 0x5247, 0x62e9, 0x62e9, 0x5247,
    0x41e6, 0x39c6, 0x39c6, 0x39a5, 0x3985, 0x2944, 0x2944, 0x2944, 0x3164, 0x39a5, 0x41c5, 0x4a26,
    0x5247, 0x5a88, 0x5267, 0x4a06, 0x4a26, 0x5a87, 0x5a87, 0x6b09, 0x62a8, 0x4a26, 0x5a67, 0x3185,
    0x3185, 0x3185, 0x3165, 0x3165, 0x3165, 0x3164, 0x3164, 0x41c5, 0x41e5, 0x5a87, 0x6ac8, 0x6ae8,
    0x6ae8, 0x6ae8, 0x6ac8, 0x62c8, 0x6aa8, 0x6aa8, 0x6aa8, 0x6aa8, 0x6aa8, 0x6aa8, 0x6288, 0x6267,
    0x6267, 0x6267, 0x6267, 0x5a46, 0x5a46, 0x5a46, 0x5a47, 0x6267, 0x6287, 0x6287, 0x6287, 0x6aa8,
    0x72c8, 0x72c8, 0x72c8, 0x5a47, 0x5a47, 0x5a47, 0x5226, 0x5206, 0x5226, 0x5a47, 0x72e8, 0x72e9,
    0x72e9, 0x72e9, 0x72c8, 0x6287, 0x6267, 0x5a47, 0x5a47, 0x5a47, 0x6267, 0x6287, 0x6287, 0x6267,
    0x6267, 0x6287, 0x6267, 0x6267, 0x5a46, 0x5a26, 0x5a67, 0x5a67, 0x5a47, 0x5a47, 0x5206, 0x49e5,
    0x4a06, 0x5206, 0x5206, 0x6287, 0x6267, 0x5226, 0x5226, 0x5a67, 0x5a67, 0x5a47, 0x5226, 0x49e5,
    0x41a5, 0x41a4, 0x49e5, 0x49e5, 0x49e5, 0x49e5, 0x3964, 0x3964, 0x3984, 0x3984, 0x3984, 0x39a4,
    0x41a5, 0x41a5, 0x39a4, 0x41a4, 0x41a5, 0x41a5, 0x41c5, 0x41c5, 0x49e5, 0x4a06, 0x4a06, 0x5206,
    0x5206, 0x5226, 0x5226, 0x4a06, 0x4a06, 0x4a06, 0x5206, 0x5226, 0x5a47, 0x5a47, 0x5a67, 0x5a67,
    0x5a46, 0x5246, 0x7b49, 0x93cb, 0x93cb, 0x7b6a, 0x7309, 0x838a, 0x8baa, 0x836a, 0x7b6a, 0x838a,
    0x93ec, 0x9c2c, 0x9c2c, 0x9c2c, 0x8bcb, 0x7b4a, 0x7b4a, 0x8bab, 0x838b, 0x7b6a, 0x8bcb, 0xa46d,
    0x8bcb, 0x93ec, 0x9c6d, 0xa46d, 0xa48e, 0xa48e, 0xb50f, 0xb50f, 0x942d, 0x942d, 0x83cb, 0x83cb,
    0xfe61, 0xfe81, 0xffe7, 0xffea, 0xffea, 0xffea, 0xfff2, 0xf716, 0xff16, 0xff36, 0xeeb5, 0xe674,
    0xd613, 0xbd50, 0xb510, 0xaccf, 0xb510, 0xc571, 0xc591, 0xd5f3, 0xde33, 0xde34, 0xde54, 0xff16,
    0xe695, 0xa4f0, 0xb4ac, 0xcce9, 0xad33, 0xad33, 0xbdb5, 0xbdd5, 0xbdd5, 0x8c51, 0xdeda, 0xe6fa,
    0xad55, 0x9492, 0xc617, 0xbdd5, 0xc617, 0x9492, 0x8c51, 0x7baf, 0x7baf, 0x83f0, 0x9492, 0xa534,
    0xa534, 0x9492, 0xa534, 0xb575, 0xb575, 0xb575, 0xb575, 0x7baf, 0x83f0, 0x9492, 0x8c51, 0x9cd3,
    0xb595, 0xd699, 0xe71b, 0x73af, 0x9cd3, 0xbdf6, 0xbdd6, 0xbdd6, 0xbdb6, 0xad34, 0x9cd2, 0x8431,
    0x73af, 0x6b4e, 0x6b4d, 0x7bcf, 0x83f0, 0xbdd6, 0xbdd5, 0xa533, 0x7bcf, 0x7bcf, 0x9490, 0x9cd1,
    0x9491, 0x73ae, 0x73ad, 0x5289, 0x5289, 0x4a48, 0x4a27, 0x41e6, 0x39c6, 0x4a47, 0x4207, 0x3165,
    0x3165, 0x3165, 0x2124, 0x2945, 0x3185, 0x630a, 0x630a, 0x5288, 0x2965, 0x3185, 0x2965, 0x2945,
    0x2945, 0x2945, 0x39a6, 0x39a6, 0x39a6, 0x5aa8, 0x5aa8, 0x5aa8, 0x5288, 0x4a27, 0x4206, 0x39a5,
    0x39a6, 0x39a6, 0x41e6, 0x4a47, 0x39a6, 0x41e6, 0x5247, 0x5aa8, 0x7b6b, 0x7b6b, 0x7b8b, 0x7b8b,
    0x62c8, 0x41e6, 0x39c6, 0x5247, 0x5247, 0x62e9, 0x62e9, 0x5247, 0x5247, 0x62c8, 0x4a06, 0x39a5,
    0x3985, 0x2944, 0x2944, 0x2944, 0x3164, 0x39a5, 0x41c5, 0x4a26, 0x41e6, 0x5a88, 0x5267, 0x4a06,
    0x4a26, 0x5a87, 0x5a87, 0x6ae9, 0x5aa8, 0x4a06, 0x4a06, 0x3185, 0x3185, 0x3165, 0x3165, 0x3165,
    0x3165, 0x3164, 0x3164, 0x41c5, 0x41e5, 0x4a06, 0x5a67, 0x6ae8, 0x6ae8, 0x6ae8, 0x6ac8, 0x62c8,
    0x6aa8, 0x6aa8, 0x6aa8, 0x6aa8, 0x6aa8, 0x6aa8, 0x6288, 0x6267, 0x6267, 0x6267, 0x6267, 0x5a46,
    0x5a46, 0x5a46, 0x5a47, 0x6267, 0x6287, 0x6287, 0x6287, 0x6aa8, 0x72c8, 0x72c8, 0x5a47, 0x5a47,
    0x5a47, 0x5a47, 0x5226, 0x5226, 0x5226, 0x5a67, 0x72e8, 0x72e9, 0x72e9, 0x72e9, 0x6aa8, 0x6287,
    0x6267, 0x5a47, 0x5a47, 0x5a47, 0x6287, 0x6287, 0x6287, 0x6267, 0x6287, 0x6287, 0x6267, 0x6267,
    0x5a46, 0x5a46, 0x5a67, 0x5a67, 0x5a47, 0x5a47, 0x49e5, 0x49e5, 0x4a06, 0x5206, 0x5a47, 0x6287,
    0x6267, 0x5226, 0x5a47, 0x5a67, 0x5a67, 0x5a47, 0x5206, 0x49e5, 0x41a5, 0x41a5, 0x49e5, 0x49e5,
    0x49e5, 0x49e5, 0x3964, 0x3964, 0x3984, 0x3984, 0x3984, 0x39a4, 0x41a5, 0x41a5, 0x39a4, 0x41a4,
    0x41a5, 0x41a5, 0x41c5, 0x41c5, 0x49e5, 0x4a06, 0x4a06, 0x5206, 0x5206, 0x5226, 0x5226, 0x5226,
    0x5206, 0x4a06, 0x5206, 0x5226, 0x5a47, 0x5a47, 0x5a67, 0x5a67, 0x5a46, 0x5246, 0x7b49, 0x93cb,
    0x93cb, 0x7b49, 0x7309, 0x8baa, 0x8baa, 0x836a, 0x7b6a, 0x838a, 0x940c, 0x9c2c, 0x9c2c, 0x9c2c,
    0x8bab, 0x7b4a, 0x7b6a, 0x83ab, 0x838a, 0x7b6a, 0x8beb, 0x9c2c, 0x8bcb, 0x940c, 0x9c4d, 0xa46d,
    0xa48d, 0xb46a, 0xdc64, 0xacce, 0x942d, 0x942d, 0x83ab, 0x9be9, 0xe484, 0xfd43, 0xffe9, 0xffe9,
    0xffea, 0xffea, 0xfea2, 0xfec2, 0xff16, 0xff36, 0xeeb5, 0xe674, 0xbd50, 0xa4cf, 0xacef, 0xaccf,
    0xbd50, 0xc571, 0xc591, 0xc591, 0xcdd2, 0xde33, 0xe694, 0xff16, 0xe695, 0xa4f0, 0xb4ac, 0xcce9,
    0xad33, 0xbdb5, 0xbdb5, 0xbdd5, 0xbdd5, 0x8c51, 0x7bcf, 0xad55, 0xad55, 0x9492, 0xc617, 0xd698,
    0xce78, 0x9492, 0x8c51, 0x7baf, 0x8c51, 0x83f0, 0x9492, 0xa534, 0xb575, 0xc617, 0xa534, 0xb575,
    0xb575, 0xa534, 0x9cd3, 0x7baf, 0x83f0, 0x9492, 0xa534, 0xb595, 0xb595, 0xd699, 0xe71b, 0xe6fa,
    0xce78, 0xbdf6, 0xbdd6, 0xb595, 0xa533, 0xa513, 0x9cd2, 0x8431, 0xb5b5, 0xce58, 0x8410, 0x7bcf,
    0x83f0, 0xad53, 0xb574, 0xa533, 0x7bcf, 0x7bcf, 0x7bcf, 0x9491, 0x9491, 0x73ae, 0x8c70, 0x9cb1,
    0x83ee, 0x4a48, 0x4a27, 0x41e6, 0x39c6, 0x4a47, 0x4207, 0x39e6, 0x39a6, 0x3165, 0x2124, 0x2945,
    0x3185, 0x630a, 0x630a, 0x5288, 0x4a47, 0x41e6, 0x2945, 0x2944, 0x2945, 0x2945, 0x39a6, 0x39a6,
    0x39a6, 0x3185, 0x41e6, 0x5aa8, 0x5268, 0x4a27, 0x4206, 0x39a5, 0x39a6, 0x39a6, 0x39a6, 0x39a6,
    0x41e6, 0x41e6, 0x5247, 0x5aa8, 0x7b6b, 0x7b6b, 0x7b8b, 0x7b8b, 0x7b8b, 0x6b29, 0x4a07, 0x5247,
    0x5247, 0x62e9, 0x62e9, 0x5247, 0x5247, 0x62c8, 0x62c8, 0x7b6a, 0x5267, 0x2944, 0x2944, 0x2944,
    0x3164, 0x39a5, 0x41c5, 0x4a26, 0x41e6, 0x3985, 0x39a5, 0x4a06, 0x4a26, 0x5a87, 0x5a87, 0x6ae9,
    0x5aa8, 0x4a06, 0x49e6, 0x3185, 0x3165, 0x3165, 0x3165, 0x3165, 0x3164, 0x3164, 0x3164, 0x41c5,
    0x41e5, 0x4a06, 0x5247, 0x62a8, 0x6ae8, 0x6ae8, 0x6ac8, 0x62c8, 0x6aa8, 0x6aa8, 0x6aa8, 0x6aa8,
    0x6aa8, 0x6aa8, 0x6288, 0x6267, 0x6267, 0x6267, 0x6267, 0x5a46, 0x5a46, 0x5a46, 0x5a47, 0x6287,
    0x6287, 0x6287, 0x6287, 0x6aa8, 0x72c8, 0x6287, 0x5206, 0x5a47, 0x5a47, 0x5a47, 0x5226, 0x5226,
    0x5a67, 0x5a67, 0x72e9, 0x72e9, 0x72e9, 0x72e9, 0x6a88, 0x6287, 0x6267, 0x5a47, 0x5a47, 0x6267,
    0x6287, 0x6287, 0x6287, 0x6267, 0x6aa8, 0x6287, 0x6267, 0x6267, 0x5a46, 0x5a67, 0x5a67, 0x5a67,
    0x5a47, 0x5226, 0x49e5, 0x49e5, 0x4a06, 0x5206, 0x6287, 0x6287, 0x6267, 0x5226, 0x6267, 0x5a67,
    0x5a67, 0x5226, 0x49e5, 0x49e5, 0x41a5, 0x41c5, 0x49e5, 0x49e5, 0x49e5, 0x49e5, 0x3964, 0x3964,
    0x3984, 0x3984, 0x3984, 0x41a4, 0x41a5, 0x41a5, 0x39a4, 0x41a4, 0x41a5, 0x41a5, 0x41c5, 0x41c5,
    0x49e5, 0x4a06, 0x4a06, 0x5206, 0x5206, 0x5226, 0x5226, 0x5226, 0x5226, 0x5246, 0x5206, 0x5226,
    0x5a47, 0x5a47, 0x5a67, 0x5a67, 0x5a46, 0x5246, 0x7b49, 0x93cb, 0x8bab, 0x7b49, 0x7309, 0x8bcb,
    0x8baa, 0x836a, 0x836a, 0x838a, 0x9c2c, 0x9c2c, 0x9c2c, 0x9c2c, 0x838a, 0x7b4a, 0x838a, 0x83ab,
    0x838a, 0x7b6a, 0x8beb, 0x8beb, 0x8bcb, 0x9c4d, 0xa46d, 0xa46d, 0xa48d, 0xb46a, 0xdc63, 0xd54d,
    0xbd30, 0x940c, 0x83ab, 0x9be9, 0xe484, 0xfe46, 0xffe9, 0xffe9, 0xffea, 0xffea, 0xfea2, 0xfec2,
    0xf4e4, 0xf60d, 0xe654, 0xe674, 0xbd50, 0xa4cf, 0xc591, 0xc591, 0xbd50, 0xc571, 0xc591, 0xc591,
    0xd5f3, 0xde33, 0xe694, 0xff16, 0xcdd3, 0x9cb0, 0xac6b, 0xcce9, 0xb574, 0xbdb5, 0xbdb5, 0xc616,
    0xc637, 0x8c51, 0x7bcf, 0x9492, 0xa533, 0xad54, 0xc617, 0xded9, 0xe71a, 0xb574, 0x8c31, 0x7baf,
    0x8c51, 0x9cd3, 0xb574, 0xa534, 0xb574, 0xc617, 0xb5b5, 0xb575, 0xb575, 0xa534, 0x9492, 0xb575,
    0xa534, 0x9492, 0xa534, 0xb595, 0xc617, 0xdeba, 0xe6fb, 0xe6fa, 0xad34, 0x738f, 0xbdd6, 0xb595,
    0xa533, 0x9471, 0x7bf0, 0x8431, 0xb5b5, 0xce58, 0xce57, 0x9471, 0x83f0, 0xad53, 0xb574, 0xc5f6,
    0x7bcf, 0x7bcf, 0x7bcf, 0x9491, 0x9cf2, 0x73ae, 0x8c70, 0x9cb1, 0x9cb1, 0x840f, 0x4227, 0x39e6,
    0x39c6, 0x4a27, 0x4207, 0x39c6, 0x39e6, 0x41e6, 0x2124, 0x2945, 0x3185, 0x62ea, 0x630a, 0x5288,
    0x4a47, 0x4207, 0x4207, 0x39c6, 0x2944, 0x2945, 0x39a6, 0x39a6, 0x39a6, 0x3185, 0x3185, 0x39a5,
    0x39c6, 0x4a27, 0x4206, 0x39a5, 0x39a5, 0x39a6, 0x39a6, 0x39a6, 0x4a47, 0x5267, 0x5267, 0x5aa8,
    0x7b6b, 0x7b6b, 0x7b6b, 0x7b8b, 0x7b8b, 0x6b29, 0x62e9, 0x39c6, 0x5247, 0x62e9, 0x62e9, 0x5247,
    0x5247, 0x62c8, 0x62c8, 0x7b6a, 0x7b6a, 0x7b4a, 0x41e6, 0x2944, 0x3164, 0x39a5, 0x41c5, 0x4a26,
    0x41e6, 0x3985, 0x39a5, 0x4a06, 0x4a26, 0x5a87, 0x5a87, 0x6ae9, 0x5aa8, 0x49e6, 0x41e6, 0x3185,
    0x3165, 0x3165, 0x3165, 0x3165, 0x3164, 0x3164, 0x3164, 0x41c5, 0x41e5, 0x4a06, 0x5247, 0x62a8,
    0x6ae8, 0x6ac8, 0x6ac8, 0x62c8, 0x6aa8, 0x6aa8, 0x6aa8, 0x6aa8, 0x6aa8, 0x6aa8, 0x6288, 0x6267,
    0x6267, 0x6267, 0x6267, 0x5a46, 0x5a46, 0x5a46, 0x5a47, 0x6287, 0x6287, 0x6287, 0x6287, 0x6aa8,
    0x72c8, 0x5206, 0x5206, 0x5a47, 0x5a47, 0x5a47, 0x5226, 0x5a47, 0x5a67, 0x5a67, 0x72e9, 0x72e9,
    0x72e9, 0x6aa8, 0x6aa8, 0x6287, 0x6267, 0x5a47, 0x5a67, 0x6287, 0x6287, 0x6287, 0x6287, 0x6287,
    0x6ac8, 0x6287, 0x6267, 0x6267, 0x6267, 0x5a67, 0x5a67, 0x5a67, 0x5a47, 0x5206, 0x49e5, 0x49e5,
    0x4a06, 0x5a67, 0x6287, 0x6287, 0x6267, 0x5a47, 0x6267, 0x5a67, 0x5a67, 0x49e5, 0x49e5, 0x49e5,
    0x41a5, 0x49e5, 0x49e5, 0x49e5, 0x49e5, 0x49e5, 0x3964, 0x3964, 0x3984, 0x3984, 0x3984, 0x41a4,
    0x41a5, 0x41a5, 0x39a4, 0x41a4, 0x41a5, 0x41a5, 0x41c5, 0x49e5, 0x5226, 0x4a06, 0x4a06, 0x5206,
    0x5206, 0x5226, 0x5226, 0x5226, 0x5226, 0x5246, 0x5a46, 0x5226, 0x5a47, 0x5a67, 0x5a67, 0x5a67,
    0x5a46, 0x5246, 0x7b49, 0x93cb, 0x838a, 0x7b49, 0x7b49, 0x8bcb, 0x8baa, 0x836a, 0x836a, 0x8bcb,
    0x9c2c, 0x9c2c, 0x9c2c, 0x9c2c, 0x7329, 0x7b4a, 0x83ab, 0x83ab, 0x7b6a, 0x7b6a, 0x9c2c, 0x8beb,
    0x8bcb, 0xa46d, 0xacae, 0xbd2f, 0xa48d, 0xcc67, 0xdc63, 0xcdb1, 0xcdb1, 0xacae, 0x8bcc, 0xb427,
    0xe484, 0xfe45, 0xffe9, 0xffe7, 0xffe5, 0xffe7, 0xfea2, 0xfec2, 0xf4e4, 0xf589, 0xff36, 0xe674,
    0xa4af, 0xa4cf, 0xc591, 0xd5f2, 0xfd44, 0xd56d, 0xc591, 0xc591, 0xd5f3, 0xde33, 0xde54, 0xde54,
    0xcdd3, 0x9cb0, 0xac6b, 0xcce9, 0x9cb2, 0xad54, 0xbdb5, 0xd678, 0xded9, 0xbdf6, 0x8410, 0x9492,
    0xb574, 0xc5f6, 0xe71a, 0xded9, 0xd678, 0xb574, 0x9cd3, 0x8c31, 0x9492, 0xa534, 0xb574, 0xb574,
    0xb574, 0xc617, 0xb5b5, 0xb575, 0x9492, 0x9cd3, 0x9492, 0xb575, 0xa534, 0x9492, 0xa534, 0xb595,
    0xc617, 0xc617, 0xc617, 0xe6fa, 0xad34, 0x738f, 0xbdd6, 0xad54, 0xa533, 0x9471, 0x7bf0, 0x6b6e,
    0xad74, 0xce58, 0xce57, 0x8c30, 0x6b2d, 0xad53, 0xb574, 0xc5f6, 0x7bcf, 0x7bcf, 0x738e, 0x8410,
    0xa4f2, 0x73ae, 0x7bce, 0x9490, 0x9cb1, 0x8c4f, 0x736d, 0x62eb, 0x39c6, 0x4a27, 0x4207, 0x39c6,
    0x39e6, 0x39e6, 0x2124, 0x3185, 0x31a5, 0x62ea, 0x62ea, 0x5288, 0x4a47, 0x4207, 0x4207, 0x4a27,
    0x5aa8, 0x4207, 0x39a6, 0x39a6, 0x39a6, 0x3185, 0x3185, 0x39a5, 0x3185, 0x2944, 0x3165, 0x39a5,
    0x39a5, 0x39a5, 0x39a6, 0x39a6, 0x4a47, 0x5267, 0x62c9, 0x62c9, 0x732a, 0x7b6b, 0x7b6b, 0x7b8b,
    0x7b8b, 0x6b09, 0x62e9, 0x39c6, 0x39c6, 0x5247, 0x62e9, 0x5247, 0x5247, 0x62c8, 0x62c8, 0x7b6a,
    0x7b6a, 0x7b4a, 0x6ae9, 0x4a26, 0x39a5, 0x39a5, 0x41c5, 0x4a26, 0x41e6, 0x3985, 0x39a5, 0x4a06,
    0x4a06, 0x4a06, 0x4a06, 0x6ae9, 0x5aa8, 0x41e6, 0x41e6, 0x3185, 0x3165, 0x3165, 0x3165, 0x3164,
    0x3164, 0x39a5, 0x3164, 0x41a5, 0x41e5, 0x4a06, 0x5247, 0x62a8, 0x6ae8, 0x6ac8, 0x6ac8, 0x62c8,
    0x6aa8, 0x6aa8, 0x6aa8, 0x6aa8, 0x6aa8, 0x6aa8, 0x6288, 0x6267, 0x6267, 0x6267, 0x6267, 0x5a46,
    0x5a46, 0x5a47, 0x6267, 0x6287, 0x6287, 0x6287, 0x6287, 0x6aa8, 0x5a47, 0x5206, 0x5206, 0x5a47,
    0x5a47, 0x5a47, 0x5a47, 0x5a67, 0x5a67, 0x5a67, 0x72e9, 0x72e9, 0x72e9, 0x6aa8, 0x6aa8, 0x6287,
    0x6267, 0x5a47, 0x6287, 0x6287, 0x6287, 0x6287, 0x6287, 0x6aa8, 0x6ac8, 0x6287, 0x6267, 0x6267,
    0x5a47, 0x5a67, 0x5a67, 0x5a67, 0x5226, 0x5206, 0x49e5, 0x49e5, 0x5226, 0x6287, 0x6287, 0x6287,
    0x6267, 0x6267, 0x6267, 0x5a67, 0x5226, 0x41c5, 0x49e5, 0x49e5, 0x41c5, 0x4a06, 0x49e5, 0x49e5,
    0x49e5, 0x49e5, 0x3964, 0x3964, 0x3984, 0x3984, 0x3984, 0x41a4, 0x41a5, 0x41a5, 0x39a4, 0x41a4,
    0x41a5, 0x41a5, 0x41c5, 0x49e5, 0x5246, 0x5226, 0x4a06, 0x5206, 0x5206, 0x5226, 0x5226, 0x5226,
    0x5226, 0x5246, 0x5a46, 0x5a46, 0x5a47, 0x5a67, 0x5a67, 0x5a67, 0x5a46, 0x5a46, 0x7b49, 0x93ec,
    0x838a, 0x7b49, 0x838a, 0x8bcb, 0x8baa, 0x836a, 0x836a, 0x93eb, 0x9c2c, 0x9c2c, 0x9c2c, 0x8bcb,
    0x7329, 0x7b6a, 0x83ab, 0x83ab, 0x7b4a, 0x83ab, 0x9c2c, 0x8beb, 0x8bcb, 0xacae, 0xb4ef, 0xc570,
    0xc591, 0xcc87, 0xdc63, 0xcdb1, 0xcdb1, 0x942c, 0x942d, 0xa40a, 0xe484, 0xffe7, 0xffe9, 0xffe7,
    0xfe81, 0xfecf, 0xfea2, 0xfe22, 0xf4e4, 0xf589, 0xff36, 0xe674, 0xa4af, 0xa4cf, 0xcdd2, 0xd5f2,
    0xfd44, 0xfd44, 0xffb8, 0xc591, 0xde33, 0xde33, 0xde54, 0xde54, 0xad11, 0xa4d0, 0xa44a, 0xcce9,
    0x9cb2, 0x9cd2, 0xce57, 0xd678, 0xded9, 0xbdf6, 0xad34, 0x9492, 0xb574, 0xc5f6, 0xe71a, 0xce57,
    0xc637, 0xb574, 0x9cd3, 0x9492, 0xc617, 0xb5b5, 0xb574, 0xb574, 0xb5b5, 0xc617, 0xb574, 0xa534,
    0x9492, 0x8c51, 0x7baf, 0xb575, 0xa534, 0x9492, 0xce38, 0xdeda, 0xc617, 0xc617, 0xc617, 0xe6fa,
    0xb575, 0x738f, 0xbdd6, 0xad54, 0x8c51, 0x9471, 0x7bf0, 0x6b6e, 0xad74, 0xce58, 0xbdd6, 0x8c30,
    0x6b2d, 0xad53, 0xa512, 0xad53, 0x9491, 0x7bcf, 0x630c, 0x630c, 0x9470, 0x7bae, 0x7bce, 0x8c4f,
    0x6b4c, 0x83ee, 0x736d, 0x62eb, 0x5aaa, 0xa512, 0x4207, 0x39c6, 0x39c6, 0x39e6, 0x2104, 0x3185,
    0x41e6, 0x62ea, 0x62ea, 0x5268, 0x4a47, 0x4207, 0x4207, 0x4207, 0x5aa8, 0x5aa8, 0x5aa8, 0x41e6,
    0x31a5, 0x3185, 0x3185, 0x39a5, 0x3185, 0x2944, 0x2944, 0x2944, 0x3185, 0x39a5, 0x39a6, 0x39a6,
    0x4a47, 0x5267, 0x62c9, 0x62c9, 0x62c9, 0x62c9, 0x7b6b, 0x7b6b, 0x7b8b, 0x6b09, 0x62e9, 0x39c6,
    0x39c6, 0x5247, 0x5247, 0x62e9, 0x5247, 0x62c8, 0x62c8, 0x7b6a, 0x7b6a, 0x7b4a, 0x6ae9, 0x4a26,
    0x4a26, 0x4a26, 0x41c5, 0x4a26, 0x41e6, 0x3985, 0x39a5, 0x4a06, 0x4a06, 0x4a06, 0x4a06, 0x5a67,
    0x5247, 0x41e6, 0x41e6, 0x3165, 0x3165, 0x3165, 0x3165, 0x3164, 0x3164, 0x41c5, 0x41e5, 0x41a5,
    0x41e5, 0x4a06, 0x5247, 0x62a8, 0x6ae8, 0x6ac8, 0x62c8, 0x62c8, 0x6aa8, 0x6aa8, 0x6aa8, 0x6aa8,
    0x6aa8, 0x6aa8, 0x5a47, 0x6267, 0x6267, 0x6267, 0x6267, 0x5a46, 0x5a46, 0x5a67, 0x6267, 0x6287,
    0x6287, 0x6287, 0x6287, 0x6287, 0x5206, 0x5206, 0x5206, 0x5a47, 0x5a47, 0x5a47, 0x5a47, 0x5a67,
    0x5a67, 0x5a67, 0x72e9, 0x72e9, 0x72e9, 0x6aa8, 0x6aa8, 0x6287, 0x6267, 0x6267, 0x6287, 0x6287,
    0x6287, 0x6287, 0x6287, 0x72c8, 0x6ac8, 0x6287, 0x6267, 0x5a47, 0x5a47, 0x5a67, 0x5a67, 0x5a67,
    0x5226, 0x5206, 0x49e5, 0x49e5, 0x5a47, 0x6287, 0x6287, 0x6287, 0x6267, 0x6267, 0x6267, 0x5a67,
    0x5206, 0x41c5, 0x49e5, 0x49e5, 0x49e5, 0x4a06, 0x49e5, 0x49e5, 0x49e5, 0x49e5, 0x3964, 0x3964,
    0x3984, 0x3984, 0x3984, 0x3984, 0x3984, 0x41a5, 0x39a4, 0x41a4, 0x41a5, 0x41a5, 0x41c5, 0x49e5,
    0x5246, 0x5a46, 0x5a46, 0x5206, 0x5206, 0x5226, 0x5226, 0x5226, 0x5226, 0x5246, 0x5a46, 0x5a46,
    0x5a47, 0x5a67, 0x5a67, 0x5a67, 0x5a46, 0x5a46, 0x7b49, 0x9c2c, 0x838a, 0x7b49, 0x8bcb, 0x8bcb,
    0x8baa, 0x836a, 0x836a, 0x940c, 0x9c2c, 0x9c2c, 0x9c2c, 0x838a, 0x7329, 0x7b6a, 0x83ab, 0x838a,
    0x7b4a, 0x8bcb, 0x9c2c, 0x9c2c, 0x9c2c, 0xacae, 0xb4ef, 0xc570, 0xbd50, 0xb4ef, 0xb50f, 0xcdb1,
    0xcdb1, 0x942c, 0x942d, 0x83ab, 0x83cb, 0xffe9, 0xffe9, 0xffa4, 0xfe81, 0xfecf, 0xf6f5, 0xf650,
    0xf4e4, 0xf60d, 0xff36, 0xe674, 0xa4af, 0xbd50, 0xd613, 0xe5ae, 0xfd44, 0xfd44, 0xffb8, 0xffd8,
    0xde33, 0xde33, 0xde54, 0xde54, 0xad11, 0xa4d0, 0xa44a, 0xd509, 0x8c30, 0xb574, 0xdeb8, 0xdeb9,
    0xd678, 0xbdf6, 0xad34, 0x9cd2, 0xb574, 0xd678, 0xe71a, 0xc617, 0xbdd6, 0xb574, 0x9cd3, 0x9492,
    0xc617, 0xb5b5, 0xb574, 0xb574, 0xb5b5, 0xc617, 0x9492, 0x9492, 0x9492, 0x83f0, 0x8430, 0xb575,
    0xa534, 0x9492, 0xce38, 0xdeda, 0xc617, 0xc617, 0xc617, 0xe6fa, 0xb5b6, 0x8c71, 0xbdd6, 0xad54,
    0x8c51, 0x9cd2, 0x9471, 0x6b6e, 0xad74, 0xce58, 0xad74, 0x9471, 0x6b2d, 0xad33, 0xad33, 0x94b1,
    0x9491, 0x7bcf, 0x630c, 0x630c, 0x630c, 0x9470, 0x7bef, 0x8c4f, 0x6b4c, 0x6b2c, 0x83ee, 0x62eb,
    0x5aaa, 0xa512, 0xa512, 0x5aca, 0x39c6, 0x39e6, 0x2104, 0x3185, 0x41e6, 0x62ea, 0x62ea, 0x5268,
    0x4a47, 0x4206, 0x4207, 0x4207, 0x5a88, 0x5aa8, 0x5aa8, 0x62c9, 0x6b2a, 0x3185, 0x3185, 0x3185,
    0x3185, 0x2944, 0x2944, 0x2944, 0x3185, 0x39a5, 0x39a5, 0x39a6, 0x4a47, 0x5267, 0x62c9, 0x62c9,
    0x62c9, 0x62c9, 0x62c9, 0x734a, 0x7b6b, 0x6b09, 0x62e9, 0x39c6, 0x39c6, 0x5247, 0x5247, 0x62e9,
    0x62c8, 0x62c8, 0x62c8, 0x7b6a, 0x7b6a, 0x7b4a, 0x6ae9, 0x4a26, 0x4a26, 0x4a26, 0x41e6, 0x39a5,
    0x41c5, 0x3985, 0x39a5, 0x4a06, 0x4a06, 0x4a06, 0x4a06, 0x5a67, 0x5247, 0x41e6, 0x41e6, 0x3165,
    0x3165, 0x3165, 0x3164, 0x3164, 0x3164, 0x41c5, 0x41e5, 0x3985, 0x3164, 0x3985, 0x5247, 0x62a8,
    0x6ae8, 0x6ac8, 0x62c8, 0x62c8, 0x6aa8, 0x6aa8, 0x6aa8, 0x6aa8, 0x6aa8, 0x5a47, 0x5a47, 0x6267,
    0x6267, 0x6267, 0x6267, 0x5a46, 0x5a47, 0x6267, 0x6267, 0x6287, 0x6287, 0x6287, 0x6287, 0x5226,
    0x5206, 0x5206, 0x5206, 0x5a47, 0x5a47, 0x5a47, 0x5a67, 0x5a67, 0x5a67, 0x5a67, 0x72e9, 0x72e9,
    0x72e9, 0x6aa8, 0x6aa8, 0x6287, 0x6267, 0x6287, 0x6287, 0x6287, 0x6287, 0x6287, 0x72c8, 0x72c8,
    0x6ac8, 0x6287, 0x5a67, 0x5a26, 0x5a47, 0x5a67, 0x5a67, 0x5a26, 0x5226, 0x5206, 0x49e5, 0x4a06,
    0x6267, 0x6287, 0x6287, 0x6287, 0x6267, 0x6267, 0x6267, 0x5a67, 0x41c5, 0x41c5, 0x49e5, 0x49e5,
    0x5206, 0x4a06, 0x4a06, 0x49e5, 0x49e5, 0x49e5, 0x3964, 0x3964, 0x3984, 0x3984, 0x3984, 0x3984,
    0x3984, 0x3984, 0x39a4, 0x41a5, 0x41a5, 0x41a5, 0x41c5, 0x49e5, 0x5246, 0x5a46, 0x5a46, 0x5226,
    0x4a06, 0x5226, 0x5226, 0x5226, 0x5226, 0x5246, 0x5a46, 0x5a46, 0x5a47, 0x5a67, 0x6aa8, 0x6287,
    0x5a46, 0x5a46, 0x7b49, 0xa44d, 0x838a, 0x836a, 0x8bcb, 0x8bcb, 0x838a, 0x836a, 0x838a, 0x940c,
    0x9c2c, 0x9c2c, 0x9c2c, 0x7b49, 0x7329, 0x8bab, 0x83ab, 0x7b6a, 0x7b4a, 0x942c, 0x942c, 0x940c,
    0xa46d, 0xacae, 0xbd2f, 0xc570, 0xb50f, 0xb4ef, 0xa48d, 0x940c, 0xbd2f, 0x942c, 0x942d, 0x83ab,
    0xcc88, 0xfe61, 0xff84, 0xfe81, 0xfe81, 0xf6f5, 0xf6f5, 0xff16, 0xff16, 0xff36, 0xff36, 0xc591,
    0xa4ae, 0xbd50, 0xee94, 0xedee, 0xfd44, 0xfe0b, 0xffb8, 0xff57, 0xde33, 0xde33, 0xde54, 0xde54,
    0xad11, 0x9cb0, 0xcce9, 0xd509, 0xb594, 0xb574, 0xdeb8, 0xdeb9, 0xded9, 0xded9, 0x9cd3, 0x9cd2,
    0xb574, 0xd678, 0xe71a, 0xc616, 0xb5b5, 0xb574, 0xc617, 0xc617, 0xc617, 0xb5b5, 0xb574, 0xc617,
    0xc617, 0xc617, 0x9492, 0x9492, 0x9492, 0x83f0, 0x8430, 0xb575, 0x9cd3, 0x9492, 0xdeb9, 0xdeda,
    0xc617, 0xc617, 0xc617, 0xd699, 0xb5b6, 0x8c71, 0xbdd6, 0xa513, 0x8410, 0x9cd2, 0x9471, 0x6b6e,
    0x9cd2, 0xce57, 0xad74, 0x9471, 0x83f0, 0x9cb1, 0xad33, 0x94b1, 0x9491, 0x9491, 0xbdd5, 0x630c,
    0x630c, 0x9470, 0x8c2f, 0x7bce, 0x6b4c, 0x6b2c, 0x8c2f, 0x6b2c, 0x5aaa, 0xad12, 0xa512, 0xa4f1,
    0x6b2c, 0x4a48, 0x2104, 0x3165, 0x41e6, 0x62e9, 0x62ea, 0x5268, 0x5268, 0x4a47, 0x4206, 0x4207,
    0x5a88, 0x5a88, 0x5aa8, 0x62c9, 0x6b2a, 0x6b2a, 0x5aa9, 0x3185, 0x3185, 0x2944, 0x2944, 0x2944,
    0x3185, 0x39a5, 0x3165, 0x2944, 0x4a06, 0x5267, 0x62c8, 0x62c9, 0x62c9, 0x62c9, 0x62c9, 0x734a,
    0x7b6b, 0x5aa8, 0x62e9, 0x39c6, 0x39c6, 0x5247, 0x5247, 0x62e9, 0x62c8, 0x62c8, 0x62c8, 0x62c8,
    0x7b6a, 0x7b4a, 0x6ae9, 0x4a26, 0x4a26, 0x4a26, 0x41e6, 0x39a5, 0x3165, 0x2924, 0x3985, 0x4a06,
    0x4a06, 0x4a06, 0x4a06, 0x5a67, 0x5247, 0x41e6, 0x41e6, 0x41e6, 0x41c5, 0x3165, 0x3164, 0x3164,
    0x3164, 0x41c5, 0x41e5, 0x3985, 0x3164, 0x3985, 0x41e5, 0x5a67, 0x6ae8, 0x6ac8, 0x62c8, 0x62c8,
    0x6aa8, 0x6aa8, 0x6aa8, 0x6aa8, 0x6287, 0x5226, 0x5a47, 0x6267, 0x6267, 0x6267, 0x6267, 0x5a46,
    0x6267, 0x6267, 0x6267, 0x6287, 0x6287, 0x6287, 0x5a47, 0x5206, 0x5206, 0x5206, 0x5206, 0x5a47,
    0x5a47, 0x5a47, 0x5a67, 0x5a67, 0x5a67, 0x5a67, 0x72e9, 0x72e9, 0x72e9, 0x6aa8, 0x6aa8, 0x6aa8,
    0x6287, 0x6287, 0x6287, 0x6287, 0x6287, 0x6ac8, 0x72c8, 0x72c8, 0x6ac8, 0x6287, 0x5a47, 0x5a46,
    0x5a47, 0x5a67, 0x5a67, 0x5226, 0x5226, 0x5206, 0x49e5, 0x5226, 0x6267, 0x6287, 0x6287, 0x6287,
    0x6267, 0x6267, 0x6267, 0x5226, 0x41c5, 0x41c5, 0x49e5, 0x4a05, 0x5206, 0x4a06, 0x4a06, 0x49e5,
    0x49e5, 0x49e5, 0x3964, 0x3984, 0x3984, 0x3984, 0x3984, 0x3984, 0x3984, 0x3984, 0x39a4, 0x41a5,
    0x41a5, 0x41c5, 0x41c5, 0x49e5, 0x5246, 0x5a46, 0x5a46, 0x5226, 0x49e5, 0x4a06, 0x5226, 0x5226,
    0x5226, 0x5246, 0x5a46, 0x5a46, 0x5a47, 0x5a67, 0x6aa8, 0x6aa8, 0x5a67, 0x5a46, 0x836a, 0xa44d,
    0x838a, 0x8bab, 0x8bcb, 0x8bcb, 0x836a, 0x836a, 0x838a, 0x940c, 0x9c2c, 0x9c2c, 0x9c2c, 0x7309,
    0x7b29, 0x93ec, 0x83ab, 0x7b4a, 0x7b6a, 0x942c, 0x93ec, 0x93ec, 0xa48e, 0xacae, 0xc570, 0xc570,
    0xb50f, 0xb4ef, 0x9c2d, 0x940c, 0xacae, 0xacae, 0x8bec, 0x83ab, 0xcc88, 0xfe61, 0xfe88, 0xf6d5,
    0xfeab, 0xf6f5, 0xf6f5, 0xff16, 0xff16, 0xd5f2, 0xde33, 0xc591, 0xa4ae, 0xd5f2, 0xee94, 0xde33,
    0xd5f2, 0xfe0b, 0xffb8, 0xff57, 0xde33, 0xd613, 0xcdb2, 0xcdf2, 0xad11, 0x9cb0, 0xcce9, 0xd5af,
    0xb594, 0x840f, 0xb595, 0xdeb9, 0xded9, 0xded9, 0x9471, 0x9492, 0xb574, 0xd678, 0xe71a, 0xe71a,
    0xc5f6, 0xb574, 0xc617, 0xbdd6, 0xb574, 0xa533, 0xb5b5, 0xc617, 0xc617, 0xc617, 0x9492, 0x9492,
    0x9492, 0x83f0, 0x8c51, 0xb574, 0x9cd3, 0x9492, 0xc617, 0xc617, 0xc617, 0xc617, 0xc617, 0xc5f6,
    0xa534, 0x8c71, 0xbdd6, 0xa513, 0x736e, 0x8c51, 0x9471, 0x6b6e, 0x9cd2, 0xb574, 0xad74, 0x9471,
    0x83ef, 0x9471, 0x9cb1, 0x9cd2, 0x9491, 0x9491, 0xbdd5, 0xbdd5, 0x8c70, 0x9470, 0x8c2f, 0x73ae,
    0x632c, 0x6b2c, 0x8c2f, 0x6b2c, 0x5aca, 0x5aaa, 0x7bce, 0xa4f1, 0x7bce, 0x632c, 0x8c0e, 0x4a27,
    0x41e6, 0x62e9, 0x62e9, 0x5268, 0x5268, 0x5288, 0x4a27, 0x4207, 0x5288, 0x5a88, 0x5aa8, 0x62c9,
    0x6b2a, 0x6b2a, 0x6b2a, 0x5a88, 0x4a27, 0x2944, 0x2944, 0x2944, 0x3185, 0x39a5, 0x3165, 0x2944,
    0x39a5, 0x41e6, 0x62c8, 0x62c8, 0x62c9, 0x62c9, 0x62c9, 0x732a, 0x7b6b, 0x5aa8, 0x5247, 0x39c6,
    0x39c6, 0x5247, 0x5247, 0x62e9, 0x62c8, 0x62c8, 0x62c8, 0x62c8, 0x6ae9, 0x7b4a, 0x6ae9, 0x4a26,
    0x4a26, 0x4a26, 0x41e6, 0x39a5, 0x3165, 0x2924, 0x2924, 0x2924, 0x4a06, 0x4a06, 0x4a06, 0x5a67,
    0x5247, 0x41e6, 0x41e6, 0x41e6, 0x41e6, 0x41e6, 0x41c5, 0x3164, 0x3164, 0x41c5, 0x41e5, 0x3985,
    0x3164, 0x3985, 0x41e5, 0x5267, 0x6287, 0x62a8, 0x62c8, 0x62c8, 0x6aa8, 0x6aa8, 0x6aa8, 0x6aa8,
    0x5a47, 0x5226, 0x5a47, 0x6267, 0x6267, 0x6267, 0x6267, 0x5a67, 0x6267, 0x6267, 0x6267, 0x6287,
    0x6287, 0x6287, 0x5206, 0x5206, 0x5206, 0x5206, 0x5206, 0x5a47, 0x5a47, 0x5a47, 0x5a67, 0x5a67,
    0x5a67, 0x5a67, 0x72e9, 0x72e9, 0x72e9, 0x6aa8, 0x6aa8, 0x6aa8, 0x6287, 0x6287, 0x6287, 0x6287,
    0x6287, 0x72e8, 0x72c8, 0x72c8, 0x6ac8, 0x6287, 0x5a46, 0x5a46, 0x5a47, 0x5a67, 0x5a46, 0x5226,
    0x5226, 0x5206, 0x49e6, 0x5a47, 0x6267, 0x6287, 0x6287, 0x6287, 0x6267, 0x6267, 0x6267, 0x49e5,
    0x41c5, 0x41c5, 0x49e5, 0x5206, 0x5206, 0x4a06, 0x4a06, 0x49e5, 0x49e5, 0x49e5, 0x3164, 0x3984,
    0x3984, 0x3984, 0x3984, 0x3984, 0x3984, 0x3984, 0x39a4, 0x41a5, 0x41a5, 0x41c5, 0x41c5, 0x49e5,
    0x5246, 0x5a46, 0x5a47, 0x5226, 0x49e5, 0x5206, 0x5a67, 0x5226, 0x5226, 0x5246, 0x5a46, 0x5a46,
    0x5a47, 0x5a67, 0x6aa8, 0x6aa8, 0x6287, 0x6287, 0x8baa, 0xa44d, 0x838a, 0x8bab, 0x8bcb, 0x8bab,
    0x836a, 0x836a, 0x8bab, 0x940c, 0x940c, 0x9c2c, 0x8bcb, 0x7309, 0x838a, 0x93ec, 0x83ab, 0x7b4a,
    0x836a, 0x942c, 0x8bcb, 0x93ec, 0xa48d, 0xacce, 0xc570, 0xc570, 0xa48e, 0xacef, 0x9c2d, 0x940c,
    0xb4ef, 0xb50f, 0x9c6d, 0x8bcb, 0xfd65, 0xfe61, 0xfe88, 0xf6d5, 0xe653, 0xc591, 0xf6f5, 0xff16,
    0xff16, 0xc591, 0xcdb1, 0xbd30, 0xa4ae, 0xd5f2, 0xee94, 0xde33, 0xd5f2, 0xe674, 0xff16, 0xf6f6,
    0xde33, 0xd613, 0xcdb2, 0xc5b2, 0xb551, 0x946f, 0xe526, 0xd5af, 0xb594, 0x840f, 0x738e, 0x738e,
    0xded9, 0xded9, 0x73af, 0x9cd2, 0xb574, 0xe71a, 0xe71a, 0xe71a, 0xc5f6, 0xb574, 0xc616, 0xbdd6,
    0xb574, 0x9492, 0xa513, 0xc617, 0xc617, 0xb575, 0x7baf, 0x83f0, 0x9492, 0x83f0, 0x8c51, 0xc617,
    0xa514, 0x9492, 0xc617, 0xc617, 0xc617, 0xc617, 0xc617, 0xc5f6, 0x9cd3, 0x8c71, 0xad74, 0xa513,
    0x736e, 0x8410, 0x8c31, 0x73ae, 0x9cd2, 0xb574, 0xad74, 0xa4f2, 0x8c30, 0x9471, 0x9cb1, 0xa533,
    0x9cb1, 0x9491, 0xbdd5, 0xbdd5, 0xbdd5, 0x9470, 0x8c2f, 0x7bae, 0x632c, 0x6b2c, 0x8c2f, 0x7bad,
    0x5acb, 0x5aaa, 0x5aaa, 0x52aa, 0x7bce, 0x6b2c, 0x8c2e, 0x7bcd, 0x630a, 0x62c9, 0x62e9, 0x5268,
    0x5268, 0x5268, 0x4a27, 0x4206, 0x4207, 0x4a47, 0x5a88, 0x62c9, 0x6b2a, 0x6b0a, 0x6b2a, 0x5a88,
    0x5aa8, 0x5aa8, 0x4a27, 0x2944, 0x3185, 0x39a5, 0x3165, 0x2944, 0x39a5, 0x41e6, 0x4a47, 0x5267,
    0x62c9, 0x62c9, 0x62c9, 0x732a, 0x7b6b, 0x5aa8, 0x5247, 0x39c6, 0x39c6, 0x41e6, 0x5247, 0x62e9,
    0x62c8, 0x62c8, 0x62c8, 0x62c8, 0x6ae9, 0x7b4a, 0x6ae9, 0x4a26, 0x4a26, 0x4a26, 0x41e6, 0x39a5,
    0x3165, 0x2924, 0x2924, 0x2924, 0x2944, 0x3185, 0x4a06, 0x5a67, 0x5247, 0x41e6, 0x41e6, 0x41e6,
    0x41e6, 0x41e6, 0x41e5, 0x2924, 0x2924, 0x41c5, 0x41e5, 0x3985, 0x3164, 0x3985, 0x41e5, 0x5267,
    0x6287, 0x62a8, 0x62c8, 0x62c8, 0x6aa8, 0x6aa8, 0x6aa8, 0x5a47, 0x5226, 0x5226, 0x5a47, 0x6267,
    0x6267, 0x6267, 0x6267, 0x6267, 0x6267, 0x6267, 0x6267, 0x6287, 0x6287, 0x5a26, 0x5206, 0x5206,
    0x5206, 0x5206, 0x5206, 0x5a47, 0x5a47, 0x5a67, 0x5a67, 0x5a67, 0x5a67, 0x6287, 0x72e9, 0x72e9,
    0x72e9, 0x6ac8, 0x6aa8, 0x6aa8, 0x6287, 0x6287, 0x6287, 0x6287, 0x6ac8, 0x72e8, 0x72c8, 0x72c8,
    0x6ac8, 0x5a47, 0x5a46, 0x5a46, 0x5a47, 0x5a47, 0x5226, 0x5226, 0x5226, 0x5206, 0x5206, 0x5a47,
    0x6267, 0x6287, 0x6287, 0x6287, 0x6267, 0x6267, 0x5a46, 0x49e5, 0x41c5, 0x41c5, 0x4a06, 0x5206,
    0x5206, 0x4a06, 0x4a06, 0x49e5, 0x49e5, 0x41c5, 0x3143, 0x3164, 0x3984, 0x3984, 0x3984, 0x3984,
    0x3984, 0x3984, 0x39a4, 0x41a5, 0x41a5, 0x41c5, 0x41c5, 0x49e5, 0x5246, 0x5a46, 0x5a47, 0x5226,
    0x49e5, 0x5206, 0x5a67, 0x6287, 0x5a47, 0x5246, 0x5a46, 0x5a46, 0x5a47, 0x5a67, 0x6aa8, 0x6ac8,
    0x6287, 0x6287, 0x8bcb, 0xa44d, 0x838a, 0x93cb, 0x8bcb, 0x838a, 0x836a, 0x836a, 0x8bcb, 0x940c,
    0x93eb, 0x9c2c, 0x7b6a, 0x7309, 0x8bcb, 0x93ec, 0x83ab, 0x7b4a, 0x838a, 0x940c, 0x838a, 0x9c2c,
    0xa48d, 0xb4ef, 0xc550, 0xb50f, 0x9c6d, 0xa46d, 0x940c, 0x940c, 0xb4ef, 0xb50f, 0x942c, 0x942d,
    0xfda5, 0xfe61, 0xfe8e, 0xf6d5, 0xd5d2, 0xacef, 0xbd50, 0xff16, 0xee94, 0xc591, 0xc571, 0xbd30,
    0xbd50, 0xe694, 0xee94, 0xd5f2, 0xd5f2, 0xe674, 0xeed5, 0xe674, 0xde33, 0xcdd2, 0xcdb2, 0xc5b2,
    0xb551, 0x946f, 0xe526, 0xd5af, 0xb5b4, 0x736e, 0x738e, 0x738e, 0x738e, 0x9cb2, 0x73af, 0x9cd2,
    0xb574, 0x7baf, 0x9cd2, 0xe71a, 0xb574, 0xb574, 0xb574, 0xb574, 0xb574, 0x9492, 0xa513, 0xc617,
    0xce58, 0xb575, 0x7baf, 0x9cd3, 0xb574, 0x9492, 0x8c51, 0xc617, 0xa514, 0x9492, 0xce78, 0xc617,
    0xc617, 0xc617, 0xce58, 0xce58, 0x9cd3, 0x8c71, 0xad33, 0x94b2, 0x736e, 0x8410, 0x8c30, 0x8430,
    0xa513, 0xb574, 0xad74, 0xa4f2, 0x9cd1, 0xa513, 0x9cd2, 0xa533, 0x9cd1, 0x9491, 0xa512, 0xbdd5,
    0xbdd5, 0x9490, 0x8c2f, 0x7bae, 0x6b2c, 0x5aeb, 0x8c2f, 0x83ee, 0x736d, 0x5aca, 0x5aaa, 0x5aaa,
    0x52aa, 0x528a, 0x8c2e, 0x83ee, 0x7b8c, 0x7bcd, 0x738c, 0x5268, 0x5268, 0x5268, 0x4a27, 0x4206,
    0x4206, 0x4a27, 0x5a88, 0x5ac9, 0x6b2a, 0x6b0a, 0x6b0a, 0x5a88, 0x5a88, 0x5aa8, 0x5268, 0x4a27,
    0x39c6, 0x39a5, 0x3165, 0x2944, 0x39a5, 0x41c6, 0x4a47, 0x5267, 0x62c8, 0x62c9, 0x62c9, 0x732a,
    0x7b6b, 0x5aa8, 0x5247, 0x39c6, 0x39c6, 0x39c6, 0x39c6, 0x5a88, 0x62c8, 0x62c8, 0x62c8, 0x62c8,
    0x6ae9, 0x7b4a, 0x6ae9, 0x4a26, 0x4206, 0x41e6, 0x41e6, 0x39a5, 0x3165, 0x2924, 0x2924, 0x2924,
    0x2944, 0x3185, 0x3185, 0x3185, 0x5247, 0x41e6, 0x41e6, 0x41e6, 0x41e6, 0x41e6, 0x41e5, 0x2924,
    0x2924, 0x2924, 0x3144, 0x3985, 0x3164, 0x3985, 0x41e5, 0x5267, 0x6287, 0x62a8, 0x62c8, 0x62a8,
    0x6aa8, 0x6aa8, 0x6287, 0x5226, 0x5226, 0x5226, 0x5a47, 0x6267, 0x6267, 0x6267, 0x6267, 0x6267,
    0x6267, 0x6267, 0x6287, 0x6287, 0x6287, 0x5206, 0x5206, 0x5206, 0x5206, 0x5206, 0x5206, 0x5a47,
    0x5a47, 0x5a67, 0x5a67, 0x5a67, 0x5a67, 0x6ac8, 0x72e9, 0x72e9, 0x72e9, 0x6ac8, 0x6aa8, 0x6aa8,
    0x6287, 0x6287, 0x6287, 0x6aa8, 0x72e8, 0x72e8, 0x72c8, 0x72c8, 0x6aa8, 0x5a47, 0x5a46, 0x5a46,
    0x5a47, 0x5a46, 0x5226, 0x5226, 0x5226, 0x5206, 0x5a47, 0x5a47, 0x6267, 0x6287, 0x5a47, 0x6287,
    0x6267, 0x6267, 0x49e6, 0x49e5, 0x41c5, 0x49c5, 0x5206, 0x5206, 0x5206, 0x4a06, 0x4a06, 0x49e5,
    0x49e5, 0x41c5, 0x3143, 0x3164, 0x3984, 0x3984, 0x3984, 0x3984, 0x3984, 0x3984, 0x39a4, 0x41a5,
    0x41a5, 0x41c5, 0x49e5, 0x4a05, 0x5246, 0x5a46, 0x5a47, 0x5226, 0x49e5, 0x5206, 0x5a67, 0x6287,
    0x6287, 0x5a67, 0x5a46, 0x5a46, 0x5a47, 0x5a67, 0x6aa8, 0x6ac8, 0x6287, 0x6287, 0x8bcb, 0xa44d,
    0x8b8a, 0x93cb, 0x8bcb, 0x838a, 0x836a, 0x838a, 0x8bcb, 0x93eb, 0x93eb, 0x9c2c, 0x7309, 0x7309,
    0x9c2c, 0x93ec, 0x83ab, 0x7b4a, 0x838a, 0x940c, 0x838a, 0x9c2c, 0xa48d, 0xb4ef, 0xc550, 0xacae,
    0x9c6d, 0x9c4d, 0x940c, 0x9c4d, 0xb4ef, 0xb50f, 0x942c, 0x942d, 0x942d, 0x9c4d, 0xeeb4, 0xf6d5,
    0xbd50, 0xacef, 0xcdb2, 0xde33, 0xd612, 0xc591, 0xc571, 0xbd30, 0xbd50, 0xe694, 0xde53, 0xd5f2,
    0xd5f2, 0xeeb5, 0xeed5, 0xde54, 0xde33, 0xcdd2, 0xcdb2, 0xc5b2, 0xb531, 0x944e, 0xfd63, 0xd676,
    0xbdb4, 0xa513, 0x8410, 0x738e, 0x738e, 0x738e, 0x9471, 0x9cd2, 0xb574, 0x7baf, 0x7baf, 0x7baf,
    0xb574, 0xb574, 0xb574, 0xbdd6, 0xb574, 0x9492, 0xa513, 0xc617, 0xdeb9, 0xc637, 0x7baf, 0x9cd3,
    0xb574, 0x9492, 0x9cf3, 0xc617, 0xa514, 0x9492, 0xe71a, 0xd699, 0xc617, 0xc617, 0xce58, 0xdefa,
    0xa514, 0x94b2, 0xad33, 0x9491, 0x736e, 0x8410, 0x8c30, 0x8430, 0xa513, 0xb574, 0xa4f2, 0xa4f2,
    0x9cd1, 0xa512, 0xad33, 0x8c30, 0x9cd1, 0x9491, 0xa512, 0xad53, 0xbdd5, 0xa4f2, 0x9490, 0x7bae,
    0x7bae, 0x736d, 0x8c2f, 0x83ee, 0x736d, 0x8c2f, 0x840e, 0x5aaa, 0x52aa, 0x528a, 0x840e, 0x9490,
    0x7bac, 0x83cd, 0x83ed, 0x83cd, 0x6b0a, 0x5268, 0x4a27, 0x4206, 0x4206, 0x4a27, 0x5a88, 0x5a88,
    0x5a88, 0x6b0a, 0x6b0a, 0x5a88, 0x5a88, 0x5aa8, 0x5268, 0x4a27, 0x4a27, 0x4a27, 0x3185, 0x2944,
    0x39a5, 0x41c6, 0x4a27, 0x5267, 0x62c8, 0x62c8, 0x62c9, 0x62c9, 0x7b6a, 0x5aa8, 0x5247, 0x39c6,
    0x39c6, 0x39c6, 0x39c6, 0x5247, 0x5247, 0x62c8, 0x62c8, 0x62c8, 0x6ae9, 0x7b4a, 0x6ae9, 0x4a26,
    0x4206, 0x39a5, 0x39a5, 0x39a5, 0x3165, 0x2924, 0x2924, 0x2924, 0x2944, 0x3185, 0x3185, 0x3185,
    0x39a5, 0x41e6, 0x41e6, 0x41e6, 0x41e6, 0x41e5, 0x41e5, 0x2924, 0x2924, 0x2904, 0x2904, 0x3144,
    0x3164, 0x3985, 0x41e5, 0x5267, 0x5a87, 0x62a8, 0x62c8, 0x62a8, 0x6aa8, 0x6aa8, 0x5206, 0x5226,
    0x5226, 0x5226, 0x5a47, 0x6267, 0x6267, 0x6267, 0x6267, 0x6267, 0x6267, 0x6267, 0x6287, 0x6287,
    0x5226, 0x5206, 0x5206, 0x5206, 0x5206, 0x5206, 0x5226, 0x5a47, 0x5a47, 0x5a67, 0x5a67, 0x5a67,
    0x6287, 0x72e9, 0x72e9, 0x72e9, 0x72e9, 0x6ac8, 0x6aa8, 0x6aa8, 0x6287, 0x6287, 0x6287, 0x6aa8,
    0x72e8, 0x72e8, 0x72c8, 0x72c8, 0x6287, 0x5a47, 0x5a46, 0x5a46, 0x5a47, 0x5226, 0x5226, 0x5226,
    0x5226, 0x5a46, 0x5a47, 0x5a47, 0x6267, 0x6267, 0x5a47, 0x6287, 0x6267, 0x5a46, 0x49e6, 0x49e5,
    0x41c5, 0x49e5, 0x5206, 0x5206, 0x5206, 0x4a06, 0x4a06, 0x49e5, 0x41c5, 0x41c5, 0x3143, 0x3164,
    0x3984, 0x3984, 0x3984, 0x3984, 0x3984, 0x3984, 0x39a4, 0x41a5, 0x41a5, 0x41c5, 0x49e5, 0x49e5,
    0x5206, 0x5a46, 0x5a47, 0x5226, 0x49e5, 0x5206, 0x5a67, 0x6287, 0x6287, 0x6287, 0x6287, 0x5a47,
    0x5a47, 0x5a67, 0x6aa8, 0x6ac8, 0x6287, 0x6287, 0x8bcb, 0xa44d, 0x8bcb, 0x93cb, 0x8bcb, 0x838a,
    0x836a, 0x8bab, 0x8bcb, 0x8bcb, 0x93eb, 0x93eb, 0x7309, 0x7b4a, 0x9c2c, 0x93ec, 0x83ab, 0x7b4a,
    0x83ab, 0x8bcb, 0x838a, 0x9c2c, 0xa48d, 0xbd0f, 0xc550, 0x9c4d, 0x9c6d, 0x940c, 0x8bec, 0xb50f,
    0xcd91, 0xacae, 0x942c, 0x942d, 0x942d, 0x9c4d, 0xd5f2, 0xde33, 0xacef, 0xacef, 0xde33, 0xde33,
    0xf6d5, 0xff16, 0xbd50, 0xbd30, 0xcdb1, 0xe694, 0xde53, 0xbd71, 0xc591, 0xeeb5, 0xeed5, 0xde53,
    0xde33, 0xc5b2, 0xcdb2, 0xbd92, 0xb552, 0x944e, 0xfd63, 0xde97, 0xbdb4, 0xa513, 0x8410, 0x738e,
    0x738e, 0x7bef, 0x9471, 0x9492, 0xa513, 0x7baf, 0x7baf, 0x7baf, 0x9492, 0x9cd3, 0xb574, 0xbdd6,
    0xb574, 0x7baf, 0xb595, 0xc616, 0xdeb9, 0xc637, 0x7baf, 0x9492, 0xb574, 0x9492, 0xad54, 0xc617,
    0x9cd3, 0x9492, 0xe71a, 0xd699, 0xc617, 0xc617, 0xce58, 0xdefa, 0xa513, 0x94b2, 0xad33, 0x9491,
    0x736e, 0x8410, 0x9471, 0x9cb2, 0xa513, 0xb574, 0x9cd2, 0x9cd2, 0x9cd1, 0xa512, 0xad33, 0x7bef,
    0x8c70, 0x94b1, 0xa513, 0xad53, 0xc5f5, 0xa4f2, 0x9490, 0x7bae, 0x7bae, 0x738d, 0x9cb1, 0x842f,
    0x736d, 0x8c2f, 0x9470, 0x946f, 0x6b2c, 0x528a, 0x8c0e, 0x9cb0, 0x840e, 0x840e, 0x83ed, 0x83ed,
    0x738c, 0x5aca, 0x4a48, 0x4206, 0x4206, 0x4a27, 0x5288, 0x5a88, 0x5a88, 0x5a88, 0x5aa8, 0x5a88,
    0x5a88, 0x5a88, 0x5267, 0x4a27, 0x4a27, 0x4a27, 0x5a88, 0x5aa8, 0x4a06, 0x41c6, 0x4a27, 0x5267,
    0x62c8, 0x62c8, 0x62c8, 0x5267, 0x5247, 0x41e6, 0x5247, 0x39c6, 0x39c6, 0x39c6, 0x39c6, 0x5247,
    0x5247, 0x62c8, 0x62c8, 0x62c8, 0x6ae9, 0x7b4a, 0x6ae9, 0x4a26, 0x4206, 0x39a5, 0x39a5, 0x39a5,
    0x41c5, 0x41c5, 0x2924, 0x2924, 0x2944, 0x3185, 0x3185, 0x3185, 0x39a5, 0x41e6, 0x41e6, 0x41e6,
    0x41e6, 0x41e5, 0x41e5, 0x2924, 0x2924, 0x2904, 0x2904, 0x3144, 0x3164, 0x3164, 0x3985, 0x5267,
    0x5a87, 0x62a8, 0x62c8, 0x62a8, 0x6aa8, 0x5226, 0x5206, 0x5226, 0x5226, 0x5226, 0x5a47, 0x6267,
    0x6267, 0x6267, 0x6267, 0x6267, 0x6267, 0x6267, 0x6287, 0x5a47, 0x5206, 0x5206, 0x5206, 0x5206,
    0x5206, 0x5206, 0x5a47, 0x5a47, 0x5a47, 0x5a67, 0x5a67, 0x5a67, 0x72e9, 0x72e9, 0x72e9, 0x72e9,
    0x7309, 0x6ac8, 0x6aa8, 0x6aa8, 0x6aa8, 0x6287, 0x6287, 0x72e8, 0x72e8, 0x72e8, 0x72c8, 0x6aa8,
    0x6287, 0x5a47, 0x5a46, 0x5a46, 0x5a26, 0x5226, 0x5226, 0x5226, 0x5226, 0x5a47, 0x5a47, 0x5a47,
    0x6267, 0x5a46, 0x5a47, 0x6287, 0x6267, 0x4a06, 0x4a06, 0x49e5, 0x41c5, 0x49e5, 0x5206, 0x5206,
    0x5206, 0x4a06, 0x4a06, 0x49e5, 0x41c5, 0x41c5, 0x3143, 0x3164, 0x3984, 0x3984, 0x3984, 0x3984,
    0x3984, 0x3984, 0x39a4, 0x41a5, 0x41a5, 0x41c5, 0x49e5, 0x49e5, 0x4a06, 0x4a06, 0x5a47, 0x5226,
    0x49e5, 0x5206, 0x5a67, 0x6287, 0x6287, 0x6287, 0x6287, 0x6287, 0x5a67, 0x5a67, 0x6aa8, 0x6ac8,
    0x6287, 0x6287, 0x8bcb, 0xa46d, 0x93eb, 0x93cb, 0x93cb, 0x838a, 0x836a, 0x8bcb, 0x8bcb, 0x8bcb,
    0x93eb, 0x8bab, 0x7309, 0x838a, 0x9c2c, 0x93ec, 0x83ab, 0x7b4a, 0x83ab, 0x838a, 0x838a, 0x9c2c,
    0xa48d, 0xbd50, 0xc550, 0xa48e, 0x9c4d, 0x8bec, 0x8bec, 0xc591, 0xcd91, 0xbd30, 0x9c6d, 0x942d,
    0x942d, 0xacce, 0xd5f2, 0xd5f2, 0x9c6d, 0xb4ef, 0xde33, 0xde33, 0xf6d5, 0xff16, 0xe654, 0xd5f3,
    0xd613, 0xe694, 0xd5f2, 0xbd71, 0xff4f, 0xffeb, 0xfff2, 0xd613, 0xde33, 0xc5b2, 0xcdb2, 0xbd92,
    0xb552, 0x944e, 0xfd63, 0xde96, 0xb594, 0xa513, 0x738e, 0x738e, 0xad53, 0xa513, 0x9471, 0x9492,
    0xa513, 0xc616, 0x9cb2, 0x7bef, 0x9492, 0xad54, 0xe71a, 0xce57, 0xb574, 0x7baf, 0xbdf6, 0xe71a,
    0xe71a, 0xc637, 0x7baf, 0x8c31, 0x9492, 0x9cd3, 0xad54, 0xc617, 0x7baf, 0x7baf, 0xe71a, 0xd698,
    0xc617, 0xc617, 0xbdd6, 0xce78, 0xa513, 0x94b2, 0xad33, 0x9cd2, 0x7baf, 0x8410, 0x9471, 0xa4f2,
    0xad53, 0xb574, 0x9cd2, 0x9cd1, 0x9cd1, 0x8c30, 0x9cd2, 0x7bef, 0x8c70, 0x9cb1, 0xc5f6, 0xad73,
    0xc5f5, 0xa512, 0x9490, 0x9470, 0x83ee, 0x738d, 0x9cd1, 0x9490, 0x8c2f, 0x840e, 0x9470, 0x946f,
    0x7bcd, 0x52aa, 0x8c2f, 0x9cb0, 0x840e, 0x8c2f, 0x9c90, 0x8c0e, 0x738c, 0x5aca, 0x5269, 0x4a28,
    0x4206, 0x4a27, 0x5288, 0x5288, 0x5a88, 0x5288, 0x5a88, 0x5a88, 0x5a88, 0x5a88, 0x5267, 0x4a26,
    0x4a27, 0x4a27, 0x5a88, 0x5aa8, 0x734a, 0x62c8, 0x4a27, 0x5267, 0x62c8, 0x62c8, 0x62c8, 0x5267,
    0x5247, 0x39a5, 0x3145, 0x3985, 0x39c6, 0x39c6, 0x39c6, 0x5247, 0x5247, 0x62c8, 0x62c8, 0x62c8,
    0x62c8, 0x7b4a, 0x6ae9, 0x4a26, 0x4206, 0x39a5, 0x39a5, 0x39a5, 0x41c5, 0x4a06, 0x41e6, 0x2944,
    0x2944, 0x3185, 0x3185, 0x3185, 0x39a5, 0x41e6, 0x41e6, 0x41e6, 0x41e5, 0x3985, 0x41e5, 0x2924,
    0x2924, 0x2904, 0x2904, 0x3144, 0x3164, 0x3164, 0x3164, 0x5247, 0x62a8, 0x62a8, 0x62c8, 0x62a8,
    0x6267, 0x49e6, 0x5206, 0x5226, 0x5226, 0x5226, 0x5a47, 0x6267, 0x6267, 0x6267, 0x6267, 0x6267,
    0x6267, 0x6267, 0x6287, 0x5206, 0x5206, 0x5206, 0x5206, 0x5206, 0x5206, 0x5a26, 0x5a47, 0x5a47,
    0x5a47, 0x5a67, 0x5a67, 0x6287, 0x72e9, 0x72e9, 0x72e9, 0x72e9, 0x7309, 0x6ac8, 0x6aa8, 0x6aa8,
    0x6aa8, 0x6287, 0x6ac8, 0x72e8, 0x72e8, 0x72e8, 0x72c8, 0x6a87, 0x6287, 0x5a47, 0x5a46, 0x5a46,
    0x5a26, 0x5226, 0x5226, 0x5226, 0x5a46, 0x5a47, 0x5a47, 0x5a47, 0x5a67, 0x5a46, 0x5a47, 0x6287,
    0x5a47, 0x4a06, 0x4a06, 0x49e5, 0x49c5, 0x49e5, 0x5206, 0x5206, 0x5206, 0x4a06, 0x4a06, 0x49e5,
    0x41c5, 0x41c5, 0x3143, 0x3164, 0x3984, 0x3984, 0x3984, 0x41a4, 0x41a5, 0x3984, 0x39a4, 0x41a5,
    0x41a5, 0x41c5, 0x49e5, 0x49e5, 0x4a06, 0x49e5, 0x49e5, 0x5226, 0x49e5, 0x5226, 0x5a67, 0x6287,
    0x6287, 0x6287, 0x6287, 0x6287, 0x5a67, 0x5a67, 0x6aa8, 0x6ac8, 0x6287, 0x6287, 0x8bcb, 0x9c2c,
    0x93eb, 0x93cb, 0x93cb, 0x838a, 0x838a, 0x8bcb, 0x8bcb, 0x8bcb, 0x93eb, 0x7b6a, 0x7309, 0x8beb,
    0x9c2c, 0x93ec, 0x83ab, 0x7b4a, 0x83ab, 0x7b4a, 0x838a, 0x9c2c, 0xacae, 0xbd50, 0xbd0f, 0xacae,
    0xacce, 0x940c, 0x8bec, 0xc591, 0xcd91, 0xb50f, 0xb50f, 0xaccf, 0x942d, 0xbd50, 0xd5f2, 0xc570,
    0x9c6d, 0xe529, 0xfe4d, 0xde33, 0xff16, 0xff16, 0xe654, 0xe674, 0xbd50, 0xe694, 0xd5f2, 0xbd71,
    0xff4f, 0xffeb, 0xffee, 0xe674, 0xd5f2, 0xc5b2, 0xcdb2, 0xb552, 0xb552, 0x944e, 0xfd63, 0xc5f4,
    0xc616, 0xd698, 0x738e, 0x8410, 0xad53, 0xbdb5, 0xb595, 0x9492, 0xa513, 0xc616, 0xa513, 0x9492,
    0x9492, 0xc637, 0xe6fa, 0xc616, 0xb5b5, 0x7baf, 0xbdf6, 0xe71a, 0xe71a, 0xbdd6, 0x7baf, 0x8c31,
    0x9492, 0xb574, 0xbdb5, 0xc617, 0x7baf, 0x9cd3, 0xe71a, 0xe71a, 0xc617, 0xc617, 0xbdd6, 0xad54,
    0x9492, 0x94b2, 0xad33, 0x9492, 0x8c51, 0x94b2, 0x9471, 0xa4f2, 0xad53, 0xb574, 0x9cd2, 0x9cd1,
    0x9cd1, 0x8c30, 0x83ef, 0x6b4d, 0x9470, 0x9cb1, 0xc5f6, 0xc5f6, 0xad53, 0xa512, 0x9490, 0x9470,
    0x8c2f, 0x73ad, 0x9cd1, 0x9cb0, 0x8c2f, 0x83ee, 0x7bad, 0x946f, 0x7bce, 0x52aa, 0x8c2f, 0xa4d1,
    0x8c0e, 0x8c4f, 0x9cb0, 0x8c2e, 0x7bac, 0x5aca, 0x5aa9, 0x4a48, 0x5289, 0x5a89, 0x5288, 0x5288,
    0x5a88, 0x5288, 0x5a88, 0x5a88, 0x5267, 0x4a06, 0x4a26, 0x4a26, 0x4a26, 0x4a27, 0x5288, 0x5aa8,
    0x734a, 0x5aa8, 0x39a5, 0x4206, 0x62c8, 0x62c8, 0x62c8, 0x5267, 0x5247, 0x39a5, 0x3145, 0x3145,
    0x3165, 0x39c6, 0x39c6, 0x5247, 0x5247, 0x62c8, 0x62c8, 0x62c8, 0x62c8, 0x62c8, 0x5a88, 0x4a26,
    0x4206, 0x39a5, 0x39a5, 0x39a5, 0x41c5, 0x4a06, 0x41e6, 0x3985, 0x39a5, 0x39a5, 0x3185, 0x3185,
    0x39a5, 0x41e6, 0x41e6, 0x41e6, 0x41e5, 0x3164, 0x3164, 0x41e5, 0x2904, 0x2904, 0x2904, 0x3144,
    0x3164, 0x3164, 0x3164, 0x5247, 0x6ac8, 0x6ae8, 0x7309, 0x62a8, 0x49e6, 0x49e6, 0x5206, 0x5226,
    0x5226, 0x5226, 0x5a47, 0x6267, 0x6267, 0x6267, 0x6267, 0x6267, 0x6267, 0x6267, 0x6287, 0x5206,
    0x5206, 0x5206, 0x5206, 0x5206, 0x5226, 0x5a47, 0x5a47, 0x5a47, 0x5a67, 0x5a67, 0x5a67, 0x72e9,
    0x72e9, 0x72e9, 0x72e9, 0x72e9, 0x72e8, 0x6aa8, 0x6aa8, 0x6aa8, 0x6aa8, 0x6aa8, 0x72e8, 0x72e8,
    0x72e8, 0x72e8, 0x6ac8, 0x6287, 0x6287, 0x5a47, 0x5a46, 0x5a46, 0x5a26, 0x5226, 0x5226, 0x5226,
    0x5a67, 0x5a47, 0x5a47, 0x5a47, 0x5226, 0x5a46, 0x5a47, 0x6287, 0x4a06, 0x4a06, 0x4a06, 0x49e5,
    0x49e5, 0x49e5, 0x5206, 0x4a06, 0x5206, 0x4a06, 0x4a06, 0x49e5, 0x41c5, 0x41c5, 0x3144, 0x3164,
    0x3984, 0x3984, 0x39a4, 0x41a4, 0x41a5, 0x41c5, 0x41a4, 0x41a5, 0x41a5, 0x41c5, 0x49e5, 0x49e5,
    0x4a06, 0x49e5, 0x49e5, 0x49e5, 0x49e5, 0x5226, 0x5a67, 0x6287, 0x6287, 0x6287, 0x6287, 0x6287,
    0x5a67, 0x5a67, 0x5a67, 0x6ac8, 0x6287, 0x6287, 0x8bcb, 0x9c0c, 0x93eb, 0x93cb, 0x93cb, 0x838a,
    0x8bab, 0x8bcb, 0x8bcb, 0x8bcb, 0x8baa, 0x7b6a, 0x7309, 0x940c, 0x9c2c, 0x93ec, 0x83ab, 0x7b4a,
    0x838a, 0x7b4a, 0x838a, 0x9c2c, 0xb4ef, 0xbd30, 0xb4ee, 0xacae, 0xa4ae, 0x9c6d, 0xa48e, 0xc591,
    0xcd91, 0xb50f, 0xb50f, 0xb50f, 0xbd30, 0xcdb1, 0xd5f2, 0xaccf, 0x9c6d, 0xfde5, 0xfea1, 0xffe4,
    0xff16, 0xf6f5, 0xe654, 0xe674, 0xa4ae, 0xacaf, 0xedac, 0xbd71, 0xffed, 0xffeb, 0xffee, 0xf6d5,
    0xeeb5, 0xc5b1, 0xcdb2, 0xb551, 0xb552, 0x8c4e, 0xfe02, 0xc5f4, 0xce37, 0xd698, 0xfffe, 0xef5b,
    0xad53, 0xbdb5, 0xb595, 0x9492, 0xb595, 0xc616, 0x9492, 0x9492, 0x9492, 0xbdd6, 0xe6fa, 0xc616,
    0xad54, 0x9492, 0xa513, 0xe71a, 0xe71a, 0xbdd6, 0x9492, 0xa533, 0x9492, 0xb574, 0xbdb5, 0xc617,
    0xad34, 0x9cd3, 0xe71a, 0xe71a, 0xe71a, 0xb5b5, 0xbdd5, 0xad54, 0x9492, 0x8410, 0x8410, 0x9492,
    0x8c51, 0x9cd2, 0xa512, 0xa4f2, 0xad53, 0xb574, 0x9cd2, 0x9491, 0x8c50, 0x8c30, 0x83ef, 0x6b2d,
    0x7bae, 0x8c2f, 0xb594, 0xc5f6, 0xad32, 0x8c30, 0x840f, 0x9490, 0x8c2f, 0x7bae, 0xb594, 0xad32,
    0x8c2f, 0x83ee, 0x736d, 0x946f, 0x7bce, 0x5aaa, 0x736c, 0xa4f1, 0x9cd1, 0x9cb0, 0x9cb0, 0x8c2e,
    0x83ed, 0x736c, 0x630a, 0x4a48, 0x5289, 0x5aa9, 0x5aa9, 0x5289, 0x5288, 0x5288, 0x5288, 0x5a88,
    0x5267, 0x4a06, 0x4a06, 0x4a26, 0x4a26, 0x4a27, 0x5268, 0x5aa8, 0x734a, 0x5aa8, 0x39a5, 0x3185,
    0x2944, 0x4a06, 0x62c8, 0x5267, 0x5247, 0x39a5, 0x2945, 0x3145, 0x3145, 0x39c6, 0x39c6, 0x4a26,
    0x5247, 0x62c8, 0x62c8, 0x62c8, 0x62c8, 0x62c8, 0x5a88, 0x4a26, 0x4206, 0x39a5, 0x39a5, 0x39a5,
    0x41c5, 0x4a06, 0x41e6, 0x3985, 0x39a5, 0x4a06, 0x4a06, 0x41e6, 0x39a5, 0x41e6, 0x41e6, 0x41e6,
    0x41e5, 0x3164, 0x3164, 0x41e5, 0x41e5, 0x41e5, 0x2904, 0x3144, 0x3164, 0x3164, 0x3164, 0x5247,
    0x62c8, 0x6ae8, 0x7309, 0x7309, 0x49e6, 0x49e6, 0x5206, 0x5226, 0x5226, 0x5a26, 0x5a47, 0x6267,
    0x6267, 0x6267, 0x6267, 0x6267, 0x6267, 0x6267, 0x6287, 0x5206, 0x5206, 0x5206, 0x5206, 0x5206,
    0x5a47, 0x5a47, 0x5a47, 0x5a47, 0x5a67, 0x5a67, 0x6ac8, 0x72e9, 0x72e9, 0x72e9, 0x72e9, 0x7309,
    0x6aa8, 0x6aa8, 0x6aa8, 0x6aa8, 0x6aa8, 0x72c8, 0x72e8, 0x72e8, 0x72e8, 0x72e8, 0x5a67, 0x6287,
    0x6287, 0x5a47, 0x5a46, 0x5a46, 0x5a26, 0x5226, 0x5226, 0x5a47, 0x5a67, 0x5a47, 0x5a47, 0x5a26,
    0x5226, 0x5a46, 0x5a47, 0x5a67, 0x4a06, 0x4a06, 0x4a06, 0x49e5, 0x49e5, 0x49e5, 0x5206, 0x49e5,
    0x5206, 0x4a06, 0x4a06, 0x49e5, 0x41c5, 0x41c5, 0x3144, 0x3164, 0x3984, 0x3984, 0x39a4, 0x41a4,
    0x41a5, 0x41c5, 0x41c5, 0x41c5, 0x41a5, 0x41c5, 0x49e5, 0x49e5, 0x4a06, 0x49e5, 0x49e5, 0x49e5,
    0x49e5, 0x5226, 0x5a67, 0x6287, 0x6287, 0x6287, 0x6287, 0x6287, 0x5a67, 0x5a67, 0x5a67, 0x5a67,
    0x6267, 0x6287, 0x8bcb, 0x93eb, 0x93eb, 0x93eb, 0x93cb, 0x838a, 0x8bcb, 0x8bcb, 0x8bcb, 0x8bcb,
    0x8baa, 0x7b6a, 0x7b49, 0x940c, 0x9c2c, 0x93ec, 0x838a, 0x7b4a, 0x836a, 0x7b4a, 0x838a, 0x9c2c,
    0xbd2f, 0xbd30, 0xacae, 0xacae, 0xa46d, 0x9c6d, 0xb4ef, 0xc591, 0xc550, 0xb50f, 0xb50f, 0xb50f,
    0xbd30, 0xbd30, 0xc571, 0xaccf, 0x9c6d, 0xfde5, 0xfea1, 0xffe4, 0xffea, 0xffef, 0xe654, 0xe674,
    0xa4ae, 0xacae, 0xfe85, 0xff42, 0xffeb, 0xffeb, 0xfff2, 0xf6d5, 0xe674, 0xde33, 0xcdd2, 0xacf0,
    0xad31, 0x8c2e, 0xfe02, 0xc5f4, 0xee72, 0xe6f9, 0xfffe, 0xfffe, 0xffff, 0xded9, 0xb595, 0x9492,
    0xb595, 0xc616, 0x9492, 0x9492, 0x9492, 0xb595, 0xc616, 0xce57, 0xad54, 0x9492, 0x7baf, 0x7baf,
    0xbdf6, 0xbdd6, 0x9492, 0xb574, 0xb5b5, 0xb5b5, 0xbdb5, 0xc617, 0xc617, 0xad34, 0xbdf6, 0xe71a,
    0xe71a, 0xad74, 0xa513, 0xa513, 0x9492, 0x8410, 0x738e, 0x9491, 0x9491, 0x9cd2, 0xa512, 0xa4f2,
    0x8c51, 0xa4f2, 0x9cd2, 0x9491, 0x840f, 0x738e, 0x7bae, 0x6b2d, 0x7bae, 0x83ef, 0x9cd1, 0xbdb5,
    0xad32, 0x8c50, 0x7bce, 0x9490, 0x8c2f, 0x7bae, 0xa4f2, 0xb593, 0x9cb0, 0x840f, 0x736d, 0x9470,
    0x946f, 0x5aaa, 0x736c, 0xa4f1, 0xa4d1, 0x9cd0, 0x9cb0, 0x946f, 0x83ed, 0x736c, 0x6b2b, 0x5aca,
    0x5289, 0x5aa9, 0x5aa9, 0x5ac9, 0x630a, 0x5aa8, 0x5288, 0x5a88, 0x5267, 0x4a06, 0x4a06, 0x4a06,
    0x5267, 0x5aa8, 0x5268, 0x5aa8, 0x734a, 0x5aa8, 0x39a5, 0x3185, 0x2944, 0x3185, 0x39a6, 0x4a06,
    0x5247, 0x39a5, 0x2945, 0x3145, 0x3145, 0x39c6, 0x39c6, 0x39c6, 0x39c6, 0x62c8, 0x62c8, 0x62c8,
    0x62c8, 0x62c8, 0x5a88, 0x4a26, 0x4206, 0x39a5, 0x39a5, 0x39a5, 0x41c5, 0x4a06, 0x41e6, 0x3985,
    0x39a5, 0x4a06, 0x4a06, 0x6ae9, 0x6ae9, 0x41e6, 0x41e6, 0x41e6, 0x41e5, 0x3164, 0x3164, 0x41e5,
    0x41e5, 0x5226, 0x5247, 0x41c5, 0x3164, 0x3164, 0x3164, 0x5247, 0x62c8, 0x6ae8, 0x7309, 0x7309,
    0x49e6, 0x49e6, 0x5206, 0x5226, 0x5226, 0x5a26, 0x5a47, 0x6267, 0x6267, 0x6267, 0x6267, 0x6267,
    0x6267, 0x6267, 0x6287, 0x5206, 0x5206, 0x5206, 0x5206, 0x5226, 0x5a47, 0x5a47, 0x5a47, 0x5a47,
    0x5a67, 0x6287, 0x72e9, 0x72e9, 0x72e9, 0x72e9, 0x72e9, 0x6ac8, 0x6aa8, 0x6aa8, 0x6aa8, 0x6aa8,
    0x6aa8, 0x72e8, 0x72e8, 0x72e8, 0x72e8, 0x6aa8, 0x5a67, 0x6287, 0x6287, 0x5a47, 0x5a46, 0x5a46,
    0x5a26, 0x5226, 0x5226, 0x5a67, 0x5a67, 0x5a47, 0x5a47, 0x5226, 0x5226, 0x5a46, 0x5a47, 0x5226,
    0x4a06, 0x4a06, 0x4a06, 0x49e5, 0x49e5, 0x49e5, 0x4a06, 0x49e5, 0x5206, 0x4a06, 0x4a06, 0x49e5,
    0x41c5, 0x41c5, 0x3964, 0x3164, 0x3984, 0x3984, 0x39a4, 0x41a4, 0x41a5, 0x41c5, 0x41c5, 0x41c5,
    0x41c5, 0x41c5, 0x49e5, 0x49e5, 0x4a06, 0x49e5, 0x49e5, 0x49e5, 0x49e5, 0x49e5, 0x49e5, 0x6287,
    0x6287, 0x6287, 0x6287, 0x6287, 0x5a67, 0x5a67, 0x5a67, 0x5a67, 0x5a46, 0x5a47, 0x8b8a, 0x93eb,
    0x93eb, 0x93eb, 0x93cb, 0x838a, 0x8bcb, 0x8bcb, 0x8bcb, 0x8bcb, 0x8baa, 0x7b6a, 0x838a, 0x940c,
    0x9c2c, 0x93ec, 0x836a, 0x7b4a, 0x7b6a, 0x7b4a, 0x83ab, 0x9c2c, 0xbd2f, 0xb50f, 0xacae, 0xacae,
    0x9c4d, 0x9c6d, 0xbd30, 0xc591, 0xbd30, 0xb50f, 0xb50f, 0xb50f, 0xbd30, 0xbd30, 0xbd50, 0x9c4d,
    0x9c6d, 0xfea1, 0xfea1, 0xffe7, 0xffea, 0xfff0, 0xf6f5, 0xcdd2, 0xa4ae, 0xacae, 0xff22, 0xff42,
    0xfffa, 0xfff5, 0xfff2, 0xf6d5, 0xe674, 0xde33, 0xcdd2, 0xacf0, 0xad31, 0x8c2e, 0xfea2, 0xad52,
    0xffff, 0xffff, 0xfffe, 0xfffe, 0xffff, 0xf77b, 0xc617, 0x9492, 0xb595, 0xc616, 0xb574, 0xa4f3,
    0x9492, 0xc616, 0xc616, 0xe6fa, 0xbdb6, 0x9492, 0x7baf, 0x7baf, 0x7baf, 0x8410, 0x9492, 0xb574,
    0xb5b5, 0xc616, 0xc616, 0xc616, 0xc616, 0xad34, 0x7baf, 0x9cf3, 0xd678, 0xad74, 0xa513, 0x9472,
    0x83f0, 0x8410, 0x738e, 0x9491, 0xa513, 0xa513, 0xa512, 0xa4f2, 0x8c51, 0x8410, 0x8c30, 0x9491,
    0x840f, 0x738e, 0x6b4d, 0x6b2d, 0x736d, 0x83ef, 0x9cd1, 0xad33, 0x9cb1, 0x8c50, 0x7bcf, 0x9490,
    0x9470, 0x7bae, 0xa4f2, 0xb593, 0x9cb0, 0x840e, 0x5acb, 0x8c2f, 0x946f, 0x5aaa, 0x6b2b, 0x8c4f,
    0xa4d1, 0x9cd0, 0x9cb0, 0x9cb0, 0x9c90, 0x736c, 0x736c, 0x5aca, 0x5289, 0x4a28, 0x5aa9, 0x5aca,
    0x630a, 0x62e9, 0x62e9, 0x5a88, 0x5267, 0x4a06, 0x4a06, 0x4a06, 0x5267, 0x5aa8, 0x5aa8, 0x5aa8,
    0x732a, 0x5aa8, 0x39a5, 0x3185, 0x2944, 0x3185, 0x39a5, 0x39a6, 0x39a6, 0x3165, 0x2945, 0x3145,
    0x3145, 0x39c6, 0x39c6, 0x39c6, 0x39c6, 0x39c6, 0x39c6, 0x62c8, 0x62c8, 0x62c8, 0x5a88, 0x4a26,
    0x4206, 0x39a5, 0x39a5, 0x39a5, 0x3985, 0x4a06, 0x41e6, 0x3985, 0x39a5, 0x4a06, 0x4a06, 0x6ae9,
    0x6ae9, 0x6ae9, 0x6ae9, 0x5246, 0x41e5, 0x3164, 0x3164, 0x41e5, 0x41e5, 0x5226, 0x5247, 0x4a06,
    0x41e5, 0x4a06, 0x3164, 0x5247, 0x62c8, 0x6ac8, 0x7309, 0x6b09, 0x49e6, 0x49e6, 0x5206, 0x5226,
    0x5226, 0x5a47, 0x6267, 0x6267, 0x6267, 0x6267, 0x6267, 0x6267, 0x6267, 0x6287, 0x6287, 0x5206,
    0x5206, 0x5206, 0x5206, 0x5a46, 0x5a47, 0x5a47, 0x5a47, 0x5a47, 0x5a67, 0x72e8, 0x72e9, 0x72e9,
    0x72e9, 0x72e9, 0x72e9, 0x6aa8, 0x6aa8, 0x6aa8, 0x6aa8, 0x6aa8, 0x72e9, 0x72e8, 0x72e8, 0x72e8,
    0x72e8, 0x5a47, 0x5a67, 0x6287, 0x6287, 0x5a47, 0x5a46, 0x5a46, 0x5a26, 0x5226, 0x6287, 0x5a67,
    0x5a67, 0x5a47, 0x5a46, 0x5226, 0x5226, 0x5a46, 0x5a47, 0x5206, 0x4a06, 0x4a06, 0x4a06, 0x49e5,
    0x49e5, 0x49e5, 0x49e5, 0x49e5, 0x5206, 0x4a06, 0x4a06, 0x49e5, 0x41c5, 0x49e5, 0x3964, 0x3984,
    0x3984, 0x3984, 0x39a4, 0x41a4, 0x41a5, 0x41c5, 0x41c5, 0x41c5, 0x49c5, 0x4a06, 0x49e5, 0x49e5,
    0x4a06, 0x49e5, 0x49e5, 0x49e5, 0x49e5, 0x49e5, 0x41c5, 0x49e5, 0x5a67, 0x6287, 0x6287, 0x6287,
    0x5a67, 0x5a67, 0x5a67, 0x5a67, 0x5a46, 0x5a46, 0x7b4a, 0x93eb, 0x93eb, 0x93eb, 0x93eb, 0x8bab,
    0x8bcb, 0x93ec, 0x8bcb, 0x8bcb, 0x8bab, 0x7b6a, 0x838a, 0x940c, 0x940c, 0x940c, 0x7b6a, 0x7b4a,
    0x7b6a, 0x7b6a, 0x83ab, 0xa46d, 0xbd2f, 0xb50f, 0xacae, 0xacae, 0xa46d, 0x9c6d, 0xc570, 0xc591,
    0xb4ef, 0xb50f, 0xc570, 0xb50f, 0xbd30, 0xbd30, 0xb4ef, 0x9c4d, 0xb46b, 0xfd63, 0xfea1, 0xffea,
    0xffea, 0xfff3, 0xff36, 0xc591, 0xa4ae, 0xed8a, 0xff22, 0xffea, 0xfffa, 0xfffa, 0xffeb, 0xf6d5,
    0xde33, 0xde33, 0xbd71, 0x9c8f, 0xa4f0, 0x946f, 0xfe82, 0xa511, 0xffff, 0xffdc, 0xd698, 0xffbc,
    0xffff, 0xf77b, 0xc5f6, 0x9491, 0xc616, 0xbdd5, 0xb574, 0x9491, 0x73af, 0xc616, 0xce57, 0xe6fa,
    0xbdb6, 0x9492, 0x8c50, 0x7baf, 0x7baf, 0x8c51, 0x9492, 0xb5b5, 0xb5b5, 0xc616, 0xc616, 0xc616,
    0xce58, 0xad34, 0x7baf, 0x8c51, 0x9cd3, 0xad74, 0x9cd2, 0x9471, 0x7bcf, 0x738e, 0x738e, 0x9491,
    0xa513, 0xa512, 0x9cb2, 0x8c71, 0x8c51, 0x8410, 0x8410, 0x8410, 0x8410, 0x738e, 0x6b4d, 0x6b2d,
    0x736d, 0x83ef, 0x9cd2, 0xad33, 0x9cb1, 0x9cb1, 0x8c50, 0x8c4f, 0x9490, 0x7bae, 0x6b2c, 0x7bce,
    0x9cb0, 0x9cb0, 0x5acb, 0x83ee, 0x946f, 0x5aaa, 0x6b2c, 0x8c4f, 0x9cb0, 0xa4d0, 0x9cd0, 0x9cb0,
    0x9c90, 0x630b, 0x4a49, 0x5aca, 0x5a89, 0x4a28, 0x6b2b, 0x6b2a, 0x6b2a, 0x630a, 0x62e9, 0x5268,
    0x5247, 0x4a06, 0x4a06, 0x4a06, 0x5267, 0x5aa8, 0x5aa8, 0x5aa8, 0x732a, 0x5aa8, 0x39a5, 0x3185,
    0x2944, 0x3165, 0x39a5, 0x39a5, 0x39a6, 0x4a06, 0x5247, 0x2945, 0x3145, 0x39c6, 0x39c6, 0x39c6,
    0x39c6, 0x39c6, 0x39c6, 0x39a5, 0x41e6, 0x62c8, 0x5a88, 0x4a26, 0x4206, 0x39a5, 0x39a5, 0x39a5,
    0x3985, 0x3985, 0x3985, 0x3985, 0x39a5, 0x4a06, 0x4a06, 0x6ae9, 0x6ae9, 0x6ae9, 0x6ae9, 0x6ae8,
    0x62c8, 0x3164, 0x3164, 0x41e5, 0x41e5, 0x5226, 0x5247, 0x4a06, 0x41e5, 0x4a06, 0x5247, 0x5a87,
    0x62c8, 0x6ac8, 0x7309, 0x6b09, 0x49e6, 0x49e6, 0x5206, 0x5226, 0x5226, 0x6267, 0x6267, 0x6267,
    0x6267, 0x6267, 0x6267, 0x6267, 0x6267, 0x6287, 0x6287, 0x5206, 0x5206, 0x5206, 0x5a26, 0x5a47,
    0x5a47, 0x5a47, 0x5a47, 0x5a47, 0x6aa8, 0x72e8, 0x72e9, 0x72e9, 0x72e9, 0x72e9, 0x6ac8, 0x6aa8,
    0x6aa8, 0x6aa8, 0x6aa8, 0x6aa8, 0x72e9, 0x72e9, 0x72e8, 0x72e8, 0x6287, 0x5a47, 0x5a67, 0x6287,
    0x6287, 0x5a47, 0x5a46, 0x5a46, 0x5a26, 0x5a47, 0x6aa8, 0x5a67, 0x5a67, 0x5a47, 0x5226, 0x5226,
    0x5226, 0x5a46, 0x5226, 0x5206, 0x5206, 0x4a06, 0x4a06, 0x49e5, 0x49e5, 0x49e5, 0x49e5, 0x49e5,
    0x5206, 0x4a06, 0x4a06, 0x49e5, 0x41c5, 0x49e5, 0x3964, 0x3984, 0x41a5, 0x41a5, 0x39a4, 0x41a4,
    0x41a5, 0x41c5, 0x41c5, 0x41c5, 0x49c5, 0x4a06, 0x5226, 0x4a06, 0x4a06, 0x49e5, 0x49e5, 0x49e5,
    0x49e5, 0x49e5, 0x41c5, 0x49e5, 0x5206, 0x5226, 0x6287, 0x6287, 0x5a67, 0x5a67, 0x5a67, 0x5a67,
    0x5a46, 0x5a46, 0x7b4a, 0x93eb, 0x93eb, 0x93eb, 0x93eb, 0x93cb, 0x8bcb, 0x9c2c, 0x8bcb, 0x8bcb,
    0x8bab, 0x836a, 0x8bcb, 0x93ec, 0x940c, 0x940c, 0x7b6a, 0x7b4a, 0x7b4a, 0x7b6a, 0x83ab, 0xac8e,
    0xbd2f, 0xb4ef, 0xacae, 0xacae, 0xacce, 0xacae, 0xc570, 0xc591, 0xb4ef, 0xb50f, 0xc570, 0xcdb1,
    0xc550, 0xbd30, 0xb4ef, 0x9c4d, 0xb46b, 0xecc4, 0xecc4, 0xffea, 0xffea, 0xfff3, 0xff36, 0xc591,
    0xa4ae, 0xc4cb, 0xff22, 0xffea, 0xfffa, 0xfffa, 0xffeb, 0xffeb, 0xeeb5, 0xde33, 0xbd71, 0x9c8f,
    0xa4f0, 0x946e, 0xfea9, 0xa511, 0xffff, 0xffdc, 0xd698, 0xffe3, 0xffe3, 0xf77b, 0xc5f6, 0x9471,
    0xc5f6, 0xbdd5, 0xb574, 0x8410, 0x73af, 0xe6fa, 0xe6fa, 0xe6fa, 0xa514, 0x9492, 0xb574, 0xb595,
    0x7baf, 0x8c51, 0x9492, 0xc616, 0xb595, 0xc616, 0xc616, 0xce58, 0xe71a, 0xdeb9, 0x7baf, 0x8c51,
    0x9cd3, 0xad74, 0x9cd2, 0x9471, 0x7bcf, 0x738e, 0x738e, 0x8410, 0x9cd2, 0xa512, 0x9cb2, 0x8430,
    0x8410, 0x8410, 0x8410, 0x8410, 0x8410, 0xb574, 0x8c30, 0x6b4d, 0x736d, 0x83ef, 0x9470, 0xa512,
    0x9cb1, 0x9cb1, 0x9cb0, 0xa4f1, 0xa4d1, 0x7bae, 0x6b2c, 0x62eb, 0x62eb, 0x736d, 0x5acb, 0x83ee,
    0x9490, 0x840e, 0x738c, 0x8c4f, 0x9cb0, 0xa4d1, 0x7bad, 0x840e, 0x9c90, 0x6b0b, 0x4a49, 0x736b,
    0x630a, 0x4a28, 0x62ea, 0x6b2b, 0x6b2a, 0x6b0a, 0x62e9, 0x5267, 0x5247, 0x4206, 0x4206, 0x4a06,
    0x5267, 0x5aa8, 0x5aa8, 0x5aa8, 0x732a, 0x62e9, 0x4a27, 0x41e6, 0x2944, 0x3165, 0x39a5, 0x39a5,
    0x39a5, 0x4a06, 0x5247, 0x62c8, 0x62c9, 0x39c6, 0x39c6, 0x39c6, 0x39c6, 0x39c6, 0x39c6, 0x39a5,
    0x39a5, 0x39a5, 0x41c6, 0x4a26, 0x4206, 0x39a5, 0x39a5, 0x39a5, 0x3985, 0x3985, 0x39a5, 0x4a06,
    0x4a06, 0x4a06, 0x4a06, 0x6ae9, 0x6ae9, 0x6ae9, 0x6ae9, 0x6ae8, 0x62c8, 0x5247, 0x5247, 0x41e5,
    0x41e5, 0x5226, 0x5247, 0x4a06, 0x41e5, 0x49e6, 0x5247, 0x5a67, 0x5a87, 0x62a8, 0x7309, 0x6b09,
    0x49e6, 0x49e6, 0x5206, 0x5226, 0x5a47, 0x6267, 0x6267, 0x6267, 0x6267, 0x6267, 0x6267, 0x6267,
    0x6267, 0x6287, 0x6287, 0x5206, 0x5206, 0x5206, 0x6287, 0x5a47, 0x5a47, 0x5a47, 0x5a47, 0x5a47,
    0x6ac8, 0x72e8, 0x72e9, 0x72e9, 0x72e9, 0x72c8, 0x6aa8, 0x6aa8, 0x6aa8, 0x6aa8, 0x6aa8, 0x72e9,
    0x72e9, 0x72e9, 0x72e8, 0x72e8, 0x5a47, 0x5a47, 0x5a67, 0x6287, 0x5a67, 0x5226, 0x5a46, 0x5a46,
    0x5a26, 0x6267, 0x6aa8, 0x5a67, 0x5a67, 0x5a47, 0x5226, 0x5226, 0x5226, 0x5a46, 0x5226, 0x5206,
    0x5206, 0x4a06, 0x4a06, 0x49e5, 0x49e5, 0x49e5, 0x49e5, 0x49e5, 0x5206, 0x4a06, 0x4a06, 0x49e5,
    0x49e5, 0x49e5, 0x3964, 0x3984, 0x41a5, 0x41c5, 0x41c5, 0x41a4, 0x41a5, 0x41c5, 0x41c5, 0x41c5,
    0x49e5, 0x4a06, 0x5226, 0x5226, 0x5226, 0x49e5, 0x49e5, 0x49e5, 0x49e5, 0x49e5, 0x41c5, 0x49e5,
    0x5206, 0x5206, 0x49e5, 0x6287, 0x5a67, 0x5a67, 0x5a67, 0x5a67, 0x5a46, 0x5a46, 0x7b4a, 0x93eb,
    0x93eb, 0x93eb, 0x93eb, 0x93cb, 0x8bcb, 0xa44d, 0x8bcb, 0x8bcb, 0x8bab, 0x838a, 0x8bcb, 0x8bcb,
    0x940c, 0x93eb, 0x7b6a, 0x7b6a, 0x7b4a, 0x838a, 0x83ab, 0x62c8, 0x7b4a, 0xacce, 0xacae, 0xacae,
    0xacce, 0xacce, 0xacce, 0xc550, 0xb4ef, 0xb50f, 0xcdb1, 0xcdb1, 0xbd30, 0xbd30, 0xa4ae, 0x9c4d,
    0xc488, 0xecc4, 0xfd63, 0xfec2, 0xffe4, 0xff16, 0xff36, 0xa4ae, 0xa4ae, 0xe4e7, 0xfd24, 0xfff2,
    0xfffa, 0xfff5, 0xffeb, 0xffee, 0xffd8, 0xffd8, 0xacf0, 0xa4d0, 0x9caf, 0xad11, 0xfea9, 0xad11,
    0xffff, 0xef1a, 0xd698, 0xffe3, 0xffeb, 0xf77b, 0xad34, 0xa4f3, 0xc5f6, 0xbdd5, 0xad74, 0x8410,
    0x9cb2, 0xe6fa, 0xe6fa, 0xe6fa, 0xa514, 0x9cd2, 0xb574, 0xb595, 0xc616, 0xa513, 0xa513, 0xc616,
    0xb595, 0x9492, 0xbdf6, 0xce58, 0xe71a, 0xdeb9, 0xc616, 0x9cf3, 0x9cd3, 0xad74, 0x9cd2, 0x9471,
    0x9492, 0x738e, 0x738e, 0x8410, 0x8c51, 0x9cd2, 0x9cb2, 0x8430, 0x8430, 0x8410, 0x9cb1, 0x8410,
    0x8410, 0xb574, 0xce37, 0xb574, 0x736d, 0x83ef, 0x9470, 0x9cb1, 0x9cb1, 0x9cb1, 0x9cb0, 0xa4f1,
    0xa512, 0x9470, 0x6b2c, 0x62eb, 0x62eb, 0x62eb, 0x736d, 0x83ee, 0x9490, 0x8c2e, 0x83ee, 0x5aaa,
    0x9cb0, 0xa4f1, 0x8c0e, 0x7bac, 0x630b, 0x5289, 0x4a69, 0x630a, 0x736b, 0x6b4b, 0x6b4b, 0x6b2b,
    0x6b2b, 0x6b2a, 0x62e9, 0x5267, 0x5247, 0x4206, 0x4206, 0x4206, 0x5267, 0x5a88, 0x5aa8, 0x5aa8,
    0x732a, 0x62c9, 0x4a27, 0x41e6, 0x2944, 0x3165, 0x39a5, 0x39a5, 0x39a5, 0x4a06, 0x5247, 0x62c8,
    0x62c8, 0x62c9, 0x62e9, 0x39c6, 0x39c6, 0x39c6, 0x39c6, 0x39a5, 0x39a5, 0x39a5, 0x3185, 0x2944,
    0x3164, 0x39a5, 0x39a5, 0x39a5, 0x3985, 0x3985, 0x39a5, 0x4a06, 0x4a26, 0x5a87, 0x5247, 0x6ae9,
    0x6ae9, 0x6ae9, 0x6ae9, 0x6ae8, 0x62c8, 0x5247, 0x5247, 0x3164, 0x3164, 0x5226, 0x5247, 0x4a06,
    0x41c5, 0x49e6, 0x5246, 0x5a67, 0x5a87, 0x5a87, 0x5a67, 0x62a8, 0x49e6, 0x49e6, 0x5206, 0x5226,
    0x6267, 0x6267, 0x6267, 0x6267, 0x6267, 0x6267, 0x6267, 0x6267, 0x6267, 0x6287, 0x6287, 0x5206,
    0x5206, 0x5a47, 0x6287, 0x5a47, 0x5a47, 0x5a47, 0x5a47, 0x6287, 0x72e8, 0x72e8, 0x72e9, 0x72e9,
    0x72e9, 0x6aa8, 0x6aa8, 0x6aa8, 0x6aa8, 0x6aa8, 0x72c8, 0x72e9, 0x72e9, 0x72e9, 0x72e8, 0x6aa7,
    0x5a47, 0x5a47, 0x5a67, 0x6287, 0x5a46, 0x5226, 0x5a46, 0x5a46, 0x5a26, 0x6aa8, 0x6aa8, 0x5a67,
    0x5a67, 0x5a46, 0x5226, 0x5226, 0x5226, 0x5a46, 0x5226, 0x5206, 0x5206, 0x4a06, 0x4a06, 0x49e5,
    0x49e5, 0x49e5, 0x49e5, 0x49e5, 0x5206, 0x4a06, 0x4a06, 0x49e5, 0x49e5, 0x49e5, 0x3964, 0x3984,
    0x41a5, 0x41c5, 0x41c5, 0x41c5, 0x41a5, 0x41c5, 0x41c5, 0x41c5, 0x49e5, 0x5206, 0x5226, 0x5226,
    0x5a46, 0x5226, 0x49e5, 0x49e5, 0x49e5, 0x49e5, 0x41c5, 0x49e5, 0x5206, 0x5206, 0x49e5, 0x49e5,
    0x5a67, 0x5a67, 0x5a67, 0x5a67, 0x5a46, 0x5a46, 0x7b6a, 0x93eb, 0x93eb, 0x93eb, 0x93eb, 0x93eb,
    0x8bcb, 0xa44d, 0x8bcb, 0x8bab, 0x8bab, 0x8bab, 0x8bcb, 0x8bcb, 0x940c, 0x8bcb, 0x7b6a, 0x838a,
    0x7b4a, 0x83ab, 0x83ab, 0x62c8, 0x5267, 0x6ae9, 0xacae, 0xacae, 0xacce, 0xacce, 0xacce, 0xa4ae,
    0xacce, 0xbd30, 0xcdb1, 0xcd91, 0xbd30, 0xbd30, 0xacce, 0xa46e, 0xd4a6, 0xecc4, 0xfd63, 0xfec1,
    0xfec2, 0xff16, 0xff36, 0xa4ae, 0xa4ae, 0xe4e7, 0xfd24, 0xffe8, 0xfff0, 0xfff5, 0xffeb, 0xffee,
    0xffd8, 0xffd8, 0xacf0, 0xa4d0, 0x9caf, 0xad11, 0xfeb0, 0xad11, 0xffff, 0xe71a, 0xff51, 0xffe3,
    0xffeb, 0xf77b, 0xad34, 0xa4f3, 0xc5f6, 0xb594, 0xad54, 0x8410, 0x9cb2, 0xe6fa, 0xe6fa, 0xe6fa,
    0xbdd5, 0xb574, 0xb574, 0xbdd5, 0xc616, 0xb594, 0xb595, 0xc616, 0xa513, 0x9492, 0xce58, 0xe71a,
    0xe71a, 0xce58, 0xc616, 0x9cf3, 0x9492, 0xad74, 0x9cd2, 0x9471, 0xded9, 0xd678, 0x8c50, 0x8410,
    0x8c31, 0xa512, 0x9cb2, 0x8430, 0x8430, 0x8430, 0xa4f2, 0x9491, 0x8410, 0xb594, 0xce37, 0xce36,
    0xad33, 0x736d, 0x9470, 0x9cb1, 0x9cb1, 0x9cb1, 0x9cb1, 0xa4f1, 0xa512, 0x9470, 0x8c2f, 0x736d,
    0x62eb, 0x62eb, 0x738d, 0x7bad, 0x8c0e, 0x8c2e, 0x83ee, 0x5aaa, 0x52aa, 0x528a, 0x8c2e, 0x7bac,
    0x630b, 0x5aca, 0x5269, 0x630b, 0x736b, 0x734b, 0x736b, 0x7bac, 0x734b, 0x6b2a, 0x62e9, 0x5267,
    0x5247, 0x4206, 0x4206, 0x4206, 0x4a06, 0x4a06, 0x5267, 0x5aa8, 0x732a, 0x62c9, 0x4a27, 0x41e6,
    0x2944, 0x39a5, 0x4a27, 0x39a5, 0x39a5, 0x4a06, 0x5247, 0x62c8, 0x62c8, 0x62c9, 0x62c9, 0x7b6a,
    0x5247, 0x39c6, 0x39c6, 0x39a5, 0x39a5, 0x39a5, 0x3185, 0x2944, 0x2944, 0x2944, 0x3185, 0x39a5,
    0x3985, 0x3985, 0x39a5, 0x4a06, 0x4a26, 0x5a87, 0x5a87, 0x5a67, 0x62c8, 0x6ae9, 0x6ae9, 0x6ae8,
    0x62c8, 0x5247, 0x5247, 0x3164, 0x3164, 0x39c5, 0x4a06, 0x4a06, 0x41c5, 0x41e6, 0x5246, 0x5a67,
    0x5a87, 0x5a87, 0x5a67, 0x5a67, 0x49e6, 0x49e6, 0x5206, 0x5a47, 0x6267, 0x6267, 0x6267, 0x6267,
    0x6267, 0x6267, 0x6267, 0x6267, 0x6267, 0x6287, 0x6287, 0x5206, 0x5a26, 0x6287, 0x6287, 0x5a47,
    0x5a47, 0x5a47, 0x5a47, 0x72e8, 0x72e8, 0x72e8, 0x72e9, 0x72e9, 0x72e9, 0x6aa8, 0x6aa8, 0x6aa8,
    0x6aa8, 0x6aa8, 0x7309, 0x7309, 0x72e9, 0x72e9, 0x72e8, 0x6267, 0x5a47, 0x5a47, 0x5a67, 0x6287,
    0x5206, 0x5226, 0x5a46, 0x5a46, 0x5a67, 0x6aa8, 0x6aa8, 0x5a67, 0x5a67, 0x5a46, 0x5226, 0x5226,
    0x5246, 0x5a46, 0x5226, 0x5206, 0x5206, 0x4a06, 0x4a06, 0x49e5, 0x49e5, 0x49e5, 0x49e5, 0x49e5,
    0x5206, 0x4a06, 0x4a06, 0x5226, 0x49e5, 0x49e5, 0x3964, 0x3984, 0x41a5, 0x41c5, 0x41c5, 0x49e5,
    0x49e5, 0x41c5, 0x41c5, 0x41c5, 0x49e5, 0x5206, 0x5226, 0x5226, 0x5a46, 0x5a46, 0x5a67, 0x49e5,
    0x49e5, 0x49e5, 0x41c5, 0x49e5, 0x5206, 0x5206, 0x49e5, 0x49e5, 0x49e5, 0x5246, 0x5a67, 0x5a67,
    0x5a46, 0x5a46, 0x836a, 0x93eb, 0x93eb, 0x93eb, 0x93eb, 0x93eb, 0x940c, 0xa44d, 0x8bab, 0x8bab,
    0x8bab, 0x8bcb, 0x8bcb, 0x8bcb, 0x940c, 0x838a, 0x7b6a, 0x83ab, 0x7b6a, 0x83ab, 0x83ab, 0x62c8,
    0x5267, 0x5a67, 0x5a87, 0x940c, 0xacce, 0xacce, 0xb4ce, 0xa4ae, 0xa48e, 0xacae, 0xcdb1, 0xcd91,
    0xbd30, 0xbd30, 0xacce, 0xaccf, 0xcca9, 0xecc4, 0xfe02, 0xfec1, 0xfee8, 0xff16, 0xe653, 0xa4ae,
    0xa4ae, 0xfd04, 0xfd24, 0xffea, 0xffeb, 0xffe5, 0xffe8, 0xfff1, 0xffd8, 0xf6f6, 0xad11, 0xbccc,
    0x9caf, 0xc5d3, 0xfeb0, 0xad11, 0xffff, 0xe71a, 0xe71a, 0xfffe, 0xf79c, 0xf75b, 0xad34, 0xa4f3,
    0xc5f6, 0xb594, 0xad54, 0x73ae, 0x9cb2, 0xe6fa, 0xe6fa, 0xe6fa, 0xb574, 0xb595, 0xc616, 0xc616,
    0xc616, 0xb594, 0xb595, 0xc616, 0xb595, 0x9492, 0xce58, 0xe6fa, 0xe6fa, 0xdeb9, 0xc616, 0x9cf3,
    0x9492, 0x9472, 0x9472, 0x9471, 0xded9, 0xd678, 0xbdb5, 0x8c30, 0x8c30, 0xa512, 0x9cb2, 0x8c30,
    0x8430, 0x8430, 0xa4f2, 0x94b1, 0x8410, 0xa4f2, 0xc5f6, 0xce36, 0xad33, 0x6b4d, 0x6b4d, 0x8c2f,
    0x9cb1, 0x9cb1, 0x9cb1, 0xa4f2, 0xad12, 0x9490, 0x8c2f, 0x7bae, 0x6b2c, 0x62eb, 0x738d, 0x7bad,
    0x8c0e, 0x7b8d, 0x738d, 0x5aaa, 0x5aaa, 0x528a, 0x62eb, 0x630b, 0x630b, 0x5aca, 0x5269, 0x6b0b,
    0x736b, 0x736b, 0x736b, 0x7bac, 0x736b, 0x6b4b, 0x41e6, 0x4a06, 0x4a47, 0x4206, 0x4206, 0x4206,
    0x4206, 0x4a06, 0x4a06, 0x4a06, 0x62c9, 0x62c9, 0x4a26, 0x41e6, 0x2944, 0x39a5, 0x4a27, 0x4a27,
    0x4a47, 0x4a06, 0x5247, 0x62c8, 0x62c8, 0x62c8, 0x62c9, 0x7b6a, 0x7b6a, 0x7b6a, 0x5247, 0x39a5,
    0x39a5, 0x39a5, 0x3185, 0x2944, 0x2944, 0x2944, 0x3164, 0x39a5, 0x3985, 0x3985, 0x39a5, 0x4a06,
    0x4a26, 0x5a87, 0x5a87, 0x5a67, 0x5a67, 0x5267, 0x62a8, 0x6ae8, 0x62c8, 0x5247, 0x5247, 0x3164,
    0x3164, 0x39c5, 0x41e5, 0x4a26, 0x4a06, 0x41e6, 0x5246, 0x5a67, 0x5a87, 0x5a87, 0x5a67, 0x5a67,
    0x49e6, 0x49e6, 0x5226, 0x5a67, 0x6267, 0x6267, 0x6267, 0x6267, 0x6267, 0x6267, 0x6267, 0x6267,
    0x6267, 0x6287, 0x6287, 0x5206, 0x6287, 0x6287, 0x6287, 0x5a47, 0x5a47, 0x5a47, 0x6aa8, 0x72e8,
    0x72e8, 0x72e9, 0x72e9, 0x72e9, 0x6aa8, 0x6aa8, 0x6aa8, 0x6aa8, 0x6aa8, 0x6ac8, 0x7309, 0x7309,
    0x72e9, 0x72e9, 0x6ac8, 0x6267, 0x5a47, 0x5a47, 0x5a67, 0x5a26, 0x5206, 0x5226, 0x5a46, 0x5a46,
    0x6aa8, 0x6aa8, 0x6aa8, 0x5a67, 0x5a67, 0x5a46, 0x5226, 0x5226, 0x5246, 0x5a46, 0x5226, 0x5206,
    0x5206, 0x4a06, 0x4a06, 0x49e5, 0x49e5, 0x49e5, 0x49e5, 0x49e5, 0x5206, 0x4a06, 0x4a06, 0x5226,
    0x49e5, 0x49e5, 0x3964, 0x3984, 0x41a5, 0x41c5, 0x41c5, 0x49e5, 0x49e5, 0x49e5, 0x41e5, 0x41c5,
    0x49e5, 0x5206, 0x5226, 0x5226, 0x5a46, 0x5a46, 0x5a67, 0x5a46, 0x4a06, 0x49e5, 0x41c5, 0x49e5,
    0x5206, 0x5206, 0x49e5, 0x49e5, 0x49e5, 0x49e5, 0x5a46, 0x5a67, 0x5a46, 0x5a46, 0x836a, 0x93eb,
    0x93eb, 0x93eb, 0x93eb, 0x93eb, 0x9c2c, 0xa44d, 0x8bab, 0x8bab, 0x8bcb, 0x8bcb, 0x8bcb, 0x83ab,
    0x8beb, 0x838a, 0x836a, 0x83ab, 0x838a, 0x83ab, 0x83ab, 0x62c8, 0x5267, 0x5a67, 0x5a87, 0x5a88,
    0x7b4a, 0xacce, 0xb4ce, 0xa48d, 0xa48e, 0xaccf, 0xb50f, 0xbd50, 0xbd30, 0xb50f, 0xacce, 0xaccf,
    0x9c6d, 0x9c6d, 0xfea1, 0xfec1, 0xfeef, 0xff16, 0xc571, 0xa4ae, 0xa4ae, 0xfd04, 0xfd24, 0xffea,
    0xffeb, 0xffe5, 0xff62, 0xff8d, 0xffd8, 0xf6d6, 0xad11, 0xbccc, 0x9caf, 0xc5d3, 0xe6b7, 0xad52,
    0xfff5, 0xd677, 0xe6f9, 0xfffe, 0xef3a, 0xdeb8, 0x8c71, 0xad74, 0xc5f6, 0xa4f3, 0x9471, 0x73ae,
    0xbdd6, 0xe6f9, 0xe6f9, 0xe6fa, 0xb574, 0xb595, 0xc616, 0xb595, 0xb574, 0xb574, 0xb595, 0xc616,
    0xc616, 0xc616, 0xc637, 0xe6fa, 0xe6fa, 0xe6fa, 0xe71a, 0xa534, 0x9492, 0x9472, 0x9471, 0x9471,
    0xce57, 0xd678, 0xbdb5, 0x8c30, 0x736e, 0xad53, 0x9cb2, 0x8c30, 0x8c30, 0x8430, 0x9cf2, 0x9cb1,
    0x8410, 0xa4f2, 0xb573, 0xb594, 0xad33, 0x6b4d, 0x6b4d, 0x6b2d, 0x738d, 0x9cb1, 0x9cb1, 0xa512,
    0xad12, 0xc5d4, 0x8c2f, 0x7bae, 0x6b2c, 0x62eb, 0x83ee, 0x7bad, 0x8c2e, 0x7b8d, 0x734c, 0x6b4c,
    0x5aca, 0x528a, 0x62eb, 0x6b2b, 0x630b, 0x5aca, 0x5269, 0x5aca, 0x736c, 0x7bac, 0x7bac, 0x7bac,
    0x7b8c, 0x6b4b, 0x4a47, 0x3165, 0x3144, 0x41e6, 0x4206, 0x4206, 0x4206, 0x4a06, 0x4a06, 0x4a06,
    0x3985, 0x39c5, 0x4a26, 0x41c6, 0x2944, 0x39a5, 0x4a27, 0x4a27, 0x4a27, 0x5a88, 0x5aa8, 0x62c8,
    0x62c8, 0x62c8, 0x62c8, 0x7b6a, 0x7b6a, 0x7b6a, 0x7b6a, 0x7b6a, 0x4a06, 0x39a5, 0x3185, 0x2944,
    0x2944, 0x2944, 0x3164, 0x39a5, 0x3165, 0x2924, 0x3985, 0x4a06, 0x4a26, 0x5a87, 0x5a87, 0x5a67,
    0x5a67, 0x5267, 0x5267, 0x6ae8, 0x62c8, 0x5247, 0x5247, 0x3164, 0x3164, 0x39c5, 0x41c5, 0x4a06,
    0x5247, 0x5246, 0x5246, 0x5a67, 0x5a87, 0x5a87, 0x5a67, 0x5a67, 0x49e6, 0x49e6, 0x5a67, 0x5a67,
    0x6267, 0x6267, 0x6267, 0x6267, 0x6267, 0x6267, 0x6267, 0x6267, 0x6267, 0x6287, 0x6287, 0x5a47,
    0x6287, 0x6287, 0x6287, 0x5a47, 0x5a47, 0x6287, 0x72e8, 0x72e8, 0x72e8, 0x72e9, 0x72e9, 0x72c8,
    0x6aa8, 0x6aa8, 0x6aa8, 0x6aa8, 0x6aa8, 0x72e8, 0x7309, 0x7309, 0x72e9, 0x72e9, 0x62a7, 0x6267,
    0x5a47, 0x5a47, 0x5a67, 0x5206, 0x5206, 0x5226, 0x5a46, 0x5a47, 0x6aa8, 0x6aa8, 0x6aa8, 0x5a67,
    0x5a67, 0x5a46, 0x5226, 0x5226, 0x5a46, 0x5a46, 0x5226, 0x5206, 0x5206, 0x4a06, 0x4a06, 0x49e6,
    0x49e5, 0x49e5, 0x49e5, 0x4a06, 0x5206, 0x4a06, 0x5206, 0x5226, 0x49e5, 0x49e5, 0x3164, 0x3984,
    0x41a5, 0x41c5, 0x41c5, 0x49e5, 0x49e5, 0x49e5, 0x4a06, 0x49e5, 0x49e5, 0x5206, 0x5226, 0x5246,
    0x5a46, 0x5a46, 0x5a67, 0x5a47, 0x5226, 0x4a06, 0x41c5, 0x49e5, 0x5206, 0x5206, 0x49e5, 0x49e5,
    0x49e5, 0x4a05, 0x5246, 0x5246, 0x5a46, 0x5a46, 0x836a, 0x93eb, 0x93eb, 0x93eb, 0x93eb, 0x93eb,
    0xa44d, 0xa44d, 0x838a, 0x8bab, 0x8bcb, 0x8bcb, 0x8bab, 0x83ab, 0x8bcb, 0x83aa, 0x838a, 0x83ab,
    0x838b, 0x83ab, 0x83ab, 0x62c8, 0x5267, 0x5267, 0x5a87, 0x5a87, 0x5aa8, 0x62a8, 0x9c2d, 0xa48d,
    0xa48e, 0xb50f, 0xb50f, 0xacce, 0xaccf, 0xb4ef, 0xacce, 0xa4ae, 0x9c6d, 0x9c6d, 0xb4ef, 0xfe26,
    0xfeef, 0xff16, 0xc571, 0xa4ae, 0xc4cb, 0xfd04, 0xfe86, 0xffea, 0xffeb, 0xff42, 0xff62, 0xfef0,
    0xf6f5, 0xcdf3, 0xb531, 0xd4e9, 0xacad, 0xcdf4, 0xe6b7, 0xad52, 0xffef, 0xffff, 0xf77b, 0xfffd,
    0xef3a, 0xdeb8, 0xad33, 0xb5b5, 0xbdd5, 0x9471, 0x9471, 0x9471, 0xc616, 0xe6f9, 0xe6f9, 0xe6f9,
    0xad74, 0xbdd5, 0xc616, 0xb595, 0xb574, 0xb574, 0xbdd5, 0xc616, 0xc616, 0xc616, 0x7baf, 0x9cd2,
    0xe6fa, 0xe6fa, 0xe6fa, 0x7baf, 0x83f0, 0x9472, 0x9471, 0x8c71, 0xbdd5, 0xb595, 0xbdb5, 0x8c30,
    0x736e, 0xb5b5, 0xb574, 0x8c30, 0x8c30, 0x8c30, 0xad33, 0xad53, 0x8c50, 0xa4f2, 0xb574, 0xb573,
    0x9cb1, 0x6b4d, 0x6b4d, 0x6b4d, 0x6b2c, 0x736d, 0x8c2f, 0xa512, 0xad32, 0xbdb4, 0xad32, 0x7bae,
    0x6b2c, 0x62eb, 0x83ee, 0x8c2e, 0x8c2e, 0x83ed, 0x736c, 0x6b4c, 0x7b8d, 0x8c4f, 0x5aca, 0x6b2b,
    0x630b, 0x734c, 0x83ed, 0x6b4b, 0x738c, 0x7bac, 0x83cd, 0x7bcc, 0x7b8c, 0x734b, 0x4a27, 0x3165,
    0x2944, 0x2924, 0x2924, 0x4206, 0x4206, 0x4206, 0x4a06, 0x4a06, 0x3185, 0x3985, 0x3985, 0x3185,
    0x2944, 0x39a5, 0x4a27, 0x4a27, 0x4a27, 0x5a88, 0x62c8, 0x5247, 0x5267, 0x62c8, 0x62c8, 0x7b6a,
    0x7b6a, 0x7b6a, 0x7b6a, 0x7b6a, 0x732a, 0x62c8, 0x3185, 0x2944, 0x2944, 0x2944, 0x3164, 0x39a5,
    0x3165, 0x2924, 0x2944, 0x3985, 0x4a26, 0x5a87, 0x5a87, 0x5a67, 0x5a67, 0x5267, 0x5267, 0x6ae8,
    0x62c8, 0x41e5, 0x5247, 0x3164, 0x3164, 0x39c5, 0x41c5, 0x4a06, 0x5247, 0x5246, 0x5246, 0x6ac8,
    0x6ae8, 0x5a87, 0x5a67, 0x5a67, 0x49e6, 0x5a26, 0x5a67, 0x6267, 0x6267, 0x6267, 0x6267, 0x6267,
    0x6267, 0x6267, 0x6267, 0x6267, 0x6287, 0x6287, 0x6287, 0x6287, 0x6287, 0x6287, 0x6287, 0x5a67,
    0x5a47, 0x6aa8, 0x72e8, 0x72e8, 0x72e8, 0x72e9, 0x72e9, 0x6aa8, 0x6aa8, 0x6aa8, 0x6aa8, 0x6aa8,
    0x6aa8, 0x72e8, 0x7309, 0x7309, 0x72e9, 0x6aa8, 0x62a7, 0x6267, 0x5a47, 0x5a47, 0x5226, 0x5206,
    0x5206, 0x5226, 0x5a46, 0x6267, 0x6aa8, 0x6aa8, 0x6aa8, 0x5a67, 0x5a67, 0x5a46, 0x5226, 0x5a46,
    0x5a47, 0x5a46, 0x5226, 0x5206, 0x5206, 0x4a06, 0x4a06, 0x49e6, 0x49e5, 0x49e5, 0x49e5, 0x5206,
    0x5206, 0x4a06, 0x5a46, 0x5226, 0x49e5, 0x49e5, 0x3144, 0x3984, 0x41a5, 0x41c5, 0x41c5, 0x49e5,
    0x49e5, 0x49e5, 0x4a06, 0x49e5, 0x49e5, 0x5206, 0x5226, 0x5246, 0x5a46, 0x5a46, 0x5a67, 0x5a47,
    0x5226, 0x5226, 0x5206, 0x49e5, 0x5206, 0x5226, 0x49e5, 0x49e5, 0x49e5, 0x4a05, 0x5246, 0x5246,
    0x5a46, 0x5a46, 0x836a, 0x93eb, 0x93eb, 0x93eb, 0x93eb, 0x940c, 0xa44d, 0xa44d, 0x838a, 0x8bab,
    0x8bcb, 0x8bcb, 0x838a, 0x83ab, 0x8bcb, 0x83aa, 0x838a, 0x8bab, 0x83ab, 0x83ab, 0x83ab, 0x62c8,
    0x5247, 0x5267, 0x5a87, 0x5a87, 0x5aa8, 0x62a8, 0x5a88, 0x83cb, 0xacae, 0xb50f, 0xb50f, 0xacce,
    0xacae, 0xacce, 0xacce, 0xa4ae, 0x9c6d, 0xa48e, 0xb4ef, 0xb50f, 0xde33, 0xff16, 0xa48e, 0xa4ae,
    0xdce7, 0xfd04, 0xfda3, 0xffe5, 0xffeb, 0xff42, 0xff62, 0xfef0, 0xf6f5, 0xc592, 0xb531, 0xd4e9,
    0xacad, 0xcdf4, 0xd635, 0xad32, 0xfff4, 0xffff, 0xfffe, 0xfffd, 0xd698, 0xce36, 0xad33, 0x8410,
    0x738e, 0x8c71, 0x8c71, 0x9471, 0xb574, 0xc5f6, 0xe6f9, 0xe6f9, 0xad54, 0xbdd5, 0xc5f6, 0xb574,
    0xb574, 0xb574, 0xd678, 0xe6fa, 0xc616, 0xc616, 0x73af, 0x7baf, 0x7baf, 0xbdd6, 0xe6fa, 0x7baf,
    0x83f0, 0x9472, 0x9471, 0x8c71, 0xbdd5, 0xb595, 0xad33, 0x8c50, 0x736e, 0xbdb5, 0xb574, 0xa512,
    0x8c30, 0x8c30, 0xad33, 0xad53, 0xa4f2, 0xa4f2, 0xb574, 0xb573, 0x9cb1, 0x6b4d, 0x8c30, 0x6b4d,
    0x6b4c, 0x736d, 0x83ef, 0x9450, 0xad32, 0xbdb4, 0xad32, 0x7bae, 0x83ee, 0x736c, 0x83ee, 0x8c2e,
    0x8c2e, 0x83ed, 0x736c, 0x6b4c, 0x6b4c, 0x944f, 0x8c0e, 0x738c, 0x630b, 0x630b, 0x840d, 0x7b8c,
    0x62ea, 0x7bac, 0x83cd, 0x83cd, 0x736b, 0x5aca, 0x5268, 0x3165, 0x2944, 0x2924, 0x2924, 0x2924,
    0x3185, 0x4206, 0x4a06, 0x4a06, 0x3185, 0x3985, 0x3985, 0x41e6, 0x5aa8, 0x5267, 0x4a27, 0x4a27,
    0x4a27, 0x5a88, 0x62c8, 0x5247, 0x5247, 0x62c8, 0x62c8, 0x7b6a, 0x7b6a, 0x7b6a, 0x7b6a, 0x7b6a,
    0x732a, 0x62c8, 0x62c8, 0x62a8, 0x2944, 0x2944, 0x3164, 0x39a5, 0x3165, 0x2924, 0x2944, 0x3985,
    0x39a5, 0x4a06, 0x5a87, 0x5a67, 0x5a67, 0x5267, 0x5267, 0x6ae8, 0x62c8, 0x41e5, 0x41e5, 0x3164,
    0x3164, 0x39a5, 0x41c5, 0x4a06, 0x5246, 0x5246, 0x5246, 0x6ac8, 0x7309, 0x6ae8, 0x5a87, 0x5a67,
    0x5206, 0x5a67, 0x5a67, 0x6267, 0x6267, 0x6267, 0x6267, 0x6267, 0x6267, 0x6267, 0x6267, 0x6267,
    0x6287, 0x6287, 0x6287, 0x6287, 0x6287, 0x6287, 0x6287, 0x5a67, 0x6287, 0x72e8, 0x72e8, 0x72e8,
    0x72e8, 0x72e9, 0x6aa8, 0x6aa8, 0x6aa8, 0x6aa8, 0x6aa8, 0x6aa8, 0x6aa8, 0x72e8, 0x7309, 0x7309,
    0x72e9, 0x6aa8, 0x62a7, 0x6267, 0x5a47, 0x5a26, 0x5206, 0x5206, 0x5206, 0x5226, 0x5a67, 0x6267,
    0x6aa8, 0x6aa8, 0x6287, 0x5a67, 0x5a67, 0x5a46, 0x5226, 0x5a47, 0x5a47, 0x5a46, 0x5226, 0x5206,
    0x5206, 0x4a06, 0x4a06, 0x49e6, 0x49e5, 0x49e5, 0x5206, 0x5206, 0x5206, 0x5206, 0x5a46, 0x5226,
    0x49e5, 0x41c5, 0x3144, 0x3164, 0x3984, 0x41c5, 0x41c5, 0x49e5, 0x49e5, 0x49e5, 0x4a06, 0x49e5,
    0x49e5, 0x49e5, 0x5226, 0x5246, 0x5a46, 0x5a47, 0x5a67, 0x5a47, 0x5226, 0x5226, 0x5226, 0x5a47,
    0x5206, 0x5226, 0x49e5, 0x49e5, 0x49e5, 0x4a06, 0x5246, 0x5246, 0x5a46, 0x5a46, 0x836a, 0x93eb,
    0x93eb, 0x93eb, 0x93eb, 0x9c2c, 0xa44d, 0x9c2c, 0x838a, 0x8bab, 0x8bcb, 0x8bcb, 0x836a, 0x83ab,
    0x8bcb, 0x83aa, 0x8bab, 0x8bab, 0x83ab, 0x83ab, 0x83ab, 0x5a67, 0x5247, 0x5267, 0x5a87, 0x5a87,
    0x5a88, 0x62a8, 0x5a88, 0x5247, 0x7329, 0xb50f, 0xb50f, 0xacae, 0xacae, 0xacce, 0xacce, 0xb50f,
    0x9c6d, 0xacce, 0xb4ef, 0xc570, 0xde33, 0xe653, 0xb4ef, 0xa4ae, 0xdce7, 0xfd04, 0xfe23, 0xff42,
    0xff69, 0xff42, 0xff62, 0xf6d5, 0xf6f5, 0xb551, 0xb572, 0xc467, 0xbcaa, 0xb572, 0xd635, 0xbced,
    0xfff4, 0xffff, 0xfffd, 0xfffd, 0xef3a, 0xce57, 0xad33, 0x738e, 0x738e, 0x738e, 0x8410, 0x8c71,
    0xad74, 0xc5f6, 0xded9, 0xce57, 0xad54, 0xbdb5, 0xc5f6, 0xad74, 0xb574, 0xb574, 0xd678, 0xe6fa,
    0xc616, 0xc616, 0x73af, 0x73af, 0x73af, 0x7baf, 0x7baf, 0x7baf, 0x8c31, 0x9472, 0x7bef, 0x738e,
    0xbdd5, 0xad74, 0xad33, 0x9491, 0x8c51, 0xbdb5, 0xb574, 0xa512, 0x83ef, 0x6b6d, 0xa512, 0xad53,
    0xa4f2, 0xa4f2, 0xa4f2, 0xad53, 0x9cb1, 0x6b4d, 0x8c30, 0xce36, 0xb574, 0x736d, 0x83ef, 0x9450,
    0xad32, 0xad52, 0xad32, 0x7bae, 0x83ee, 0x946f, 0x7bcd, 0x8c4f, 0x8c2e, 0x83ee, 0x736c, 0x734c,
    0x6b4c, 0x944f, 0x8c2e, 0x7bcd, 0x7bad, 0x6b4b, 0x840e, 0x840d, 0x62ea, 0x7bad, 0x944e, 0x83cd,
    0x83cd, 0x62ca, 0x5248, 0x3165, 0x2944, 0x2124, 0x2924, 0x2924, 0x3164, 0x3185, 0x41c6, 0x4a06,
    0x3185, 0x3185, 0x3985, 0x41e6, 0x5aa8, 0x5aa8, 0x5aa8, 0x4a27, 0x4a27, 0x5a88, 0x62c8, 0x5247,
    0x5247, 0x62c8, 0x62c8, 0x7b6a, 0x7b6a, 0x7b6a, 0x7b6a, 0x7b6a, 0x732a, 0x62c8, 0x62c8, 0x62a8,
    0x5a87, 0x41e6, 0x3164, 0x39a5, 0x3165, 0x2924, 0x2944, 0x3985, 0x39a5, 0x4a06, 0x4a06, 0x5a67,
    0x5a67, 0x5267, 0x5267, 0x6ae8, 0x62c8, 0x41e5, 0x41e5, 0x3164, 0x3164, 0x3164, 0x41c5, 0x4a06,
    0x5246, 0x5246, 0x5246, 0x62c8, 0x7309, 0x6ae8, 0x62a8, 0x62a8, 0x5a67, 0x5a67, 0x5a67, 0x6267,
    0x6267, 0x6267, 0x6267, 0x6267, 0x6267, 0x6267, 0x6267, 0x6267, 0x6287, 0x6287, 0x6287, 0x6287,
    0x6287, 0x6287, 0x6287, 0x5a67, 0x72e8, 0x72e8, 0x72e8, 0x72e8, 0x72e8, 0x72e9, 0x6287, 0x6aa8,
    0x6aa8, 0x6aa8, 0x6aa8, 0x6aa8, 0x6aa8, 0x72e8, 0x7309, 0x7309, 0x6ac8, 0x6aa8, 0x6aa7, 0x6267,
    0x5a47, 0x5226, 0x5206, 0x5206, 0x5206, 0x5226, 0x6267, 0x6267, 0x6aa8, 0x6ac8, 0x5a47, 0x5a67,
    0x5a67, 0x5a46, 0x5a26, 0x5a47, 0x5a47, 0x5a46, 0x5226, 0x5206, 0x5206, 0x4a06, 0x4a06, 0x49e6,
    0x49e5, 0x49e5, 0x5206, 0x5206, 0x5206, 0x5226, 0x5a46, 0x5246, 0x49e5, 0x41c5, 0x3144, 0x3164,
    0x3164, 0x3964, 0x41c5, 0x49e5, 0x49e5, 0x49e5, 0x4a06, 0x49e5, 0x49e5, 0x49e5, 0x49e5, 0x5226,
    0x5a46, 0x5a47, 0x5a67, 0x5a47, 0x5226, 0x5226, 0x5226, 0x5a47, 0x6287, 0x5a46, 0x49e5, 0x49e5,
    0x49e5, 0x4a06, 0x5246, 0x5246, 0x5a46, 0x5a46, 0x836a, 0x93eb, 0x93eb, 0x93eb, 0x93eb, 0xa46d,
    0xa44d, 0x940c, 0x838a, 0x8bab, 0x8bcb, 0x8bab, 0x836a, 0x83ab, 0x8bcb, 0x8bcb, 0x8bab, 0x8bab,
    0x83ab, 0x83ab, 0x83ab, 0x5a67, 0x4a06, 0x5247, 0x5a67, 0x5a87, 0x5a88, 0x5aa8, 0x5a88, 0x5247,
    0x5247, 0x5247, 0x940c, 0xacae, 0xacae, 0xacce, 0xacce, 0xcd91, 0xcd91, 0xacce, 0xb4ef, 0xc570,
    0xde33, 0xde13, 0xcdb1, 0xbd50, 0xfd04, 0xfd04, 0xfea2, 0xff42, 0xff69, 0xff97, 0xff90, 0xf6d5,
    0xf6f5, 0xb551, 0xb572, 0xc467, 0xbcaa, 0xb572, 0xc5b3, 0xbced, 0xffea, 0xfff1, 0xfffd, 0xffbc,
    0xef3a, 0xd698, 0xad33, 0x738e, 0x738e, 0x738e, 0x7bcf, 0x8c71, 0xbdd5, 0xbdd5, 0xded9, 0xc616,
    0x9471, 0xbdb5, 0xc5f6, 0xad54, 0xad74, 0xad74, 0xd678, 0xe6fa, 0xc616, 0xc616, 0xb574, 0x73af,
    0x73af, 0x73af, 0x73af, 0x9492, 0x9492, 0x9471, 0x7bef, 0x738e, 0xad33, 0xad33, 0xad33, 0x9491,
    0x8c51, 0xbdb5, 0xb574, 0xa512, 0x83ef, 0x736d, 0x6b6d, 0x73ae, 0xa4f2, 0xa4f2, 0xa4f2, 0xad53,
    0x9cb1, 0x6b4d, 0x8c50, 0xce36, 0xce36, 0xce36, 0x7bae, 0x9470, 0xad32, 0xad12, 0xa512, 0x7bce,
    0x83ee, 0x946f, 0x7bce, 0x738d, 0x8c2e, 0x83ee, 0x736c, 0x736c, 0x6b4c, 0x83ed, 0x944f, 0x83cd,
    0x7bcd, 0x7bac, 0x8c0e, 0x8c0d, 0x630b, 0x7bcd, 0x9c8f, 0x8c0e, 0x83cd, 0x62ca, 0x5a88, 0x39a5,
    0x2944, 0x2124, 0x2924, 0x2924, 0x3164, 0x3185, 0x3185, 0x3185, 0x3185, 0x3185, 0x3185, 0x41e6,
    0x5aa8, 0x5aa8, 0x5aa8, 0x5aa8, 0x62a8, 0x5a88, 0x62c8, 0x5247, 0x5247, 0x62c8, 0x62c8, 0x7b6a,
    0x7b6a, 0x7b6a, 0x7b6a, 0x7b6a, 0x732a, 0x62c8, 0x62c8, 0x62a8, 0x5a87, 0x4a26, 0x4a26, 0x41e6,
    0x3165, 0x2924, 0x2944, 0x3985, 0x39a5, 0x4a06, 0x4a06, 0x5a67, 0x5a67, 0x5267, 0x5267, 0x6ae8,
    0x62c8, 0x41e5, 0x41e5, 0x3164, 0x3164, 0x3164, 0x3164, 0x41c5, 0x5246, 0x5246, 0x5246, 0x62c8,
    0x7309, 0x6ae8, 0x62a8, 0x62a8, 0x5a67, 0x5a67, 0x5a67, 0x6267, 0x6267, 0x6267, 0x6267, 0x6267,
    0x6267, 0x6267, 0x6267, 0x6267, 0x6287, 0x6287, 0x6287, 0x6287, 0x6287, 0x6287, 0x6287, 0x6aa8,
    0x72e8, 0x72e8, 0x72e8, 0x72e8, 0x72e8, 0x6287, 0x6287, 0x6aa8, 0x6aa8, 0x6aa8, 0x6aa8, 0x6aa8,
    0x6aa8, 0x72e8, 0x7309, 0x72e8, 0x6aa8, 0x6aa8, 0x6aa7, 0x6267, 0x5a46, 0x5206, 0x5206, 0x5206,
    0x5206, 0x5a47, 0x6267, 0x6267, 0x6aa8, 0x6287, 0x5226, 0x5a67, 0x5a67, 0x5a46, 0x5a46, 0x5a47,
    0x5a47, 0x5a46, 0x5a46, 0x5206, 0x5206, 0x4a06, 0x4a06, 0x49e6, 0x49e5, 0x5206, 0x5206, 0x5206,
    0x5206, 0x5a46, 0x5a46, 0x5246, 0x49c5, 0x41c5, 0x3144, 0x3164, 0x3164, 0x3964, 0x3964, 0x49e5,
    0x49e5, 0x49e5, 0x4a06, 0x49e5, 0x49e5, 0x49e5, 0x49e5, 0x4a06, 0x5a46, 0x5a47, 0x5a67, 0x5a47,
    0x5226, 0x5226, 0x5226, 0x5a47, 0x6287, 0x62a7, 0x5226, 0x49e5, 0x49e5, 0x4a06, 0x5246, 0x5246,
    0x5a46, 0x5a47, 0x836a, 0x93eb, 0x93eb, 0x93eb, 0x9c0c, 0xa46d, 0xa46d, 0x93eb, 0x838a, 0x8bcb,
    0x8bcb, 0x838a, 0x836a, 0x8bab, 0x8bcb, 0x8bcb, 0x8bcb, 0x8bab, 0x83ab, 0x83ab, 0x7b8a, 0x5a67,
    0x4a06, 0x4a26, 0x5247, 0x5a87, 0x5a88, 0x5aa8, 0x5a88, 0x5247, 0x5247, 0x5247, 0x5267, 0x838a,
    0xacae, 0xacce, 0xacce, 0xd5f2, 0xde12, 0xc570, 0xb52f, 0xcdd2, 0xde33, 0xd5f2, 0xcdb1, 0xcdb1,
    0xbd30, 0xe528, 0xfea2, 0xff42, 0xff70, 0xff97, 0xff16, 0xd613, 0xe695, 0xcd2d, 0xb552, 0xc467,
    0xb489, 0xa4d0, 0xbdb3, 0xbced, 0xffe6, 0xffe2, 0xffff, 0xffbc, 0xef3a, 0xbdd5, 0xad33, 0xdeb8,
    0x738e, 0x738e, 0x7bcf, 0x8c51, 0xded9, 0xd678, 0xded9, 0xc616, 0x9471, 0xad53, 0xb594, 0xad54,
    0xad54, 0xad54, 0xd678, 0xe6fa, 0xc616, 0xc616, 0xb574, 0x8c30, 0x73af, 0x73af, 0x73af, 0x9492,
    0xa513, 0xad54, 0x738e, 0x738e, 0xad33, 0x9492, 0x8c51, 0x9491, 0x8c51, 0xbdb5, 0xa4f2, 0x736e,
    0x736e, 0x736d, 0x736d, 0x7bae, 0x8c30, 0x9470, 0xa4f2, 0xad53, 0x9cb1, 0x6b4d, 0x8c50, 0xce56,
    0xce36, 0xce36, 0x6b4c, 0x83ee, 0xad32, 0xad32, 0xad12, 0x7bce, 0x83ee, 0x946f, 0x840e, 0x738d,
    0x8c2e, 0x8c2e, 0x7bad, 0x736c, 0x6b4c, 0x83ed, 0x83ed, 0x736c, 0x7bcd, 0x7bcc, 0x83ed, 0x8c0e,
    0x5269, 0x736c, 0x9c8f, 0x8c2e, 0x83ed, 0x62ca, 0x5289, 0x5247, 0x5268, 0x2124, 0x2124, 0x2924,
    0x3164, 0x3185, 0x3185, 0x3185, 0x3185, 0x3185, 0x3185, 0x41e6, 0x5a88, 0x5aa8, 0x5aa8, 0x5aa8,
    0x5aa8, 0x5247, 0x5247, 0x4a47, 0x5247, 0x62c8, 0x62c8, 0x7b6a, 0x7b6a, 0x7b6a, 0x7b6a, 0x62c8,
    0x732a, 0x62c8, 0x62c8, 0x62a8, 0x5a87, 0x4a26, 0x4a26, 0x4a26, 0x5247, 0x4a26, 0x2944, 0x3985,
    0x39a5, 0x4a06, 0x4a06, 0x5a67, 0x5a67, 0x5267, 0x5267, 0x5a87, 0x62c8, 0x41e5, 0x41e5, 0x3164,
    0x3164, 0x3164, 0x3164, 0x39a5, 0x41c5, 0x41e5, 0x5246, 0x62c8, 0x7309, 0x6ae8, 0x62a8, 0x62a8,
    0x5a67, 0x5a67, 0x5a67, 0x6267, 0x6267, 0x6267, 0x5a47, 0x6267, 0x6267, 0x6267, 0x6267, 0x6267,
    0x6287, 0x6287, 0x6287, 0x6287, 0x6287, 0x6287, 0x6287, 0x6ac8, 0x72e8, 0x72e8, 0x72e8, 0x72e8,
    0x6ac8, 0x5a67, 0x6287, 0x6aa8, 0x6aa8, 0x6aa8, 0x6aa8, 0x6aa8, 0x6aa8, 0x72e8, 0x7b09, 0x6ac8,
    0x6aa8, 0x6aa8, 0x6aa8, 0x6267, 0x5226, 0x5206, 0x5206, 0x5206, 0x5206, 0x6287, 0x6287, 0x6267,
    0x6aa8, 0x6267, 0x5226, 0x5a67, 0x5a67, 0x5a67, 0x5a47, 0x5a47, 0x5a47, 0x5a67, 0x5a67, 0x5206,
    0x5206, 0x4a06, 0x4a06, 0x49e6, 0x49e5, 0x5226, 0x5206, 0x5206, 0x5226, 0x5a46, 0x5a46, 0x5246,
    0x41c5, 0x41c5, 0x3144, 0x3164, 0x3164, 0x3964, 0x3964, 0x3984, 0x49e5, 0x49e5, 0x4a06, 0x49e5,
    0x49e5, 0x49e5, 0x49e5, 0x4a06, 0x5a46, 0x5a47, 0x5a67, 0x5a47, 0x5226, 0x5226, 0x5226, 0x5a47,
    0x6287, 0x62a7, 0x5a47, 0x5246, 0x49e5, 0x4a06, 0x5246, 0x5246, 0x5a46, 0x5a47, 0x836a, 0x93eb,
    0x93eb, 0x93eb, 0x9c2c, 0xa46d, 0x9c2c, 0x93eb, 0x838a, 0x8bcb, 0x8bcb, 0x838a, 0x836a, 0x8bab,
    0x8bcb, 0x8bcb, 0x8bcb, 0x8bab, 0x83ab, 0x83ab, 0x7b6a, 0x5267, 0x4a06, 0x4a26, 0x4a26, 0x4a06,
    0x5a88, 0x5aa8, 0x5a88, 0x5247, 0x5247, 0x5247, 0x5267, 0x5267, 0x5aa8, 0xacce, 0xbd2f, 0xd5f2,
    0xd5d2, 0xc570, 0xc570, 0xc570, 0xde33, 0xd5f2, 0xcdb1, 0xc591, 0xbd30, 0xbd50, 0xfe23, 0xff22,
    0xff70, 0xff97, 0xff16, 0xd613, 0xd613, 0xc52d, 0xa4d0, 0xe506, 0xb469, 0xa4d0, 0xbdb3, 0xc4c9,
    0xffe6, 0xffea, 0xffff, 0xfffe, 0xef1a, 0xbdd5, 0xb594, 0xdeb8, 0xdeb8, 0xb595, 0x8410, 0x8c51,
    0xdeb9, 0xd677, 0xbdd5, 0xc5f6, 0x8c71, 0xad53, 0xad53, 0xc5f6, 0xb594, 0xad54, 0xe6f9, 0xe6f9,
    0xc5f6, 0xbdd5, 0xb574, 0x8c30, 0x73af, 0xb574, 0x8c30, 0x9492, 0xa513, 0xad54, 0x738e, 0x738e,
    0xad53, 0x9492, 0x8c51, 0xad54, 0xad53, 0xbdb5, 0xa4f2, 0x736e, 0xa4f2, 0xbdb4, 0x736d, 0x7bae,
    0x8c30, 0x8c30, 0x8c30, 0xad33, 0x9cb1, 0x6b4d, 0x840f, 0xb573, 0xc615, 0xce36, 0x6b4c, 0x83ee,
    0xad32, 0xb553, 0xad12, 0x7bce, 0x83ee, 0x946f, 0x7bce, 0x738d, 0x8c4f, 0x8c2e, 0x8c2e, 0x7bad,
    0x734c, 0x7bcd, 0x83ed, 0x6b2c, 0x736c, 0x83ed, 0x840d, 0x8c2e, 0x630a, 0x62ca, 0x946f, 0x8c2e,
    0x83ed, 0x62ea, 0x5248, 0x5247, 0x5268, 0x62c9, 0x5aa8, 0x2124, 0x3144, 0x3185, 0x3185, 0x3185,
    0x3185, 0x3185, 0x3185, 0x41e6, 0x5a88, 0x5a88, 0x5aa8, 0x5aa8, 0x5aa8, 0x5247, 0x4a26, 0x4a27,
    0x4a27, 0x62c8, 0x62c8, 0x7b6a, 0x7b6a, 0x7b6a, 0x7b6a, 0x62c8, 0x62c8, 0x62c8, 0x62c8, 0x62a8,
    0x5a87, 0x4a26, 0x4a26, 0x4a26, 0x5247, 0x5a88, 0x62a8, 0x3985, 0x39a5, 0x4a06, 0x4a06, 0x5a67,
    0x5a67, 0x5267, 0x5267, 0x41e6, 0x41e5, 0x41e5, 0x41e5, 0x3164, 0x3164, 0x3164, 0x3164, 0x39a5,
    0x41c5, 0x41e5, 0x5226, 0x62c8, 0x7309, 0x6ae8, 0x62a8, 0x62a8, 0x5a67, 0x5a67, 0x5a67, 0x6267,
    0x6267, 0x5a47, 0x5a47, 0x6267, 0x6267, 0x6267, 0x6267, 0x6267, 0x6287, 0x6287, 0x6287, 0x6287,
    0x6287, 0x6287, 0x6287, 0x6ac8, 0x72e8, 0x72e8, 0x72e8, 0x72e8, 0x6287, 0x5a67, 0x6287, 0x6aa8,
    0x6aa8, 0x6aa8, 0x6aa8, 0x6aa8, 0x6aa8, 0x72e8, 0x72e8, 0x6aa8, 0x6aa8, 0x6aa8, 0x6aa8, 0x5a67,
    0x5226, 0x5206, 0x5206, 0x5206, 0x6267, 0x6287, 0x6287, 0x6267, 0x6aa8, 0x5a26, 0x5226, 0x5a67,
    0x5a67, 0x5a67, 0x5a47, 0x5a47, 0x5a47, 0x6267, 0x5a67, 0x5206, 0x5206, 0x4a06, 0x4a06, 0x4a06,
    0x49e5, 0x5226, 0x5206, 0x5206, 0x5226, 0x5a46, 0x5a46, 0x49e5, 0x41c5, 0x41c5, 0x3144, 0x3164,
    0x3164, 0x3964, 0x3964, 0x3984, 0x41a5, 0x49e5, 0x4a06, 0x49e5, 0x49e5, 0x49e5, 0x49e5, 0x4a06,
    0x5a46, 0x5a47, 0x5a67, 0x5a47, 0x5226, 0x5226, 0x5246, 0x5a47, 0x6287, 0x62a7, 0x5a47, 0x5a67,
    0x6aa8, 0x4a06, 0x5246, 0x5a46, 0x5a46, 0x5a47, 0x836a, 0x8bcb, 0x93eb, 0x93eb, 0xa46d, 0xa46d,
    0x940c, 0x93eb, 0x838a, 0x8bcb, 0x8bab, 0x838a, 0x836a, 0x8bab, 0x8bcb, 0x8bcb, 0x8bcb, 0x8bab,
    0x8bab, 0x83ab, 0x7b6a, 0x5267, 0x4a06, 0x4a26, 0x4a26, 0x4a06, 0x4a06, 0x5a87, 0x5a87, 0x5247,
    0x5247, 0x5247, 0x5267, 0x5267, 0x5aa8, 0x62c8, 0xa48d, 0xd5f2, 0xd5d2, 0xc570, 0xc570, 0xa48d,
    0xa48e, 0xbd50, 0xcdb1, 0xc591, 0xbd30, 0xbd50, 0xfd24, 0xfd24, 0xff97, 0xff97, 0xee94, 0xd613,
    0xd613, 0xdd29, 0xa4d0, 0xe506, 0xb469, 0x946f, 0xad32, 0xc488, 0xfec5, 0xffea, 0xffff, 0xffbc,
    0xef1a, 0xbdd5, 0xb574, 0xde98, 0xdeb8, 0xdeb8, 0xbdb5, 0xa533, 0xdeb9, 0xd677, 0xbdd5, 0x9cd2,
    0x8c71, 0xad53, 0xb574, 0xc5f6, 0xbdb5, 0xad53, 0xe6f9, 0xe6f9, 0xc5f6, 0xbdd5, 0xb574, 0x8c30,
    0x73af, 0xb574, 0xb574, 0xb5b5, 0xa513, 0xad54, 0x738e, 0x738e, 0xad53, 0x94b2, 0x8c51, 0xad54,
    0xbdd5, 0xbdb5, 0xa4f2, 0x736e, 0xa4f2, 0xbdb4, 0xce57, 0x9cb1, 0x8c30, 0x8c30, 0x8c30, 0xad33,
    0xb573, 0x6b4d, 0x840f, 0xb573, 0xc5d5, 0xce36, 0x6b4c, 0x83ee, 0xad52, 0xbd93, 0xc5f5, 0x7bce,
    0x7bce, 0x946f, 0x7bad, 0x62eb, 0x7bcd, 0x8c2e, 0x8c2e, 0x7bcd, 0x736c, 0x738c, 0x83ed, 0x6b4c,
    0x736c, 0x8c2e, 0x8c2e, 0x8c2e, 0x630b, 0x62ea, 0x8c0d, 0x8c2e, 0x8c2e, 0x62ea, 0x5268, 0x4a47,
    0x5267, 0x62c9, 0x5aa8, 0x5267, 0x39c5, 0x3165, 0x3185, 0x3185, 0x3185, 0x3185, 0x3185, 0x39a5,
    0x4a06, 0x5247, 0x5aa8, 0x5aa8, 0x5aa8, 0x5247, 0x4a26, 0x4a26, 0x4a27, 0x39a5, 0x5267, 0x7b6a,
    0x7b6a, 0x7b6a, 0x7b6a, 0x62c8, 0x62c8, 0x62c8, 0x5a88, 0x5a87, 0x5a87, 0x4a26, 0x4a26, 0x4a26,
    0x5247, 0x5a88, 0x62a8, 0x6b09, 0x5a88, 0x4a06, 0x4a06, 0x5a67, 0x5a67, 0x5267, 0x5267, 0x41e6,
    0x41e5, 0x2904, 0x2904, 0x3164, 0x3164, 0x3164, 0x3164, 0x39a5, 0x41c5, 0x41e5, 0x5226, 0x5a67,
    0x5a67, 0x5a87, 0x62a8, 0x62a8, 0x5a67, 0x5a67, 0x5a67, 0x6267, 0x5a67, 0x5a26, 0x5a47, 0x6267,
    0x6267, 0x6267, 0x6267, 0x6267, 0x6287, 0x6287, 0x6287, 0x6287, 0x6287, 0x6287, 0x6287, 0x6ac8,
    0x72e8, 0x72e8, 0x72e8, 0x72e8, 0x5a67, 0x5a67, 0x6287, 0x6aa8, 0x6aa8, 0x6aa8, 0x6aa8, 0x6aa8,
    0x6aa8, 0x72e8, 0x6ac8, 0x6aa8, 0x6aa8, 0x6aa8, 0x6aa8, 0x5a47, 0x5226, 0x5206, 0x5206, 0x5206,
    0x72c8, 0x6287, 0x6287, 0x6267, 0x6267, 0x5a26, 0x5226, 0x5a67, 0x5a67, 0x5a67, 0x5a47, 0x5a47,
    0x5a67, 0x6287, 0x5a67, 0x5206, 0x5206, 0x4a06, 0x4a06, 0x4a06, 0x5206, 0x5226, 0x5206, 0x5226,
    0x5a47, 0x5a46, 0x5a46, 0x41c5, 0x41c5, 0x41c5, 0x3144, 0x3164, 0x3164, 0x3964, 0x3984, 0x3984,
    0x41a5, 0x41c5, 0x49c5, 0x49e5, 0x49e5, 0x49e5, 0x49e5, 0x4a06, 0x5a46, 0x5a47, 0x5a67, 0x5a67,
    0x5246, 0x5226, 0x5246, 0x5a47, 0x6287, 0x62a7, 0x5a47, 0x5a67, 0x6aa8, 0x6ac8, 0x5a67, 0x5a46,
    0x5a46, 0x5a47, 0x836a, 0x8bab, 0x93eb, 0x940c, 0xa46d, 0xa46d, 0x93eb, 0x93eb, 0x8bab, 0x8bcb,
    0x8bab, 0x838a, 0x836a, 0x8bab, 0x8bcb, 0x8bcb, 0x8bcb, 0x8bcb, 0x8bcb, 0x83ab, 0x7b6a, 0x5267,
    0x4a06, 0x4a26, 0x4a26, 0x4a06, 0x4a06, 0x5247, 0x5247, 0x5247, 0x5247, 0x5247, 0x5267, 0x5267,
    0x5aa8, 0x62c8, 0x62a8, 0x5aa8, 0xcdb1, 0xc570, 0xb50f, 0xa48d, 0xa48e, 0xbd50, 0xcdb1, 0xbd50,
    0xbd30, 0xd52c, 0xfd04, 0xed28, 0xc570, 0xf6f5, 0xee94, 0xd612, 0xd613, 0xdd29, 0x9c8f, 0xfd85,
    0xb469, 0x946f, 0xdd8c, 0xc488, 0xfde6, 0xff73, 0xffff, 0xffbc, 0xe71a, 0xa512, 0xb574, 0xd698,
    0xd698, 0xdeb8, 0xbdb4, 0xad33, 0xbdb5, 0xd677, 0xbdd5, 0x9cd2, 0x8c51, 0x8430, 0xb574, 0xbdd5,
    0xbdb5, 0xad53, 0xc5f6, 0xe6f9, 0xc5f6, 0xbdd5, 0xad74, 0x8c30, 0x73af, 0xb574, 0xb574, 0xc616,
    0xc5f6, 0xb594, 0x738e, 0x738e, 0xad53, 0x8430, 0x7bcf, 0xad54, 0xbdd5, 0xbdd5, 0xa4f2, 0x736e,
    0xa4f2, 0xbdb4, 0xce57, 0xc616, 0xa512, 0x8c30, 0x8c30, 0xad33, 0xb594, 0x8c0f, 0x8c50, 0xb573,
    0xc5d5, 0xce56, 0x6b4c, 0x83ee, 0xad52, 0xbd93, 0xc5f5, 0x7bce, 0x7bce, 0x946f, 0x7bad, 0x62eb,
    0x734c, 0x738d, 0x8c2e, 0x83ee, 0x736c, 0x734c, 0x6b4c, 0x6b4c, 0x738c, 0x8c4e, 0x8c2e, 0x8c2e,
    0x6b0b, 0x5289, 0x8c0d, 0x8c4e, 0x9caf, 0x83ed, 0x5268, 0x4a47, 0x5267, 0x62c9, 0x5aa8, 0x5247,
    0x5267, 0x5267, 0x39c6, 0x3185, 0x3185, 0x3185, 0x3185, 0x39a5, 0x4a06, 0x5247, 0x5a88, 0x5aa8,
    0x5aa8, 0x5247, 0x4a26, 0x4a26, 0x4a27, 0x39a5, 0x39a5, 0x5247, 0x7b6a, 0x7b6a, 0x7b6a, 0x62c8,
    0x62c8, 0x62c8, 0x5a88, 0x4a26, 0x4a26, 0x4a26, 0x4a26, 0x4a26, 0x5247, 0x5a88, 0x62a8, 0x6b09,
    0x5a88, 0x3185, 0x3185, 0x5a67, 0x5a67, 0x5267, 0x5267, 0x41e6, 0x41e5, 0x2904, 0x2904, 0x2103,
    0x2103, 0x3164, 0x3164, 0x39a5, 0x41c5, 0x41e5, 0x5226, 0x5a67, 0x5a67, 0x5247, 0x5226, 0x5a67,
    0x5a67, 0x5a67, 0x6267, 0x6267, 0x5a46, 0x5a26, 0x5a47, 0x6267, 0x6267, 0x6267, 0x5a67, 0x6287,
    0x6287, 0x6287, 0x6287, 0x6287, 0x6287, 0x6287, 0x6287, 0x6ac8, 0x72e8, 0x72e8, 0x72e8, 0x6287,
    0x5a67, 0x5a67, 0x6287, 0x6aa8, 0x6aa8, 0x6aa8, 0x6aa8, 0x6aa8, 0x6aa8, 0x72e8, 0x6aa8, 0x6aa8,
    0x6aa8, 0x6aa8, 0x6aa8, 0x5a46, 0x5226, 0x5206, 0x5206, 0x5a47, 0x72c8, 0x6287, 0x6287, 0x6267,
    0x5a46, 0x5a26, 0x5226, 0x5a67, 0x5a67, 0x5a67, 0x5a47, 0x5a47, 0x6267, 0x6287, 0x5a67, 0x5206,
    0x5a26, 0x4a06, 0x4a06, 0x4a06, 0x5226, 0x5226, 0x5206, 0x5a26, 0x5a47, 0x5a46, 0x5206, 0x41c5,
    0x41c5, 0x41c5, 0x3964, 0x3164, 0x3164, 0x3964, 0x3984, 0x3984, 0x41a5, 0x41c5, 0x41c5, 0x41c5,
    0x49e5, 0x49e5, 0x49e5, 0x4a06, 0x5a46, 0x5a47, 0x5a67, 0x5a67, 0x5a67, 0x5a67, 0x5246, 0x5a47,
    0x6287, 0x62a7, 0x5a47, 0x5a67, 0x6aa8, 0x6ac8, 0x6ac8, 0x62a7, 0x5a46, 0x5a47, 0x836a, 0x83aa,
    0x93eb, 0x9c2c, 0xa46d, 0xa46d, 0x93eb, 0x93eb, 0x8bcb, 0x8bcb, 0x8bab, 0x838a, 0x838a, 0x8bab,
    0x8bcb, 0x8bcb, 0x8bcb, 0x8bcb, 0x8bcb, 0x83ab, 0x7b4a, 0x5267, 0x4a06, 0x4a06, 0x4a26, 0x4a06,
    0x4a06, 0x5247, 0x5a46, 0x6a22, 0x5247, 0x5247, 0x5267, 0x5267, 0x5aa8, 0x62c8, 0x62a8, 0x5aa8,
    0x5a87, 0xc570, 0xb50f, 0xa46d, 0xa48e, 0xc591, 0xcdb1, 0xcdb1, 0xbd30, 0xd52c, 0xfd04, 0xed28,
    0xc570, 0xc571, 0xd5f2, 0xd612, 0xce14, 0xd4e8, 0x9c6f, 0xfd85, 0xbc89, 0x9c8f, 0xdd8c, 0xb4cc,
    0xfde6, 0xff53, 0xffff, 0xfffd, 0xe71a, 0xa512, 0xbdd5, 0xd698, 0xc5f6, 0xd698, 0xa533, 0xad33,
    0xad33, 0xb594, 0xbdd5, 0x9cd2, 0x8410, 0x738e, 0x738e, 0xa513, 0xb574, 0xad53, 0xc5f6, 0xc5f6,
    0xc5f6, 0xbdb5, 0xad54, 0x73af, 0x73af, 0xb574, 0xb595, 0xc616, 0xc5f6, 0xc5f6, 0xc5f6, 0x738e,
    0xad53, 0x8430, 0x738e, 0x738e, 0xa513, 0xbdd5, 0xa512, 0x738e, 0xb594, 0xce57, 0xce57, 0xc616,
    0xa512, 0x9cb1, 0x8c30, 0xad33, 0xb594, 0x8c2f, 0xa4d2, 0xd656, 0xc5d5, 0xce56, 0x6b4d, 0x6b4c,
    0xce35, 0xc5d4, 0xc5f5, 0x7bce, 0x7bce, 0xa4f1, 0x83ee, 0x62eb, 0x734c, 0x738d, 0x8c2e, 0x83ee,
    0x736c, 0x736c, 0x6b4c, 0x6b4c, 0x6b4c, 0x944e, 0x944e, 0x8c2e, 0x7bac, 0x5289, 0x944e, 0x8c0d,
    0x9caf, 0x83ed, 0x5269, 0x4a06, 0x5267, 0x62c8, 0x5aa8, 0x5247, 0x5267, 0x5267, 0x4a06, 0x41e6,
    0x3185, 0x3185, 0x3185, 0x39a5, 0x4a06, 0x5247, 0x5a88, 0x5247, 0x4a26, 0x5247, 0x4a26, 0x4a26,
    0x4a26, 0x39a5, 0x39a5, 0x5247, 0x5247, 0x5247, 0x7b6a, 0x62c8, 0x62c8, 0x62c8, 0x5a88, 0x4a26,
    0x4a26, 0x4a26, 0x5247, 0x4a26, 0x5247, 0x5a88, 0x62a8, 0x6b09, 0x5a88, 0x3185, 0x3185, 0x2924,
    0x3985, 0x5267, 0x5267, 0x41e6, 0x41e5, 0x2904, 0x2904, 0x2103, 0x2103, 0x2944, 0x3164, 0x39a5,
    0x41c5, 0x41e5, 0x5226, 0x5a67, 0x5a67, 0x5247, 0x4a26, 0x5226, 0x5a67, 0x5a67, 0x6267, 0x5a47,
    0x5a26, 0x5a26, 0x5a47, 0x6267, 0x6267, 0x6267, 0x5a47, 0x6287, 0x6287, 0x6287, 0x6287, 0x6287,
    0x6287, 0x6287, 0x6287, 0x6ac8, 0x72e8, 0x72e8, 0x6ac8, 0x5a67, 0x5a67, 0x5a67, 0x6287, 0x6aa8,
    0x6aa8, 0x6aa8, 0x6aa8, 0x6aa8, 0x6aa8, 0x6aa8, 0x6aa8, 0x6aa8, 0x6aa8, 0x6aa8, 0x6267, 0x5a46,
    0x5226, 0x5206, 0x5206, 0x72e8, 0x72c8, 0x6287, 0x6287, 0x5a67, 0x5a46, 0x5a26, 0x5226, 0x5a67,
    0x5a67, 0x5a67, 0x5a47, 0x5a67, 0x6287, 0x6287, 0x5a67, 0x5206, 0x5a26, 0x4a06, 0x4a06, 0x5226,
    0x5226, 0x5226, 0x5206, 0x5a47, 0x5a47, 0x5a46, 0x49c5, 0x41c5, 0x41c5, 0x5206, 0x41a4, 0x3984,
    0x3164, 0x3964, 0x3984, 0x3984, 0x41a5, 0x41c5, 0x41c5, 0x41c5, 0x41a5, 0x49e5, 0x49e5, 0x4a06,
    0x5a46, 0x5a47, 0x5a67, 0x5a67, 0x5a67, 0x5a67, 0x5246, 0x5a47, 0x6287, 0x62a7, 0x5a67, 0x5a67,
    0x6aa8, 0x6ac8, 0x6ac8, 0x6ac8, 0x6aa8, 0x5a47, 0x7b49, 0x83aa, 0x93eb, 0xa44c, 0xa46d, 0x9c2c,
    0x93eb, 0x93eb, 0x8beb, 0x8beb, 0x8bab, 0x838a, 0x838a, 0x8bab, 0x8bcb, 0x8bcb, 0x8bcb, 0x8bcb,
    0x83cb, 0x83ab, 0x7b4a, 0x5a87, 0x4a06, 0x4a06, 0x4a26, 0x4a06, 0x4a06, 0x5247, 0x5a45, 0x6a22,
    0x6243, 0x5267, 0x5267, 0x5267, 0x5aa8, 0x62c8, 0x62a8, 0x5aa8, 0x5a87, 0x5267, 0x8bcb, 0xa46d,
    0xa48e, 0xc591, 0xcdb1, 0xcdb1, 0xcdb1, 0xed48, 0xfd04, 0xd54c, 0xc570, 0xc571, 0xd5f2, 0xd612,
    0xce14, 0xd4e8, 0x8c2d, 0xfde2, 0xbc89, 0x9c8f, 0xdd6c, 0xb4cc, 0xfde6, 0xff53, 0xffff, 0xffdc,
    0xfffd, 0xa512, 0xbdd5, 0xd698, 0xbdb5, 0xbdb5, 0xa513, 0xa533, 0xad33, 0xb594, 0xbdb5, 0x9491,
    0x8410, 0x738e, 0x738e, 0x738e, 0x8410, 0xad53, 0xbdd5, 0xc5f5, 0xc5f6, 0xa533, 0xa4f2, 0x73ae,
    0x73ae, 0xad74, 0xb594, 0xc616, 0xc5f6, 0xc5f6, 0xc5f6, 0xc5f6, 0x9cd2, 0x8430, 0x738e, 0x738e,
    0x738e, 0x8410, 0xa512, 0x738e, 0xb594, 0xde98, 0xde98, 0xc616, 0xa512, 0x9cd1, 0x8c30, 0x738e,
    0x9cd1, 0x8c30, 0xa4f2, 0xd656, 0xc5f5, 0xbdb4, 0x6b4d, 0x6b4c, 0xce35, 0xce15, 0xc615, 0x9490,
    0x7bce, 0xa511, 0x946f, 0x62eb, 0x736c, 0x738d, 0x840e, 0x8c4e, 0x9c8f, 0x7bcd, 0x734c, 0x734c,
    0x6b4c, 0xad11, 0xa4d0, 0x944e, 0x7bac, 0x5289, 0xa4d0, 0xa4d0, 0xa4b0, 0x83ed, 0x5269, 0x4206,
    0x41e6, 0x62c8, 0x5a88, 0x5247, 0x5247, 0x5267, 0x4a06, 0x41e6, 0x41e6, 0x41c5, 0x3185, 0x39a5,
    0x4a06, 0x5247, 0x5a88, 0x5227, 0x4a26, 0x4a26, 0x4a26, 0x4a26, 0x4a26, 0x39a5, 0x39a5, 0x5227,
    0x5247, 0x5247, 0x5247, 0x7329, 0x62c8, 0x62c8, 0x5a88, 0x4a26, 0x4a26, 0x4a26, 0x5247, 0x5aa8,
    0x5aa8, 0x5a88, 0x62a8, 0x6b09, 0x5a88, 0x3185, 0x3185, 0x2924, 0x2944, 0x3165, 0x39c5, 0x41e6,
    0x41e5, 0x2904, 0x2904, 0x2103, 0x2103, 0x2944, 0x3164, 0x3164, 0x3184, 0x41e5, 0x5226, 0x5a67,
    0x5a67, 0x5247, 0x4a26, 0x5226, 0x5a67, 0x5a67, 0x6267, 0x5a26, 0x5a26, 0x5a26, 0x5a47, 0x6267,
    0x6267, 0x6267, 0x5a47, 0x6287, 0x6287, 0x6287, 0x6287, 0x6287, 0x6287, 0x6287, 0x6287, 0x6ac8,
    0x72e8, 0x72e8, 0x6287, 0x5a67, 0x5a67, 0x5a67, 0x6287, 0x6aa8, 0x6aa8, 0x6aa8, 0x6aa8, 0x6aa8,
    0x6a88, 0x6aa8, 0x6aa8, 0x6aa8, 0x6aa8, 0x6aa8, 0x5a67, 0x5a46, 0x5226, 0x5206, 0x5a47, 0x72e8,
    0x72c8, 0x6287, 0x6287, 0x5a46, 0x5a46, 0x5a26, 0x5226, 0x5a67, 0x5a67, 0x5a67, 0x5a47, 0x6287,
    0x6287, 0x6287, 0x5a67, 0x5226, 0x5a26, 0x4a06, 0x4a06, 0x5226, 0x5226, 0x5226, 0x5a46, 0x5a47,
    0x5a47, 0x5226, 0x49c5, 0x41c5, 0x41c5, 0x5226, 0x41a4, 0x41a4, 0x3984, 0x3964, 0x3984, 0x3984,
    0x41a5, 0x41c5, 0x41c5, 0x41c5, 0x41a5, 0x49e5, 0x49e5, 0x4a06, 0x5a46, 0x5a47, 0x5a67, 0x5a67,
    0x5a67, 0x5a67, 0x5246, 0x5a46, 0x6287, 0x62a7, 0x5a67, 0x5a67, 0x6aa8, 0x6ac8, 0x6ac8, 0x6ac8,
    0x6ac8, 0x6ae8, 0x7b29, 0x83aa, 0x93eb, 0xa46d, 0xa46d, 0x9c0c, 0x93eb, 0x93eb, 0x93eb, 0x8beb,
    0x8bab, 0x838a, 0x838a, 0x8bab, 0x8bcb, 0x8bcb, 0x8bcb, 0x8bcb, 0x83ab, 0x838b, 0x7b6a, 0x5a67,
    0x4a06, 0x4a06, 0x4a26, 0x4a06, 0x4a06, 0x5247, 0x5a45, 0x6a22, 0x6243, 0x5a87, 0x5a88, 0x5267,
    0x5aa8, 0x62c8, 0x62a8, 0x5a88, 0x5a87, 0x5267, 0x5aa8, 0x62c8, 0xaccf, 0xc591, 0xcdb1, 0xcdb1,
    0xcdb1, 0xde53, 0xee30, 0xd54c, 0xc570, 0xc591, 0xd5f2, 0xd613, 0xce14, 0xd4e8, 0x8c2d, 0xfde2,
    0xbc89, 0xa4d0, 0xdd6c, 0xb4cc, 0xdeb8, 0xfffe, 0xffff, 0xffdc, 0xdeb8, 0x8c30, 0xad54, 0xd698,
    0xbdb4, 0xbdb4, 0xa512, 0xad33, 0xa533, 0xb594, 0xbdb5, 0x738e, 0x8c50, 0x738e, 0x738e, 0x738e,
    0x8410, 0x9cb2, 0xbdd5, 0xbdd5, 0xbdf5, 0xa513, 0x738e, 0x73ae, 0x73ae, 0xad54, 0xb594, 0xc5f6,
    0xc616, 0xc5f6, 0xc5f6, 0xb574, 0x9471, 0x7bcf, 0x738e, 0x738e, 0x738e, 0x738e, 0x738e, 0x738e,
    0xb594, 0xdeb8, 0xde98, 0xde98, 0xc616, 0x9cd1, 0x8c30, 0x738e, 0x736d, 0xa4f2, 0xa4f2, 0xd676,
    0xc5f5, 0xb573, 0x6b4d, 0x6b4c, 0xce35, 0xce15, 0xce15, 0x8c0f, 0x6b4c, 0xa511, 0x9470, 0x630b,
    0x736c, 0x7b8d, 0x840e, 0x8c2e, 0x9c8f, 0x946f, 0x8c0e, 0x7b8c, 0x734c, 0xad11, 0xad11, 0xad11,
    0x8c2e, 0x5289, 0x8c0e, 0xa4d0, 0xa4d0, 0xa4d0, 0x5269, 0x4206, 0x41e6, 0x4a47, 0x4a26, 0x5247,
    0x5247, 0x5247, 0x4a06, 0x41e6, 0x41e6, 0x39a5, 0x2924, 0x3164, 0x4a06, 0x5247, 0x5a88, 0x4a27,
    0x4a06, 0x4a26, 0x4a26, 0x39a5, 0x4206, 0x39a5, 0x39a5, 0x4a27, 0x5247, 0x5247, 0x5247, 0x7b6a,
    0x732a, 0x62c8, 0x5a88, 0x4a26, 0x4a26, 0x4a26, 0x5247, 0x5aa8, 0x5aa8, 0x5a88, 0x62a8, 0x6b09,
    0x5a88, 0x3185, 0x3185, 0x2924, 0x2944, 0x3165, 0x3165, 0x3164, 0x39a5, 0x2904, 0x2904, 0x2103,
    0x2103, 0x2944, 0x3164, 0x3164, 0x3164, 0x3164, 0x41c5, 0x5267, 0x5a67, 0x5247, 0x4a26, 0x5226,
    0x5a67, 0x5a67, 0x5a47, 0x5a26, 0x5a26, 0x5a26, 0x5a47, 0x6267, 0x6267, 0x5a47, 0x5a47, 0x6287,
    0x6287, 0x6287, 0x6287, 0x6287, 0x6287, 0x6287, 0x6287, 0x6ac8, 0x72e8, 0x6ac8, 0x6287, 0x5a67,
    0x5a67, 0x5a67, 0x6287, 0x6aa8, 0x6aa8, 0x6aa8, 0x6aa8, 0x6aa8, 0x6287, 0x6aa8, 0x6aa8, 0x6aa8,
    0x6aa8, 0x6267, 0x5a67, 0x5a46, 0x5226, 0x5226, 0x72e8, 0x72e8, 0x72c8, 0x6287, 0x5a67, 0x5a46,
    0x5a46, 0x5a26, 0x5a46, 0x5a67, 0x5a67, 0x5a67, 0x5a67, 0x62a7, 0x6287, 0x6287, 0x5a67, 0x5a46,
    0x5a26, 0x4a06, 0x5206, 0x5226, 0x5226, 0x5226, 0x5a67, 0x5a47, 0x5a47, 0x5206, 0x49c5, 0x41c5,
    0x49e5, 0x5226, 0x41a4, 0x41a4, 0x3984, 0x41a4, 0x3984, 0x3984, 0x41a5, 0x41c5, 0x41c5, 0x41c5,
    0x41a5, 0x49e5, 0x49e5, 0x4a06, 0x5a46, 0x5a47, 0x5a67, 0x5a67, 0x5a67, 0x5a67, 0x5246, 0x5a46,
    0x5a46, 0x6287, 0x5a67, 0x5a67, 0x6aa8, 0x6ac8, 0x6ac8, 0x6ac8, 0x6ac8, 0x6ae8, 0x836a, 0x83aa,
    0x9c0c, 0xa46d, 0xa46d, 0x93eb, 0x93eb, 0x93eb, 0x93eb, 0x8beb, 0x8bcb, 0x838a, 0x838a, 0x8bab,
    0x8bcb, 0x8bcb, 0x8bcb, 0x8bcb, 0x83ab, 0x838b, 0x7b6a, 0x5a67, 0x4a06, 0x41e6, 0x41e6, 0x4a06,
    0x4a06, 0x5247, 0x5a45, 0x6a22, 0x6243, 0x5a87, 0x5a88, 0x5aa8, 0x5a88, 0x62c8, 0x62a8, 0x5a88,
    0x5a87, 0x5267, 0x5aa8, 0x62c8, 0x62c8, 0xacef, 0xcdb1, 0xcdb1, 0xcdb1, 0xe674, 0xee94, 0xd5d2,
    0xc570, 0xc591, 0xd5f2, 0xd613, 0xc5d3, 0xcd4e, 0xac6b, 0xfee5, 0xbcaa, 0x9cb0, 0xdd6c, 0xa4f1,
    0xdeb8, 0xdeb8, 0xef1a, 0xffdc, 0xde98, 0x8c30, 0xad33, 0xb594, 0xb594, 0xb574, 0xa512, 0xad53,
    0xbdb5, 0xb574, 0xbdb5, 0x736e, 0x8c50, 0xdeb8, 0xb595, 0x738e, 0x8410, 0x9cb2, 0xbdd5, 0xad54,
    0xbdd5, 0x8c51, 0x738e, 0x738e, 0x738e, 0x9cd2, 0xb594, 0xc5f6, 0xc5f6, 0xc5f6, 0xc5f6, 0xb574,
    0x9471, 0x7bcf, 0x738e, 0xbdb5, 0x738e, 0x738e, 0x738e, 0x738e, 0xb594, 0xdeb8, 0xde98, 0xde98,
    0xde97, 0xd697, 0xa4f2, 0x738e, 0x736d, 0xa512, 0xa4f1, 0xbdd4, 0xc5f5, 0xb573, 0x840f, 0x6b4d,
    0x840f, 0xce35, 0xce15, 0x8c0f, 0x6b2c, 0x946f, 0x9490, 0x630b, 0x6b2c, 0x7b8d, 0x738d, 0x83cd,
    0x9cb0, 0x946f, 0x8c0e, 0x83cd, 0x734c, 0xad31, 0xad11, 0xad11, 0xad11, 0x5aa9, 0x8c2e, 0xa4f0,
    0xa4d0, 0xa4d0, 0x5289, 0x4a27, 0x41e6, 0x4a47, 0x4a06, 0x41e6, 0x4a27, 0x5247, 0x4a06, 0x41e6,
    0x41e6, 0x39a5, 0x2924, 0x2924, 0x2924, 0x4a06, 0x5a88, 0x4a27, 0x4a06, 0x4a06, 0x4a26, 0x39a5,
    0x39a5, 0x39a5, 0x39a5, 0x4a26, 0x5227, 0x5247, 0x5247, 0x7b6a, 0x732a, 0x62c8, 0x5a87, 0x4a26,
    0x4a26, 0x4a26, 0x5247, 0x5aa8, 0x5aa8, 0x5a88, 0x62a8, 0x6b09, 0x5a88, 0x3185, 0x3185, 0x2924,
    0x2944, 0x3165, 0x3165, 0x3164, 0x3164, 0x41e5, 0x3144, 0x2103, 0x2103, 0x2944, 0x3164, 0x3164,
    0x3164, 0x3144, 0x3144, 0x5a67, 0x62a8, 0x5247, 0x4a26, 0x5226, 0x5a67, 0x5a47, 0x5226, 0x5a26,
    0x5a26, 0x5a26, 0x5a47, 0x6267, 0x5a67, 0x5a47, 0x5a47, 0x6287, 0x6287, 0x6287, 0x6287, 0x6287,
    0x6287, 0x6287, 0x6287, 0x6ac8, 0x72e8, 0x6287, 0x6287, 0x5a67, 0x5a67, 0x5a67, 0x6287, 0x6aa8,
    0x6aa8, 0x6aa8, 0x6aa8, 0x6288, 0x6267, 0x6aa8, 0x6aa8, 0x6aa8, 0x6287, 0x6267, 0x5a67, 0x5a46,
    0x5226, 0x5a67, 0x72e8, 0x72e8, 0x72c8, 0x6287, 0x5a46, 0x5a46, 0x5a46, 0x5a26, 0x5a47, 0x5a67,
    0x5a67, 0x5a67, 0x6287, 0x62a7, 0x6287, 0x6287, 0x5a47, 0x5a46, 0x5a26, 0x4a06, 0x5226, 0x5226,
    0x5226, 0x5226, 0x5a67, 0x5a47, 0x5a47, 0x49e5, 0x49c5, 0x41c5, 0x5206, 0x5226, 0x41a4, 0x41a4,
    0x3984, 0x41a4, 0x41c5, 0x41a5, 0x41a5, 0x41c5, 0x41c5, 0x41c5, 0x41a5, 0x49e5, 0x49e5, 0x49e5,
    0x4a05, 0x5a47, 0x5a67, 0x5a67, 0x5a67, 0x5a67, 0x5246, 0x5a46, 0x5a46, 0x5a47, 0x5a67, 0x5a67,
    0x6ac8, 0x6ac8, 0x6ac8, 0x6ac8, 0x6ac8, 0x6ae8, 0x836a, 0x8baa, 0xa44c, 0xa46d, 0x9c2c, 0x93eb,
    0x93eb, 0x93eb, 0x93eb, 0x8beb, 0x8bcb, 0x838a, 0x838a, 0x8bab, 0x8bcb, 0x8bcb, 0x8bcb, 0x8bcb,
    0x838a, 0x838b, 0x7b6a, 0x5a67, 0x4a06, 0x41e6, 0x41e6, 0x41c5, 0x41e6, 0x5247, 0x5a45, 0x6a21,
    0x6243, 0x5a87, 0x5a88, 0x5aa8, 0x5247, 0x5a88, 0x62a8, 0x5a88, 0x5a87, 0x5267, 0x5aa8, 0x62c8,
    0x62c8, 0x62e9, 0x8bec, 0xcdb1, 0xd5f2, 0xe674, 0xee94, 0xd5d2, 0xd5f2, 0xd5f2, 0xd5f2, 0xd613,
    0xc5d3, 0xcd4d, 0xac6b, 0xfee5, 0xbcaa, 0x9cb0, 0xd52b, 0xad11, 0xdeb8, 0xdeb8, 0xef1a, 0xffbc,
    0xad54, 0x8c30, 0xad33, 0xbdd5, 0xd678, 0xbdb5, 0xa512, 0xad53, 0xbdb4, 0xa512, 0xad53, 0x736e,
    0xa513, 0xdeb8, 0xdeb8, 0xdeb8, 0x8c51, 0x9cb2, 0xbdd5, 0xad54, 0x8c71, 0x9cf3, 0x738e, 0x738e,
    0x738e, 0x738e, 0x7bef, 0xc5f6, 0xc5f6, 0xc5f6, 0xc5f6, 0xb574, 0x9471, 0x7bef, 0x738e, 0xded9,
    0xded9, 0x8c50, 0x738e, 0x738e, 0xbdb5, 0xdeb8, 0xd677, 0xde98, 0xde97, 0xde97, 0xd697, 0x8c30,
    0x736d, 0xa512, 0xa512, 0xb593, 0xb593, 0xb573, 0x840f, 0x6b4d, 0x840f, 0x7bce, 0xad12, 0x8c0f,
    0x6b2c, 0x946f, 0x9cb0, 0x736d, 0x6b2c, 0x7bad, 0x738d, 0x738d, 0x9cb0, 0x9cb0, 0x8c2e, 0x83cd,
    0x736c, 0x62ea, 0x944f, 0xad11, 0xad11, 0x5aa9, 0x5aa9, 0x734b, 0xa4f0, 0xa4d0, 0x6b0b, 0x4a48,
    0x41e6, 0x4a27, 0x4a06, 0x41c6, 0x41e6, 0x41e6, 0x41e6, 0x41e6, 0x41e6, 0x39a5, 0x2924, 0x2924,
    0x2924, 0x2924, 0x2924, 0x4a27, 0x4a06, 0x4a06, 0x4a26, 0x39a5, 0x39a5, 0x39a5, 0x39a5, 0x4a26,
    0x4a27, 0x5227, 0x5247, 0x7b4a, 0x7329, 0x62c8, 0x5a87, 0x4a26, 0x4a26, 0x4a26, 0x5247, 0x5aa8,
    0x5aa8, 0x5a88, 0x62a8, 0x6b09, 0x62a8, 0x4a06, 0x39a5, 0x2924, 0x2944, 0x3165, 0x3165, 0x3164,
    0x3164, 0x41e5, 0x41e5, 0x5247, 0x3164, 0x2944, 0x3164, 0x3164, 0x3144, 0x3144, 0x3144, 0x5a67,
    0x6b09, 0x62c8, 0x5226, 0x5226, 0x5a67, 0x5226, 0x5226, 0x5a26, 0x5a26, 0x5a26, 0x5a47, 0x6267,
    0x5a46, 0x5a47, 0x5a47, 0x6287, 0x6287, 0x6287, 0x6287, 0x6287, 0x6287, 0x6287, 0x6287, 0x6ac8,
    0x6aa8, 0x6287, 0x6287, 0x5a67, 0x5a67, 0x5a67, 0x6aa8, 0x6aa8, 0x6aa8, 0x6aa8, 0x6aa8, 0x6267,
    0x6267, 0x6aa8, 0x6aa8, 0x6aa8, 0x6287, 0x6267, 0x6267, 0x5a46, 0x5226, 0x72e8, 0x72e8, 0x72e8,
    0x72c8, 0x6287, 0x5a46, 0x5a46, 0x5a46, 0x5a46, 0x6267, 0x5a67, 0x5a67, 0x5a67, 0x6287, 0x62a7,
    0x6287, 0x6287, 0x5a46, 0x5a46, 0x5a46, 0x5206, 0x5226, 0x5226, 0x5226, 0x5a67, 0x5a67, 0x5a47,
    0x5226, 0x49e5, 0x49c5, 0x49e5, 0x5226, 0x5226, 0x41a4, 0x41a4, 0x3984, 0x41a4, 0x41c5, 0x49e5,
    0x41c5, 0x41c5, 0x41c5, 0x41c5, 0x41a5, 0x49e5, 0x49e5, 0x49e5, 0x41e5, 0x49e5, 0x5a67, 0x5a67,
    0x5a67, 0x5a67, 0x5246, 0x5a46, 0x5a46, 0x5a47, 0x5a67, 0x5a67, 0x6ac8, 0x6ac8, 0x6ac8, 0x6ac8,
    0x6ac8, 0x6ae8, 0x836a, 0x8baa, 0xa46d, 0xa46d, 0x93cb, 0x93eb, 0x93eb, 0x93eb, 0x93eb, 0x8beb,
    0x8bcb, 0x838a, 0x838a, 0x8bcb, 0x8bcb, 0x8bcb, 0x83ab, 0x8bcb, 0x7b8a, 0x838b, 0x7b6a, 0x5a67,
    0x4a06, 0x41e6, 0x41e6, 0x41c5, 0x41c5, 0x4a06, 0x5a45, 0x6a21, 0x6243, 0x5a87, 0x5a88, 0x5aa8,
    0x5247, 0x5247, 0x5a67, 0x5a88, 0x5a87, 0x5267, 0x5aa8, 0x62c8, 0x62c8, 0x62e8, 0x6b29, 0x734a,
    0xd5f2, 0xee74, 0xe653, 0xd5d2, 0xd5f2, 0xd5f2, 0xd5f2, 0xd613, 0xbd71, 0xc5b3, 0xa44a, 0xffe8,
    0xd509, 0x9cb0, 0xa4d0, 0xad11, 0xd677, 0xdeb8, 0xef1a, 0xffbc, 0xc5f5, 0x9cb1, 0xb594, 0xbdd5,
    0xd677, 0xc5f6, 0xa512, 0xb574, 0xb5b4, 0xa512, 0x9cd2, 0x8c50, 0xad33, 0xd698, 0xdeb8, 0xdeb8,
    0x8c51, 0x9cb2, 0xbdd5, 0x9cd2, 0x8c51, 0xc5f6, 0xc5f6, 0x738e, 0x738e, 0x738e, 0x7bcf, 0x9471,
    0xc5f6, 0xc5f6, 0xc5f6, 0xb574, 0x9471, 0x7bef, 0x738e, 0xe6d9, 0xded9, 0xded8, 0xbdb5, 0x738e,
    0xbdb5, 0xdeb8, 0xc5f5, 0xc615, 0xde98, 0xde97, 0xde97, 0xa4f2, 0x736d, 0xa512, 0xa512, 0xb593,
    0xb593, 0xb593, 0x8c50, 0x6b4d, 0x840f, 0x7bce, 0x6b2c, 0x9490, 0x6b2c, 0x946f, 0x9cb0, 0x7bad,
    0x83ee, 0x83ee, 0x7b8d, 0x738d, 0x9cb0, 0x9cb0, 0x8c2e, 0x83ed, 0x736c, 0x62eb, 0x5aaa, 0x5aaa,
    0x944e, 0x5aa9, 0x5aa9, 0x5aa9, 0x5a89, 0x734b, 0x6b2b, 0x4a48, 0x41e6, 0x4a27, 0x4a06, 0x41c5,
    0x41e6, 0x41e6, 0x3185, 0x3165, 0x41e6, 0x39a5, 0x2924, 0x2924, 0x2924, 0x2924, 0x2924, 0x2924,
    0x3165, 0x4a06, 0x4a06, 0x3985, 0x39a5, 0x39a5, 0x39a5, 0x4a26, 0x4a26, 0x41c6, 0x5247, 0x734a,
    0x7329, 0x62a8, 0x5a87, 0x4a26, 0x4a26, 0x4a26, 0x5247, 0x5aa8, 0x5aa8, 0x5a88, 0x62a8, 0x6b09,
    0x62a8, 0x4a06, 0x4a06, 0x2924, 0x2944, 0x3165, 0x3165, 0x3164, 0x3164, 0x41e5, 0x41e5, 0x5247,
    0x5247, 0x4a06, 0x3164, 0x3164, 0x3144, 0x3144, 0x3144, 0x5a67, 0x6b09, 0x62c8, 0x5267, 0x5247,
    0x5a46, 0x5226, 0x5a26, 0x5a26, 0x5a26, 0x5a26, 0x5a47, 0x5a47, 0x5a46, 0x5a47, 0x5a47, 0x6287,
    0x6287, 0x6287, 0x6287, 0x6287, 0x6287, 0x6287, 0x6287, 0x6aa8, 0x6287, 0x6287, 0x6287, 0x5a67,
    0x5a67, 0x6287, 0x6aa8, 0x6aa8, 0x6aa8, 0x6aa8, 0x6287, 0x6267, 0x6287, 0x6aa8, 0x6aa8, 0x6aa8,
    0x6287, 0x6267, 0x6267, 0x5a46, 0x6aa8, 0x72e8, 0x72e8, 0x72e8, 0x72c8, 0x5a47, 0x5a46, 0x5a46,
    0x5a46, 0x5a47, 0x6267, 0x5a67, 0x5a67, 0x6267, 0x6aa8, 0x62a7, 0x6287, 0x6267, 0x5a46, 0x5a46,
    0x5a46, 0x5226, 0x5226, 0x5226, 0x5226, 0x5a67, 0x5a67, 0x5a47, 0x5206, 0x49e5, 0x49c5, 0x49e5,
    0x5226, 0x5226, 0x41a4, 0x41a4, 0x3984, 0x41a4, 0x41c5, 0x49e5, 0x49e5, 0x49e5, 0x41c5, 0x41c5,
    0x41a5, 0x49e5, 0x49e5, 0x49e5, 0x41e5, 0x41c5, 0x41c5, 0x5a67, 0x5a67, 0x5a67, 0x5246, 0x5a46,
    0x5a47, 0x5a47, 0x5a67, 0x5a67, 0x6ac8, 0x6ac8, 0x6ac8, 0x6ac8, 0x6ac8, 0x6ae8, 0x836a, 0x8bab,
    0xa46d, 0xa46d, 0x838a, 0x93eb, 0x9c0c, 0x93eb, 0x93eb, 0x8beb, 0x8bcb, 0x838a, 0x838a, 0x8bcb,
    0x8bcb, 0x8bcb, 0x838b, 0x8bcb, 0x7b6a, 0x838a, 0x7b6a, 0x5a67, 0x4a06, 0x41e6, 0x41e6, 0x41c5,
    0x41c5, 0x41e5, 0x4a26, 0x6a21, 0x6243, 0x5a87, 0x5a88, 0x5aa8, 0x5247, 0x5247, 0x5a67, 0x62c8,
    0x5a88, 0x5267, 0x5aa8, 0x62c8, 0x62c8, 0x62e8, 0x6b09, 0x734a, 0x734a, 0x9c6d, 0xe653, 0xd5d2,
    0xd5f2, 0xd5f2, 0xd5f2, 0xd613, 0xb551, 0xc5b3, 0xa44a, 0xffe8, 0xd509, 0x9cb0, 0xa4d0, 0xb552,
    0xc616, 0xdeb8, 0xf75a, 0xffbc, 0xbdf5, 0xa4f2, 0xa512, 0xbdd5, 0xd677, 0xb574, 0xa512, 0x8c71,
    0xa513, 0xa512, 0x9cd2, 0x8c30, 0xa4f2, 0xc5f6, 0xd698, 0xde98, 0x8c51, 0x9491, 0xad33, 0x9cd2,
    0x8c51, 0xc5f6, 0xdeb9, 0xded9, 0x94b2, 0x738e, 0x7bcf, 0x9471, 0xad74, 0xb594, 0xc5f6, 0xb574,
    0x9471, 0x7bef, 0x73ae, 0xe6d9, 0xe6d9, 0xded8, 0xc5f6, 0x8c71, 0xc5f6, 0xdeb8, 0xc5f5, 0xc615,
    0xdeb8, 0xde97, 0xde97, 0xa512, 0x736d, 0xa512, 0xa512, 0xbd93, 0xb593, 0xb593, 0x9490, 0x8c0f,
    0x840f, 0x7bce, 0x6b2c, 0x9490, 0xad32, 0xad11, 0xad11, 0x7bad, 0x83ee, 0x946f, 0x83cd, 0x736c,
    0x944f, 0x9cb0, 0x8c2e, 0x8c2e, 0x7bcd, 0x62eb, 0x5aca, 0x5aaa, 0x5aaa, 0x630b, 0x5aa9, 0x5aa9,
    0x5aa9, 0x5a89, 0x62ea, 0x5289, 0x3165, 0x4a27, 0x4a06, 0x41c5, 0x41c5, 0x41e6, 0x3185, 0x3165,
    0x3165, 0x3185, 0x2924, 0x2924, 0x2924, 0x2924, 0x2924, 0x2924, 0x2924, 0x3165, 0x41c6, 0x3985,
    0x3985, 0x39a5, 0x39a5, 0x4a26, 0x4a26, 0x39a5, 0x39a5, 0x5a88, 0x7329, 0x62a8, 0x5a87, 0x4a26,
    0x4a26, 0x4a26, 0x4a26, 0x4a26, 0x5247, 0x5a88, 0x62a8, 0x6b09, 0x62a8, 0x4a06, 0x4a06, 0x2924,
    0x3164, 0x41e6, 0x3165, 0x3164, 0x3164, 0x41e5, 0x41e5, 0x5247, 0x5247, 0x5246, 0x5226, 0x4a06,
    0x3144, 0x3144, 0x3144, 0x5a67, 0x6b09, 0x62c8, 0x5267, 0x5247, 0x5226, 0x5226, 0x5a26, 0x5a26,
    0x5a26, 0x5a26, 0x5a46, 0x5a46, 0x5a46, 0x5a47, 0x5a47, 0x6287, 0x6287, 0x6287, 0x6287, 0x6287,
    0x6287, 0x6287, 0x6287, 0x6aa8, 0x6287, 0x6287, 0x6287, 0x5a67, 0x6267, 0x6aa8, 0x6aa8, 0x6aa8,
    0x6aa8, 0x6aa8, 0x6267, 0x6267, 0x6287, 0x6aa8, 0x6aa8, 0x6aa8, 0x6287, 0x6267, 0x6267, 0x5a46,
    0x72e8, 0x72e8, 0x72e8, 0x72e8, 0x6aa8, 0x5a47, 0x5a46, 0x5a46, 0x5a46, 0x6267, 0x6267, 0x5a67,
    0x5a67, 0x5a67, 0x6aa8, 0x62a7, 0x6287, 0x5a46, 0x5a46, 0x5a46, 0x5a47, 0x5226, 0x5226, 0x5226,
    0x5a67, 0x5a67, 0x5a67, 0x5a46, 0x49e5, 0x49e5, 0x49c5, 0x4a06, 0x5226, 0x5226, 0x41a4, 0x41a4,
    0x3984, 0x41a4, 0x41c5, 0x49e5, 0x49e5, 0x49e5, 0x41c5, 0x41c5, 0x41a5, 0x49e5, 0x49e5, 0x49e5,
    0x41e5, 0x41c5, 0x41c5, 0x41c5, 0x5246, 0x5a67, 0x5246, 0x5a46, 0x5a47, 0x5a47, 0x5a67, 0x5a67,
    0x6ac8, 0x6ac8, 0x6ac8, 0x6ac8, 0x6ae8, 0x6ae8, 0x836a, 0x93eb, 0xa46d, 0x9c2c, 0x838a, 0x93eb,
    0x9c4c, 0x93eb, 0x93eb, 0x93eb, 0x83ab, 0x838a, 0x838a, 0x8bcb, 0x8bcb, 0x8bcb, 0x7b8a, 0x83ab,
    0x7b4a, 0x7b8a, 0x7b6a, 0x5a67, 0x4a06, 0x41e6, 0x41e6, 0x41c5, 0x41c5, 0x41e5, 0x4a06, 0x62a8,
    0x6266, 0x5a87, 0x5a88, 0x5a88, 0x5247, 0x5227, 0x5267, 0x62c8, 0x62e8, 0x5a88, 0x5aa8, 0x62c8,
    0x62c8, 0x62e8, 0x6b09, 0x734a, 0x734a, 0x734a, 0x8bec, 0xd5d2, 0xd5f2, 0xd5f2, 0xd5f2, 0xcdf3,
    0xacf0, 0xbd71, 0xa44a, 0xffe8, 0xfe0a, 0x9cb0, 0x9cb0, 0xb552, 0xce36, 0xdeb8, 0xdeb8, 0xffbc,
    0xa4f2, 0xa4f2, 0xa4f2, 0xad53, 0xc616, 0xb574, 0xa512, 0x8c51, 0x94b1, 0xb574, 0x9cb2, 0x8c30,
    0xa4f2, 0xbdb5, 0xd698, 0xd698, 0x8c50, 0x9cb2, 0xad33, 0xb594, 0xad53, 0xc5f6, 0xdeb9, 0xdeb9,
    0xded9, 0xded9, 0x8430, 0x9471, 0xad74, 0x9cd2, 0x73ae, 0x9cb2, 0x9471, 0x7bef, 0x73ae, 0xe6d9,
    0xe6d9, 0xe6d9, 0xc5f6, 0x9471, 0xad53, 0xbdd5, 0xc5f5, 0xc615, 0xdeb8, 0xd656, 0xbdb4, 0x9cd1,
    0x736d, 0xa512, 0xa512, 0xa512, 0xad52, 0xb593, 0x9490, 0x8c2f, 0x8c0f, 0x7bce, 0x6b2c, 0x83ee,
    0xad32, 0xad32, 0xad11, 0x7bce, 0x7bad, 0x946f, 0x83ed, 0x62eb, 0x8c2e, 0x9cb0, 0x8c2e, 0x8c2e,
    0x8c2e, 0x83ed, 0x5aca, 0x5aca, 0x5aaa, 0x6b2b, 0x734b, 0x6b0a, 0x5aa9, 0x5aa9, 0x62ea, 0x6b2b,
    0x3164, 0x39c5, 0x39c5, 0x39c5, 0x41c5, 0x41c5, 0x3185, 0x3165, 0x3165, 0x3165, 0x3165, 0x2924,
    0x2924, 0x2924, 0x2924, 0x2924, 0x2924, 0x3164, 0x3985, 0x3985, 0x3985, 0x3985, 0x39a5, 0x4a26,
    0x4a26, 0x39a5, 0x39a5, 0x4a26, 0x4a06, 0x62a8, 0x5a87, 0x4a26, 0x4a26, 0x4a26, 0x4a26, 0x4a06,
    0x4a06, 0x4a06, 0x5a88, 0x6b09, 0x62a8, 0x4a06, 0x4a06, 0x2924, 0x3164, 0x41e6, 0x41e6, 0x41c5,
    0x3164, 0x41e5, 0x41e5, 0x5247, 0x5247, 0x5246, 0x5226, 0x5a87, 0x62a8, 0x5226, 0x3144, 0x5a67,
    0x6b09, 0x62c8, 0x5267, 0x5247, 0x5226, 0x5226, 0x5a26, 0x5a26, 0x5a26, 0x5a26, 0x5a46, 0x5a46,
    0x5a46, 0x5a47, 0x5a47, 0x6287, 0x6287, 0x6287, 0x6287, 0x6287, 0x6287, 0x6287, 0x6287, 0x6287,
    0x6287, 0x6287, 0x6287, 0x5a67, 0x6287, 0x6aa8, 0x6aa8, 0x6aa8, 0x6aa8, 0x6aa8, 0x6267, 0x6267,
    0x6287, 0x6aa8, 0x6aa8, 0x6aa8, 0x6287, 0x6267, 0x6267, 0x6aa8, 0x72e8, 0x72e8, 0x72e8, 0x72e8,
    0x6267, 0x5a47, 0x5a46, 0x5a46, 0x5a47, 0x6267, 0x6267, 0x5a67, 0x5a47, 0x5a47, 0x6aa8, 0x62a7,
    0x6287, 0x5a46, 0x5a46, 0x5a46, 0x5a67, 0x5226, 0x5226, 0x5226, 0x5a67, 0x5a67, 0x5a67, 0x5226,
    0x49e5, 0x49e5, 0x49e5, 0x4a06, 0x5226, 0x5206, 0x3164, 0x41a4, 0x3984, 0x41a4, 0x41c5, 0x49e5,
    0x49e5, 0x49e5, 0x41c5, 0x41c5, 0x41a5, 0x49e5, 0x49e5, 0x49e5, 0x49e5, 0x41c5, 0x41c5, 0x41c5,
    0x41c5, 0x49e5, 0x5246, 0x5a46, 0x5a47, 0x5a47, 0x5a67, 0x5a67, 0x6ac8, 0x6ac8, 0x6287, 0x6aa8,
    0x6ae8, 0x6ae8, 0x836a, 0x940c, 0xa46d, 0x940c, 0x83aa, 0x9c0c, 0x9c4c, 0x93eb, 0x93eb, 0x93eb,
    0x838a, 0x838a, 0x8bab, 0x8bcb, 0x8bab, 0x8bcb, 0x7b6a, 0x7b8a, 0x7b4a, 0x7b8a, 0x7b6a, 0x5247,
    0x4a06, 0x41e5, 0x41e6, 0x41c5, 0x41c5, 0x41e5, 0x4a06, 0x62a8, 0x5a87, 0x4a26, 0x5a87, 0x5a88,
    0x5247, 0x5226, 0x5267, 0x62c8, 0x62e8, 0x6ae9, 0x6ae9, 0x62c8, 0x62c8, 0x62c8, 0x6b09, 0x734a,
    0x734a, 0x734a, 0x7b6a, 0x7b6a, 0xd5f2, 0xd5f2, 0xd5f2, 0xcdf3, 0xacf0, 0xbd51, 0x9c0a, 0xffe7,
    0xfe0a, 0x9cb0, 0x9c8f, 0xb552, 0xce36, 0xdeb8, 0xdeb8, 0xded8, 0xa4f2, 0xa4f2, 0xa4f2, 0xad53,
    0xb594, 0x9491, 0xa4f2, 0x8c30, 0x9491, 0xb594, 0xb573, 0x9471, 0xad53, 0xbdb4, 0xd698, 0xd698,
    0x7bae, 0x9cb1, 0xa533, 0xb594, 0xbdb5, 0xbdd5, 0xd677, 0xdeb9, 0xded9, 0xded9, 0x9cb2, 0x8410,
    0xad53, 0x9cd2, 0x73ae, 0x8c30, 0xa513, 0x7bef, 0x738e, 0xe6d9, 0xe6d9, 0xe6d9, 0xc616, 0x9471,
    0xb553, 0xbdd5, 0xad53, 0xc5f5, 0xdeb8, 0xd656, 0xbdb4, 0xb573, 0x9490, 0xad12, 0xa512, 0xa512,
    0xad32, 0xbd93, 0x9c91, 0x8c2f, 0x8c0f, 0x9470, 0xb552, 0x9c90, 0xad32, 0xad32, 0xad11, 0x948f,
    0x946f, 0x946f, 0x83ed, 0x62eb, 0x8c2e, 0xa4d0, 0x946f, 0x8c2e, 0x8c2e, 0x83ed, 0x736c, 0x6b2b,
    0x5aca, 0x6b2b, 0x734c, 0x83ed, 0x83ed, 0x5aa9, 0x62ea, 0x6b2b, 0x4207, 0x39c5, 0x39c5, 0x39c5,
    0x41c5, 0x41c5, 0x3185, 0x3165, 0x3165, 0x3165, 0x3165, 0x3985, 0x41e6, 0x2924, 0x2924, 0x2924,
    0x2924, 0x3164, 0x3185, 0x3985, 0x3985, 0x2944, 0x39a5, 0x4a26, 0x4a26, 0x39a5, 0x39a5, 0x4a26,
    0x4a06, 0x39a5, 0x3185, 0x4a26, 0x4a26, 0x4a26, 0x4a26, 0x4a06, 0x4a06, 0x4a06, 0x41e6, 0x3985,
    0x62a8, 0x4a06, 0x4a06, 0x2924, 0x3164, 0x41e6, 0x41e6, 0x41e6, 0x41e5, 0x4a06, 0x41e5, 0x5247,
    0x5247, 0x5246, 0x5226, 0x5a87, 0x62a8, 0x62a8, 0x62a8, 0x6ae8, 0x6b09, 0x62c8, 0x5267, 0x5247,
    0x5226, 0x5226, 0x5a26, 0x5a26, 0x5a26, 0x5a26, 0x5a46, 0x5a46, 0x5a46, 0x5a47, 0x5a47, 0x6287,
    0x6287, 0x6287, 0x6287, 0x6287, 0x6287, 0x6287, 0x6287, 0x6287, 0x6287, 0x6287, 0x6287, 0x5a67,
    0x6aa8, 0x6aa8, 0x6aa8, 0x6aa8, 0x6aa8, 0x6aa8, 0x6267, 0x6267, 0x6287, 0x6aa8, 0x6aa8, 0x6aa8,
    0x6287, 0x6267, 0x6267, 0x6aa8, 0x72e8, 0x72e8, 0x72e8, 0x6aa8, 0x5a47, 0x5a47, 0x5a46, 0x5a46,
    0x6267, 0x6267, 0x6267, 0x5a67, 0x5a46, 0x5a47, 0x6aa8, 0x62a7, 0x5a46, 0x5a46, 0x5a46, 0x5a46,
    0x6287, 0x5226, 0x5226, 0x5a46, 0x5a67, 0x5a67, 0x5a67, 0x5206, 0x49e5, 0x49e5, 0x4a06, 0x4a06,
    0x5226, 0x49e5, 0x3144, 0x3143, 0x3984, 0x41a4, 0x41c5, 0x49e5, 0x49e5, 0x49e5, 0x41c5, 0x41c5,
    0x49e5, 0x49e5, 0x49e5, 0x49e5, 0x49e5, 0x41c5, 0x41c5, 0x41c5, 0x41c5, 0x49e5, 0x5226, 0x5a46,
    0x5a47, 0x5a47, 0x5a67, 0x5a67, 0x6ac8, 0x6ac8, 0x6287, 0x6287, 0x6aa8, 0x72e8, 0x838a, 0x940c,
    0xa46d, 0x8bcb, 0x83aa, 0x9c4c, 0x9c4c, 0x93eb, 0x93eb, 0x8bcb, 0x838a, 0x838a, 0x8bcb, 0x8bab,
    0x8bab, 0x8bab, 0x7b6a, 0x734a, 0x734a, 0x7b8a, 0x7b4a, 0x5247, 0x4a06, 0x5247, 0x41e6, 0x41c5,
    0x41c5, 0x41e5, 0x4a06, 0x62a8, 0x5a87, 0x4a06, 0x4206, 0x5a88, 0x5247, 0x5226, 0x5267, 0x62c8,
    0x62e8, 0x6ae9, 0x6ae9, 0x6b09, 0x62e9, 0x62c8, 0x6b09, 0x732a, 0x734a, 0x734a, 0x7b6a, 0x7b6a,
    0x7b6a, 0x9c4d, 0xd5f2, 0xc5d3, 0x9caf, 0xb551, 0x9c09, 0xffe7, 0xfe6c, 0x9cb0, 0x9c8f, 0xb573,
    0xef3a, 0xde98, 0xdeb8, 0xded8, 0x9cf2, 0xa4f2, 0xa4f2, 0xad53, 0xb574, 0x8430, 0x8430, 0x83ef,
    0x9491, 0xb594, 0xad33, 0xa512, 0xb574, 0xb594, 0xd698, 0xb574, 0x736e, 0x7bcf, 0xa513, 0xb594,
    0xbdb5, 0xbdb5, 0xc5f6, 0xdeb8, 0xdeb9, 0xded9, 0x9cb2, 0x73ae, 0x9471, 0x9cd2, 0x73ae, 0x8c30,
    0xad53, 0x8c30, 0x738e, 0xe6d9, 0xe6d9, 0xe6d8, 0xad33, 0x9471, 0xb553, 0xc5d5, 0xb553, 0xb573,
    0xbdd4, 0xd656, 0xbdb4, 0xb573, 0xad12, 0x8c50, 0x9cd1, 0xa512, 0xad32, 0xbd93, 0xad32, 0x9cb0,
    0x8c0f, 0x9470, 0xb552, 0xbd93, 0xce15, 0xad32, 0xad11, 0x948f, 0x948f, 0x7bad, 0x83ee, 0x62eb,
    0x8c2e, 0xa4d0, 0xa4d0, 0x9cb0, 0x8c2e, 0x83ed, 0x736c, 0x6b2b, 0x5aca, 0x6b0b, 0x734c, 0x840d,
    0x83ed, 0x83ed, 0x7bac, 0x6b2b, 0x4207, 0x39c5, 0x39c5, 0x39c5, 0x3185, 0x3164, 0x3185, 0x3164,
    0x3165, 0x3165, 0x3165, 0x3985, 0x41e6, 0x4a27, 0x4206, 0x2924, 0x2924, 0x3164, 0x3185, 0x3985,
    0x3985, 0x2924, 0x2944, 0x41e6, 0x4a26, 0x39a5, 0x39a5, 0x4a26, 0x4a06, 0x39a5, 0x3185, 0x2944,
    0x2944, 0x4a26, 0x4a06, 0x4a06, 0x4a06, 0x4a06, 0x41e6, 0x3185, 0x3185, 0x3185, 0x4a06, 0x2924,
    0x3164, 0x41e6, 0x41e6, 0x41e6, 0x41e5, 0x5247, 0x5247, 0x4a26, 0x5247, 0x5246, 0x5226, 0x5a87,
    0x62a8, 0x62a8, 0x62a8, 0x6ae8, 0x6ae9, 0x62c8, 0x5247, 0x5247, 0x5226, 0x5226, 0x5a26, 0x5a26,
    0x5a26, 0x5a26, 0x5a46, 0x5a46, 0x5a46, 0x5a47, 0x5a47, 0x6287, 0x6287, 0x6287, 0x6287, 0x6287,
    0x6287, 0x6287, 0x6287, 0x6287, 0x6287, 0x6287, 0x6287, 0x6287, 0x6aa8, 0x6aa8, 0x6aa8, 0x6aa8,
    0x6aa8, 0x6aa8, 0x6267, 0x6287, 0x6287, 0x6aa8, 0x6aa8, 0x6aa8, 0x6287, 0x6267, 0x6287, 0x6ac8,
    0x72e8, 0x72e8, 0x72e8, 0x6287, 0x5a47, 0x5a47, 0x5a46, 0x5a47, 0x6267, 0x6267, 0x6267, 0x5a47,
    0x5226, 0x5a47, 0x6aa8, 0x6267, 0x5a46, 0x5a46, 0x5a46, 0x5a67, 0x6287, 0x5226, 0x5226, 0x5a46,
    0x5a67, 0x5a67, 0x5226, 0x5206, 0x49e5, 0x49e5, 0x4a06, 0x4a06, 0x5226, 0x41c5, 0x3144, 0x3143,
    0x3143, 0x3984, 0x41c5, 0x49e5, 0x49e5, 0x49e5, 0x41c5, 0x41c5, 0x49e5, 0x49e5, 0x49e5, 0x49e5,
    0x49e5, 0x41c5, 0x41c5, 0x41c5, 0x41c5, 0x49e5, 0x5206, 0x5226, 0x5a47, 0x5a67, 0x5a67, 0x5a87,
    0x6ac8, 0x6ac8, 0x6287, 0x6287, 0x6287, 0x62a8, 0x8baa, 0x940c, 0xa48d, 0x83ab, 0x83aa, 0x9c4c,
    0x9c4c, 0x8bab, 0x93eb, 0x83ab, 0x838a, 0x83ab, 0x8beb, 0x83ab, 0x8bab, 0x83ab, 0x7b6a, 0x734a,
    0x7b4a, 0x7b6a, 0x7329, 0x5247, 0x4a06, 0x5227, 0x5267, 0x4a06, 0x41c5, 0x41e5, 0x4a06, 0x62a8,
    0x5a87, 0x4a06, 0x4206, 0x41e5, 0x4a06, 0x4a26, 0x5267, 0x62c8, 0x62c8, 0x6ae9, 0x6ae9, 0x6b09,
    0x62e8, 0x62a8, 0x6b09, 0x732a, 0x734a, 0x734a, 0x7b6a, 0x7b6a, 0x7b6a, 0x7b8b, 0x838b, 0xc5d3,
    0x9caf, 0xa4d0, 0xc4a9, 0xffec, 0xfe6c, 0x9cb0, 0x946f, 0xb552, 0xef19, 0xde98, 0xdeb8, 0xce16,
    0x9cd1, 0x9cd2, 0x9cf2, 0xad53, 0xb574, 0x8410, 0x8410, 0x6b4d, 0x8c50, 0xb594, 0xad33, 0xa512,
    0xb574, 0xb594, 0xd678, 0xb574, 0x736e, 0x7bcf, 0x8c50, 0xad53, 0xbdb5, 0xbdb5, 0xc5f6, 0xdeb8,
    0xce16, 0xded9, 0x9cb2, 0x73ae, 0x9471, 0x8c30, 0x73ae, 0x8c30, 0xad53, 0x738e, 0x738e, 0x738e,
    0xe6d9, 0xe6d8, 0xad33, 0x9471, 0xb553, 0xc5d5, 0xb553, 0xb573, 0xbdd4, 0xbdd4, 0xbdb4, 0xb573,
    0xad32, 0x9490, 0x8c30, 0x736d, 0xad32, 0xbd93, 0xb573, 0xa4f1, 0x83ee, 0x83ee, 0xb552, 0xbd93,
    0xce15, 0xbdd4, 0xad11, 0x9cb0, 0x948f, 0x7bcd, 0x7bad, 0x630b, 0x7bad, 0xa4d0, 0xa4d0, 0xa4d0,
    0x946e, 0x8c2e, 0x738c, 0x6b2b, 0x5aca, 0x6b0b, 0x736c, 0x83cd, 0x8c0d, 0x83ed, 0x83ed, 0x83ed,
    0x4a47, 0x39a5, 0x39c5, 0x39c5, 0x3185, 0x3164, 0x3164, 0x3164, 0x3164, 0x3165, 0x3165, 0x3985,
    0x41e6, 0x4a26, 0x5267, 0x62c8, 0x39c6, 0x3164, 0x3185, 0x3185, 0x3985, 0x2924, 0x2924, 0x3985,
    0x39a5, 0x39a5, 0x39a5, 0x4a26, 0x4a06, 0x39a5, 0x3185, 0x2944, 0x2944, 0x2924, 0x41c5, 0x4a06,
    0x4a06, 0x4a06, 0x41e6, 0x3185, 0x3185, 0x3185, 0x3185, 0x41c5, 0x3164, 0x41e6, 0x41e6, 0x41e6,
    0x41e5, 0x5247, 0x5247, 0x41e5, 0x41c5, 0x4a26, 0x5226, 0x5a87, 0x62a8, 0x62a8, 0x62a8, 0x6ae8,
    0x6ae9, 0x6ae8, 0x6ae8, 0x5a67, 0x5226, 0x5226, 0x5a26, 0x5a26, 0x5a26, 0x5a46, 0x5a46, 0x5a46,
    0x5a47, 0x5a47, 0x5a47, 0x6287, 0x6287, 0x6287, 0x6287, 0x6287, 0x6287, 0x6287, 0x6287, 0x6287,
    0x6287, 0x6287, 0x6288, 0x6aa8, 0x6aa8, 0x6aa8, 0x6aa8, 0x6aa8, 0x6aa8, 0x6aa8, 0x6267, 0x6287,
    0x6287, 0x6aa8, 0x6aa8, 0x6aa8, 0x6287, 0x6267, 0x6287, 0x6ac8, 0x72e8, 0x72e8, 0x6aa8, 0x5a47,
    0x5a47, 0x5a47, 0x5a46, 0x6287, 0x6267, 0x6267, 0x6267, 0x5a46, 0x5226, 0x5a47, 0x6aa8, 0x5226,
    0x5a46, 0x5a47, 0x5a46, 0x6267, 0x6287, 0x5226, 0x5226, 0x5a46, 0x5a67, 0x5a67, 0x5226, 0x5206,
    0x49e5, 0x5206, 0x4a06, 0x4a06, 0x5206, 0x41c5, 0x3144, 0x3143, 0x3143, 0x3144, 0x41a5, 0x49e5,
    0x49e5, 0x49e5, 0x41c5, 0x41c5, 0x49e5, 0x49e5, 0x49e5, 0x49e5, 0x49e5, 0x41c5, 0x41c5, 0x41c5,
    0x41c5, 0x49e5, 0x5206, 0x5226, 0x5226, 0x5a67, 0x5a67, 0x5a87, 0x6ac8, 0x6ac8, 0x6287, 0x6287,
    0x6287, 0x6287, 0x838a, 0x940c, 0x9c2c, 0x83ab, 0x83aa, 0xa46d, 0x9c4c, 0x836a, 0x93eb, 0x8bab,
    0x838a, 0x8bcb, 0x8beb, 0x838b, 0x8bab, 0x838a, 0x7b6a, 0x6b09, 0x7b6a, 0x7b6a, 0x7329, 0x5247,
    0x4206, 0x5226, 0x5267, 0x5267, 0x5247, 0x41c5, 0x4a06, 0x62a8, 0x5a87, 0x4a06, 0x4206, 0x41e5,
    0x6223, 0x6a43, 0x5267, 0x62c8, 0x62c8, 0x6ae9, 0x6ae9, 0x6b09, 0x62e8, 0x5a88, 0x5a88, 0x732a,
    0x734a, 0x734a, 0x7b6a, 0x7b6a, 0x7b6a, 0x7b8b, 0x7b8b, 0xc592, 0x9caf, 0xa4d0, 0xc4a9, 0xffec,
    0xf5ec, 0x9cb0, 0x8c2e, 0xb552, 0xef19, 0xd677, 0xc616, 0xc5f5, 0x9cd1, 0x9cd1, 0x9cd1, 0x9cf2,
    0xa512, 0x8410, 0x7bcf, 0x6b4d, 0x7bcf, 0x8430, 0x9cb1, 0xa4f2, 0xb594, 0xb594, 0xb594, 0x9cd2,
    0x736e, 0x7bcf, 0x8c30, 0xa512, 0xa513, 0xbdb5, 0xc5f6, 0xdeb8, 0xce16, 0xbdd5, 0x9491, 0x7bcf,
    0x9471, 0x8c30, 0x73ae, 0x8c30, 0xad53, 0x738e, 0x738e, 0x738e, 0x738e, 0xad33, 0xad33, 0x9471,
    0xb553, 0xc5d5, 0xb573, 0xad32, 0xbdd4, 0xbdd4, 0xbdd4, 0xad33, 0xad32, 0x9490, 0x8c50, 0x736d,
    0x7bce, 0xb573, 0xb573, 0xa511, 0x83ee, 0x6b4c, 0xc5f4, 0xbd93, 0xce15, 0xc5d4, 0xad31, 0xad11,
    0x9cb0, 0x7bce, 0x7bcd, 0x630b, 0x83ee, 0xb572, 0xa4d0, 0xa4d0, 0x946f, 0x944e, 0x9cb0, 0x83ed,
    0x62ca, 0x6b2b, 0x736c, 0x8c2e, 0x944e, 0x8c0d, 0x83ed, 0x83ed, 0x6b2a, 0x39a5, 0x39c5, 0x39c5,
    0x3165, 0x3164, 0x3164, 0x3164, 0x3164, 0x3165, 0x3165, 0x3985, 0x41e6, 0x4a26, 0x5267, 0x62c8,
    0x6ae9, 0x6b09, 0x41e6, 0x3185, 0x3985, 0x2924, 0x2924, 0x3985, 0x39a5, 0x39a5, 0x39a5, 0x4a26,
    0x4206, 0x39a5, 0x3185, 0x2944, 0x2924, 0x2924, 0x3144, 0x3985, 0x41e5, 0x4a06, 0x41e6, 0x3185,
    0x3185, 0x3185, 0x3185, 0x5267, 0x5267, 0x4a06, 0x41e6, 0x41e6, 0x41e5, 0x5247, 0x5247, 0x41e5,
    0x41c5, 0x4a26, 0x5226, 0x5a87, 0x62a8, 0x62a8, 0x62a8, 0x6ae8, 0x6ae9, 0x6ae8, 0x6ae8, 0x6ac8,
    0x5226, 0x5a26, 0x5a26, 0x5a26, 0x5a26, 0x5a46, 0x5a46, 0x5a46, 0x5a47, 0x5a47, 0x5a67, 0x6287,
    0x6287, 0x6287, 0x6287, 0x6287, 0x6287, 0x6287, 0x6287, 0x6287, 0x6287, 0x6287, 0x6288, 0x6aa8,
    0x6aa8, 0x6aa8, 0x6aa8, 0x6aa8, 0x6aa8, 0x6aa8, 0x6267, 0x6287, 0x6287, 0x6ac8, 0x6aa8, 0x6aa8,
    0x6287, 0x6287, 0x6aa8, 0x6ac8, 0x72e8, 0x72e8, 0x6aa7, 0x5a47, 0x5a47, 0x5a47, 0x5a67, 0x6287,
    0x6267, 0x6267, 0x6287, 0x5226, 0x5226, 0x5a47, 0x6287, 0x5226, 0x5a46, 0x5a47, 0x5a67, 0x6287,
    0x6287, 0x5226, 0x5226, 0x5a46, 0x5a67, 0x5a46, 0x5226, 0x5206, 0x49e5, 0x5a46, 0x4a06, 0x4a06,
    0x41c5, 0x41c5, 0x3144, 0x3143, 0x3143, 0x3144, 0x3984, 0x41a5, 0x49e5, 0x49e5, 0x41c5, 0x41c5,
    0x49e5, 0x49e5, 0x49e5, 0x4a06, 0x49e5, 0x41c5, 0x41c5, 0x41c5, 0x41c5, 0x49e5, 0x5206, 0x5226,
    0x5226, 0x5226, 0x5a67, 0x5a87, 0x6ac8, 0x6ac8, 0x6287, 0x6287, 0x6287, 0x6287, 0x838a, 0x940c,
    0x93eb, 0x83ab, 0x93eb, 0xa46d, 0x9c4c, 0x7329, 0x93eb, 0x8bab, 0x838a, 0x8beb, 0x8beb, 0x838b,
    0x83ab, 0x7b8a, 0x7b4a, 0x6b09, 0x7b6a, 0x7b6a, 0x6b09, 0x5247, 0x41e6, 0x5226, 0x5267, 0x5267,
    0x5a67, 0x5247, 0x4a06, 0x62a8, 0x5a67, 0x4a06, 0x4206, 0x41e5, 0x6223, 0x7262, 0x6a43, 0x62c8,
    0x62c8, 0x6ae9, 0x6ae9, 0x6b09, 0x62e8, 0x5a87, 0x5a88, 0x5aa8, 0x6b09, 0x734a, 0x7b4a, 0x7b6a,
    0x7b6a, 0x7b8b, 0x7b8b, 0xc592, 0x9c6e, 0x944e, 0xdce6, 0xfff1, 0xf5ec, 0xa4d0, 0x8c2e, 0x9cd0,
    0xd677, 0xd677, 0xc616, 0x9cb1, 0x8c50, 0x9cd1, 0x9cd1, 0x9cd1, 0x9491, 0x8410, 0x7bcf, 0x6b4d,
    0x7bcf, 0x8410, 0x9cb1, 0xa4f2, 0xb594, 0xb594, 0xb594, 0x9cd2, 0x6b6d, 0x83ef, 0x8c30, 0xa512,
    0xa512, 0xbdb5, 0xce36, 0xdeb8, 0xce16, 0xbdd5, 0xa4f2, 0x9471, 0x9471, 0x8c30, 0x73ae, 0x8c30,
    0xad53, 0x7bcf, 0x738e, 0x738e, 0x738e, 0x738e, 0x738e, 0x9471, 0xb553, 0xc5d5, 0xb573, 0xad32,
    0xc5d4, 0xbdd4, 0xbdd4, 0xa512, 0x8c50, 0x8c50, 0x8c50, 0x736d, 0x7bce, 0xad11, 0xa511, 0xa511,
    0x83ee, 0x6b4c, 0xd656, 0xce35, 0xce35, 0xc5d4, 0xad32, 0xad31, 0xad11, 0x9cb0, 0x7bce, 0x630b,
    0x83ee, 0xc5b3, 0xb572, 0xa4d0, 0x946f, 0x944e, 0xa4b0, 0x9cb0, 0x738c, 0x62eb, 0x736c, 0x8c2e,
    0x9c8f, 0x8c2e, 0x8c0d, 0x83ed, 0x6b2a, 0x39a5, 0x39a5, 0x39c5, 0x3165, 0x2944, 0x3164, 0x3164,
    0x3164, 0x3185, 0x41e6, 0x3185, 0x41e6, 0x4a26, 0x5267, 0x62c8, 0x6ae9, 0x6b09, 0x6b09, 0x4a26,
    0x3185, 0x2924, 0x2924, 0x3985, 0x3985, 0x39a5, 0x39a5, 0x5aa8, 0x5267, 0x39a5, 0x3165, 0x2924,
    0x2924, 0x2924, 0x2944, 0x3985, 0x3985, 0x3185, 0x41e5, 0x3185, 0x3185, 0x3185, 0x3165, 0x5267,
    0x5267, 0x5267, 0x5247, 0x4a06, 0x41e5, 0x5247, 0x5247, 0x41e5, 0x41c5, 0x4a26, 0x5226, 0x5a87,
    0x62a8, 0x62a8, 0x62a8, 0x6ae8, 0x6ae9, 0x6ae8, 0x6ae8, 0x6ac8, 0x5226, 0x5a26, 0x5a26, 0x5a26,
    0x5a26, 0x5a46, 0x5a46, 0x5a46, 0x5a47, 0x5a47, 0x6287, 0x6287, 0x6287, 0x6287, 0x6287, 0x6287,
    0x6287, 0x6287, 0x6287, 0x6287, 0x6287, 0x6287, 0x6288, 0x6aa8, 0x6aa8, 0x6aa8, 0x6aa8, 0x6aa8,
    0x6aa8, 0x6aa8, 0x6267, 0x6287, 0x6aa8, 0x6ac8, 0x6aa8, 0x6aa8, 0x6287, 0x6aa8, 0x6aa8, 0x6ac8,
    0x72e8, 0x6ac8, 0x6287, 0x5a47, 0x5a47, 0x5a47, 0x6287, 0x6287, 0x6267, 0x6267, 0x6aa7, 0x5226,
    0x5226, 0x5a47, 0x5a67, 0x5226, 0x5a46, 0x5a47, 0x6267, 0x6287, 0x6287, 0x5226, 0x5226, 0x5a46,
    0x5a67, 0x5226, 0x5226, 0x5206, 0x4a06, 0x5a46, 0x4a06, 0x49e5, 0x41c5, 0x41c5, 0x3144, 0x3143,
    0x3143, 0x3164, 0x3984, 0x3964, 0x3984, 0x49e5, 0x41c5, 0x41c5, 0x49e5, 0x49e5, 0x49e5, 0x4a06,
    0x4a06, 0x49e5, 0x41c5, 0x41c5, 0x41c5, 0x49e5, 0x5206, 0x5226, 0x5226, 0x5226, 0x5a67, 0x6287,
    0x6ac8, 0x6ac8, 0x6287, 0x6287, 0x6287, 0x6287, 0x838a, 0x940c, 0x8bab, 0x83ab, 0x9c2c, 0xa46d,
    0x940c, 0x7b29, 0x93eb, 0x8bab, 0x83ab, 0x8beb, 0x8beb, 0x838a, 0x83ab, 0x7b6a, 0x7329, 0x6ae9,
    0x7b6a, 0x7b4a, 0x6b09, 0x5247, 0x41e6, 0x5226, 0x5247, 0x5267, 0x5a67, 0x5247, 0x4a26, 0x62a8,
    0x5a67, 0x4a06, 0x41e6, 0x41e5, 0x6223, 0x7262, 0x6a43, 0x5247, 0x62a8, 0x6ae9, 0x6ae9, 0x6b09,
    0x62c8, 0x5a87, 0x5a88, 0x5aa8, 0x5a88, 0x62a8, 0x7b4a, 0x7b6a, 0x7b6a, 0x7b8a, 0x7b8b, 0xbd71,
    0x9c6e, 0x944e, 0xdce6, 0xfff1, 0xe58b, 0xa4d0, 0x8c2e, 0x9cd0, 0xd677, 0xd677, 0xc616, 0x9cb1,
    0x840f, 0x738e, 0x9470, 0x9cd1, 0x9491, 0x8410, 0x7bcf, 0x6b4d, 0x7bcf, 0x8410, 0xa4f2, 0xa4f2,
    0xa4f2, 0xb594, 0xb594, 0x8410, 0x6b6d, 0x9491, 0x9471, 0xa512, 0xa512, 0xbdb5, 0xbdb5, 0xbdd5,
    0xce16, 0xbdd5, 0xa4f2, 0x9471, 0x9471, 0x8c30, 0x738e, 0x8c30, 0xad53, 0x9471, 0x9471, 0x738e,
    0x738e, 0x738e, 0x738e, 0x738e, 0xa512, 0xc5d5, 0xb573, 0xad32, 0xc5d4, 0xc5d4, 0xbdd4, 0xa512,
    0x8c50, 0x7bce, 0x736d, 0x736d, 0x7bce, 0xad11, 0xad11, 0xa511, 0x8c2f, 0x6b4c, 0xd656, 0xce35,
    0xce35, 0xce15, 0xad32, 0xad32, 0xad31, 0xa4d0, 0x9c8f, 0x7b8d, 0x83ee, 0xc5d3, 0xb572, 0xa4f0,
    0x946f, 0x944e, 0xa4d0, 0xa4b0, 0x738c, 0x7bac, 0x7bad, 0x83cd, 0x9c8f, 0x8c2e, 0x8c0d, 0x8c0d,
    0x83ed, 0x39a5, 0x41c5, 0x4a26, 0x3164, 0x2944, 0x3144, 0x3164, 0x3164, 0x3185, 0x41e6, 0x4206,
    0x5247, 0x4a26, 0x5267, 0x62c8, 0x6ae9, 0x6ae9, 0x6b09, 0x5a87, 0x5a87, 0x4a06, 0x2924, 0x3985,
    0x3985, 0x3985, 0x39a5, 0x5aa8, 0x5aa8, 0x5aa8, 0x41c6, 0x2924, 0x2924, 0x2924, 0x2944, 0x3985,
    0x3185, 0x3185, 0x3185, 0x3185, 0x3185, 0x3185, 0x3165, 0x5267, 0x5267, 0x5267, 0x5247, 0x5247,
    0x5247, 0x5247, 0x5247, 0x41e5, 0x41c5, 0x4a26, 0x5226, 0x5a87, 0x62a8, 0x62a8, 0x5aa8, 0x6ae8,
    0x6ae9, 0x6ae8, 0x6ae8, 0x6ac8, 0x5226, 0x5a26, 0x5a26, 0x5a26, 0x5a26, 0x5a46, 0x5a46, 0x5a46,
    0x5a47, 0x6267, 0x6287, 0x6287, 0x6287, 0x6287, 0x6287, 0x6287, 0x6287, 0x6287, 0x6287, 0x6287,
    0x6287, 0x6287, 0x6288, 0x6aa8, 0x6aa8, 0x6aa8, 0x6aa8, 0x6aa8, 0x6aa8, 0x6aa8, 0x6267, 0x6287,
    0x6ac8, 0x6ac8, 0x6aa8, 0x6aa8, 0x6287, 0x6aa8, 0x6aa8, 0x6ac8, 0x72e9, 0x6aa8, 0x6287, 0x5a47,
    0x5a47, 0x5a67, 0x6287, 0x6287, 0x6267, 0x6287, 0x6ac8, 0x5226, 0x5226, 0x5a47, 0x5226, 0x5226,
    0x5a46, 0x5a67, 0x6287, 0x6287, 0x6287, 0x5226, 0x5226, 0x5a46, 0x5a47, 0x5226, 0x5226, 0x5206,
    0x5226, 0x5a46, 0x4a06, 0x41c5, 0x41c5, 0x41c5, 0x3144, 0x3143, 0x3143, 0x3164, 0x3984, 0x3964,
    0x3164, 0x3984, 0x41c5, 0x41c5, 0x49e5, 0x49e5, 0x49e5, 0x4a06, 0x4a06, 0x5206, 0x5226, 0x41c5,
    0x41c5, 0x49e5, 0x5206, 0x5226, 0x5226, 0x5226, 0x5a67, 0x5a67, 0x5a67, 0x6ac8, 0x6287, 0x6287,
    0x6287, 0x6287, 0x838a, 0x93eb, 0x8bab, 0x8bab, 0xa46d, 0xa46d, 0x83ab, 0x7b29, 0x93eb, 0x8bab,
    0x8bab, 0x8beb, 0x8bcb, 0x838a, 0x838a, 0x7b6a, 0x6b09, 0x6ae9, 0x838a, 0x7329, 0x6b09, 0x5247,
    0x41e6, 0x5226, 0x5247, 0x5267, 0x5a67, 0x5247, 0x4a26, 0x41e6, 0x41e6, 0x4a06, 0x41e6, 0x41e5,
    0x6223, 0x7262, 0x6a43, 0x5247, 0x5a67, 0x62a8, 0x6ae9, 0x6b09, 0x62c8, 0x5a87, 0x5a88, 0x5aa8,
    0x5a87, 0x5267, 0x62e9, 0x7b6a, 0x7b6a, 0x7b8a, 0x7b8b, 0xbd71, 0x944e, 0x9c8f, 0xfd23, 0xfff3,
    0xcd2b, 0xa4d0, 0x83ed, 0x9cb0, 0xd677, 0xce36, 0xc615, 0x9cb1, 0x83ef, 0x6b4d, 0x6b4d, 0x8c50,
    0x9491, 0x840f, 0x738e, 0x6b4d, 0x6b4d, 0x8410, 0xa4f2, 0xa4f2, 0xa4f2, 0xad53, 0xb594, 0x8410,
    0x6b6d, 0x9491, 0xa512, 0x8c30, 0xad53, 0xbdb5, 0xbdb5, 0xbdd5, 0x8c50, 0x8c50, 0xa4d2, 0x9471,
    0x9471, 0x9471, 0x9471, 0x9cb1, 0xad53, 0x9471, 0x9471, 0xc5f5, 0xa512, 0x738e, 0x738e, 0x738e,
    0xbdb5, 0xded8, 0xb553, 0xad32, 0xc5d4, 0xc5d4, 0xbdd4, 0xa512, 0x8c50, 0x7bce, 0x736d, 0x83ef,
    0x8c4f, 0xad12, 0xad11, 0xad11, 0x9cb1, 0x8c2f, 0xd656, 0xd635, 0xce35, 0xce35, 0xce15, 0xb573,
    0xad31, 0xa4d0, 0x9c8f, 0x83ee, 0x7bcd, 0xc5d3, 0xbd72, 0xa4f0, 0x8c4f, 0x7bad, 0x8c4e, 0xa4d0,
    0x83ed, 0x7bad, 0x8c2e, 0x9c8f, 0x9c8f, 0x946e, 0x8c0d, 0x8c0d, 0x8c0d, 0x39a5, 0x41c5, 0x4a26,
    0x41e5, 0x39c5, 0x2944, 0x3164, 0x3164, 0x3185, 0x41e5, 0x4206, 0x5247, 0x5247, 0x5267, 0x62a8,
    0x6ae9, 0x6ae9, 0x6ae9, 0x5a87, 0x5a87, 0x5a87, 0x5a88, 0x41c5, 0x3985, 0x3985, 0x39a5, 0x5aa8,
    0x5aa8, 0x5a88, 0x62c8, 0x7329, 0x41c6, 0x2924, 0x2944, 0x3185, 0x3185, 0x3185, 0x3185, 0x3185,
    0x3185, 0x3165, 0x3165, 0x5267, 0x5267, 0x5247, 0x5247, 0x5247, 0x5247, 0x41c5, 0x49e6, 0x41e5,
    0x41c5, 0x4a26, 0x5226, 0x5a87, 0x62a8, 0x62a8, 0x5aa8, 0x5aa8, 0x6ac8, 0x6ae8, 0x6ae8, 0x62c8,
    0x5226, 0x5a26, 0x5a26, 0x5a26, 0x5a26, 0x5a46, 0x5a46, 0x5a46, 0x5a47, 0x6267, 0x6287, 0x6287,
    0x6287, 0x6287, 0x6288, 0x6287, 0x6287, 0x6287, 0x6287, 0x6287, 0x6287, 0x6287, 0x6aa8, 0x6aa8,
    0x6aa8, 0x6aa8, 0x6287, 0x6aa8, 0x6aa8, 0x6aa8, 0x6287, 0x6aa8, 0x6ac8, 0x6ac8, 0x6ac8, 0x6aa8,
    0x6aa8, 0x6aa8, 0x6aa8, 0x6ac8, 0x72c8, 0x62a7, 0x6287, 0x5a47, 0x5a47, 0x6267, 0x6287, 0x6287,
    0x6287, 0x6287, 0x6ac8, 0x5226, 0x5226, 0x5226, 0x5226, 0x5226, 0x5a46, 0x6267, 0x6287, 0x6287,
    0x6287, 0x5226, 0x5226, 0x5a46, 0x5a46, 0x5226, 0x5226, 0x5226, 0x5a47, 0x5a46, 0x4a06, 0x41a4,
    0x41c5, 0x41c5, 0x3164, 0x3143, 0x3143, 0x3164, 0x3984, 0x3964, 0x3164, 0x3964, 0x3964, 0x41c5,
    0x49e5, 0x49e5, 0x49e5, 0x4a06, 0x4a06, 0x5206, 0x5226, 0x5246, 0x4a06, 0x49e5, 0x5206, 0x5226,
    0x5226, 0x5226, 0x5a67, 0x5a67, 0x5246, 0x5246, 0x6287, 0x6287, 0x6287, 0x6287, 0x838a, 0x8bcb,
    0x8bab, 0x8bcb, 0xa46d, 0xa46d, 0x7b49, 0x7b29, 0x93eb, 0x8bab, 0x8bcb, 0x8beb, 0x83ab, 0x838a,
    0x7b6a, 0x7b6a, 0x6b09, 0x7329, 0x7b8a, 0x7329, 0x6b09, 0x5247, 0x41c5, 0x4a26, 0x5247, 0x5267,
    0x5a67, 0x5247, 0x4a26, 0x41e6, 0x41e5, 0x41c5, 0x41e6, 0x41e5, 0x6223, 0x7262, 0x6a43, 0x5247,
    0x5a67, 0x5aa8, 0x62a8, 0x6b09, 0x62c8, 0x5a87, 0x5a88, 0x5aa8, 0x5a87, 0x5267, 0x62e9, 0x7b6a,
    0x7b6a, 0x7b8a, 0x7b8b, 0xb551, 0x944e, 0x9c8f, 0xfd23, 0xfff3, 0xbcca, 0xa4f0, 0x83ed, 0x8c2e,
    0xd677, 0xce36, 0xc615, 0x7bae, 0x83ef, 0x6b2d, 0x6b4d, 0x6b4d, 0x6b4d, 0x840f, 0x738e, 0x6b4d,
    0x6b4d, 0x6b4d, 0x9491, 0xa4f2, 0xa4f2, 0xad53, 0xb574, 0x9491, 0x6b6d, 0x9491, 0x9cb1, 0x8c30,
    0x9cb2, 0xbdb5, 0xbdb5, 0xbdd5, 0x8c50, 0x738e, 0x9471, 0x9471, 0x9471, 0x9471, 0x9471, 0xb574,
    0xb594, 0x9471, 0x9471, 0xc5f5, 0xc5d5, 0xc5d5, 0x738e, 0x738e, 0xbdb4, 0xded8, 0xc615, 0xb573,
    0xc5d4, 0xc5d4, 0xbdd4, 0xa512, 0x8c50, 0x7bce, 0x738d, 0x840f, 0x8c50, 0x8c50, 0xad11, 0xad11,
    0x9cb1, 0x8c2f, 0x6b4c, 0x8c4f, 0xce35, 0xce35, 0xce35, 0xb552, 0x83ee, 0x946f, 0x9cb0, 0x840e,
    0x83cd, 0xc5d4, 0xc5d3, 0xa4f1, 0x944f, 0x7bad, 0x8c0e, 0x944e, 0x83cd, 0x7b8c, 0x8c2e, 0x9c8f,
    0xb552, 0xa4f0, 0x8c0d, 0x8c0d, 0x8c0d, 0x39a5, 0x39c5, 0x4a06, 0x41e5, 0x39c5, 0x39c5, 0x39a5,
    0x3164, 0x3185, 0x41c5, 0x4206, 0x5247, 0x5247, 0x5267, 0x5267, 0x62e9, 0x6ae9, 0x6ae9, 0x5a67,
    0x5a87, 0x5a87, 0x5a88, 0x5a88, 0x5227, 0x3985, 0x3985, 0x5a88, 0x5a88, 0x5a88, 0x62c8, 0x6b09,
    0x6ae9, 0x4a26, 0x2944, 0x3185, 0x3185, 0x3185, 0x3185, 0x3185, 0x3165, 0x3165, 0x3165, 0x5246,
    0x5247, 0x5247, 0x5247, 0x5247, 0x5247, 0x41c5, 0x41c5, 0x41c5, 0x41c5, 0x4a26, 0x5226, 0x5a87,
    0x62a8, 0x62a8, 0x5a88, 0x5a88, 0x6287, 0x5a87, 0x62c8, 0x62c8, 0x5226, 0x5a26, 0x5a26, 0x5a26,
    0x5a26, 0x5a46, 0x5a46, 0x5a46, 0x5a67, 0x6287, 0x6287, 0x6287, 0x6287, 0x6287, 0x6aa8, 0x6287,
    0x6287, 0x6287, 0x6287, 0x6287, 0x6287, 0x6288, 0x6aa8, 0x6aa8, 0x6aa8, 0x6287, 0x6287, 0x6aa8,
    0x6aa8, 0x6aa8, 0x6287, 0x6ac8, 0x6ac8, 0x6ac8, 0x6ac8, 0x6aa8, 0x6aa8, 0x6aa8, 0x6aa8, 0x6ac8,
    0x6aa8, 0x62a7, 0x6287, 0x5a67, 0x5a67, 0x6287, 0x6287, 0x6287, 0x6287, 0x6aa8, 0x6ac8, 0x5226,
    0x5226, 0x5226, 0x5226, 0x5226, 0x5a46, 0x6287, 0x6287, 0x6287, 0x5a47, 0x5226, 0x5226, 0x5a46,
    0x5226, 0x5226, 0x5226, 0x5a46, 0x5a47, 0x5a46, 0x41c5, 0x41a4, 0x41c5, 0x49e5, 0x41a4, 0x3143,
    0x3143, 0x3164, 0x3984, 0x3964, 0x3164, 0x3964, 0x3964, 0x39a4, 0x49e5, 0x49e5, 0x49e5, 0x4a06,
    0x4a06, 0x5206, 0x5226, 0x5246, 0x5a67, 0x5226, 0x5206, 0x5226, 0x5226, 0x5226, 0x5a67, 0x5a67,
    0x5246, 0x5246, 0x6287, 0x6287, 0x6287, 0x6287, 0x838a, 0x8bcb, 0x8bab, 0x940c, 0xa48d, 0x940c,
    0x7b49, 0x7b49, 0x93eb, 0x8bab, 0x93eb, 0x8beb, 0x838a, 0x7b6a, 0x7b6a, 0x7b4a, 0x6b09, 0x7b6a,
    0x7b8a, 0x6b09, 0x7309, 0x5247, 0x41c5, 0x41e6, 0x5247, 0x5267, 0x5a67, 0x5227, 0x4a26, 0x41e6,
    0x41e5, 0x41c5, 0x51e4, 0x49e4, 0x6223, 0x7242, 0x6a43, 0x5247, 0x5267, 0x5aa8, 0x62a8, 0x62a8,
    0x62c8, 0x5a87, 0x5a88, 0x5aa8, 0x5a87, 0x5267, 0x62e9, 0x7b6a, 0x734a, 0x734a, 0x7b8b, 0xb530,
    0x9c8f, 0x946e, 0xfe26, 0xffec, 0xbcca, 0xa4d0, 0x7bcd, 0x840e, 0xd677, 0xc616, 0xc5f5, 0x6b2c,
    0x6b2d, 0x6b2d, 0x6b2d, 0x6b4d, 0x6b4d, 0x6b4d, 0x6b4d, 0x6b4d, 0x6b4d, 0x738e, 0x8410, 0x8c50,
    0xa4f2, 0xad53, 0xb574, 0x9491, 0x8430, 0x9491, 0x9cb1, 0x8c30, 0x9cb1, 0xbdb4, 0xad33, 0xbdd5,
    0x8c50, 0x738e, 0x9471, 0x94b1, 0x9cb2, 0x9471, 0x9471, 0xb574, 0xc5f5, 0xad53, 0x9471, 0xc5d5,
    0xc5d5, 0xc5d5, 0x8c50, 0x738e, 0xbdb4, 0xded8, 0xc615, 0xc5d4, 0xdeb8, 0xbdd4, 0xbdd4, 0xa512,
    0x8c50, 0x7bce, 0x738d, 0x840f, 0x8c50, 0x8c50, 0x9490, 0xad11, 0x9cd1, 0x8c2f, 0x734c, 0x6b4c,
    0x6b4c, 0xad32, 0xce35, 0xb573, 0x83ee, 0x944f, 0xad31, 0x8c0e, 0x83ce, 0xc5f4, 0xc5d4, 0xc5d3,
    0xa4d0, 0x7bad, 0x8c2e, 0x944e, 0x9caf, 0x946f, 0x944e, 0x942e, 0xbd72, 0xad31, 0x9c8f, 0x942e,
    0x8c0d, 0x5268, 0x39c5, 0x4a06, 0x41c5, 0x39c5, 0x39c5, 0x39c5, 0x2103, 0x3185, 0x41c5, 0x41e6,
    0x5247, 0x5247, 0x5247, 0x5267, 0x5267, 0x62c8, 0x6ae9, 0x5267, 0x5a67, 0x5a87, 0x5a87, 0x5a88,
    0x5a88, 0x4a06, 0x41e6, 0x5a88, 0x5a88, 0x5a88, 0x62a8, 0x6b09, 0x62e8, 0x5a87, 0x5a87, 0x4a26,
    0x3185, 0x3185, 0x3185, 0x3165, 0x3165, 0x3165, 0x3164, 0x41e5, 0x4a06, 0x5247, 0x5247, 0x5247,
    0x5247, 0x41c5, 0x41c5, 0x41c5, 0x41c5, 0x3164, 0x41e6, 0x5a87, 0x62a8, 0x62a8, 0x5a88, 0x5a88,
    0x5a87, 0x5a87, 0x5a87, 0x5a87, 0x5226, 0x5a26, 0x5a26, 0x5a26, 0x5a26, 0x5a46, 0x5a46, 0x5a47,
    0x6267, 0x6287, 0x6287, 0x6287, 0x6287, 0x6287, 0x72c8, 0x6287, 0x6287, 0x6287, 0x6287, 0x6287,
    0x6287, 0x6288, 0x6aa8, 0x6aa8, 0x6287, 0x6267, 0x6287, 0x6aa8, 0x6aa8, 0x6aa8, 0x6aa8, 0x6ac8,
    0x6ac8, 0x6ac8, 0x6ac8, 0x6aa8, 0x6aa8, 0x6aa8, 0x6aa8, 0x6aa8, 0x6aa8, 0x6aa7, 0x6287, 0x5a67,
    0x6267, 0x6287, 0x6287, 0x6287, 0x6287, 0x6ac8, 0x6ac8, 0x5226, 0x5226, 0x5226, 0x5226, 0x5226,
    0x6267, 0x6287, 0x6287, 0x6287, 0x5a46, 0x5226, 0x5226, 0x5226, 0x5226, 0x5226, 0x5226, 0x5a67,
    0x5a47, 0x5a46, 0x41a5, 0x41a4, 0x41c5, 0x5206, 0x41a4, 0x3984, 0x3143, 0x3164, 0x3984, 0x3964,
    0x3164, 0x3964, 0x3964, 0x39a4, 0x49e5, 0x49e5, 0x49e5, 0x4a06, 0x4a06, 0x5206, 0x5226, 0x5246,
    0x5a67, 0x6287, 0x5a46, 0x5226, 0x5226, 0x5226, 0x5a67, 0x5a67, 0x5246, 0x5246, 0x6287, 0x6287,
    0x6287, 0x6287, 0x838a, 0x8bab, 0x8bab, 0x9c2c, 0xa48d, 0x83ab, 0x7b49, 0x836a, 0x93ec, 0x8bcb,
    0x93eb, 0x93eb, 0x838a, 0x7b6a, 0x7b6a, 0x7b6a, 0x6b09, 0x7b4a, 0x7b6a, 0x6b09, 0x7329, 0x5226,
    0x41c5, 0x41e6, 0x4a06, 0x4a26, 0x5a67, 0x5226, 0x4a26, 0x41e6, 0x41e5, 0x41c5, 0x49e4, 0x7242,
    0x7242, 0x7242, 0x6a43, 0x5247, 0x5267, 0x5aa8, 0x62a8, 0x62a8, 0x5a87, 0x5267, 0x5a88, 0x5aa8,
    0x5a87, 0x5267, 0x62e9, 0x7b6a, 0x734a, 0x7329, 0x732a, 0xb530, 0x9c8f, 0x944e, 0xfe26, 0xffec,
    0xbcaa, 0xad11, 0x7bcd, 0x840e, 0xe6f9, 0xc615, 0xc5f5, 0x6b2c, 0x842f, 0xc616, 0x83ef, 0x6b2d,
    0x6b2d, 0x6b4d, 0xad33, 0xb574, 0x6b4d, 0x738e, 0x840f, 0x8c50, 0x9cf2, 0xad53, 0xb574, 0x9491,
    0x8410, 0x8430, 0x8c30, 0x8c30, 0x9cb1, 0xbdb4, 0x9491, 0x738e, 0x9491, 0x738e, 0x9471, 0x94b1,
    0xad53, 0x9cb2, 0x9471, 0xb574, 0xc5f5, 0xad53, 0xad53, 0xb553, 0xc5d5, 0xc5d5, 0x8c50, 0x738e,
    0xbdb4, 0xdeb8, 0xc615, 0xc5d4, 0xdeb8, 0xd676, 0xbdd4, 0xa512, 0x8c50, 0x7bce, 0x738d, 0x840f,
    0x8c50, 0x8c50, 0x9490, 0xad11, 0xad52, 0x9490, 0x7b8d, 0x6b4c, 0x6b4c, 0x6b4c, 0x83ee, 0xb573,
    0x83ee, 0x946f, 0xad32, 0x9c90, 0x83ce, 0xc5f4, 0xc5f4, 0xc5d3, 0xad11, 0x6b2c, 0x83ed, 0x946e,
    0x9caf, 0xa4d0, 0x944e, 0x944e, 0xbd72, 0xbd72, 0x9c8f, 0x8c2e, 0x736c, 0x5aa8, 0x4a06, 0x4a06,
    0x41c5, 0x39a5, 0x39c5, 0x39c5, 0x2103, 0x2944, 0x41c5, 0x41e6, 0x5247, 0x5247, 0x5247, 0x5247,
    0x5267, 0x62a8, 0x6ae9, 0x5267, 0x5a67, 0x5a67, 0x5a87, 0x5a87, 0x5a88, 0x4a06, 0x4a06, 0x3985,
    0x5247, 0x5a88, 0x62a8, 0x6b09, 0x62e8, 0x5a87, 0x5a87, 0x5a67, 0x5247, 0x39a5, 0x3165, 0x3165,
    0x3165, 0x3165, 0x3164, 0x41e5, 0x4a06, 0x5247, 0x5247, 0x5247, 0x5247, 0x41c5, 0x41c5, 0x41c5,
    0x41c5, 0x3164, 0x3144, 0x3985, 0x62a8, 0x62a8, 0x5a88, 0x5a87, 0x5a87, 0x5a87, 0x5a87, 0x5a67,
    0x5226, 0x5a26, 0x5a26, 0x5a26, 0x5a26, 0x5a46, 0x5a46, 0x6267, 0x6267, 0x6287, 0x6287, 0x6287,
    0x6287, 0x6aa8, 0x72c8, 0x6287, 0x6287, 0x6287, 0x6287, 0x6287, 0x6287, 0x6288, 0x6aa8, 0x6aa8,
    0x6287, 0x6267, 0x6287, 0x6aa8, 0x6aa8, 0x6aa8, 0x6aa8, 0x6ac8, 0x6ac8, 0x6ac8, 0x6ac8, 0x6aa8,
    0x6aa8, 0x6aa8, 0x6aa8, 0x6aa8, 0x6aa8, 0x6aa8, 0x6287, 0x5a67, 0x6287, 0x6287, 0x6287, 0x6287,
    0x6aa8, 0x6ac8, 0x6ac8, 0x5a26, 0x5226, 0x5226, 0x5226, 0x5226, 0x62a7, 0x6287, 0x6287, 0x6267,
    0x5a46, 0x5226, 0x5226, 0x5226, 0x5226, 0x5226, 0x5a46, 0x5a67, 0x5a47, 0x5226, 0x41a5, 0x41a4,
    0x41c5, 0x5226, 0x41a4, 0x3984, 0x3164, 0x3964, 0x3984, 0x3964, 0x3164, 0x3964, 0x3984, 0x39a4,
    0x49e5, 0x49e5, 0x49e5, 0x4a06, 0x4a06, 0x5206, 0x5226, 0x5246, 0x5a87, 0x6287, 0x6287, 0x5a67,
    0x5226, 0x5226, 0x5a67, 0x5a67, 0x5246, 0x5246, 0x6287, 0x6287, 0x5226, 0x5a67, 0x836a, 0x8bab,
    0x8bab, 0x9c4c, 0xa48d, 0x7b49, 0x7b49, 0x8bab, 0x93ec, 0x93eb, 0x93eb, 0x93eb, 0x838a, 0x7b4a,
    0x7b4a, 0x838a, 0x6ae9, 0x838a, 0x7b4a, 0x6b09, 0x734a, 0x5226, 0x41c5, 0x41e6, 0x4a06, 0x4a26,
    0x4a26, 0x5226, 0x4a26, 0x41e6, 0x41e5, 0x41c5, 0x49e4, 0x7242, 0x9ae1, 0x9ae1, 0x6a43, 0x5247,
    0x5267, 0x5aa8, 0x62a8, 0x62a8, 0x5a87, 0x5227, 0x5247, 0x5a88, 0x5a87, 0x5267, 0x62c9, 0x7b6a,
    0x734a, 0x7329, 0x732a, 0xad10, 0xad10, 0x944e, 0xfe26, 0xff44, 0xc52f, 0x9c8f, 0x7bcd, 0x9c2a,
    0xef39, 0xde98, 0xa512, 0x6b2c, 0x842f, 0xc616, 0xc616, 0xad13, 0x6b2d, 0x6b2d, 0xce36, 0xce36,
    0xce36, 0x738e, 0x840f, 0x8c50, 0x9cd1, 0xb574, 0xb574, 0x8410, 0x8410, 0x8430, 0x7bef, 0x736d,
    0x9471, 0xbdb4, 0x840f, 0x738e, 0xdeb8, 0xdeb8, 0x9471, 0x94b1, 0xad53, 0x9cb2, 0x9471, 0xb574,
    0xc5f5, 0xad53, 0xad53, 0x9471, 0x9470, 0xc5d5, 0x8c50, 0x738e, 0xbdb4, 0xdeb8, 0xce36, 0xbdd4,
    0xdeb8, 0xdeb7, 0xbdd4, 0xb573, 0x8c50, 0x7bce, 0x738d, 0x840f, 0x8c50, 0x8c50, 0x8c50, 0xad11,
    0xb552, 0xbd93, 0x9cb0, 0x734c, 0x734c, 0x6b4c, 0x6b4c, 0x83ee, 0x9470, 0x946f, 0xb552, 0x9c90,
    0x83ee, 0x736c, 0xc5f4, 0xc5f4, 0xad31, 0x630b, 0x7bad, 0x9c8f, 0x9c8f, 0xa4d0, 0x9c6f, 0x944e,
    0xa4af, 0xbd72, 0x9caf, 0x942e, 0x736c, 0x62ea, 0x41e6, 0x39a5, 0x41c5, 0x39a5, 0x39c5, 0x39c5,
    0x2103, 0x2944, 0x41c5, 0x41e6, 0x5247, 0x5247, 0x5247, 0x5247, 0x5267, 0x62a8, 0x62e9, 0x5267,
    0x5267, 0x5a67, 0x5a87, 0x5a87, 0x5a87, 0x4a06, 0x4a06, 0x3985, 0x39a5, 0x4a06, 0x62a8, 0x6b09,
    0x62c8, 0x5a87, 0x5a67, 0x5a67, 0x5247, 0x41e6, 0x41e6, 0x3165, 0x3165, 0x3164, 0x3164, 0x41e5,
    0x4a06, 0x5247, 0x5247, 0x41c5, 0x4a06, 0x41c5, 0x41c5, 0x41c5, 0x41c5, 0x3164, 0x3144, 0x3984,
    0x39a5, 0x39a5, 0x5a88, 0x5a87, 0x5a87, 0x5a87, 0x5a87, 0x5a67, 0x5a26, 0x5a26, 0x5a26, 0x5a26,
    0x5a26, 0x5a46, 0x5a67, 0x6267, 0x6267, 0x6287, 0x6287, 0x6287, 0x6a88, 0x72c8, 0x72c8, 0x6287,
    0x6287, 0x6287, 0x6267, 0x6287, 0x6287, 0x62a8, 0x6aa8, 0x6aa8, 0x6267, 0x6267, 0x6287, 0x6aa8,
    0x6aa8, 0x6aa8, 0x6ac8, 0x6ac8, 0x6ac8, 0x6ac8, 0x6ac8, 0x6ac8, 0x6aa8, 0x6aa8, 0x6aa8, 0x6aa8,
    0x6aa8, 0x6aa8, 0x6287, 0x6267, 0x6287, 0x6287, 0x6287, 0x6287, 0x6ac8, 0x6ac8, 0x6ac8, 0x5a26,
    0x5226, 0x5226, 0x5226, 0x6267, 0x62a7, 0x6287, 0x6287, 0x5a47, 0x5a46, 0x5226, 0x5226, 0x5206,
    0x5226, 0x5226, 0x5a67, 0x5a67, 0x5a47, 0x49e5, 0x41a5, 0x41a4, 0x5206, 0x5226, 0x41a4, 0x3984,
    0x3164, 0x3964, 0x3984, 0x3964, 0x3164, 0x3964, 0x3984, 0x39a4, 0x49e5, 0x49e5, 0x49e5, 0x4a06,
    0x4a06, 0x5206, 0x5226, 0x5246, 0x5a87, 0x6287, 0x6287, 0x6287, 0x5a67, 0x5226, 0x5a67, 0x5a67,
    0x5246, 0x5a46, 0x6287, 0x6287, 0x5226, 0x5226, 0x7329, 0x8bab, 0x8bcb, 0x9c4c, 0xa48d, 0x7b49,
    0x7b49, 0x8bab, 0x93ec, 0x93ec, 0x93eb, 0x93eb, 0x838a, 0x7b4a, 0x7b6a, 0x7b8a, 0x7329, 0x838a,
    0x7329, 0x6b09, 0x732a, 0x4a26, 0x41c5, 0x41e6, 0x4a06, 0x4a26, 0x4a26, 0x41c5, 0x4a06, 0x41e6,
    0x41e5, 0x39c5, 0x49e4, 0x7242, 0x9ae1, 0xb341, 0x9b01, 0x5247, 0x5267, 0x5aa8, 0x5aa8, 0x62a8,
    0x5a87, 0x4a26, 0x5247, 0x5247, 0x5267, 0x5267, 0x62c8, 0x7b6a, 0x734a, 0x7329, 0x732a, 0xad10,
    0xad10, 0x8c2d, 0xffc8, 0xff44, 0xc56f, 0x9c8f, 0x7bac, 0x9c0a, 0xef19, 0xd677, 0xb553, 0x6b2c,
    0x842f, 0xc616, 0xc616, 0xc616, 0x6b2d, 0x6b2d, 0xce36, 0xce36, 0xce36, 0xb574, 0x840f, 0x9491,
    0x9cd1, 0xb573, 0xb574, 0xa4f2, 0x8c50, 0x8430, 0x7bef, 0x736d, 0x8c30, 0xbdb4, 0x840f, 0x738e,
    0xdeb8, 0xdeb8, 0xded8, 0xad33, 0xad53, 0x9cb1, 0x9471, 0xc616, 0xde97, 0xad53, 0xad53, 0x9471,
    0x9470, 0xc5d5, 0x8c50, 0x738e, 0xbdb4, 0xdeb8, 0xdeb8, 0xdeb8, 0xdeb7, 0xdeb7, 0xbdd4, 0xb573,
    0xad32, 0x8c50, 0x738d, 0x840f, 0x8c50, 0x8c50, 0x8c50, 0xad11, 0xb552, 0xbd93, 0xad32, 0xa4f1,
    0x83ee, 0x734c, 0x6b4c, 0x83ee, 0xb552, 0xb552, 0xb552, 0x9c90, 0x83ee, 0x736c, 0x6b2b, 0x840e,
    0xad31, 0x6b0b, 0x7bad, 0xacf0, 0xa4b0, 0xa4d0, 0x9c6f, 0x944e, 0x9c8f, 0xa4af, 0xa4f0, 0x944e,
    0x736c, 0x62ea, 0x41e6, 0x39a5, 0x39a5, 0x39a5, 0x39a5, 0x39c5, 0x2103, 0x2944, 0x39c5, 0x41e6,
    0x5247, 0x5247, 0x5247, 0x5247, 0x5247, 0x62a8, 0x62e9, 0x5267, 0x5267, 0x5267, 0x5a67, 0x5a87,
    0x5a87, 0x4a06, 0x4a06, 0x3985, 0x39a5, 0x4a06, 0x4a26, 0x62a8, 0x62c8, 0x5a67, 0x5a67, 0x5a67,
    0x5247, 0x41e6, 0x41e6, 0x41e6, 0x39a5, 0x3164, 0x3164, 0x41e5, 0x4a06, 0x5247, 0x5247, 0x41c5,
    0x41c5, 0x41c5, 0x41c5, 0x41c5, 0x41c5, 0x3164, 0x3144, 0x3984, 0x39a5, 0x39a5, 0x39a5, 0x5246,
    0x5a87, 0x5a87, 0x5a87, 0x5a67, 0x5a26, 0x5a26, 0x5a26, 0x5a26, 0x5a46, 0x5a47, 0x6267, 0x6267,
    0x6267, 0x6287, 0x6287, 0x6287, 0x6aa8, 0x72c8, 0x72c8, 0x6287, 0x6287, 0x6287, 0x5a47, 0x6287,
    0x6288, 0x6aa8, 0x6aa8, 0x6267, 0x6267, 0x6267, 0x6287, 0x6aa8, 0x6aa8, 0x6aa8, 0x6ac8, 0x6ac8,
    0x6ac8, 0x6ac8, 0x6ac8, 0x6ac8, 0x6aa8, 0x6aa8, 0x6aa8, 0x6aa8, 0x6aa8, 0x6aa8, 0x6287, 0x6287,
    0x6287, 0x6287, 0x6287, 0x6aa8, 0x6ac8, 0x6ac8, 0x6ac8, 0x5a26, 0x5226, 0x5226, 0x5226, 0x6aa8,
    0x62a7, 0x6287, 0x6287, 0x5a46, 0x5a46, 0x5226, 0x5206, 0x5206, 0x5226, 0x5226, 0x5a67, 0x5a67,
    0x5a47, 0x49e5, 0x41a5, 0x41a4, 0x5246, 0x5226, 0x41a4, 0x3984, 0x3164, 0x3964, 0x3984, 0x3984,
    0x3164, 0x3964, 0x3984, 0x39a4, 0x49e5, 0x49e5, 0x49e5, 0x49e5, 0x49e5, 0x5206, 0x5226, 0x5246,
    0x5a87, 0x6287, 0x6287, 0x6287, 0x5a67, 0x5a67, 0x5a67, 0x5a67, 0x5246, 0x5a46, 0x6287, 0x6287,
    0x5226, 0x5226, 0x7329, 0x8bab, 0x93eb, 0x9c4c, 0x9c2c, 0x7b49, 0x7b49, 0x93ec, 0x93ec, 0x93ec,
    0x93eb, 0x93eb, 0x838a, 0x734a, 0x838a, 0x7b6a, 0x7b6a, 0x838a, 0x7329, 0x7329, 0x7329, 0x4a26,
    0x41c5, 0x41e6, 0x4a06, 0x4a06, 0x4a26, 0x41c5, 0x41c5, 0x41c5, 0x41e5, 0x39c5, 0x49e4, 0x6a22,
    0x9ae1, 0xab41, 0x9b01, 0x7a62, 0x6a85, 0x5aa8, 0x5aa8, 0x62a8, 0x5a87, 0x4a26, 0x5247, 0x5247,
    0x6285, 0x7aa4, 0x62c8, 0x7b6a, 0x734a, 0x7329, 0x732a, 0xad10, 0xad10, 0x8c2d, 0xffc8, 0xff44,
    0xc5d3, 0x9c8f, 0xbc89, 0x9c0a, 0xef19, 0xd677, 0xad53, 0x632c, 0xa512, 0xc616, 0xc616, 0xc616,
    0x6b2c, 0x6b2d, 0xb594, 0xce36, 0xce36, 0x9cb1, 0x840f, 0x840f, 0x9cd1, 0xb573, 0xb573, 0xa4f2,
    0xa4f2, 0x8430, 0x7bef, 0x736d, 0xa4f2, 0xbdb4, 0x9491, 0x738e, 0xdeb8, 0xdeb8, 0xded8, 0xc616,
    0xad53, 0x9cb1, 0x9471, 0xc616, 0xe6d8, 0xc5d5, 0xb573, 0x9470, 0xa4d2, 0xc5d5, 0x8c50, 0x738e,
    0xbdb4, 0xdeb8, 0xdeb8, 0xdeb7, 0xdeb7, 0xdeb7, 0xbdd4, 0xb573, 0xad32, 0x9490, 0x8c50, 0x840f,
    0x8c50, 0x8c50, 0x8c50, 0xad31, 0xb552, 0xbdb3, 0xad32, 0xa511, 0x83ee, 0x734c, 0x734c, 0x6b4c,
    0xb572, 0xb552, 0xb552, 0x9c90, 0x83ee, 0x736c, 0x6b2b, 0x6b2b, 0x6b0b, 0x6b0b, 0x6b0b, 0xacf0,
    0xa4d0, 0x946e, 0x946e, 0x944e, 0x9caf, 0xa4d0, 0xb551, 0xbd72, 0x7bac, 0x62ea, 0x41e5, 0x39a5,
    0x39a5, 0x39a5, 0x2924, 0x2944, 0x2103, 0x2944, 0x39c5, 0x41e6, 0x4a47, 0x5247, 0x5247, 0x4206,
    0x5247, 0x5aa8, 0x62e9, 0x5267, 0x5267, 0x5267, 0x5a67, 0x4a06, 0x5247, 0x4a06, 0x4a06, 0x3985,
    0x39a5, 0x4a06, 0x4a26, 0x5a87, 0x5247, 0x5226, 0x5a67, 0x5a67, 0x5247, 0x41e6, 0x41e6, 0x41e6,
    0x39a5, 0x2904, 0x2924, 0x41e5, 0x4206, 0x5247, 0x5247, 0x41c5, 0x41c5, 0x41c5, 0x41c5, 0x3144,
    0x41c5, 0x3164, 0x3144, 0x3984, 0x39a5, 0x39a5, 0x39a5, 0x4a06, 0x5a87, 0x5a87, 0x5a87, 0x5a67,
    0x5a26, 0x5a26, 0x5a26, 0x5a26, 0x5a46, 0x5a67, 0x6267, 0x6267, 0x6267, 0x6287, 0x6287, 0x6a88,
    0x72c8, 0x72c8, 0x72c8, 0x6287, 0x6287, 0x5a67, 0x5a47, 0x6287, 0x6288, 0x6aa8, 0x6aa8, 0x6267,
    0x6267, 0x6267, 0x6287, 0x6aa8, 0x6aa8, 0x6aa8, 0x6ac8, 0x6ac8, 0x6ac8, 0x6ac8, 0x6ac8, 0x6ac8,
    0x6aa8, 0x6aa8, 0x6aa8, 0x6aa8, 0x6aa8, 0x6aa8, 0x62a7, 0x6287, 0x6287, 0x6287, 0x6aa8, 0x72c8,
    0x6ac8, 0x6ac8, 0x6287, 0x5a26, 0x5226, 0x5226, 0x5a46, 0x6aa8, 0x62a7, 0x62a7, 0x6267, 0x5a46,
    0x5a46, 0x5a46, 0x4a06, 0x5206, 0x5226, 0x5226, 0x5a67, 0x5a67, 0x5226, 0x49e5, 0x41a5, 0x41a5,
    0x5246, 0x5226, 0x41a5, 0x3984, 0x3164, 0x3964, 0x3984, 0x3984, 0x3984, 0x3964, 0x3984, 0x39a4,
    0x49e5, 0x49e5, 0x49e5, 0x49e5, 0x49e5, 0x49e5, 0x5226, 0x5246, 0x5a87, 0x6287, 0x6287, 0x6287,
    0x5a67, 0x5a67, 0x5a67, 0x5a67, 0x5246, 0x5a46, 0x6287, 0x6287, 0x5226, 0x5226, 0x7329, 0x8bab,
    0x93eb, 0x9c4c, 0x93eb, 0x7b49, 0x838a, 0x93ec, 0x93ec, 0x93ec, 0x93ec, 0x93eb, 0x838a, 0x734a,
    0x838a, 0x7b6a, 0x838b, 0x7b8a, 0x7309, 0x7329, 0x7329, 0x5a67, 0x41c5, 0x41e6, 0x4a06, 0x4a06,
    0x4a26, 0x41c5, 0x41c5, 0x39a5, 0x39a5, 0x39c5, 0x49e4, 0x6a22, 0x9ae1, 0xab41, 0x9b01, 0x7a62,
    0x6a85, 0x5aa8, 0x5aa8, 0x62a8, 0x5a87, 0x4a26, 0x5247, 0x5247, 0x6285, 0x8ae2, 0x8b04, 0x7b6a,
    0x734a, 0x7329, 0x732a, 0xad10, 0xc5b2, 0x83cc, 0xffea, 0xff44, 0xc5d3, 0x8c0d, 0xbc89, 0xb427,
    0xfff0, 0xd657, 0x8c30, 0x632c, 0xa512, 0xc616, 0xc616, 0xc616, 0x6b2c, 0x7bee, 0xad53, 0xb574,
    0xce36, 0x9cb1, 0x83ef, 0x840f, 0x840f, 0xa4f2, 0xb573, 0xa4f2, 0x94b1, 0x8430, 0x73ae, 0x736d,
    0xa4f2, 0xbdb4, 0x9491, 0x8c50, 0xdeb8, 0xdeb8, 0xded8, 0xc616, 0xad53, 0x9cb1, 0x9471, 0xc5f6,
    0xded8, 0xc5d5, 0xc5d5, 0x738e, 0xa4d2, 0xc5d5, 0x8c50, 0x738e, 0xa512, 0xce15, 0xdeb8, 0xdeb7,
    0xdeb7, 0xdeb7, 0xdeb7, 0xbd93, 0xad32, 0x9490, 0x8c50, 0x7bce, 0x83ce, 0x8c50, 0x8c50, 0xad31,
    0xad11, 0x4206, 0xad52, 0xad11, 0x83ee, 0x736c, 0x9c8f, 0x83ce, 0xb572, 0xb572, 0xb552, 0xad31,
    0xa4d0, 0x736c, 0x6b2b, 0x6b2b, 0x6b2b, 0x83cd, 0x7b8d, 0xad11, 0xacf0, 0x946f, 0x946e, 0x946e,
    0x9caf, 0xa4d0, 0xb551, 0xbd72, 0x942e, 0x8c2d, 0x41c5, 0x39a5, 0x39a5, 0x39a5, 0x2924, 0x2103,
    0x2944, 0x2944, 0x39c5, 0x41e6, 0x4a27, 0x5247, 0x5247, 0x4206, 0x41e5, 0x5247, 0x62c9, 0x5267,
    0x5267, 0x5267, 0x5267, 0x4206, 0x4a06, 0x3185, 0x41e5, 0x3185, 0x39a5, 0x4a06, 0x4a26, 0x5a67,
    0x5247, 0x4206, 0x41e6, 0x5267, 0x5227, 0x41e6, 0x41e6, 0x41e5, 0x3985, 0x2904, 0x2104, 0x2103,
    0x39a5, 0x5247, 0x5246, 0x41c5, 0x41c5, 0x41c5, 0x41c5, 0x3144, 0x3144, 0x3144, 0x2944, 0x3984,
    0x39a5, 0x39a5, 0x39a5, 0x39a5, 0x62a8, 0x5a87, 0x5a87, 0x5a67, 0x5a26, 0x5a26, 0x5a26, 0x5a26,
    0x5a46, 0x6267, 0x6267, 0x6267, 0x6267, 0x6287, 0x6287, 0x72c8, 0x72c8, 0x72c8, 0x72c8, 0x6287,
    0x6287, 0x5a47, 0x5a47, 0x6287, 0x6288, 0x6aa8, 0x5a47, 0x6267, 0x6267, 0x6267, 0x6287, 0x6aa8,
    0x6aa8, 0x6aa8, 0x6ac8, 0x6ac8, 0x6aa8, 0x6aa8, 0x6ac8, 0x6ac8, 0x6aa8, 0x6aa8, 0x6aa8, 0x6aa8,
    0x6aa8, 0x6aa8, 0x62a7, 0x6287, 0x6287, 0x6287, 0x6ac8, 0x72c8, 0x6ac8, 0x6ac8, 0x5a46, 0x5a46,
    0x5226, 0x5226, 0x6287, 0x6aa8, 0x62a8, 0x62a7, 0x6267, 0x5a46, 0x5a46, 0x5226, 0x4a06, 0x5206,
    0x5226, 0x5226, 0x5a67, 0x5a67, 0x5206, 0x49e5, 0x41a5, 0x41c5, 0x5246, 0x5226, 0x41a5, 0x3984,
    0x3164, 0x3964, 0x3984, 0x3984, 0x3984, 0x41a4, 0x3984, 0x39a4, 0x49e5, 0x49e5, 0x49e5, 0x49e5,
    0x49e5, 0x49e5, 0x49e5, 0x5246, 0x5a87, 0x6287, 0x6287, 0x6287, 0x5a67, 0x5a67, 0x5a67, 0x5a67,
    0x5a46, 0x5a46, 0x6287, 0x6287, 0x5226, 0x5226, 0x7329, 0x8bab, 0x940c, 0x9c4c, 0x8bab, 0x7b49,
    0x83aa, 0x93ec, 0x93ec, 0x93ec, 0x940c, 0x93ec, 0x838a, 0x7349, 0x8bcb, 0x7b6a, 0x838b, 0x7b8a,
    0x7309, 0x734a, 0x7329, 0x5267, 0x41e6, 0x4a06, 0x4a06, 0x4a06, 0x4a26, 0x41c5, 0x41c5, 0x39a5,
    0x49c4, 0x6a21, 0x5a03, 0x6a22, 0x9ae1, 0xab41, 0x9b01, 0x7a62, 0x6a85, 0x5a88, 0x62c8, 0x62a8,
    0x5a87, 0x4a26, 0x5247, 0x5247, 0x6265, 0x8ae2, 0x92e2, 0x92e2, 0x7b27, 0x7329, 0x732a, 0xad10,
    0xc5b2, 0x83cc, 0xffea, 0xff4b, 0xce14, 0x8c0d, 0xfd65, 0xb448, 0xfff2, 0xfffd, 0x8c30, 0x632c,
    0xc5f5, 0xc5f5, 0xad33, 0x9490, 0x6b2c, 0x7bce, 0xad33, 0xad33, 0xad53, 0x9470, 0x83ef, 0x83ef,
    0x840f, 0x840f, 0x8c50, 0xa4f2, 0x94b1, 0x8430, 0x73ae, 0x736d, 0xa4f2, 0xbdb4, 0x9491, 0x8c50,
    0xdeb8, 0xdeb8, 0xded8, 0xc616, 0xad53, 0x9cb1, 0x9471, 0xa4f2, 0xded8, 0xc5d5, 0xc5d5, 0x738e,
    0x8c50, 0xc5d4, 0x8c50, 0x738e, 0xa512, 0xbdd4, 0xd677, 0xdeb7, 0xdeb7, 0xdeb7, 0xdeb7, 0xc5d5,
    0x9c90, 0x9490, 0x8c50, 0x7bae, 0x736d, 0xad32, 0x8c4f, 0xad11, 0xad11, 0x41e6, 0x4206, 0x630a,
    0x83ee, 0x736c, 0x9c90, 0xa4f1, 0xb572, 0xb572, 0xb572, 0xad31, 0xa4d0, 0xa4f0, 0x9c8f, 0x6b2b,
    0x6b2b, 0x83cd, 0x83cd, 0xad11, 0xad10, 0x9c6f, 0x946f, 0x946e, 0xa4d0, 0xbd92, 0xb531, 0xbd92,
    0xa4af, 0x942e, 0x2944, 0x39a5, 0x39a5, 0x39a5, 0x2924, 0x2103, 0x2944, 0x2944, 0x3164, 0x41e6,
    0x4a27, 0x4a47, 0x5247, 0x4206, 0x41e5, 0x4a26, 0x5247, 0x5267, 0x5267, 0x5267, 0x5267, 0x4206,
    0x4a06, 0x3185, 0x3185, 0x2924, 0x39a5, 0x4a06, 0x4a26, 0x5a67, 0x5247, 0x4206, 0x41e6, 0x41e6,
    0x41c5, 0x41e6, 0x41e6, 0x41e5, 0x3985, 0x2104, 0x2104, 0x2103, 0x2103, 0x2103, 0x5226, 0x41c5,
    0x41c5, 0x41c5, 0x41c5, 0x3144, 0x3144, 0x2944, 0x2944, 0x3984, 0x39a5, 0x39a5, 0x39a5, 0x39a5,
    0x5247, 0x62a8, 0x5a87, 0x5a87, 0x5a26, 0x5a26, 0x5a26, 0x5a26, 0x5a67, 0x6267, 0x6267, 0x6267,
    0x6287, 0x6287, 0x6aa8, 0x72c8, 0x72c8, 0x72c8, 0x72c8, 0x6287, 0x5a67, 0x5a47, 0x5a47, 0x6287,
    0x62a8, 0x6267, 0x5226, 0x6267, 0x6267, 0x6267, 0x6287, 0x6aa8, 0x6aa8, 0x6aa8, 0x6ac8, 0x6ac8,
    0x6287, 0x6aa8, 0x6ac8, 0x6ac8, 0x6aa8, 0x6aa8, 0x6aa8, 0x6aa8, 0x6aa8, 0x6aa8, 0x6aa7, 0x62a7,
    0x6287, 0x6aa8, 0x72e8, 0x72c8, 0x6ac8, 0x6287, 0x5206, 0x5a46, 0x5226, 0x5226, 0x6aa8, 0x6aa8,
    0x6aa8, 0x62a7, 0x6287, 0x5a46, 0x5a46, 0x5206, 0x4a06, 0x5206, 0x5226, 0x5226, 0x5a67, 0x5226,
    0x49e5, 0x49e5, 0x41c5, 0x49c5, 0x5246, 0x5226, 0x41a5, 0x3984, 0x3164, 0x3964, 0x3984, 0x3984,
    0x3984, 0x41a4, 0x41c5, 0x41a5, 0x49e5, 0x49e5, 0x49e5, 0x49e5, 0x49e5, 0x49e5, 0x49e5, 0x4a06,
    0x5a67, 0x6287, 0x6287, 0x6287, 0x5a67, 0x5a67, 0x5a67, 0x5a67, 0x5a87, 0x5a67, 0x6287, 0x6287,
    0x5226, 0x5226, 0x7329, 0x93eb, 0x940c, 0x940c, 0x8bab, 0x7b49, 0x8bcb, 0x940c, 0x93ec, 0x93ec,
    0x9c4d, 0x93ec, 0x838b, 0x7b6a, 0x8bab, 0x83ab, 0x838a, 0x7b6a, 0x7309, 0x734a, 0x734a, 0x5267,
    0x41e5, 0x4a26, 0x4a26, 0x4a06, 0x4a26, 0x41c5, 0x41c5, 0x39a5, 0x49c4, 0x6a21, 0x7a61, 0x8aa1,
    0x9ae1, 0xab41, 0x9b01, 0x7a62, 0x6a85, 0x5a88, 0x62c8, 0x6ae9, 0x5aa8, 0x4a26, 0x5247, 0x5247,
    0x6265, 0x8ae2, 0x92e2, 0x92e2, 0x8b25, 0x734a, 0x732a, 0xb551, 0xb551, 0xc4a9, 0xffea, 0xff4b,
    0xcdf4, 0x7b8c, 0xff04, 0xb448, 0xfff2, 0xfffd, 0x630c, 0x632c, 0xc5f5, 0xc5f5, 0xad32, 0x9470,
    0x6b2c, 0x7bce, 0xad33, 0xad33, 0xad33, 0x8c70, 0x83ef, 0x83ef, 0x83ef, 0x840f, 0x8c50, 0xa4f1,
    0x9491, 0x8430, 0x73ae, 0x736d, 0x9490, 0xa512, 0x9491, 0x8c50, 0xdeb8, 0xd677, 0xbdd5, 0xb594,
    0xad53, 0x9cb1, 0x9471, 0x7bcf, 0x738e, 0xc5d5, 0xa512, 0x738e, 0x8c50, 0xc5d4, 0xa4d1, 0x738d,
    0xa512, 0xbdd4, 0xd676, 0xdeb7, 0xce36, 0xdeb7, 0xdeb7, 0xc5d5, 0x738d, 0x840f, 0x8c50, 0x7bae,
    0x736d, 0xad31, 0xad11, 0xad11, 0xad11, 0x41e6, 0x4206, 0x4206, 0x39a5, 0x5aca, 0x9c90, 0xa4f1,
    0xbd72, 0xb572, 0xcdf4, 0xb532, 0xa4d0, 0xa4f0, 0xb552, 0xad11, 0x738c, 0x7bad, 0x83cd, 0x9cb0,
    0xad11, 0xbd72, 0x9c6f, 0x946e, 0xa4d0, 0xc5b2, 0xbd92, 0xbd92, 0xa4af, 0x944e, 0x4a27, 0x2924,
    0x39a5, 0x39a5, 0x2924, 0x2103, 0x2944, 0x2944, 0x2944, 0x3164, 0x4a06, 0x4a27, 0x5247, 0x41e6,
    0x41c5, 0x4a26, 0x5247, 0x41e6, 0x4a06, 0x5267, 0x5267, 0x41e6, 0x4206, 0x3185, 0x3185, 0x2924,
    0x2924, 0x41c5, 0x4a26, 0x5a67, 0x5247, 0x41e6, 0x41e6, 0x41e6, 0x41c5, 0x3165, 0x39a5, 0x41e5,
    0x3985, 0x2104, 0x2103, 0x2103, 0x2103, 0x2103, 0x2103, 0x2103, 0x41c5, 0x41c5, 0x41c5, 0x3144,
    0x2944, 0x2944, 0x2944, 0x3984, 0x39a5, 0x39a5, 0x39a5, 0x39a5, 0x41e5, 0x5a87, 0x6287, 0x5a87,
    0x5a26, 0x5a26, 0x5a26, 0x5a47, 0x6267, 0x6267, 0x6267, 0x6267, 0x6287, 0x6287, 0x72c8, 0x72c8,
    0x72c8, 0x72c8, 0x72c8, 0x6267, 0x5a47, 0x5a47, 0x5a67, 0x6287, 0x6aa8, 0x5a47, 0x5226, 0x6267,
    0x6267, 0x6267, 0x6287, 0x6aa8, 0x6aa8, 0x6aa8, 0x6ac8, 0x6aa8, 0x6287, 0x6aa8, 0x6ac8, 0x6ac8,
    0x6ac8, 0x6aa8, 0x6aa8, 0x6aa8, 0x6aa8, 0x6aa8, 0x6aa8, 0x62a7, 0x6287, 0x6ac8, 0x72e8, 0x72c8,
    0x72c8, 0x5a67, 0x5206, 0x5a46, 0x5a26, 0x5a47, 0x6aa8, 0x6aa8, 0x6aa8, 0x62a7, 0x6287, 0x5a46,
    0x5a46, 0x5206, 0x4a06, 0x5206, 0x5226, 0x5226, 0x5a67, 0x49e5, 0x49e5, 0x49e5, 0x41c5, 0x49c5,
    0x5246, 0x5226, 0x41a5, 0x39a4, 0x3164, 0x3964, 0x3984, 0x3984, 0x3984, 0x41a4, 0x41c5, 0x41c5,
    0x49e5, 0x49e5, 0x49e5, 0x49e5, 0x49e5, 0x49e5, 0x49e5, 0x4a06, 0x5226, 0x5a67, 0x6287, 0x6287,
    0x5a67, 0x5a67, 0x5a67, 0x5a67, 0x5a87, 0x6287, 0x6287, 0x6287, 0x5226, 0x5226, 0x7329, 0x9c4c,
    0x940c, 0x8bcb, 0x8bab, 0x7b6a, 0x8bcb, 0x940c, 0x93ec, 0x9c0c, 0x9c4d, 0x93ec, 0x838a, 0x838a,
    0x83ab, 0x838a, 0x838a, 0x7b6a, 0x6b09, 0x734a, 0x7b6a, 0x5267, 0x41e5, 0x4a26, 0x5247, 0x4a06,
    0x4a26, 0x41c5, 0x41c5, 0x39a5, 0x49c4, 0x6a21, 0x7a61, 0xa300, 0xaba2, 0xab41, 0x9b01, 0x7a62,
    0x6a85, 0x5a88, 0x62c8, 0x6ae9, 0x62a8, 0x4a26, 0x5247, 0x5247, 0x6265, 0x8ac2, 0x92e2, 0x92e2,
    0x8b25, 0x7b6a, 0x7b8a, 0xb551, 0xb551, 0xc4a9, 0xffea, 0xff4b, 0xc5d3, 0x7b8c, 0xff04, 0xbced,
    0xfff7, 0xfffd, 0x630c, 0x630c, 0xad53, 0xc5f5, 0xad32, 0x9470, 0x632c, 0x9470, 0xad33, 0xad33,
    0xad33, 0x83ef, 0x83ef, 0x9cd1, 0x83ef, 0x840f, 0x8c50, 0xa4f1, 0xa4f2, 0x9cb1, 0x73ae, 0x736d,
    0x9490, 0xa512, 0x9471, 0xa513, 0xdeb8, 0xd677, 0xbdd5, 0xc5d5, 0xc5f5, 0x9cb1, 0x9471, 0x7bcf,
    0x738e, 0x738e, 0x738e, 0x738e, 0x8c50, 0xc5d4, 0xb573, 0xad32, 0xbd93, 0xbdd4, 0xd676, 0xdeb7,
    0xad32, 0xad32, 0xdeb7, 0xc5d5, 0x738d, 0x840f, 0xad32, 0x9c90, 0x736d, 0xad11, 0xad11, 0xad11,
    0xad11, 0x41e6, 0x4206, 0x4206, 0x39a5, 0x3185, 0x6b4b, 0xad11, 0xbd93, 0xbd72, 0xd655, 0xc5f4,
    0xa4d0, 0xacf1, 0xb552, 0xad11, 0x9cb0, 0x8c2e, 0x83ee, 0x9cb0, 0xad11, 0xc5b3, 0xc5d3, 0x942e,
    0x9c6e, 0xc5b3, 0xc5b2, 0xc592, 0xa4af, 0x944e, 0x4a27, 0x2924, 0x2924, 0x3144, 0x2924, 0x20e3,
    0x2944, 0x2944, 0x2944, 0x3164, 0x39c5, 0x39c5, 0x4a27, 0x41e6, 0x41c5, 0x4a26, 0x5247, 0x41e6,
    0x41e6, 0x41e6, 0x4a06, 0x41e6, 0x4206, 0x3185, 0x3185, 0x2924, 0x2924, 0x3185, 0x39a5, 0x5247,
    0x5247, 0x41e6, 0x41e6, 0x41e6, 0x39c5, 0x3164, 0x3164, 0x3164, 0x3164, 0x2103, 0x2103, 0x2103,
    0x2103, 0x2103, 0x2103, 0x2103, 0x2103, 0x3985, 0x39c5, 0x2944, 0x2944, 0x2944, 0x2944, 0x3184,
    0x39a5, 0x3184, 0x2944, 0x39a5, 0x39a5, 0x5a67, 0x5267, 0x5247, 0x5a26, 0x5a26, 0x5a26, 0x6267,
    0x6267, 0x6267, 0x6267, 0x6267, 0x6287, 0x6aa8, 0x72c8, 0x72c8, 0x72c8, 0x72c8, 0x72e8, 0x5a67,
    0x5a47, 0x5a47, 0x5a67, 0x6287, 0x6267, 0x5226, 0x5226, 0x6267, 0x6267, 0x6267, 0x6aa8, 0x6aa8,
    0x6aa8, 0x6ac8, 0x6ac8, 0x6287, 0x6287, 0x6aa8, 0x6ac8, 0x6ac8, 0x6aa8, 0x6aa8, 0x6aa8, 0x6aa8,
    0x6aa8, 0x6aa8, 0x6aa8, 0x62a7, 0x6aa8, 0x72e8, 0x72e8, 0x72c8, 0x72c8, 0x5226, 0x5206, 0x5a46,
    0x5a26, 0x6287, 0x6aa8, 0x6aa8, 0x6aa8, 0x62a7, 0x6287, 0x5a46, 0x5a46, 0x5206, 0x4a06, 0x5206,
    0x5226, 0x5226, 0x5a67, 0x41c5, 0x49e5, 0x49e5, 0x49e5, 0x49c5, 0x5246, 0x5226, 0x41a5, 0x41a5,
    0x41a4, 0x3964, 0x3984, 0x3984, 0x3984, 0x41a4, 0x41c5, 0x41c5, 0x49e5, 0x49e5, 0x49e5, 0x49e5,
    0x49e5, 0x49e5, 0x49e5, 0x4a06, 0x5226, 0x5a47, 0x6287, 0x6287, 0x5a67, 0x5a67, 0x5a67, 0x5a67,
    0x5a87, 0x6287, 0x6287, 0x6287, 0x5226, 0x5226, 0x7329, 0xac8d, 0x940c, 0x8bab, 0x8bab, 0x838a,
    0x8bcb, 0x940c, 0x93ec, 0x9c0c, 0x9c4d, 0x93ec, 0x838a, 0x8bab, 0x83ab, 0x7b6a, 0x838a, 0x7b6a,
    0x6b09, 0x7329, 0x734a, 0x5267, 0x41e5, 0x4a26, 0x5247, 0x4a06, 0x4a26, 0x41c5, 0x41c5, 0x39a5,
    0x49c4, 0x6a21, 0x7a61, 0xa300, 0xb443, 0xbce4, 0x9ae1, 0x7262, 0x6a85, 0x5a88, 0x62c8, 0x6ae9,
    0x62a8, 0x4a26, 0x7284, 0x5247, 0x6265, 0x8ac2, 0x92e2, 0x92e2, 0x8b25, 0x7b6a, 0x7b6a, 0xc592,
    0xad10, 0xfd85, 0xffe7, 0xff71, 0xc5d3, 0x93c9, 0xff04, 0xbced, 0xff92, 0xfffc, 0x630c, 0x7bae,
    0xa512, 0xad53, 0xad53, 0x7bce, 0x632c, 0x9470, 0xad33, 0xa4f2, 0xad33, 0x83ef, 0x83ef, 0x9cd1,
    0x9491, 0x840f, 0x8c50, 0xa4f1, 0xa4f2, 0xa4f2, 0x9470, 0x736d, 0xa512, 0xa512, 0x8c50, 0x9cd2,
    0xc616, 0xd677, 0xbdd5, 0xc5d5, 0xc5d5, 0xb573, 0x9cb1, 0x7bcf, 0x738e, 0x738e, 0x7bce, 0x9450,
    0x8c50, 0xc5d4, 0xb573, 0xad32, 0x840f, 0x738d, 0xd676, 0xdeb7, 0xad32, 0xad32, 0x8c50, 0x9cb1,
    0x738d, 0x840f, 0xad32, 0xad32, 0xad31, 0x9c90, 0xad11, 0xad11, 0xad11, 0x41e6, 0x41e6, 0x4206,
    0x39a5, 0x3185, 0x39c5, 0x4a06, 0xb552, 0xbd93, 0xce14, 0xcdf4, 0xa4f0, 0xad11, 0xb552, 0xad31,
    0xa4b0, 0x8c2e, 0x83ee, 0xa4b0, 0xad31, 0xc5b3, 0xc5d3, 0x83cd, 0x7bad, 0xc5b3, 0xc5b2, 0xc5b2,
    0xb531, 0x944e, 0x4a27, 0x2924, 0x2924, 0x2924, 0x2944, 0x2103, 0x2944, 0x2944, 0x2944, 0x3164,
    0x39c5, 0x39c5, 0x41c5, 0x39a5, 0x41c5, 0x4a06, 0x5247, 0x41e5, 0x41e6, 0x41e6, 0x41e6, 0x41e6,
    0x41e6, 0x3185, 0x3185, 0x2924, 0x2924, 0x3185, 0x39a5, 0x41e6, 0x41e6, 0x41e6, 0x41e6, 0x41e6,
    0x39c5, 0x3164, 0x3164, 0x3164, 0x3164, 0x3164, 0x2103, 0x2103, 0x2103, 0x2103, 0x2103, 0x2103,
    0x2103, 0x3144, 0x3144, 0x2944, 0x2944, 0x2944, 0x2944, 0x3184, 0x39a5, 0x3184, 0x2924, 0x3164,
    0x39a5, 0x5226, 0x5a67, 0x41c5, 0x5a26, 0x5a26, 0x5a47, 0x6267, 0x6267, 0x6267, 0x6267, 0x6267,
    0x6287, 0x6ac8, 0x72c8, 0x72c8, 0x72c8, 0x72c8, 0x6aa8, 0x5a47, 0x5a47, 0x5a47, 0x5a67, 0x6287,
    0x5226, 0x5226, 0x5226, 0x6267, 0x6267, 0x6287, 0x6aa8, 0x6aa8, 0x6aa8, 0x6ac8, 0x6aa8, 0x6287,
    0x6287, 0x6aa8, 0x6ac8, 0x6287, 0x6aa8, 0x6aa8, 0x6aa8, 0x6aa8, 0x6aa8, 0x6aa8, 0x6aa8, 0x62a7,
    0x6ac8, 0x72e8, 0x72e8, 0x72e8, 0x6287, 0x5206, 0x5206, 0x5a46, 0x5a46, 0x6287, 0x6aa8, 0x6aa8,
    0x6aa8, 0x62a7, 0x6287, 0x5a46, 0x5a46, 0x5206, 0x4a06, 0x5226, 0x5226, 0x5226, 0x5226, 0x41c5,
    0x49e5, 0x49e5, 0x49e5, 0x49c5, 0x5a46, 0x5226, 0x41a5, 0x41a5, 0x41c5, 0x41a5, 0x3984, 0x3984,
    0x3984, 0x41a4, 0x41c5, 0x41c5, 0x49e5, 0x41c5, 0x49e5, 0x49e5, 0x49e5, 0x49e5, 0x49e5, 0x4a06,
    0x5226, 0x5a47, 0x6287, 0x6287, 0x5a67, 0x5a67, 0x5a67, 0x5a67, 0x5a87, 0x6287, 0x6287, 0x6287,
    0x6287, 0x5226, 0x836a, 0xac8d, 0x940c, 0x838a, 0x8bab, 0x8bab, 0x8bcb, 0x940c, 0x93ec, 0x9c4d,
    0x9c4d, 0x93ec, 0x838a, 0x83ab, 0x838b, 0x7b6a, 0x838a, 0x7b6a, 0x6b09, 0x7329, 0x734a, 0x5267,
    0x41e5, 0x4a26, 0x5247, 0x4a06, 0x4a26, 0x41c5, 0x39c5, 0x39a5, 0x49c4, 0x6a21, 0x7a61, 0xa300,
    0xb443, 0xbce4, 0xa403, 0x7262, 0x6a85, 0x5a88, 0x62c8, 0x6ae9, 0x62a8, 0x4a26, 0x7284, 0x8ac2,
    0x7aa4, 0x8ac2, 0x92e2, 0x92e2, 0x8b25, 0x7b6a, 0x7b6a, 0xc592, 0xad10, 0xfd85, 0xffe7, 0xff51,
    0xbd93, 0x93c9, 0xffeb, 0xb4ed, 0xff31, 0xc616, 0x630c, 0x7bae, 0xa512, 0xad53, 0xc5f5, 0x840f,
    0x632c, 0x9470, 0xad32, 0x9cd1, 0x9cb1, 0x83ef, 0x83ef, 0x9cd1, 0x9491, 0x840f, 0x8c50, 0xa4f1,
    0xa4f2, 0xa4f2, 0x8c30, 0x8c30, 0xa512, 0xa512, 0x8c50, 0x9cb2, 0xbdd5, 0xbdd5, 0xbdd5, 0xc5d5,
    0xc5d5, 0xb573, 0xad53, 0x9470, 0x738e, 0x738e, 0x7bce, 0x9450, 0x9c91, 0xb573, 0xb573, 0xad32,
    0x840f, 0x738d, 0x738d, 0xdeb7, 0xad32, 0xad32, 0x8c50, 0x840f, 0x736d, 0x840f, 0xad32, 0xad31,
    0xad11, 0xb573, 0xb573, 0xad11, 0xad11, 0x39a5, 0x41e6, 0x4206, 0x39a5, 0x3185, 0x39c5, 0x4a06,
    0x4a06, 0x6b2a, 0xce14, 0xd655, 0xa4f0, 0xa4f0, 0xa4d0, 0xad31, 0xa4d0, 0x946f, 0x83ee, 0xb552,
    0xcdf4, 0xc5b3, 0xcdf3, 0x83cd, 0x83cd, 0x6b0b, 0x944f, 0xc5b2, 0xb531, 0x944e, 0x734a, 0x2924,
    0x2924, 0x2924, 0x2924, 0x2944, 0x41c6, 0x2944, 0x2944, 0x3164, 0x39c5, 0x39c5, 0x39c5, 0x3185,
    0x3164, 0x41e6, 0x5247, 0x41e5, 0x41e6, 0x41e6, 0x41e6, 0x41e6, 0x41e6, 0x4a26, 0x3185, 0x2924,
    0x2924, 0x3165, 0x3985, 0x41e6, 0x41e6, 0x41e6, 0x41e6, 0x41e6, 0x39a5, 0x3164, 0x3164, 0x3164,
    0x3164, 0x3164, 0x3164, 0x3164, 0x2103, 0x2103, 0x2103, 0x2103, 0x2103, 0x3144, 0x2944, 0x2944,
    0x2944, 0x2944, 0x2944, 0x3184, 0x39a5, 0x3164, 0x2924, 0x2924, 0x39a5, 0x4a06, 0x5a67, 0x4a06,
    0x5a26, 0x5a26, 0x6267, 0x6267, 0x6267, 0x6267, 0x6267, 0x6267, 0x6aa8, 0x72c8, 0x72c8, 0x72c8,
    0x72c8, 0x72c8, 0x6267, 0x5a47, 0x5a47, 0x5a47, 0x5a67, 0x6267, 0x5226, 0x5226, 0x5226, 0x6267,
    0x6267, 0x6aa8, 0x6aa8, 0x6aa8, 0x6aa8, 0x6ac8, 0x6287, 0x6287, 0x6287, 0x6aa8, 0x6ac8, 0x6287,
    0x6aa8, 0x6aa8, 0x6aa8, 0x6aa8, 0x6aa8, 0x6aa8, 0x6aa8, 0x62a7, 0x72c8, 0x72e8, 0x72e8, 0x72e8,
    0x5a47, 0x5206, 0x5206, 0x5a46, 0x6267, 0x6287, 0x6aa8, 0x6aa8, 0x6aa8, 0x62a7, 0x6287, 0x5a46,
    0x5a46, 0x5206, 0x5206, 0x5226, 0x5226, 0x5226, 0x41c5, 0x41c5, 0x49e5, 0x49e5, 0x49e5, 0x49c5,
    0x5a46, 0x5226, 0x41a5, 0x41a5, 0x41c5, 0x41c5, 0x49c5, 0x3984, 0x3984, 0x41a4, 0x41c5, 0x41c5,
    0x49e5, 0x41c5, 0x41c5, 0x41c5, 0x49e5, 0x49e5, 0x49e5, 0x4a06, 0x5226, 0x5a47, 0x6287, 0x6287,
    0x5a67, 0x5a67, 0x5a67, 0x5a67, 0x6287, 0x6287, 0x6287, 0x6287, 0x6287, 0x62a7, 0x93eb, 0xac8d,
    0x8bcb, 0x838a, 0x8bab, 0x8bab, 0x8bcb, 0x940c, 0x940c, 0xa46d, 0x9c4d, 0x93ec, 0x838a, 0x8bcb,
    0x838a, 0x7b6a, 0x7b8a, 0x7b6a, 0x6b09, 0x7309, 0x734a, 0x5267, 0x41e5, 0x4a26, 0x5247, 0x4a06,
    0x4a26, 0x41c5, 0x5204, 0x7a62, 0x49c4, 0x6a01, 0x7a61, 0xa300, 0xb443, 0xbce4, 0xa403, 0x7262,
    0x6a85, 0x5a88, 0x62c8, 0x6ae9, 0x62a8, 0x4a26, 0x7284, 0x8ac2, 0xa322, 0xbb81, 0x8ae2, 0x92e2,
    0x8b05, 0x7b6a, 0x7b6a, 0xc592, 0xad10, 0xfd85, 0xffe7, 0xfe4e, 0xb572, 0xac06, 0xffeb, 0xc5f4,
    0xe6f8, 0xce36, 0x7bce, 0x7bae, 0xa512, 0xad53, 0xc5f5, 0x9491, 0x7bcf, 0x9470, 0xad32, 0x9cb1,
    0x9cb1, 0x9cb1, 0x9cb1, 0x9cd1, 0x8c70, 0x840f, 0x840f, 0x840f, 0x9c91, 0xa4f2, 0x8c30, 0x8c30,
    0xa512, 0xa512, 0x8c50, 0x9cb1, 0xbdd4, 0xbdd5, 0xbdd5, 0xc5d5, 0xc5d5, 0xad53, 0xad53, 0x9470,
    0x8c30, 0x738e, 0x7bce, 0x9450, 0x9c91, 0xad32, 0x9c91, 0xad32, 0x840f, 0x738d, 0x738d, 0x738d,
    0x9490, 0xad32, 0x8c50, 0x840f, 0x736d, 0x840e, 0xad32, 0xad31, 0xad11, 0xb573, 0xbdb3, 0xb552,
    0xad11, 0x3165, 0x39c5, 0x41e6, 0x39a5, 0x3185, 0x39c5, 0x4206, 0x4a06, 0x4a06, 0x5267, 0xbd72,
    0xa4f0, 0xa4f0, 0xa4f0, 0xa4d0, 0xad31, 0x9c6f, 0x83ee, 0x9cb0, 0xce14, 0xbd92, 0xc5b3, 0x9c8f,
    0x83cd, 0x734c, 0x6b0b, 0x630b, 0xb551, 0x946e, 0x734a, 0x2924, 0x2924, 0x2924, 0x2924, 0x2944,
    0x4a06, 0x4a27, 0x4a06, 0x3164, 0x39c5, 0x39c5, 0x39c5, 0x3165, 0x3164, 0x3164, 0x3985, 0x41e5,
    0x41e5, 0x41e6, 0x41e6, 0x41e6, 0x41e6, 0x5267, 0x5a67, 0x5247, 0x2924, 0x3165, 0x3985, 0x41e6,
    0x41e6, 0x41e6, 0x39c5, 0x3164, 0x3985, 0x3164, 0x3164, 0x3164, 0x3164, 0x3164, 0x3164, 0x41c5,
    0x41e5, 0x3164, 0x2103, 0x2103, 0x2103, 0x2944, 0x2944, 0x2944, 0x2944, 0x2103, 0x2103, 0x3184,
    0x39a5, 0x3164, 0x2924, 0x2924, 0x3984, 0x39a5, 0x4a06, 0x4a06, 0x5a26, 0x5a47, 0x6267, 0x6267,
    0x6267, 0x6267, 0x6267, 0x6267, 0x6ac8, 0x72c8, 0x72c8, 0x72c8, 0x72c8, 0x6aa8, 0x5a47, 0x5a47,
    0x5a47, 0x5a67, 0x5a67, 0x5226, 0x5226, 0x5226, 0x5226, 0x6267, 0x6287, 0x6aa8, 0x6aa8, 0x6aa8,
    0x6aa8, 0x6aa8, 0x6287, 0x6287, 0x6287, 0x6aa8, 0x6aa8, 0x6287, 0x6aa8, 0x6aa8, 0x6aa8, 0x6ac8,
    0x6aa8, 0x6aa8, 0x6aa8, 0x6aa8, 0x72e8, 0x72e8, 0x72e8, 0x6aa8, 0x5226, 0x5206, 0x5206, 0x5a47,
    0x6267, 0x6287, 0x6aa8, 0x6aa8, 0x6aa8, 0x62a7, 0x6287, 0x5a46, 0x5a46, 0x5206, 0x5206, 0x5226,
    0x5226, 0x4a06, 0x41c5, 0x41c5, 0x49e5, 0x49e5, 0x49e5, 0x49c5, 0x5a46, 0x5226, 0x41a5, 0x41a5,
    0x41c5, 0x41c5, 0x49e5, 0x41c5, 0x3984, 0x41a4, 0x41c5, 0x41c5, 0x49e5, 0x41c5, 0x41c5, 0x41c5,
    0x49e5, 0x49e5, 0x49e5, 0x4a06, 0x5226, 0x5a47, 0x6287, 0x6287, 0x5a67, 0x5a67, 0x5a67, 0x5a67,
    0x6287, 0x6287, 0x6287, 0x6287, 0x6287, 0x62a7, 0x93eb, 0xac8d, 0x8bcb, 0x838a, 0x8bab, 0x8bab,
    0x8bcb, 0x940c, 0x942c, 0xa46d, 0x9c4d, 0x93ec, 0x83ab, 0x8bcb, 0x7b6a, 0x7b6a, 0x7b6a, 0x7b6a,
    0x6b09, 0x6b09, 0x734a, 0x4a26, 0x41c5, 0x4a26, 0x5247, 0x4a06, 0x4a06, 0x41c5, 0x5204, 0x92c0,
    0x9b61, 0x6a01, 0x7a61, 0xa300, 0xb443, 0xbce4, 0xa403, 0x7262, 0x6244, 0x5267, 0x62c8, 0x6ae9,
    0x62a8, 0x4a26, 0x7284, 0x8ac2, 0xa322, 0xd3e1, 0xb361, 0x92e2, 0x8b05, 0x7b6a, 0x7b6a, 0xc592,
    0xa4f0, 0xfd85, 0xff44, 0xfe4e, 0xb531, 0xac06, 0xfff3, 0xc5f4, 0xe6f8, 0xce36, 0x7bce, 0x9491,
    0xa512, 0xb594, 0xc5d5, 0x7bce, 0x7bce, 0xa512, 0xa512, 0x9490, 0x9cb1, 0x9cb1, 0xa4f1, 0xad53,
    0x8c70, 0x840f, 0x840f, 0x840f, 0x9c91, 0xa4f2, 0x8c30, 0x8c30, 0xa512, 0xa512, 0x8c50, 0x9cb1,
    0xbdd4, 0xbdd5, 0xbdd5, 0xc5d5, 0xc5d5, 0xad53, 0xad53, 0x9470, 0x8c30, 0x738e, 0x7bce, 0x9450,
    0x9c91, 0xad32, 0x9c91, 0x8c50, 0x7bce, 0x738d, 0x738d, 0x738d, 0x8c50, 0x8c50, 0x8c50, 0x840f,
    0x736d, 0x840e, 0xad31, 0xb552, 0xad11, 0xb573, 0xbdb3, 0xb552, 0xad11, 0x4a48, 0x39c5, 0x41e6,
    0x39a5, 0x3185, 0x39c5, 0x4206, 0x4a06, 0x4a06, 0x5267, 0x5a88, 0x734b, 0xa4f0, 0xa4f0, 0xa4f0,
    0xb552, 0xad31, 0x8c2e, 0x9cb0, 0xce14, 0xbd92, 0xad31, 0x944e, 0x83cd, 0x734c, 0x6b0b, 0x6b0b,
    0x630b, 0x946e, 0x946e, 0x2924, 0x2924, 0x2924, 0x2924, 0x2924, 0x4206, 0x4a27, 0x5a88, 0x5267,
    0x41c5, 0x39c5, 0x39c5, 0x3164, 0x3144, 0x3164, 0x3164, 0x2104, 0x3985, 0x41e5, 0x41e6, 0x41e6,
    0x41e6, 0x5267, 0x5267, 0x6ae9, 0x6ae9, 0x3165, 0x3985, 0x41e6, 0x41e6, 0x41e6, 0x39a5, 0x3164,
    0x3164, 0x3164, 0x3164, 0x3164, 0x3164, 0x3164, 0x3164, 0x41c5, 0x41e5, 0x4a26, 0x4a26, 0x2103,
    0x2103, 0x2944, 0x2944, 0x2944, 0x2944, 0x2103, 0x20e3, 0x2923, 0x3164, 0x3164, 0x2924, 0x2924,
    0x3164, 0x39a5, 0x41c6, 0x49e6, 0x5a47, 0x6267, 0x6267, 0x6267, 0x6267, 0x6267, 0x6267, 0x6aa8,
    0x6ac8, 0x72c8, 0x72c8, 0x72c8, 0x72c8, 0x6267, 0x5a47, 0x5a47, 0x5a47, 0x5a67, 0x5a47, 0x5226,
    0x5226, 0x5226, 0x5226, 0x6267, 0x62a7, 0x6aa8, 0x6aa8, 0x6aa8, 0x6aa8, 0x6287, 0x6287, 0x6287,
    0x6287, 0x6aa8, 0x6287, 0x6287, 0x6aa8, 0x6ac8, 0x6aa8, 0x72c8, 0x6aa8, 0x6aa8, 0x6aa8, 0x72c8,
    0x72e8, 0x72e8, 0x72e8, 0x6287, 0x5226, 0x5206, 0x5206, 0x5a67, 0x6267, 0x6287, 0x6aa8, 0x6aa8,
    0x6aa8, 0x6aa8, 0x6287, 0x5a46, 0x5a46, 0x5206, 0x5246, 0x5226, 0x5226, 0x49e5, 0x41c5, 0x41c5,
    0x49e5, 0x49e5, 0x49e5, 0x4a05, 0x5a46, 0x5226, 0x41a5, 0x41a5, 0x41c5, 0x41c5, 0x49e5, 0x49e5,
    0x49e5, 0x41a4, 0x41c5, 0x41e5, 0x49e5, 0x41c5, 0x41c5, 0x41c5, 0x49e5, 0x49e5, 0x49e5, 0x4a06,
    0x5226, 0x5a47, 0x6287, 0x6287, 0x5a67, 0x5a67, 0x5226, 0x5a67, 0x6287, 0x6287, 0x6287, 0x6287,
    0x6287, 0x62a7, 0x93eb, 0xac8d, 0x838a, 0x838a, 0x8bab, 0x8bab, 0x8bcb, 0x940c, 0x9c4c, 0xa46d,
    0x940c, 0x8bec, 0x8bcb, 0x8bcb, 0x7b4a, 0x7b4a, 0x7b6a, 0x7b8a, 0x6b09, 0x6ae8, 0x7309, 0x4a26,
    0x39a5, 0x41e6, 0x5247, 0x4a06, 0x4a06, 0x39c5, 0x5204, 0x92c0, 0x9b61, 0xac64, 0x9322, 0xa300,
    0xb423, 0xbcc4, 0xa403, 0x7262, 0x6244, 0x5247, 0x6ae9, 0x6ae9, 0x62a8, 0x4a26, 0x7284, 0x8ac2,
    0xa322, 0xd3e1, 0xb361, 0x92e2, 0x8b05, 0x7b6a, 0x7b6a, 0xc592, 0xa4f0, 0xfd85, 0xfe21, 0xfe4e,
    0xb531, 0xcc44, 0xfff6, 0xc5f4, 0xdeb7, 0xb553, 0x7bae, 0x9491, 0xa512, 0xa512, 0xbdd5, 0x7bce,
    0x7bce, 0xa512, 0xa512, 0x8c2f, 0x9cb1, 0x9cb1, 0xa4f1, 0xad53, 0x9cb1, 0x840f, 0x840f, 0x840f,
    0x9c91, 0xa4f2, 0xa4f2, 0x8c30, 0xa512, 0xa512, 0x8c50, 0xa513, 0xd657, 0xbdd5, 0xbdd5, 0xc5d5,
    0xc5d5, 0xded8, 0xbdd4, 0x9470, 0x8c30, 0x738e, 0x840f, 0xad32, 0xa4f1, 0xad32, 0x9c91, 0x8c50,
    0x8c50, 0x8c50, 0x738d, 0x738d, 0x8c50, 0x8c50, 0x8c50, 0x840f, 0x736d, 0x840e, 0xad11, 0xb552,
    0xbdb3, 0xbdb3, 0xbdb3, 0xb552, 0xad11, 0x4a48, 0x39c5, 0x41e6, 0x39a5, 0x3185, 0x39c5, 0x4206,
    0x4206, 0x4a06, 0x5267, 0x5a88, 0x5a88, 0x5a88, 0x8c2d, 0xa4f0, 0xb572, 0xb531, 0xa4d0, 0xb531,
    0xce14, 0xbdb2, 0xb531, 0x944e, 0x83cd, 0x7b8c, 0x6b0b, 0x6b0b, 0x6b0b, 0x9c6e, 0x9c6e, 0x2924,
    0x2924, 0x2924, 0x2924, 0x2924, 0x4206, 0x4a26, 0x5a88, 0x5247, 0x4a26, 0x4a06, 0x39c5, 0x3164,
    0x3144, 0x3164, 0x3164, 0x2104, 0x2104, 0x2104, 0x3985, 0x41e6, 0x41e6, 0x5267, 0x5267, 0x6ae9,
    0x62e8, 0x62e8, 0x5a87, 0x41e6, 0x41e5, 0x41e5, 0x39a5, 0x3164, 0x3164, 0x3164, 0x3164, 0x3164,
    0x3164, 0x3164, 0x3144, 0x41c5, 0x41e5, 0x4a26, 0x4a26, 0x5a88, 0x4a26, 0x2944, 0x2944, 0x2944,
    0x2944, 0x2103, 0x20e3, 0x2903, 0x2924, 0x2924, 0x2924, 0x2924, 0x3164, 0x3985, 0x39a5, 0x4a06,
    0x6267, 0x6267, 0x6267, 0x6267, 0x6267, 0x6267, 0x6287, 0x6ac8, 0x6ac8, 0x72c8, 0x72c8, 0x72c8,
    0x6aa8, 0x5a47, 0x5a47, 0x5a47, 0x5a47, 0x5a67, 0x5226, 0x5226, 0x5226, 0x5226, 0x5226, 0x6287,
    0x6aa8, 0x6aa8, 0x6aa8, 0x6aa8, 0x6ac8, 0x6287, 0x6287, 0x6287, 0x6287, 0x62a8, 0x6287, 0x6287,
    0x6aa8, 0x6ac8, 0x72e8, 0x72e8, 0x6aa8, 0x6aa8, 0x6aa8, 0x72e8, 0x72e8, 0x72e8, 0x72e8, 0x5a47,
    0x5226, 0x5206, 0x5226, 0x6267, 0x6267, 0x6287, 0x6aa8, 0x6aa8, 0x6aa8, 0x6aa8, 0x5a47, 0x5a46,
    0x5a46, 0x5226, 0x5a46, 0x5226, 0x5226, 0x41c5, 0x41c5, 0x41c5, 0x49e5, 0x49e5, 0x49e5, 0x5a46,
    0x5a46, 0x5246, 0x41a5, 0x41a5, 0x41c5, 0x41c5, 0x49e5, 0x49e5, 0x49e5, 0x49e5, 0x41c5, 0x41e5,
    0x49e5, 0x41c5, 0x41c5, 0x41c5, 0x49e5, 0x49e5, 0x49e5, 0x4a06, 0x5226, 0x5a47, 0x6287, 0x6287,
    0x5a67, 0x5a67, 0x5246, 0x5246, 0x6287, 0x6287, 0x6287, 0x6287, 0x62a7, 0x62a7, 0x93eb, 0xac8d,
    0x7b4a, 0x838a, 0x8bab, 0x8bab, 0x940c, 0x940c, 0xa46d, 0xa48d, 0x940c, 0x8beb, 0x8bcb, 0x83ab,
    0x7b4a, 0x7b4a, 0x7b6a, 0x83ab, 0x6ae9, 0x6ae8, 0x6b09, 0x4a26, 0x39a5, 0x41e5, 0x4a06, 0x4a06,
    0x4a06, 0x39c5, 0x5204, 0x92c0, 0x9b61, 0xac64, 0xac84, 0xabc2, 0xb423, 0xbcc4, 0xa403, 0x7262,
    0x6244, 0x5247, 0x6ae9, 0x734a, 0x62c8, 0x4a26, 0x7283, 0x8ac2, 0xa322, 0xd3e1, 0xb361, 0x92e2,
    0x82e4, 0x734a, 0x7b6a, 0xbd71, 0xa4f0, 0xe5ac, 0xfe21, 0xfe4e, 0xb531, 0xcc44, 0xfff6, 0xb552,
    0xce15, 0xa4f2, 0x7bae, 0x9490, 0xa4f2, 0xa512, 0xa512, 0x7bce, 0x7bce, 0xa512, 0xa512, 0x7bcf,
    0x7bef, 0x9cb1, 0xa4f1, 0xad53, 0x9cb1, 0x840f, 0x840f, 0x840f, 0x9c91, 0xa4f1, 0xa4f2, 0xa512,
    0x9470, 0xa512, 0x8c50, 0xa513, 0xdeb8, 0xd677, 0xbdd5, 0xc5d5, 0xc5d5, 0xded8, 0xded8, 0x9450,
    0x8c10, 0x738e, 0x840f, 0xad32, 0xad32, 0xad32, 0x9c91, 0x8c50, 0x8c50, 0x8c50, 0xb553, 0x8c2f,
    0x8c50, 0x8c50, 0x8c50, 0x9c91, 0xbdb3, 0x83ee, 0xad11, 0xb552, 0xbdb3, 0xbdb3, 0xbdb3, 0xad52,
    0xad11, 0x4a48, 0x39c5, 0x41e6, 0x39a5, 0x3185, 0x3185, 0x41c6, 0x4206, 0x4a06, 0x5267, 0x5a88,
    0x5a88, 0x5a88, 0x5aa8, 0x5aa8, 0xb551, 0xb572, 0xa4d0, 0xa4d0, 0xd634, 0xcdf3, 0xb531, 0xa4d0,
    0x83ed, 0x83cd, 0x83cd, 0x6b0b, 0x6b0b, 0x8bed, 0x9c6e, 0x2924, 0x2924, 0x2924, 0x2924, 0x2924,
    0x4206, 0x4a26, 0x5a67, 0x5247, 0x4a06, 0x4a26, 0x4a26, 0x3985, 0x3144, 0x3144, 0x3164, 0x2103,
    0x2104, 0x2104, 0x2104, 0x3185, 0x41e6, 0x5267, 0x5267, 0x62e8, 0x62e8, 0x62c8, 0x5a87, 0x41e5,
    0x41e5, 0x41e5, 0x39a5, 0x3164, 0x3164, 0x3164, 0x3164, 0x3164, 0x3184, 0x3184, 0x3144, 0x41c5,
    0x41e5, 0x4a26, 0x4a26, 0x5a87, 0x5a87, 0x5a87, 0x39a5, 0x2944, 0x2944, 0x2103, 0x20e3, 0x2903,
    0x2924, 0x2924, 0x2924, 0x2924, 0x3164, 0x3985, 0x39a5, 0x4a26, 0x6267, 0x6267, 0x6267, 0x6267,
    0x6267, 0x6267, 0x6287, 0x6ac8, 0x6ac8, 0x72c8, 0x72c8, 0x72c8, 0x5a47, 0x5a47, 0x5a47, 0x5a47,
    0x5a47, 0x5a47, 0x5226, 0x5226, 0x5226, 0x5226, 0x5226, 0x6287, 0x6aa8, 0x6aa8, 0x6aa8, 0x6aa8,
    0x6287, 0x6287, 0x6287, 0x6287, 0x6287, 0x6287, 0x6287, 0x6287, 0x6aa8, 0x6ac8, 0x7b09, 0x72e8,
    0x6aa8, 0x6aa8, 0x6ac8, 0x72e9, 0x72e8, 0x72e8, 0x6287, 0x5a47, 0x5226, 0x5206, 0x5a47, 0x6267,
    0x6267, 0x6287, 0x6aa8, 0x6aa8, 0x6aa8, 0x6aa8, 0x5226, 0x5a46, 0x5a46, 0x5226, 0x5a46, 0x5226,
    0x4a05, 0x41c5, 0x41c5, 0x41c5, 0x49e5, 0x49e5, 0x4a05, 0x5a46, 0x5a46, 0x5226, 0x3984, 0x41a5,
    0x41c5, 0x41c5, 0x49e5, 0x49e5, 0x49e5, 0x49e5, 0x41c5, 0x41e5, 0x49e5, 0x41c5, 0x41c5, 0x41c5,
    0x49e5, 0x49e5, 0x49e5, 0x4a06, 0x5226, 0x5a47, 0x6287, 0x6287, 0x5a67, 0x5a67, 0x5246, 0x5246,
    0x5a46, 0x5a67, 0x6287, 0x6287, 0x62a7, 0x62a7, 0x93eb, 0x9c4c, 0x7b4a, 0x838a, 0x8bab, 0x8bab,
    0xa44d, 0x940c, 0xa46d, 0xa48d, 0x8bab, 0x8beb, 0x8bcb, 0x838a, 0x7b4a, 0x7b6a, 0x7b6a, 0x83ab,
    0x6ae8, 0x62c8, 0x6ae9, 0x4a26, 0x39a5, 0x41e5, 0x4206, 0x4a06, 0x4a06, 0x39c5, 0x5204, 0x92c0,
    0x9b41, 0xac64, 0xac84, 0xb4a4, 0xb4e6, 0xb4c4, 0xa403, 0x7262, 0x6244, 0x5247, 0x6ae9, 0x734a,
    0x734a, 0x62c8, 0x7283, 0x8ac2, 0xa322, 0xd3e1, 0xb361, 0x92e2, 0x82e4, 0x6b09, 0x7329, 0xbd71,
    0xa4f0, 0xe5ac, 0xfe21, 0xfe4e, 0xb531, 0xecc3, 0xfff6, 0xb552, 0xce15, 0xa4d1, 0x8c2f, 0xa4f2,
    0xa4f2, 0xa4f2, 0xa4f1, 0x9490, 0x9cb1, 0xa512, 0x9cb1, 0x7bce, 0x7bef, 0x83ef, 0x9cd1, 0xad53,
    0x8c50, 0x840f, 0x840f, 0x840f, 0xa4f1, 0xa4f1, 0xa4f2, 0x9470, 0x736d, 0x7bae, 0x8c50, 0xc5d5,
    0xdeb8, 0xce16, 0xbdd5, 0xc5d5, 0xc5d5, 0xded8, 0xded8, 0x9450, 0x9491, 0x840f, 0x840f, 0xad32,
    0xad32, 0xad32, 0x9c91, 0x8c50, 0x8c50, 0x8c50, 0xb553, 0xbdb4, 0xa4d1, 0x8c50, 0x8c50, 0x9c91,
    0xbdb3, 0xad32, 0x9490, 0xb552, 0xbdb3, 0xbdb3, 0xbdb3, 0x9cb0, 0x9cb0, 0x4a48, 0x39c5, 0x41e6,
    0x39a5, 0x3185, 0x3185, 0x3185, 0x41c6, 0x4a06, 0x5247, 0x5a88, 0x5a88, 0x5a88, 0x5a88, 0x5aa8,
    0x41e6, 0x8c2e, 0xa4d0, 0xa4d0, 0xd634, 0xd634, 0xce14, 0xa4d0, 0x83ed, 0x83ed, 0x83cd, 0x9caf,
    0x946e, 0x8c0d, 0x9c6e, 0x41e6, 0x2924, 0x2924, 0x2924, 0x2924, 0x39a5, 0x4a26, 0x5267, 0x5247,
    0x4a06, 0x4a06, 0x4a26, 0x41e5, 0x39c5, 0x3144, 0x3144, 0x2103, 0x2103, 0x2104, 0x2104, 0x3164,
    0x3164, 0x4a26, 0x5267, 0x62c8, 0x62c8, 0x62c8, 0x5a87, 0x41e5, 0x4a06, 0x5247, 0x39a5, 0x3164,
    0x3164, 0x3164, 0x3164, 0x3164, 0x3184, 0x41c5, 0x41c5, 0x41c5, 0x41e5, 0x4a26, 0x4a26, 0x5a87,
    0x5a87, 0x5a87, 0x5a87, 0x4a06, 0x3184, 0x2103, 0x20e3, 0x2903, 0x2924, 0x2924, 0x2924, 0x2924,
    0x3164, 0x3985, 0x3164, 0x4a27, 0x6267, 0x6267, 0x6267, 0x6267, 0x6267, 0x6267, 0x6287, 0x6ac8,
    0x6ac8, 0x72c8, 0x72c8, 0x6aa8, 0x5a47, 0x5a47, 0x5a47, 0x5a47, 0x5a67, 0x5226, 0x5226, 0x5226,
    0x5226, 0x5226, 0x5a47, 0x6aa8, 0x6aa8, 0x6aa8, 0x6aa8, 0x6aa8, 0x6287, 0x6287, 0x6287, 0x6287,
    0x62a8, 0x6aa8, 0x6287, 0x6287, 0x6aa8, 0x72e8, 0x7b09, 0x72e8, 0x6aa8, 0x6aa8, 0x6ac8, 0x72e9,
    0x72e8, 0x72e8, 0x5a47, 0x5a47, 0x5226, 0x5206, 0x6287, 0x6267, 0x6267, 0x6287, 0x6aa8, 0x6aa8,
    0x6aa8, 0x5a47, 0x5226, 0x5a47, 0x5a46, 0x5a46, 0x5a46, 0x5226, 0x49e5, 0x41c5, 0x41c5, 0x49e5,
    0x49e5, 0x49e5, 0x5226, 0x5a46, 0x5a46, 0x4a06, 0x3984, 0x3984, 0x41c5, 0x41c5, 0x49e5, 0x49e5,
    0x49e5, 0x49e5, 0x41c5, 0x41e5, 0x49e5, 0x41c5, 0x41c5, 0x41c5, 0x49e5, 0x49e5, 0x49e5, 0x4a06,
    0x5226, 0x5a47, 0x6287, 0x6287, 0x5a67, 0x5a67, 0x5246, 0x5246, 0x5a46, 0x5a46, 0x5a67, 0x6287,
    0x62a7, 0x62a7, 0x93eb, 0x940c, 0x7b4a, 0x838a, 0x8bab, 0x93ec, 0xa44d, 0x940c, 0xa48d, 0x9c2c,
    0x8bab, 0x8beb, 0x8bcb, 0x838a, 0x734a, 0x7b8a, 0x7b6a, 0x8bcb, 0x62c8, 0x62c8, 0x6b09, 0x4a06,
    0x39a5, 0x41e5, 0x41e6, 0x4a06, 0x4a06, 0x4a26, 0x5204, 0x92c0, 0x9b41, 0xa464, 0xac84, 0xaca4,
    0xb4e9, 0xbd2b, 0xa403, 0x7262, 0x6244, 0x5247, 0x6ae9, 0x734a, 0x734a, 0x7b4a, 0x9b44, 0x8aa2,
    0xa322, 0xd3e1, 0xb361, 0x92e2, 0x82e4, 0x6b09, 0x7329, 0xb551, 0xa4f0, 0xc5b3, 0xfe48, 0xfe4e,
    0xa4d0, 0xecc3, 0xfff2, 0xb532, 0xce15, 0x9cd1, 0x9470, 0xa4f2, 0xa4f2, 0xa4f2, 0x9cd1, 0x9490,
    0x840f, 0x630c, 0x9cb1, 0x7bce, 0x7bef, 0x83ef, 0x736d, 0x7bee, 0x8c50, 0x840f, 0x840f, 0x840f,
    0xa4f1, 0xa4f1, 0xa4f2, 0x9470, 0x736d, 0x7bae, 0x8c30, 0xc5d5, 0xdeb8, 0xce15, 0xbdd5, 0xc5d5,
    0xc5d5, 0xded8, 0xdeb8, 0x9450, 0x9491, 0xad32, 0xad32, 0xad32, 0xad32, 0xad32, 0x9c90, 0x8c50,
    0x8c50, 0x8c50, 0xb553, 0xbdb4, 0xad32, 0xad32, 0x9490, 0x9c90, 0xbdb3, 0xad32, 0x8c4f, 0xa512,
    0xc5d4, 0xbdb3, 0xbdb3, 0x9cb0, 0x8c2f, 0x4207, 0x39a5, 0x41e6, 0x39a5, 0x3185, 0x3185, 0x3185,
    0x41c6, 0x4206, 0x4a27, 0x5a88, 0x5a88, 0x5a88, 0x5a88, 0x5aa8, 0x41e6, 0x39a5, 0x39a5, 0xa4d0,
    0xd634, 0xd634, 0xd634, 0xad11, 0x736c, 0x83ed, 0x83cd, 0xa4af, 0xad10, 0x942e, 0x944e, 0x41e6,
    0x2924, 0x2924, 0x2924, 0x2924, 0x3985, 0x41e5, 0x5267, 0x5247, 0x4a06, 0x4a06, 0x4a26, 0x41e5,
    0x39c5, 0x3164, 0x3144, 0x2103, 0x2103, 0x2104, 0x2104, 0x3164, 0x3164, 0x41e6, 0x41e6, 0x62c8,
    0x62c8, 0x62c8, 0x5a87, 0x41e5, 0x4206, 0x5247, 0x4a06, 0x39a5, 0x3164, 0x3164, 0x3164, 0x3164,
    0x3164, 0x41c5, 0x41c5, 0x4a26, 0x4a26, 0x4a26, 0x4a26, 0x5a87, 0x5a87, 0x5a87, 0x5a67, 0x4a06,
    0x4a06, 0x39a5, 0x20e3, 0x2903, 0x2924, 0x2924, 0x2924, 0x2924, 0x3164, 0x3985, 0x3144, 0x4a06,
    0x6267, 0x6267, 0x6267, 0x6267, 0x6267, 0x6267, 0x6287, 0x6ac8, 0x6ac8, 0x72c8, 0x72c8, 0x5a47,
    0x5a47, 0x5a47, 0x5a47, 0x5a47, 0x5a47, 0x5226, 0x5226, 0x5226, 0x5226, 0x5226, 0x6aa8, 0x6aa8,
    0x6aa8, 0x6aa8, 0x6aa8, 0x6287, 0x6287, 0x6287, 0x6287, 0x6287, 0x6aa8, 0x6aa8, 0x6287, 0x6287,
    0x6aa8, 0x7b09, 0x7b09, 0x72e8, 0x6aa8, 0x6aa8, 0x6ac8, 0x72e9, 0x72e8, 0x6287, 0x5a67, 0x5a47,
    0x5226, 0x5a46, 0x6287, 0x6287, 0x6267, 0x6aa7, 0x6aa8, 0x6aa8, 0x6aa8, 0x5226, 0x5226, 0x5a47,
    0x5a46, 0x5a46, 0x5a46, 0x5226, 0x41c5, 0x41c5, 0x41c5, 0x49e5, 0x49e5, 0x49e5, 0x5a46, 0x5a46,
    0x5a46, 0x4a05, 0x3984, 0x3984, 0x3984, 0x41c5, 0x49e5, 0x49e5, 0x49e5, 0x49e5, 0x41c5, 0x49e5,
    0x49e5, 0x41c5, 0x41c5, 0x41c5, 0x49e5, 0x49e5, 0x49e5, 0x4a06, 0x5226, 0x5246, 0x5a67, 0x6287,
    0x5a67, 0x5a67, 0x5246, 0x5246, 0x5a46, 0x5a47, 0x5a47, 0x5a67, 0x62a7, 0x62a7, 0x93eb, 0x8bcb,
    0x7b4a, 0x838a, 0x8bab, 0x9c4c, 0xa46d, 0x940c, 0xa48d, 0x93ec, 0x8bab, 0x8bcb, 0x8bcb, 0x7b6a,
    0x734a, 0x7b8a, 0x838a, 0x83ab, 0x62a8, 0x6ae9, 0x6b09, 0x4a06, 0x39a5, 0x41e5, 0x41e6, 0x4a06,
    0x4a06, 0x5267, 0x6285, 0x92c0, 0x9b41, 0xa464, 0xac84, 0xaca4, 0xb4e9, 0xbd2b, 0xb488, 0x8aa1,
    0x6244, 0x5247, 0x62e9, 0x734a, 0x734a, 0x7b4a, 0xaba4, 0xcbc1, 0xbb81, 0xd3e1, 0xb361, 0x92e2,
    0x82e4, 0x6b09, 0x7329, 0xb551, 0xa4f0, 0xc5b3, 0xfe48, 0xfe4e, 0xa4d0, 0xfd62, 0xfff2, 0x9cb0,
    0xce15, 0x9cd1, 0x9470, 0xa4f1, 0xa4f1, 0x9490, 0x9cd1, 0x9470, 0x840f, 0x630c, 0x6b4d, 0x7bce,
    0x7bef, 0x83ef, 0x736d, 0x6b2c, 0x6b2c, 0x840f, 0x840f, 0x840f, 0xa4f1, 0x9cb1, 0x9470, 0x9470,
    0x736d, 0x7bae, 0x8c30, 0x9cd1, 0xbdb4, 0xce15, 0xbdd4, 0xc5d5, 0xc5d5, 0xc5d4, 0xd677, 0x9450,
    0x9491, 0xad32, 0xa4f1, 0x8c50, 0xa4f1, 0xad32, 0x9c90, 0x8c50, 0x8c50, 0x8c50, 0xb553, 0xbdb4,
    0xad32, 0xad32, 0xad32, 0xad52, 0xbdb3, 0xad32, 0x8c4f, 0xa4f2, 0xde96, 0xc5f4, 0xbd93, 0x9cb0,
    0x8c2f, 0x4207, 0x3165, 0x3985, 0x3985, 0x3165, 0x3185, 0x3185, 0x41c6, 0x4206, 0x4a06, 0x4a06,
    0x5a88, 0x5a88, 0x5a88, 0x5a88, 0x41c6, 0x39a5, 0x39a5, 0x39a5, 0x7b8b, 0xd634, 0xd634, 0xd634,
    0x6b2b, 0x6b2b, 0x8c0e, 0x944e, 0xad10, 0x9caf, 0x83cd, 0x5268, 0x2924, 0x2924, 0x2924, 0x2924,
    0x3985, 0x41c5, 0x5267, 0x5247, 0x4a06, 0x4a06, 0x4a06, 0x41c5, 0x39c5, 0x3164, 0x3144, 0x2103,
    0x2103, 0x2103, 0x2104, 0x3164, 0x3164, 0x41e5, 0x41e6, 0x62c8, 0x62c8, 0x62c8, 0x5a67, 0x41e5,
    0x4206, 0x5247, 0x4a06, 0x41c5, 0x41c5, 0x3184, 0x3164, 0x3144, 0x3164, 0x41c5, 0x39c5, 0x4a26,
    0x4a26, 0x4a26, 0x4a06, 0x5a87, 0x5a87, 0x5a67, 0x5a67, 0x4a06, 0x4a06, 0x4a06, 0x49e6, 0x39a5,
    0x2924, 0x2924, 0x2923, 0x2924, 0x3164, 0x3984, 0x3144, 0x4a06, 0x6267, 0x6267, 0x6267, 0x6267,
    0x6267, 0x6267, 0x6287, 0x6ac8, 0x72c8, 0x72c8, 0x5a47, 0x5a47, 0x5a47, 0x5a47, 0x5a47, 0x5a47,
    0x5226, 0x5226, 0x5226, 0x5226, 0x5226, 0x5a47, 0x6aa8, 0x6aa8, 0x6aa8, 0x6aa8, 0x6aa8, 0x6287,
    0x6287, 0x6287, 0x6287, 0x62a8, 0x6ac8, 0x6aa8, 0x6287, 0x6287, 0x72e8, 0x7b09, 0x7b09, 0x72e8,
    0x6aa8, 0x6aa8, 0x6ac8, 0x72e9, 0x72e8, 0x5a46, 0x5a67, 0x5a47, 0x5226, 0x5a67, 0x6287, 0x6287,
    0x6267, 0x6ac8, 0x6aa8, 0x6aa8, 0x6287, 0x5226, 0x5226, 0x5a47, 0x5a46, 0x5a46, 0x5a46, 0x5206,
    0x41c5, 0x41c5, 0x41c5, 0x49e5, 0x49e5, 0x4a06, 0x5a46, 0x5a46, 0x5226, 0x4a05, 0x3984, 0x3984,
    0x3984, 0x3984, 0x49e5, 0x49e5, 0x49e5, 0x49e5, 0x41c5, 0x49e5, 0x49e5, 0x49e5, 0x49e5, 0x41c5,
    0x49e5, 0x49e5, 0x49e5, 0x4a06, 0x5226, 0x5246, 0x5a46, 0x5a67, 0x5a67, 0x5a67, 0x5246, 0x5246,
    0x5a46, 0x5a47, 0x5a47, 0x5a67, 0x6287, 0x62a7, 0x8bab, 0x8bcb, 0x7b4a, 0x8bab, 0x8bab, 0xac8d,
    0xa46d, 0x940c, 0xa48d, 0x83ab, 0x83ab, 0x8bcb, 0x8bcb, 0x7b4a, 0x7b6a, 0x7b6a, 0x83ab, 0x83ab,
    0x62a8, 0x6ae9, 0x6ae9, 0x4a06, 0x39a5, 0x41e5, 0x41e6, 0x4a06, 0x4a06, 0x5267, 0x5a87, 0x62e8,
    0x9b41, 0xa464, 0xac64, 0xac84, 0xb4e9, 0xbd2b, 0xb488, 0xb341, 0x82c4, 0x5247, 0x62e9, 0x734a,
    0x734a, 0x7b4a, 0xaba4, 0xcbc1, 0xcbe1, 0xd3e1, 0xb361, 0x92e2, 0x82e4, 0x6b09, 0x7329, 0xb530,
    0xa4f0, 0xd654, 0xfe6e, 0xd5af, 0x9c8f, 0xfd62, 0xffed, 0x9cb0, 0xc615, 0x946f, 0x9490, 0xa4f1,
    0x9cb1, 0x9470, 0x9470, 0x9470, 0x738d, 0x630c, 0x738d, 0x7bce, 0x842f, 0x83ef, 0x736d, 0x6b2c,
    0x6b2c, 0x6b4d, 0x8c50, 0x840f, 0xa4f1, 0x9cb1, 0x8c30, 0x83ef, 0x736d, 0x7bae, 0x8c30, 0x9cd1,
    0xad32, 0xb594, 0xbdd4, 0xc5d5, 0xc5d4, 0xc5d4, 0xc5d4, 0x9450, 0x9491, 0xad32, 0xa4f1, 0x8c50,
    0x9c90, 0xad32, 0x9c90, 0x8c50, 0x8c50, 0x8c50, 0xa4f1, 0xb593, 0xad32, 0xad32, 0xad31, 0xad32,
    0xbdb3, 0xad32, 0x8c2f, 0xa4f2, 0xde96, 0xd635, 0xbd93, 0xad12, 0x8c2f, 0x4207, 0x3165, 0x3165,
    0x2924, 0x3144, 0x3185, 0x3185, 0x41c5, 0x4206, 0x4206, 0x4a06, 0x5a88, 0x5a88, 0x5a88, 0x5a88,
    0x41c6, 0x39a5, 0x39a5, 0x39a5, 0x4a26, 0x4a26, 0xd634, 0xd634, 0x6b2b, 0x6b2b, 0xa4af, 0xa4d0,
    0xb531, 0xa4af, 0x83cd, 0x5248, 0x2944, 0x2944, 0x2924, 0x2924, 0x3185, 0x41c5, 0x5267, 0x5247,
    0x4a06, 0x4a06, 0x4a06, 0x41c5, 0x39a5, 0x3164, 0x2944, 0x2103, 0x2103, 0x3164, 0x2103, 0x3164,
    0x3164, 0x41e5, 0x41e5, 0x62c8, 0x5aa8, 0x5247, 0x5247, 0x41c5, 0x41e6, 0x5247, 0x4a06, 0x41c5,
    0x41c5, 0x41c5, 0x3985, 0x3144, 0x3164, 0x39c5, 0x39c5, 0x4a26, 0x4a26, 0x4a06, 0x4a06, 0x4a06,
    0x5a67, 0x5a67, 0x5a67, 0x4a06, 0x4a06, 0x49e6, 0x49e6, 0x41e6, 0x41e5, 0x3164, 0x2923, 0x2924,
    0x3164, 0x3984, 0x3144, 0x49e6, 0x6267, 0x6267, 0x6267, 0x6267, 0x6267, 0x6267, 0x6287, 0x6ac8,
    0x72c8, 0x6aa7, 0x5206, 0x5a47, 0x5a47, 0x5a47, 0x5a47, 0x5a47, 0x5226, 0x5226, 0x5226, 0x5226,
    0x5226, 0x6aa8, 0x6aa8, 0x6aa8, 0x6aa8, 0x6aa8, 0x6287, 0x6287, 0x6287, 0x6287, 0x6287, 0x6aa8,
    0x6ac8, 0x6aa8, 0x6287, 0x6287, 0x7308, 0x7b09, 0x7b09, 0x72e8, 0x6aa8, 0x6aa8, 0x6ac8, 0x72e9,
    0x6287, 0x5a46, 0x5a67, 0x5a47, 0x5a47, 0x6287, 0x6287, 0x6287, 0x6287, 0x6ac8, 0x6ac8, 0x6aa8,
    0x5206, 0x5226, 0x5226, 0x5a47, 0x5a46, 0x5a46, 0x5a46, 0x5206, 0x41c5, 0x41c5, 0x49e5, 0x49e5,
    0x49e5, 0x5226, 0x5a46, 0x5a46, 0x5206, 0x4a05, 0x3984, 0x3984, 0x3984, 0x3984, 0x3984, 0x41c5,
    0x49e5, 0x49e5, 0x41c5, 0x49e5, 0x49e5, 0x49e5, 0x4a05, 0x49e5, 0x49e5, 0x49e5, 0x49e5, 0x4a06,
    0x5226, 0x5246, 0x5a46, 0x5246, 0x5246, 0x5a67, 0x5246, 0x5246, 0x5a46, 0x5a47, 0x5a47, 0x5a67,
    0x6287, 0x62a8, 0x7b6a, 0x8bcb, 0x7b4a, 0x8bab, 0x8bab, 0xac8d, 0xa46d, 0x940c, 0x9c4d, 0x83ab,
    0x83ab, 0x8bcb, 0x83ab, 0x7b4a, 0x7b6a, 0x7b6a, 0x8bcb, 0x83ab, 0x5a88, 0x6ae9, 0x6ae9, 0x4a06,
    0x39a5, 0x41c5, 0x41e6, 0x4a06, 0x4a06, 0x5267, 0x5a87, 0x62c8, 0x7ae6, 0xa3e3, 0xac64, 0xac84,
    0xb4e9, 0xbd2b, 0xb488, 0xb341, 0x82e4, 0x5267, 0x62e9, 0x732a, 0x734a, 0x734a, 0xaba4, 0xcbc1,
    0xcbe1, 0xd3e1, 0xb3a4, 0x92e2, 0x82e4, 0x6b09, 0x7329, 0xb530, 0xa4f0, 0xd654, 0xfe6e, 0xcd6e,
    0x9c8f, 0xfd62, 0xff6b, 0x9cb0, 0xc615, 0x8c4f, 0x9490, 0xa4f1, 0x9cb1, 0x9470, 0x9470, 0x9470,
    0x738d, 0x630c, 0x738d, 0x7bce, 0x9cb0, 0x9cb0, 0x6b2c, 0x6b2c, 0x6b2c, 0x7bce, 0x9cd1, 0xa4d1,
    0xa4f1, 0x9cb1, 0x8c30, 0x83ef, 0x736d, 0x7bae, 0x8c30, 0x9cd1, 0xad32, 0xb594, 0xbdd4, 0xc5d4,
    0xc5d4, 0xc5d4, 0xc5d4, 0x9450, 0x9491, 0xad32, 0xa4f1, 0x8c50, 0x9c90, 0xad32, 0xad32, 0x8c50,
    0x8c50, 0x8c50, 0xa4f1, 0xad32, 0x8c50, 0xad31, 0xad11, 0xad32, 0xbdb3, 0xbdb3, 0x7bad, 0x8c2f,
    0xde96, 0xd635, 0xbd93, 0xa4d1, 0x7bad, 0x5aca, 0x3165, 0x3165, 0x2924, 0x2924, 0x2944, 0x3185,
    0x41c5, 0x4206, 0x4206, 0x4a06, 0x5a88, 0x5a88, 0x4a06, 0x5a88, 0x41c6, 0x3985, 0x39a5, 0x39a5,
    0x4a26, 0x4a26, 0x4a26, 0x7b8b, 0x6b4b, 0x6b2b, 0xa4af, 0xa4d0, 0xb531, 0xb531, 0x83cd, 0x5248,
    0x2924, 0x3184, 0x3184, 0x2924, 0x3184, 0x41c5, 0x5267, 0x5247, 0x4206, 0x41c5, 0x39a5, 0x41c5,
    0x39a5, 0x3164, 0x2944, 0x2103, 0x2103, 0x3164, 0x3164, 0x3985, 0x3164, 0x41e5, 0x41e5, 0x62c8,
    0x5aa8, 0x5247, 0x5247, 0x5247, 0x41e6, 0x5247, 0x4a06, 0x41c5, 0x41c5, 0x41c5, 0x3985, 0x2103,
    0x2944, 0x39c5, 0x39c5, 0x4a26, 0x4a06, 0x4a06, 0x4a06, 0x4a06, 0x4a06, 0x5a67, 0x5a67, 0x4a06,
    0x4a06, 0x49e6, 0x41e6, 0x41e5, 0x41e5, 0x41c5, 0x3984, 0x2924, 0x2944, 0x3984, 0x3144, 0x41e5,
    0x6267, 0x6267, 0x6267, 0x6267, 0x6267, 0x6267, 0x6287, 0x6ac8, 0x72c8, 0x6267, 0x5206, 0x5a47,
    0x5a47, 0x5a47, 0x5a47, 0x5226, 0x5226, 0x5226, 0x5226, 0x5226, 0x5a47, 0x6aa8, 0x6aa8, 0x6aa8,
    0x6aa8, 0x6aa8, 0x6287, 0x6287, 0x6287, 0x6287, 0x6288, 0x6ac8, 0x6ac8, 0x6aa8, 0x6287, 0x6aa8,
    0x7308, 0x7b09, 0x7b09, 0x72e8, 0x6aa8, 0x6aa8, 0x6ac8, 0x7309, 0x5a47, 0x5a47, 0x5a67, 0x5a47,
    0x6267, 0x6287, 0x6287, 0x6287, 0x6ac8, 0x6ac8, 0x6ac8, 0x6267, 0x5206, 0x5226, 0x5226, 0x5a47,
    0x5a46, 0x5a46, 0x5a46, 0x5206, 0x41c5, 0x49e5, 0x49e5, 0x49e5, 0x49e5, 0x5a47, 0x5a46, 0x5a46,
    0x4a06, 0x4a05, 0x3984, 0x3984, 0x3984, 0x3984, 0x3984, 0x39a4, 0x49e5, 0x49e5, 0x41c5, 0x49e5,
    0x49e5, 0x49e5, 0x4a05, 0x4a06, 0x4a06, 0x49e5, 0x49e5, 0x4a06, 0x5226, 0x5246, 0x5a46, 0x5246,
    0x5226, 0x5246, 0x5246, 0x5246, 0x5a46, 0x5a47, 0x5a47, 0x5a67, 0x6287, 0x62a8, 0x7b6a, 0x8bcb,
    0x836a, 0x8bab, 0x93ec, 0xac8d, 0xa46d, 0x940c, 0x9c4d, 0x83ab, 0x83ab, 0x8bcb, 0x838a, 0x7b4a,
    0x83ab, 0x7b6a, 0x8bcb, 0x7b6a, 0x5a87, 0x6b09, 0x6ae9, 0x4a06, 0x39a5, 0x39a5, 0x41e6, 0x4a06,
    0x4a06, 0x5267, 0x5a87, 0x62c8, 0x7ae6, 0x9ae0, 0xa362, 0xac84, 0xb4e8, 0xb52b, 0xb488, 0xab41,
    0x82e4, 0x5a87, 0x5a88, 0x732a, 0x734a, 0x734a, 0xaba4, 0xcbc1, 0xcbc1, 0xd3e1, 0xb406, 0x942d,
    0x82e4, 0x6b09, 0x6b29, 0xad10, 0xa4f0, 0xd654, 0xddcf, 0xcd6e, 0x9c8f, 0xfde1, 0xff6b, 0xcd2b,
    0xc5f5, 0x8c4f, 0x8c4f, 0x9490, 0x9cb1, 0x9470, 0x9470, 0x9470, 0x738d, 0x630c, 0x738d, 0x7bce,
    0x9cb0, 0x9cb0, 0xc615, 0x8c2f, 0x6b2c, 0x7bce, 0x9cd1, 0xa512, 0xb573, 0x9cb1, 0x8c2f, 0x83ef,
    0x736d, 0x736d, 0x736d, 0x9cd1, 0xad32, 0xb594, 0xbdd4, 0xc5d4, 0xc5d4, 0xc5d4, 0xc5d4, 0x9450,
    0x9491, 0xad32, 0xa4f1, 0x8c50, 0x9c90, 0xad32, 0xad32, 0xad32, 0x9490, 0x8c50, 0xa4f1, 0xad32,
    0x8c50, 0x8c4f, 0xb552, 0xad32, 0xbdb3, 0xbdb3, 0x736d, 0x736d, 0xd655, 0xd635, 0xbd93, 0xa4d1,
    0x736c, 0x5268, 0x3164, 0x3165, 0x2924, 0x2924, 0x2944, 0x3185, 0x41c5, 0x4206, 0x4206, 0x4206,
    0x5a88, 0x5a88, 0x4a06, 0x4a06, 0x39a5, 0x3985, 0x39a5, 0x39a5, 0x4a26, 0x4a26, 0x4a26, 0x4a27,
    0x4a27, 0x6b4b, 0x946e, 0xa4af, 0xb531, 0xb531, 0x83cd, 0x6b0a, 0x2924, 0x3164, 0x3184, 0x3184,
    0x3184, 0x41c5, 0x5267, 0x4a47, 0x4206, 0x41c5, 0x39a5, 0x41e6, 0x41e6, 0x3164, 0x2944, 0x2103,
    0x2103, 0x3144, 0x3164, 0x41c5, 0x41c5, 0x41e5, 0x41e5, 0x62c8, 0x5aa8, 0x5247, 0x5247, 0x5247,
    0x4a06, 0x4a06, 0x4a06, 0x41c5, 0x41c5, 0x41c5, 0x3985, 0x2103, 0x2944, 0x39c5, 0x39a5, 0x4a06,
    0x4a06, 0x4a06, 0x4a06, 0x4a06, 0x4a06, 0x5a67, 0x5a67, 0x4a06, 0x49e6, 0x41e6, 0x41e5, 0x41e5,
    0x41e5, 0x41c5, 0x3984, 0x3164, 0x2944, 0x3164, 0x3144, 0x41e5, 0x6267, 0x6267, 0x6267, 0x6267,
    0x6267, 0x6267, 0x6287, 0x6ac8, 0x72c8, 0x5206, 0x5206, 0x5a47, 0x5a47, 0x5a47, 0x6267, 0x5226,
    0x5226, 0x5226, 0x5226, 0x5226, 0x6aa8, 0x6aa8, 0x6aa8, 0x6aa8, 0x6aa8, 0x6287, 0x6287, 0x6287,
    0x6287, 0x6287, 0x6aa8, 0x6ac8, 0x6ac8, 0x6aa8, 0x6287, 0x6ac8, 0x7309, 0x7b09, 0x7b09, 0x72e8,
    0x6aa8, 0x6aa8, 0x6ac8, 0x7309, 0x5226, 0x5a47, 0x5a67, 0x5a47, 0x6aa8, 0x6287, 0x6287, 0x6287,
    0x6ac8, 0x6ac8, 0x6ac8, 0x5226, 0x5206, 0x5226, 0x5226, 0x5a47, 0x5a46, 0x5a46, 0x5a46, 0x5206,
    0x41c5, 0x4a05, 0x4a05, 0x49e5, 0x5206, 0x5a47, 0x5a47, 0x5226, 0x4a06, 0x4a06, 0x3984, 0x3984,
    0x3984, 0x3984, 0x3984, 0x39a4, 0x41c5, 0x49c5, 0x41c5, 0x49e5, 0x49e5, 0x49e5, 0x4a05, 0x4a06,
    0x4a06, 0x4a06, 0x49e5, 0x4a06, 0x5226, 0x5246, 0x5a46, 0x5246, 0x5226, 0x5226, 0x5246, 0x5246,
    0x5a46, 0x5a47, 0x5a47, 0x5a67, 0x6287, 0x62a8, 0x7b6a, 0x8bcb, 0x83aa, 0x8bab, 0x9c4c, 0xac8d,
    0x9c2c, 0x940c, 0x940c, 0x838b, 0x8bcb, 0x8bcb, 0x838a, 0x838a, 0x83ab, 0x838a, 0x8bcb, 0x7329,
    0x62a8, 0x6b09, 0x6ae9, 0x4a06, 0x39a5, 0x39a5, 0x41c5, 0x41e5, 0x4a06, 0x5267, 0x5a87, 0x62c8,
    0x7ae6, 0x9ae0, 0xa362, 0xac84, 0xb4e8, 0xb50b, 0xb488, 0xab41, 0x82e4, 0x5a87, 0x5a88, 0x5aa8,
    0x6b09, 0x734a, 0xaba4, 0xcbc1, 0xcbc1, 0xd3e1, 0xb406, 0x942d, 0x8bec, 0x7329, 0x6b29, 0xb531,
    0xbd71, 0xc5b2, 0xddcf, 0xcd6e, 0x944e, 0xfee4, 0xff6b, 0xcd2b, 0xb573, 0x8c4f, 0x8c4f, 0x8c4f,
    0x736d, 0x9470, 0x9470, 0x9470, 0x738d, 0x630c, 0xa4f2, 0x7bce, 0x9cb0, 0x9cb0, 0xc615, 0xce16,
    0x9cd1, 0x7bce, 0x9cd1, 0xa512, 0xb573, 0x9470, 0x7bcf, 0x7bae, 0x736d, 0x736d, 0x736d, 0x83ef,
    0xa4d1, 0xb594, 0xbdd4, 0xc5d4, 0xce15, 0xdeb8, 0xce15, 0x9450, 0x9491, 0xad32, 0x9cb0, 0x738d,
    0x9c90, 0xad32, 0xad32, 0xad32, 0x9490, 0x8c50, 0xa4f1, 0xad32, 0x8c4f, 0x8c4f, 0xbdb3, 0xb573,
    0xbdb3, 0xbdb3, 0x736d, 0x736d, 0xbd93, 0xc5f4, 0xbd93, 0xa4d1, 0x736c, 0x5268, 0x3164, 0x3165,
    0x2924, 0x2124, 0x2944, 0x3185, 0x3185, 0x39a5, 0x4206, 0x4206, 0x5a88, 0x5a88, 0x4a06, 0x4a06,
    0x39a5, 0x3985, 0x3985, 0x39a5, 0x4a26, 0x4a26, 0x4a26, 0x4a26, 0x4a27, 0x4a27, 0x7b8b, 0xa4cf,
    0xb531, 0xb531, 0x83ed, 0x6b0a, 0x2924, 0x3164, 0x3164, 0x3184, 0x3184, 0x39a5, 0x5247, 0x4a47,
    0x4206, 0x41c5, 0x39a5, 0x41e6, 0x4a06, 0x41c5, 0x3164, 0x2103, 0x2103, 0x3144, 0x3144, 0x41c5,
    0x41c5, 0x41c5, 0x41e5, 0x62c8, 0x5aa8, 0x5247, 0x5247, 0x5247, 0x4a06, 0x41c5, 0x41c5, 0x41c5,
    0x41c5, 0x41c5, 0x3985, 0x2103, 0x2944, 0x39a5, 0x39a5, 0x4a06, 0x4a06, 0x4a06, 0x4a06, 0x4a06,
    0x4a06, 0x5a67, 0x5267, 0x49e6, 0x41e6, 0x41e5, 0x41e5, 0x41e5, 0x41e5, 0x41c5, 0x3184, 0x39a4,
    0x2944, 0x2944, 0x3144, 0x41c5, 0x6267, 0x6267, 0x6267, 0x6267, 0x6267, 0x6267, 0x6287, 0x6ac8,
    0x5a47, 0x5206, 0x5206, 0x5a47, 0x5a47, 0x5a47, 0x6287, 0x5226, 0x5226, 0x5226, 0x5226, 0x5a67,
    0x6aa8, 0x6aa8, 0x6aa8, 0x6aa8, 0x6aa8, 0x6287, 0x6287, 0x6287, 0x6287, 0x6287, 0x6ac8, 0x6ac8,
    0x6ac8, 0x6aa8, 0x6aa8, 0x6ac8, 0x7309, 0x7b09, 0x7b09, 0x6ac8, 0x6aa8, 0x6aa8, 0x6ac8, 0x6267,
    0x5226, 0x5a47, 0x5a67, 0x6aa8, 0x6aa8, 0x6287, 0x6287, 0x6aa8, 0x6ac8, 0x6ac8, 0x6287, 0x4a06,
    0x5206, 0x5226, 0x5226, 0x5a47, 0x5a46, 0x5a46, 0x5a46, 0x5206, 0x41c5, 0x5226, 0x4a06, 0x49e5,
    0x5226, 0x5a47, 0x5a47, 0x4a06, 0x4a06, 0x4a06, 0x3984, 0x3984, 0x3984, 0x3984, 0x3984, 0x39a4,
    0x41c5, 0x41c5, 0x41c5, 0x49e5, 0x49e5, 0x49e5, 0x4a06, 0x4a06, 0x4a06, 0x5206, 0x5226, 0x4a06,
    0x5226, 0x5246, 0x5a46, 0x5246, 0x5226, 0x5226, 0x5246, 0x5a46, 0x5a46, 0x5a47, 0x5a67, 0x5a67,
    0x6287, 0x62a8, 0x7b6a, 0x8bcb, 0x8bcb, 0x8bcb, 0xac8d, 0xac8d, 0x9c2c, 0x940c, 0x8beb, 0x838b,
    0x8bcb, 0x8bcb, 0x7b6a, 0x7b6a, 0x83ab, 0x83ab, 0x8bcb, 0x7329, 0x62a8, 0x6b09, 0x6ae9, 0x4a06,
    0x39a5, 0x39a5, 0x41c5, 0x39a5, 0x41c5, 0x5267, 0x5a87, 0x62c8, 0x7ac6, 0x9ae0, 0xa362, 0xac84,
    0xab82, 0xb50b, 0xb488, 0xab41, 0x82e4, 0x5a87, 0x5a88, 0x5a88, 0x5a88, 0x62e9, 0xaba4, 0xcbc1,
    0xcbc1, 0xd3e1, 0xb406, 0x942d, 0x8bec, 0x7b6a, 0x734a, 0xb531, 0xbd71, 0xc5b2, 0xddcf, 0xc52e,
    0xa46c, 0xfee4, 0xde6f, 0xcd0b, 0xb573, 0x8c4f, 0x8c4f, 0x8c4f, 0x736d, 0x630b, 0x840f, 0x9470,
    0x630c, 0x630c, 0xc5f5, 0xc5f5, 0x9cb0, 0x9cb0, 0xc615, 0xce16, 0xad53, 0x9cb1, 0x9cd1, 0xa512,
    0xb573, 0x9470, 0x6b4d, 0x9cd1, 0x736d, 0x736d, 0x736d, 0x8c50, 0x8c50, 0xa512, 0xbdd4, 0xc5d4,
    0xce15, 0xdeb8, 0xdeb8, 0x8c50, 0x9491, 0xad32, 0x9c90, 0x738d, 0x7bce, 0x9cb1, 0xad32, 0xad32,
    0x9490, 0x8c50, 0x8c50, 0xa4d1, 0x8c4f, 0x8c4f, 0xad32, 0xbdb3, 0xbdb3, 0xbdb3, 0x736d, 0x736d,
    0xbd93, 0xc5d4, 0xde76, 0xa4d1, 0x736c, 0x5a89, 0x39c5, 0x3165, 0x2924, 0x2124, 0x2944, 0x3165,
    0x3185, 0x3185, 0x2944, 0x39c5, 0x5a88, 0x5a88, 0x4a06, 0x4a06, 0x39a5, 0x3985, 0x3985, 0x39a5,
    0x4a26, 0x4a26, 0x4a26, 0x4a26, 0x4a26, 0x4a27, 0x4a27, 0x5247, 0xad10, 0xb531, 0x944e, 0x83ed,
    0x2924, 0x3164, 0x3164, 0x3184, 0x3184, 0x39a5, 0x41e6, 0x41e6, 0x41e6, 0x41c5, 0x39a5, 0x41e6,
    0x4a06, 0x41c5, 0x39a5, 0x2924, 0x2103, 0x3144, 0x3144, 0x41c5, 0x41c5, 0x41c5, 0x41c5, 0x5247,
    0x5a67, 0x5246, 0x5226, 0x5226, 0x4a06, 0x41c5, 0x41c5, 0x41c5, 0x3184, 0x41c5, 0x3185, 0x2103,
    0x2924, 0x39a5, 0x39a5, 0x4a06, 0x4a06, 0x4a06, 0x4a06, 0x4a06, 0x4a06, 0x5267, 0x5267, 0x41e6,
    0x41e6, 0x41e5, 0x41e5, 0x41e5, 0x41e5, 0x41c5, 0x3184, 0x39a4, 0x3164, 0x2924, 0x3144, 0x39a5,
    0x6267, 0x5a67, 0x5a67, 0x6267, 0x6267, 0x6267, 0x6287, 0x6ac8, 0x5206, 0x5206, 0x5206, 0x5a47,
    0x5a47, 0x5a67, 0x6287, 0x5226, 0x5226, 0x5226, 0x5226, 0x6287, 0x6aa8, 0x6aa8, 0x6aa8, 0x6aa8,
    0x6287, 0x6287, 0x6287, 0x6287, 0x6287, 0x6aa8, 0x6ac8, 0x6ac8, 0x6ac8, 0x6aa8, 0x6ac8, 0x6ac8,
    0x7309, 0x7b29, 0x72e8, 0x6aa8, 0x6aa8, 0x6aa8, 0x6ac8, 0x5226, 0x5226, 0x5a47, 0x5a67, 0x72e8,
    0x6aa8, 0x6287, 0x6287, 0x6ac8, 0x6ac8, 0x6ac8, 0x5a67, 0x4a06, 0x5226, 0x5226, 0x5a67, 0x5a47,
    0x5a47, 0x5a46, 0x5a46, 0x5206, 0x49e5, 0x5226, 0x4a06, 0x5226, 0x5a67, 0x5a67, 0x5226, 0x5206,
    0x4a06, 0x4a06, 0x41c5, 0x39a4, 0x3984, 0x3984, 0x3984, 0x39a4, 0x41c5, 0x41c5, 0x41c5, 0x49e5,
    0x49e5, 0x49e5, 0x4a06, 0x4a06, 0x4a06, 0x5206, 0x5226, 0x5226, 0x5226, 0x5246, 0x5a46, 0x5246,
    0x5226, 0x5226, 0x5246, 0x5a46, 0x6287, 0x5a47, 0x5a67, 0x5a67, 0x6287, 0x62a8, 0x7b6a, 0x940c,
    0x8bcb, 0x93eb, 0xac8d, 0xac8d, 0x940c, 0x940c, 0x83ab, 0x8bab, 0x8bcb, 0x838a, 0x7b4a, 0x83ab,
    0x83ab, 0x8bcb, 0x83ab, 0x6ae9, 0x62c8, 0x6b09, 0x6ae8, 0x4a06, 0x39a5, 0x39a5, 0x41c5, 0x39a5,
    0x39a5, 0x39a5, 0x5a87, 0x62c8, 0x72c6, 0x9ae0, 0xa362, 0xac84, 0xab82, 0xa320, 0xb3c4, 0xab41,
    0x82e4, 0x5a87, 0x5a88, 0x5a88, 0x5a88, 0x5267, 0x8b46, 0xcbc1, 0xcbc1, 0xd3e1, 0xb406, 0x942d,
    0x8bec, 0x7b4a, 0x7b6a, 0xbd51, 0xbd71, 0xad10, 0xddcf, 0xc52e, 0x9c2b, 0xffe7, 0xde6f, 0xf566,
    0xb573, 0x8c4f, 0x8c4f, 0x8c4f, 0x736d, 0x62eb, 0x738d, 0x83ee, 0x630c, 0x630c, 0xc5f5, 0xc5f5,
    0xc5f5, 0xb594, 0xc615, 0xbdd4, 0xad53, 0x9cb1, 0x6b4c, 0x9470, 0xb573, 0x9470, 0x6b4d, 0x9cd1,
    0xbd94, 0x8c2f, 0x736d, 0x8c50, 0x8c50, 0xad32, 0xad32, 0xc5f5, 0xce15, 0xdeb8, 0xc5f5, 0x8c50,
    0x9cb1, 0xad32, 0x9c90, 0x738d, 0x7bce, 0x8c50, 0xa4d1, 0xad32, 0x9490, 0x8c50, 0x8c50, 0x8c4f,
    0x8c4f, 0x8c4f, 0xad32, 0xbdb3, 0xbdb3, 0xbdb3, 0x736d, 0x736d, 0xbd93, 0xc5d4, 0xde76, 0xb573,
    0x736c, 0x5a89, 0x4a06, 0x5247, 0x3165, 0x2124, 0x2944, 0x3165, 0x3185, 0x3185, 0x2944, 0x2924,
    0x4a06, 0x5a88, 0x4a06, 0x4a06, 0x39a5, 0x3985, 0x3985, 0x3985, 0x39a5, 0x4206, 0x4a26, 0x4a26,
    0x4a26, 0x4a27, 0x4a27, 0x5247, 0x5a88, 0x7bab, 0x946e, 0x83ed, 0x2924, 0x2944, 0x3164, 0x3164,
    0x3184, 0x39a5, 0x41e6, 0x41c5, 0x3985, 0x39a5, 0x39a5, 0x41e6, 0x4a06, 0x41c5, 0x39a5, 0x2944,
    0x2944, 0x2944, 0x3144, 0x41c5, 0x41c5, 0x41c5, 0x41c5, 0x5246, 0x4a06, 0x41e5, 0x5226, 0x4a26,
    0x4a06, 0x41c5, 0x41c5, 0x41c5, 0x3184, 0x2103, 0x2924, 0x2103, 0x2924, 0x39a5, 0x39a5, 0x4a06,
    0x4a06, 0x4a06, 0x4a06, 0x41e5, 0x4a06, 0x5267, 0x5267, 0x41e6, 0x41e5, 0x41e5, 0x41e5, 0x39a4,
    0x41c5, 0x39c5, 0x3184, 0x39a4, 0x3984, 0x2924, 0x2924, 0x3184, 0x6267, 0x5a46, 0x5a67, 0x6267,
    0x6267, 0x6267, 0x6287, 0x5a47, 0x5206, 0x5206, 0x5206, 0x5a47, 0x5a47, 0x6287, 0x6287, 0x5226,
    0x5226, 0x5226, 0x5a47, 0x6aa8, 0x6aa8, 0x6aa8, 0x6aa8, 0x6aa8, 0x6267, 0x6287, 0x6287, 0x6287,
    0x6287, 0x6ac8, 0x6ac8, 0x6ac8, 0x72c8, 0x6aa8, 0x6ac8, 0x6ac8, 0x7309, 0x7b29, 0x72c8, 0x6aa8,
    0x6aa8, 0x6aa8, 0x5a47, 0x5226, 0x5226, 0x5a47, 0x6ac8, 0x72e8, 0x6aa8, 0x6287, 0x6287, 0x6ac8,
    0x6ac8, 0x6ac8, 0x5226, 0x4a06, 0x5226, 0x5a46, 0x5a67, 0x5a47, 0x5a47, 0x5a46, 0x5a46, 0x5206,
    0x5206, 0x5226, 0x4a06, 0x5a46, 0x5a67, 0x5a67, 0x5226, 0x5206, 0x4a06, 0x5206, 0x41c5, 0x41e5,
    0x41a5, 0x3984, 0x3984, 0x39a4, 0x41c5, 0x41c5, 0x41c5, 0x49e5, 0x4a06, 0x49e5, 0x4a06, 0x4a06,
    0x4a06, 0x5206, 0x5226, 0x5226, 0x5226, 0x5246, 0x5a46, 0x5246, 0x5226, 0x5226, 0x5246, 0x5a46,
    0x6287, 0x6287, 0x6287, 0x5a67, 0x6287, 0x62a8, 0x7b6a, 0xa44d, 0x8bcb, 0x9c2c, 0xac8d, 0xa46d,
    0x940c, 0x940c, 0x83ab, 0x8bcb, 0x8bcb, 0x7b4a, 0x7b4a, 0x8bcb, 0x83ab, 0x8bcb, 0x7b6a, 0x6ae9,
    0x6ae9, 0x6ae9, 0x6ae8, 0x4a06, 0x39a5, 0x39a5, 0x39c5, 0x39a5, 0x39a5, 0x39a5, 0x41c5, 0x62c8,
    0x72c6, 0x9ac0, 0xa361, 0xac84, 0xab82, 0xa320, 0x92e1, 0x82a1, 0x82e4, 0x5a87, 0x5a88, 0x5a88,
    0x5a88, 0x5267, 0x7b6a, 0x8bec, 0xcbc1, 0xcbe1, 0xb406, 0x942d, 0x8bec, 0x7b4a, 0x7b6a, 0xbd51,
    0xbd71, 0xad10, 0xddcf, 0xc5d3, 0x9c2b, 0xffe7, 0xb572, 0xf566, 0x9cd1, 0x8c4f, 0x738d, 0x8c4f,
    0x62eb, 0x62eb, 0x7bae, 0x7bae, 0x9490, 0x630c, 0xc5f5, 0xc5f5, 0xc5f5, 0xc615, 0xc615, 0xbdd4,
    0xad53, 0x83ee, 0x6b4c, 0x83ef, 0xb573, 0x9470, 0x6b4d, 0x9cd1, 0xb594, 0xce36, 0xa4f2, 0x8c50,
    0x8c50, 0xad32, 0xad32, 0xdeb8, 0xd676, 0xdeb7, 0xc5f5, 0x8c50, 0x9cb1, 0xbdd4, 0x9cd1, 0x738d,
    0x7bce, 0x8c50, 0xa4d1, 0xad32, 0x9490, 0x8c50, 0x8c4f, 0x8c4f, 0x8c4f, 0x8c4f, 0xad32, 0xbdb3,
    0xbdb3, 0xbdb3, 0x736d, 0x736d, 0xc5d4, 0xc5d4, 0xde76, 0xb573, 0x736c, 0x5a89, 0x4a06, 0x4a47,
    0x5247, 0x41e6, 0x2944, 0x3165, 0x3165, 0x3185, 0x2944, 0x2924, 0x2924, 0x2924, 0x4a06, 0x4a06,
    0x39a5, 0x3985, 0x3985, 0x3985, 0x39a5, 0x39a5, 0x41c5, 0x4a26, 0x4a26, 0x4a26, 0x4a27, 0x5247,
    0x5a88, 0x62c8, 0x7329, 0x83cc, 0x2924, 0x2103, 0x2944, 0x3164, 0x3184, 0x39a5, 0x41e6, 0x41c5,
    0x3985, 0x3985, 0x39a5, 0x41e5, 0x4a06, 0x41c5, 0x39a5, 0x2944, 0x2944, 0x2944, 0x2944, 0x39a5,
    0x41c5, 0x41c5, 0x41c5, 0x5226, 0x4a06, 0x41c5, 0x3985, 0x41e6, 0x4a06, 0x41c5, 0x39c5, 0x39c5,
    0x3184, 0x2103, 0x2103, 0x2944, 0x2924, 0x39a5, 0x39a5, 0x4a06, 0x4a06, 0x4a06, 0x4a06, 0x39a5,
    0x39a5, 0x5267, 0x5247, 0x41e6, 0x41e5, 0x41e5, 0x41e5, 0x39a4, 0x3184, 0x3164, 0x3164, 0x3984,
    0x3984, 0x2924, 0x2924, 0x3184, 0x5a47, 0x5a46, 0x5a67, 0x6267, 0x6267, 0x6267, 0x5a47, 0x5206,
    0x5206, 0x5206, 0x5206, 0x5a47, 0x5a67, 0x6287, 0x6287, 0x5226, 0x5226, 0x5226, 0x6aa8, 0x6aa8,
    0x6aa8, 0x6aa8, 0x6aa8, 0x6287, 0x6267, 0x6287, 0x6287, 0x6287, 0x6287, 0x6ac8, 0x6ac8, 0x6ac8,
    0x72c8, 0x72c8, 0x6ac8, 0x6ac8, 0x7309, 0x7309, 0x6ac8, 0x6ac8, 0x6aa8, 0x6aa8, 0x5226, 0x5226,
    0x5226, 0x5a47, 0x72e8, 0x72e8, 0x6aa8, 0x6287, 0x6287, 0x6ac8, 0x6ac8, 0x6287, 0x4a06, 0x4a06,
    0x5226, 0x5a46, 0x5a67, 0x5a47, 0x5a47, 0x5a46, 0x5a46, 0x5206, 0x5226, 0x5226, 0x4a06, 0x5a67,
    0x5a67, 0x5a67, 0x5206, 0x5206, 0x4a06, 0x5226, 0x41c5, 0x41e5, 0x49e5, 0x41c5, 0x3984, 0x39a4,
    0x41c5, 0x41c5, 0x41c5, 0x49e5, 0x5226, 0x4a06, 0x4a06, 0x4a06, 0x4a06, 0x5206, 0x5226, 0x5226,
    0x5226, 0x5246, 0x5a46, 0x5246, 0x5226, 0x5226, 0x5246, 0x5a46, 0x6287, 0x6287, 0x6ae8, 0x6287,
    0x6287, 0x62a8, 0x7b6a, 0xacae, 0x8bcb, 0xa46d, 0xac8e, 0x9c2c, 0x940c, 0x940c, 0x83ab, 0x8bcb,
    0x8bcb, 0x7b4a, 0x7b4a, 0x940c, 0x8bcb, 0x8bcb, 0x6b09, 0x6ae8, 0x6b09, 0x6ae9, 0x62c8, 0x4a26,
    0x41c5, 0x39a5, 0x39c5, 0x39a5, 0x39a5, 0x39a5, 0x41c5, 0x4a06, 0x6a85, 0x9ac0, 0xa361, 0xac84,
    0xa382, 0xa320, 0x92e1, 0x7242, 0x6aa5, 0x5a87, 0x5a88, 0x5a88, 0x5a88, 0x5267, 0x7b6a, 0x8bec,
    0x8bec, 0xa3e8, 0xb406, 0x942c, 0x8bec, 0x734a, 0x7b6a, 0xbd72, 0xbd71, 0x9c8f, 0xddcf, 0xc5d3,
    0xb469, 0xffe7, 0xc5d4, 0xf566, 0x9cd1, 0x8c4f, 0x738d, 0x73ad, 0x6b2c, 0x62eb, 0x7bae, 0x83ee,
    0x9490, 0x9cb0, 0xbd94, 0xc5f5, 0xc5f5, 0xc615, 0xc615, 0xce15, 0xb573, 0x83ee, 0x6b4c, 0x9cb1,
    0xb573, 0x9470, 0x6b4d, 0x9cd1, 0xb594, 0xce36, 0xd697, 0x8c50, 0x8c50, 0xad32, 0xad32, 0xdeb8,
    0xdeb7, 0xdeb7, 0xc5f5, 0x8c50, 0xa512, 0xbdd4, 0xa4f2, 0x738d, 0x7bce, 0x8c50, 0xa4d1, 0xad32,
    0xb593, 0xad32, 0x8c4f, 0x8c4f, 0x8c4f, 0x8c4f, 0xc5b4, 0xce15, 0xbdb3, 0xbd93, 0x736d, 0x736d,
    0xde76, 0xce35, 0xde76, 0xb572, 0x736c, 0x5a89, 0x4a06, 0x4a47, 0x5247, 0x5247, 0x5267, 0x3165,
    0x3165, 0x3185, 0x2944, 0x2924, 0x2924, 0x2924, 0x2924, 0x3165, 0x39a5, 0x3985, 0x3985, 0x3985,
    0x3985, 0x39a5, 0x39a5, 0x39a5, 0x4a26, 0x4a26, 0x4a27, 0x4a27, 0x5a88, 0x62c8, 0x7329, 0x7b6a,
    0x41c5, 0x2103, 0x2944, 0x3164, 0x3164, 0x39a5, 0x41e6, 0x39c5, 0x3185, 0x3985, 0x39a5, 0x3144,
    0x39c5, 0x39c5, 0x39a5, 0x2944, 0x2944, 0x2944, 0x2944, 0x3144, 0x3164, 0x41c5, 0x41c5, 0x5226,
    0x4a06, 0x41c5, 0x3985, 0x3144, 0x3144, 0x39a5, 0x39c5, 0x39c5, 0x3184, 0x2103, 0x2103, 0x2944,
    0x2944, 0x3164, 0x39a5, 0x4a06, 0x4a06, 0x4a06, 0x4a06, 0x39a5, 0x3984, 0x41e6, 0x4a06, 0x41e5,
    0x41e5, 0x41e5, 0x41e5, 0x39a4, 0x3184, 0x3164, 0x2923, 0x3164, 0x41c5, 0x2924, 0x2903, 0x3184
};

static TEXTURE title_backdrop{
    320, 240,
    false, 0,
    title_backdrop_data
};
