// Generated from the Minecraft 1.17.1 GUI textures -- do not edit by hand.
// Source: textures/gui/. Regenerate: python3 tools/textures/gen_gui_textures.py
static uint16_t title_logo_data[] = {
    0x0000, 0x0000, 0x0000, 0x0000, 0x0000, 0x0000, 0x0000, 0x0000, 0x0000, 0x0000, 0x0841, 0x0841,
    0x0841, 0x0841, 0x0841, 0x0841, 0x0841, 0x0841, 0x0841, 0x0841, 0x0841, 0x0841, 0x0000, 0x0000,
    0x0000, 0x0000, 0x0000, 0x0000, 0x0000, 0x0000, 0x0000, 0x0000, 0x0000, 0x0000, 0x0000, 0x0841,
    0x0841, 0x0841, 0x0841, 0x0841, 0x0841, 0x0841, 0x0841, 0x0841, 0x0841, 0x0841, 0x0841, 0x0841,
    0x0000, 0x0000, 0x0841, 0x0841, 0x0841, 0x0841, 0x0841, 0x0841, 0x0841, 0x0841, 0x0841, 0x0841,
    0x0841, 0x0841, 0x0841, 0x0000, 0x0841, 0x0841, 0x0841, 0x0841, 0x0841, 0x0841, 0x0841, 0x0841,
    0x0841, 0x0841, 0x0841, 0x0841, 0x0841, 0x0000, 0x0000, 0x0000, 0x0000, 0x0000, 0x0000, 0x0841,
    0x0841, 0x0841, 0x0841, 0x0841, 0x0841, 0x0841, 0x0841, 0x0841, 0x0841, 0x0841, 0x0841, 0x0000,
    0x0000, 0x0000, 0x0841, 0x0841, 0x0841, 0x0841, 0x0841, 0x0841, 0x0841, 0x0841, 0x0841, 0x0841,
    0x0841, 0x0841, 0x0841, 0x0841, 0x0841, 0x0841, 0x0841, 0x0841, 0x0841, 0x0841, 0x0841, 0x0841,
    0x0841, 0x0841, 0x0841, 0x0841, 0x0841, 0x0000, 0x0841, 0x0841, 0x0841, 0x0841, 0x0841, 0x0841,
    0x0841, 0x0841, 0x0841, 0x0841, 0x0841, 0x0841, 0x0841, 0x0841, 0x0841, 0x0841, 0x0841, 0x0841,
    0x0841, 0x0841, 0x0841, 0x0841, 0x0841, 0x0841, 0x0841, 0x0841, 0x0841, 0x0841, 0x0841, 0x0000,
    0x0841, 0x0841, 0x0841, 0x0841, 0x0841, 0x0841, 0x0841, 0x0841, 0x0841, 0x0841, 0x0841, 0x0841,
    0x0841, 0x0841, 0x0841, 0x0841, 0x0841, 0x0841, 0x0841, 0x0841, 0x0841, 0x0841, 0x0841, 0x0841,
    0x0841, 0x0841, 0x0841, 0x0000, 0x0000, 0x0000, 0x0841, 0x0841, 0x0841, 0x0841, 0x0841, 0x0841,
    0x0841, 0x0841, 0x0841, 0x0841, 0x0841, 0x0841, 0x0841, 0x0841, 0x0841, 0x0841, 0x0841, 0x0841,
    0x0841, 0x0841, 0x0841, 0x0841, 0x0841, 0x0841, 0x0841, 0x0841, 0x0000, 0x0000, 0x0000, 0x0841,
    0x0841, 0x0841, 0x0841, 0x0841, 0x0841, 0x0841, 0x0841, 0x0841, 0x0841, 0x0841, 0x0841, 0x0841,
    0x0841, 0x0841, 0x0841, 0x0841, 0x0841, 0x0841, 0x0841, 0x0841, 0x0841, 0x0841, 0x0841, 0x0841,
    0x0841, 0x0841, 0x0000, 0x0000, 0x0841, 0x0841, 0x0841, 0x0841, 0x0841, 0x0841, 0x0841, 0x0841,
    0x0841, 0x0841, 0x0841, 0x0841, 0x0841, 0x0841, 0x0841, 0x0841, 0x0841, 0x0841, 0x0841, 0x0841,
    0x0841, 0x0841, 0x0841, 0x0841, 0x0841, 0x0841, 0x0841, 0x0841, 0x0000, 0x0000, 0x0000, 0x0000,
    0x0000, 0x0000, 0x0000, 0x0000, 0x0000, 0x0000, 0x0000, 0x0000, 0x0841, 0xb575, 0xb575, 0xb575,
    0xb575, 0xb575, 0xb575, 0xb575, 0xb575, 0xb575, 0xb575, 0x0841, 0x0841, 0x0000, 0x0000, 0x0000,
    0x0000, 0x0000, 0x0000, 0x0000, 0x0000, 0x0000, 0x0000, 0x0000, 0x0000, 0x0841, 0x5aab, 0xb575,
    0xb575, 0xb575, 0xb575, 0xb575, 0xb575, 0xb575, 0xb575, 0xb575, 0xb575, 0x5aab, 0x0841, 0x0000,
    0x0841, 0xb575, 0xb575, 0xb575, 0xb575, 0xb575, 0xb575, 0xb575, 0xb575, 0xb575, 0xb575, 0xb575,
    0x0841, 0x0000, 0x0841, 0x5aab, 0xb575, 0xb575, 0xb575, 0xb575, 0xb575, 0xb575, 0xb575, 0xb575,
    0xb575, 0xb575, 0x0841, 0x0000, 0x0000, 0x0000, 0x0000, 0x0000, 0x0000, 0x0841, 0xb575, 0xb575,
    0xb575, 0xb575, 0xb575, 0xb575, 0xb575, 0xb575, 0xb575, 0xb575, 0xb575, 0x0000, 0x0000, 0x0841,
    0x83ef, 0xb575, 0xb575, 0xb575, 0xb575, 0xb575, 0xb575, 0xb575, 0xb575, 0xb575, 0xb575, 0xb575,
    0xb575, 0xb575, 0xb575, 0xb575, 0xb575, 0xb575, 0xb575, 0xb575, 0xb575, 0xb575, 0xb575, 0xb575,
    0xb575, 0xb575, 0x0841, 0x0000, 0x0841, 0x83ef, 0xb575, 0xb575, 0xb575, 0xb575, 0xb575, 0xb575,
    0xb575, 0xb575, 0xb575, 0xb575, 0xb575, 0xb575, 0xb575, 0xb575, 0xb575, 0xb575, 0xb575, 0xb575,
    0xb575, 0xb575, 0xb575, 0xb575, 0xb575, 0xb575, 0xb575, 0xb575, 0x0841, 0x0000, 0x0841, 0xb575,
    0xb575, 0xb575, 0xb575, 0xb575, 0x83ef, 0xb575, 0xb575, 0xb575, 0xb575, 0xb575, 0xb575, 0xb575,
    0xb575, 0xb575, 0xb575, 0xb575, 0xb575, 0xb575, 0xb575, 0xb575, 0xb575, 0xb575, 0xb575, 0xb575,
    0x0841, 0x0000, 0x0000, 0x0841, 0xb575, 0xb575, 0xb575, 0xb575, 0xb575, 0xb575, 0xb575, 0xb575,
    0xb575, 0xb575, 0xb575, 0xb575, 0xb575, 0xb575, 0xb575, 0xb575, 0xb575, 0xb575, 0xb575, 0xb575,
    0xb575, 0xb575, 0xb575, 0xb575, 0xb575, 0xb575, 0x0841, 0x0000, 0x0841, 0x0841, 0xb575, 0xb575,
    0xb575, 0xb575, 0xb575, 0xb575, 0xb575, 0xb575, 0xb575, 0xb575, 0xb575, 0xb575, 0xb575, 0xb575,
    0xb575, 0x83ef, 0xb575, 0xb575, 0xb575, 0xb575, 0xb575, 0xb575, 0xb575, 0xb575, 0xb575, 0x0841,
    0x0000, 0x0841, 0x0841, 0xb575, 0xb575, 0xb575, 0xb575, 0xb575, 0xb575, 0xb575, 0xb575, 0xb575,
    0xb575, 0xb575, 0xb575, 0xb575, 0xb575, 0xb575, 0xb575, 0xb575, 0xb575, 0x83ef, 0xb575, 0xb575,
    0xb575, 0xb575, 0xb575, 0xb575, 0xb575, 0x0841, 0x0000, 0x0000, 0x0000, 0x0000, 0x0000, 0x0000,
    0x0000, 0x0000, 0x0000, 0x0000, 0x0000, 0x0841, 0x5aab, 0xb575, 0xb575, 0xb575, 0xb575, 0xb575,
    0xb575, 0xb575, 0xb575, 0xb575, 0xb575, 0x0841, 0x0841, 0x0841, 0x0000, 0x0000, 0x0000, 0x0000,
    0x0000, 0x0000, 0x0000, 0x0000, 0x0000, 0x0000, 0x0000, 0x0841, 0x83ef, 0xb575, 0xb575, 0xb575,
    0xb575, 0xb575, 0xb575, 0xb575, 0xb575, 0xb575, 0xb575, 0x0841, 0x0841, 0x0841, 0x5aab, 0xb575,
    0xb575, 0xb575, 0xb575, 0xb575, 0xb575, 0xb575, 0xb575, 0xb575, 0xb575, 0xb575, 0x0841, 0x0000,
    0x0841, 0x83ef, 0xb575, 0xb575, 0xb575, 0xb575, 0xb575, 0xb575, 0xb575, 0xb575, 0xb575, 0xb575,
    0x0841, 0x0841, 0x0000, 0x0000, 0x0000, 0x0000, 0x0841, 0x0841, 0xb575, 0xb575, 0xb575, 0xb575,
    0xb575, 0xb575, 0xb575, 0xb575, 0xb575, 0xb575, 0xb575, 0x0841, 0x0000, 0x0841, 0xb575, 0xb575,
    0xb575, 0xb575, 0xb575, 0xb575, 0xb575, 0xb575, 0xb575, 0xb575, 0xb575, 0xb575, 0xb575, 0xb575,
    0xb575, 0xb575, 0xb575, 0xb575, 0xb575, 0xb575, 0xb575, 0xb575, 0xb575, 0xb575, 0xb575, 0xb575,
    0x0841, 0x0000, 0x0841, 0x83ef, 0xb575, 0xb575, 0xb575, 0xb575, 0xb575, 0xb575, 0xb575, 0xb575,
    0xb575, 0xb575, 0xb575, 0xb575, 0xb575, 0xb575, 0xb575, 0xb575, 0xb575, 0xb575, 0xb575, 0xb575,
    0xb575, 0xb575, 0xb575, 0xb575, 0xb575, 0xb575, 0x0841, 0x0000, 0x0841, 0xb575, 0xb575, 0xb575,
    0xb575, 0xb575, 0xb575, 0x83ef, 0xb575, 0xb575, 0xb575, 0xb575, 0xb575, 0xb575, 0xb575, 0xb575,
    0xb575, 0xb575, 0xb575, 0xb575, 0xb575, 0xb575, 0xb575, 0xb575, 0xb575, 0xb575, 0x0841, 0x0841,
    0x0000, 0x0841, 0xb575, 0xb575, 0xb575, 0xb575, 0xb575, 0xb575, 0xb575, 0xb575, 0xb575, 0xb575,
    0xb575, 0xb575, 0xb575, 0xb575, 0xb575, 0xb575, 0xb575, 0xb575, 0xb575, 0xb575, 0xb575, 0xb575,
    0xb575, 0xb575, 0xb575, 0xb575, 0x0841, 0x0000, 0x0841, 0x0841, 0xb575, 0xb575, 0xb575, 0xb575,
    0xb575, 0xb575, 0xb575, 0xb575, 0xb575, 0xb575, 0xb575, 0xb575, 0xb575, 0xb575, 0xb575, 0x5aab,
    0xb575, 0xb575, 0xb575, 0xb575, 0xb575, 0xb575, 0xb575, 0xb575, 0xb575, 0x5aab, 0x0841, 0x0841,
    0x0841, 0xb575, 0xb575, 0xb575, 0xb575, 0xb575, 0xb575, 0xb575, 0xb575, 0xb575, 0xb575, 0xb575,
    0xb575, 0xb575, 0xb575, 0xb575, 0xb575, 0xb575, 0xb575, 0x83ef, 0xb575, 0xb575, 0xb575, 0xb575,
    0xb575, 0xb575, 0xb575, 0x5aab, 0x0841, 0x0000, 0x0000, 0x0000, 0x0000, 0x0000, 0x0000, 0x0000,
    0x0000, 0x0000, 0x0000, 0x0841, 0x83ef, 0xb575, 0xb575, 0xb575, 0xb575, 0xb575, 0xb575, 0xb575,
    0xb575, 0xb575, 0x83ef, 0x0841, 0x0841, 0x0841, 0x0841, 0x0000, 0x0000, 0x0000, 0x0000, 0x0000,
    0x0000, 0x0000, 0x0000, 0x0000, 0x0000, 0x0841, 0xb575, 0xb575, 0xb575, 0xb575, 0xb575, 0xb575,
    0xb575, 0xb575, 0xb575, 0xb575, 0x83ef, 0x0841, 0x0841, 0x0841, 0x83ef, 0xb575, 0xb575, 0xb575,
    0xb575, 0xb575, 0xb575, 0xb575, 0xb575, 0xb575, 0xb575, 0x83ef, 0x0841, 0x0841, 0x0841, 0xb575,
    0xb575, 0xb575, 0xb575, 0xb575, 0xb575, 0xb575, 0xb575, 0xb575, 0xb575, 0xb575, 0x0841, 0x0841,
    0x0000, 0x0000, 0x0000, 0x0000, 0x0841, 0x5aab, 0xb575, 0xb575, 0xb575, 0xb575, 0xb575, 0xb575,
    0xb575, 0xb575, 0xb575, 0xb575, 0xb575, 0x0841, 0x0000, 0x0841, 0xb575, 0xb575, 0xb575, 0xb575,
    0xb575, 0xb575, 0xb575, 0xb575, 0xb575, 0xb575, 0xb575, 0xb575, 0xb575, 0xb575, 0xb575, 0xb575,
    0xb575, 0xb575, 0xb575, 0xb575, 0xb575, 0xb575, 0xb575, 0xb575, 0xb575, 0xb575, 0x0841, 0x0000,
    0x0841, 0xb575, 0xb575, 0xb575, 0xb575, 0xb575, 0xb575, 0xb575, 0xb575, 0xb575, 0xb575, 0xb575,
    0xb575, 0xb575, 0xb575, 0xb575, 0xb575, 0xb575, 0xb575, 0xb575, 0xb575, 0xb575, 0xb575, 0xb575,
    0xb575, 0xb575, 0xb575, 0x5aab, 0x0000, 0x0000, 0x0841, 0xb575, 0xb575, 0xb575, 0xb575, 0xb575,
    0xb575, 0x83ef, 0xb575, 0xb575, 0xb575, 0xb575, 0xb575, 0xb575, 0xb575, 0xb575, 0xb575, 0xb575,
    0xb575, 0xb575, 0xb575, 0xb575, 0xb575, 0xb575, 0xb575, 0xb575, 0x5aab, 0x0841, 0x0000, 0x0841,
    0xb575, 0xb575, 0xb575, 0xb575, 0xb575, 0xb575, 0xb575, 0xb575, 0xb575, 0xb575, 0xb575, 0xb575,
    0xb575, 0xb575, 0xb575, 0xb575, 0xb575, 0xb575, 0xb575, 0xb575, 0xb575, 0xb575, 0xb575, 0xb575,
    0xb575, 0xb575, 0x5aab, 0x0841, 0x0841, 0x0841, 0xb575, 0xb575, 0xb575, 0xb575, 0xb575, 0xb575,
    0xb575, 0xb575, 0xb575, 0xb575, 0xb575, 0xb575, 0xb575, 0xb575, 0xb575, 0xb575, 0x5aab, 0xb575,
    0xb575, 0xb575, 0xb575, 0xb575, 0xb575, 0xb575, 0xb575, 0xb575, 0x0841, 0x0841, 0x0841, 0x83ef,
    0xb575, 0xb575, 0xb575, 0xb575, 0xb575, 0xb575, 0xb575, 0xb575, 0xb575, 0xb575, 0xb575, 0xb575,
    0xb575, 0xb575, 0xb575, 0xb575, 0xb575, 0x5aab, 0xb575, 0xb575, 0xb575, 0xb575, 0xb575, 0xb575,
    0xb575, 0x83ef, 0x0841, 0x0000, 0x0000, 0x0000, 0x0000, 0x0000, 0x0000, 0x0000, 0x0000, 0x0000,
    0x0000, 0x0841, 0xb575, 0xb575, 0xb575, 0xb575, 0xb575, 0xb575, 0xb575, 0xb575, 0xb575, 0xb575,
    0x5aab, 0x0841, 0x0841, 0x0841, 0x0841, 0x0841, 0x0000, 0x0000, 0x0000, 0x0000, 0x0000, 0x0000,
    0x0000, 0x0000, 0x0841, 0x5aab, 0xb575, 0xb575, 0xb575, 0xb575, 0xb575, 0xb575, 0xb575, 0xb575,
    0xb575, 0xb575, 0x5aab, 0x0841, 0x0841, 0x0841, 0xb575, 0xb575, 0xb575, 0xb575, 0xb575, 0xb575,
    0xb575, 0xb575, 0xb575, 0xb575, 0xb575, 0x5aab, 0x0841, 0x0841, 0x0841, 0xb575, 0xb575, 0xb575,
    0xb575, 0xb575, 0xb575, 0xb575, 0xb575, 0xb575, 0xb575, 0xb575, 0x0841, 0x0841, 0x0841, 0x0000,
    0x0000, 0x0000, 0x0841, 0x5aab, 0xb575, 0xb575, 0xb575, 0xb575, 0xb575, 0xb575, 0xb575, 0xb575,
    0xb575, 0xb575, 0x83ef, 0x0841, 0x0000, 0x0841, 0xb575, 0xb575, 0xb575, 0xb575, 0xb575, 0xb575,
    0xb575, 0xb575, 0xb575, 0xb575, 0xb575, 0xb575, 0xb575, 0xb575, 0xb575, 0xb575, 0xb575, 0xb575,
    0xb575, 0xb575, 0xb575, 0xb575, 0xb575, 0xb575, 0xb575, 0xb575, 0x0841, 0x0000, 0x0841, 0xb575,
    0xb575, 0xb575, 0xb575, 0xb575, 0xb575, 0xb575, 0xb575, 0xb575, 0xb575, 0xb575, 0xb575, 0xb575,
    0xb575, 0xb575, 0xb575, 0xb575, 0xb575, 0xb575, 0xb575, 0xb575, 0xb575, 0xb575, 0xb575, 0xb575,
    0xb575, 0x0841, 0x0000, 0x0000, 0x0841, 0xb575, 0xb575, 0xb575, 0xb575, 0xb575, 0xb575, 0x83ef,
    0xb575, 0xb575, 0xb575, 0xb575, 0xb575, 0xb575, 0xb575, 0xb575, 0xb575, 0xb575, 0xb575, 0xb575,
    0xb575, 0xb575, 0xb575, 0xb575, 0xb575, 0xb575, 0x83ef, 0x0841, 0x0000, 0x0841, 0xb575, 0xb575,
    0xb575, 0xb575, 0xb575, 0xb575, 0xb575, 0xb575, 0xb575, 0xb575, 0xb575, 0xb575, 0xb575, 0xb575,
    0xb575, 0xb575, 0xb575, 0xb575, 0xb575, 0xb575, 0xb575, 0xb575, 0xb575, 0xb575, 0xb575, 0xb575,
    0x83ef, 0x0841, 0x0841, 0x0841, 0xb575, 0xb575, 0xb575, 0xb575, 0xb575, 0xb575, 0xb575, 0xb575,
    0xb575, 0xb575, 0xb575, 0xb575, 0xb575, 0xb575, 0xb575, 0xb575, 0xb575, 0x5aab, 0x5aab, 0xb575,
    0xb575, 0xb575, 0xb575, 0xb575, 0xb575, 0xb575, 0x5aab, 0x0841, 0x0841, 0x5aab, 0xb575, 0xb575,
    0xb575, 0xb575, 0xb575, 0xb575, 0xb575, 0x83ef, 0xb575, 0xb575, 0xb575, 0xb575, 0xb575, 0xb575,
    0xb575, 0xb575, 0xb575, 0x5aab, 0xb575, 0xb575, 0xb575, 0xb575, 0xb575, 0xb575, 0xb575, 0xb575,
    0x0841, 0x0000, 0x0000, 0x0000, 0x0000, 0x0000, 0x0000, 0x0000, 0x0000, 0x0000, 0x0841, 0x5aab,
    0xb575, 0xb575, 0xb575, 0xb575, 0xb575, 0xb575, 0xb575, 0xb575, 0xb575, 0xb575, 0x0841, 0x0841,
    0x0841, 0x0841, 0x0841, 0x0841, 0x0000, 0x0000, 0x0000, 0x0000, 0x0000, 0x0000, 0x0000, 0x0000,
    0x0841, 0x83ef, 0xb575, 0xb575, 0xb575, 0xb575, 0xb575, 0xb575, 0xb575, 0xb575, 0xb575, 0xb575,
    0x0841, 0x0841, 0x0841, 0x0841, 0xb575, 0xb575, 0xb575, 0xb575, 0xb575, 0xb575, 0xb575, 0xb575,
    0xb575, 0xb575, 0xb575, 0x0841, 0x0841, 0x0841, 0x5aab, 0xb575, 0xb575, 0xb575, 0xb575, 0xb575,
    0xb575, 0xb575, 0xb575, 0xb575, 0xb575, 0xb575, 0x0841, 0x0841, 0x0841, 0x0000, 0x0000, 0x0000,
    0x0841, 0x83ef, 0xb575, 0xb575, 0xb575, 0xb575, 0xb575, 0xb575, 0xb575, 0xb575, 0xb575, 0xb575,
    0x83ef, 0x0841, 0x0841, 0x2945, 0xb575, 0xb575, 0xb575, 0xb575, 0xb575, 0xb575, 0xb575, 0xb575,
    0xb575, 0xb575, 0xb575, 0xb575, 0xb575, 0xb575, 0xb575, 0xb575, 0xb575, 0xb575, 0xb575, 0xb575,
    0xb575, 0xb575, 0xb575, 0xb575, 0xb575, 0xb575, 0x0841, 0x0000, 0x0841, 0xb575, 0xb575, 0xb575,
    0xb575, 0xb575, 0xb575, 0xb575, 0xb575, 0xb575, 0xb575, 0xb575, 0xb575, 0xb575, 0xb575, 0xb575,
    0xb575, 0xb575, 0xb575, 0xb575, 0xb575, 0xb575, 0xb575, 0xb575, 0xb575, 0xb575, 0xb575, 0x0841,
    0x0000, 0x0000, 0x0841, 0xb575, 0xb575, 0xb575, 0xb575, 0xb575, 0xb575, 0x83ef, 0xb575, 0xb575,
    0xb575, 0xb575, 0xb575, 0xb575, 0xb575, 0xb575, 0xb575, 0xb575, 0xb575, 0xb575, 0xb575, 0xb575,
    0xb575, 0xb575, 0xb575, 0xb575, 0xb575, 0x0841, 0x0841, 0x0841, 0x83ef, 0xb575, 0xb575, 0xb575,
    0xb575, 0xb575, 0xb575, 0xb575, 0xb575, 0xb575, 0xb575, 0xb575, 0xb575, 0xb575, 0xb575, 0xb575,
    0xb575, 0xb575, 0xb575, 0xb575, 0xb575, 0xb575, 0xb575, 0xb575, 0xb575, 0xb575, 0xb575, 0x0841,
    0x0841, 0x0841, 0xb575, 0xb575, 0xb575, 0xb575, 0xb575, 0xb575, 0xb575, 0xb575, 0xb575, 0xb575,
    0xb575, 0xb575, 0xb575, 0xb575, 0xb575, 0xb575, 0xb575, 0xb575, 0x2945, 0xb575, 0xb575, 0xb575,
    0xb575, 0xb575, 0xb575, 0xb575, 0x83ef, 0x0841, 0x0841, 0x0841, 0xb575, 0xb575, 0xb575, 0xb575,
    0xb575, 0xb575, 0xb575, 0x83ef, 0xb575, 0xb575, 0xb575, 0xb575, 0xb575, 0xb575, 0xb575, 0xb575,
    0xb575, 0x83ef, 0x5aab, 0xb575, 0xb575, 0xb575, 0xb575, 0xb575, 0xb575, 0xb575, 0x0841, 0x0000,
    0x0000, 0x0000, 0x0000, 0x0000, 0x0000, 0x0000, 0x0000, 0x0000, 0x0841, 0x83ef, 0xb575, 0xb575,
    0xbdb6, 0xe6fa, 0xe6fa, 0xe6fa, 0xe6fa, 0xe6fa, 0xe6fa, 0xbdb6, 0x0841, 0x0841, 0x0841, 0x0841,
    0x0841, 0x0841, 0x0841, 0x0000, 0x0000, 0x0000, 0x0841, 0x0841, 0x0841, 0x0841, 0x0841, 0x5aab,
    0x5aab, 0x83ef, 0xb575, 0xb575, 0xb575, 0xb575, 0xb575, 0xb575, 0xb575, 0xb575, 0x0841, 0x0841,
    0x0841, 0x5aab, 0xb575, 0xb575, 0xb575, 0xb575, 0xb575, 0xb575, 0xb575, 0xb575, 0xb575, 0xb575,
    0xb575, 0x0841, 0x0841, 0x0841, 0x83ef, 0xb575, 0xb575, 0xb575, 0xb575, 0xb575, 0xb575, 0xb575,
    0xb575, 0x83ef, 0x83ef, 0x5aab, 0x0841, 0x0841, 0x0841, 0x0841, 0x0000, 0x0000, 0x0841, 0x2945,
    0x2945, 0xb575, 0xb575, 0xb575, 0xb575, 0xb575, 0xb575, 0xb575, 0xb575, 0xb575, 0x5aab, 0x0841,
    0x0841, 0x2945, 0xb575, 0xb575, 0xb575, 0xb575, 0xb575, 0xb575, 0xb575, 0xb575, 0xb575, 0xb575,
    0xb575, 0xbdb6, 0xe6fa, 0xe6fa, 0xe6fa, 0xe6fa, 0xe6fa, 0xe6fa, 0xe6fa, 0xe6fa, 0xe6fa, 0xe6fa,
    0xe6fa, 0xe6fa, 0xbdb6, 0x5aab, 0x0841, 0x0000, 0x0841, 0xb575, 0xb575, 0xb575, 0xb575, 0xb575,
    0xb575, 0xb575, 0xb575, 0xb575, 0xb575, 0xb575, 0xb575, 0xbdb6, 0xe6fa, 0xe6fa, 0xe6fa, 0xe6fa,
    0xe6fa, 0xe6fa, 0xe6fa, 0xe6fa, 0xe6fa, 0xe6fa, 0xe6fa, 0xe6fa, 0x83ef, 0x0841, 0x0000, 0x0000,
    0x0841, 0xb575, 0xb575, 0xb575, 0xb575, 0xb575, 0xb575, 0x83ef, 0xb575, 0xb575, 0xb575, 0xb575,
    0xb575, 0xb575, 0xb575, 0xb575, 0xb575, 0xb575, 0xb575, 0xb575, 0xb575, 0xb575, 0xb575, 0xb575,
    0xb575, 0xb575, 0xb575, 0x0841, 0x0841, 0x0841, 0x83ef, 0xb575, 0xb575, 0xb575, 0xb575, 0xb575,
    0xb575, 0xe6fa, 0xe6fa, 0xe6fa, 0xbdb6, 0xb575, 0xb575, 0xb575, 0xb575, 0xb575, 0xe6fa, 0xe6fa,
    0xe6fa, 0xbdb6, 0xb575, 0xb575, 0xb575, 0xb575, 0xb575, 0xb575, 0xb575, 0x0841, 0x0841, 0x0841,
    0x83ef, 0xb575, 0xb575, 0xb575, 0xb575, 0xb575, 0xb575, 0xb575, 0xb575, 0xb575, 0xb575, 0xe6fa,
    0xe6fa, 0xe6fa, 0xe6fa, 0xe6fa, 0xe6fa, 0xe6fa, 0x0841, 0xe6fa, 0xe6fa, 0xe6fa, 0xe6fa, 0xe6fa,
    0xbdb6, 0xbdb6, 0xbdb6, 0x0841, 0x0841, 0x0841, 0x83ef, 0xe6fa, 0xe6fa, 0xe6fa, 0xe6fa, 0xe6fa,
    0x83ef, 0x5aab, 0xb575, 0xb575, 0xb575, 0xb575, 0xb575, 0xb575, 0xb575, 0xb575, 0xb575, 0xb575,
    0x5aab, 0xb575, 0xe6fa, 0xe6fa, 0xe6fa, 0xe6fa, 0xe6fa, 0xbdb6, 0x0841, 0x0000, 0x0000, 0x0000,
    0x0000, 0x0000, 0x0000, 0x0000, 0x0000, 0x0000, 0x0841, 0x2945, 0x2945, 0x2945, 0x5aab, 0x5aab,
    0x5aab, 0x83ef, 0x83ef, 0x83ef, 0x83ef, 0x83ef, 0x83ef, 0x83ef, 0x5aab, 0x0841, 0x0841, 0x0841,
    0x0841, 0x0841, 0x0000, 0x0000, 0x0841, 0x83ef, 0xb575, 0xb575, 0xb575, 0xb575, 0xb575, 0x5aab,
    0xb575, 0xb575, 0xb575, 0xb575, 0xb575, 0xb575, 0xb575, 0x83ef, 0x0841, 0x0841, 0x0841, 0x83ef,
    0xb575, 0xb575, 0xb575, 0xb575, 0xb575, 0xb575, 0xb575, 0xb575, 0xb575, 0xb575, 0x83ef, 0x0841,
    0x0841, 0x0841, 0xb575, 0xb575, 0xb575, 0xb575, 0xb575, 0xb575, 0xb575, 0xb575, 0xb575, 0xb575,
    0xb575, 0xb575, 0xb575, 0xb575, 0xb575, 0x0841, 0x0000, 0x0000, 0x0841, 0xad34, 0x5aab, 0x2945,
    0x2945, 0x5aab, 0xb575, 0xbdb6, 0xe6fa, 0xe6fa, 0xe6fa, 0xbdb6, 0x0841, 0x0841, 0x0841, 0x5aab,
    0xb575, 0xb575, 0xb575, 0xb575, 0xb575, 0xb575, 0xb575, 0xb575, 0xb575, 0xb575, 0xb575, 0x0841,
    0x0841, 0x0841, 0x0841, 0x0841, 0x0841, 0x0841, 0x0841, 0x0841, 0x0841, 0x0841, 0x0841, 0x0841,
    0x0841, 0x0841, 0x0841, 0x0000, 0x0841, 0xb575, 0xb575, 0xb575, 0xb575, 0xb575, 0xb575, 0xb575,
    0xb575, 0xb575, 0xb575, 0xb575, 0xb575, 0x5aab, 0x0841, 0x0841, 0x0841, 0x0841, 0x0841, 0x0841,
    0x0841, 0x0841, 0x0841, 0x0841, 0x0841, 0x0841, 0x0841, 0x0841, 0x0000, 0x0000, 0x0841, 0xb575,
    0xb575, 0xb575, 0xb575, 0xb575, 0xb575, 0x83ef, 0xb575, 0xb575, 0xb575, 0xb575, 0x0841, 0x0841,
    0x0841, 0x5aab, 0xb575, 0xb575, 0xb575, 0xb575, 0xb575, 0xb575, 0xb575, 0xb575, 0xb575, 0xb575,
    0xb575, 0x0841, 0x0841, 0x0841, 0x5aab, 0xb575, 0xb575, 0xb575, 0xb575, 0xb575, 0xb575, 0x5aab,
    0x0841, 0x0841, 0x0841, 0x0841, 0xb575, 0xb575, 0xb575, 0xb575, 0x5aab, 0x0841, 0x0841, 0x0841,
    0x2945, 0xb575, 0xb575, 0xb575, 0xb575, 0xb575, 0xb575, 0x0841, 0x0841, 0x0841, 0x5aab, 0xb575,
    0xb575, 0xb575, 0xb575, 0xb575, 0xb575, 0xb575, 0xb575, 0xb575, 0xb575, 0xb575, 0x0841, 0x0841,
    0x0841, 0x0841, 0x0841, 0x0841, 0x0841, 0x0841, 0x0841, 0x0841, 0x0841, 0x0841, 0x0841, 0x0841,
    0x0841, 0x0841, 0x0841, 0x0841, 0x0841, 0x0841, 0x0841, 0x0841, 0x0841, 0x0841, 0x0841, 0x5aab,
    0xb575, 0xb575, 0xb575, 0xb575, 0xb575, 0xb575, 0xb575, 0xb575, 0xb575, 0xb575, 0x83ef, 0x0841,
    0x0841, 0x0841, 0x0841, 0x0841, 0x0841, 0x0841, 0x0841, 0x0000, 0x0000, 0x0000, 0x0000, 0x0000,
    0x0000, 0x0000, 0x0000, 0x0841, 0x5aab, 0x83ef, 0xb575, 0xb575, 0xb575, 0xb575, 0xb575, 0xb575,
    0xb575, 0xb575, 0xb575, 0xb575, 0xb575, 0xb575, 0xb575, 0x0841, 0x0841, 0x0841, 0x0841, 0x0841,
    0x0841, 0x0000, 0x0841, 0xb575, 0xb575, 0xb575, 0xb575, 0xb575, 0xb575, 0x5aab, 0xb575, 0xb575,
    0xb575, 0xb575, 0xb575, 0xb575, 0xb575, 0x5aab, 0x0841, 0x0841, 0x0841, 0xb575, 0xb575, 0xb575,
    0xb575, 0xb575, 0xb575, 0xb575, 0x83ef, 0x83ef, 0x5aab, 0x5aab, 0x5aab, 0x0841, 0x0841, 0x0841,
    0xb575, 0xb575, 0xb575, 0xb575, 0xb575, 0xb575, 0xb575, 0xb575, 0xb575, 0xb575, 0xb575, 0xb575,
    0xb575, 0xb575, 0xb575, 0x0841, 0x0841, 0x0000, 0x0841, 0xb575, 0xb575, 0xb575, 0xb575, 0x83ef,
    0x5aab, 0x5aab, 0x83ef, 0x83ef, 0x83ef, 0x83ef, 0x0841, 0x0841, 0x0841, 0x5aab, 0xb575, 0xb575,
    0xb575, 0xb575, 0xb575, 0xb575, 0xb575, 0xb575, 0xb575, 0xb575, 0xb575, 0x0841, 0x0841, 0x0841,
    0x0841, 0x0841, 0x0841, 0x0841, 0x0841, 0x0841, 0x0841, 0x0841, 0x0841, 0x0841, 0x0841, 0x0841,
    0x0841, 0x0000, 0x0841, 0xb575, 0xb575, 0xb575, 0xb575, 0xb575, 0xb575, 0xb575, 0xb575, 0xb575,
    0xb575, 0xb575, 0xb575, 0x0841, 0x0841, 0x0841, 0x0841, 0x0841, 0x0841, 0x0841, 0x0841, 0x0841,
    0x0841, 0x0841, 0x0841, 0x0841, 0x0841, 0x0841, 0x0000, 0x0841, 0x0841, 0xb575, 0xb575, 0xb575,
    0xb575, 0xb575, 0xb575, 0x5aab, 0xb575, 0xb575, 0xb575, 0xb575, 0x0841, 0x0841, 0x0841, 0x0841,
    0xb575, 0xb575, 0xb575, 0xb575, 0xb575, 0xb575, 0xb575, 0xb575, 0xb575, 0xb575, 0xb575, 0x5aab,
    0x0841, 0x0841, 0x5aab, 0xb575, 0xb575, 0xb575, 0xb575, 0xb575, 0xb575, 0x5aab, 0x0841, 0x0841,
    0x0841, 0x0841, 0xb575, 0xb575, 0xb575, 0xb575, 0x0841, 0x0841, 0x0841, 0x0841, 0x0841, 0xb575,
    0xb575, 0xb575, 0xb575, 0xb575, 0xb575, 0x5aab, 0x0841, 0x0841, 0x0841, 0xb575, 0xb575, 0xb575,
    0xb575, 0xb575, 0xb575, 0xb575, 0xb575, 0xb575, 0xb575, 0xb575, 0x0841, 0x0841, 0x0841, 0x0841,
    0x0841, 0x0841, 0x0841, 0x0841, 0x0841, 0x0841, 0x0841, 0x0841, 0x0841, 0x0841, 0x0841, 0x0841,
    0x0841, 0x0841, 0x0841, 0x0841, 0x0841, 0x0841, 0x0841, 0x0841, 0x0841, 0x0841, 0xb575, 0xb575,
    0xb575, 0xb575, 0xb575, 0xb575, 0xb575, 0xb575, 0xb575, 0xb575, 0xb575, 0x5aab, 0x0841, 0x0841,
    0x0841, 0x0841, 0x0841, 0x0841, 0x0000, 0x0000, 0x0000, 0x0000, 0x0000, 0x0000, 0x0000, 0x0000,
    0x0000, 0x0841, 0x83ef, 0xb575, 0xb575, 0xb575, 0xb575, 0xb575, 0xb575, 0xb575, 0xb575, 0xb575,
    0xb575, 0xb575, 0xb575, 0xb575, 0x83ef, 0x0841, 0x0841, 0x0841, 0x0841, 0x0841, 0x0841, 0x0841,
    0x5aab, 0xb575, 0xb575, 0xb575, 0xb575, 0xb575, 0xb575, 0x5aab, 0xb575, 0xb575, 0xb575, 0xb575,
    0xb575, 0xb575, 0xb575, 0x0841, 0x0841, 0x0841, 0x0841, 0xb575, 0xb575, 0xb575, 0xb575, 0xb575,
    0xb575, 0xb575, 0xb575, 0xb575, 0xb575, 0xb575, 0x5aab, 0x0841, 0x0841, 0x0841, 0xb575, 0xb575,
    0xb575, 0xb575, 0xb575, 0xb575, 0xb575, 0xb575, 0xb575, 0xb575, 0xb575, 0xb575, 0xb575, 0xb575,
    0xb575, 0x0841, 0x0841, 0x0841, 0x5aab, 0xb575, 0xb575, 0xb575, 0xb575, 0xb575, 0xb575, 0xb575,
    0xb575, 0xb575, 0xb575, 0xb575, 0x0841, 0x0841, 0x0841, 0x83ef, 0x83ef, 0x83ef, 0x5aab, 0x5aab,
    0x5aab, 0x83ef, 0x83ef, 0xb575, 0xb575, 0xb575, 0x83ef, 0x0841, 0x0841, 0x0841, 0x0841, 0x0841,
    0x0841, 0x0841, 0x0841, 0x0841, 0x0841, 0x0841, 0x0841, 0x0841, 0x0841, 0x0841, 0x0841, 0x0000,
    0x0841, 0xb575, 0xb575, 0xb575, 0xb575, 0xb575, 0xb575, 0xb575, 0xb575, 0xb575, 0xb575, 0xb575,
    0xb575, 0x0841, 0x0841, 0x0841, 0x0841, 0x0841, 0x0841, 0x0841, 0x0841, 0x0841, 0x0841, 0x0841,
    0x0841, 0x0841, 0x0841, 0x0841, 0x0000, 0x0841, 0x0841, 0xb575, 0xb575, 0xe6fa, 0xe6fa, 0xe6fa,
    0xbdb6, 0x5aab, 0xb575, 0xb575, 0xb575, 0xb575, 0x5aab, 0x0841, 0x0841, 0x0841, 0xb575, 0xb575,
    0xb575, 0xb575, 0xb575, 0xb575, 0xb575, 0xb575, 0xb575, 0xb575, 0xb575, 0x83ef, 0x0841, 0x0841,
    0x0841, 0xb575, 0xb575, 0xb575, 0xb575, 0xb575, 0xb575, 0xb575, 0x0841, 0x0841, 0x0841, 0x0841,
    0xe6fa, 0xe6fa, 0xe6fa, 0xbdb6, 0x0841, 0x0841, 0x0841, 0x0841, 0x0841, 0xb575, 0xb575, 0xb575,
    0xb575, 0xb575, 0xb575, 0x83ef, 0x0841, 0x0841, 0x0841, 0xb575, 0xb575, 0xb575, 0xb575, 0xb575,
    0xb575, 0xb575, 0xb575, 0xb575, 0xb575, 0xb575, 0x5aab, 0x0841, 0x0841, 0x0841, 0x0841, 0x0841,
    0x0841, 0x0841, 0x0841, 0x0841, 0x0841, 0x0841, 0x0841, 0x0841, 0x0841, 0x0841, 0x0841, 0x0841,
    0x0841, 0x0841, 0x0841, 0x0841, 0x0841, 0x0841, 0x0841, 0x0841, 0x5aab, 0xb575, 0xb575, 0xb575,
    0xb575, 0xb575, 0xb575, 0xb575, 0xb575, 0xb575, 0xb575, 0xb575, 0x0841, 0x0841, 0x0841, 0x0841,
    0x0841, 0x0000, 0x0000, 0x0000, 0x0000, 0x0000, 0x0000, 0x0000, 0x0000, 0x0000, 0x0000, 0x5aab,
    0xb575, 0xb575, 0xb575, 0xb575, 0xb575, 0xb575, 0xb575, 0xb575, 0xb575, 0xb575, 0xb575, 0xb575,
    0xb575, 0xb575, 0x5aab, 0x0841, 0x0841, 0x0841, 0x0841, 0x0841, 0x0841, 0x0841, 0xb575, 0xb575,
    0xb575, 0xb575, 0xb575, 0xb575, 0xb575, 0x83ef, 0xb575, 0xb575, 0xb575, 0xb575, 0xb575, 0xb575,
    0xb575, 0x0841, 0x0841, 0x0841, 0x5aab, 0xb575, 0xb575, 0xb575, 0xb575, 0xb575, 0xb575, 0xb575,
    0xb575, 0xb575, 0xb575, 0xb575, 0x0841, 0x0841, 0x0841, 0x5aab, 0xb575, 0xb575, 0xb575, 0xb575,
    0xb575, 0xb575, 0xb575, 0xb575, 0xb575, 0xb575, 0xb575, 0xb575, 0xb575, 0xb575, 0xb575, 0x0841,
    0x0841, 0x0841, 0x83ef, 0xb575, 0xb575, 0xb575, 0xb575, 0xb575, 0xb575, 0xb575, 0xb575, 0xb575,
    0xb575, 0xb575, 0x0841, 0x0841, 0x0841, 0xb575, 0xb575, 0xb575, 0xb575, 0xb575, 0xb575, 0xb575,
    0xb575, 0xb575, 0xb575, 0xb575, 0x5aab, 0x0841, 0x0841, 0x0841, 0x0841, 0x0841, 0x0841, 0x0841,
    0x0841, 0x0841, 0x0841, 0x0841, 0x0841, 0x0841, 0x0841, 0x0841, 0x0841, 0x0000, 0x0841, 0xb575,
    0xb575, 0xb575, 0xb575, 0xbdb6, 0xe6fa, 0xe6fa, 0xe6fa, 0xbdb6, 0xb575, 0xb575, 0xb575, 0x0841,
    0x0841, 0x0841, 0x0841, 0x0841, 0x0841, 0x0841, 0x0841, 0x0841, 0x0841, 0x0841, 0x0841, 0x0841,
    0x0841, 0x0841, 0x0000, 0x0841, 0x0841, 0x2945, 0x2945, 0x5aab, 0x5aab, 0x83ef, 0x83ef, 0x5aab,
    0xb575, 0xb575, 0xb575, 0xb575, 0xb575, 0x0841, 0x0841, 0x0841, 0xb575, 0xb575, 0xb575, 0xb575,
    0xb575, 0xb575, 0xb575, 0xb575, 0xb575, 0xb575, 0xb575, 0xb575, 0x0841, 0x0841, 0x0841, 0xb575,
    0xb575, 0xb575, 0xb575, 0xb575, 0xb575, 0xb575, 0xb575, 0xb575, 0xb575, 0xb575, 0x0841, 0x0841,
    0x0841, 0x2945, 0x5aab, 0xb575, 0xb575, 0xb575, 0xb575, 0xb575, 0xb575, 0xb575, 0xb575, 0xb575,
    0xb575, 0xb575, 0x0841, 0x0841, 0x0841, 0xb575, 0xb575, 0xb575, 0xb575, 0xb575, 0xb575, 0xb575,
    0xb575, 0xb575, 0xb575, 0xb575, 0xb575, 0x0841, 0x0841, 0x0841, 0x0841, 0x0841, 0x0841, 0x0841,
    0x0841, 0x0841, 0x0841, 0x0841, 0x0841, 0x0841, 0x0841, 0x0841, 0x0841, 0x0841, 0x0841, 0x0841,
    0x0841, 0x0841, 0x0841, 0x0841, 0x0841, 0x0841, 0x0841, 0xb575, 0xb575, 0xb575, 0xb575, 0xb575,
    0xb575, 0xb575, 0xb575, 0xb575, 0xb575, 0xb575, 0x0841, 0x0841, 0x0841, 0x0841, 0x0000, 0x0000,
    0x0000, 0x0000, 0x0000, 0x0000, 0x0000, 0x0000, 0x0000, 0x0000, 0x0000, 0x5aab, 0xb575, 0xb575,
    0xb575, 0xb575, 0xb575, 0xb575, 0xb575, 0xb575, 0xb575, 0xb575, 0xb575, 0xb575, 0xb575, 0xb575,
    0x0841, 0x0841, 0x0841, 0x0841, 0x0841, 0x0841, 0x0841, 0x0841, 0xb575, 0xb575, 0xb575, 0xb575,
    0xb575, 0xb575, 0xb575, 0x83ef, 0xb575, 0xb575, 0xb575, 0xb575, 0xb575, 0xb575, 0x83ef, 0x0841,
    0x0841, 0x0841, 0x83ef, 0xb575, 0xb575, 0xb575, 0xb575, 0xb575, 0xb575, 0xb575, 0xb575, 0xb575,
    0xb575, 0xb575, 0x0841, 0x0841, 0x0841, 0x83ef, 0xb575, 0xb575, 0xb575, 0xb575, 0xb575, 0xb575,
    0xb575, 0xb575, 0xb575, 0xb575, 0xb575, 0xb575, 0xb575, 0xb575, 0x83ef, 0x0841, 0x0841, 0x0841,
    0xad34, 0xb575, 0xb575, 0xb575, 0xb575, 0xb575, 0xb575, 0xb575, 0xb575, 0xb575, 0xb575, 0x83ef,
    0x0841, 0x0841, 0x0841, 0xb575, 0xb575, 0xb575, 0xb575, 0xb575, 0xb575, 0xb575, 0xb575, 0xb575,
    0xb575, 0xb575, 0x0841, 0x0841, 0x0841, 0x0841, 0x0841, 0x0841, 0x0841, 0x0841, 0x0841, 0x0841,
    0x0841, 0x0841, 0x0841, 0x0841, 0x0841, 0x0841, 0x0841, 0x0000, 0x0841, 0xb575, 0xb575, 0xb575,
    0x83ef, 0x83ef, 0x83ef, 0x5aab, 0x5aab, 0x2945, 0x2945, 0x83ef, 0xb575, 0x0841, 0x0841, 0x0841,
    0x0841, 0x0841, 0x0841, 0x0841, 0x0841, 0x0841, 0x0841, 0x0841, 0x0841, 0x0841, 0x0841, 0x0841,
    0x0000, 0x0841, 0x0841, 0x5aab, 0xb575, 0xb575, 0xb575, 0xb575, 0xb575, 0x5aab, 0xb575, 0xb575,
    0xb575, 0xb575, 0xb575, 0x0841, 0x0841, 0x0841, 0xb575, 0xb575, 0xb575, 0xb575, 0xb575, 0xb575,
    0xb575, 0xb575, 0xb575, 0xb575, 0xb575, 0xb575, 0x0841, 0x0841, 0x0841, 0xb575, 0xb575, 0xb575,
    0xb575, 0xb575, 0xb575, 0xb575, 0xb575, 0xb575, 0xe6fa, 0xe6fa, 0x0841, 0x0841, 0x0841, 0x0841,
    0x5aab, 0xe6fa, 0xe6fa, 0xb575, 0xb575, 0xb575, 0xb575, 0xb575, 0xb575, 0xb575, 0xb575, 0xb575,
    0x0841, 0x0841, 0x0841, 0x83ef, 0xb575, 0xb575, 0xb575, 0xb575, 0xb575, 0xb575, 0xb575, 0xb575,
    0xb575, 0xb575, 0xad34, 0x0841, 0x0841, 0x0841, 0x0841, 0x0841, 0x0841, 0x0841, 0x0841, 0x0841,
    0x0841, 0x0841, 0x0841, 0x0841, 0x0841, 0x0841, 0x0841, 0x0841, 0x0841, 0x0841, 0x0841, 0x0841,
    0x0841, 0x0841, 0x0841, 0x0841, 0x0841, 0xb575, 0xb575, 0xb575, 0xb575, 0xb575, 0xb575, 0xb575,
    0xb575, 0xb575, 0xb575, 0xb575, 0x5aab, 0x0841, 0x0841, 0x0841, 0x0000, 0x0000, 0x0000, 0x0000,
    0x0000, 0x0000, 0x0000, 0x0000, 0x0000, 0x0000, 0x0841, 0xb575, 0xb575, 0xb575, 0xb575, 0xb575,
    0xb575, 0xb575, 0xb575, 0xb575, 0xb575, 0xb575, 0xb575, 0xb575, 0xb575, 0xb575, 0x0841, 0x0841,
    0x0841, 0x0841, 0x0841, 0x0841, 0x0841, 0x5aab, 0xb575, 0xbdb6, 0xbdb6, 0xe6fa, 0xe6fa, 0xe6fa,
    0xe6fa, 0x83ef, 0xb575, 0xb575, 0xb575, 0xb575, 0xb575, 0xb575, 0x5aab, 0x0841, 0x0841, 0x0841,
    0xb575, 0xb575, 0xb575, 0xb575, 0xb575, 0xb575, 0xb575, 0xb575, 0xb575, 0xb575, 0xb575, 0x83ef,
    0x0841, 0x0841, 0x0841, 0xb575, 0xb575, 0xb575, 0xb575, 0xb575, 0xb575, 0xb575, 0xb575, 0xb575,
    0xb575, 0xb575, 0xb575, 0xb575, 0xb575, 0xb575, 0x5aab, 0x0841, 0x0841, 0x5aab, 0xb575, 0xb575,
    0xb575, 0xb575, 0xb575, 0xb575, 0xb575, 0xb575, 0xb575, 0xb575, 0xb575, 0x83ef, 0x0841, 0x0841,
    0x0841, 0xb575, 0xb575, 0xb575, 0xb575, 0xb575, 0xb575, 0xb575, 0xb575, 0xb575, 0xb575, 0xb575,
    0x0841, 0x0841, 0x0841, 0x0841, 0x0841, 0x0841, 0x0841, 0x0841, 0x0841, 0x0841, 0x0841, 0x0841,
    0x0841, 0x0841, 0x0841, 0x0841, 0x0841, 0x0000, 0x0841, 0xb575, 0xb575, 0xb575, 0xb575, 0xb575,
    0xb575, 0xb575, 0xb575, 0xb575, 0xb575, 0x2945, 0x2945, 0x0841, 0x0841, 0x0841, 0x0841, 0x0841,
    0x0841, 0x0841, 0x0841, 0x0841, 0x0841, 0x0841, 0x0841, 0x0841, 0x0841, 0x0841, 0x0000, 0x0841,
    0x0841, 0xb575, 0xb575, 0xb575, 0xb575, 0xb575, 0xb575, 0x5aab, 0xb575, 0xb575, 0xb575, 0xb575,
    0xb575, 0x0841, 0x0841, 0x0841, 0xb575, 0xb575, 0xb575, 0xb575, 0xb575, 0xb575, 0xb575, 0xb575,
    0xb575, 0xb575, 0xb575, 0xb575, 0x0841, 0x0841, 0x0841, 0xb575, 0xb575, 0xb575, 0xb575, 0xb575,
    0xb575, 0xb575, 0xb575, 0xb575, 0x2945, 0x0841, 0x0841, 0x0841, 0x0841, 0x0841, 0x0841, 0x0841,
    0x0841, 0xb575, 0xb575, 0xb575, 0xb575, 0xb575, 0xb575, 0xb575, 0xb575, 0xb575, 0x0841, 0x0841,
    0x0841, 0x5aab, 0xb575, 0xb575, 0xb575, 0xb575, 0xb575, 0xb575, 0xb575, 0xb575, 0xb575, 0xb575,
    0xb575, 0x5aab, 0x0841, 0x0841, 0x0841, 0x0841, 0x0841, 0x0841, 0x0841, 0x0841, 0x0841, 0x0841,
    0x0841, 0x0841, 0x0841, 0x0841, 0x0841, 0x0841, 0x0841, 0x0841, 0x0841, 0x0841, 0x0841, 0x0841,
    0x0841, 0x0841, 0x0841, 0xb575, 0xb575, 0xb575, 0xb575, 0xb575, 0xb575, 0xb575, 0xb575, 0xb575,
    0xb575, 0xb575, 0x83ef, 0x0841, 0x0841, 0x0000, 0x0000, 0x0000, 0x0000, 0x0000, 0x0000, 0x0000,
    0x0000, 0x0000, 0x0000, 0x0000, 0x5aab, 0xb575, 0xb575, 0xb575, 0xb575, 0xb575, 0xb575, 0xb575,
    0xb575, 0xb575, 0xb575, 0xb575, 0xb575, 0xb575, 0xb575, 0xb575, 0xb575, 0xb575, 0xb575, 0xb575,
    0xb575, 0xb575, 0xb575, 0x83ef, 0x83ef, 0x83ef, 0x83ef, 0x83ef, 0x83ef, 0x5aab, 0x5aab, 0x5aab,
    0x5aab, 0x5aab, 0x83ef, 0x83ef, 0x83ef, 0x5aab, 0x0841, 0x0841, 0x0841, 0x0841, 0xb575, 0xb575,
    0xb575, 0xb575, 0xb575, 0xb575, 0xb575, 0xb575, 0xb575, 0xb575, 0xb575, 0x5aab, 0x0841, 0x0841,
    0x0841, 0xb575, 0xb575, 0xb575, 0xb575, 0xb575, 0xb575, 0xb575, 0xb575, 0xb575, 0xb575, 0xb575,
    0xb575, 0xb575, 0xb575, 0xb575, 0xb575, 0xad34, 0xad34, 0xad34, 0xb575, 0xb575, 0xb575, 0xb575,
    0xb575, 0xb575, 0xb575, 0xb575, 0xb575, 0xb575, 0xb575, 0x5aab, 0x0841, 0x0841, 0x0841, 0xb575,
    0xb575, 0xb575, 0xb575, 0xb575, 0xb575, 0xb575, 0xb575, 0xb575, 0xb575, 0xb575, 0xb575, 0xb575,
    0xb575, 0xb575, 0xb575, 0xb575, 0xb575, 0x0841, 0x5aab, 0xb575, 0xb575, 0xb575, 0xb575, 0xb575,
    0xb575, 0x0841, 0x0841, 0x0000, 0x0841, 0xb575, 0xb575, 0xb575, 0xb575, 0xb575, 0xb575, 0xb575,
    0xb575, 0xb575, 0xb575, 0xb575, 0x5aab, 0x0841, 0x0841, 0x0841, 0x0841, 0x0841, 0x0841, 0x0841,
    0x0841, 0x0841, 0x0841, 0x0841, 0x0841, 0x0841, 0x0841, 0x0841, 0x0000, 0x0841, 0x0841, 0xb575,
    0xb575, 0xb575, 0xb575, 0xb575, 0xb575, 0x83ef, 0xb575, 0xb575, 0xb575, 0xb575, 0xb575, 0xb575,
    0xb575, 0xb575, 0xb575, 0xb575, 0xb575, 0xb575, 0xb575, 0xb575, 0xb575, 0xb575, 0x5aab, 0x0841,
    0x0841, 0x0841, 0x0841, 0x0841, 0x0841, 0x83ef, 0xb575, 0xb575, 0xb575, 0xb575, 0xb575, 0xb575,
    0xb575, 0xb575, 0x0841, 0x0841, 0x0841, 0x0841, 0x0841, 0x0841, 0x0841, 0x0841, 0x0841, 0x5aab,
    0xb575, 0xb575, 0xb575, 0xb575, 0xb575, 0xb575, 0xb575, 0xb575, 0x0841, 0x0841, 0x0841, 0x0841,
    0xb575, 0xb575, 0xb575, 0xb575, 0xb575, 0xb575, 0xb575, 0xb575, 0xb575, 0xb575, 0xb575, 0xb575,
    0xb575, 0xb575, 0xb575, 0xb575, 0xb575, 0xb575, 0x83ef, 0xb575, 0xb575, 0xb575, 0xb575, 0xb575,
    0xb575, 0xb575, 0x5aab, 0x0841, 0x0841, 0x0841, 0x0841, 0x0841, 0x0841, 0x0841, 0x0841, 0x0841,
    0x0841, 0x5aab, 0xb575, 0xb575, 0xb575, 0xb575, 0xb575, 0xb575, 0xb575, 0xb575, 0xb575, 0xb575,
    0xb575, 0x0841, 0x0000, 0x0000, 0x0000, 0x0000, 0x0000, 0x0000, 0x0000, 0x0000, 0x0000, 0x0000,
    0x0000, 0x0000, 0x5aab, 0xb575, 0xb575, 0xb575, 0xb575, 0xb575, 0xb575, 0xb575, 0xb575, 0xb575,
    0xb575, 0xb575, 0xb575, 0xb575, 0xb575, 0xb575, 0xb575, 0xb575, 0xb575, 0xb575, 0xb575, 0xb575,
    0xb575, 0xb575, 0xb575, 0xb575, 0xb575, 0xb575, 0xb575, 0xb575, 0xb575, 0xb575, 0xb575, 0x83ef,
    0x5aab, 0x5aab, 0x2945, 0x2945, 0x2945, 0x0841, 0x0841, 0x0841, 0xb575, 0xb575, 0xb575, 0xb575,
    0xb575, 0xb575, 0xb575, 0xb575, 0xb575, 0xb575, 0xb575, 0x0841, 0x0841, 0x0841, 0x0841, 0xb575,
    0xb575, 0xb575, 0xb575, 0xb575, 0xb575, 0xb575, 0xb575, 0xb575, 0xb575, 0xb575, 0xb575, 0xb575,
    0xb575, 0xb575, 0xb575, 0xb575, 0xb575, 0xb575, 0xb575, 0xb575, 0xb575, 0xb575, 0xb575, 0xb575,
    0xb575, 0xb575, 0xb575, 0xb575, 0xb575, 0x0841, 0x0841, 0x0841, 0x5aab, 0xb575, 0xb575, 0xb575,
    0xb575, 0xb575, 0xb575, 0xb575, 0xb575, 0xb575, 0xb575, 0xb575, 0xb575, 0xb575, 0xb575, 0xb575,
    0xb575, 0xb575, 0xb575, 0x2945, 0xb575, 0xb575, 0xb575, 0xb575, 0xb575, 0xb575, 0xb575, 0x0841,
    0x0841, 0x0000, 0x0841, 0xb575, 0xb575, 0xb575, 0xb575, 0xb575, 0xb575, 0xb575, 0xb575, 0xb575,
    0xb575, 0xb575, 0xb575, 0x0841, 0x0841, 0x0841, 0x0841, 0x0841, 0x0841, 0x0841, 0x0841, 0x0841,
    0x0841, 0x0841, 0x0841, 0x0841, 0x0841, 0x0000, 0x0000, 0x0841, 0x0841, 0xb575, 0xb575, 0xb575,
    0xb575, 0xb575, 0xb575, 0x83ef, 0x83ef, 0x83ef, 0x83ef, 0x83ef, 0xb575, 0xb575, 0xb575, 0xb575,
    0xb575, 0xb575, 0xb575, 0xb575, 0xb575, 0xb575, 0xb575, 0xb575, 0x0841, 0x0841, 0x0841, 0x0841,
    0x0841, 0x0841, 0x0841, 0x83ef, 0xb575, 0xb575, 0xb575, 0xb575, 0xb575, 0xb575, 0xb575, 0xb575,
    0x0841, 0x0841, 0x0841, 0x0841, 0x0841, 0x0841, 0x0841, 0x0841, 0x0841, 0x0841, 0xb575, 0xb575,
    0xb575, 0xb575, 0xb575, 0xb575, 0xb575, 0xb575, 0x5aab, 0x0841, 0x0841, 0x0841, 0xb575, 0xb575,
    0xb575, 0xb575, 0xb575, 0xb575, 0xb575, 0xb575, 0xb575, 0xb575, 0xb575, 0xb575, 0xb575, 0xb575,
    0xb575, 0xb575, 0xb575, 0xb575, 0x5aab, 0xb575, 0xb575, 0xb575, 0xb575, 0xb575, 0xb575, 0xb575,
    0x83ef, 0x0841, 0x0841, 0x0841, 0x0841, 0x0841, 0x0841, 0x0841, 0x0841, 0x0841, 0x0841, 0x0841,
    0xb575, 0xb575, 0xb575, 0xb575, 0xb575, 0xb575, 0xb575, 0xb575, 0xb575, 0xb575, 0xb575, 0x5aab,
    0x0000, 0x0000, 0x0000, 0x0000, 0x0000, 0x0000, 0x0000, 0x0000, 0x0000, 0x0000, 0x0000, 0x0841,
    0xb575, 0xb575, 0xb575, 0xb575, 0xb575, 0xb575, 0xb575, 0xb575, 0xb575, 0xb575, 0xb575, 0xb575,
    0xb575, 0xb575, 0xb575, 0xb575, 0xb575, 0xb575, 0xb575, 0xb575, 0xb575, 0xb575, 0xb575, 0xb575,
    0xb575, 0xb575, 0xb575, 0xb575, 0xb575, 0xb575, 0xb575, 0xb575, 0xb575, 0xb575, 0xb575, 0xb575,
    0xb575, 0x5aab, 0x2945, 0x0841, 0x0841, 0x5aab, 0xb575, 0xb575, 0xb575, 0xb575, 0xb575, 0xb575,
    0xb575, 0xb575, 0xb575, 0xb575, 0xb575, 0x0841, 0x0841, 0x0841, 0x5aab, 0xb575, 0xb575, 0xb575,
    0xb575, 0xb575, 0xb575, 0xb575, 0xb575, 0xb575, 0xb575, 0xb575, 0xb575, 0xb575, 0xb575, 0xb575,
    0xb575, 0xb575, 0xb575, 0xb575, 0xb575, 0xb575, 0xb575, 0xb575, 0xb575, 0xb575, 0xb575, 0xb575,
    0xb575, 0xb575, 0xb575, 0x0841, 0x0841, 0x0841, 0x5aab, 0xb575, 0xb575, 0xb575, 0xb575, 0xb575,
    0xb575, 0xb575, 0xb575, 0xb575, 0xb575, 0xb575, 0xb575, 0xb575, 0xb575, 0xb575, 0xb575, 0xb575,
    0xb575, 0x2945, 0xb575, 0xb575, 0xb575, 0xb575, 0xb575, 0xb575, 0xb575, 0x0841, 0x0841, 0x0000,
    0x0841, 0xb575, 0xb575, 0xb575, 0xb575, 0xb575, 0xb575, 0xb575, 0xb575, 0xb575, 0xb575, 0xb575,
    0xb575, 0x0841, 0x0841, 0x0841, 0x0841, 0x0841, 0x0841, 0x0841, 0x0841, 0x0841, 0x0841, 0x0841,
    0x0841, 0x0841, 0x0841, 0x0000, 0x0000, 0x0841, 0x0841, 0xb575, 0xb575, 0xb575, 0xb575, 0xb575,
    0xb575, 0xb575, 0xb575, 0xb575, 0xb575, 0xb575, 0x83ef, 0xb575, 0xb575, 0xb575, 0xb575, 0xb575,
    0xb575, 0xb575, 0x83ef, 0x83ef, 0x83ef, 0x5aab, 0x0841, 0x0841, 0x0841, 0x0841, 0x0841, 0x0841,
    0x0841, 0x5aab, 0xb575, 0xb575, 0xb575, 0xb575, 0xb575, 0xb575, 0xb575, 0xb575, 0x5aab, 0x0841,
    0x0841, 0x2945, 0x2945, 0x2945, 0x2945, 0x0841, 0x0841, 0x0841, 0xb575, 0xb575, 0xb575, 0xb575,
    0xb575, 0xb575, 0xb575, 0xb575, 0x83ef, 0x0841, 0x0841, 0x0841, 0xb575, 0xb575, 0xb575, 0xb575,
    0xb575, 0xb575, 0xb575, 0xb575, 0xb575, 0xb575, 0xb575, 0xb575, 0xb575, 0xb575, 0xb575, 0xb575,
    0xb575, 0xb575, 0x5aab, 0xb575, 0xb575, 0xb575, 0xb575, 0xb575, 0xb575, 0xb575, 0xb575, 0x0841,
    0x0841, 0x0841, 0x0841, 0x0841, 0x0841, 0x0841, 0x0841, 0x0841, 0x0841, 0x0841, 0xb575, 0xb575,
    0xb575, 0xb575, 0xb575, 0xb575, 0xb575, 0xb575, 0xb575, 0xb575, 0xb575, 0x83ef, 0x0841, 0x0000,
    0x0000, 0x0000, 0x0000, 0x0000, 0x0000, 0x0000, 0x0000, 0x0000, 0x0000, 0x0841, 0xe6fa, 0xe6fa,
    0xbdb6, 0xb575, 0xb575, 0xb575, 0xb575, 0xb575, 0xb575, 0xb575, 0xb575, 0xb575, 0xb575, 0xb575,
    0xb575, 0xb575, 0xb575, 0xb575, 0xb575, 0xb575, 0xb575, 0xb575, 0xb575, 0xb575, 0xb575, 0xb575,
    0xb575, 0xb575, 0xb575, 0xb575, 0xb575, 0xb575, 0xb575, 0xb575, 0xb575, 0xb575, 0xb575, 0x83ef,
    0x0841, 0x0841, 0x0841, 0x83ef, 0xb575, 0xb575, 0xb575, 0xb575, 0xb575, 0xb575, 0xb575, 0xb575,
    0xb575, 0xb575, 0xb575, 0x0841, 0x0841, 0x0841, 0x83ef, 0xb575, 0xb575, 0xb575, 0xb575, 0xb575,
    0xb575, 0xb575, 0xb575, 0xb575, 0xb575, 0xb575, 0xb575, 0xb575, 0xb575, 0xb575, 0xb575, 0xb575,
    0xb575, 0xb575, 0xb575, 0xb575, 0xb575, 0xb575, 0xb575, 0xb575, 0xb575, 0xb575, 0xb575, 0xb575,
    0xb575, 0x0841, 0x0841, 0x0841, 0x83ef, 0xb575, 0xb575, 0xb575, 0xb575, 0xb575, 0xb575, 0xb575,
    0xb575, 0xb575, 0xb575, 0xb575, 0xb575, 0xb575, 0xb575, 0xb575, 0xb575, 0xb575, 0xb575, 0x5aab,
    0xb575, 0xb575, 0xb575, 0xb575, 0xb575, 0xb575, 0xb575, 0x0841, 0x0841, 0x0000, 0x0841, 0xb575,
    0xb575, 0xb575, 0xb575, 0xb575, 0xb575, 0xb575, 0xb575, 0xb575, 0xb575, 0xb575, 0xb575, 0x0841,
    0x0841, 0x0841, 0x0841, 0x0841, 0x0841, 0x0841, 0x0841, 0x0841, 0x0841, 0x0841, 0x0841, 0x0841,
    0x0841, 0x0000, 0x0000, 0x0841, 0x0841, 0xb575, 0xb575, 0xb575, 0xb575, 0xb575, 0xb575, 0xb575,
    0xb575, 0xb575, 0xb575, 0xb575, 0xb575, 0xb575, 0xb575, 0xb575, 0xb575, 0xb575, 0xb575, 0xb575,
    0xb575, 0xb575, 0xb575, 0xb575, 0xb575, 0xb575, 0xb575, 0xb575, 0x0841, 0x0841, 0x0841, 0x5aab,
    0xb575, 0xb575, 0xb575, 0xb575, 0xb575, 0xb575, 0xb575, 0xb575, 0xb575, 0x0841, 0x0841, 0x83ef,
    0xb575, 0xb575, 0xb575, 0x83ef, 0x0841, 0x0841, 0xb575, 0xb575, 0xb575, 0xb575, 0xb575, 0xb575,
    0xb575, 0xb575, 0xb575, 0x0841, 0x0841, 0x0841, 0xb575, 0xb575, 0xb575, 0xb575, 0xb575, 0xb575,
    0xb575, 0xb575, 0xb575, 0xb575, 0xb575, 0xb575, 0xb575, 0xb575, 0xb575, 0xb575, 0xb575, 0xb575,
    0x2945, 0xb575, 0xb575, 0xb575, 0xb575, 0xb575, 0xb575, 0xb575, 0xb575, 0x0841, 0x0841, 0x0841,
    0x0841, 0x0841, 0x0841, 0x0841, 0x0841, 0x0841, 0x0841, 0x0841, 0x5aab, 0xb575, 0xb575, 0xb575,
    0xb575, 0xb575, 0xb575, 0xb575, 0xb575, 0xb575, 0xb575, 0xb575, 0x0841, 0x0000, 0x0000, 0x0000,
    0x0000, 0x0000, 0x0000, 0x0000, 0x0000, 0x0000, 0x0000, 0x5aab, 0x83ef, 0x83ef, 0x5aab, 0x5aab,
    0xb575, 0xb575, 0xb575, 0xb575, 0xb575, 0xb575, 0xb575, 0xb575, 0xb575, 0xb575, 0xb575, 0xb575,
    0xb575, 0xb575, 0xb575, 0xb575, 0xb575, 0xb575, 0xb575, 0xb575, 0xb575, 0xb575, 0xb575, 0xb575,
    0xb575, 0xb575, 0xb575, 0xb575, 0xb575, 0xb575, 0xb575, 0xb575, 0xb575, 0x5aab, 0x0841, 0x0841,
    0x0841, 0xb575, 0xb575, 0xb575, 0xb575, 0xb575, 0xb575, 0xb575, 0xb575, 0xb575, 0xb575, 0xb575,
    0x83ef, 0x0841, 0x0841, 0x0841, 0xb575, 0xb575, 0xb575, 0xb575, 0xb575, 0xb575, 0xb575, 0xb575,
    0xb575, 0xb575, 0xb575, 0xb575, 0x0841, 0x0841, 0x5aab, 0x83ef, 0x83ef, 0xb575, 0xb575, 0xb575,
    0xb575, 0xb575, 0xb575, 0xb575, 0xb575, 0xb575, 0xb575, 0xb575, 0xb575, 0xb575, 0xb575, 0x0841,
    0x0841, 0x0841, 0xb575, 0xb575, 0xb575, 0xb575, 0xb575, 0xb575, 0xb575, 0xb575, 0xb575, 0xb575,
    0xb575, 0xb575, 0xb575, 0xb575, 0xb575, 0xb575, 0xb575, 0xb575, 0xb575, 0x83ef, 0xb575, 0xb575,
    0xb575, 0xb575, 0xb575, 0xb575, 0xb575, 0x0841, 0x0841, 0x0000, 0x0841, 0x2945, 0x83ef, 0x83ef,
    0xb575, 0xb575, 0xb575, 0xb575, 0xb575, 0xb575, 0xb575, 0xb575, 0x83ef, 0x0841, 0x0841, 0x0841,
    0x0841, 0x0841, 0x0841, 0x0841, 0x0841, 0x0841, 0x0841, 0x0841, 0x0841, 0x0841, 0x0841, 0x0000,
    0x0000, 0x0841, 0x0841, 0x83ef, 0xb575, 0xb575, 0xb575, 0xb575, 0xb575, 0xb575, 0xb575, 0xb575,
    0xb575, 0xb575, 0xb575, 0xb575, 0xb575, 0xb575, 0xb575, 0xb575, 0xb575, 0xb575, 0xb575, 0xb575,
    0xb575, 0xb575, 0xb575, 0xb575, 0xb575, 0xb575, 0x0841, 0x0841, 0x0841, 0x0841, 0xb575, 0xb575,
    0xb575, 0xb575, 0xb575, 0xb575, 0xb575, 0xb575, 0xb575, 0x0841, 0x0841, 0xb575, 0xb575, 0xb575,
    0xb575, 0xb575, 0x0841, 0x0841, 0xb575, 0xb575, 0xb575, 0xb575, 0xb575, 0xb575, 0xb575, 0xb575,
    0xb575, 0x0841, 0x0841, 0x0841, 0x83ef, 0xb575, 0xb575, 0xb575, 0xb575, 0xb575, 0xb575, 0xb575,
    0xb575, 0xb575, 0xb575, 0xb575, 0xb575, 0xb575, 0xb575, 0xb575, 0xb575, 0xb575, 0x2945, 0xb575,
    0xb575, 0xb575, 0xb575, 0xb575, 0xb575, 0xb575, 0xb575, 0x5aab, 0x0841, 0x0841, 0x0841, 0x0841,
    0x0841, 0x0841, 0x0841, 0x0841, 0x0841, 0x0841, 0x0841, 0xb575, 0xb575, 0xb575, 0xb575, 0xb575,
    0xb575, 0xb575, 0xb575, 0xb575, 0xb575, 0xb575, 0x5aab, 0x0841, 0x0000, 0x0000, 0x0000, 0x0000,
    0x0000, 0x0000, 0x0000, 0x0000, 0x0841, 0x83ef, 0xb575, 0xb575, 0xb575, 0x5aab, 0xb575, 0xb575,
    0xb575, 0xb575, 0xb575, 0xb575, 0xb575, 0xb575, 0xb575, 0xb575, 0xb575, 0xb575, 0xb575, 0xb575,
    0xb575, 0xb575, 0xb575, 0xb575, 0xb575, 0xb575, 0xb575, 0xb575, 0xb575, 0xb575, 0xb575, 0xb575,
    0xb575, 0xb575, 0xb575, 0xb575, 0xb575, 0xb575, 0xb575, 0x0841, 0x0841, 0x0841, 0x0841, 0xb575,
    0xb575, 0xb575, 0xb575, 0xb575, 0xb575, 0xb575, 0xb575, 0xb575, 0xb575, 0xb575, 0x5aab, 0x0841,
    0x0841, 0x0841, 0xb575, 0xb575, 0xb575, 0xb575, 0xb575, 0xb575, 0xb575, 0xb575, 0xb575, 0xb575,
    0xb575, 0xad34, 0x0841, 0x0841, 0x0841, 0xb575, 0xb575, 0xb575, 0xb575, 0xb575, 0xb575, 0xb575,
    0xb575, 0xb575, 0xb575, 0xb575, 0xb575, 0xb575, 0xb575, 0xb575, 0xb575, 0x0841, 0x0841, 0x0841,
    0xb575, 0xb575, 0xb575, 0xb575, 0xb575, 0xb575, 0xb575, 0xb575, 0xb575, 0xb575, 0xb575, 0xb575,
    0xb575, 0xb575, 0xb575, 0xb575, 0xb575, 0xb575, 0xb575, 0x83ef, 0xb575, 0xb575, 0xb575, 0xb575,
    0xb575, 0xb575, 0xb575, 0x0841, 0x0841, 0x0000, 0x0841, 0x83ef, 0xb575, 0xb575, 0xb575, 0xb575,
    0xb575, 0xb575, 0xb575, 0xb575, 0xb575, 0xb575, 0x5aab, 0x0841, 0x0841, 0x0841, 0x0841, 0x0841,
    0x0841, 0x0841, 0x0841, 0x0841, 0x0841, 0x0841, 0x0841, 0x0841, 0x0841, 0x0000, 0x0000, 0x0841,
    0x0841, 0x83ef, 0xb575, 0xb575, 0xb575, 0xb575, 0xb575, 0xb575, 0xb575, 0xb575, 0xb575, 0xb575,
    0xb575, 0xb575, 0xb575, 0xb575, 0xb575, 0xb575, 0xb575, 0xb575, 0xb575, 0xb575, 0xb575, 0xb575,
    0xb575, 0xb575, 0xb575, 0xb575, 0x5aab, 0x0841, 0x0841, 0x0841, 0xb575, 0xb575, 0xb575, 0xb575,
    0xb575, 0xb575, 0xb575, 0xb575, 0xb575, 0x83ef, 0x83ef, 0xb575, 0xb575, 0xb575, 0xb575, 0xb575,
    0x83ef, 0x83ef, 0xb575, 0xb575, 0xb575, 0xb575, 0xb575, 0xb575, 0xb575, 0xb575, 0xb575, 0x0841,
    0x0841, 0x0841, 0x5aab, 0xb575, 0xb575, 0xb575, 0xb575, 0xb575, 0xb575, 0xb575, 0xb575, 0xb575,
    0xb575, 0xb575, 0xb575, 0xb575, 0xb575, 0xb575, 0xb575, 0x2945, 0x2945, 0xb575, 0xb575, 0xb575,
    0xb575, 0xb575, 0xb575, 0xb575, 0xb575, 0x83ef, 0x0841, 0x0841, 0x0841, 0x0841, 0x0841, 0x0841,
    0x0841, 0x0841, 0x0841, 0x0841, 0x0841, 0xb575, 0xb575, 0xb575, 0xb575, 0xb575, 0xb575, 0xb575,
    0xb575, 0xb575, 0xb575, 0xb575, 0x83ef, 0x0841, 0x0000, 0x0000, 0x0000, 0x0000, 0x0000, 0x0000,
    0x0000, 0x0000, 0x0841, 0xb575, 0xb575, 0xb575, 0xb575, 0x83ef, 0xb575, 0xb575, 0xb575, 0xb575,
    0xb575, 0xb575, 0xe6fa, 0xe6fa, 0xe6fa, 0xe6fa, 0xb575, 0xb575, 0xb575, 0xb575, 0xb575, 0xb575,
    0xb575, 0xbdb6, 0xe6fa, 0xe6fa, 0xe6fa, 0xe6fa, 0xb575, 0xb575, 0xb575, 0xb575, 0xb575, 0xb575,
    0xb575, 0xb575, 0xb575, 0xb575, 0xb575, 0x0841, 0x0841, 0x0841, 0x5aab, 0xb575, 0xb575, 0xb575,
    0xb575, 0xb575, 0xb575, 0xb575, 0xb575, 0xb575, 0xb575, 0xb575, 0x0841, 0x0841, 0x0841, 0x0841,
    0xb575, 0xb575, 0xb575, 0xb575, 0xb575, 0xb575, 0xb575, 0xb575, 0xb575, 0xb575, 0xb575, 0x83ef,
    0x0841, 0x0841, 0x0841, 0xb575, 0xb575, 0xb575, 0xb575, 0xb575, 0xb575, 0xb575, 0xb575, 0xb575,
    0xb575, 0xb575, 0xb575, 0xb575, 0xb575, 0xb575, 0x83ef, 0x0841, 0x0841, 0x0841, 0xb575, 0xb575,
    0xb575, 0xb575, 0xb575, 0xb575, 0xb575, 0xb575, 0xb575, 0xb575, 0xb575, 0xb575, 0xbdb6, 0xe6fa,
    0xe6fa, 0xe6fa, 0xe6fa, 0xe6fa, 0xe6fa, 0x5aab, 0xe6fa, 0xe6fa, 0xe6fa, 0xe6fa, 0xe6fa, 0xbdb6,
    0x5aab, 0x0841, 0x0841, 0x0000, 0x0841, 0xb575, 0xb575, 0xb575, 0xb575, 0xb575, 0xb575, 0xb575,
    0xb575, 0xb575, 0xb575, 0xb575, 0x0841, 0x0000, 0x0000, 0x0000, 0x0000, 0x0000, 0x0000, 0x0000,
    0x0000, 0x0000, 0x0000, 0x0000, 0x0000, 0x0000, 0x0000, 0x0000, 0x0000, 0x0841, 0x0841, 0x5aab,
    0xb575, 0xb575, 0xb575, 0xb575, 0xb575, 0xb575, 0xb575, 0xb575, 0xb575, 0xb575, 0xb575, 0xe6fa,
    0xe6fa, 0xe6fa, 0xbdb6, 0xb575, 0xb575, 0xb575, 0xb575, 0xb575, 0xb575, 0xb575, 0xb575, 0xb575,
    0xb575, 0xb575, 0x83ef, 0x0841, 0x0841, 0x0841, 0xb575, 0xb575, 0xb575, 0xb575, 0xb575, 0xb575,
    0xb575, 0xb575, 0xb575, 0xb575, 0xb575, 0xb575, 0xb575, 0xb575, 0xb575, 0xb575, 0xb575, 0xb575,
    0xb575, 0xb575, 0xb575, 0xb575, 0xb575, 0xb575, 0xb575, 0xb575, 0xb575, 0x5aab, 0x0841, 0x0841,
    0x0841, 0xb575, 0xb575, 0xb575, 0xb575, 0xb575, 0xb575, 0xb575, 0xb575, 0xb575, 0xb575, 0xb575,
    0xb575, 0xe6fa, 0xe6fa, 0xe6fa, 0x5aab, 0x2945, 0x0841, 0xe6fa, 0xe6fa, 0xe6fa, 0xe6fa, 0xe6fa,
    0xe6fa, 0xe6fa, 0xbdb6, 0xad34, 0x0841, 0x0841, 0x0841, 0x0841, 0x0841, 0x0841, 0x0841, 0x0841,
    0x0841, 0x0841, 0x0841, 0xb575, 0xb575, 0xb575, 0xb575, 0xb575, 0xb575, 0xb575, 0xb575, 0xb575,
    0xb575, 0xb575, 0xb575, 0x0841, 0x0000, 0x0000, 0x0000, 0x0000, 0x0000, 0x0000, 0x0000, 0x0000,
    0x5aab, 0xb575, 0xb575, 0xb575, 0xb575, 0x83ef, 0xb575, 0xb575, 0xb575, 0xb575, 0xb575, 0xb575,
    0x0841, 0x0841, 0x0841, 0x5aab, 0xad34, 0xb575, 0xb575, 0xb575, 0xb575, 0xb575, 0xb575, 0x5aab,
    0x0841, 0x0841, 0x0841, 0xb575, 0xb575, 0xb575, 0xb575, 0xb575, 0xb575, 0xb575, 0xb575, 0xb575,
    0xb575, 0xb575, 0x83ef, 0x0841, 0x0841, 0x0841, 0x83ef, 0xb575, 0xb575, 0xb575, 0xb575, 0xb575,
    0xb575, 0xb575, 0xb575, 0xb575, 0xb575, 0xb575, 0x0841, 0x0841, 0x0841, 0x0841, 0xb575, 0xb575,
    0xb575, 0xb575, 0xb575, 0xb575, 0xb575, 0xb575, 0xb575, 0xb575, 0xb575, 0x5aab, 0x0841, 0x0841,
    0x0841, 0xb575, 0xb575, 0xb575, 0xb575, 0xb575, 0xb575, 0xb575, 0xb575, 0xb575, 0xb575, 0xb575,
    0xb575, 0xb575, 0xb575, 0xb575, 0x5aab, 0x0841, 0x0841, 0x0841, 0xb575, 0xb575, 0xb575, 0xb575,
    0xb575, 0xb575, 0xb575, 0xb575, 0xb575, 0xb575, 0xb575, 0xb575, 0x0841, 0x0841, 0x0841, 0x0841,
    0x0841, 0x0841, 0x0841, 0x0841, 0x0841, 0x0841, 0x0841, 0x0841, 0x0841, 0x0841, 0x0841, 0x0841,
    0x0841, 0x0000, 0x0841, 0xb575, 0xb575, 0xb575, 0xb575, 0xb575, 0xb575, 0xb575, 0xb575, 0xb575,
    0xb575, 0xb575, 0x0841, 0x0000, 0x0000, 0x0000, 0x0000, 0x0000, 0x0000, 0x0000, 0x0000, 0x0000,
    0x0000, 0x0000, 0x0000, 0x0000, 0x0000, 0x0000, 0x0000, 0x0000, 0x0841, 0x5aab, 0xb575, 0xb575,
    0xb575, 0xb575, 0xb575, 0xb575, 0xb575, 0xb575, 0xb575, 0xb575, 0xb575, 0x0841, 0x0841, 0x0841,
    0x5aab, 0xb575, 0xb575, 0xb575, 0xb575, 0xb575, 0xb575, 0xb575, 0xb575, 0xb575, 0xb575, 0xb575,
    0xb575, 0x0841, 0x0841, 0x0841, 0xb575, 0xb575, 0xb575, 0xb575, 0xb575, 0xb575, 0xb575, 0xb575,
    0xb575, 0xb575, 0xb575, 0xb575, 0xb575, 0xb575, 0xb575, 0xb575, 0xb575, 0xb575, 0xb575, 0xb575,
    0xb575, 0xb575, 0xb575, 0xb575, 0xb575, 0xb575, 0xb575, 0x83ef, 0x0841, 0x0841, 0x0841, 0xb575,
    0xb575, 0xb575, 0xb575, 0xb575, 0xb575, 0xb575, 0xb575, 0xb575, 0xb575, 0xb575, 0xb575, 0x0841,
    0x0841, 0x0841, 0x0841, 0x0841, 0x0841, 0x0841, 0x0841, 0x0841, 0x0841, 0x0841, 0x0841, 0x0841,
    0x0841, 0x0841, 0x0841, 0x0841, 0x0841, 0x0841, 0x0841, 0x0841, 0x0841, 0x0841, 0x0841, 0x0841,
    0x0841, 0x5aab, 0xb575, 0xb575, 0xb575, 0xb575, 0xb575, 0xb575, 0xb575, 0xb575, 0xb575, 0xb575,
    0xb575, 0x5aab, 0x0000, 0x0000, 0x0000, 0x0000, 0x0000, 0x0000, 0x0000, 0x0841, 0x83ef, 0xb575,
    0xb575, 0xb575, 0xb575, 0x83ef, 0xb575, 0xb575, 0xb575, 0xb575, 0xb575, 0x5aab, 0x0841, 0x0841,
    0x0841, 0xb575, 0xb575, 0xb575, 0xb575, 0xb575, 0xb575, 0xb575, 0xb575, 0x2945, 0x0841, 0x0841,
    0x5aab, 0xb575, 0xb575, 0xb575, 0xb575, 0xb575, 0xb575, 0xb575, 0xb575, 0xb575, 0xb575, 0xb575,
    0x5aab, 0x0841, 0x0841, 0x0841, 0xb575, 0xb575, 0xb575, 0xb575, 0xb575, 0xb575, 0xb575, 0xb575,
    0xb575, 0xb575, 0xb575, 0xb575, 0x0841, 0x0841, 0x0841, 0x5aab, 0xbdb6, 0xe6fa, 0xe6fa, 0xe6fa,
    0xe6fa, 0xb575, 0xb575, 0xb575, 0xb575, 0xb575, 0xb575, 0x0841, 0x0841, 0x0841, 0x0841, 0xb575,
    0xb575, 0xb575, 0xb575, 0xb575, 0xb575, 0xb575, 0xb575, 0xb575, 0xb575, 0xb575, 0xb575, 0xb575,
    0xb575, 0xb575, 0x5aab, 0x0841, 0x0841, 0x0841, 0xb575, 0xb575, 0xb575, 0xb575, 0xb575, 0xb575,
    0xb575, 0xb575, 0xb575, 0xb575, 0xb575, 0xb575, 0x0841, 0x0841, 0x0841, 0x0841, 0x0841, 0x0841,
    0x0841, 0x0841, 0x0841, 0x0841, 0x0841, 0x0841, 0x0841, 0x0841, 0x0841, 0x0841, 0x0841, 0x0000,
    0x0841, 0xb575, 0xb575, 0xb575, 0xb575, 0xb575, 0xb575, 0xb575, 0xb575, 0xb575, 0xb575, 0xb575,
    0x0841, 0x0000, 0x0000, 0x0000, 0x0000, 0x0000, 0x0000, 0x0000, 0x0000, 0x0000, 0x0000, 0x0000,
    0x0000, 0x0000, 0x0000, 0x0000, 0x0000, 0x0000, 0x0841, 0x0841, 0xb575, 0xb575, 0xb575, 0xb575,
    0xb575, 0xb575, 0xb575, 0xb575, 0xb575, 0xb575, 0xb575, 0x0841, 0x0841, 0x0841, 0x0841, 0xb575,
    0xbdb6, 0xe6fa, 0xe6fa, 0xe6fa, 0xb575, 0xb575, 0xb575, 0xb575, 0xb575, 0xb575, 0xb575, 0x0841,
    0x0841, 0x0841, 0xb575, 0xb575, 0xb575, 0xb575, 0xb575, 0xb575, 0xb575, 0xb575, 0xb575, 0xb575,
    0xb575, 0xb575, 0xb575, 0xb575, 0xb575, 0xb575, 0xb575, 0xb575, 0xb575, 0xb575, 0xb575, 0xb575,
    0xb575, 0xb575, 0xb575, 0xb575, 0xb575, 0xb575, 0x0841, 0x0841, 0x0841, 0xb575, 0xb575, 0xb575,
    0xb575, 0xb575, 0xb575, 0xb575, 0xb575, 0xb575, 0xb575, 0xb575, 0xb575, 0x0841, 0x0841, 0x0841,
    0x0841, 0x0841, 0x0841, 0x0841, 0x0841, 0x0841, 0x0841, 0x0841, 0x0841, 0x0841, 0x0841, 0x0000,
    0x0841, 0x0841, 0x0841, 0x0841, 0x0841, 0x0841, 0x0841, 0x0841, 0x0841, 0x0841, 0x0841, 0x0841,
    0xb575, 0xb575, 0xb575, 0xb575, 0xb575, 0xb575, 0xb575, 0xb575, 0xb575, 0xb575, 0xb575, 0x83ef,
    0x0841, 0x0000, 0x0000, 0x0000, 0x0000, 0x0000, 0x0000, 0x0841, 0xb575, 0xb575, 0xb575, 0xb575,
    0x83ef, 0xb575, 0xb575, 0xb575, 0xb575, 0xb575, 0xb575, 0x0841, 0x0841, 0x0841, 0x0841, 0xb575,
    0xb575, 0xb575, 0xb575, 0xb575, 0xb575, 0xb575, 0xb575, 0x0841, 0x0841, 0x0841, 0x83ef, 0xb575,
    0xb575, 0xb575, 0xb575, 0xb575, 0xb575, 0xb575, 0xb575, 0xb575, 0xb575, 0xb575, 0x0841, 0x0841,
    0x0841, 0x0841, 0xb575, 0xb575, 0xb575, 0xb575, 0xb575, 0xb575, 0xb575, 0xb575, 0xb575, 0xb575,
    0xb575, 0x83ef, 0x0841, 0x0841, 0x0841, 0x83ef, 0x83ef, 0x83ef, 0x83ef, 0x5aab, 0x5aab, 0x5aab,
    0xb575, 0xb575, 0xb575, 0xb575, 0xb575, 0x0841, 0x0841, 0x0841, 0x0841, 0xb575, 0xb575, 0xb575,
    0xb575, 0xb575, 0xb575, 0xb575, 0xb575, 0xb575, 0xb575, 0xb575, 0xb575, 0xb575, 0xb575, 0xb575,
    0x0841, 0x0841, 0x0841, 0x2945, 0xb575, 0xb575, 0xb575, 0xb575, 0xb575, 0xb575, 0xb575, 0xb575,
    0xb575, 0xb575, 0xb575, 0x83ef, 0x0841, 0x0841, 0x0841, 0x0841, 0x0841, 0x0841, 0x0841, 0x0841,
    0x0841, 0x0841, 0x0841, 0x0841, 0x0841, 0x0841, 0x0841, 0x0841, 0x0841, 0x0000, 0x0841, 0xb575,
    0xb575, 0xb575, 0xb575, 0xb575, 0xb575, 0xb575, 0xb575, 0xb575, 0xb575, 0xb575, 0x0841, 0x0000,
    0x0000, 0x0000, 0x0000, 0x0000, 0x0000, 0x0000, 0x0000, 0x0000, 0x0000, 0x0000, 0x0000, 0x0000,
    0x0000, 0x0000, 0x0000, 0x0000, 0x0841, 0x0841, 0xb575, 0xb575, 0xb575, 0xb575, 0xb575, 0xb575,
    0xb575, 0xb575, 0xb575, 0xb575, 0xb575, 0x0841, 0x0841, 0x0841, 0x0841, 0x83ef, 0x83ef, 0x83ef,
    0x83ef, 0x83ef, 0x83ef, 0x83ef, 0x83ef, 0x83ef, 0x83ef, 0x83ef, 0xb575, 0x0841, 0x0841, 0x0841,
    0x83ef, 0xb575, 0xb575, 0xb575, 0xb575, 0xb575, 0xb575, 0xb575, 0xb575, 0xb575, 0xb575, 0xb575,
    0xe6fa, 0xe6fa, 0xe6fa, 0xe6fa, 0xe6fa, 0xb575, 0xb575, 0xb575, 0xb575, 0xb575, 0xb575, 0xb575,
    0xb575, 0xb575, 0xb575, 0xb575, 0x0841, 0x0841, 0x0841, 0x83ef, 0xb575, 0xb575, 0xb575, 0xb575,
    0xb575, 0xb575, 0xb575, 0xb575, 0xb575, 0xb575, 0xb575, 0x0841, 0x0841, 0x0841, 0x0841, 0x0841,
    0x0841, 0x0841, 0x0841, 0x0841, 0x0841, 0x0841, 0x0841, 0x0841, 0x0841, 0x0000, 0x0000, 0x0841,
    0x0841, 0x0841, 0x0841, 0x0841, 0x0841, 0x0841, 0x0841, 0x0841, 0x0841, 0x2945, 0xbdb6, 0xe6fa,
    0xe6fa, 0xe6fa, 0xe6fa, 0xe6fa, 0xbdb6, 0xb575, 0xb575, 0xb575, 0xb575, 0xb575, 0x0841, 0x0000,
    0x0000, 0x0000, 0x0000, 0x0000, 0x0000, 0x5aab, 0xb575, 0xb575, 0xb575, 0xb575, 0x83ef, 0xb575,
    0xb575, 0xb575, 0xb575, 0xb575, 0x83ef, 0x0841, 0x0841, 0x0841, 0x5aab, 0xb575, 0xb575, 0xb575,
    0xb575, 0xb575, 0xb575, 0xb575, 0x5aab, 0x0841, 0x0841, 0x0841, 0xb575, 0xb575, 0xb575, 0xb575,
    0xb575, 0xb575, 0xb575, 0xb575, 0xb575, 0xb575, 0xb575, 0xb575, 0x0841, 0x0841, 0x0841, 0x0841,
    0xb575, 0xb575, 0xb575, 0xb575, 0xb575, 0xb575, 0xb575, 0xb575, 0xb575, 0xb575, 0xb575, 0x5aab,
    0x0841, 0x0841, 0x0841, 0xb575, 0xb575, 0xb575, 0xb575, 0xb575, 0xb575, 0x83ef, 0x5aab, 0x5aab,
    0x2945, 0x2945, 0x5aab, 0x0841, 0x0841, 0x0841, 0x0841, 0x0841, 0x2945, 0x2945, 0x2945, 0x2945,
    0x83ef, 0xbdb6, 0xe6fa, 0xe6fa, 0xe6fa, 0xbdb6, 0xb575, 0xb575, 0xb575, 0xb575, 0x0841, 0x0841,
    0x0841, 0x2945, 0xb575, 0xb575, 0xe6fa, 0xe6fa, 0xe6fa, 0xbdb6, 0xb575, 0xb575, 0xb575, 0xb575,
    0xb575, 0x5aab, 0x0841, 0x0841, 0x0841, 0x0841, 0x0841, 0x0841, 0x0841, 0x0841, 0x0841, 0x0841,
    0x0841, 0x0841, 0x0841, 0x0841, 0x0841, 0x0841, 0x0841, 0x0000, 0x0841, 0xb575, 0xb575, 0xb575,
    0xb575, 0xb575, 0xb575, 0xb575, 0xb575, 0xb575, 0xb575, 0xb575, 0x0841, 0x0000, 0x0000, 0x0000,
    0x0000, 0x0000, 0x0000, 0x0000, 0x0000, 0x0000, 0x0000, 0x0000, 0x0000, 0x0000, 0x0000, 0x0000,
    0x0000, 0x0000, 0x0841, 0x0841, 0xb575, 0xb575, 0xb575, 0xb575, 0xb575, 0xb575, 0xb575, 0xb575,
    0xb575, 0xb575, 0xb575, 0x0841, 0x0841, 0x0841, 0x0841, 0xb575, 0xb575, 0xb575, 0xb575, 0xb575,
    0xb575, 0xb575, 0xb575, 0xb575, 0xb575, 0xb575, 0xb575, 0x0841, 0x0841, 0x0841, 0x83ef, 0xb575,
    0xb575, 0xb575, 0xb575, 0xb575, 0xb575, 0xb575, 0xb575, 0xb575, 0xb575, 0xb575, 0x5aab, 0x0841,
    0x0841, 0x0841, 0xb575, 0xb575, 0xb575, 0xb575, 0xb575, 0xb575, 0xb575, 0xb575, 0xb575, 0xb575,
    0xb575, 0xb575, 0x0841, 0x0841, 0x0841, 0x5aab, 0xb575, 0xb575, 0xb575, 0xb575, 0xb575, 0xb575,
    0xb575, 0xb575, 0xb575, 0xb575, 0xb575, 0x5aab, 0x0841, 0x0841, 0x0841, 0x0841, 0x0841, 0x0841,
    0x0841, 0x0841, 0x0841, 0x0841, 0x0841, 0x0841, 0x0000, 0x0000, 0x0000, 0x0841, 0x0841, 0x0841,
    0x0841, 0x0841, 0x0841, 0x0841, 0x0841, 0x0841, 0x0841, 0x2945, 0x2945, 0x2945, 0x2945, 0x2945,
    0x5aab, 0x5aab, 0x5aab, 0x5aab, 0x83ef, 0x83ef, 0x83ef, 0x83ef, 0x0841, 0x0000, 0x0000, 0x0000,
    0x0000, 0x0000, 0x0841, 0x83ef, 0xb575, 0xb575, 0xb575, 0xb575, 0x5aab, 0xb575, 0xb575, 0xb575,
    0xb575, 0xb575, 0x5aab, 0x0841, 0x0841, 0x0841, 0xb575, 0xb575, 0xb575, 0xb575, 0xb575, 0xb575,
    0xb575, 0xb575, 0x2945, 0x0841, 0x0841, 0x0841, 0xb575, 0xb575, 0xb575, 0xb575, 0xb575, 0xb575,
    0xb575, 0xb575, 0xb575, 0xb575, 0xb575, 0x83ef, 0x0841, 0x0841, 0x0841, 0x5aab, 0xb575, 0xb575,
    0xb575, 0xb575, 0xb575, 0xb575, 0xb575, 0xb575, 0xb575, 0xb575, 0xb575, 0x0841, 0x0841, 0x0841,
    0x0841, 0xb575, 0xb575, 0xb575, 0xb575, 0xb575, 0xb575, 0xb575, 0xb575, 0xb575, 0xb575, 0x5aab,
    0x2945, 0x0841, 0x0841, 0x0841, 0x0841, 0x0841, 0x0841, 0x0841, 0x83ef, 0x5aab, 0x2945, 0x2945,
    0x5aab, 0x5aab, 0x5aab, 0x5aab, 0x83ef, 0xb575, 0xb575, 0xb575, 0x0841, 0x0841, 0x0841, 0x5aab,
    0x83ef, 0x83ef, 0x83ef, 0x83ef, 0x83ef, 0x83ef, 0xb575, 0xb575, 0xb575, 0xb575, 0xb575, 0x0841,
    0x0841, 0x0841, 0x0841, 0x0841, 0x0841, 0x0841, 0x0841, 0x0841, 0x0841, 0x0841, 0x0841, 0x0841,
    0x0841, 0x0841, 0x0841, 0x0841, 0x0841, 0x0000, 0x0841, 0xb575, 0xb575, 0xb575, 0xb575, 0xb575,
    0xb575, 0xb575, 0xb575, 0xb575, 0xb575, 0xb575, 0x0841, 0x0000, 0x0000, 0x0000, 0x0000, 0x0000,
    0x0000, 0x0000, 0x0000, 0x0000, 0x0000, 0x0000, 0x0000, 0x0000, 0x0000, 0x0000, 0x0000, 0x0000,
    0x0841, 0x0841, 0xb575, 0xb575, 0xb575, 0xb575, 0xbdb6, 0xe6fa, 0xe6fa, 0xe6fa, 0xe6fa, 0xbdb6,
    0xb575, 0x5aab, 0x0841, 0x0841, 0x0841, 0xb575, 0xb575, 0xb575, 0xb575, 0xb575, 0xb575, 0xb575,
    0xb575, 0xb575, 0xb575, 0xb575, 0xb575, 0x0841, 0x0841, 0x0841, 0x5aab, 0xb575, 0xb575, 0xb575,
    0xb575, 0xb575, 0xb575, 0xb575, 0xb575, 0xb575, 0xb575, 0xb575, 0x5aab, 0x0841, 0x0841, 0x0841,
    0xb575, 0xb575, 0xe6fa, 0xe6fa, 0xe6fa, 0xe6fa, 0xbdb6, 0xb575, 0xb575, 0xb575, 0xb575, 0xb575,
    0x0841, 0x0841, 0x0841, 0x0841, 0xb575, 0xb575, 0xb575, 0xb575, 0xb575, 0xb575, 0xb575, 0xb575,
    0xb575, 0xb575, 0xb575, 0xad34, 0x0841, 0x0841, 0x0841, 0x0841, 0x0841, 0x0841, 0x0841, 0x0841,
    0x0841, 0x0841, 0x0841, 0x0000, 0x0000, 0x0000, 0x0000, 0x0841, 0x0841, 0x0841, 0x0841, 0x0841,
    0x0841, 0x0841, 0x0841, 0x0841, 0x2945, 0x2945, 0x0841, 0x83ef, 0xb575, 0xb575, 0xb575, 0xb575,
    0xb575, 0xb575, 0xb575, 0xb575, 0xb575, 0xb575, 0x5aab, 0x0841, 0x0000, 0x0000, 0x0000, 0x0000,
    0x0841, 0xb575, 0xb575, 0xb575, 0xb575, 0xb575, 0x5aab, 0x5aab, 0x2945, 0x2945, 0x2945, 0x2945,
    0x2945, 0x0841, 0x0841, 0x0841, 0xb575, 0xb575, 0xb575, 0xb575, 0xb575, 0xb575, 0xb575, 0xb575,
    0x0841, 0x0841, 0x0841, 0x5aab, 0xb575, 0xb575, 0xb575, 0xb575, 0xb575, 0xb575, 0xb575, 0xb575,
    0xb575, 0xb575, 0xb575, 0x5aab, 0x0841, 0x0841, 0x0841, 0x83ef, 0xb575, 0xb575, 0xb575, 0xb575,
    0xb575, 0xb575, 0xb575, 0xb575, 0xb575, 0xb575, 0xb575, 0x0841, 0x0841, 0x0841, 0x0841, 0xb575,
    0xb575, 0xb575, 0xb575, 0xb575, 0xb575, 0xb575, 0xb575, 0xb575, 0xb575, 0xb575, 0x5aab, 0x0841,
    0x0841, 0x0841, 0x0841, 0x0841, 0x0841, 0x0841, 0xb575, 0xb575, 0xb575, 0xb575, 0xb575, 0xb575,
    0xb575, 0xb575, 0x5aab, 0xb575, 0xb575, 0xb575, 0x0841, 0x0841, 0x0841, 0x5aab, 0xb575, 0xb575,
    0xb575, 0xb575, 0xb575, 0x83ef, 0xb575, 0xb575, 0xb575, 0xb575, 0xb575, 0x0841, 0x0841, 0x0841,
    0x0841, 0x0841, 0x0841, 0x0841, 0x0841, 0x0841, 0x0841, 0x0841, 0x0841, 0x0841, 0x0841, 0x0841,
    0x0841, 0x0841, 0x0841, 0x0000, 0x0841, 0xb575, 0xb575, 0xb575, 0xb575, 0xb575, 0xb575, 0xb575,
    0xb575, 0xb575, 0xb575, 0xb575, 0x5aab, 0x0841, 0x0841, 0x0841, 0x0841, 0x0841, 0x0841, 0x0841,
    0x0841, 0x0841, 0x0841, 0x0841, 0x0841, 0x0841, 0x0841, 0x0841, 0x0841, 0x0000, 0x0841, 0x0841,
    0xb575, 0xb575, 0xb575, 0xb575, 0x83ef, 0x83ef, 0x83ef, 0x5aab, 0x5aab, 0x2945, 0x2945, 0x2945,
    0x0841, 0x0841, 0x0841, 0xb575, 0xb575, 0xb575, 0xb575, 0xb575, 0xb575, 0xb575, 0xb575, 0xb575,
    0xb575, 0xb575, 0xb575, 0x0841, 0x0841, 0x0841, 0x5aab, 0xb575, 0xb575, 0xb575, 0xb575, 0xb575,
    0xb575, 0xb575, 0xb575, 0xb575, 0xb575, 0xb575, 0xb575, 0x0841, 0x0841, 0x0841, 0x5aab, 0x83ef,
    0x83ef, 0x83ef, 0x83ef, 0x5aab, 0x5aab, 0x5aab, 0x2945, 0x2945, 0x5aab, 0xb575, 0x5aab, 0x0841,
    0x0841, 0x0841, 0xb575, 0xb575, 0xb575, 0xb575, 0xb575, 0xb575, 0xb575, 0xb575, 0xb575, 0xb575,
    0xb575, 0xb575, 0x0841, 0x0841, 0x0841, 0x0841, 0x0841, 0x0841, 0x0841, 0x0841, 0x0841, 0x0841,
    0x0000, 0x0000, 0x0000, 0x0000, 0x0000, 0x0841, 0x0841, 0x0841, 0x0841, 0x0841, 0x0841, 0x0841,
    0x0841, 0x0841, 0x2945, 0x0841, 0x0841, 0xb575, 0xb575, 0xb575, 0xb575, 0xb575, 0xb575, 0xb575,
    0xb575, 0xb575, 0xb575, 0xb575, 0x83ef, 0x0841, 0x0000, 0x0000, 0x0000, 0x0000, 0x5aab, 0xb575,
    0xb575, 0xb575, 0xb575, 0x5aab, 0xb575, 0xb575, 0xb575, 0xb575, 0xb575, 0x5aab, 0x0841, 0x0841,
    0x0841, 0x5aab, 0xb575, 0xe6fa, 0xe6fa, 0xe6fa, 0xe6fa, 0xe6fa, 0xb575, 0x5aab, 0x0841, 0x0841,
    0x0841, 0x83ef, 0xb575, 0xb575, 0xb575, 0xb575, 0xb575, 0xb575, 0xb575, 0xb575, 0xb575, 0xb575,
    0xb575, 0x0841, 0x0841, 0x0841, 0x0841, 0xb575, 0xb575, 0xb575, 0xb575, 0xb575, 0xb575, 0xb575,
    0xb575, 0xb575, 0xb575, 0xb575, 0xb575, 0x0841, 0x0841, 0x0841, 0x5aab, 0xb575, 0xb575, 0xb575,
    0xb575, 0xb575, 0xb575, 0xb575, 0xb575, 0xb575, 0xb575, 0xb575, 0x5aab, 0x2945, 0x0841, 0x0841,
    0x0841, 0x0841, 0x0841, 0x0841, 0xb575, 0xb575, 0xb575, 0xb575, 0xb575, 0xb575, 0xb575, 0xb575,
    0x5aab, 0xb575, 0xb575, 0xb575, 0x0841, 0x0841, 0x0841, 0x83ef, 0xb575, 0xb575, 0xb575, 0xb575,
    0xb575, 0x83ef, 0xb575, 0xb575, 0xb575, 0xb575, 0xb575, 0xb575, 0xb575, 0xb575, 0xb575, 0xb575,
    0xb575, 0xb575, 0xb575, 0xb575, 0xb575, 0xb575, 0xb575, 0xb575, 0xb575, 0x83ef, 0xb575, 0x0841,
    0x0841, 0x0000, 0x0841, 0xb575, 0xb575, 0xb575, 0xb575, 0xb575, 0xb575, 0xb575, 0xb575, 0xb575,
    0xb575, 0xb575, 0xb575, 0xb575, 0xb575, 0xb575, 0xb575, 0xb575, 0xb575, 0xb575, 0xb575, 0xb575,
    0xb575, 0xb575, 0xb575, 0xb575, 0xb575, 0xb575, 0x0841, 0x0000, 0x0841, 0x0841, 0xb575, 0xb575,
    0xb575, 0x83ef, 0xb575, 0xb575, 0xb575, 0xb575, 0xb575, 0xb575, 0xb575, 0xb575, 0x0841, 0x0841,
    0x0841, 0xb575, 0xb575, 0xb575, 0xb575, 0xb575, 0xb575, 0xb575, 0xb575, 0xb575, 0xb575, 0xb575,
    0xb575, 0x0841, 0x0841, 0x0841, 0x0841, 0xb575, 0xb575, 0xb575, 0xb575, 0xb575, 0xb575, 0xb575,
    0xb575, 0xb575, 0xb575, 0xb575, 0xb575, 0x0841, 0x0841, 0x0841, 0x5aab, 0xb575, 0xb575, 0xb575,
    0xb575, 0xb575, 0xb575, 0xb575, 0xb575, 0x83ef, 0x2945, 0x2945, 0x2945, 0x0841, 0x0841, 0x0841,
    0xb575, 0xb575, 0xb575, 0xb575, 0xb575, 0xb575, 0xb575, 0xb575, 0xb575, 0xb575, 0xb575, 0xb575,
    0x0841, 0x0841, 0x0841, 0x0841, 0x0841, 0x0841, 0x0841, 0x0841, 0x0841, 0x0841, 0x0000, 0x0000,
    0x0000, 0x0000, 0x0000, 0x0000, 0x0841, 0x0841, 0x0841, 0x0841, 0x0841, 0x0841, 0x0841, 0x0841,
    0x2945, 0x0841, 0x0841, 0xb575, 0xb575, 0xb575, 0xb575, 0xb575, 0xb575, 0xb575, 0xb575, 0xb575,
    0xb575, 0xb575, 0xb575, 0x0841, 0x0000, 0x0000, 0x0000, 0x0841, 0x83ef, 0xb575, 0xb575, 0xb575,
    0xb575, 0x5aab, 0xb575, 0xb575, 0xb575, 0xb575, 0xb575, 0x5aab, 0x0841, 0x0841, 0x0841, 0x0841,
    0x2945, 0x2945, 0x2945, 0x2945, 0x2945, 0x2945, 0x2945, 0x2945, 0x0841, 0x0841, 0x0841, 0xb575,
    0xb575, 0xb575, 0xb575, 0xb575, 0xb575, 0xb575, 0xb575, 0xb575, 0xb575, 0xb575, 0xb575, 0x0841,
    0x0841, 0x0841, 0x0841, 0xb575, 0xb575, 0xb575, 0xb575, 0xb575, 0xb575, 0xb575, 0xb575, 0xb575,
    0xb575, 0xb575, 0x83ef, 0x0841, 0x0841, 0x0841, 0x83ef, 0xb575, 0xb575, 0xb575, 0xb575, 0xb575,
    0xb575, 0xb575, 0xb575, 0xb575, 0xb575, 0xb575, 0x0841, 0x2945, 0x0841, 0x0841, 0x0841, 0x0841,
    0x0841, 0x0841, 0xb575, 0xb575, 0xb575, 0xb575, 0xb575, 0xb575, 0xb575, 0xb575, 0x5aab, 0xb575,
    0xb575, 0x83ef, 0x0841, 0x0841, 0x0841, 0xb575, 0xb575, 0xb575, 0xb575, 0xb575, 0xb575, 0x5aab,
    0xb575, 0xb575, 0xb575, 0xb575, 0xb575, 0xb575, 0xb575, 0xb575, 0xb575, 0xb575, 0xb575, 0xb575,
    0xb575, 0xb575, 0x83ef, 0x83ef, 0x83ef, 0x83ef, 0x83ef, 0xb575, 0xb575, 0x0841, 0x0841, 0x0000,
    0x0841, 0xb575, 0xb575, 0xb575, 0xb575, 0xb575, 0xb575, 0xb575, 0xb575, 0xb575, 0xb575, 0xb575,
    0xb575, 0xb575, 0xb575, 0xb575, 0xb575, 0xb575, 0xb575, 0xb575, 0xb575, 0xb575, 0xb575, 0xb575,
    0xb575, 0xb575, 0xb575, 0xb575, 0x0841, 0x0000, 0x0841, 0x0841, 0xb575, 0xb575, 0xb575, 0x83ef,
    0xb575, 0xb575, 0xb575, 0xb575, 0xb575, 0xb575, 0xb575, 0xb575, 0x0841, 0x0841, 0x0841, 0xb575,
    0xb575, 0xb575, 0xb575, 0xb575, 0xb575, 0xb575, 0xb575, 0xb575, 0xb575, 0xb575, 0xb575, 0x0841,
    0x0841, 0x0841, 0x0841, 0xb575, 0xb575, 0xb575, 0xb575, 0xb575, 0xb575, 0xb575, 0xb575, 0xb575,
    0xb575, 0xb575, 0xb575, 0x0841, 0x0841, 0x0841, 0x0841, 0xb575, 0xb575, 0xb575, 0xb575, 0xb575,
    0xb575, 0xb575, 0xb575, 0xb575, 0xb575, 0xb575, 0x5aab, 0x0841, 0x0841, 0x0841, 0xb575, 0xb575,
    0xb575, 0xb575, 0xb575, 0xb575, 0xb575, 0xb575, 0xb575, 0xb575, 0xb575, 0xad34, 0x0841, 0x0841,
    0x0841, 0x0841, 0x0841, 0x0841, 0x0841, 0x0841, 0x0841, 0x0000, 0x0000, 0x0000, 0x0000, 0x0000,
    0x0000, 0x0000, 0x0841, 0x0841, 0x0841, 0x0841, 0x0841, 0x0841, 0x0841, 0x2945, 0x0841, 0x0841,
    0x0841, 0x5aab, 0xb575, 0xb575, 0xb575, 0xb575, 0xb575, 0xb575, 0xb575, 0xb575, 0xb575, 0xb575,
    0xb575, 0x5aab, 0x0841, 0x0000, 0x0000, 0x0841, 0xb575, 0xb575, 0xb575, 0xb575, 0xb575, 0x83ef,
    0x83ef, 0x83ef, 0x83ef, 0x5aab, 0x2945, 0x2945, 0x0841, 0x0841, 0x0841, 0x0841, 0x0841, 0x2945,
    0x2945, 0x2945, 0x2945, 0x2945, 0x2945, 0x2945, 0x2945, 0x0841, 0x0841, 0xb575, 0xb575, 0xb575,
    0xb575, 0xb575, 0xb575, 0xb575, 0xb575, 0xb575, 0xb575, 0xb575, 0x83ef, 0x0841, 0x0841, 0x0841,
    0x5aab, 0xb575, 0xb575, 0xb575, 0xb575, 0xb575, 0xb575, 0xb575, 0xb575, 0xb575, 0xb575, 0xb575,
    0x5aab, 0x0841, 0x0841, 0x0841, 0xb575, 0xb575, 0xb575, 0xb575, 0xb575, 0xb575, 0xb575, 0xb575,
    0xb575, 0xb575, 0xb575, 0xb575, 0x0841, 0x0841, 0x0841, 0x0841, 0x0841, 0x0841, 0x0841, 0x5aab,
    0xb575, 0xb575, 0xb575, 0xb575, 0xb575, 0xb575, 0xb575, 0xb575, 0x5aab, 0xb575, 0xb575, 0x5aab,
    0x0841, 0x0841, 0x0841, 0xb575, 0xb575, 0xb575, 0xb575, 0xb575, 0xb575, 0x5aab, 0xb575, 0xb575,
    0xb575, 0xb575, 0xb575, 0xb575, 0xb575, 0xb575, 0xb575, 0xb575, 0xb575, 0xb575, 0xb575, 0x83ef,
    0xb575, 0xb575, 0xb575, 0xb575, 0xb575, 0xb575, 0xb575, 0x0841, 0x0841, 0x0000, 0x0841, 0xb575,
    0xb575, 0xb575, 0xb575, 0xb575, 0xb575, 0xb575, 0xb575, 0xb575, 0xb575, 0xb575, 0xb575, 0xb575,
    0xb575, 0xb575, 0xb575, 0xb575, 0xb575, 0xb575, 0xb575, 0xb575, 0xb575, 0xb575, 0xb575, 0xb575,
    0xb575, 0xb575, 0x0841, 0x0000, 0x0841, 0x0841, 0xb575, 0xb575, 0xb575, 0x5aab, 0xb575, 0xb575,
    0xb575, 0xb575, 0xb575, 0xb575, 0xb575, 0xb575, 0x0841, 0x0841, 0x0841, 0x5aab, 0xb575, 0xb575,
    0xb575, 0xb575, 0xb575, 0xb575, 0xb575, 0xb575, 0xb575, 0xb575, 0xb575, 0x5aab, 0x0841, 0x0841,
    0x0841, 0xb575, 0xb575, 0xb575, 0xb575, 0xb575, 0xb575, 0xb575, 0xb575, 0xb575, 0xb575, 0xb575,
    0xb575, 0x0841, 0x0841, 0x0841, 0x0841, 0xb575, 0xb575, 0xb575, 0xb575, 0xb575, 0xb575, 0xb575,
    0xb575, 0xb575, 0xb575, 0xb575, 0xb575, 0x0841, 0x0841, 0x0841, 0x83ef, 0xb575, 0xb575, 0xb575,
    0xb575, 0xb575, 0xb575, 0xb575, 0xb575, 0xb575, 0xb575, 0xb575, 0x5aab, 0x0841, 0x0841, 0x0841,
    0x0841, 0x0841, 0x0841, 0x0841, 0x0000, 0x0000, 0x0000, 0x0000, 0x0000, 0x0000, 0x0000, 0x0000,
    0x0841, 0x0841, 0x0841, 0x0841, 0x0841, 0x0841, 0x0841, 0x2945, 0x0841, 0x0841, 0x0841, 0x0841,
    0xb575, 0xb575, 0xb575, 0xb575, 0xb575, 0xb575, 0xb575, 0xb575, 0xb575, 0xb575, 0xb575, 0x83ef,
    0x0841, 0x0000, 0x0841, 0x5aab, 0xb575, 0xb575, 0xb575, 0xb575, 0xb575, 0xb575, 0xb575, 0xb575,
    0xb575, 0xb575, 0x83ef, 0x0841, 0x0841, 0x0841, 0x0841, 0x0841, 0x0841, 0x0841, 0x2945, 0x2945,
    0x2945, 0x2945, 0x2945, 0x2945, 0x2945, 0x2945, 0x5aab, 0xb575, 0xb575, 0xb575, 0xb575, 0xb575,
    0xb575, 0xb575, 0xb575, 0xb575, 0xb575, 0xb575, 0x5aab, 0x0841, 0x0841, 0x0841, 0x83ef, 0xb575,
    0xb575, 0xb575, 0xb575, 0xb575, 0xb575, 0xb575, 0xb575, 0xb575, 0xb575, 0xb575, 0x0841, 0x0841,
    0x0841, 0x0841, 0xb575, 0xb575, 0xb575, 0xb575, 0xb575, 0xb575, 0xb575, 0xb575, 0xb575, 0xb575,
    0xb575, 0xb575, 0x0841, 0x0841, 0x0841, 0x0841, 0x0841, 0x0841, 0x0841, 0x5aab, 0xb575, 0xb575,
    0xb575, 0xb575, 0xb575, 0xb575, 0xb575, 0x5aab, 0x83ef, 0xb575, 0xb575, 0x5aab, 0x0841, 0x0841,
    0x0841, 0xb575, 0xb575, 0xb575, 0xb575, 0xb575, 0xb575, 0x2945, 0xb575, 0xb575, 0xb575, 0xb575,
    0xb575, 0xb575, 0xb575, 0xb575, 0xb575, 0xb575, 0xb575, 0xb575, 0xb575, 0x83ef, 0xb575, 0xb575,
    0xb575, 0xb575, 0xb575, 0xb575, 0xb575, 0x0841, 0x0841, 0x0000, 0x0841, 0xb575, 0xb575, 0xb575,
    0xb575, 0xb575, 0xb575, 0xb575, 0xb575, 0xb575, 0xb575, 0xb575, 0xb575, 0xb575, 0xb575, 0xb575,
    0xb575, 0xb575, 0xb575, 0xb575, 0x5aab, 0xb575, 0xb575, 0xb575, 0xb575, 0xb575, 0xb575, 0xb575,
    0x0841, 0x0000, 0x0841, 0x0841, 0xb575, 0xb575, 0xb575, 0x5aab, 0xb575, 0xb575, 0xb575, 0xb575,
    0xb575, 0xb575, 0xb575, 0xb575, 0x0841, 0x0841, 0x0841, 0x5aab, 0xb575, 0xb575, 0xb575, 0xb575,
    0xb575, 0xb575, 0xb575, 0xb575, 0xb575, 0xb575, 0xb575, 0x83ef, 0x0841, 0x0841, 0x0841, 0xb575,
    0xb575, 0xb575, 0xb575, 0xb575, 0xb575, 0xb575, 0xb575, 0xb575, 0xb575, 0xb575, 0xb575, 0x0841,
    0x0841, 0x0841, 0x0841, 0xb575, 0xb575, 0xb575, 0xb575, 0xb575, 0xb575, 0xb575, 0xb575, 0xb575,
    0xb575, 0xb575, 0xb575, 0x0841, 0x0841, 0x0841, 0x5aab, 0xb575, 0xb575, 0xb575, 0xb575, 0xb575,
    0xb575, 0xb575, 0xb575, 0xb575, 0xb575, 0xb575, 0xb575, 0x0841, 0x0841, 0x0841, 0x0841, 0x0841,
    0x0841, 0x0841, 0x0000, 0x0000, 0x0000, 0x0000, 0x0000, 0x0000, 0x0000, 0x0000, 0x0841, 0x0841,
    0x0841, 0x0841, 0x0841, 0x0841, 0x2945, 0x0841, 0x0841, 0x0841, 0x0841, 0x0841, 0xb575, 0xb575,
    0xb575, 0xb575, 0xb575, 0xb575, 0xb575, 0xb575, 0xb575, 0xb575, 0xb575, 0xb575, 0x0841, 0x0000,
    0x0841, 0x83ef, 0xb575, 0xb575, 0xb575, 0xb575, 0xb575, 0xb575, 0xb575, 0xb575, 0xb575, 0xb575,
    0x83ef, 0x0841, 0x0841, 0x0841, 0x0841, 0x0841, 0x0841, 0x0841, 0x0841, 0x2945, 0x2945, 0x2945,
    0x2945, 0x2945, 0x2945, 0x2945, 0x83ef, 0xb575, 0xb575, 0xb575, 0xb575, 0xb575, 0xb575, 0xb575,
    0xb575, 0xb575, 0xb575, 0xb575, 0x0841, 0x0841, 0x0841, 0x0841, 0xb575, 0xb575, 0xb575, 0xb575,
    0xb575, 0xb575, 0x0841, 0xb575, 0xb575, 0xb575, 0xb575, 0xb575, 0x0841, 0x0841, 0x0841, 0x0841,
    0xb575, 0xb575, 0xb575, 0xb575, 0xb575, 0xb575, 0xb575, 0xb575, 0xb575, 0xb575, 0xb575, 0x83ef,
    0x0841, 0x0841, 0x0841, 0x0841, 0x0841, 0x0841, 0x0841, 0xb575, 0xb575, 0xb575, 0xb575, 0xb575,
    0xb575, 0xb575, 0xb575, 0x5aab, 0xb575, 0xb575, 0xb575, 0x0841, 0x0841, 0x0841, 0x0841, 0xb575,
    0xb575, 0xb575, 0xb575, 0xb575, 0xb575, 0x2945, 0x5aab, 0xb575, 0xb575, 0xb575, 0xb575, 0xb575,
    0xb575, 0xb575, 0xb575, 0xb575, 0xb575, 0xb575, 0xb575, 0x5aab, 0xb575, 0xb575, 0xb575, 0xb575,
    0xb575, 0xb575, 0xb575, 0x0841, 0x0841, 0x0000, 0x0841, 0xb575, 0xb575, 0xb575, 0xb575, 0xb575,
    0xb575, 0xb575, 0xb575, 0xb575, 0xb575, 0xb575, 0xb575, 0xb575, 0xb575, 0xb575, 0xb575, 0xb575,
    0xb575, 0xb575, 0x2945, 0xb575, 0xb575, 0xb575, 0xb575, 0xb575, 0xb575, 0xb575, 0x0841, 0x0000,
    0x0841, 0x0841, 0xb575, 0xb575, 0x5aab, 0xb575, 0xb575, 0xb575, 0xb575, 0xb575, 0xb575, 0xb575,
    0xb575, 0xb575, 0x0841, 0x0841, 0x0841, 0x0841, 0xb575, 0xb575, 0xb575, 0xb575, 0xb575, 0xb575,
    0xb575, 0xb575, 0xb575, 0xb575, 0xb575, 0xb575, 0x0841, 0x0841, 0x0841, 0xb575, 0xb575, 0xb575,
    0xb575, 0xb575, 0xb575, 0xb575, 0xb575, 0xb575, 0xb575, 0xb575, 0xb575, 0x5aab, 0x0841, 0x0841,
    0x0841, 0xb575, 0xb575, 0xb575, 0xb575, 0xb575, 0xb575, 0xb575, 0xb575, 0xb575, 0xb575, 0xb575,
    0xb575, 0x0841, 0x0841, 0x0841, 0x0841, 0xb575, 0xb575, 0xb575, 0xb575, 0xb575, 0xb575, 0xb575,
    0xb575, 0xb575, 0xb575, 0xb575, 0xb575, 0x0841, 0x0841, 0x0841, 0x0841, 0x0841, 0x0841, 0x0000,
    0x0000, 0x0000, 0x0000, 0x0000, 0x0000, 0x0000, 0x0000, 0x0000, 0x0000, 0x0841, 0x0841, 0x0841,
    0x0841, 0x0841, 0x0841, 0x0841, 0x0841, 0x0841, 0x0841, 0x0841, 0xb575, 0xb575, 0xb575, 0xb575,
    0xb575, 0xb575, 0xb575, 0xb575, 0xb575, 0xb575, 0xb575, 0xb575, 0x5aab, 0x0841, 0x0841, 0xb575,
    0xb575, 0xb575, 0xb575, 0xb575, 0xb575, 0xb575, 0xb575, 0xb575, 0xb575, 0xb575, 0x2945, 0x0841,
    0x0841, 0x0841, 0x0841, 0x0841, 0x0841, 0x0841, 0x0841, 0x0841, 0x0841, 0x0841, 0x0841, 0x0841,
    0x2945, 0x2945, 0xb575, 0xb575, 0xb575, 0xb575, 0xb575, 0xb575, 0xb575, 0xb575, 0xb575, 0xb575,
    0xb575, 0x83ef, 0x0841, 0x0841, 0x0841, 0x2945, 0xb575, 0xb575, 0xb575, 0xb575, 0xb575, 0xb575,
    0x0841, 0xb575, 0xb575, 0xb575, 0xb575, 0xb575, 0x0841, 0x0841, 0x0841, 0x5aab, 0xb575, 0xb575,
    0xb575, 0xb575, 0xb575, 0xb575, 0xb575, 0xb575, 0xb575, 0xb575, 0xb575, 0x5aab, 0x0841, 0x0841,
    0x0841, 0x0841, 0x0841, 0x0841, 0x0841, 0xb575, 0xb575, 0xb575, 0xb575, 0xb575, 0xb575, 0xb575,
    0xad34, 0x0841, 0xb575, 0xb575, 0xb575, 0x0841, 0x0841, 0x0841, 0x0841, 0xb575, 0xb575, 0xb575,
    0xb575, 0xb575, 0xb575, 0x0841, 0x0841, 0xb575, 0xb575, 0xb575, 0xb575, 0xb575, 0xb575, 0xb575,
    0xb575, 0xb575, 0xb575, 0xb575, 0xb575, 0x0841, 0xb575, 0xb575, 0xb575, 0xb575, 0xb575, 0xb575,
    0xb575, 0x0841, 0x0841, 0x0000, 0x0841, 0xb575, 0xb575, 0xb575, 0xb575, 0xb575, 0x83ef, 0x2945,
    0x2945, 0x0841, 0x5aab, 0xb575, 0xb575, 0xb575, 0xb575, 0xb575, 0xb575, 0xb575, 0xb575, 0xb575,
    0x0841, 0xb575, 0xb575, 0xb575, 0xb575, 0xb575, 0xb575, 0xb575, 0x0841, 0x0000, 0x0841, 0x0841,
    0xb575, 0x2945, 0x83ef, 0xb575, 0xb575, 0xb575, 0xb575, 0xb575, 0xb575, 0xb575, 0xb575, 0xb575,
    0x0841, 0x0841, 0x0841, 0x0841, 0xb575, 0xb575, 0xb575, 0xb575, 0xb575, 0x83ef, 0xb575, 0xb575,
    0xb575, 0xb575, 0xb575, 0xb575, 0x0841, 0x0841, 0x0841, 0x5aab, 0xb575, 0xb575, 0xb575, 0xb575,
    0xb575, 0xb575, 0xb575, 0xb575, 0xb575, 0xb575, 0xb575, 0x5aab, 0x0841, 0x0841, 0x0841, 0xb575,
    0xb575, 0xb575, 0xb575, 0xb575, 0xb575, 0xb575, 0xb575, 0xb575, 0xb575, 0xb575, 0xb575, 0x0841,
    0x0841, 0x0841, 0x0841, 0xb575, 0xb575, 0xb575, 0xb575, 0xb575, 0xb575, 0xb575, 0xb575, 0xb575,
    0xb575, 0xb575, 0xb575, 0x0841, 0x0000, 0x0000, 0x0000, 0x0000, 0x0000, 0x0000, 0x0000, 0x0000,
    0x0000, 0x0000, 0x0000, 0x0000, 0x0000, 0x0000, 0x0000, 0x0841, 0x0841, 0x0841, 0x0841, 0x0841,
    0x0841, 0x0841, 0x0841, 0x0841, 0x0841, 0x0841, 0x5aab, 0xb575, 0xb575, 0xb575, 0xb575, 0xb575,
    0xb575, 0xb575, 0xb575, 0xb575, 0xb575, 0xb575, 0xb575, 0x0841, 0x0841, 0xbdb6, 0xe6fa, 0xe6fa,
    0xe6fa, 0xe6fa, 0xe6fa, 0xe6fa, 0xe6fa, 0xe6fa, 0xbdb6, 0x5aab, 0x0841, 0x0841, 0x0841, 0x0841,
    0x0841, 0x0841, 0x0841, 0x0841, 0x0841, 0x0841, 0x2945, 0x2945, 0x2945, 0x2945, 0x2945, 0x2945,
    0xb575, 0xe6fa, 0xe6fa, 0xe6fa, 0xe6fa, 0xe6fa, 0xe6fa, 0xe6fa, 0xe6fa, 0xe6fa, 0xbdb6, 0x5aab,
    0x0841, 0x0841, 0x0841, 0x5aab, 0xe6fa, 0xe6fa, 0xe6fa, 0xe6fa, 0xe6fa, 0xe6fa, 0x0841, 0x0841,
    0xe6fa, 0xe6fa, 0xe6fa, 0x5aab, 0x0841, 0x0841, 0x0841, 0xe6fa, 0xe6fa, 0xe6fa, 0xe6fa, 0xe6fa,
    0xe6fa, 0x0841, 0x0841, 0xe6fa, 0xe6fa, 0xe6fa, 0xbdb6, 0x5aab, 0x0841, 0x0841, 0x0841, 0x0841,
    0x0841, 0x0841, 0x0841, 0xe6fa, 0xe6fa, 0xe6fa, 0xe6fa, 0xe6fa, 0xe6fa, 0xe6fa, 0xbdb6, 0x0841,
    0xe6fa, 0xe6fa, 0xbdb6, 0x0841, 0x0841, 0x0841, 0x0841, 0xe6fa, 0xe6fa, 0xe6fa, 0xe6fa, 0xe6fa,
    0xbdb6, 0x0841, 0x0841, 0x5aab, 0xbdb6, 0xe6fa, 0xe6fa, 0xe6fa, 0xe6fa, 0xe6fa, 0xe6fa, 0xe6fa,
    0xe6fa, 0xe6fa, 0xbdb6, 0x0841, 0xbdb6, 0xe6fa, 0xe6fa, 0xe6fa, 0xe6fa, 0xe6fa, 0xbdb6, 0x0841,
    0x0841, 0x0000, 0x0841, 0xbdb6, 0xe6fa, 0xe6fa, 0xe6fa, 0x83ef, 0x2945, 0x5aab, 0x2945, 0x0841,
    0x0841, 0x5aab, 0xbdb6, 0xe6fa, 0xe6fa, 0xe6fa, 0xe6fa, 0xe6fa, 0xe6fa, 0xe6fa, 0x0841, 0x5aab,
    0xe6fa, 0xe6fa, 0xe6fa, 0xe6fa, 0xe6fa, 0xbdb6, 0x0841, 0x0000, 0x0841, 0x0841, 0x5aab, 0x2945,
    0x83ef, 0xe6fa, 0xe6fa, 0xe6fa, 0xe6fa, 0xe6fa, 0xe6fa, 0xe6fa, 0xe6fa, 0x83ef, 0x0841, 0x0841,
    0x0841, 0x0841, 0x83ef, 0xe6fa, 0xe6fa, 0xe6fa, 0xe6fa, 0x0841, 0xe6fa, 0xe6fa, 0xe6fa, 0xe6fa,
    0xe6fa, 0x83ef, 0x0841, 0x0841, 0x0841, 0x5aab, 0xe6fa, 0xe6fa, 0xe6fa, 0xe6fa, 0xe6fa, 0xe6fa,
    0x0841, 0xe6fa, 0xe6fa, 0xe6fa, 0xe6fa, 0x83ef, 0x0841, 0x0841, 0x0841, 0x5aab, 0xe6fa, 0xe6fa,
    0xe6fa, 0xe6fa, 0xe6fa, 0xe6fa, 0xe6fa, 0xe6fa, 0xe6fa, 0xe6fa, 0xbdb6, 0x0841, 0x0841, 0x0841,
    0x0841, 0x83ef, 0xe6fa, 0xe6fa, 0xe6fa, 0xe6fa, 0xe6fa, 0xe6fa, 0xe6fa, 0xe6fa, 0xe6fa, 0xe6fa,
    0xbdb6, 0x0841, 0x0000, 0x0000, 0x0000, 0x0000, 0x0000, 0x0000, 0x0000, 0x0000, 0x0000, 0x0000,
    0x0000, 0x0000, 0x0000, 0x0000, 0x0000, 0x0841, 0x0841, 0x0841, 0x0841, 0x0841, 0x0841, 0x0841,
    0x0841, 0x0841, 0x0841, 0x0841, 0x2945, 0x83ef, 0xbdb6, 0xe6fa, 0xe6fa, 0xe6fa, 0xe6fa, 0xe6fa,
    0xe6fa, 0xe6fa, 0xe6fa, 0xe6fa, 0xbdb6, 0x0841, 0x0841, 0x2945, 0x2945, 0x5aab, 0x5aab, 0x5aab,
    0x5aab, 0x5aab, 0x5aab, 0x2945, 0x2945, 0x2945, 0x0841, 0x0841, 0x0841, 0x0841, 0x0841, 0x0841,
    0x0841, 0x0841, 0x0841, 0x0841, 0x0841, 0x2945, 0x2945, 0x2945, 0x2945, 0x2945, 0x0841, 0x2945,
    0x2945, 0x5aab, 0x5aab, 0x5aab, 0x5aab, 0x5aab, 0x5aab, 0x2945, 0x2945, 0x2945, 0x0841, 0x0841,
    0x0841, 0x2945, 0x2945, 0x5aab, 0x5aab, 0x5aab, 0x5aab, 0x5aab, 0x0841, 0x0841, 0x5aab, 0x5aab,
    0x2945, 0x2945, 0x2945, 0x0841, 0x0841, 0x2945, 0x2945, 0x5aab, 0x5aab, 0x5aab, 0x5aab, 0x5aab,
    0x0841, 0x5aab, 0x5aab, 0x5aab, 0x2945, 0x2945, 0x0841, 0x0841, 0x0841, 0x0841, 0x0841, 0x0841,
    0x0841, 0x2945, 0x2945, 0x5aab, 0x5aab, 0x5aab, 0x5aab, 0x5aab, 0x5aab, 0x0841, 0x5aab, 0x2945,
    0x2945, 0x0841, 0x0841, 0x0841, 0x0841, 0x2945, 0x2945, 0x5aab, 0x5aab, 0x5aab, 0x5aab, 0x5aab,
    0x0841, 0x2945, 0x2945, 0x5aab, 0x5aab, 0x5aab, 0x5aab, 0x5aab, 0x5aab, 0x5aab, 0x5aab, 0x5aab,
    0x5aab, 0x0841, 0x5aab, 0x5aab, 0x5aab, 0x5aab, 0x5aab, 0x2945, 0x2945, 0x0841, 0x0841, 0x0000,
    0x0841, 0x5aab, 0x5aab, 0x5aab, 0x2945, 0x2945, 0x2945, 0x5aab, 0x5aab, 0x0841, 0x0841, 0x2945,
    0x2945, 0x2945, 0x5aab, 0x5aab, 0x5aab, 0x5aab, 0x5aab, 0x5aab, 0x0841, 0x0841, 0x5aab, 0x5aab,
    0x5aab, 0x5aab, 0x2945, 0x2945, 0x0841, 0x0000, 0x0841, 0x0841, 0x2945, 0x2945, 0x2945, 0x2945,
    0x5aab, 0x5aab, 0x5aab, 0x5aab, 0x5aab, 0x5aab, 0x2945, 0x2945, 0x0841, 0x0841, 0x0841, 0x2945,
    0x2945, 0x2945, 0x5aab, 0x5aab, 0x5aab, 0x0841, 0x5aab, 0x5aab, 0x5aab, 0x5aab, 0x2945, 0x2945,
    0x0841, 0x0841, 0x0841, 0x2945, 0x2945, 0x5aab, 0x5aab, 0x5aab, 0x5aab, 0x5aab, 0x0841, 0x5aab,
    0x5aab, 0x5aab, 0x2945, 0x2945, 0x0841, 0x0841, 0x0841, 0x2945, 0x2945, 0x2945, 0x5aab, 0x5aab,
    0x5aab, 0x5aab, 0x5aab, 0x5aab, 0x5aab, 0x2945, 0x2945, 0x0841, 0x0841, 0x0841, 0x0841, 0x2945,
    0x2945, 0x5aab, 0x5aab, 0x5aab, 0x5aab, 0x5aab, 0x5aab, 0x5aab, 0x5aab, 0x2945, 0x2945, 0x0841,
    0x0000, 0x0000, 0x0000, 0x0000, 0x0000, 0x0000, 0x0000, 0x0000, 0x0000, 0x0000, 0x0000, 0x0000,
    0x0000, 0x0000, 0x0000, 0x0841, 0x0841, 0x0841, 0x0841, 0x0841, 0x0841, 0x0841, 0x0841, 0x0841,
    0x0841, 0x0841, 0x2945, 0x2945, 0x2945, 0x5aab, 0x5aab, 0x5aab, 0x5aab, 0x5aab, 0x5aab, 0x5aab,
    0x5aab, 0x2945, 0x2945, 0x0841, 0x0000, 0x0841, 0x2945, 0x2945, 0x2945, 0x2945, 0x2945, 0x2945,
    0x2945, 0x2945, 0x2945, 0x2945, 0x2945, 0x0841, 0x0841, 0x0841, 0x0841, 0x0841, 0x0841, 0x0841,
    0x0841, 0x0841, 0x0841, 0x0841, 0x0841, 0x2945, 0x2945, 0x2945, 0x0841, 0x2945, 0x2945, 0x2945,
    0x2945, 0x2945, 0x2945, 0x2945, 0x2945, 0x2945, 0x2945, 0x2945, 0x0841, 0x0841, 0x0841, 0x0841,
    0x2945, 0x2945, 0x2945, 0x2945, 0x2945, 0x2945, 0x5aab, 0x0841, 0x2945, 0x2945, 0x2945, 0x2945,
    0x2945, 0x0841, 0x0841, 0x0841, 0x2945, 0x2945, 0x2945, 0x2945, 0x2945, 0x5aab, 0x0841, 0x2945,
    0x2945, 0x2945, 0x2945, 0x2945, 0x2945, 0x0841, 0x0841, 0x0841, 0x0841, 0x0841, 0x0000, 0x0841,
    0x2945, 0x2945, 0x2945, 0x2945, 0x2945, 0x2945, 0x2945, 0x0841, 0x0841, 0x2945, 0x2945, 0x0841,
    0x0841, 0x0841, 0x0841, 0x0841, 0x2945, 0x2945, 0x2945, 0x2945, 0x2945, 0x5aab, 0x2945, 0x0841,
    0x2945, 0x2945, 0x2945, 0x2945, 0x2945, 0x2945, 0x2945, 0x2945, 0x2945, 0x2945, 0x2945, 0x2945,
    0x2945, 0x2945, 0x2945, 0x2945, 0x2945, 0x2945, 0x2945, 0x0841, 0x0841, 0x0000, 0x0841, 0x2945,
    0x2945, 0x2945, 0x2945, 0x2945, 0x2945, 0x5aab, 0x2945, 0x0841, 0x2945, 0x2945, 0x2945, 0x2945,
    0x2945, 0x2945, 0x2945, 0x2945, 0x2945, 0x2945, 0x0841, 0x2945, 0x2945, 0x2945, 0x2945, 0x2945,
    0x2945, 0x2945, 0x0841, 0x0000, 0x0841, 0x2945, 0x2945, 0x2945, 0x2945, 0x2945, 0x2945, 0x2945,
    0x2945, 0x2945, 0x2945, 0x2945, 0x2945, 0x2945, 0x0841, 0x0841, 0x0841, 0x2945, 0x2945, 0x2945,
    0x2945, 0x2945, 0x2945, 0x0841, 0x5aab, 0x2945, 0x2945, 0x2945, 0x2945, 0x0841, 0x0841, 0x0841,
    0x2945, 0x2945, 0x2945, 0x2945, 0x2945, 0x2945, 0x2945, 0x2945, 0x2945, 0x5aab, 0x2945, 0x2945,
    0x2945, 0x0841, 0x0841, 0x0841, 0x2945, 0x2945, 0x2945, 0x2945, 0x2945, 0x2945, 0x2945, 0x2945,
    0x2945, 0x2945, 0x2945, 0x2945, 0x0841, 0x0841, 0x0841, 0x0841, 0x0841, 0x2945, 0x2945, 0x2945,
    0x2945, 0x2945, 0x2945, 0x2945, 0x2945, 0x2945, 0x2945, 0x2945, 0x0841, 0x0000, 0x0000, 0x0000,
    0x0000, 0x0000, 0x0000, 0x0000, 0x0000, 0x0000, 0x0000, 0x0000, 0x0000, 0x0000, 0x0000, 0x0000,
    0x0000, 0x0000, 0x0841, 0x0841, 0x0841, 0x2945, 0x0841, 0x0841, 0x0841, 0x0841, 0x0841, 0x2945,
    0x2945, 0x2945, 0x2945, 0x2945, 0x2945, 0x2945, 0x2945, 0x2945, 0x2945, 0x2945, 0x2945, 0x2945,
    0x0841, 0x0000, 0x0000, 0x0000, 0x0841, 0x2945, 0x2945, 0x2945, 0x2945, 0x2945, 0x2945, 0x2945,
    0x2945, 0x2945, 0x2945, 0x2945, 0x0841, 0x0841, 0x0841, 0x2945, 0x0841, 0x0841, 0x0841, 0x0841,
    0x0841, 0x0841, 0x0000, 0x0841, 0x2945, 0x2945, 0x2945, 0x0841, 0x2945, 0x2945, 0x2945, 0x2945,
    0x2945, 0x2945, 0x2945, 0x2945, 0x2945, 0x2945, 0x2945, 0x0841, 0x0841, 0x0841, 0x0841, 0x2945,
    0x2945, 0x2945, 0x2945, 0x2945, 0x2945, 0x5aab, 0x2945, 0x2945, 0x2945, 0x2945, 0x2945, 0x2945,
    0x0841, 0x0841, 0x0841, 0x2945, 0x2945, 0x2945, 0x2945, 0x2945, 0x2945, 0x0841, 0x2945, 0x2945,
    0x2945, 0x2945, 0x2945, 0x0841, 0x0841, 0x0841, 0x0841, 0x0841, 0x0000, 0x0841, 0x2945, 0x2945,
    0x2945, 0x2945, 0x2945, 0x2945, 0x2945, 0x2945, 0x0841, 0x2945, 0x2945, 0x2945, 0x0841, 0x0841,
    0x0841, 0x0841, 0x2945, 0x2945, 0x2945, 0x2945, 0x2945, 0x2945, 0x5aab, 0x0841, 0x2945, 0x2945,
    0x2945, 0x2945, 0x2945, 0x2945, 0x2945, 0x2945, 0x2945, 0x2945, 0x2945, 0x2945, 0x2945, 0x2945,
    0x2945, 0x2945, 0x2945, 0x2945, 0x2945, 0x0841, 0x0841, 0x0000, 0x0841, 0x2945, 0x2945, 0x2945,
    0x2945, 0x2945, 0x5aab, 0x2945, 0x0841, 0x2945, 0x2945, 0x2945, 0x2945, 0x2945, 0x2945, 0x2945,
    0x2945, 0x2945, 0x2945, 0x0841, 0x2945, 0x5aab, 0x2945, 0x2945, 0x2945, 0x2945, 0x2945, 0x0841,
    0x0000, 0x0000, 0x0841, 0x2945, 0x2945, 0x2945, 0x2945, 0x2945, 0x2945, 0x2945, 0x2945, 0x2945,
    0x2945, 0x2945, 0x2945, 0x0841, 0x0000, 0x0841, 0x0841, 0x2945, 0x2945, 0x2945, 0x2945, 0x2945,
    0x2945, 0x2945, 0x5aab, 0x2945, 0x2945, 0x2945, 0x2945, 0x0841, 0x0841, 0x0841, 0x2945, 0x2945,
    0x2945, 0x2945, 0x2945, 0x2945, 0x2945, 0x2945, 0x2945, 0x2945, 0x2945, 0x2945, 0x2945, 0x0841,
    0x0841, 0x0841, 0x2945, 0x2945, 0x2945, 0x2945, 0x2945, 0x2945, 0x2945, 0x2945, 0x2945, 0x2945,
    0x2945, 0x2945, 0x0841, 0x2945, 0x0841, 0x0841, 0x2945, 0x2945, 0x2945, 0x2945, 0x2945, 0x2945,
    0x2945, 0x2945, 0x2945, 0x2945, 0x2945, 0x2945, 0x0841, 0x0000, 0x0000, 0x0000, 0x0000, 0x0000,
    0x0000, 0x0000, 0x0000, 0x0000, 0x0000, 0x0000, 0x0000, 0x0000, 0x0000, 0x0000, 0x0000, 0x0000,
    0x0841, 0x0841, 0x0841, 0x0841, 0x2945, 0x0841, 0x0841, 0x0841, 0x2945, 0x2945, 0x2945, 0x2945,
    0x2945, 0x2945, 0x2945, 0x2945, 0x2945, 0x2945, 0x2945, 0x2945, 0x2945, 0x0841, 0x0000, 0x0000,
    0x0000, 0x0000, 0x0000, 0x0841, 0x2945, 0x2945, 0x2945, 0x2945, 0x2945, 0x2945, 0x2945, 0x2945,
    0x2945, 0x2945, 0x2945, 0x0841, 0x0841, 0x2945, 0x0841, 0x0841, 0x0841, 0x0841, 0x0841, 0x0841,
    0x0000, 0x0000, 0x0841, 0x0841, 0x0841, 0x0841, 0x0841, 0x2945, 0x2945, 0x2945, 0x2945, 0x2945,
    0x2945, 0x2945, 0x2945, 0x2945, 0x2945, 0x2945, 0x0841, 0x0841, 0x0841, 0x0841, 0x2945, 0x2945,
    0x2945, 0x2945, 0x2945, 0x2945, 0x2945, 0x2945, 0x2945, 0x2945, 0x2945, 0x2945, 0x0841, 0x0841,
    0x0841, 0x2945, 0x2945, 0x2945, 0x2945, 0x2945, 0x2945, 0x2945, 0x2945, 0x2945, 0x2945, 0x2945,
    0x2945, 0x0841, 0x0841, 0x0841, 0x0841, 0x0841, 0x0000, 0x0000, 0x0841, 0x2945, 0x2945, 0x2945,
    0x2945, 0x2945, 0x2945, 0x2945, 0x0841, 0x2945, 0x2945, 0x2945, 0x0841, 0x0841, 0x0841, 0x0841,
    0x2945, 0x2945, 0x2945, 0x2945, 0x2945, 0x2945, 0x5aab, 0x0841, 0x2945, 0x2945, 0x2945, 0x2945,
    0x2945, 0x2945, 0x2945, 0x2945, 0x2945, 0x2945, 0x2945, 0x2945, 0x2945, 0x2945, 0x2945, 0x2945,
    0x2945, 0x2945, 0x2945, 0x0841, 0x0841, 0x0000, 0x0841, 0x2945, 0x2945, 0x2945, 0x2945, 0x2945,
    0x2945, 0x0841, 0x2945, 0x2945, 0x2945, 0x2945, 0x2945, 0x2945, 0x2945, 0x2945, 0x2945, 0x2945,
    0x2945, 0x0841, 0x5aab, 0x5aab, 0x2945, 0x2945, 0x2945, 0x2945, 0x2945, 0x0841, 0x0000, 0x0000,
    0x0841, 0x2945, 0x2945, 0x2945, 0x2945, 0x2945, 0x2945, 0x2945, 0x2945, 0x2945, 0x2945, 0x2945,
    0x2945, 0x0841, 0x0000, 0x0841, 0x0841, 0x2945, 0x2945, 0x2945, 0x2945, 0x2945, 0x2945, 0x2945,
    0x2945, 0x2945, 0x2945, 0x2945, 0x0841, 0x0841, 0x0841, 0x0841, 0x2945, 0x2945, 0x2945, 0x2945,
    0x2945, 0x2945, 0x2945, 0x2945, 0x2945, 0x2945, 0x2945, 0x2945, 0x2945, 0x0841, 0x0841, 0x2945,
    0x2945, 0x2945, 0x2945, 0x2945, 0x2945, 0x2945, 0x2945, 0x2945, 0x2945, 0x2945, 0x2945, 0x0841,
    0x0841, 0x2945, 0x2945, 0x0841, 0x2945, 0x2945, 0x2945, 0x2945, 0x2945, 0x2945, 0x2945, 0x2945,
    0x2945, 0x2945, 0x2945, 0x0841, 0x0000, 0x0000, 0x0000, 0x0000, 0x0000, 0x0000, 0x0000, 0x0000,
    0x0000, 0x0000, 0x0000, 0x0000, 0x0000, 0x0000, 0x0000, 0x0000, 0x0000, 0x0000, 0x0841, 0x0841,
    0x0841, 0x0841, 0x2945, 0x0841, 0x0841, 0x0841, 0x2945, 0x2945, 0x2945, 0x2945, 0x2945, 0x2945,
    0x2945, 0x2945, 0x2945, 0x2945, 0x2945, 0x2945, 0x0841, 0x0000, 0x0000, 0x0000, 0x0000, 0x0000,
    0x0000, 0x0000, 0x0841, 0x2945, 0x2945, 0x2945, 0x2945, 0x2945, 0x2945, 0x2945, 0x2945, 0x2945,
    0x2945, 0x2945, 0x0841, 0x2945, 0x0841, 0x0841, 0x0841, 0x0841, 0x0841, 0x0841, 0x0000, 0x0000,
    0x0000, 0x0000, 0x0000, 0x0000, 0x0841, 0x2945, 0x2945, 0x2945, 0x2945, 0x2945, 0x2945, 0x2945,
    0x2945, 0x2945, 0x2945, 0x2945, 0x0841, 0x0841, 0x0841, 0x0841, 0x0841, 0x2945, 0x2945, 0x2945,
    0x2945, 0x2945, 0x2945, 0x2945, 0x2945, 0x2945, 0x2945, 0x2945, 0x2945, 0x0841, 0x0841, 0x0841,
    0x2945, 0x2945, 0x2945, 0x2945, 0x2945, 0x2945, 0x2945, 0x2945, 0x2945, 0x2945, 0x2945, 0x2945,
    0x0841, 0x0841, 0x0841, 0x0841, 0x0000, 0x0000, 0x0841, 0x2945, 0x2945, 0x2945, 0x2945, 0x2945,
    0x2945, 0x2945, 0x2945, 0x0841, 0x2945, 0x2945, 0x2945, 0x0841, 0x0841, 0x0841, 0x0841, 0x2945,
    0x2945, 0x2945, 0x2945, 0x2945, 0x2945, 0x0841, 0x2945, 0x2945, 0x2945, 0x2945, 0x2945, 0x2945,
    0x2945, 0x2945, 0x2945, 0x2945, 0x2945, 0x2945, 0x2945, 0x2945, 0x2945, 0x2945, 0x2945, 0x0841,
    0x0841, 0x0841, 0x0841, 0x0000, 0x0841, 0x2945, 0x2945, 0x2945, 0x2945, 0x2945, 0x2945, 0x0841,
    0x2945, 0x2945, 0x2945, 0x2945, 0x2945, 0x2945, 0x2945, 0x2945, 0x2945, 0x2945, 0x2945, 0x0841,
    0x528a, 0x2945, 0x2945, 0x2945, 0x2945, 0x2945, 0x2945, 0x0841, 0x0000, 0x0000, 0x0841, 0x2945,
    0x2945, 0x2945, 0x2945, 0x2945, 0x2945, 0x2945, 0x2945, 0x2945, 0x2945, 0x2945, 0x2945, 0x0841,
    0x0000, 0x0841, 0x0841, 0x2945, 0x2945, 0x2945, 0x2945, 0x2945, 0x2945, 0x2945, 0x2945, 0x2945,
    0x2945, 0x2945, 0x0841, 0x0841, 0x0841, 0x0841, 0x2945, 0x2945, 0x2945, 0x2945, 0x2945, 0x2945,
    0x2945, 0x2945, 0x0841, 0x0841, 0x0841, 0x0841, 0x0841, 0x0841, 0x0841, 0x2945, 0x2945, 0x2945,
    0x2945, 0x2945, 0x2945, 0x2945, 0x2945, 0x2945, 0x2945, 0x2945, 0x2945, 0x0841, 0x0841, 0x0841,
    0x2945, 0x0841, 0x0841, 0x0841, 0x2945, 0x2945, 0x2945, 0x2945, 0x2945, 0x2945, 0x2945, 0x2945,
    0x0841, 0x0000, 0x0000, 0x0000, 0x0000, 0x0000, 0x0000, 0x0000, 0x0000, 0x0000, 0x0000, 0x0000,
    0x0000, 0x0000, 0x0000, 0x0000, 0x0000, 0x0000, 0x0000, 0x0000, 0x0841, 0x0841, 0x0841, 0x0841,
    0x0841, 0x2945, 0x0841, 0x0841, 0x0841, 0x2945, 0x2945, 0x2945, 0x2945, 0x2945, 0x2945, 0x2945,
    0x2945, 0x2945, 0x2945, 0x0841, 0x0000, 0x0000, 0x0000, 0x0000, 0x0000, 0x0000, 0x0000, 0x0000,
    0x0000, 0x0841, 0x2945, 0x2945, 0x2945, 0x2945, 0x2945, 0x2945, 0x2945, 0x0841, 0x0841, 0x0841,
    0x0841, 0x0841, 0x0841, 0x0841, 0x0841, 0x0841, 0x0841, 0x0841, 0x0000, 0x0000, 0x0000, 0x0000,
    0x0000, 0x0000, 0x0000, 0x0841, 0x2945, 0x2945, 0x2945, 0x2945, 0x2945, 0x2945, 0x2945, 0x2945,
    0x2945, 0x2945, 0x2945, 0x0841, 0x0841, 0x2945, 0x0841, 0x0841, 0x2945, 0x2945, 0x2945, 0x2945,
    0x2945, 0x2945, 0x2945, 0x2945, 0x2945, 0x2945, 0x2945, 0x0841, 0x0841, 0x0841, 0x0841, 0x2945,
    0x2945, 0x2945, 0x2945, 0x2945, 0x2945, 0x2945, 0x2945, 0x2945, 0x2945, 0x2945, 0x0841, 0x0841,
    0x0841, 0x0841, 0x0000, 0x0000, 0x0000, 0x0841, 0x2945, 0x2945, 0x2945, 0x2945, 0x2945, 0x2945,
    0x2945, 0x2945, 0x2945, 0x2945, 0x2945, 0x0841, 0x0841, 0x0841, 0x0841, 0x2945, 0x2945, 0x2945,
    0x2945, 0x2945, 0x2945, 0x2945, 0x2945, 0x2945, 0x2945, 0x2945, 0x2945, 0x2945, 0x2945, 0x2945,
    0x2945, 0x2945, 0x2945, 0x2945, 0x2945, 0x2945, 0x0841, 0x0841, 0x0841, 0x0841, 0x0841, 0x0841,
    0x0841, 0x0000, 0x0841, 0x2945, 0x2945, 0x2945, 0x2945, 0x2945, 0x2945, 0x2945, 0x2945, 0x2945,
    0x2945, 0x2945, 0x2945, 0x2945, 0x2945, 0x2945, 0x2945, 0x2945, 0x2945, 0x0841, 0x2945, 0x2945,
    0x2945, 0x2945, 0x2945, 0x2945, 0x2945, 0x0841, 0x0000, 0x0000, 0x0841, 0x2945, 0x2945, 0x2945,
    0x2945, 0x2945, 0x2945, 0x2945, 0x2945, 0x2945, 0x2945, 0x2945, 0x0841, 0x0000, 0x0000, 0x0841,
    0x2945, 0x2945, 0x2945, 0x2945, 0x2945, 0x2945, 0x2945, 0x2945, 0x2945, 0x0841, 0x0841, 0x0841,
    0x0841, 0x0841, 0x0841, 0x2945, 0x2945, 0x2945, 0x2945, 0x2945, 0x2945, 0x2945, 0x5aab, 0x5aab,
    0x5aab, 0x5aab, 0x2945, 0x0841, 0x0841, 0x0841, 0x0841, 0x2945, 0x2945, 0x2945, 0x2945, 0x2945,
    0x2945, 0x2945, 0x2945, 0x2945, 0x2945, 0x2945, 0x0841, 0x0841, 0x0841, 0x0841, 0x0841, 0x0841,
    0x0841, 0x0841, 0x0841, 0x0841, 0x0841, 0x2945, 0x2945, 0x2945, 0x2945, 0x0841, 0x0000, 0x0000,
    0x0000, 0x0000, 0x0000, 0x0000, 0x0000, 0x0000, 0x0000, 0x0000, 0x0000, 0x0000, 0x0000, 0x0000,
    0x0000, 0x0000, 0x0000, 0x0000, 0x0000, 0x0000, 0x0000, 0x0841, 0x0841, 0x0841, 0x0841, 0x2945,
    0x0841, 0x0841, 0x0841, 0x0841, 0x0841, 0x0841, 0x2945, 0x2945, 0x2945, 0x2945, 0x2945, 0x2945,
    0x0841, 0x0000, 0x0000, 0x0000, 0x0000, 0x0000, 0x0000, 0x0000, 0x0000, 0x0000, 0x0000, 0x0000,
    0x0841, 0x2945, 0x2945, 0x2945, 0x2945, 0x2945, 0x5aab, 0x5aab, 0x5aab, 0x2945, 0x2945, 0x0841,
    0x0841, 0x0841, 0x0841, 0x0841, 0x0841, 0x0841, 0x0000, 0x0000, 0x0000, 0x0000, 0x0000, 0x0000,
    0x0000, 0x0000, 0x0841, 0x2945, 0x2945, 0x2945, 0x2945, 0x2945, 0x2945, 0x2945, 0x2945, 0x2945,
    0x2945, 0x2945, 0x0841, 0x2945, 0x0841, 0x0841, 0x2945, 0x2945, 0x2945, 0x2945, 0x2945, 0x2945,
    0x2945, 0x2945, 0x2945, 0x2945, 0x2945, 0x0841, 0x0841, 0x0841, 0x0841, 0x2945, 0x2945, 0x2945,
    0x2945, 0x2945, 0x2945, 0x2945, 0x2945, 0x2945, 0x2945, 0x2945, 0x2945, 0x0841, 0x0841, 0x0841,
    0x0000, 0x0000, 0x0000, 0x0841, 0x0841, 0x0841, 0x0841, 0x2945, 0x2945, 0x2945, 0x2945, 0x2945,
    0x2945, 0x2945, 0x2945, 0x0841, 0x0841, 0x0841, 0x0841, 0x2945, 0x2945, 0x2945, 0x2945, 0x2945,
    0x2945, 0x2945, 0x2945, 0x2945, 0x2945, 0x2945, 0x2945, 0x2945, 0x2945, 0x2945, 0x2945, 0x2945,
    0x2945, 0x2945, 0x2945, 0x2945, 0x2945, 0x2945, 0x2945, 0x2945, 0x2945, 0x0841, 0x0841, 0x0000,
    0x0841, 0x0841, 0x0841, 0x2945, 0x2945, 0x2945, 0x2945, 0x2945, 0x2945, 0x2945, 0x2945, 0x2945,
    0x2945, 0x2945, 0x2945, 0x2945, 0x2945, 0x2945, 0x2945, 0x0841, 0x2945, 0x2945, 0x2945, 0x2945,
    0x2945, 0x2945, 0x2945, 0x0841, 0x0000, 0x0000, 0x0841, 0x0841, 0x0841, 0x0841, 0x2945, 0x2945,
    0x2945, 0x2945, 0x2945, 0x2945, 0x2945, 0x2945, 0x0841, 0x0000, 0x0000, 0x0841, 0x2945, 0x2945,
    0x2945, 0x2945, 0x2945, 0x2945, 0x2945, 0x2945, 0x2945, 0x2945, 0x2945, 0x0841, 0x0000, 0x0841,
    0x0841, 0x2945, 0x2945, 0x2945, 0x2945, 0x2945, 0x2945, 0x2945, 0x2945, 0x2945, 0x2945, 0x2945,
    0x0841, 0x0000, 0x0841, 0x0841, 0x2945, 0x2945, 0x2945, 0x2945, 0x2945, 0x2945, 0x2945, 0x2945,
    0x2945, 0x2945, 0x2945, 0x2945, 0x0841, 0x0841, 0x0841, 0x0841, 0x2945, 0x2945, 0x2945, 0x5aab,
    0x5aab, 0x5aab, 0x5aab, 0x5aab, 0x5aab, 0x2945, 0x2945, 0x0841, 0x0000, 0x0000, 0x0000, 0x0000,
    0x0000, 0x0000, 0x0000, 0x0000, 0x0000, 0x0000, 0x0000, 0x0000, 0x0000, 0x0000, 0x0000, 0x0000,
    0x0000, 0x0000, 0x0000, 0x0000, 0x0000, 0x0841, 0x0841, 0x0841, 0x0841, 0x0841, 0x2945, 0x2945,
    0x2945, 0x2945, 0x2945, 0x2945, 0x2945, 0x2945, 0x2945, 0x2945, 0x2945, 0x0841, 0x0000, 0x0000,
    0x0000, 0x0000, 0x0000, 0x0000, 0x0000, 0x0000, 0x0000, 0x0000, 0x0000, 0x0000, 0x0000, 0x0841,
    0x2945, 0x2945, 0x2945, 0x2945, 0x2945, 0x2945, 0x2945, 0x2945, 0x2945, 0x2945, 0x0841, 0x0841,
    0x0841, 0x0841, 0x0841, 0x0000, 0x0000, 0x0000, 0x0000, 0x0000, 0x0000, 0x0000, 0x0000, 0x0000,
    0x0000, 0x0841, 0x2945, 0x2945, 0x2945, 0x2945, 0x2945, 0x2945, 0x2945, 0x2945, 0x0841, 0x0841,
    0x0841, 0x2945, 0x0841, 0x0841, 0x0841, 0x2945, 0x2945, 0x2945, 0x2945, 0x2945, 0x2945, 0x2945,
    0x2945, 0x2945, 0x2945, 0x2945, 0x0841, 0x0841, 0x0841, 0x0841, 0x2945, 0x2945, 0x2945, 0x2945,
    0x2945, 0x2945, 0x2945, 0x2945, 0x2945, 0x2945, 0x2945, 0x0841, 0x0841, 0x0000, 0x0000, 0x0000,
    0x0000, 0x0000, 0x0841, 0x2945, 0x5aab, 0x5aab, 0x5aab, 0x2945, 0x2945, 0x2945, 0x2945, 0x2945,
    0x2945, 0x2945, 0x0841, 0x0841, 0x0000, 0x0841, 0x2945, 0x2945, 0x2945, 0x2945, 0x2945, 0x2945,
    0x2945, 0x2945, 0x2945, 0x2945, 0x2945, 0x2945, 0x2945, 0x2945, 0x2945, 0x2945, 0x2945, 0x2945,
    0x2945, 0x2945, 0x2945, 0x2945, 0x2945, 0x2945, 0x2945, 0x0841, 0x0841, 0x0000, 0x0000, 0x0841,
    0x0841, 0x0841, 0x0841, 0x0841, 0x2945, 0x2945, 0x2945, 0x2945, 0x2945, 0x2945, 0x2945, 0x2945,
    0x2945, 0x2945, 0x2945, 0x2945, 0x0841, 0x2945, 0x2945, 0x2945, 0x2945, 0x2945, 0x2945, 0x2945,
    0x2945, 0x0841, 0x0000, 0x0000, 0x0841, 0x2945, 0x2945, 0x0841, 0x0841, 0x0841, 0x0841, 0x0841,
    0x0841, 0x0841, 0x0841, 0x0841, 0x0841, 0x0000, 0x0000, 0x0841, 0x2945, 0x2945, 0x2945, 0x2945,
    0x2945, 0x2945, 0x2945, 0x2945, 0x2945, 0x2945, 0x2945, 0x0841, 0x0000, 0x0841, 0x0841, 0x2945,
    0x2945, 0x2945, 0x2945, 0x2945, 0x2945, 0x2945, 0x2945, 0x2945, 0x2945, 0x2945, 0x0841, 0x0000,
    0x0841, 0x0841, 0x2945, 0x2945, 0x2945, 0x2945, 0x2945, 0x2945, 0x2945, 0x2945, 0x2945, 0x2945,
    0x2945, 0x0841, 0x0000, 0x0841, 0x0841, 0x0841, 0x2945, 0x2945, 0x2945, 0x2945, 0x2945, 0x2945,
    0x2945, 0x2945, 0x2945, 0x2945, 0x0841, 0x0000, 0x0000, 0x0000, 0x0000, 0x0000, 0x0000, 0x0000,
    0x0000, 0x0000, 0x0000, 0x0000, 0x0000, 0x0000, 0x0000, 0x0000, 0x0000, 0x0000, 0x0000, 0x0000,
    0x0000, 0x0000, 0x0000, 0x0841, 0x0841, 0x0841, 0x0841, 0x2945, 0x2945, 0x2945, 0x2945, 0x2945,
    0x2945, 0x2945, 0x2945, 0x2945, 0x2945, 0x2945, 0x0841, 0x0000, 0x0000, 0x0000, 0x0000, 0x0000,
    0x0000, 0x0000, 0x0000, 0x0000, 0x0000, 0x0000, 0x0000, 0x0000, 0x0000, 0x0000, 0x0841, 0x2945,
    0x2945, 0x2945, 0x2945, 0x2945, 0x2945, 0x2945, 0x2945, 0x2945, 0x2945, 0x0841, 0x0841, 0x0841,
    0x0841, 0x0000, 0x0000, 0x0000, 0x0000, 0x0000, 0x0000, 0x0000, 0x0000, 0x0000, 0x0000, 0x0000,
    0x0841, 0x2945, 0x2945, 0x2945, 0x2945, 0x2945, 0x0841, 0x0841, 0x0841, 0x0841, 0x0841, 0x0841,
    0x0841, 0x0841, 0x0000, 0x0841, 0x2945, 0x2945, 0x2945, 0x2945, 0x2945, 0x2945, 0x2945, 0x2945,
    0x2945, 0x2945, 0x0841, 0x0841, 0x0841, 0x0841, 0x0841, 0x2945, 0x2945, 0x2945, 0x2945, 0x2945,
    0x2945, 0x2945, 0x2945, 0x2945, 0x2945, 0x0841, 0x0841, 0x0000, 0x0000, 0x0000, 0x0000, 0x0000,
    0x0841, 0x2945, 0x2945, 0x2945, 0x2945, 0x2945, 0x2945, 0x2945, 0x2945, 0x2945, 0x2945, 0x2945,
    0x0841, 0x0000, 0x0000, 0x0841, 0x2945, 0x2945, 0x2945, 0x2945, 0x2945, 0x2945, 0x2945, 0x2945,
    0x2945, 0x2945, 0x2945, 0x2945, 0x2945, 0x2945, 0x2945, 0x2945, 0x2945, 0x2945, 0x2945, 0x2945,
    0x2945, 0x2945, 0x2945, 0x2945, 0x2945, 0x0841, 0x0841, 0x0000, 0x0000, 0x0841, 0x2945, 0x2945,
    0x2945, 0x2945, 0x2945, 0x2945, 0x2945, 0x2945, 0x2945, 0x2945, 0x2945, 0x2945, 0x2945, 0x2945,
    0x2945, 0x2945, 0x0841, 0x2945, 0x2945, 0x2945, 0x2945, 0x2945, 0x2945, 0x2945, 0x2945, 0x0841,
    0x0000, 0x0000, 0x0841, 0x2945, 0x2945, 0x2945, 0x528a, 0x528a, 0x528a, 0x2945, 0x2945, 0x2945,
    0x2945, 0x2945, 0x0841, 0x0000, 0x0000, 0x0841, 0x2945, 0x2945, 0x2945, 0x2945, 0x2945, 0x2945,
    0x2945, 0x2945, 0x2945, 0x2945, 0x0841, 0x0841, 0x0000, 0x0000, 0x0841, 0x2945, 0x2945, 0x2945,
    0x2945, 0x2945, 0x2945, 0x2945, 0x2945, 0x2945, 0x2945, 0x2945, 0x0841, 0x0000, 0x0841, 0x2945,
    0x2945, 0x2945, 0x2945, 0x2945, 0x2945, 0x2945, 0x2945, 0x2945, 0x2945, 0x2945, 0x0841, 0x0000,
    0x0000, 0x0841, 0x0841, 0x2945, 0x2945, 0x2945, 0x2945, 0x2945, 0x2945, 0x2945, 0x2945, 0x2945,
    0x2945, 0x0841, 0x0000, 0x0000, 0x0000, 0x0000, 0x0000, 0x0000, 0x0000, 0x0000, 0x0000, 0x0000,
    0x0000, 0x0000, 0x0000, 0x0000, 0x0000, 0x0000, 0x0000, 0x0000, 0x0000, 0x0000, 0x0000, 0x0000,
    0x0000, 0x0841, 0x0841, 0x0841, 0x0841, 0x2945, 0x2945, 0x2945, 0x2945, 0x2945, 0x2945, 0x2945,
    0x2945, 0x2945, 0x2945, 0x0841, 0x0000, 0x0000, 0x0000, 0x0000, 0x0000, 0x0000, 0x0000, 0x0000,
    0x0000, 0x0000, 0x0000, 0x0000, 0x0000, 0x0000, 0x0000, 0x0000, 0x0000, 0x0841, 0x2945, 0x2945,
    0x2945, 0x2945, 0x2945, 0x2945, 0x2945, 0x2945, 0x2945, 0x2945, 0x0841, 0x0841, 0x0841, 0x0000,
    0x0000, 0x0000, 0x0000, 0x0000, 0x0000, 0x0000, 0x0000, 0x0000, 0x0000, 0x0000, 0x0000, 0x0841,
    0x2945, 0x2945, 0x2945, 0x2945, 0x2945, 0x2945, 0x2945, 0x2945, 0x2945, 0x2945, 0x0841, 0x0841,
    0x0000, 0x0000, 0x0841, 0x2945, 0x2945, 0x2945, 0x2945, 0x2945, 0x2945, 0x2945, 0x2945, 0x2945,
    0x2945, 0x0841, 0x0841, 0x0000, 0x0841, 0x2945, 0x2945, 0x2945, 0x2945, 0x2945, 0x2945, 0x2945,
    0x2945, 0x2945, 0x2945, 0x2945, 0x0841, 0x0000, 0x0000, 0x0000, 0x0000, 0x0000, 0x0000, 0x0841,
    0x2945, 0x2945, 0x2945, 0x2945, 0x2945, 0x2945, 0x2945, 0x2945, 0x2945, 0x2945, 0x0841, 0x0000,
    0x0000, 0x0841, 0x2945, 0x2945, 0x2945, 0x2945, 0x2945, 0x2945, 0x2945, 0x2945, 0x2945, 0x2945,
    0x2945, 0x2945, 0x2945, 0x2945, 0x2945, 0x2945, 0x2945, 0x2945, 0x2945, 0x2945, 0x2945, 0x2945,
    0x2945, 0x2945, 0x2945, 0x0841, 0x0000, 0x0000, 0x0000, 0x0841, 0x2945, 0x2945, 0x2945, 0x2945,
    0x2945, 0x2945, 0x2945, 0x2945, 0x4208, 0x2945, 0x2945, 0x2945, 0x2945, 0x2945, 0x2945, 0x2945,
    0x0841, 0x2945, 0x2945, 0x2945, 0x2945, 0x2945, 0x2945, 0x2945, 0x2945, 0x0841, 0x0000, 0x0000,
    0x0841, 0x2945, 0x2945, 0x2945, 0x2945, 0x2945, 0x2945, 0x2945, 0x2945, 0x2945, 0x2945, 0x0841,
    0x0000, 0x0000, 0x0000, 0x0841, 0x2945, 0x2945, 0x2945, 0x2945, 0x2945, 0x2945, 0x2945, 0x2945,
    0x2945, 0x2945, 0x0841, 0x0000, 0x0000, 0x0000, 0x0841, 0x2945, 0x2945, 0x2945, 0x2945, 0x2945,
    0x2945, 0x2945, 0x2945, 0x2945, 0x2945, 0x0841, 0x0000, 0x0000, 0x0841, 0x2945, 0x2945, 0x2945,
    0x2945, 0x2945, 0x2945, 0x2945, 0x2945, 0x2945, 0x2945, 0x2945, 0x0841, 0x0000, 0x0000, 0x0841,
    0x0841, 0x2945, 0x2945, 0x2945, 0x2945, 0x2945, 0x2945, 0x2945, 0x2945, 0x2945, 0x0841, 0x0841,
    0x0000, 0x0000, 0x0000, 0x0000, 0x0000, 0x0000, 0x0000, 0x0000, 0x0000, 0x0000, 0x0000, 0x0000,
    0x0000, 0x0000, 0x0000, 0x0000, 0x0000, 0x0000, 0x0000, 0x0000, 0x0000, 0x0000, 0x0000, 0x0000,
    0x0841, 0x0841, 0x2945, 0x2945, 0x2945, 0x2945, 0x2945, 0x2945, 0x2945, 0x2945, 0x2945, 0x0841,
    0x0841, 0x0000, 0x0000, 0x0000, 0x0000, 0x0000, 0x0000, 0x0000, 0x0000, 0x0000, 0x0000, 0x0000,
    0x0000, 0x0000, 0x0000, 0x0000, 0x0000, 0x0000, 0x0000, 0x0000, 0x0841, 0x0841, 0x0841, 0x0841,
    0x0841, 0x0841, 0x0841, 0x0841, 0x0841, 0x0841, 0x0841, 0x0841, 0x0000, 0x0000, 0x0000, 0x0000,
    0x0000, 0x0000, 0x0000, 0x0000, 0x0000, 0x0000, 0x0000, 0x0000, 0x0000, 0x0000, 0x0841, 0x0841,
    0x0841, 0x0841, 0x0841, 0x0841, 0x0841, 0x0841, 0x0841, 0x0841, 0x0841, 0x0841, 0x0000, 0x0000,
    0x0000, 0x0841, 0x0841, 0x0841, 0x0841, 0x0841, 0x0841, 0x0841, 0x0841, 0x0841, 0x0841, 0x0841,
    0x0000, 0x0000, 0x0000, 0x0841, 0x0841, 0x0841, 0x0841, 0x0841, 0x0841, 0x0841, 0x0841, 0x0841,
    0x0841, 0x0841, 0x0841, 0x0000, 0x0000, 0x0000, 0x0000, 0x0000, 0x0000, 0x0841, 0x0841, 0x0841,
    0x0841, 0x0841, 0x0841, 0x0841, 0x0841, 0x0841, 0x0841, 0x0841, 0x0841, 0x0000, 0x0000, 0x0000,
    0x0841, 0x0841, 0x0841, 0x0841, 0x0841, 0x0841, 0x0841, 0x0841, 0x0841, 0x0841, 0x0841, 0x0841,
    0x0841, 0x0841, 0x0841, 0x0841, 0x0841, 0x0841, 0x0841, 0x0841, 0x0841, 0x0841, 0x0841, 0x0841,
    0x0841, 0x0841, 0x0000, 0x0000, 0x0000, 0x0841, 0x0841, 0x0841, 0x0841, 0x0841, 0x0841, 0x0841,
    0x0841, 0x0841, 0x0841, 0x20e3, 0x0841, 0x0841, 0x0841, 0x0841, 0x0841, 0x0841, 0x0841, 0x0841,
    0x0841, 0x0841, 0x0841, 0x0841, 0x0841, 0x0841, 0x0841, 0x0841, 0x0000, 0x0000, 0x0841, 0x0841,
    0x0841, 0x0841, 0x0841, 0x0841, 0x0841, 0x0841, 0x0841, 0x0841, 0x0841, 0x0841, 0x0000, 0x0000,
    0x0000, 0x0841, 0x0841, 0x0841, 0x0841, 0x0841, 0x0841, 0x0841, 0x0841, 0x0841, 0x0841, 0x0841,
    0x0841, 0x0000, 0x0000, 0x0000, 0x0841, 0x0841, 0x0841, 0x0841, 0x0841, 0x0841, 0x0841, 0x0841,
    0x0841, 0x0841, 0x0841, 0x0000, 0x0000, 0x0000, 0x0841, 0x0841, 0x0841, 0x0841, 0x0841, 0x0841,
    0x0841, 0x0841, 0x0841, 0x0841, 0x0841, 0x0841, 0x0000, 0x0000, 0x0000, 0x0841, 0x0841, 0x0841,
    0x0841, 0x0841, 0x0841, 0x0841, 0x0841, 0x0841, 0x0841, 0x0841, 0x0841, 0x0000, 0x0000, 0x0000,
    0x0000, 0x0000, 0x0000, 0x0000, 0x0000, 0x0000, 0x0000, 0x0000, 0x0000, 0x0000, 0x0000, 0x0000,
    0x0000, 0x0000, 0x0000, 0x0000, 0x0000, 0x0000, 0x0000, 0x0000, 0x0000, 0x0000, 0x0841, 0x0841,
    0x0841, 0x0841, 0x0841, 0x0841, 0x0841, 0x0841, 0x0841, 0x0841, 0x0841, 0x0000, 0x0000, 0x0000,
    0x0000, 0x0000, 0x0000, 0x0000, 0x0000, 0x0000, 0x0000, 0x0000
};

static TEXTURE title_logo{
    274, 44,
    true, 0,
    title_logo_data
};
